<DATE>	<TIME>	<OPEN>	<HIGH>	<LOW>	<CLOSE>	<TICKVOL>	<VOL>	<SPREAD>
2024.01.02	00:00:00	1.10437	1.10437	1.10415	1.10420	30	0	23
2024.01.02	00:05:00	1.10420	1.10451	1.10419	1.10420	37	0	11
2024.01.02	00:10:00	1.10420	1.10450	1.10420	1.10449	26	0	13
2024.01.02	00:15:00	1.10420	1.10450	1.10420	1.10420	23	0	13
2024.01.02	00:20:00	1.10427	1.10448	1.10420	1.10425	32	0	15
2024.01.02	00:25:00	1.10425	1.10437	1.10421	1.10426	22	0	18
2024.01.02	00:30:00	1.10437	1.10437	1.10415	1.10415	20	0	23
2024.01.02	00:35:00	1.10418	1.10437	1.10418	1.10429	31	0	16
2024.01.02	00:40:00	1.10433	1.10435	1.10425	1.10428	18	0	12
2024.01.02	00:45:00	1.10423	1.10432	1.10411	1.10432	38	0	14
2024.01.02	00:50:00	1.10425	1.10434	1.10416	1.10431	37	0	19
2024.01.02	00:55:00	1.10431	1.10441	1.10422	1.10439	61	0	11
2024.01.02	01:00:00	1.10441	1.10447	1.10403	1.10407	250	0	3
2024.01.02	01:05:00	1.10407	1.10410	1.10399	1.10403	167	0	3
2024.01.02	01:10:00	1.10400	1.10400	1.10380	1.10382	91	0	3
2024.01.02	01:15:00	1.10383	1.10384	1.10371	1.10373	143	0	3
2024.01.02	01:20:00	1.10373	1.10380	1.10371	1.10377	149	0	3
2024.01.02	01:25:00	1.10376	1.10383	1.10371	1.10377	115	0	3
2024.01.02	01:30:00	1.10377	1.10380	1.10360	1.10367	173	0	3
2024.01.02	01:35:00	1.10367	1.10385	1.10366	1.10382	292	0	3
2024.01.02	01:40:00	1.10382	1.10383	1.10365	1.10366	211	0	3
2024.01.02	01:45:00	1.10366	1.10373	1.10354	1.10357	211	0	3
2024.01.02	01:50:00	1.10357	1.10372	1.10355	1.10367	223	0	3
2024.01.02	01:55:00	1.10367	1.10372	1.10357	1.10364	182	0	3
2024.01.02	02:00:00	1.10364	1.10378	1.10362	1.10376	264	0	3
2024.01.02	02:05:00	1.10376	1.10380	1.10369	1.10378	167	0	3
2024.01.02	02:10:00	1.10377	1.10378	1.10367	1.10370	201	0	1
2024.01.02	02:15:00	1.10370	1.10374	1.10365	1.10367	207	0	3
2024.01.02	02:20:00	1.10367	1.10368	1.10345	1.10346	236	0	3
2024.01.02	02:25:00	1.10346	1.10353	1.10340	1.10347	170	0	3
2024.01.02	02:30:00	1.10347	1.10358	1.10343	1.10356	220	0	3
2024.01.02	02:35:00	1.10358	1.10359	1.10350	1.10356	188	0	3
2024.01.02	02:40:00	1.10355	1.10359	1.10354	1.10356	99	0	3
2024.01.02	02:45:00	1.10356	1.10378	1.10354	1.10376	173	0	3
2024.01.02	02:50:00	1.10376	1.10381	1.10372	1.10380	180	0	3
2024.01.02	02:55:00	1.10379	1.10384	1.10368	1.10381	271	0	3
2024.01.02	03:00:00	1.10380	1.10406	1.10374	1.10398	404	0	3
2024.01.02	03:05:00	1.10397	1.10432	1.10393	1.10403	614	0	3
2024.01.02	03:10:00	1.10402	1.10410	1.10384	1.10388	316	0	3
2024.01.02	03:15:00	1.10388	1.10430	1.10386	1.10426	384	0	3
2024.01.02	03:20:00	1.10427	1.10430	1.10404	1.10419	390	0	3
2024.01.02	03:25:00	1.10419	1.10422	1.10390	1.10394	333	0	3
2024.01.02	03:30:00	1.10394	1.10398	1.10372	1.10383	801	0	3
2024.01.02	03:35:00	1.10383	1.10386	1.10368	1.10373	412	0	3
2024.01.02	03:40:00	1.10372	1.10384	1.10369	1.10382	385	0	3
2024.01.02	03:45:00	1.10383	1.10401	1.10382	1.10388	426	0	3
2024.01.02	03:50:00	1.10388	1.10389	1.10371	1.10379	248	0	3
2024.01.02	03:55:00	1.10380	1.10380	1.10340	1.10347	366	0	3
2024.01.02	04:00:00	1.10348	1.10358	1.10343	1.10354	257	0	3
2024.01.02	04:05:00	1.10354	1.10354	1.10312	1.10325	469	0	3
2024.01.02	04:10:00	1.10325	1.10330	1.10313	1.10318	244	0	3
2024.01.02	04:15:00	1.10319	1.10321	1.10290	1.10297	383	0	3
2024.01.02	04:20:00	1.10297	1.10300	1.10264	1.10272	468	0	3
2024.01.02	04:25:00	1.10273	1.10279	1.10259	1.10262	397	0	3
2024.01.02	04:30:00	1.10263	1.10269	1.10241	1.10263	734	0	3
2024.01.02	04:35:00	1.10262	1.10269	1.10256	1.10258	613	0	3
2024.01.02	04:40:00	1.10258	1.10258	1.10218	1.10237	390	0	3
2024.01.02	04:45:00	1.10234	1.10241	1.10211	1.10214	482	0	3
2024.01.02	04:50:00	1.10215	1.10220	1.10195	1.10200	410	0	3
2024.01.02	04:55:00	1.10201	1.10213	1.10180	1.10187	673	0	3
2024.01.02	05:00:00	1.10187	1.10196	1.10177	1.10187	297	0	3
2024.01.02	05:05:00	1.10187	1.10216	1.10174	1.10212	370	0	3
2024.01.02	05:10:00	1.10212	1.10236	1.10205	1.10223	385	0	3
2024.01.02	05:15:00	1.10222	1.10241	1.10220	1.10223	374	0	3
2024.01.02	05:20:00	1.10223	1.10231	1.10216	1.10228	191	0	3
2024.01.02	05:25:00	1.10228	1.10228	1.10204	1.10213	234	0	3
2024.01.02	05:30:00	1.10213	1.10226	1.10210	1.10210	226	0	3
2024.01.02	05:35:00	1.10213	1.10222	1.10206	1.10219	221	0	3
2024.01.02	05:40:00	1.10218	1.10230	1.10216	1.10230	158	0	3
2024.01.02	05:45:00	1.10230	1.10248	1.10230	1.10243	217	0	3
2024.01.02	05:50:00	1.10244	1.10246	1.10236	1.10240	100	0	3
2024.01.02	05:55:00	1.10240	1.10246	1.10233	1.10244	206	0	3
2024.01.02	06:00:00	1.10244	1.10249	1.10221	1.10223	195	0	3
2024.01.02	06:05:00	1.10224	1.10226	1.10208	1.10219	262	0	3
2024.01.02	06:10:00	1.10219	1.10227	1.10207	1.10218	187	0	3
2024.01.02	06:15:00	1.10219	1.10226	1.10207	1.10209	141	0	1
2024.01.02	06:20:00	1.10209	1.10219	1.10207	1.10212	149	0	3
2024.01.02	06:25:00	1.10211	1.10211	1.10190	1.10193	164	0	3
2024.01.02	06:30:00	1.10193	1.10204	1.10192	1.10195	323	0	3
2024.01.02	06:35:00	1.10195	1.10204	1.10193	1.10199	140	0	3
2024.01.02	06:40:00	1.10199	1.10200	1.10171	1.10175	385	0	3
2024.01.02	06:45:00	1.10175	1.10183	1.10168	1.10170	213	0	3
2024.01.02	06:50:00	1.10171	1.10177	1.10163	1.10165	508	0	3
2024.01.02	06:55:00	1.10166	1.10212	1.10163	1.10209	844	0	3
2024.01.02	07:00:00	1.10209	1.10241	1.10206	1.10225	568	0	3
2024.01.02	07:05:00	1.10224	1.10230	1.10209	1.10224	208	0	3
2024.01.02	07:10:00	1.10225	1.10253	1.10219	1.10249	735	0	3
2024.01.02	07:15:00	1.10251	1.10266	1.10244	1.10255	455	0	3
2024.01.02	07:20:00	1.10255	1.10274	1.10250	1.10267	481	0	3
2024.01.02	07:25:00	1.10266	1.10283	1.10262	1.10265	319	0	3
2024.01.02	07:30:00	1.10265	1.10279	1.10262	1.10275	277	0	3
2024.01.02	07:35:00	1.10275	1.10292	1.10272	1.10280	333	0	3
2024.01.02	07:40:00	1.10280	1.10305	1.10280	1.10300	352	0	3
2024.01.02	07:45:00	1.10301	1.10317	1.10289	1.10300	438	0	3
2024.01.02	07:50:00	1.10300	1.10329	1.10292	1.10310	328	0	3
2024.01.02	07:55:00	1.10312	1.10335	1.10307	1.10331	623	0	3
2024.01.02	08:00:00	1.10332	1.10339	1.10316	1.10326	724	0	3
2024.01.02	08:05:00	1.10326	1.10342	1.10319	1.10325	726	0	3
2024.01.02	08:10:00	1.10326	1.10327	1.10318	1.10319	405	0	3
2024.01.02	08:15:00	1.10319	1.10339	1.10316	1.10327	367	0	3
2024.01.02	08:20:00	1.10326	1.10328	1.10304	1.10311	547	0	3
2024.01.02	08:25:00	1.10312	1.10324	1.10297	1.10320	618	0	1
2024.01.02	08:30:00	1.10321	1.10333	1.10311	1.10322	515	0	1
2024.01.02	08:35:00	1.10323	1.10333	1.10309	1.10331	304	0	1
2024.01.02	08:40:00	1.10331	1.10349	1.10328	1.10337	389	0	1
2024.01.02	08:45:00	1.10338	1.10352	1.10330	1.10340	408	0	1
2024.01.02	08:50:00	1.10339	1.10339	1.10285	1.10285	665	0	1
2024.01.02	08:55:00	1.10285	1.10297	1.10266	1.10287	634	0	1
2024.01.02	09:00:00	1.10286	1.10304	1.10243	1.10265	891	0	1
2024.01.02	09:05:00	1.10268	1.10306	1.10264	1.10285	814	0	1
2024.01.02	09:10:00	1.10285	1.10312	1.10274	1.10281	776	0	1
2024.01.02	09:15:00	1.10281	1.10317	1.10276	1.10300	840	0	1
2024.01.02	09:20:00	1.10300	1.10363	1.10286	1.10360	754	0	1
2024.01.02	09:25:00	1.10358	1.10377	1.10342	1.10372	870	0	0
2024.01.02	09:30:00	1.10371	1.10381	1.10342	1.10371	687	0	0
2024.01.02	09:35:00	1.10372	1.10374	1.10339	1.10365	550	0	0
2024.01.02	09:40:00	1.10365	1.10365	1.10299	1.10301	599	0	0
2024.01.02	09:45:00	1.10301	1.10315	1.10276	1.10300	760	0	0
2024.01.02	09:50:00	1.10300	1.10306	1.10222	1.10224	1246	0	0
2024.01.02	09:55:00	1.10223	1.10247	1.10151	1.10156	2182	0	0
2024.01.02	10:00:00	1.10156	1.10293	1.10156	1.10270	2144	0	0
2024.01.02	10:05:00	1.10270	1.10302	1.10240	1.10302	1200	0	0
2024.01.02	10:10:00	1.10301	1.10389	1.10298	1.10324	1061	0	0
2024.01.02	10:15:00	1.10324	1.10342	1.10283	1.10303	1151	0	0
2024.01.02	10:20:00	1.10302	1.10309	1.10283	1.10304	715	0	0
2024.01.02	10:25:00	1.10304	1.10309	1.10277	1.10289	744	0	0
2024.01.02	10:30:00	1.10289	1.10331	1.10287	1.10307	780	0	0
2024.01.02	10:35:00	1.10307	1.10315	1.10280	1.10299	749	0	0
2024.01.02	10:40:00	1.10299	1.10309	1.10286	1.10293	534	0	0
2024.01.02	10:45:00	1.10293	1.10327	1.10287	1.10311	636	0	0
2024.01.02	10:50:00	1.10310	1.10332	1.10288	1.10304	733	0	0
2024.01.02	10:55:00	1.10304	1.10309	1.10254	1.10298	646	0	0
2024.01.02	11:00:00	1.10298	1.10349	1.10290	1.10314	704	0	0
2024.01.02	11:05:00	1.10314	1.10354	1.10312	1.10329	591	0	0
2024.01.02	11:10:00	1.10329	1.10365	1.10305	1.10352	811	0	0
2024.01.02	11:15:00	1.10352	1.10380	1.10341	1.10354	685	0	0
2024.01.02	11:20:00	1.10354	1.10368	1.10335	1.10340	575	0	0
2024.01.02	11:25:00	1.10340	1.10356	1.10331	1.10333	489	0	0
2024.01.02	11:30:00	1.10333	1.10351	1.10304	1.10320	454	0	0
2024.01.02	11:35:00	1.10319	1.10322	1.10283	1.10290	650	0	0
2024.01.02	11:40:00	1.10290	1.10290	1.10190	1.10197	933	0	0
2024.01.02	11:45:00	1.10197	1.10197	1.10108	1.10190	1134	0	0
2024.01.02	11:50:00	1.10190	1.10200	1.10163	1.10172	734	0	0
2024.01.02	11:55:00	1.10172	1.10173	1.10139	1.10152	610	0	0
2024.01.02	12:00:00	1.10150	1.10171	1.10111	1.10114	657	0	0
2024.01.02	12:05:00	1.10114	1.10115	1.10052	1.10064	1047	0	0
2024.01.02	12:10:00	1.10064	1.10067	1.09971	1.10001	1005	0	0
2024.01.02	12:15:00	1.10001	1.10035	1.09996	1.10022	946	0	0
2024.01.02	12:20:00	1.10022	1.10052	1.10021	1.10031	662	0	0
2024.01.02	12:25:00	1.10032	1.10057	1.10020	1.10039	651	0	0
2024.01.02	12:30:00	1.10039	1.10096	1.10029	1.10077	650	0	0
2024.01.02	12:35:00	1.10076	1.10092	1.10063	1.10086	507	0	0
2024.01.02	12:40:00	1.10086	1.10103	1.10068	1.10097	715	0	0
2024.01.02	12:45:00	1.10097	1.10109	1.10078	1.10106	683	0	0
2024.01.02	12:50:00	1.10107	1.10112	1.10075	1.10082	551	0	0
2024.01.02	12:55:00	1.10081	1.10085	1.10028	1.10075	1255	0	0
2024.01.02	13:00:00	1.10075	1.10077	1.10022	1.10035	994	0	0
2024.01.02	13:05:00	1.10035	1.10050	1.09985	1.09986	847	0	0
2024.01.02	13:10:00	1.09986	1.09992	1.09894	1.09895	1259	0	0
2024.01.02	13:15:00	1.09897	1.09922	1.09816	1.09830	2034	0	0
2024.01.02	13:20:00	1.09830	1.09834	1.09785	1.09833	1183	0	0
2024.01.02	13:25:00	1.09833	1.09846	1.09796	1.09805	808	0	0
2024.01.02	13:30:00	1.09805	1.09805	1.09756	1.09765	1037	0	0
2024.01.02	13:35:00	1.09765	1.09774	1.09722	1.09744	1204	0	0
2024.01.02	13:40:00	1.09743	1.09749	1.09704	1.09710	1037	0	0
2024.01.02	13:45:00	1.09710	1.09715	1.09667	1.09702	1020	0	0
2024.01.02	13:50:00	1.09702	1.09731	1.09679	1.09688	684	0	0
2024.01.02	13:55:00	1.09688	1.09703	1.09673	1.09693	635	0	0
2024.01.02	14:00:00	1.09693	1.09720	1.09683	1.09716	974	0	0
2024.01.02	14:05:00	1.09716	1.09721	1.09689	1.09713	802	0	0
2024.01.02	14:10:00	1.09713	1.09720	1.09677	1.09691	730	0	0
2024.01.02	14:15:00	1.09691	1.09695	1.09650	1.09652	711	0	0
2024.01.02	14:20:00	1.09656	1.09658	1.09611	1.09648	1014	0	0
2024.01.02	14:25:00	1.09648	1.09680	1.09646	1.09657	728	0	0
2024.01.02	14:30:00	1.09657	1.09684	1.09649	1.09677	639	0	0
2024.01.02	14:35:00	1.09675	1.09676	1.09584	1.09592	1098	0	0
2024.01.02	14:40:00	1.09596	1.09636	1.09579	1.09608	962	0	0
2024.01.02	14:45:00	1.09608	1.09635	1.09587	1.09634	756	0	0
2024.01.02	14:50:00	1.09635	1.09635	1.09591	1.09600	1005	0	0
2024.01.02	14:55:00	1.09599	1.09600	1.09537	1.09540	1485	0	0
2024.01.02	15:00:00	1.09540	1.09580	1.09534	1.09550	1616	0	0
2024.01.02	15:05:00	1.09550	1.09562	1.09542	1.09561	852	0	0
2024.01.02	15:10:00	1.09563	1.09590	1.09533	1.09579	1249	0	0
2024.01.02	15:15:00	1.09579	1.09624	1.09575	1.09585	1423	0	0
2024.01.02	15:20:00	1.09585	1.09591	1.09518	1.09569	1318	0	0
2024.01.02	15:25:00	1.09571	1.09611	1.09565	1.09581	1079	0	0
2024.01.02	15:30:00	1.09582	1.09651	1.09571	1.09639	1366	0	0
2024.01.02	15:35:00	1.09639	1.09642	1.09601	1.09618	1181	0	0
2024.01.02	15:40:00	1.09618	1.09651	1.09607	1.09642	896	0	0
2024.01.02	15:45:00	1.09641	1.09649	1.09588	1.09592	927	0	0
2024.01.02	15:50:00	1.09594	1.09595	1.09506	1.09518	1583	0	0
2024.01.02	15:55:00	1.09520	1.09554	1.09492	1.09528	1316	0	0
2024.01.02	16:00:00	1.09527	1.09577	1.09495	1.09501	1492	0	0
2024.01.02	16:05:00	1.09505	1.09509	1.09458	1.09490	1746	0	0
2024.01.02	16:10:00	1.09489	1.09495	1.09449	1.09460	1600	0	0
2024.01.02	16:15:00	1.09460	1.09488	1.09446	1.09477	1067	0	0
2024.01.02	16:20:00	1.09477	1.09520	1.09471	1.09501	1145	0	0
2024.01.02	16:25:00	1.09501	1.09539	1.09497	1.09520	1350	0	0
2024.01.02	16:30:00	1.09520	1.09575	1.09510	1.09571	2115	0	0
2024.01.02	16:35:00	1.09571	1.09609	1.09545	1.09584	1595	0	0
2024.01.02	16:40:00	1.09584	1.09638	1.09538	1.09571	1709	0	0
2024.01.02	16:45:00	1.09571	1.09643	1.09514	1.09541	2803	0	0
2024.01.02	16:50:00	1.09541	1.09609	1.09536	1.09544	2098	0	0
2024.01.02	16:55:00	1.09544	1.09631	1.09525	1.09629	2069	0	0
2024.01.02	17:00:00	1.09629	1.09684	1.09595	1.09611	2289	0	0
2024.01.02	17:05:00	1.09611	1.09630	1.09552	1.09573	2006	0	0
2024.01.02	17:10:00	1.09573	1.09604	1.09551	1.09579	2138	0	0
2024.01.02	17:15:00	1.09579	1.09619	1.09530	1.09585	1723	0	0
2024.01.02	17:20:00	1.09584	1.09614	1.09552	1.09606	1843	0	0
2024.01.02	17:25:00	1.09604	1.09620	1.09560	1.09592	1711	0	0
2024.01.02	17:30:00	1.09593	1.09594	1.09532	1.09553	1555	0	0
2024.01.02	17:35:00	1.09553	1.09564	1.09497	1.09544	2061	0	0
2024.01.02	17:40:00	1.09544	1.09559	1.09499	1.09525	2220	0	0
2024.01.02	17:45:00	1.09525	1.09557	1.09497	1.09500	1597	0	0
2024.01.02	17:50:00	1.09500	1.09524	1.09462	1.09466	1790	0	0
2024.01.02	17:55:00	1.09465	1.09494	1.09407	1.09437	2753	0	0
2024.01.02	18:00:00	1.09438	1.09454	1.09407	1.09443	2027	0	0
2024.01.02	18:05:00	1.09443	1.09530	1.09441	1.09527	1411	0	0
2024.01.02	18:10:00	1.09531	1.09583	1.09529	1.09574	1357	0	0
2024.01.02	18:15:00	1.09575	1.09591	1.09556	1.09581	1320	0	0
2024.01.02	18:20:00	1.09581	1.09607	1.09563	1.09600	1105	0	0
2024.01.02	18:25:00	1.09600	1.09618	1.09574	1.09582	1003	0	0
2024.01.02	18:30:00	1.09581	1.09581	1.09525	1.09535	1195	0	0
2024.01.02	18:35:00	1.09535	1.09547	1.09478	1.09485	1035	0	0
2024.01.02	18:40:00	1.09485	1.09492	1.09443	1.09465	820	0	0
2024.01.02	18:45:00	1.09465	1.09540	1.09465	1.09539	797	0	0
2024.01.02	18:50:00	1.09539	1.09569	1.09533	1.09549	742	0	0
2024.01.02	18:55:00	1.09549	1.09582	1.09545	1.09565	760	0	0
2024.01.02	19:00:00	1.09564	1.09577	1.09542	1.09555	759	0	1
2024.01.02	19:05:00	1.09555	1.09556	1.09511	1.09520	797	0	1
2024.01.02	19:10:00	1.09518	1.09520	1.09479	1.09505	1294	0	1
2024.01.02	19:15:00	1.09505	1.09523	1.09457	1.09488	1394	0	1
2024.01.02	19:20:00	1.09489	1.09535	1.09481	1.09532	1183	0	1
2024.01.02	19:25:00	1.09532	1.09558	1.09527	1.09535	807	0	1
2024.01.02	19:30:00	1.09534	1.09561	1.09521	1.09527	810	0	1
2024.01.02	19:35:00	1.09528	1.09556	1.09523	1.09541	606	0	1
2024.01.02	19:40:00	1.09541	1.09550	1.09513	1.09516	700	0	1
2024.01.02	19:45:00	1.09516	1.09528	1.09497	1.09520	779	0	1
2024.01.02	19:50:00	1.09521	1.09526	1.09502	1.09515	731	0	1
2024.01.02	19:55:00	1.09515	1.09515	1.09466	1.09506	1073	0	1
2024.01.02	20:00:00	1.09506	1.09516	1.09483	1.09504	655	0	1
2024.01.02	20:05:00	1.09504	1.09509	1.09475	1.09500	452	0	1
2024.01.02	20:10:00	1.09499	1.09544	1.09495	1.09530	665	0	1
2024.01.02	20:15:00	1.09530	1.09546	1.09523	1.09540	387	0	1
2024.01.02	20:20:00	1.09540	1.09559	1.09538	1.09546	595	0	1
2024.01.02	20:25:00	1.09545	1.09560	1.09541	1.09545	516	0	1
2024.01.02	20:30:00	1.09545	1.09550	1.09534	1.09546	406	0	1
2024.01.02	20:35:00	1.09546	1.09546	1.09502	1.09513	505	0	1
2024.01.02	20:40:00	1.09511	1.09511	1.09475	1.09483	565	0	1
2024.01.02	20:45:00	1.09483	1.09504	1.09481	1.09495	734	0	1
2024.01.02	20:50:00	1.09495	1.09496	1.09469	1.09479	760	0	1
2024.01.02	20:55:00	1.09478	1.09495	1.09462	1.09468	696	0	1
2024.01.02	21:00:00	1.09468	1.09473	1.09444	1.09446	804	0	1
2024.01.02	21:05:00	1.09446	1.09456	1.09424	1.09443	842	0	1
2024.01.02	21:10:00	1.09442	1.09478	1.09440	1.09466	608	0	1
2024.01.02	21:15:00	1.09466	1.09469	1.09444	1.09454	731	0	1
2024.01.02	21:20:00	1.09454	1.09484	1.09446	1.09474	364	0	1
2024.01.02	21:25:00	1.09473	1.09500	1.09465	1.09495	558	0	1
2024.01.02	21:30:00	1.09494	1.09503	1.09461	1.09465	468	0	1
2024.01.02	21:35:00	1.09465	1.09485	1.09460	1.09470	413	0	1
2024.01.02	21:40:00	1.09470	1.09487	1.09470	1.09480	222	0	1
2024.01.02	21:45:00	1.09480	1.09488	1.09451	1.09453	528	0	1
2024.01.02	21:50:00	1.09452	1.09477	1.09448	1.09475	421	0	1
2024.01.02	21:55:00	1.09475	1.09475	1.09452	1.09465	638	0	1
2024.01.02	22:00:00	1.09465	1.09475	1.09456	1.09459	450	0	1
2024.01.02	22:05:00	1.09459	1.09505	1.09457	1.09492	614	0	1
2024.01.02	22:10:00	1.09492	1.09512	1.09482	1.09484	616	0	1
2024.01.02	22:15:00	1.09484	1.09506	1.09480	1.09489	578	0	1
2024.01.02	22:20:00	1.09489	1.09506	1.09485	1.09500	379	0	1
2024.01.02	22:25:00	1.09499	1.09499	1.09455	1.09459	423	0	1
2024.01.02	22:30:00	1.09459	1.09486	1.09457	1.09479	617	0	1
2024.01.02	22:35:00	1.09479	1.09487	1.09463	1.09474	716	0	1
2024.01.02	22:40:00	1.09475	1.09482	1.09467	1.09469	462	0	1
2024.01.02	22:45:00	1.09469	1.09480	1.09460	1.09465	291	0	1
2024.01.02	22:50:00	1.09465	1.09487	1.09465	1.09482	379	0	1
2024.01.02	22:55:00	1.09482	1.09482	1.09419	1.09424	1486	0	1
2024.01.02	23:00:00	1.09425	1.09428	1.09400	1.09422	909	0	15
2024.01.02	23:05:00	1.09423	1.09427	1.09390	1.09394	372	0	15
2024.01.02	23:10:00	1.09392	1.09410	1.09387	1.09409	347	0	15
2024.01.02	23:15:00	1.09408	1.09412	1.09397	1.09398	507	0	15
2024.01.02	23:20:00	1.09398	1.09421	1.09396	1.09413	363	0	1
2024.01.02	23:25:00	1.09414	1.09418	1.09374	1.09375	338	0	15
2024.01.02	23:30:00	1.09376	1.09398	1.09376	1.09395	280	0	15
2024.01.02	23:35:00	1.09396	1.09409	1.09396	1.09399	108	0	1
2024.01.02	23:40:00	1.09399	1.09408	1.09397	1.09402	124	0	2
2024.01.02	23:45:00	1.09401	1.09418	1.09401	1.09416	245	0	15
2024.01.02	23:50:00	1.09417	1.09419	1.09404	1.09407	302	0	15
2024.01.02	23:55:00	1.09407	1.09408	1.09400	1.09407	73	0	10
2024.01.03	00:00:00	1.09425	1.09428	1.09362	1.09423	15	0	30
2024.01.03	00:05:00	1.09422	1.09438	1.09413	1.09419	27	0	13
2024.01.03	00:10:00	1.09421	1.09424	1.09398	1.09411	48	0	23
2024.01.03	00:15:00	1.09414	1.09416	1.09381	1.09409	251	0	8
2024.01.03	00:20:00	1.09408	1.09420	1.09382	1.09403	255	0	8
2024.01.03	00:25:00	1.09403	1.09419	1.09382	1.09397	181	0	8
2024.01.03	00:30:00	1.09396	1.09413	1.09387	1.09388	126	0	8
2024.01.03	00:35:00	1.09400	1.09403	1.09383	1.09399	357	0	8
2024.01.03	00:40:00	1.09400	1.09403	1.09385	1.09396	545	0	8
2024.01.03	00:45:00	1.09396	1.09407	1.09396	1.09404	271	0	8
2024.01.03	00:50:00	1.09403	1.09428	1.09393	1.09416	362	0	8
2024.01.03	00:55:00	1.09415	1.09427	1.09397	1.09411	217	0	8
2024.01.03	01:00:00	1.09413	1.09433	1.09409	1.09421	260	0	3
2024.01.03	01:05:00	1.09421	1.09439	1.09421	1.09432	487	0	3
2024.01.03	01:10:00	1.09431	1.09437	1.09429	1.09431	92	0	3
2024.01.03	01:15:00	1.09430	1.09432	1.09419	1.09424	96	0	3
2024.01.03	01:20:00	1.09425	1.09428	1.09413	1.09425	204	0	3
2024.01.03	01:25:00	1.09425	1.09431	1.09418	1.09429	242	0	3
2024.01.03	01:30:00	1.09428	1.09429	1.09416	1.09425	233	0	3
2024.01.03	01:35:00	1.09425	1.09429	1.09419	1.09427	78	0	3
2024.01.03	01:40:00	1.09426	1.09428	1.09411	1.09417	203	0	3
2024.01.03	01:45:00	1.09415	1.09420	1.09413	1.09417	218	0	2
2024.01.03	01:50:00	1.09417	1.09435	1.09416	1.09434	149	0	3
2024.01.03	01:55:00	1.09434	1.09434	1.09407	1.09415	171	0	3
2024.01.03	02:00:00	1.09414	1.09429	1.09409	1.09426	235	0	3
2024.01.03	02:05:00	1.09426	1.09437	1.09425	1.09435	192	0	3
2024.01.03	02:10:00	1.09436	1.09446	1.09432	1.09445	119	0	0
2024.01.03	02:15:00	1.09445	1.09455	1.09439	1.09450	145	0	3
2024.01.03	02:20:00	1.09450	1.09477	1.09449	1.09476	203	0	3
2024.01.03	02:25:00	1.09476	1.09488	1.09472	1.09486	143	0	3
2024.01.03	02:30:00	1.09486	1.09505	1.09484	1.09496	338	0	3
2024.01.03	02:35:00	1.09496	1.09505	1.09492	1.09492	167	0	3
2024.01.03	02:40:00	1.09492	1.09499	1.09480	1.09498	169	0	3
2024.01.03	02:45:00	1.09498	1.09500	1.09484	1.09497	132	0	3
2024.01.03	02:50:00	1.09497	1.09503	1.09484	1.09487	80	0	3
2024.01.03	02:55:00	1.09490	1.09504	1.09482	1.09493	192	0	3
2024.01.03	03:00:00	1.09492	1.09507	1.09480	1.09489	375	0	3
2024.01.03	03:05:00	1.09488	1.09497	1.09479	1.09485	236	0	0
2024.01.03	03:10:00	1.09485	1.09497	1.09478	1.09497	269	0	3
2024.01.03	03:15:00	1.09496	1.09496	1.09447	1.09474	638	0	3
2024.01.03	03:20:00	1.09474	1.09491	1.09462	1.09484	379	0	3
2024.01.03	03:25:00	1.09485	1.09512	1.09476	1.09506	672	0	3
2024.01.03	03:30:00	1.09507	1.09527	1.09501	1.09523	468	0	3
2024.01.03	03:35:00	1.09523	1.09545	1.09515	1.09518	354	0	3
2024.01.03	03:40:00	1.09518	1.09545	1.09515	1.09543	275	0	3
2024.01.03	03:45:00	1.09543	1.09547	1.09524	1.09533	235	0	3
2024.01.03	03:50:00	1.09533	1.09537	1.09523	1.09527	171	0	3
2024.01.03	03:55:00	1.09527	1.09530	1.09506	1.09513	244	0	3
2024.01.03	04:00:00	1.09513	1.09530	1.09495	1.09529	318	0	3
2024.01.03	04:05:00	1.09528	1.09531	1.09514	1.09515	254	0	3
2024.01.03	04:10:00	1.09515	1.09517	1.09501	1.09508	212	0	3
2024.01.03	04:15:00	1.09507	1.09513	1.09486	1.09503	256	0	3
2024.01.03	04:20:00	1.09503	1.09508	1.09489	1.09492	258	0	3
2024.01.03	04:25:00	1.09491	1.09496	1.09485	1.09487	214	0	0
2024.01.03	04:30:00	1.09487	1.09499	1.09485	1.09497	204	0	3
2024.01.03	04:35:00	1.09497	1.09499	1.09492	1.09497	98	0	3
2024.01.03	04:40:00	1.09494	1.09498	1.09489	1.09493	127	0	3
2024.01.03	04:45:00	1.09493	1.09514	1.09490	1.09507	148	0	0
2024.01.03	04:50:00	1.09506	1.09516	1.09504	1.09513	123	0	3
2024.01.03	04:55:00	1.09513	1.09531	1.09509	1.09522	338	0	3
2024.01.03	05:00:00	1.09522	1.09523	1.09507	1.09520	184	0	3
2024.01.03	05:05:00	1.09520	1.09546	1.09517	1.09530	317	0	3
2024.01.03	05:10:00	1.09531	1.09538	1.09488	1.09488	262	0	3
2024.01.03	05:15:00	1.09488	1.09508	1.09486	1.09506	343	0	3
2024.01.03	05:20:00	1.09505	1.09517	1.09492	1.09515	146	0	2
2024.01.03	05:25:00	1.09514	1.09537	1.09509	1.09533	266	0	3
2024.01.03	05:30:00	1.09531	1.09554	1.09531	1.09550	200	0	3
2024.01.03	05:35:00	1.09551	1.09591	1.09541	1.09582	402	0	3
2024.01.03	05:40:00	1.09582	1.09592	1.09576	1.09591	219	0	3
2024.01.03	05:45:00	1.09591	1.09617	1.09588	1.09613	419	0	3
2024.01.03	05:50:00	1.09614	1.09621	1.09590	1.09598	449	0	3
2024.01.03	05:55:00	1.09598	1.09611	1.09590	1.09608	349	0	3
2024.01.03	06:00:00	1.09608	1.09623	1.09601	1.09616	282	0	3
2024.01.03	06:05:00	1.09614	1.09616	1.09596	1.09599	119	0	3
2024.01.03	06:10:00	1.09599	1.09614	1.09595	1.09606	253	0	3
2024.01.03	06:15:00	1.09607	1.09613	1.09601	1.09603	222	0	3
2024.01.03	06:20:00	1.09601	1.09619	1.09601	1.09617	116	0	0
2024.01.03	06:25:00	1.09617	1.09621	1.09601	1.09603	138	0	3
2024.01.03	06:30:00	1.09603	1.09617	1.09600	1.09613	144	0	0
2024.01.03	06:35:00	1.09613	1.09617	1.09595	1.09599	112	0	3
2024.01.03	06:40:00	1.09599	1.09605	1.09590	1.09597	141	0	3
2024.01.03	06:45:00	1.09597	1.09600	1.09590	1.09593	92	0	0
2024.01.03	06:50:00	1.09593	1.09596	1.09586	1.09589	107	0	0
2024.01.03	06:55:00	1.09588	1.09625	1.09586	1.09623	218	0	3
2024.01.03	07:00:00	1.09623	1.09629	1.09608	1.09609	349	0	0
2024.01.03	07:05:00	1.09609	1.09614	1.09602	1.09605	171	0	3
2024.01.03	07:10:00	1.09606	1.09619	1.09601	1.09608	194	0	0
2024.01.03	07:15:00	1.09609	1.09618	1.09607	1.09614	162	0	3
2024.01.03	07:20:00	1.09614	1.09618	1.09610	1.09616	162	0	3
2024.01.03	07:25:00	1.09615	1.09626	1.09585	1.09585	244	0	3
2024.01.03	07:30:00	1.09584	1.09603	1.09583	1.09593	193	0	3
2024.01.03	07:35:00	1.09593	1.09609	1.09590	1.09594	356	0	3
2024.01.03	07:40:00	1.09594	1.09594	1.09560	1.09568	413	0	3
2024.01.03	07:45:00	1.09568	1.09571	1.09552	1.09552	375	0	3
2024.01.03	07:50:00	1.09551	1.09562	1.09524	1.09537	357	0	3
2024.01.03	07:55:00	1.09537	1.09539	1.09509	1.09510	587	0	3
2024.01.03	08:00:00	1.09510	1.09546	1.09508	1.09541	354	0	3
2024.01.03	08:05:00	1.09543	1.09559	1.09534	1.09543	390	0	3
2024.01.03	08:10:00	1.09544	1.09566	1.09541	1.09565	328	0	3
2024.01.03	08:15:00	1.09565	1.09565	1.09547	1.09558	255	0	3
2024.01.03	08:20:00	1.09559	1.09560	1.09545	1.09558	225	0	3
2024.01.03	08:25:00	1.09557	1.09584	1.09556	1.09578	486	0	1
2024.01.03	08:30:00	1.09577	1.09586	1.09572	1.09585	200	0	1
2024.01.03	08:35:00	1.09585	1.09586	1.09582	1.09585	117	0	1
2024.01.03	08:40:00	1.09585	1.09589	1.09578	1.09583	125	0	1
2024.01.03	08:45:00	1.09583	1.09597	1.09581	1.09593	253	0	1
2024.01.03	08:50:00	1.09593	1.09610	1.09584	1.09586	397	0	1
2024.01.03	08:55:00	1.09586	1.09605	1.09582	1.09585	357	0	1
2024.01.03	09:00:00	1.09584	1.09593	1.09548	1.09559	1009	0	1
2024.01.03	09:05:00	1.09558	1.09597	1.09552	1.09591	593	0	1
2024.01.03	09:10:00	1.09592	1.09598	1.09543	1.09551	727	0	1
2024.01.03	09:15:00	1.09552	1.09552	1.09513	1.09531	873	0	1
2024.01.03	09:20:00	1.09531	1.09581	1.09519	1.09575	840	0	1
2024.01.03	09:25:00	1.09575	1.09589	1.09554	1.09576	567	0	0
2024.01.03	09:30:00	1.09576	1.09627	1.09570	1.09602	713	0	0
2024.01.03	09:35:00	1.09602	1.09605	1.09577	1.09597	585	0	0
2024.01.03	09:40:00	1.09597	1.09603	1.09575	1.09575	414	0	0
2024.01.03	09:45:00	1.09575	1.09575	1.09554	1.09561	380	0	0
2024.01.03	09:50:00	1.09560	1.09609	1.09557	1.09606	409	0	0
2024.01.03	09:55:00	1.09607	1.09627	1.09591	1.09604	590	0	0
2024.01.03	10:00:00	1.09603	1.09637	1.09579	1.09608	990	0	0
2024.01.03	10:05:00	1.09607	1.09642	1.09601	1.09636	672	0	0
2024.01.03	10:10:00	1.09636	1.09655	1.09598	1.09641	857	0	0
2024.01.03	10:15:00	1.09641	1.09643	1.09603	1.09633	696	0	0
2024.01.03	10:20:00	1.09633	1.09643	1.09581	1.09581	757	0	0
2024.01.03	10:25:00	1.09581	1.09588	1.09504	1.09530	1267	0	0
2024.01.03	10:30:00	1.09530	1.09551	1.09504	1.09524	922	0	0
2024.01.03	10:35:00	1.09523	1.09571	1.09523	1.09565	684	0	0
2024.01.03	10:40:00	1.09565	1.09579	1.09523	1.09560	913	0	0
2024.01.03	10:45:00	1.09560	1.09566	1.09527	1.09529	798	0	0
2024.01.03	10:50:00	1.09529	1.09551	1.09507	1.09545	703	0	0
2024.01.03	10:55:00	1.09544	1.09555	1.09514	1.09527	826	0	0
2024.01.03	11:00:00	1.09527	1.09561	1.09516	1.09559	858	0	0
2024.01.03	11:05:00	1.09560	1.09563	1.09507	1.09513	843	0	0
2024.01.03	11:10:00	1.09513	1.09514	1.09427	1.09434	1378	0	0
2024.01.03	11:15:00	1.09434	1.09454	1.09360	1.09411	1454	0	0
2024.01.03	11:20:00	1.09409	1.09421	1.09390	1.09416	871	0	0
2024.01.03	11:25:00	1.09417	1.09422	1.09370	1.09389	859	0	0
2024.01.03	11:30:00	1.09389	1.09431	1.09387	1.09413	599	0	0
2024.01.03	11:35:00	1.09413	1.09443	1.09409	1.09441	709	0	0
2024.01.03	11:40:00	1.09442	1.09443	1.09391	1.09393	834	0	0
2024.01.03	11:45:00	1.09393	1.09416	1.09364	1.09366	772	0	0
2024.01.03	11:50:00	1.09366	1.09382	1.09349	1.09364	829	0	0
2024.01.03	11:55:00	1.09364	1.09370	1.09350	1.09364	654	0	0
2024.01.03	12:00:00	1.09363	1.09391	1.09340	1.09374	690	0	0
2024.01.03	12:05:00	1.09375	1.09382	1.09345	1.09356	591	0	0
2024.01.03	12:10:00	1.09355	1.09368	1.09338	1.09351	689	0	0
2024.01.03	12:15:00	1.09351	1.09352	1.09316	1.09316	1005	0	0
2024.01.03	12:20:00	1.09316	1.09341	1.09291	1.09334	749	0	0
2024.01.03	12:25:00	1.09334	1.09335	1.09294	1.09294	560	0	0
2024.01.03	12:30:00	1.09294	1.09344	1.09292	1.09331	631	0	0
2024.01.03	12:35:00	1.09331	1.09334	1.09268	1.09275	787	0	0
2024.01.03	12:40:00	1.09275	1.09296	1.09262	1.09278	572	0	0
2024.01.03	12:45:00	1.09278	1.09308	1.09276	1.09288	575	0	0
2024.01.03	12:50:00	1.09288	1.09343	1.09288	1.09323	756	0	0
2024.01.03	12:55:00	1.09323	1.09324	1.09278	1.09280	528	0	0
2024.01.03	13:00:00	1.09280	1.09299	1.09244	1.09252	1127	0	0
2024.01.03	13:05:00	1.09250	1.09277	1.09233	1.09244	875	0	0
2024.01.03	13:10:00	1.09244	1.09257	1.09224	1.09228	855	0	0
2024.01.03	13:15:00	1.09227	1.09257	1.09209	1.09250	757	0	0
2024.01.03	13:20:00	1.09250	1.09254	1.09220	1.09234	539	0	0
2024.01.03	13:25:00	1.09234	1.09241	1.09217	1.09228	525	0	0
2024.01.03	13:30:00	1.09228	1.09228	1.09181	1.09196	862	0	0
2024.01.03	13:35:00	1.09195	1.09236	1.09195	1.09210	819	0	0
2024.01.03	13:40:00	1.09211	1.09214	1.09154	1.09179	924	0	0
2024.01.03	13:45:00	1.09179	1.09213	1.09166	1.09211	646	0	0
2024.01.03	13:50:00	1.09211	1.09212	1.09185	1.09204	662	0	0
2024.01.03	13:55:00	1.09204	1.09208	1.09182	1.09195	639	0	0
2024.01.03	14:00:00	1.09195	1.09228	1.09192	1.09206	907	0	0
2024.01.03	14:05:00	1.09206	1.09213	1.09176	1.09211	1080	0	0
2024.01.03	14:10:00	1.09211	1.09259	1.09199	1.09258	1146	0	0
2024.01.03	14:15:00	1.09259	1.09303	1.09248	1.09292	1019	0	0
2024.01.03	14:20:00	1.09294	1.09323	1.09270	1.09270	996	0	0
2024.01.03	14:25:00	1.09271	1.09296	1.09257	1.09263	892	0	0
2024.01.03	14:30:00	1.09262	1.09284	1.09246	1.09250	762	0	0
2024.01.03	14:35:00	1.09250	1.09264	1.09189	1.09197	1064	0	0
2024.01.03	14:40:00	1.09195	1.09226	1.09186	1.09205	1248	0	0
2024.01.03	14:45:00	1.09205	1.09230	1.09191	1.09199	859	0	0
2024.01.03	14:50:00	1.09199	1.09253	1.09192	1.09230	1021	0	0
2024.01.03	14:55:00	1.09229	1.09229	1.09143	1.09170	1264	0	0
2024.01.03	15:00:00	1.09170	1.09209	1.09158	1.09182	1339	0	0
2024.01.03	15:05:00	1.09181	1.09203	1.09172	1.09189	1133	0	0
2024.01.03	15:10:00	1.09188	1.09214	1.09170	1.09178	1116	0	0
2024.01.03	15:15:00	1.09178	1.09195	1.09149	1.09173	1053	0	0
2024.01.03	15:20:00	1.09174	1.09192	1.09100	1.09144	1737	0	0
2024.01.03	15:25:00	1.09144	1.09224	1.09140	1.09212	1752	0	0
2024.01.03	15:30:00	1.09214	1.09288	1.09196	1.09270	2086	0	0
2024.01.03	15:35:00	1.09269	1.09297	1.09244	1.09283	1319	0	0
2024.01.03	15:40:00	1.09283	1.09303	1.09207	1.09216	1746	0	0
2024.01.03	15:45:00	1.09216	1.09235	1.09188	1.09195	1786	0	0
2024.01.03	15:50:00	1.09195	1.09232	1.09190	1.09199	1185	0	0
2024.01.03	15:55:00	1.09198	1.09224	1.09154	1.09216	1614	0	0
2024.01.03	16:00:00	1.09216	1.09242	1.09174	1.09186	1396	0	0
2024.01.03	16:05:00	1.09186	1.09188	1.09133	1.09176	1497	0	0
2024.01.03	16:10:00	1.09176	1.09176	1.09129	1.09150	1422	0	0
2024.01.03	16:15:00	1.09150	1.09171	1.09131	1.09168	1016	0	0
2024.01.03	16:20:00	1.09168	1.09176	1.09108	1.09134	1383	0	0
2024.01.03	16:25:00	1.09138	1.09198	1.09134	1.09157	1370	0	0
2024.01.03	16:30:00	1.09156	1.09189	1.09129	1.09165	2140	0	0
2024.01.03	16:35:00	1.09165	1.09178	1.09097	1.09148	2414	0	0
2024.01.03	16:40:00	1.09146	1.09187	1.09140	1.09177	1240	0	0
2024.01.03	16:45:00	1.09177	1.09227	1.09155	1.09224	1793	0	0
2024.01.03	16:50:00	1.09224	1.09264	1.09137	1.09172	1977	0	0
2024.01.03	16:55:00	1.09171	1.09199	1.09146	1.09178	1553	0	0
2024.01.03	17:00:00	1.09158	1.09390	1.09123	1.09347	4569	0	0
2024.01.03	17:05:00	1.09350	1.09363	1.09233	1.09237	3288	0	0
2024.01.03	17:10:00	1.09238	1.09258	1.09154	1.09162	3090	0	0
2024.01.03	17:15:00	1.09164	1.09198	1.09109	1.09181	2460	0	0
2024.01.03	17:20:00	1.09180	1.09184	1.09102	1.09145	2500	0	0
2024.01.03	17:25:00	1.09145	1.09245	1.09143	1.09153	2600	0	0
2024.01.03	17:30:00	1.09152	1.09187	1.09086	1.09112	2545	0	0
2024.01.03	17:35:00	1.09113	1.09153	1.09052	1.09077	2572	0	0
2024.01.03	17:40:00	1.09077	1.09093	1.09046	1.09086	2395	0	0
2024.01.03	17:45:00	1.09086	1.09087	1.08987	1.09007	2358	0	0
2024.01.03	17:50:00	1.09007	1.09044	1.08985	1.08995	2513	0	0
2024.01.03	17:55:00	1.08995	1.09063	1.08979	1.09047	1989	0	0
2024.01.03	18:00:00	1.09046	1.09109	1.09025	1.09089	2075	0	0
2024.01.03	18:05:00	1.09088	1.09099	1.09058	1.09079	1345	0	0
2024.01.03	18:10:00	1.09079	1.09111	1.09050	1.09105	1434	0	0
2024.01.03	18:15:00	1.09105	1.09168	1.09101	1.09163	1790	0	0
2024.01.03	18:20:00	1.09163	1.09184	1.09136	1.09142	1404	0	0
2024.01.03	18:25:00	1.09142	1.09170	1.09125	1.09129	1467	0	0
2024.01.03	18:30:00	1.09130	1.09154	1.09121	1.09144	1182	0	0
2024.01.03	18:35:00	1.09145	1.09158	1.09117	1.09123	1156	0	0
2024.01.03	18:40:00	1.09123	1.09146	1.09110	1.09117	1084	0	0
2024.01.03	18:45:00	1.09117	1.09139	1.09093	1.09097	1152	0	0
2024.01.03	18:50:00	1.09097	1.09107	1.09069	1.09091	1259	0	0
2024.01.03	18:55:00	1.09091	1.09098	1.09067	1.09081	863	0	0
2024.01.03	19:00:00	1.09081	1.09098	1.09052	1.09070	1162	0	1
2024.01.03	19:05:00	1.09070	1.09086	1.09040	1.09043	1017	0	1
2024.01.03	19:10:00	1.09045	1.09071	1.09034	1.09040	1163	0	1
2024.01.03	19:15:00	1.09040	1.09065	1.09037	1.09059	766	0	1
2024.01.03	19:20:00	1.09060	1.09074	1.09041	1.09068	823	0	1
2024.01.03	19:25:00	1.09066	1.09095	1.09055	1.09090	932	0	1
2024.01.03	19:30:00	1.09090	1.09102	1.09059	1.09066	901	0	1
2024.01.03	19:35:00	1.09066	1.09094	1.09062	1.09084	540	0	1
2024.01.03	19:40:00	1.09084	1.09103	1.09060	1.09089	799	0	1
2024.01.03	19:45:00	1.09089	1.09096	1.09048	1.09069	751	0	1
2024.01.03	19:50:00	1.09069	1.09076	1.09050	1.09062	606	0	1
2024.01.03	19:55:00	1.09062	1.09071	1.09032	1.09067	1030	0	1
2024.01.03	20:00:00	1.09068	1.09128	1.09068	1.09117	1188	0	1
2024.01.03	20:05:00	1.09117	1.09145	1.09109	1.09139	658	0	1
2024.01.03	20:10:00	1.09140	1.09149	1.09110	1.09118	860	0	1
2024.01.03	20:15:00	1.09118	1.09128	1.09109	1.09112	630	0	1
2024.01.03	20:20:00	1.09112	1.09131	1.09101	1.09118	800	0	1
2024.01.03	20:25:00	1.09117	1.09140	1.09105	1.09106	938	0	1
2024.01.03	20:30:00	1.09107	1.09107	1.09036	1.09047	985	0	1
2024.01.03	20:35:00	1.09047	1.09052	1.09026	1.09046	866	0	1
2024.01.03	20:40:00	1.09046	1.09053	1.09025	1.09041	761	0	1
2024.01.03	20:45:00	1.09042	1.09071	1.09033	1.09057	835	0	1
2024.01.03	20:50:00	1.09058	1.09079	1.09047	1.09064	840	0	1
2024.01.03	20:55:00	1.09064	1.09064	1.09041	1.09058	597	0	1
2024.01.03	21:00:00	1.09060	1.09120	1.08987	1.09021	3696	0	1
2024.01.03	21:05:00	1.09021	1.09058	1.08932	1.09013	3206	0	1
2024.01.03	21:10:00	1.09012	1.09028	1.08925	1.08954	3201	0	1
2024.01.03	21:15:00	1.08955	1.09078	1.08954	1.09064	2036	0	1
2024.01.03	21:20:00	1.09064	1.09102	1.09035	1.09099	1792	0	1
2024.01.03	21:25:00	1.09099	1.09239	1.09094	1.09230	2756	0	1
2024.01.03	21:30:00	1.09231	1.09258	1.09191	1.09201	2430	0	1
2024.01.03	21:35:00	1.09202	1.09224	1.09149	1.09203	1890	0	1
2024.01.03	21:40:00	1.09203	1.09244	1.09141	1.09225	1909	0	1
2024.01.03	21:45:00	1.09226	1.09254	1.09198	1.09199	1667	0	1
2024.01.03	21:50:00	1.09200	1.09208	1.09165	1.09206	1469	0	1
2024.01.03	21:55:00	1.09207	1.09207	1.09154	1.09178	2055	0	1
2024.01.03	22:00:00	1.09177	1.09194	1.09152	1.09193	1520	0	1
2024.01.03	22:05:00	1.09193	1.09211	1.09178	1.09195	1246	0	1
2024.01.03	22:10:00	1.09195	1.09219	1.09184	1.09208	1291	0	1
2024.01.03	22:15:00	1.09209	1.09233	1.09177	1.09205	994	0	1
2024.01.03	22:20:00	1.09204	1.09207	1.09159	1.09171	988	0	1
2024.01.03	22:25:00	1.09172	1.09185	1.09150	1.09179	954	0	1
2024.01.03	22:30:00	1.09178	1.09203	1.09172	1.09196	1056	0	1
2024.01.03	22:35:00	1.09196	1.09203	1.09165	1.09203	862	0	1
2024.01.03	22:40:00	1.09203	1.09205	1.09181	1.09188	1002	0	1
2024.01.03	22:45:00	1.09188	1.09222	1.09180	1.09208	641	0	1
2024.01.03	22:50:00	1.09209	1.09212	1.09178	1.09188	642	0	1
2024.01.03	22:55:00	1.09188	1.09222	1.09188	1.09206	780	0	1
2024.01.03	23:00:00	1.09205	1.09213	1.09190	1.09194	578	0	15
2024.01.03	23:05:00	1.09195	1.09197	1.09179	1.09190	263	0	15
2024.01.03	23:10:00	1.09190	1.09208	1.09185	1.09207	240	0	15
2024.01.03	23:15:00	1.09206	1.09206	1.09193	1.09198	204	0	15
2024.01.03	23:20:00	1.09197	1.09209	1.09194	1.09208	160	0	3
2024.01.03	23:25:00	1.09208	1.09232	1.09203	1.09221	339	0	15
2024.01.03	23:30:00	1.09222	1.09223	1.09189	1.09195	356	0	15
2024.01.03	23:35:00	1.09194	1.09207	1.09189	1.09200	364	0	3
2024.01.03	23:40:00	1.09200	1.09206	1.09185	1.09198	251	0	3
2024.01.03	23:45:00	1.09197	1.09199	1.09183	1.09188	315	0	15
2024.01.03	23:50:00	1.09187	1.09195	1.09183	1.09190	279	0	3
2024.01.03	23:55:00	1.09194	1.09230	1.09189	1.09212	79	0	2
2024.01.04	00:00:00	1.09205	1.09215	1.09056	1.09204	17	0	14
2024.01.04	00:05:00	1.09204	1.09204	1.09116	1.09122	56	0	42
2024.01.04	00:10:00	1.09115	1.09171	1.09115	1.09171	38	0	32
2024.01.04	00:15:00	1.09194	1.09218	1.09192	1.09202	408	0	8
2024.01.04	00:20:00	1.09205	1.09208	1.09177	1.09198	320	0	8
2024.01.04	00:25:00	1.09196	1.09209	1.09184	1.09192	73	0	8
2024.01.04	00:30:00	1.09205	1.09216	1.09185	1.09211	296	0	8
2024.01.04	00:35:00	1.09211	1.09218	1.09203	1.09203	87	0	8
2024.01.04	00:40:00	1.09203	1.09205	1.09200	1.09203	37	0	8
2024.01.04	00:45:00	1.09204	1.09209	1.09200	1.09208	96	0	8
2024.01.04	00:50:00	1.09208	1.09214	1.09206	1.09213	118	0	8
2024.01.04	00:55:00	1.09213	1.09217	1.09190	1.09211	293	0	8
2024.01.04	01:00:00	1.09214	1.09257	1.09214	1.09238	246	0	3
2024.01.04	01:05:00	1.09238	1.09254	1.09236	1.09247	131	0	3
2024.01.04	01:10:00	1.09247	1.09251	1.09241	1.09247	244	0	3
2024.01.04	01:15:00	1.09248	1.09251	1.09224	1.09229	174	0	3
2024.01.04	01:20:00	1.09229	1.09234	1.09220	1.09228	147	0	3
2024.01.04	01:25:00	1.09228	1.09249	1.09224	1.09243	225	0	3
2024.01.04	01:30:00	1.09243	1.09255	1.09237	1.09249	236	0	3
2024.01.04	01:35:00	1.09248	1.09253	1.09243	1.09247	218	0	3
2024.01.04	01:40:00	1.09247	1.09250	1.09244	1.09246	61	0	3
2024.01.04	01:45:00	1.09246	1.09254	1.09244	1.09254	140	0	3
2024.01.04	01:50:00	1.09254	1.09275	1.09253	1.09273	204	0	3
2024.01.04	01:55:00	1.09273	1.09276	1.09251	1.09258	104	0	3
2024.01.04	02:00:00	1.09260	1.09265	1.09254	1.09258	204	0	3
2024.01.04	02:05:00	1.09258	1.09260	1.09234	1.09234	165	0	3
2024.01.04	02:10:00	1.09234	1.09243	1.09212	1.09239	291	0	3
2024.01.04	02:15:00	1.09239	1.09260	1.09238	1.09258	265	0	3
2024.01.04	02:20:00	1.09260	1.09265	1.09248	1.09250	217	0	3
2024.01.04	02:25:00	1.09250	1.09257	1.09248	1.09253	150	0	3
2024.01.04	02:30:00	1.09253	1.09257	1.09248	1.09253	99	0	3
2024.01.04	02:35:00	1.09253	1.09253	1.09212	1.09224	215	0	3
2024.01.04	02:40:00	1.09224	1.09226	1.09207	1.09213	163	0	3
2024.01.04	02:45:00	1.09213	1.09233	1.09208	1.09223	380	0	3
2024.01.04	02:50:00	1.09223	1.09224	1.09192	1.09194	404	0	3
2024.01.04	02:55:00	1.09195	1.09229	1.09192	1.09224	314	0	3
2024.01.04	03:00:00	1.09224	1.09233	1.09216	1.09223	287	0	3
2024.01.04	03:05:00	1.09222	1.09241	1.09221	1.09223	286	0	3
2024.01.04	03:10:00	1.09224	1.09228	1.09199	1.09203	298	0	3
2024.01.04	03:15:00	1.09203	1.09230	1.09201	1.09212	438	0	3
2024.01.04	03:20:00	1.09211	1.09223	1.09201	1.09221	369	0	3
2024.01.04	03:25:00	1.09222	1.09222	1.09187	1.09190	327	0	3
2024.01.04	03:30:00	1.09191	1.09197	1.09174	1.09178	451	0	3
2024.01.04	03:35:00	1.09177	1.09183	1.09166	1.09173	389	0	3
2024.01.04	03:40:00	1.09173	1.09184	1.09161	1.09169	362	0	3
2024.01.04	03:45:00	1.09169	1.09187	1.09166	1.09173	445	0	3
2024.01.04	03:50:00	1.09173	1.09189	1.09170	1.09179	284	0	3
2024.01.04	03:55:00	1.09179	1.09200	1.09175	1.09177	281	0	3
2024.01.04	04:00:00	1.09177	1.09189	1.09175	1.09182	333	0	3
2024.01.04	04:05:00	1.09181	1.09190	1.09178	1.09183	259	0	3
2024.01.04	04:10:00	1.09183	1.09188	1.09178	1.09188	180	0	3
2024.01.04	04:15:00	1.09187	1.09189	1.09167	1.09174	328	0	3
2024.01.04	04:20:00	1.09174	1.09176	1.09156	1.09169	319	0	3
2024.01.04	04:25:00	1.09169	1.09188	1.09169	1.09183	268	0	3
2024.01.04	04:30:00	1.09183	1.09201	1.09179	1.09192	295	0	3
2024.01.04	04:35:00	1.09191	1.09195	1.09186	1.09190	255	0	3
2024.01.04	04:40:00	1.09191	1.09196	1.09183	1.09188	154	0	3
2024.01.04	04:45:00	1.09188	1.09189	1.09173	1.09184	234	0	3
2024.01.04	04:50:00	1.09184	1.09195	1.09178	1.09194	123	0	3
2024.01.04	04:55:00	1.09194	1.09199	1.09187	1.09194	263	0	3
2024.01.04	05:00:00	1.09195	1.09216	1.09191	1.09214	237	0	3
2024.01.04	05:05:00	1.09214	1.09223	1.09207	1.09220	333	0	3
2024.01.04	05:10:00	1.09220	1.09232	1.09216	1.09229	244	0	3
2024.01.04	05:15:00	1.09228	1.09240	1.09221	1.09235	280	0	3
2024.01.04	05:20:00	1.09235	1.09244	1.09232	1.09240	267	0	3
2024.01.04	05:25:00	1.09240	1.09270	1.09237	1.09267	286	0	3
2024.01.04	05:30:00	1.09266	1.09301	1.09263	1.09287	622	0	3
2024.01.04	05:35:00	1.09287	1.09308	1.09271	1.09272	537	0	3
2024.01.04	05:40:00	1.09273	1.09275	1.09259	1.09259	270	0	3
2024.01.04	05:45:00	1.09259	1.09267	1.09256	1.09264	159	0	3
2024.01.04	05:50:00	1.09264	1.09270	1.09256	1.09259	97	0	3
2024.01.04	05:55:00	1.09258	1.09267	1.09252	1.09261	154	0	3
2024.01.04	06:00:00	1.09261	1.09273	1.09256	1.09270	172	0	3
2024.01.04	06:05:00	1.09269	1.09273	1.09253	1.09254	199	0	3
2024.01.04	06:10:00	1.09254	1.09266	1.09244	1.09263	241	0	3
2024.01.04	06:15:00	1.09263	1.09267	1.09248	1.09253	179	0	3
2024.01.04	06:20:00	1.09253	1.09260	1.09246	1.09249	231	0	0
2024.01.04	06:25:00	1.09248	1.09253	1.09246	1.09251	121	0	3
2024.01.04	06:30:00	1.09251	1.09257	1.09247	1.09256	196	0	3
2024.01.04	06:35:00	1.09256	1.09273	1.09254	1.09270	134	0	3
2024.01.04	06:40:00	1.09271	1.09286	1.09268	1.09280	244	0	0
2024.01.04	06:45:00	1.09280	1.09282	1.09251	1.09255	241	0	3
2024.01.04	06:50:00	1.09253	1.09271	1.09253	1.09270	211	0	3
2024.01.04	06:55:00	1.09269	1.09272	1.09252	1.09259	367	0	3
2024.01.04	07:00:00	1.09259	1.09260	1.09232	1.09240	643	0	3
2024.01.04	07:05:00	1.09241	1.09254	1.09228	1.09230	539	0	3
2024.01.04	07:10:00	1.09230	1.09245	1.09227	1.09241	331	0	3
2024.01.04	07:15:00	1.09240	1.09255	1.09238	1.09254	211	0	3
2024.01.04	07:20:00	1.09254	1.09258	1.09247	1.09249	241	0	3
2024.01.04	07:25:00	1.09250	1.09255	1.09232	1.09233	252	0	3
2024.01.04	07:30:00	1.09233	1.09245	1.09228	1.09231	342	0	3
2024.01.04	07:35:00	1.09231	1.09245	1.09216	1.09230	542	0	3
2024.01.04	07:40:00	1.09231	1.09238	1.09221	1.09236	235	0	3
2024.01.04	07:45:00	1.09236	1.09242	1.09227	1.09240	192	0	3
2024.01.04	07:50:00	1.09241	1.09268	1.09236	1.09265	511	0	3
2024.01.04	07:55:00	1.09265	1.09269	1.09254	1.09265	391	0	3
2024.01.04	08:00:00	1.09265	1.09282	1.09263	1.09269	445	0	3
2024.01.04	08:05:00	1.09269	1.09279	1.09268	1.09275	248	0	3
2024.01.04	08:10:00	1.09276	1.09293	1.09269	1.09292	440	0	3
2024.01.04	08:15:00	1.09292	1.09316	1.09289	1.09309	411	0	3
2024.01.04	08:20:00	1.09309	1.09333	1.09307	1.09331	466	0	3
2024.01.04	08:25:00	1.09333	1.09348	1.09313	1.09316	654	0	1
2024.01.04	08:30:00	1.09315	1.09320	1.09221	1.09227	1699	0	1
2024.01.04	08:35:00	1.09227	1.09243	1.09205	1.09238	793	0	1
2024.01.04	08:40:00	1.09240	1.09243	1.09211	1.09227	481	0	1
2024.01.04	08:45:00	1.09227	1.09262	1.09225	1.09255	529	0	1
2024.01.04	08:50:00	1.09255	1.09288	1.09250	1.09288	503	0	1
2024.01.04	08:55:00	1.09288	1.09326	1.09285	1.09323	699	0	1
2024.01.04	09:00:00	1.09323	1.09328	1.09294	1.09316	1031	0	1
2024.01.04	09:05:00	1.09316	1.09348	1.09308	1.09346	947	0	1
2024.01.04	09:10:00	1.09346	1.09381	1.09319	1.09370	1000	0	1
2024.01.04	09:15:00	1.09370	1.09372	1.09339	1.09342	882	0	1
2024.01.04	09:20:00	1.09342	1.09343	1.09294	1.09306	905	0	1
2024.01.04	09:25:00	1.09306	1.09354	1.09306	1.09332	949	0	0
2024.01.04	09:30:00	1.09331	1.09373	1.09326	1.09368	741	0	0
2024.01.04	09:35:00	1.09368	1.09393	1.09362	1.09388	751	0	0
2024.01.04	09:40:00	1.09388	1.09437	1.09380	1.09432	982	0	0
2024.01.04	09:45:00	1.09431	1.09432	1.09387	1.09392	948	0	0
2024.01.04	09:50:00	1.09392	1.09409	1.09357	1.09359	555	0	0
2024.01.04	09:55:00	1.09359	1.09381	1.09348	1.09376	778	0	0
2024.01.04	10:00:00	1.09376	1.09388	1.09352	1.09372	988	0	0
2024.01.04	10:05:00	1.09372	1.09447	1.09346	1.09408	1033	0	0
2024.01.04	10:10:00	1.09408	1.09446	1.09401	1.09433	819	0	0
2024.01.04	10:15:00	1.09432	1.09488	1.09423	1.09431	1229	0	0
2024.01.04	10:20:00	1.09431	1.09456	1.09416	1.09433	1029	0	0
2024.01.04	10:25:00	1.09433	1.09483	1.09416	1.09429	752	0	0
2024.01.04	10:30:00	1.09430	1.09430	1.09380	1.09396	990	0	0
2024.01.04	10:35:00	1.09397	1.09413	1.09372	1.09407	982	0	0
2024.01.04	10:40:00	1.09407	1.09431	1.09376	1.09404	1022	0	0
2024.01.04	10:45:00	1.09404	1.09468	1.09389	1.09455	936	0	0
2024.01.04	10:50:00	1.09456	1.09507	1.09456	1.09486	1087	0	0
2024.01.04	10:55:00	1.09486	1.09563	1.09479	1.09534	1278	0	0
2024.01.04	11:00:00	1.09534	1.09578	1.09507	1.09516	1464	0	0
2024.01.04	11:05:00	1.09516	1.09519	1.09452	1.09456	1210	0	0
2024.01.04	11:10:00	1.09457	1.09509	1.09457	1.09505	652	0	0
2024.01.04	11:15:00	1.09505	1.09580	1.09500	1.09565	1079	0	0
2024.01.04	11:20:00	1.09566	1.09572	1.09536	1.09555	769	0	0
2024.01.04	11:25:00	1.09555	1.09575	1.09518	1.09568	711	0	0
2024.01.04	11:30:00	1.09570	1.09599	1.09563	1.09592	815	0	0
2024.01.04	11:35:00	1.09592	1.09629	1.09590	1.09626	822	0	0
2024.01.04	11:40:00	1.09626	1.09669	1.09621	1.09661	841	0	0
2024.01.04	11:45:00	1.09661	1.09691	1.09640	1.09682	1012	0	0
2024.01.04	11:50:00	1.09682	1.09687	1.09640	1.09646	1132	0	0
2024.01.04	11:55:00	1.09645	1.09687	1.09635	1.09676	986	0	0
2024.01.04	12:00:00	1.09677	1.09723	1.09669	1.09701	1213	0	0
2024.01.04	12:05:00	1.09701	1.09709	1.09658	1.09659	795	0	0
2024.01.04	12:10:00	1.09660	1.09668	1.09623	1.09624	865	0	0
2024.01.04	12:15:00	1.09623	1.09670	1.09623	1.09667	574	0	0
2024.01.04	12:20:00	1.09667	1.09674	1.09638	1.09659	569	0	0
2024.01.04	12:25:00	1.09659	1.09660	1.09592	1.09610	836	0	0
2024.01.04	12:30:00	1.09611	1.09651	1.09610	1.09626	645	0	0
2024.01.04	12:35:00	1.09626	1.09632	1.09598	1.09617	515	0	0
2024.01.04	12:40:00	1.09616	1.09633	1.09583	1.09589	612	0	0
2024.01.04	12:45:00	1.09589	1.09602	1.09572	1.09573	650	0	0
2024.01.04	12:50:00	1.09573	1.09575	1.09543	1.09549	927	0	0
2024.01.04	12:55:00	1.09549	1.09568	1.09545	1.09557	883	0	0
2024.01.04	13:00:00	1.09556	1.09570	1.09538	1.09543	615	0	0
2024.01.04	13:05:00	1.09543	1.09564	1.09532	1.09538	403	0	0
2024.01.04	13:10:00	1.09538	1.09547	1.09531	1.09540	336	0	0
2024.01.04	13:15:00	1.09541	1.09551	1.09507	1.09528	673	0	0
2024.01.04	13:20:00	1.09528	1.09541	1.09496	1.09517	528	0	0
2024.01.04	13:25:00	1.09517	1.09564	1.09513	1.09549	614	0	0
2024.01.04	13:30:00	1.09549	1.09579	1.09549	1.09557	591	0	0
2024.01.04	13:35:00	1.09557	1.09559	1.09528	1.09547	478	0	0
2024.01.04	13:40:00	1.09547	1.09554	1.09528	1.09553	416	0	0
2024.01.04	13:45:00	1.09552	1.09554	1.09528	1.09543	421	0	0
2024.01.04	13:50:00	1.09543	1.09543	1.09490	1.09491	484	0	0
2024.01.04	13:55:00	1.09491	1.09493	1.09462	1.09479	736	0	0
2024.01.04	14:00:00	1.09480	1.09494	1.09466	1.09480	849	0	0
2024.01.04	14:05:00	1.09481	1.09513	1.09467	1.09501	821	0	0
2024.01.04	14:10:00	1.09501	1.09507	1.09487	1.09499	652	0	0
2024.01.04	14:15:00	1.09499	1.09518	1.09487	1.09502	682	0	0
2024.01.04	14:20:00	1.09500	1.09526	1.09490	1.09503	595	0	0
2024.01.04	14:25:00	1.09503	1.09552	1.09502	1.09543	780	0	0
2024.01.04	14:30:00	1.09543	1.09556	1.09503	1.09530	1254	0	0
2024.01.04	14:35:00	1.09530	1.09545	1.09515	1.09528	705	0	0
2024.01.04	14:40:00	1.09528	1.09555	1.09512	1.09552	620	0	0
2024.01.04	14:45:00	1.09552	1.09560	1.09519	1.09553	665	0	0
2024.01.04	14:50:00	1.09552	1.09559	1.09517	1.09530	642	0	0
2024.01.04	14:55:00	1.09530	1.09555	1.09512	1.09523	693	0	0
2024.01.04	15:00:00	1.09523	1.09530	1.09481	1.09502	1155	0	0
2024.01.04	15:05:00	1.09502	1.09536	1.09500	1.09528	1283	0	0
2024.01.04	15:10:00	1.09528	1.09544	1.09500	1.09515	1071	0	0
2024.01.04	15:15:00	1.09512	1.09554	1.09450	1.09529	2354	0	0
2024.01.04	15:20:00	1.09529	1.09544	1.09465	1.09499	2052	0	0
2024.01.04	15:25:00	1.09499	1.09519	1.09466	1.09485	1302	0	0
2024.01.04	15:30:00	1.09486	1.09488	1.09326	1.09390	3205	0	0
2024.01.04	15:35:00	1.09389	1.09463	1.09380	1.09436	1850	0	0
2024.01.04	15:40:00	1.09436	1.09453	1.09399	1.09417	1769	0	0
2024.01.04	15:45:00	1.09417	1.09488	1.09382	1.09462	1602	0	0
2024.01.04	15:50:00	1.09462	1.09493	1.09450	1.09480	1464	0	0
2024.01.04	15:55:00	1.09479	1.09500	1.09455	1.09471	1429	0	0
2024.01.04	16:00:00	1.09471	1.09508	1.09443	1.09454	1377	0	0
2024.01.04	16:05:00	1.09454	1.09466	1.09393	1.09442	1686	0	0
2024.01.04	16:10:00	1.09442	1.09453	1.09403	1.09422	1441	0	0
2024.01.04	16:15:00	1.09420	1.09462	1.09413	1.09424	1188	0	0
2024.01.04	16:20:00	1.09423	1.09488	1.09406	1.09428	1406	0	0
2024.01.04	16:25:00	1.09429	1.09458	1.09413	1.09428	1190	0	0
2024.01.04	16:30:00	1.09429	1.09446	1.09415	1.09419	1676	0	0
2024.01.04	16:35:00	1.09421	1.09423	1.09382	1.09417	1451	0	0
2024.01.04	16:40:00	1.09417	1.09479	1.09405	1.09449	1314	0	0
2024.01.04	16:45:00	1.09446	1.09449	1.09398	1.09420	2376	0	0
2024.01.04	16:50:00	1.09420	1.09469	1.09408	1.09442	1844	0	0
2024.01.04	16:55:00	1.09442	1.09470	1.09428	1.09454	1579	0	0
2024.01.04	17:00:00	1.09453	1.09599	1.09450	1.09571	1863	0	0
2024.01.04	17:05:00	1.09571	1.09588	1.09523	1.09538	2157	0	0
2024.01.04	17:10:00	1.09540	1.09614	1.09525	1.09610	1720	0	0
2024.01.04	17:15:00	1.09610	1.09619	1.09566	1.09591	1765	0	0
2024.01.04	17:20:00	1.09590	1.09612	1.09558	1.09610	1283	0	0
2024.01.04	17:25:00	1.09612	1.09652	1.09598	1.09648	1489	0	0
2024.01.04	17:30:00	1.09647	1.09653	1.09609	1.09614	1498	0	0
2024.01.04	17:35:00	1.09616	1.09637	1.09588	1.09608	1484	0	0
2024.01.04	17:40:00	1.09606	1.09628	1.09559	1.09623	1391	0	0
2024.01.04	17:45:00	1.09623	1.09654	1.09580	1.09587	2071	0	0
2024.01.04	17:50:00	1.09587	1.09611	1.09560	1.09565	1552	0	0
2024.01.04	17:55:00	1.09565	1.09576	1.09532	1.09552	1245	0	0
2024.01.04	18:00:00	1.09552	1.09584	1.09540	1.09556	1136	0	0
2024.01.04	18:05:00	1.09556	1.09591	1.09544	1.09579	987	0	0
2024.01.04	18:10:00	1.09579	1.09630	1.09577	1.09610	1177	0	0
2024.01.04	18:15:00	1.09610	1.09640	1.09585	1.09588	1174	0	0
2024.01.04	18:20:00	1.09588	1.09604	1.09584	1.09588	758	0	0
2024.01.04	18:25:00	1.09588	1.09618	1.09582	1.09598	978	0	0
2024.01.04	18:30:00	1.09598	1.09603	1.09564	1.09591	959	0	0
2024.01.04	18:35:00	1.09589	1.09618	1.09581	1.09581	865	0	0
2024.01.04	18:40:00	1.09581	1.09584	1.09549	1.09555	1020	0	0
2024.01.04	18:45:00	1.09555	1.09584	1.09547	1.09570	877	0	0
2024.01.04	18:50:00	1.09570	1.09588	1.09553	1.09558	922	0	0
2024.01.04	18:55:00	1.09558	1.09596	1.09550	1.09561	868	0	0
2024.01.04	19:00:00	1.09561	1.09567	1.09538	1.09567	820	0	1
2024.01.04	19:05:00	1.09567	1.09599	1.09561	1.09567	846	0	1
2024.01.04	19:10:00	1.09567	1.09575	1.09538	1.09553	797	0	1
2024.01.04	19:15:00	1.09554	1.09588	1.09526	1.09534	1071	0	1
2024.01.04	19:20:00	1.09535	1.09535	1.09484	1.09491	1348	0	1
2024.01.04	19:25:00	1.09491	1.09497	1.09451	1.09459	1308	0	1
2024.01.04	19:30:00	1.09458	1.09465	1.09416	1.09440	1163	0	1
2024.01.04	19:35:00	1.09440	1.09487	1.09422	1.09476	714	0	1
2024.01.04	19:40:00	1.09476	1.09490	1.09462	1.09471	646	0	1
2024.01.04	19:45:00	1.09471	1.09486	1.09441	1.09486	871	0	1
2024.01.04	19:50:00	1.09486	1.09502	1.09473	1.09492	800	0	1
2024.01.04	19:55:00	1.09492	1.09506	1.09473	1.09505	651	0	1
2024.01.04	20:00:00	1.09505	1.09521	1.09493	1.09514	647	0	1
2024.01.04	20:05:00	1.09514	1.09515	1.09497	1.09506	747	0	1
2024.01.04	20:10:00	1.09505	1.09517	1.09492	1.09510	503	0	1
2024.01.04	20:15:00	1.09510	1.09545	1.09503	1.09506	725	0	1
2024.01.04	20:20:00	1.09507	1.09518	1.09492	1.09499	900	0	1
2024.01.04	20:25:00	1.09499	1.09518	1.09490	1.09492	799	0	1
2024.01.04	20:30:00	1.09493	1.09510	1.09486	1.09497	729	0	1
2024.01.04	20:35:00	1.09498	1.09513	1.09487	1.09491	661	0	1
2024.01.04	20:40:00	1.09490	1.09498	1.09477	1.09482	571	0	1
2024.01.04	20:45:00	1.09481	1.09501	1.09469	1.09489	640	0	1
2024.01.04	20:50:00	1.09489	1.09508	1.09466	1.09468	736	0	1
2024.01.04	20:55:00	1.09468	1.09485	1.09459	1.09469	655	0	1
2024.01.04	21:00:00	1.09469	1.09476	1.09450	1.09462	677	0	1
2024.01.04	21:05:00	1.09462	1.09477	1.09447	1.09451	616	0	1
2024.01.04	21:10:00	1.09451	1.09476	1.09448	1.09459	688	0	1
2024.01.04	21:15:00	1.09459	1.09474	1.09453	1.09458	584	0	1
2024.01.04	21:20:00	1.09458	1.09466	1.09435	1.09440	544	0	1
2024.01.04	21:25:00	1.09440	1.09454	1.09432	1.09444	499	0	1
2024.01.04	21:30:00	1.09445	1.09451	1.09433	1.09439	532	0	1
2024.01.04	21:35:00	1.09440	1.09461	1.09437	1.09459	340	0	1
2024.01.04	21:40:00	1.09459	1.09462	1.09444	1.09448	361	0	1
2024.01.04	21:45:00	1.09447	1.09491	1.09443	1.09489	620	0	1
2024.01.04	21:50:00	1.09489	1.09500	1.09468	1.09490	534	0	1
2024.01.04	21:55:00	1.09490	1.09498	1.09468	1.09469	536	0	1
2024.01.04	22:00:00	1.09468	1.09476	1.09448	1.09450	531	0	1
2024.01.04	22:05:00	1.09451	1.09460	1.09443	1.09456	324	0	1
2024.01.04	22:10:00	1.09456	1.09474	1.09450	1.09461	423	0	1
2024.01.04	22:15:00	1.09461	1.09461	1.09428	1.09453	547	0	1
2024.01.04	22:20:00	1.09453	1.09454	1.09435	1.09439	574	0	1
2024.01.04	22:25:00	1.09439	1.09450	1.09430	1.09448	405	0	1
2024.01.04	22:30:00	1.09449	1.09471	1.09443	1.09462	626	0	1
2024.01.04	22:35:00	1.09462	1.09479	1.09455	1.09458	449	0	1
2024.01.04	22:40:00	1.09458	1.09464	1.09445	1.09448	365	0	1
2024.01.04	22:45:00	1.09449	1.09470	1.09438	1.09454	587	0	1
2024.01.04	22:50:00	1.09454	1.09462	1.09438	1.09460	583	0	1
2024.01.04	22:55:00	1.09460	1.09494	1.09456	1.09492	647	0	1
2024.01.04	23:00:00	1.09485	1.09495	1.09462	1.09477	609	0	15
2024.01.04	23:05:00	1.09478	1.09487	1.09474	1.09487	163	0	3
2024.01.04	23:10:00	1.09487	1.09492	1.09475	1.09487	126	0	2
2024.01.04	23:15:00	1.09486	1.09493	1.09470	1.09475	119	0	2
2024.01.04	23:20:00	1.09474	1.09482	1.09466	1.09479	156	0	1
2024.01.04	23:25:00	1.09479	1.09486	1.09467	1.09471	144	0	1
2024.01.04	23:30:00	1.09472	1.09479	1.09460	1.09466	157	0	2
2024.01.04	23:35:00	1.09465	1.09472	1.09452	1.09453	222	0	1
2024.01.04	23:40:00	1.09452	1.09468	1.09450	1.09467	155	0	1
2024.01.04	23:45:00	1.09466	1.09473	1.09459	1.09472	563	0	15
2024.01.04	23:50:00	1.09472	1.09478	1.09470	1.09472	201	0	4
2024.01.04	23:55:00	1.09472	1.09472	1.09429	1.09435	74	0	4
2024.01.05	00:00:00	1.09443	1.09450	1.09405	1.09432	20	0	20
2024.01.05	00:05:00	1.09433	1.09470	1.09409	1.09470	530	0	24
2024.01.05	00:10:00	1.09470	1.09470	1.09406	1.09456	34	0	31
2024.01.05	00:15:00	1.09449	1.09469	1.09429	1.09449	1223	0	8
2024.01.05	00:20:00	1.09449	1.09472	1.09431	1.09441	188	0	4
2024.01.05	00:25:00	1.09439	1.09493	1.09422	1.09452	349	0	8
2024.01.05	00:30:00	1.09450	1.09476	1.09448	1.09473	512	0	8
2024.01.05	00:35:00	1.09474	1.09492	1.09463	1.09487	528	0	8
2024.01.05	00:40:00	1.09487	1.09500	1.09461	1.09464	704	0	8
2024.01.05	00:45:00	1.09465	1.09482	1.09460	1.09478	139	0	8
2024.01.05	00:50:00	1.09478	1.09482	1.09425	1.09477	927	0	8
2024.01.05	00:55:00	1.09477	1.09479	1.09442	1.09471	1012	0	8
2024.01.05	01:00:00	1.09473	1.09488	1.09459	1.09460	245	0	3
2024.01.05	01:05:00	1.09460	1.09471	1.09459	1.09471	56	0	3
2024.01.05	01:10:00	1.09471	1.09476	1.09461	1.09462	104	0	3
2024.01.05	01:15:00	1.09462	1.09470	1.09453	1.09456	107	0	3
2024.01.05	01:20:00	1.09456	1.09458	1.09448	1.09450	107	0	3
2024.01.05	01:25:00	1.09451	1.09452	1.09441	1.09443	101	0	2
2024.01.05	01:30:00	1.09443	1.09454	1.09433	1.09452	108	0	3
2024.01.05	01:35:00	1.09452	1.09458	1.09452	1.09457	52	0	3
2024.01.05	01:40:00	1.09455	1.09459	1.09444	1.09448	134	0	3
2024.01.05	01:45:00	1.09448	1.09459	1.09447	1.09458	66	0	3
2024.01.05	01:50:00	1.09458	1.09468	1.09456	1.09467	85	0	3
2024.01.05	01:55:00	1.09467	1.09471	1.09462	1.09463	95	0	3
2024.01.05	02:00:00	1.09462	1.09463	1.09442	1.09447	359	0	3
2024.01.05	02:05:00	1.09447	1.09468	1.09443	1.09461	313	0	3
2024.01.05	02:10:00	1.09461	1.09487	1.09457	1.09487	363	0	3
2024.01.05	02:15:00	1.09486	1.09503	1.09484	1.09500	304	0	3
2024.01.05	02:20:00	1.09500	1.09505	1.09491	1.09492	203	0	3
2024.01.05	02:25:00	1.09492	1.09495	1.09484	1.09493	139	0	3
2024.01.05	02:30:00	1.09493	1.09505	1.09485	1.09503	201	0	3
2024.01.05	02:35:00	1.09503	1.09507	1.09497	1.09497	90	0	3
2024.01.05	02:40:00	1.09497	1.09505	1.09493	1.09502	259	0	3
2024.01.05	02:45:00	1.09502	1.09514	1.09489	1.09493	180	0	3
2024.01.05	02:50:00	1.09493	1.09507	1.09477	1.09501	778	0	3
2024.01.05	02:55:00	1.09502	1.09516	1.09497	1.09508	358	0	3
2024.01.05	03:00:00	1.09508	1.09521	1.09502	1.09508	344	0	3
2024.01.05	03:05:00	1.09507	1.09521	1.09499	1.09520	265	0	3
2024.01.05	03:10:00	1.09521	1.09546	1.09514	1.09538	518	0	3
2024.01.05	03:15:00	1.09538	1.09553	1.09534	1.09541	459	0	3
2024.01.05	03:20:00	1.09541	1.09543	1.09514	1.09522	354	0	3
2024.01.05	03:25:00	1.09522	1.09524	1.09511	1.09517	209	0	3
2024.01.05	03:30:00	1.09517	1.09523	1.09501	1.09517	323	0	3
2024.01.05	03:35:00	1.09517	1.09559	1.09514	1.09537	522	0	3
2024.01.05	03:40:00	1.09537	1.09553	1.09518	1.09548	408	0	3
2024.01.05	03:45:00	1.09548	1.09558	1.09535	1.09537	546	0	3
2024.01.05	03:50:00	1.09537	1.09540	1.09522	1.09525	259	0	3
2024.01.05	03:55:00	1.09525	1.09528	1.09507	1.09516	425	0	3
2024.01.05	04:00:00	1.09516	1.09522	1.09504	1.09520	220	0	3
2024.01.05	04:05:00	1.09520	1.09529	1.09520	1.09527	100	0	3
2024.01.05	04:10:00	1.09527	1.09534	1.09521	1.09527	169	0	3
2024.01.05	04:15:00	1.09527	1.09532	1.09513	1.09517	125	0	3
2024.01.05	04:20:00	1.09517	1.09538	1.09517	1.09536	227	0	3
2024.01.05	04:25:00	1.09536	1.09541	1.09516	1.09521	340	0	3
2024.01.05	04:30:00	1.09522	1.09523	1.09501	1.09502	322	0	3
2024.01.05	04:35:00	1.09502	1.09513	1.09495	1.09508	223	0	3
2024.01.05	04:40:00	1.09508	1.09514	1.09485	1.09487	144	0	3
2024.01.05	04:45:00	1.09487	1.09502	1.09474	1.09477	310	0	3
2024.01.05	04:50:00	1.09478	1.09484	1.09469	1.09481	227	0	3
2024.01.05	04:55:00	1.09482	1.09485	1.09464	1.09468	223	0	3
2024.01.05	05:00:00	1.09467	1.09474	1.09452	1.09461	241	0	3
2024.01.05	05:05:00	1.09461	1.09467	1.09455	1.09461	248	0	3
2024.01.05	05:10:00	1.09461	1.09462	1.09435	1.09439	339	0	3
2024.01.05	05:15:00	1.09439	1.09449	1.09426	1.09432	284	0	3
2024.01.05	05:20:00	1.09431	1.09439	1.09411	1.09416	307	0	3
2024.01.05	05:25:00	1.09417	1.09419	1.09404	1.09407	404	0	3
2024.01.05	05:30:00	1.09408	1.09420	1.09403	1.09408	397	0	3
2024.01.05	05:35:00	1.09408	1.09417	1.09403	1.09417	240	0	3
2024.01.05	05:40:00	1.09417	1.09421	1.09400	1.09407	247	0	3
2024.01.05	05:45:00	1.09407	1.09409	1.09389	1.09397	298	0	3
2024.01.05	05:50:00	1.09397	1.09404	1.09392	1.09401	196	0	3
2024.01.05	05:55:00	1.09402	1.09407	1.09390	1.09392	228	0	3
2024.01.05	06:00:00	1.09391	1.09399	1.09388	1.09394	264	0	3
2024.01.05	06:05:00	1.09394	1.09399	1.09384	1.09392	247	0	3
2024.01.05	06:10:00	1.09392	1.09394	1.09374	1.09381	240	0	3
2024.01.05	06:15:00	1.09381	1.09385	1.09374	1.09382	135	0	3
2024.01.05	06:20:00	1.09382	1.09391	1.09380	1.09387	111	0	3
2024.01.05	06:25:00	1.09387	1.09409	1.09384	1.09397	196	0	3
2024.01.05	06:30:00	1.09397	1.09413	1.09396	1.09402	320	0	3
2024.01.05	06:35:00	1.09402	1.09405	1.09389	1.09396	192	0	3
2024.01.05	06:40:00	1.09397	1.09400	1.09384	1.09386	125	0	3
2024.01.05	06:45:00	1.09384	1.09387	1.09360	1.09371	232	0	3
2024.01.05	06:50:00	1.09371	1.09378	1.09364	1.09366	174	0	3
2024.01.05	06:55:00	1.09366	1.09379	1.09364	1.09371	199	0	3
2024.01.05	07:00:00	1.09371	1.09376	1.09364	1.09371	219	0	3
2024.01.05	07:05:00	1.09371	1.09372	1.09338	1.09341	321	0	3
2024.01.05	07:10:00	1.09341	1.09356	1.09338	1.09352	276	0	3
2024.01.05	07:15:00	1.09352	1.09364	1.09343	1.09355	350	0	3
2024.01.05	07:20:00	1.09355	1.09363	1.09352	1.09358	257	0	3
2024.01.05	07:25:00	1.09358	1.09364	1.09349	1.09352	198	0	3
2024.01.05	07:30:00	1.09353	1.09369	1.09353	1.09367	156	0	3
2024.01.05	07:35:00	1.09367	1.09367	1.09354	1.09365	227	0	3
2024.01.05	07:40:00	1.09367	1.09368	1.09356	1.09357	226	0	3
2024.01.05	07:45:00	1.09357	1.09360	1.09347	1.09357	356	0	3
2024.01.05	07:50:00	1.09358	1.09362	1.09345	1.09347	202	0	3
2024.01.05	07:55:00	1.09347	1.09381	1.09345	1.09373	541	0	3
2024.01.05	08:00:00	1.09374	1.09374	1.09328	1.09336	477	0	3
2024.01.05	08:05:00	1.09336	1.09345	1.09318	1.09326	504	0	3
2024.01.05	08:10:00	1.09324	1.09328	1.09315	1.09318	245	0	3
2024.01.05	08:15:00	1.09319	1.09321	1.09294	1.09307	497	0	3
2024.01.05	08:20:00	1.09306	1.09312	1.09294	1.09297	542	0	3
2024.01.05	08:25:00	1.09297	1.09303	1.09273	1.09288	693	0	1
2024.01.05	08:30:00	1.09288	1.09292	1.09266	1.09274	765	0	1
2024.01.05	08:35:00	1.09274	1.09283	1.09245	1.09253	719	0	1
2024.01.05	08:40:00	1.09253	1.09270	1.09245	1.09258	425	0	1
2024.01.05	08:45:00	1.09258	1.09276	1.09256	1.09266	612	0	1
2024.01.05	08:50:00	1.09266	1.09280	1.09259	1.09263	509	0	1
2024.01.05	08:55:00	1.09263	1.09284	1.09254	1.09279	434	0	1
2024.01.05	09:00:00	1.09279	1.09283	1.09250	1.09268	945	0	1
2024.01.05	09:05:00	1.09268	1.09294	1.09253	1.09289	725	0	1
2024.01.05	09:10:00	1.09289	1.09314	1.09281	1.09302	803	0	1
2024.01.05	09:15:00	1.09302	1.09318	1.09290	1.09299	829	0	1
2024.01.05	09:20:00	1.09300	1.09330	1.09286	1.09325	787	0	1
2024.01.05	09:25:00	1.09325	1.09336	1.09303	1.09304	916	0	0
2024.01.05	09:30:00	1.09303	1.09320	1.09299	1.09302	379	0	0
2024.01.05	09:35:00	1.09301	1.09310	1.09289	1.09293	336	0	0
2024.01.05	09:40:00	1.09293	1.09296	1.09241	1.09243	726	0	0
2024.01.05	09:45:00	1.09243	1.09258	1.09231	1.09258	482	0	0
2024.01.05	09:50:00	1.09258	1.09284	1.09248	1.09264	540	0	0
2024.01.05	09:55:00	1.09264	1.09268	1.09225	1.09234	564	0	0
2024.01.05	10:00:00	1.09233	1.09248	1.09204	1.09232	1153	0	0
2024.01.05	10:05:00	1.09232	1.09244	1.09208	1.09240	918	0	0
2024.01.05	10:10:00	1.09240	1.09259	1.09216	1.09228	861	0	0
2024.01.05	10:15:00	1.09229	1.09247	1.09181	1.09194	799	0	0
2024.01.05	10:20:00	1.09193	1.09231	1.09183	1.09186	791	0	0
2024.01.05	10:25:00	1.09185	1.09210	1.09164	1.09170	667	0	0
2024.01.05	10:30:00	1.09169	1.09173	1.09115	1.09148	880	0	0
2024.01.05	10:35:00	1.09147	1.09167	1.09122	1.09128	675	0	0
2024.01.05	10:40:00	1.09127	1.09145	1.09107	1.09114	835	0	0
2024.01.05	10:45:00	1.09115	1.09140	1.09109	1.09128	543	0	0
2024.01.05	10:50:00	1.09128	1.09148	1.09063	1.09068	777	0	0
2024.01.05	10:55:00	1.09068	1.09083	1.09034	1.09077	1034	0	0
2024.01.05	11:00:00	1.09076	1.09088	1.09059	1.09071	629	0	0
2024.01.05	11:05:00	1.09072	1.09072	1.09027	1.09067	845	0	0
2024.01.05	11:10:00	1.09067	1.09154	1.09064	1.09147	975	0	0
2024.01.05	11:15:00	1.09148	1.09179	1.09135	1.09175	765	0	0
2024.01.05	11:20:00	1.09175	1.09221	1.09170	1.09200	754	0	0
2024.01.05	11:25:00	1.09199	1.09235	1.09184	1.09224	634	0	0
2024.01.05	11:30:00	1.09222	1.09306	1.09212	1.09275	981	0	0
2024.01.05	11:35:00	1.09275	1.09286	1.09206	1.09234	1176	0	0
2024.01.05	11:40:00	1.09235	1.09239	1.09170	1.09173	835	0	0
2024.01.05	11:45:00	1.09172	1.09174	1.09135	1.09144	999	0	0
2024.01.05	11:50:00	1.09144	1.09144	1.09104	1.09108	745	0	0
2024.01.05	11:55:00	1.09108	1.09140	1.09101	1.09128	690	0	0
2024.01.05	12:00:00	1.09128	1.09134	1.09110	1.09119	770	0	0
2024.01.05	12:05:00	1.09118	1.09124	1.09069	1.09077	757	0	0
2024.01.05	12:10:00	1.09077	1.09118	1.09071	1.09103	678	0	0
2024.01.05	12:15:00	1.09103	1.09113	1.09081	1.09101	598	0	0
2024.01.05	12:20:00	1.09101	1.09101	1.09038	1.09050	731	0	0
2024.01.05	12:25:00	1.09049	1.09062	1.09040	1.09049	512	0	0
2024.01.05	12:30:00	1.09048	1.09070	1.09037	1.09070	556	0	0
2024.01.05	12:35:00	1.09069	1.09093	1.09063	1.09079	494	0	0
2024.01.05	12:40:00	1.09079	1.09114	1.09079	1.09099	450	0	0
2024.01.05	12:45:00	1.09099	1.09126	1.09084	1.09105	477	0	0
2024.01.05	12:50:00	1.09105	1.09139	1.09084	1.09129	607	0	0
2024.01.05	12:55:00	1.09129	1.09134	1.09106	1.09128	494	0	0
2024.01.05	13:00:00	1.09128	1.09143	1.09116	1.09134	463	0	0
2024.01.05	13:05:00	1.09134	1.09145	1.09119	1.09119	336	0	0
2024.01.05	13:10:00	1.09119	1.09128	1.09104	1.09116	349	0	0
2024.01.05	13:15:00	1.09116	1.09155	1.09100	1.09146	588	0	0
2024.01.05	13:20:00	1.09146	1.09160	1.09130	1.09136	442	0	0
2024.01.05	13:25:00	1.09136	1.09142	1.09110	1.09119	402	0	0
2024.01.05	13:30:00	1.09120	1.09141	1.09110	1.09140	416	0	0
2024.01.05	13:35:00	1.09140	1.09155	1.09128	1.09134	405	0	0
2024.01.05	13:40:00	1.09134	1.09166	1.09134	1.09160	424	0	0
2024.01.05	13:45:00	1.09160	1.09176	1.09150	1.09168	456	0	0
2024.01.05	13:50:00	1.09168	1.09168	1.09131	1.09134	443	0	0
2024.01.05	13:55:00	1.09134	1.09146	1.09126	1.09142	382	0	0
2024.01.05	14:00:00	1.09143	1.09174	1.09140	1.09172	836	0	0
2024.01.05	14:05:00	1.09172	1.09186	1.09156	1.09160	593	0	0
2024.01.05	14:10:00	1.09160	1.09191	1.09158	1.09173	582	0	0
2024.01.05	14:15:00	1.09173	1.09179	1.09150	1.09167	697	0	0
2024.01.05	14:20:00	1.09167	1.09175	1.09141	1.09152	474	0	0
2024.01.05	14:25:00	1.09152	1.09171	1.09136	1.09158	699	0	0
2024.01.05	14:30:00	1.09158	1.09171	1.09137	1.09156	652	0	0
2024.01.05	14:35:00	1.09157	1.09175	1.09154	1.09168	551	0	0
2024.01.05	14:40:00	1.09168	1.09199	1.09166	1.09186	768	0	0
2024.01.05	14:45:00	1.09186	1.09206	1.09166	1.09166	613	0	0
2024.01.05	14:50:00	1.09166	1.09181	1.09141	1.09168	691	0	0
2024.01.05	14:55:00	1.09168	1.09209	1.09144	1.09177	932	0	0
2024.01.05	15:00:00	1.09177	1.09201	1.09159	1.09186	1092	0	0
2024.01.05	15:05:00	1.09186	1.09221	1.09172	1.09209	1326	0	0
2024.01.05	15:10:00	1.09209	1.09218	1.09174	1.09218	962	0	0
2024.01.05	15:15:00	1.09220	1.09241	1.09191	1.09220	1137	0	0
2024.01.05	15:20:00	1.09221	1.09281	1.09217	1.09234	1735	0	0
2024.01.05	15:25:00	1.09234	1.09247	1.09192	1.09207	1475	0	0
2024.01.05	15:30:00	1.09207	1.09207	1.08769	1.08975	6047	0	0
2024.01.05	15:35:00	1.08976	1.09039	1.08901	1.08997	5768	0	0
2024.01.05	15:40:00	1.08996	1.09194	1.08945	1.09167	4991	0	0
2024.01.05	15:45:00	1.09168	1.09170	1.09053	1.09149	3704	0	0
2024.01.05	15:50:00	1.09150	1.09249	1.09116	1.09243	3668	0	0
2024.01.05	15:55:00	1.09244	1.09254	1.09127	1.09215	3484	0	0
2024.01.05	16:00:00	1.09217	1.09335	1.09216	1.09329	3282	0	0
2024.01.05	16:05:00	1.09329	1.09394	1.09279	1.09280	3327	0	0
2024.01.05	16:10:00	1.09280	1.09340	1.09249	1.09259	3168	0	0
2024.01.05	16:15:00	1.09257	1.09446	1.09247	1.09377	3314	0	0
2024.01.05	16:20:00	1.09377	1.09432	1.09365	1.09373	2516	0	0
2024.01.05	16:25:00	1.09371	1.09487	1.09358	1.09458	2986	0	0
2024.01.05	16:30:00	1.09458	1.09500	1.09446	1.09467	3261	0	0
2024.01.05	16:35:00	1.09466	1.09475	1.09397	1.09402	2856	0	0
2024.01.05	16:40:00	1.09402	1.09450	1.09358	1.09405	2802	0	0
2024.01.05	16:45:00	1.09405	1.09512	1.09402	1.09492	2236	0	0
2024.01.05	16:50:00	1.09492	1.09550	1.09485	1.09501	1701	0	0
2024.01.05	16:55:00	1.09501	1.09522	1.09463	1.09495	1789	0	0
2024.01.05	17:00:00	1.09496	1.09901	1.09496	1.09881	6211	0	0
2024.01.05	17:05:00	1.09881	1.09925	1.09827	1.09922	4541	0	0
2024.01.05	17:10:00	1.09921	1.09988	1.09850	1.09850	4907	0	0
2024.01.05	17:15:00	1.09851	1.09863	1.09719	1.09786	3998	0	0
2024.01.05	17:20:00	1.09785	1.09899	1.09751	1.09885	3618	0	0
2024.01.05	17:25:00	1.09886	1.09922	1.09802	1.09817	3533	0	0
2024.01.05	17:30:00	1.09817	1.09893	1.09761	1.09875	2873	0	0
2024.01.05	17:35:00	1.09876	1.09924	1.09830	1.09880	2801	0	0
2024.01.05	17:40:00	1.09881	1.09939	1.09858	1.09896	2761	0	0
2024.01.05	17:45:00	1.09892	1.09928	1.09806	1.09819	2692	0	0
2024.01.05	17:50:00	1.09819	1.09837	1.09756	1.09809	2106	0	0
2024.01.05	17:55:00	1.09809	1.09815	1.09768	1.09783	2195	0	0
2024.01.05	18:00:00	1.09783	1.09802	1.09693	1.09693	2062	0	0
2024.01.05	18:05:00	1.09693	1.09749	1.09683	1.09737	1920	0	0
2024.01.05	18:10:00	1.09736	1.09797	1.09712	1.09761	1718	0	0
2024.01.05	18:15:00	1.09761	1.09808	1.09696	1.09700	1799	0	0
2024.01.05	18:20:00	1.09700	1.09702	1.09641	1.09655	2215	0	0
2024.01.05	18:25:00	1.09655	1.09671	1.09623	1.09631	1641	0	0
2024.01.05	18:30:00	1.09630	1.09663	1.09628	1.09661	1491	0	0
2024.01.05	18:35:00	1.09661	1.09677	1.09634	1.09675	1115	0	0
2024.01.05	18:40:00	1.09675	1.09703	1.09658	1.09686	1287	0	0
2024.01.05	18:45:00	1.09686	1.09697	1.09580	1.09607	1516	0	0
2024.01.05	18:50:00	1.09609	1.09628	1.09583	1.09611	1109	0	0
2024.01.05	18:55:00	1.09611	1.09611	1.09528	1.09561	1772	0	0
2024.01.05	19:00:00	1.09560	1.09565	1.09518	1.09531	1663	0	1
2024.01.05	19:05:00	1.09534	1.09541	1.09449	1.09462	1550	0	1
2024.01.05	19:10:00	1.09461	1.09514	1.09439	1.09492	1849	0	1
2024.01.05	19:15:00	1.09492	1.09529	1.09484	1.09488	1227	0	1
2024.01.05	19:20:00	1.09488	1.09544	1.09488	1.09509	1160	0	1
2024.01.05	19:25:00	1.09509	1.09519	1.09450	1.09455	1201	0	1
2024.01.05	19:30:00	1.09455	1.09494	1.09429	1.09434	1381	0	1
2024.01.05	19:35:00	1.09435	1.09490	1.09431	1.09482	1602	0	1
2024.01.05	19:40:00	1.09481	1.09514	1.09470	1.09502	1336	0	1
2024.01.05	19:45:00	1.09502	1.09516	1.09456	1.09474	1024	0	1
2024.01.05	19:50:00	1.09475	1.09499	1.09457	1.09485	1082	0	1
2024.01.05	19:55:00	1.09485	1.09490	1.09451	1.09462	1257	0	1
2024.01.05	20:00:00	1.09461	1.09462	1.09394	1.09401	1559	0	1
2024.01.05	20:05:00	1.09401	1.09417	1.09383	1.09391	1374	0	1
2024.01.05	20:10:00	1.09391	1.09409	1.09372	1.09399	1309	0	1
2024.01.05	20:15:00	1.09398	1.09408	1.09352	1.09359	1112	0	1
2024.01.05	20:20:00	1.09359	1.09402	1.09359	1.09397	904	0	1
2024.01.05	20:25:00	1.09397	1.09459	1.09395	1.09452	1100	0	1
2024.01.05	20:30:00	1.09452	1.09486	1.09448	1.09462	1313	0	1
2024.01.05	20:35:00	1.09462	1.09540	1.09462	1.09532	982	0	1
2024.01.05	20:40:00	1.09532	1.09539	1.09499	1.09508	926	0	1
2024.01.05	20:45:00	1.09508	1.09550	1.09506	1.09517	846	0	1
2024.01.05	20:50:00	1.09516	1.09527	1.09498	1.09521	640	0	1
2024.01.05	20:55:00	1.09520	1.09563	1.09516	1.09540	877	0	1
2024.01.05	21:00:00	1.09540	1.09568	1.09539	1.09545	920	0	1
2024.01.05	21:05:00	1.09545	1.09578	1.09535	1.09571	812	0	1
2024.01.05	21:10:00	1.09571	1.09598	1.09553	1.09566	947	0	1
2024.01.05	21:15:00	1.09565	1.09571	1.09515	1.09525	1166	0	1
2024.01.05	21:20:00	1.09525	1.09543	1.09514	1.09532	735	0	1
2024.01.05	21:25:00	1.09533	1.09548	1.09522	1.09536	778	0	1
2024.01.05	21:30:00	1.09536	1.09567	1.09527	1.09543	572	0	1
2024.01.05	21:35:00	1.09543	1.09560	1.09511	1.09513	769	0	1
2024.01.05	21:40:00	1.09511	1.09516	1.09473	1.09491	1074	0	1
2024.01.05	21:45:00	1.09491	1.09491	1.09460	1.09465	682	0	1
2024.01.05	21:50:00	1.09465	1.09483	1.09429	1.09457	1021	0	1
2024.01.05	21:55:00	1.09457	1.09473	1.09442	1.09452	1041	0	1
2024.01.05	22:00:00	1.09452	1.09473	1.09423	1.09433	761	0	1
2024.01.05	22:05:00	1.09433	1.09457	1.09427	1.09442	549	0	1
2024.01.05	22:10:00	1.09442	1.09443	1.09421	1.09433	611	0	1
2024.01.05	22:15:00	1.09432	1.09433	1.09384	1.09388	657	0	1
2024.01.05	22:20:00	1.09388	1.09420	1.09384	1.09406	656	0	1
2024.01.05	22:25:00	1.09406	1.09412	1.09392	1.09400	770	0	1
2024.01.05	22:30:00	1.09400	1.09413	1.09378	1.09399	667	0	1
2024.01.05	22:35:00	1.09399	1.09410	1.09372	1.09373	712	0	1
2024.01.05	22:40:00	1.09372	1.09397	1.09353	1.09397	849	0	1
2024.01.05	22:45:00	1.09398	1.09411	1.09381	1.09398	673	0	1
2024.01.05	22:50:00	1.09398	1.09416	1.09391	1.09412	521	0	1
2024.01.05	22:55:00	1.09412	1.09419	1.09376	1.09393	769	0	1
2024.01.05	23:00:00	1.09386	1.09392	1.09363	1.09377	507	0	15
2024.01.05	23:05:00	1.09376	1.09386	1.09363	1.09365	197	0	0
2024.01.05	23:10:00	1.09367	1.09384	1.09363	1.09377	243	0	15
2024.01.05	23:15:00	1.09376	1.09385	1.09370	1.09383	219	0	1
2024.01.05	23:20:00	1.09384	1.09397	1.09379	1.09389	174	0	0
2024.01.05	23:25:00	1.09388	1.09391	1.09380	1.09381	274	0	15
2024.01.05	23:30:00	1.09382	1.09388	1.09379	1.09383	184	0	3
2024.01.05	23:35:00	1.09383	1.09389	1.09376	1.09385	312	0	15
2024.01.05	23:40:00	1.09385	1.09386	1.09382	1.09385	100	0	15
2024.01.05	23:45:00	1.09384	1.09399	1.09382	1.09396	300	0	1
2024.01.05	23:50:00	1.09395	1.09411	1.09394	1.09403	296	0	1
2024.01.05	23:55:00	1.09403	1.09417	1.09387	1.09408	114	0	8
2024.01.08	00:00:00	1.09331	1.09431	1.09326	1.09383	17	0	50
2024.01.08	00:05:00	1.09398	1.09433	1.09375	1.09430	44	0	48
2024.01.08	00:10:00	1.09424	1.09433	1.09424	1.09430	18	0	39
2024.01.08	00:15:00	1.09430	1.09433	1.09404	1.09414	118	0	8
2024.01.08	00:20:00	1.09414	1.09439	1.09413	1.09432	166	0	8
2024.01.08	00:25:00	1.09432	1.09434	1.09414	1.09420	67	0	8
2024.01.08	00:30:00	1.09420	1.09434	1.09415	1.09432	131	0	8
2024.01.08	00:35:00	1.09432	1.09439	1.09422	1.09437	35	0	8
2024.01.08	00:40:00	1.09437	1.09448	1.09436	1.09438	24	0	8
2024.01.08	00:45:00	1.09438	1.09439	1.09428	1.09428	14	0	8
2024.01.08	00:50:00	1.09439	1.09453	1.09426	1.09441	44	0	8
2024.01.08	00:55:00	1.09441	1.09452	1.09420	1.09445	109	0	8
2024.01.08	01:00:00	1.09448	1.09462	1.09389	1.09398	498	0	3
2024.01.08	01:05:00	1.09398	1.09405	1.09381	1.09391	291	0	3
2024.01.08	01:10:00	1.09391	1.09399	1.09387	1.09391	233	0	3
2024.01.08	01:15:00	1.09392	1.09395	1.09383	1.09394	195	0	3
2024.01.08	01:20:00	1.09394	1.09402	1.09381	1.09381	143	0	3
2024.01.08	01:25:00	1.09382	1.09386	1.09353	1.09356	213	0	3
2024.01.08	01:30:00	1.09356	1.09371	1.09351	1.09363	117	0	3
2024.01.08	01:35:00	1.09365	1.09373	1.09349	1.09355	201	0	3
2024.01.08	01:40:00	1.09355	1.09375	1.09346	1.09374	218	0	3
2024.01.08	01:45:00	1.09373	1.09389	1.09371	1.09383	165	0	3
2024.01.08	01:50:00	1.09384	1.09400	1.09383	1.09396	103	0	1
2024.01.08	01:55:00	1.09398	1.09421	1.09395	1.09415	214	0	2
2024.01.08	02:00:00	1.09415	1.09431	1.09406	1.09428	233	0	3
2024.01.08	02:05:00	1.09428	1.09431	1.09399	1.09405	145	0	3
2024.01.08	02:10:00	1.09405	1.09441	1.09405	1.09441	176	0	3
2024.01.08	02:15:00	1.09436	1.09462	1.09436	1.09456	240	0	3
2024.01.08	02:20:00	1.09456	1.09464	1.09437	1.09444	245	0	3
2024.01.08	02:25:00	1.09446	1.09468	1.09444	1.09461	136	0	3
2024.01.08	02:30:00	1.09461	1.09465	1.09448	1.09465	153	0	3
2024.01.08	02:35:00	1.09464	1.09488	1.09460	1.09472	340	0	3
2024.01.08	02:40:00	1.09471	1.09478	1.09469	1.09476	366	0	3
2024.01.08	02:45:00	1.09476	1.09488	1.09473	1.09481	128	0	3
2024.01.08	02:50:00	1.09481	1.09488	1.09477	1.09479	251	0	3
2024.01.08	02:55:00	1.09478	1.09493	1.09472	1.09484	334	0	3
2024.01.08	03:00:00	1.09483	1.09488	1.09468	1.09485	343	0	3
2024.01.08	03:05:00	1.09485	1.09503	1.09479	1.09500	295	0	3
2024.01.08	03:10:00	1.09500	1.09506	1.09484	1.09490	226	0	3
2024.01.08	03:15:00	1.09490	1.09518	1.09482	1.09515	406	0	3
2024.01.08	03:20:00	1.09514	1.09522	1.09509	1.09512	360	0	3
2024.01.08	03:25:00	1.09514	1.09515	1.09492	1.09505	283	0	3
2024.01.08	03:30:00	1.09504	1.09522	1.09499	1.09518	485	0	3
2024.01.08	03:35:00	1.09518	1.09524	1.09496	1.09520	336	0	3
2024.01.08	03:40:00	1.09520	1.09525	1.09506	1.09521	397	0	3
2024.01.08	03:45:00	1.09520	1.09530	1.09510	1.09511	399	0	3
2024.01.08	03:50:00	1.09510	1.09516	1.09473	1.09477	330	0	3
2024.01.08	03:55:00	1.09475	1.09489	1.09470	1.09479	378	0	3
2024.01.08	04:00:00	1.09479	1.09479	1.09450	1.09462	421	0	3
2024.01.08	04:05:00	1.09462	1.09467	1.09447	1.09450	258	0	3
2024.01.08	04:10:00	1.09450	1.09454	1.09430	1.09434	324	0	3
2024.01.08	04:15:00	1.09435	1.09443	1.09426	1.09439	271	0	3
2024.01.08	04:20:00	1.09439	1.09453	1.09432	1.09436	179	0	3
2024.01.08	04:25:00	1.09436	1.09442	1.09422	1.09425	183	0	3
2024.01.08	04:30:00	1.09425	1.09428	1.09394	1.09398	411	0	3
2024.01.08	04:35:00	1.09398	1.09407	1.09394	1.09400	120	0	3
2024.01.08	04:40:00	1.09400	1.09407	1.09393	1.09400	162	0	3
2024.01.08	04:45:00	1.09400	1.09404	1.09393	1.09395	197	0	3
2024.01.08	04:50:00	1.09395	1.09403	1.09369	1.09373	317	0	3
2024.01.08	04:55:00	1.09373	1.09383	1.09359	1.09371	323	0	3
2024.01.08	05:00:00	1.09371	1.09372	1.09355	1.09359	302	0	3
2024.01.08	05:05:00	1.09359	1.09373	1.09352	1.09369	347	0	3
2024.01.08	05:10:00	1.09370	1.09383	1.09367	1.09375	256	0	3
2024.01.08	05:15:00	1.09375	1.09393	1.09371	1.09390	204	0	3
2024.01.08	05:20:00	1.09390	1.09393	1.09374	1.09385	205	0	3
2024.01.08	05:25:00	1.09385	1.09385	1.09371	1.09374	189	0	3
2024.01.08	05:30:00	1.09374	1.09374	1.09353	1.09360	183	0	3
2024.01.08	05:35:00	1.09360	1.09363	1.09339	1.09351	367	0	3
2024.01.08	05:40:00	1.09351	1.09354	1.09313	1.09330	432	0	3
2024.01.08	05:45:00	1.09331	1.09347	1.09329	1.09335	309	0	3
2024.01.08	05:50:00	1.09335	1.09343	1.09312	1.09320	336	0	3
2024.01.08	05:55:00	1.09320	1.09330	1.09310	1.09330	364	0	3
2024.01.08	06:00:00	1.09329	1.09342	1.09310	1.09312	328	0	3
2024.01.08	06:05:00	1.09313	1.09325	1.09303	1.09310	277	0	3
2024.01.08	06:10:00	1.09310	1.09322	1.09306	1.09320	261	0	3
2024.01.08	06:15:00	1.09320	1.09342	1.09320	1.09332	242	0	3
2024.01.08	06:20:00	1.09334	1.09353	1.09329	1.09349	252	0	3
2024.01.08	06:25:00	1.09349	1.09362	1.09346	1.09360	162	0	0
2024.01.08	06:30:00	1.09359	1.09362	1.09351	1.09353	113	0	3
2024.01.08	06:35:00	1.09353	1.09354	1.09341	1.09344	181	0	3
2024.01.08	06:40:00	1.09344	1.09371	1.09344	1.09360	195	0	3
2024.01.08	06:45:00	1.09360	1.09370	1.09354	1.09359	130	0	3
2024.01.08	06:50:00	1.09360	1.09365	1.09348	1.09360	210	0	3
2024.01.08	06:55:00	1.09360	1.09373	1.09336	1.09340	345	0	3
2024.01.08	07:00:00	1.09340	1.09342	1.09327	1.09336	344	0	3
2024.01.08	07:05:00	1.09336	1.09357	1.09335	1.09355	228	0	3
2024.01.08	07:10:00	1.09355	1.09360	1.09346	1.09355	236	0	3
2024.01.08	07:15:00	1.09355	1.09366	1.09346	1.09364	223	0	3
2024.01.08	07:20:00	1.09364	1.09364	1.09351	1.09354	218	0	3
2024.01.08	07:25:00	1.09354	1.09367	1.09353	1.09359	143	0	3
2024.01.08	07:30:00	1.09359	1.09359	1.09317	1.09329	327	0	3
2024.01.08	07:35:00	1.09332	1.09350	1.09321	1.09343	537	0	3
2024.01.08	07:40:00	1.09344	1.09350	1.09336	1.09347	345	0	3
2024.01.08	07:45:00	1.09347	1.09362	1.09341	1.09355	211	0	3
2024.01.08	07:50:00	1.09355	1.09376	1.09348	1.09371	303	0	3
2024.01.08	07:55:00	1.09372	1.09375	1.09361	1.09375	319	0	3
2024.01.08	08:00:00	1.09375	1.09387	1.09361	1.09382	363	0	3
2024.01.08	08:05:00	1.09382	1.09403	1.09378	1.09397	497	0	3
2024.01.08	08:10:00	1.09396	1.09407	1.09373	1.09403	423	0	3
2024.01.08	08:15:00	1.09402	1.09417	1.09400	1.09409	282	0	3
2024.01.08	08:20:00	1.09409	1.09427	1.09392	1.09423	385	0	3
2024.01.08	08:25:00	1.09422	1.09437	1.09412	1.09432	438	0	3
2024.01.08	08:30:00	1.09433	1.09433	1.09404	1.09415	465	0	1
2024.01.08	08:35:00	1.09415	1.09446	1.09414	1.09425	434	0	1
2024.01.08	08:40:00	1.09425	1.09441	1.09418	1.09430	310	0	1
2024.01.08	08:45:00	1.09430	1.09455	1.09428	1.09442	454	0	1
2024.01.08	08:50:00	1.09442	1.09467	1.09434	1.09465	428	0	1
2024.01.08	08:55:00	1.09465	1.09467	1.09455	1.09455	277	0	1
2024.01.08	09:00:00	1.09455	1.09486	1.09417	1.09477	1175	0	1
2024.01.08	09:05:00	1.09477	1.09507	1.09467	1.09502	1039	0	1
2024.01.08	09:10:00	1.09502	1.09523	1.09494	1.09509	911	0	1
2024.01.08	09:15:00	1.09509	1.09512	1.09449	1.09452	925	0	1
2024.01.08	09:20:00	1.09452	1.09467	1.09442	1.09464	673	0	1
2024.01.08	09:25:00	1.09464	1.09480	1.09452	1.09465	657	0	1
2024.01.08	09:30:00	1.09466	1.09476	1.09435	1.09436	663	0	0
2024.01.08	09:35:00	1.09436	1.09451	1.09402	1.09415	583	0	0
2024.01.08	09:40:00	1.09416	1.09456	1.09394	1.09450	813	0	0
2024.01.08	09:45:00	1.09451	1.09477	1.09449	1.09461	701	0	0
2024.01.08	09:50:00	1.09460	1.09486	1.09450	1.09461	724	0	0
2024.01.08	09:55:00	1.09461	1.09474	1.09440	1.09453	677	0	0
2024.01.08	10:00:00	1.09453	1.09455	1.09373	1.09379	1092	0	0
2024.01.08	10:05:00	1.09379	1.09390	1.09347	1.09387	1196	0	0
2024.01.08	10:10:00	1.09387	1.09407	1.09300	1.09323	1336	0	0
2024.01.08	10:15:00	1.09323	1.09358	1.09315	1.09351	966	0	0
2024.01.08	10:20:00	1.09350	1.09354	1.09321	1.09325	713	0	0
2024.01.08	10:25:00	1.09326	1.09328	1.09294	1.09325	910	0	0
2024.01.08	10:30:00	1.09325	1.09397	1.09324	1.09362	1110	0	0
2024.01.08	10:35:00	1.09361	1.09364	1.09332	1.09340	996	0	0
2024.01.08	10:40:00	1.09340	1.09370	1.09316	1.09339	763	0	0
2024.01.08	10:45:00	1.09339	1.09349	1.09330	1.09341	496	0	0
2024.01.08	10:50:00	1.09341	1.09360	1.09326	1.09329	619	0	0
2024.01.08	10:55:00	1.09329	1.09340	1.09316	1.09338	645	0	0
2024.01.08	11:00:00	1.09338	1.09344	1.09285	1.09289	922	0	0
2024.01.08	11:05:00	1.09289	1.09325	1.09273	1.09313	780	0	0
2024.01.08	11:10:00	1.09313	1.09320	1.09293	1.09311	617	0	0
2024.01.08	11:15:00	1.09311	1.09319	1.09274	1.09279	539	0	0
2024.01.08	11:20:00	1.09280	1.09285	1.09249	1.09256	689	0	0
2024.01.08	11:25:00	1.09255	1.09285	1.09255	1.09266	758	0	0
2024.01.08	11:30:00	1.09266	1.09266	1.09225	1.09254	968	0	0
2024.01.08	11:35:00	1.09255	1.09295	1.09240	1.09292	711	0	0
2024.01.08	11:40:00	1.09292	1.09341	1.09288	1.09326	692	0	0
2024.01.08	11:45:00	1.09325	1.09399	1.09324	1.09397	770	0	0
2024.01.08	11:50:00	1.09397	1.09402	1.09371	1.09402	618	0	0
2024.01.08	11:55:00	1.09402	1.09425	1.09370	1.09370	755	0	0
2024.01.08	12:00:00	1.09374	1.09411	1.09358	1.09366	845	0	0
2024.01.08	12:05:00	1.09366	1.09400	1.09354	1.09385	1024	0	0
2024.01.08	12:10:00	1.09385	1.09398	1.09361	1.09366	689	0	0
2024.01.08	12:15:00	1.09366	1.09403	1.09342	1.09385	625	0	0
2024.01.08	12:20:00	1.09385	1.09389	1.09365	1.09378	563	0	0
2024.01.08	12:25:00	1.09377	1.09386	1.09354	1.09374	470	0	0
2024.01.08	12:30:00	1.09375	1.09430	1.09375	1.09417	542	0	0
2024.01.08	12:35:00	1.09417	1.09417	1.09367	1.09374	562	0	0
2024.01.08	12:40:00	1.09374	1.09419	1.09373	1.09403	686	0	0
2024.01.08	12:45:00	1.09402	1.09436	1.09393	1.09410	513	0	0
2024.01.08	12:50:00	1.09410	1.09434	1.09407	1.09422	594	0	0
2024.01.08	12:55:00	1.09422	1.09431	1.09407	1.09425	590	0	0
2024.01.08	13:00:00	1.09425	1.09436	1.09401	1.09435	591	0	0
2024.01.08	13:05:00	1.09435	1.09440	1.09416	1.09431	600	0	0
2024.01.08	13:10:00	1.09431	1.09485	1.09431	1.09481	608	0	0
2024.01.08	13:15:00	1.09481	1.09502	1.09450	1.09461	816	0	0
2024.01.08	13:20:00	1.09461	1.09508	1.09433	1.09436	764	0	0
2024.01.08	13:25:00	1.09436	1.09442	1.09422	1.09425	704	0	0
2024.01.08	13:30:00	1.09425	1.09451	1.09421	1.09423	779	0	0
2024.01.08	13:35:00	1.09423	1.09425	1.09387	1.09390	828	0	0
2024.01.08	13:40:00	1.09390	1.09401	1.09376	1.09378	560	0	0
2024.01.08	13:45:00	1.09378	1.09394	1.09372	1.09380	589	0	0
2024.01.08	13:50:00	1.09381	1.09395	1.09368	1.09377	583	0	0
2024.01.08	13:55:00	1.09377	1.09403	1.09375	1.09380	437	0	0
2024.01.08	14:00:00	1.09380	1.09438	1.09375	1.09434	710	0	0
2024.01.08	14:05:00	1.09436	1.09483	1.09418	1.09454	1043	0	0
2024.01.08	14:10:00	1.09454	1.09481	1.09434	1.09479	894	0	0
2024.01.08	14:15:00	1.09479	1.09484	1.09421	1.09436	909	0	0
2024.01.08	14:20:00	1.09436	1.09454	1.09426	1.09441	656	0	0
2024.01.08	14:25:00	1.09441	1.09443	1.09418	1.09430	592	0	0
2024.01.08	14:30:00	1.09430	1.09435	1.09372	1.09381	895	0	0
2024.01.08	14:35:00	1.09381	1.09395	1.09378	1.09390	603	0	0
2024.01.08	14:40:00	1.09390	1.09424	1.09388	1.09421	667	0	0
2024.01.08	14:45:00	1.09421	1.09466	1.09411	1.09462	821	0	0
2024.01.08	14:50:00	1.09462	1.09472	1.09434	1.09455	710	0	0
2024.01.08	14:55:00	1.09455	1.09466	1.09426	1.09449	922	0	0
2024.01.08	15:00:00	1.09449	1.09496	1.09445	1.09473	1259	0	0
2024.01.08	15:05:00	1.09475	1.09478	1.09451	1.09459	933	0	0
2024.01.08	15:10:00	1.09460	1.09463	1.09425	1.09440	889	0	0
2024.01.08	15:15:00	1.09440	1.09465	1.09435	1.09457	826	0	0
2024.01.08	15:20:00	1.09457	1.09491	1.09436	1.09475	1365	0	0
2024.01.08	15:25:00	1.09475	1.09489	1.09461	1.09487	907	0	0
2024.01.08	15:30:00	1.09487	1.09536	1.09470	1.09505	1584	0	0
2024.01.08	15:35:00	1.09505	1.09564	1.09503	1.09539	1486	0	0
2024.01.08	15:40:00	1.09539	1.09562	1.09509	1.09526	1414	0	0
2024.01.08	15:45:00	1.09528	1.09528	1.09474	1.09494	1399	0	0
2024.01.08	15:50:00	1.09494	1.09515	1.09478	1.09498	1293	0	0
2024.01.08	15:55:00	1.09498	1.09523	1.09479	1.09508	1249	0	0
2024.01.08	16:00:00	1.09508	1.09560	1.09499	1.09521	1754	0	0
2024.01.08	16:05:00	1.09522	1.09542	1.09492	1.09533	1375	0	0
2024.01.08	16:10:00	1.09534	1.09588	1.09530	1.09558	1391	0	0
2024.01.08	16:15:00	1.09559	1.09586	1.09539	1.09581	1355	0	0
2024.01.08	16:20:00	1.09581	1.09598	1.09553	1.09556	1181	0	0
2024.01.08	16:25:00	1.09556	1.09569	1.09539	1.09556	1213	0	0
2024.01.08	16:30:00	1.09557	1.09603	1.09538	1.09600	1841	0	0
2024.01.08	16:35:00	1.09599	1.09628	1.09546	1.09579	2025	0	0
2024.01.08	16:40:00	1.09579	1.09612	1.09557	1.09571	1720	0	0
2024.01.08	16:45:00	1.09571	1.09611	1.09562	1.09590	1769	0	0
2024.01.08	16:50:00	1.09591	1.09606	1.09551	1.09561	1646	0	0
2024.01.08	16:55:00	1.09561	1.09612	1.09533	1.09601	1659	0	0
2024.01.08	17:00:00	1.09601	1.09617	1.09552	1.09615	1473	0	0
2024.01.08	17:05:00	1.09615	1.09644	1.09600	1.09632	1428	0	0
2024.01.08	17:10:00	1.09632	1.09669	1.09624	1.09640	1333	0	0
2024.01.08	17:15:00	1.09640	1.09709	1.09636	1.09692	1514	0	0
2024.01.08	17:20:00	1.09692	1.09693	1.09616	1.09638	1408	0	0
2024.01.08	17:25:00	1.09639	1.09720	1.09630	1.09694	1137	0	0
2024.01.08	17:30:00	1.09694	1.09718	1.09660	1.09680	1363	0	0
2024.01.08	17:35:00	1.09680	1.09686	1.09643	1.09668	1553	0	0
2024.01.08	17:40:00	1.09668	1.09699	1.09659	1.09689	1133	0	0
2024.01.08	17:45:00	1.09689	1.09725	1.09660	1.09724	1407	0	0
2024.01.08	17:50:00	1.09724	1.09748	1.09687	1.09708	1483	0	0
2024.01.08	17:55:00	1.09708	1.09731	1.09679	1.09697	1180	0	0
2024.01.08	18:00:00	1.09698	1.09740	1.09681	1.09684	1720	0	0
2024.01.08	18:05:00	1.09687	1.09773	1.09684	1.09751	1435	0	0
2024.01.08	18:10:00	1.09751	1.09788	1.09739	1.09765	1478	0	0
2024.01.08	18:15:00	1.09767	1.09768	1.09718	1.09734	1427	0	0
2024.01.08	18:20:00	1.09733	1.09770	1.09733	1.09751	1363	0	0
2024.01.08	18:25:00	1.09751	1.09754	1.09710	1.09730	1323	0	0
2024.01.08	18:30:00	1.09731	1.09742	1.09727	1.09741	774	0	0
2024.01.08	18:35:00	1.09741	1.09775	1.09726	1.09729	1036	0	0
2024.01.08	18:40:00	1.09729	1.09783	1.09729	1.09772	882	0	0
2024.01.08	18:45:00	1.09773	1.09789	1.09734	1.09740	772	0	0
2024.01.08	18:50:00	1.09740	1.09753	1.09716	1.09726	762	0	0
2024.01.08	18:55:00	1.09726	1.09757	1.09724	1.09754	858	0	0
2024.01.08	19:00:00	1.09754	1.09788	1.09748	1.09778	1205	0	1
2024.01.08	19:05:00	1.09777	1.09780	1.09749	1.09756	899	0	1
2024.01.08	19:10:00	1.09756	1.09763	1.09719	1.09729	806	0	1
2024.01.08	19:15:00	1.09729	1.09739	1.09700	1.09704	720	0	1
2024.01.08	19:20:00	1.09703	1.09710	1.09669	1.09680	1003	0	1
2024.01.08	19:25:00	1.09680	1.09697	1.09660	1.09679	886	0	1
2024.01.08	19:30:00	1.09679	1.09682	1.09634	1.09646	1057	0	1
2024.01.08	19:35:00	1.09645	1.09673	1.09633	1.09666	917	0	1
2024.01.08	19:40:00	1.09667	1.09671	1.09649	1.09655	520	0	1
2024.01.08	19:45:00	1.09656	1.09656	1.09622	1.09644	1011	0	1
2024.01.08	19:50:00	1.09642	1.09663	1.09632	1.09658	900	0	1
2024.01.08	19:55:00	1.09658	1.09664	1.09641	1.09646	533	0	1
2024.01.08	20:00:00	1.09646	1.09646	1.09619	1.09643	919	0	1
2024.01.08	20:05:00	1.09643	1.09659	1.09624	1.09627	590	0	1
2024.01.08	20:10:00	1.09628	1.09630	1.09600	1.09600	615	0	1
2024.01.08	20:15:00	1.09600	1.09610	1.09590	1.09606	665	0	1
2024.01.08	20:20:00	1.09605	1.09607	1.09592	1.09598	389	0	1
2024.01.08	20:25:00	1.09598	1.09600	1.09564	1.09576	765	0	1
2024.01.08	20:30:00	1.09575	1.09582	1.09516	1.09538	963	0	1
2024.01.08	20:35:00	1.09539	1.09546	1.09515	1.09515	586	0	1
2024.01.08	20:40:00	1.09517	1.09521	1.09487	1.09519	938	0	1
2024.01.08	20:45:00	1.09519	1.09543	1.09513	1.09536	638	0	1
2024.01.08	20:50:00	1.09536	1.09543	1.09523	1.09542	527	0	1
2024.01.08	20:55:00	1.09542	1.09558	1.09535	1.09554	608	0	1
2024.01.08	21:00:00	1.09554	1.09579	1.09529	1.09536	899	0	1
2024.01.08	21:05:00	1.09536	1.09558	1.09529	1.09552	554	0	1
2024.01.08	21:10:00	1.09552	1.09589	1.09548	1.09583	768	0	1
2024.01.08	21:15:00	1.09583	1.09594	1.09573	1.09582	531	0	1
2024.01.08	21:20:00	1.09582	1.09587	1.09571	1.09582	318	0	1
2024.01.08	21:25:00	1.09582	1.09602	1.09572	1.09576	697	0	1
2024.01.08	21:30:00	1.09576	1.09613	1.09574	1.09603	619	0	1
2024.01.08	21:35:00	1.09601	1.09608	1.09587	1.09592	396	0	1
2024.01.08	21:40:00	1.09592	1.09617	1.09584	1.09607	599	0	1
2024.01.08	21:45:00	1.09607	1.09629	1.09595	1.09616	526	0	1
2024.01.08	21:50:00	1.09616	1.09629	1.09613	1.09618	470	0	1
2024.01.08	21:55:00	1.09620	1.09627	1.09598	1.09610	729	0	1
2024.01.08	22:00:00	1.09610	1.09610	1.09561	1.09577	747	0	1
2024.01.08	22:05:00	1.09576	1.09576	1.09544	1.09556	548	0	1
2024.01.08	22:10:00	1.09557	1.09562	1.09497	1.09506	931	0	1
2024.01.08	22:15:00	1.09506	1.09522	1.09491	1.09521	706	0	1
2024.01.08	22:20:00	1.09521	1.09526	1.09507	1.09520	489	0	1
2024.01.08	22:25:00	1.09520	1.09535	1.09516	1.09531	696	0	1
2024.01.08	22:30:00	1.09531	1.09560	1.09526	1.09553	643	0	1
2024.01.08	22:35:00	1.09552	1.09568	1.09547	1.09550	626	0	1
2024.01.08	22:40:00	1.09552	1.09558	1.09524	1.09539	683	0	0
2024.01.08	22:45:00	1.09539	1.09539	1.09512	1.09517	850	0	1
2024.01.08	22:50:00	1.09517	1.09559	1.09516	1.09543	759	0	1
2024.01.08	22:55:00	1.09543	1.09568	1.09532	1.09539	743	0	1
2024.01.08	23:00:00	1.09538	1.09558	1.09532	1.09536	405	0	15
2024.01.08	23:05:00	1.09535	1.09552	1.09529	1.09551	302	0	10
2024.01.08	23:10:00	1.09546	1.09549	1.09539	1.09548	342	0	15
2024.01.08	23:15:00	1.09548	1.09552	1.09532	1.09534	242	0	15
2024.01.08	23:20:00	1.09534	1.09534	1.09522	1.09533	195	0	2
2024.01.08	23:25:00	1.09534	1.09536	1.09506	1.09509	434	0	15
2024.01.08	23:30:00	1.09508	1.09512	1.09492	1.09499	333	0	15
2024.01.08	23:35:00	1.09499	1.09516	1.09496	1.09511	155	0	3
2024.01.08	23:40:00	1.09511	1.09519	1.09496	1.09499	296	0	0
2024.01.08	23:45:00	1.09500	1.09505	1.09498	1.09502	236	0	15
2024.01.08	23:50:00	1.09502	1.09511	1.09497	1.09500	304	0	15
2024.01.08	23:55:00	1.09496	1.09501	1.09492	1.09496	110	0	1
2024.01.09	00:00:00	1.09525	1.09525	1.09450	1.09495	12	0	23
2024.01.09	00:05:00	1.09496	1.09510	1.09482	1.09510	25	0	22
2024.01.09	00:10:00	1.09510	1.09526	1.09494	1.09505	19	0	33
2024.01.09	00:15:00	1.09503	1.09524	1.09472	1.09501	564	0	8
2024.01.09	00:20:00	1.09498	1.09510	1.09485	1.09505	165	0	34
2024.01.09	00:25:00	1.09502	1.09525	1.09500	1.09505	134	0	31
2024.01.09	00:30:00	1.09505	1.09521	1.09496	1.09513	291	0	8
2024.01.09	00:35:00	1.09514	1.09522	1.09499	1.09517	392	0	8
2024.01.09	00:40:00	1.09517	1.09524	1.09505	1.09513	903	0	8
2024.01.09	00:45:00	1.09513	1.09515	1.09509	1.09511	123	0	8
2024.01.09	00:50:00	1.09512	1.09516	1.09485	1.09513	706	0	8
2024.01.09	00:55:00	1.09513	1.09550	1.09480	1.09512	1325	0	3
2024.01.09	01:00:00	1.09508	1.09527	1.09507	1.09510	212	0	3
2024.01.09	01:05:00	1.09510	1.09519	1.09503	1.09509	95	0	3
2024.01.09	01:10:00	1.09509	1.09515	1.09496	1.09513	152	0	3
2024.01.09	01:15:00	1.09514	1.09523	1.09512	1.09515	108	0	2
2024.01.09	01:20:00	1.09516	1.09521	1.09514	1.09516	71	0	3
2024.01.09	01:25:00	1.09515	1.09526	1.09515	1.09518	152	0	3
2024.01.09	01:30:00	1.09517	1.09519	1.09504	1.09518	119	0	2
2024.01.09	01:35:00	1.09518	1.09520	1.09506	1.09511	166	0	3
2024.01.09	01:40:00	1.09511	1.09518	1.09507	1.09511	78	0	3
2024.01.09	01:45:00	1.09511	1.09512	1.09500	1.09500	161	0	1
2024.01.09	01:50:00	1.09500	1.09508	1.09493	1.09495	92	0	3
2024.01.09	01:55:00	1.09495	1.09501	1.09494	1.09496	83	0	3
2024.01.09	02:00:00	1.09496	1.09522	1.09491	1.09515	344	0	3
2024.01.09	02:05:00	1.09514	1.09553	1.09507	1.09551	367	0	3
2024.01.09	02:10:00	1.09549	1.09568	1.09544	1.09564	441	0	3
2024.01.09	02:15:00	1.09564	1.09576	1.09544	1.09567	516	0	3
2024.01.09	02:20:00	1.09566	1.09574	1.09558	1.09560	347	0	3
2024.01.09	02:25:00	1.09561	1.09570	1.09543	1.09561	331	0	3
2024.01.09	02:30:00	1.09561	1.09588	1.09561	1.09581	430	0	3
2024.01.09	02:35:00	1.09581	1.09593	1.09575	1.09591	270	0	3
2024.01.09	02:40:00	1.09591	1.09592	1.09577	1.09577	404	0	3
2024.01.09	02:45:00	1.09577	1.09578	1.09566	1.09569	284	0	3
2024.01.09	02:50:00	1.09569	1.09572	1.09538	1.09542	465	0	3
2024.01.09	02:55:00	1.09541	1.09568	1.09540	1.09551	263	0	3
2024.01.09	03:00:00	1.09551	1.09569	1.09543	1.09562	385	0	3
2024.01.09	03:05:00	1.09562	1.09580	1.09551	1.09575	419	0	3
2024.01.09	03:10:00	1.09575	1.09578	1.09529	1.09532	418	0	3
2024.01.09	03:15:00	1.09532	1.09543	1.09523	1.09525	388	0	3
2024.01.09	03:20:00	1.09525	1.09550	1.09521	1.09537	358	0	3
2024.01.09	03:25:00	1.09537	1.09546	1.09528	1.09541	379	0	3
2024.01.09	03:30:00	1.09542	1.09550	1.09533	1.09536	484	0	3
2024.01.09	03:35:00	1.09536	1.09539	1.09519	1.09521	441	0	3
2024.01.09	03:40:00	1.09521	1.09543	1.09513	1.09526	486	0	3
2024.01.09	03:45:00	1.09527	1.09575	1.09526	1.09567	483	0	3
2024.01.09	03:50:00	1.09567	1.09614	1.09564	1.09607	450	0	3
2024.01.09	03:55:00	1.09607	1.09619	1.09599	1.09614	393	0	3
2024.01.09	04:00:00	1.09615	1.09634	1.09605	1.09627	676	0	3
2024.01.09	04:05:00	1.09627	1.09634	1.09619	1.09622	450	0	3
2024.01.09	04:10:00	1.09622	1.09625	1.09607	1.09613	371	0	3
2024.01.09	04:15:00	1.09613	1.09625	1.09609	1.09619	403	0	3
2024.01.09	04:20:00	1.09618	1.09645	1.09616	1.09641	344	0	3
2024.01.09	04:25:00	1.09641	1.09645	1.09613	1.09616	246	0	3
2024.01.09	04:30:00	1.09616	1.09621	1.09605	1.09618	245	0	3
2024.01.09	04:35:00	1.09618	1.09640	1.09608	1.09638	349	0	3
2024.01.09	04:40:00	1.09639	1.09641	1.09626	1.09636	256	0	3
2024.01.09	04:45:00	1.09636	1.09649	1.09619	1.09622	267	0	3
2024.01.09	04:50:00	1.09621	1.09630	1.09616	1.09628	193	0	3
2024.01.09	04:55:00	1.09628	1.09639	1.09624	1.09627	384	0	3
2024.01.09	05:00:00	1.09627	1.09632	1.09618	1.09627	296	0	3
2024.01.09	05:05:00	1.09627	1.09628	1.09611	1.09626	254	0	3
2024.01.09	05:10:00	1.09627	1.09644	1.09619	1.09632	279	0	3
2024.01.09	05:15:00	1.09632	1.09664	1.09632	1.09637	352	0	3
2024.01.09	05:20:00	1.09638	1.09646	1.09630	1.09638	296	0	3
2024.01.09	05:25:00	1.09638	1.09638	1.09627	1.09633	178	0	3
2024.01.09	05:30:00	1.09633	1.09644	1.09623	1.09628	288	0	3
2024.01.09	05:35:00	1.09627	1.09653	1.09617	1.09646	259	0	3
2024.01.09	05:40:00	1.09646	1.09649	1.09638	1.09642	232	0	3
2024.01.09	05:45:00	1.09642	1.09648	1.09633	1.09638	318	0	3
2024.01.09	05:50:00	1.09638	1.09638	1.09610	1.09613	273	0	3
2024.01.09	05:55:00	1.09613	1.09629	1.09605	1.09627	183	0	3
2024.01.09	06:00:00	1.09628	1.09630	1.09616	1.09625	237	0	3
2024.01.09	06:05:00	1.09625	1.09629	1.09604	1.09612	392	0	3
2024.01.09	06:10:00	1.09612	1.09612	1.09593	1.09597	162	0	3
2024.01.09	06:15:00	1.09597	1.09602	1.09573	1.09576	286	0	3
2024.01.09	06:20:00	1.09578	1.09581	1.09552	1.09556	390	0	3
2024.01.09	06:25:00	1.09556	1.09563	1.09532	1.09536	357	0	3
2024.01.09	06:30:00	1.09537	1.09556	1.09535	1.09549	286	0	3
2024.01.09	06:35:00	1.09550	1.09563	1.09544	1.09557	195	0	3
2024.01.09	06:40:00	1.09556	1.09564	1.09549	1.09550	236	0	3
2024.01.09	06:45:00	1.09550	1.09559	1.09545	1.09556	231	0	3
2024.01.09	06:50:00	1.09556	1.09589	1.09555	1.09586	210	0	3
2024.01.09	06:55:00	1.09586	1.09586	1.09555	1.09560	273	0	3
2024.01.09	07:00:00	1.09561	1.09563	1.09554	1.09558	199	0	0
2024.01.09	07:05:00	1.09558	1.09560	1.09542	1.09545	187	0	3
2024.01.09	07:10:00	1.09545	1.09550	1.09537	1.09541	222	0	3
2024.01.09	07:15:00	1.09541	1.09553	1.09530	1.09532	253	0	3
2024.01.09	07:20:00	1.09532	1.09534	1.09503	1.09510	448	0	3
2024.01.09	07:25:00	1.09510	1.09516	1.09485	1.09495	357	0	3
2024.01.09	07:30:00	1.09495	1.09512	1.09483	1.09506	335	0	3
2024.01.09	07:35:00	1.09507	1.09517	1.09505	1.09514	252	0	3
2024.01.09	07:40:00	1.09515	1.09517	1.09477	1.09483	399	0	3
2024.01.09	07:45:00	1.09482	1.09494	1.09481	1.09486	270	0	3
2024.01.09	07:50:00	1.09486	1.09497	1.09480	1.09486	325	0	3
2024.01.09	07:55:00	1.09486	1.09504	1.09486	1.09498	422	0	3
2024.01.09	08:00:00	1.09496	1.09509	1.09481	1.09485	389	0	3
2024.01.09	08:05:00	1.09485	1.09526	1.09478	1.09521	516	0	3
2024.01.09	08:10:00	1.09521	1.09533	1.09508	1.09525	555	0	3
2024.01.09	08:15:00	1.09524	1.09549	1.09519	1.09542	1032	0	3
2024.01.09	08:20:00	1.09544	1.09551	1.09525	1.09536	1099	0	3
2024.01.09	08:25:00	1.09536	1.09539	1.09505	1.09517	552	0	3
2024.01.09	08:30:00	1.09517	1.09519	1.09496	1.09515	486	0	1
2024.01.09	08:35:00	1.09515	1.09517	1.09496	1.09510	368	0	1
2024.01.09	08:40:00	1.09510	1.09529	1.09507	1.09524	582	0	1
2024.01.09	08:45:00	1.09524	1.09530	1.09496	1.09501	481	0	1
2024.01.09	08:50:00	1.09501	1.09514	1.09496	1.09508	332	0	1
2024.01.09	08:55:00	1.09508	1.09510	1.09484	1.09503	600	0	1
2024.01.09	09:00:00	1.09503	1.09504	1.09458	1.09491	1150	0	1
2024.01.09	09:05:00	1.09491	1.09543	1.09487	1.09542	977	0	1
2024.01.09	09:10:00	1.09542	1.09546	1.09514	1.09538	790	0	1
2024.01.09	09:15:00	1.09539	1.09583	1.09528	1.09579	847	0	1
2024.01.09	09:20:00	1.09579	1.09584	1.09554	1.09573	721	0	1
2024.01.09	09:25:00	1.09574	1.09592	1.09570	1.09581	732	0	1
2024.01.09	09:30:00	1.09584	1.09630	1.09580	1.09625	592	0	0
2024.01.09	09:35:00	1.09625	1.09628	1.09604	1.09616	523	0	0
2024.01.09	09:40:00	1.09616	1.09618	1.09593	1.09599	446	0	0
2024.01.09	09:45:00	1.09599	1.09605	1.09573	1.09584	551	0	0
2024.01.09	09:50:00	1.09584	1.09604	1.09581	1.09594	514	0	0
2024.01.09	09:55:00	1.09594	1.09596	1.09553	1.09566	738	0	0
2024.01.09	10:00:00	1.09566	1.09568	1.09528	1.09544	1154	0	0
2024.01.09	10:05:00	1.09543	1.09545	1.09493	1.09494	847	0	0
2024.01.09	10:10:00	1.09494	1.09494	1.09426	1.09427	1012	0	0
2024.01.09	10:15:00	1.09428	1.09428	1.09388	1.09424	914	0	0
2024.01.09	10:20:00	1.09424	1.09441	1.09419	1.09430	608	0	0
2024.01.09	10:25:00	1.09431	1.09441	1.09390	1.09405	843	0	0
2024.01.09	10:30:00	1.09405	1.09451	1.09405	1.09448	747	0	0
2024.01.09	10:35:00	1.09447	1.09459	1.09427	1.09433	838	0	0
2024.01.09	10:40:00	1.09433	1.09464	1.09418	1.09456	717	0	0
2024.01.09	10:45:00	1.09456	1.09484	1.09455	1.09471	461	0	0
2024.01.09	10:50:00	1.09471	1.09501	1.09468	1.09498	628	0	0
2024.01.09	10:55:00	1.09499	1.09519	1.09470	1.09500	784	0	0
2024.01.09	11:00:00	1.09500	1.09507	1.09485	1.09494	716	0	0
2024.01.09	11:05:00	1.09494	1.09495	1.09457	1.09459	586	0	0
2024.01.09	11:10:00	1.09457	1.09461	1.09380	1.09386	1115	0	0
2024.01.09	11:15:00	1.09385	1.09433	1.09382	1.09418	712	0	0
2024.01.09	11:20:00	1.09419	1.09423	1.09382	1.09387	835	0	0
2024.01.09	11:25:00	1.09387	1.09429	1.09383	1.09406	802	0	0
2024.01.09	11:30:00	1.09406	1.09441	1.09389	1.09431	723	0	0
2024.01.09	11:35:00	1.09431	1.09453	1.09417	1.09446	681	0	0
2024.01.09	11:40:00	1.09446	1.09451	1.09403	1.09415	621	0	0
2024.01.09	11:45:00	1.09415	1.09437	1.09409	1.09428	639	0	0
2024.01.09	11:50:00	1.09427	1.09436	1.09404	1.09429	723	0	0
2024.01.09	11:55:00	1.09429	1.09443	1.09415	1.09441	448	0	0
2024.01.09	12:00:00	1.09442	1.09460	1.09406	1.09417	610	0	0
2024.01.09	12:05:00	1.09417	1.09426	1.09368	1.09381	628	0	0
2024.01.09	12:10:00	1.09382	1.09406	1.09360	1.09367	585	0	0
2024.01.09	12:15:00	1.09367	1.09405	1.09366	1.09397	706	0	0
2024.01.09	12:20:00	1.09397	1.09419	1.09387	1.09402	531	0	0
2024.01.09	12:25:00	1.09401	1.09482	1.09401	1.09461	727	0	0
2024.01.09	12:30:00	1.09461	1.09468	1.09425	1.09466	723	0	0
2024.01.09	12:35:00	1.09466	1.09473	1.09429	1.09460	613	0	0
2024.01.09	12:40:00	1.09460	1.09464	1.09406	1.09409	852	0	0
2024.01.09	12:45:00	1.09409	1.09417	1.09335	1.09366	848	0	0
2024.01.09	12:50:00	1.09366	1.09370	1.09324	1.09349	535	0	0
2024.01.09	12:55:00	1.09349	1.09361	1.09328	1.09355	531	0	0
2024.01.09	13:00:00	1.09355	1.09360	1.09326	1.09351	505	0	0
2024.01.09	13:05:00	1.09351	1.09357	1.09327	1.09334	614	0	0
2024.01.09	13:10:00	1.09334	1.09334	1.09302	1.09308	757	0	0
2024.01.09	13:15:00	1.09308	1.09337	1.09308	1.09318	466	0	0
2024.01.09	13:20:00	1.09319	1.09330	1.09305	1.09325	705	0	0
2024.01.09	13:25:00	1.09325	1.09349	1.09322	1.09345	635	0	0
2024.01.09	13:30:00	1.09346	1.09347	1.09294	1.09306	461	0	0
2024.01.09	13:35:00	1.09306	1.09311	1.09286	1.09296	597	0	0
2024.01.09	13:40:00	1.09296	1.09303	1.09289	1.09295	475	0	0
2024.01.09	13:45:00	1.09295	1.09323	1.09289	1.09319	401	0	0
2024.01.09	13:50:00	1.09319	1.09322	1.09292	1.09308	519	0	0
2024.01.09	13:55:00	1.09307	1.09322	1.09294	1.09314	522	0	0
2024.01.09	14:00:00	1.09314	1.09323	1.09286	1.09291	681	0	0
2024.01.09	14:05:00	1.09291	1.09327	1.09288	1.09327	691	0	0
2024.01.09	14:10:00	1.09327	1.09338	1.09304	1.09323	941	0	0
2024.01.09	14:15:00	1.09322	1.09370	1.09318	1.09369	806	0	0
2024.01.09	14:20:00	1.09366	1.09415	1.09361	1.09409	1017	0	0
2024.01.09	14:25:00	1.09409	1.09416	1.09380	1.09394	916	0	0
2024.01.09	14:30:00	1.09395	1.09403	1.09327	1.09335	1298	0	0
2024.01.09	14:35:00	1.09335	1.09375	1.09330	1.09362	974	0	0
2024.01.09	14:40:00	1.09361	1.09361	1.09289	1.09325	932	0	0
2024.01.09	14:45:00	1.09325	1.09364	1.09319	1.09352	815	0	0
2024.01.09	14:50:00	1.09352	1.09381	1.09347	1.09371	907	0	0
2024.01.09	14:55:00	1.09371	1.09418	1.09371	1.09405	1374	0	0
2024.01.09	15:00:00	1.09406	1.09414	1.09363	1.09375	1103	0	0
2024.01.09	15:05:00	1.09375	1.09404	1.09359	1.09395	984	0	0
2024.01.09	15:10:00	1.09397	1.09468	1.09395	1.09457	1251	0	0
2024.01.09	15:15:00	1.09457	1.09468	1.09418	1.09422	1070	0	0
2024.01.09	15:20:00	1.09421	1.09421	1.09349	1.09357	1665	0	0
2024.01.09	15:25:00	1.09359	1.09368	1.09328	1.09363	1393	0	0
2024.01.09	15:30:00	1.09363	1.09386	1.09334	1.09372	1407	0	0
2024.01.09	15:35:00	1.09373	1.09457	1.09358	1.09448	1774	0	0
2024.01.09	15:40:00	1.09448	1.09448	1.09386	1.09391	1699	0	0
2024.01.09	15:45:00	1.09389	1.09436	1.09371	1.09414	1584	0	0
2024.01.09	15:50:00	1.09413	1.09425	1.09358	1.09412	1751	0	0
2024.01.09	15:55:00	1.09411	1.09469	1.09390	1.09462	1788	0	0
2024.01.09	16:00:00	1.09462	1.09475	1.09425	1.09425	1470	0	0
2024.01.09	16:05:00	1.09424	1.09447	1.09379	1.09439	1634	0	0
2024.01.09	16:10:00	1.09439	1.09457	1.09406	1.09424	1456	0	0
2024.01.09	16:15:00	1.09424	1.09458	1.09396	1.09417	1450	0	0
2024.01.09	16:20:00	1.09418	1.09420	1.09390	1.09398	1110	0	0
2024.01.09	16:25:00	1.09398	1.09456	1.09388	1.09425	1253	0	0
2024.01.09	16:30:00	1.09425	1.09494	1.09424	1.09478	1937	0	0
2024.01.09	16:35:00	1.09479	1.09514	1.09457	1.09465	2070	0	0
2024.01.09	16:40:00	1.09465	1.09474	1.09422	1.09432	1420	0	0
2024.01.09	16:45:00	1.09432	1.09469	1.09418	1.09423	1783	0	0
2024.01.09	16:50:00	1.09423	1.09454	1.09397	1.09427	1783	0	0
2024.01.09	16:55:00	1.09427	1.09458	1.09405	1.09455	1547	0	0
2024.01.09	17:00:00	1.09454	1.09469	1.09423	1.09437	1220	0	0
2024.01.09	17:05:00	1.09438	1.09440	1.09404	1.09408	1443	0	0
2024.01.09	17:10:00	1.09408	1.09440	1.09386	1.09413	1408	0	0
2024.01.09	17:15:00	1.09413	1.09450	1.09407	1.09429	1182	0	0
2024.01.09	17:20:00	1.09429	1.09430	1.09387	1.09397	1198	0	0
2024.01.09	17:25:00	1.09395	1.09406	1.09350	1.09370	1611	0	0
2024.01.09	17:30:00	1.09370	1.09375	1.09322	1.09360	1702	0	0
2024.01.09	17:35:00	1.09360	1.09375	1.09340	1.09346	1275	0	0
2024.01.09	17:40:00	1.09347	1.09350	1.09286	1.09287	1757	0	0
2024.01.09	17:45:00	1.09286	1.09291	1.09244	1.09250	1835	0	0
2024.01.09	17:50:00	1.09249	1.09263	1.09220	1.09222	1978	0	0
2024.01.09	17:55:00	1.09222	1.09245	1.09175	1.09179	2069	0	0
2024.01.09	18:00:00	1.09180	1.09208	1.09151	1.09169	2121	0	0
2024.01.09	18:05:00	1.09169	1.09169	1.09101	1.09119	1609	0	0
2024.01.09	18:10:00	1.09119	1.09175	1.09119	1.09166	1333	0	0
2024.01.09	18:15:00	1.09166	1.09207	1.09157	1.09199	1177	0	0
2024.01.09	18:20:00	1.09200	1.09266	1.09194	1.09261	1143	0	0
2024.01.09	18:25:00	1.09261	1.09283	1.09250	1.09262	1031	0	0
2024.01.09	18:30:00	1.09260	1.09279	1.09254	1.09275	1292	0	0
2024.01.09	18:35:00	1.09276	1.09300	1.09264	1.09285	927	0	0
2024.01.09	18:40:00	1.09285	1.09287	1.09224	1.09232	1266	0	0
2024.01.09	18:45:00	1.09234	1.09300	1.09229	1.09294	882	0	0
2024.01.09	18:50:00	1.09294	1.09333	1.09293	1.09324	841	0	0
2024.01.09	18:55:00	1.09322	1.09353	1.09319	1.09343	857	0	0
2024.01.09	19:00:00	1.09344	1.09353	1.09308	1.09311	1261	0	1
2024.01.09	19:05:00	1.09310	1.09351	1.09300	1.09340	1094	0	1
2024.01.09	19:10:00	1.09340	1.09365	1.09312	1.09325	1211	0	1
2024.01.09	19:15:00	1.09327	1.09343	1.09307	1.09317	1077	0	1
2024.01.09	19:20:00	1.09317	1.09334	1.09309	1.09325	1025	0	1
2024.01.09	19:25:00	1.09325	1.09391	1.09325	1.09378	1032	0	1
2024.01.09	19:30:00	1.09378	1.09391	1.09333	1.09372	852	0	1
2024.01.09	19:35:00	1.09372	1.09373	1.09335	1.09338	1113	0	1
2024.01.09	19:40:00	1.09338	1.09379	1.09334	1.09368	784	0	1
2024.01.09	19:45:00	1.09368	1.09385	1.09364	1.09370	683	0	1
2024.01.09	19:50:00	1.09370	1.09378	1.09339	1.09371	1002	0	1
2024.01.09	19:55:00	1.09371	1.09372	1.09332	1.09341	798	0	1
2024.01.09	20:00:00	1.09340	1.09404	1.09322	1.09389	1236	0	1
2024.01.09	20:05:00	1.09389	1.09397	1.09335	1.09338	1345	0	1
2024.01.09	20:10:00	1.09335	1.09378	1.09335	1.09376	1101	0	1
2024.01.09	20:15:00	1.09376	1.09391	1.09364	1.09368	1109	0	1
2024.01.09	20:20:00	1.09368	1.09371	1.09314	1.09317	1084	0	1
2024.01.09	20:25:00	1.09317	1.09318	1.09279	1.09281	1077	0	1
2024.01.09	20:30:00	1.09280	1.09286	1.09235	1.09251	1162	0	1
2024.01.09	20:35:00	1.09252	1.09282	1.09249	1.09254	983	0	1
2024.01.09	20:40:00	1.09254	1.09261	1.09231	1.09237	741	0	1
2024.01.09	20:45:00	1.09237	1.09255	1.09221	1.09242	809	0	1
2024.01.09	20:50:00	1.09241	1.09268	1.09230	1.09252	904	0	1
2024.01.09	20:55:00	1.09252	1.09259	1.09234	1.09243	789	0	1
2024.01.09	21:00:00	1.09242	1.09268	1.09234	1.09252	711	0	1
2024.01.09	21:05:00	1.09251	1.09287	1.09241	1.09270	909	0	1
2024.01.09	21:10:00	1.09269	1.09272	1.09242	1.09245	912	0	1
2024.01.09	21:15:00	1.09244	1.09244	1.09218	1.09236	698	0	1
2024.01.09	21:20:00	1.09236	1.09248	1.09226	1.09242	712	0	1
2024.01.09	21:25:00	1.09242	1.09242	1.09216	1.09227	722	0	1
2024.01.09	21:30:00	1.09227	1.09236	1.09205	1.09222	569	0	1
2024.01.09	21:35:00	1.09222	1.09233	1.09205	1.09213	494	0	1
2024.01.09	21:40:00	1.09212	1.09219	1.09198	1.09206	477	0	1
2024.01.09	21:45:00	1.09206	1.09217	1.09200	1.09216	604	0	1
2024.01.09	21:50:00	1.09216	1.09233	1.09207	1.09227	511	0	1
2024.01.09	21:55:00	1.09227	1.09254	1.09216	1.09252	747	0	1
2024.01.09	22:00:00	1.09253	1.09286	1.09250	1.09273	736	0	1
2024.01.09	22:05:00	1.09273	1.09282	1.09256	1.09269	773	0	1
2024.01.09	22:10:00	1.09269	1.09299	1.09268	1.09281	915	0	1
2024.01.09	22:15:00	1.09281	1.09284	1.09266	1.09277	598	0	1
2024.01.09	22:20:00	1.09277	1.09297	1.09272	1.09277	942	0	1
2024.01.09	22:25:00	1.09277	1.09285	1.09268	1.09280	627	0	1
2024.01.09	22:30:00	1.09281	1.09294	1.09272	1.09291	848	0	1
2024.01.09	22:35:00	1.09291	1.09296	1.09277	1.09285	514	0	1
2024.01.09	22:40:00	1.09284	1.09288	1.09268	1.09276	529	0	1
2024.01.09	22:45:00	1.09276	1.09276	1.09262	1.09263	514	0	1
2024.01.09	22:50:00	1.09264	1.09275	1.09247	1.09274	669	0	1
2024.01.09	22:55:00	1.09273	1.09286	1.09271	1.09273	573	0	1
2024.01.09	23:00:00	1.09274	1.09291	1.09269	1.09287	265	0	15
2024.01.09	23:05:00	1.09289	1.09294	1.09277	1.09284	315	0	15
2024.01.09	23:10:00	1.09284	1.09293	1.09280	1.09286	129	0	1
2024.01.09	23:15:00	1.09285	1.09294	1.09283	1.09290	177	0	15
2024.01.09	23:20:00	1.09291	1.09293	1.09282	1.09291	191	0	2
2024.01.09	23:25:00	1.09290	1.09304	1.09282	1.09292	238	0	3
2024.01.09	23:30:00	1.09292	1.09303	1.09290	1.09297	243	0	15
2024.01.09	23:35:00	1.09296	1.09299	1.09293	1.09295	109	0	15
2024.01.09	23:40:00	1.09296	1.09302	1.09292	1.09297	206	0	3
2024.01.09	23:45:00	1.09296	1.09303	1.09294	1.09302	173	0	3
2024.01.09	23:50:00	1.09303	1.09303	1.09299	1.09302	438	0	15
2024.01.09	23:55:00	1.09304	1.09309	1.09303	1.09305	74	0	9
2024.01.10	00:00:00	1.09305	1.09305	1.09251	1.09263	22	0	12
2024.01.10	00:05:00	1.09265	1.09271	1.09231	1.09242	21	0	28
2024.01.10	00:10:00	1.09245	1.09282	1.09245	1.09265	17	0	8
2024.01.10	00:15:00	1.09271	1.09291	1.09257	1.09286	211	0	8
2024.01.10	00:20:00	1.09286	1.09293	1.09281	1.09291	1052	0	8
2024.01.10	00:25:00	1.09291	1.09294	1.09263	1.09276	216	0	8
2024.01.10	00:30:00	1.09276	1.09293	1.09275	1.09290	908	0	8
2024.01.10	00:35:00	1.09291	1.09294	1.09288	1.09292	159	0	8
2024.01.10	00:40:00	1.09292	1.09294	1.09290	1.09291	113	0	8
2024.01.10	00:45:00	1.09290	1.09292	1.09286	1.09291	99	0	8
2024.01.10	00:50:00	1.09291	1.09293	1.09285	1.09290	85	0	8
2024.01.10	00:55:00	1.09289	1.09291	1.09283	1.09286	113	0	8
2024.01.10	01:00:00	1.09288	1.09318	1.09281	1.09315	182	0	3
2024.01.10	01:05:00	1.09315	1.09329	1.09315	1.09320	118	0	3
2024.01.10	01:10:00	1.09320	1.09322	1.09308	1.09320	70	0	3
2024.01.10	01:15:00	1.09320	1.09324	1.09314	1.09321	65	0	2
2024.01.10	01:20:00	1.09324	1.09324	1.09316	1.09319	51	0	3
2024.01.10	01:25:00	1.09319	1.09322	1.09316	1.09319	63	0	3
2024.01.10	01:30:00	1.09319	1.09320	1.09308	1.09311	112	0	3
2024.01.10	01:35:00	1.09311	1.09312	1.09294	1.09301	150	0	3
2024.01.10	01:40:00	1.09302	1.09307	1.09301	1.09303	81	0	2
2024.01.10	01:45:00	1.09303	1.09306	1.09302	1.09305	49	0	2
2024.01.10	01:50:00	1.09306	1.09313	1.09302	1.09302	48	0	3
2024.01.10	01:55:00	1.09302	1.09317	1.09302	1.09317	75	0	3
2024.01.10	02:00:00	1.09319	1.09344	1.09314	1.09340	288	0	3
2024.01.10	02:05:00	1.09340	1.09346	1.09335	1.09343	174	0	3
2024.01.10	02:10:00	1.09342	1.09355	1.09338	1.09353	182	0	3
2024.01.10	02:15:00	1.09353	1.09364	1.09341	1.09352	239	0	3
2024.01.10	02:20:00	1.09352	1.09359	1.09348	1.09355	156	0	3
2024.01.10	02:25:00	1.09355	1.09362	1.09351	1.09357	104	0	3
2024.01.10	02:30:00	1.09357	1.09359	1.09335	1.09349	320	0	3
2024.01.10	02:35:00	1.09349	1.09351	1.09316	1.09316	282	0	3
2024.01.10	02:40:00	1.09316	1.09325	1.09301	1.09302	360	0	3
2024.01.10	02:45:00	1.09304	1.09311	1.09287	1.09307	364	0	3
2024.01.10	02:50:00	1.09306	1.09335	1.09303	1.09327	570	0	3
2024.01.10	02:55:00	1.09326	1.09332	1.09301	1.09306	415	0	3
2024.01.10	03:00:00	1.09306	1.09309	1.09285	1.09289	420	0	3
2024.01.10	03:05:00	1.09289	1.09297	1.09267	1.09276	545	0	3
2024.01.10	03:10:00	1.09277	1.09284	1.09260	1.09272	522	0	3
2024.01.10	03:15:00	1.09272	1.09292	1.09264	1.09281	565	0	3
2024.01.10	03:20:00	1.09281	1.09289	1.09271	1.09276	366	0	3
2024.01.10	03:25:00	1.09277	1.09284	1.09265	1.09283	378	0	3
2024.01.10	03:30:00	1.09284	1.09296	1.09279	1.09290	474	0	3
2024.01.10	03:35:00	1.09289	1.09314	1.09286	1.09309	369	0	3
2024.01.10	03:40:00	1.09309	1.09334	1.09309	1.09314	366	0	3
2024.01.10	03:45:00	1.09314	1.09323	1.09296	1.09320	495	0	3
2024.01.10	03:50:00	1.09319	1.09322	1.09307	1.09312	315	0	3
2024.01.10	03:55:00	1.09313	1.09328	1.09313	1.09321	240	0	3
2024.01.10	04:00:00	1.09321	1.09340	1.09318	1.09321	436	0	3
2024.01.10	04:05:00	1.09321	1.09336	1.09320	1.09321	388	0	3
2024.01.10	04:10:00	1.09321	1.09328	1.09315	1.09321	322	0	3
2024.01.10	04:15:00	1.09321	1.09350	1.09320	1.09346	344	0	3
2024.01.10	04:20:00	1.09346	1.09351	1.09336	1.09336	245	0	3
2024.01.10	04:25:00	1.09337	1.09347	1.09330	1.09331	195	0	3
2024.01.10	04:30:00	1.09331	1.09335	1.09319	1.09326	208	0	3
2024.01.10	04:35:00	1.09326	1.09334	1.09314	1.09327	189	0	0
2024.01.10	04:40:00	1.09327	1.09342	1.09319	1.09341	188	0	3
2024.01.10	04:45:00	1.09341	1.09360	1.09335	1.09356	173	0	3
2024.01.10	04:50:00	1.09356	1.09360	1.09329	1.09330	190	0	3
2024.01.10	04:55:00	1.09330	1.09348	1.09315	1.09337	497	0	3
2024.01.10	05:00:00	1.09337	1.09347	1.09336	1.09343	241	0	3
2024.01.10	05:05:00	1.09342	1.09344	1.09320	1.09327	275	0	3
2024.01.10	05:10:00	1.09327	1.09337	1.09312	1.09331	344	0	3
2024.01.10	05:15:00	1.09331	1.09343	1.09330	1.09338	279	0	3
2024.01.10	05:20:00	1.09339	1.09359	1.09334	1.09336	394	0	3
2024.01.10	05:25:00	1.09336	1.09359	1.09333	1.09345	295	0	3
2024.01.10	05:30:00	1.09344	1.09348	1.09315	1.09321	302	0	3
2024.01.10	05:35:00	1.09321	1.09333	1.09314	1.09331	329	0	3
2024.01.10	05:40:00	1.09332	1.09335	1.09311	1.09316	248	0	3
2024.01.10	05:45:00	1.09317	1.09323	1.09306	1.09316	291	0	3
2024.01.10	05:50:00	1.09316	1.09321	1.09293	1.09300	337	0	3
2024.01.10	05:55:00	1.09300	1.09303	1.09275	1.09292	394	0	3
2024.01.10	06:00:00	1.09292	1.09303	1.09285	1.09297	199	0	3
2024.01.10	06:05:00	1.09297	1.09308	1.09296	1.09300	155	0	3
2024.01.10	06:10:00	1.09300	1.09309	1.09294	1.09306	196	0	3
2024.01.10	06:15:00	1.09307	1.09313	1.09306	1.09312	197	0	3
2024.01.10	06:20:00	1.09312	1.09314	1.09303	1.09308	160	0	3
2024.01.10	06:25:00	1.09308	1.09313	1.09297	1.09308	188	0	3
2024.01.10	06:30:00	1.09308	1.09312	1.09299	1.09305	217	0	3
2024.01.10	06:35:00	1.09305	1.09316	1.09304	1.09315	132	0	3
2024.01.10	06:40:00	1.09316	1.09327	1.09312	1.09323	218	0	3
2024.01.10	06:45:00	1.09321	1.09329	1.09318	1.09327	160	0	3
2024.01.10	06:50:00	1.09327	1.09328	1.09305	1.09311	185	0	3
2024.01.10	06:55:00	1.09311	1.09324	1.09307	1.09319	276	0	3
2024.01.10	07:00:00	1.09320	1.09327	1.09314	1.09321	208	0	3
2024.01.10	07:05:00	1.09322	1.09331	1.09309	1.09310	130	0	3
2024.01.10	07:10:00	1.09310	1.09312	1.09301	1.09310	168	0	0
2024.01.10	07:15:00	1.09310	1.09311	1.09305	1.09310	87	0	0
2024.01.10	07:20:00	1.09310	1.09313	1.09304	1.09307	152	0	3
2024.01.10	07:25:00	1.09307	1.09336	1.09305	1.09325	280	0	3
2024.01.10	07:30:00	1.09325	1.09342	1.09321	1.09336	269	0	3
2024.01.10	07:35:00	1.09334	1.09337	1.09324	1.09336	178	0	3
2024.01.10	07:40:00	1.09336	1.09338	1.09319	1.09327	169	0	3
2024.01.10	07:45:00	1.09327	1.09328	1.09303	1.09318	328	0	3
2024.01.10	07:50:00	1.09318	1.09323	1.09307	1.09318	287	0	3
2024.01.10	07:55:00	1.09318	1.09329	1.09313	1.09322	389	0	3
2024.01.10	08:00:00	1.09321	1.09323	1.09296	1.09303	407	0	3
2024.01.10	08:05:00	1.09302	1.09305	1.09279	1.09286	421	0	3
2024.01.10	08:10:00	1.09286	1.09293	1.09274	1.09286	412	0	3
2024.01.10	08:15:00	1.09286	1.09289	1.09267	1.09284	397	0	3
2024.01.10	08:20:00	1.09284	1.09335	1.09280	1.09325	555	0	3
2024.01.10	08:25:00	1.09325	1.09329	1.09304	1.09311	376	0	3
2024.01.10	08:30:00	1.09312	1.09314	1.09288	1.09293	423	0	1
2024.01.10	08:35:00	1.09293	1.09310	1.09283	1.09288	441	0	1
2024.01.10	08:40:00	1.09286	1.09291	1.09271	1.09278	441	0	1
2024.01.10	08:45:00	1.09278	1.09296	1.09259	1.09262	614	0	1
2024.01.10	08:50:00	1.09262	1.09269	1.09240	1.09254	689	0	1
2024.01.10	08:55:00	1.09254	1.09258	1.09234	1.09244	785	0	1
2024.01.10	09:00:00	1.09245	1.09292	1.09245	1.09275	1248	0	1
2024.01.10	09:05:00	1.09275	1.09295	1.09265	1.09283	934	0	1
2024.01.10	09:10:00	1.09284	1.09284	1.09246	1.09273	888	0	1
2024.01.10	09:15:00	1.09273	1.09304	1.09255	1.09301	809	0	1
2024.01.10	09:20:00	1.09301	1.09347	1.09284	1.09333	1116	0	1
2024.01.10	09:25:00	1.09333	1.09344	1.09310	1.09331	793	0	1
2024.01.10	09:30:00	1.09331	1.09374	1.09321	1.09366	655	0	0
2024.01.10	09:35:00	1.09366	1.09399	1.09365	1.09398	697	0	0
2024.01.10	09:40:00	1.09398	1.09404	1.09386	1.09398	629	0	0
2024.01.10	09:45:00	1.09398	1.09453	1.09398	1.09452	744	0	0
2024.01.10	09:50:00	1.09453	1.09454	1.09370	1.09376	909	0	0
2024.01.10	09:55:00	1.09376	1.09378	1.09259	1.09263	2000	0	0
2024.01.10	10:00:00	1.09263	1.09316	1.09228	1.09294	1926	0	0
2024.01.10	10:05:00	1.09293	1.09339	1.09293	1.09333	1096	0	0
2024.01.10	10:10:00	1.09332	1.09334	1.09294	1.09308	911	0	0
2024.01.10	10:15:00	1.09308	1.09345	1.09299	1.09340	764	0	0
2024.01.10	10:20:00	1.09340	1.09404	1.09336	1.09388	883	0	0
2024.01.10	10:25:00	1.09388	1.09421	1.09366	1.09409	878	0	0
2024.01.10	10:30:00	1.09409	1.09409	1.09372	1.09373	794	0	0
2024.01.10	10:35:00	1.09373	1.09393	1.09365	1.09392	683	0	0
2024.01.10	10:40:00	1.09393	1.09398	1.09371	1.09390	712	0	0
2024.01.10	10:45:00	1.09390	1.09424	1.09381	1.09410	807	0	0
2024.01.10	10:50:00	1.09411	1.09415	1.09385	1.09401	702	0	0
2024.01.10	10:55:00	1.09401	1.09449	1.09395	1.09434	911	0	0
2024.01.10	11:00:00	1.09435	1.09448	1.09415	1.09420	886	0	0
2024.01.10	11:05:00	1.09420	1.09474	1.09416	1.09454	883	0	0
2024.01.10	11:10:00	1.09454	1.09489	1.09451	1.09478	707	0	0
2024.01.10	11:15:00	1.09479	1.09493	1.09460	1.09480	601	0	0
2024.01.10	11:20:00	1.09480	1.09499	1.09477	1.09494	507	0	0
2024.01.10	11:25:00	1.09494	1.09497	1.09478	1.09479	330	0	0
2024.01.10	11:30:00	1.09478	1.09498	1.09474	1.09493	519	0	0
2024.01.10	11:35:00	1.09493	1.09519	1.09478	1.09491	630	0	0
2024.01.10	11:40:00	1.09490	1.09501	1.09476	1.09479	530	0	0
2024.01.10	11:45:00	1.09479	1.09479	1.09450	1.09461	571	0	0
2024.01.10	11:50:00	1.09461	1.09479	1.09449	1.09472	503	0	0
2024.01.10	11:55:00	1.09471	1.09491	1.09470	1.09473	356	0	0
2024.01.10	12:00:00	1.09472	1.09517	1.09452	1.09514	560	0	0
2024.01.10	12:05:00	1.09515	1.09545	1.09484	1.09487	807	0	0
2024.01.10	12:10:00	1.09487	1.09518	1.09482	1.09512	650	0	0
2024.01.10	12:15:00	1.09511	1.09525	1.09508	1.09515	444	0	0
2024.01.10	12:20:00	1.09515	1.09530	1.09493	1.09523	552	0	0
2024.01.10	12:25:00	1.09523	1.09549	1.09523	1.09532	556	0	0
2024.01.10	12:30:00	1.09533	1.09533	1.09491	1.09513	629	0	0
2024.01.10	12:35:00	1.09513	1.09528	1.09506	1.09508	468	0	0
2024.01.10	12:40:00	1.09507	1.09509	1.09472	1.09484	460	0	0
2024.01.10	12:45:00	1.09483	1.09524	1.09472	1.09520	372	0	0
2024.01.10	12:50:00	1.09520	1.09532	1.09496	1.09515	544	0	0
2024.01.10	12:55:00	1.09515	1.09519	1.09481	1.09492	372	0	0
2024.01.10	13:00:00	1.09493	1.09510	1.09481	1.09502	440	0	0
2024.01.10	13:05:00	1.09503	1.09515	1.09488	1.09507	358	0	0
2024.01.10	13:10:00	1.09507	1.09555	1.09506	1.09536	669	0	0
2024.01.10	13:15:00	1.09536	1.09537	1.09498	1.09511	429	0	0
2024.01.10	13:20:00	1.09510	1.09518	1.09493	1.09500	409	0	0
2024.01.10	13:25:00	1.09500	1.09502	1.09445	1.09446	601	0	0
2024.01.10	13:30:00	1.09446	1.09461	1.09433	1.09436	688	0	0
2024.01.10	13:35:00	1.09436	1.09452	1.09417	1.09422	338	0	0
2024.01.10	13:40:00	1.09422	1.09449	1.09416	1.09448	670	0	0
2024.01.10	13:45:00	1.09447	1.09463	1.09445	1.09454	542	0	0
2024.01.10	13:50:00	1.09453	1.09461	1.09432	1.09453	518	0	0
2024.01.10	13:55:00	1.09454	1.09472	1.09454	1.09460	325	0	0
2024.01.10	14:00:00	1.09460	1.09485	1.09455	1.09482	603	0	0
2024.01.10	14:05:00	1.09478	1.09507	1.09470	1.09471	770	0	0
2024.01.10	14:10:00	1.09475	1.09502	1.09456	1.09486	642	0	0
2024.01.10	14:15:00	1.09488	1.09493	1.09455	1.09460	574	0	0
2024.01.10	14:20:00	1.09460	1.09479	1.09450	1.09472	500	0	0
2024.01.10	14:25:00	1.09473	1.09497	1.09470	1.09487	541	0	0
2024.01.10	14:30:00	1.09487	1.09504	1.09468	1.09476	710	0	0
2024.01.10	14:35:00	1.09475	1.09492	1.09465	1.09467	546	0	0
2024.01.10	14:40:00	1.09469	1.09469	1.09429	1.09446	946	0	0
2024.01.10	14:45:00	1.09449	1.09463	1.09437	1.09447	715	0	0
2024.01.10	14:50:00	1.09445	1.09461	1.09434	1.09443	714	0	0
2024.01.10	14:55:00	1.09443	1.09471	1.09435	1.09441	1095	0	0
2024.01.10	15:00:00	1.09440	1.09448	1.09412	1.09445	1005	0	0
2024.01.10	15:05:00	1.09445	1.09475	1.09435	1.09450	944	0	0
2024.01.10	15:10:00	1.09450	1.09520	1.09450	1.09513	1157	0	0
2024.01.10	15:15:00	1.09513	1.09521	1.09448	1.09457	1299	0	0
2024.01.10	15:20:00	1.09456	1.09477	1.09431	1.09439	1100	0	0
2024.01.10	15:25:00	1.09439	1.09499	1.09420	1.09464	1364	0	0
2024.01.10	15:30:00	1.09465	1.09468	1.09430	1.09452	980	0	0
2024.01.10	15:35:00	1.09454	1.09488	1.09445	1.09478	892	0	0
2024.01.10	15:40:00	1.09479	1.09484	1.09424	1.09428	1015	0	0
2024.01.10	15:45:00	1.09428	1.09446	1.09416	1.09431	873	0	0
2024.01.10	15:50:00	1.09432	1.09438	1.09409	1.09428	821	0	0
2024.01.10	15:55:00	1.09427	1.09443	1.09403	1.09404	854	0	0
2024.01.10	16:00:00	1.09403	1.09417	1.09380	1.09384	1118	0	0
2024.01.10	16:05:00	1.09384	1.09402	1.09374	1.09397	940	0	0
2024.01.10	16:10:00	1.09397	1.09401	1.09371	1.09397	1065	0	0
2024.01.10	16:15:00	1.09397	1.09401	1.09351	1.09372	993	0	0
2024.01.10	16:20:00	1.09373	1.09383	1.09358	1.09370	793	0	0
2024.01.10	16:25:00	1.09372	1.09395	1.09368	1.09381	703	0	0
2024.01.10	16:30:00	1.09381	1.09406	1.09368	1.09386	1379	0	0
2024.01.10	16:35:00	1.09386	1.09399	1.09368	1.09379	959	0	0
2024.01.10	16:40:00	1.09379	1.09387	1.09330	1.09366	1564	0	0
2024.01.10	16:45:00	1.09366	1.09373	1.09324	1.09331	1401	0	0
2024.01.10	16:50:00	1.09327	1.09383	1.09320	1.09353	1553	0	0
2024.01.10	16:55:00	1.09352	1.09404	1.09318	1.09400	1862	0	0
2024.01.10	17:00:00	1.09398	1.09426	1.09354	1.09379	1726	0	0
2024.01.10	17:05:00	1.09379	1.09441	1.09369	1.09431	1618	0	0
2024.01.10	17:10:00	1.09430	1.09473	1.09426	1.09448	1179	0	0
2024.01.10	17:15:00	1.09447	1.09483	1.09442	1.09458	1381	0	0
2024.01.10	17:20:00	1.09458	1.09488	1.09453	1.09454	1059	0	0
2024.01.10	17:25:00	1.09454	1.09484	1.09440	1.09470	1409	0	0
2024.01.10	17:30:00	1.09470	1.09580	1.09468	1.09573	2041	0	0
2024.01.10	17:35:00	1.09574	1.09602	1.09560	1.09582	1256	0	0
2024.01.10	17:40:00	1.09581	1.09657	1.09576	1.09635	1571	0	0
2024.01.10	17:45:00	1.09637	1.09682	1.09632	1.09656	1587	0	0
2024.01.10	17:50:00	1.09656	1.09692	1.09649	1.09685	1565	0	0
2024.01.10	17:55:00	1.09685	1.09692	1.09662	1.09671	1446	0	0
2024.01.10	18:00:00	1.09671	1.09691	1.09657	1.09678	1616	0	0
2024.01.10	18:05:00	1.09678	1.09692	1.09650	1.09668	970	0	0
2024.01.10	18:10:00	1.09668	1.09672	1.09614	1.09618	1393	0	0
2024.01.10	18:15:00	1.09619	1.09627	1.09593	1.09614	1093	0	0
2024.01.10	18:20:00	1.09614	1.09639	1.09599	1.09608	970	0	0
2024.01.10	18:25:00	1.09609	1.09615	1.09568	1.09598	1131	0	0
2024.01.10	18:30:00	1.09597	1.09599	1.09552	1.09559	987	0	0
2024.01.10	18:35:00	1.09559	1.09562	1.09523	1.09532	835	0	0
2024.01.10	18:40:00	1.09530	1.09564	1.09529	1.09556	869	0	0
2024.01.10	18:45:00	1.09556	1.09586	1.09553	1.09573	790	0	0
2024.01.10	18:50:00	1.09571	1.09580	1.09535	1.09562	798	0	0
2024.01.10	18:55:00	1.09563	1.09598	1.09563	1.09590	719	0	0
2024.01.10	19:00:00	1.09591	1.09612	1.09579	1.09610	878	0	1
2024.01.10	19:05:00	1.09609	1.09635	1.09602	1.09629	853	0	1
2024.01.10	19:10:00	1.09629	1.09647	1.09620	1.09641	703	0	1
2024.01.10	19:15:00	1.09640	1.09655	1.09623	1.09651	725	0	1
2024.01.10	19:20:00	1.09651	1.09662	1.09647	1.09660	600	0	1
2024.01.10	19:25:00	1.09660	1.09669	1.09633	1.09660	765	0	1
2024.01.10	19:30:00	1.09659	1.09675	1.09652	1.09653	949	0	1
2024.01.10	19:35:00	1.09655	1.09681	1.09650	1.09681	682	0	1
2024.01.10	19:40:00	1.09680	1.09681	1.09654	1.09674	905	0	1
2024.01.10	19:45:00	1.09674	1.09678	1.09659	1.09665	506	0	1
2024.01.10	19:50:00	1.09664	1.09672	1.09651	1.09659	675	0	1
2024.01.10	19:55:00	1.09659	1.09674	1.09641	1.09670	684	0	0
2024.01.10	20:00:00	1.09671	1.09687	1.09636	1.09639	1237	0	1
2024.01.10	20:05:00	1.09641	1.09646	1.09606	1.09615	1227	0	1
2024.01.10	20:10:00	1.09615	1.09648	1.09592	1.09645	1038	0	1
2024.01.10	20:15:00	1.09645	1.09680	1.09636	1.09674	697	0	1
2024.01.10	20:20:00	1.09674	1.09678	1.09662	1.09674	395	0	1
2024.01.10	20:25:00	1.09675	1.09698	1.09670	1.09685	901	0	1
2024.01.10	20:30:00	1.09684	1.09692	1.09668	1.09678	608	0	1
2024.01.10	20:35:00	1.09678	1.09681	1.09650	1.09670	516	0	1
2024.01.10	20:40:00	1.09670	1.09688	1.09662	1.09672	459	0	1
2024.01.10	20:45:00	1.09672	1.09678	1.09656	1.09676	491	0	1
2024.01.10	20:50:00	1.09677	1.09694	1.09669	1.09693	400	0	1
2024.01.10	20:55:00	1.09692	1.09699	1.09687	1.09692	305	0	1
2024.01.10	21:00:00	1.09692	1.09709	1.09692	1.09704	554	0	1
2024.01.10	21:05:00	1.09707	1.09707	1.09670	1.09676	469	0	1
2024.01.10	21:10:00	1.09676	1.09701	1.09671	1.09689	456	0	1
2024.01.10	21:15:00	1.09688	1.09697	1.09676	1.09696	361	0	1
2024.01.10	21:20:00	1.09697	1.09698	1.09685	1.09692	290	0	1
2024.01.10	21:25:00	1.09692	1.09702	1.09686	1.09690	334	0	1
2024.01.10	21:30:00	1.09690	1.09699	1.09685	1.09685	267	0	0
2024.01.10	21:35:00	1.09684	1.09685	1.09666	1.09679	501	0	1
2024.01.10	21:40:00	1.09679	1.09706	1.09679	1.09696	519	0	1
2024.01.10	21:45:00	1.09696	1.09699	1.09667	1.09686	395	0	0
2024.01.10	21:50:00	1.09686	1.09710	1.09685	1.09695	608	0	1
2024.01.10	21:55:00	1.09694	1.09704	1.09690	1.09702	561	0	1
2024.01.10	22:00:00	1.09703	1.09713	1.09693	1.09703	450	0	1
2024.01.10	22:05:00	1.09703	1.09728	1.09701	1.09714	509	0	1
2024.01.10	22:10:00	1.09714	1.09715	1.09627	1.09657	981	0	1
2024.01.10	22:15:00	1.09656	1.09730	1.09617	1.09700	2624	0	1
2024.01.10	22:20:00	1.09700	1.09704	1.09633	1.09641	1515	0	1
2024.01.10	22:25:00	1.09642	1.09652	1.09629	1.09634	916	0	1
2024.01.10	22:30:00	1.09634	1.09661	1.09621	1.09653	742	0	1
2024.01.10	22:35:00	1.09653	1.09662	1.09628	1.09644	724	0	1
2024.01.10	22:40:00	1.09645	1.09651	1.09613	1.09634	981	0	1
2024.01.10	22:45:00	1.09634	1.09653	1.09619	1.09629	756	0	1
2024.01.10	22:50:00	1.09629	1.09653	1.09620	1.09651	652	0	1
2024.01.10	22:55:00	1.09651	1.09660	1.09640	1.09655	564	0	1
2024.01.10	23:00:00	1.09648	1.09667	1.09641	1.09659	336	0	15
2024.01.10	23:05:00	1.09658	1.09673	1.09648	1.09670	261	0	10
2024.01.10	23:10:00	1.09670	1.09679	1.09667	1.09677	189	0	15
2024.01.10	23:15:00	1.09678	1.09690	1.09676	1.09680	217	0	15
2024.01.10	23:20:00	1.09680	1.09695	1.09677	1.09695	249	0	15
2024.01.10	23:25:00	1.09693	1.09693	1.09684	1.09689	292	0	15
2024.01.10	23:30:00	1.09688	1.09699	1.09686	1.09698	315	0	15
2024.01.10	23:35:00	1.09699	1.09712	1.09694	1.09709	252	0	15
2024.01.10	23:40:00	1.09710	1.09719	1.09701	1.09713	244	0	3
2024.01.10	23:45:00	1.09714	1.09715	1.09705	1.09709	403	0	3
2024.01.10	23:50:00	1.09708	1.09716	1.09706	1.09714	309	0	15
2024.01.10	23:55:00	1.09721	1.09726	1.09714	1.09718	74	0	1
2024.01.11	00:00:00	1.09716	1.09718	1.09659	1.09686	13	0	14
2024.01.11	00:05:00	1.09670	1.09710	1.09670	1.09695	43	0	22
2024.01.11	00:10:00	1.09693	1.09712	1.09681	1.09684	36	0	12
2024.01.11	00:15:00	1.09700	1.09714	1.09687	1.09693	2648	0	8
2024.01.11	00:20:00	1.09693	1.09713	1.09689	1.09690	635	0	8
2024.01.11	00:25:00	1.09691	1.09720	1.09690	1.09716	683	0	8
2024.01.11	00:30:00	1.09716	1.09721	1.09700	1.09708	190	0	8
2024.01.11	00:35:00	1.09708	1.09709	1.09705	1.09706	23	0	8
2024.01.11	00:40:00	1.09706	1.09707	1.09704	1.09707	68	0	8
2024.01.11	00:45:00	1.09707	1.09711	1.09705	1.09711	88	0	8
2024.01.11	00:50:00	1.09711	1.09721	1.09704	1.09720	61	0	8
2024.01.11	00:55:00	1.09720	1.09727	1.09717	1.09727	46	0	3
2024.01.11	01:00:00	1.09730	1.09731	1.09709	1.09712	227	0	3
2024.01.11	01:05:00	1.09712	1.09726	1.09712	1.09726	106	0	3
2024.01.11	01:10:00	1.09726	1.09730	1.09723	1.09727	108	0	3
2024.01.11	01:15:00	1.09727	1.09731	1.09725	1.09726	48	0	3
2024.01.11	01:20:00	1.09725	1.09726	1.09714	1.09718	99	0	2
2024.01.11	01:25:00	1.09719	1.09735	1.09719	1.09726	125	0	3
2024.01.11	01:30:00	1.09727	1.09730	1.09724	1.09726	98	0	3
2024.01.11	01:35:00	1.09726	1.09734	1.09725	1.09730	44	0	3
2024.01.11	01:40:00	1.09730	1.09734	1.09726	1.09731	65	0	3
2024.01.11	01:45:00	1.09731	1.09743	1.09727	1.09736	90	0	2
2024.01.11	01:50:00	1.09734	1.09741	1.09730	1.09741	54	0	3
2024.01.11	01:55:00	1.09741	1.09747	1.09738	1.09740	149	0	3
2024.01.11	02:00:00	1.09740	1.09753	1.09739	1.09750	162	0	1
2024.01.11	02:05:00	1.09750	1.09753	1.09728	1.09735	157	0	0
2024.01.11	02:10:00	1.09735	1.09739	1.09732	1.09735	78	0	3
2024.01.11	02:15:00	1.09736	1.09762	1.09735	1.09746	331	0	3
2024.01.11	02:20:00	1.09747	1.09754	1.09740	1.09745	235	0	3
2024.01.11	02:25:00	1.09745	1.09763	1.09743	1.09754	140	0	3
2024.01.11	02:30:00	1.09755	1.09767	1.09750	1.09761	324	0	3
2024.01.11	02:35:00	1.09762	1.09766	1.09757	1.09759	172	0	3
2024.01.11	02:40:00	1.09760	1.09769	1.09748	1.09764	229	0	3
2024.01.11	02:45:00	1.09764	1.09778	1.09762	1.09771	266	0	3
2024.01.11	02:50:00	1.09770	1.09774	1.09755	1.09760	426	0	3
2024.01.11	02:55:00	1.09760	1.09788	1.09760	1.09777	462	0	3
2024.01.11	03:00:00	1.09778	1.09793	1.09768	1.09771	506	0	3
2024.01.11	03:05:00	1.09770	1.09780	1.09766	1.09774	519	0	3
2024.01.11	03:10:00	1.09773	1.09783	1.09770	1.09778	376	0	3
2024.01.11	03:15:00	1.09779	1.09787	1.09764	1.09771	332	0	3
2024.01.11	03:20:00	1.09771	1.09779	1.09755	1.09765	326	0	3
2024.01.11	03:25:00	1.09765	1.09774	1.09760	1.09769	317	0	3
2024.01.11	03:30:00	1.09769	1.09771	1.09751	1.09760	393	0	3
2024.01.11	03:35:00	1.09760	1.09771	1.09750	1.09755	365	0	3
2024.01.11	03:40:00	1.09755	1.09767	1.09755	1.09756	298	0	3
2024.01.11	03:45:00	1.09756	1.09786	1.09756	1.09779	379	0	3
2024.01.11	03:50:00	1.09780	1.09802	1.09777	1.09790	397	0	3
2024.01.11	03:55:00	1.09790	1.09792	1.09782	1.09787	249	0	3
2024.01.11	04:00:00	1.09787	1.09795	1.09778	1.09791	279	0	3
2024.01.11	04:05:00	1.09791	1.09793	1.09775	1.09779	223	0	3
2024.01.11	04:10:00	1.09779	1.09807	1.09773	1.09800	360	0	3
2024.01.11	04:15:00	1.09801	1.09849	1.09799	1.09840	777	0	3
2024.01.11	04:20:00	1.09841	1.09847	1.09804	1.09817	611	0	3
2024.01.11	04:25:00	1.09817	1.09817	1.09799	1.09801	322	0	3
2024.01.11	04:30:00	1.09800	1.09810	1.09786	1.09795	415	0	3
2024.01.11	04:35:00	1.09795	1.09796	1.09784	1.09786	260	0	3
2024.01.11	04:40:00	1.09786	1.09789	1.09769	1.09783	349	0	3
2024.01.11	04:45:00	1.09783	1.09786	1.09770	1.09779	270	0	3
2024.01.11	04:50:00	1.09779	1.09800	1.09775	1.09775	394	0	3
2024.01.11	04:55:00	1.09775	1.09780	1.09771	1.09780	209	0	3
2024.01.11	05:00:00	1.09780	1.09791	1.09777	1.09790	262	0	3
2024.01.11	05:05:00	1.09789	1.09790	1.09769	1.09780	257	0	3
2024.01.11	05:10:00	1.09779	1.09787	1.09776	1.09780	265	0	3
2024.01.11	05:15:00	1.09781	1.09798	1.09780	1.09794	195	0	3
2024.01.11	05:20:00	1.09794	1.09795	1.09788	1.09790	133	0	3
2024.01.11	05:25:00	1.09789	1.09794	1.09781	1.09788	218	0	3
2024.01.11	05:30:00	1.09788	1.09810	1.09781	1.09805	347	0	3
2024.01.11	05:35:00	1.09805	1.09805	1.09793	1.09796	192	0	3
2024.01.11	05:40:00	1.09796	1.09805	1.09788	1.09788	129	0	3
2024.01.11	05:45:00	1.09789	1.09790	1.09780	1.09790	128	0	3
2024.01.11	05:50:00	1.09790	1.09800	1.09787	1.09792	204	0	3
2024.01.11	05:55:00	1.09792	1.09811	1.09786	1.09803	234	0	3
2024.01.11	06:00:00	1.09803	1.09828	1.09799	1.09826	152	0	3
2024.01.11	06:05:00	1.09825	1.09826	1.09814	1.09817	191	0	3
2024.01.11	06:10:00	1.09817	1.09817	1.09800	1.09811	214	0	3
2024.01.11	06:15:00	1.09809	1.09815	1.09792	1.09792	213	0	3
2024.01.11	06:20:00	1.09792	1.09811	1.09790	1.09810	285	0	3
2024.01.11	06:25:00	1.09810	1.09810	1.09792	1.09797	234	0	3
2024.01.11	06:30:00	1.09796	1.09800	1.09790	1.09798	126	0	3
2024.01.11	06:35:00	1.09798	1.09800	1.09779	1.09779	462	0	3
2024.01.11	06:40:00	1.09780	1.09792	1.09773	1.09787	223	0	3
2024.01.11	06:45:00	1.09786	1.09795	1.09784	1.09791	229	0	3
2024.01.11	06:50:00	1.09791	1.09800	1.09788	1.09797	282	0	3
2024.01.11	06:55:00	1.09797	1.09797	1.09775	1.09777	207	0	3
2024.01.11	07:00:00	1.09777	1.09781	1.09754	1.09771	338	0	3
2024.01.11	07:05:00	1.09771	1.09794	1.09769	1.09793	273	0	3
2024.01.11	07:10:00	1.09793	1.09814	1.09788	1.09812	396	0	3
2024.01.11	07:15:00	1.09812	1.09813	1.09800	1.09802	226	0	3
2024.01.11	07:20:00	1.09804	1.09806	1.09790	1.09794	265	0	3
2024.01.11	07:25:00	1.09793	1.09803	1.09781	1.09795	343	0	3
2024.01.11	07:30:00	1.09795	1.09799	1.09780	1.09786	201	0	3
2024.01.11	07:35:00	1.09787	1.09796	1.09784	1.09787	168	0	3
2024.01.11	07:40:00	1.09787	1.09799	1.09783	1.09791	206	0	3
2024.01.11	07:45:00	1.09792	1.09804	1.09789	1.09791	137	0	3
2024.01.11	07:50:00	1.09791	1.09804	1.09789	1.09796	266	0	3
2024.01.11	07:55:00	1.09797	1.09801	1.09777	1.09782	348	0	3
2024.01.11	08:00:00	1.09781	1.09786	1.09743	1.09757	527	0	3
2024.01.11	08:05:00	1.09757	1.09799	1.09755	1.09797	396	0	3
2024.01.11	08:10:00	1.09796	1.09800	1.09788	1.09790	373	0	3
2024.01.11	08:15:00	1.09791	1.09801	1.09780	1.09797	302	0	3
2024.01.11	08:20:00	1.09797	1.09829	1.09796	1.09820	495	0	3
2024.01.11	08:25:00	1.09821	1.09843	1.09818	1.09836	578	0	3
2024.01.11	08:30:00	1.09837	1.09870	1.09828	1.09854	620	0	1
2024.01.11	08:35:00	1.09854	1.09873	1.09846	1.09849	614	0	1
2024.01.11	08:40:00	1.09847	1.09886	1.09844	1.09861	682	0	1
2024.01.11	08:45:00	1.09861	1.09865	1.09845	1.09849	358	0	1
2024.01.11	08:50:00	1.09849	1.09861	1.09840	1.09843	346	0	1
2024.01.11	08:55:00	1.09843	1.09864	1.09834	1.09858	444	0	1
2024.01.11	09:00:00	1.09858	1.09864	1.09837	1.09848	716	0	1
2024.01.11	09:05:00	1.09848	1.09868	1.09835	1.09859	719	0	1
2024.01.11	09:10:00	1.09859	1.09868	1.09849	1.09850	600	0	1
2024.01.11	09:15:00	1.09847	1.09860	1.09832	1.09837	550	0	1
2024.01.11	09:20:00	1.09837	1.09854	1.09830	1.09833	388	0	1
2024.01.11	09:25:00	1.09833	1.09844	1.09825	1.09827	488	0	1
2024.01.11	09:30:00	1.09827	1.09829	1.09799	1.09822	448	0	0
2024.01.11	09:35:00	1.09822	1.09825	1.09803	1.09817	413	0	0
2024.01.11	09:40:00	1.09817	1.09831	1.09790	1.09796	443	0	0
2024.01.11	09:45:00	1.09796	1.09822	1.09782	1.09783	392	0	0
2024.01.11	09:50:00	1.09783	1.09794	1.09773	1.09787	628	0	0
2024.01.11	09:55:00	1.09787	1.09796	1.09775	1.09789	525	0	0
2024.01.11	10:00:00	1.09789	1.09797	1.09729	1.09736	1013	0	0
2024.01.11	10:05:00	1.09736	1.09760	1.09717	1.09757	988	0	0
2024.01.11	10:10:00	1.09756	1.09783	1.09753	1.09757	671	0	0
2024.01.11	10:15:00	1.09757	1.09781	1.09747	1.09769	697	0	0
2024.01.11	10:20:00	1.09769	1.09808	1.09757	1.09792	624	0	0
2024.01.11	10:25:00	1.09792	1.09805	1.09782	1.09804	492	0	0
2024.01.11	10:30:00	1.09804	1.09815	1.09767	1.09777	653	0	0
2024.01.11	10:35:00	1.09776	1.09796	1.09773	1.09783	568	0	0
2024.01.11	10:40:00	1.09784	1.09793	1.09746	1.09753	706	0	0
2024.01.11	10:45:00	1.09753	1.09758	1.09721	1.09732	659	0	0
2024.01.11	10:50:00	1.09732	1.09747	1.09728	1.09731	461	0	0
2024.01.11	10:55:00	1.09731	1.09754	1.09724	1.09751	586	0	0
2024.01.11	11:00:00	1.09751	1.09753	1.09717	1.09721	724	0	0
2024.01.11	11:05:00	1.09720	1.09720	1.09688	1.09692	806	0	0
2024.01.11	11:10:00	1.09692	1.09696	1.09666	1.09680	748	0	0
2024.01.11	11:15:00	1.09682	1.09683	1.09657	1.09660	616	0	0
2024.01.11	11:20:00	1.09660	1.09688	1.09657	1.09687	509	0	0
2024.01.11	11:25:00	1.09687	1.09688	1.09673	1.09677	440	0	0
2024.01.11	11:30:00	1.09678	1.09678	1.09599	1.09646	994	0	0
2024.01.11	11:35:00	1.09646	1.09648	1.09613	1.09619	809	0	0
2024.01.11	11:40:00	1.09619	1.09619	1.09589	1.09596	968	0	0
2024.01.11	11:45:00	1.09596	1.09627	1.09593	1.09623	689	0	0
2024.01.11	11:50:00	1.09623	1.09655	1.09612	1.09646	660	0	0
2024.01.11	11:55:00	1.09646	1.09659	1.09627	1.09638	464	0	0
2024.01.11	12:00:00	1.09637	1.09648	1.09615	1.09618	802	0	0
2024.01.11	12:05:00	1.09618	1.09630	1.09587	1.09622	719	0	0
2024.01.11	12:10:00	1.09622	1.09635	1.09606	1.09633	578	0	0
2024.01.11	12:15:00	1.09634	1.09664	1.09631	1.09662	639	0	0
2024.01.11	12:20:00	1.09662	1.09674	1.09652	1.09662	548	0	0
2024.01.11	12:25:00	1.09662	1.09680	1.09650	1.09654	587	0	0
2024.01.11	12:30:00	1.09654	1.09663	1.09644	1.09662	519	0	0
2024.01.11	12:35:00	1.09662	1.09684	1.09645	1.09658	547	0	0
2024.01.11	12:40:00	1.09658	1.09672	1.09645	1.09661	499	0	0
2024.01.11	12:45:00	1.09661	1.09670	1.09637	1.09641	527	0	0
2024.01.11	12:50:00	1.09641	1.09657	1.09636	1.09641	418	0	0
2024.01.11	12:55:00	1.09640	1.09698	1.09628	1.09688	614	0	0
2024.01.11	13:00:00	1.09688	1.09738	1.09674	1.09728	1000	0	0
2024.01.11	13:05:00	1.09728	1.09777	1.09723	1.09762	914	0	0
2024.01.11	13:10:00	1.09761	1.09777	1.09753	1.09771	571	0	0
2024.01.11	13:15:00	1.09771	1.09825	1.09757	1.09819	773	0	0
2024.01.11	13:20:00	1.09820	1.09825	1.09802	1.09810	536	0	0
2024.01.11	13:25:00	1.09811	1.09817	1.09795	1.09806	416	0	0
2024.01.11	13:30:00	1.09807	1.09818	1.09790	1.09803	435	0	0
2024.01.11	13:35:00	1.09803	1.09814	1.09775	1.09787	551	0	0
2024.01.11	13:40:00	1.09786	1.09804	1.09780	1.09792	366	0	0
2024.01.11	13:45:00	1.09792	1.09807	1.09773	1.09780	448	0	0
2024.01.11	13:50:00	1.09780	1.09805	1.09779	1.09799	371	0	0
2024.01.11	13:55:00	1.09799	1.09804	1.09773	1.09788	479	0	0
2024.01.11	14:00:00	1.09787	1.09800	1.09764	1.09768	631	0	0
2024.01.11	14:05:00	1.09768	1.09794	1.09761	1.09786	601	0	0
2024.01.11	14:10:00	1.09787	1.09811	1.09782	1.09807	450	0	0
2024.01.11	14:15:00	1.09806	1.09809	1.09762	1.09763	739	0	0
2024.01.11	14:20:00	1.09767	1.09788	1.09761	1.09776	556	0	0
2024.01.11	14:25:00	1.09776	1.09790	1.09771	1.09783	436	0	0
2024.01.11	14:30:00	1.09783	1.09830	1.09780	1.09811	910	0	0
2024.01.11	14:35:00	1.09809	1.09840	1.09800	1.09829	813	0	0
2024.01.11	14:40:00	1.09829	1.09851	1.09817	1.09846	731	0	0
2024.01.11	14:45:00	1.09846	1.09889	1.09840	1.09880	932	0	0
2024.01.11	14:50:00	1.09882	1.09906	1.09874	1.09896	846	0	0
2024.01.11	14:55:00	1.09894	1.09899	1.09832	1.09840	1041	0	0
2024.01.11	15:00:00	1.09840	1.09866	1.09832	1.09842	1204	0	0
2024.01.11	15:05:00	1.09843	1.09878	1.09837	1.09867	762	0	0
2024.01.11	15:10:00	1.09867	1.09882	1.09826	1.09857	1108	0	0
2024.01.11	15:15:00	1.09857	1.09874	1.09848	1.09861	926	0	0
2024.01.11	15:20:00	1.09862	1.09902	1.09857	1.09868	1431	0	0
2024.01.11	15:25:00	1.09868	1.09910	1.09863	1.09882	1489	0	0
2024.01.11	15:30:00	1.09881	1.10004	1.09400	1.09653	7526	0	0
2024.01.11	15:35:00	1.09654	1.09821	1.09596	1.09649	6555	0	0
2024.01.11	15:40:00	1.09649	1.09675	1.09510	1.09528	4903	0	0
2024.01.11	15:45:00	1.09529	1.09659	1.09448	1.09485	2933	0	0
2024.01.11	15:50:00	1.09485	1.09505	1.09354	1.09375	4010	0	0
2024.01.11	15:55:00	1.09374	1.09452	1.09369	1.09400	3730	0	0
2024.01.11	16:00:00	1.09400	1.09405	1.09328	1.09342	3389	0	0
2024.01.11	16:05:00	1.09342	1.09411	1.09312	1.09386	2839	0	0
2024.01.11	16:10:00	1.09386	1.09488	1.09376	1.09480	2662	0	0
2024.01.11	16:15:00	1.09480	1.09553	1.09469	1.09511	2463	0	0
2024.01.11	16:20:00	1.09510	1.09561	1.09437	1.09543	2485	0	0
2024.01.11	16:25:00	1.09543	1.09638	1.09537	1.09579	2950	0	0
2024.01.11	16:30:00	1.09580	1.09653	1.09552	1.09646	4013	0	0
2024.01.11	16:35:00	1.09646	1.09736	1.09575	1.09603	5114	0	0
2024.01.11	16:40:00	1.09603	1.09643	1.09478	1.09527	3668	0	0
2024.01.11	16:45:00	1.09527	1.09542	1.09456	1.09494	2876	0	0
2024.01.11	16:50:00	1.09495	1.09522	1.09451	1.09504	2664	0	0
2024.01.11	16:55:00	1.09505	1.09560	1.09502	1.09540	2575	0	0
2024.01.11	17:00:00	1.09540	1.09543	1.09397	1.09406	2890	0	0
2024.01.11	17:05:00	1.09408	1.09435	1.09351	1.09364	3108	0	0
2024.01.11	17:10:00	1.09364	1.09387	1.09299	1.09309	2850	0	0
2024.01.11	17:15:00	1.09306	1.09438	1.09302	1.09437	2732	0	0
2024.01.11	17:20:00	1.09437	1.09507	1.09427	1.09453	2638	0	0
2024.01.11	17:25:00	1.09452	1.09510	1.09409	1.09473	2767	0	0
2024.01.11	17:30:00	1.09473	1.09569	1.09471	1.09485	2517	0	0
2024.01.11	17:35:00	1.09486	1.09587	1.09478	1.09569	2965	0	0
2024.01.11	17:40:00	1.09567	1.09630	1.09542	1.09621	2720	0	0
2024.01.11	17:45:00	1.09621	1.09623	1.09526	1.09540	2728	0	0
2024.01.11	17:50:00	1.09541	1.09547	1.09436	1.09441	3060	0	0
2024.01.11	17:55:00	1.09440	1.09485	1.09415	1.09465	2239	0	0
2024.01.11	18:00:00	1.09466	1.09496	1.09441	1.09494	2068	0	0
2024.01.11	18:05:00	1.09494	1.09514	1.09440	1.09452	1765	0	0
2024.01.11	18:10:00	1.09452	1.09494	1.09439	1.09455	1642	0	0
2024.01.11	18:15:00	1.09454	1.09524	1.09433	1.09502	1751	0	0
2024.01.11	18:20:00	1.09502	1.09545	1.09478	1.09492	1930	0	0
2024.01.11	18:25:00	1.09492	1.09501	1.09443	1.09472	2015	0	0
2024.01.11	18:30:00	1.09472	1.09477	1.09421	1.09434	1474	0	0
2024.01.11	18:35:00	1.09433	1.09471	1.09406	1.09412	1492	0	0
2024.01.11	18:40:00	1.09410	1.09472	1.09398	1.09436	1691	0	0
2024.01.11	18:45:00	1.09436	1.09556	1.09424	1.09551	1631	0	0
2024.01.11	18:50:00	1.09551	1.09576	1.09396	1.09411	2757	0	0
2024.01.11	18:55:00	1.09412	1.09426	1.09364	1.09422	1743	0	0
2024.01.11	19:00:00	1.09423	1.09508	1.09420	1.09483	1855	0	1
2024.01.11	19:05:00	1.09484	1.09512	1.09443	1.09460	1803	0	1
2024.01.11	19:10:00	1.09460	1.09525	1.09446	1.09518	1690	0	1
2024.01.11	19:15:00	1.09518	1.09536	1.09470	1.09478	1625	0	1
2024.01.11	19:20:00	1.09479	1.09509	1.09455	1.09492	1757	0	1
2024.01.11	19:25:00	1.09492	1.09507	1.09442	1.09459	1533	0	1
2024.01.11	19:30:00	1.09459	1.09477	1.09422	1.09441	1288	0	1
2024.01.11	19:35:00	1.09440	1.09445	1.09412	1.09434	1268	0	1
2024.01.11	19:40:00	1.09434	1.09505	1.09425	1.09502	1509	0	1
2024.01.11	19:45:00	1.09501	1.09523	1.09486	1.09500	1275	0	1
2024.01.11	19:50:00	1.09501	1.09545	1.09495	1.09537	1070	0	1
2024.01.11	19:55:00	1.09537	1.09537	1.09496	1.09509	1030	0	1
2024.01.11	20:00:00	1.09508	1.09560	1.09497	1.09542	1856	0	1
2024.01.11	20:05:00	1.09542	1.09582	1.09524	1.09554	1835	0	1
2024.01.11	20:10:00	1.09553	1.09591	1.09545	1.09571	1305	0	1
2024.01.11	20:15:00	1.09571	1.09594	1.09555	1.09585	1100	0	1
2024.01.11	20:20:00	1.09586	1.09599	1.09567	1.09585	1255	0	1
2024.01.11	20:25:00	1.09583	1.09604	1.09571	1.09572	1172	0	1
2024.01.11	20:30:00	1.09572	1.09591	1.09544	1.09551	942	0	1
2024.01.11	20:35:00	1.09551	1.09578	1.09541	1.09562	941	0	1
2024.01.11	20:40:00	1.09562	1.09585	1.09559	1.09570	673	0	1
2024.01.11	20:45:00	1.09571	1.09599	1.09560	1.09585	837	0	1
2024.01.11	20:50:00	1.09586	1.09630	1.09580	1.09613	1021	0	1
2024.01.11	20:55:00	1.09613	1.09663	1.09610	1.09648	1072	0	1
2024.01.11	21:00:00	1.09648	1.09707	1.09647	1.09692	1489	0	1
2024.01.11	21:05:00	1.09693	1.09713	1.09674	1.09692	1158	0	1
2024.01.11	21:10:00	1.09690	1.09751	1.09690	1.09743	1168	0	1
2024.01.11	21:15:00	1.09743	1.09750	1.09707	1.09708	1044	0	1
2024.01.11	21:20:00	1.09705	1.09731	1.09687	1.09712	1318	0	1
2024.01.11	21:25:00	1.09712	1.09806	1.09711	1.09786	1453	0	1
2024.01.11	21:30:00	1.09786	1.09794	1.09743	1.09766	1555	0	1
2024.01.11	21:35:00	1.09766	1.09790	1.09757	1.09786	1085	0	1
2024.01.11	21:40:00	1.09786	1.09819	1.09775	1.09791	1031	0	1
2024.01.11	21:45:00	1.09791	1.09820	1.09787	1.09815	696	0	1
2024.01.11	21:50:00	1.09816	1.09820	1.09786	1.09815	822	0	1
2024.01.11	21:55:00	1.09815	1.09830	1.09811	1.09820	947	0	1
2024.01.11	22:00:00	1.09821	1.09825	1.09745	1.09760	1246	0	1
2024.01.11	22:05:00	1.09760	1.09767	1.09680	1.09692	1312	0	1
2024.01.11	22:10:00	1.09692	1.09700	1.09649	1.09660	1625	0	1
2024.01.11	22:15:00	1.09659	1.09666	1.09561	1.09600	1751	0	1
2024.01.11	22:20:00	1.09600	1.09630	1.09600	1.09616	1242	0	1
2024.01.11	22:25:00	1.09617	1.09626	1.09593	1.09607	935	0	1
2024.01.11	22:30:00	1.09607	1.09626	1.09598	1.09622	894	0	1
2024.01.11	22:35:00	1.09622	1.09623	1.09580	1.09615	975	0	1
2024.01.11	22:40:00	1.09614	1.09654	1.09610	1.09648	911	0	1
2024.01.11	22:45:00	1.09648	1.09716	1.09629	1.09705	853	0	1
2024.01.11	22:50:00	1.09704	1.09728	1.09678	1.09718	887	0	1
2024.01.11	22:55:00	1.09718	1.09724	1.09689	1.09705	873	0	1
2024.01.11	23:00:00	1.09706	1.09734	1.09703	1.09731	458	0	15
2024.01.11	23:05:00	1.09729	1.09731	1.09698	1.09705	610	0	15
2024.01.11	23:10:00	1.09704	1.09709	1.09694	1.09706	301	0	15
2024.01.11	23:15:00	1.09705	1.09716	1.09696	1.09715	442	0	15
2024.01.11	23:20:00	1.09714	1.09717	1.09695	1.09705	256	0	15
2024.01.11	23:25:00	1.09704	1.09727	1.09701	1.09714	339	0	15
2024.01.11	23:30:00	1.09714	1.09728	1.09711	1.09721	315	0	15
2024.01.11	23:35:00	1.09721	1.09739	1.09720	1.09735	330	0	15
2024.01.11	23:40:00	1.09736	1.09745	1.09725	1.09738	291	0	15
2024.01.11	23:45:00	1.09739	1.09742	1.09716	1.09720	257	0	3
2024.01.11	23:50:00	1.09719	1.09723	1.09712	1.09721	190	0	15
2024.01.11	23:55:00	1.09728	1.09733	1.09706	1.09716	102	0	1
2024.01.12	00:00:00	1.09620	1.09727	1.09613	1.09685	13	0	14
2024.01.12	00:05:00	1.09686	1.09743	1.09647	1.09718	32	0	21
2024.01.12	00:10:00	1.09706	1.09738	1.09686	1.09709	23	0	38
2024.01.12	00:15:00	1.09709	1.09722	1.09697	1.09717	327	0	20
2024.01.12	00:20:00	1.09717	1.09725	1.09707	1.09715	190	0	34
2024.01.12	00:25:00	1.09716	1.09739	1.09714	1.09736	432	0	8
2024.01.12	00:30:00	1.09723	1.09738	1.09718	1.09718	209	0	8
2024.01.12	00:35:00	1.09718	1.09740	1.09718	1.09736	1139	0	8
2024.01.12	00:40:00	1.09736	1.09740	1.09722	1.09736	708	0	8
2024.01.12	00:45:00	1.09736	1.09737	1.09722	1.09729	752	0	8
2024.01.12	00:50:00	1.09729	1.09733	1.09717	1.09719	311	0	8
2024.01.12	00:55:00	1.09720	1.09733	1.09711	1.09728	291	0	3
2024.01.12	01:00:00	1.09725	1.09728	1.09705	1.09725	373	0	3
2024.01.12	01:05:00	1.09725	1.09740	1.09721	1.09730	109	0	3
2024.01.12	01:10:00	1.09730	1.09755	1.09729	1.09751	155	0	3
2024.01.12	01:15:00	1.09752	1.09761	1.09743	1.09761	247	0	3
2024.01.12	01:20:00	1.09761	1.09766	1.09745	1.09760	204	0	3
2024.01.12	01:25:00	1.09760	1.09768	1.09753	1.09757	149	0	3
2024.01.12	01:30:00	1.09757	1.09780	1.09751	1.09777	204	0	3
2024.01.12	01:35:00	1.09776	1.09790	1.09771	1.09783	198	0	3
2024.01.12	01:40:00	1.09784	1.09811	1.09781	1.09805	240	0	3
2024.01.12	01:45:00	1.09806	1.09820	1.09797	1.09817	197	0	3
2024.01.12	01:50:00	1.09817	1.09822	1.09792	1.09799	196	0	3
2024.01.12	01:55:00	1.09798	1.09828	1.09797	1.09823	159	0	3
2024.01.12	02:00:00	1.09823	1.09849	1.09821	1.09832	311	0	3
2024.01.12	02:05:00	1.09831	1.09843	1.09830	1.09838	214	0	3
2024.01.12	02:10:00	1.09838	1.09839	1.09805	1.09807	381	0	3
2024.01.12	02:15:00	1.09807	1.09814	1.09788	1.09812	341	0	3
2024.01.12	02:20:00	1.09812	1.09815	1.09792	1.09798	379	0	3
2024.01.12	02:25:00	1.09799	1.09806	1.09791	1.09792	325	0	3
2024.01.12	02:30:00	1.09792	1.09795	1.09774	1.09777	514	0	3
2024.01.12	02:35:00	1.09778	1.09785	1.09762	1.09764	372	0	3
2024.01.12	02:40:00	1.09764	1.09766	1.09741	1.09754	415	0	3
2024.01.12	02:45:00	1.09754	1.09780	1.09749	1.09767	276	0	3
2024.01.12	02:50:00	1.09767	1.09794	1.09761	1.09788	407	0	3
2024.01.12	02:55:00	1.09786	1.09793	1.09750	1.09755	355	0	3
2024.01.12	03:00:00	1.09755	1.09762	1.09736	1.09742	423	0	3
2024.01.12	03:05:00	1.09743	1.09752	1.09725	1.09736	371	0	3
2024.01.12	03:10:00	1.09736	1.09748	1.09725	1.09742	315	0	3
2024.01.12	03:15:00	1.09742	1.09750	1.09732	1.09747	287	0	3
2024.01.12	03:20:00	1.09747	1.09753	1.09737	1.09747	286	0	3
2024.01.12	03:25:00	1.09746	1.09780	1.09742	1.09763	287	0	3
2024.01.12	03:30:00	1.09763	1.09778	1.09754	1.09776	484	0	3
2024.01.12	03:35:00	1.09776	1.09815	1.09775	1.09811	459	0	3
2024.01.12	03:40:00	1.09811	1.09840	1.09810	1.09821	652	0	3
2024.01.12	03:45:00	1.09821	1.09842	1.09811	1.09832	649	0	3
2024.01.12	03:50:00	1.09832	1.09836	1.09817	1.09830	362	0	3
2024.01.12	03:55:00	1.09829	1.09843	1.09819	1.09826	510	0	3
2024.01.12	04:00:00	1.09825	1.09848	1.09823	1.09839	388	0	3
2024.01.12	04:05:00	1.09839	1.09854	1.09835	1.09846	378	0	3
2024.01.12	04:10:00	1.09846	1.09851	1.09819	1.09837	590	0	3
2024.01.12	04:15:00	1.09838	1.09842	1.09826	1.09828	385	0	3
2024.01.12	04:20:00	1.09827	1.09840	1.09808	1.09826	422	0	3
2024.01.12	04:25:00	1.09825	1.09829	1.09801	1.09813	349	0	3
2024.01.12	04:30:00	1.09813	1.09817	1.09799	1.09807	310	0	3
2024.01.12	04:35:00	1.09808	1.09825	1.09785	1.09795	351	0	3
2024.01.12	04:40:00	1.09794	1.09798	1.09780	1.09787	156	0	3
2024.01.12	04:45:00	1.09787	1.09822	1.09787	1.09812	298	0	3
2024.01.12	04:50:00	1.09812	1.09813	1.09802	1.09807	237	0	3
2024.01.12	04:55:00	1.09806	1.09807	1.09785	1.09796	639	0	3
2024.01.12	05:00:00	1.09795	1.09805	1.09793	1.09801	241	0	3
2024.01.12	05:05:00	1.09801	1.09828	1.09796	1.09821	294	0	3
2024.01.12	05:10:00	1.09821	1.09824	1.09810	1.09815	255	0	3
2024.01.12	05:15:00	1.09816	1.09818	1.09806	1.09806	153	0	0
2024.01.12	05:20:00	1.09806	1.09818	1.09802	1.09806	139	0	3
2024.01.12	05:25:00	1.09808	1.09822	1.09806	1.09818	157	0	0
2024.01.12	05:30:00	1.09814	1.09828	1.09813	1.09818	208	0	1
2024.01.12	05:35:00	1.09818	1.09820	1.09774	1.09782	371	0	3
2024.01.12	05:40:00	1.09781	1.09785	1.09769	1.09782	205	0	3
2024.01.12	05:45:00	1.09782	1.09792	1.09780	1.09782	154	0	3
2024.01.12	05:50:00	1.09782	1.09788	1.09779	1.09782	110	0	3
2024.01.12	05:55:00	1.09781	1.09784	1.09773	1.09776	127	0	3
2024.01.12	06:00:00	1.09775	1.09776	1.09745	1.09746	305	0	3
2024.01.12	06:05:00	1.09745	1.09756	1.09740	1.09752	238	0	3
2024.01.12	06:10:00	1.09753	1.09759	1.09745	1.09747	204	0	3
2024.01.12	06:15:00	1.09747	1.09755	1.09736	1.09738	203	0	3
2024.01.12	06:20:00	1.09739	1.09743	1.09729	1.09741	255	0	3
2024.01.12	06:25:00	1.09743	1.09754	1.09741	1.09748	168	0	3
2024.01.12	06:30:00	1.09748	1.09759	1.09744	1.09747	131	0	3
2024.01.12	06:35:00	1.09746	1.09747	1.09734	1.09747	147	0	3
2024.01.12	06:40:00	1.09748	1.09764	1.09740	1.09757	274	0	3
2024.01.12	06:45:00	1.09758	1.09760	1.09749	1.09751	298	0	3
2024.01.12	06:50:00	1.09752	1.09765	1.09751	1.09758	247	0	3
2024.01.12	06:55:00	1.09758	1.09774	1.09755	1.09755	196	0	3
2024.01.12	07:00:00	1.09755	1.09778	1.09752	1.09768	255	0	3
2024.01.12	07:05:00	1.09768	1.09795	1.09767	1.09790	178	0	3
2024.01.12	07:10:00	1.09790	1.09800	1.09775	1.09786	430	0	3
2024.01.12	07:15:00	1.09787	1.09802	1.09779	1.09786	384	0	3
2024.01.12	07:20:00	1.09785	1.09790	1.09766	1.09771	253	0	3
2024.01.12	07:25:00	1.09771	1.09777	1.09766	1.09770	210	0	3
2024.01.12	07:30:00	1.09770	1.09771	1.09751	1.09758	392	0	3
2024.01.12	07:35:00	1.09758	1.09769	1.09757	1.09766	187	0	3
2024.01.12	07:40:00	1.09766	1.09768	1.09752	1.09765	191	0	3
2024.01.12	07:45:00	1.09764	1.09767	1.09735	1.09742	320	0	3
2024.01.12	07:50:00	1.09742	1.09770	1.09741	1.09760	299	0	3
2024.01.12	07:55:00	1.09760	1.09774	1.09751	1.09754	338	0	3
2024.01.12	08:00:00	1.09755	1.09761	1.09727	1.09751	528	0	3
2024.01.12	08:05:00	1.09752	1.09760	1.09739	1.09752	212	0	3
2024.01.12	08:10:00	1.09753	1.09787	1.09753	1.09776	408	0	3
2024.01.12	08:15:00	1.09776	1.09782	1.09769	1.09772	177	0	3
2024.01.12	08:20:00	1.09772	1.09786	1.09772	1.09782	223	0	3
2024.01.12	08:25:00	1.09782	1.09784	1.09772	1.09775	217	0	1
2024.01.12	08:30:00	1.09775	1.09778	1.09759	1.09763	275	0	1
2024.01.12	08:35:00	1.09763	1.09768	1.09755	1.09761	223	0	1
2024.01.12	08:40:00	1.09761	1.09766	1.09750	1.09751	216	0	1
2024.01.12	08:45:00	1.09751	1.09763	1.09747	1.09757	264	0	1
2024.01.12	08:50:00	1.09757	1.09759	1.09736	1.09753	294	0	1
2024.01.12	08:55:00	1.09753	1.09774	1.09741	1.09757	521	0	1
2024.01.12	09:00:00	1.09758	1.09779	1.09685	1.09689	1285	0	1
2024.01.12	09:05:00	1.09688	1.09724	1.09674	1.09679	1115	0	1
2024.01.12	09:10:00	1.09679	1.09686	1.09655	1.09665	1093	0	1
2024.01.12	09:15:00	1.09665	1.09693	1.09657	1.09692	978	0	1
2024.01.12	09:20:00	1.09693	1.09698	1.09669	1.09674	583	0	1
2024.01.12	09:25:00	1.09674	1.09683	1.09656	1.09675	849	0	0
2024.01.12	09:30:00	1.09675	1.09689	1.09650	1.09650	720	0	0
2024.01.12	09:35:00	1.09650	1.09651	1.09609	1.09615	984	0	0
2024.01.12	09:40:00	1.09615	1.09654	1.09615	1.09637	704	0	0
2024.01.12	09:45:00	1.09637	1.09661	1.09622	1.09652	763	0	0
2024.01.12	09:50:00	1.09652	1.09690	1.09652	1.09681	549	0	0
2024.01.12	09:55:00	1.09681	1.09688	1.09660	1.09660	559	0	0
2024.01.12	10:00:00	1.09662	1.09692	1.09650	1.09690	1176	0	0
2024.01.12	10:05:00	1.09690	1.09752	1.09690	1.09741	1104	0	0
2024.01.12	10:10:00	1.09742	1.09773	1.09722	1.09760	781	0	0
2024.01.12	10:15:00	1.09760	1.09769	1.09718	1.09729	827	0	0
2024.01.12	10:20:00	1.09728	1.09776	1.09728	1.09769	931	0	0
2024.01.12	10:25:00	1.09769	1.09793	1.09768	1.09779	731	0	0
2024.01.12	10:30:00	1.09778	1.09819	1.09764	1.09813	605	0	0
2024.01.12	10:35:00	1.09813	1.09829	1.09766	1.09773	714	0	0
2024.01.12	10:40:00	1.09774	1.09778	1.09700	1.09733	1002	0	0
2024.01.12	10:45:00	1.09732	1.09737	1.09691	1.09692	770	0	0
2024.01.12	10:50:00	1.09692	1.09748	1.09686	1.09728	745	0	0
2024.01.12	10:55:00	1.09730	1.09763	1.09720	1.09751	699	0	0
2024.01.12	11:00:00	1.09752	1.09775	1.09737	1.09746	737	0	0
2024.01.12	11:05:00	1.09746	1.09772	1.09736	1.09771	653	0	0
2024.01.12	11:10:00	1.09771	1.09799	1.09766	1.09775	899	0	0
2024.01.12	11:15:00	1.09775	1.09782	1.09732	1.09739	731	0	0
2024.01.12	11:20:00	1.09738	1.09741	1.09699	1.09705	649	0	0
2024.01.12	11:25:00	1.09705	1.09731	1.09682	1.09705	782	0	0
2024.01.12	11:30:00	1.09705	1.09705	1.09667	1.09670	758	0	0
2024.01.12	11:35:00	1.09671	1.09689	1.09663	1.09681	741	0	0
2024.01.12	11:40:00	1.09682	1.09689	1.09657	1.09684	690	0	0
2024.01.12	11:45:00	1.09684	1.09694	1.09658	1.09666	649	0	0
2024.01.12	11:50:00	1.09665	1.09669	1.09610	1.09625	744	0	0
2024.01.12	11:55:00	1.09625	1.09651	1.09614	1.09626	732	0	0
2024.01.12	12:00:00	1.09625	1.09629	1.09571	1.09598	802	0	0
2024.01.12	12:05:00	1.09598	1.09604	1.09571	1.09600	664	0	0
2024.01.12	12:10:00	1.09600	1.09606	1.09588	1.09595	440	0	0
2024.01.12	12:15:00	1.09596	1.09596	1.09567	1.09574	456	0	0
2024.01.12	12:20:00	1.09574	1.09601	1.09574	1.09600	492	0	0
2024.01.12	12:25:00	1.09600	1.09617	1.09587	1.09610	483	0	0
2024.01.12	12:30:00	1.09611	1.09611	1.09591	1.09600	497	0	0
2024.01.12	12:35:00	1.09600	1.09614	1.09592	1.09606	449	0	0
2024.01.12	12:40:00	1.09606	1.09641	1.09605	1.09627	506	0	0
2024.01.12	12:45:00	1.09627	1.09629	1.09599	1.09603	534	0	0
2024.01.12	12:50:00	1.09602	1.09609	1.09569	1.09599	580	0	0
2024.01.12	12:55:00	1.09598	1.09633	1.09593	1.09599	664	0	0
2024.01.12	13:00:00	1.09599	1.09618	1.09582	1.09600	585	0	0
2024.01.12	13:05:00	1.09599	1.09603	1.09579	1.09584	593	0	0
2024.01.12	13:10:00	1.09584	1.09602	1.09572	1.09591	492	0	0
2024.01.12	13:15:00	1.09591	1.09621	1.09587	1.09602	401	0	0
2024.01.12	13:20:00	1.09602	1.09604	1.09546	1.09547	619	0	0
2024.01.12	13:25:00	1.09547	1.09547	1.09514	1.09540	729	0	0
2024.01.12	13:30:00	1.09540	1.09548	1.09517	1.09538	719	0	0
2024.01.12	13:35:00	1.09538	1.09550	1.09516	1.09521	485	0	0
2024.01.12	13:40:00	1.09522	1.09529	1.09488	1.09496	806	0	0
2024.01.12	13:45:00	1.09497	1.09498	1.09466	1.09469	828	0	0
2024.01.12	13:50:00	1.09469	1.09509	1.09465	1.09506	624	0	0
2024.01.12	13:55:00	1.09506	1.09528	1.09481	1.09496	658	0	0
2024.01.12	14:00:00	1.09496	1.09520	1.09474	1.09503	995	0	0
2024.01.12	14:05:00	1.09503	1.09517	1.09476	1.09481	903	0	0
2024.01.12	14:10:00	1.09480	1.09501	1.09453	1.09463	1091	0	0
2024.01.12	14:15:00	1.09463	1.09464	1.09415	1.09436	1261	0	0
2024.01.12	14:20:00	1.09436	1.09478	1.09412	1.09474	1102	0	0
2024.01.12	14:25:00	1.09474	1.09502	1.09468	1.09471	1054	0	0
2024.01.12	14:30:00	1.09471	1.09499	1.09442	1.09479	1105	0	0
2024.01.12	14:35:00	1.09481	1.09487	1.09438	1.09455	606	0	0
2024.01.12	14:40:00	1.09455	1.09455	1.09416	1.09432	1188	0	0
2024.01.12	14:45:00	1.09432	1.09436	1.09399	1.09420	1331	0	0
2024.01.12	14:50:00	1.09420	1.09433	1.09385	1.09423	910	0	0
2024.01.12	14:55:00	1.09422	1.09422	1.09368	1.09379	1128	0	0
2024.01.12	15:00:00	1.09380	1.09416	1.09358	1.09407	1590	0	0
2024.01.12	15:05:00	1.09406	1.09430	1.09394	1.09421	1467	0	0
2024.01.12	15:10:00	1.09422	1.09448	1.09416	1.09441	865	0	0
2024.01.12	15:15:00	1.09442	1.09460	1.09424	1.09433	1240	0	0
2024.01.12	15:20:00	1.09435	1.09469	1.09427	1.09457	1298	0	0
2024.01.12	15:25:00	1.09457	1.09512	1.09455	1.09504	1468	0	0
2024.01.12	15:30:00	1.09502	1.09695	1.09502	1.09638	4762	0	0
2024.01.12	15:35:00	1.09637	1.09696	1.09591	1.09658	4038	0	0
2024.01.12	15:40:00	1.09657	1.09658	1.09534	1.09586	3582	0	0
2024.01.12	15:45:00	1.09588	1.09606	1.09453	1.09463	2851	0	0
2024.01.12	15:50:00	1.09463	1.09555	1.09445	1.09555	2573	0	0
2024.01.12	15:55:00	1.09554	1.09570	1.09483	1.09552	2449	0	0
2024.01.12	16:00:00	1.09552	1.09662	1.09534	1.09635	2919	0	0
2024.01.12	16:05:00	1.09634	1.09652	1.09548	1.09551	2374	0	0
2024.01.12	16:10:00	1.09550	1.09591	1.09526	1.09566	1811	0	0
2024.01.12	16:15:00	1.09566	1.09597	1.09560	1.09587	1470	0	0
2024.01.12	16:20:00	1.09587	1.09660	1.09581	1.09645	1821	0	0
2024.01.12	16:25:00	1.09645	1.09686	1.09642	1.09678	1903	0	0
2024.01.12	16:30:00	1.09678	1.09741	1.09678	1.09726	2198	0	0
2024.01.12	16:35:00	1.09726	1.09797	1.09706	1.09756	2212	0	0
2024.01.12	16:40:00	1.09755	1.09834	1.09750	1.09819	1968	0	0
2024.01.12	16:45:00	1.09819	1.09851	1.09783	1.09810	2192	0	0
2024.01.12	16:50:00	1.09810	1.09816	1.09743	1.09744	2339	0	0
2024.01.12	16:55:00	1.09743	1.09809	1.09734	1.09756	2304	0	0
2024.01.12	17:00:00	1.09757	1.09811	1.09712	1.09795	2359	0	0
2024.01.12	17:05:00	1.09795	1.09863	1.09791	1.09853	1905	0	0
2024.01.12	17:10:00	1.09853	1.09871	1.09815	1.09837	2058	0	0
2024.01.12	17:15:00	1.09837	1.09854	1.09789	1.09803	1704	0	0
2024.01.12	17:20:00	1.09804	1.09845	1.09792	1.09818	1667	0	0
2024.01.12	17:25:00	1.09818	1.09844	1.09776	1.09793	1979	0	0
2024.01.12	17:30:00	1.09793	1.09832	1.09787	1.09812	1291	0	0
2024.01.12	17:35:00	1.09811	1.09818	1.09751	1.09765	1443	0	0
2024.01.12	17:40:00	1.09765	1.09789	1.09709	1.09735	1659	0	0
2024.01.12	17:45:00	1.09735	1.09747	1.09651	1.09664	2338	0	0
2024.01.12	17:50:00	1.09663	1.09669	1.09622	1.09644	1982	0	0
2024.01.12	17:55:00	1.09644	1.09668	1.09624	1.09662	1594	0	0
2024.01.12	18:00:00	1.09663	1.09703	1.09658	1.09683	1413	0	0
2024.01.12	18:05:00	1.09683	1.09740	1.09658	1.09705	1473	0	0
2024.01.12	18:10:00	1.09705	1.09735	1.09675	1.09688	1320	0	0
2024.01.12	18:15:00	1.09688	1.09715	1.09669	1.09711	1464	0	0
2024.01.12	18:20:00	1.09711	1.09715	1.09661	1.09673	1302	0	0
2024.01.12	18:25:00	1.09674	1.09739	1.09670	1.09726	1276	0	0
2024.01.12	18:30:00	1.09726	1.09731	1.09704	1.09714	913	0	0
2024.01.12	18:35:00	1.09714	1.09722	1.09612	1.09638	1355	0	0
2024.01.12	18:40:00	1.09638	1.09662	1.09616	1.09651	1287	0	0
2024.01.12	18:45:00	1.09650	1.09650	1.09605	1.09617	1163	0	0
2024.01.12	18:50:00	1.09617	1.09629	1.09596	1.09626	1028	0	0
2024.01.12	18:55:00	1.09626	1.09628	1.09581	1.09581	930	0	0
2024.01.12	19:00:00	1.09580	1.09590	1.09546	1.09548	1360	0	1
2024.01.12	19:05:00	1.09548	1.09549	1.09519	1.09528	1353	0	1
2024.01.12	19:10:00	1.09529	1.09560	1.09520	1.09545	1165	0	1
2024.01.12	19:15:00	1.09545	1.09556	1.09515	1.09531	1041	0	1
2024.01.12	19:20:00	1.09531	1.09559	1.09524	1.09526	1158	0	1
2024.01.12	19:25:00	1.09526	1.09538	1.09501	1.09534	1143	0	1
2024.01.12	19:30:00	1.09534	1.09538	1.09502	1.09515	909	0	1
2024.01.12	19:35:00	1.09514	1.09514	1.09479	1.09504	1091	0	1
2024.01.12	19:40:00	1.09503	1.09516	1.09483	1.09511	768	0	1
2024.01.12	19:45:00	1.09511	1.09515	1.09468	1.09484	846	0	1
2024.01.12	19:50:00	1.09483	1.09524	1.09479	1.09498	852	0	1
2024.01.12	19:55:00	1.09498	1.09514	1.09490	1.09496	851	0	1
2024.01.12	20:00:00	1.09496	1.09532	1.09489	1.09532	778	0	1
2024.01.12	20:05:00	1.09530	1.09542	1.09524	1.09530	830	0	1
2024.01.12	20:10:00	1.09529	1.09566	1.09529	1.09555	872	0	1
2024.01.12	20:15:00	1.09555	1.09568	1.09538	1.09557	630	0	1
2024.01.12	20:20:00	1.09557	1.09573	1.09546	1.09556	771	0	1
2024.01.12	20:25:00	1.09556	1.09578	1.09555	1.09574	766	0	1
2024.01.12	20:30:00	1.09574	1.09596	1.09551	1.09561	677	0	1
2024.01.12	20:35:00	1.09561	1.09588	1.09557	1.09576	582	0	1
2024.01.12	20:40:00	1.09576	1.09576	1.09551	1.09563	505	0	1
2024.01.12	20:45:00	1.09563	1.09587	1.09554	1.09585	530	0	1
2024.01.12	20:50:00	1.09586	1.09596	1.09566	1.09575	430	0	1
2024.01.12	20:55:00	1.09575	1.09597	1.09573	1.09594	449	0	1
2024.01.12	21:00:00	1.09592	1.09607	1.09587	1.09605	439	0	1
2024.01.12	21:05:00	1.09606	1.09617	1.09601	1.09608	467	0	1
2024.01.12	21:10:00	1.09608	1.09636	1.09598	1.09629	653	0	1
2024.01.12	21:15:00	1.09629	1.09632	1.09613	1.09629	519	0	1
2024.01.12	21:20:00	1.09629	1.09629	1.09598	1.09608	543	0	1
2024.01.12	21:25:00	1.09608	1.09621	1.09600	1.09603	515	0	1
2024.01.12	21:30:00	1.09604	1.09614	1.09583	1.09589	563	0	1
2024.01.12	21:35:00	1.09589	1.09590	1.09571	1.09575	482	0	1
2024.01.12	21:40:00	1.09576	1.09582	1.09547	1.09552	628	0	1
2024.01.12	21:45:00	1.09552	1.09575	1.09536	1.09574	490	0	1
2024.01.12	21:50:00	1.09574	1.09595	1.09572	1.09579	380	0	1
2024.01.12	21:55:00	1.09578	1.09579	1.09547	1.09560	582	0	1
2024.01.12	22:00:00	1.09559	1.09565	1.09533	1.09548	542	0	1
2024.01.12	22:05:00	1.09548	1.09560	1.09536	1.09537	432	0	1
2024.01.12	22:10:00	1.09538	1.09547	1.09530	1.09544	896	0	1
2024.01.12	22:15:00	1.09543	1.09561	1.09527	1.09547	812	0	1
2024.01.12	22:20:00	1.09546	1.09559	1.09520	1.09529	606	0	1
2024.01.12	22:25:00	1.09529	1.09549	1.09524	1.09544	371	0	1
2024.01.12	22:30:00	1.09544	1.09559	1.09539	1.09547	426	0	1
2024.01.12	22:35:00	1.09547	1.09554	1.09541	1.09553	383	0	1
2024.01.12	22:40:00	1.09552	1.09552	1.09529	1.09534	401	0	1
2024.01.12	22:45:00	1.09534	1.09540	1.09516	1.09522	424	0	1
2024.01.12	22:50:00	1.09523	1.09533	1.09516	1.09529	406	0	1
2024.01.12	22:55:00	1.09528	1.09530	1.09502	1.09505	696	0	1
2024.01.12	23:00:00	1.09507	1.09512	1.09488	1.09499	343	0	2
2024.01.12	23:05:00	1.09501	1.09517	1.09499	1.09507	279	0	15
2024.01.12	23:10:00	1.09506	1.09521	1.09490	1.09491	438	0	15
2024.01.12	23:15:00	1.09491	1.09508	1.09481	1.09506	319	0	15
2024.01.12	23:20:00	1.09506	1.09514	1.09503	1.09504	142	0	2
2024.01.12	23:25:00	1.09503	1.09503	1.09485	1.09487	318	0	15
2024.01.12	23:30:00	1.09488	1.09489	1.09474	1.09476	304	0	15
2024.01.12	23:35:00	1.09476	1.09484	1.09475	1.09479	287	0	3
2024.01.12	23:40:00	1.09480	1.09488	1.09477	1.09483	361	0	15
2024.01.12	23:45:00	1.09482	1.09510	1.09482	1.09496	461	0	15
2024.01.12	23:50:00	1.09497	1.09509	1.09489	1.09492	390	0	6
2024.01.12	23:55:00	1.09494	1.09503	1.09491	1.09497	144	0	8
2024.01.15	00:00:00	1.09472	1.09472	1.09429	1.09458	42	0	31
2024.01.15	00:05:00	1.09455	1.09466	1.09431	1.09440	52	0	31
2024.01.15	00:10:00	1.09457	1.09477	1.09457	1.09464	68	0	28
2024.01.15	00:15:00	1.09464	1.09482	1.09451	1.09472	600	0	53
2024.01.15	00:20:00	1.09471	1.09473	1.09461	1.09465	101	0	47
2024.01.15	00:25:00	1.09465	1.09484	1.09463	1.09468	176	0	21
2024.01.15	00:30:00	1.09471	1.09483	1.09466	1.09473	98	0	23
2024.01.15	00:35:00	1.09473	1.09478	1.09466	1.09471	108	0	39
2024.01.15	00:40:00	1.09474	1.09500	1.09471	1.09479	93	0	11
2024.01.15	00:45:00	1.09479	1.09503	1.09477	1.09484	135	0	8
2024.01.15	00:50:00	1.09485	1.09501	1.09481	1.09483	45	0	11
2024.01.15	00:55:00	1.09482	1.09498	1.09474	1.09498	682	0	11
2024.01.15	01:00:00	1.09506	1.09506	1.09456	1.09463	476	0	3
2024.01.15	01:05:00	1.09463	1.09471	1.09461	1.09467	145	0	3
2024.01.15	01:10:00	1.09467	1.09478	1.09461	1.09478	133	0	2
2024.01.15	01:15:00	1.09478	1.09484	1.09467	1.09481	95	0	2
2024.01.15	01:20:00	1.09481	1.09483	1.09466	1.09469	85	0	3
2024.01.15	01:25:00	1.09470	1.09471	1.09464	1.09467	104	0	3
2024.01.15	01:30:00	1.09467	1.09471	1.09451	1.09458	181	0	3
2024.01.15	01:35:00	1.09458	1.09470	1.09455	1.09470	135	0	3
2024.01.15	01:40:00	1.09470	1.09478	1.09460	1.09467	129	0	3
2024.01.15	01:45:00	1.09467	1.09467	1.09447	1.09452	302	0	3
2024.01.15	01:50:00	1.09451	1.09456	1.09441	1.09453	180	0	2
2024.01.15	01:55:00	1.09453	1.09456	1.09438	1.09451	160	0	3
2024.01.15	02:00:00	1.09451	1.09454	1.09410	1.09410	438	0	3
2024.01.15	02:05:00	1.09414	1.09429	1.09406	1.09421	494	0	3
2024.01.15	02:10:00	1.09421	1.09441	1.09414	1.09429	419	0	3
2024.01.15	02:15:00	1.09429	1.09444	1.09423	1.09444	447	0	3
2024.01.15	02:20:00	1.09442	1.09470	1.09434	1.09461	513	0	3
2024.01.15	02:25:00	1.09461	1.09472	1.09452	1.09459	282	0	3
2024.01.15	02:30:00	1.09459	1.09488	1.09453	1.09485	514	0	3
2024.01.15	02:35:00	1.09484	1.09497	1.09481	1.09484	440	0	3
2024.01.15	02:40:00	1.09484	1.09501	1.09481	1.09492	328	0	3
2024.01.15	02:45:00	1.09492	1.09521	1.09490	1.09502	642	0	3
2024.01.15	02:50:00	1.09502	1.09540	1.09498	1.09530	728	0	3
2024.01.15	02:55:00	1.09530	1.09536	1.09517	1.09536	747	0	3
2024.01.15	03:00:00	1.09536	1.09556	1.09525	1.09544	460	0	3
2024.01.15	03:05:00	1.09544	1.09551	1.09534	1.09544	253	0	3
2024.01.15	03:10:00	1.09543	1.09546	1.09528	1.09535	279	0	3
2024.01.15	03:15:00	1.09534	1.09540	1.09513	1.09524	384	0	3
2024.01.15	03:20:00	1.09524	1.09539	1.09521	1.09527	607	0	3
2024.01.15	03:25:00	1.09527	1.09530	1.09492	1.09497	520	0	3
2024.01.15	03:30:00	1.09497	1.09523	1.09495	1.09500	644	0	3
2024.01.15	03:35:00	1.09502	1.09521	1.09498	1.09519	470	0	3
2024.01.15	03:40:00	1.09519	1.09541	1.09517	1.09539	370	0	3
2024.01.15	03:45:00	1.09539	1.09541	1.09531	1.09534	236	0	3
2024.01.15	03:50:00	1.09540	1.09559	1.09539	1.09553	288	0	3
2024.01.15	03:55:00	1.09553	1.09561	1.09542	1.09546	310	0	3
2024.01.15	04:00:00	1.09547	1.09571	1.09547	1.09570	351	0	3
2024.01.15	04:05:00	1.09571	1.09585	1.09567	1.09579	285	0	3
2024.01.15	04:10:00	1.09579	1.09601	1.09576	1.09597	668	0	3
2024.01.15	04:15:00	1.09596	1.09640	1.09596	1.09630	578	0	3
2024.01.15	04:20:00	1.09631	1.09646	1.09619	1.09621	667	0	3
2024.01.15	04:25:00	1.09621	1.09634	1.09611	1.09629	357	0	0
2024.01.15	04:30:00	1.09628	1.09634	1.09615	1.09624	394	0	3
2024.01.15	04:35:00	1.09624	1.09631	1.09614	1.09626	234	0	3
2024.01.15	04:40:00	1.09625	1.09629	1.09615	1.09627	189	0	3
2024.01.15	04:45:00	1.09628	1.09635	1.09620	1.09628	165	0	3
2024.01.15	04:50:00	1.09628	1.09650	1.09615	1.09643	358	0	3
2024.01.15	04:55:00	1.09647	1.09655	1.09640	1.09648	357	0	3
2024.01.15	05:00:00	1.09648	1.09675	1.09646	1.09652	444	0	3
2024.01.15	05:05:00	1.09652	1.09665	1.09646	1.09657	305	0	3
2024.01.15	05:10:00	1.09657	1.09665	1.09651	1.09662	175	0	3
2024.01.15	05:15:00	1.09662	1.09667	1.09648	1.09659	247	0	3
2024.01.15	05:20:00	1.09659	1.09674	1.09656	1.09668	271	0	3
2024.01.15	05:25:00	1.09668	1.09671	1.09650	1.09654	229	0	2
2024.01.15	05:30:00	1.09654	1.09660	1.09637	1.09638	267	0	3
2024.01.15	05:35:00	1.09639	1.09653	1.09632	1.09652	319	0	3
2024.01.15	05:40:00	1.09652	1.09660	1.09643	1.09654	315	0	3
2024.01.15	05:45:00	1.09654	1.09661	1.09650	1.09657	187	0	3
2024.01.15	05:50:00	1.09656	1.09667	1.09652	1.09654	276	0	3
2024.01.15	05:55:00	1.09653	1.09655	1.09635	1.09641	465	0	3
2024.01.15	06:00:00	1.09641	1.09645	1.09631	1.09637	341	0	3
2024.01.15	06:05:00	1.09637	1.09639	1.09609	1.09628	330	0	3
2024.01.15	06:10:00	1.09628	1.09628	1.09611	1.09611	224	0	3
2024.01.15	06:15:00	1.09612	1.09623	1.09611	1.09613	166	0	0
2024.01.15	06:20:00	1.09611	1.09615	1.09589	1.09596	282	0	3
2024.01.15	06:25:00	1.09596	1.09603	1.09587	1.09591	373	0	3
2024.01.15	06:30:00	1.09591	1.09601	1.09583	1.09594	258	0	3
2024.01.15	06:35:00	1.09594	1.09601	1.09590	1.09598	217	0	3
2024.01.15	06:40:00	1.09598	1.09615	1.09598	1.09608	196	0	3
2024.01.15	06:45:00	1.09608	1.09615	1.09605	1.09613	135	0	3
2024.01.15	06:50:00	1.09612	1.09621	1.09610	1.09613	172	0	3
2024.01.15	06:55:00	1.09613	1.09630	1.09610	1.09628	182	0	3
2024.01.15	07:00:00	1.09628	1.09640	1.09624	1.09632	275	0	3
2024.01.15	07:05:00	1.09632	1.09635	1.09625	1.09629	229	0	3
2024.01.15	07:10:00	1.09628	1.09634	1.09620	1.09632	154	0	3
2024.01.15	07:15:00	1.09632	1.09635	1.09625	1.09627	120	0	3
2024.01.15	07:20:00	1.09628	1.09635	1.09606	1.09608	218	0	3
2024.01.15	07:25:00	1.09608	1.09633	1.09606	1.09627	194	0	3
2024.01.15	07:30:00	1.09627	1.09636	1.09620	1.09629	267	0	3
2024.01.15	07:35:00	1.09630	1.09640	1.09630	1.09638	225	0	3
2024.01.15	07:40:00	1.09638	1.09655	1.09637	1.09647	210	0	0
2024.01.15	07:45:00	1.09647	1.09660	1.09640	1.09657	284	0	3
2024.01.15	07:50:00	1.09658	1.09658	1.09631	1.09637	342	0	3
2024.01.15	07:55:00	1.09636	1.09640	1.09629	1.09639	265	0	3
2024.01.15	08:00:00	1.09640	1.09645	1.09629	1.09641	244	0	3
2024.01.15	08:05:00	1.09641	1.09643	1.09621	1.09638	306	0	3
2024.01.15	08:10:00	1.09638	1.09658	1.09631	1.09657	348	0	3
2024.01.15	08:15:00	1.09657	1.09666	1.09655	1.09660	353	0	3
2024.01.15	08:20:00	1.09661	1.09661	1.09640	1.09642	294	0	3
2024.01.15	08:25:00	1.09641	1.09648	1.09634	1.09641	260	0	0
2024.01.15	08:30:00	1.09642	1.09650	1.09629	1.09643	307	0	1
2024.01.15	08:35:00	1.09643	1.09661	1.09640	1.09658	264	0	1
2024.01.15	08:40:00	1.09658	1.09662	1.09649	1.09659	273	0	1
2024.01.15	08:45:00	1.09659	1.09661	1.09641	1.09652	287	0	0
2024.01.15	08:50:00	1.09652	1.09663	1.09648	1.09654	267	0	1
2024.01.15	08:55:00	1.09653	1.09654	1.09631	1.09636	363	0	1
2024.01.15	09:00:00	1.09637	1.09656	1.09609	1.09621	1004	0	1
2024.01.15	09:05:00	1.09621	1.09659	1.09619	1.09655	910	0	1
2024.01.15	09:10:00	1.09659	1.09664	1.09635	1.09642	669	0	1
2024.01.15	09:15:00	1.09642	1.09643	1.09581	1.09586	1104	0	1
2024.01.15	09:20:00	1.09586	1.09611	1.09578	1.09593	1030	0	1
2024.01.15	09:25:00	1.09592	1.09612	1.09574	1.09601	764	0	1
2024.01.15	09:30:00	1.09603	1.09624	1.09587	1.09587	550	0	0
2024.01.15	09:35:00	1.09587	1.09594	1.09562	1.09562	567	0	0
2024.01.15	09:40:00	1.09562	1.09589	1.09559	1.09582	506	0	0
2024.01.15	09:45:00	1.09582	1.09588	1.09557	1.09562	451	0	0
2024.01.15	09:50:00	1.09561	1.09571	1.09541	1.09543	563	0	0
2024.01.15	09:55:00	1.09543	1.09551	1.09515	1.09535	618	0	0
2024.01.15	10:00:00	1.09538	1.09612	1.09537	1.09595	912	0	0
2024.01.15	10:05:00	1.09595	1.09629	1.09579	1.09619	843	0	0
2024.01.15	10:10:00	1.09617	1.09642	1.09602	1.09628	896	0	0
2024.01.15	10:15:00	1.09628	1.09640	1.09591	1.09610	612	0	0
2024.01.15	10:20:00	1.09609	1.09642	1.09591	1.09636	609	0	0
2024.01.15	10:25:00	1.09636	1.09651	1.09611	1.09623	623	0	0
2024.01.15	10:30:00	1.09623	1.09629	1.09571	1.09584	826	0	0
2024.01.15	10:35:00	1.09584	1.09616	1.09574	1.09605	657	0	0
2024.01.15	10:40:00	1.09604	1.09605	1.09577	1.09601	606	0	0
2024.01.15	10:45:00	1.09601	1.09606	1.09576	1.09589	512	0	0
2024.01.15	10:50:00	1.09589	1.09608	1.09577	1.09593	459	0	0
2024.01.15	10:55:00	1.09593	1.09597	1.09570	1.09581	545	0	0
2024.01.15	11:00:00	1.09581	1.09590	1.09513	1.09545	1003	0	0
2024.01.15	11:05:00	1.09545	1.09573	1.09540	1.09551	561	0	0
2024.01.15	11:10:00	1.09552	1.09565	1.09533	1.09550	460	0	0
2024.01.15	11:15:00	1.09550	1.09550	1.09521	1.09534	457	0	0
2024.01.15	11:20:00	1.09533	1.09555	1.09525	1.09539	497	0	0
2024.01.15	11:25:00	1.09538	1.09551	1.09526	1.09539	541	0	0
2024.01.15	11:30:00	1.09540	1.09560	1.09519	1.09521	556	0	0
2024.01.15	11:35:00	1.09521	1.09526	1.09450	1.09472	766	0	0
2024.01.15	11:40:00	1.09472	1.09478	1.09453	1.09455	585	0	0
2024.01.15	11:45:00	1.09455	1.09471	1.09430	1.09468	687	0	0
2024.01.15	11:50:00	1.09468	1.09471	1.09441	1.09460	756	0	0
2024.01.15	11:55:00	1.09460	1.09486	1.09451	1.09467	626	0	0
2024.01.15	12:00:00	1.09467	1.09467	1.09401	1.09406	770	0	0
2024.01.15	12:05:00	1.09405	1.09426	1.09391	1.09393	619	0	0
2024.01.15	12:10:00	1.09393	1.09401	1.09372	1.09386	728	0	0
2024.01.15	12:15:00	1.09386	1.09386	1.09339	1.09350	876	0	0
2024.01.15	12:20:00	1.09350	1.09355	1.09335	1.09346	669	0	0
2024.01.15	12:25:00	1.09344	1.09368	1.09342	1.09354	585	0	0
2024.01.15	12:30:00	1.09354	1.09387	1.09353	1.09362	695	0	0
2024.01.15	12:35:00	1.09362	1.09373	1.09345	1.09370	704	0	0
2024.01.15	12:40:00	1.09370	1.09381	1.09355	1.09362	432	0	0
2024.01.15	12:45:00	1.09362	1.09372	1.09343	1.09362	457	0	0
2024.01.15	12:50:00	1.09362	1.09395	1.09357	1.09387	450	0	0
2024.01.15	12:55:00	1.09387	1.09419	1.09385	1.09401	363	0	0
2024.01.15	13:00:00	1.09402	1.09423	1.09399	1.09419	533	0	0
2024.01.15	13:05:00	1.09419	1.09422	1.09403	1.09415	565	0	0
2024.01.15	13:10:00	1.09413	1.09426	1.09404	1.09425	389	0	0
2024.01.15	13:15:00	1.09425	1.09436	1.09407	1.09411	478	0	0
2024.01.15	13:20:00	1.09412	1.09434	1.09406	1.09429	407	0	0
2024.01.15	13:25:00	1.09429	1.09465	1.09429	1.09464	434	0	0
2024.01.15	13:30:00	1.09465	1.09471	1.09440	1.09441	405	0	0
2024.01.15	13:35:00	1.09441	1.09484	1.09439	1.09478	451	0	0
2024.01.15	13:40:00	1.09478	1.09490	1.09454	1.09462	498	0	0
2024.01.15	13:45:00	1.09462	1.09462	1.09429	1.09447	416	0	0
2024.01.15	13:50:00	1.09446	1.09449	1.09413	1.09427	471	0	0
2024.01.15	13:55:00	1.09427	1.09472	1.09426	1.09455	489	0	0
2024.01.15	14:00:00	1.09454	1.09488	1.09436	1.09480	742	0	0
2024.01.15	14:05:00	1.09480	1.09518	1.09480	1.09509	774	0	0
2024.01.15	14:10:00	1.09510	1.09553	1.09508	1.09546	710	0	0
2024.01.15	14:15:00	1.09547	1.09569	1.09539	1.09540	1214	0	0
2024.01.15	14:20:00	1.09541	1.09553	1.09516	1.09518	1099	0	0
2024.01.15	14:25:00	1.09518	1.09538	1.09491	1.09505	1012	0	0
2024.01.15	14:30:00	1.09503	1.09524	1.09465	1.09514	1110	0	0
2024.01.15	14:35:00	1.09513	1.09518	1.09474	1.09517	1101	0	0
2024.01.15	14:40:00	1.09515	1.09592	1.09515	1.09545	1424	0	0
2024.01.15	14:45:00	1.09545	1.09562	1.09508	1.09553	1251	0	0
2024.01.15	14:50:00	1.09553	1.09576	1.09542	1.09570	1015	0	0
2024.01.15	14:55:00	1.09570	1.09574	1.09522	1.09538	1083	0	0
2024.01.15	15:00:00	1.09538	1.09543	1.09492	1.09497	1350	0	0
2024.01.15	15:05:00	1.09497	1.09510	1.09445	1.09450	1127	0	0
2024.01.15	15:10:00	1.09450	1.09485	1.09442	1.09459	1165	0	0
2024.01.15	15:15:00	1.09459	1.09506	1.09447	1.09504	940	0	0
2024.01.15	15:20:00	1.09503	1.09513	1.09466	1.09484	938	0	0
2024.01.15	15:25:00	1.09485	1.09499	1.09472	1.09474	753	0	0
2024.01.15	15:30:00	1.09475	1.09527	1.09462	1.09518	1067	0	0
2024.01.15	15:35:00	1.09518	1.09532	1.09490	1.09498	762	0	0
2024.01.15	15:40:00	1.09498	1.09500	1.09476	1.09498	603	0	0
2024.01.15	15:45:00	1.09498	1.09510	1.09482	1.09502	620	0	0
2024.01.15	15:50:00	1.09502	1.09523	1.09482	1.09490	641	0	0
2024.01.15	15:55:00	1.09489	1.09512	1.09484	1.09506	574	0	0
2024.01.15	16:00:00	1.09506	1.09521	1.09456	1.09464	932	0	0
2024.01.15	16:05:00	1.09464	1.09468	1.09391	1.09411	1274	0	0
2024.01.15	16:10:00	1.09411	1.09416	1.09395	1.09397	824	0	0
2024.01.15	16:15:00	1.09396	1.09425	1.09391	1.09394	782	0	0
2024.01.15	16:20:00	1.09393	1.09427	1.09385	1.09426	810	0	0
2024.01.15	16:25:00	1.09426	1.09437	1.09404	1.09420	937	0	0
2024.01.15	16:30:00	1.09420	1.09444	1.09412	1.09420	988	0	0
2024.01.15	16:35:00	1.09421	1.09431	1.09395	1.09427	826	0	0
2024.01.15	16:40:00	1.09427	1.09441	1.09416	1.09428	660	0	0
2024.01.15	16:45:00	1.09428	1.09432	1.09405	1.09415	725	0	0
2024.01.15	16:50:00	1.09415	1.09421	1.09397	1.09407	529	0	0
2024.01.15	16:55:00	1.09407	1.09441	1.09407	1.09435	669	0	0
2024.01.15	17:00:00	1.09434	1.09442	1.09407	1.09439	879	0	0
2024.01.15	17:05:00	1.09439	1.09458	1.09428	1.09442	712	0	0
2024.01.15	17:10:00	1.09444	1.09451	1.09381	1.09412	894	0	0
2024.01.15	17:15:00	1.09411	1.09426	1.09404	1.09414	819	0	0
2024.01.15	17:20:00	1.09414	1.09438	1.09404	1.09434	558	0	0
2024.01.15	17:25:00	1.09434	1.09470	1.09433	1.09452	819	0	0
2024.01.15	17:30:00	1.09453	1.09455	1.09404	1.09414	1019	0	0
2024.01.15	17:35:00	1.09413	1.09416	1.09379	1.09388	785	0	0
2024.01.15	17:40:00	1.09386	1.09415	1.09384	1.09415	671	0	0
2024.01.15	17:45:00	1.09414	1.09450	1.09408	1.09444	707	0	0
2024.01.15	17:50:00	1.09444	1.09507	1.09442	1.09491	1155	0	0
2024.01.15	17:55:00	1.09491	1.09511	1.09478	1.09498	1000	0	0
2024.01.15	18:00:00	1.09497	1.09517	1.09483	1.09485	1071	0	0
2024.01.15	18:05:00	1.09485	1.09498	1.09475	1.09489	698	0	0
2024.01.15	18:10:00	1.09489	1.09497	1.09475	1.09487	573	0	0
2024.01.15	18:15:00	1.09488	1.09501	1.09471	1.09473	535	0	0
2024.01.15	18:20:00	1.09471	1.09496	1.09471	1.09490	369	0	0
2024.01.15	18:25:00	1.09490	1.09526	1.09484	1.09523	538	0	0
2024.01.15	18:30:00	1.09523	1.09525	1.09489	1.09509	632	0	0
2024.01.15	18:35:00	1.09509	1.09510	1.09485	1.09493	355	0	0
2024.01.15	18:40:00	1.09493	1.09498	1.09465	1.09476	519	0	0
2024.01.15	18:45:00	1.09476	1.09503	1.09471	1.09500	465	0	0
2024.01.15	18:50:00	1.09498	1.09501	1.09481	1.09484	275	0	0
2024.01.15	18:55:00	1.09483	1.09484	1.09465	1.09473	356	0	0
2024.01.15	19:00:00	1.09473	1.09490	1.09469	1.09487	424	0	1
2024.01.15	19:05:00	1.09487	1.09509	1.09478	1.09483	468	0	1
2024.01.15	19:10:00	1.09483	1.09487	1.09461	1.09483	423	0	1
2024.01.15	19:15:00	1.09483	1.09495	1.09483	1.09488	241	0	1
2024.01.15	19:20:00	1.09488	1.09499	1.09485	1.09497	207	0	1
2024.01.15	19:25:00	1.09498	1.09520	1.09495	1.09518	267	0	1
2024.01.15	19:30:00	1.09518	1.09525	1.09508	1.09518	371	0	1
2024.01.15	19:35:00	1.09518	1.09522	1.09508	1.09513	230	0	1
2024.01.15	19:40:00	1.09513	1.09514	1.09500	1.09507	271	0	1
2024.01.15	19:45:00	1.09508	1.09510	1.09487	1.09491	243	0	1
2024.01.15	19:50:00	1.09491	1.09498	1.09474	1.09482	315	0	1
2024.01.15	19:55:00	1.09482	1.09485	1.09466	1.09482	286	0	1
2024.01.15	20:00:00	1.09482	1.09485	1.09476	1.09484	197	0	1
2024.01.15	20:05:00	1.09484	1.09500	1.09481	1.09499	162	0	1
2024.01.15	20:10:00	1.09500	1.09500	1.09486	1.09489	163	0	1
2024.01.15	20:15:00	1.09489	1.09489	1.09484	1.09488	45	0	1
2024.01.15	20:20:00	1.09488	1.09495	1.09485	1.09492	83	0	0
2024.01.15	20:25:00	1.09492	1.09499	1.09489	1.09499	108	0	1
2024.01.15	20:30:00	1.09499	1.09501	1.09487	1.09493	63	0	0
2024.01.15	20:35:00	1.09493	1.09499	1.09490	1.09499	47	0	0
2024.01.15	20:40:00	1.09493	1.09500	1.09491	1.09499	25	0	0
2024.01.15	20:45:00	1.09499	1.09500	1.09496	1.09499	28	0	0
2024.01.15	20:50:00	1.09499	1.09505	1.09498	1.09501	50	0	1
2024.01.15	20:55:00	1.09497	1.09530	1.09497	1.09528	332	0	0
2024.01.15	21:00:00	1.09528	1.09536	1.09513	1.09514	441	0	1
2024.01.15	21:05:00	1.09514	1.09521	1.09511	1.09514	109	0	1
2024.01.15	21:10:00	1.09514	1.09524	1.09513	1.09522	129	0	0
2024.01.15	21:15:00	1.09522	1.09532	1.09516	1.09530	100	0	1
2024.01.15	21:20:00	1.09531	1.09535	1.09513	1.09526	142	0	1
2024.01.15	21:25:00	1.09526	1.09529	1.09519	1.09527	80	0	1
2024.01.15	21:30:00	1.09527	1.09527	1.09514	1.09518	75	0	1
2024.01.15	21:35:00	1.09517	1.09520	1.09511	1.09518	41	0	0
2024.01.15	21:40:00	1.09521	1.09523	1.09512	1.09514	37	0	1
2024.01.15	21:45:00	1.09508	1.09519	1.09508	1.09517	38	0	0
2024.01.15	21:50:00	1.09517	1.09520	1.09498	1.09501	160	0	1
2024.01.15	21:55:00	1.09502	1.09507	1.09497	1.09505	103	0	1
2024.01.15	22:00:00	1.09506	1.09510	1.09498	1.09498	78	0	1
2024.01.15	22:05:00	1.09498	1.09501	1.09491	1.09498	126	0	0
2024.01.15	22:10:00	1.09498	1.09498	1.09494	1.09495	21	0	1
2024.01.15	22:15:00	1.09490	1.09494	1.09489	1.09492	28	0	0
2024.01.15	22:20:00	1.09492	1.09498	1.09492	1.09497	42	0	0
2024.01.15	22:25:00	1.09497	1.09503	1.09496	1.09503	56	0	1
2024.01.15	22:30:00	1.09503	1.09504	1.09493	1.09499	94	0	1
2024.01.15	22:35:00	1.09498	1.09507	1.09496	1.09499	150	0	1
2024.01.15	22:40:00	1.09499	1.09507	1.09496	1.09506	140	0	1
2024.01.15	22:45:00	1.09506	1.09515	1.09503	1.09508	83	0	0
2024.01.15	22:50:00	1.09508	1.09517	1.09506	1.09509	92	0	1
2024.01.15	22:55:00	1.09509	1.09521	1.09507	1.09519	81	0	1
2024.01.15	23:00:00	1.09512	1.09515	1.09504	1.09514	49	0	2
2024.01.15	23:05:00	1.09505	1.09513	1.09500	1.09502	50	0	1
2024.01.15	23:10:00	1.09507	1.09507	1.09497	1.09502	46	0	0
2024.01.15	23:15:00	1.09502	1.09509	1.09491	1.09495	39	0	1
2024.01.15	23:20:00	1.09495	1.09516	1.09495	1.09508	65	0	0
2024.01.15	23:25:00	1.09508	1.09508	1.09495	1.09504	1299	0	0
2024.01.15	23:30:00	1.09505	1.09513	1.09503	1.09504	84	0	1
2024.01.15	23:35:00	1.09503	1.09513	1.09499	1.09513	50	0	1
2024.01.15	23:40:00	1.09506	1.09510	1.09497	1.09497	55	0	0
2024.01.15	23:45:00	1.09498	1.09506	1.09497	1.09499	63	0	3
2024.01.15	23:50:00	1.09497	1.09505	1.09497	1.09500	24	0	2
2024.01.15	23:55:00	1.09501	1.09510	1.09461	1.09482	29	0	1
2024.01.16	00:00:00	1.09468	1.09497	1.09422	1.09473	21	0	15
2024.01.16	00:05:00	1.09473	1.09486	1.09472	1.09478	37	0	17
2024.01.16	00:10:00	1.09478	1.09483	1.09470	1.09478	19	0	14
2024.01.16	00:15:00	1.09469	1.09492	1.09464	1.09478	1500	0	8
2024.01.16	00:20:00	1.09476	1.09498	1.09466	1.09497	1421	0	8
2024.01.16	00:25:00	1.09497	1.09500	1.09484	1.09500	133	0	8
2024.01.16	00:30:00	1.09488	1.09502	1.09488	1.09501	69	0	8
2024.01.16	00:35:00	1.09501	1.09503	1.09486	1.09496	259	0	8
2024.01.16	00:40:00	1.09496	1.09498	1.09493	1.09495	111	0	8
2024.01.16	00:45:00	1.09496	1.09499	1.09493	1.09499	90	0	8
2024.01.16	00:50:00	1.09498	1.09499	1.09494	1.09496	137	0	8
2024.01.16	00:55:00	1.09497	1.09503	1.09493	1.09496	317	0	3
2024.01.16	01:00:00	1.09495	1.09510	1.09475	1.09479	249	0	3
2024.01.16	01:05:00	1.09478	1.09487	1.09472	1.09485	55	0	3
2024.01.16	01:10:00	1.09485	1.09499	1.09484	1.09491	147	0	3
2024.01.16	01:15:00	1.09491	1.09497	1.09481	1.09491	198	0	3
2024.01.16	01:20:00	1.09492	1.09498	1.09489	1.09489	139	0	3
2024.01.16	01:25:00	1.09489	1.09492	1.09465	1.09470	184	0	3
2024.01.16	01:30:00	1.09469	1.09478	1.09462	1.09465	224	0	1
2024.01.16	01:35:00	1.09464	1.09474	1.09457	1.09460	211	0	3
2024.01.16	01:40:00	1.09460	1.09468	1.09460	1.09462	182	0	3
2024.01.16	01:45:00	1.09461	1.09466	1.09458	1.09462	129	0	3
2024.01.16	01:50:00	1.09461	1.09468	1.09452	1.09454	204	0	3
2024.01.16	01:55:00	1.09456	1.09456	1.09446	1.09449	160	0	3
2024.01.16	02:00:00	1.09449	1.09463	1.09436	1.09445	499	0	3
2024.01.16	02:05:00	1.09445	1.09462	1.09440	1.09450	386	0	3
2024.01.16	02:10:00	1.09450	1.09454	1.09440	1.09440	358	0	3
2024.01.16	02:15:00	1.09440	1.09447	1.09433	1.09435	229	0	3
2024.01.16	02:20:00	1.09435	1.09437	1.09409	1.09413	448	0	3
2024.01.16	02:25:00	1.09412	1.09417	1.09383	1.09390	545	0	3
2024.01.16	02:30:00	1.09390	1.09399	1.09369	1.09373	367	0	3
2024.01.16	02:35:00	1.09373	1.09374	1.09333	1.09339	507	0	3
2024.01.16	02:40:00	1.09340	1.09343	1.09300	1.09319	771	0	3
2024.01.16	02:45:00	1.09317	1.09323	1.09288	1.09301	605	0	3
2024.01.16	02:50:00	1.09300	1.09303	1.09239	1.09251	1312	0	3
2024.01.16	02:55:00	1.09249	1.09259	1.09189	1.09198	1449	0	3
2024.01.16	03:00:00	1.09197	1.09234	1.09168	1.09172	1376	0	3
2024.01.16	03:05:00	1.09172	1.09199	1.09154	1.09155	1493	0	3
2024.01.16	03:10:00	1.09154	1.09203	1.09152	1.09196	945	0	3
2024.01.16	03:15:00	1.09196	1.09204	1.09172	1.09175	810	0	3
2024.01.16	03:20:00	1.09175	1.09220	1.09168	1.09213	816	0	3
2024.01.16	03:25:00	1.09213	1.09231	1.09206	1.09229	1004	0	3
2024.01.16	03:30:00	1.09230	1.09262	1.09222	1.09261	861	0	3
2024.01.16	03:35:00	1.09263	1.09292	1.09251	1.09289	914	0	3
2024.01.16	03:40:00	1.09288	1.09315	1.09286	1.09300	721	0	3
2024.01.16	03:45:00	1.09300	1.09316	1.09291	1.09295	578	0	3
2024.01.16	03:50:00	1.09293	1.09299	1.09281	1.09289	496	0	3
2024.01.16	03:55:00	1.09289	1.09291	1.09262	1.09275	289	0	3
2024.01.16	04:00:00	1.09277	1.09277	1.09221	1.09223	604	0	3
2024.01.16	04:05:00	1.09223	1.09261	1.09217	1.09243	475	0	3
2024.01.16	04:10:00	1.09244	1.09272	1.09243	1.09260	368	0	0
2024.01.16	04:15:00	1.09259	1.09261	1.09242	1.09247	285	0	3
2024.01.16	04:20:00	1.09246	1.09255	1.09237	1.09242	445	0	3
2024.01.16	04:25:00	1.09242	1.09264	1.09231	1.09251	441	0	3
2024.01.16	04:30:00	1.09251	1.09268	1.09229	1.09234	549	0	3
2024.01.16	04:35:00	1.09234	1.09261	1.09227	1.09250	422	0	3
2024.01.16	04:40:00	1.09250	1.09256	1.09238	1.09245	244	0	3
2024.01.16	04:45:00	1.09243	1.09248	1.09225	1.09240	332	0	3
2024.01.16	04:50:00	1.09240	1.09242	1.09213	1.09220	495	0	3
2024.01.16	04:55:00	1.09220	1.09244	1.09218	1.09239	334	0	3
2024.01.16	05:00:00	1.09239	1.09245	1.09226	1.09239	408	0	3
2024.01.16	05:05:00	1.09239	1.09255	1.09235	1.09250	257	0	3
2024.01.16	05:10:00	1.09250	1.09253	1.09217	1.09222	314	0	3
2024.01.16	05:15:00	1.09222	1.09229	1.09215	1.09220	371	0	3
2024.01.16	05:20:00	1.09221	1.09221	1.09199	1.09200	399	0	3
2024.01.16	05:25:00	1.09200	1.09204	1.09189	1.09195	332	0	3
2024.01.16	05:30:00	1.09195	1.09195	1.09159	1.09173	596	0	3
2024.01.16	05:35:00	1.09173	1.09182	1.09159	1.09176	464	0	3
2024.01.16	05:40:00	1.09176	1.09193	1.09170	1.09180	554	0	3
2024.01.16	05:45:00	1.09181	1.09195	1.09178	1.09187	350	0	3
2024.01.16	05:50:00	1.09187	1.09197	1.09183	1.09192	346	0	3
2024.01.16	05:55:00	1.09191	1.09199	1.09178	1.09188	217	0	0
2024.01.16	06:00:00	1.09188	1.09191	1.09177	1.09184	231	0	3
2024.01.16	06:05:00	1.09184	1.09193	1.09176	1.09180	226	0	3
2024.01.16	06:10:00	1.09180	1.09198	1.09177	1.09195	261	0	3
2024.01.16	06:15:00	1.09196	1.09200	1.09191	1.09195	314	0	3
2024.01.16	06:20:00	1.09195	1.09195	1.09177	1.09184	282	0	3
2024.01.16	06:25:00	1.09184	1.09188	1.09170	1.09175	200	0	3
2024.01.16	06:30:00	1.09175	1.09179	1.09165	1.09173	192	0	3
2024.01.16	06:35:00	1.09173	1.09180	1.09164	1.09174	271	0	3
2024.01.16	06:40:00	1.09174	1.09182	1.09167	1.09169	191	0	3
2024.01.16	06:45:00	1.09169	1.09171	1.09139	1.09145	516	0	3
2024.01.16	06:50:00	1.09144	1.09154	1.09137	1.09150	384	0	3
2024.01.16	06:55:00	1.09150	1.09178	1.09131	1.09173	595	0	3
2024.01.16	07:00:00	1.09174	1.09187	1.09149	1.09153	590	0	3
2024.01.16	07:05:00	1.09153	1.09171	1.09147	1.09169	329	0	3
2024.01.16	07:10:00	1.09168	1.09171	1.09154	1.09163	252	0	3
2024.01.16	07:15:00	1.09162	1.09176	1.09155	1.09174	202	0	3
2024.01.16	07:20:00	1.09174	1.09182	1.09153	1.09160	263	0	3
2024.01.16	07:25:00	1.09160	1.09173	1.09156	1.09169	208	0	3
2024.01.16	07:30:00	1.09168	1.09171	1.09142	1.09147	560	0	3
2024.01.16	07:35:00	1.09148	1.09156	1.09142	1.09144	281	0	3
2024.01.16	07:40:00	1.09144	1.09146	1.09122	1.09129	527	0	3
2024.01.16	07:45:00	1.09129	1.09149	1.09122	1.09144	611	0	3
2024.01.16	07:50:00	1.09143	1.09146	1.09127	1.09136	419	0	3
2024.01.16	07:55:00	1.09136	1.09156	1.09132	1.09153	416	0	3
2024.01.16	08:00:00	1.09153	1.09153	1.09125	1.09136	474	0	3
2024.01.16	08:05:00	1.09135	1.09152	1.09126	1.09150	268	0	3
2024.01.16	08:10:00	1.09150	1.09172	1.09136	1.09162	460	0	3
2024.01.16	08:15:00	1.09164	1.09186	1.09153	1.09159	626	0	3
2024.01.16	08:20:00	1.09159	1.09164	1.09137	1.09161	719	0	3
2024.01.16	08:25:00	1.09160	1.09184	1.09158	1.09184	438	0	3
2024.01.16	08:30:00	1.09185	1.09208	1.09174	1.09208	659	0	1
2024.01.16	08:35:00	1.09204	1.09214	1.09198	1.09209	609	0	1
2024.01.16	08:40:00	1.09207	1.09217	1.09183	1.09185	482	0	1
2024.01.16	08:45:00	1.09185	1.09191	1.09170	1.09176	555	0	1
2024.01.16	08:50:00	1.09176	1.09211	1.09174	1.09180	616	0	1
2024.01.16	08:55:00	1.09180	1.09191	1.09170	1.09171	538	0	1
2024.01.16	09:00:00	1.09173	1.09210	1.09141	1.09193	1490	0	1
2024.01.16	09:05:00	1.09193	1.09205	1.09160	1.09170	1231	0	1
2024.01.16	09:10:00	1.09169	1.09171	1.09114	1.09118	1153	0	1
2024.01.16	09:15:00	1.09118	1.09124	1.09096	1.09099	1019	0	1
2024.01.16	09:20:00	1.09099	1.09126	1.09085	1.09123	1031	0	1
2024.01.16	09:25:00	1.09123	1.09135	1.09106	1.09124	968	0	1
2024.01.16	09:30:00	1.09124	1.09178	1.09122	1.09156	650	0	0
2024.01.16	09:35:00	1.09155	1.09207	1.09152	1.09198	500	0	0
2024.01.16	09:40:00	1.09198	1.09233	1.09184	1.09227	683	0	0
2024.01.16	09:45:00	1.09228	1.09237	1.09209	1.09227	546	0	0
2024.01.16	09:50:00	1.09227	1.09267	1.09227	1.09245	668	0	0
2024.01.16	09:55:00	1.09245	1.09248	1.09178	1.09185	661	0	0
2024.01.16	10:00:00	1.09185	1.09185	1.09108	1.09124	1252	0	0
2024.01.16	10:05:00	1.09123	1.09171	1.09118	1.09123	1285	0	0
2024.01.16	10:10:00	1.09123	1.09137	1.09103	1.09131	1156	0	0
2024.01.16	10:15:00	1.09131	1.09164	1.09110	1.09125	1231	0	0
2024.01.16	10:20:00	1.09125	1.09235	1.09122	1.09177	1462	0	0
2024.01.16	10:25:00	1.09178	1.09198	1.09115	1.09117	1124	0	0
2024.01.16	10:30:00	1.09117	1.09139	1.09009	1.09021	1704	0	0
2024.01.16	10:35:00	1.09021	1.09033	1.08941	1.09004	1898	0	0
2024.01.16	10:40:00	1.09004	1.09026	1.08976	1.09014	1288	0	0
2024.01.16	10:45:00	1.09014	1.09050	1.09003	1.09042	957	0	0
2024.01.16	10:50:00	1.09042	1.09068	1.09010	1.09033	1040	0	0
2024.01.16	10:55:00	1.09033	1.09051	1.09005	1.09048	1088	0	0
2024.01.16	11:00:00	1.09047	1.09047	1.08952	1.08960	1750	0	0
2024.01.16	11:05:00	1.08960	1.08962	1.08906	1.08942	1509	0	0
2024.01.16	11:10:00	1.08942	1.08956	1.08916	1.08935	1024	0	0
2024.01.16	11:15:00	1.08937	1.08955	1.08907	1.08938	886	0	0
2024.01.16	11:20:00	1.08938	1.08973	1.08931	1.08958	905	0	0
2024.01.16	11:25:00	1.08957	1.08962	1.08938	1.08958	518	0	0
2024.01.16	11:30:00	1.08957	1.08974	1.08941	1.08946	865	0	0
2024.01.16	11:35:00	1.08946	1.08946	1.08894	1.08905	785	0	0
2024.01.16	11:40:00	1.08905	1.08905	1.08842	1.08870	954	0	0
2024.01.16	11:45:00	1.08870	1.08898	1.08850	1.08857	854	0	0
2024.01.16	11:50:00	1.08857	1.08878	1.08839	1.08877	1046	0	0
2024.01.16	11:55:00	1.08877	1.08888	1.08856	1.08862	603	0	0
2024.01.16	12:00:00	1.08862	1.08892	1.08830	1.08858	1140	0	0
2024.01.16	12:05:00	1.08858	1.08875	1.08854	1.08867	747	0	0
2024.01.16	12:10:00	1.08867	1.08895	1.08862	1.08874	870	0	0
2024.01.16	12:15:00	1.08873	1.08887	1.08843	1.08858	726	0	0
2024.01.16	12:20:00	1.08858	1.08889	1.08847	1.08857	555	0	0
2024.01.16	12:25:00	1.08857	1.08873	1.08841	1.08851	553	0	0
2024.01.16	12:30:00	1.08852	1.08865	1.08846	1.08849	462	0	0
2024.01.16	12:35:00	1.08849	1.08859	1.08838	1.08846	600	0	0
2024.01.16	12:40:00	1.08846	1.08847	1.08802	1.08833	794	0	0
2024.01.16	12:45:00	1.08833	1.08840	1.08815	1.08831	659	0	0
2024.01.16	12:50:00	1.08831	1.08834	1.08804	1.08812	538	0	0
2024.01.16	12:55:00	1.08812	1.08823	1.08792	1.08813	730	0	0
2024.01.16	13:00:00	1.08811	1.08841	1.08771	1.08773	956	0	0
2024.01.16	13:05:00	1.08773	1.08789	1.08755	1.08768	792	0	0
2024.01.16	13:10:00	1.08767	1.08773	1.08737	1.08758	666	0	0
2024.01.16	13:15:00	1.08757	1.08818	1.08757	1.08818	722	0	0
2024.01.16	13:20:00	1.08818	1.08835	1.08804	1.08834	630	0	0
2024.01.16	13:25:00	1.08834	1.08879	1.08821	1.08878	720	0	0
2024.01.16	13:30:00	1.08878	1.08901	1.08869	1.08892	716	0	0
2024.01.16	13:35:00	1.08893	1.08943	1.08893	1.08938	555	0	0
2024.01.16	13:40:00	1.08938	1.08948	1.08913	1.08926	402	0	0
2024.01.16	13:45:00	1.08926	1.08945	1.08898	1.08913	737	0	0
2024.01.16	13:50:00	1.08913	1.08939	1.08903	1.08918	785	0	0
2024.01.16	13:55:00	1.08918	1.08931	1.08908	1.08924	700	0	0
2024.01.16	14:00:00	1.08924	1.08934	1.08899	1.08902	1117	0	0
2024.01.16	14:05:00	1.08903	1.08906	1.08868	1.08889	1237	0	0
2024.01.16	14:10:00	1.08889	1.08912	1.08870	1.08880	873	0	0
2024.01.16	14:15:00	1.08881	1.08920	1.08872	1.08901	839	0	0
2024.01.16	14:20:00	1.08902	1.08904	1.08879	1.08890	672	0	0
2024.01.16	14:25:00	1.08890	1.08912	1.08880	1.08903	565	0	0
2024.01.16	14:30:00	1.08903	1.08927	1.08894	1.08908	821	0	0
2024.01.16	14:35:00	1.08908	1.08912	1.08879	1.08884	796	0	0
2024.01.16	14:40:00	1.08883	1.08892	1.08835	1.08852	1044	0	0
2024.01.16	14:45:00	1.08852	1.08871	1.08842	1.08866	755	0	0
2024.01.16	14:50:00	1.08866	1.08872	1.08851	1.08862	684	0	0
2024.01.16	14:55:00	1.08862	1.08868	1.08847	1.08862	1067	0	0
2024.01.16	15:00:00	1.08862	1.08885	1.08832	1.08835	1084	0	0
2024.01.16	15:05:00	1.08835	1.08854	1.08807	1.08810	1030	0	0
2024.01.16	15:10:00	1.08808	1.08829	1.08747	1.08775	1503	0	0
2024.01.16	15:15:00	1.08777	1.08803	1.08748	1.08784	1315	0	0
2024.01.16	15:20:00	1.08785	1.08801	1.08745	1.08750	1585	0	0
2024.01.16	15:25:00	1.08750	1.08785	1.08746	1.08775	1134	0	0
2024.01.16	15:30:00	1.08778	1.08951	1.08778	1.08889	4203	0	0
2024.01.16	15:35:00	1.08888	1.08938	1.08858	1.08924	2532	0	0
2024.01.16	15:40:00	1.08924	1.08981	1.08908	1.08930	2697	0	0
2024.01.16	15:45:00	1.08928	1.08941	1.08786	1.08800	2645	0	0
2024.01.16	15:50:00	1.08800	1.08836	1.08740	1.08752	2136	0	0
2024.01.16	15:55:00	1.08751	1.08784	1.08714	1.08742	1791	0	0
2024.01.16	16:00:00	1.08743	1.08774	1.08711	1.08762	2341	0	0
2024.01.16	16:05:00	1.08761	1.08829	1.08739	1.08827	2006	0	0
2024.01.16	16:10:00	1.08826	1.08844	1.08798	1.08817	1858	0	0
2024.01.16	16:15:00	1.08817	1.08826	1.08773	1.08806	1581	0	0
2024.01.16	16:20:00	1.08806	1.08893	1.08803	1.08889	1675	0	0
2024.01.16	16:25:00	1.08889	1.08893	1.08838	1.08848	1618	0	0
2024.01.16	16:30:00	1.08847	1.08877	1.08775	1.08801	2665	0	0
2024.01.16	16:35:00	1.08800	1.08806	1.08744	1.08778	1541	0	0
2024.01.16	16:40:00	1.08776	1.08794	1.08738	1.08741	1672	0	0
2024.01.16	16:45:00	1.08741	1.08760	1.08713	1.08716	2015	0	0
2024.01.16	16:50:00	1.08716	1.08729	1.08665	1.08724	2339	0	0
2024.01.16	16:55:00	1.08724	1.08747	1.08706	1.08725	1833	0	0
2024.01.16	17:00:00	1.08723	1.08765	1.08712	1.08717	1810	0	0
2024.01.16	17:05:00	1.08717	1.08736	1.08655	1.08708	1918	0	0
2024.01.16	17:10:00	1.08708	1.08759	1.08702	1.08748	1448	0	0
2024.01.16	17:15:00	1.08744	1.08807	1.08738	1.08801	1352	0	0
2024.01.16	17:20:00	1.08801	1.08849	1.08787	1.08842	1337	0	0
2024.01.16	17:25:00	1.08844	1.08881	1.08843	1.08849	1268	0	0
2024.01.16	17:30:00	1.08853	1.08859	1.08808	1.08817	1431	0	0
2024.01.16	17:35:00	1.08817	1.08843	1.08781	1.08836	1542	0	0
2024.01.16	17:40:00	1.08836	1.08882	1.08825	1.08871	1342	0	0
2024.01.16	17:45:00	1.08871	1.08885	1.08839	1.08857	1314	0	0
2024.01.16	17:50:00	1.08857	1.08868	1.08817	1.08837	1418	0	0
2024.01.16	17:55:00	1.08837	1.08876	1.08823	1.08858	1415	0	0
2024.01.16	18:00:00	1.08858	1.08872	1.08619	1.08724	6614	0	0
2024.01.16	18:05:00	1.08724	1.08807	1.08705	1.08744	3410	0	0
2024.01.16	18:10:00	1.08744	1.08825	1.08702	1.08810	3406	0	0
2024.01.16	18:15:00	1.08810	1.08910	1.08780	1.08872	2850	0	0
2024.01.16	18:20:00	1.08872	1.08945	1.08866	1.08944	2702	0	0
2024.01.16	18:25:00	1.08942	1.08946	1.08874	1.08884	2455	0	0
2024.01.16	18:30:00	1.08885	1.08932	1.08869	1.08918	1966	0	0
2024.01.16	18:35:00	1.08918	1.08920	1.08784	1.08800	2174	0	0
2024.01.16	18:40:00	1.08799	1.08824	1.08771	1.08811	1694	0	0
2024.01.16	18:45:00	1.08811	1.08834	1.08793	1.08829	1096	0	0
2024.01.16	18:50:00	1.08829	1.08862	1.08791	1.08798	1117	0	0
2024.01.16	18:55:00	1.08796	1.08811	1.08778	1.08808	1316	0	0
2024.01.16	19:00:00	1.08808	1.08829	1.08741	1.08750	1659	0	1
2024.01.16	19:05:00	1.08751	1.08751	1.08672	1.08695	1661	0	1
2024.01.16	19:10:00	1.08695	1.08712	1.08662	1.08664	1545	0	1
2024.01.16	19:15:00	1.08664	1.08717	1.08645	1.08689	1580	0	1
2024.01.16	19:20:00	1.08689	1.08727	1.08669	1.08681	1747	0	1
2024.01.16	19:25:00	1.08679	1.08693	1.08642	1.08660	2042	0	1
2024.01.16	19:30:00	1.08659	1.08673	1.08651	1.08664	1166	0	1
2024.01.16	19:35:00	1.08665	1.08735	1.08664	1.08711	1298	0	1
2024.01.16	19:40:00	1.08711	1.08720	1.08688	1.08689	1252	0	1
2024.01.16	19:45:00	1.08689	1.08691	1.08652	1.08659	855	0	1
2024.01.16	19:50:00	1.08658	1.08678	1.08646	1.08654	633	0	1
2024.01.16	19:55:00	1.08654	1.08663	1.08626	1.08630	865	0	1
2024.01.16	20:00:00	1.08630	1.08655	1.08627	1.08652	1096	0	1
2024.01.16	20:05:00	1.08652	1.08664	1.08637	1.08660	896	0	1
2024.01.16	20:10:00	1.08660	1.08670	1.08643	1.08665	678	0	1
2024.01.16	20:15:00	1.08665	1.08721	1.08663	1.08696	1261	0	1
2024.01.16	20:20:00	1.08696	1.08700	1.08669	1.08691	786	0	1
2024.01.16	20:25:00	1.08691	1.08734	1.08676	1.08734	768	0	1
2024.01.16	20:30:00	1.08734	1.08772	1.08725	1.08744	953	0	1
2024.01.16	20:35:00	1.08744	1.08752	1.08716	1.08721	1144	0	1
2024.01.16	20:40:00	1.08720	1.08732	1.08682	1.08689	1175	0	1
2024.01.16	20:45:00	1.08689	1.08699	1.08666	1.08696	947	0	1
2024.01.16	20:50:00	1.08694	1.08700	1.08665	1.08681	858	0	1
2024.01.16	20:55:00	1.08681	1.08718	1.08673	1.08700	633	0	1
2024.01.16	21:00:00	1.08700	1.08711	1.08678	1.08691	598	0	1
2024.01.16	21:05:00	1.08690	1.08725	1.08681	1.08691	722	0	1
2024.01.16	21:10:00	1.08691	1.08709	1.08679	1.08692	763	0	1
2024.01.16	21:15:00	1.08691	1.08699	1.08678	1.08680	837	0	1
2024.01.16	21:20:00	1.08681	1.08713	1.08681	1.08710	672	0	1
2024.01.16	21:25:00	1.08711	1.08714	1.08685	1.08693	517	0	1
2024.01.16	21:30:00	1.08694	1.08710	1.08683	1.08709	557	0	1
2024.01.16	21:35:00	1.08709	1.08718	1.08693	1.08697	397	0	1
2024.01.16	21:40:00	1.08697	1.08705	1.08682	1.08705	395	0	1
2024.01.16	21:45:00	1.08705	1.08731	1.08700	1.08730	458	0	1
2024.01.16	21:50:00	1.08730	1.08745	1.08719	1.08736	837	0	1
2024.01.16	21:55:00	1.08736	1.08750	1.08729	1.08736	499	0	1
2024.01.16	22:00:00	1.08736	1.08751	1.08732	1.08735	494	0	1
2024.01.16	22:05:00	1.08735	1.08748	1.08723	1.08739	513	0	1
2024.01.16	22:10:00	1.08739	1.08758	1.08737	1.08740	545	0	1
2024.01.16	22:15:00	1.08739	1.08745	1.08722	1.08736	672	0	1
2024.01.16	22:20:00	1.08735	1.08739	1.08712	1.08714	733	0	1
2024.01.16	22:25:00	1.08714	1.08721	1.08706	1.08708	658	0	1
2024.01.16	22:30:00	1.08710	1.08718	1.08699	1.08704	595	0	1
2024.01.16	22:35:00	1.08705	1.08716	1.08703	1.08713	395	0	1
2024.01.16	22:40:00	1.08712	1.08713	1.08700	1.08709	361	0	1
2024.01.16	22:45:00	1.08709	1.08719	1.08702	1.08711	303	0	1
2024.01.16	22:50:00	1.08711	1.08718	1.08704	1.08709	356	0	1
2024.01.16	22:55:00	1.08709	1.08725	1.08708	1.08714	460	0	1
2024.01.16	23:00:00	1.08714	1.08737	1.08704	1.08734	360	0	0
2024.01.16	23:05:00	1.08733	1.08738	1.08729	1.08732	156	0	15
2024.01.16	23:10:00	1.08732	1.08741	1.08730	1.08738	129	0	10
2024.01.16	23:15:00	1.08737	1.08757	1.08735	1.08751	166	0	15
2024.01.16	23:20:00	1.08751	1.08754	1.08745	1.08748	112	0	10
2024.01.16	23:25:00	1.08748	1.08771	1.08747	1.08765	169	0	3
2024.01.16	23:30:00	1.08765	1.08766	1.08755	1.08764	136	0	1
2024.01.16	23:35:00	1.08765	1.08765	1.08736	1.08737	171	0	2
2024.01.16	23:40:00	1.08739	1.08755	1.08733	1.08753	212	0	15
2024.01.16	23:45:00	1.08754	1.08755	1.08745	1.08748	216	0	15
2024.01.16	23:50:00	1.08747	1.08759	1.08743	1.08748	183	0	3
2024.01.16	23:55:00	1.08753	1.08754	1.08745	1.08748	82	0	2
2024.01.17	00:00:00	1.08743	1.08747	1.08620	1.08700	18	0	15
2024.01.17	00:05:00	1.08715	1.08735	1.08700	1.08715	39	0	22
2024.01.17	00:10:00	1.08714	1.08714	1.08681	1.08697	61	0	49
2024.01.17	00:15:00	1.08697	1.08741	1.08691	1.08735	711	0	31
2024.01.17	00:20:00	1.08735	1.08743	1.08714	1.08737	643	0	8
2024.01.17	00:25:00	1.08737	1.08759	1.08732	1.08759	204	0	8
2024.01.17	00:30:00	1.08759	1.08762	1.08741	1.08754	122	0	8
2024.01.17	00:35:00	1.08754	1.08761	1.08748	1.08757	269	0	8
2024.01.17	00:40:00	1.08757	1.08771	1.08757	1.08765	544	0	8
2024.01.17	00:45:00	1.08765	1.08773	1.08750	1.08756	999	0	8
2024.01.17	00:50:00	1.08758	1.08771	1.08751	1.08754	1209	0	8
2024.01.17	00:55:00	1.08753	1.08756	1.08737	1.08747	450	0	41
2024.01.17	01:00:00	1.08764	1.08787	1.08754	1.08785	198	0	3
2024.01.17	01:05:00	1.08785	1.08787	1.08767	1.08775	68	0	2
2024.01.17	01:10:00	1.08775	1.08778	1.08769	1.08770	96	0	3
2024.01.17	01:15:00	1.08769	1.08772	1.08767	1.08769	12	0	3
2024.01.17	01:20:00	1.08770	1.08770	1.08764	1.08769	13	0	3
2024.01.17	01:25:00	1.08769	1.08770	1.08764	1.08770	17	0	2
2024.01.17	01:30:00	1.08770	1.08778	1.08764	1.08774	53	0	3
2024.01.17	01:35:00	1.08775	1.08783	1.08764	1.08764	156	0	2
2024.01.17	01:40:00	1.08764	1.08765	1.08758	1.08760	92	0	3
2024.01.17	01:45:00	1.08760	1.08770	1.08757	1.08769	97	0	3
2024.01.17	01:50:00	1.08770	1.08782	1.08769	1.08780	187	0	3
2024.01.17	01:55:00	1.08780	1.08785	1.08779	1.08784	83	0	3
2024.01.17	02:00:00	1.08782	1.08787	1.08760	1.08766	259	0	3
2024.01.17	02:05:00	1.08766	1.08774	1.08757	1.08763	270	0	3
2024.01.17	02:10:00	1.08763	1.08770	1.08746	1.08749	316	0	3
2024.01.17	02:15:00	1.08749	1.08752	1.08721	1.08732	432	0	3
2024.01.17	02:20:00	1.08732	1.08743	1.08724	1.08727	273	0	3
2024.01.17	02:25:00	1.08727	1.08744	1.08724	1.08743	165	0	0
2024.01.17	02:30:00	1.08744	1.08771	1.08743	1.08754	370	0	3
2024.01.17	02:35:00	1.08754	1.08768	1.08751	1.08762	241	0	3
2024.01.17	02:40:00	1.08762	1.08764	1.08746	1.08754	289	0	3
2024.01.17	02:45:00	1.08755	1.08770	1.08751	1.08764	260	0	3
2024.01.17	02:50:00	1.08764	1.08774	1.08753	1.08754	384	0	3
2024.01.17	02:55:00	1.08754	1.08790	1.08746	1.08778	382	0	3
2024.01.17	03:00:00	1.08777	1.08787	1.08748	1.08762	485	0	3
2024.01.17	03:05:00	1.08762	1.08773	1.08753	1.08763	365	0	3
2024.01.17	03:10:00	1.08763	1.08784	1.08759	1.08781	482	0	3
2024.01.17	03:15:00	1.08783	1.08822	1.08782	1.08818	658	0	3
2024.01.17	03:20:00	1.08818	1.08822	1.08795	1.08804	462	0	3
2024.01.17	03:25:00	1.08805	1.08809	1.08761	1.08771	439	0	3
2024.01.17	03:30:00	1.08771	1.08776	1.08750	1.08757	411	0	3
2024.01.17	03:35:00	1.08757	1.08763	1.08737	1.08747	295	0	3
2024.01.17	03:40:00	1.08747	1.08766	1.08745	1.08755	492	0	3
2024.01.17	03:45:00	1.08756	1.08761	1.08731	1.08753	375	0	3
2024.01.17	03:50:00	1.08753	1.08774	1.08753	1.08768	381	0	3
2024.01.17	03:55:00	1.08769	1.08773	1.08757	1.08773	294	0	3
2024.01.17	04:00:00	1.08773	1.08797	1.08762	1.08793	532	0	3
2024.01.17	04:05:00	1.08793	1.08846	1.08788	1.08812	668	0	3
2024.01.17	04:10:00	1.08813	1.08819	1.08804	1.08804	432	0	3
2024.01.17	04:15:00	1.08804	1.08818	1.08785	1.08788	465	0	3
2024.01.17	04:20:00	1.08788	1.08790	1.08761	1.08767	568	0	3
2024.01.17	04:25:00	1.08765	1.08770	1.08749	1.08768	306	0	3
2024.01.17	04:30:00	1.08768	1.08775	1.08747	1.08753	369	0	3
2024.01.17	04:35:00	1.08753	1.08756	1.08741	1.08743	282	0	3
2024.01.17	04:40:00	1.08743	1.08756	1.08736	1.08753	319	0	3
2024.01.17	04:45:00	1.08753	1.08760	1.08747	1.08754	276	0	3
2024.01.17	04:50:00	1.08754	1.08765	1.08744	1.08753	218	0	3
2024.01.17	04:55:00	1.08752	1.08761	1.08747	1.08747	282	0	3
2024.01.17	05:00:00	1.08747	1.08749	1.08735	1.08738	283	0	3
2024.01.17	05:05:00	1.08738	1.08749	1.08733	1.08734	144	0	3
2024.01.17	05:10:00	1.08732	1.08741	1.08731	1.08733	150	0	3
2024.01.17	05:15:00	1.08733	1.08736	1.08679	1.08682	835	0	3
2024.01.17	05:20:00	1.08684	1.08699	1.08678	1.08691	703	0	3
2024.01.17	05:25:00	1.08691	1.08696	1.08660	1.08664	482	0	3
2024.01.17	05:30:00	1.08665	1.08686	1.08660	1.08679	408	0	3
2024.01.17	05:35:00	1.08679	1.08679	1.08654	1.08668	445	0	3
2024.01.17	05:40:00	1.08667	1.08667	1.08649	1.08656	384	0	3
2024.01.17	05:45:00	1.08655	1.08663	1.08652	1.08657	181	0	3
2024.01.17	05:50:00	1.08657	1.08669	1.08649	1.08657	236	0	3
2024.01.17	05:55:00	1.08657	1.08668	1.08656	1.08662	178	0	3
2024.01.17	06:00:00	1.08662	1.08668	1.08644	1.08647	257	0	3
2024.01.17	06:05:00	1.08647	1.08670	1.08645	1.08667	278	0	3
2024.01.17	06:10:00	1.08667	1.08675	1.08661	1.08672	280	0	3
2024.01.17	06:15:00	1.08672	1.08682	1.08670	1.08675	217	0	0
2024.01.17	06:20:00	1.08675	1.08679	1.08657	1.08666	173	0	3
2024.01.17	06:25:00	1.08665	1.08670	1.08655	1.08666	198	0	3
2024.01.17	06:30:00	1.08666	1.08670	1.08660	1.08669	158	0	3
2024.01.17	06:35:00	1.08669	1.08683	1.08668	1.08676	276	0	3
2024.01.17	06:40:00	1.08676	1.08684	1.08673	1.08682	187	0	3
2024.01.17	06:45:00	1.08681	1.08711	1.08679	1.08698	412	0	3
2024.01.17	06:50:00	1.08697	1.08706	1.08684	1.08696	276	0	3
2024.01.17	06:55:00	1.08695	1.08711	1.08680	1.08708	343	0	3
2024.01.17	07:00:00	1.08708	1.08722	1.08687	1.08687	431	0	3
2024.01.17	07:05:00	1.08687	1.08689	1.08657	1.08667	375	0	3
2024.01.17	07:10:00	1.08667	1.08669	1.08648	1.08652	349	0	3
2024.01.17	07:15:00	1.08651	1.08653	1.08623	1.08647	786	0	3
2024.01.17	07:20:00	1.08647	1.08656	1.08634	1.08648	372	0	3
2024.01.17	07:25:00	1.08647	1.08654	1.08634	1.08642	284	0	3
2024.01.17	07:30:00	1.08642	1.08647	1.08631	1.08644	420	0	3
2024.01.17	07:35:00	1.08644	1.08651	1.08617	1.08622	601	0	3
2024.01.17	07:40:00	1.08622	1.08636	1.08617	1.08622	438	0	3
2024.01.17	07:45:00	1.08624	1.08631	1.08604	1.08626	653	0	3
2024.01.17	07:50:00	1.08626	1.08639	1.08617	1.08625	522	0	3
2024.01.17	07:55:00	1.08626	1.08649	1.08624	1.08649	667	0	3
2024.01.17	08:00:00	1.08649	1.08650	1.08613	1.08617	653	0	3
2024.01.17	08:05:00	1.08616	1.08626	1.08575	1.08579	1040	0	3
2024.01.17	08:10:00	1.08579	1.08593	1.08558	1.08574	1075	0	3
2024.01.17	08:15:00	1.08574	1.08584	1.08564	1.08574	697	0	3
2024.01.17	08:20:00	1.08574	1.08585	1.08563	1.08577	598	0	3
2024.01.17	08:25:00	1.08577	1.08583	1.08559	1.08562	475	0	3
2024.01.17	08:30:00	1.08563	1.08575	1.08553	1.08567	554	0	1
2024.01.17	08:35:00	1.08567	1.08578	1.08560	1.08569	507	0	1
2024.01.17	08:40:00	1.08568	1.08619	1.08563	1.08604	952	0	1
2024.01.17	08:45:00	1.08604	1.08625	1.08598	1.08619	665	0	1
2024.01.17	08:50:00	1.08619	1.08643	1.08615	1.08621	622	0	1
2024.01.17	08:55:00	1.08621	1.08645	1.08617	1.08623	644	0	1
2024.01.17	09:00:00	1.08621	1.08676	1.08621	1.08630	2103	0	1
2024.01.17	09:05:00	1.08628	1.08660	1.08612	1.08634	1208	0	1
2024.01.17	09:10:00	1.08635	1.08656	1.08591	1.08652	1412	0	1
2024.01.17	09:15:00	1.08652	1.08712	1.08641	1.08697	1215	0	1
2024.01.17	09:20:00	1.08697	1.08736	1.08687	1.08725	1117	0	1
2024.01.17	09:25:00	1.08725	1.08730	1.08675	1.08689	1101	0	1
2024.01.17	09:30:00	1.08691	1.08708	1.08668	1.08697	890	0	0
2024.01.17	09:35:00	1.08697	1.08706	1.08587	1.08677	1642	0	0
2024.01.17	09:40:00	1.08676	1.08727	1.08660	1.08720	982	0	0
2024.01.17	09:45:00	1.08721	1.08737	1.08675	1.08678	873	0	0
2024.01.17	09:50:00	1.08678	1.08730	1.08675	1.08715	637	0	0
2024.01.17	09:55:00	1.08715	1.08738	1.08687	1.08701	816	0	0
2024.01.17	10:00:00	1.08701	1.08786	1.08700	1.08748	1790	0	0
2024.01.17	10:05:00	1.08748	1.08793	1.08730	1.08754	1078	0	0
2024.01.17	10:10:00	1.08754	1.08806	1.08730	1.08788	1220	0	0
2024.01.17	10:15:00	1.08788	1.08794	1.08756	1.08758	1108	0	0
2024.01.17	10:20:00	1.08759	1.08805	1.08747	1.08774	816	0	0
2024.01.17	10:25:00	1.08774	1.08817	1.08769	1.08795	879	0	0
2024.01.17	10:30:00	1.08795	1.08802	1.08748	1.08766	1084	0	0
2024.01.17	10:35:00	1.08766	1.08785	1.08750	1.08755	896	0	0
2024.01.17	10:40:00	1.08755	1.08759	1.08709	1.08722	858	0	0
2024.01.17	10:45:00	1.08722	1.08729	1.08667	1.08690	1105	0	0
2024.01.17	10:50:00	1.08690	1.08700	1.08673	1.08678	506	0	0
2024.01.17	10:55:00	1.08678	1.08700	1.08662	1.08668	714	0	0
2024.01.17	11:00:00	1.08667	1.08670	1.08638	1.08650	839	0	0
2024.01.17	11:05:00	1.08651	1.08699	1.08648	1.08676	677	0	0
2024.01.17	11:10:00	1.08676	1.08698	1.08653	1.08664	875	0	0
2024.01.17	11:15:00	1.08663	1.08694	1.08654	1.08655	637	0	0
2024.01.17	11:20:00	1.08656	1.08658	1.08634	1.08654	940	0	0
2024.01.17	11:25:00	1.08655	1.08658	1.08610	1.08628	912	0	0
2024.01.17	11:30:00	1.08627	1.08690	1.08627	1.08688	667	0	0
2024.01.17	11:35:00	1.08688	1.08714	1.08671	1.08690	868	0	0
2024.01.17	11:40:00	1.08690	1.08738	1.08677	1.08734	694	0	0
2024.01.17	11:45:00	1.08734	1.08760	1.08721	1.08739	823	0	0
2024.01.17	11:50:00	1.08739	1.08759	1.08736	1.08749	490	0	0
2024.01.17	11:55:00	1.08749	1.08788	1.08744	1.08766	761	0	0
2024.01.17	12:00:00	1.08765	1.08818	1.08762	1.08803	1030	0	0
2024.01.17	12:05:00	1.08803	1.08829	1.08796	1.08823	812	0	0
2024.01.17	12:10:00	1.08823	1.08840	1.08817	1.08822	529	0	0
2024.01.17	12:15:00	1.08822	1.08829	1.08768	1.08786	782	0	0
2024.01.17	12:20:00	1.08786	1.08800	1.08766	1.08773	703	0	0
2024.01.17	12:25:00	1.08773	1.08779	1.08735	1.08741	814	0	0
2024.01.17	12:30:00	1.08740	1.08748	1.08704	1.08708	927	0	0
2024.01.17	12:35:00	1.08707	1.08715	1.08671	1.08678	832	0	0
2024.01.17	12:40:00	1.08678	1.08721	1.08672	1.08714	749	0	0
2024.01.17	12:45:00	1.08714	1.08730	1.08698	1.08714	688	0	0
2024.01.17	12:50:00	1.08714	1.08729	1.08693	1.08702	800	0	0
2024.01.17	12:55:00	1.08702	1.08741	1.08701	1.08718	664	0	0
2024.01.17	13:00:00	1.08718	1.08734	1.08705	1.08719	516	0	0
2024.01.17	13:05:00	1.08719	1.08740	1.08698	1.08729	571	0	0
2024.01.17	13:10:00	1.08728	1.08738	1.08699	1.08715	531	0	0
2024.01.17	13:15:00	1.08715	1.08779	1.08704	1.08712	768	0	0
2024.01.17	13:20:00	1.08711	1.08767	1.08709	1.08743	525	0	0
2024.01.17	13:25:00	1.08742	1.08765	1.08734	1.08750	547	0	0
2024.01.17	13:30:00	1.08750	1.08788	1.08745	1.08781	598	0	0
2024.01.17	13:35:00	1.08781	1.08789	1.08759	1.08774	526	0	0
2024.01.17	13:40:00	1.08774	1.08832	1.08769	1.08827	630	0	0
2024.01.17	13:45:00	1.08826	1.08832	1.08792	1.08798	751	0	0
2024.01.17	13:50:00	1.08798	1.08816	1.08789	1.08811	471	0	0
2024.01.17	13:55:00	1.08811	1.08815	1.08786	1.08786	449	0	0
2024.01.17	14:00:00	1.08786	1.08797	1.08755	1.08779	833	0	0
2024.01.17	14:05:00	1.08779	1.08790	1.08766	1.08776	503	0	0
2024.01.17	14:10:00	1.08777	1.08794	1.08754	1.08785	518	0	0
2024.01.17	14:15:00	1.08802	1.08803	1.08773	1.08790	664	0	0
2024.01.17	14:20:00	1.08789	1.08815	1.08762	1.08767	776	0	0
2024.01.17	14:25:00	1.08766	1.08770	1.08723	1.08737	905	0	0
2024.01.17	14:30:00	1.08737	1.08752	1.08728	1.08742	631	0	0
2024.01.17	14:35:00	1.08741	1.08770	1.08722	1.08722	723	0	0
2024.01.17	14:40:00	1.08722	1.08743	1.08714	1.08719	687	0	0
2024.01.17	14:45:00	1.08719	1.08723	1.08693	1.08704	767	0	0
2024.01.17	14:50:00	1.08702	1.08733	1.08702	1.08725	766	0	0
2024.01.17	14:55:00	1.08725	1.08762	1.08722	1.08742	838	0	0
2024.01.17	15:00:00	1.08742	1.08748	1.08695	1.08729	1084	0	0
2024.01.17	15:05:00	1.08729	1.08768	1.08726	1.08764	897	0	0
2024.01.17	15:10:00	1.08763	1.08787	1.08750	1.08766	818	0	0
2024.01.17	15:15:00	1.08766	1.08771	1.08724	1.08729	1106	0	0
2024.01.17	15:20:00	1.08728	1.08730	1.08672	1.08678	1532	0	0
2024.01.17	15:25:00	1.08678	1.08721	1.08653	1.08701	1364	0	0
2024.01.17	15:30:00	1.08701	1.08701	1.08514	1.08607	4435	0	0
2024.01.17	15:35:00	1.08607	1.08671	1.08579	1.08651	3076	0	0
2024.01.17	15:40:00	1.08647	1.08666	1.08581	1.08585	2777	0	0
2024.01.17	15:45:00	1.08586	1.08624	1.08547	1.08612	2494	0	0
2024.01.17	15:50:00	1.08613	1.08671	1.08602	1.08653	1828	0	0
2024.01.17	15:55:00	1.08653	1.08658	1.08606	1.08637	1677	0	0
2024.01.17	16:00:00	1.08638	1.08654	1.08606	1.08636	1780	0	0
2024.01.17	16:05:00	1.08636	1.08640	1.08604	1.08624	1255	0	0
2024.01.17	16:10:00	1.08624	1.08672	1.08614	1.08670	1138	0	0
2024.01.17	16:15:00	1.08670	1.08705	1.08634	1.08656	1903	0	0
2024.01.17	16:20:00	1.08656	1.08693	1.08638	1.08650	1653	0	0
2024.01.17	16:25:00	1.08656	1.08682	1.08629	1.08647	1151	0	0
2024.01.17	16:30:00	1.08647	1.08684	1.08603	1.08607	2339	0	0
2024.01.17	16:35:00	1.08607	1.08627	1.08571	1.08623	1720	0	0
2024.01.17	16:40:00	1.08623	1.08632	1.08559	1.08576	2071	0	0
2024.01.17	16:45:00	1.08575	1.08575	1.08525	1.08548	1568	0	0
2024.01.17	16:50:00	1.08549	1.08567	1.08527	1.08536	1482	0	0
2024.01.17	16:55:00	1.08536	1.08541	1.08475	1.08489	1676	0	0
2024.01.17	17:00:00	1.08489	1.08619	1.08464	1.08599	2009	0	0
2024.01.17	17:05:00	1.08599	1.08711	1.08581	1.08663	2037	0	0
2024.01.17	17:10:00	1.08663	1.08692	1.08646	1.08646	1762	0	0
2024.01.17	17:15:00	1.08646	1.08657	1.08567	1.08583	1618	0	0
2024.01.17	17:20:00	1.08583	1.08587	1.08527	1.08567	1900	0	0
2024.01.17	17:25:00	1.08567	1.08598	1.08544	1.08564	1865	0	0
2024.01.17	17:30:00	1.08564	1.08591	1.08539	1.08554	1794	0	0
2024.01.17	17:35:00	1.08555	1.08590	1.08533	1.08587	1583	0	0
2024.01.17	17:40:00	1.08587	1.08637	1.08536	1.08546	1762	0	0
2024.01.17	17:45:00	1.08546	1.08583	1.08515	1.08527	1472	0	0
2024.01.17	17:50:00	1.08528	1.08541	1.08444	1.08458	1653	0	0
2024.01.17	17:55:00	1.08459	1.08502	1.08448	1.08490	1325	0	0
2024.01.17	18:00:00	1.08490	1.08593	1.08485	1.08593	1435	0	0
2024.01.17	18:05:00	1.08594	1.08647	1.08589	1.08609	1285	0	0
2024.01.17	18:10:00	1.08609	1.08612	1.08561	1.08575	1260	0	0
2024.01.17	18:15:00	1.08575	1.08615	1.08567	1.08606	1115	0	0
2024.01.17	18:20:00	1.08606	1.08612	1.08553	1.08558	1303	0	0
2024.01.17	18:25:00	1.08560	1.08589	1.08521	1.08527	1150	0	0
2024.01.17	18:30:00	1.08527	1.08545	1.08475	1.08495	1318	0	0
2024.01.17	18:35:00	1.08495	1.08575	1.08485	1.08570	1395	0	0
2024.01.17	18:40:00	1.08570	1.08605	1.08558	1.08591	1397	0	0
2024.01.17	18:45:00	1.08591	1.08608	1.08560	1.08566	1451	0	0
2024.01.17	18:50:00	1.08566	1.08570	1.08528	1.08541	1565	0	0
2024.01.17	18:55:00	1.08541	1.08599	1.08541	1.08573	1009	0	0
2024.01.17	19:00:00	1.08574	1.08636	1.08573	1.08610	1318	0	1
2024.01.17	19:05:00	1.08610	1.08625	1.08587	1.08620	1067	0	1
2024.01.17	19:10:00	1.08620	1.08640	1.08595	1.08632	1203	0	1
2024.01.17	19:15:00	1.08632	1.08645	1.08611	1.08636	972	0	1
2024.01.17	19:20:00	1.08637	1.08645	1.08615	1.08617	1140	0	1
2024.01.17	19:25:00	1.08617	1.08624	1.08586	1.08588	1057	0	1
2024.01.17	19:30:00	1.08586	1.08616	1.08566	1.08605	1160	0	1
2024.01.17	19:35:00	1.08605	1.08647	1.08603	1.08635	878	0	1
2024.01.17	19:40:00	1.08634	1.08643	1.08608	1.08620	798	0	1
2024.01.17	19:45:00	1.08621	1.08686	1.08607	1.08671	1108	0	1
2024.01.17	19:50:00	1.08671	1.08699	1.08665	1.08684	970	0	1
2024.01.17	19:55:00	1.08683	1.08701	1.08649	1.08670	1008	0	1
2024.01.17	20:00:00	1.08670	1.08675	1.08623	1.08654	1401	0	1
2024.01.17	20:05:00	1.08652	1.08658	1.08631	1.08636	1003	0	1
2024.01.17	20:10:00	1.08636	1.08666	1.08618	1.08624	1105	0	1
2024.01.17	20:15:00	1.08624	1.08624	1.08586	1.08588	1128	0	1
2024.01.17	20:20:00	1.08589	1.08591	1.08564	1.08583	1165	0	1
2024.01.17	20:25:00	1.08585	1.08598	1.08570	1.08585	956	0	1
2024.01.17	20:30:00	1.08585	1.08603	1.08571	1.08578	1088	0	1
2024.01.17	20:35:00	1.08578	1.08599	1.08571	1.08579	824	0	1
2024.01.17	20:40:00	1.08579	1.08614	1.08562	1.08610	676	0	1
2024.01.17	20:45:00	1.08610	1.08624	1.08596	1.08609	649	0	1
2024.01.17	20:50:00	1.08609	1.08634	1.08585	1.08627	863	0	1
2024.01.17	20:55:00	1.08626	1.08673	1.08623	1.08656	728	0	1
2024.01.17	21:00:00	1.08658	1.08692	1.08656	1.08681	958	0	1
2024.01.17	21:05:00	1.08680	1.08709	1.08672	1.08704	787	0	1
2024.01.17	21:10:00	1.08704	1.08717	1.08689	1.08703	698	0	1
2024.01.17	21:15:00	1.08703	1.08722	1.08701	1.08715	596	0	1
2024.01.17	21:20:00	1.08715	1.08742	1.08712	1.08738	696	0	1
2024.01.17	21:25:00	1.08737	1.08746	1.08704	1.08714	755	0	1
2024.01.17	21:30:00	1.08713	1.08728	1.08705	1.08724	464	0	1
2024.01.17	21:35:00	1.08724	1.08748	1.08724	1.08743	613	0	1
2024.01.17	21:40:00	1.08743	1.08782	1.08734	1.08770	882	0	1
2024.01.17	21:45:00	1.08770	1.08788	1.08748	1.08755	777	0	1
2024.01.17	21:50:00	1.08755	1.08780	1.08751	1.08759	700	0	1
2024.01.17	21:55:00	1.08760	1.08771	1.08735	1.08739	677	0	1
2024.01.17	22:00:00	1.08739	1.08745	1.08729	1.08738	458	0	1
2024.01.17	22:05:00	1.08738	1.08759	1.08734	1.08739	439	0	1
2024.01.17	22:10:00	1.08739	1.08744	1.08713	1.08719	627	0	1
2024.01.17	22:15:00	1.08720	1.08744	1.08719	1.08735	465	0	1
2024.01.17	22:20:00	1.08733	1.08739	1.08706	1.08721	660	0	1
2024.01.17	22:25:00	1.08722	1.08729	1.08701	1.08729	488	0	1
2024.01.17	22:30:00	1.08730	1.08746	1.08728	1.08735	512	0	1
2024.01.17	22:35:00	1.08737	1.08774	1.08734	1.08769	623	0	1
2024.01.17	22:40:00	1.08770	1.08781	1.08767	1.08774	586	0	1
2024.01.17	22:45:00	1.08775	1.08795	1.08770	1.08790	330	0	1
2024.01.17	22:50:00	1.08789	1.08813	1.08787	1.08809	616	0	1
2024.01.17	22:55:00	1.08809	1.08820	1.08806	1.08809	672	0	1
2024.01.17	23:00:00	1.08802	1.08822	1.08799	1.08813	339	0	15
2024.01.17	23:05:00	1.08814	1.08814	1.08801	1.08804	124	0	15
2024.01.17	23:10:00	1.08805	1.08814	1.08801	1.08813	226	0	15
2024.01.17	23:15:00	1.08813	1.08820	1.08807	1.08807	118	0	2
2024.01.17	23:20:00	1.08808	1.08815	1.08805	1.08809	70	0	1
2024.01.17	23:25:00	1.08809	1.08814	1.08801	1.08812	203	0	15
2024.01.17	23:30:00	1.08812	1.08816	1.08806	1.08814	167	0	15
2024.01.17	23:35:00	1.08815	1.08819	1.08810	1.08819	165	0	3
2024.01.17	23:40:00	1.08819	1.08819	1.08802	1.08808	132	0	1
2024.01.17	23:45:00	1.08807	1.08814	1.08806	1.08808	243	0	1
2024.01.17	23:50:00	1.08809	1.08820	1.08806	1.08808	240	0	3
2024.01.17	23:55:00	1.08819	1.08827	1.08811	1.08823	106	0	3
2024.01.18	00:00:00	1.08814	1.08816	1.08800	1.08803	33	0	15
2024.01.18	00:05:00	1.08803	1.08814	1.08802	1.08805	12	0	14
2024.01.18	00:10:00	1.08805	1.08807	1.08800	1.08800	8	0	31
2024.01.18	00:15:00	1.08800	1.08819	1.08800	1.08814	297	0	8
2024.01.18	00:20:00	1.08814	1.08822	1.08808	1.08819	239	0	8
2024.01.18	00:25:00	1.08819	1.08821	1.08804	1.08805	65	0	8
2024.01.18	00:30:00	1.08807	1.08810	1.08796	1.08802	351	0	8
2024.01.18	00:35:00	1.08803	1.08822	1.08797	1.08811	387	0	8
2024.01.18	00:40:00	1.08811	1.08815	1.08795	1.08800	210	0	8
2024.01.18	00:45:00	1.08793	1.08817	1.08793	1.08815	977	0	8
2024.01.18	00:50:00	1.08815	1.08834	1.08815	1.08820	370	0	8
2024.01.18	00:55:00	1.08823	1.08823	1.08792	1.08815	1680	0	8
2024.01.18	01:00:00	1.08817	1.08836	1.08816	1.08822	315	0	3
2024.01.18	01:05:00	1.08823	1.08832	1.08812	1.08820	251	0	3
2024.01.18	01:10:00	1.08814	1.08826	1.08812	1.08816	273	0	3
2024.01.18	01:15:00	1.08820	1.08835	1.08818	1.08834	149	0	3
2024.01.18	01:20:00	1.08833	1.08839	1.08825	1.08831	340	0	3
2024.01.18	01:25:00	1.08834	1.08839	1.08828	1.08835	62	0	3
2024.01.18	01:30:00	1.08835	1.08838	1.08832	1.08836	112	0	3
2024.01.18	01:35:00	1.08836	1.08837	1.08833	1.08834	56	0	3
2024.01.18	01:40:00	1.08834	1.08838	1.08833	1.08838	49	0	3
2024.01.18	01:45:00	1.08838	1.08847	1.08833	1.08844	185	0	3
2024.01.18	01:50:00	1.08844	1.08850	1.08842	1.08846	82	0	3
2024.01.18	01:55:00	1.08846	1.08863	1.08842	1.08863	227	0	3
2024.01.18	02:00:00	1.08863	1.08864	1.08847	1.08857	285	0	3
2024.01.18	02:05:00	1.08858	1.08860	1.08830	1.08840	205	0	3
2024.01.18	02:10:00	1.08839	1.08840	1.08818	1.08829	165	0	3
2024.01.18	02:15:00	1.08830	1.08853	1.08822	1.08834	290	0	3
2024.01.18	02:20:00	1.08834	1.08839	1.08828	1.08831	181	0	3
2024.01.18	02:25:00	1.08832	1.08842	1.08812	1.08824	312	0	3
2024.01.18	02:30:00	1.08825	1.08851	1.08799	1.08843	843	0	3
2024.01.18	02:35:00	1.08842	1.08847	1.08830	1.08843	364	0	3
2024.01.18	02:40:00	1.08842	1.08850	1.08829	1.08849	322	0	3
2024.01.18	02:45:00	1.08849	1.08880	1.08848	1.08874	409	0	3
2024.01.18	02:50:00	1.08872	1.08901	1.08869	1.08894	793	0	3
2024.01.18	02:55:00	1.08893	1.08943	1.08882	1.08939	841	0	3
2024.01.18	03:00:00	1.08941	1.08964	1.08920	1.08953	970	0	3
2024.01.18	03:05:00	1.08953	1.08977	1.08950	1.08975	693	0	3
2024.01.18	03:10:00	1.08976	1.09008	1.08974	1.08979	950	0	3
2024.01.18	03:15:00	1.08978	1.08997	1.08959	1.08984	965	0	3
2024.01.18	03:20:00	1.08984	1.08989	1.08950	1.08964	901	0	3
2024.01.18	03:25:00	1.08964	1.08979	1.08960	1.08976	978	0	3
2024.01.18	03:30:00	1.08975	1.08991	1.08968	1.08975	1072	0	3
2024.01.18	03:35:00	1.08973	1.08997	1.08947	1.08953	919	0	3
2024.01.18	03:40:00	1.08953	1.08954	1.08930	1.08933	512	0	3
2024.01.18	03:45:00	1.08933	1.08941	1.08923	1.08934	378	0	3
2024.01.18	03:50:00	1.08934	1.08972	1.08926	1.08969	387	0	3
2024.01.18	03:55:00	1.08969	1.08986	1.08959	1.08960	433	0	3
2024.01.18	04:00:00	1.08962	1.08980	1.08956	1.08977	365	0	3
2024.01.18	04:05:00	1.08976	1.08992	1.08973	1.08983	464	0	3
2024.01.18	04:10:00	1.08982	1.09002	1.08978	1.08998	399	0	3
2024.01.18	04:15:00	1.08998	1.09027	1.08989	1.08993	452	0	3
2024.01.18	04:20:00	1.08991	1.08997	1.08972	1.08979	422	0	3
2024.01.18	04:25:00	1.08977	1.08981	1.08947	1.08959	399	0	3
2024.01.18	04:30:00	1.08958	1.08966	1.08943	1.08964	286	0	3
2024.01.18	04:35:00	1.08964	1.08970	1.08956	1.08961	311	0	3
2024.01.18	04:40:00	1.08961	1.08968	1.08939	1.08955	318	0	3
2024.01.18	04:45:00	1.08955	1.08957	1.08933	1.08939	318	0	3
2024.01.18	04:50:00	1.08939	1.08945	1.08934	1.08944	278	0	3
2024.01.18	04:55:00	1.08944	1.08951	1.08927	1.08932	345	0	3
2024.01.18	05:00:00	1.08932	1.08944	1.08927	1.08934	368	0	3
2024.01.18	05:05:00	1.08934	1.08936	1.08903	1.08909	572	0	3
2024.01.18	05:10:00	1.08910	1.08925	1.08903	1.08913	402	0	3
2024.01.18	05:15:00	1.08914	1.08960	1.08911	1.08954	596	0	3
2024.01.18	05:20:00	1.08955	1.08981	1.08952	1.08969	625	0	3
2024.01.18	05:25:00	1.08969	1.08971	1.08951	1.08958	441	0	3
2024.01.18	05:30:00	1.08958	1.08965	1.08947	1.08954	258	0	3
2024.01.18	05:35:00	1.08954	1.08980	1.08938	1.08968	459	0	3
2024.01.18	05:40:00	1.08968	1.08971	1.08958	1.08964	255	0	3
2024.01.18	05:45:00	1.08965	1.08970	1.08957	1.08965	227	0	3
2024.01.18	05:50:00	1.08966	1.08968	1.08937	1.08948	212	0	3
2024.01.18	05:55:00	1.08947	1.08964	1.08942	1.08953	260	0	3
2024.01.18	06:00:00	1.08952	1.08957	1.08940	1.08949	328	0	3
2024.01.18	06:05:00	1.08949	1.08954	1.08943	1.08952	182	0	3
2024.01.18	06:10:00	1.08952	1.08954	1.08932	1.08934	239	0	3
2024.01.18	06:15:00	1.08934	1.08936	1.08924	1.08928	301	0	3
2024.01.18	06:20:00	1.08928	1.08936	1.08909	1.08936	299	0	3
2024.01.18	06:25:00	1.08936	1.08950	1.08931	1.08942	356	0	3
2024.01.18	06:30:00	1.08942	1.08945	1.08920	1.08924	261	0	3
2024.01.18	06:35:00	1.08924	1.08937	1.08919	1.08933	247	0	3
2024.01.18	06:40:00	1.08934	1.08947	1.08932	1.08937	187	0	3
2024.01.18	06:45:00	1.08937	1.08946	1.08931	1.08945	221	0	3
2024.01.18	06:50:00	1.08945	1.08957	1.08945	1.08951	261	0	3
2024.01.18	06:55:00	1.08950	1.08963	1.08937	1.08941	260	0	3
2024.01.18	07:00:00	1.08941	1.08963	1.08938	1.08950	297	0	3
2024.01.18	07:05:00	1.08950	1.08953	1.08924	1.08925	344	0	3
2024.01.18	07:10:00	1.08925	1.08932	1.08909	1.08915	324	0	3
2024.01.18	07:15:00	1.08915	1.08932	1.08913	1.08926	215	0	3
2024.01.18	07:20:00	1.08927	1.08934	1.08915	1.08929	440	0	3
2024.01.18	07:25:00	1.08928	1.08930	1.08913	1.08918	434	0	3
2024.01.18	07:30:00	1.08917	1.08921	1.08900	1.08917	421	0	3
2024.01.18	07:35:00	1.08917	1.08943	1.08917	1.08936	298	0	3
2024.01.18	07:40:00	1.08936	1.08953	1.08935	1.08942	243	0	3
2024.01.18	07:45:00	1.08940	1.08942	1.08922	1.08935	376	0	3
2024.01.18	07:50:00	1.08935	1.08954	1.08929	1.08940	356	0	3
2024.01.18	07:55:00	1.08939	1.08962	1.08932	1.08948	469	0	3
2024.01.18	08:00:00	1.08947	1.08987	1.08944	1.08982	522	0	3
2024.01.18	08:05:00	1.08980	1.09033	1.08978	1.09026	682	0	3
2024.01.18	08:10:00	1.09025	1.09059	1.09012	1.09016	961	0	3
2024.01.18	08:15:00	1.09014	1.09047	1.09009	1.09031	691	0	3
2024.01.18	08:20:00	1.09032	1.09057	1.09016	1.09039	759	0	3
2024.01.18	08:25:00	1.09037	1.09062	1.09031	1.09050	677	0	3
2024.01.18	08:30:00	1.09051	1.09057	1.09024	1.09039	652	0	1
2024.01.18	08:35:00	1.09038	1.09055	1.09028	1.09036	452	0	1
2024.01.18	08:40:00	1.09036	1.09052	1.09028	1.09036	346	0	1
2024.01.18	08:45:00	1.09036	1.09044	1.09024	1.09030	490	0	1
2024.01.18	08:50:00	1.09029	1.09069	1.09029	1.09059	743	0	1
2024.01.18	08:55:00	1.09059	1.09065	1.09035	1.09041	717	0	1
2024.01.18	09:00:00	1.09041	1.09048	1.09008	1.09046	965	0	1
2024.01.18	09:05:00	1.09046	1.09066	1.09034	1.09046	738	0	1
2024.01.18	09:10:00	1.09046	1.09047	1.08999	1.09004	716	0	1
2024.01.18	09:15:00	1.09004	1.09031	1.08994	1.09000	817	0	1
2024.01.18	09:20:00	1.09000	1.09008	1.08972	1.08977	899	0	1
2024.01.18	09:25:00	1.08980	1.08981	1.08949	1.08961	1010	0	1
2024.01.18	09:30:00	1.08961	1.08962	1.08919	1.08926	677	0	0
2024.01.18	09:35:00	1.08926	1.08934	1.08911	1.08916	633	0	0
2024.01.18	09:40:00	1.08916	1.08938	1.08906	1.08936	461	0	0
2024.01.18	09:45:00	1.08937	1.08966	1.08932	1.08935	633	0	0
2024.01.18	09:50:00	1.08935	1.08940	1.08904	1.08904	524	0	0
2024.01.18	09:55:00	1.08904	1.08904	1.08865	1.08883	721	0	0
2024.01.18	10:00:00	1.08883	1.08890	1.08856	1.08865	1063	0	0
2024.01.18	10:05:00	1.08865	1.08871	1.08818	1.08819	1006	0	0
2024.01.18	10:10:00	1.08819	1.08838	1.08796	1.08806	984	0	0
2024.01.18	10:15:00	1.08806	1.08852	1.08787	1.08811	877	0	0
2024.01.18	10:20:00	1.08810	1.08853	1.08805	1.08842	649	0	0
2024.01.18	10:25:00	1.08841	1.08862	1.08816	1.08852	669	0	0
2024.01.18	10:30:00	1.08852	1.08855	1.08796	1.08796	661	0	0
2024.01.18	10:35:00	1.08796	1.08818	1.08776	1.08778	702	0	0
2024.01.18	10:40:00	1.08778	1.08807	1.08775	1.08794	643	0	0
2024.01.18	10:45:00	1.08793	1.08831	1.08793	1.08818	615	0	0
2024.01.18	10:50:00	1.08818	1.08847	1.08808	1.08818	622	0	0
2024.01.18	10:55:00	1.08818	1.08820	1.08788	1.08798	636	0	0
2024.01.18	11:00:00	1.08798	1.08798	1.08767	1.08782	842	0	0
2024.01.18	11:05:00	1.08782	1.08803	1.08776	1.08789	627	0	0
2024.01.18	11:10:00	1.08789	1.08853	1.08778	1.08851	882	0	0
2024.01.18	11:15:00	1.08851	1.08879	1.08841	1.08872	792	0	0
2024.01.18	11:20:00	1.08872	1.08893	1.08852	1.08888	669	0	0
2024.01.18	11:25:00	1.08889	1.08948	1.08878	1.08941	877	0	0
2024.01.18	11:30:00	1.08940	1.08995	1.08939	1.08947	1005	0	0
2024.01.18	11:35:00	1.08947	1.08958	1.08927	1.08940	742	0	0
2024.01.18	11:40:00	1.08940	1.08962	1.08931	1.08940	556	0	0
2024.01.18	11:45:00	1.08940	1.08944	1.08909	1.08910	583	0	0
2024.01.18	11:50:00	1.08910	1.08913	1.08869	1.08872	611	0	0
2024.01.18	11:55:00	1.08872	1.08884	1.08839	1.08846	640	0	0
2024.01.18	12:00:00	1.08845	1.08888	1.08829	1.08886	722	0	0
2024.01.18	12:05:00	1.08887	1.08922	1.08887	1.08908	803	0	0
2024.01.18	12:10:00	1.08908	1.08927	1.08891	1.08899	554	0	0
2024.01.18	12:15:00	1.08899	1.08899	1.08874	1.08898	425	0	0
2024.01.18	12:20:00	1.08899	1.08907	1.08880	1.08889	534	0	0
2024.01.18	12:25:00	1.08888	1.08907	1.08877	1.08907	447	0	0
2024.01.18	12:30:00	1.08907	1.08921	1.08888	1.08888	522	0	0
2024.01.18	12:35:00	1.08888	1.08903	1.08875	1.08883	384	0	0
2024.01.18	12:40:00	1.08883	1.08904	1.08876	1.08902	378	0	0
2024.01.18	12:45:00	1.08901	1.08919	1.08890	1.08918	408	0	0
2024.01.18	12:50:00	1.08918	1.08961	1.08918	1.08949	513	0	0
2024.01.18	12:55:00	1.08949	1.08958	1.08936	1.08950	527	0	0
2024.01.18	13:00:00	1.08950	1.08954	1.08918	1.08942	492	0	0
2024.01.18	13:05:00	1.08942	1.08942	1.08881	1.08894	783	0	0
2024.01.18	13:10:00	1.08894	1.08898	1.08877	1.08878	431	0	0
2024.01.18	13:15:00	1.08878	1.08881	1.08864	1.08880	427	0	0
2024.01.18	13:20:00	1.08880	1.08890	1.08878	1.08889	306	0	0
2024.01.18	13:25:00	1.08889	1.08910	1.08882	1.08903	507	0	0
2024.01.18	13:30:00	1.08903	1.08909	1.08864	1.08877	626	0	0
2024.01.18	13:35:00	1.08877	1.08906	1.08874	1.08892	525	0	0
2024.01.18	13:40:00	1.08892	1.08896	1.08867	1.08879	532	0	0
2024.01.18	13:45:00	1.08878	1.08886	1.08867	1.08873	350	0	0
2024.01.18	13:50:00	1.08877	1.08890	1.08847	1.08857	414	0	0
2024.01.18	13:55:00	1.08856	1.08895	1.08853	1.08892	504	0	0
2024.01.18	14:00:00	1.08892	1.08915	1.08886	1.08913	753	0	0
2024.01.18	14:05:00	1.08913	1.08941	1.08911	1.08920	973	0	0
2024.01.18	14:10:00	1.08919	1.08928	1.08881	1.08887	828	0	0
2024.01.18	14:15:00	1.08887	1.08896	1.08872	1.08885	647	0	0
2024.01.18	14:20:00	1.08887	1.08902	1.08876	1.08889	475	0	0
2024.01.18	14:25:00	1.08888	1.08894	1.08861	1.08866	491	0	0
2024.01.18	14:30:00	1.08866	1.08867	1.08807	1.08830	1027	0	0
2024.01.18	14:35:00	1.08831	1.08836	1.08799	1.08825	877	0	0
2024.01.18	14:40:00	1.08825	1.08841	1.08778	1.08790	890	0	0
2024.01.18	14:45:00	1.08788	1.08801	1.08748	1.08760	796	0	0
2024.01.18	14:50:00	1.08758	1.08792	1.08749	1.08792	976	0	0
2024.01.18	14:55:00	1.08792	1.08796	1.08744	1.08776	1455	0	0
2024.01.18	15:00:00	1.08776	1.08776	1.08733	1.08749	1276	0	0
2024.01.18	15:05:00	1.08749	1.08778	1.08744	1.08744	875	0	0
2024.01.18	15:10:00	1.08744	1.08755	1.08710	1.08719	981	0	0
2024.01.18	15:15:00	1.08721	1.08738	1.08688	1.08708	1290	0	0
2024.01.18	15:20:00	1.08707	1.08719	1.08678	1.08697	1262	0	0
2024.01.18	15:25:00	1.08696	1.08704	1.08659	1.08669	1337	0	0
2024.01.18	15:30:00	1.08671	1.08718	1.08533	1.08703	3958	0	0
2024.01.18	15:35:00	1.08707	1.08746	1.08592	1.08599	2928	0	0
2024.01.18	15:40:00	1.08598	1.08612	1.08548	1.08563	2039	0	0
2024.01.18	15:45:00	1.08563	1.08606	1.08550	1.08603	1862	0	0
2024.01.18	15:50:00	1.08605	1.08657	1.08589	1.08641	2195	0	0
2024.01.18	15:55:00	1.08640	1.08642	1.08503	1.08524	2245	0	0
2024.01.18	16:00:00	1.08524	1.08577	1.08518	1.08535	1890	0	0
2024.01.18	16:05:00	1.08535	1.08608	1.08531	1.08603	1697	0	0
2024.01.18	16:10:00	1.08602	1.08692	1.08592	1.08651	1725	0	0
2024.01.18	16:15:00	1.08652	1.08655	1.08549	1.08578	1690	0	0
2024.01.18	16:20:00	1.08578	1.08633	1.08563	1.08629	1327	0	0
2024.01.18	16:25:00	1.08629	1.08651	1.08578	1.08640	1691	0	0
2024.01.18	16:30:00	1.08639	1.08686	1.08611	1.08619	2293	0	0
2024.01.18	16:35:00	1.08619	1.08640	1.08548	1.08556	2120	0	0
2024.01.18	16:40:00	1.08556	1.08596	1.08502	1.08503	3038	0	0
2024.01.18	16:45:00	1.08502	1.08551	1.08491	1.08519	2215	0	0
2024.01.18	16:50:00	1.08519	1.08585	1.08501	1.08569	1768	0	0
2024.01.18	16:55:00	1.08569	1.08601	1.08541	1.08596	1690	0	0
2024.01.18	17:00:00	1.08596	1.08632	1.08532	1.08547	1998	0	0
2024.01.18	17:05:00	1.08547	1.08622	1.08532	1.08576	1842	0	0
2024.01.18	17:10:00	1.08576	1.08627	1.08554	1.08610	1682	0	0
2024.01.18	17:15:00	1.08610	1.08674	1.08597	1.08622	1914	0	0
2024.01.18	17:20:00	1.08622	1.08632	1.08567	1.08580	1508	0	0
2024.01.18	17:25:00	1.08580	1.08610	1.08560	1.08608	1379	0	0
2024.01.18	17:30:00	1.08608	1.08649	1.08584	1.08623	1726	0	0
2024.01.18	17:35:00	1.08622	1.08682	1.08618	1.08667	1716	0	0
2024.01.18	17:40:00	1.08668	1.08671	1.08620	1.08653	1591	0	0
2024.01.18	17:45:00	1.08654	1.08657	1.08559	1.08580	1838	0	0
2024.01.18	17:50:00	1.08580	1.08599	1.08513	1.08520	1914	0	0
2024.01.18	17:55:00	1.08519	1.08541	1.08465	1.08522	2091	0	0
2024.01.18	18:00:00	1.08522	1.08553	1.08503	1.08537	1635	0	0
2024.01.18	18:05:00	1.08537	1.08595	1.08521	1.08569	1225	0	0
2024.01.18	18:10:00	1.08569	1.08613	1.08564	1.08605	1410	0	0
2024.01.18	18:15:00	1.08605	1.08646	1.08599	1.08620	1104	0	0
2024.01.18	18:20:00	1.08620	1.08660	1.08619	1.08645	1053	0	0
2024.01.18	18:25:00	1.08645	1.08681	1.08636	1.08678	1002	0	0
2024.01.18	18:30:00	1.08677	1.08702	1.08662	1.08683	1280	0	0
2024.01.18	18:35:00	1.08682	1.08693	1.08659	1.08663	865	0	0
2024.01.18	18:40:00	1.08663	1.08676	1.08631	1.08643	1181	0	0
2024.01.18	18:45:00	1.08643	1.08665	1.08602	1.08610	1384	0	0
2024.01.18	18:50:00	1.08611	1.08653	1.08605	1.08637	1050	0	0
2024.01.18	18:55:00	1.08637	1.08641	1.08599	1.08618	893	0	0
2024.01.18	19:00:00	1.08617	1.08617	1.08538	1.08544	1739	0	1
2024.01.18	19:05:00	1.08544	1.08558	1.08506	1.08515	1459	0	1
2024.01.18	19:10:00	1.08514	1.08559	1.08499	1.08552	1196	0	1
2024.01.18	19:15:00	1.08554	1.08584	1.08552	1.08568	1074	0	1
2024.01.18	19:20:00	1.08568	1.08592	1.08555	1.08588	1071	0	1
2024.01.18	19:25:00	1.08590	1.08599	1.08577	1.08587	932	0	1
2024.01.18	19:30:00	1.08586	1.08594	1.08556	1.08564	946	0	1
2024.01.18	19:35:00	1.08563	1.08619	1.08553	1.08615	781	0	1
2024.01.18	19:40:00	1.08615	1.08635	1.08597	1.08635	907	0	1
2024.01.18	19:45:00	1.08633	1.08646	1.08622	1.08622	815	0	1
2024.01.18	19:50:00	1.08624	1.08627	1.08597	1.08607	761	0	1
2024.01.18	19:55:00	1.08607	1.08608	1.08587	1.08596	504	0	1
2024.01.18	20:00:00	1.08596	1.08603	1.08552	1.08594	800	0	1
2024.01.18	20:05:00	1.08594	1.08603	1.08556	1.08566	1302	0	1
2024.01.18	20:10:00	1.08567	1.08576	1.08542	1.08563	1168	0	1
2024.01.18	20:15:00	1.08563	1.08574	1.08540	1.08553	1075	0	1
2024.01.18	20:20:00	1.08553	1.08596	1.08545	1.08591	831	0	1
2024.01.18	20:25:00	1.08591	1.08603	1.08571	1.08587	1063	0	1
2024.01.18	20:30:00	1.08587	1.08592	1.08571	1.08587	477	0	1
2024.01.18	20:35:00	1.08586	1.08618	1.08585	1.08605	672	0	1
2024.01.18	20:40:00	1.08604	1.08629	1.08602	1.08619	868	0	1
2024.01.18	20:45:00	1.08619	1.08629	1.08601	1.08624	560	0	1
2024.01.18	20:50:00	1.08623	1.08652	1.08620	1.08649	769	0	1
2024.01.18	20:55:00	1.08650	1.08658	1.08634	1.08636	747	0	1
2024.01.18	21:00:00	1.08637	1.08656	1.08621	1.08652	765	0	1
2024.01.18	21:05:00	1.08652	1.08681	1.08642	1.08670	902	0	1
2024.01.18	21:10:00	1.08671	1.08683	1.08656	1.08658	807	0	1
2024.01.18	21:15:00	1.08658	1.08662	1.08625	1.08647	703	0	1
2024.01.18	21:20:00	1.08648	1.08674	1.08623	1.08667	749	0	1
2024.01.18	21:25:00	1.08668	1.08682	1.08656	1.08677	681	0	1
2024.01.18	21:30:00	1.08677	1.08693	1.08660	1.08660	809	0	1
2024.01.18	21:35:00	1.08661	1.08675	1.08642	1.08654	666	0	1
2024.01.18	21:40:00	1.08654	1.08660	1.08613	1.08621	801	0	1
2024.01.18	21:45:00	1.08621	1.08625	1.08601	1.08624	796	0	1
2024.01.18	21:50:00	1.08624	1.08637	1.08611	1.08632	519	0	1
2024.01.18	21:55:00	1.08632	1.08649	1.08613	1.08617	669	0	1
2024.01.18	22:00:00	1.08617	1.08628	1.08605	1.08626	534	0	1
2024.01.18	22:05:00	1.08626	1.08660	1.08620	1.08653	548	0	1
2024.01.18	22:10:00	1.08653	1.08656	1.08627	1.08637	604	0	1
2024.01.18	22:15:00	1.08636	1.08666	1.08633	1.08659	367	0	1
2024.01.18	22:20:00	1.08659	1.08669	1.08651	1.08661	545	0	1
2024.01.18	22:25:00	1.08660	1.08671	1.08650	1.08665	614	0	1
2024.01.18	22:30:00	1.08664	1.08681	1.08660	1.08669	471	0	1
2024.01.18	22:35:00	1.08669	1.08678	1.08647	1.08648	498	0	1
2024.01.18	22:40:00	1.08648	1.08657	1.08640	1.08649	504	0	1
2024.01.18	22:45:00	1.08649	1.08660	1.08635	1.08653	404	0	1
2024.01.18	22:50:00	1.08653	1.08686	1.08648	1.08673	870	0	1
2024.01.18	22:55:00	1.08673	1.08695	1.08662	1.08684	702	0	1
2024.01.18	23:00:00	1.08683	1.08685	1.08675	1.08678	258	0	15
2024.01.18	23:05:00	1.08678	1.08693	1.08678	1.08690	104	0	2
2024.01.18	23:10:00	1.08690	1.08714	1.08688	1.08711	303	0	15
2024.01.18	23:15:00	1.08712	1.08726	1.08709	1.08721	326	0	15
2024.01.18	23:20:00	1.08722	1.08742	1.08722	1.08732	333	0	15
2024.01.18	23:25:00	1.08729	1.08747	1.08729	1.08735	282	0	15
2024.01.18	23:30:00	1.08736	1.08755	1.08732	1.08754	271	0	15
2024.01.18	23:35:00	1.08755	1.08770	1.08754	1.08762	250	0	15
2024.01.18	23:40:00	1.08763	1.08771	1.08755	1.08758	493	0	1
2024.01.18	23:45:00	1.08758	1.08759	1.08736	1.08743	251	0	2
2024.01.18	23:50:00	1.08744	1.08752	1.08739	1.08748	258	0	2
2024.01.18	23:55:00	1.08755	1.08761	1.08750	1.08757	113	0	0
2024.01.19	00:00:00	1.08760	1.08760	1.08691	1.08720	45	0	16
2024.01.19	00:05:00	1.08722	1.08759	1.08591	1.08633	56	0	5
2024.01.19	00:10:00	1.08705	1.08738	1.08645	1.08692	218	0	33
2024.01.19	00:15:00	1.08690	1.08727	1.08680	1.08686	1154	0	36
2024.01.19	00:20:00	1.08687	1.08752	1.08683	1.08733	375	0	9
2024.01.19	00:25:00	1.08734	1.08755	1.08721	1.08751	154	0	8
2024.01.19	00:30:00	1.08753	1.08758	1.08735	1.08756	191	0	8
2024.01.19	00:35:00	1.08756	1.08760	1.08739	1.08757	165	0	8
2024.01.19	00:40:00	1.08757	1.08762	1.08681	1.08748	607	0	8
2024.01.19	00:45:00	1.08737	1.08751	1.08729	1.08743	163	0	8
2024.01.19	00:50:00	1.08746	1.08754	1.08682	1.08747	460	0	8
2024.01.19	00:55:00	1.08746	1.08759	1.08679	1.08731	849	0	3
2024.01.19	01:00:00	1.08740	1.08780	1.08740	1.08774	262	0	3
2024.01.19	01:05:00	1.08773	1.08776	1.08772	1.08773	62	0	3
2024.01.19	01:10:00	1.08773	1.08790	1.08765	1.08784	163	0	3
2024.01.19	01:15:00	1.08782	1.08786	1.08775	1.08780	346	0	3
2024.01.19	01:20:00	1.08781	1.08787	1.08778	1.08780	215	0	3
2024.01.19	01:25:00	1.08780	1.08789	1.08772	1.08772	137	0	3
2024.01.19	01:30:00	1.08772	1.08772	1.08745	1.08748	218	0	3
2024.01.19	01:35:00	1.08748	1.08764	1.08745	1.08759	114	0	1
2024.01.19	01:40:00	1.08759	1.08764	1.08752	1.08759	61	0	3
2024.01.19	01:45:00	1.08759	1.08762	1.08755	1.08755	116	0	3
2024.01.19	01:50:00	1.08756	1.08781	1.08756	1.08777	139	0	3
2024.01.19	01:55:00	1.08777	1.08805	1.08773	1.08799	192	0	3
2024.01.19	02:00:00	1.08799	1.08805	1.08774	1.08787	296	0	3
2024.01.19	02:05:00	1.08787	1.08805	1.08787	1.08797	193	0	3
2024.01.19	02:10:00	1.08797	1.08800	1.08782	1.08791	191	0	3
2024.01.19	02:15:00	1.08791	1.08808	1.08784	1.08802	153	0	3
2024.01.19	02:20:00	1.08802	1.08812	1.08795	1.08802	210	0	3
2024.01.19	02:25:00	1.08802	1.08814	1.08797	1.08806	194	0	3
2024.01.19	02:30:00	1.08806	1.08819	1.08783	1.08792	399	0	3
2024.01.19	02:35:00	1.08792	1.08800	1.08786	1.08796	337	0	3
2024.01.19	02:40:00	1.08796	1.08805	1.08791	1.08797	259	0	3
2024.01.19	02:45:00	1.08797	1.08812	1.08788	1.08793	296	0	3
2024.01.19	02:50:00	1.08794	1.08813	1.08780	1.08810	438	0	3
2024.01.19	02:55:00	1.08812	1.08815	1.08794	1.08798	250	0	3
2024.01.19	03:00:00	1.08798	1.08808	1.08785	1.08792	299	0	3
2024.01.19	03:05:00	1.08792	1.08793	1.08760	1.08764	354	0	3
2024.01.19	03:10:00	1.08766	1.08805	1.08762	1.08799	239	0	3
2024.01.19	03:15:00	1.08801	1.08814	1.08785	1.08794	383	0	3
2024.01.19	03:20:00	1.08795	1.08799	1.08776	1.08799	501	0	3
2024.01.19	03:25:00	1.08799	1.08808	1.08770	1.08799	451	0	3
2024.01.19	03:30:00	1.08799	1.08832	1.08799	1.08829	540	0	3
2024.01.19	03:35:00	1.08829	1.08835	1.08820	1.08829	397	0	3
2024.01.19	03:40:00	1.08829	1.08872	1.08825	1.08864	491	0	3
2024.01.19	03:45:00	1.08865	1.08871	1.08835	1.08843	390	0	3
2024.01.19	03:50:00	1.08842	1.08858	1.08837	1.08854	403	0	3
2024.01.19	03:55:00	1.08854	1.08858	1.08843	1.08855	443	0	3
2024.01.19	04:00:00	1.08855	1.08866	1.08848	1.08858	499	0	3
2024.01.19	04:05:00	1.08858	1.08861	1.08841	1.08848	347	0	3
2024.01.19	04:10:00	1.08848	1.08855	1.08838	1.08852	324	0	3
2024.01.19	04:15:00	1.08851	1.08851	1.08824	1.08829	406	0	3
2024.01.19	04:20:00	1.08829	1.08873	1.08828	1.08870	341	0	3
2024.01.19	04:25:00	1.08871	1.08887	1.08856	1.08883	563	0	3
2024.01.19	04:30:00	1.08883	1.08889	1.08866	1.08874	329	0	0
2024.01.19	04:35:00	1.08872	1.08875	1.08864	1.08872	358	0	3
2024.01.19	04:40:00	1.08872	1.08883	1.08863	1.08877	364	0	3
2024.01.19	04:45:00	1.08878	1.08895	1.08869	1.08894	377	0	3
2024.01.19	04:50:00	1.08894	1.08895	1.08883	1.08888	236	0	3
2024.01.19	04:55:00	1.08888	1.08895	1.08879	1.08879	370	0	3
2024.01.19	05:00:00	1.08881	1.08886	1.08872	1.08878	348	0	3
2024.01.19	05:05:00	1.08878	1.08886	1.08873	1.08878	250	0	3
2024.01.19	05:10:00	1.08878	1.08888	1.08875	1.08879	248	0	3
2024.01.19	05:15:00	1.08879	1.08893	1.08876	1.08889	151	0	3
2024.01.19	05:20:00	1.08889	1.08891	1.08873	1.08879	170	0	3
2024.01.19	05:25:00	1.08879	1.08879	1.08871	1.08873	137	0	3
2024.01.19	05:30:00	1.08873	1.08876	1.08852	1.08861	326	0	3
2024.01.19	05:35:00	1.08861	1.08870	1.08856	1.08868	164	0	3
2024.01.19	05:40:00	1.08868	1.08872	1.08858	1.08869	140	0	3
2024.01.19	05:45:00	1.08870	1.08877	1.08864	1.08873	218	0	3
2024.01.19	05:50:00	1.08873	1.08890	1.08870	1.08889	187	0	3
2024.01.19	05:55:00	1.08889	1.08890	1.08880	1.08889	174	0	3
2024.01.19	06:00:00	1.08889	1.08893	1.08873	1.08881	133	0	0
2024.01.19	06:05:00	1.08886	1.08888	1.08881	1.08881	66	0	3
2024.01.19	06:10:00	1.08881	1.08882	1.08871	1.08873	196	0	3
2024.01.19	06:15:00	1.08874	1.08879	1.08868	1.08871	147	0	3
2024.01.19	06:20:00	1.08871	1.08872	1.08864	1.08868	84	0	3
2024.01.19	06:25:00	1.08868	1.08868	1.08851	1.08863	147	0	3
2024.01.19	06:30:00	1.08863	1.08871	1.08859	1.08863	117	0	3
2024.01.19	06:35:00	1.08863	1.08866	1.08861	1.08863	66	0	3
2024.01.19	06:40:00	1.08863	1.08881	1.08861	1.08879	152	0	3
2024.01.19	06:45:00	1.08879	1.08881	1.08866	1.08873	117	0	3
2024.01.19	06:50:00	1.08874	1.08879	1.08866	1.08868	110	0	3
2024.01.19	06:55:00	1.08868	1.08870	1.08862	1.08863	80	0	0
2024.01.19	07:00:00	1.08863	1.08871	1.08860	1.08862	245	0	3
2024.01.19	07:05:00	1.08862	1.08868	1.08849	1.08864	270	0	3
2024.01.19	07:10:00	1.08865	1.08870	1.08859	1.08868	176	0	3
2024.01.19	07:15:00	1.08866	1.08873	1.08854	1.08857	202	0	3
2024.01.19	07:20:00	1.08857	1.08866	1.08845	1.08852	334	0	3
2024.01.19	07:25:00	1.08852	1.08854	1.08837	1.08844	294	0	3
2024.01.19	07:30:00	1.08844	1.08849	1.08828	1.08829	464	0	3
2024.01.19	07:35:00	1.08829	1.08833	1.08816	1.08823	397	0	3
2024.01.19	07:40:00	1.08823	1.08826	1.08793	1.08814	735	0	3
2024.01.19	07:45:00	1.08814	1.08821	1.08810	1.08818	235	0	3
2024.01.19	07:50:00	1.08818	1.08821	1.08804	1.08808	258	0	3
2024.01.19	07:55:00	1.08808	1.08813	1.08799	1.08808	351	0	3
2024.01.19	08:00:00	1.08808	1.08810	1.08782	1.08801	465	0	3
2024.01.19	08:05:00	1.08800	1.08807	1.08787	1.08798	445	0	3
2024.01.19	08:10:00	1.08797	1.08798	1.08784	1.08796	420	0	3
2024.01.19	08:15:00	1.08798	1.08818	1.08795	1.08803	390	0	3
2024.01.19	08:20:00	1.08801	1.08803	1.08783	1.08784	431	0	3
2024.01.19	08:25:00	1.08785	1.08787	1.08764	1.08773	445	0	3
2024.01.19	08:30:00	1.08774	1.08776	1.08755	1.08770	542	0	1
2024.01.19	08:35:00	1.08770	1.08791	1.08766	1.08790	421	0	1
2024.01.19	08:40:00	1.08789	1.08796	1.08775	1.08790	453	0	1
2024.01.19	08:45:00	1.08790	1.08797	1.08783	1.08794	348	0	1
2024.01.19	08:50:00	1.08794	1.08815	1.08790	1.08805	572	0	1
2024.01.19	08:55:00	1.08804	1.08824	1.08798	1.08810	487	0	1
2024.01.19	09:00:00	1.08811	1.08830	1.08766	1.08826	1412	0	1
2024.01.19	09:05:00	1.08826	1.08827	1.08775	1.08779	1046	0	1
2024.01.19	09:10:00	1.08777	1.08782	1.08742	1.08766	1069	0	1
2024.01.19	09:15:00	1.08766	1.08786	1.08760	1.08778	779	0	1
2024.01.19	09:20:00	1.08778	1.08807	1.08771	1.08789	787	0	1
2024.01.19	09:25:00	1.08789	1.08798	1.08772	1.08785	596	0	1
2024.01.19	09:30:00	1.08785	1.08820	1.08778	1.08800	542	0	0
2024.01.19	09:35:00	1.08800	1.08846	1.08794	1.08828	684	0	0
2024.01.19	09:40:00	1.08827	1.08864	1.08820	1.08856	608	0	0
2024.01.19	09:45:00	1.08856	1.08857	1.08827	1.08830	527	0	0
2024.01.19	09:50:00	1.08830	1.08841	1.08819	1.08819	392	0	0
2024.01.19	09:55:00	1.08818	1.08818	1.08788	1.08794	616	0	0
2024.01.19	10:00:00	1.08795	1.08819	1.08767	1.08790	891	0	0
2024.01.19	10:05:00	1.08790	1.08817	1.08778	1.08778	558	0	0
2024.01.19	10:10:00	1.08779	1.08811	1.08774	1.08795	673	0	0
2024.01.19	10:15:00	1.08795	1.08795	1.08732	1.08733	728	0	0
2024.01.19	10:20:00	1.08733	1.08748	1.08733	1.08744	456	0	0
2024.01.19	10:25:00	1.08742	1.08744	1.08715	1.08725	678	0	0
2024.01.19	10:30:00	1.08725	1.08730	1.08680	1.08708	869	0	0
2024.01.19	10:35:00	1.08707	1.08738	1.08705	1.08729	427	0	0
2024.01.19	10:40:00	1.08729	1.08730	1.08702	1.08703	473	0	0
2024.01.19	10:45:00	1.08702	1.08734	1.08690	1.08730	571	0	0
2024.01.19	10:50:00	1.08730	1.08765	1.08717	1.08760	585	0	0
2024.01.19	10:55:00	1.08760	1.08795	1.08748	1.08773	731	0	0
2024.01.19	11:00:00	1.08772	1.08777	1.08721	1.08724	996	0	0
2024.01.19	11:05:00	1.08724	1.08752	1.08714	1.08742	654	0	0
2024.01.19	11:10:00	1.08742	1.08765	1.08724	1.08763	626	0	0
2024.01.19	11:15:00	1.08763	1.08785	1.08761	1.08784	609	0	0
2024.01.19	11:20:00	1.08783	1.08814	1.08779	1.08810	575	0	0
2024.01.19	11:25:00	1.08812	1.08846	1.08808	1.08839	714	0	0
2024.01.19	11:30:00	1.08839	1.08843	1.08815	1.08823	658	0	0
2024.01.19	11:35:00	1.08823	1.08841	1.08815	1.08823	650	0	0
2024.01.19	11:40:00	1.08823	1.08824	1.08762	1.08764	672	0	0
2024.01.19	11:45:00	1.08763	1.08789	1.08758	1.08789	481	0	0
2024.01.19	11:50:00	1.08789	1.08849	1.08788	1.08832	503	0	0
2024.01.19	11:55:00	1.08833	1.08841	1.08814	1.08829	471	0	0
2024.01.19	12:00:00	1.08829	1.08851	1.08813	1.08843	648	0	0
2024.01.19	12:05:00	1.08843	1.08843	1.08783	1.08784	582	0	0
2024.01.19	12:10:00	1.08784	1.08799	1.08756	1.08760	548	0	0
2024.01.19	12:15:00	1.08760	1.08783	1.08759	1.08774	571	0	0
2024.01.19	12:20:00	1.08774	1.08785	1.08757	1.08771	536	0	0
2024.01.19	12:25:00	1.08771	1.08772	1.08750	1.08753	478	0	0
2024.01.19	12:30:00	1.08753	1.08776	1.08730	1.08776	610	0	0
2024.01.19	12:35:00	1.08776	1.08807	1.08772	1.08791	468	0	0
2024.01.19	12:40:00	1.08791	1.08801	1.08777	1.08785	441	0	0
2024.01.19	12:45:00	1.08785	1.08811	1.08784	1.08811	338	0	0
2024.01.19	12:50:00	1.08811	1.08827	1.08801	1.08816	415	0	0
2024.01.19	12:55:00	1.08816	1.08826	1.08807	1.08810	341	0	0
2024.01.19	13:00:00	1.08810	1.08815	1.08791	1.08799	508	0	0
2024.01.19	13:05:00	1.08799	1.08818	1.08793	1.08818	381	0	0
2024.01.19	13:10:00	1.08819	1.08875	1.08816	1.08868	602	0	0
2024.01.19	13:15:00	1.08868	1.08871	1.08843	1.08864	371	0	0
2024.01.19	13:20:00	1.08865	1.08890	1.08851	1.08869	442	0	0
2024.01.19	13:25:00	1.08869	1.08898	1.08863	1.08889	379	0	0
2024.01.19	13:30:00	1.08890	1.08931	1.08882	1.08904	514	0	0
2024.01.19	13:35:00	1.08905	1.08906	1.08862	1.08878	459	0	0
2024.01.19	13:40:00	1.08878	1.08881	1.08862	1.08874	348	0	0
2024.01.19	13:45:00	1.08874	1.08885	1.08855	1.08856	430	0	0
2024.01.19	13:50:00	1.08856	1.08889	1.08856	1.08870	321	0	0
2024.01.19	13:55:00	1.08869	1.08880	1.08852	1.08872	436	0	0
2024.01.19	14:00:00	1.08871	1.08882	1.08850	1.08857	571	0	0
2024.01.19	14:05:00	1.08855	1.08859	1.08816	1.08829	754	0	0
2024.01.19	14:10:00	1.08830	1.08851	1.08820	1.08834	623	0	0
2024.01.19	14:15:00	1.08834	1.08839	1.08803	1.08815	550	0	0
2024.01.19	14:20:00	1.08813	1.08834	1.08806	1.08816	495	0	0
2024.01.19	14:25:00	1.08817	1.08841	1.08810	1.08832	595	0	0
2024.01.19	14:30:00	1.08832	1.08855	1.08826	1.08842	561	0	0
2024.01.19	14:35:00	1.08842	1.08851	1.08820	1.08831	448	0	0
2024.01.19	14:40:00	1.08831	1.08841	1.08820	1.08827	439	0	0
2024.01.19	14:45:00	1.08827	1.08827	1.08800	1.08802	581	0	0
2024.01.19	14:50:00	1.08802	1.08833	1.08799	1.08805	567	0	0
2024.01.19	14:55:00	1.08806	1.08854	1.08804	1.08826	718	0	0
2024.01.19	15:00:00	1.08826	1.08873	1.08824	1.08838	1166	0	0
2024.01.19	15:05:00	1.08838	1.08873	1.08811	1.08868	1018	0	0
2024.01.19	15:10:00	1.08868	1.08876	1.08844	1.08856	675	0	0
2024.01.19	15:15:00	1.08856	1.08889	1.08847	1.08878	802	0	0
2024.01.19	15:20:00	1.08878	1.08883	1.08831	1.08839	1022	0	0
2024.01.19	15:25:00	1.08841	1.08861	1.08826	1.08847	854	0	0
2024.01.19	15:30:00	1.08846	1.08896	1.08833	1.08854	1384	0	0
2024.01.19	15:35:00	1.08850	1.08867	1.08817	1.08827	1090	0	0
2024.01.19	15:40:00	1.08827	1.08827	1.08753	1.08779	1460	0	0
2024.01.19	15:45:00	1.08775	1.08819	1.08774	1.08802	1245	0	0
2024.01.19	15:50:00	1.08804	1.08818	1.08784	1.08803	1184	0	0
2024.01.19	15:55:00	1.08803	1.08813	1.08776	1.08803	997	0	0
2024.01.19	16:00:00	1.08804	1.08832	1.08789	1.08825	1151	0	0
2024.01.19	16:05:00	1.08825	1.08838	1.08793	1.08795	991	0	0
2024.01.19	16:10:00	1.08795	1.08807	1.08770	1.08776	1094	0	0
2024.01.19	16:15:00	1.08776	1.08784	1.08745	1.08768	982	0	0
2024.01.19	16:20:00	1.08768	1.08792	1.08729	1.08786	1375	0	0
2024.01.19	16:25:00	1.08790	1.08790	1.08734	1.08737	1136	0	0
2024.01.19	16:30:00	1.08734	1.08805	1.08727	1.08767	1824	0	0
2024.01.19	16:35:00	1.08767	1.08768	1.08677	1.08685	1824	0	0
2024.01.19	16:40:00	1.08685	1.08717	1.08654	1.08707	1515	0	0
2024.01.19	16:45:00	1.08706	1.08755	1.08701	1.08734	1333	0	0
2024.01.19	16:50:00	1.08733	1.08781	1.08724	1.08764	1439	0	0
2024.01.19	16:55:00	1.08764	1.08807	1.08751	1.08807	1350	0	0
2024.01.19	17:00:00	1.08813	1.08905	1.08776	1.08822	3542	0	0
2024.01.19	17:05:00	1.08822	1.08831	1.08731	1.08755	2680	0	0
2024.01.19	17:10:00	1.08753	1.08774	1.08699	1.08729	2050	0	0
2024.01.19	17:15:00	1.08731	1.08758	1.08727	1.08755	1461	0	0
2024.01.19	17:20:00	1.08755	1.08789	1.08716	1.08755	1690	0	0
2024.01.19	17:25:00	1.08755	1.08788	1.08745	1.08779	1288	0	0
2024.01.19	17:30:00	1.08779	1.08780	1.08725	1.08749	1280	0	0
2024.01.19	17:35:00	1.08748	1.08800	1.08741	1.08774	1466	0	0
2024.01.19	17:40:00	1.08774	1.08825	1.08752	1.08817	1522	0	0
2024.01.19	17:45:00	1.08817	1.08845	1.08755	1.08759	1688	0	0
2024.01.19	17:50:00	1.08759	1.08821	1.08750	1.08806	1484	0	0
2024.01.19	17:55:00	1.08807	1.08834	1.08804	1.08825	1390	0	0
2024.01.19	18:00:00	1.08824	1.08863	1.08806	1.08840	1396	0	0
2024.01.19	18:05:00	1.08839	1.08875	1.08836	1.08859	951	0	0
2024.01.19	18:10:00	1.08857	1.08874	1.08819	1.08824	1246	0	0
2024.01.19	18:15:00	1.08824	1.08858	1.08813	1.08835	1051	0	0
2024.01.19	18:20:00	1.08835	1.08843	1.08816	1.08823	951	0	0
2024.01.19	18:25:00	1.08822	1.08874	1.08822	1.08862	862	0	0
2024.01.19	18:30:00	1.08862	1.08874	1.08832	1.08860	874	0	0
2024.01.19	18:35:00	1.08860	1.08869	1.08839	1.08865	713	0	0
2024.01.19	18:40:00	1.08865	1.08881	1.08823	1.08831	1172	0	0
2024.01.19	18:45:00	1.08830	1.08837	1.08808	1.08833	985	0	0
2024.01.19	18:50:00	1.08833	1.08871	1.08824	1.08830	937	0	0
2024.01.19	18:55:00	1.08829	1.08873	1.08821	1.08864	784	0	0
2024.01.19	19:00:00	1.08864	1.08876	1.08828	1.08829	981	0	1
2024.01.19	19:05:00	1.08829	1.08850	1.08817	1.08820	808	0	1
2024.01.19	19:10:00	1.08819	1.08824	1.08800	1.08818	1053	0	1
2024.01.19	19:15:00	1.08818	1.08855	1.08814	1.08849	822	0	1
2024.01.19	19:20:00	1.08850	1.08875	1.08846	1.08865	784	0	1
2024.01.19	19:25:00	1.08865	1.08903	1.08861	1.08898	948	0	1
2024.01.19	19:30:00	1.08899	1.08935	1.08890	1.08922	1133	0	1
2024.01.19	19:35:00	1.08921	1.08934	1.08894	1.08899	1052	0	1
2024.01.19	19:40:00	1.08900	1.08907	1.08875	1.08904	1078	0	1
2024.01.19	19:45:00	1.08904	1.08905	1.08854	1.08857	1108	0	1
2024.01.19	19:50:00	1.08858	1.08887	1.08843	1.08878	912	0	1
2024.01.19	19:55:00	1.08878	1.08899	1.08874	1.08897	789	0	1
2024.01.19	20:00:00	1.08896	1.08898	1.08855	1.08869	879	0	1
2024.01.19	20:05:00	1.08871	1.08892	1.08862	1.08890	775	0	1
2024.01.19	20:10:00	1.08888	1.08925	1.08884	1.08919	723	0	1
2024.01.19	20:15:00	1.08919	1.08939	1.08918	1.08934	670	0	1
2024.01.19	20:20:00	1.08934	1.08965	1.08932	1.08953	793	0	1
2024.01.19	20:25:00	1.08953	1.08955	1.08930	1.08934	599	0	1
2024.01.19	20:30:00	1.08935	1.08940	1.08898	1.08913	705	0	1
2024.01.19	20:35:00	1.08912	1.08919	1.08899	1.08904	305	0	1
2024.01.19	20:40:00	1.08904	1.08915	1.08894	1.08911	406	0	1
2024.01.19	20:45:00	1.08911	1.08924	1.08911	1.08913	205	0	1
2024.01.19	20:50:00	1.08913	1.08926	1.08906	1.08918	260	0	1
2024.01.19	20:55:00	1.08918	1.08924	1.08889	1.08920	479	0	1
2024.01.19	21:00:00	1.08922	1.08947	1.08916	1.08940	534	0	1
2024.01.19	21:05:00	1.08940	1.08949	1.08926	1.08933	489	0	1
2024.01.19	21:10:00	1.08933	1.08940	1.08923	1.08936	499	0	1
2024.01.19	21:15:00	1.08936	1.08936	1.08896	1.08896	630	0	1
2024.01.19	21:20:00	1.08896	1.08901	1.08881	1.08891	765	0	1
2024.01.19	21:25:00	1.08891	1.08912	1.08886	1.08895	908	0	1
2024.01.19	21:30:00	1.08895	1.08902	1.08881	1.08896	667	0	1
2024.01.19	21:35:00	1.08896	1.08905	1.08879	1.08901	636	0	1
2024.01.19	21:40:00	1.08901	1.08923	1.08898	1.08912	544	0	1
2024.01.19	21:45:00	1.08912	1.08923	1.08907	1.08917	513	0	1
2024.01.19	21:50:00	1.08917	1.08928	1.08900	1.08918	600	0	1
2024.01.19	21:55:00	1.08918	1.08944	1.08917	1.08923	841	0	1
2024.01.19	22:00:00	1.08924	1.08954	1.08921	1.08939	711	0	1
2024.01.19	22:05:00	1.08939	1.08949	1.08926	1.08926	622	0	1
2024.01.19	22:10:00	1.08926	1.08934	1.08915	1.08920	448	0	1
2024.01.19	22:15:00	1.08921	1.08933	1.08917	1.08925	395	0	1
2024.01.19	22:20:00	1.08925	1.08927	1.08897	1.08912	491	0	1
2024.01.19	22:25:00	1.08913	1.08932	1.08911	1.08917	309	0	1
2024.01.19	22:30:00	1.08918	1.08935	1.08907	1.08933	550	0	1
2024.01.19	22:35:00	1.08934	1.08940	1.08920	1.08922	309	0	1
2024.01.19	22:40:00	1.08923	1.08940	1.08919	1.08923	454	0	1
2024.01.19	22:45:00	1.08924	1.08943	1.08923	1.08942	385	0	1
2024.01.19	22:50:00	1.08942	1.08951	1.08938	1.08945	345	0	1
2024.01.19	22:55:00	1.08945	1.08958	1.08940	1.08943	602	0	1
2024.01.19	23:00:00	1.08942	1.08959	1.08939	1.08952	351	0	15
2024.01.19	23:05:00	1.08953	1.08963	1.08948	1.08956	351	0	15
2024.01.19	23:10:00	1.08954	1.08960	1.08940	1.08944	380	0	15
2024.01.19	23:15:00	1.08944	1.08945	1.08931	1.08940	314	0	15
2024.01.19	23:20:00	1.08939	1.08942	1.08931	1.08940	401	0	15
2024.01.19	23:25:00	1.08939	1.08945	1.08930	1.08944	663	0	15
2024.01.19	23:30:00	1.08943	1.08954	1.08937	1.08953	403	0	15
2024.01.19	23:35:00	1.08952	1.08962	1.08951	1.08960	300	0	15
2024.01.19	23:40:00	1.08961	1.08963	1.08958	1.08960	181	0	15
2024.01.19	23:45:00	1.08959	1.08968	1.08957	1.08965	434	0	15
2024.01.19	23:50:00	1.08966	1.08973	1.08959	1.08968	328	0	15
2024.01.19	23:55:00	1.08972	1.08974	1.08964	1.08968	33	0	4
2024.01.22	00:00:00	1.08898	1.08910	1.08895	1.08904	12	0	20
2024.01.22	00:05:00	1.08907	1.08926	1.08901	1.08910	23	0	8
2024.01.22	00:10:00	1.08911	1.08911	1.08833	1.08884	17	0	13
2024.01.22	00:15:00	1.08883	1.08931	1.08863	1.08928	347	0	50
2024.01.22	00:20:00	1.08933	1.08947	1.08871	1.08875	361	0	37
2024.01.22	00:25:00	1.08905	1.08926	1.08873	1.08892	38	0	23
2024.01.22	00:30:00	1.08880	1.08927	1.08878	1.08912	1129	0	49
2024.01.22	00:35:00	1.08928	1.08931	1.08832	1.08889	1845	0	11
2024.01.22	00:40:00	1.08876	1.08906	1.08840	1.08905	1571	0	75
2024.01.22	00:45:00	1.08905	1.08936	1.08877	1.08897	350	0	8
2024.01.22	00:50:00	1.08899	1.08918	1.08888	1.08895	422	0	63
2024.01.22	00:55:00	1.08895	1.08931	1.08878	1.08920	430	0	19
2024.01.22	01:00:00	1.08928	1.08979	1.08918	1.08975	626	0	3
2024.01.22	01:05:00	1.08977	1.08977	1.08957	1.08965	216	0	3
2024.01.22	01:10:00	1.08964	1.08965	1.08951	1.08955	271	0	3
2024.01.22	01:15:00	1.08954	1.08960	1.08950	1.08952	279	0	3
2024.01.22	01:20:00	1.08952	1.08957	1.08923	1.08924	115	0	3
2024.01.22	01:25:00	1.08924	1.08929	1.08907	1.08910	230	0	3
2024.01.22	01:30:00	1.08910	1.08919	1.08904	1.08916	167	0	3
2024.01.22	01:35:00	1.08916	1.08934	1.08910	1.08924	237	0	3
2024.01.22	01:40:00	1.08924	1.08929	1.08907	1.08908	127	0	3
2024.01.22	01:45:00	1.08908	1.08916	1.08906	1.08914	147	0	3
2024.01.22	01:50:00	1.08914	1.08922	1.08910	1.08917	195	0	3
2024.01.22	01:55:00	1.08916	1.08922	1.08909	1.08919	249	0	3
2024.01.22	02:00:00	1.08919	1.08950	1.08913	1.08947	398	0	3
2024.01.22	02:05:00	1.08947	1.08962	1.08943	1.08959	324	0	3
2024.01.22	02:10:00	1.08959	1.08962	1.08949	1.08953	266	0	3
2024.01.22	02:15:00	1.08953	1.08965	1.08952	1.08953	192	0	3
2024.01.22	02:20:00	1.08953	1.08955	1.08927	1.08930	262	0	3
2024.01.22	02:25:00	1.08929	1.08930	1.08910	1.08918	229	0	3
2024.01.22	02:30:00	1.08918	1.08941	1.08915	1.08939	264	0	3
2024.01.22	02:35:00	1.08939	1.08955	1.08935	1.08953	315	0	3
2024.01.22	02:40:00	1.08953	1.08974	1.08953	1.08970	470	0	3
2024.01.22	02:45:00	1.08970	1.08985	1.08966	1.08979	443	0	3
2024.01.22	02:50:00	1.08978	1.08998	1.08975	1.08985	407	0	3
2024.01.22	02:55:00	1.08985	1.09016	1.08985	1.09011	525	0	3
2024.01.22	03:00:00	1.09010	1.09027	1.09002	1.09017	477	0	3
2024.01.22	03:05:00	1.09017	1.09038	1.09009	1.09036	503	0	3
2024.01.22	03:10:00	1.09034	1.09050	1.09031	1.09043	450	0	3
2024.01.22	03:15:00	1.09043	1.09043	1.09015	1.09023	533	0	3
2024.01.22	03:20:00	1.09024	1.09028	1.08991	1.08998	487	0	3
2024.01.22	03:25:00	1.08999	1.09004	1.08986	1.09004	378	0	3
2024.01.22	03:30:00	1.09003	1.09019	1.08997	1.09014	236	0	3
2024.01.22	03:35:00	1.09014	1.09018	1.09005	1.09009	350	0	3
2024.01.22	03:40:00	1.09009	1.09026	1.08997	1.09024	338	0	3
2024.01.22	03:45:00	1.09024	1.09048	1.09021	1.09039	349	0	3
2024.01.22	03:50:00	1.09036	1.09041	1.09018	1.09022	224	0	3
2024.01.22	03:55:00	1.09021	1.09022	1.09007	1.09018	342	0	3
2024.01.22	04:00:00	1.09018	1.09029	1.08994	1.08999	430	0	3
2024.01.22	04:05:00	1.08999	1.09022	1.08997	1.09015	187	0	3
2024.01.22	04:10:00	1.09015	1.09034	1.09004	1.09030	398	0	3
2024.01.22	04:15:00	1.09030	1.09077	1.09026	1.09070	482	0	3
2024.01.22	04:20:00	1.09070	1.09093	1.09063	1.09088	735	0	3
2024.01.22	04:25:00	1.09088	1.09093	1.09071	1.09078	268	0	0
2024.01.22	04:30:00	1.09078	1.09081	1.09051	1.09058	388	0	3
2024.01.22	04:35:00	1.09058	1.09065	1.09051	1.09064	249	0	3
2024.01.22	04:40:00	1.09064	1.09077	1.09064	1.09069	178	0	3
2024.01.22	04:45:00	1.09069	1.09086	1.09067	1.09073	240	0	3
2024.01.22	04:50:00	1.09073	1.09084	1.09059	1.09076	306	0	3
2024.01.22	04:55:00	1.09078	1.09084	1.09068	1.09072	398	0	3
2024.01.22	05:00:00	1.09072	1.09077	1.09054	1.09059	318	0	3
2024.01.22	05:05:00	1.09059	1.09072	1.09054	1.09059	157	0	3
2024.01.22	05:10:00	1.09059	1.09062	1.09043	1.09049	250	0	3
2024.01.22	05:15:00	1.09049	1.09055	1.09043	1.09054	243	0	3
2024.01.22	05:20:00	1.09054	1.09055	1.09033	1.09044	239	0	3
2024.01.22	05:25:00	1.09044	1.09049	1.09036	1.09037	203	0	3
2024.01.22	05:30:00	1.09040	1.09061	1.09037	1.09050	208	0	3
2024.01.22	05:35:00	1.09050	1.09061	1.09042	1.09050	252	0	3
2024.01.22	05:40:00	1.09050	1.09055	1.09017	1.09029	346	0	3
2024.01.22	05:45:00	1.09029	1.09036	1.09025	1.09029	242	0	3
2024.01.22	05:50:00	1.09029	1.09034	1.09012	1.09016	230	0	3
2024.01.22	05:55:00	1.09015	1.09021	1.09011	1.09019	232	0	3
2024.01.22	06:00:00	1.09019	1.09025	1.09014	1.09017	177	0	3
2024.01.22	06:05:00	1.09016	1.09041	1.09015	1.09039	182	0	3
2024.01.22	06:10:00	1.09039	1.09045	1.09036	1.09044	152	0	0
2024.01.22	06:15:00	1.09044	1.09046	1.09012	1.09020	247	0	3
2024.01.22	06:20:00	1.09019	1.09035	1.09019	1.09034	133	0	3
2024.01.22	06:25:00	1.09033	1.09041	1.09029	1.09033	175	0	0
2024.01.22	06:30:00	1.09033	1.09035	1.09018	1.09025	292	0	3
2024.01.22	06:35:00	1.09025	1.09028	1.09011	1.09019	181	0	3
2024.01.22	06:40:00	1.09019	1.09020	1.09007	1.09018	299	0	3
2024.01.22	06:45:00	1.09019	1.09023	1.09006	1.09014	232	0	3
2024.01.22	06:50:00	1.09014	1.09032	1.09014	1.09026	179	0	3
2024.01.22	06:55:00	1.09025	1.09031	1.09023	1.09029	239	0	3
2024.01.22	07:00:00	1.09028	1.09031	1.09013	1.09023	235	0	3
2024.01.22	07:05:00	1.09023	1.09026	1.09018	1.09024	162	0	3
2024.01.22	07:10:00	1.09024	1.09046	1.09021	1.09034	236	0	3
2024.01.22	07:15:00	1.09034	1.09035	1.09011	1.09018	335	0	3
2024.01.22	07:20:00	1.09018	1.09026	1.09011	1.09023	225	0	3
2024.01.22	07:25:00	1.09023	1.09024	1.08996	1.09003	379	0	3
2024.01.22	07:30:00	1.09005	1.09031	1.08991	1.09026	372	0	3
2024.01.22	07:35:00	1.09026	1.09030	1.09007	1.09009	394	0	3
2024.01.22	07:40:00	1.09010	1.09016	1.09007	1.09009	283	0	3
2024.01.22	07:45:00	1.09010	1.09017	1.09002	1.09004	357	0	3
2024.01.22	07:50:00	1.09004	1.09009	1.08979	1.08984	434	0	3
2024.01.22	07:55:00	1.08984	1.09020	1.08981	1.09015	457	0	3
2024.01.22	08:00:00	1.09015	1.09050	1.09011	1.09048	584	0	3
2024.01.22	08:05:00	1.09048	1.09050	1.09018	1.09034	487	0	3
2024.01.22	08:10:00	1.09036	1.09043	1.09017	1.09019	481	0	3
2024.01.22	08:15:00	1.09019	1.09035	1.09019	1.09029	305	0	3
2024.01.22	08:20:00	1.09029	1.09041	1.09017	1.09039	449	0	3
2024.01.22	08:25:00	1.09040	1.09088	1.09040	1.09081	729	0	3
2024.01.22	08:30:00	1.09082	1.09096	1.09047	1.09057	673	0	1
2024.01.22	08:35:00	1.09057	1.09061	1.09032	1.09035	431	0	1
2024.01.22	08:40:00	1.09035	1.09047	1.09028	1.09040	457	0	1
2024.01.22	08:45:00	1.09040	1.09066	1.09034	1.09060	520	0	1
2024.01.22	08:50:00	1.09061	1.09072	1.09045	1.09055	423	0	1
2024.01.22	08:55:00	1.09054	1.09059	1.09033	1.09049	570	0	1
2024.01.22	09:00:00	1.09049	1.09049	1.09010	1.09027	1126	0	1
2024.01.22	09:05:00	1.09027	1.09051	1.09027	1.09029	654	0	1
2024.01.22	09:10:00	1.09029	1.09044	1.09020	1.09035	421	0	1
2024.01.22	09:15:00	1.09034	1.09066	1.09023	1.09065	811	0	1
2024.01.22	09:20:00	1.09066	1.09081	1.09043	1.09047	758	0	1
2024.01.22	09:25:00	1.09046	1.09056	1.09025	1.09025	673	0	1
2024.01.22	09:30:00	1.09025	1.09044	1.09005	1.09015	591	0	0
2024.01.22	09:35:00	1.09015	1.09015	1.08974	1.08980	598	0	0
2024.01.22	09:40:00	1.08980	1.09038	1.08979	1.09025	573	0	0
2024.01.22	09:45:00	1.09025	1.09036	1.09000	1.09004	513	0	0
2024.01.22	09:50:00	1.09004	1.09032	1.08993	1.09004	484	0	0
2024.01.22	09:55:00	1.09004	1.09012	1.08974	1.08977	559	0	0
2024.01.22	10:00:00	1.08977	1.08989	1.08944	1.08950	1049	0	0
2024.01.22	10:05:00	1.08950	1.08950	1.08908	1.08926	834	0	0
2024.01.22	10:10:00	1.08927	1.08956	1.08915	1.08944	763	0	0
2024.01.22	10:15:00	1.08943	1.08970	1.08923	1.08956	748	0	0
2024.01.22	10:20:00	1.08956	1.09000	1.08952	1.08995	899	0	0
2024.01.22	10:25:00	1.08996	1.09009	1.08979	1.08991	722	0	0
2024.01.22	10:30:00	1.08991	1.08991	1.08917	1.08923	785	0	0
2024.01.22	10:35:00	1.08924	1.08950	1.08910	1.08930	765	0	0
2024.01.22	10:40:00	1.08929	1.08934	1.08894	1.08894	830	0	0
2024.01.22	10:45:00	1.08893	1.08934	1.08885	1.08888	714	0	0
2024.01.22	10:50:00	1.08887	1.08891	1.08871	1.08890	694	0	0
2024.01.22	10:55:00	1.08891	1.08924	1.08880	1.08918	616	0	0
2024.01.22	11:00:00	1.08918	1.08937	1.08899	1.08919	770	0	0
2024.01.22	11:05:00	1.08920	1.08954	1.08909	1.08954	562	0	0
2024.01.22	11:10:00	1.08954	1.08958	1.08931	1.08946	495	0	0
2024.01.22	11:15:00	1.08946	1.09016	1.08943	1.09014	552	0	0
2024.01.22	11:20:00	1.09013	1.09023	1.09000	1.09003	477	0	0
2024.01.22	11:25:00	1.09003	1.09003	1.08967	1.08968	474	0	0
2024.01.22	11:30:00	1.08968	1.08969	1.08945	1.08955	413	0	0
2024.01.22	11:35:00	1.08954	1.08965	1.08942	1.08960	475	0	0
2024.01.22	11:40:00	1.08958	1.08965	1.08936	1.08954	556	0	0
2024.01.22	11:45:00	1.08955	1.08956	1.08923	1.08935	587	0	0
2024.01.22	11:50:00	1.08935	1.08964	1.08930	1.08960	406	0	0
2024.01.22	11:55:00	1.08960	1.08995	1.08959	1.08970	500	0	0
2024.01.22	12:00:00	1.08970	1.08971	1.08920	1.08946	592	0	0
2024.01.22	12:05:00	1.08947	1.08947	1.08921	1.08946	482	0	0
2024.01.22	12:10:00	1.08947	1.08952	1.08933	1.08945	473	0	0
2024.01.22	12:15:00	1.08945	1.08945	1.08893	1.08908	602	0	0
2024.01.22	12:20:00	1.08908	1.08921	1.08903	1.08910	368	0	0
2024.01.22	12:25:00	1.08910	1.08918	1.08889	1.08899	405	0	0
2024.01.22	12:30:00	1.08898	1.08914	1.08895	1.08912	425	0	0
2024.01.22	12:35:00	1.08912	1.08920	1.08883	1.08885	444	0	0
2024.01.22	12:40:00	1.08885	1.08920	1.08874	1.08899	491	0	0
2024.01.22	12:45:00	1.08899	1.08902	1.08888	1.08890	444	0	0
2024.01.22	12:50:00	1.08891	1.08894	1.08869	1.08889	591	0	0
2024.01.22	12:55:00	1.08890	1.08890	1.08858	1.08870	665	0	0
2024.01.22	13:00:00	1.08870	1.08873	1.08849	1.08872	591	0	0
2024.01.22	13:05:00	1.08872	1.08893	1.08862	1.08890	670	0	0
2024.01.22	13:10:00	1.08890	1.08898	1.08870	1.08893	439	0	0
2024.01.22	13:15:00	1.08893	1.08902	1.08879	1.08881	544	0	0
2024.01.22	13:20:00	1.08881	1.08885	1.08851	1.08857	494	0	0
2024.01.22	13:25:00	1.08858	1.08859	1.08816	1.08838	620	0	0
2024.01.22	13:30:00	1.08838	1.08863	1.08833	1.08860	519	0	0
2024.01.22	13:35:00	1.08860	1.08895	1.08850	1.08890	570	0	0
2024.01.22	13:40:00	1.08890	1.08895	1.08859	1.08878	560	0	0
2024.01.22	13:45:00	1.08878	1.08906	1.08874	1.08890	583	0	0
2024.01.22	13:50:00	1.08891	1.08894	1.08875	1.08890	317	0	0
2024.01.22	13:55:00	1.08889	1.08903	1.08882	1.08899	298	0	0
2024.01.22	14:00:00	1.08899	1.08911	1.08879	1.08902	678	0	0
2024.01.22	14:05:00	1.08902	1.08929	1.08896	1.08919	807	0	0
2024.01.22	14:10:00	1.08923	1.08957	1.08911	1.08947	721	0	0
2024.01.22	14:15:00	1.08947	1.08961	1.08929	1.08940	889	0	0
2024.01.22	14:20:00	1.08942	1.08982	1.08934	1.08952	939	0	0
2024.01.22	14:25:00	1.08952	1.08986	1.08950	1.08968	858	0	0
2024.01.22	14:30:00	1.08968	1.08994	1.08964	1.08974	1086	0	0
2024.01.22	14:35:00	1.08974	1.08978	1.08924	1.08934	858	0	0
2024.01.22	14:40:00	1.08936	1.08985	1.08935	1.08979	788	0	0
2024.01.22	14:45:00	1.08979	1.08983	1.08906	1.08916	970	0	0
2024.01.22	14:50:00	1.08916	1.08920	1.08894	1.08915	804	0	0
2024.01.22	14:55:00	1.08914	1.08935	1.08898	1.08926	928	0	0
2024.01.22	15:00:00	1.08925	1.08948	1.08896	1.08907	1285	0	0
2024.01.22	15:05:00	1.08907	1.08928	1.08890	1.08900	1159	0	0
2024.01.22	15:10:00	1.08900	1.08904	1.08844	1.08862	996	0	0
2024.01.22	15:15:00	1.08862	1.08866	1.08828	1.08849	1128	0	0
2024.01.22	15:20:00	1.08850	1.08897	1.08833	1.08876	1441	0	0
2024.01.22	15:25:00	1.08875	1.08892	1.08861	1.08881	1093	0	0
2024.01.22	15:30:00	1.08882	1.08883	1.08797	1.08804	1432	0	0
2024.01.22	15:35:00	1.08805	1.08859	1.08799	1.08820	1354	0	0
2024.01.22	15:40:00	1.08821	1.08861	1.08815	1.08841	1154	0	0
2024.01.22	15:45:00	1.08841	1.08885	1.08836	1.08861	1064	0	0
2024.01.22	15:50:00	1.08863	1.08927	1.08854	1.08925	1063	0	0
2024.01.22	15:55:00	1.08925	1.08954	1.08913	1.08917	1119	0	0
2024.01.22	16:00:00	1.08917	1.08923	1.08864	1.08875	1306	0	0
2024.01.22	16:05:00	1.08875	1.08887	1.08854	1.08870	1021	0	0
2024.01.22	16:10:00	1.08870	1.08901	1.08861	1.08896	984	0	0
2024.01.22	16:15:00	1.08894	1.08906	1.08870	1.08893	901	0	0
2024.01.22	16:20:00	1.08892	1.08910	1.08875	1.08902	698	0	0
2024.01.22	16:25:00	1.08902	1.08920	1.08896	1.08913	733	0	0
2024.01.22	16:30:00	1.08913	1.08950	1.08909	1.08950	1367	0	0
2024.01.22	16:35:00	1.08949	1.08964	1.08923	1.08933	1374	0	0
2024.01.22	16:40:00	1.08933	1.08946	1.08850	1.08893	1377	0	0
2024.01.22	16:45:00	1.08893	1.08929	1.08883	1.08919	1432	0	0
2024.01.22	16:50:00	1.08918	1.08939	1.08900	1.08915	1095	0	0
2024.01.22	16:55:00	1.08915	1.08924	1.08876	1.08897	1005	0	0
2024.01.22	17:00:00	1.08897	1.08897	1.08866	1.08885	1188	0	0
2024.01.22	17:05:00	1.08885	1.08934	1.08878	1.08929	1051	0	0
2024.01.22	17:10:00	1.08929	1.08965	1.08913	1.08957	1062	0	0
2024.01.22	17:15:00	1.08955	1.08983	1.08949	1.08955	1025	0	0
2024.01.22	17:20:00	1.08956	1.08972	1.08946	1.08956	1046	0	0
2024.01.22	17:25:00	1.08956	1.08969	1.08938	1.08948	1048	0	0
2024.01.22	17:30:00	1.08948	1.08954	1.08856	1.08870	1512	0	0
2024.01.22	17:35:00	1.08870	1.08919	1.08864	1.08914	1147	0	0
2024.01.22	17:40:00	1.08915	1.08918	1.08865	1.08866	932	0	0
2024.01.22	17:45:00	1.08865	1.08895	1.08843	1.08886	1378	0	0
2024.01.22	17:50:00	1.08885	1.08893	1.08853	1.08857	986	0	0
2024.01.22	17:55:00	1.08857	1.08866	1.08824	1.08853	1240	0	0
2024.01.22	18:00:00	1.08853	1.08873	1.08816	1.08826	1307	0	0
2024.01.22	18:05:00	1.08826	1.08861	1.08826	1.08855	879	0	0
2024.01.22	18:10:00	1.08854	1.08870	1.08850	1.08866	675	0	0
2024.01.22	18:15:00	1.08867	1.08891	1.08857	1.08889	706	0	0
2024.01.22	18:20:00	1.08888	1.08906	1.08879	1.08904	674	0	0
2024.01.22	18:25:00	1.08902	1.08923	1.08895	1.08909	776	0	0
2024.01.22	18:30:00	1.08910	1.08917	1.08889	1.08903	604	0	0
2024.01.22	18:35:00	1.08905	1.08908	1.08884	1.08889	486	0	0
2024.01.22	18:40:00	1.08889	1.08892	1.08867	1.08877	644	0	0
2024.01.22	18:45:00	1.08877	1.08891	1.08873	1.08879	566	0	0
2024.01.22	18:50:00	1.08878	1.08919	1.08878	1.08911	642	0	0
2024.01.22	18:55:00	1.08912	1.08945	1.08909	1.08939	868	0	0
2024.01.22	19:00:00	1.08939	1.08948	1.08922	1.08925	668	0	1
2024.01.22	19:05:00	1.08925	1.08930	1.08903	1.08924	762	0	1
2024.01.22	19:10:00	1.08923	1.08949	1.08914	1.08945	556	0	1
2024.01.22	19:15:00	1.08945	1.08955	1.08935	1.08948	868	0	1
2024.01.22	19:20:00	1.08948	1.08980	1.08948	1.08976	691	0	1
2024.01.22	19:25:00	1.08974	1.08979	1.08960	1.08978	775	0	1
2024.01.22	19:30:00	1.08980	1.09000	1.08976	1.08994	772	0	1
2024.01.22	19:35:00	1.08994	1.08996	1.08973	1.08987	617	0	1
2024.01.22	19:40:00	1.08987	1.08996	1.08972	1.08989	587	0	1
2024.01.22	19:45:00	1.08988	1.09000	1.08980	1.08981	563	0	1
2024.01.22	19:50:00	1.08982	1.08993	1.08966	1.08990	677	0	1
2024.01.22	19:55:00	1.08989	1.08992	1.08960	1.08961	644	0	1
2024.01.22	20:00:00	1.08961	1.08965	1.08923	1.08929	871	0	1
2024.01.22	20:05:00	1.08930	1.08944	1.08911	1.08914	705	0	1
2024.01.22	20:10:00	1.08914	1.08946	1.08914	1.08938	672	0	1
2024.01.22	20:15:00	1.08939	1.08948	1.08923	1.08927	703	0	1
2024.01.22	20:20:00	1.08928	1.08928	1.08907	1.08912	943	0	1
2024.01.22	20:25:00	1.08911	1.08915	1.08851	1.08861	1041	0	1
2024.01.22	20:30:00	1.08859	1.08879	1.08837	1.08852	1021	0	1
2024.01.22	20:35:00	1.08852	1.08880	1.08847	1.08875	889	0	1
2024.01.22	20:40:00	1.08875	1.08876	1.08853	1.08861	544	0	1
2024.01.22	20:45:00	1.08860	1.08878	1.08849	1.08867	595	0	1
2024.01.22	20:50:00	1.08868	1.08888	1.08865	1.08886	687	0	1
2024.01.22	20:55:00	1.08884	1.08905	1.08876	1.08899	547	0	1
2024.01.22	21:00:00	1.08899	1.08910	1.08887	1.08898	587	0	1
2024.01.22	21:05:00	1.08897	1.08903	1.08889	1.08895	330	0	1
2024.01.22	21:10:00	1.08894	1.08895	1.08835	1.08840	879	0	1
2024.01.22	21:15:00	1.08840	1.08841	1.08812	1.08814	956	0	1
2024.01.22	21:20:00	1.08814	1.08831	1.08801	1.08814	1014	0	1
2024.01.22	21:25:00	1.08814	1.08827	1.08802	1.08804	714	0	1
2024.01.22	21:30:00	1.08805	1.08843	1.08802	1.08841	701	0	1
2024.01.22	21:35:00	1.08840	1.08876	1.08831	1.08870	804	0	1
2024.01.22	21:40:00	1.08871	1.08884	1.08852	1.08855	626	0	1
2024.01.22	21:45:00	1.08855	1.08864	1.08843	1.08854	469	0	1
2024.01.22	21:50:00	1.08853	1.08857	1.08838	1.08841	569	0	1
2024.01.22	21:55:00	1.08841	1.08864	1.08840	1.08848	481	0	1
2024.01.22	22:00:00	1.08848	1.08856	1.08827	1.08830	522	0	1
2024.01.22	22:05:00	1.08830	1.08831	1.08801	1.08825	505	0	1
2024.01.22	22:10:00	1.08824	1.08831	1.08812	1.08820	540	0	1
2024.01.22	22:15:00	1.08821	1.08824	1.08811	1.08823	286	0	1
2024.01.22	22:20:00	1.08824	1.08830	1.08815	1.08819	304	0	1
2024.01.22	22:25:00	1.08819	1.08839	1.08819	1.08834	337	0	1
2024.01.22	22:30:00	1.08835	1.08852	1.08833	1.08844	392	0	1
2024.01.22	22:35:00	1.08844	1.08852	1.08827	1.08828	285	0	1
2024.01.22	22:40:00	1.08828	1.08843	1.08826	1.08830	279	0	1
2024.01.22	22:45:00	1.08830	1.08832	1.08815	1.08819	267	0	1
2024.01.22	22:50:00	1.08818	1.08827	1.08816	1.08825	424	0	1
2024.01.22	22:55:00	1.08824	1.08844	1.08823	1.08833	528	0	1
2024.01.22	23:00:00	1.08834	1.08843	1.08831	1.08833	336	0	15
2024.01.22	23:05:00	1.08832	1.08832	1.08817	1.08820	170	0	15
2024.01.22	23:10:00	1.08821	1.08838	1.08821	1.08822	118	0	1
2024.01.22	23:15:00	1.08821	1.08832	1.08817	1.08832	132	0	2
2024.01.22	23:20:00	1.08828	1.08834	1.08820	1.08820	116	0	2
2024.01.22	23:25:00	1.08821	1.08831	1.08814	1.08814	142	0	3
2024.01.22	23:30:00	1.08815	1.08818	1.08807	1.08813	216	0	15
2024.01.22	23:35:00	1.08812	1.08821	1.08811	1.08812	197	0	0
2024.01.22	23:40:00	1.08812	1.08826	1.08812	1.08822	128	0	3
2024.01.22	23:45:00	1.08823	1.08824	1.08815	1.08817	158	0	15
2024.01.22	23:50:00	1.08818	1.08819	1.08812	1.08813	147	0	15
2024.01.22	23:55:00	1.08820	1.08822	1.08813	1.08820	57	0	0
2024.01.23	00:00:00	1.08816	1.08825	1.08784	1.08821	26	0	13
2024.01.23	00:05:00	1.08821	1.08826	1.08789	1.08797	74	0	16
2024.01.23	00:10:00	1.08796	1.08821	1.08788	1.08817	57	0	16
2024.01.23	00:15:00	1.08819	1.08840	1.08813	1.08831	1357	0	8
2024.01.23	00:20:00	1.08832	1.08845	1.08821	1.08832	285	0	8
2024.01.23	00:25:00	1.08834	1.08837	1.08799	1.08816	1047	0	8
2024.01.23	00:30:00	1.08828	1.08834	1.08814	1.08831	1456	0	8
2024.01.23	00:35:00	1.08831	1.08834	1.08816	1.08825	1179	0	8
2024.01.23	00:40:00	1.08826	1.08829	1.08823	1.08827	782	0	8
2024.01.23	00:45:00	1.08826	1.08834	1.08825	1.08830	148	0	8
2024.01.23	00:50:00	1.08830	1.08834	1.08827	1.08829	1080	0	8
2024.01.23	00:55:00	1.08829	1.08831	1.08796	1.08816	415	0	0
2024.01.23	01:00:00	1.08816	1.08823	1.08794	1.08803	242	0	3
2024.01.23	01:05:00	1.08804	1.08812	1.08799	1.08803	179	0	3
2024.01.23	01:10:00	1.08803	1.08821	1.08802	1.08812	209	0	3
2024.01.23	01:15:00	1.08811	1.08812	1.08793	1.08795	914	0	3
2024.01.23	01:20:00	1.08794	1.08799	1.08792	1.08795	839	0	3
2024.01.23	01:25:00	1.08795	1.08799	1.08795	1.08798	1057	0	3
2024.01.23	01:30:00	1.08798	1.08804	1.08795	1.08800	463	0	3
2024.01.23	01:35:00	1.08802	1.08806	1.08800	1.08803	387	0	3
2024.01.23	01:40:00	1.08802	1.08803	1.08797	1.08797	74	0	2
2024.01.23	01:45:00	1.08797	1.08800	1.08778	1.08786	341	0	3
2024.01.23	01:50:00	1.08786	1.08791	1.08766	1.08778	289	0	1
2024.01.23	01:55:00	1.08777	1.08780	1.08771	1.08773	78	0	2
2024.01.23	02:00:00	1.08773	1.08782	1.08756	1.08774	323	0	3
2024.01.23	02:05:00	1.08774	1.08776	1.08758	1.08773	257	0	0
2024.01.23	02:10:00	1.08773	1.08787	1.08763	1.08778	341	0	3
2024.01.23	02:15:00	1.08777	1.08787	1.08767	1.08783	201	0	3
2024.01.23	02:20:00	1.08783	1.08794	1.08782	1.08789	177	0	3
2024.01.23	02:25:00	1.08789	1.08790	1.08782	1.08787	144	0	3
2024.01.23	02:30:00	1.08787	1.08810	1.08785	1.08808	206	0	0
2024.01.23	02:35:00	1.08805	1.08813	1.08802	1.08804	133	0	3
2024.01.23	02:40:00	1.08803	1.08814	1.08791	1.08813	202	0	3
2024.01.23	02:45:00	1.08813	1.08816	1.08804	1.08813	129	0	3
2024.01.23	02:50:00	1.08813	1.08840	1.08811	1.08838	334	0	3
2024.01.23	02:55:00	1.08838	1.08839	1.08822	1.08830	195	0	3
2024.01.23	03:00:00	1.08829	1.08832	1.08817	1.08821	315	0	3
2024.01.23	03:05:00	1.08821	1.08841	1.08810	1.08838	186	0	3
2024.01.23	03:10:00	1.08838	1.08841	1.08807	1.08810	221	0	3
2024.01.23	03:15:00	1.08810	1.08811	1.08789	1.08797	267	0	3
2024.01.23	03:20:00	1.08797	1.08800	1.08781	1.08784	215	0	3
2024.01.23	03:25:00	1.08784	1.08800	1.08777	1.08791	271	0	3
2024.01.23	03:30:00	1.08790	1.08793	1.08765	1.08781	395	0	3
2024.01.23	03:35:00	1.08781	1.08806	1.08777	1.08789	311	0	3
2024.01.23	03:40:00	1.08788	1.08792	1.08783	1.08787	331	0	3
2024.01.23	03:45:00	1.08787	1.08808	1.08785	1.08804	433	0	3
2024.01.23	03:50:00	1.08804	1.08826	1.08800	1.08824	272	0	3
2024.01.23	03:55:00	1.08823	1.08886	1.08818	1.08883	1098	0	3
2024.01.23	04:00:00	1.08883	1.08898	1.08847	1.08892	880	0	3
2024.01.23	04:05:00	1.08892	1.08900	1.08873	1.08885	926	0	3
2024.01.23	04:10:00	1.08884	1.08886	1.08856	1.08878	716	0	3
2024.01.23	04:15:00	1.08878	1.08904	1.08872	1.08898	632	0	3
2024.01.23	04:20:00	1.08897	1.08921	1.08884	1.08909	665	0	3
2024.01.23	04:25:00	1.08909	1.08920	1.08905	1.08918	548	0	3
2024.01.23	04:30:00	1.08918	1.08928	1.08916	1.08924	953	0	3
2024.01.23	04:35:00	1.08925	1.08940	1.08917	1.08937	480	0	3
2024.01.23	04:40:00	1.08937	1.08940	1.08921	1.08929	407	0	3
2024.01.23	04:45:00	1.08930	1.08938	1.08918	1.08919	335	0	3
2024.01.23	04:50:00	1.08920	1.08921	1.08895	1.08908	472	0	3
2024.01.23	04:55:00	1.08908	1.08908	1.08864	1.08873	552	0	3
2024.01.23	05:00:00	1.08874	1.08880	1.08861	1.08867	507	0	3
2024.01.23	05:05:00	1.08868	1.08886	1.08854	1.08869	711	0	3
2024.01.23	05:10:00	1.08869	1.08873	1.08851	1.08862	987	0	3
2024.01.23	05:15:00	1.08863	1.08903	1.08859	1.08881	721	0	3
2024.01.23	05:20:00	1.08881	1.08891	1.08876	1.08888	410	0	3
2024.01.23	05:25:00	1.08888	1.08896	1.08883	1.08885	462	0	3
2024.01.23	05:30:00	1.08885	1.08903	1.08884	1.08901	307	0	3
2024.01.23	05:35:00	1.08901	1.08936	1.08900	1.08918	492	0	3
2024.01.23	05:40:00	1.08918	1.08940	1.08915	1.08922	532	0	3
2024.01.23	05:45:00	1.08922	1.08928	1.08916	1.08928	302	0	3
2024.01.23	05:50:00	1.08929	1.08937	1.08914	1.08936	504	0	3
2024.01.23	05:55:00	1.08936	1.08950	1.08925	1.08927	489	0	3
2024.01.23	06:00:00	1.08925	1.08937	1.08914	1.08936	440	0	3
2024.01.23	06:05:00	1.08937	1.08945	1.08932	1.08939	253	0	3
2024.01.23	06:10:00	1.08936	1.08960	1.08936	1.08953	377	0	3
2024.01.23	06:15:00	1.08951	1.08959	1.08946	1.08953	194	0	3
2024.01.23	06:20:00	1.08953	1.08957	1.08942	1.08947	217	0	3
2024.01.23	06:25:00	1.08946	1.08946	1.08931	1.08934	283	0	3
2024.01.23	06:30:00	1.08934	1.08949	1.08934	1.08941	199	0	3
2024.01.23	06:35:00	1.08943	1.08951	1.08941	1.08945	159	0	3
2024.01.23	06:40:00	1.08945	1.08952	1.08937	1.08943	195	0	3
2024.01.23	06:45:00	1.08943	1.08965	1.08943	1.08959	324	0	3
2024.01.23	06:50:00	1.08959	1.08980	1.08958	1.08977	319	0	3
2024.01.23	06:55:00	1.08977	1.08987	1.08973	1.08983	356	0	3
2024.01.23	07:00:00	1.08983	1.08994	1.08975	1.08981	437	0	3
2024.01.23	07:05:00	1.08982	1.08995	1.08978	1.08993	355	0	3
2024.01.23	07:10:00	1.08992	1.08993	1.08967	1.08972	334	0	3
2024.01.23	07:15:00	1.08972	1.08979	1.08966	1.08977	290	0	3
2024.01.23	07:20:00	1.08976	1.08994	1.08968	1.08988	216	0	3
2024.01.23	07:25:00	1.08988	1.09004	1.08982	1.09001	399	0	3
2024.01.23	07:30:00	1.09001	1.09021	1.08999	1.09007	407	0	3
2024.01.23	07:35:00	1.09006	1.09039	1.09005	1.09032	518	0	3
2024.01.23	07:40:00	1.09029	1.09047	1.09027	1.09042	579	0	3
2024.01.23	07:45:00	1.09042	1.09049	1.09036	1.09044	500	0	3
2024.01.23	07:50:00	1.09045	1.09058	1.09037	1.09056	403	0	3
2024.01.23	07:55:00	1.09056	1.09080	1.09051	1.09068	730	0	3
2024.01.23	08:00:00	1.09068	1.09068	1.09047	1.09052	547	0	3
2024.01.23	08:05:00	1.09051	1.09055	1.09013	1.09022	818	0	3
2024.01.23	08:10:00	1.09023	1.09029	1.09013	1.09018	448	0	3
2024.01.23	08:15:00	1.09018	1.09028	1.09014	1.09023	380	0	3
2024.01.23	08:20:00	1.09023	1.09056	1.09020	1.09043	581	0	3
2024.01.23	08:25:00	1.09043	1.09080	1.09037	1.09074	846	0	3
2024.01.23	08:30:00	1.09075	1.09080	1.09049	1.09065	580	0	1
2024.01.23	08:35:00	1.09065	1.09072	1.09047	1.09065	739	0	1
2024.01.23	08:40:00	1.09066	1.09080	1.09057	1.09072	767	0	1
2024.01.23	08:45:00	1.09073	1.09112	1.09070	1.09095	1070	0	1
2024.01.23	08:50:00	1.09097	1.09114	1.09093	1.09112	1150	0	1
2024.01.23	08:55:00	1.09111	1.09142	1.09106	1.09140	1350	0	1
2024.01.23	09:00:00	1.09140	1.09147	1.09107	1.09144	1371	0	1
2024.01.23	09:05:00	1.09144	1.09147	1.09133	1.09134	1333	0	1
2024.01.23	09:10:00	1.09134	1.09150	1.09131	1.09147	1103	0	1
2024.01.23	09:15:00	1.09147	1.09162	1.09128	1.09132	1304	0	1
2024.01.23	09:20:00	1.09134	1.09138	1.09077	1.09081	1611	0	1
2024.01.23	09:25:00	1.09077	1.09093	1.09058	1.09091	985	0	1
2024.01.23	09:30:00	1.09090	1.09132	1.09089	1.09090	843	0	0
2024.01.23	09:35:00	1.09090	1.09090	1.09057	1.09073	949	0	0
2024.01.23	09:40:00	1.09074	1.09083	1.09038	1.09060	769	0	0
2024.01.23	09:45:00	1.09060	1.09085	1.09044	1.09051	526	0	0
2024.01.23	09:50:00	1.09051	1.09097	1.09049	1.09095	508	0	0
2024.01.23	09:55:00	1.09095	1.09096	1.09067	1.09083	666	0	0
2024.01.23	10:00:00	1.09083	1.09107	1.09047	1.09057	935	0	0
2024.01.23	10:05:00	1.09057	1.09076	1.09043	1.09045	782	0	0
2024.01.23	10:10:00	1.09045	1.09061	1.09029	1.09038	749	0	0
2024.01.23	10:15:00	1.09037	1.09043	1.09015	1.09032	913	0	0
2024.01.23	10:20:00	1.09032	1.09049	1.09022	1.09029	952	0	0
2024.01.23	10:25:00	1.09029	1.09039	1.09018	1.09039	721	0	0
2024.01.23	10:30:00	1.09039	1.09076	1.09033	1.09073	929	0	0
2024.01.23	10:35:00	1.09073	1.09074	1.09003	1.09010	840	0	0
2024.01.23	10:40:00	1.09009	1.09011	1.08960	1.08980	852	0	0
2024.01.23	10:45:00	1.08980	1.08992	1.08963	1.08970	584	0	0
2024.01.23	10:50:00	1.08970	1.08972	1.08939	1.08947	613	0	0
2024.01.23	10:55:00	1.08947	1.08955	1.08924	1.08950	676	0	0
2024.01.23	11:00:00	1.08952	1.08952	1.08901	1.08905	1265	0	0
2024.01.23	11:05:00	1.08904	1.08906	1.08856	1.08874	925	0	0
2024.01.23	11:10:00	1.08873	1.08905	1.08868	1.08889	923	0	0
2024.01.23	11:15:00	1.08890	1.08903	1.08872	1.08900	701	0	0
2024.01.23	11:20:00	1.08899	1.08939	1.08897	1.08932	942	0	0
2024.01.23	11:25:00	1.08932	1.08950	1.08900	1.08919	738	0	0
2024.01.23	11:30:00	1.08919	1.08936	1.08905	1.08909	511	0	0
2024.01.23	11:35:00	1.08909	1.08920	1.08897	1.08914	410	0	0
2024.01.23	11:40:00	1.08914	1.08914	1.08870	1.08877	524	0	0
2024.01.23	11:45:00	1.08877	1.08878	1.08836	1.08854	523	0	0
2024.01.23	11:50:00	1.08854	1.08882	1.08849	1.08881	703	0	0
2024.01.23	11:55:00	1.08881	1.08905	1.08871	1.08875	596	0	0
2024.01.23	12:00:00	1.08875	1.08883	1.08854	1.08854	548	0	0
2024.01.23	12:05:00	1.08854	1.08864	1.08838	1.08838	487	0	0
2024.01.23	12:10:00	1.08835	1.08843	1.08809	1.08830	642	0	0
2024.01.23	12:15:00	1.08831	1.08844	1.08814	1.08843	559	0	0
2024.01.23	12:20:00	1.08843	1.08859	1.08825	1.08829	539	0	0
2024.01.23	12:25:00	1.08828	1.08852	1.08823	1.08845	632	0	0
2024.01.23	12:30:00	1.08845	1.08858	1.08841	1.08851	509	0	0
2024.01.23	12:35:00	1.08850	1.08851	1.08811	1.08822	628	0	0
2024.01.23	12:40:00	1.08824	1.08825	1.08791	1.08792	630	0	0
2024.01.23	12:45:00	1.08791	1.08793	1.08714	1.08716	905	0	0
2024.01.23	12:50:00	1.08716	1.08718	1.08699	1.08703	1146	0	0
2024.01.23	12:55:00	1.08702	1.08713	1.08673	1.08695	1172	0	0
2024.01.23	13:00:00	1.08696	1.08721	1.08672	1.08677	729	0	0
2024.01.23	13:05:00	1.08677	1.08713	1.08676	1.08710	654	0	0
2024.01.23	13:10:00	1.08709	1.08722	1.08689	1.08716	402	0	0
2024.01.23	13:15:00	1.08715	1.08716	1.08662	1.08673	681	0	0
2024.01.23	13:20:00	1.08673	1.08685	1.08640	1.08653	682	0	0
2024.01.23	13:25:00	1.08653	1.08654	1.08601	1.08636	1037	0	0
2024.01.23	13:30:00	1.08636	1.08651	1.08625	1.08641	636	0	0
2024.01.23	13:35:00	1.08641	1.08659	1.08638	1.08654	573	0	0
2024.01.23	13:40:00	1.08653	1.08658	1.08632	1.08647	547	0	0
2024.01.23	13:45:00	1.08647	1.08654	1.08625	1.08653	542	0	0
2024.01.23	13:50:00	1.08652	1.08660	1.08620	1.08643	604	0	0
2024.01.23	13:55:00	1.08642	1.08675	1.08636	1.08664	536	0	0
2024.01.23	14:00:00	1.08665	1.08679	1.08651	1.08661	866	0	0
2024.01.23	14:05:00	1.08661	1.08703	1.08661	1.08690	735	0	0
2024.01.23	14:10:00	1.08690	1.08725	1.08681	1.08719	903	0	0
2024.01.23	14:15:00	1.08718	1.08734	1.08700	1.08707	907	0	0
2024.01.23	14:20:00	1.08707	1.08709	1.08655	1.08663	1137	0	0
2024.01.23	14:25:00	1.08662	1.08664	1.08615	1.08623	899	0	0
2024.01.23	14:30:00	1.08622	1.08648	1.08609	1.08630	1058	0	0
2024.01.23	14:35:00	1.08630	1.08637	1.08616	1.08622	747	0	0
2024.01.23	14:40:00	1.08622	1.08631	1.08604	1.08626	792	0	0
2024.01.23	14:45:00	1.08625	1.08634	1.08602	1.08618	790	0	0
2024.01.23	14:50:00	1.08618	1.08662	1.08611	1.08661	1124	0	0
2024.01.23	14:55:00	1.08660	1.08670	1.08625	1.08636	1221	0	0
2024.01.23	15:00:00	1.08637	1.08689	1.08637	1.08683	1163	0	0
2024.01.23	15:05:00	1.08685	1.08717	1.08666	1.08711	989	0	0
2024.01.23	15:10:00	1.08711	1.08718	1.08673	1.08685	958	0	0
2024.01.23	15:15:00	1.08686	1.08713	1.08675	1.08686	902	0	0
2024.01.23	15:20:00	1.08688	1.08707	1.08675	1.08675	813	0	0
2024.01.23	15:25:00	1.08676	1.08714	1.08655	1.08708	1076	0	0
2024.01.23	15:30:00	1.08708	1.08717	1.08677	1.08699	1021	0	0
2024.01.23	15:35:00	1.08699	1.08745	1.08697	1.08725	885	0	0
2024.01.23	15:40:00	1.08725	1.08750	1.08705	1.08718	1017	0	0
2024.01.23	15:45:00	1.08718	1.08746	1.08696	1.08709	1531	0	0
2024.01.23	15:50:00	1.08708	1.08730	1.08687	1.08708	1029	0	0
2024.01.23	15:55:00	1.08707	1.08761	1.08699	1.08742	991	0	0
2024.01.23	16:00:00	1.08742	1.08742	1.08693	1.08699	1074	0	0
2024.01.23	16:05:00	1.08699	1.08701	1.08660	1.08672	1230	0	0
2024.01.23	16:10:00	1.08671	1.08709	1.08656	1.08703	1094	0	0
2024.01.23	16:15:00	1.08707	1.08711	1.08667	1.08706	987	0	0
2024.01.23	16:20:00	1.08706	1.08708	1.08650	1.08658	920	0	0
2024.01.23	16:25:00	1.08658	1.08670	1.08625	1.08646	1075	0	0
2024.01.23	16:30:00	1.08645	1.08653	1.08563	1.08575	1945	0	0
2024.01.23	16:35:00	1.08575	1.08630	1.08569	1.08593	1732	0	0
2024.01.23	16:40:00	1.08593	1.08605	1.08533	1.08576	2046	0	0
2024.01.23	16:45:00	1.08576	1.08581	1.08526	1.08532	1923	0	0
2024.01.23	16:50:00	1.08534	1.08544	1.08483	1.08520	1689	0	0
2024.01.23	16:55:00	1.08520	1.08549	1.08503	1.08528	1350	0	0
2024.01.23	17:00:00	1.08528	1.08569	1.08525	1.08555	1431	0	0
2024.01.23	17:05:00	1.08555	1.08583	1.08519	1.08529	1758	0	0
2024.01.23	17:10:00	1.08527	1.08530	1.08445	1.08485	1641	0	0
2024.01.23	17:15:00	1.08487	1.08498	1.08452	1.08475	1277	0	0
2024.01.23	17:20:00	1.08473	1.08504	1.08367	1.08392	1617	0	0
2024.01.23	17:25:00	1.08392	1.08407	1.08349	1.08387	1647	0	0
2024.01.23	17:30:00	1.08388	1.08390	1.08331	1.08335	1769	0	0
2024.01.23	17:35:00	1.08335	1.08347	1.08305	1.08336	1464	0	0
2024.01.23	17:40:00	1.08336	1.08344	1.08215	1.08237	2006	0	0
2024.01.23	17:45:00	1.08237	1.08304	1.08232	1.08298	1464	0	0
2024.01.23	17:50:00	1.08298	1.08346	1.08264	1.08331	1636	0	0
2024.01.23	17:55:00	1.08335	1.08336	1.08306	1.08311	1329	0	0
2024.01.23	18:00:00	1.08311	1.08387	1.08311	1.08376	1318	0	0
2024.01.23	18:05:00	1.08376	1.08396	1.08356	1.08356	1052	0	0
2024.01.23	18:10:00	1.08356	1.08393	1.08329	1.08338	1223	0	0
2024.01.23	18:15:00	1.08338	1.08356	1.08287	1.08313	1333	0	0
2024.01.23	18:20:00	1.08312	1.08363	1.08307	1.08350	1153	0	0
2024.01.23	18:25:00	1.08350	1.08390	1.08336	1.08384	1277	0	0
2024.01.23	18:30:00	1.08385	1.08385	1.08337	1.08351	1160	0	0
2024.01.23	18:35:00	1.08352	1.08379	1.08344	1.08349	894	0	0
2024.01.23	18:40:00	1.08348	1.08352	1.08294	1.08300	2021	0	0
2024.01.23	18:45:00	1.08300	1.08301	1.08260	1.08271	1438	0	0
2024.01.23	18:50:00	1.08271	1.08285	1.08264	1.08281	946	0	0
2024.01.23	18:55:00	1.08283	1.08293	1.08254	1.08283	794	0	0
2024.01.23	19:00:00	1.08282	1.08311	1.08241	1.08269	1088	0	1
2024.01.23	19:05:00	1.08270	1.08303	1.08258	1.08303	839	0	1
2024.01.23	19:10:00	1.08299	1.08329	1.08299	1.08318	1064	0	1
2024.01.23	19:15:00	1.08318	1.08320	1.08296	1.08306	546	0	1
2024.01.23	19:20:00	1.08306	1.08319	1.08299	1.08309	739	0	1
2024.01.23	19:25:00	1.08308	1.08357	1.08308	1.08348	927	0	1
2024.01.23	19:30:00	1.08348	1.08354	1.08332	1.08342	660	0	1
2024.01.23	19:35:00	1.08341	1.08343	1.08283	1.08285	1210	0	1
2024.01.23	19:40:00	1.08284	1.08294	1.08272	1.08281	1063	0	1
2024.01.23	19:45:00	1.08281	1.08289	1.08259	1.08266	892	0	1
2024.01.23	19:50:00	1.08265	1.08303	1.08242	1.08301	1188	0	1
2024.01.23	19:55:00	1.08302	1.08338	1.08298	1.08315	1010	0	1
2024.01.23	20:00:00	1.08314	1.08363	1.08302	1.08347	1194	0	1
2024.01.23	20:05:00	1.08346	1.08362	1.08337	1.08354	822	0	1
2024.01.23	20:10:00	1.08355	1.08361	1.08330	1.08354	648	0	1
2024.01.23	20:15:00	1.08352	1.08379	1.08351	1.08369	1014	0	1
2024.01.23	20:20:00	1.08369	1.08386	1.08363	1.08374	842	0	1
2024.01.23	20:25:00	1.08374	1.08393	1.08368	1.08377	783	0	1
2024.01.23	20:30:00	1.08377	1.08394	1.08362	1.08382	777	0	1
2024.01.23	20:35:00	1.08382	1.08384	1.08359	1.08365	576	0	1
2024.01.23	20:40:00	1.08365	1.08381	1.08362	1.08370	519	0	1
2024.01.23	20:45:00	1.08371	1.08371	1.08336	1.08347	668	0	1
2024.01.23	20:50:00	1.08347	1.08370	1.08341	1.08367	603	0	1
2024.01.23	20:55:00	1.08367	1.08385	1.08357	1.08371	757	0	1
2024.01.23	21:00:00	1.08371	1.08380	1.08364	1.08375	501	0	1
2024.01.23	21:05:00	1.08375	1.08375	1.08357	1.08367	352	0	1
2024.01.23	21:10:00	1.08367	1.08392	1.08361	1.08379	640	0	1
2024.01.23	21:15:00	1.08379	1.08394	1.08371	1.08388	559	0	1
2024.01.23	21:20:00	1.08388	1.08389	1.08380	1.08384	330	0	1
2024.01.23	21:25:00	1.08384	1.08413	1.08382	1.08404	458	0	1
2024.01.23	21:30:00	1.08404	1.08427	1.08396	1.08426	733	0	1
2024.01.23	21:35:00	1.08426	1.08448	1.08409	1.08444	860	0	1
2024.01.23	21:40:00	1.08444	1.08478	1.08441	1.08466	854	0	1
2024.01.23	21:45:00	1.08466	1.08468	1.08446	1.08446	707	0	1
2024.01.23	21:50:00	1.08448	1.08455	1.08436	1.08443	424	0	1
2024.01.23	21:55:00	1.08443	1.08467	1.08441	1.08452	662	0	1
2024.01.23	22:00:00	1.08452	1.08455	1.08434	1.08443	333	0	1
2024.01.23	22:05:00	1.08443	1.08474	1.08439	1.08470	412	0	1
2024.01.23	22:10:00	1.08470	1.08489	1.08465	1.08478	628	0	1
2024.01.23	22:15:00	1.08478	1.08491	1.08473	1.08488	529	0	1
2024.01.23	22:20:00	1.08488	1.08489	1.08465	1.08468	437	0	1
2024.01.23	22:25:00	1.08468	1.08469	1.08445	1.08447	371	0	1
2024.01.23	22:30:00	1.08447	1.08453	1.08435	1.08438	463	0	1
2024.01.23	22:35:00	1.08438	1.08447	1.08435	1.08442	193	0	1
2024.01.23	22:40:00	1.08442	1.08459	1.08436	1.08454	336	0	1
2024.01.23	22:45:00	1.08455	1.08473	1.08454	1.08461	255	0	1
2024.01.23	22:50:00	1.08461	1.08472	1.08459	1.08468	462	0	1
2024.01.23	22:55:00	1.08469	1.08500	1.08466	1.08490	639	0	1
2024.01.23	23:00:00	1.08491	1.08498	1.08474	1.08494	415	0	15
2024.01.23	23:05:00	1.08495	1.08502	1.08489	1.08496	258	0	1
2024.01.23	23:10:00	1.08495	1.08528	1.08495	1.08506	278	0	2
2024.01.23	23:15:00	1.08507	1.08511	1.08495	1.08500	137	0	1
2024.01.23	23:20:00	1.08502	1.08531	1.08502	1.08519	205	0	3
2024.01.23	23:25:00	1.08521	1.08543	1.08519	1.08525	322	0	15
2024.01.23	23:30:00	1.08526	1.08536	1.08523	1.08531	134	0	2
2024.01.23	23:35:00	1.08533	1.08555	1.08523	1.08535	495	0	15
2024.01.23	23:40:00	1.08534	1.08538	1.08507	1.08509	235	0	15
2024.01.23	23:45:00	1.08508	1.08532	1.08505	1.08521	288	0	15
2024.01.23	23:50:00	1.08522	1.08527	1.08514	1.08525	140	0	3
2024.01.23	23:55:00	1.08531	1.08543	1.08527	1.08542	101	0	3
2024.01.24	00:00:00	1.08547	1.08547	1.08414	1.08446	10	0	5
2024.01.24	00:05:00	1.08447	1.08483	1.08410	1.08475	74	0	31
2024.01.24	00:10:00	1.08479	1.08500	1.08461	1.08484	38	0	24
2024.01.24	00:15:00	1.08483	1.08509	1.08481	1.08505	173	0	28
2024.01.24	00:20:00	1.08503	1.08527	1.08495	1.08508	307	0	8
2024.01.24	00:25:00	1.08508	1.08527	1.08508	1.08522	258	0	8
2024.01.24	00:30:00	1.08521	1.08538	1.08516	1.08522	144	0	8
2024.01.24	00:35:00	1.08524	1.08538	1.08520	1.08535	594	0	8
2024.01.24	00:40:00	1.08535	1.08543	1.08520	1.08541	461	0	8
2024.01.24	00:45:00	1.08540	1.08543	1.08537	1.08539	161	0	8
2024.01.24	00:50:00	1.08539	1.08545	1.08538	1.08541	92	0	8
2024.01.24	00:55:00	1.08541	1.08545	1.08487	1.08533	281	0	3
2024.01.24	01:00:00	1.08534	1.08568	1.08531	1.08566	260	0	3
2024.01.24	01:05:00	1.08566	1.08582	1.08564	1.08575	196	0	3
2024.01.24	01:10:00	1.08576	1.08582	1.08573	1.08580	88	0	3
2024.01.24	01:15:00	1.08580	1.08590	1.08577	1.08584	154	0	3
2024.01.24	01:20:00	1.08584	1.08586	1.08581	1.08584	123	0	2
2024.01.24	01:25:00	1.08584	1.08585	1.08573	1.08585	102	0	3
2024.01.24	01:30:00	1.08584	1.08593	1.08582	1.08584	99	0	2
2024.01.24	01:35:00	1.08585	1.08592	1.08581	1.08584	78	0	3
2024.01.24	01:40:00	1.08585	1.08586	1.08574	1.08574	66	0	3
2024.01.24	01:45:00	1.08574	1.08576	1.08557	1.08559	135	0	1
2024.01.24	01:50:00	1.08559	1.08571	1.08556	1.08569	93	0	3
2024.01.24	01:55:00	1.08569	1.08575	1.08563	1.08572	181	0	3
2024.01.24	02:00:00	1.08572	1.08577	1.08561	1.08575	303	0	3
2024.01.24	02:05:00	1.08574	1.08585	1.08574	1.08582	271	0	3
2024.01.24	02:10:00	1.08582	1.08593	1.08579	1.08589	214	0	3
2024.01.24	02:15:00	1.08590	1.08593	1.08586	1.08590	228	0	3
2024.01.24	02:20:00	1.08589	1.08600	1.08580	1.08581	201	0	3
2024.01.24	02:25:00	1.08581	1.08581	1.08556	1.08560	286	0	3
2024.01.24	02:30:00	1.08559	1.08565	1.08549	1.08565	166	0	3
2024.01.24	02:35:00	1.08565	1.08573	1.08554	1.08569	174	0	3
2024.01.24	02:40:00	1.08569	1.08572	1.08565	1.08570	164	0	3
2024.01.24	02:45:00	1.08569	1.08577	1.08563	1.08575	143	0	0
2024.01.24	02:50:00	1.08575	1.08587	1.08573	1.08575	264	0	3
2024.01.24	02:55:00	1.08574	1.08580	1.08555	1.08559	359	0	3
2024.01.24	03:00:00	1.08558	1.08560	1.08512	1.08514	562	0	3
2024.01.24	03:05:00	1.08514	1.08529	1.08512	1.08523	205	0	3
2024.01.24	03:10:00	1.08523	1.08564	1.08521	1.08559	338	0	3
2024.01.24	03:15:00	1.08559	1.08577	1.08550	1.08558	486	0	3
2024.01.24	03:20:00	1.08558	1.08566	1.08539	1.08541	423	0	3
2024.01.24	03:25:00	1.08541	1.08569	1.08538	1.08568	365	0	3
2024.01.24	03:30:00	1.08568	1.08593	1.08568	1.08584	529	0	3
2024.01.24	03:35:00	1.08584	1.08590	1.08563	1.08567	418	0	3
2024.01.24	03:40:00	1.08567	1.08590	1.08566	1.08579	470	0	3
2024.01.24	03:45:00	1.08580	1.08591	1.08558	1.08585	323	0	3
2024.01.24	03:50:00	1.08585	1.08591	1.08574	1.08574	340	0	3
2024.01.24	03:55:00	1.08574	1.08584	1.08573	1.08579	297	0	3
2024.01.24	04:00:00	1.08578	1.08583	1.08562	1.08567	345	0	3
2024.01.24	04:05:00	1.08568	1.08580	1.08567	1.08569	306	0	3
2024.01.24	04:10:00	1.08569	1.08569	1.08530	1.08538	491	0	3
2024.01.24	04:15:00	1.08539	1.08549	1.08531	1.08543	318	0	3
2024.01.24	04:20:00	1.08543	1.08555	1.08538	1.08545	309	0	3
2024.01.24	04:25:00	1.08545	1.08567	1.08544	1.08566	340	0	3
2024.01.24	04:30:00	1.08567	1.08573	1.08550	1.08559	275	0	3
2024.01.24	04:35:00	1.08559	1.08566	1.08549	1.08555	263	0	3
2024.01.24	04:40:00	1.08556	1.08561	1.08545	1.08559	260	0	3
2024.01.24	04:45:00	1.08559	1.08571	1.08555	1.08569	199	0	3
2024.01.24	04:50:00	1.08569	1.08576	1.08565	1.08570	123	0	3
2024.01.24	04:55:00	1.08570	1.08574	1.08562	1.08569	260	0	3
2024.01.24	05:00:00	1.08569	1.08579	1.08565	1.08573	288	0	3
2024.01.24	05:05:00	1.08573	1.08576	1.08566	1.08569	229	0	3
2024.01.24	05:10:00	1.08569	1.08599	1.08569	1.08595	296	0	3
2024.01.24	05:15:00	1.08596	1.08611	1.08591	1.08608	351	0	3
2024.01.24	05:20:00	1.08607	1.08610	1.08591	1.08599	197	0	3
2024.01.24	05:25:00	1.08599	1.08607	1.08592	1.08603	206	0	3
2024.01.24	05:30:00	1.08603	1.08611	1.08599	1.08609	209	0	3
2024.01.24	05:35:00	1.08610	1.08613	1.08595	1.08599	164	0	3
2024.01.24	05:40:00	1.08599	1.08605	1.08589	1.08603	248	0	3
2024.01.24	05:45:00	1.08603	1.08615	1.08602	1.08609	285	0	3
2024.01.24	05:50:00	1.08609	1.08615	1.08598	1.08603	237	0	3
2024.01.24	05:55:00	1.08603	1.08605	1.08586	1.08589	346	0	3
2024.01.24	06:00:00	1.08589	1.08606	1.08587	1.08594	253	0	0
2024.01.24	06:05:00	1.08594	1.08600	1.08587	1.08595	139	0	3
2024.01.24	06:10:00	1.08595	1.08597	1.08578	1.08589	195	0	3
2024.01.24	06:15:00	1.08589	1.08592	1.08583	1.08592	89	0	0
2024.01.24	06:20:00	1.08592	1.08599	1.08585	1.08594	160	0	3
2024.01.24	06:25:00	1.08595	1.08595	1.08583	1.08591	167	0	3
2024.01.24	06:30:00	1.08591	1.08605	1.08590	1.08602	117	0	3
2024.01.24	06:35:00	1.08601	1.08619	1.08600	1.08613	255	0	3
2024.01.24	06:40:00	1.08613	1.08657	1.08611	1.08651	535	0	3
2024.01.24	06:45:00	1.08653	1.08656	1.08631	1.08651	560	0	3
2024.01.24	06:50:00	1.08652	1.08662	1.08637	1.08644	304	0	3
2024.01.24	06:55:00	1.08644	1.08644	1.08636	1.08641	120	0	3
2024.01.24	07:00:00	1.08641	1.08644	1.08615	1.08618	440	0	3
2024.01.24	07:05:00	1.08617	1.08620	1.08604	1.08608	348	0	3
2024.01.24	07:10:00	1.08608	1.08625	1.08602	1.08623	230	0	3
2024.01.24	07:15:00	1.08623	1.08624	1.08600	1.08602	241	0	3
2024.01.24	07:20:00	1.08602	1.08613	1.08590	1.08593	369	0	3
2024.01.24	07:25:00	1.08595	1.08610	1.08591	1.08605	219	0	3
2024.01.24	07:30:00	1.08605	1.08627	1.08601	1.08624	324	0	3
2024.01.24	07:35:00	1.08624	1.08626	1.08612	1.08619	304	0	3
2024.01.24	07:40:00	1.08620	1.08633	1.08620	1.08628	241	0	3
2024.01.24	07:45:00	1.08629	1.08635	1.08621	1.08634	274	0	3
2024.01.24	07:50:00	1.08634	1.08642	1.08628	1.08633	242	0	3
2024.01.24	07:55:00	1.08634	1.08641	1.08612	1.08616	632	0	3
2024.01.24	08:00:00	1.08617	1.08625	1.08605	1.08623	549	0	3
2024.01.24	08:05:00	1.08624	1.08641	1.08623	1.08637	428	0	3
2024.01.24	08:10:00	1.08637	1.08648	1.08630	1.08638	417	0	3
2024.01.24	08:15:00	1.08638	1.08643	1.08624	1.08631	281	0	3
2024.01.24	08:20:00	1.08631	1.08636	1.08623	1.08633	219	0	3
2024.01.24	08:25:00	1.08633	1.08646	1.08631	1.08644	276	0	3
2024.01.24	08:30:00	1.08645	1.08652	1.08632	1.08635	467	0	1
2024.01.24	08:35:00	1.08635	1.08661	1.08627	1.08657	465	0	1
2024.01.24	08:40:00	1.08655	1.08661	1.08644	1.08661	536	0	1
2024.01.24	08:45:00	1.08661	1.08666	1.08650	1.08655	407	0	1
2024.01.24	08:50:00	1.08655	1.08666	1.08647	1.08655	455	0	1
2024.01.24	08:55:00	1.08654	1.08655	1.08622	1.08633	573	0	1
2024.01.24	09:00:00	1.08632	1.08658	1.08602	1.08655	1204	0	1
2024.01.24	09:05:00	1.08656	1.08696	1.08654	1.08674	1088	0	1
2024.01.24	09:10:00	1.08673	1.08689	1.08662	1.08686	704	0	1
2024.01.24	09:15:00	1.08686	1.08691	1.08673	1.08683	619	0	1
2024.01.24	09:20:00	1.08682	1.08696	1.08663	1.08689	702	0	1
2024.01.24	09:25:00	1.08689	1.08701	1.08680	1.08696	633	0	1
2024.01.24	09:30:00	1.08697	1.08741	1.08696	1.08726	396	0	0
2024.01.24	09:35:00	1.08727	1.08760	1.08722	1.08745	705	0	0
2024.01.24	09:40:00	1.08743	1.08792	1.08738	1.08789	813	0	0
2024.01.24	09:45:00	1.08789	1.08795	1.08762	1.08774	663	0	0
2024.01.24	09:50:00	1.08775	1.08775	1.08698	1.08723	828	0	0
2024.01.24	09:55:00	1.08723	1.08759	1.08715	1.08734	970	0	0
2024.01.24	10:00:00	1.08735	1.08794	1.08735	1.08778	1406	0	0
2024.01.24	10:05:00	1.08779	1.08788	1.08755	1.08759	1077	0	0
2024.01.24	10:10:00	1.08758	1.08789	1.08742	1.08782	813	0	0
2024.01.24	10:15:00	1.08781	1.08787	1.08707	1.08714	1860	0	0
2024.01.24	10:20:00	1.08714	1.08730	1.08688	1.08720	967	0	0
2024.01.24	10:25:00	1.08719	1.08740	1.08696	1.08736	670	0	0
2024.01.24	10:30:00	1.08737	1.08804	1.08626	1.08730	2129	0	0
2024.01.24	10:35:00	1.08731	1.08731	1.08659	1.08670	1023	0	0
2024.01.24	10:40:00	1.08670	1.08710	1.08648	1.08699	960	0	0
2024.01.24	10:45:00	1.08699	1.08720	1.08688	1.08696	721	0	0
2024.01.24	10:50:00	1.08696	1.08716	1.08684	1.08693	804	0	0
2024.01.24	10:55:00	1.08694	1.08712	1.08674	1.08700	629	0	0
2024.01.24	11:00:00	1.08700	1.08771	1.08697	1.08762	906	0	0
2024.01.24	11:05:00	1.08762	1.08848	1.08761	1.08832	1017	0	0
2024.01.24	11:10:00	1.08831	1.08854	1.08815	1.08845	880	0	0
2024.01.24	11:15:00	1.08845	1.08896	1.08844	1.08890	743	0	0
2024.01.24	11:20:00	1.08890	1.08920	1.08886	1.08904	871	0	0
2024.01.24	11:25:00	1.08903	1.08904	1.08873	1.08879	673	0	0
2024.01.24	11:30:00	1.08881	1.08987	1.08880	1.08978	1736	0	0
2024.01.24	11:35:00	1.08978	1.09078	1.08958	1.09068	1384	0	0
2024.01.24	11:40:00	1.09069	1.09070	1.09007	1.09028	1760	0	0
2024.01.24	11:45:00	1.09028	1.09047	1.09018	1.09043	872	0	0
2024.01.24	11:50:00	1.09043	1.09070	1.09023	1.09039	776	0	0
2024.01.24	11:55:00	1.09039	1.09068	1.09024	1.09028	729	0	0
2024.01.24	12:00:00	1.09027	1.09047	1.09007	1.09036	888	0	0
2024.01.24	12:05:00	1.09036	1.09049	1.09023	1.09029	709	0	0
2024.01.24	12:10:00	1.09030	1.09040	1.09007	1.09008	614	0	0
2024.01.24	12:15:00	1.09010	1.09021	1.08977	1.08981	894	0	0
2024.01.24	12:20:00	1.08981	1.09009	1.08971	1.08981	817	0	0
2024.01.24	12:25:00	1.08981	1.08992	1.08956	1.08967	871	0	0
2024.01.24	12:30:00	1.08968	1.08987	1.08931	1.08950	777	0	0
2024.01.24	12:35:00	1.08950	1.08965	1.08936	1.08951	573	0	0
2024.01.24	12:40:00	1.08951	1.08983	1.08947	1.08973	498	0	0
2024.01.24	12:45:00	1.08973	1.09002	1.08969	1.08998	409	0	0
2024.01.24	12:50:00	1.08999	1.09000	1.08967	1.08969	442	0	0
2024.01.24	12:55:00	1.08969	1.08996	1.08943	1.08979	854	0	0
2024.01.24	13:00:00	1.08979	1.09007	1.08969	1.08981	511	0	0
2024.01.24	13:05:00	1.08980	1.08984	1.08943	1.08944	615	0	0
2024.01.24	13:10:00	1.08944	1.08965	1.08943	1.08948	576	0	0
2024.01.24	13:15:00	1.08948	1.08970	1.08939	1.08963	380	0	0
2024.01.24	13:20:00	1.08963	1.08973	1.08940	1.08943	353	0	0
2024.01.24	13:25:00	1.08943	1.08971	1.08940	1.08965	495	0	0
2024.01.24	13:30:00	1.08965	1.08968	1.08910	1.08928	718	0	0
2024.01.24	13:35:00	1.08929	1.08974	1.08929	1.08949	520	0	0
2024.01.24	13:40:00	1.08949	1.09010	1.08948	1.09009	535	0	0
2024.01.24	13:45:00	1.09009	1.09016	1.08964	1.08973	974	0	0
2024.01.24	13:50:00	1.08973	1.08984	1.08961	1.08969	431	0	0
2024.01.24	13:55:00	1.08969	1.08971	1.08918	1.08927	709	0	0
2024.01.24	14:00:00	1.08928	1.08955	1.08911	1.08939	771	0	0
2024.01.24	14:05:00	1.08938	1.08939	1.08894	1.08902	970	0	0
2024.01.24	14:10:00	1.08903	1.08935	1.08898	1.08927	676	0	0
2024.01.24	14:15:00	1.08927	1.08951	1.08905	1.08934	829	0	0
2024.01.24	14:20:00	1.08932	1.08951	1.08918	1.08939	646	0	0
2024.01.24	14:25:00	1.08939	1.08941	1.08873	1.08880	1029	0	0
2024.01.24	14:30:00	1.08879	1.08900	1.08874	1.08899	745	0	0
2024.01.24	14:35:00	1.08898	1.08963	1.08897	1.08956	731	0	0
2024.01.24	14:40:00	1.08956	1.08976	1.08946	1.08951	812	0	0
2024.01.24	14:45:00	1.08949	1.08994	1.08949	1.08954	871	0	0
2024.01.24	14:50:00	1.08954	1.08959	1.08936	1.08940	659	0	0
2024.01.24	14:55:00	1.08940	1.08977	1.08934	1.08950	1049	0	0
2024.01.24	15:00:00	1.08948	1.09041	1.08936	1.09013	1362	0	0
2024.01.24	15:05:00	1.09014	1.09052	1.09014	1.09045	1310	0	0
2024.01.24	15:10:00	1.09045	1.09066	1.09032	1.09060	1171	0	0
2024.01.24	15:15:00	1.09059	1.09077	1.09038	1.09063	1221	0	0
2024.01.24	15:20:00	1.09062	1.09098	1.09035	1.09090	1416	0	0
2024.01.24	15:25:00	1.09090	1.09137	1.09062	1.09117	1597	0	0
2024.01.24	15:30:00	1.09118	1.09179	1.09102	1.09159	1853	0	0
2024.01.24	15:35:00	1.09159	1.09165	1.09099	1.09123	1522	0	0
2024.01.24	15:40:00	1.09123	1.09129	1.09083	1.09089	1166	0	0
2024.01.24	15:45:00	1.09085	1.09176	1.09083	1.09168	1197	0	0
2024.01.24	15:50:00	1.09168	1.09248	1.09168	1.09242	1478	0	0
2024.01.24	15:55:00	1.09242	1.09274	1.09215	1.09249	1574	0	0
2024.01.24	16:00:00	1.09249	1.09249	1.09207	1.09209	1712	0	0
2024.01.24	16:05:00	1.09208	1.09229	1.09188	1.09219	1519	0	0
2024.01.24	16:10:00	1.09219	1.09250	1.09201	1.09238	875	0	0
2024.01.24	16:15:00	1.09238	1.09279	1.09235	1.09277	1127	0	0
2024.01.24	16:20:00	1.09277	1.09295	1.09257	1.09270	1131	0	0
2024.01.24	16:25:00	1.09270	1.09319	1.09267	1.09313	971	0	0
2024.01.24	16:30:00	1.09313	1.09325	1.09267	1.09282	1776	0	0
2024.01.24	16:35:00	1.09283	1.09296	1.09235	1.09250	1893	0	0
2024.01.24	16:40:00	1.09248	1.09283	1.09241	1.09262	1453	0	0
2024.01.24	16:45:00	1.09262	1.09263	1.09051	1.09073	5884	0	0
2024.01.24	16:50:00	1.09074	1.09147	1.09031	1.09110	3653	0	0
2024.01.24	16:55:00	1.09111	1.09116	1.09015	1.09035	2698	0	0
2024.01.24	17:00:00	1.09036	1.09057	1.08959	1.08991	2721	0	0
2024.01.24	17:05:00	1.08991	1.09035	1.08959	1.09005	2187	0	0
2024.01.24	17:10:00	1.09003	1.09031	1.08961	1.09024	1764	0	0
2024.01.24	17:15:00	1.09025	1.09054	1.09010	1.09039	1793	0	0
2024.01.24	17:20:00	1.09038	1.09056	1.09003	1.09053	1695	0	0
2024.01.24	17:25:00	1.09054	1.09077	1.09024	1.09065	1499	0	0
2024.01.24	17:30:00	1.09064	1.09066	1.09011	1.09028	1551	0	0
2024.01.24	17:35:00	1.09028	1.09030	1.08960	1.08985	1722	0	0
2024.01.24	17:40:00	1.08986	1.09045	1.08954	1.09033	1777	0	0
2024.01.24	17:45:00	1.09033	1.09046	1.08966	1.09013	1821	0	0
2024.01.24	17:50:00	1.09013	1.09023	1.08930	1.08942	2022	0	0
2024.01.24	17:55:00	1.08943	1.09020	1.08932	1.09006	1606	0	0
2024.01.24	18:00:00	1.09007	1.09020	1.08989	1.08996	1659	0	0
2024.01.24	18:05:00	1.08996	1.08997	1.08912	1.08935	1621	0	0
2024.01.24	18:10:00	1.08933	1.08955	1.08903	1.08926	1667	0	0
2024.01.24	18:15:00	1.08926	1.08997	1.08918	1.08992	1791	0	0
2024.01.24	18:20:00	1.08991	1.09004	1.08951	1.08977	1388	0	0
2024.01.24	18:25:00	1.08976	1.09050	1.08971	1.09024	1495	0	0
2024.01.24	18:30:00	1.09024	1.09055	1.09009	1.09042	1722	0	0
2024.01.24	18:35:00	1.09041	1.09044	1.09024	1.09036	1379	0	0
2024.01.24	18:40:00	1.09037	1.09043	1.08976	1.08982	998	0	0
2024.01.24	18:45:00	1.08980	1.08987	1.08944	1.08948	1190	0	0
2024.01.24	18:50:00	1.08951	1.09018	1.08945	1.09015	954	0	0
2024.01.24	18:55:00	1.09013	1.09023	1.08991	1.09005	739	0	0
2024.01.24	19:00:00	1.09004	1.09021	1.08979	1.09000	955	0	1
2024.01.24	19:05:00	1.09000	1.09000	1.08952	1.08991	869	0	1
2024.01.24	19:10:00	1.08991	1.09005	1.08960	1.08978	957	0	1
2024.01.24	19:15:00	1.08977	1.08984	1.08953	1.08959	900	0	1
2024.01.24	19:20:00	1.08959	1.09015	1.08957	1.09012	881	0	1
2024.01.24	19:25:00	1.09012	1.09025	1.08999	1.09021	823	0	1
2024.01.24	19:30:00	1.09020	1.09045	1.09010	1.09040	865	0	1
2024.01.24	19:35:00	1.09041	1.09046	1.09008	1.09015	572	0	1
2024.01.24	19:40:00	1.09015	1.09032	1.09013	1.09024	394	0	1
2024.01.24	19:45:00	1.09025	1.09046	1.09010	1.09045	708	0	1
2024.01.24	19:50:00	1.09045	1.09060	1.09038	1.09055	676	0	1
2024.01.24	19:55:00	1.09055	1.09088	1.09044	1.09052	983	0	1
2024.01.24	20:00:00	1.09053	1.09061	1.08966	1.08980	1878	0	1
2024.01.24	20:05:00	1.08980	1.08993	1.08963	1.08985	1407	0	1
2024.01.24	20:10:00	1.08984	1.08997	1.08936	1.08936	1151	0	1
2024.01.24	20:15:00	1.08936	1.08957	1.08931	1.08950	1260	0	1
2024.01.24	20:20:00	1.08950	1.08962	1.08903	1.08921	1162	0	1
2024.01.24	20:25:00	1.08921	1.08992	1.08910	1.08951	1256	0	1
2024.01.24	20:30:00	1.08951	1.08966	1.08936	1.08962	957	0	1
2024.01.24	20:35:00	1.08961	1.08977	1.08919	1.08920	941	0	1
2024.01.24	20:40:00	1.08919	1.08930	1.08906	1.08909	1046	0	1
2024.01.24	20:45:00	1.08909	1.08927	1.08902	1.08912	888	0	1
2024.01.24	20:50:00	1.08911	1.08930	1.08907	1.08925	718	0	1
2024.01.24	20:55:00	1.08925	1.08943	1.08921	1.08927	688	0	1
2024.01.24	21:00:00	1.08926	1.08933	1.08899	1.08902	687	0	1
2024.01.24	21:05:00	1.08902	1.08911	1.08886	1.08892	704	0	1
2024.01.24	21:10:00	1.08892	1.08902	1.08867	1.08872	720	0	1
2024.01.24	21:15:00	1.08872	1.08880	1.08851	1.08853	836	0	1
2024.01.24	21:20:00	1.08853	1.08860	1.08812	1.08821	1267	0	1
2024.01.24	21:25:00	1.08821	1.08869	1.08818	1.08861	1221	0	1
2024.01.24	21:30:00	1.08861	1.08882	1.08857	1.08868	832	0	1
2024.01.24	21:35:00	1.08869	1.08878	1.08848	1.08865	722	0	1
2024.01.24	21:40:00	1.08866	1.08888	1.08836	1.08886	789	0	1
2024.01.24	21:45:00	1.08886	1.08896	1.08876	1.08894	483	0	1
2024.01.24	21:50:00	1.08894	1.08906	1.08882	1.08889	621	0	1
2024.01.24	21:55:00	1.08889	1.08889	1.08867	1.08884	826	0	1
2024.01.24	22:00:00	1.08885	1.08886	1.08870	1.08884	653	0	1
2024.01.24	22:05:00	1.08884	1.08906	1.08883	1.08896	534	0	1
2024.01.24	22:10:00	1.08896	1.08901	1.08869	1.08870	685	0	1
2024.01.24	22:15:00	1.08870	1.08870	1.08836	1.08852	799	0	1
2024.01.24	22:20:00	1.08852	1.08856	1.08833	1.08847	741	0	1
2024.01.24	22:25:00	1.08847	1.08859	1.08839	1.08844	561	0	1
2024.01.24	22:30:00	1.08844	1.08851	1.08833	1.08844	436	0	1
2024.01.24	22:35:00	1.08844	1.08852	1.08836	1.08844	414	0	1
2024.01.24	22:40:00	1.08843	1.08867	1.08843	1.08859	488	0	1
2024.01.24	22:45:00	1.08857	1.08857	1.08832	1.08840	521	0	1
2024.01.24	22:50:00	1.08838	1.08840	1.08812	1.08821	714	0	1
2024.01.24	22:55:00	1.08822	1.08835	1.08790	1.08794	840	0	1
2024.01.24	23:00:00	1.08793	1.08801	1.08773	1.08781	462	0	15
2024.01.24	23:05:00	1.08784	1.08789	1.08769	1.08787	368	0	15
2024.01.24	23:10:00	1.08786	1.08794	1.08777	1.08786	273	0	15
2024.01.24	23:15:00	1.08784	1.08787	1.08778	1.08786	199	0	15
2024.01.24	23:20:00	1.08784	1.08810	1.08780	1.08807	193	0	2
2024.01.24	23:25:00	1.08807	1.08812	1.08796	1.08812	267	0	15
2024.01.24	23:30:00	1.08811	1.08820	1.08806	1.08816	153	0	3
2024.01.24	23:35:00	1.08815	1.08828	1.08814	1.08823	128	0	2
2024.01.24	23:40:00	1.08822	1.08833	1.08812	1.08827	202	0	3
2024.01.24	23:45:00	1.08827	1.08839	1.08825	1.08833	116	0	2
2024.01.24	23:50:00	1.08832	1.08843	1.08831	1.08839	129	0	2
2024.01.24	23:55:00	1.08849	1.08851	1.08834	1.08840	101	0	0
2024.01.25	00:00:00	1.08840	1.08840	1.08810	1.08823	12	0	16
2024.01.25	00:05:00	1.08818	1.08837	1.08793	1.08794	28	0	17
2024.01.25	00:10:00	1.08823	1.08831	1.08793	1.08829	36	0	18
2024.01.25	00:15:00	1.08829	1.08855	1.08824	1.08833	178	0	3
2024.01.25	00:20:00	1.08833	1.08856	1.08829	1.08831	161	0	8
2024.01.25	00:25:00	1.08834	1.08841	1.08827	1.08837	239	0	36
2024.01.25	00:30:00	1.08838	1.08862	1.08837	1.08862	202	0	8
2024.01.25	00:35:00	1.08862	1.08862	1.08857	1.08860	209	0	8
2024.01.25	00:40:00	1.08860	1.08862	1.08858	1.08858	51	0	8
2024.01.25	00:45:00	1.08858	1.08862	1.08846	1.08848	240	0	8
2024.01.25	00:50:00	1.08860	1.08863	1.08847	1.08860	56	0	8
2024.01.25	00:55:00	1.08860	1.08861	1.08835	1.08854	100	0	3
2024.01.25	01:00:00	1.08854	1.08865	1.08848	1.08854	244	0	3
2024.01.25	01:05:00	1.08854	1.08860	1.08846	1.08847	83	0	3
2024.01.25	01:10:00	1.08847	1.08862	1.08847	1.08855	93	0	3
2024.01.25	01:15:00	1.08856	1.08859	1.08848	1.08852	157	0	3
2024.01.25	01:20:00	1.08851	1.08861	1.08847	1.08852	269	0	3
2024.01.25	01:25:00	1.08852	1.08854	1.08839	1.08841	223	0	3
2024.01.25	01:30:00	1.08841	1.08841	1.08819	1.08828	135	0	3
2024.01.25	01:35:00	1.08827	1.08830	1.08824	1.08826	90	0	3
2024.01.25	01:40:00	1.08826	1.08829	1.08819	1.08821	67	0	3
2024.01.25	01:45:00	1.08821	1.08824	1.08815	1.08819	61	0	3
2024.01.25	01:50:00	1.08819	1.08822	1.08813	1.08816	88	0	3
2024.01.25	01:55:00	1.08816	1.08818	1.08810	1.08811	70	0	2
2024.01.25	02:00:00	1.08811	1.08814	1.08790	1.08794	349	0	3
2024.01.25	02:05:00	1.08794	1.08794	1.08769	1.08770	440	0	3
2024.01.25	02:10:00	1.08769	1.08772	1.08749	1.08752	316	0	3
2024.01.25	02:15:00	1.08752	1.08759	1.08741	1.08742	407	0	3
2024.01.25	02:20:00	1.08742	1.08748	1.08730	1.08735	358	0	3
2024.01.25	02:25:00	1.08735	1.08738	1.08724	1.08736	443	0	3
2024.01.25	02:30:00	1.08736	1.08757	1.08732	1.08756	393	0	3
2024.01.25	02:35:00	1.08756	1.08766	1.08749	1.08750	337	0	3
2024.01.25	02:40:00	1.08749	1.08756	1.08739	1.08751	373	0	3
2024.01.25	02:45:00	1.08750	1.08765	1.08750	1.08760	222	0	3
2024.01.25	02:50:00	1.08761	1.08770	1.08751	1.08765	408	0	3
2024.01.25	02:55:00	1.08765	1.08769	1.08720	1.08741	543	0	3
2024.01.25	03:00:00	1.08740	1.08743	1.08700	1.08706	645	0	3
2024.01.25	03:05:00	1.08708	1.08727	1.08701	1.08718	400	0	3
2024.01.25	03:10:00	1.08717	1.08725	1.08711	1.08722	350	0	3
2024.01.25	03:15:00	1.08722	1.08724	1.08711	1.08721	496	0	3
2024.01.25	03:20:00	1.08720	1.08725	1.08708	1.08714	361	0	3
2024.01.25	03:25:00	1.08713	1.08733	1.08712	1.08728	339	0	3
2024.01.25	03:30:00	1.08728	1.08758	1.08719	1.08754	654	0	3
2024.01.25	03:35:00	1.08753	1.08760	1.08740	1.08744	481	0	3
2024.01.25	03:40:00	1.08745	1.08770	1.08745	1.08758	370	0	3
2024.01.25	03:45:00	1.08758	1.08765	1.08747	1.08754	442	0	3
2024.01.25	03:50:00	1.08754	1.08770	1.08749	1.08764	354	0	3
2024.01.25	03:55:00	1.08763	1.08788	1.08763	1.08775	573	0	3
2024.01.25	04:00:00	1.08775	1.08783	1.08751	1.08768	393	0	3
2024.01.25	04:05:00	1.08768	1.08796	1.08768	1.08782	517	0	3
2024.01.25	04:10:00	1.08781	1.08795	1.08780	1.08784	292	0	3
2024.01.25	04:15:00	1.08784	1.08789	1.08765	1.08779	366	0	3
2024.01.25	04:20:00	1.08779	1.08783	1.08767	1.08781	271	0	3
2024.01.25	04:25:00	1.08781	1.08794	1.08776	1.08791	197	0	3
2024.01.25	04:30:00	1.08791	1.08801	1.08776	1.08793	371	0	3
2024.01.25	04:35:00	1.08793	1.08800	1.08766	1.08768	307	0	3
2024.01.25	04:40:00	1.08768	1.08776	1.08760	1.08763	311	0	3
2024.01.25	04:45:00	1.08761	1.08767	1.08752	1.08761	436	0	3
2024.01.25	04:50:00	1.08761	1.08764	1.08748	1.08763	294	0	3
2024.01.25	04:55:00	1.08764	1.08775	1.08762	1.08772	312	0	3
2024.01.25	05:00:00	1.08773	1.08805	1.08771	1.08803	279	0	3
2024.01.25	05:05:00	1.08803	1.08820	1.08799	1.08802	558	0	3
2024.01.25	05:10:00	1.08802	1.08813	1.08797	1.08798	244	0	3
2024.01.25	05:15:00	1.08797	1.08800	1.08787	1.08799	196	0	3
2024.01.25	05:20:00	1.08798	1.08801	1.08792	1.08793	124	0	3
2024.01.25	05:25:00	1.08793	1.08801	1.08788	1.08793	211	0	3
2024.01.25	05:30:00	1.08794	1.08800	1.08782	1.08783	286	0	3
2024.01.25	05:35:00	1.08783	1.08796	1.08772	1.08789	211	0	3
2024.01.25	05:40:00	1.08789	1.08801	1.08782	1.08788	239	0	3
2024.01.25	05:45:00	1.08788	1.08798	1.08783	1.08788	166	0	3
2024.01.25	05:50:00	1.08788	1.08793	1.08781	1.08793	123	0	0
2024.01.25	05:55:00	1.08792	1.08796	1.08776	1.08777	200	0	3
2024.01.25	06:00:00	1.08780	1.08789	1.08770	1.08788	205	0	3
2024.01.25	06:05:00	1.08787	1.08788	1.08776	1.08783	141	0	3
2024.01.25	06:10:00	1.08783	1.08804	1.08782	1.08804	146	0	3
2024.01.25	06:15:00	1.08806	1.08808	1.08796	1.08802	184	0	3
2024.01.25	06:20:00	1.08802	1.08815	1.08798	1.08803	172	0	3
2024.01.25	06:25:00	1.08804	1.08805	1.08799	1.08802	75	0	3
2024.01.25	06:30:00	1.08802	1.08802	1.08779	1.08788	227	0	3
2024.01.25	06:35:00	1.08788	1.08790	1.08771	1.08777	243	0	3
2024.01.25	06:40:00	1.08777	1.08778	1.08765	1.08773	202	0	3
2024.01.25	06:45:00	1.08772	1.08772	1.08757	1.08758	186	0	3
2024.01.25	06:50:00	1.08758	1.08765	1.08742	1.08749	361	0	3
2024.01.25	06:55:00	1.08749	1.08760	1.08747	1.08754	190	0	3
2024.01.25	07:00:00	1.08754	1.08764	1.08748	1.08749	184	0	3
2024.01.25	07:05:00	1.08750	1.08762	1.08746	1.08758	191	0	3
2024.01.25	07:10:00	1.08758	1.08760	1.08750	1.08758	221	0	3
2024.01.25	07:15:00	1.08758	1.08770	1.08756	1.08762	199	0	3
2024.01.25	07:20:00	1.08762	1.08775	1.08751	1.08769	245	0	3
2024.01.25	07:25:00	1.08769	1.08781	1.08768	1.08777	280	0	3
2024.01.25	07:30:00	1.08776	1.08780	1.08765	1.08777	355	0	3
2024.01.25	07:35:00	1.08777	1.08780	1.08769	1.08773	247	0	3
2024.01.25	07:40:00	1.08773	1.08791	1.08772	1.08783	196	0	3
2024.01.25	07:45:00	1.08783	1.08786	1.08771	1.08778	165	0	3
2024.01.25	07:50:00	1.08778	1.08782	1.08767	1.08773	242	0	3
2024.01.25	07:55:00	1.08773	1.08783	1.08753	1.08782	333	0	3
2024.01.25	08:00:00	1.08782	1.08801	1.08780	1.08794	351	0	3
2024.01.25	08:05:00	1.08792	1.08800	1.08772	1.08777	264	0	3
2024.01.25	08:10:00	1.08776	1.08796	1.08753	1.08793	510	0	3
2024.01.25	08:15:00	1.08794	1.08796	1.08780	1.08789	301	0	3
2024.01.25	08:20:00	1.08789	1.08801	1.08785	1.08795	283	0	3
2024.01.25	08:25:00	1.08795	1.08819	1.08793	1.08818	500	0	1
2024.01.25	08:30:00	1.08816	1.08851	1.08813	1.08847	669	0	1
2024.01.25	08:35:00	1.08847	1.08868	1.08843	1.08860	607	0	1
2024.01.25	08:40:00	1.08861	1.08866	1.08848	1.08852	466	0	1
2024.01.25	08:45:00	1.08854	1.08866	1.08839	1.08844	502	0	1
2024.01.25	08:50:00	1.08844	1.08849	1.08827	1.08848	483	0	1
2024.01.25	08:55:00	1.08848	1.08866	1.08847	1.08859	559	0	1
2024.01.25	09:00:00	1.08858	1.08873	1.08850	1.08864	799	0	1
2024.01.25	09:05:00	1.08863	1.08882	1.08861	1.08878	671	0	1
2024.01.25	09:10:00	1.08878	1.08900	1.08867	1.08894	695	0	1
2024.01.25	09:15:00	1.08892	1.08915	1.08880	1.08887	692	0	1
2024.01.25	09:20:00	1.08887	1.08899	1.08871	1.08872	694	0	1
2024.01.25	09:25:00	1.08874	1.08900	1.08868	1.08894	673	0	1
2024.01.25	09:30:00	1.08895	1.08896	1.08853	1.08860	617	0	0
2024.01.25	09:35:00	1.08860	1.08865	1.08844	1.08858	527	0	0
2024.01.25	09:40:00	1.08857	1.08874	1.08841	1.08868	547	0	0
2024.01.25	09:45:00	1.08868	1.08881	1.08859	1.08866	405	0	0
2024.01.25	09:50:00	1.08866	1.08889	1.08866	1.08888	350	0	0
2024.01.25	09:55:00	1.08888	1.08905	1.08858	1.08878	824	0	0
2024.01.25	10:00:00	1.08877	1.08898	1.08843	1.08857	918	0	0
2024.01.25	10:05:00	1.08857	1.08917	1.08852	1.08902	873	0	0
2024.01.25	10:10:00	1.08902	1.08907	1.08863	1.08878	712	0	0
2024.01.25	10:15:00	1.08878	1.08893	1.08830	1.08834	855	0	0
2024.01.25	10:20:00	1.08835	1.08890	1.08830	1.08874	809	0	0
2024.01.25	10:25:00	1.08874	1.08914	1.08865	1.08911	594	0	0
2024.01.25	10:30:00	1.08911	1.08950	1.08901	1.08934	746	0	0
2024.01.25	10:35:00	1.08933	1.08974	1.08924	1.08955	613	0	0
2024.01.25	10:40:00	1.08954	1.08959	1.08935	1.08954	680	0	0
2024.01.25	10:45:00	1.08954	1.08959	1.08924	1.08956	657	0	0
2024.01.25	10:50:00	1.08956	1.08981	1.08938	1.08980	601	0	0
2024.01.25	10:55:00	1.08980	1.08997	1.08967	1.08993	627	0	0
2024.01.25	11:00:00	1.08993	1.08998	1.08947	1.08974	1105	0	0
2024.01.25	11:05:00	1.08974	1.08983	1.08930	1.08944	796	0	0
2024.01.25	11:10:00	1.08944	1.08960	1.08931	1.08932	614	0	0
2024.01.25	11:15:00	1.08932	1.08971	1.08926	1.08968	581	0	0
2024.01.25	11:20:00	1.08967	1.08993	1.08960	1.08963	608	0	0
2024.01.25	11:25:00	1.08963	1.08969	1.08926	1.08933	499	0	0
2024.01.25	11:30:00	1.08933	1.08939	1.08918	1.08928	516	0	0
2024.01.25	11:35:00	1.08930	1.08973	1.08921	1.08968	788	0	0
2024.01.25	11:40:00	1.08968	1.08978	1.08938	1.08942	612	0	0
2024.01.25	11:45:00	1.08942	1.08961	1.08932	1.08947	710	0	0
2024.01.25	11:50:00	1.08947	1.08967	1.08942	1.08967	490	0	0
2024.01.25	11:55:00	1.08966	1.08991	1.08958	1.08959	549	0	0
2024.01.25	12:00:00	1.08959	1.08986	1.08945	1.08984	695	0	0
2024.01.25	12:05:00	1.08984	1.08985	1.08951	1.08968	753	0	0
2024.01.25	12:10:00	1.08968	1.08983	1.08954	1.08978	562	0	0
2024.01.25	12:15:00	1.08977	1.08988	1.08942	1.08952	481	0	0
2024.01.25	12:20:00	1.08952	1.08952	1.08928	1.08944	432	0	0
2024.01.25	12:25:00	1.08944	1.08963	1.08940	1.08952	589	0	0
2024.01.25	12:30:00	1.08952	1.08961	1.08919	1.08937	584	0	0
2024.01.25	12:35:00	1.08938	1.08960	1.08929	1.08959	491	0	0
2024.01.25	12:40:00	1.08960	1.08981	1.08956	1.08968	379	0	0
2024.01.25	12:45:00	1.08968	1.08974	1.08932	1.08938	448	0	0
2024.01.25	12:50:00	1.08938	1.08942	1.08923	1.08926	571	0	0
2024.01.25	12:55:00	1.08926	1.08942	1.08920	1.08931	397	0	0
2024.01.25	13:00:00	1.08931	1.08940	1.08910	1.08918	542	0	0
2024.01.25	13:05:00	1.08918	1.08932	1.08910	1.08927	450	0	0
2024.01.25	13:10:00	1.08927	1.08928	1.08899	1.08903	450	0	0
2024.01.25	13:15:00	1.08904	1.08911	1.08893	1.08897	509	0	0
2024.01.25	13:20:00	1.08897	1.08908	1.08895	1.08905	358	0	0
2024.01.25	13:25:00	1.08905	1.08906	1.08880	1.08887	375	0	0
2024.01.25	13:30:00	1.08887	1.08889	1.08868	1.08882	609	0	0
2024.01.25	13:35:00	1.08882	1.08890	1.08866	1.08873	446	0	0
2024.01.25	13:40:00	1.08873	1.08905	1.08873	1.08904	443	0	0
2024.01.25	13:45:00	1.08905	1.08927	1.08900	1.08926	395	0	0
2024.01.25	13:50:00	1.08926	1.08947	1.08914	1.08943	407	0	0
2024.01.25	13:55:00	1.08943	1.08953	1.08930	1.08949	304	0	0
2024.01.25	14:00:00	1.08949	1.08959	1.08924	1.08939	862	0	0
2024.01.25	14:05:00	1.08939	1.08952	1.08907	1.08909	739	0	0
2024.01.25	14:10:00	1.08909	1.08926	1.08904	1.08905	536	0	0
2024.01.25	14:15:00	1.08905	1.08911	1.08888	1.08898	576	0	0
2024.01.25	14:20:00	1.08898	1.08910	1.08880	1.08880	479	0	0
2024.01.25	14:25:00	1.08879	1.08888	1.08859	1.08885	792	0	0
2024.01.25	14:30:00	1.08885	1.08908	1.08875	1.08899	693	0	0
2024.01.25	14:35:00	1.08899	1.08934	1.08891	1.08929	680	0	0
2024.01.25	14:40:00	1.08929	1.08953	1.08916	1.08919	699	0	0
2024.01.25	14:45:00	1.08919	1.08927	1.08895	1.08916	715	0	0
2024.01.25	14:50:00	1.08915	1.08916	1.08900	1.08904	464	0	0
2024.01.25	14:55:00	1.08904	1.08904	1.08855	1.08882	833	0	0
2024.01.25	15:00:00	1.08883	1.08912	1.08871	1.08911	1197	0	0
2024.01.25	15:05:00	1.08911	1.08933	1.08896	1.08927	1233	0	0
2024.01.25	15:10:00	1.08928	1.08957	1.08925	1.08932	1011	0	0
2024.01.25	15:15:00	1.08934	1.09021	1.08884	1.08922	2118	0	0
2024.01.25	15:20:00	1.08922	1.08923	1.08843	1.08862	1944	0	0
2024.01.25	15:25:00	1.08862	1.08911	1.08858	1.08898	1517	0	0
2024.01.25	15:30:00	1.08898	1.08987	1.08713	1.08936	5690	0	0
2024.01.25	15:35:00	1.08935	1.09000	1.08910	1.08919	3637	0	0
2024.01.25	15:40:00	1.08919	1.08991	1.08900	1.08907	3384	0	0
2024.01.25	15:45:00	1.08907	1.08957	1.08848	1.08853	3043	0	0
2024.01.25	15:50:00	1.08851	1.08886	1.08688	1.08689	3867	0	0
2024.01.25	15:55:00	1.08689	1.08811	1.08665	1.08790	4978	0	0
2024.01.25	16:00:00	1.08790	1.08790	1.08603	1.08611	4727	0	0
2024.01.25	16:05:00	1.08611	1.08624	1.08555	1.08574	4270	0	0
2024.01.25	16:10:00	1.08574	1.08679	1.08549	1.08642	3755	0	0
2024.01.25	16:15:00	1.08642	1.08646	1.08558	1.08598	3355	0	0
2024.01.25	16:20:00	1.08598	1.08701	1.08579	1.08690	2509	0	0
2024.01.25	16:25:00	1.08690	1.08722	1.08651	1.08676	2226	0	0
2024.01.25	16:30:00	1.08677	1.08677	1.08530	1.08620	3571	0	0
2024.01.25	16:35:00	1.08621	1.08641	1.08583	1.08612	2204	0	0
2024.01.25	16:40:00	1.08612	1.08626	1.08530	1.08586	2172	0	0
2024.01.25	16:45:00	1.08587	1.08606	1.08529	1.08551	2304	0	0
2024.01.25	16:50:00	1.08551	1.08593	1.08531	1.08584	2091	0	0
2024.01.25	16:55:00	1.08584	1.08619	1.08574	1.08602	1742	0	0
2024.01.25	17:00:00	1.08603	1.08617	1.08541	1.08555	2471	0	0
2024.01.25	17:05:00	1.08555	1.08564	1.08464	1.08507	2422	0	0
2024.01.25	17:10:00	1.08511	1.08514	1.08454	1.08469	2841	0	0
2024.01.25	17:15:00	1.08467	1.08490	1.08373	1.08428	3060	0	0
2024.01.25	17:20:00	1.08430	1.08514	1.08424	1.08451	2430	0	0
2024.01.25	17:25:00	1.08451	1.08487	1.08412	1.08441	2145	0	0
2024.01.25	17:30:00	1.08442	1.08457	1.08367	1.08385	2074	0	0
2024.01.25	17:35:00	1.08386	1.08402	1.08332	1.08361	2187	0	0
2024.01.25	17:40:00	1.08361	1.08391	1.08343	1.08379	1806	0	0
2024.01.25	17:45:00	1.08378	1.08384	1.08329	1.08341	2050	0	0
2024.01.25	17:50:00	1.08341	1.08343	1.08312	1.08330	1983	0	0
2024.01.25	17:55:00	1.08329	1.08333	1.08290	1.08318	1933	0	0
2024.01.25	18:00:00	1.08318	1.08320	1.08239	1.08262	2478	0	0
2024.01.25	18:05:00	1.08263	1.08328	1.08258	1.08281	1431	0	0
2024.01.25	18:10:00	1.08281	1.08364	1.08263	1.08353	1592	0	0
2024.01.25	18:15:00	1.08353	1.08398	1.08353	1.08394	1309	0	0
2024.01.25	18:20:00	1.08394	1.08394	1.08340	1.08371	1095	0	0
2024.01.25	18:25:00	1.08371	1.08373	1.08355	1.08364	953	0	0
2024.01.25	18:30:00	1.08365	1.08374	1.08339	1.08360	994	0	0
2024.01.25	18:35:00	1.08360	1.08384	1.08334	1.08348	1234	0	0
2024.01.25	18:40:00	1.08348	1.08362	1.08333	1.08342	833	0	0
2024.01.25	18:45:00	1.08341	1.08376	1.08339	1.08354	929	0	0
2024.01.25	18:50:00	1.08353	1.08377	1.08348	1.08371	844	0	0
2024.01.25	18:55:00	1.08372	1.08377	1.08339	1.08362	921	0	0
2024.01.25	19:00:00	1.08363	1.08377	1.08346	1.08374	1020	0	1
2024.01.25	19:05:00	1.08373	1.08376	1.08324	1.08336	1224	0	1
2024.01.25	19:10:00	1.08337	1.08387	1.08329	1.08371	963	0	1
2024.01.25	19:15:00	1.08370	1.08519	1.08370	1.08511	2354	0	1
2024.01.25	19:20:00	1.08510	1.08513	1.08447	1.08466	1957	0	1
2024.01.25	19:25:00	1.08466	1.08489	1.08432	1.08444	1436	0	1
2024.01.25	19:30:00	1.08443	1.08448	1.08369	1.08385	2237	0	1
2024.01.25	19:35:00	1.08383	1.08386	1.08326	1.08337	1775	0	1
2024.01.25	19:40:00	1.08337	1.08351	1.08310	1.08328	897	0	1
2024.01.25	19:45:00	1.08329	1.08346	1.08321	1.08334	688	0	1
2024.01.25	19:50:00	1.08334	1.08362	1.08326	1.08359	763	0	1
2024.01.25	19:55:00	1.08357	1.08390	1.08356	1.08377	1217	0	1
2024.01.25	20:00:00	1.08379	1.08446	1.08350	1.08408	1713	0	1
2024.01.25	20:05:00	1.08410	1.08466	1.08397	1.08434	1693	0	1
2024.01.25	20:10:00	1.08434	1.08458	1.08426	1.08431	1156	0	1
2024.01.25	20:15:00	1.08431	1.08434	1.08343	1.08346	1461	0	1
2024.01.25	20:20:00	1.08345	1.08378	1.08344	1.08360	1196	0	1
2024.01.25	20:25:00	1.08360	1.08414	1.08360	1.08409	986	0	1
2024.01.25	20:30:00	1.08408	1.08414	1.08387	1.08388	848	0	1
2024.01.25	20:35:00	1.08388	1.08393	1.08351	1.08370	1166	0	1
2024.01.25	20:40:00	1.08370	1.08384	1.08357	1.08374	772	0	1
2024.01.25	20:45:00	1.08374	1.08391	1.08353	1.08382	744	0	1
2024.01.25	20:50:00	1.08381	1.08391	1.08345	1.08363	1144	0	1
2024.01.25	20:55:00	1.08363	1.08364	1.08296	1.08299	1240	0	1
2024.01.25	21:00:00	1.08299	1.08303	1.08253	1.08261	1455	0	1
2024.01.25	21:05:00	1.08262	1.08266	1.08239	1.08247	1602	0	1
2024.01.25	21:10:00	1.08248	1.08314	1.08245	1.08277	1227	0	1
2024.01.25	21:15:00	1.08278	1.08292	1.08271	1.08273	762	0	1
2024.01.25	21:20:00	1.08273	1.08276	1.08213	1.08237	1144	0	1
2024.01.25	21:25:00	1.08239	1.08289	1.08233	1.08280	1018	0	1
2024.01.25	21:30:00	1.08279	1.08316	1.08265	1.08312	1132	0	1
2024.01.25	21:35:00	1.08312	1.08336	1.08301	1.08332	1116	0	1
2024.01.25	21:40:00	1.08332	1.08339	1.08310	1.08329	688	0	1
2024.01.25	21:45:00	1.08329	1.08346	1.08314	1.08338	571	0	1
2024.01.25	21:50:00	1.08338	1.08363	1.08325	1.08357	560	0	1
2024.01.25	21:55:00	1.08357	1.08376	1.08356	1.08359	808	0	1
2024.01.25	22:00:00	1.08359	1.08378	1.08352	1.08365	593	0	1
2024.01.25	22:05:00	1.08366	1.08370	1.08342	1.08354	486	0	1
2024.01.25	22:10:00	1.08354	1.08371	1.08348	1.08353	515	0	1
2024.01.25	22:15:00	1.08351	1.08357	1.08332	1.08356	462	0	1
2024.01.25	22:20:00	1.08356	1.08361	1.08337	1.08339	539	0	1
2024.01.25	22:25:00	1.08339	1.08346	1.08334	1.08339	471	0	1
2024.01.25	22:30:00	1.08339	1.08361	1.08336	1.08354	482	0	1
2024.01.25	22:35:00	1.08355	1.08373	1.08351	1.08371	534	0	1
2024.01.25	22:40:00	1.08371	1.08386	1.08364	1.08381	467	0	1
2024.01.25	22:45:00	1.08380	1.08391	1.08373	1.08388	427	0	1
2024.01.25	22:50:00	1.08389	1.08405	1.08388	1.08394	605	0	1
2024.01.25	22:55:00	1.08393	1.08401	1.08383	1.08391	446	0	1
2024.01.25	23:00:00	1.08393	1.08401	1.08382	1.08398	431	0	15
2024.01.25	23:05:00	1.08399	1.08415	1.08393	1.08408	219	0	15
2024.01.25	23:10:00	1.08408	1.08415	1.08406	1.08409	147	0	15
2024.01.25	23:15:00	1.08409	1.08420	1.08407	1.08413	195	0	1
2024.01.25	23:20:00	1.08411	1.08420	1.08410	1.08413	135	0	1
2024.01.25	23:25:00	1.08413	1.08441	1.08411	1.08435	332	0	3
2024.01.25	23:30:00	1.08436	1.08438	1.08433	1.08436	166	0	15
2024.01.25	23:35:00	1.08437	1.08443	1.08434	1.08437	162	0	3
2024.01.25	23:40:00	1.08438	1.08452	1.08436	1.08449	195	0	15
2024.01.25	23:45:00	1.08450	1.08456	1.08446	1.08452	265	0	15
2024.01.25	23:50:00	1.08453	1.08475	1.08451	1.08466	443	0	15
2024.01.25	23:55:00	1.08471	1.08473	1.08453	1.08455	102	0	5
2024.01.26	00:00:00	1.08455	1.08455	1.08356	1.08432	16	0	14
2024.01.26	00:05:00	1.08397	1.08456	1.08387	1.08419	155	0	34
2024.01.26	00:10:00	1.08398	1.08455	1.08397	1.08454	59	0	31
2024.01.26	00:15:00	1.08453	1.08460	1.08421	1.08441	235	0	8
2024.01.26	00:20:00	1.08440	1.08463	1.08432	1.08462	133	0	8
2024.01.26	00:25:00	1.08463	1.08467	1.08450	1.08463	161	0	8
2024.01.26	00:30:00	1.08465	1.08469	1.08450	1.08466	146	0	8
2024.01.26	00:40:00	1.08469	1.08475	1.08464	1.08468	240	0	8
2024.01.26	00:45:00	1.08468	1.08473	1.08465	1.08468	83	0	8
2024.01.26	00:50:00	1.08468	1.08473	1.08453	1.08470	124	0	8
2024.01.26	00:55:00	1.08467	1.08471	1.08460	1.08463	84	0	8
2024.01.26	01:00:00	1.08466	1.08475	1.08426	1.08438	413	0	3
2024.01.26	01:05:00	1.08438	1.08451	1.08438	1.08443	127	0	3
2024.01.26	01:10:00	1.08443	1.08459	1.08443	1.08457	86	0	3
2024.01.26	01:15:00	1.08457	1.08460	1.08453	1.08458	98	0	3
2024.01.26	01:20:00	1.08459	1.08459	1.08453	1.08455	88	0	0
2024.01.26	01:25:00	1.08456	1.08459	1.08453	1.08454	80	0	3
2024.01.26	01:30:00	1.08454	1.08462	1.08439	1.08443	291	0	3
2024.01.26	01:35:00	1.08444	1.08447	1.08439	1.08443	192	0	3
2024.01.26	01:40:00	1.08443	1.08445	1.08429	1.08433	159	0	3
2024.01.26	01:45:00	1.08433	1.08476	1.08429	1.08474	312	0	3
2024.01.26	01:50:00	1.08474	1.08477	1.08466	1.08469	96	0	3
2024.01.26	01:55:00	1.08469	1.08469	1.08452	1.08454	110	0	3
2024.01.26	02:00:00	1.08452	1.08460	1.08432	1.08439	316	0	3
2024.01.26	02:05:00	1.08439	1.08449	1.08416	1.08420	405	0	3
2024.01.26	02:10:00	1.08420	1.08429	1.08412	1.08414	184	0	3
2024.01.26	02:15:00	1.08416	1.08421	1.08401	1.08407	169	0	3
2024.01.26	02:20:00	1.08406	1.08406	1.08380	1.08388	188	0	3
2024.01.26	02:25:00	1.08388	1.08398	1.08381	1.08383	168	0	3
2024.01.26	02:30:00	1.08383	1.08386	1.08372	1.08377	198	0	3
2024.01.26	02:35:00	1.08377	1.08410	1.08376	1.08406	226	0	3
2024.01.26	02:40:00	1.08404	1.08426	1.08402	1.08419	306	0	3
2024.01.26	02:45:00	1.08419	1.08445	1.08419	1.08438	333	0	3
2024.01.26	02:50:00	1.08439	1.08443	1.08416	1.08435	414	0	3
2024.01.26	02:55:00	1.08438	1.08443	1.08393	1.08398	518	0	3
2024.01.26	03:00:00	1.08398	1.08416	1.08388	1.08414	519	0	3
2024.01.26	03:05:00	1.08413	1.08424	1.08410	1.08413	280	0	3
2024.01.26	03:10:00	1.08412	1.08418	1.08401	1.08409	298	0	3
2024.01.26	03:15:00	1.08409	1.08436	1.08400	1.08432	322	0	3
2024.01.26	03:20:00	1.08431	1.08455	1.08426	1.08442	555	0	3
2024.01.26	03:25:00	1.08442	1.08454	1.08439	1.08442	338	0	3
2024.01.26	03:30:00	1.08443	1.08443	1.08427	1.08429	385	0	3
2024.01.26	03:35:00	1.08428	1.08465	1.08428	1.08454	460	0	3
2024.01.26	03:40:00	1.08454	1.08458	1.08429	1.08433	284	0	3
2024.01.26	03:45:00	1.08433	1.08454	1.08429	1.08432	212	0	3
2024.01.26	03:50:00	1.08432	1.08467	1.08430	1.08459	356	0	3
2024.01.26	03:55:00	1.08460	1.08460	1.08439	1.08443	361	0	3
2024.01.26	04:00:00	1.08443	1.08459	1.08437	1.08449	305	0	3
2024.01.26	04:05:00	1.08448	1.08459	1.08447	1.08449	265	0	3
2024.01.26	04:10:00	1.08449	1.08469	1.08443	1.08464	344	0	3
2024.01.26	04:15:00	1.08465	1.08476	1.08457	1.08474	245	0	3
2024.01.26	04:20:00	1.08474	1.08489	1.08466	1.08470	296	0	3
2024.01.26	04:25:00	1.08470	1.08484	1.08466	1.08479	167	0	3
2024.01.26	04:30:00	1.08481	1.08484	1.08471	1.08479	322	0	3
2024.01.26	04:35:00	1.08479	1.08483	1.08470	1.08479	277	0	3
2024.01.26	04:40:00	1.08478	1.08479	1.08469	1.08470	170	0	3
2024.01.26	04:45:00	1.08470	1.08474	1.08443	1.08453	318	0	3
2024.01.26	04:50:00	1.08452	1.08456	1.08444	1.08446	294	0	3
2024.01.26	04:55:00	1.08447	1.08451	1.08437	1.08441	279	0	3
2024.01.26	05:00:00	1.08441	1.08461	1.08438	1.08460	183	0	3
2024.01.26	05:05:00	1.08461	1.08475	1.08454	1.08454	188	0	3
2024.01.26	05:10:00	1.08454	1.08464	1.08447	1.08453	166	0	3
2024.01.26	05:15:00	1.08452	1.08454	1.08439	1.08449	176	0	3
2024.01.26	05:20:00	1.08449	1.08458	1.08444	1.08454	133	0	3
2024.01.26	05:25:00	1.08454	1.08457	1.08447	1.08449	168	0	3
2024.01.26	05:30:00	1.08449	1.08455	1.08443	1.08454	115	0	3
2024.01.26	05:35:00	1.08455	1.08459	1.08453	1.08455	120	0	3
2024.01.26	05:40:00	1.08455	1.08463	1.08436	1.08454	294	0	3
2024.01.26	05:45:00	1.08454	1.08461	1.08452	1.08454	98	0	1
2024.01.26	05:50:00	1.08454	1.08459	1.08445	1.08446	151	0	3
2024.01.26	05:55:00	1.08445	1.08451	1.08442	1.08449	84	0	0
2024.01.26	06:00:00	1.08451	1.08451	1.08439	1.08439	112	0	0
2024.01.26	06:05:00	1.08440	1.08443	1.08437	1.08440	144	0	3
2024.01.26	06:10:00	1.08440	1.08443	1.08415	1.08418	241	0	3
2024.01.26	06:15:00	1.08418	1.08437	1.08415	1.08429	252	0	3
2024.01.26	06:20:00	1.08428	1.08437	1.08420	1.08428	165	0	3
2024.01.26	06:25:00	1.08429	1.08435	1.08426	1.08432	198	0	3
2024.01.26	06:30:00	1.08433	1.08437	1.08421	1.08424	146	0	3
2024.01.26	06:35:00	1.08424	1.08429	1.08411	1.08418	140	0	3
2024.01.26	06:40:00	1.08418	1.08420	1.08390	1.08396	232	0	3
2024.01.26	06:45:00	1.08396	1.08400	1.08379	1.08388	279	0	3
2024.01.26	06:50:00	1.08388	1.08399	1.08385	1.08385	231	0	3
2024.01.26	06:55:00	1.08385	1.08400	1.08385	1.08395	215	0	3
2024.01.26	07:00:00	1.08395	1.08403	1.08381	1.08383	231	0	3
2024.01.26	07:05:00	1.08383	1.08401	1.08383	1.08399	149	0	3
2024.01.26	07:10:00	1.08399	1.08411	1.08399	1.08407	248	0	3
2024.01.26	07:15:00	1.08409	1.08411	1.08397	1.08399	205	0	3
2024.01.26	07:20:00	1.08399	1.08403	1.08389	1.08394	103	0	3
2024.01.26	07:25:00	1.08394	1.08403	1.08392	1.08399	104	0	3
2024.01.26	07:30:00	1.08399	1.08402	1.08386	1.08402	248	0	3
2024.01.26	07:35:00	1.08401	1.08439	1.08399	1.08415	500	0	3
2024.01.26	07:40:00	1.08414	1.08437	1.08411	1.08434	439	0	3
2024.01.26	07:45:00	1.08433	1.08436	1.08424	1.08427	354	0	3
2024.01.26	07:50:00	1.08428	1.08437	1.08425	1.08428	219	0	3
2024.01.26	07:55:00	1.08429	1.08437	1.08415	1.08426	458	0	3
2024.01.26	08:00:00	1.08426	1.08430	1.08398	1.08409	371	0	3
2024.01.26	08:05:00	1.08409	1.08417	1.08363	1.08372	506	0	3
2024.01.26	08:10:00	1.08372	1.08377	1.08356	1.08366	325	0	3
2024.01.26	08:15:00	1.08365	1.08387	1.08356	1.08378	408	0	3
2024.01.26	08:20:00	1.08376	1.08392	1.08373	1.08385	318	0	3
2024.01.26	08:25:00	1.08385	1.08391	1.08377	1.08384	210	0	1
2024.01.26	08:30:00	1.08384	1.08385	1.08333	1.08339	699	0	1
2024.01.26	08:35:00	1.08339	1.08361	1.08331	1.08331	554	0	1
2024.01.26	08:40:00	1.08331	1.08337	1.08299	1.08310	764	0	1
2024.01.26	08:45:00	1.08309	1.08339	1.08299	1.08302	845	0	1
2024.01.26	08:50:00	1.08304	1.08310	1.08281	1.08294	857	0	1
2024.01.26	08:55:00	1.08292	1.08310	1.08286	1.08293	559	0	1
2024.01.26	09:00:00	1.08293	1.08306	1.08261	1.08280	1117	0	1
2024.01.26	09:05:00	1.08280	1.08284	1.08272	1.08283	554	0	1
2024.01.26	09:10:00	1.08283	1.08286	1.08242	1.08255	835	0	1
2024.01.26	09:15:00	1.08255	1.08259	1.08154	1.08155	1551	0	1
2024.01.26	09:20:00	1.08154	1.08196	1.08151	1.08190	1095	0	1
2024.01.26	09:25:00	1.08190	1.08196	1.08160	1.08166	1126	0	0
2024.01.26	09:30:00	1.08166	1.08177	1.08149	1.08160	885	0	0
2024.01.26	09:35:00	1.08157	1.08207	1.08149	1.08206	696	0	0
2024.01.26	09:40:00	1.08207	1.08217	1.08158	1.08159	1172	0	0
2024.01.26	09:45:00	1.08159	1.08162	1.08128	1.08151	922	0	0
2024.01.26	09:50:00	1.08151	1.08168	1.08131	1.08166	675	0	0
2024.01.26	09:55:00	1.08166	1.08199	1.08166	1.08195	556	0	0
2024.01.26	10:00:00	1.08195	1.08200	1.08174	1.08187	949	0	0
2024.01.26	10:05:00	1.08187	1.08215	1.08177	1.08192	855	0	0
2024.01.26	10:10:00	1.08191	1.08278	1.08191	1.08253	1109	0	0
2024.01.26	10:15:00	1.08252	1.08270	1.08227	1.08240	858	0	0
2024.01.26	10:20:00	1.08239	1.08282	1.08238	1.08281	760	0	0
2024.01.26	10:25:00	1.08282	1.08294	1.08269	1.08276	621	0	0
2024.01.26	10:30:00	1.08276	1.08293	1.08270	1.08281	1001	0	0
2024.01.26	10:35:00	1.08281	1.08324	1.08276	1.08317	696	0	0
2024.01.26	10:40:00	1.08315	1.08357	1.08306	1.08346	904	0	0
2024.01.26	10:45:00	1.08346	1.08366	1.08342	1.08351	568	0	0
2024.01.26	10:50:00	1.08352	1.08394	1.08352	1.08389	540	0	0
2024.01.26	10:55:00	1.08389	1.08421	1.08385	1.08403	661	0	0
2024.01.26	11:00:00	1.08403	1.08431	1.08382	1.08411	812	0	0
2024.01.26	11:05:00	1.08411	1.08479	1.08401	1.08448	991	0	0
2024.01.26	11:10:00	1.08446	1.08446	1.08373	1.08393	1349	0	0
2024.01.26	11:15:00	1.08393	1.08410	1.08367	1.08391	941	0	0
2024.01.26	11:20:00	1.08391	1.08395	1.08343	1.08345	751	0	0
2024.01.26	11:25:00	1.08343	1.08386	1.08341	1.08383	779	0	0
2024.01.26	11:30:00	1.08383	1.08440	1.08379	1.08431	888	0	0
2024.01.26	11:35:00	1.08431	1.08472	1.08429	1.08466	699	0	0
2024.01.26	11:40:00	1.08466	1.08484	1.08447	1.08466	635	0	0
2024.01.26	11:45:00	1.08466	1.08492	1.08453	1.08486	805	0	0
2024.01.26	11:50:00	1.08486	1.08505	1.08446	1.08455	716	0	0
2024.01.26	11:55:00	1.08454	1.08465	1.08440	1.08442	677	0	0
2024.01.26	12:00:00	1.08442	1.08548	1.08441	1.08531	996	0	0
2024.01.26	12:05:00	1.08532	1.08570	1.08525	1.08541	668	0	0
2024.01.26	12:10:00	1.08541	1.08572	1.08534	1.08558	468	0	0
2024.01.26	12:15:00	1.08558	1.08579	1.08533	1.08575	656	0	0
2024.01.26	12:20:00	1.08575	1.08579	1.08559	1.08569	419	0	0
2024.01.26	12:25:00	1.08570	1.08617	1.08565	1.08611	783	0	0
2024.01.26	12:30:00	1.08611	1.08627	1.08599	1.08610	578	0	0
2024.01.26	12:35:00	1.08609	1.08614	1.08581	1.08587	600	0	0
2024.01.26	12:40:00	1.08587	1.08620	1.08583	1.08609	532	0	0
2024.01.26	12:45:00	1.08610	1.08648	1.08607	1.08644	412	0	0
2024.01.26	12:50:00	1.08644	1.08663	1.08636	1.08647	449	0	0
2024.01.26	12:55:00	1.08647	1.08654	1.08635	1.08648	444	0	0
2024.01.26	13:00:00	1.08648	1.08682	1.08644	1.08661	861	0	0
2024.01.26	13:05:00	1.08662	1.08689	1.08662	1.08679	630	0	0
2024.01.26	13:10:00	1.08678	1.08729	1.08676	1.08676	825	0	0
2024.01.26	13:15:00	1.08676	1.08702	1.08666	1.08689	935	0	0
2024.01.26	13:20:00	1.08689	1.08762	1.08681	1.08755	799	0	0
2024.01.26	13:25:00	1.08754	1.08758	1.08735	1.08735	590	0	0
2024.01.26	13:30:00	1.08735	1.08738	1.08711	1.08728	504	0	0
2024.01.26	13:35:00	1.08729	1.08730	1.08684	1.08707	554	0	0
2024.01.26	13:40:00	1.08707	1.08733	1.08700	1.08707	493	0	0
2024.01.26	13:45:00	1.08708	1.08726	1.08706	1.08725	445	0	0
2024.01.26	13:50:00	1.08726	1.08739	1.08716	1.08730	475	0	0
2024.01.26	13:55:00	1.08731	1.08746	1.08717	1.08745	387	0	0
2024.01.26	14:00:00	1.08745	1.08758	1.08725	1.08742	831	0	0
2024.01.26	14:05:00	1.08742	1.08759	1.08724	1.08757	675	0	0
2024.01.26	14:10:00	1.08757	1.08760	1.08739	1.08750	504	0	0
2024.01.26	14:15:00	1.08751	1.08753	1.08725	1.08736	572	0	0
2024.01.26	14:20:00	1.08737	1.08747	1.08718	1.08725	668	0	0
2024.01.26	14:25:00	1.08726	1.08727	1.08702	1.08706	751	0	0
2024.01.26	14:30:00	1.08706	1.08708	1.08682	1.08699	871	0	0
2024.01.26	14:35:00	1.08699	1.08718	1.08688	1.08698	713	0	0
2024.01.26	14:40:00	1.08698	1.08706	1.08691	1.08703	476	0	0
2024.01.26	14:45:00	1.08703	1.08740	1.08692	1.08701	837	0	0
2024.01.26	14:50:00	1.08701	1.08710	1.08679	1.08687	794	0	0
2024.01.26	14:55:00	1.08687	1.08692	1.08654	1.08671	1220	0	0
2024.01.26	15:00:00	1.08672	1.08720	1.08654	1.08708	1456	0	0
2024.01.26	15:05:00	1.08707	1.08740	1.08704	1.08707	1056	0	0
2024.01.26	15:10:00	1.08708	1.08753	1.08707	1.08746	999	0	0
2024.01.26	15:15:00	1.08746	1.08755	1.08733	1.08749	1213	0	0
2024.01.26	15:20:00	1.08749	1.08785	1.08736	1.08765	1299	0	0
2024.01.26	15:25:00	1.08766	1.08768	1.08716	1.08745	1389	0	0
2024.01.26	15:30:00	1.08746	1.08857	1.08626	1.08640	4418	0	0
2024.01.26	15:35:00	1.08642	1.08666	1.08561	1.08621	3780	0	0
2024.01.26	15:40:00	1.08621	1.08736	1.08615	1.08704	2370	0	0
2024.01.26	15:45:00	1.08704	1.08838	1.08683	1.08799	2271	0	0
2024.01.26	15:50:00	1.08799	1.08823	1.08737	1.08758	2767	0	0
2024.01.26	15:55:00	1.08757	1.08781	1.08710	1.08720	2238	0	0
2024.01.26	16:00:00	1.08721	1.08754	1.08705	1.08727	2036	0	0
2024.01.26	16:05:00	1.08727	1.08792	1.08714	1.08782	1638	0	0
2024.01.26	16:10:00	1.08782	1.08804	1.08705	1.08706	1792	0	0
2024.01.26	16:15:00	1.08706	1.08734	1.08666	1.08673	1420	0	0
2024.01.26	16:20:00	1.08673	1.08708	1.08653	1.08693	1677	0	0
2024.01.26	16:25:00	1.08693	1.08693	1.08637	1.08644	1812	0	0
2024.01.26	16:30:00	1.08644	1.08706	1.08608	1.08686	2253	0	0
2024.01.26	16:35:00	1.08687	1.08738	1.08670	1.08722	1773	0	0
2024.01.26	16:40:00	1.08722	1.08726	1.08699	1.08714	1240	0	0
2024.01.26	16:45:00	1.08713	1.08731	1.08659	1.08667	1414	0	0
2024.01.26	16:50:00	1.08665	1.08697	1.08652	1.08687	1229	0	0
2024.01.26	16:55:00	1.08687	1.08744	1.08677	1.08740	940	0	0
2024.01.26	17:00:00	1.08737	1.08737	1.08625	1.08670	2384	0	0
2024.01.26	17:05:00	1.08670	1.08672	1.08615	1.08622	1980	0	0
2024.01.26	17:10:00	1.08622	1.08657	1.08613	1.08629	1590	0	0
2024.01.26	17:15:00	1.08631	1.08633	1.08549	1.08569	1910	0	0
2024.01.26	17:20:00	1.08571	1.08618	1.08549	1.08564	1624	0	0
2024.01.26	17:25:00	1.08564	1.08608	1.08561	1.08573	1404	0	0
2024.01.26	17:30:00	1.08572	1.08640	1.08556	1.08612	1458	0	0
2024.01.26	17:35:00	1.08613	1.08632	1.08598	1.08606	1298	0	0
2024.01.26	17:40:00	1.08606	1.08630	1.08604	1.08615	666	0	0
2024.01.26	17:45:00	1.08615	1.08664	1.08592	1.08647	1084	0	0
2024.01.26	17:50:00	1.08647	1.08650	1.08600	1.08630	1453	0	0
2024.01.26	17:55:00	1.08630	1.08648	1.08609	1.08641	851	0	0
2024.01.26	18:00:00	1.08642	1.08644	1.08588	1.08611	1128	0	0
2024.01.26	18:05:00	1.08610	1.08651	1.08596	1.08648	850	0	0
2024.01.26	18:10:00	1.08650	1.08654	1.08604	1.08617	876	0	0
2024.01.26	18:15:00	1.08616	1.08647	1.08614	1.08643	906	0	0
2024.01.26	18:20:00	1.08643	1.08655	1.08635	1.08643	728	0	0
2024.01.26	18:25:00	1.08643	1.08687	1.08627	1.08663	896	0	0
2024.01.26	18:30:00	1.08663	1.08696	1.08661	1.08695	632	0	0
2024.01.26	18:35:00	1.08695	1.08695	1.08645	1.08648	618	0	0
2024.01.26	18:40:00	1.08648	1.08651	1.08615	1.08637	1002	0	0
2024.01.26	18:45:00	1.08638	1.08648	1.08631	1.08643	595	0	0
2024.01.26	18:50:00	1.08643	1.08665	1.08641	1.08654	573	0	0
2024.01.26	18:55:00	1.08653	1.08667	1.08643	1.08649	530	0	0
2024.01.26	19:00:00	1.08649	1.08650	1.08624	1.08633	770	0	1
2024.01.26	19:05:00	1.08634	1.08651	1.08629	1.08631	769	0	1
2024.01.26	19:10:00	1.08631	1.08687	1.08619	1.08678	855	0	1
2024.01.26	19:15:00	1.08678	1.08692	1.08671	1.08684	638	0	1
2024.01.26	19:20:00	1.08684	1.08706	1.08670	1.08674	648	0	1
2024.01.26	19:25:00	1.08674	1.08675	1.08641	1.08649	678	0	1
2024.01.26	19:30:00	1.08649	1.08650	1.08617	1.08632	782	0	1
2024.01.26	19:35:00	1.08632	1.08636	1.08597	1.08619	808	0	1
2024.01.26	19:40:00	1.08619	1.08623	1.08591	1.08606	831	0	1
2024.01.26	19:45:00	1.08606	1.08615	1.08593	1.08593	954	0	1
2024.01.26	19:50:00	1.08593	1.08629	1.08591	1.08628	712	0	1
2024.01.26	19:55:00	1.08628	1.08639	1.08612	1.08636	722	0	1
2024.01.26	20:00:00	1.08636	1.08652	1.08610	1.08651	763	0	1
2024.01.26	20:05:00	1.08651	1.08655	1.08636	1.08645	545	0	1
2024.01.26	20:10:00	1.08645	1.08655	1.08635	1.08639	544	0	1
2024.01.26	20:15:00	1.08638	1.08646	1.08610	1.08617	712	0	1
2024.01.26	20:20:00	1.08617	1.08636	1.08614	1.08633	520	0	1
2024.01.26	20:25:00	1.08634	1.08660	1.08629	1.08633	617	0	1
2024.01.26	20:30:00	1.08634	1.08636	1.08619	1.08628	684	0	1
2024.01.26	20:35:00	1.08628	1.08633	1.08608	1.08614	497	0	1
2024.01.26	20:40:00	1.08613	1.08615	1.08578	1.08598	839	0	1
2024.01.26	20:45:00	1.08598	1.08599	1.08571	1.08576	705	0	1
2024.01.26	20:50:00	1.08576	1.08581	1.08549	1.08557	609	0	1
2024.01.26	20:55:00	1.08557	1.08561	1.08535	1.08557	716	0	1
2024.01.26	21:00:00	1.08557	1.08566	1.08551	1.08558	469	0	1
2024.01.26	21:05:00	1.08559	1.08594	1.08557	1.08587	499	0	1
2024.01.26	21:10:00	1.08587	1.08591	1.08575	1.08588	344	0	1
2024.01.26	21:15:00	1.08588	1.08599	1.08584	1.08589	319	0	1
2024.01.26	21:20:00	1.08587	1.08592	1.08576	1.08580	402	0	1
2024.01.26	21:25:00	1.08581	1.08584	1.08566	1.08568	460	0	1
2024.01.26	21:30:00	1.08568	1.08571	1.08560	1.08567	337	0	1
2024.01.26	21:35:00	1.08569	1.08581	1.08561	1.08576	392	0	1
2024.01.26	21:40:00	1.08577	1.08602	1.08577	1.08598	500	0	1
2024.01.26	21:45:00	1.08597	1.08617	1.08594	1.08611	530	0	1
2024.01.26	21:50:00	1.08611	1.08617	1.08584	1.08587	586	0	1
2024.01.26	21:55:00	1.08587	1.08593	1.08570	1.08581	716	0	1
2024.01.26	22:00:00	1.08582	1.08589	1.08572	1.08579	452	0	1
2024.01.26	22:05:00	1.08579	1.08588	1.08573	1.08583	263	0	1
2024.01.26	22:10:00	1.08582	1.08612	1.08582	1.08611	378	0	1
2024.01.26	22:15:00	1.08608	1.08614	1.08583	1.08609	651	0	1
2024.01.26	22:20:00	1.08610	1.08620	1.08598	1.08609	475	0	1
2024.01.26	22:25:00	1.08609	1.08624	1.08589	1.08592	350	0	1
2024.01.26	22:30:00	1.08592	1.08598	1.08578	1.08581	418	0	1
2024.01.26	22:35:00	1.08580	1.08588	1.08570	1.08572	271	0	1
2024.01.26	22:40:00	1.08572	1.08584	1.08559	1.08584	411	0	1
2024.01.26	22:45:00	1.08583	1.08584	1.08561	1.08563	338	0	1
2024.01.26	22:50:00	1.08562	1.08562	1.08543	1.08547	407	0	1
2024.01.26	22:55:00	1.08548	1.08554	1.08529	1.08544	522	0	1
2024.01.26	23:00:00	1.08537	1.08543	1.08529	1.08540	305	0	15
2024.01.26	23:05:00	1.08538	1.08558	1.08538	1.08552	154	0	3
2024.01.26	23:10:00	1.08552	1.08563	1.08547	1.08552	279	0	6
2024.01.26	23:15:00	1.08551	1.08551	1.08526	1.08530	200	0	2
2024.01.26	23:20:00	1.08530	1.08542	1.08528	1.08534	135	0	1
2024.01.26	23:25:00	1.08534	1.08546	1.08530	1.08539	185	0	0
2024.01.26	23:30:00	1.08538	1.08541	1.08526	1.08528	90	0	2
2024.01.26	23:35:00	1.08526	1.08528	1.08515	1.08519	201	0	15
2024.01.26	23:40:00	1.08521	1.08525	1.08515	1.08520	152	0	3
2024.01.26	23:45:00	1.08521	1.08530	1.08512	1.08516	420	0	15
2024.01.26	23:50:00	1.08517	1.08531	1.08513	1.08526	487	0	15
2024.01.26	23:55:00	1.08542	1.08548	1.08526	1.08533	92	0	8
2024.01.29	00:00:00	1.08440	1.08440	1.08387	1.08403	23	0	20
2024.01.29	00:05:00	1.08417	1.08445	1.08403	1.08405	29	0	27
2024.01.29	00:10:00	1.08405	1.08437	1.08405	1.08423	30	0	27
2024.01.29	00:15:00	1.08423	1.08468	1.08420	1.08442	126	0	8
2024.01.29	00:20:00	1.08442	1.08462	1.08438	1.08458	70	0	8
2024.01.29	00:25:00	1.08444	1.08457	1.08439	1.08452	66	0	8
2024.01.29	00:30:00	1.08452	1.08457	1.08428	1.08430	124	0	8
2024.01.29	00:35:00	1.08431	1.08436	1.08424	1.08427	159	0	31
2024.01.29	00:40:00	1.08434	1.08447	1.08424	1.08442	94	0	8
2024.01.29	00:45:00	1.08439	1.08465	1.08426	1.08454	427	0	8
2024.01.29	00:50:00	1.08455	1.08471	1.08437	1.08455	552	0	8
2024.01.29	00:55:00	1.08455	1.08456	1.08429	1.08435	655	0	8
2024.01.29	01:00:00	1.08447	1.08494	1.08429	1.08429	1166	0	3
2024.01.29	01:05:00	1.08430	1.08439	1.08424	1.08429	314	0	3
2024.01.29	01:10:00	1.08429	1.08440	1.08423	1.08431	337	0	3
2024.01.29	01:15:00	1.08433	1.08456	1.08431	1.08433	297	0	3
2024.01.29	01:20:00	1.08433	1.08446	1.08421	1.08441	277	0	3
2024.01.29	01:25:00	1.08441	1.08461	1.08440	1.08457	308	0	3
2024.01.29	01:30:00	1.08456	1.08466	1.08422	1.08424	352	0	3
2024.01.29	01:35:00	1.08423	1.08441	1.08421	1.08433	221	0	3
2024.01.29	01:40:00	1.08432	1.08444	1.08424	1.08431	393	0	3
2024.01.29	01:45:00	1.08431	1.08434	1.08424	1.08431	242	0	3
2024.01.29	01:50:00	1.08431	1.08435	1.08428	1.08433	165	0	3
2024.01.29	01:55:00	1.08434	1.08434	1.08418	1.08424	230	0	3
2024.01.29	02:00:00	1.08423	1.08434	1.08420	1.08421	435	0	3
2024.01.29	02:05:00	1.08422	1.08430	1.08410	1.08418	426	0	3
2024.01.29	02:10:00	1.08417	1.08434	1.08413	1.08423	458	0	3
2024.01.29	02:15:00	1.08423	1.08443	1.08415	1.08433	466	0	3
2024.01.29	02:20:00	1.08432	1.08443	1.08431	1.08441	289	0	3
2024.01.29	02:25:00	1.08440	1.08440	1.08419	1.08427	409	0	3
2024.01.29	02:30:00	1.08427	1.08441	1.08420	1.08427	326	0	3
2024.01.29	02:35:00	1.08427	1.08430	1.08415	1.08420	246	0	3
2024.01.29	02:40:00	1.08419	1.08432	1.08417	1.08425	249	0	3
2024.01.29	02:45:00	1.08425	1.08437	1.08417	1.08427	275	0	3
2024.01.29	02:50:00	1.08427	1.08448	1.08424	1.08431	589	0	3
2024.01.29	02:55:00	1.08430	1.08450	1.08425	1.08447	419	0	3
2024.01.29	03:00:00	1.08446	1.08458	1.08438	1.08448	539	0	3
2024.01.29	03:05:00	1.08447	1.08481	1.08447	1.08467	727	0	3
2024.01.29	03:10:00	1.08467	1.08484	1.08465	1.08478	377	0	3
2024.01.29	03:15:00	1.08479	1.08480	1.08447	1.08448	482	0	3
2024.01.29	03:20:00	1.08447	1.08459	1.08438	1.08447	456	0	3
2024.01.29	03:25:00	1.08448	1.08461	1.08444	1.08446	344	0	3
2024.01.29	03:30:00	1.08446	1.08489	1.08444	1.08479	549	0	3
2024.01.29	03:35:00	1.08480	1.08483	1.08458	1.08470	422	0	3
2024.01.29	03:40:00	1.08470	1.08474	1.08460	1.08467	311	0	3
2024.01.29	03:45:00	1.08468	1.08468	1.08434	1.08442	339	0	3
2024.01.29	03:50:00	1.08441	1.08450	1.08430	1.08436	274	0	3
2024.01.29	03:55:00	1.08437	1.08448	1.08435	1.08439	256	0	3
2024.01.29	04:00:00	1.08439	1.08440	1.08409	1.08414	418	0	3
2024.01.29	04:05:00	1.08414	1.08420	1.08407	1.08412	344	0	3
2024.01.29	04:10:00	1.08412	1.08425	1.08400	1.08421	376	0	3
2024.01.29	04:15:00	1.08421	1.08425	1.08409	1.08409	262	0	3
2024.01.29	04:20:00	1.08409	1.08414	1.08390	1.08414	285	0	3
2024.01.29	04:25:00	1.08412	1.08429	1.08411	1.08428	223	0	3
2024.01.29	04:30:00	1.08428	1.08434	1.08423	1.08432	212	0	3
2024.01.29	04:35:00	1.08432	1.08444	1.08428	1.08433	190	0	3
2024.01.29	04:40:00	1.08433	1.08453	1.08426	1.08440	278	0	3
2024.01.29	04:45:00	1.08440	1.08442	1.08428	1.08434	270	0	3
2024.01.29	04:50:00	1.08434	1.08436	1.08415	1.08417	221	0	3
2024.01.29	04:55:00	1.08417	1.08441	1.08413	1.08435	274	0	3
2024.01.29	05:00:00	1.08435	1.08461	1.08434	1.08456	303	0	3
2024.01.29	05:05:00	1.08456	1.08460	1.08442	1.08448	257	0	3
2024.01.29	05:10:00	1.08449	1.08464	1.08447	1.08458	242	0	3
2024.01.29	05:15:00	1.08458	1.08467	1.08441	1.08443	210	0	3
2024.01.29	05:20:00	1.08443	1.08449	1.08426	1.08449	214	0	3
2024.01.29	05:25:00	1.08449	1.08451	1.08433	1.08437	211	0	3
2024.01.29	05:30:00	1.08438	1.08441	1.08433	1.08433	156	0	3
2024.01.29	05:35:00	1.08434	1.08434	1.08423	1.08426	111	0	3
2024.01.29	05:40:00	1.08426	1.08436	1.08425	1.08433	134	0	3
2024.01.29	05:45:00	1.08433	1.08444	1.08432	1.08441	148	0	3
2024.01.29	05:50:00	1.08442	1.08445	1.08437	1.08443	106	0	0
2024.01.29	05:55:00	1.08443	1.08459	1.08443	1.08450	198	0	3
2024.01.29	06:00:00	1.08450	1.08471	1.08448	1.08469	181	0	3
2024.01.29	06:05:00	1.08468	1.08468	1.08458	1.08462	234	0	3
2024.01.29	06:10:00	1.08462	1.08466	1.08455	1.08458	145	0	3
2024.01.29	06:15:00	1.08458	1.08460	1.08436	1.08439	133	0	3
2024.01.29	06:20:00	1.08438	1.08445	1.08435	1.08444	142	0	1
2024.01.29	06:25:00	1.08443	1.08451	1.08439	1.08450	148	0	0
2024.01.29	06:30:00	1.08449	1.08451	1.08436	1.08444	114	0	3
2024.01.29	06:35:00	1.08446	1.08470	1.08443	1.08468	160	0	3
2024.01.29	06:40:00	1.08468	1.08477	1.08461	1.08473	262	0	3
2024.01.29	06:45:00	1.08473	1.08476	1.08467	1.08469	110	0	3
2024.01.29	06:50:00	1.08468	1.08469	1.08447	1.08454	190	0	3
2024.01.29	06:55:00	1.08454	1.08455	1.08438	1.08447	249	0	3
2024.01.29	07:00:00	1.08449	1.08452	1.08441	1.08446	318	0	3
2024.01.29	07:05:00	1.08445	1.08448	1.08408	1.08410	374	0	3
2024.01.29	07:10:00	1.08410	1.08424	1.08402	1.08420	359	0	3
2024.01.29	07:15:00	1.08420	1.08431	1.08410	1.08412	300	0	3
2024.01.29	07:20:00	1.08412	1.08416	1.08395	1.08403	400	0	3
2024.01.29	07:25:00	1.08403	1.08412	1.08395	1.08408	265	0	3
2024.01.29	07:30:00	1.08407	1.08411	1.08395	1.08398	183	0	3
2024.01.29	07:35:00	1.08398	1.08413	1.08394	1.08412	289	0	3
2024.01.29	07:40:00	1.08412	1.08426	1.08411	1.08417	273	0	3
2024.01.29	07:45:00	1.08417	1.08419	1.08396	1.08399	265	0	3
2024.01.29	07:50:00	1.08401	1.08405	1.08393	1.08396	225	0	3
2024.01.29	07:55:00	1.08397	1.08401	1.08394	1.08398	225	0	3
2024.01.29	08:00:00	1.08399	1.08407	1.08390	1.08393	474	0	3
2024.01.29	08:05:00	1.08396	1.08415	1.08391	1.08409	265	0	3
2024.01.29	08:10:00	1.08408	1.08433	1.08406	1.08430	394	0	3
2024.01.29	08:15:00	1.08430	1.08451	1.08425	1.08444	519	0	3
2024.01.29	08:20:00	1.08443	1.08451	1.08435	1.08438	406	0	3
2024.01.29	08:25:00	1.08437	1.08441	1.08424	1.08429	580	0	3
2024.01.29	08:30:00	1.08430	1.08442	1.08424	1.08431	407	0	1
2024.01.29	08:35:00	1.08431	1.08447	1.08421	1.08445	388	0	1
2024.01.29	08:40:00	1.08445	1.08457	1.08438	1.08456	328	0	1
2024.01.29	08:45:00	1.08456	1.08469	1.08451	1.08453	456	0	1
2024.01.29	08:50:00	1.08452	1.08457	1.08439	1.08450	352	0	1
2024.01.29	08:55:00	1.08449	1.08474	1.08445	1.08463	421	0	1
2024.01.29	09:00:00	1.08463	1.08474	1.08437	1.08450	976	0	1
2024.01.29	09:05:00	1.08450	1.08476	1.08440	1.08465	720	0	1
2024.01.29	09:10:00	1.08465	1.08473	1.08412	1.08440	867	0	1
2024.01.29	09:15:00	1.08440	1.08459	1.08432	1.08451	672	0	1
2024.01.29	09:20:00	1.08451	1.08472	1.08424	1.08463	713	0	1
2024.01.29	09:25:00	1.08465	1.08474	1.08442	1.08471	619	0	1
2024.01.29	09:30:00	1.08471	1.08494	1.08470	1.08491	566	0	0
2024.01.29	09:35:00	1.08491	1.08502	1.08481	1.08485	460	0	0
2024.01.29	09:40:00	1.08485	1.08490	1.08462	1.08470	434	0	0
2024.01.29	09:45:00	1.08470	1.08480	1.08454	1.08455	468	0	0
2024.01.29	09:50:00	1.08456	1.08456	1.08375	1.08380	561	0	0
2024.01.29	09:55:00	1.08380	1.08381	1.08350	1.08372	868	0	0
2024.01.29	10:00:00	1.08372	1.08380	1.08332	1.08369	992	0	0
2024.01.29	10:05:00	1.08369	1.08402	1.08361	1.08386	771	0	0
2024.01.29	10:10:00	1.08387	1.08392	1.08357	1.08371	707	0	0
2024.01.29	10:15:00	1.08371	1.08385	1.08331	1.08349	673	0	0
2024.01.29	10:20:00	1.08349	1.08356	1.08339	1.08348	527	0	0
2024.01.29	10:25:00	1.08346	1.08388	1.08346	1.08377	472	0	0
2024.01.29	10:30:00	1.08376	1.08415	1.08370	1.08414	532	0	0
2024.01.29	10:35:00	1.08414	1.08419	1.08369	1.08375	791	0	0
2024.01.29	10:40:00	1.08375	1.08378	1.08353	1.08378	486	0	0
2024.01.29	10:45:00	1.08377	1.08383	1.08351	1.08370	791	0	0
2024.01.29	10:50:00	1.08370	1.08377	1.08346	1.08356	560	0	0
2024.01.29	10:55:00	1.08355	1.08359	1.08332	1.08347	704	0	0
2024.01.29	11:00:00	1.08347	1.08358	1.08305	1.08308	757	0	0
2024.01.29	11:05:00	1.08308	1.08334	1.08302	1.08329	795	0	0
2024.01.29	11:10:00	1.08329	1.08332	1.08311	1.08316	540	0	0
2024.01.29	11:15:00	1.08315	1.08322	1.08265	1.08294	844	0	0
2024.01.29	11:20:00	1.08294	1.08308	1.08260	1.08268	582	0	0
2024.01.29	11:25:00	1.08268	1.08282	1.08261	1.08273	630	0	0
2024.01.29	11:30:00	1.08273	1.08327	1.08265	1.08289	859	0	0
2024.01.29	11:35:00	1.08290	1.08291	1.08240	1.08244	718	0	0
2024.01.29	11:40:00	1.08244	1.08286	1.08230	1.08280	560	0	0
2024.01.29	11:45:00	1.08280	1.08304	1.08273	1.08281	501	0	0
2024.01.29	11:50:00	1.08282	1.08284	1.08247	1.08250	683	0	0
2024.01.29	11:55:00	1.08250	1.08268	1.08238	1.08252	461	0	0
2024.01.29	12:00:00	1.08252	1.08255	1.08217	1.08238	824	0	0
2024.01.29	12:05:00	1.08237	1.08245	1.08219	1.08220	572	0	0
2024.01.29	12:10:00	1.08220	1.08236	1.08216	1.08225	485	0	0
2024.01.29	12:15:00	1.08226	1.08231	1.08198	1.08200	550	0	0
2024.01.29	12:20:00	1.08200	1.08200	1.08158	1.08175	615	0	0
2024.01.29	12:25:00	1.08175	1.08187	1.08152	1.08165	465	0	0
2024.01.29	12:30:00	1.08164	1.08177	1.08138	1.08142	658	0	0
2024.01.29	12:35:00	1.08142	1.08166	1.08141	1.08158	519	0	0
2024.01.29	12:40:00	1.08157	1.08186	1.08156	1.08183	667	0	0
2024.01.29	12:45:00	1.08182	1.08187	1.08173	1.08182	681	0	0
2024.01.29	12:50:00	1.08182	1.08192	1.08167	1.08171	716	0	0
2024.01.29	12:55:00	1.08171	1.08198	1.08157	1.08191	1321	0	0
2024.01.29	13:00:00	1.08191	1.08231	1.08189	1.08226	937	0	0
2024.01.29	13:05:00	1.08226	1.08250	1.08217	1.08246	918	0	0
2024.01.29	13:10:00	1.08246	1.08248	1.08194	1.08205	702	0	0
2024.01.29	13:15:00	1.08205	1.08206	1.08163	1.08173	620	0	0
2024.01.29	13:20:00	1.08173	1.08175	1.08166	1.08170	378	0	0
2024.01.29	13:25:00	1.08170	1.08197	1.08170	1.08189	283	0	0
2024.01.29	13:30:00	1.08188	1.08232	1.08185	1.08229	421	0	0
2024.01.29	13:35:00	1.08229	1.08251	1.08221	1.08249	408	0	0
2024.01.29	13:40:00	1.08249	1.08272	1.08237	1.08237	404	0	0
2024.01.29	13:45:00	1.08238	1.08239	1.08210	1.08221	399	0	0
2024.01.29	13:50:00	1.08221	1.08224	1.08203	1.08205	362	0	0
2024.01.29	13:55:00	1.08205	1.08232	1.08196	1.08230	364	0	0
2024.01.29	14:00:00	1.08230	1.08256	1.08220	1.08254	541	0	0
2024.01.29	14:05:00	1.08253	1.08287	1.08251	1.08277	695	0	0
2024.01.29	14:10:00	1.08276	1.08292	1.08265	1.08272	643	0	0
2024.01.29	14:15:00	1.08272	1.08296	1.08268	1.08291	724	0	0
2024.01.29	14:20:00	1.08291	1.08313	1.08274	1.08301	808	0	0
2024.01.29	14:25:00	1.08301	1.08328	1.08297	1.08326	838	0	0
2024.01.29	14:30:00	1.08324	1.08335	1.08313	1.08332	780	0	0
2024.01.29	14:35:00	1.08330	1.08353	1.08325	1.08348	822	0	0
2024.01.29	14:40:00	1.08348	1.08369	1.08342	1.08349	862	0	0
2024.01.29	14:45:00	1.08349	1.08365	1.08302	1.08311	1187	0	0
2024.01.29	14:50:00	1.08311	1.08315	1.08241	1.08259	1291	0	0
2024.01.29	14:55:00	1.08259	1.08265	1.08200	1.08222	1373	0	0
2024.01.29	15:00:00	1.08223	1.08226	1.08160	1.08215	1751	0	0
2024.01.29	15:05:00	1.08214	1.08234	1.08198	1.08230	950	0	0
2024.01.29	15:10:00	1.08230	1.08236	1.08179	1.08198	977	0	0
2024.01.29	15:15:00	1.08198	1.08201	1.08163	1.08168	876	0	0
2024.01.29	15:20:00	1.08168	1.08191	1.08136	1.08189	1084	0	0
2024.01.29	15:25:00	1.08189	1.08216	1.08175	1.08211	1160	0	0
2024.01.29	15:30:00	1.08212	1.08216	1.08179	1.08194	1148	0	0
2024.01.29	15:35:00	1.08192	1.08234	1.08181	1.08202	1158	0	0
2024.01.29	15:40:00	1.08203	1.08233	1.08186	1.08223	1138	0	0
2024.01.29	15:45:00	1.08223	1.08246	1.08209	1.08212	1068	0	0
2024.01.29	15:50:00	1.08213	1.08226	1.08188	1.08224	943	0	0
2024.01.29	15:55:00	1.08224	1.08242	1.08203	1.08204	1169	0	0
2024.01.29	16:00:00	1.08204	1.08226	1.08189	1.08199	917	0	0
2024.01.29	16:05:00	1.08199	1.08227	1.08194	1.08206	588	0	0
2024.01.29	16:10:00	1.08206	1.08217	1.08085	1.08090	1219	0	0
2024.01.29	16:15:00	1.08090	1.08128	1.08090	1.08116	1178	0	0
2024.01.29	16:20:00	1.08120	1.08125	1.08101	1.08115	981	0	0
2024.01.29	16:25:00	1.08116	1.08116	1.08086	1.08094	847	0	0
2024.01.29	16:30:00	1.08094	1.08098	1.08054	1.08059	1248	0	0
2024.01.29	16:35:00	1.08059	1.08108	1.08047	1.08090	1387	0	0
2024.01.29	16:40:00	1.08092	1.08105	1.08070	1.08075	1153	0	0
2024.01.29	16:45:00	1.08075	1.08080	1.08043	1.08051	1212	0	0
2024.01.29	16:50:00	1.08049	1.08062	1.08040	1.08059	834	0	0
2024.01.29	16:55:00	1.08057	1.08075	1.08048	1.08072	1104	0	0
2024.01.29	17:00:00	1.08072	1.08073	1.08037	1.08050	947	0	0
2024.01.29	17:05:00	1.08050	1.08101	1.08045	1.08101	791	0	0
2024.01.29	17:10:00	1.08101	1.08106	1.08072	1.08075	811	0	0
2024.01.29	17:15:00	1.08075	1.08075	1.08009	1.08019	1098	0	0
2024.01.29	17:20:00	1.08021	1.08026	1.07983	1.07994	1313	0	0
2024.01.29	17:25:00	1.07993	1.08031	1.07982	1.08015	1099	0	0
2024.01.29	17:30:00	1.08014	1.08055	1.08013	1.08045	1105	0	0
2024.01.29	17:35:00	1.08047	1.08048	1.07996	1.08013	972	0	0
2024.01.29	17:40:00	1.08013	1.08036	1.08003	1.08016	1122	0	0
2024.01.29	17:45:00	1.08016	1.08018	1.07960	1.07970	1225	0	0
2024.01.29	17:50:00	1.07972	1.08002	1.07967	1.07995	977	0	0
2024.01.29	17:55:00	1.07995	1.08017	1.07967	1.07975	2321	0	0
2024.01.29	18:00:00	1.07975	1.08025	1.07957	1.08025	1704	0	0
2024.01.29	18:05:00	1.08025	1.08045	1.08001	1.08043	1168	0	0
2024.01.29	18:10:00	1.08043	1.08058	1.08035	1.08054	972	0	0
2024.01.29	18:15:00	1.08054	1.08063	1.08018	1.08033	845	0	0
2024.01.29	18:20:00	1.08033	1.08047	1.08015	1.08047	729	0	0
2024.01.29	18:25:00	1.08047	1.08090	1.08043	1.08074	928	0	0
2024.01.29	18:30:00	1.08074	1.08080	1.08047	1.08055	990	0	0
2024.01.29	18:35:00	1.08054	1.08061	1.08013	1.08039	870	0	0
2024.01.29	18:40:00	1.08038	1.08052	1.08030	1.08042	509	0	0
2024.01.29	18:45:00	1.08043	1.08061	1.08040	1.08054	516	0	0
2024.01.29	18:50:00	1.08054	1.08067	1.08046	1.08060	643	0	0
2024.01.29	18:55:00	1.08060	1.08070	1.08048	1.08059	375	0	0
2024.01.29	19:00:00	1.08059	1.08090	1.08053	1.08074	1032	0	1
2024.01.29	19:05:00	1.08074	1.08117	1.08072	1.08095	926	0	1
2024.01.29	19:10:00	1.08093	1.08124	1.08092	1.08118	872	0	1
2024.01.29	19:15:00	1.08118	1.08130	1.08113	1.08127	968	0	1
2024.01.29	19:20:00	1.08127	1.08157	1.08124	1.08155	1024	0	1
2024.01.29	19:25:00	1.08155	1.08161	1.08144	1.08148	687	0	1
2024.01.29	19:30:00	1.08148	1.08160	1.08139	1.08139	611	0	1
2024.01.29	19:35:00	1.08140	1.08149	1.08137	1.08144	481	0	1
2024.01.29	19:40:00	1.08144	1.08150	1.08135	1.08139	535	0	1
2024.01.29	19:45:00	1.08139	1.08142	1.08133	1.08135	444	0	1
2024.01.29	19:50:00	1.08135	1.08147	1.08131	1.08141	437	0	1
2024.01.29	19:55:00	1.08140	1.08140	1.08114	1.08115	561	0	1
2024.01.29	20:00:00	1.08114	1.08125	1.08105	1.08116	627	0	1
2024.01.29	20:05:00	1.08115	1.08126	1.08106	1.08118	491	0	1
2024.01.29	20:10:00	1.08118	1.08118	1.08094	1.08103	582	0	1
2024.01.29	20:15:00	1.08103	1.08119	1.08091	1.08111	738	0	1
2024.01.29	20:20:00	1.08111	1.08111	1.08096	1.08099	375	0	1
2024.01.29	20:25:00	1.08100	1.08118	1.08095	1.08117	360	0	1
2024.01.29	20:30:00	1.08118	1.08132	1.08107	1.08111	519	0	1
2024.01.29	20:35:00	1.08111	1.08120	1.08100	1.08108	376	0	1
2024.01.29	20:40:00	1.08108	1.08131	1.08106	1.08124	316	0	1
2024.01.29	20:45:00	1.08124	1.08131	1.08107	1.08109	360	0	1
2024.01.29	20:50:00	1.08110	1.08115	1.08097	1.08100	333	0	1
2024.01.29	20:55:00	1.08100	1.08121	1.08097	1.08114	233	0	1
2024.01.29	21:00:00	1.08114	1.08130	1.08098	1.08122	523	0	1
2024.01.29	21:05:00	1.08122	1.08156	1.08117	1.08155	549	0	1
2024.01.29	21:10:00	1.08155	1.08176	1.08153	1.08161	741	0	1
2024.01.29	21:15:00	1.08161	1.08174	1.08155	1.08171	583	0	1
2024.01.29	21:20:00	1.08171	1.08176	1.08160	1.08175	431	0	1
2024.01.29	21:25:00	1.08175	1.08179	1.08166	1.08176	298	0	1
2024.01.29	21:30:00	1.08177	1.08186	1.08166	1.08174	436	0	1
2024.01.29	21:35:00	1.08174	1.08191	1.08171	1.08185	278	0	1
2024.01.29	21:40:00	1.08185	1.08200	1.08176	1.08184	612	0	1
2024.01.29	21:45:00	1.08185	1.08186	1.08171	1.08175	426	0	1
2024.01.29	21:50:00	1.08174	1.08188	1.08172	1.08185	380	0	1
2024.01.29	21:55:00	1.08185	1.08200	1.08181	1.08189	641	0	1
2024.01.29	22:00:00	1.08190	1.08315	1.08189	1.08275	2024	0	1
2024.01.29	22:05:00	1.08276	1.08294	1.08260	1.08287	1437	0	1
2024.01.29	22:10:00	1.08286	1.08317	1.08283	1.08298	893	0	1
2024.01.29	22:15:00	1.08299	1.08404	1.08297	1.08364	1745	0	1
2024.01.29	22:20:00	1.08363	1.08398	1.08342	1.08379	1831	0	1
2024.01.29	22:25:00	1.08378	1.08395	1.08356	1.08365	1210	0	1
2024.01.29	22:30:00	1.08367	1.08381	1.08325	1.08328	1182	0	1
2024.01.29	22:35:00	1.08329	1.08334	1.08288	1.08318	1391	0	1
2024.01.29	22:40:00	1.08318	1.08350	1.08314	1.08328	781	0	1
2024.01.29	22:45:00	1.08328	1.08334	1.08305	1.08324	814	0	1
2024.01.29	22:50:00	1.08324	1.08337	1.08296	1.08303	632	0	1
2024.01.29	22:55:00	1.08304	1.08335	1.08300	1.08312	889	0	1
2024.01.29	23:00:00	1.08311	1.08311	1.08259	1.08261	608	0	1
2024.01.29	23:05:00	1.08262	1.08296	1.08262	1.08291	332	0	5
2024.01.29	23:10:00	1.08290	1.08304	1.08290	1.08301	197	0	2
2024.01.29	23:15:00	1.08303	1.08306	1.08296	1.08301	217	0	15
2024.01.29	23:20:00	1.08302	1.08327	1.08302	1.08323	199	0	1
2024.01.29	23:25:00	1.08324	1.08331	1.08320	1.08325	204	0	15
2024.01.29	23:30:00	1.08326	1.08326	1.08315	1.08325	128	0	15
2024.01.29	23:35:00	1.08323	1.08334	1.08322	1.08324	172	0	1
2024.01.29	23:40:00	1.08325	1.08332	1.08320	1.08322	143	0	2
2024.01.29	23:45:00	1.08323	1.08343	1.08322	1.08339	271	0	3
2024.01.29	23:50:00	1.08340	1.08341	1.08334	1.08338	220	0	15
2024.01.29	23:55:00	1.08335	1.08338	1.08308	1.08321	124	0	1
2024.01.30	00:00:00	1.08314	1.08321	1.08242	1.08306	18	0	27
2024.01.30	00:05:00	1.08306	1.08318	1.08291	1.08295	32	0	25
2024.01.30	00:10:00	1.08295	1.08313	1.08295	1.08307	21	0	20
2024.01.30	00:15:00	1.08308	1.08326	1.08296	1.08310	138	0	8
2024.01.30	00:20:00	1.08311	1.08316	1.08295	1.08307	106	0	36
2024.01.30	00:25:00	1.08307	1.08310	1.08286	1.08297	224	0	40
2024.01.30	00:30:00	1.08297	1.08328	1.08296	1.08302	378	0	8
2024.01.30	00:35:00	1.08309	1.08329	1.08291	1.08327	552	0	8
2024.01.30	00:40:00	1.08327	1.08327	1.08289	1.08294	710	0	8
2024.01.30	00:45:00	1.08293	1.08328	1.08293	1.08325	466	0	8
2024.01.30	00:50:00	1.08325	1.08337	1.08313	1.08331	248	0	8
2024.01.30	00:55:00	1.08330	1.08335	1.08315	1.08333	155	0	8
2024.01.30	01:00:00	1.08335	1.08368	1.08335	1.08341	330	0	3
2024.01.30	01:05:00	1.08341	1.08358	1.08340	1.08358	114	0	3
2024.01.30	01:10:00	1.08358	1.08360	1.08345	1.08346	92	0	3
2024.01.30	01:15:00	1.08348	1.08354	1.08343	1.08343	61	0	1
2024.01.30	01:20:00	1.08343	1.08349	1.08342	1.08347	67	0	3
2024.01.30	01:25:00	1.08347	1.08367	1.08345	1.08363	122	0	3
2024.01.30	01:30:00	1.08364	1.08368	1.08360	1.08363	145	0	3
2024.01.30	01:35:00	1.08364	1.08367	1.08352	1.08353	70	0	1
2024.01.30	01:40:00	1.08355	1.08357	1.08346	1.08347	115	0	3
2024.01.30	01:45:00	1.08346	1.08360	1.08345	1.08357	113	0	3
2024.01.30	01:50:00	1.08358	1.08360	1.08346	1.08346	60	0	1
2024.01.30	01:55:00	1.08344	1.08346	1.08331	1.08337	138	0	2
2024.01.30	02:00:00	1.08337	1.08365	1.08335	1.08358	353	0	3
2024.01.30	02:05:00	1.08358	1.08362	1.08339	1.08347	197	0	3
2024.01.30	02:10:00	1.08347	1.08353	1.08339	1.08351	183	0	3
2024.01.30	02:15:00	1.08352	1.08365	1.08351	1.08352	255	0	3
2024.01.30	02:20:00	1.08351	1.08374	1.08347	1.08372	306	0	3
2024.01.30	02:25:00	1.08373	1.08384	1.08370	1.08376	367	0	3
2024.01.30	02:30:00	1.08376	1.08377	1.08355	1.08373	255	0	3
2024.01.30	02:35:00	1.08373	1.08390	1.08370	1.08377	290	0	3
2024.01.30	02:40:00	1.08377	1.08389	1.08366	1.08388	317	0	3
2024.01.30	02:45:00	1.08388	1.08416	1.08385	1.08398	446	0	3
2024.01.30	02:50:00	1.08398	1.08424	1.08391	1.08413	972	0	3
2024.01.30	02:55:00	1.08412	1.08419	1.08402	1.08408	295	0	3
2024.01.30	03:00:00	1.08407	1.08407	1.08350	1.08352	521	0	3
2024.01.30	03:05:00	1.08351	1.08372	1.08337	1.08370	374	0	3
2024.01.30	03:10:00	1.08370	1.08385	1.08366	1.08369	410	0	3
2024.01.30	03:15:00	1.08369	1.08376	1.08330	1.08332	358	0	3
2024.01.30	03:20:00	1.08332	1.08356	1.08325	1.08347	550	0	3
2024.01.30	03:25:00	1.08347	1.08358	1.08328	1.08355	490	0	3
2024.01.30	03:30:00	1.08355	1.08355	1.08339	1.08349	532	0	3
2024.01.30	03:35:00	1.08350	1.08375	1.08342	1.08352	655	0	3
2024.01.30	03:40:00	1.08352	1.08353	1.08331	1.08332	436	0	3
2024.01.30	03:45:00	1.08332	1.08351	1.08322	1.08347	478	0	3
2024.01.30	03:50:00	1.08347	1.08360	1.08346	1.08359	308	0	3
2024.01.30	03:55:00	1.08359	1.08360	1.08341	1.08349	309	0	3
2024.01.30	04:00:00	1.08348	1.08352	1.08312	1.08325	458	0	3
2024.01.30	04:05:00	1.08326	1.08327	1.08302	1.08308	280	0	3
2024.01.30	04:10:00	1.08308	1.08317	1.08303	1.08314	202	0	3
2024.01.30	04:15:00	1.08314	1.08324	1.08298	1.08303	363	0	3
2024.01.30	04:20:00	1.08303	1.08326	1.08301	1.08323	244	0	3
2024.01.30	04:25:00	1.08323	1.08326	1.08298	1.08304	327	0	3
2024.01.30	04:30:00	1.08304	1.08309	1.08298	1.08307	212	0	3
2024.01.30	04:35:00	1.08306	1.08329	1.08298	1.08325	318	0	3
2024.01.30	04:40:00	1.08324	1.08333	1.08315	1.08324	245	0	3
2024.01.30	04:45:00	1.08324	1.08362	1.08324	1.08354	247	0	3
2024.01.30	04:50:00	1.08353	1.08353	1.08342	1.08348	215	0	3
2024.01.30	04:55:00	1.08348	1.08351	1.08333	1.08337	291	0	3
2024.01.30	05:00:00	1.08337	1.08341	1.08332	1.08334	145	0	3
2024.01.30	05:05:00	1.08334	1.08346	1.08332	1.08332	174	0	3
2024.01.30	05:10:00	1.08333	1.08341	1.08315	1.08317	208	0	3
2024.01.30	05:15:00	1.08317	1.08327	1.08306	1.08319	178	0	3
2024.01.30	05:20:00	1.08319	1.08322	1.08309	1.08314	165	0	3
2024.01.30	05:25:00	1.08314	1.08324	1.08311	1.08319	144	0	3
2024.01.30	05:30:00	1.08319	1.08330	1.08315	1.08329	175	0	3
2024.01.30	05:35:00	1.08329	1.08341	1.08329	1.08332	260	0	3
2024.01.30	05:40:00	1.08333	1.08335	1.08318	1.08319	372	0	3
2024.01.30	05:45:00	1.08319	1.08324	1.08316	1.08323	96	0	3
2024.01.30	05:50:00	1.08324	1.08325	1.08320	1.08325	76	0	0
2024.01.30	05:55:00	1.08324	1.08324	1.08299	1.08305	235	0	3
2024.01.30	06:00:00	1.08304	1.08333	1.08303	1.08320	199	0	3
2024.01.30	06:05:00	1.08319	1.08323	1.08311	1.08319	104	0	3
2024.01.30	06:10:00	1.08319	1.08334	1.08319	1.08329	127	0	3
2024.01.30	06:15:00	1.08330	1.08332	1.08315	1.08319	97	0	3
2024.01.30	06:20:00	1.08319	1.08323	1.08313	1.08314	78	0	3
2024.01.30	06:25:00	1.08314	1.08336	1.08302	1.08330	219	0	3
2024.01.30	06:30:00	1.08327	1.08336	1.08315	1.08328	217	0	3
2024.01.30	06:35:00	1.08327	1.08329	1.08315	1.08324	185	0	3
2024.01.30	06:40:00	1.08325	1.08327	1.08281	1.08291	333	0	3
2024.01.30	06:45:00	1.08293	1.08293	1.08249	1.08259	491	0	3
2024.01.30	06:50:00	1.08258	1.08266	1.08244	1.08247	468	0	3
2024.01.30	06:55:00	1.08249	1.08255	1.08240	1.08252	378	0	3
2024.01.30	07:00:00	1.08254	1.08255	1.08232	1.08241	385	0	3
2024.01.30	07:05:00	1.08239	1.08247	1.08232	1.08244	306	0	3
2024.01.30	07:10:00	1.08244	1.08259	1.08236	1.08253	246	0	3
2024.01.30	07:15:00	1.08252	1.08271	1.08250	1.08267	256	0	3
2024.01.30	07:20:00	1.08267	1.08290	1.08255	1.08260	533	0	3
2024.01.30	07:25:00	1.08260	1.08278	1.08251	1.08267	331	0	3
2024.01.30	07:30:00	1.08267	1.08279	1.08264	1.08272	395	0	3
2024.01.30	07:35:00	1.08272	1.08285	1.08260	1.08263	336	0	3
2024.01.30	07:40:00	1.08262	1.08270	1.08240	1.08246	352	0	3
2024.01.30	07:45:00	1.08244	1.08249	1.08235	1.08237	330	0	3
2024.01.30	07:50:00	1.08237	1.08240	1.08224	1.08232	261	0	3
2024.01.30	07:55:00	1.08232	1.08234	1.08214	1.08223	410	0	3
2024.01.30	08:00:00	1.08224	1.08240	1.08214	1.08228	524	0	3
2024.01.30	08:05:00	1.08228	1.08239	1.08220	1.08239	428	0	3
2024.01.30	08:10:00	1.08236	1.08251	1.08230	1.08248	413	0	3
2024.01.30	08:15:00	1.08247	1.08260	1.08239	1.08244	549	0	3
2024.01.30	08:20:00	1.08245	1.08245	1.08209	1.08225	684	0	3
2024.01.30	08:25:00	1.08225	1.08228	1.08203	1.08207	723	0	3
2024.01.30	08:30:00	1.08208	1.08229	1.08202	1.08214	640	0	1
2024.01.30	08:35:00	1.08213	1.08232	1.08206	1.08221	583	0	1
2024.01.30	08:40:00	1.08220	1.08227	1.08201	1.08206	415	0	1
2024.01.30	08:45:00	1.08206	1.08210	1.08164	1.08165	893	0	1
2024.01.30	08:50:00	1.08167	1.08174	1.08148	1.08165	744	0	1
2024.01.30	08:55:00	1.08165	1.08170	1.08137	1.08150	880	0	1
2024.01.30	09:00:00	1.08149	1.08152	1.08116	1.08134	1078	0	1
2024.01.30	09:05:00	1.08133	1.08151	1.08129	1.08145	718	0	1
2024.01.30	09:10:00	1.08144	1.08148	1.08118	1.08138	727	0	1
2024.01.30	09:15:00	1.08138	1.08164	1.08126	1.08164	784	0	1
2024.01.30	09:20:00	1.08164	1.08188	1.08156	1.08169	940	0	1
2024.01.30	09:25:00	1.08169	1.08170	1.08134	1.08136	737	0	1
2024.01.30	09:30:00	1.08139	1.08141	1.08129	1.08139	392	0	0
2024.01.30	09:35:00	1.08139	1.08170	1.08132	1.08160	510	0	0
2024.01.30	09:40:00	1.08160	1.08195	1.08154	1.08167	759	0	0
2024.01.30	09:45:00	1.08167	1.08206	1.08163	1.08201	534	0	0
2024.01.30	09:50:00	1.08201	1.08239	1.08197	1.08219	592	0	0
2024.01.30	09:55:00	1.08219	1.08245	1.08216	1.08228	632	0	0
2024.01.30	10:00:00	1.08229	1.08323	1.08229	1.08250	2094	0	0
2024.01.30	10:05:00	1.08250	1.08269	1.08229	1.08261	1088	0	0
2024.01.30	10:10:00	1.08261	1.08279	1.08230	1.08254	1052	0	0
2024.01.30	10:15:00	1.08254	1.08269	1.08225	1.08225	716	0	0
2024.01.30	10:20:00	1.08224	1.08243	1.08205	1.08233	879	0	0
2024.01.30	10:25:00	1.08233	1.08238	1.08187	1.08198	869	0	0
2024.01.30	10:30:00	1.08198	1.08228	1.08167	1.08174	771	0	0
2024.01.30	10:35:00	1.08173	1.08219	1.08163	1.08209	711	0	0
2024.01.30	10:40:00	1.08209	1.08247	1.08205	1.08245	644	0	0
2024.01.30	10:45:00	1.08245	1.08274	1.08219	1.08219	773	0	0
2024.01.30	10:50:00	1.08219	1.08233	1.08207	1.08225	660	0	0
2024.01.30	10:55:00	1.08225	1.08238	1.08208	1.08220	663	0	0
2024.01.30	11:00:00	1.08220	1.08241	1.08189	1.08200	859	0	0
2024.01.30	11:05:00	1.08200	1.08222	1.08179	1.08203	562	0	0
2024.01.30	11:10:00	1.08203	1.08207	1.08177	1.08199	477	0	0
2024.01.30	11:15:00	1.08199	1.08220	1.08179	1.08183	500	0	0
2024.01.30	11:20:00	1.08183	1.08218	1.08179	1.08213	520	0	0
2024.01.30	11:25:00	1.08213	1.08225	1.08198	1.08209	464	0	0
2024.01.30	11:30:00	1.08209	1.08277	1.08206	1.08270	573	0	0
2024.01.30	11:35:00	1.08270	1.08270	1.08234	1.08255	668	0	0
2024.01.30	11:40:00	1.08255	1.08273	1.08250	1.08254	563	0	0
2024.01.30	11:45:00	1.08254	1.08261	1.08236	1.08255	455	0	0
2024.01.30	11:50:00	1.08255	1.08266	1.08250	1.08259	467	0	0
2024.01.30	11:55:00	1.08259	1.08294	1.08255	1.08269	627	0	0
2024.01.30	12:00:00	1.08270	1.08284	1.08240	1.08249	736	0	0
2024.01.30	12:05:00	1.08249	1.08275	1.08241	1.08242	579	0	0
2024.01.30	12:10:00	1.08242	1.08273	1.08231	1.08265	560	0	0
2024.01.30	12:15:00	1.08266	1.08309	1.08256	1.08274	654	0	0
2024.01.30	12:20:00	1.08275	1.08295	1.08271	1.08280	560	0	0
2024.01.30	12:25:00	1.08280	1.08305	1.08280	1.08289	471	0	0
2024.01.30	12:30:00	1.08288	1.08347	1.08280	1.08343	534	0	0
2024.01.30	12:35:00	1.08343	1.08373	1.08334	1.08365	770	0	0
2024.01.30	12:40:00	1.08365	1.08371	1.08343	1.08350	411	0	0
2024.01.30	12:45:00	1.08350	1.08405	1.08349	1.08395	553	0	0
2024.01.30	12:50:00	1.08396	1.08403	1.08365	1.08375	532	0	0
2024.01.30	12:55:00	1.08376	1.08393	1.08364	1.08383	546	0	0
2024.01.30	13:00:00	1.08384	1.08397	1.08381	1.08389	482	0	0
2024.01.30	13:05:00	1.08390	1.08401	1.08382	1.08388	347	0	0
2024.01.30	13:10:00	1.08388	1.08394	1.08371	1.08379	514	0	0
2024.01.30	13:15:00	1.08379	1.08393	1.08371	1.08389	393	0	0
2024.01.30	13:20:00	1.08389	1.08446	1.08388	1.08440	484	0	0
2024.01.30	13:25:00	1.08440	1.08455	1.08428	1.08435	871	0	0
2024.01.30	13:30:00	1.08433	1.08438	1.08400	1.08402	474	0	0
2024.01.30	13:35:00	1.08402	1.08479	1.08392	1.08474	609	0	0
2024.01.30	13:40:00	1.08473	1.08478	1.08459	1.08476	324	0	0
2024.01.30	13:45:00	1.08476	1.08481	1.08467	1.08473	324	0	0
2024.01.30	13:50:00	1.08474	1.08480	1.08457	1.08458	328	0	0
2024.01.30	13:55:00	1.08458	1.08459	1.08417	1.08418	658	0	0
2024.01.30	14:00:00	1.08418	1.08435	1.08403	1.08407	744	0	0
2024.01.30	14:05:00	1.08407	1.08425	1.08401	1.08419	615	0	0
2024.01.30	14:10:00	1.08421	1.08421	1.08404	1.08417	621	0	0
2024.01.30	14:15:00	1.08417	1.08425	1.08394	1.08402	549	0	0
2024.01.30	14:20:00	1.08400	1.08424	1.08375	1.08417	934	0	0
2024.01.30	14:25:00	1.08419	1.08446	1.08401	1.08438	705	0	0
2024.01.30	14:30:00	1.08438	1.08445	1.08396	1.08402	900	0	0
2024.01.30	14:35:00	1.08403	1.08405	1.08365	1.08394	858	0	0
2024.01.30	14:40:00	1.08394	1.08436	1.08392	1.08429	677	0	0
2024.01.30	14:45:00	1.08428	1.08459	1.08423	1.08445	766	0	0
2024.01.30	14:50:00	1.08447	1.08457	1.08425	1.08449	723	0	0
2024.01.30	14:55:00	1.08449	1.08500	1.08449	1.08476	1205	0	0
2024.01.30	15:00:00	1.08476	1.08485	1.08433	1.08461	1255	0	0
2024.01.30	15:05:00	1.08462	1.08479	1.08445	1.08460	974	0	0
2024.01.30	15:10:00	1.08459	1.08461	1.08397	1.08407	1342	0	0
2024.01.30	15:15:00	1.08408	1.08419	1.08381	1.08393	1321	0	0
2024.01.30	15:20:00	1.08393	1.08421	1.08385	1.08397	1152	0	0
2024.01.30	15:25:00	1.08398	1.08417	1.08396	1.08409	912	0	0
2024.01.30	15:30:00	1.08409	1.08439	1.08400	1.08404	1011	0	0
2024.01.30	15:35:00	1.08404	1.08404	1.08359	1.08376	1230	0	0
2024.01.30	15:40:00	1.08378	1.08455	1.08375	1.08429	1233	0	0
2024.01.30	15:45:00	1.08429	1.08440	1.08377	1.08401	1667	0	0
2024.01.30	15:50:00	1.08401	1.08408	1.08356	1.08356	1441	0	0
2024.01.30	15:55:00	1.08356	1.08380	1.08340	1.08346	1590	0	0
2024.01.30	16:00:00	1.08349	1.08368	1.08294	1.08360	1770	0	0
2024.01.30	16:05:00	1.08364	1.08389	1.08331	1.08365	1582	0	0
2024.01.30	16:10:00	1.08365	1.08450	1.08360	1.08440	1436	0	0
2024.01.30	16:15:00	1.08440	1.08465	1.08426	1.08444	1211	0	0
2024.01.30	16:20:00	1.08444	1.08471	1.08437	1.08466	1338	0	0
2024.01.30	16:25:00	1.08466	1.08517	1.08464	1.08501	1467	0	0
2024.01.30	16:30:00	1.08501	1.08562	1.08501	1.08541	1903	0	0
2024.01.30	16:35:00	1.08541	1.08564	1.08500	1.08508	1699	0	0
2024.01.30	16:40:00	1.08508	1.08508	1.08454	1.08496	1528	0	0
2024.01.30	16:45:00	1.08496	1.08557	1.08490	1.08556	1708	0	0
2024.01.30	16:50:00	1.08558	1.08575	1.08515	1.08524	2142	0	0
2024.01.30	16:55:00	1.08524	1.08533	1.08470	1.08505	1714	0	0
2024.01.30	17:00:00	1.08504	1.08568	1.08329	1.08399	4005	0	0
2024.01.30	17:05:00	1.08399	1.08434	1.08332	1.08401	3367	0	0
2024.01.30	17:10:00	1.08400	1.08414	1.08313	1.08320	3423	0	0
2024.01.30	17:15:00	1.08321	1.08349	1.08278	1.08332	2648	0	0
2024.01.30	17:20:00	1.08333	1.08342	1.08292	1.08338	2321	0	0
2024.01.30	17:25:00	1.08338	1.08385	1.08307	1.08382	2066	0	0
2024.01.30	17:30:00	1.08381	1.08389	1.08347	1.08388	1731	0	0
2024.01.30	17:35:00	1.08384	1.08415	1.08375	1.08412	1962	0	0
2024.01.30	17:40:00	1.08411	1.08440	1.08377	1.08418	1798	0	0
2024.01.30	17:45:00	1.08418	1.08431	1.08386	1.08400	1736	0	0
2024.01.30	17:50:00	1.08400	1.08401	1.08317	1.08328	2080	0	0
2024.01.30	17:55:00	1.08328	1.08382	1.08325	1.08369	1721	0	0
2024.01.30	18:00:00	1.08369	1.08404	1.08342	1.08397	1610	0	0
2024.01.30	18:05:00	1.08397	1.08416	1.08367	1.08380	1282	0	0
2024.01.30	18:10:00	1.08380	1.08417	1.08365	1.08386	1403	0	0
2024.01.30	18:15:00	1.08385	1.08391	1.08352	1.08364	1125	0	0
2024.01.30	18:20:00	1.08362	1.08393	1.08351	1.08369	1045	0	0
2024.01.30	18:25:00	1.08369	1.08411	1.08362	1.08394	1459	0	0
2024.01.30	18:30:00	1.08396	1.08412	1.08384	1.08405	1248	0	0
2024.01.30	18:35:00	1.08405	1.08438	1.08382	1.08437	762	0	0
2024.01.30	18:40:00	1.08438	1.08443	1.08423	1.08430	904	0	0
2024.01.30	18:45:00	1.08430	1.08443	1.08415	1.08425	761	0	0
2024.01.30	18:50:00	1.08425	1.08440	1.08406	1.08409	933	0	0
2024.01.30	18:55:00	1.08410	1.08438	1.08406	1.08431	672	0	0
2024.01.30	19:00:00	1.08431	1.08450	1.08413	1.08442	1058	0	1
2024.01.30	19:05:00	1.08442	1.08448	1.08417	1.08440	956	0	1
2024.01.30	19:10:00	1.08440	1.08472	1.08429	1.08470	871	0	1
2024.01.30	19:15:00	1.08471	1.08474	1.08438	1.08450	1073	0	1
2024.01.30	19:20:00	1.08451	1.08466	1.08440	1.08459	1115	0	1
2024.01.30	19:25:00	1.08459	1.08460	1.08423	1.08430	905	0	1
2024.01.30	19:30:00	1.08430	1.08434	1.08411	1.08419	945	0	1
2024.01.30	19:35:00	1.08419	1.08431	1.08412	1.08419	740	0	1
2024.01.30	19:40:00	1.08419	1.08430	1.08386	1.08391	680	0	1
2024.01.30	19:45:00	1.08390	1.08396	1.08365	1.08379	1082	0	1
2024.01.30	19:50:00	1.08379	1.08395	1.08366	1.08394	668	0	1
2024.01.30	19:55:00	1.08393	1.08400	1.08376	1.08389	510	0	1
2024.01.30	20:00:00	1.08389	1.08389	1.08335	1.08336	1088	0	1
2024.01.30	20:05:00	1.08338	1.08376	1.08335	1.08353	1021	0	1
2024.01.30	20:10:00	1.08353	1.08356	1.08327	1.08353	675	0	1
2024.01.30	20:15:00	1.08353	1.08359	1.08322	1.08334	749	0	1
2024.01.30	20:20:00	1.08334	1.08338	1.08313	1.08317	535	0	1
2024.01.30	20:25:00	1.08318	1.08351	1.08317	1.08350	699	0	1
2024.01.30	20:30:00	1.08351	1.08372	1.08350	1.08369	592	0	1
2024.01.30	20:35:00	1.08369	1.08373	1.08342	1.08361	551	0	1
2024.01.30	20:40:00	1.08361	1.08377	1.08352	1.08355	661	0	1
2024.01.30	20:45:00	1.08355	1.08368	1.08349	1.08362	387	0	1
2024.01.30	20:50:00	1.08363	1.08370	1.08356	1.08360	422	0	1
2024.01.30	20:55:00	1.08359	1.08370	1.08351	1.08358	392	0	1
2024.01.30	21:00:00	1.08359	1.08377	1.08354	1.08358	559	0	1
2024.01.30	21:05:00	1.08357	1.08381	1.08354	1.08375	717	0	1
2024.01.30	21:10:00	1.08375	1.08385	1.08365	1.08378	619	0	1
2024.01.30	21:15:00	1.08378	1.08398	1.08378	1.08389	553	0	1
2024.01.30	21:20:00	1.08389	1.08414	1.08386	1.08407	451	0	1
2024.01.30	21:25:00	1.08407	1.08417	1.08404	1.08417	441	0	1
2024.01.30	21:30:00	1.08417	1.08441	1.08413	1.08441	633	0	1
2024.01.30	21:35:00	1.08441	1.08457	1.08429	1.08431	793	0	1
2024.01.30	21:40:00	1.08432	1.08450	1.08428	1.08450	535	0	1
2024.01.30	21:45:00	1.08451	1.08458	1.08429	1.08454	508	0	1
2024.01.30	21:50:00	1.08456	1.08458	1.08432	1.08441	516	0	1
2024.01.30	21:55:00	1.08442	1.08472	1.08439	1.08461	733	0	1
2024.01.30	22:00:00	1.08460	1.08486	1.08457	1.08469	811	0	1
2024.01.30	22:05:00	1.08469	1.08476	1.08438	1.08441	557	0	1
2024.01.30	22:10:00	1.08441	1.08453	1.08434	1.08435	573	0	1
2024.01.30	22:15:00	1.08435	1.08446	1.08430	1.08436	551	0	1
2024.01.30	22:20:00	1.08436	1.08447	1.08428	1.08436	440	0	1
2024.01.30	22:25:00	1.08436	1.08454	1.08432	1.08435	465	0	1
2024.01.30	22:30:00	1.08434	1.08442	1.08424	1.08429	514	0	1
2024.01.30	22:35:00	1.08429	1.08432	1.08415	1.08422	530	0	1
2024.01.30	22:40:00	1.08422	1.08428	1.08406	1.08420	432	0	1
2024.01.30	22:45:00	1.08420	1.08424	1.08414	1.08423	335	0	1
2024.01.30	22:50:00	1.08422	1.08437	1.08418	1.08425	480	0	1
2024.01.30	22:55:00	1.08426	1.08453	1.08423	1.08446	557	0	1
2024.01.30	23:00:00	1.08439	1.08445	1.08418	1.08428	661	0	15
2024.01.30	23:05:00	1.08428	1.08434	1.08421	1.08423	200	0	2
2024.01.30	23:10:00	1.08424	1.08435	1.08422	1.08434	273	0	15
2024.01.30	23:15:00	1.08435	1.08451	1.08433	1.08449	217	0	3
2024.01.30	23:20:00	1.08450	1.08464	1.08444	1.08458	151	0	15
2024.01.30	23:25:00	1.08457	1.08458	1.08441	1.08452	211	0	3
2024.01.30	23:30:00	1.08454	1.08459	1.08449	1.08456	152	0	15
2024.01.30	23:35:00	1.08455	1.08457	1.08448	1.08449	98	0	15
2024.01.30	23:40:00	1.08450	1.08460	1.08449	1.08457	164	0	15
2024.01.30	23:45:00	1.08458	1.08464	1.08444	1.08448	312	0	15
2024.01.30	23:50:00	1.08447	1.08457	1.08443	1.08449	248	0	3
2024.01.30	23:55:00	1.08456	1.08456	1.08446	1.08451	155	0	4
2024.01.31	00:00:00	1.08451	1.08451	1.08366	1.08410	16	0	14
