<DATE>	<TIME>	<OPEN>	<HIGH>	<LOW>	<CLOSE>	<TICKVOL>	<VOL>	<SPREAD>
2024.01.02	00:00:00	1.27210	1.27210	1.27205	1.27205	6	0	109
2024.01.02	00:05:00	1.27205	1.27254	1.27197	1.27227	34	0	71
2024.01.02	00:10:00	1.27227	1.27259	1.27217	1.27259	22	0	52
2024.01.02	00:15:00	1.27238	1.27263	1.27221	1.27242	20	0	47
2024.01.02	00:20:00	1.27240	1.27278	1.27201	1.27258	37	0	20
2024.01.02	00:25:00	1.27253	1.27285	1.27245	1.27275	19	0	1
2024.01.02	00:30:00	1.27260	1.27285	1.27171	1.27185	65	0	1
2024.01.02	00:35:00	1.27190	1.27278	1.27167	1.27278	56	0	54
2024.01.02	00:40:00	1.27278	1.27312	1.27278	1.27311	26	0	22
2024.01.02	00:45:00	1.27311	1.27319	1.27286	1.27294	25	0	11
2024.01.02	00:50:00	1.27299	1.27312	1.27279	1.27312	24	0	16
2024.01.02	00:55:00	1.27312	1.27312	1.27266	1.27268	39	0	15
2024.01.02	01:00:00	1.27304	1.27330	1.27301	1.27326	259	0	5
2024.01.02	01:05:00	1.27328	1.27351	1.27324	1.27339	98	0	5
2024.01.02	01:10:00	1.27340	1.27341	1.27312	1.27322	182	0	5
2024.01.02	01:15:00	1.27322	1.27322	1.27269	1.27270	254	0	5
2024.01.02	01:20:00	1.27270	1.27291	1.27259	1.27271	538	0	5
2024.01.02	01:25:00	1.27271	1.27314	1.27262	1.27305	449	0	5
2024.01.02	01:30:00	1.27305	1.27311	1.27285	1.27285	158	0	5
2024.01.02	01:35:00	1.27287	1.27296	1.27282	1.27285	259	0	5
2024.01.02	01:40:00	1.27285	1.27292	1.27268	1.27269	324	0	5
2024.01.02	01:45:00	1.27268	1.27290	1.27259	1.27275	361	0	5
2024.01.02	01:50:00	1.27275	1.27284	1.27271	1.27275	181	0	5
2024.01.02	01:55:00	1.27276	1.27282	1.27265	1.27275	155	0	5
2024.01.02	02:00:00	1.27275	1.27295	1.27265	1.27294	383	0	5
2024.01.02	02:05:00	1.27294	1.27294	1.27267	1.27281	200	0	5
2024.01.02	02:10:00	1.27281	1.27294	1.27273	1.27276	291	0	5
2024.01.02	02:15:00	1.27276	1.27295	1.27274	1.27274	194	0	5
2024.01.02	02:20:00	1.27274	1.27274	1.27228	1.27244	275	0	5
2024.01.02	02:25:00	1.27244	1.27247	1.27214	1.27231	249	0	5
2024.01.02	02:30:00	1.27230	1.27244	1.27223	1.27230	326	0	5
2024.01.02	02:35:00	1.27230	1.27237	1.27221	1.27223	210	0	5
2024.01.02	02:40:00	1.27224	1.27232	1.27216	1.27222	249	0	5
2024.01.02	02:45:00	1.27222	1.27254	1.27220	1.27246	279	0	5
2024.01.02	02:50:00	1.27246	1.27265	1.27246	1.27255	245	0	5
2024.01.02	02:55:00	1.27255	1.27265	1.27243	1.27255	382	0	5
2024.01.02	03:00:00	1.27254	1.27287	1.27238	1.27281	739	0	5
2024.01.02	03:05:00	1.27280	1.27334	1.27262	1.27264	587	0	5
2024.01.02	03:10:00	1.27265	1.27277	1.27244	1.27254	407	0	5
2024.01.02	03:15:00	1.27255	1.27296	1.27254	1.27289	757	0	5
2024.01.02	03:20:00	1.27289	1.27300	1.27266	1.27284	473	0	5
2024.01.02	03:25:00	1.27284	1.27291	1.27253	1.27261	396	0	5
2024.01.02	03:30:00	1.27261	1.27264	1.27225	1.27251	671	0	5
2024.01.02	03:35:00	1.27251	1.27253	1.27214	1.27235	498	0	5
2024.01.02	03:40:00	1.27235	1.27246	1.27228	1.27245	326	0	5
2024.01.02	03:45:00	1.27245	1.27266	1.27242	1.27245	494	0	5
2024.01.02	03:50:00	1.27245	1.27251	1.27223	1.27235	334	0	5
2024.01.02	03:55:00	1.27235	1.27235	1.27201	1.27206	315	0	5
2024.01.02	04:00:00	1.27206	1.27253	1.27202	1.27249	329	0	5
2024.01.02	04:05:00	1.27249	1.27249	1.27215	1.27236	311	0	5
2024.01.02	04:10:00	1.27236	1.27246	1.27217	1.27245	148	0	5
2024.01.02	04:15:00	1.27245	1.27246	1.27226	1.27233	245	0	5
2024.01.02	04:20:00	1.27233	1.27235	1.27213	1.27226	280	0	5
2024.01.02	04:25:00	1.27226	1.27233	1.27210	1.27211	209	0	5
2024.01.02	04:30:00	1.27211	1.27227	1.27203	1.27226	445	0	5
2024.01.02	04:35:00	1.27226	1.27227	1.27151	1.27166	456	0	5
2024.01.02	04:40:00	1.27166	1.27172	1.27124	1.27143	418	0	5
2024.01.02	04:45:00	1.27143	1.27149	1.27120	1.27125	417	0	5
2024.01.02	04:50:00	1.27125	1.27147	1.27111	1.27116	282	0	5
2024.01.02	04:55:00	1.27116	1.27133	1.27097	1.27104	497	0	5
2024.01.02	05:00:00	1.27104	1.27108	1.27097	1.27107	348	0	5
2024.01.02	05:05:00	1.27106	1.27157	1.27098	1.27148	434	0	5
2024.01.02	05:10:00	1.27148	1.27169	1.27144	1.27154	445	0	5
2024.01.02	05:15:00	1.27154	1.27165	1.27136	1.27137	311	0	5
2024.01.02	05:20:00	1.27137	1.27150	1.27133	1.27147	226	0	5
2024.01.02	05:25:00	1.27147	1.27147	1.27125	1.27136	236	0	5
2024.01.02	05:30:00	1.27136	1.27157	1.27136	1.27146	275	0	5
2024.01.02	05:35:00	1.27146	1.27157	1.27144	1.27155	203	0	5
2024.01.02	05:40:00	1.27155	1.27157	1.27148	1.27157	201	0	5
2024.01.02	05:45:00	1.27157	1.27200	1.27157	1.27184	213	0	5
2024.01.02	05:50:00	1.27184	1.27185	1.27144	1.27146	220	0	5
2024.01.02	05:55:00	1.27146	1.27186	1.27130	1.27184	249	0	5
2024.01.02	06:00:00	1.27184	1.27190	1.27153	1.27157	204	0	5
2024.01.02	06:05:00	1.27157	1.27157	1.27145	1.27154	208	0	5
2024.01.02	06:10:00	1.27154	1.27168	1.27147	1.27155	140	0	5
2024.01.02	06:15:00	1.27155	1.27160	1.27127	1.27138	221	0	5
2024.01.02	06:20:00	1.27138	1.27157	1.27137	1.27138	95	0	5
2024.01.02	06:25:00	1.27138	1.27145	1.27129	1.27130	115	0	5
2024.01.02	06:30:00	1.27130	1.27150	1.27130	1.27138	155	0	5
2024.01.02	06:35:00	1.27138	1.27160	1.27137	1.27156	109	0	5
2024.01.02	06:40:00	1.27156	1.27158	1.27126	1.27126	120	0	5
2024.01.02	06:45:00	1.27126	1.27129	1.27115	1.27117	83	0	5
2024.01.02	06:50:00	1.27117	1.27126	1.27107	1.27110	119	0	5
2024.01.02	06:55:00	1.27110	1.27143	1.27109	1.27142	274	0	5
2024.01.02	07:00:00	1.27142	1.27190	1.27140	1.27181	344	0	5
2024.01.02	07:05:00	1.27180	1.27185	1.27156	1.27172	191	0	5
2024.01.02	07:10:00	1.27172	1.27209	1.27166	1.27207	389	0	5
2024.01.02	07:15:00	1.27207	1.27226	1.27203	1.27216	385	0	5
2024.01.02	07:20:00	1.27216	1.27245	1.27208	1.27242	330	0	5
2024.01.02	07:25:00	1.27243	1.27249	1.27236	1.27238	263	0	5
2024.01.02	07:30:00	1.27238	1.27253	1.27234	1.27243	288	0	5
2024.01.02	07:35:00	1.27243	1.27269	1.27240	1.27264	377	0	5
2024.01.02	07:40:00	1.27264	1.27301	1.27262	1.27298	521	0	5
2024.01.02	07:45:00	1.27298	1.27362	1.27291	1.27341	644	0	5
2024.01.02	07:50:00	1.27341	1.27411	1.27337	1.27399	501	0	5
2024.01.02	07:55:00	1.27400	1.27402	1.27349	1.27369	427	0	5
2024.01.02	08:00:00	1.27369	1.27373	1.27317	1.27325	469	0	5
2024.01.02	08:05:00	1.27325	1.27339	1.27324	1.27339	306	0	5
2024.01.02	08:10:00	1.27339	1.27350	1.27330	1.27339	319	0	5
2024.01.02	08:15:00	1.27339	1.27341	1.27316	1.27328	215	0	5
2024.01.02	08:20:00	1.27328	1.27337	1.27318	1.27329	284	0	5
2024.01.02	08:25:00	1.27329	1.27341	1.27309	1.27341	387	0	2
2024.01.02	08:30:00	1.27341	1.27352	1.27332	1.27339	404	0	2
2024.01.02	08:35:00	1.27340	1.27352	1.27327	1.27346	314	0	2
2024.01.02	08:40:00	1.27346	1.27366	1.27328	1.27338	344	0	2
2024.01.02	08:45:00	1.27338	1.27363	1.27316	1.27358	405	0	2
2024.01.02	08:50:00	1.27358	1.27360	1.27306	1.27309	481	0	2
2024.01.02	08:55:00	1.27309	1.27314	1.27289	1.27311	412	0	2
2024.01.02	09:00:00	1.27311	1.27349	1.27268	1.27300	824	0	2
2024.01.02	09:05:00	1.27298	1.27368	1.27296	1.27308	776	0	2
2024.01.02	09:10:00	1.27308	1.27361	1.27294	1.27346	737	0	2
2024.01.02	09:15:00	1.27346	1.27420	1.27343	1.27394	921	0	2
2024.01.02	09:20:00	1.27396	1.27410	1.27369	1.27399	824	0	2
2024.01.02	09:25:00	1.27399	1.27407	1.27360	1.27390	665	0	1
2024.01.02	09:30:00	1.27391	1.27441	1.27388	1.27418	692	0	1
2024.01.02	09:35:00	1.27417	1.27423	1.27381	1.27403	637	0	1
2024.01.02	09:40:00	1.27403	1.27410	1.27340	1.27342	531	0	1
2024.01.02	09:45:00	1.27342	1.27367	1.27307	1.27344	1006	0	1
2024.01.02	09:50:00	1.27344	1.27369	1.27314	1.27323	1324	0	1
2024.01.02	09:55:00	1.27323	1.27373	1.27308	1.27323	1626	0	1
2024.01.02	10:00:00	1.27323	1.27531	1.27294	1.27485	2499	0	1
2024.01.02	10:05:00	1.27485	1.27549	1.27455	1.27539	1831	0	1
2024.01.02	10:10:00	1.27539	1.27601	1.27505	1.27576	1639	0	1
2024.01.02	10:15:00	1.27576	1.27584	1.27492	1.27527	2171	0	1
2024.01.02	10:20:00	1.27526	1.27526	1.27468	1.27516	1021	0	1
2024.01.02	10:25:00	1.27516	1.27517	1.27461	1.27492	993	0	1
2024.01.02	10:30:00	1.27492	1.27538	1.27486	1.27522	967	0	1
2024.01.02	10:35:00	1.27521	1.27525	1.27447	1.27486	1092	0	1
2024.01.02	10:40:00	1.27486	1.27498	1.27462	1.27492	814	0	1
2024.01.02	10:45:00	1.27493	1.27546	1.27483	1.27524	935	0	1
2024.01.02	10:50:00	1.27523	1.27547	1.27468	1.27521	1164	0	1
2024.01.02	10:55:00	1.27520	1.27538	1.27484	1.27497	958	0	1
2024.01.02	11:00:00	1.27497	1.27566	1.27477	1.27477	894	0	1
2024.01.02	11:05:00	1.27477	1.27518	1.27456	1.27507	611	0	1
2024.01.02	11:10:00	1.27507	1.27530	1.27481	1.27514	679	0	1
2024.01.02	11:15:00	1.27514	1.27530	1.27483	1.27494	821	0	1
2024.01.02	11:20:00	1.27494	1.27494	1.27447	1.27451	701	0	1
2024.01.02	11:25:00	1.27450	1.27481	1.27424	1.27445	591	0	1
2024.01.02	11:30:00	1.27446	1.27466	1.27416	1.27449	840	0	1
2024.01.02	11:35:00	1.27449	1.27450	1.27368	1.27372	1084	0	1
2024.01.02	11:40:00	1.27372	1.27376	1.27259	1.27274	1085	0	1
2024.01.02	11:45:00	1.27273	1.27273	1.27180	1.27264	1121	0	1
2024.01.02	11:50:00	1.27264	1.27268	1.27214	1.27236	854	0	1
2024.01.02	11:55:00	1.27235	1.27237	1.27170	1.27175	735	0	1
2024.01.02	12:00:00	1.27173	1.27188	1.27141	1.27149	1145	0	1
2024.01.02	12:05:00	1.27148	1.27160	1.27113	1.27129	1076	0	1
2024.01.02	12:10:00	1.27127	1.27135	1.27026	1.27067	1339	0	1
2024.01.02	12:15:00	1.27066	1.27111	1.27060	1.27076	1313	0	1
2024.01.02	12:20:00	1.27076	1.27109	1.27063	1.27070	760	0	1
2024.01.02	12:25:00	1.27070	1.27131	1.27063	1.27093	1107	0	1
2024.01.02	12:30:00	1.27094	1.27149	1.27079	1.27130	910	0	1
2024.01.02	12:35:00	1.27130	1.27141	1.27092	1.27116	819	0	1
2024.01.02	12:40:00	1.27116	1.27134	1.27027	1.27071	1244	0	1
2024.01.02	12:45:00	1.27071	1.27075	1.27036	1.27056	870	0	1
2024.01.02	12:50:00	1.27056	1.27073	1.27005	1.27038	926	0	1
2024.01.02	12:55:00	1.27038	1.27040	1.26926	1.26950	1612	0	1
2024.01.02	13:00:00	1.26954	1.26954	1.26802	1.26839	1878	0	1
2024.01.02	13:05:00	1.26839	1.26861	1.26754	1.26755	1755	0	1
2024.01.02	13:10:00	1.26755	1.26780	1.26683	1.26699	1605	0	1
2024.01.02	13:15:00	1.26699	1.26718	1.26671	1.26701	1513	0	1
2024.01.02	13:20:00	1.26701	1.26785	1.26684	1.26776	2101	0	1
2024.01.02	13:25:00	1.26775	1.26829	1.26727	1.26732	1400	0	1
2024.01.02	13:30:00	1.26732	1.26744	1.26670	1.26678	1016	0	1
2024.01.02	13:35:00	1.26678	1.26694	1.26646	1.26667	1243	0	1
2024.01.02	13:40:00	1.26667	1.26681	1.26581	1.26585	1059	0	1
2024.01.02	13:45:00	1.26585	1.26611	1.26550	1.26591	1193	0	1
2024.01.02	13:50:00	1.26593	1.26614	1.26562	1.26581	992	0	1
2024.01.02	13:55:00	1.26582	1.26631	1.26539	1.26627	1225	0	1
2024.01.02	14:00:00	1.26627	1.26632	1.26546	1.26588	1087	0	1
2024.01.02	14:05:00	1.26588	1.26593	1.26524	1.26581	1371	0	1
2024.01.02	14:10:00	1.26581	1.26628	1.26558	1.26566	1060	0	1
2024.01.02	14:15:00	1.26566	1.26591	1.26552	1.26581	999	0	1
2024.01.02	14:20:00	1.26581	1.26597	1.26543	1.26563	1143	0	1
2024.01.02	14:25:00	1.26563	1.26630	1.26562	1.26591	823	0	1
2024.01.02	14:30:00	1.26591	1.26599	1.26554	1.26586	725	0	1
2024.01.02	14:35:00	1.26587	1.26587	1.26454	1.26476	1206	0	1
2024.01.02	14:40:00	1.26476	1.26535	1.26471	1.26478	1190	0	1
2024.01.02	14:45:00	1.26477	1.26494	1.26439	1.26489	945	0	1
2024.01.02	14:50:00	1.26489	1.26509	1.26450	1.26458	932	0	1
2024.01.02	14:55:00	1.26458	1.26461	1.26393	1.26435	1112	0	1
2024.01.02	15:00:00	1.26435	1.26485	1.26433	1.26452	1135	0	1
2024.01.02	15:05:00	1.26452	1.26463	1.26423	1.26449	626	0	1
2024.01.02	15:10:00	1.26449	1.26464	1.26405	1.26444	1114	0	1
2024.01.02	15:15:00	1.26444	1.26477	1.26415	1.26417	1174	0	1
2024.01.02	15:20:00	1.26413	1.26417	1.26347	1.26395	1217	0	1
2024.01.02	15:25:00	1.26397	1.26421	1.26368	1.26401	916	0	1
2024.01.02	15:30:00	1.26403	1.26479	1.26385	1.26464	1398	0	1
2024.01.02	15:35:00	1.26461	1.26466	1.26353	1.26363	1191	0	1
2024.01.02	15:40:00	1.26363	1.26405	1.26353	1.26384	1517	0	1
2024.01.02	15:45:00	1.26384	1.26398	1.26322	1.26327	1034	0	1
2024.01.02	15:50:00	1.26326	1.26326	1.26212	1.26258	1583	0	1
2024.01.02	15:55:00	1.26258	1.26330	1.26243	1.26295	1250	0	1
2024.01.02	16:00:00	1.26296	1.26370	1.26254	1.26302	1803	0	1
2024.01.02	16:05:00	1.26302	1.26302	1.26231	1.26291	1532	0	1
2024.01.02	16:10:00	1.26291	1.26291	1.26200	1.26244	1609	0	1
2024.01.02	16:15:00	1.26244	1.26258	1.26219	1.26258	1386	0	1
2024.01.02	16:20:00	1.26258	1.26379	1.26246	1.26318	1657	0	1
2024.01.02	16:25:00	1.26317	1.26384	1.26310	1.26351	1613	0	1
2024.01.02	16:30:00	1.26350	1.26446	1.26337	1.26442	2178	0	1
2024.01.02	16:35:00	1.26442	1.26448	1.26378	1.26387	1661	0	1
2024.01.02	16:40:00	1.26387	1.26421	1.26313	1.26363	1800	0	1
2024.01.02	16:45:00	1.26363	1.26422	1.26265	1.26312	2899	0	1
2024.01.02	16:50:00	1.26312	1.26382	1.26266	1.26267	2294	0	1
2024.01.02	16:55:00	1.26267	1.26312	1.26244	1.26283	2248	0	1
2024.01.02	17:00:00	1.26283	1.26378	1.26271	1.26303	2473	0	1
2024.01.02	17:05:00	1.26303	1.26319	1.26214	1.26233	2579	0	1
2024.01.02	17:10:00	1.26233	1.26289	1.26198	1.26232	2389	0	1
2024.01.02	17:15:00	1.26233	1.26273	1.26155	1.26223	2176	0	1
2024.01.02	17:20:00	1.26223	1.26314	1.26207	1.26297	1842	0	1
2024.01.02	17:25:00	1.26297	1.26324	1.26243	1.26273	1799	0	1
2024.01.02	17:30:00	1.26272	1.26273	1.26189	1.26252	1764	0	1
2024.01.02	17:35:00	1.26254	1.26263	1.26151	1.26209	2169	0	1
2024.01.02	17:40:00	1.26208	1.26232	1.26157	1.26171	2361	0	1
2024.01.02	17:45:00	1.26172	1.26242	1.26150	1.26168	1701	0	1
2024.01.02	17:50:00	1.26168	1.26207	1.26155	1.26191	1738	0	1
2024.01.02	17:55:00	1.26191	1.26260	1.26178	1.26251	2118	0	1
2024.01.02	18:00:00	1.26251	1.26264	1.26171	1.26193	1992	0	1
2024.01.02	18:05:00	1.26192	1.26290	1.26186	1.26282	1808	0	1
2024.01.02	18:10:00	1.26283	1.26353	1.26281	1.26306	1694	0	1
2024.01.02	18:15:00	1.26305	1.26322	1.26270	1.26291	1114	0	1
2024.01.02	18:20:00	1.26291	1.26315	1.26239	1.26276	1036	0	1
2024.01.02	18:25:00	1.26276	1.26296	1.26221	1.26241	940	0	1
2024.01.02	18:30:00	1.26240	1.26243	1.26192	1.26219	912	0	1
2024.01.02	18:35:00	1.26219	1.26231	1.26137	1.26141	992	0	1
2024.01.02	18:40:00	1.26140	1.26163	1.26107	1.26161	978	0	1
2024.01.02	18:45:00	1.26161	1.26234	1.26154	1.26223	887	0	1
2024.01.02	18:50:00	1.26223	1.26290	1.26221	1.26262	729	0	1
2024.01.02	18:55:00	1.26262	1.26331	1.26259	1.26296	856	0	1
2024.01.02	19:00:00	1.26296	1.26330	1.26294	1.26306	556	0	3
2024.01.02	19:05:00	1.26306	1.26318	1.26267	1.26268	597	0	3
2024.01.02	19:10:00	1.26267	1.26310	1.26235	1.26290	1286	0	3
2024.01.02	19:15:00	1.26292	1.26300	1.26219	1.26261	1313	0	3
2024.01.02	19:20:00	1.26261	1.26324	1.26256	1.26315	1112	0	3
2024.01.02	19:25:00	1.26315	1.26337	1.26305	1.26315	810	0	3
2024.01.02	19:30:00	1.26315	1.26361	1.26300	1.26335	928	0	3
2024.01.02	19:35:00	1.26336	1.26370	1.26330	1.26358	757	0	3
2024.01.02	19:40:00	1.26358	1.26369	1.26337	1.26340	792	0	3
2024.01.02	19:45:00	1.26340	1.26352	1.26328	1.26352	619	0	3
2024.01.02	19:50:00	1.26352	1.26355	1.26313	1.26335	704	0	3
2024.01.02	19:55:00	1.26335	1.26339	1.26280	1.26330	833	0	3
2024.01.02	20:00:00	1.26329	1.26350	1.26288	1.26291	638	0	3
2024.01.02	20:05:00	1.26290	1.26294	1.26237	1.26287	486	0	3
2024.01.02	20:10:00	1.26286	1.26335	1.26279	1.26309	715	0	3
2024.01.02	20:15:00	1.26309	1.26327	1.26291	1.26319	631	0	3
2024.01.02	20:20:00	1.26319	1.26346	1.26319	1.26329	703	0	3
2024.01.02	20:25:00	1.26328	1.26347	1.26312	1.26321	634	0	3
2024.01.02	20:30:00	1.26321	1.26321	1.26292	1.26315	536	0	3
2024.01.02	20:35:00	1.26314	1.26323	1.26271	1.26281	634	0	3
2024.01.02	20:40:00	1.26281	1.26289	1.26259	1.26271	503	0	3
2024.01.02	20:45:00	1.26271	1.26308	1.26269	1.26280	514	0	3
2024.01.02	20:50:00	1.26281	1.26287	1.26258	1.26277	722	0	3
2024.01.02	20:55:00	1.26277	1.26291	1.26249	1.26259	784	0	3
2024.01.02	21:00:00	1.26259	1.26260	1.26219	1.26227	611	0	3
2024.01.02	21:05:00	1.26227	1.26232	1.26199	1.26210	472	0	3
2024.01.02	21:10:00	1.26210	1.26250	1.26210	1.26236	487	0	3
2024.01.02	21:15:00	1.26236	1.26239	1.26211	1.26232	487	0	3
2024.01.02	21:20:00	1.26232	1.26260	1.26221	1.26229	349	0	3
2024.01.02	21:25:00	1.26229	1.26265	1.26219	1.26261	441	0	3
2024.01.02	21:30:00	1.26261	1.26270	1.26227	1.26228	427	0	3
2024.01.02	21:35:00	1.26228	1.26254	1.26214	1.26228	354	0	3
2024.01.02	21:40:00	1.26228	1.26257	1.26228	1.26252	252	0	3
2024.01.02	21:45:00	1.26252	1.26261	1.26207	1.26209	664	0	3
2024.01.02	21:50:00	1.26209	1.26236	1.26207	1.26225	498	0	3
2024.01.02	21:55:00	1.26224	1.26226	1.26197	1.26200	526	0	3
2024.01.02	22:00:00	1.26200	1.26222	1.26193	1.26209	678	0	3
2024.01.02	22:05:00	1.26209	1.26261	1.26203	1.26239	578	0	3
2024.01.02	22:10:00	1.26237	1.26258	1.26227	1.26241	461	0	3
2024.01.02	22:15:00	1.26241	1.26266	1.26238	1.26243	573	0	3
2024.01.02	22:20:00	1.26243	1.26257	1.26232	1.26251	448	0	3
2024.01.02	22:25:00	1.26251	1.26251	1.26200	1.26204	443	0	3
2024.01.02	22:30:00	1.26204	1.26239	1.26200	1.26230	651	0	3
2024.01.02	22:35:00	1.26230	1.26238	1.26213	1.26222	402	0	3
2024.01.02	22:40:00	1.26222	1.26232	1.26197	1.26201	353	0	3
2024.01.02	22:45:00	1.26201	1.26212	1.26181	1.26204	434	0	3
2024.01.02	22:50:00	1.26204	1.26241	1.26204	1.26218	1019	0	3
2024.01.02	22:55:00	1.26218	1.26219	1.26160	1.26171	892	0	3
2024.01.02	23:00:00	1.26170	1.26186	1.26149	1.26184	631	0	17
2024.01.02	23:05:00	1.26185	1.26188	1.26161	1.26164	164	0	13
2024.01.02	23:10:00	1.26163	1.26187	1.26162	1.26185	136	0	17
2024.01.02	23:15:00	1.26185	1.26196	1.26173	1.26174	170	0	7
2024.01.02	23:20:00	1.26174	1.26197	1.26171	1.26196	243	0	12
2024.01.02	23:25:00	1.26197	1.26204	1.26170	1.26170	279	0	14
2024.01.02	23:30:00	1.26172	1.26207	1.26170	1.26206	206	0	13
2024.01.02	23:35:00	1.26201	1.26216	1.26193	1.26201	241	0	17
2024.01.02	23:40:00	1.26204	1.26207	1.26188	1.26190	235	0	12
2024.01.02	23:45:00	1.26191	1.26207	1.26186	1.26201	378	0	17
2024.01.02	23:50:00	1.26202	1.26203	1.26185	1.26186	123	0	15
2024.01.02	23:55:00	1.26192	1.26196	1.26149	1.26160	45	0	2
2024.01.03	00:00:00	1.26149	1.26177	1.26096	1.26155	26	0	33
2024.01.03	00:05:00	1.26200	1.26200	1.26121	1.26150	26	0	60
2024.01.03	00:10:00	1.26150	1.26157	1.26118	1.26152	39	0	100
2024.01.03	00:15:00	1.26151	1.26170	1.26136	1.26155	217	0	47
2024.01.03	00:20:00	1.26156	1.26158	1.26141	1.26146	141	0	44
2024.01.03	00:25:00	1.26148	1.26193	1.26143	1.26183	485	0	17
2024.01.03	00:30:00	1.26182	1.26191	1.26169	1.26182	183	0	30
2024.01.03	00:35:00	1.26182	1.26201	1.26171	1.26172	383	0	27
2024.01.03	00:40:00	1.26172	1.26175	1.26160	1.26167	378	0	33
2024.01.03	00:45:00	1.26169	1.26178	1.26162	1.26168	224	0	21
2024.01.03	00:50:00	1.26169	1.26196	1.26167	1.26178	726	0	31
2024.01.03	00:55:00	1.26178	1.26183	1.26174	1.26178	145	0	39
2024.01.03	01:00:00	1.26197	1.26219	1.26191	1.26191	138	0	5
2024.01.03	01:05:00	1.26191	1.26213	1.26191	1.26212	41	0	5
2024.01.03	01:10:00	1.26210	1.26215	1.26201	1.26211	74	0	5
2024.01.03	01:15:00	1.26211	1.26212	1.26206	1.26211	30	0	5
2024.01.03	01:20:00	1.26211	1.26212	1.26200	1.26212	74	0	5
2024.01.03	01:25:00	1.26212	1.26233	1.26211	1.26233	70	0	5
2024.01.03	01:30:00	1.26232	1.26234	1.26213	1.26221	134	0	5
2024.01.03	01:35:00	1.26221	1.26223	1.26205	1.26216	60	0	5
2024.01.03	01:40:00	1.26216	1.26224	1.26213	1.26222	104	0	5
2024.01.03	01:45:00	1.26221	1.26222	1.26219	1.26220	61	0	5
2024.01.03	01:50:00	1.26220	1.26241	1.26220	1.26240	124	0	5
2024.01.03	01:55:00	1.26240	1.26241	1.26220	1.26226	135	0	5
2024.01.03	02:00:00	1.26226	1.26230	1.26199	1.26212	211	0	5
2024.01.03	02:05:00	1.26212	1.26237	1.26212	1.26231	193	0	5
2024.01.03	02:10:00	1.26231	1.26242	1.26229	1.26242	130	0	5
2024.01.03	02:15:00	1.26242	1.26246	1.26230	1.26244	79	0	5
2024.01.03	02:20:00	1.26244	1.26283	1.26241	1.26282	389	0	5
2024.01.03	02:25:00	1.26283	1.26293	1.26273	1.26289	213	0	5
2024.01.03	02:30:00	1.26289	1.26314	1.26286	1.26301	358	0	5
2024.01.03	02:35:00	1.26301	1.26322	1.26300	1.26306	324	0	5
2024.01.03	02:40:00	1.26307	1.26317	1.26292	1.26312	486	0	5
2024.01.03	02:45:00	1.26312	1.26314	1.26288	1.26294	341	0	5
2024.01.03	02:50:00	1.26297	1.26314	1.26292	1.26303	259	0	5
2024.01.03	02:55:00	1.26303	1.26313	1.26295	1.26308	261	0	5
2024.01.03	03:00:00	1.26308	1.26335	1.26298	1.26300	596	0	5
2024.01.03	03:05:00	1.26300	1.26306	1.26292	1.26300	455	0	5
2024.01.03	03:10:00	1.26300	1.26310	1.26293	1.26307	286	0	5
2024.01.03	03:15:00	1.26306	1.26306	1.26248	1.26282	516	0	5
2024.01.03	03:20:00	1.26282	1.26284	1.26263	1.26271	438	0	5
2024.01.03	03:25:00	1.26271	1.26300	1.26265	1.26292	725	0	5
2024.01.03	03:30:00	1.26291	1.26320	1.26280	1.26290	481	0	5
2024.01.03	03:35:00	1.26290	1.26313	1.26281	1.26287	466	0	5
2024.01.03	03:40:00	1.26287	1.26305	1.26283	1.26294	485	0	5
2024.01.03	03:45:00	1.26294	1.26315	1.26289	1.26300	373	0	5
2024.01.03	03:50:00	1.26300	1.26328	1.26299	1.26320	377	0	5
2024.01.03	03:55:00	1.26320	1.26322	1.26283	1.26288	346	0	5
2024.01.03	04:00:00	1.26288	1.26307	1.26269	1.26307	321	0	5
2024.01.03	04:05:00	1.26307	1.26311	1.26290	1.26290	234	0	5
2024.01.03	04:10:00	1.26290	1.26294	1.26277	1.26293	230	0	5
2024.01.03	04:15:00	1.26293	1.26293	1.26266	1.26290	183	0	5
2024.01.03	04:20:00	1.26290	1.26294	1.26280	1.26284	230	0	5
2024.01.03	04:25:00	1.26284	1.26284	1.26269	1.26274	206	0	5
2024.01.03	04:30:00	1.26274	1.26288	1.26272	1.26283	318	0	5
2024.01.03	04:35:00	1.26283	1.26284	1.26264	1.26269	255	0	5
2024.01.03	04:40:00	1.26269	1.26280	1.26264	1.26270	221	0	5
2024.01.03	04:45:00	1.26270	1.26290	1.26262	1.26284	254	0	5
2024.01.03	04:50:00	1.26284	1.26300	1.26282	1.26284	215	0	5
2024.01.03	04:55:00	1.26284	1.26293	1.26268	1.26289	350	0	5
2024.01.03	05:00:00	1.26289	1.26305	1.26287	1.26303	288	0	5
2024.01.03	05:05:00	1.26303	1.26333	1.26300	1.26324	371	0	5
2024.01.03	05:10:00	1.26324	1.26325	1.26297	1.26298	285	0	5
2024.01.03	05:15:00	1.26298	1.26314	1.26293	1.26311	365	0	5
2024.01.03	05:20:00	1.26312	1.26319	1.26301	1.26304	257	0	5
2024.01.03	05:25:00	1.26304	1.26327	1.26303	1.26323	264	0	5
2024.01.03	05:30:00	1.26323	1.26357	1.26323	1.26354	352	0	5
2024.01.03	05:35:00	1.26354	1.26371	1.26334	1.26361	412	0	5
2024.01.03	05:40:00	1.26360	1.26370	1.26352	1.26370	325	0	5
2024.01.03	05:45:00	1.26370	1.26394	1.26367	1.26393	530	0	5
2024.01.03	05:50:00	1.26393	1.26407	1.26380	1.26395	549	0	5
2024.01.03	05:55:00	1.26394	1.26409	1.26391	1.26405	442	0	5
2024.01.03	06:00:00	1.26405	1.26409	1.26398	1.26400	303	0	5
2024.01.03	06:05:00	1.26400	1.26406	1.26396	1.26403	275	0	5
2024.01.03	06:10:00	1.26404	1.26416	1.26390	1.26402	319	0	5
2024.01.03	06:15:00	1.26402	1.26407	1.26383	1.26383	338	0	5
2024.01.03	06:20:00	1.26383	1.26409	1.26383	1.26409	304	0	5
2024.01.03	06:25:00	1.26409	1.26409	1.26386	1.26390	222	0	5
2024.01.03	06:30:00	1.26389	1.26402	1.26389	1.26397	170	0	5
2024.01.03	06:35:00	1.26397	1.26403	1.26388	1.26391	208	0	5
2024.01.03	06:40:00	1.26391	1.26394	1.26379	1.26387	192	0	5
2024.01.03	06:45:00	1.26387	1.26387	1.26381	1.26384	117	0	5
2024.01.03	06:50:00	1.26384	1.26388	1.26379	1.26382	116	0	5
2024.01.03	06:55:00	1.26382	1.26415	1.26381	1.26413	232	0	5
2024.01.03	07:00:00	1.26411	1.26415	1.26392	1.26394	277	0	5
2024.01.03	07:05:00	1.26393	1.26406	1.26389	1.26390	228	0	5
2024.01.03	07:10:00	1.26390	1.26401	1.26382	1.26387	197	0	5
2024.01.03	07:15:00	1.26387	1.26405	1.26386	1.26399	190	0	5
2024.01.03	07:20:00	1.26398	1.26400	1.26384	1.26392	269	0	5
2024.01.03	07:25:00	1.26393	1.26405	1.26369	1.26372	254	0	5
2024.01.03	07:30:00	1.26372	1.26403	1.26370	1.26374	310	0	5
2024.01.03	07:35:00	1.26374	1.26393	1.26371	1.26372	245	0	5
2024.01.03	07:40:00	1.26372	1.26373	1.26332	1.26339	298	0	5
2024.01.03	07:45:00	1.26339	1.26342	1.26328	1.26329	306	0	5
2024.01.03	07:50:00	1.26329	1.26334	1.26318	1.26320	314	0	5
2024.01.03	07:55:00	1.26320	1.26324	1.26297	1.26304	441	0	5
2024.01.03	08:00:00	1.26304	1.26327	1.26301	1.26322	380	0	5
2024.01.03	08:05:00	1.26322	1.26343	1.26320	1.26340	327	0	5
2024.01.03	08:10:00	1.26340	1.26373	1.26339	1.26370	370	0	5
2024.01.03	08:15:00	1.26370	1.26370	1.26345	1.26355	377	0	5
2024.01.03	08:20:00	1.26355	1.26361	1.26341	1.26360	312	0	5
2024.01.03	08:25:00	1.26360	1.26392	1.26359	1.26387	547	0	2
2024.01.03	08:30:00	1.26387	1.26416	1.26384	1.26411	290	0	2
2024.01.03	08:35:00	1.26413	1.26418	1.26408	1.26415	236	0	2
2024.01.03	08:40:00	1.26415	1.26428	1.26410	1.26423	282	0	2
2024.01.03	08:45:00	1.26423	1.26445	1.26419	1.26444	322	0	2
2024.01.03	08:50:00	1.26444	1.26465	1.26440	1.26443	387	0	2
2024.01.03	08:55:00	1.26443	1.26449	1.26433	1.26436	237	0	2
2024.01.03	09:00:00	1.26431	1.26433	1.26356	1.26360	869	0	2
2024.01.03	09:05:00	1.26360	1.26384	1.26348	1.26375	632	0	2
2024.01.03	09:10:00	1.26375	1.26375	1.26312	1.26313	718	0	2
2024.01.03	09:15:00	1.26313	1.26318	1.26244	1.26255	972	0	2
2024.01.03	09:20:00	1.26255	1.26343	1.26242	1.26305	816	0	2
2024.01.03	09:25:00	1.26305	1.26354	1.26279	1.26342	491	0	1
2024.01.03	09:30:00	1.26342	1.26396	1.26319	1.26383	1256	0	1
2024.01.03	09:35:00	1.26383	1.26384	1.26310	1.26372	1159	0	1
2024.01.03	09:40:00	1.26372	1.26408	1.26325	1.26332	737	0	1
2024.01.03	09:45:00	1.26332	1.26355	1.26320	1.26352	861	0	1
2024.01.03	09:50:00	1.26352	1.26392	1.26335	1.26383	674	0	1
2024.01.03	09:55:00	1.26383	1.26472	1.26371	1.26434	1362	0	1
2024.01.03	10:00:00	1.26435	1.26449	1.26355	1.26397	1487	0	1
2024.01.03	10:05:00	1.26396	1.26446	1.26390	1.26437	819	0	1
2024.01.03	10:10:00	1.26438	1.26480	1.26392	1.26477	934	0	1
2024.01.03	10:15:00	1.26477	1.26527	1.26461	1.26495	1159	0	1
2024.01.03	10:20:00	1.26495	1.26518	1.26467	1.26473	1056	0	1
2024.01.03	10:25:00	1.26473	1.26475	1.26398	1.26438	1319	0	1
2024.01.03	10:30:00	1.26438	1.26491	1.26412	1.26453	1147	0	1
2024.01.03	10:35:00	1.26453	1.26476	1.26434	1.26451	1044	0	1
2024.01.03	10:40:00	1.26451	1.26460	1.26387	1.26435	912	0	1
2024.01.03	10:45:00	1.26435	1.26451	1.26398	1.26421	735	0	1
2024.01.03	10:50:00	1.26421	1.26476	1.26415	1.26470	738	0	1
2024.01.03	10:55:00	1.26470	1.26479	1.26410	1.26415	636	0	1
2024.01.03	11:00:00	1.26415	1.26468	1.26401	1.26458	984	0	1
2024.01.03	11:05:00	1.26458	1.26464	1.26371	1.26380	708	0	1
2024.01.03	11:10:00	1.26381	1.26408	1.26333	1.26343	988	0	1
2024.01.03	11:15:00	1.26343	1.26354	1.26286	1.26321	1005	0	1
2024.01.03	11:20:00	1.26323	1.26354	1.26302	1.26346	675	0	1
2024.01.03	11:25:00	1.26347	1.26356	1.26298	1.26310	646	0	1
2024.01.03	11:30:00	1.26310	1.26348	1.26288	1.26332	677	0	1
2024.01.03	11:35:00	1.26332	1.26375	1.26319	1.26372	752	0	1
2024.01.03	11:40:00	1.26372	1.26373	1.26325	1.26351	769	0	1
2024.01.03	11:45:00	1.26351	1.26374	1.26292	1.26326	834	0	1
2024.01.03	11:50:00	1.26326	1.26334	1.26258	1.26280	947	0	1
2024.01.03	11:55:00	1.26280	1.26287	1.26253	1.26278	689	0	1
2024.01.03	12:00:00	1.26278	1.26316	1.26249	1.26311	696	0	1
2024.01.03	12:05:00	1.26311	1.26315	1.26276	1.26281	375	0	1
2024.01.03	12:10:00	1.26281	1.26296	1.26253	1.26278	499	0	1
2024.01.03	12:15:00	1.26278	1.26284	1.26244	1.26269	471	0	1
2024.01.03	12:20:00	1.26269	1.26278	1.26237	1.26265	635	0	1
2024.01.03	12:25:00	1.26264	1.26267	1.26222	1.26222	576	0	1
2024.01.03	12:30:00	1.26222	1.26304	1.26222	1.26303	758	0	1
2024.01.03	12:35:00	1.26303	1.26314	1.26254	1.26257	825	0	1
2024.01.03	12:40:00	1.26258	1.26261	1.26222	1.26240	717	0	1
2024.01.03	12:45:00	1.26240	1.26261	1.26204	1.26206	648	0	1
2024.01.03	12:50:00	1.26206	1.26247	1.26201	1.26227	731	0	1
2024.01.03	12:55:00	1.26227	1.26282	1.26210	1.26268	672	0	1
2024.01.03	13:00:00	1.26267	1.26312	1.26253	1.26305	848	0	1
2024.01.03	13:05:00	1.26305	1.26313	1.26275	1.26287	967	0	1
2024.01.03	13:10:00	1.26287	1.26306	1.26274	1.26300	616	0	1
2024.01.03	13:15:00	1.26300	1.26301	1.26262	1.26287	722	0	1
2024.01.03	13:20:00	1.26287	1.26291	1.26210	1.26214	733	0	1
2024.01.03	13:25:00	1.26213	1.26240	1.26198	1.26230	505	0	1
2024.01.03	13:30:00	1.26230	1.26233	1.26185	1.26211	687	0	1
2024.01.03	13:35:00	1.26213	1.26288	1.26206	1.26263	919	0	1
2024.01.03	13:40:00	1.26263	1.26270	1.26209	1.26249	1052	0	1
2024.01.03	13:45:00	1.26249	1.26286	1.26230	1.26275	859	0	1
2024.01.03	13:50:00	1.26274	1.26317	1.26258	1.26305	796	0	1
2024.01.03	13:55:00	1.26305	1.26306	1.26254	1.26270	618	0	1
2024.01.03	14:00:00	1.26270	1.26296	1.26253	1.26290	883	0	1
2024.01.03	14:05:00	1.26290	1.26306	1.26244	1.26273	847	0	1
2024.01.03	14:10:00	1.26273	1.26327	1.26270	1.26322	762	0	1
2024.01.03	14:15:00	1.26322	1.26373	1.26316	1.26357	789	0	1
2024.01.03	14:20:00	1.26357	1.26423	1.26284	1.26288	1013	0	1
2024.01.03	14:25:00	1.26287	1.26299	1.26251	1.26267	803	0	1
2024.01.03	14:30:00	1.26267	1.26298	1.26248	1.26270	677	0	1
2024.01.03	14:35:00	1.26271	1.26280	1.26210	1.26213	893	0	1
2024.01.03	14:40:00	1.26213	1.26254	1.26200	1.26250	745	0	1
2024.01.03	14:45:00	1.26250	1.26266	1.26214	1.26225	612	0	1
2024.01.03	14:50:00	1.26225	1.26302	1.26223	1.26277	707	0	1
2024.01.03	14:55:00	1.26277	1.26277	1.26229	1.26245	1377	0	1
2024.01.03	15:00:00	1.26245	1.26279	1.26235	1.26244	1356	0	1
2024.01.03	15:05:00	1.26244	1.26287	1.26241	1.26273	838	0	1
2024.01.03	15:10:00	1.26273	1.26291	1.26248	1.26261	802	0	1
2024.01.03	15:15:00	1.26261	1.26303	1.26241	1.26264	1112	0	1
2024.01.03	15:20:00	1.26266	1.26281	1.26183	1.26222	1385	0	1
2024.01.03	15:25:00	1.26220	1.26339	1.26220	1.26330	1439	0	1
2024.01.03	15:30:00	1.26332	1.26405	1.26315	1.26379	1827	0	1
2024.01.03	15:35:00	1.26379	1.26432	1.26355	1.26399	1174	0	1
2024.01.03	15:40:00	1.26399	1.26430	1.26347	1.26367	1350	0	1
2024.01.03	15:45:00	1.26366	1.26384	1.26301	1.26324	1575	0	1
2024.01.03	15:50:00	1.26324	1.26369	1.26286	1.26288	1199	0	1
2024.01.03	15:55:00	1.26290	1.26306	1.26223	1.26298	1351	0	1
2024.01.03	16:00:00	1.26298	1.26316	1.26230	1.26256	1296	0	1
2024.01.03	16:05:00	1.26256	1.26263	1.26201	1.26230	1594	0	1
2024.01.03	16:10:00	1.26230	1.26233	1.26177	1.26202	1159	0	1
2024.01.03	16:15:00	1.26201	1.26251	1.26199	1.26249	1040	0	1
2024.01.03	16:20:00	1.26248	1.26275	1.26181	1.26223	1268	0	1
2024.01.03	16:25:00	1.26223	1.26290	1.26223	1.26271	919	0	1
2024.01.03	16:30:00	1.26271	1.26303	1.26240	1.26287	1786	0	1
2024.01.03	16:35:00	1.26287	1.26310	1.26200	1.26272	1963	0	1
2024.01.03	16:40:00	1.26271	1.26306	1.26252	1.26281	1529	0	1
2024.01.03	16:45:00	1.26281	1.26362	1.26264	1.26358	1662	0	1
2024.01.03	16:50:00	1.26358	1.26420	1.26258	1.26300	1956	0	1
2024.01.03	16:55:00	1.26299	1.26350	1.26284	1.26321	1828	0	1
2024.01.03	17:00:00	1.26315	1.26567	1.26242	1.26496	4330	0	1
2024.01.03	17:05:00	1.26496	1.26528	1.26444	1.26458	3015	0	1
2024.01.03	17:10:00	1.26459	1.26478	1.26312	1.26319	3076	0	1
2024.01.03	17:15:00	1.26319	1.26394	1.26289	1.26375	2431	0	1
2024.01.03	17:20:00	1.26375	1.26440	1.26333	1.26404	2609	0	1
2024.01.03	17:25:00	1.26405	1.26519	1.26405	1.26411	2507	0	1
2024.01.03	17:30:00	1.26410	1.26488	1.26328	1.26361	2730	0	1
2024.01.03	17:35:00	1.26361	1.26395	1.26255	1.26264	2251	0	1
2024.01.03	17:40:00	1.26263	1.26279	1.26222	1.26271	2194	0	1
2024.01.03	17:45:00	1.26271	1.26271	1.26199	1.26210	1870	0	1
2024.01.03	17:50:00	1.26210	1.26298	1.26154	1.26234	2823	0	1
2024.01.03	17:55:00	1.26234	1.26353	1.26230	1.26279	2315	0	1
2024.01.03	18:00:00	1.26279	1.26403	1.26271	1.26377	2156	0	1
2024.01.03	18:05:00	1.26378	1.26420	1.26345	1.26404	1740	0	1
2024.01.03	18:10:00	1.26405	1.26440	1.26378	1.26434	1871	0	1
2024.01.03	18:15:00	1.26434	1.26506	1.26433	1.26481	1562	0	1
2024.01.03	18:20:00	1.26481	1.26505	1.26428	1.26430	1546	0	1
2024.01.03	18:25:00	1.26428	1.26493	1.26426	1.26449	1514	0	1
2024.01.03	18:30:00	1.26449	1.26490	1.26446	1.26470	1565	0	1
2024.01.03	18:35:00	1.26472	1.26481	1.26419	1.26426	1337	0	1
2024.01.03	18:40:00	1.26426	1.26459	1.26393	1.26423	1456	0	1
2024.01.03	18:45:00	1.26423	1.26451	1.26380	1.26391	981	0	1
2024.01.03	18:50:00	1.26391	1.26420	1.26377	1.26408	959	0	1
2024.01.03	18:55:00	1.26409	1.26426	1.26377	1.26406	751	0	1
2024.01.03	19:00:00	1.26406	1.26418	1.26371	1.26401	1191	0	3
2024.01.03	19:05:00	1.26401	1.26434	1.26397	1.26416	683	0	3
2024.01.03	19:10:00	1.26416	1.26431	1.26392	1.26415	1277	0	3
2024.01.03	19:15:00	1.26415	1.26441	1.26408	1.26429	859	0	3
2024.01.03	19:20:00	1.26429	1.26454	1.26418	1.26436	990	0	3
2024.01.03	19:25:00	1.26436	1.26472	1.26425	1.26468	726	0	3
2024.01.03	19:30:00	1.26468	1.26475	1.26425	1.26428	694	0	3
2024.01.03	19:35:00	1.26430	1.26460	1.26425	1.26437	662	0	3
2024.01.03	19:40:00	1.26437	1.26474	1.26424	1.26465	1067	0	3
2024.01.03	19:45:00	1.26465	1.26471	1.26416	1.26446	1120	0	3
2024.01.03	19:50:00	1.26446	1.26454	1.26415	1.26440	925	0	3
2024.01.03	19:55:00	1.26440	1.26451	1.26395	1.26447	1136	0	3
2024.01.03	20:00:00	1.26447	1.26488	1.26429	1.26470	924	0	3
2024.01.03	20:05:00	1.26469	1.26528	1.26458	1.26527	694	0	3
2024.01.03	20:10:00	1.26525	1.26530	1.26488	1.26509	944	0	3
2024.01.03	20:15:00	1.26509	1.26514	1.26484	1.26489	653	0	3
2024.01.03	20:20:00	1.26490	1.26510	1.26478	1.26504	1028	0	3
2024.01.03	20:25:00	1.26503	1.26545	1.26498	1.26505	936	0	3
2024.01.03	20:30:00	1.26504	1.26507	1.26439	1.26447	851	0	3
2024.01.03	20:35:00	1.26447	1.26450	1.26407	1.26438	948	0	3
2024.01.03	20:40:00	1.26439	1.26455	1.26420	1.26436	547	0	3
2024.01.03	20:45:00	1.26436	1.26476	1.26428	1.26466	473	0	3
2024.01.03	20:50:00	1.26466	1.26491	1.26456	1.26471	646	0	3
2024.01.03	20:55:00	1.26471	1.26507	1.26459	1.26465	639	0	3
2024.01.03	21:00:00	1.26466	1.26559	1.26408	1.26421	3648	0	3
2024.01.03	21:05:00	1.26421	1.26493	1.26305	1.26436	3039	0	3
2024.01.03	21:10:00	1.26436	1.26472	1.26398	1.26430	2680	0	3
2024.01.03	21:15:00	1.26429	1.26573	1.26426	1.26550	2118	0	3
2024.01.03	21:20:00	1.26550	1.26599	1.26527	1.26597	2330	0	3
2024.01.03	21:25:00	1.26596	1.26752	1.26585	1.26747	2426	0	3
2024.01.03	21:30:00	1.26748	1.26767	1.26673	1.26686	2478	0	3
2024.01.03	21:35:00	1.26686	1.26709	1.26626	1.26689	1842	0	3
2024.01.03	21:40:00	1.26689	1.26739	1.26614	1.26700	2162	0	3
2024.01.03	21:45:00	1.26701	1.26717	1.26650	1.26651	1842	0	3
2024.01.03	21:50:00	1.26651	1.26688	1.26646	1.26674	1476	0	3
2024.01.03	21:55:00	1.26674	1.26679	1.26630	1.26643	1892	0	3
2024.01.03	22:00:00	1.26642	1.26659	1.26602	1.26645	1240	0	3
2024.01.03	22:05:00	1.26645	1.26660	1.26610	1.26630	1271	0	3
2024.01.03	22:10:00	1.26630	1.26659	1.26617	1.26647	1363	0	3
2024.01.03	22:15:00	1.26648	1.26663	1.26596	1.26619	1134	0	3
2024.01.03	22:20:00	1.26619	1.26621	1.26554	1.26567	1265	0	3
2024.01.03	22:25:00	1.26568	1.26608	1.26543	1.26604	998	0	3
2024.01.03	22:30:00	1.26605	1.26652	1.26592	1.26644	1049	0	3
2024.01.03	22:35:00	1.26644	1.26650	1.26594	1.26630	1174	0	3
2024.01.03	22:40:00	1.26631	1.26639	1.26609	1.26609	1108	0	3
2024.01.03	22:45:00	1.26609	1.26660	1.26601	1.26640	1025	0	3
2024.01.03	22:50:00	1.26640	1.26647	1.26599	1.26610	1031	0	3
2024.01.03	22:55:00	1.26611	1.26672	1.26611	1.26640	1041	0	3
2024.01.03	23:00:00	1.26633	1.26645	1.26624	1.26644	474	0	17
2024.01.03	23:05:00	1.26643	1.26653	1.26633	1.26641	256	0	17
2024.01.03	23:10:00	1.26642	1.26662	1.26629	1.26661	314	0	17
2024.01.03	23:15:00	1.26660	1.26663	1.26642	1.26654	351	0	17
2024.01.03	23:20:00	1.26655	1.26662	1.26632	1.26662	181	0	13
2024.01.03	23:25:00	1.26661	1.26678	1.26658	1.26662	237	0	17
2024.01.03	23:30:00	1.26661	1.26664	1.26630	1.26644	170	0	14
2024.01.03	23:35:00	1.26643	1.26665	1.26640	1.26662	56	0	11
2024.01.03	23:40:00	1.26673	1.26673	1.26649	1.26652	235	0	0
2024.01.03	23:45:00	1.26651	1.26654	1.26608	1.26622	307	0	15
2024.01.03	23:50:00	1.26621	1.26638	1.26616	1.26632	110	0	16
2024.01.03	23:55:00	1.26635	1.26648	1.26620	1.26642	74	0	6
2024.01.04	00:00:00	1.26639	1.26639	1.26517	1.26592	18	0	13
2024.01.04	00:05:00	1.26592	1.26652	1.26592	1.26645	23	0	79
2024.01.04	00:10:00	1.26658	1.26658	1.26612	1.26645	22	0	76
2024.01.04	00:15:00	1.26638	1.26652	1.26625	1.26628	256	0	45
2024.01.04	00:20:00	1.26648	1.26651	1.26601	1.26628	257	0	10
2024.01.04	00:25:00	1.26628	1.26651	1.26599	1.26633	205	0	46
2024.01.04	00:30:00	1.26634	1.26646	1.26627	1.26640	270	0	36
2024.01.04	00:35:00	1.26639	1.26648	1.26636	1.26640	234	0	28
2024.01.04	00:40:00	1.26638	1.26644	1.26636	1.26639	237	0	29
2024.01.04	00:45:00	1.26638	1.26656	1.26636	1.26644	224	0	10
2024.01.04	00:50:00	1.26644	1.26662	1.26638	1.26655	253	0	10
2024.01.04	00:55:00	1.26655	1.26666	1.26640	1.26645	446	0	10
2024.01.04	01:00:00	1.26654	1.26702	1.26653	1.26677	236	0	5
2024.01.04	01:05:00	1.26677	1.26687	1.26675	1.26678	82	0	5
2024.01.04	01:10:00	1.26678	1.26681	1.26658	1.26674	214	0	5
2024.01.04	01:15:00	1.26674	1.26684	1.26665	1.26667	223	0	5
2024.01.04	01:20:00	1.26668	1.26685	1.26666	1.26683	139	0	5
2024.01.04	01:25:00	1.26683	1.26698	1.26683	1.26696	173	0	5
2024.01.04	01:30:00	1.26695	1.26709	1.26674	1.26691	292	0	5
2024.01.04	01:35:00	1.26692	1.26717	1.26682	1.26707	161	0	5
2024.01.04	01:40:00	1.26707	1.26710	1.26696	1.26698	67	0	5
2024.01.04	01:45:00	1.26698	1.26708	1.26695	1.26708	76	0	5
2024.01.04	01:50:00	1.26708	1.26734	1.26706	1.26733	139	0	5
2024.01.04	01:55:00	1.26733	1.26736	1.26718	1.26730	112	0	5
2024.01.04	02:00:00	1.26730	1.26732	1.26699	1.26720	271	0	5
2024.01.04	02:05:00	1.26720	1.26720	1.26697	1.26698	303	0	5
2024.01.04	02:10:00	1.26698	1.26703	1.26679	1.26700	346	0	5
2024.01.04	02:15:00	1.26701	1.26728	1.26698	1.26719	361	0	5
2024.01.04	02:20:00	1.26719	1.26728	1.26709	1.26717	331	0	5
2024.01.04	02:25:00	1.26718	1.26719	1.26715	1.26716	196	0	5
2024.01.04	02:30:00	1.26716	1.26718	1.26689	1.26695	232	0	5
2024.01.04	02:35:00	1.26696	1.26699	1.26663	1.26676	360	0	5
2024.01.04	02:40:00	1.26676	1.26689	1.26666	1.26667	328	0	5
2024.01.04	02:45:00	1.26667	1.26689	1.26659	1.26679	428	0	5
2024.01.04	02:50:00	1.26679	1.26679	1.26658	1.26668	379	0	5
2024.01.04	02:55:00	1.26668	1.26700	1.26668	1.26690	302	0	5
2024.01.04	03:00:00	1.26690	1.26699	1.26680	1.26685	510	0	5
2024.01.04	03:05:00	1.26685	1.26701	1.26671	1.26689	408	0	5
2024.01.04	03:10:00	1.26688	1.26697	1.26656	1.26663	306	0	5
2024.01.04	03:15:00	1.26663	1.26696	1.26658	1.26679	419	0	5
2024.01.04	03:20:00	1.26678	1.26678	1.26662	1.26667	303	0	5
2024.01.04	03:25:00	1.26667	1.26672	1.26630	1.26635	407	0	5
2024.01.04	03:30:00	1.26635	1.26642	1.26617	1.26621	685	0	5
2024.01.04	03:35:00	1.26622	1.26628	1.26607	1.26619	432	0	5
2024.01.04	03:40:00	1.26619	1.26637	1.26601	1.26610	460	0	5
2024.01.04	03:45:00	1.26610	1.26642	1.26610	1.26621	523	0	5
2024.01.04	03:50:00	1.26621	1.26642	1.26618	1.26636	492	0	5
2024.01.04	03:55:00	1.26636	1.26650	1.26619	1.26621	300	0	5
2024.01.04	04:00:00	1.26621	1.26638	1.26606	1.26610	326	0	5
2024.01.04	04:05:00	1.26611	1.26621	1.26605	1.26613	460	0	5
2024.01.04	04:10:00	1.26613	1.26620	1.26607	1.26617	410	0	5
2024.01.04	04:15:00	1.26617	1.26617	1.26575	1.26590	456	0	5
2024.01.04	04:20:00	1.26590	1.26595	1.26568	1.26578	474	0	5
2024.01.04	04:25:00	1.26578	1.26608	1.26575	1.26599	458	0	5
2024.01.04	04:30:00	1.26599	1.26625	1.26591	1.26611	417	0	5
2024.01.04	04:35:00	1.26611	1.26613	1.26596	1.26600	351	0	5
2024.01.04	04:40:00	1.26600	1.26603	1.26589	1.26593	182	0	5
2024.01.04	04:45:00	1.26593	1.26599	1.26580	1.26591	309	0	5
2024.01.04	04:50:00	1.26591	1.26599	1.26567	1.26597	259	0	5
2024.01.04	04:55:00	1.26597	1.26603	1.26587	1.26597	322	0	5
2024.01.04	05:00:00	1.26597	1.26612	1.26590	1.26606	347	0	5
2024.01.04	05:05:00	1.26606	1.26617	1.26599	1.26614	297	0	5
2024.01.04	05:10:00	1.26614	1.26638	1.26609	1.26637	372	0	5
2024.01.04	05:15:00	1.26637	1.26659	1.26632	1.26653	246	0	5
2024.01.04	05:20:00	1.26653	1.26670	1.26649	1.26668	205	0	5
2024.01.04	05:25:00	1.26668	1.26706	1.26661	1.26697	333	0	5
2024.01.04	05:30:00	1.26697	1.26730	1.26695	1.26711	762	0	5
2024.01.04	05:35:00	1.26711	1.26726	1.26695	1.26697	623	0	5
2024.01.04	05:40:00	1.26697	1.26711	1.26679	1.26710	509	0	5
2024.01.04	05:45:00	1.26710	1.26731	1.26703	1.26731	189	0	5
2024.01.04	05:50:00	1.26731	1.26734	1.26719	1.26727	236	0	5
2024.01.04	05:55:00	1.26727	1.26734	1.26720	1.26733	306	0	5
2024.01.04	06:00:00	1.26733	1.26762	1.26730	1.26740	361	0	5
2024.01.04	06:05:00	1.26740	1.26745	1.26712	1.26719	464	0	5
2024.01.04	06:10:00	1.26719	1.26728	1.26711	1.26723	250	0	5
2024.01.04	06:15:00	1.26723	1.26744	1.26720	1.26736	285	0	5
2024.01.04	06:20:00	1.26736	1.26753	1.26730	1.26731	369	0	5
2024.01.04	06:25:00	1.26731	1.26734	1.26721	1.26722	183	0	5
2024.01.04	06:30:00	1.26722	1.26730	1.26719	1.26723	269	0	5
2024.01.04	06:35:00	1.26723	1.26742	1.26719	1.26740	290	0	5
2024.01.04	06:40:00	1.26740	1.26755	1.26739	1.26740	258	0	5
2024.01.04	06:45:00	1.26740	1.26742	1.26695	1.26700	248	0	5
2024.01.04	06:50:00	1.26700	1.26724	1.26697	1.26723	179	0	5
2024.01.04	06:55:00	1.26723	1.26728	1.26696	1.26701	281	0	5
2024.01.04	07:00:00	1.26701	1.26710	1.26682	1.26693	504	0	5
2024.01.04	07:05:00	1.26693	1.26704	1.26681	1.26683	370	0	5
2024.01.04	07:10:00	1.26683	1.26702	1.26678	1.26693	367	0	5
2024.01.04	07:15:00	1.26694	1.26718	1.26691	1.26700	366	0	5
2024.01.04	07:20:00	1.26700	1.26711	1.26698	1.26701	417	0	5
2024.01.04	07:25:00	1.26700	1.26718	1.26690	1.26693	262	0	5
2024.01.04	07:30:00	1.26692	1.26704	1.26668	1.26672	465	0	5
2024.01.04	07:35:00	1.26672	1.26675	1.26638	1.26655	523	0	5
2024.01.04	07:40:00	1.26656	1.26664	1.26627	1.26648	266	0	5
2024.01.04	07:45:00	1.26648	1.26664	1.26644	1.26658	294	0	5
2024.01.04	07:50:00	1.26658	1.26671	1.26642	1.26669	609	0	5
2024.01.04	07:55:00	1.26669	1.26674	1.26650	1.26653	521	0	5
2024.01.04	08:00:00	1.26653	1.26690	1.26648	1.26658	564	0	5
2024.01.04	08:05:00	1.26658	1.26692	1.26658	1.26685	313	0	5
2024.01.04	08:10:00	1.26685	1.26702	1.26678	1.26700	422	0	5
2024.01.04	08:15:00	1.26700	1.26726	1.26696	1.26721	589	0	5
2024.01.04	08:20:00	1.26722	1.26753	1.26716	1.26747	486	0	5
2024.01.04	08:25:00	1.26747	1.26760	1.26729	1.26747	486	0	2
2024.01.04	08:30:00	1.26745	1.26763	1.26711	1.26721	1334	0	2
2024.01.04	08:35:00	1.26721	1.26731	1.26692	1.26727	501	0	2
2024.01.04	08:40:00	1.26724	1.26730	1.26702	1.26711	374	0	2
2024.01.04	08:45:00	1.26711	1.26724	1.26703	1.26709	411	0	2
2024.01.04	08:50:00	1.26709	1.26757	1.26704	1.26754	345	0	2
2024.01.04	08:55:00	1.26754	1.26793	1.26752	1.26790	607	0	2
2024.01.04	09:00:00	1.26792	1.26813	1.26773	1.26806	783	0	2
2024.01.04	09:05:00	1.26806	1.26848	1.26792	1.26841	803	0	2
2024.01.04	09:10:00	1.26841	1.26884	1.26816	1.26868	922	0	2
2024.01.04	09:15:00	1.26868	1.26872	1.26833	1.26852	766	0	2
2024.01.04	09:20:00	1.26851	1.26855	1.26819	1.26836	549	0	2
2024.01.04	09:25:00	1.26836	1.26877	1.26833	1.26865	698	0	1
2024.01.04	09:30:00	1.26864	1.26885	1.26821	1.26863	945	0	1
2024.01.04	09:35:00	1.26863	1.26884	1.26851	1.26863	1025	0	1
2024.01.04	09:40:00	1.26863	1.26927	1.26855	1.26908	1095	0	1
2024.01.04	09:45:00	1.26908	1.26926	1.26858	1.26873	998	0	1
2024.01.04	09:50:00	1.26873	1.26896	1.26830	1.26837	636	0	1
2024.01.04	09:55:00	1.26837	1.26938	1.26832	1.26931	1402	0	1
2024.01.04	10:00:00	1.26931	1.26938	1.26832	1.26858	2170	0	1
2024.01.04	10:05:00	1.26857	1.26916	1.26816	1.26864	1516	0	1
2024.01.04	10:10:00	1.26863	1.26878	1.26824	1.26824	1001	0	1
2024.01.04	10:15:00	1.26824	1.26901	1.26821	1.26868	1406	0	1
2024.01.04	10:20:00	1.26867	1.26933	1.26862	1.26909	1152	0	1
2024.01.04	10:25:00	1.26907	1.26975	1.26864	1.26887	1111	0	1
2024.01.04	10:30:00	1.26886	1.26904	1.26840	1.26841	927	0	1
2024.01.04	10:35:00	1.26845	1.26929	1.26827	1.26915	1012	0	1
2024.01.04	10:40:00	1.26915	1.26945	1.26867	1.26874	1071	0	1
2024.01.04	10:45:00	1.26873	1.26993	1.26850	1.26978	1252	0	1
2024.01.04	10:50:00	1.26978	1.27033	1.26978	1.27025	1397	0	1
2024.01.04	10:55:00	1.27024	1.27084	1.27010	1.27017	1680	0	1
2024.01.04	11:00:00	1.27017	1.27057	1.26965	1.26969	1463	0	1
2024.01.04	11:05:00	1.26969	1.26972	1.26907	1.26911	883	0	1
2024.01.04	11:10:00	1.26911	1.26935	1.26892	1.26932	806	0	1
2024.01.04	11:15:00	1.26931	1.27020	1.26923	1.26991	1044	0	1
2024.01.04	11:20:00	1.26992	1.26996	1.26942	1.26953	875	0	1
2024.01.04	11:25:00	1.26953	1.26990	1.26909	1.26990	945	0	1
2024.01.04	11:30:00	1.26991	1.27086	1.26991	1.27079	1568	0	1
2024.01.04	11:35:00	1.27081	1.27157	1.27079	1.27147	1045	0	1
2024.01.04	11:40:00	1.27148	1.27197	1.27126	1.27176	1045	0	1
2024.01.04	11:45:00	1.27176	1.27210	1.27151	1.27205	1519	0	1
2024.01.04	11:50:00	1.27207	1.27248	1.27182	1.27207	1464	0	1
2024.01.04	11:55:00	1.27207	1.27228	1.27175	1.27204	1682	0	1
2024.01.04	12:00:00	1.27203	1.27287	1.27177	1.27273	1696	0	1
2024.01.04	12:05:00	1.27273	1.27282	1.27224	1.27227	1302	0	1
2024.01.04	12:10:00	1.27228	1.27251	1.27190	1.27218	995	0	1
2024.01.04	12:15:00	1.27219	1.27258	1.27205	1.27257	828	0	1
2024.01.04	12:20:00	1.27256	1.27281	1.27221	1.27259	881	0	1
2024.01.04	12:25:00	1.27259	1.27300	1.27241	1.27242	879	0	1
2024.01.04	12:30:00	1.27242	1.27261	1.27187	1.27197	1120	0	1
2024.01.04	12:35:00	1.27197	1.27236	1.27173	1.27225	885	0	1
2024.01.04	12:40:00	1.27225	1.27229	1.27102	1.27106	1163	0	1
2024.01.04	12:45:00	1.27106	1.27134	1.27085	1.27093	854	0	1
2024.01.04	12:50:00	1.27092	1.27096	1.27044	1.27061	1116	0	1
2024.01.04	12:55:00	1.27061	1.27091	1.27055	1.27073	852	0	1
2024.01.04	13:00:00	1.27073	1.27073	1.26996	1.26996	835	0	1
2024.01.04	13:05:00	1.26996	1.27069	1.26988	1.27063	1098	0	1
2024.01.04	13:10:00	1.27063	1.27080	1.27035	1.27039	667	0	1
2024.01.04	13:15:00	1.27038	1.27045	1.26995	1.27018	714	0	1
2024.01.04	13:20:00	1.27018	1.27031	1.26981	1.27025	766	0	1
2024.01.04	13:25:00	1.27025	1.27071	1.27021	1.27048	738	0	1
2024.01.04	13:30:00	1.27047	1.27059	1.27031	1.27037	475	0	1
2024.01.04	13:35:00	1.27037	1.27045	1.27001	1.27015	546	0	1
2024.01.04	13:40:00	1.27015	1.27047	1.26997	1.27043	387	0	1
2024.01.04	13:45:00	1.27042	1.27046	1.27012	1.27023	385	0	1
2024.01.04	13:50:00	1.27023	1.27023	1.26935	1.26941	660	0	1
2024.01.04	13:55:00	1.26941	1.26941	1.26865	1.26901	1227	0	1
2024.01.04	14:00:00	1.26902	1.26944	1.26889	1.26939	1034	0	1
2024.01.04	14:05:00	1.26941	1.26947	1.26884	1.26919	795	0	1
2024.01.04	14:10:00	1.26917	1.26939	1.26910	1.26936	592	0	1
2024.01.04	14:15:00	1.26936	1.26940	1.26882	1.26892	611	0	1
2024.01.04	14:20:00	1.26892	1.26917	1.26885	1.26897	495	0	1
2024.01.04	14:25:00	1.26898	1.26940	1.26895	1.26932	585	0	1
2024.01.04	14:30:00	1.26932	1.26959	1.26903	1.26945	1075	0	1
2024.01.04	14:35:00	1.26945	1.26947	1.26894	1.26901	719	0	1
2024.01.04	14:40:00	1.26901	1.26943	1.26882	1.26938	757	0	1
2024.01.04	14:45:00	1.26938	1.26939	1.26859	1.26901	814	0	1
2024.01.04	14:50:00	1.26901	1.26925	1.26900	1.26916	398	0	1
2024.01.04	14:55:00	1.26917	1.26946	1.26917	1.26924	563	0	1
2024.01.04	15:00:00	1.26925	1.26929	1.26887	1.26914	861	0	1
2024.01.04	15:05:00	1.26914	1.26961	1.26911	1.26946	1253	0	1
2024.01.04	15:10:00	1.26946	1.26955	1.26901	1.26908	994	0	1
2024.01.04	15:15:00	1.26904	1.26964	1.26832	1.26933	1883	0	1
2024.01.04	15:20:00	1.26934	1.26943	1.26835	1.26880	1935	0	1
2024.01.04	15:25:00	1.26880	1.26930	1.26872	1.26898	1319	0	1
2024.01.04	15:30:00	1.26894	1.26894	1.26710	1.26780	2313	0	1
2024.01.04	15:35:00	1.26780	1.26818	1.26757	1.26762	2021	0	1
2024.01.04	15:40:00	1.26762	1.26789	1.26713	1.26727	1873	0	1
2024.01.04	15:45:00	1.26727	1.26851	1.26704	1.26822	1569	0	1
2024.01.04	15:50:00	1.26822	1.26831	1.26785	1.26810	1488	0	1
2024.01.04	15:55:00	1.26810	1.26810	1.26729	1.26736	1373	0	1
2024.01.04	16:00:00	1.26734	1.26792	1.26692	1.26696	1422	0	1
2024.01.04	16:05:00	1.26696	1.26721	1.26653	1.26682	1893	0	1
2024.01.04	16:10:00	1.26682	1.26721	1.26669	1.26695	1371	0	1
2024.01.04	16:15:00	1.26695	1.26715	1.26647	1.26668	1273	0	1
2024.01.04	16:20:00	1.26667	1.26729	1.26646	1.26673	1345	0	1
2024.01.04	16:25:00	1.26673	1.26703	1.26660	1.26683	1247	0	1
2024.01.04	16:30:00	1.26683	1.26731	1.26664	1.26692	2083	0	1
2024.01.04	16:35:00	1.26692	1.26704	1.26656	1.26696	1555	0	1
2024.01.04	16:40:00	1.26695	1.26767	1.26668	1.26739	1276	0	1
2024.01.04	16:45:00	1.26739	1.26756	1.26693	1.26718	1978	0	1
2024.01.04	16:50:00	1.26718	1.26852	1.26708	1.26821	1721	0	1
2024.01.04	16:55:00	1.26821	1.26849	1.26784	1.26786	1589	0	1
2024.01.04	17:00:00	1.26785	1.26954	1.26779	1.26938	1782	0	1
2024.01.04	17:05:00	1.26938	1.26959	1.26884	1.26922	2149	0	1
2024.01.04	17:10:00	1.26924	1.27024	1.26899	1.27023	2037	0	1
2024.01.04	17:15:00	1.27022	1.27044	1.26962	1.27032	1800	0	1
2024.01.04	17:20:00	1.27032	1.27046	1.26982	1.27038	1144	0	1
2024.01.04	17:25:00	1.27039	1.27107	1.27031	1.27086	1608	0	1
2024.01.04	17:30:00	1.27085	1.27105	1.27047	1.27066	1641	0	1
2024.01.04	17:35:00	1.27066	1.27079	1.27017	1.27035	1420	0	1
2024.01.04	17:40:00	1.27035	1.27064	1.26971	1.27053	1159	0	1
2024.01.04	17:45:00	1.27054	1.27096	1.26992	1.26997	1421	0	1
2024.01.04	17:50:00	1.26996	1.27044	1.26951	1.26976	1834	0	1
2024.01.04	17:55:00	1.26975	1.26995	1.26944	1.26990	1028	0	1
2024.01.04	18:00:00	1.26990	1.27024	1.26956	1.26968	1212	0	1
2024.01.04	18:05:00	1.26968	1.27014	1.26963	1.26978	784	0	1
2024.01.04	18:10:00	1.26977	1.27016	1.26970	1.26993	1038	0	1
2024.01.04	18:15:00	1.26992	1.27043	1.26939	1.26944	1274	0	1
2024.01.04	18:20:00	1.26945	1.26979	1.26944	1.26952	710	0	1
2024.01.04	18:25:00	1.26952	1.27006	1.26931	1.26975	898	0	1
2024.01.04	18:30:00	1.26975	1.26983	1.26912	1.26951	823	0	1
2024.01.04	18:35:00	1.26951	1.26984	1.26948	1.26949	990	0	1
2024.01.04	18:40:00	1.26949	1.26960	1.26899	1.26938	938	0	1
2024.01.04	18:45:00	1.26938	1.26949	1.26888	1.26897	906	0	1
2024.01.04	18:50:00	1.26897	1.26922	1.26891	1.26902	676	0	1
2024.01.04	18:55:00	1.26902	1.26924	1.26890	1.26896	563	0	1
2024.01.04	19:00:00	1.26895	1.26903	1.26831	1.26872	913	0	3
2024.01.04	19:05:00	1.26872	1.26955	1.26867	1.26939	834	0	3
2024.01.04	19:10:00	1.26940	1.26955	1.26918	1.26931	832	0	3
2024.01.04	19:15:00	1.26931	1.26953	1.26912	1.26919	1038	0	3
2024.01.04	19:20:00	1.26919	1.26921	1.26849	1.26857	1038	0	3
2024.01.04	19:25:00	1.26857	1.26872	1.26831	1.26846	1087	0	3
2024.01.04	19:30:00	1.26846	1.26847	1.26801	1.26811	1216	0	3
2024.01.04	19:35:00	1.26811	1.26813	1.26774	1.26781	945	0	3
2024.01.04	19:40:00	1.26781	1.26790	1.26760	1.26762	678	0	3
2024.01.04	19:45:00	1.26762	1.26791	1.26724	1.26790	818	0	3
2024.01.04	19:50:00	1.26790	1.26838	1.26783	1.26826	714	0	3
2024.01.04	19:55:00	1.26826	1.26837	1.26812	1.26833	650	0	3
2024.01.04	20:00:00	1.26832	1.26865	1.26822	1.26858	559	0	3
2024.01.04	20:05:00	1.26858	1.26858	1.26813	1.26841	636	0	3
2024.01.04	20:10:00	1.26840	1.26850	1.26819	1.26834	618	0	3
2024.01.04	20:15:00	1.26833	1.26852	1.26809	1.26817	616	0	3
2024.01.04	20:20:00	1.26817	1.26832	1.26779	1.26791	491	0	3
2024.01.04	20:25:00	1.26791	1.26833	1.26789	1.26794	585	0	3
2024.01.04	20:30:00	1.26794	1.26811	1.26779	1.26792	444	0	3
2024.01.04	20:35:00	1.26792	1.26825	1.26791	1.26801	507	0	3
2024.01.04	20:40:00	1.26801	1.26832	1.26791	1.26821	463	0	3
2024.01.04	20:45:00	1.26821	1.26846	1.26817	1.26826	464	0	3
2024.01.04	20:50:00	1.26826	1.26852	1.26804	1.26806	635	0	3
2024.01.04	20:55:00	1.26807	1.26842	1.26796	1.26819	538	0	3
2024.01.04	21:00:00	1.26819	1.26833	1.26787	1.26802	511	0	3
2024.01.04	21:05:00	1.26802	1.26811	1.26783	1.26783	407	0	3
2024.01.04	21:10:00	1.26783	1.26805	1.26770	1.26782	486	0	3
2024.01.04	21:15:00	1.26782	1.26813	1.26769	1.26798	612	0	3
2024.01.04	21:20:00	1.26798	1.26803	1.26770	1.26773	508	0	3
2024.01.04	21:25:00	1.26773	1.26791	1.26762	1.26772	500	0	3
2024.01.04	21:30:00	1.26772	1.26775	1.26750	1.26753	492	0	3
2024.01.04	21:35:00	1.26752	1.26771	1.26740	1.26767	382	0	3
2024.01.04	21:40:00	1.26767	1.26767	1.26739	1.26748	300	0	3
2024.01.04	21:45:00	1.26748	1.26809	1.26739	1.26807	430	0	3
2024.01.04	21:50:00	1.26807	1.26837	1.26804	1.26830	437	0	3
2024.01.04	21:55:00	1.26830	1.26858	1.26821	1.26828	491	0	3
2024.01.04	22:00:00	1.26828	1.26836	1.26804	1.26811	441	0	3
2024.01.04	22:05:00	1.26811	1.26833	1.26811	1.26832	228	0	3
2024.01.04	22:10:00	1.26831	1.26854	1.26824	1.26848	362	0	3
2024.01.04	22:15:00	1.26847	1.26852	1.26788	1.26812	1111	0	3
2024.01.04	22:20:00	1.26810	1.26830	1.26807	1.26822	644	0	3
2024.01.04	22:25:00	1.26822	1.26822	1.26791	1.26809	472	0	3
2024.01.04	22:30:00	1.26809	1.26842	1.26801	1.26830	672	0	3
2024.01.04	22:35:00	1.26830	1.26851	1.26822	1.26827	383	0	3
2024.01.04	22:40:00	1.26827	1.26833	1.26809	1.26819	239	0	3
2024.01.04	22:45:00	1.26819	1.26833	1.26791	1.26796	576	0	3
2024.01.04	22:50:00	1.26797	1.26801	1.26772	1.26800	697	0	3
2024.01.04	22:55:00	1.26801	1.26843	1.26784	1.26842	636	0	3
2024.01.04	23:00:00	1.26835	1.26858	1.26823	1.26835	533	0	17
2024.01.04	23:05:00	1.26835	1.26846	1.26833	1.26845	92	0	14
2024.01.04	23:10:00	1.26846	1.26866	1.26844	1.26847	169	0	13
2024.01.04	23:15:00	1.26846	1.26856	1.26826	1.26833	110	0	13
2024.01.04	23:20:00	1.26832	1.26832	1.26813	1.26823	121	0	17
2024.01.04	23:25:00	1.26823	1.26827	1.26802	1.26814	148	0	11
2024.01.04	23:30:00	1.26815	1.26818	1.26800	1.26804	73	0	0
2024.01.04	23:35:00	1.26803	1.26812	1.26790	1.26794	85	0	0
2024.01.04	23:40:00	1.26792	1.26807	1.26791	1.26805	84	0	13
2024.01.04	23:45:00	1.26806	1.26817	1.26791	1.26817	128	0	0
2024.01.04	23:50:00	1.26816	1.26835	1.26815	1.26820	123	0	9
2024.01.04	23:55:00	1.26818	1.26832	1.26795	1.26814	118	0	7
2024.01.05	00:00:00	1.26758	1.26805	1.26722	1.26796	12	0	46
2024.01.05	00:05:00	1.26796	1.26796	1.26758	1.26766	10	0	43
2024.01.05	00:10:00	1.26766	1.26776	1.26757	1.26775	16	0	50
2024.01.05	00:15:00	1.26781	1.26821	1.26780	1.26818	113	0	69
2024.01.05	00:20:00	1.26818	1.26837	1.26800	1.26829	115	0	69
2024.01.05	00:25:00	1.26829	1.26829	1.26785	1.26806	200	0	59
2024.01.05	00:30:00	1.26808	1.26834	1.26801	1.26828	326	0	34
2024.01.05	00:35:00	1.26827	1.26834	1.26812	1.26828	251	0	26
2024.01.05	00:40:00	1.26828	1.26830	1.26795	1.26816	424	0	27
2024.01.05	00:45:00	1.26816	1.26834	1.26812	1.26819	225	0	36
2024.01.05	00:50:00	1.26819	1.26853	1.26797	1.26799	604	0	42
2024.01.05	00:55:00	1.26799	1.26838	1.26785	1.26821	386	0	29
2024.01.05	01:00:00	1.26860	1.26866	1.26840	1.26844	168	0	5
2024.01.05	01:05:00	1.26844	1.26858	1.26834	1.26856	60	0	5
2024.01.05	01:10:00	1.26856	1.26861	1.26843	1.26847	204	0	5
2024.01.05	01:15:00	1.26846	1.26853	1.26827	1.26833	135	0	5
2024.01.05	01:20:00	1.26833	1.26833	1.26829	1.26831	64	0	5
2024.01.05	01:25:00	1.26831	1.26832	1.26820	1.26824	66	0	5
2024.01.05	01:30:00	1.26824	1.26825	1.26800	1.26817	167	0	5
2024.01.05	01:35:00	1.26817	1.26825	1.26817	1.26822	90	0	5
2024.01.05	01:40:00	1.26822	1.26823	1.26802	1.26811	139	0	5
2024.01.05	01:45:00	1.26811	1.26823	1.26810	1.26821	109	0	5
2024.01.05	01:50:00	1.26821	1.26832	1.26821	1.26827	90	0	5
2024.01.05	01:55:00	1.26827	1.26841	1.26812	1.26813	137	0	5
2024.01.05	02:00:00	1.26813	1.26815	1.26795	1.26810	264	0	5
2024.01.05	02:05:00	1.26812	1.26836	1.26809	1.26824	297	0	5
2024.01.05	02:10:00	1.26824	1.26854	1.26820	1.26842	294	0	5
2024.01.05	02:15:00	1.26842	1.26864	1.26840	1.26854	222	0	5
2024.01.05	02:20:00	1.26854	1.26862	1.26841	1.26852	247	0	5
2024.01.05	02:25:00	1.26849	1.26875	1.26840	1.26871	280	0	5
2024.01.05	02:30:00	1.26871	1.26890	1.26868	1.26890	232	0	5
2024.01.05	02:35:00	1.26890	1.26899	1.26888	1.26892	162	0	5
2024.01.05	02:40:00	1.26892	1.26907	1.26881	1.26892	252	0	5
2024.01.05	02:45:00	1.26892	1.26911	1.26887	1.26901	347	0	5
2024.01.05	02:50:00	1.26901	1.26905	1.26870	1.26895	880	0	5
2024.01.05	02:55:00	1.26895	1.26922	1.26894	1.26907	384	0	5
2024.01.05	03:00:00	1.26906	1.26933	1.26900	1.26907	409	0	5
2024.01.05	03:05:00	1.26907	1.26919	1.26898	1.26913	344	0	5
2024.01.05	03:10:00	1.26913	1.26943	1.26909	1.26938	506	0	5
2024.01.05	03:15:00	1.26938	1.26953	1.26932	1.26933	484	0	5
2024.01.05	03:20:00	1.26933	1.26942	1.26892	1.26904	397	0	5
2024.01.05	03:25:00	1.26904	1.26904	1.26890	1.26899	330	0	5
2024.01.05	03:30:00	1.26899	1.26907	1.26875	1.26901	460	0	5
2024.01.05	03:35:00	1.26901	1.26939	1.26894	1.26915	490	0	5
2024.01.05	03:40:00	1.26915	1.26937	1.26895	1.26930	425	0	5
2024.01.05	03:45:00	1.26930	1.26945	1.26917	1.26917	387	0	5
2024.01.05	03:50:00	1.26917	1.26932	1.26917	1.26931	214	0	5
2024.01.05	03:55:00	1.26931	1.26942	1.26928	1.26933	226	0	5
2024.01.05	04:00:00	1.26933	1.26944	1.26926	1.26942	181	0	5
2024.01.05	04:05:00	1.26942	1.26955	1.26940	1.26951	109	0	5
2024.01.05	04:10:00	1.26951	1.26963	1.26929	1.26937	224	0	5
2024.01.05	04:15:00	1.26937	1.26943	1.26928	1.26933	230	0	5
2024.01.05	04:20:00	1.26933	1.26951	1.26930	1.26945	287	0	5
2024.01.05	04:25:00	1.26945	1.26959	1.26911	1.26923	365	0	5
2024.01.05	04:30:00	1.26923	1.26929	1.26906	1.26910	274	0	5
2024.01.05	04:35:00	1.26910	1.26920	1.26902	1.26913	229	0	5
2024.01.05	04:40:00	1.26913	1.26922	1.26886	1.26892	203	0	5
2024.01.05	04:45:00	1.26892	1.26903	1.26868	1.26871	317	0	5
2024.01.05	04:50:00	1.26871	1.26881	1.26859	1.26878	298	0	5
2024.01.05	04:55:00	1.26878	1.26883	1.26854	1.26863	302	0	5
2024.01.05	05:00:00	1.26863	1.26874	1.26860	1.26863	232	0	5
2024.01.05	05:05:00	1.26863	1.26876	1.26863	1.26872	205	0	5
2024.01.05	05:10:00	1.26872	1.26873	1.26840	1.26840	259	0	5
2024.01.05	05:15:00	1.26840	1.26847	1.26822	1.26832	266	0	5
2024.01.05	05:20:00	1.26832	1.26838	1.26813	1.26813	238	0	5
2024.01.05	05:25:00	1.26813	1.26816	1.26787	1.26795	228	0	5
2024.01.05	05:30:00	1.26795	1.26814	1.26788	1.26803	280	0	5
2024.01.05	05:35:00	1.26803	1.26831	1.26799	1.26831	359	0	5
2024.01.05	05:40:00	1.26832	1.26836	1.26818	1.26823	219	0	5
2024.01.05	05:45:00	1.26823	1.26824	1.26802	1.26816	221	0	5
2024.01.05	05:50:00	1.26816	1.26821	1.26807	1.26820	206	0	5
2024.01.05	05:55:00	1.26820	1.26823	1.26808	1.26810	174	0	5
2024.01.05	06:00:00	1.26810	1.26823	1.26807	1.26818	126	0	5
2024.01.05	06:05:00	1.26818	1.26822	1.26812	1.26813	310	0	5
2024.01.05	06:10:00	1.26813	1.26818	1.26796	1.26815	207	0	5
2024.01.05	06:15:00	1.26815	1.26831	1.26811	1.26823	199	0	5
2024.01.05	06:20:00	1.26823	1.26833	1.26822	1.26833	176	0	5
2024.01.05	06:25:00	1.26833	1.26853	1.26831	1.26843	310	0	5
2024.01.05	06:30:00	1.26843	1.26860	1.26836	1.26853	252	0	5
2024.01.05	06:35:00	1.26853	1.26853	1.26841	1.26844	297	0	5
2024.01.05	06:40:00	1.26844	1.26850	1.26832	1.26833	336	0	5
2024.01.05	06:45:00	1.26833	1.26833	1.26809	1.26814	288	0	5
2024.01.05	06:50:00	1.26814	1.26820	1.26787	1.26790	373	0	5
2024.01.05	06:55:00	1.26790	1.26794	1.26781	1.26787	258	0	5
2024.01.05	07:00:00	1.26787	1.26801	1.26778	1.26800	502	0	5
2024.01.05	07:05:00	1.26800	1.26800	1.26758	1.26762	489	0	5
2024.01.05	07:10:00	1.26761	1.26780	1.26761	1.26774	431	0	5
2024.01.05	07:15:00	1.26774	1.26796	1.26771	1.26774	390	0	5
2024.01.05	07:20:00	1.26774	1.26779	1.26760	1.26769	278	0	5
2024.01.05	07:25:00	1.26769	1.26779	1.26763	1.26769	275	0	5
2024.01.05	07:30:00	1.26769	1.26791	1.26768	1.26788	210	0	5
2024.01.05	07:35:00	1.26788	1.26794	1.26777	1.26791	296	0	5
2024.01.05	07:40:00	1.26791	1.26793	1.26770	1.26771	488	0	5
2024.01.05	07:45:00	1.26770	1.26778	1.26761	1.26776	403	0	5
2024.01.05	07:50:00	1.26776	1.26784	1.26748	1.26750	438	0	5
2024.01.05	07:55:00	1.26750	1.26754	1.26735	1.26740	399	0	5
2024.01.05	08:00:00	1.26740	1.26754	1.26719	1.26726	514	0	5
2024.01.05	08:05:00	1.26726	1.26731	1.26708	1.26729	524	0	5
2024.01.05	08:10:00	1.26730	1.26730	1.26712	1.26720	342	0	5
2024.01.05	08:15:00	1.26720	1.26722	1.26697	1.26700	456	0	5
2024.01.05	08:20:00	1.26700	1.26720	1.26696	1.26703	558	0	5
2024.01.05	08:25:00	1.26703	1.26704	1.26671	1.26684	642	0	2
2024.01.05	08:30:00	1.26684	1.26687	1.26651	1.26681	846	0	2
2024.01.05	08:35:00	1.26681	1.26695	1.26647	1.26653	478	0	2
2024.01.05	08:40:00	1.26654	1.26670	1.26650	1.26665	476	0	2
2024.01.05	08:45:00	1.26665	1.26693	1.26663	1.26684	628	0	2
2024.01.05	08:50:00	1.26684	1.26697	1.26673	1.26685	376	0	2
2024.01.05	08:55:00	1.26685	1.26706	1.26683	1.26701	335	0	2
2024.01.05	09:00:00	1.26700	1.26735	1.26698	1.26713	751	0	2
2024.01.05	09:05:00	1.26713	1.26751	1.26692	1.26749	724	0	2
2024.01.05	09:10:00	1.26748	1.26794	1.26739	1.26778	772	0	2
2024.01.05	09:15:00	1.26778	1.26798	1.26757	1.26774	634	0	2
2024.01.05	09:20:00	1.26774	1.26823	1.26757	1.26813	808	0	2
2024.01.05	09:25:00	1.26813	1.26826	1.26791	1.26793	572	0	1
2024.01.05	09:30:00	1.26793	1.26823	1.26777	1.26790	570	0	1
2024.01.05	09:35:00	1.26790	1.26802	1.26778	1.26779	294	0	1
2024.01.05	09:40:00	1.26779	1.26796	1.26744	1.26747	632	0	1
2024.01.05	09:45:00	1.26747	1.26777	1.26744	1.26769	577	0	1
2024.01.05	09:50:00	1.26769	1.26822	1.26765	1.26803	596	0	1
2024.01.05	09:55:00	1.26803	1.26807	1.26776	1.26786	453	0	1
2024.01.05	10:00:00	1.26785	1.26831	1.26745	1.26820	1464	0	1
2024.01.05	10:05:00	1.26820	1.26848	1.26799	1.26831	902	0	1
2024.01.05	10:10:00	1.26831	1.26851	1.26810	1.26824	991	0	1
2024.01.05	10:15:00	1.26824	1.26893	1.26804	1.26825	1077	0	1
2024.01.05	10:20:00	1.26825	1.26883	1.26814	1.26817	945	0	1
2024.01.05	10:25:00	1.26817	1.26843	1.26763	1.26771	817	0	1
2024.01.05	10:30:00	1.26770	1.26809	1.26728	1.26809	850	0	1
2024.01.05	10:35:00	1.26808	1.26820	1.26755	1.26760	929	0	1
2024.01.05	10:40:00	1.26760	1.26781	1.26720	1.26734	890	0	1
2024.01.05	10:45:00	1.26733	1.26742	1.26703	1.26734	663	0	1
2024.01.05	10:50:00	1.26734	1.26748	1.26653	1.26661	953	0	1
2024.01.05	10:55:00	1.26663	1.26676	1.26609	1.26621	957	0	1
2024.01.05	11:00:00	1.26621	1.26645	1.26596	1.26645	702	0	1
2024.01.05	11:05:00	1.26643	1.26645	1.26585	1.26607	695	0	1
2024.01.05	11:10:00	1.26607	1.26665	1.26605	1.26634	1031	0	1
2024.01.05	11:15:00	1.26634	1.26674	1.26621	1.26670	754	0	1
2024.01.05	11:20:00	1.26670	1.26695	1.26662	1.26683	828	0	1
2024.01.05	11:25:00	1.26683	1.26712	1.26675	1.26684	741	0	1
2024.01.05	11:30:00	1.26683	1.26688	1.26636	1.26653	1318	0	1
2024.01.05	11:35:00	1.26653	1.26688	1.26634	1.26672	1041	0	1
2024.01.05	11:40:00	1.26672	1.26682	1.26573	1.26578	1118	0	1
2024.01.05	11:45:00	1.26578	1.26643	1.26570	1.26640	822	0	1
2024.01.05	11:50:00	1.26640	1.26644	1.26603	1.26625	664	0	1
2024.01.05	11:55:00	1.26625	1.26645	1.26586	1.26600	614	0	1
2024.01.05	12:00:00	1.26600	1.26611	1.26573	1.26595	820	0	1
2024.01.05	12:05:00	1.26595	1.26615	1.26560	1.26560	810	0	1
2024.01.05	12:10:00	1.26560	1.26593	1.26529	1.26578	726	0	1
2024.01.05	12:15:00	1.26578	1.26584	1.26543	1.26567	571	0	1
2024.01.05	12:20:00	1.26565	1.26565	1.26512	1.26546	667	0	1
2024.01.05	12:25:00	1.26546	1.26560	1.26539	1.26544	399	0	1
2024.01.05	12:30:00	1.26544	1.26580	1.26516	1.26579	584	0	1
2024.01.05	12:35:00	1.26579	1.26583	1.26560	1.26563	477	0	1
2024.01.05	12:40:00	1.26563	1.26600	1.26555	1.26592	373	0	1
2024.01.05	12:45:00	1.26593	1.26611	1.26573	1.26584	500	0	1
2024.01.05	12:50:00	1.26584	1.26584	1.26562	1.26573	562	0	1
2024.01.05	12:55:00	1.26572	1.26576	1.26550	1.26565	434	0	1
2024.01.05	13:00:00	1.26565	1.26567	1.26534	1.26550	370	0	1
2024.01.05	13:05:00	1.26550	1.26586	1.26535	1.26555	344	0	1
2024.01.05	13:10:00	1.26555	1.26578	1.26550	1.26572	255	0	1
2024.01.05	13:15:00	1.26572	1.26577	1.26503	1.26558	721	0	1
2024.01.05	13:20:00	1.26558	1.26576	1.26535	1.26539	492	0	1
2024.01.05	13:25:00	1.26539	1.26554	1.26518	1.26531	393	0	1
2024.01.05	13:30:00	1.26532	1.26554	1.26529	1.26554	417	0	1
2024.01.05	13:35:00	1.26554	1.26574	1.26544	1.26567	386	0	1
2024.01.05	13:40:00	1.26567	1.26582	1.26537	1.26575	350	0	1
2024.01.05	13:45:00	1.26575	1.26619	1.26568	1.26605	592	0	1
2024.01.05	13:50:00	1.26605	1.26605	1.26570	1.26574	360	0	1
2024.01.05	13:55:00	1.26574	1.26584	1.26522	1.26535	633	0	1
2024.01.05	14:00:00	1.26535	1.26569	1.26518	1.26561	690	0	1
2024.01.05	14:05:00	1.26561	1.26582	1.26553	1.26557	536	0	1
2024.01.05	14:10:00	1.26557	1.26655	1.26557	1.26653	752	0	1
2024.01.05	14:15:00	1.26653	1.26662	1.26629	1.26643	566	0	1
2024.01.05	14:20:00	1.26643	1.26661	1.26599	1.26646	636	0	1
2024.01.05	14:25:00	1.26646	1.26681	1.26631	1.26668	588	0	1
2024.01.05	14:30:00	1.26668	1.26695	1.26644	1.26654	658	0	1
2024.01.05	14:35:00	1.26654	1.26677	1.26650	1.26657	423	0	1
2024.01.05	14:40:00	1.26657	1.26681	1.26632	1.26652	616	0	1
2024.01.05	14:45:00	1.26651	1.26673	1.26623	1.26632	481	0	1
2024.01.05	14:50:00	1.26632	1.26647	1.26606	1.26634	502	0	1
2024.01.05	14:55:00	1.26634	1.26643	1.26593	1.26619	704	0	1
2024.01.05	15:00:00	1.26619	1.26657	1.26585	1.26650	1083	0	1
2024.01.05	15:05:00	1.26650	1.26704	1.26641	1.26676	1134	0	1
2024.01.05	15:10:00	1.26676	1.26691	1.26640	1.26691	865	0	1
2024.01.05	15:15:00	1.26693	1.26697	1.26646	1.26660	887	0	1
2024.01.05	15:20:00	1.26665	1.26713	1.26660	1.26662	1237	0	1
2024.01.05	15:25:00	1.26662	1.26691	1.26612	1.26618	1528	0	1
2024.01.05	15:30:00	1.26617	1.26618	1.26112	1.26367	5684	0	1
2024.01.05	15:35:00	1.26366	1.26430	1.26238	1.26352	6070	0	1
2024.01.05	15:40:00	1.26350	1.26549	1.26314	1.26532	5905	0	1
2024.01.05	15:45:00	1.26530	1.26530	1.26422	1.26499	4473	0	1
2024.01.05	15:50:00	1.26500	1.26649	1.26458	1.26623	4067	0	1
2024.01.05	15:55:00	1.26624	1.26635	1.26478	1.26579	3498	0	1
2024.01.05	16:00:00	1.26580	1.26677	1.26550	1.26667	3632	0	1
2024.01.05	16:05:00	1.26667	1.26715	1.26640	1.26643	3250	0	1
2024.01.05	16:10:00	1.26643	1.26693	1.26570	1.26583	3172	0	1
2024.01.05	16:15:00	1.26584	1.26805	1.26575	1.26763	3177	0	1
2024.01.05	16:20:00	1.26763	1.26811	1.26743	1.26758	2414	0	1
2024.01.05	16:25:00	1.26756	1.26935	1.26742	1.26892	2562	0	1
2024.01.05	16:30:00	1.26894	1.26952	1.26881	1.26925	3158	0	1
2024.01.05	16:35:00	1.26926	1.26935	1.26845	1.26845	2839	0	1
2024.01.05	16:40:00	1.26847	1.26902	1.26795	1.26875	2540	0	1
2024.01.05	16:45:00	1.26876	1.27035	1.26872	1.27015	2519	0	1
2024.01.05	16:50:00	1.27015	1.27064	1.26999	1.27018	2051	0	1
2024.01.05	16:55:00	1.27018	1.27060	1.26972	1.27014	2138	0	1
2024.01.05	17:00:00	1.27030	1.27533	1.27025	1.27531	6185	0	1
2024.01.05	17:05:00	1.27530	1.27596	1.27489	1.27587	5003	0	1
2024.01.05	17:10:00	1.27587	1.27708	1.27573	1.27596	4234	0	1
2024.01.05	17:15:00	1.27594	1.27608	1.27457	1.27512	3897	0	1
2024.01.05	17:20:00	1.27511	1.27631	1.27462	1.27615	3996	0	1
2024.01.05	17:25:00	1.27616	1.27652	1.27572	1.27589	3450	0	1
2024.01.05	17:30:00	1.27589	1.27679	1.27515	1.27640	3012	0	1
2024.01.05	17:35:00	1.27641	1.27670	1.27588	1.27619	2607	0	1
2024.01.05	17:40:00	1.27619	1.27711	1.27602	1.27672	2463	0	1
2024.01.05	17:45:00	1.27671	1.27708	1.27591	1.27607	2574	0	1
2024.01.05	17:50:00	1.27607	1.27610	1.27511	1.27550	2175	0	1
2024.01.05	17:55:00	1.27550	1.27554	1.27509	1.27518	1886	0	1
2024.01.05	18:00:00	1.27518	1.27536	1.27416	1.27416	1995	0	1
2024.01.05	18:05:00	1.27416	1.27491	1.27397	1.27477	2180	0	1
2024.01.05	18:10:00	1.27478	1.27548	1.27448	1.27509	1900	0	1
2024.01.05	18:15:00	1.27509	1.27557	1.27428	1.27428	1877	0	1
2024.01.05	18:20:00	1.27428	1.27430	1.27370	1.27387	1911	0	1
2024.01.05	18:25:00	1.27387	1.27408	1.27369	1.27379	1820	0	1
2024.01.05	18:30:00	1.27380	1.27445	1.27376	1.27437	1535	0	1
2024.01.05	18:35:00	1.27438	1.27480	1.27420	1.27475	1058	0	1
2024.01.05	18:40:00	1.27475	1.27475	1.27415	1.27450	1065	0	1
2024.01.05	18:45:00	1.27450	1.27466	1.27341	1.27372	1217	0	1
2024.01.05	18:50:00	1.27372	1.27389	1.27356	1.27363	1415	0	1
2024.01.05	18:55:00	1.27363	1.27385	1.27320	1.27385	1524	0	1
2024.01.05	19:00:00	1.27384	1.27386	1.27297	1.27309	1268	0	3
2024.01.05	19:05:00	1.27309	1.27323	1.27223	1.27224	1575	0	3
2024.01.05	19:10:00	1.27224	1.27264	1.27207	1.27232	1717	0	3
2024.01.05	19:15:00	1.27232	1.27272	1.27219	1.27222	1359	0	3
2024.01.05	19:20:00	1.27222	1.27281	1.27219	1.27227	1096	0	3
2024.01.05	19:25:00	1.27226	1.27260	1.27162	1.27172	1219	0	3
2024.01.05	19:30:00	1.27172	1.27227	1.27160	1.27172	1434	0	3
2024.01.05	19:35:00	1.27172	1.27217	1.27162	1.27205	1374	0	3
2024.01.05	19:40:00	1.27205	1.27277	1.27203	1.27265	1273	0	3
2024.01.05	19:45:00	1.27265	1.27276	1.27205	1.27240	1075	0	3
2024.01.05	19:50:00	1.27241	1.27276	1.27223	1.27264	936	0	3
2024.01.05	19:55:00	1.27264	1.27276	1.27210	1.27233	1061	0	3
2024.01.05	20:00:00	1.27232	1.27234	1.27166	1.27174	1259	0	3
2024.01.05	20:05:00	1.27176	1.27192	1.27150	1.27163	714	0	3
2024.01.05	20:10:00	1.27163	1.27175	1.27130	1.27150	931	0	3
2024.01.05	20:15:00	1.27150	1.27165	1.27103	1.27111	1074	0	3
2024.01.05	20:20:00	1.27110	1.27141	1.27102	1.27139	803	0	3
2024.01.05	20:25:00	1.27140	1.27217	1.27132	1.27212	993	0	3
2024.01.05	20:30:00	1.27212	1.27255	1.27199	1.27211	1181	0	3
2024.01.05	20:35:00	1.27211	1.27296	1.27211	1.27287	785	0	3
2024.01.05	20:40:00	1.27287	1.27301	1.27255	1.27271	714	0	3
2024.01.05	20:45:00	1.27271	1.27334	1.27269	1.27301	849	0	3
2024.01.05	20:50:00	1.27301	1.27313	1.27279	1.27286	589	0	3
2024.01.05	20:55:00	1.27286	1.27351	1.27284	1.27323	812	0	3
2024.01.05	21:00:00	1.27323	1.27360	1.27323	1.27348	836	0	3
2024.01.05	21:05:00	1.27348	1.27381	1.27339	1.27362	840	0	3
2024.01.05	21:10:00	1.27363	1.27395	1.27348	1.27360	749	0	3
2024.01.05	21:15:00	1.27359	1.27364	1.27309	1.27326	862	0	3
2024.01.05	21:20:00	1.27326	1.27347	1.27310	1.27329	702	0	3
2024.01.05	21:25:00	1.27329	1.27344	1.27313	1.27329	766	0	3
2024.01.05	21:30:00	1.27329	1.27370	1.27322	1.27360	519	0	3
2024.01.05	21:35:00	1.27360	1.27380	1.27324	1.27325	646	0	3
2024.01.05	21:40:00	1.27325	1.27330	1.27283	1.27298	841	0	3
2024.01.05	21:45:00	1.27298	1.27299	1.27244	1.27249	924	0	3
2024.01.05	21:50:00	1.27249	1.27262	1.27191	1.27221	995	0	3
2024.01.05	21:55:00	1.27220	1.27242	1.27212	1.27232	1048	0	3
2024.01.05	22:00:00	1.27232	1.27241	1.27184	1.27200	798	0	3
2024.01.05	22:05:00	1.27200	1.27227	1.27190	1.27202	503	0	3
2024.01.05	22:10:00	1.27202	1.27216	1.27182	1.27195	420	0	3
2024.01.05	22:15:00	1.27195	1.27202	1.27174	1.27177	466	0	3
2024.01.05	22:20:00	1.27177	1.27210	1.27175	1.27196	495	0	3
2024.01.05	22:25:00	1.27196	1.27210	1.27187	1.27200	440	0	3
2024.01.05	22:30:00	1.27200	1.27213	1.27182	1.27203	657	0	3
2024.01.05	22:35:00	1.27202	1.27219	1.27178	1.27179	691	0	3
2024.01.05	22:40:00	1.27178	1.27211	1.27157	1.27211	684	0	3
2024.01.05	22:45:00	1.27212	1.27226	1.27188	1.27202	635	0	3
2024.01.05	22:50:00	1.27202	1.27228	1.27194	1.27222	741	0	3
2024.01.05	22:55:00	1.27223	1.27234	1.27179	1.27200	741	0	3
2024.01.05	23:00:00	1.27193	1.27194	1.27163	1.27172	306	0	17
2024.01.05	23:05:00	1.27178	1.27190	1.27153	1.27166	292	0	7
2024.01.05	23:10:00	1.27166	1.27174	1.27153	1.27171	265	0	17
2024.01.05	23:15:00	1.27167	1.27171	1.27150	1.27162	176	0	17
2024.01.05	23:20:00	1.27162	1.27181	1.27161	1.27175	176	0	12
2024.01.05	23:25:00	1.27171	1.27173	1.27154	1.27155	153	0	11
2024.01.05	23:30:00	1.27153	1.27179	1.27153	1.27169	105	0	17
2024.01.05	23:35:00	1.27170	1.27176	1.27166	1.27169	53	0	14
2024.01.05	23:40:00	1.27168	1.27182	1.27168	1.27174	99	0	16
2024.01.05	23:45:00	1.27173	1.27184	1.27162	1.27182	194	0	0
2024.01.05	23:50:00	1.27181	1.27181	1.27154	1.27158	137	0	16
2024.01.05	23:55:00	1.27171	1.27189	1.27165	1.27176	73	0	9
2024.01.08	00:00:00	1.27101	1.27107	1.27052	1.27107	10	0	145
2024.01.08	00:05:00	1.27107	1.27137	1.27053	1.27068	26	0	29
2024.01.08	00:10:00	1.27062	1.27138	1.27058	1.27068	15	0	28
2024.01.08	00:15:00	1.27068	1.27115	1.27068	1.27103	79	0	76
2024.01.08	00:20:00	1.27103	1.27121	1.27103	1.27119	68	0	67
2024.01.08	00:25:00	1.27118	1.27126	1.27110	1.27114	72	0	57
2024.01.08	00:30:00	1.27115	1.27137	1.27110	1.27134	59	0	54
2024.01.08	00:35:00	1.27135	1.27153	1.27131	1.27132	135	0	47
2024.01.08	00:40:00	1.27133	1.27151	1.27133	1.27136	125	0	45
2024.01.08	00:45:00	1.27134	1.27165	1.27132	1.27135	124	0	40
2024.01.08	00:50:00	1.27137	1.27153	1.27122	1.27122	46	0	21
2024.01.08	00:55:00	1.27125	1.27153	1.27122	1.27147	85	0	25
2024.01.08	01:00:00	1.27158	1.27200	1.27127	1.27134	648	0	5
2024.01.08	01:05:00	1.27134	1.27138	1.27116	1.27124	165	0	5
2024.01.08	01:10:00	1.27125	1.27142	1.27121	1.27140	113	0	5
2024.01.08	01:15:00	1.27133	1.27149	1.27133	1.27148	1131	0	5
2024.01.08	01:20:00	1.27148	1.27155	1.27132	1.27136	973	0	5
2024.01.08	01:25:00	1.27133	1.27138	1.27098	1.27104	877	0	5
2024.01.08	01:30:00	1.27104	1.27110	1.27093	1.27095	180	0	5
2024.01.08	01:35:00	1.27096	1.27097	1.27083	1.27085	150	0	5
2024.01.08	01:40:00	1.27085	1.27100	1.27084	1.27095	137	0	5
2024.01.08	01:45:00	1.27096	1.27117	1.27094	1.27117	143	0	5
2024.01.08	01:50:00	1.27117	1.27134	1.27116	1.27130	97	0	5
2024.01.08	01:55:00	1.27130	1.27178	1.27130	1.27169	198	0	5
2024.01.08	02:00:00	1.27169	1.27169	1.27155	1.27164	251	0	5
2024.01.08	02:05:00	1.27164	1.27164	1.27127	1.27132	159	0	5
2024.01.08	02:10:00	1.27132	1.27164	1.27131	1.27164	166	0	5
2024.01.08	02:15:00	1.27164	1.27191	1.27164	1.27187	118	0	5
2024.01.08	02:20:00	1.27187	1.27208	1.27173	1.27181	257	0	5
2024.01.08	02:25:00	1.27182	1.27207	1.27177	1.27200	134	0	5
2024.01.08	02:30:00	1.27200	1.27200	1.27178	1.27188	155	0	5
2024.01.08	02:35:00	1.27188	1.27198	1.27178	1.27185	169	0	5
2024.01.08	02:40:00	1.27185	1.27200	1.27183	1.27200	75	0	5
2024.01.08	02:45:00	1.27200	1.27219	1.27197	1.27209	189	0	5
2024.01.08	02:50:00	1.27209	1.27229	1.27206	1.27216	184	0	5
2024.01.08	02:55:00	1.27216	1.27239	1.27213	1.27230	167	0	5
2024.01.08	03:00:00	1.27229	1.27238	1.27208	1.27235	407	0	5
2024.01.08	03:05:00	1.27236	1.27254	1.27225	1.27249	353	0	5
2024.01.08	03:10:00	1.27249	1.27260	1.27230	1.27239	243	0	5
2024.01.08	03:15:00	1.27239	1.27287	1.27225	1.27287	273	0	5
2024.01.08	03:20:00	1.27287	1.27299	1.27276	1.27277	339	0	5
2024.01.08	03:25:00	1.27277	1.27277	1.27247	1.27268	269	0	5
2024.01.08	03:30:00	1.27268	1.27278	1.27258	1.27266	265	0	5
2024.01.08	03:35:00	1.27266	1.27278	1.27248	1.27270	241	0	5
2024.01.08	03:40:00	1.27270	1.27274	1.27245	1.27259	308	0	5
2024.01.08	03:45:00	1.27259	1.27287	1.27246	1.27246	201	0	5
2024.01.08	03:50:00	1.27247	1.27249	1.27197	1.27197	254	0	5
2024.01.08	03:55:00	1.27198	1.27220	1.27197	1.27208	309	0	5
2024.01.08	04:00:00	1.27208	1.27208	1.27176	1.27179	417	0	5
2024.01.08	04:05:00	1.27179	1.27191	1.27160	1.27169	316	0	5
2024.01.08	04:10:00	1.27169	1.27188	1.27163	1.27173	363	0	5
2024.01.08	04:15:00	1.27173	1.27179	1.27162	1.27172	296	0	5
2024.01.08	04:20:00	1.27172	1.27182	1.27160	1.27171	246	0	5
2024.01.08	04:25:00	1.27171	1.27180	1.27159	1.27160	226	0	5
2024.01.08	04:30:00	1.27161	1.27164	1.27133	1.27143	310	0	5
2024.01.08	04:35:00	1.27143	1.27153	1.27139	1.27147	159	0	5
2024.01.08	04:40:00	1.27147	1.27173	1.27145	1.27170	230	0	5
2024.01.08	04:45:00	1.27170	1.27173	1.27161	1.27162	277	0	5
2024.01.08	04:50:00	1.27162	1.27170	1.27119	1.27121	316	0	5
2024.01.08	04:55:00	1.27121	1.27126	1.27099	1.27110	347	0	5
2024.01.08	05:00:00	1.27110	1.27112	1.27089	1.27097	295	0	5
2024.01.08	05:05:00	1.27097	1.27113	1.27097	1.27106	269	0	5
2024.01.08	05:10:00	1.27106	1.27121	1.27102	1.27112	302	0	5
2024.01.08	05:15:00	1.27112	1.27134	1.27109	1.27113	184	0	5
2024.01.08	05:20:00	1.27122	1.27122	1.27096	1.27103	491	0	5
2024.01.08	05:25:00	1.27102	1.27118	1.27096	1.27105	367	0	5
2024.01.08	05:30:00	1.27106	1.27106	1.27066	1.27075	364	0	5
2024.01.08	05:35:00	1.27076	1.27078	1.27050	1.27054	302	0	5
2024.01.08	05:40:00	1.27054	1.27056	1.27007	1.27027	435	0	5
2024.01.08	05:45:00	1.27027	1.27042	1.27019	1.27026	306	0	5
2024.01.08	05:50:00	1.27026	1.27031	1.26988	1.26997	422	0	5
2024.01.08	05:55:00	1.26997	1.27017	1.26990	1.27016	384	0	5
2024.01.08	06:00:00	1.27016	1.27029	1.26999	1.26999	361	0	5
2024.01.08	06:05:00	1.26999	1.27016	1.26982	1.26988	240	0	5
2024.01.08	06:10:00	1.26988	1.27000	1.26977	1.26990	179	0	5
2024.01.08	06:15:00	1.26990	1.27020	1.26989	1.27000	180	0	5
2024.01.08	06:20:00	1.27000	1.27015	1.26997	1.27010	194	0	5
2024.01.08	06:25:00	1.27010	1.27032	1.27008	1.27028	153	0	5
2024.01.08	06:30:00	1.27027	1.27034	1.27020	1.27027	163	0	5
2024.01.08	06:35:00	1.27027	1.27041	1.27027	1.27029	121	0	5
2024.01.08	06:40:00	1.27029	1.27052	1.27028	1.27030	164	0	5
2024.01.08	06:45:00	1.27030	1.27046	1.27030	1.27032	187	0	5
2024.01.08	06:50:00	1.27031	1.27040	1.27023	1.27030	164	0	5
2024.01.08	06:55:00	1.27030	1.27038	1.27015	1.27019	179	0	5
2024.01.08	07:00:00	1.27019	1.27027	1.27010	1.27023	226	0	5
2024.01.08	07:05:00	1.27023	1.27040	1.27022	1.27040	208	0	5
2024.01.08	07:10:00	1.27040	1.27040	1.27024	1.27031	267	0	5
2024.01.08	07:15:00	1.27031	1.27042	1.27021	1.27041	167	0	5
2024.01.08	07:20:00	1.27041	1.27042	1.27029	1.27032	151	0	5
2024.01.08	07:25:00	1.27032	1.27048	1.27028	1.27029	155	0	5
2024.01.08	07:30:00	1.27029	1.27029	1.26980	1.26992	232	0	5
2024.01.08	07:35:00	1.26992	1.27012	1.26988	1.27009	389	0	5
2024.01.08	07:40:00	1.27010	1.27014	1.26997	1.27006	342	0	5
2024.01.08	07:45:00	1.27006	1.27012	1.26996	1.27008	190	0	5
2024.01.08	07:50:00	1.27008	1.27039	1.27002	1.27036	227	0	5
2024.01.08	07:55:00	1.27036	1.27046	1.27028	1.27035	340	0	5
2024.01.08	08:00:00	1.27036	1.27049	1.27021	1.27042	320	0	5
2024.01.08	08:05:00	1.27043	1.27079	1.27042	1.27070	386	0	5
2024.01.08	08:10:00	1.27070	1.27084	1.27048	1.27071	332	0	5
2024.01.08	08:15:00	1.27071	1.27089	1.27070	1.27082	166	0	5
2024.01.08	08:20:00	1.27082	1.27110	1.27073	1.27108	362	0	5
2024.01.08	08:25:00	1.27107	1.27123	1.27100	1.27119	321	0	5
2024.01.08	08:30:00	1.27121	1.27122	1.27080	1.27088	418	0	2
2024.01.08	08:35:00	1.27088	1.27111	1.27083	1.27085	375	0	2
2024.01.08	08:40:00	1.27085	1.27124	1.27080	1.27117	311	0	2
2024.01.08	08:45:00	1.27117	1.27137	1.27111	1.27131	308	0	2
2024.01.08	08:50:00	1.27131	1.27152	1.27121	1.27145	284	0	2
2024.01.08	08:55:00	1.27145	1.27154	1.27139	1.27152	246	0	2
2024.01.08	09:00:00	1.27152	1.27194	1.27120	1.27156	790	0	2
2024.01.08	09:05:00	1.27156	1.27196	1.27150	1.27180	552	0	2
2024.01.08	09:10:00	1.27179	1.27201	1.27168	1.27180	443	0	2
2024.01.08	09:15:00	1.27180	1.27183	1.27121	1.27123	524	0	2
2024.01.08	09:20:00	1.27123	1.27153	1.27110	1.27124	743	0	2
2024.01.08	09:25:00	1.27124	1.27151	1.27119	1.27133	373	0	2
2024.01.08	09:30:00	1.27134	1.27141	1.27078	1.27093	642	0	1
2024.01.08	09:35:00	1.27093	1.27115	1.27062	1.27066	687	0	1
2024.01.08	09:40:00	1.27066	1.27093	1.27012	1.27074	1114	0	1
2024.01.08	09:45:00	1.27074	1.27165	1.27072	1.27133	800	0	1
2024.01.08	09:50:00	1.27132	1.27161	1.27109	1.27114	667	0	1
2024.01.08	09:55:00	1.27114	1.27137	1.27064	1.27086	728	0	1
2024.01.08	10:00:00	1.27085	1.27113	1.27036	1.27049	1398	0	1
2024.01.08	10:05:00	1.27049	1.27063	1.26991	1.27060	1127	0	1
2024.01.08	10:10:00	1.27060	1.27102	1.26937	1.26970	1454	0	1
2024.01.08	10:15:00	1.26970	1.27017	1.26961	1.26993	1055	0	1
2024.01.08	10:20:00	1.26993	1.27022	1.26969	1.27013	729	0	1
2024.01.08	10:25:00	1.27014	1.27018	1.26952	1.26986	843	0	1
2024.01.08	10:30:00	1.26986	1.27068	1.26971	1.27026	1252	0	1
2024.01.08	10:35:00	1.27025	1.27026	1.26933	1.26936	916	0	1
2024.01.08	10:40:00	1.26936	1.26965	1.26876	1.26923	946	0	1
2024.01.08	10:45:00	1.26923	1.26955	1.26910	1.26930	633	0	1
2024.01.08	10:50:00	1.26930	1.26952	1.26883	1.26887	757	0	1
2024.01.08	10:55:00	1.26887	1.26921	1.26886	1.26912	780	0	1
2024.01.08	11:00:00	1.26912	1.26913	1.26815	1.26816	956	0	1
2024.01.08	11:05:00	1.26816	1.26880	1.26810	1.26864	808	0	1
2024.01.08	11:10:00	1.26864	1.26877	1.26832	1.26853	609	0	1
2024.01.08	11:15:00	1.26853	1.26862	1.26794	1.26800	629	0	1
2024.01.08	11:20:00	1.26798	1.26800	1.26753	1.26758	603	0	1
2024.01.08	11:25:00	1.26758	1.26810	1.26754	1.26790	824	0	1
2024.01.08	11:30:00	1.26790	1.26792	1.26734	1.26751	959	0	1
2024.01.08	11:35:00	1.26751	1.26832	1.26734	1.26793	893	0	1
2024.01.08	11:40:00	1.26793	1.26857	1.26789	1.26841	990	0	1
2024.01.08	11:45:00	1.26841	1.26909	1.26834	1.26906	867	0	1
2024.01.08	11:50:00	1.26908	1.26947	1.26877	1.26941	810	0	1
2024.01.08	11:55:00	1.26941	1.26983	1.26930	1.26946	857	0	1
2024.01.08	12:00:00	1.26947	1.26975	1.26931	1.26948	820	0	1
2024.01.08	12:05:00	1.26948	1.26986	1.26937	1.26981	745	0	1
2024.01.08	12:10:00	1.26980	1.26997	1.26959	1.26967	646	0	1
2024.01.08	12:15:00	1.26966	1.27032	1.26958	1.26994	769	0	1
2024.01.08	12:20:00	1.26994	1.27032	1.26978	1.27019	691	0	1
2024.01.08	12:25:00	1.27019	1.27029	1.26992	1.26995	617	0	1
2024.01.08	12:30:00	1.26995	1.27047	1.26995	1.27043	640	0	1
2024.01.08	12:35:00	1.27043	1.27043	1.26988	1.26991	570	0	1
2024.01.08	12:40:00	1.26991	1.27050	1.26990	1.27046	608	0	1
2024.01.08	12:45:00	1.27044	1.27104	1.27038	1.27081	723	0	1
2024.01.08	12:50:00	1.27081	1.27098	1.27071	1.27075	614	0	1
2024.01.08	12:55:00	1.27075	1.27081	1.27048	1.27055	616	0	1
2024.01.08	13:00:00	1.27056	1.27070	1.27035	1.27061	593	0	1
2024.01.08	13:05:00	1.27061	1.27064	1.27015	1.27050	623	0	1
2024.01.08	13:10:00	1.27050	1.27111	1.27044	1.27103	657	0	1
2024.01.08	13:15:00	1.27103	1.27135	1.27059	1.27086	925	0	1
2024.01.08	13:20:00	1.27086	1.27132	1.27060	1.27066	757	0	1
2024.01.08	13:25:00	1.27066	1.27113	1.27052	1.27105	646	0	1
2024.01.08	13:30:00	1.27105	1.27135	1.27086	1.27086	650	0	1
2024.01.08	13:35:00	1.27086	1.27091	1.27030	1.27035	699	0	1
2024.01.08	13:40:00	1.27035	1.27043	1.26971	1.26973	711	0	1
2024.01.08	13:45:00	1.26973	1.26999	1.26970	1.26979	792	0	1
2024.01.08	13:50:00	1.26979	1.27003	1.26948	1.26970	749	0	1
2024.01.08	13:55:00	1.26970	1.27001	1.26967	1.26983	511	0	1
2024.01.08	14:00:00	1.26984	1.27046	1.26983	1.27042	651	0	1
2024.01.08	14:05:00	1.27041	1.27130	1.27020	1.27111	845	0	1
2024.01.08	14:10:00	1.27111	1.27210	1.27105	1.27200	1185	0	1
2024.01.08	14:15:00	1.27200	1.27207	1.27128	1.27143	762	0	1
2024.01.08	14:20:00	1.27144	1.27146	1.27095	1.27117	590	0	1
2024.01.08	14:25:00	1.27117	1.27125	1.27088	1.27089	407	0	1
2024.01.08	14:30:00	1.27089	1.27094	1.27043	1.27060	635	0	1
2024.01.08	14:35:00	1.27060	1.27064	1.27040	1.27049	411	0	1
2024.01.08	14:40:00	1.27047	1.27077	1.27037	1.27056	623	0	1
2024.01.08	14:45:00	1.27056	1.27091	1.27032	1.27091	686	0	1
2024.01.08	14:50:00	1.27091	1.27097	1.27058	1.27079	576	0	1
2024.01.08	14:55:00	1.27080	1.27090	1.27058	1.27089	681	0	1
2024.01.08	15:00:00	1.27090	1.27120	1.27068	1.27097	793	0	1
2024.01.08	15:05:00	1.27098	1.27105	1.27047	1.27055	800	0	1
2024.01.08	15:10:00	1.27055	1.27075	1.27018	1.27062	792	0	1
2024.01.08	15:15:00	1.27062	1.27108	1.27057	1.27096	797	0	1
2024.01.08	15:20:00	1.27097	1.27126	1.27055	1.27108	1185	0	1
2024.01.08	15:25:00	1.27108	1.27120	1.27091	1.27111	809	0	1
2024.01.08	15:30:00	1.27113	1.27184	1.27101	1.27160	1477	0	1
2024.01.08	15:35:00	1.27160	1.27211	1.27149	1.27188	1256	0	1
2024.01.08	15:40:00	1.27187	1.27202	1.27135	1.27157	1185	0	1
2024.01.08	15:45:00	1.27157	1.27158	1.27105	1.27132	1029	0	1
2024.01.08	15:50:00	1.27131	1.27165	1.27098	1.27108	1108	0	1
2024.01.08	15:55:00	1.27108	1.27123	1.27080	1.27119	1044	0	1
2024.01.08	16:00:00	1.27119	1.27175	1.27090	1.27124	1542	0	1
2024.01.08	16:05:00	1.27124	1.27128	1.27090	1.27109	1114	0	1
2024.01.08	16:10:00	1.27108	1.27186	1.27105	1.27157	1319	0	1
2024.01.08	16:15:00	1.27157	1.27174	1.27142	1.27169	934	0	1
2024.01.08	16:20:00	1.27169	1.27205	1.27157	1.27182	1150	0	1
2024.01.08	16:25:00	1.27181	1.27217	1.27181	1.27191	990	0	1
2024.01.08	16:30:00	1.27191	1.27262	1.27181	1.27259	1666	0	1
2024.01.08	16:35:00	1.27260	1.27302	1.27219	1.27260	1743	0	1
2024.01.08	16:40:00	1.27260	1.27265	1.27190	1.27245	1457	0	1
2024.01.08	16:45:00	1.27245	1.27267	1.27218	1.27227	1704	0	1
2024.01.08	16:50:00	1.27227	1.27259	1.27196	1.27213	1637	0	1
2024.01.08	16:55:00	1.27213	1.27309	1.27196	1.27289	1726	0	1
2024.01.08	17:00:00	1.27288	1.27302	1.27212	1.27284	1344	0	1
2024.01.08	17:05:00	1.27285	1.27289	1.27240	1.27266	921	0	1
2024.01.08	17:10:00	1.27266	1.27359	1.27266	1.27334	1152	0	1
2024.01.08	17:15:00	1.27334	1.27447	1.27331	1.27435	1401	0	1
2024.01.08	17:20:00	1.27435	1.27441	1.27362	1.27391	970	0	1
2024.01.08	17:25:00	1.27392	1.27440	1.27381	1.27414	1014	0	1
2024.01.08	17:30:00	1.27413	1.27474	1.27412	1.27443	1273	0	1
2024.01.08	17:35:00	1.27443	1.27448	1.27382	1.27414	1250	0	1
2024.01.08	17:40:00	1.27414	1.27481	1.27410	1.27474	1217	0	1
2024.01.08	17:45:00	1.27474	1.27543	1.27440	1.27543	1320	0	1
2024.01.08	17:50:00	1.27543	1.27560	1.27483	1.27492	1209	0	1
2024.01.08	17:55:00	1.27492	1.27533	1.27473	1.27501	1040	0	1
2024.01.08	18:00:00	1.27502	1.27532	1.27461	1.27465	1341	0	1
2024.01.08	18:05:00	1.27464	1.27583	1.27462	1.27569	1174	0	1
2024.01.08	18:10:00	1.27569	1.27611	1.27558	1.27591	1043	0	1
2024.01.08	18:15:00	1.27591	1.27595	1.27520	1.27550	1313	0	1
2024.01.08	18:20:00	1.27550	1.27601	1.27547	1.27578	1178	0	1
2024.01.08	18:25:00	1.27578	1.27587	1.27533	1.27560	961	0	1
2024.01.08	18:30:00	1.27560	1.27613	1.27557	1.27602	794	0	1
2024.01.08	18:35:00	1.27603	1.27633	1.27558	1.27563	843	0	1
2024.01.08	18:40:00	1.27564	1.27642	1.27562	1.27641	945	0	1
2024.01.08	18:45:00	1.27641	1.27657	1.27603	1.27610	859	0	1
2024.01.08	18:50:00	1.27611	1.27623	1.27582	1.27596	700	0	1
2024.01.08	18:55:00	1.27596	1.27633	1.27595	1.27627	911	0	1
2024.01.08	19:00:00	1.27627	1.27670	1.27622	1.27648	920	0	3
2024.01.08	19:05:00	1.27648	1.27655	1.27629	1.27639	488	0	3
2024.01.08	19:10:00	1.27639	1.27643	1.27587	1.27597	461	0	3
2024.01.08	19:15:00	1.27597	1.27612	1.27569	1.27576	643	0	3
2024.01.08	19:20:00	1.27576	1.27579	1.27526	1.27539	854	0	3
2024.01.08	19:25:00	1.27541	1.27570	1.27527	1.27540	613	0	3
2024.01.08	19:30:00	1.27540	1.27561	1.27522	1.27537	808	0	3
2024.01.08	19:35:00	1.27537	1.27578	1.27526	1.27560	737	0	3
2024.01.08	19:40:00	1.27560	1.27572	1.27543	1.27557	387	0	3
2024.01.08	19:45:00	1.27557	1.27557	1.27524	1.27539	425	0	3
2024.01.08	19:50:00	1.27539	1.27562	1.27531	1.27553	262	0	3
2024.01.08	19:55:00	1.27553	1.27561	1.27524	1.27547	284	0	3
2024.01.08	20:00:00	1.27547	1.27566	1.27528	1.27565	358	0	3
2024.01.08	20:05:00	1.27565	1.27583	1.27545	1.27548	329	0	3
2024.01.08	20:10:00	1.27547	1.27548	1.27507	1.27511	329	0	3
2024.01.08	20:15:00	1.27511	1.27511	1.27479	1.27507	543	0	3
2024.01.08	20:20:00	1.27508	1.27521	1.27502	1.27518	225	0	3
2024.01.08	20:25:00	1.27518	1.27519	1.27463	1.27482	540	0	3
2024.01.08	20:30:00	1.27482	1.27488	1.27429	1.27450	743	0	3
2024.01.08	20:35:00	1.27451	1.27459	1.27427	1.27430	515	0	3
2024.01.08	20:40:00	1.27428	1.27453	1.27399	1.27452	712	0	3
2024.01.08	20:45:00	1.27452	1.27489	1.27446	1.27470	581	0	3
2024.01.08	20:50:00	1.27470	1.27483	1.27457	1.27476	515	0	3
2024.01.08	20:55:00	1.27476	1.27502	1.27470	1.27499	541	0	3
2024.01.08	21:00:00	1.27499	1.27519	1.27469	1.27474	598	0	3
2024.01.08	21:05:00	1.27475	1.27503	1.27467	1.27498	422	0	3
2024.01.08	21:10:00	1.27498	1.27537	1.27497	1.27528	614	0	3
2024.01.08	21:15:00	1.27528	1.27542	1.27509	1.27517	568	0	3
2024.01.08	21:20:00	1.27517	1.27536	1.27510	1.27530	411	0	3
2024.01.08	21:25:00	1.27530	1.27549	1.27517	1.27529	564	0	3
2024.01.08	21:30:00	1.27529	1.27568	1.27529	1.27559	623	0	3
2024.01.08	21:35:00	1.27559	1.27565	1.27541	1.27550	344	0	3
2024.01.08	21:40:00	1.27550	1.27570	1.27542	1.27559	383	0	3
2024.01.08	21:45:00	1.27559	1.27591	1.27550	1.27567	487	0	3
2024.01.08	21:50:00	1.27567	1.27593	1.27565	1.27590	346	0	3
2024.01.08	21:55:00	1.27590	1.27606	1.27579	1.27589	565	0	3
2024.01.08	22:00:00	1.27589	1.27589	1.27520	1.27535	636	0	3
2024.01.08	22:05:00	1.27535	1.27538	1.27502	1.27523	455	0	3
2024.01.08	22:10:00	1.27525	1.27525	1.27476	1.27485	504	0	3
2024.01.08	22:15:00	1.27485	1.27488	1.27467	1.27481	433	0	3
2024.01.08	22:20:00	1.27481	1.27486	1.27470	1.27479	458	0	3
2024.01.08	22:25:00	1.27479	1.27508	1.27460	1.27501	409	0	3
2024.01.08	22:30:00	1.27501	1.27526	1.27498	1.27520	298	0	3
2024.01.08	22:35:00	1.27520	1.27545	1.27510	1.27525	351	0	3
2024.01.08	22:40:00	1.27525	1.27531	1.27492	1.27502	422	0	3
2024.01.08	22:45:00	1.27502	1.27506	1.27469	1.27472	795	0	3
2024.01.08	22:50:00	1.27474	1.27519	1.27472	1.27500	854	0	3
2024.01.08	22:55:00	1.27500	1.27531	1.27489	1.27512	729	0	3
2024.01.08	23:00:00	1.27511	1.27532	1.27507	1.27514	330	0	17
2024.01.08	23:05:00	1.27513	1.27546	1.27510	1.27546	146	0	13
2024.01.08	23:10:00	1.27546	1.27550	1.27514	1.27522	191	0	10
2024.01.08	23:15:00	1.27522	1.27534	1.27508	1.27520	230	0	17
2024.01.08	23:20:00	1.27519	1.27520	1.27514	1.27520	98	0	11
2024.01.08	23:25:00	1.27521	1.27523	1.27482	1.27484	192	0	0
2024.01.08	23:30:00	1.27483	1.27486	1.27471	1.27471	99	0	13
2024.01.08	23:35:00	1.27471	1.27483	1.27463	1.27483	115	0	14
2024.01.08	23:40:00	1.27483	1.27486	1.27462	1.27481	155	0	13
2024.01.08	23:45:00	1.27482	1.27492	1.27479	1.27492	184	0	17
2024.01.08	23:50:00	1.27493	1.27498	1.27480	1.27483	178	0	15
2024.01.08	23:55:00	1.27481	1.27484	1.27461	1.27474	78	0	2
2024.01.09	00:00:00	1.27467	1.27510	1.27386	1.27426	19	0	22
2024.01.09	00:05:00	1.27455	1.27480	1.27394	1.27436	21	0	20
2024.01.09	00:10:00	1.27496	1.27496	1.27424	1.27462	30	0	50
2024.01.09	00:15:00	1.27482	1.27489	1.27463	1.27472	222	0	34
2024.01.09	00:20:00	1.27476	1.27476	1.27440	1.27460	367	0	35
2024.01.09	00:25:00	1.27458	1.27497	1.27452	1.27471	203	0	10
2024.01.09	00:30:00	1.27471	1.27492	1.27471	1.27490	111	0	10
2024.01.09	00:35:00	1.27490	1.27492	1.27444	1.27470	565	0	10
2024.01.09	00:40:00	1.27470	1.27478	1.27447	1.27467	586	0	10
2024.01.09	00:45:00	1.27467	1.27497	1.27449	1.27466	538	0	10
2024.01.09	00:50:00	1.27465	1.27488	1.27445	1.27454	755	0	10
2024.01.09	00:55:00	1.27454	1.27479	1.27441	1.27479	702	0	5
2024.01.09	01:00:00	1.27478	1.27506	1.27461	1.27472	265	0	5
2024.01.09	01:05:00	1.27472	1.27475	1.27460	1.27461	76	0	5
2024.01.09	01:10:00	1.27460	1.27469	1.27456	1.27468	152	0	5
2024.01.09	01:15:00	1.27470	1.27474	1.27466	1.27468	149	0	5
2024.01.09	01:20:00	1.27469	1.27475	1.27465	1.27469	152	0	5
2024.01.09	01:25:00	1.27469	1.27474	1.27463	1.27472	106	0	5
2024.01.09	01:30:00	1.27472	1.27473	1.27461	1.27472	162	0	5
2024.01.09	01:35:00	1.27472	1.27474	1.27464	1.27471	68	0	5
2024.01.09	01:40:00	1.27467	1.27472	1.27459	1.27462	98	0	5
2024.01.09	01:45:00	1.27462	1.27463	1.27441	1.27441	117	0	5
2024.01.09	01:50:00	1.27442	1.27451	1.27432	1.27432	86	0	5
2024.01.09	01:55:00	1.27432	1.27441	1.27404	1.27412	253	0	5
2024.01.09	02:00:00	1.27411	1.27475	1.27403	1.27456	526	0	5
2024.01.09	02:05:00	1.27456	1.27515	1.27444	1.27513	365	0	5
2024.01.09	02:10:00	1.27513	1.27544	1.27507	1.27538	594	0	5
2024.01.09	02:15:00	1.27538	1.27555	1.27518	1.27548	389	0	5
2024.01.09	02:20:00	1.27548	1.27572	1.27541	1.27548	416	0	5
2024.01.09	02:25:00	1.27548	1.27565	1.27525	1.27545	276	0	5
2024.01.09	02:30:00	1.27545	1.27584	1.27545	1.27581	616	0	5
2024.01.09	02:35:00	1.27581	1.27584	1.27568	1.27582	336	0	5
2024.01.09	02:40:00	1.27582	1.27592	1.27563	1.27579	385	0	5
2024.01.09	02:45:00	1.27579	1.27581	1.27561	1.27578	314	0	5
2024.01.09	02:50:00	1.27579	1.27581	1.27556	1.27559	390	0	5
2024.01.09	02:55:00	1.27558	1.27580	1.27554	1.27555	287	0	5
2024.01.09	03:00:00	1.27555	1.27571	1.27539	1.27566	378	0	5
2024.01.09	03:05:00	1.27566	1.27580	1.27539	1.27572	462	0	5
2024.01.09	03:10:00	1.27571	1.27572	1.27542	1.27543	374	0	5
2024.01.09	03:15:00	1.27543	1.27558	1.27530	1.27542	609	0	5
2024.01.09	03:20:00	1.27542	1.27570	1.27541	1.27553	508	0	5
2024.01.09	03:25:00	1.27553	1.27571	1.27551	1.27569	416	0	5
2024.01.09	03:30:00	1.27569	1.27580	1.27546	1.27550	538	0	5
2024.01.09	03:35:00	1.27550	1.27552	1.27502	1.27505	443	0	5
2024.01.09	03:40:00	1.27505	1.27527	1.27496	1.27511	368	0	5
2024.01.09	03:45:00	1.27512	1.27556	1.27509	1.27540	529	0	5
2024.01.09	03:50:00	1.27540	1.27595	1.27540	1.27588	715	0	5
2024.01.09	03:55:00	1.27587	1.27607	1.27572	1.27601	451	0	5
2024.01.09	04:00:00	1.27601	1.27626	1.27592	1.27626	669	0	5
2024.01.09	04:05:00	1.27626	1.27635	1.27604	1.27607	366	0	5
2024.01.09	04:10:00	1.27606	1.27609	1.27591	1.27602	279	0	5
2024.01.09	04:15:00	1.27602	1.27615	1.27594	1.27611	273	0	5
2024.01.09	04:20:00	1.27611	1.27649	1.27611	1.27642	473	0	5
2024.01.09	04:25:00	1.27642	1.27644	1.27603	1.27605	387	0	5
2024.01.09	04:30:00	1.27605	1.27610	1.27591	1.27602	369	0	5
2024.01.09	04:35:00	1.27603	1.27623	1.27588	1.27623	276	0	5
2024.01.09	04:40:00	1.27623	1.27623	1.27604	1.27612	151	0	5
2024.01.09	04:45:00	1.27612	1.27623	1.27592	1.27592	266	0	5
2024.01.09	04:50:00	1.27592	1.27593	1.27573	1.27578	312	0	5
2024.01.09	04:55:00	1.27578	1.27592	1.27569	1.27574	424	0	5
2024.01.09	05:00:00	1.27574	1.27585	1.27571	1.27581	327	0	5
2024.01.09	05:05:00	1.27581	1.27588	1.27557	1.27585	335	0	5
2024.01.09	05:10:00	1.27585	1.27603	1.27579	1.27586	352	0	5
2024.01.09	05:15:00	1.27587	1.27624	1.27586	1.27614	312	0	5
2024.01.09	05:20:00	1.27616	1.27618	1.27600	1.27604	275	0	5
2024.01.09	05:25:00	1.27604	1.27606	1.27597	1.27600	185	0	5
2024.01.09	05:30:00	1.27601	1.27612	1.27590	1.27591	234	0	5
2024.01.09	05:35:00	1.27591	1.27607	1.27579	1.27600	234	0	5
2024.01.09	05:40:00	1.27600	1.27601	1.27582	1.27591	275	0	5
2024.01.09	05:45:00	1.27591	1.27592	1.27569	1.27577	231	0	5
2024.01.09	05:50:00	1.27577	1.27578	1.27547	1.27550	284	0	5
2024.01.09	05:55:00	1.27550	1.27560	1.27539	1.27560	199	0	5
2024.01.09	06:00:00	1.27560	1.27562	1.27549	1.27553	254	0	5
2024.01.09	06:05:00	1.27553	1.27556	1.27519	1.27527	544	0	5
2024.01.09	06:10:00	1.27527	1.27530	1.27508	1.27512	263	0	5
2024.01.09	06:15:00	1.27512	1.27522	1.27491	1.27494	263	0	5
2024.01.09	06:20:00	1.27494	1.27502	1.27468	1.27470	332	0	5
2024.01.09	06:25:00	1.27470	1.27472	1.27449	1.27451	315	0	5
2024.01.09	06:30:00	1.27451	1.27477	1.27448	1.27470	406	0	5
2024.01.09	06:35:00	1.27470	1.27478	1.27461	1.27469	349	0	5
2024.01.09	06:40:00	1.27469	1.27473	1.27462	1.27462	281	0	5
2024.01.09	06:45:00	1.27462	1.27472	1.27456	1.27470	197	0	5
2024.01.09	06:50:00	1.27470	1.27505	1.27470	1.27503	266	0	5
2024.01.09	06:55:00	1.27502	1.27502	1.27471	1.27478	236	0	5
2024.01.09	07:00:00	1.27478	1.27490	1.27470	1.27485	221	0	5
2024.01.09	07:05:00	1.27485	1.27489	1.27456	1.27458	218	0	5
2024.01.09	07:10:00	1.27458	1.27467	1.27443	1.27450	205	0	5
2024.01.09	07:15:00	1.27451	1.27459	1.27442	1.27450	293	0	5
2024.01.09	07:20:00	1.27450	1.27450	1.27387	1.27409	568	0	5
2024.01.09	07:25:00	1.27409	1.27422	1.27393	1.27404	343	0	5
2024.01.09	07:30:00	1.27404	1.27412	1.27388	1.27410	384	0	5
2024.01.09	07:35:00	1.27410	1.27424	1.27410	1.27420	278	0	5
2024.01.09	07:40:00	1.27421	1.27421	1.27373	1.27382	334	0	5
2024.01.09	07:45:00	1.27382	1.27398	1.27381	1.27385	322	0	5
2024.01.09	07:50:00	1.27385	1.27415	1.27385	1.27405	408	0	5
2024.01.09	07:55:00	1.27405	1.27440	1.27404	1.27434	477	0	5
2024.01.09	08:00:00	1.27434	1.27456	1.27401	1.27408	627	0	5
2024.01.09	08:05:00	1.27408	1.27451	1.27400	1.27450	402	0	5
2024.01.09	08:10:00	1.27449	1.27462	1.27424	1.27429	478	0	5
2024.01.09	08:15:00	1.27429	1.27444	1.27426	1.27436	440	0	5
2024.01.09	08:20:00	1.27436	1.27442	1.27411	1.27412	360	0	5
2024.01.09	08:25:00	1.27412	1.27416	1.27375	1.27394	434	0	5
2024.01.09	08:30:00	1.27396	1.27397	1.27367	1.27383	408	0	2
2024.01.09	08:35:00	1.27383	1.27387	1.27349	1.27364	395	0	2
2024.01.09	08:40:00	1.27365	1.27382	1.27351	1.27370	264	0	2
2024.01.09	08:45:00	1.27370	1.27373	1.27343	1.27353	564	0	2
2024.01.09	08:50:00	1.27352	1.27363	1.27347	1.27353	463	0	2
2024.01.09	08:55:00	1.27353	1.27361	1.27341	1.27350	445	0	2
2024.01.09	09:00:00	1.27353	1.27383	1.27339	1.27381	828	0	2
2024.01.09	09:05:00	1.27381	1.27448	1.27379	1.27440	832	0	2
2024.01.09	09:10:00	1.27440	1.27443	1.27412	1.27435	791	0	2
2024.01.09	09:15:00	1.27435	1.27475	1.27427	1.27465	707	0	2
2024.01.09	09:20:00	1.27464	1.27464	1.27422	1.27444	610	0	2
2024.01.09	09:25:00	1.27444	1.27458	1.27438	1.27439	287	0	2
2024.01.09	09:30:00	1.27440	1.27497	1.27435	1.27492	568	0	1
2024.01.09	09:35:00	1.27492	1.27510	1.27480	1.27494	496	0	1
2024.01.09	09:40:00	1.27492	1.27506	1.27478	1.27495	487	0	1
2024.01.09	09:45:00	1.27495	1.27506	1.27461	1.27486	664	0	1
2024.01.09	09:50:00	1.27484	1.27501	1.27451	1.27476	546	0	1
2024.01.09	09:55:00	1.27477	1.27488	1.27452	1.27471	447	0	1
2024.01.09	10:00:00	1.27471	1.27473	1.27388	1.27396	1136	0	1
2024.01.09	10:05:00	1.27396	1.27398	1.27332	1.27345	1217	0	1
2024.01.09	10:10:00	1.27345	1.27379	1.27330	1.27342	1026	0	1
2024.01.09	10:15:00	1.27342	1.27365	1.27312	1.27354	910	0	1
2024.01.09	10:20:00	1.27354	1.27368	1.27338	1.27357	576	0	1
2024.01.09	10:25:00	1.27356	1.27358	1.27275	1.27295	916	0	1
2024.01.09	10:30:00	1.27295	1.27369	1.27295	1.27369	769	0	1
2024.01.09	10:35:00	1.27369	1.27369	1.27314	1.27324	861	0	1
2024.01.09	10:40:00	1.27324	1.27359	1.27303	1.27324	752	0	1
2024.01.09	10:45:00	1.27324	1.27359	1.27324	1.27334	573	0	1
2024.01.09	10:50:00	1.27334	1.27376	1.27326	1.27375	575	0	1
2024.01.09	10:55:00	1.27375	1.27388	1.27353	1.27368	738	0	1
2024.01.09	11:00:00	1.27368	1.27375	1.27334	1.27344	503	0	1
2024.01.09	11:05:00	1.27344	1.27355	1.27329	1.27332	429	0	1
2024.01.09	11:10:00	1.27332	1.27332	1.27241	1.27255	888	0	1
2024.01.09	11:15:00	1.27255	1.27315	1.27242	1.27284	767	0	1
2024.01.09	11:20:00	1.27285	1.27299	1.27250	1.27289	839	0	1
2024.01.09	11:25:00	1.27289	1.27338	1.27288	1.27332	661	0	1
2024.01.09	11:30:00	1.27333	1.27374	1.27314	1.27357	739	0	1
2024.01.09	11:35:00	1.27357	1.27391	1.27344	1.27377	631	0	1
2024.01.09	11:40:00	1.27377	1.27380	1.27334	1.27352	643	0	1
2024.01.09	11:45:00	1.27352	1.27357	1.27315	1.27331	524	0	1
2024.01.09	11:50:00	1.27330	1.27346	1.27310	1.27341	494	0	1
2024.01.09	11:55:00	1.27341	1.27357	1.27322	1.27344	401	0	1
2024.01.09	12:00:00	1.27345	1.27356	1.27290	1.27293	599	0	1
2024.01.09	12:05:00	1.27293	1.27296	1.27225	1.27234	749	0	1
2024.01.09	12:10:00	1.27230	1.27297	1.27215	1.27264	783	0	1
2024.01.09	12:15:00	1.27264	1.27299	1.27249	1.27287	868	0	1
2024.01.09	12:20:00	1.27287	1.27290	1.27265	1.27277	595	0	1
2024.01.09	12:25:00	1.27277	1.27383	1.27274	1.27367	849	0	1
2024.01.09	12:30:00	1.27367	1.27367	1.27325	1.27348	814	0	1
2024.01.09	12:35:00	1.27347	1.27368	1.27315	1.27356	570	0	1
2024.01.09	12:40:00	1.27356	1.27375	1.27315	1.27320	581	0	1
2024.01.09	12:45:00	1.27320	1.27336	1.27250	1.27284	772	0	1
2024.01.09	12:50:00	1.27284	1.27284	1.27234	1.27256	628	0	1
2024.01.09	12:55:00	1.27255	1.27258	1.27214	1.27247	815	0	1
2024.01.09	13:00:00	1.27246	1.27249	1.27202	1.27222	780	0	1
2024.01.09	13:05:00	1.27223	1.27227	1.27193	1.27213	533	0	1
2024.01.09	13:10:00	1.27214	1.27214	1.27143	1.27165	812	0	1
2024.01.09	13:15:00	1.27165	1.27183	1.27135	1.27137	491	0	1
2024.01.09	13:20:00	1.27137	1.27146	1.27115	1.27144	825	0	1
2024.01.09	13:25:00	1.27144	1.27168	1.27137	1.27156	769	0	1
2024.01.09	13:30:00	1.27156	1.27156	1.27092	1.27113	672	0	1
2024.01.09	13:35:00	1.27113	1.27128	1.27071	1.27097	743	0	1
2024.01.09	13:40:00	1.27097	1.27120	1.27095	1.27107	588	0	1
2024.01.09	13:45:00	1.27106	1.27147	1.27092	1.27137	649	0	1
2024.01.09	13:50:00	1.27137	1.27142	1.27109	1.27135	619	0	1
2024.01.09	13:55:00	1.27135	1.27153	1.27122	1.27133	632	0	1
2024.01.09	14:00:00	1.27133	1.27135	1.27098	1.27110	590	0	1
2024.01.09	14:05:00	1.27110	1.27148	1.27108	1.27147	615	0	1
2024.01.09	14:10:00	1.27149	1.27198	1.27136	1.27173	725	0	1
2024.01.09	14:15:00	1.27173	1.27227	1.27166	1.27226	727	0	1
2024.01.09	14:20:00	1.27226	1.27297	1.27220	1.27274	998	0	1
2024.01.09	14:25:00	1.27275	1.27285	1.27225	1.27234	749	0	1
2024.01.09	14:30:00	1.27235	1.27240	1.27204	1.27217	788	0	1
2024.01.09	14:35:00	1.27217	1.27246	1.27195	1.27235	521	0	1
2024.01.09	14:40:00	1.27234	1.27234	1.27171	1.27212	649	0	1
2024.01.09	14:45:00	1.27212	1.27264	1.27206	1.27262	642	0	1
2024.01.09	14:50:00	1.27262	1.27271	1.27242	1.27269	567	0	1
2024.01.09	14:55:00	1.27269	1.27296	1.27265	1.27283	924	0	1
2024.01.09	15:00:00	1.27283	1.27305	1.27252	1.27262	1087	0	1
2024.01.09	15:05:00	1.27263	1.27302	1.27246	1.27301	859	0	1
2024.01.09	15:10:00	1.27301	1.27353	1.27296	1.27338	859	0	1
2024.01.09	15:15:00	1.27338	1.27358	1.27307	1.27311	767	0	1
2024.01.09	15:20:00	1.27309	1.27309	1.27217	1.27228	1099	0	1
2024.01.09	15:25:00	1.27229	1.27241	1.27209	1.27225	944	0	1
2024.01.09	15:30:00	1.27226	1.27229	1.27163	1.27186	1057	0	1
2024.01.09	15:35:00	1.27188	1.27293	1.27176	1.27281	1562	0	1
2024.01.09	15:40:00	1.27281	1.27281	1.27223	1.27225	1392	0	1
2024.01.09	15:45:00	1.27227	1.27276	1.27203	1.27237	1260	0	1
2024.01.09	15:50:00	1.27235	1.27256	1.27184	1.27224	1330	0	1
2024.01.09	15:55:00	1.27223	1.27265	1.27203	1.27254	1283	0	1
2024.01.09	16:00:00	1.27255	1.27273	1.27212	1.27214	1333	0	1
2024.01.09	16:05:00	1.27214	1.27226	1.27158	1.27221	1312	0	1
2024.01.09	16:10:00	1.27221	1.27238	1.27185	1.27211	1228	0	1
2024.01.09	16:15:00	1.27211	1.27255	1.27179	1.27197	980	0	1
2024.01.09	16:20:00	1.27196	1.27234	1.27182	1.27216	766	0	1
2024.01.09	16:25:00	1.27216	1.27276	1.27212	1.27245	895	0	1
2024.01.09	16:30:00	1.27244	1.27318	1.27238	1.27280	2105	0	1
2024.01.09	16:35:00	1.27280	1.27312	1.27224	1.27226	1622	0	1
2024.01.09	16:40:00	1.27227	1.27242	1.27186	1.27202	1177	0	1
2024.01.09	16:45:00	1.27201	1.27277	1.27174	1.27244	1472	0	1
2024.01.09	16:50:00	1.27244	1.27249	1.27185	1.27216	1209	0	1
2024.01.09	16:55:00	1.27216	1.27219	1.27184	1.27195	1247	0	1
2024.01.09	17:00:00	1.27196	1.27215	1.27136	1.27160	1147	0	1
2024.01.09	17:05:00	1.27159	1.27195	1.27133	1.27152	1604	0	1
2024.01.09	17:10:00	1.27150	1.27186	1.27129	1.27182	1323	0	1
2024.01.09	17:15:00	1.27183	1.27216	1.27162	1.27199	1126	0	1
2024.01.09	17:20:00	1.27199	1.27206	1.27155	1.27163	909	0	1
2024.01.09	17:25:00	1.27163	1.27178	1.27113	1.27172	1028	0	1
2024.01.09	17:30:00	1.27172	1.27174	1.27130	1.27164	1130	0	1
2024.01.09	17:35:00	1.27163	1.27184	1.27143	1.27154	917	0	1
2024.01.09	17:40:00	1.27155	1.27155	1.27075	1.27087	1236	0	1
2024.01.09	17:45:00	1.27087	1.27089	1.27032	1.27036	1374	0	1
2024.01.09	17:50:00	1.27036	1.27054	1.27010	1.27042	1472	0	1
2024.01.09	17:55:00	1.27042	1.27079	1.27024	1.27034	1291	0	1
2024.01.09	18:00:00	1.27034	1.27039	1.26986	1.27006	1294	0	1
2024.01.09	18:05:00	1.27006	1.27006	1.26892	1.26902	1324	0	1
2024.01.09	18:10:00	1.26901	1.26973	1.26897	1.26947	963	0	1
2024.01.09	18:15:00	1.26946	1.27014	1.26937	1.27003	850	0	1
2024.01.09	18:20:00	1.27002	1.27089	1.26995	1.27082	1125	0	1
2024.01.09	18:25:00	1.27082	1.27118	1.27057	1.27077	963	0	1
2024.01.09	18:30:00	1.27077	1.27111	1.27075	1.27103	842	0	1
2024.01.09	18:35:00	1.27102	1.27158	1.27094	1.27130	1072	0	1
2024.01.09	18:40:00	1.27130	1.27135	1.27043	1.27056	1180	0	1
2024.01.09	18:45:00	1.27056	1.27137	1.27052	1.27119	898	0	1
2024.01.09	18:50:00	1.27120	1.27157	1.27108	1.27125	589	0	1
2024.01.09	18:55:00	1.27125	1.27179	1.27117	1.27175	713	0	1
2024.01.09	19:00:00	1.27175	1.27188	1.27155	1.27161	670	0	3
2024.01.09	19:05:00	1.27160	1.27163	1.27123	1.27136	844	0	3
2024.01.09	19:10:00	1.27136	1.27160	1.27110	1.27125	879	0	3
2024.01.09	19:15:00	1.27125	1.27143	1.27076	1.27093	873	0	3
2024.01.09	19:20:00	1.27093	1.27098	1.27066	1.27087	833	0	3
2024.01.09	19:25:00	1.27087	1.27129	1.27086	1.27123	767	0	3
2024.01.09	19:30:00	1.27124	1.27140	1.27085	1.27112	772	0	3
2024.01.09	19:35:00	1.27112	1.27114	1.27073	1.27077	644	0	3
2024.01.09	19:40:00	1.27077	1.27132	1.27072	1.27125	591	0	3
2024.01.09	19:45:00	1.27125	1.27159	1.27124	1.27138	571	0	3
2024.01.09	19:50:00	1.27138	1.27140	1.27116	1.27129	605	0	3
2024.01.09	19:55:00	1.27130	1.27130	1.27092	1.27105	571	0	3
2024.01.09	20:00:00	1.27105	1.27172	1.27079	1.27166	1159	0	3
2024.01.09	20:05:00	1.27167	1.27177	1.27091	1.27094	1058	0	3
2024.01.09	20:10:00	1.27094	1.27149	1.27093	1.27145	900	0	3
2024.01.09	20:15:00	1.27145	1.27163	1.27133	1.27142	947	0	3
2024.01.09	20:20:00	1.27143	1.27145	1.27071	1.27081	1092	0	3
2024.01.09	20:25:00	1.27081	1.27084	1.27026	1.27037	935	0	3
2024.01.09	20:30:00	1.27035	1.27038	1.26950	1.26964	1142	0	3
2024.01.09	20:35:00	1.26964	1.26988	1.26954	1.26956	668	0	3
2024.01.09	20:40:00	1.26955	1.26965	1.26940	1.26958	559	0	3
2024.01.09	20:45:00	1.26958	1.26986	1.26942	1.26978	749	0	3
2024.01.09	20:50:00	1.26977	1.27004	1.26970	1.26978	787	0	3
2024.01.09	20:55:00	1.26978	1.26980	1.26954	1.26975	468	0	3
2024.01.09	21:00:00	1.26975	1.26999	1.26963	1.26978	531	0	3
2024.01.09	21:05:00	1.26977	1.27015	1.26971	1.27001	592	0	3
2024.01.09	21:10:00	1.27001	1.27003	1.26968	1.26970	686	0	3
2024.01.09	21:15:00	1.26969	1.26977	1.26946	1.26965	740	0	3
2024.01.09	21:20:00	1.26965	1.26980	1.26954	1.26964	526	0	3
2024.01.09	21:25:00	1.26964	1.26967	1.26934	1.26951	593	0	3
2024.01.09	21:30:00	1.26951	1.26965	1.26942	1.26954	394	0	3
2024.01.09	21:35:00	1.26954	1.26964	1.26925	1.26937	597	0	3
2024.01.09	21:40:00	1.26937	1.26948	1.26925	1.26933	413	0	3
2024.01.09	21:45:00	1.26933	1.26934	1.26919	1.26927	460	0	3
2024.01.09	21:50:00	1.26927	1.26954	1.26918	1.26948	482	0	3
2024.01.09	21:55:00	1.26947	1.27001	1.26936	1.26996	490	0	3
2024.01.09	22:00:00	1.26996	1.27040	1.26995	1.27036	686	0	3
2024.01.09	22:05:00	1.27036	1.27041	1.27002	1.27018	670	0	3
2024.01.09	22:10:00	1.27018	1.27048	1.27016	1.27033	612	0	3
2024.01.09	22:15:00	1.27034	1.27037	1.27023	1.27034	394	0	3
2024.01.09	22:20:00	1.27034	1.27071	1.27029	1.27047	411	0	3
2024.01.09	22:25:00	1.27047	1.27057	1.27037	1.27046	295	0	3
2024.01.09	22:30:00	1.27047	1.27070	1.27040	1.27066	427	0	3
2024.01.09	22:35:00	1.27066	1.27067	1.27048	1.27057	380	0	3
2024.01.09	22:40:00	1.27057	1.27069	1.27038	1.27048	486	0	3
2024.01.09	22:45:00	1.27048	1.27048	1.27033	1.27035	428	0	3
2024.01.09	22:50:00	1.27035	1.27052	1.27015	1.27049	504	0	3
2024.01.09	22:55:00	1.27049	1.27061	1.27033	1.27034	473	0	3
2024.01.09	23:00:00	1.27037	1.27058	1.27030	1.27057	188	0	10
2024.01.09	23:05:00	1.27057	1.27061	1.27040	1.27046	107	0	5
2024.01.09	23:10:00	1.27047	1.27060	1.27038	1.27053	119	0	10
2024.01.09	23:15:00	1.27051	1.27064	1.27051	1.27059	89	0	10
2024.01.09	23:20:00	1.27060	1.27072	1.27057	1.27070	81	0	13
2024.01.09	23:25:00	1.27069	1.27104	1.27059	1.27070	360	0	17
2024.01.09	23:30:00	1.27071	1.27101	1.27068	1.27098	77	0	2
2024.01.09	23:35:00	1.27097	1.27101	1.27089	1.27092	56	0	12
2024.01.09	23:40:00	1.27092	1.27092	1.27089	1.27091	23	0	10
2024.01.09	23:45:00	1.27091	1.27092	1.27084	1.27090	55	0	15
2024.01.09	23:50:00	1.27092	1.27101	1.27089	1.27094	74	0	15
2024.01.09	23:55:00	1.27092	1.27093	1.27054	1.27065	57	0	18
2024.01.10	00:00:00	1.27059	1.27080	1.26956	1.27006	19	0	34
2024.01.10	00:05:00	1.26995	1.27045	1.26985	1.27005	29	0	48
2024.01.10	00:10:00	1.27005	1.27088	1.27002	1.27065	18	0	20
2024.01.10	00:15:00	1.27075	1.27086	1.27050	1.27072	82	0	21
2024.01.10	00:20:00	1.27069	1.27095	1.27037	1.27077	530	0	29
2024.01.10	00:25:00	1.27078	1.27079	1.27058	1.27076	222	0	33
2024.01.10	00:30:00	1.27076	1.27096	1.27076	1.27095	224	0	10
2024.01.10	00:35:00	1.27096	1.27105	1.27088	1.27095	268	0	10
2024.01.10	00:40:00	1.27096	1.27105	1.27048	1.27058	705	0	10
2024.01.10	00:45:00	1.27059	1.27085	1.27049	1.27070	393	0	10
2024.01.10	00:50:00	1.27070	1.27085	1.27053	1.27082	537	0	19
2024.01.10	00:55:00	1.27082	1.27085	1.27056	1.27068	411	0	25
2024.01.10	01:00:00	1.27075	1.27115	1.27075	1.27108	247	0	5
2024.01.10	01:05:00	1.27108	1.27115	1.27105	1.27105	76	0	5
2024.01.10	01:10:00	1.27105	1.27105	1.27085	1.27098	99	0	5
2024.01.10	01:15:00	1.27098	1.27100	1.27090	1.27099	138	0	5
2024.01.10	01:20:00	1.27099	1.27102	1.27095	1.27097	112	0	5
2024.01.10	01:25:00	1.27097	1.27098	1.27087	1.27088	100	0	5
2024.01.10	01:30:00	1.27089	1.27090	1.27079	1.27082	185	0	5
2024.01.10	01:35:00	1.27082	1.27083	1.27063	1.27076	85	0	5
2024.01.10	01:40:00	1.27076	1.27077	1.27058	1.27068	64	0	5
2024.01.10	01:45:00	1.27070	1.27089	1.27069	1.27086	70	0	5
2024.01.10	01:50:00	1.27086	1.27096	1.27085	1.27087	114	0	5
2024.01.10	01:55:00	1.27086	1.27109	1.27086	1.27108	125	0	5
2024.01.10	02:00:00	1.27111	1.27149	1.27106	1.27138	318	0	5
2024.01.10	02:05:00	1.27138	1.27148	1.27135	1.27146	243	0	5
2024.01.10	02:10:00	1.27146	1.27164	1.27143	1.27159	243	0	5
2024.01.10	02:15:00	1.27159	1.27168	1.27150	1.27162	236	0	5
2024.01.10	02:20:00	1.27163	1.27169	1.27151	1.27160	340	0	5
2024.01.10	02:25:00	1.27160	1.27181	1.27157	1.27172	234	0	5
2024.01.10	02:30:00	1.27173	1.27174	1.27145	1.27158	421	0	5
2024.01.10	02:35:00	1.27158	1.27158	1.27125	1.27125	331	0	5
2024.01.10	02:40:00	1.27125	1.27130	1.27101	1.27102	421	0	5
2024.01.10	02:45:00	1.27102	1.27123	1.27085	1.27116	384	0	5
2024.01.10	02:50:00	1.27115	1.27135	1.27110	1.27134	392	0	5
2024.01.10	02:55:00	1.27133	1.27145	1.27112	1.27116	512	0	5
2024.01.10	03:00:00	1.27116	1.27119	1.27096	1.27106	350	0	5
2024.01.10	03:05:00	1.27106	1.27117	1.27084	1.27091	331	0	5
2024.01.10	03:10:00	1.27091	1.27097	1.27077	1.27080	523	0	5
2024.01.10	03:15:00	1.27081	1.27128	1.27070	1.27116	526	0	5
2024.01.10	03:20:00	1.27117	1.27118	1.27095	1.27097	425	0	5
2024.01.10	03:25:00	1.27096	1.27109	1.27080	1.27109	321	0	5
2024.01.10	03:30:00	1.27108	1.27128	1.27103	1.27111	535	0	5
2024.01.10	03:35:00	1.27111	1.27149	1.27106	1.27146	439	0	5
2024.01.10	03:40:00	1.27146	1.27157	1.27104	1.27108	614	0	5
2024.01.10	03:45:00	1.27108	1.27112	1.27093	1.27106	379	0	5
2024.01.10	03:50:00	1.27106	1.27115	1.27096	1.27114	298	0	5
2024.01.10	03:55:00	1.27114	1.27134	1.27105	1.27106	351	0	5
2024.01.10	04:00:00	1.27106	1.27127	1.27096	1.27113	475	0	5
2024.01.10	04:05:00	1.27113	1.27123	1.27099	1.27102	444	0	5
2024.01.10	04:10:00	1.27102	1.27106	1.27095	1.27098	480	0	5
2024.01.10	04:15:00	1.27097	1.27120	1.27095	1.27112	418	0	5
2024.01.10	04:20:00	1.27112	1.27117	1.27102	1.27106	252	0	5
2024.01.10	04:25:00	1.27106	1.27109	1.27085	1.27085	307	0	5
2024.01.10	04:30:00	1.27085	1.27086	1.27052	1.27056	535	0	5
2024.01.10	04:35:00	1.27056	1.27066	1.27043	1.27055	438	0	5
2024.01.10	04:40:00	1.27055	1.27062	1.27046	1.27054	269	0	5
2024.01.10	04:45:00	1.27054	1.27064	1.27046	1.27061	244	0	5
2024.01.10	04:50:00	1.27061	1.27063	1.27023	1.27026	334	0	5
2024.01.10	04:55:00	1.27026	1.27043	1.27015	1.27033	474	0	5
2024.01.10	05:00:00	1.27032	1.27043	1.27016	1.27022	291	0	5
2024.01.10	05:05:00	1.27022	1.27023	1.27013	1.27023	178	0	5
2024.01.10	05:10:00	1.27023	1.27023	1.27001	1.27004	186	0	5
2024.01.10	05:15:00	1.27004	1.27031	1.27002	1.27027	294	0	5
2024.01.10	05:20:00	1.27027	1.27055	1.27025	1.27054	402	0	5
2024.01.10	05:25:00	1.27053	1.27076	1.27045	1.27062	371	0	5
2024.01.10	05:30:00	1.27062	1.27065	1.27020	1.27023	367	0	5
2024.01.10	05:35:00	1.27023	1.27037	1.27017	1.27037	259	0	5
2024.01.10	05:40:00	1.27037	1.27038	1.27013	1.27017	408	0	5
2024.01.10	05:45:00	1.27017	1.27034	1.27012	1.27026	314	0	5
2024.01.10	05:50:00	1.27026	1.27032	1.27012	1.27013	299	0	5
2024.01.10	05:55:00	1.27012	1.27012	1.26983	1.26994	353	0	5
2024.01.10	06:00:00	1.26994	1.26998	1.26978	1.26989	267	0	5
2024.01.10	06:05:00	1.26989	1.26999	1.26982	1.26983	212	0	5
2024.01.10	06:10:00	1.26983	1.26991	1.26975	1.26984	194	0	5
2024.01.10	06:15:00	1.26984	1.26988	1.26979	1.26985	142	0	5
2024.01.10	06:20:00	1.26984	1.26985	1.26981	1.26982	93	0	5
2024.01.10	06:25:00	1.26982	1.26986	1.26970	1.26981	144	0	5
2024.01.10	06:30:00	1.26981	1.26994	1.26980	1.26991	185	0	5
2024.01.10	06:35:00	1.26991	1.27017	1.26991	1.27017	158	0	5
2024.01.10	06:40:00	1.27017	1.27036	1.27013	1.27033	184	0	5
2024.01.10	06:45:00	1.27033	1.27042	1.27023	1.27037	234	0	5
2024.01.10	06:50:00	1.27037	1.27046	1.27023	1.27029	265	0	5
2024.01.10	06:55:00	1.27029	1.27030	1.27015	1.27023	335	0	5
2024.01.10	07:00:00	1.27024	1.27031	1.27012	1.27025	267	0	5
2024.01.10	07:05:00	1.27026	1.27039	1.27021	1.27025	172	0	5
2024.01.10	07:10:00	1.27025	1.27027	1.27019	1.27022	116	0	5
2024.01.10	07:15:00	1.27022	1.27030	1.27017	1.27024	112	0	5
2024.01.10	07:20:00	1.27024	1.27030	1.27013	1.27015	101	0	5
2024.01.10	07:25:00	1.27015	1.27046	1.27013	1.27042	209	0	5
2024.01.10	07:30:00	1.27042	1.27042	1.27030	1.27033	207	0	5
2024.01.10	07:35:00	1.27033	1.27035	1.27022	1.27034	214	0	5
2024.01.10	07:40:00	1.27034	1.27045	1.27025	1.27036	215	0	5
2024.01.10	07:45:00	1.27037	1.27043	1.27013	1.27025	318	0	5
2024.01.10	07:50:00	1.27026	1.27036	1.27019	1.27035	187	0	5
2024.01.10	07:55:00	1.27034	1.27034	1.27012	1.27014	347	0	5
2024.01.10	08:00:00	1.27014	1.27015	1.26986	1.26993	452	0	5
2024.01.10	08:05:00	1.26993	1.26994	1.26967	1.26982	352	0	5
2024.01.10	08:10:00	1.26982	1.26987	1.26949	1.26954	349	0	5
2024.01.10	08:15:00	1.26956	1.26961	1.26940	1.26952	524	0	5
2024.01.10	08:20:00	1.26952	1.26974	1.26934	1.26969	516	0	5
2024.01.10	08:25:00	1.26969	1.26975	1.26953	1.26965	350	0	5
2024.01.10	08:30:00	1.26967	1.26970	1.26950	1.26953	356	0	2
2024.01.10	08:35:00	1.26953	1.26956	1.26933	1.26936	387	0	2
2024.01.10	08:40:00	1.26937	1.26939	1.26918	1.26929	366	0	2
2024.01.10	08:45:00	1.26929	1.26930	1.26873	1.26887	617	0	2
2024.01.10	08:50:00	1.26887	1.26891	1.26860	1.26881	500	0	2
2024.01.10	08:55:00	1.26881	1.26892	1.26862	1.26876	457	0	2
2024.01.10	09:00:00	1.26877	1.26937	1.26876	1.26936	920	0	2
2024.01.10	09:05:00	1.26936	1.26936	1.26902	1.26914	538	0	2
2024.01.10	09:10:00	1.26913	1.26925	1.26882	1.26916	728	0	2
2024.01.10	09:15:00	1.26916	1.26957	1.26898	1.26952	538	0	2
2024.01.10	09:20:00	1.26951	1.27005	1.26945	1.26992	814	0	2
2024.01.10	09:25:00	1.26992	1.27011	1.26950	1.26981	619	0	2
2024.01.10	09:30:00	1.26981	1.27024	1.26976	1.27006	858	0	1
2024.01.10	09:35:00	1.27006	1.27059	1.27003	1.27035	916	0	1
2024.01.10	09:40:00	1.27035	1.27038	1.26983	1.26983	669	0	1
2024.01.10	09:45:00	1.26983	1.27044	1.26983	1.27027	796	0	1
2024.01.10	09:50:00	1.27027	1.27034	1.26991	1.27001	752	0	1
2024.01.10	09:55:00	1.27001	1.27026	1.26970	1.26974	831	0	1
2024.01.10	10:00:00	1.26974	1.27027	1.26966	1.27022	1147	0	1
2024.01.10	10:05:00	1.27022	1.27087	1.27017	1.27072	1198	0	1
2024.01.10	10:10:00	1.27072	1.27098	1.27031	1.27070	1092	0	1
2024.01.10	10:15:00	1.27071	1.27087	1.27053	1.27064	882	0	1
2024.01.10	10:20:00	1.27064	1.27107	1.27053	1.27085	903	0	1
2024.01.10	10:25:00	1.27088	1.27106	1.27060	1.27090	780	0	1
2024.01.10	10:30:00	1.27090	1.27097	1.27056	1.27069	929	0	1
2024.01.10	10:35:00	1.27070	1.27104	1.27064	1.27100	638	0	1
2024.01.10	10:40:00	1.27100	1.27106	1.27073	1.27097	597	0	1
2024.01.10	10:45:00	1.27097	1.27119	1.27095	1.27115	500	0	1
2024.01.10	10:50:00	1.27116	1.27136	1.27100	1.27118	710	0	1
2024.01.10	10:55:00	1.27119	1.27163	1.27114	1.27145	933	0	1
2024.01.10	11:00:00	1.27144	1.27179	1.27129	1.27154	1087	0	1
2024.01.10	11:05:00	1.27154	1.27208	1.27146	1.27173	899	0	1
2024.01.10	11:10:00	1.27173	1.27247	1.27173	1.27235	908	0	1
2024.01.10	11:15:00	1.27236	1.27243	1.27205	1.27227	807	0	1
2024.01.10	11:20:00	1.27228	1.27270	1.27214	1.27260	771	0	1
2024.01.10	11:25:00	1.27260	1.27268	1.27232	1.27242	600	0	1
2024.01.10	11:30:00	1.27242	1.27282	1.27242	1.27275	620	0	1
2024.01.10	11:35:00	1.27275	1.27285	1.27251	1.27272	584	0	1
2024.01.10	11:40:00	1.27272	1.27289	1.27245	1.27245	436	0	1
2024.01.10	11:45:00	1.27242	1.27250	1.27212	1.27241	748	0	1
2024.01.10	11:50:00	1.27241	1.27272	1.27229	1.27267	775	0	1
2024.01.10	11:55:00	1.27267	1.27279	1.27253	1.27255	424	0	1
2024.01.10	12:00:00	1.27255	1.27341	1.27251	1.27332	565	0	1
2024.01.10	12:05:00	1.27332	1.27348	1.27304	1.27309	737	0	1
2024.01.10	12:10:00	1.27309	1.27318	1.27293	1.27311	604	0	1
2024.01.10	12:15:00	1.27311	1.27333	1.27289	1.27294	659	0	1
2024.01.10	12:20:00	1.27294	1.27322	1.27262	1.27302	736	0	1
2024.01.10	12:25:00	1.27303	1.27312	1.27267	1.27271	1421	0	1
2024.01.10	12:30:00	1.27270	1.27274	1.27231	1.27255	965	0	1
2024.01.10	12:35:00	1.27255	1.27275	1.27242	1.27243	390	0	1
2024.01.10	12:40:00	1.27243	1.27245	1.27193	1.27214	599	0	1
2024.01.10	12:45:00	1.27216	1.27278	1.27212	1.27265	438	0	1
2024.01.10	12:50:00	1.27264	1.27283	1.27258	1.27270	455	0	1
2024.01.10	12:55:00	1.27270	1.27276	1.27244	1.27262	514	0	1
2024.01.10	13:00:00	1.27262	1.27285	1.27251	1.27264	429	0	1
2024.01.10	13:05:00	1.27264	1.27288	1.27249	1.27277	384	0	1
2024.01.10	13:10:00	1.27277	1.27311	1.27261	1.27295	477	0	1
2024.01.10	13:15:00	1.27295	1.27297	1.27269	1.27284	396	0	1
2024.01.10	13:20:00	1.27284	1.27294	1.27239	1.27242	468	0	1
2024.01.10	13:25:00	1.27241	1.27252	1.27200	1.27204	706	0	1
2024.01.10	13:30:00	1.27203	1.27224	1.27188	1.27202	667	0	1
2024.01.10	13:35:00	1.27202	1.27235	1.27178	1.27186	486	0	1
2024.01.10	13:40:00	1.27185	1.27233	1.27178	1.27232	593	0	1
2024.01.10	13:45:00	1.27233	1.27236	1.27204	1.27210	445	0	1
2024.01.10	13:50:00	1.27210	1.27240	1.27200	1.27237	410	0	1
2024.01.10	13:55:00	1.27237	1.27280	1.27236	1.27255	555	0	1
2024.01.10	14:00:00	1.27255	1.27286	1.27253	1.27276	678	0	1
2024.01.10	14:05:00	1.27276	1.27311	1.27255	1.27258	697	0	1
2024.01.10	14:10:00	1.27257	1.27283	1.27243	1.27270	653	0	1
2024.01.10	14:15:00	1.27271	1.27284	1.27243	1.27251	591	0	1
2024.01.10	14:20:00	1.27252	1.27274	1.27240	1.27253	615	0	1
2024.01.10	14:25:00	1.27253	1.27299	1.27253	1.27291	513	0	1
2024.01.10	14:30:00	1.27291	1.27322	1.27282	1.27288	703	0	1
2024.01.10	14:35:00	1.27289	1.27299	1.27266	1.27268	580	0	1
2024.01.10	14:40:00	1.27268	1.27269	1.27218	1.27251	973	0	1
2024.01.10	14:45:00	1.27250	1.27283	1.27246	1.27251	713	0	1
2024.01.10	14:50:00	1.27251	1.27293	1.27237	1.27244	678	0	1
2024.01.10	14:55:00	1.27244	1.27246	1.27216	1.27223	576	0	1
2024.01.10	15:00:00	1.27221	1.27234	1.27201	1.27222	877	0	1
2024.01.10	15:05:00	1.27222	1.27255	1.27204	1.27232	1106	0	1
2024.01.10	15:10:00	1.27231	1.27360	1.27231	1.27346	1293	0	1
2024.01.10	15:15:00	1.27347	1.27366	1.27279	1.27293	1288	0	1
2024.01.10	15:20:00	1.27295	1.27320	1.27270	1.27277	1046	0	1
2024.01.10	15:25:00	1.27278	1.27352	1.27247	1.27311	1228	0	1
2024.01.10	15:30:00	1.27311	1.27321	1.27263	1.27320	950	0	1
2024.01.10	15:35:00	1.27320	1.27342	1.27309	1.27334	839	0	1
2024.01.10	15:40:00	1.27334	1.27341	1.27285	1.27288	839	0	1
2024.01.10	15:45:00	1.27288	1.27304	1.27260	1.27284	780	0	1
2024.01.10	15:50:00	1.27284	1.27291	1.27242	1.27251	634	0	1
2024.01.10	15:55:00	1.27251	1.27262	1.27228	1.27241	615	0	1
2024.01.10	16:00:00	1.27242	1.27265	1.27223	1.27248	609	0	1
2024.01.10	16:05:00	1.27248	1.27248	1.27221	1.27232	711	0	1
2024.01.10	16:10:00	1.27232	1.27234	1.27201	1.27229	749	0	1
2024.01.10	16:15:00	1.27230	1.27235	1.27183	1.27204	838	0	1
2024.01.10	16:20:00	1.27204	1.27216	1.27192	1.27195	600	0	1
2024.01.10	16:25:00	1.27194	1.27236	1.27182	1.27222	561	0	1
2024.01.10	16:30:00	1.27222	1.27230	1.27174	1.27195	1266	0	1
2024.01.10	16:35:00	1.27195	1.27218	1.27169	1.27181	1159	0	1
2024.01.10	16:40:00	1.27181	1.27214	1.27133	1.27192	1350	0	1
2024.01.10	16:45:00	1.27192	1.27195	1.27132	1.27174	1143	0	1
2024.01.10	16:50:00	1.27174	1.27195	1.27163	1.27175	1403	0	1
2024.01.10	16:55:00	1.27175	1.27233	1.27142	1.27217	1126	0	1
2024.01.10	17:00:00	1.27217	1.27266	1.27173	1.27184	1510	0	1
2024.01.10	17:05:00	1.27186	1.27249	1.27164	1.27235	1149	0	1
2024.01.10	17:10:00	1.27235	1.27245	1.27185	1.27194	1092	0	1
2024.01.10	17:15:00	1.27195	1.27230	1.27163	1.27177	1233	0	1
2024.01.10	17:20:00	1.27177	1.27202	1.27155	1.27169	1012	0	1
2024.01.10	17:25:00	1.27169	1.27202	1.27150	1.27197	1076	0	1
2024.01.10	17:30:00	1.27197	1.27316	1.27192	1.27303	1435	0	1
2024.01.10	17:35:00	1.27303	1.27336	1.27278	1.27291	1174	0	1
2024.01.10	17:40:00	1.27291	1.27350	1.27285	1.27343	1170	0	1
2024.01.10	17:45:00	1.27343	1.27412	1.27325	1.27352	1289	0	1
2024.01.10	17:50:00	1.27352	1.27402	1.27348	1.27387	1115	0	1
2024.01.10	17:55:00	1.27387	1.27392	1.27353	1.27363	886	0	1
2024.01.10	18:00:00	1.27361	1.27382	1.27336	1.27359	1195	0	1
2024.01.10	18:05:00	1.27359	1.27394	1.27313	1.27331	1052	0	1
2024.01.10	18:10:00	1.27331	1.27334	1.27261	1.27267	1155	0	1
2024.01.10	18:15:00	1.27267	1.27270	1.27227	1.27244	1015	0	1
2024.01.10	18:20:00	1.27245	1.27285	1.27239	1.27255	745	0	1
2024.01.10	18:25:00	1.27255	1.27267	1.27212	1.27236	902	0	1
2024.01.10	18:30:00	1.27237	1.27255	1.27205	1.27244	792	0	1
2024.01.10	18:35:00	1.27244	1.27251	1.27192	1.27208	871	0	1
2024.01.10	18:40:00	1.27208	1.27229	1.27182	1.27198	753	0	1
2024.01.10	18:45:00	1.27198	1.27246	1.27195	1.27216	703	0	1
2024.01.10	18:50:00	1.27216	1.27239	1.27186	1.27226	978	0	1
2024.01.10	18:55:00	1.27226	1.27286	1.27226	1.27277	732	0	1
2024.01.10	19:00:00	1.27276	1.27287	1.27264	1.27279	512	0	3
2024.01.10	19:05:00	1.27279	1.27293	1.27262	1.27276	621	0	3
2024.01.10	19:10:00	1.27277	1.27288	1.27249	1.27255	575	0	3
2024.01.10	19:15:00	1.27255	1.27259	1.27236	1.27253	618	0	3
2024.01.10	19:20:00	1.27253	1.27269	1.27234	1.27267	510	0	3
2024.01.10	19:25:00	1.27267	1.27269	1.27205	1.27220	694	0	3
2024.01.10	19:30:00	1.27220	1.27263	1.27214	1.27250	615	0	3
2024.01.10	19:35:00	1.27250	1.27287	1.27250	1.27285	433	0	3
2024.01.10	19:40:00	1.27286	1.27303	1.27245	1.27302	779	0	3
2024.01.10	19:45:00	1.27301	1.27317	1.27293	1.27314	552	0	3
2024.01.10	19:50:00	1.27313	1.27372	1.27308	1.27355	856	0	3
2024.01.10	19:55:00	1.27355	1.27360	1.27327	1.27336	418	0	3
2024.01.10	20:00:00	1.27335	1.27344	1.27309	1.27321	997	0	3
2024.01.10	20:05:00	1.27321	1.27321	1.27273	1.27305	1034	0	3
2024.01.10	20:10:00	1.27305	1.27322	1.27278	1.27315	846	0	3
2024.01.10	20:15:00	1.27316	1.27367	1.27305	1.27355	618	0	3
2024.01.10	20:20:00	1.27355	1.27376	1.27337	1.27371	485	0	3
2024.01.10	20:25:00	1.27371	1.27412	1.27371	1.27395	785	0	3
2024.01.10	20:30:00	1.27396	1.27428	1.27377	1.27404	561	0	3
2024.01.10	20:35:00	1.27405	1.27407	1.27371	1.27394	419	0	3
2024.01.10	20:40:00	1.27394	1.27406	1.27372	1.27373	452	0	3
2024.01.10	20:45:00	1.27373	1.27374	1.27351	1.27360	381	0	3
2024.01.10	20:50:00	1.27360	1.27398	1.27359	1.27390	313	0	3
2024.01.10	20:55:00	1.27392	1.27406	1.27386	1.27392	310	0	3
2024.01.10	21:00:00	1.27392	1.27423	1.27385	1.27418	397	0	3
2024.01.10	21:05:00	1.27418	1.27421	1.27382	1.27394	331	0	3
2024.01.10	21:10:00	1.27394	1.27424	1.27390	1.27402	580	0	3
2024.01.10	21:15:00	1.27402	1.27409	1.27380	1.27406	354	0	3
2024.01.10	21:20:00	1.27407	1.27411	1.27393	1.27402	199	0	3
2024.01.10	21:25:00	1.27402	1.27417	1.27393	1.27402	248	0	3
2024.01.10	21:30:00	1.27402	1.27426	1.27397	1.27420	324	0	3
2024.01.10	21:35:00	1.27420	1.27421	1.27388	1.27394	308	0	3
2024.01.10	21:40:00	1.27394	1.27422	1.27394	1.27420	537	0	3
2024.01.10	21:45:00	1.27421	1.27425	1.27383	1.27404	454	0	3
2024.01.10	21:50:00	1.27404	1.27422	1.27401	1.27407	565	0	3
2024.01.10	21:55:00	1.27407	1.27427	1.27404	1.27423	419	0	3
2024.01.10	22:00:00	1.27423	1.27441	1.27409	1.27434	464	0	3
2024.01.10	22:05:00	1.27434	1.27440	1.27423	1.27426	326	0	3
2024.01.10	22:10:00	1.27425	1.27430	1.27321	1.27349	878	0	3
2024.01.10	22:15:00	1.27348	1.27434	1.27299	1.27400	2064	0	3
2024.01.10	22:20:00	1.27401	1.27408	1.27331	1.27337	1016	0	3
2024.01.10	22:25:00	1.27337	1.27354	1.27323	1.27331	681	0	3
2024.01.10	22:30:00	1.27331	1.27355	1.27315	1.27343	742	0	3
2024.01.10	22:35:00	1.27344	1.27354	1.27324	1.27344	399	0	3
2024.01.10	22:40:00	1.27344	1.27350	1.27310	1.27333	607	0	3
2024.01.10	22:45:00	1.27333	1.27335	1.27309	1.27312	706	0	3
2024.01.10	22:50:00	1.27312	1.27338	1.27303	1.27335	817	0	3
2024.01.10	22:55:00	1.27335	1.27344	1.27322	1.27342	612	0	3
2024.01.10	23:00:00	1.27335	1.27353	1.27324	1.27353	406	0	17
2024.01.10	23:05:00	1.27352	1.27370	1.27344	1.27364	233	0	11
2024.01.10	23:10:00	1.27365	1.27369	1.27363	1.27367	153	0	17
2024.01.10	23:15:00	1.27368	1.27392	1.27365	1.27377	223	0	13
2024.01.10	23:20:00	1.27376	1.27394	1.27370	1.27393	173	0	17
2024.01.10	23:25:00	1.27394	1.27397	1.27382	1.27386	121	0	17
2024.01.10	23:30:00	1.27386	1.27400	1.27386	1.27398	48	0	11
2024.01.10	23:35:00	1.27396	1.27415	1.27394	1.27410	70	0	7
2024.01.10	23:40:00	1.27412	1.27420	1.27404	1.27413	127	0	12
2024.01.10	23:45:00	1.27414	1.27417	1.27405	1.27407	81	0	15
2024.01.10	23:50:00	1.27407	1.27409	1.27402	1.27404	85	0	14
2024.01.10	23:55:00	1.27410	1.27418	1.27404	1.27413	94	0	5
2024.01.11	00:00:00	1.27415	1.27421	1.27178	1.27284	18	0	21
2024.01.11	00:05:00	1.27228	1.27350	1.27206	1.27232	28	0	50
2024.01.11	00:10:00	1.27236	1.27333	1.27201	1.27321	24	0	84
2024.01.11	00:15:00	1.27320	1.27342	1.27302	1.27330	145	0	82
2024.01.11	00:20:00	1.27330	1.27337	1.27327	1.27335	79	0	87
2024.01.11	00:25:00	1.27336	1.27342	1.27313	1.27330	167	0	86
2024.01.11	00:30:00	1.27330	1.27352	1.27326	1.27352	154	0	60
2024.01.11	00:35:00	1.27352	1.27361	1.27312	1.27353	232	0	52
2024.01.11	00:40:00	1.27358	1.27365	1.27352	1.27364	138	0	49
2024.01.11	00:45:00	1.27364	1.27417	1.27350	1.27369	910	0	29
2024.01.11	00:50:00	1.27369	1.27381	1.27363	1.27370	274	0	40
2024.01.11	00:55:00	1.27370	1.27406	1.27367	1.27406	482	0	5
2024.01.11	01:00:00	1.27403	1.27415	1.27393	1.27407	227	0	5
2024.01.11	01:05:00	1.27407	1.27418	1.27406	1.27417	47	0	5
2024.01.11	01:10:00	1.27417	1.27421	1.27414	1.27418	63	0	5
2024.01.11	01:15:00	1.27418	1.27418	1.27409	1.27415	78	0	5
2024.01.11	01:20:00	1.27414	1.27418	1.27411	1.27415	68	0	5
2024.01.11	01:25:00	1.27415	1.27433	1.27414	1.27427	125	0	5
2024.01.11	01:30:00	1.27427	1.27442	1.27427	1.27441	118	0	5
2024.01.11	01:35:00	1.27441	1.27443	1.27433	1.27436	87	0	5
2024.01.11	01:40:00	1.27437	1.27449	1.27435	1.27445	105	0	5
2024.01.11	01:45:00	1.27445	1.27449	1.27437	1.27441	193	0	5
2024.01.11	01:50:00	1.27441	1.27446	1.27439	1.27445	105	0	5
2024.01.11	01:55:00	1.27445	1.27447	1.27439	1.27445	225	0	5
2024.01.11	02:00:00	1.27445	1.27485	1.27437	1.27483	305	0	5
2024.01.11	02:05:00	1.27483	1.27486	1.27454	1.27460	188	0	5
2024.01.11	02:10:00	1.27460	1.27462	1.27450	1.27459	274	0	5
2024.01.11	02:15:00	1.27459	1.27485	1.27459	1.27472	267	0	5
2024.01.11	02:20:00	1.27472	1.27480	1.27450	1.27460	383	0	5
2024.01.11	02:25:00	1.27459	1.27480	1.27452	1.27471	166	0	5
2024.01.11	02:30:00	1.27470	1.27494	1.27469	1.27494	233	0	5
2024.01.11	02:35:00	1.27494	1.27504	1.27490	1.27500	143	0	5
2024.01.11	02:40:00	1.27500	1.27505	1.27489	1.27503	187	0	5
2024.01.11	02:45:00	1.27503	1.27516	1.27501	1.27513	301	0	5
2024.01.11	02:50:00	1.27513	1.27516	1.27483	1.27483	473	0	5
2024.01.11	02:55:00	1.27485	1.27514	1.27478	1.27497	379	0	5
2024.01.11	03:00:00	1.27497	1.27556	1.27496	1.27531	498	0	5
2024.01.11	03:05:00	1.27530	1.27549	1.27522	1.27544	478	0	5
2024.01.11	03:10:00	1.27544	1.27563	1.27541	1.27563	337	0	5
2024.01.11	03:15:00	1.27564	1.27574	1.27539	1.27561	449	0	5
2024.01.11	03:20:00	1.27561	1.27571	1.27525	1.27535	329	0	5
2024.01.11	03:25:00	1.27535	1.27545	1.27523	1.27545	355	0	5
2024.01.11	03:30:00	1.27545	1.27547	1.27532	1.27547	537	0	5
2024.01.11	03:35:00	1.27547	1.27573	1.27535	1.27549	379	0	5
2024.01.11	03:40:00	1.27549	1.27566	1.27549	1.27562	350	0	5
2024.01.11	03:45:00	1.27563	1.27607	1.27560	1.27592	458	0	5
2024.01.11	03:50:00	1.27592	1.27612	1.27587	1.27605	428	0	5
2024.01.11	03:55:00	1.27605	1.27614	1.27598	1.27601	319	0	5
2024.01.11	04:00:00	1.27602	1.27606	1.27593	1.27602	335	0	5
2024.01.11	04:05:00	1.27602	1.27609	1.27580	1.27585	330	0	5
2024.01.11	04:10:00	1.27585	1.27647	1.27576	1.27642	358	0	5
2024.01.11	04:15:00	1.27642	1.27698	1.27639	1.27690	842	0	5
2024.01.11	04:20:00	1.27690	1.27695	1.27656	1.27668	616	0	5
2024.01.11	04:25:00	1.27668	1.27669	1.27652	1.27655	329	0	5
2024.01.11	04:30:00	1.27655	1.27657	1.27619	1.27636	340	0	5
2024.01.11	04:35:00	1.27636	1.27646	1.27623	1.27632	268	0	5
2024.01.11	04:40:00	1.27632	1.27634	1.27613	1.27626	343	0	5
2024.01.11	04:45:00	1.27626	1.27635	1.27613	1.27633	328	0	5
2024.01.11	04:50:00	1.27633	1.27653	1.27624	1.27626	359	0	5
2024.01.11	04:55:00	1.27625	1.27637	1.27620	1.27635	240	0	5
2024.01.11	05:00:00	1.27635	1.27653	1.27631	1.27652	198	0	5
2024.01.11	05:05:00	1.27652	1.27653	1.27632	1.27643	263	0	5
2024.01.11	05:10:00	1.27643	1.27655	1.27637	1.27647	242	0	5
2024.01.11	05:15:00	1.27648	1.27683	1.27647	1.27674	222	0	5
2024.01.11	05:20:00	1.27674	1.27677	1.27659	1.27659	201	0	5
2024.01.11	05:25:00	1.27659	1.27667	1.27655	1.27658	246	0	5
2024.01.11	05:30:00	1.27658	1.27675	1.27646	1.27664	359	0	5
2024.01.11	05:35:00	1.27664	1.27666	1.27652	1.27656	289	0	5
2024.01.11	05:40:00	1.27656	1.27660	1.27642	1.27643	262	0	5
2024.01.11	05:45:00	1.27643	1.27654	1.27634	1.27653	209	0	5
2024.01.11	05:50:00	1.27654	1.27666	1.27643	1.27652	273	0	5
2024.01.11	05:55:00	1.27652	1.27673	1.27645	1.27664	256	0	5
2024.01.11	06:00:00	1.27664	1.27704	1.27662	1.27698	248	0	5
2024.01.11	06:05:00	1.27698	1.27710	1.27692	1.27694	241	0	5
2024.01.11	06:10:00	1.27694	1.27694	1.27665	1.27683	333	0	5
2024.01.11	06:15:00	1.27683	1.27686	1.27646	1.27650	243	0	5
2024.01.11	06:20:00	1.27649	1.27672	1.27646	1.27670	205	0	5
2024.01.11	06:25:00	1.27670	1.27673	1.27655	1.27656	273	0	5
2024.01.11	06:30:00	1.27656	1.27656	1.27641	1.27646	183	0	5
2024.01.11	06:35:00	1.27646	1.27647	1.27624	1.27629	323	0	5
2024.01.11	06:40:00	1.27629	1.27645	1.27623	1.27638	341	0	5
2024.01.11	06:45:00	1.27638	1.27654	1.27635	1.27645	213	0	5
2024.01.11	06:50:00	1.27645	1.27657	1.27642	1.27656	227	0	5
2024.01.11	06:55:00	1.27656	1.27656	1.27640	1.27647	285	0	5
2024.01.11	07:00:00	1.27647	1.27652	1.27631	1.27647	337	0	5
2024.01.11	07:05:00	1.27647	1.27669	1.27640	1.27667	334	0	5
2024.01.11	07:10:00	1.27667	1.27691	1.27662	1.27685	507	0	5
2024.01.11	07:15:00	1.27685	1.27698	1.27682	1.27686	414	0	5
2024.01.11	07:20:00	1.27686	1.27689	1.27662	1.27662	322	0	5
2024.01.11	07:25:00	1.27662	1.27666	1.27638	1.27658	379	0	5
2024.01.11	07:30:00	1.27657	1.27663	1.27641	1.27652	347	0	5
2024.01.11	07:35:00	1.27652	1.27663	1.27644	1.27657	423	0	5
2024.01.11	07:40:00	1.27657	1.27671	1.27652	1.27660	346	0	5
2024.01.11	07:45:00	1.27660	1.27674	1.27658	1.27662	328	0	5
2024.01.11	07:50:00	1.27662	1.27664	1.27644	1.27652	331	0	5
2024.01.11	07:55:00	1.27652	1.27655	1.27615	1.27633	375	0	5
2024.01.11	08:00:00	1.27633	1.27636	1.27592	1.27607	484	0	5
2024.01.11	08:05:00	1.27607	1.27654	1.27607	1.27653	332	0	5
2024.01.11	08:10:00	1.27653	1.27655	1.27633	1.27641	265	0	5
2024.01.11	08:15:00	1.27641	1.27652	1.27630	1.27651	216	0	5
2024.01.11	08:20:00	1.27651	1.27684	1.27649	1.27673	325	0	5
2024.01.11	08:25:00	1.27673	1.27704	1.27670	1.27687	459	0	5
2024.01.11	08:30:00	1.27688	1.27739	1.27676	1.27715	532	0	2
2024.01.11	08:35:00	1.27715	1.27744	1.27712	1.27716	486	0	2
2024.01.11	08:40:00	1.27716	1.27738	1.27705	1.27711	596	0	2
2024.01.11	08:45:00	1.27711	1.27718	1.27694	1.27704	377	0	2
2024.01.11	08:50:00	1.27704	1.27716	1.27684	1.27690	337	0	2
2024.01.11	08:55:00	1.27690	1.27705	1.27676	1.27703	447	0	2
2024.01.11	09:00:00	1.27703	1.27717	1.27682	1.27714	596	0	2
2024.01.11	09:05:00	1.27714	1.27733	1.27713	1.27725	445	0	2
2024.01.11	09:10:00	1.27725	1.27733	1.27702	1.27709	484	0	2
2024.01.11	09:15:00	1.27708	1.27724	1.27690	1.27700	386	0	2
2024.01.11	09:20:00	1.27702	1.27723	1.27682	1.27686	297	0	2
2024.01.11	09:25:00	1.27686	1.27725	1.27685	1.27716	326	0	2
2024.01.11	09:30:00	1.27717	1.27717	1.27674	1.27693	606	0	1
2024.01.11	09:35:00	1.27693	1.27697	1.27674	1.27677	493	0	1
2024.01.11	09:40:00	1.27677	1.27695	1.27658	1.27674	721	0	1
2024.01.11	09:45:00	1.27673	1.27687	1.27635	1.27640	467	0	1
2024.01.11	09:50:00	1.27639	1.27664	1.27638	1.27664	532	0	1
2024.01.11	09:55:00	1.27664	1.27664	1.27620	1.27648	459	0	1
2024.01.11	10:00:00	1.27649	1.27650	1.27563	1.27586	1107	0	1
2024.01.11	10:05:00	1.27587	1.27646	1.27578	1.27642	869	0	1
2024.01.11	10:10:00	1.27642	1.27679	1.27633	1.27643	850	0	1
2024.01.11	10:15:00	1.27643	1.27665	1.27622	1.27642	787	0	1
2024.01.11	10:20:00	1.27644	1.27672	1.27617	1.27636	689	0	1
2024.01.11	10:25:00	1.27636	1.27664	1.27624	1.27659	691	0	1
2024.01.11	10:30:00	1.27657	1.27670	1.27623	1.27638	672	0	1
2024.01.11	10:35:00	1.27638	1.27658	1.27636	1.27650	573	0	1
2024.01.11	10:40:00	1.27650	1.27659	1.27615	1.27629	651	0	1
2024.01.11	10:45:00	1.27628	1.27643	1.27614	1.27617	544	0	1
2024.01.11	10:50:00	1.27617	1.27634	1.27585	1.27621	732	0	1
2024.01.11	10:55:00	1.27622	1.27628	1.27590	1.27625	880	0	1
2024.01.11	11:00:00	1.27626	1.27627	1.27582	1.27596	1096	0	1
2024.01.11	11:05:00	1.27593	1.27594	1.27549	1.27557	800	0	1
2024.01.11	11:10:00	1.27557	1.27558	1.27534	1.27543	758	0	1
2024.01.11	11:15:00	1.27542	1.27555	1.27513	1.27521	651	0	1
2024.01.11	11:20:00	1.27521	1.27524	1.27500	1.27514	548	0	1
2024.01.11	11:25:00	1.27513	1.27517	1.27491	1.27496	497	0	1
2024.01.11	11:30:00	1.27496	1.27497	1.27395	1.27434	1442	0	1
2024.01.11	11:35:00	1.27434	1.27440	1.27389	1.27397	920	0	1
2024.01.11	11:40:00	1.27397	1.27418	1.27388	1.27399	893	0	1
2024.01.11	11:45:00	1.27398	1.27439	1.27396	1.27410	811	0	1
2024.01.11	11:50:00	1.27410	1.27425	1.27389	1.27419	568	0	1
2024.01.11	11:55:00	1.27419	1.27428	1.27383	1.27396	559	0	1
2024.01.11	12:00:00	1.27396	1.27420	1.27358	1.27366	755	0	1
2024.01.11	12:05:00	1.27364	1.27377	1.27339	1.27374	730	0	1
2024.01.11	12:10:00	1.27374	1.27396	1.27363	1.27391	515	0	1
2024.01.11	12:15:00	1.27390	1.27427	1.27379	1.27427	544	0	1
2024.01.11	12:20:00	1.27427	1.27443	1.27409	1.27416	697	0	1
2024.01.11	12:25:00	1.27416	1.27420	1.27393	1.27408	545	0	1
2024.01.11	12:30:00	1.27408	1.27420	1.27393	1.27412	379	0	1
2024.01.11	12:35:00	1.27412	1.27428	1.27385	1.27416	475	0	1
2024.01.11	12:40:00	1.27416	1.27436	1.27392	1.27434	478	0	1
2024.01.11	12:45:00	1.27434	1.27440	1.27405	1.27417	643	0	1
2024.01.11	12:50:00	1.27415	1.27430	1.27409	1.27412	472	0	1
2024.01.11	12:55:00	1.27412	1.27469	1.27401	1.27468	789	0	1
2024.01.11	13:00:00	1.27467	1.27517	1.27458	1.27510	1215	0	1
2024.01.11	13:05:00	1.27510	1.27579	1.27506	1.27577	943	0	1
2024.01.11	13:10:00	1.27578	1.27588	1.27543	1.27580	836	0	1
2024.01.11	13:15:00	1.27580	1.27648	1.27569	1.27641	1053	0	1
2024.01.11	13:20:00	1.27641	1.27653	1.27629	1.27647	694	0	1
2024.01.11	13:25:00	1.27647	1.27652	1.27615	1.27638	547	0	1
2024.01.11	13:30:00	1.27637	1.27676	1.27635	1.27668	517	0	1
2024.01.11	13:35:00	1.27668	1.27683	1.27621	1.27641	543	0	1
2024.01.11	13:40:00	1.27642	1.27654	1.27612	1.27632	585	0	1
2024.01.11	13:45:00	1.27632	1.27653	1.27596	1.27612	752	0	1
2024.01.11	13:50:00	1.27613	1.27639	1.27604	1.27630	541	0	1
2024.01.11	13:55:00	1.27630	1.27660	1.27609	1.27657	491	0	1
2024.01.11	14:00:00	1.27657	1.27662	1.27585	1.27591	719	0	1
2024.01.11	14:05:00	1.27604	1.27636	1.27589	1.27629	519	0	1
2024.01.11	14:10:00	1.27630	1.27657	1.27628	1.27651	447	0	1
2024.01.11	14:15:00	1.27651	1.27654	1.27576	1.27590	896	0	1
2024.01.11	14:20:00	1.27589	1.27607	1.27582	1.27597	386	0	1
2024.01.11	14:25:00	1.27597	1.27653	1.27592	1.27639	614	0	1
2024.01.11	14:30:00	1.27638	1.27687	1.27635	1.27648	931	0	1
2024.01.11	14:35:00	1.27648	1.27693	1.27645	1.27665	620	0	1
2024.01.11	14:40:00	1.27665	1.27686	1.27658	1.27665	638	0	1
2024.01.11	14:45:00	1.27665	1.27685	1.27656	1.27679	689	0	1
2024.01.11	14:50:00	1.27679	1.27706	1.27675	1.27694	710	0	1
2024.01.11	14:55:00	1.27695	1.27695	1.27610	1.27615	943	0	1
2024.01.11	15:00:00	1.27615	1.27651	1.27548	1.27556	1422	0	1
2024.01.11	15:05:00	1.27556	1.27557	1.27522	1.27536	1343	0	1
2024.01.11	15:10:00	1.27535	1.27542	1.27495	1.27498	1483	0	1
2024.01.11	15:15:00	1.27498	1.27528	1.27487	1.27513	1060	0	1
2024.01.11	15:20:00	1.27513	1.27551	1.27506	1.27537	1332	0	1
2024.01.11	15:25:00	1.27537	1.27628	1.27537	1.27596	1637	0	1
2024.01.11	15:30:00	1.27609	1.27830	1.27026	1.27400	6820	0	1
2024.01.11	15:35:00	1.27400	1.27623	1.27317	1.27396	6866	0	1
2024.01.11	15:40:00	1.27397	1.27412	1.27217	1.27261	4903	0	1
2024.01.11	15:45:00	1.27264	1.27423	1.27238	1.27277	3241	0	1
2024.01.11	15:50:00	1.27277	1.27301	1.27114	1.27127	3729	0	1
2024.01.11	15:55:00	1.27127	1.27219	1.27089	1.27113	3444	0	1
2024.01.11	16:00:00	1.27114	1.27116	1.27020	1.27035	3556	0	1
2024.01.11	16:05:00	1.27036	1.27079	1.27001	1.27056	3073	0	1
2024.01.11	16:10:00	1.27057	1.27230	1.27033	1.27217	3608	0	1
2024.01.11	16:15:00	1.27217	1.27324	1.27209	1.27318	2954	0	1
2024.01.11	16:20:00	1.27317	1.27340	1.27208	1.27324	2732	0	1
2024.01.11	16:25:00	1.27324	1.27404	1.27316	1.27385	3327	0	1
2024.01.11	16:30:00	1.27385	1.27467	1.27334	1.27438	4011	0	1
2024.01.11	16:35:00	1.27439	1.27538	1.27394	1.27414	4664	0	1
2024.01.11	16:40:00	1.27415	1.27454	1.27247	1.27297	3791	0	1
2024.01.11	16:45:00	1.27298	1.27308	1.27156	1.27192	3403	0	1
2024.01.11	16:50:00	1.27194	1.27236	1.27140	1.27208	3159	0	1
2024.01.11	16:55:00	1.27209	1.27292	1.27202	1.27249	3016	0	1
2024.01.11	17:00:00	1.27249	1.27251	1.27053	1.27067	2910	0	1
2024.01.11	17:05:00	1.27072	1.27106	1.27000	1.27016	3025	0	1
2024.01.11	17:10:00	1.27015	1.27015	1.26900	1.26913	2899	0	1
2024.01.11	17:15:00	1.26913	1.27065	1.26901	1.27063	2767	0	1
2024.01.11	17:20:00	1.27063	1.27150	1.27052	1.27105	3265	0	1
2024.01.11	17:25:00	1.27105	1.27171	1.27068	1.27143	3043	0	1
2024.01.11	17:30:00	1.27142	1.27237	1.27096	1.27101	3017	0	1
2024.01.11	17:35:00	1.27101	1.27236	1.27095	1.27214	3103	0	1
2024.01.11	17:40:00	1.27214	1.27295	1.27174	1.27286	2659	0	1
2024.01.11	17:45:00	1.27286	1.27293	1.27169	1.27204	3215	0	1
2024.01.11	17:50:00	1.27205	1.27210	1.27118	1.27125	2942	0	1
2024.01.11	17:55:00	1.27126	1.27152	1.27096	1.27139	2358	0	1
2024.01.11	18:00:00	1.27140	1.27148	1.27069	1.27135	2345	0	1
2024.01.11	18:05:00	1.27135	1.27175	1.27079	1.27082	2331	0	1
2024.01.11	18:10:00	1.27082	1.27139	1.27057	1.27060	1769	0	1
2024.01.11	18:15:00	1.27059	1.27117	1.27031	1.27098	1792	0	1
2024.01.11	18:20:00	1.27098	1.27167	1.27081	1.27092	2224	0	1
2024.01.11	18:25:00	1.27092	1.27103	1.27016	1.27056	2299	0	1
2024.01.11	18:30:00	1.27056	1.27060	1.27017	1.27032	1711	0	1
2024.01.11	18:35:00	1.27031	1.27089	1.27006	1.27012	1397	0	1
2024.01.11	18:40:00	1.27012	1.27089	1.26995	1.27053	1501	0	1
2024.01.11	18:45:00	1.27053	1.27243	1.27052	1.27237	1738	0	1
2024.01.11	18:50:00	1.27239	1.27256	1.27081	1.27117	3317	0	1
2024.01.11	18:55:00	1.27118	1.27127	1.27068	1.27091	2289	0	1
2024.01.11	19:00:00	1.27091	1.27187	1.27083	1.27164	2184	0	3
2024.01.11	19:05:00	1.27165	1.27197	1.27119	1.27135	1775	0	3
2024.01.11	19:10:00	1.27133	1.27202	1.27114	1.27196	1845	0	3
2024.01.11	19:15:00	1.27197	1.27225	1.27141	1.27149	1946	0	3
2024.01.11	19:20:00	1.27149	1.27183	1.27113	1.27136	2376	0	3
2024.01.11	19:25:00	1.27136	1.27162	1.27083	1.27110	1598	0	3
2024.01.11	19:30:00	1.27110	1.27135	1.27093	1.27115	1470	0	3
2024.01.11	19:35:00	1.27115	1.27126	1.27075	1.27098	1308	0	3
2024.01.11	19:40:00	1.27099	1.27189	1.27087	1.27184	1694	0	3
2024.01.11	19:45:00	1.27184	1.27207	1.27173	1.27177	1030	0	3
2024.01.11	19:50:00	1.27178	1.27236	1.27172	1.27215	561	0	3
2024.01.11	19:55:00	1.27216	1.27220	1.27188	1.27203	581	0	3
2024.01.11	20:00:00	1.27203	1.27296	1.27190	1.27276	1697	0	3
2024.01.11	20:05:00	1.27276	1.27350	1.27270	1.27312	1904	0	3
2024.01.11	20:10:00	1.27312	1.27363	1.27305	1.27346	1160	0	3
2024.01.11	20:15:00	1.27346	1.27372	1.27313	1.27348	1236	0	3
2024.01.11	20:20:00	1.27348	1.27367	1.27325	1.27356	1476	0	3
2024.01.11	20:25:00	1.27355	1.27413	1.27340	1.27377	1214	0	3
2024.01.11	20:30:00	1.27377	1.27386	1.27299	1.27318	1157	0	3
2024.01.11	20:35:00	1.27318	1.27386	1.27307	1.27372	988	0	3
2024.01.11	20:40:00	1.27372	1.27402	1.27371	1.27394	750	0	3
2024.01.11	20:45:00	1.27394	1.27415	1.27378	1.27397	687	0	3
2024.01.11	20:50:00	1.27397	1.27451	1.27395	1.27433	1144	0	3
2024.01.11	20:55:00	1.27433	1.27487	1.27430	1.27478	1098	0	3
2024.01.11	21:00:00	1.27478	1.27549	1.27476	1.27535	1362	0	3
2024.01.11	21:05:00	1.27536	1.27539	1.27483	1.27486	1284	0	3
2024.01.11	21:10:00	1.27486	1.27574	1.27484	1.27565	1200	0	3
2024.01.11	21:15:00	1.27565	1.27577	1.27516	1.27518	1031	0	3
2024.01.11	21:20:00	1.27517	1.27556	1.27493	1.27515	1122	0	3
2024.01.11	21:25:00	1.27515	1.27619	1.27513	1.27586	1335	0	3
2024.01.11	21:30:00	1.27586	1.27603	1.27532	1.27571	1379	0	3
2024.01.11	21:35:00	1.27571	1.27585	1.27537	1.27572	1411	0	3
2024.01.11	21:40:00	1.27572	1.27622	1.27572	1.27593	1367	0	3
2024.01.11	21:45:00	1.27593	1.27634	1.27591	1.27631	1112	0	3
2024.01.11	21:50:00	1.27631	1.27647	1.27605	1.27641	1090	0	3
2024.01.11	21:55:00	1.27641	1.27655	1.27620	1.27625	787	0	3
2024.01.11	22:00:00	1.27625	1.27636	1.27548	1.27568	1094	0	3
2024.01.11	22:05:00	1.27568	1.27576	1.27514	1.27516	1346	0	3
2024.01.11	22:10:00	1.27516	1.27545	1.27477	1.27525	1167	0	3
2024.01.11	22:15:00	1.27524	1.27529	1.27415	1.27451	1748	0	3
2024.01.11	22:20:00	1.27451	1.27503	1.27451	1.27486	1453	0	3
2024.01.11	22:25:00	1.27487	1.27524	1.27482	1.27488	1113	0	3
2024.01.11	22:30:00	1.27488	1.27533	1.27479	1.27521	1013	0	3
2024.01.11	22:35:00	1.27521	1.27521	1.27445	1.27485	788	0	3
2024.01.11	22:40:00	1.27485	1.27529	1.27481	1.27522	1008	0	3
2024.01.11	22:45:00	1.27521	1.27587	1.27507	1.27577	1369	0	3
2024.01.11	22:50:00	1.27576	1.27601	1.27547	1.27592	929	0	3
2024.01.11	22:55:00	1.27591	1.27607	1.27568	1.27586	1293	0	3
2024.01.11	23:00:00	1.27585	1.27621	1.27582	1.27616	664	0	17
2024.01.11	23:05:00	1.27617	1.27620	1.27590	1.27619	496	0	17
2024.01.11	23:10:00	1.27618	1.27625	1.27612	1.27619	452	0	17
2024.01.11	23:15:00	1.27621	1.27638	1.27595	1.27635	533	0	17
2024.01.11	23:20:00	1.27636	1.27649	1.27623	1.27647	227	0	17
2024.01.11	23:25:00	1.27646	1.27653	1.27639	1.27646	345	0	17
2024.01.11	23:30:00	1.27647	1.27659	1.27644	1.27646	187	0	13
2024.01.11	23:35:00	1.27644	1.27655	1.27627	1.27631	332	0	13
2024.01.11	23:40:00	1.27630	1.27640	1.27628	1.27640	243	0	12
2024.01.11	23:45:00	1.27638	1.27639	1.27616	1.27618	152	0	14
2024.01.11	23:50:00	1.27619	1.27621	1.27607	1.27613	374	0	17
2024.01.11	23:55:00	1.27613	1.27620	1.27508	1.27530	140	0	8
2024.01.12	00:00:00	1.27430	1.27614	1.27342	1.27514	21	0	29
2024.01.12	00:05:00	1.27504	1.27630	1.27374	1.27440	28	0	60
2024.01.12	00:10:00	1.27431	1.27515	1.27334	1.27455	22	0	151
2024.01.12	00:15:00	1.27455	1.27571	1.27455	1.27544	228	0	87
2024.01.12	00:20:00	1.27544	1.27559	1.27529	1.27556	270	0	82
2024.01.12	00:25:00	1.27554	1.27557	1.27483	1.27536	141	0	65
2024.01.12	00:30:00	1.27536	1.27594	1.27519	1.27585	789	0	27
2024.01.12	00:35:00	1.27585	1.27589	1.27576	1.27582	1108	0	22
2024.01.12	00:40:00	1.27584	1.27624	1.27572	1.27620	807	0	28
2024.01.12	00:45:00	1.27620	1.27626	1.27505	1.27606	934	0	34
2024.01.12	00:50:00	1.27607	1.27617	1.27545	1.27579	622	0	30
2024.01.12	00:55:00	1.27579	1.27604	1.27567	1.27597	882	0	25
2024.01.12	01:00:00	1.27607	1.27643	1.27596	1.27636	342	0	5
2024.01.12	01:05:00	1.27636	1.27647	1.27633	1.27638	110	0	5
2024.01.12	01:10:00	1.27639	1.27683	1.27635	1.27683	389	0	5
2024.01.12	01:15:00	1.27682	1.27706	1.27674	1.27705	227	0	5
2024.01.12	01:20:00	1.27705	1.27708	1.27690	1.27703	148	0	5
2024.01.12	01:25:00	1.27702	1.27715	1.27700	1.27705	189	0	5
2024.01.12	01:30:00	1.27705	1.27725	1.27703	1.27724	284	0	5
2024.01.12	01:35:00	1.27723	1.27741	1.27716	1.27722	267	0	5
2024.01.12	01:40:00	1.27722	1.27758	1.27722	1.27754	297	0	5
2024.01.12	01:45:00	1.27754	1.27782	1.27744	1.27777	426	0	5
2024.01.12	01:50:00	1.27777	1.27781	1.27735	1.27744	339	0	5
2024.01.12	01:55:00	1.27744	1.27790	1.27744	1.27785	268	0	5
2024.01.12	02:00:00	1.27785	1.27804	1.27781	1.27790	443	0	5
2024.01.12	02:05:00	1.27790	1.27795	1.27781	1.27788	300	0	5
2024.01.12	02:10:00	1.27788	1.27789	1.27732	1.27740	582	0	5
2024.01.12	02:15:00	1.27740	1.27744	1.27718	1.27736	509	0	5
2024.01.12	02:20:00	1.27736	1.27750	1.27702	1.27712	553	0	5
2024.01.12	02:25:00	1.27712	1.27723	1.27692	1.27703	457	0	5
2024.01.12	02:30:00	1.27704	1.27714	1.27691	1.27693	589	0	5
2024.01.12	02:35:00	1.27693	1.27701	1.27674	1.27675	404	0	5
2024.01.12	02:40:00	1.27676	1.27681	1.27659	1.27676	516	0	5
2024.01.12	02:45:00	1.27677	1.27698	1.27671	1.27691	391	0	5
2024.01.12	02:50:00	1.27691	1.27726	1.27672	1.27722	554	0	5
2024.01.12	02:55:00	1.27722	1.27725	1.27689	1.27699	589	0	5
2024.01.12	03:00:00	1.27698	1.27709	1.27679	1.27691	717	0	5
2024.01.12	03:05:00	1.27691	1.27700	1.27669	1.27683	461	0	5
2024.01.12	03:10:00	1.27683	1.27690	1.27654	1.27685	382	0	5
2024.01.12	03:15:00	1.27685	1.27697	1.27673	1.27696	429	0	5
2024.01.12	03:20:00	1.27696	1.27711	1.27685	1.27710	400	0	5
2024.01.12	03:25:00	1.27711	1.27752	1.27703	1.27735	328	0	5
2024.01.12	03:30:00	1.27735	1.27763	1.27730	1.27757	357	0	5
2024.01.12	03:35:00	1.27757	1.27801	1.27751	1.27794	687	0	5
2024.01.12	03:40:00	1.27794	1.27814	1.27790	1.27802	679	0	5
2024.01.12	03:45:00	1.27802	1.27812	1.27782	1.27800	703	0	5
2024.01.12	03:50:00	1.27800	1.27808	1.27791	1.27803	538	0	5
2024.01.12	03:55:00	1.27802	1.27810	1.27790	1.27803	823	0	5
2024.01.12	04:00:00	1.27803	1.27842	1.27794	1.27835	1301	0	5
2024.01.12	04:05:00	1.27838	1.27850	1.27824	1.27828	635	0	5
2024.01.12	04:10:00	1.27828	1.27835	1.27804	1.27816	832	0	5
2024.01.12	04:15:00	1.27816	1.27834	1.27797	1.27803	738	0	5
2024.01.12	04:20:00	1.27803	1.27816	1.27780	1.27797	499	0	5
2024.01.12	04:25:00	1.27797	1.27813	1.27779	1.27804	417	0	5
2024.01.12	04:30:00	1.27804	1.27810	1.27780	1.27788	477	0	5
2024.01.12	04:35:00	1.27788	1.27793	1.27749	1.27765	624	0	5
2024.01.12	04:40:00	1.27765	1.27776	1.27752	1.27772	514	0	5
2024.01.12	04:45:00	1.27772	1.27791	1.27768	1.27783	592	0	5
2024.01.12	04:50:00	1.27783	1.27808	1.27779	1.27787	554	0	5
2024.01.12	04:55:00	1.27787	1.27788	1.27759	1.27766	511	0	5
2024.01.12	05:00:00	1.27766	1.27782	1.27763	1.27778	283	0	5
2024.01.12	05:05:00	1.27778	1.27813	1.27762	1.27805	337	0	5
2024.01.12	05:10:00	1.27805	1.27805	1.27782	1.27797	299	0	5
2024.01.12	05:15:00	1.27796	1.27797	1.27781	1.27787	254	0	5
2024.01.12	05:20:00	1.27787	1.27801	1.27775	1.27790	405	0	5
2024.01.12	05:25:00	1.27792	1.27803	1.27785	1.27791	349	0	5
2024.01.12	05:30:00	1.27790	1.27793	1.27773	1.27784	410	0	5
2024.01.12	05:35:00	1.27784	1.27784	1.27742	1.27750	440	0	5
2024.01.12	05:40:00	1.27750	1.27764	1.27741	1.27763	352	0	5
2024.01.12	05:45:00	1.27763	1.27780	1.27758	1.27758	373	0	5
2024.01.12	05:50:00	1.27759	1.27776	1.27756	1.27772	206	0	5
2024.01.12	05:55:00	1.27772	1.27772	1.27755	1.27760	290	0	5
2024.01.12	06:00:00	1.27760	1.27761	1.27713	1.27715	416	0	5
2024.01.12	06:05:00	1.27716	1.27738	1.27714	1.27723	355	0	5
2024.01.12	06:10:00	1.27724	1.27731	1.27714	1.27719	316	0	5
2024.01.12	06:15:00	1.27719	1.27724	1.27703	1.27711	399	0	5
2024.01.12	06:20:00	1.27712	1.27725	1.27705	1.27725	421	0	5
2024.01.12	06:25:00	1.27724	1.27733	1.27721	1.27724	360	0	5
2024.01.12	06:30:00	1.27724	1.27735	1.27721	1.27721	237	0	5
2024.01.12	06:35:00	1.27722	1.27730	1.27711	1.27724	303	0	5
2024.01.12	06:40:00	1.27725	1.27741	1.27722	1.27731	468	0	5
2024.01.12	06:45:00	1.27731	1.27735	1.27704	1.27711	197	0	5
2024.01.12	06:50:00	1.27712	1.27730	1.27710	1.27722	258	0	5
2024.01.12	06:55:00	1.27722	1.27750	1.27722	1.27722	281	0	5
2024.01.12	07:00:00	1.27722	1.27742	1.27719	1.27733	213	0	5
2024.01.12	07:05:00	1.27733	1.27763	1.27733	1.27757	275	0	5
2024.01.12	07:10:00	1.27756	1.27762	1.27737	1.27745	604	0	5
2024.01.12	07:15:00	1.27745	1.27764	1.27744	1.27752	429	0	5
2024.01.12	07:20:00	1.27752	1.27764	1.27737	1.27748	462	0	5
2024.01.12	07:25:00	1.27748	1.27756	1.27721	1.27721	330	0	5
2024.01.12	07:30:00	1.27721	1.27721	1.27699	1.27703	468	0	5
2024.01.12	07:35:00	1.27704	1.27736	1.27704	1.27734	393	0	5
2024.01.12	07:40:00	1.27734	1.27734	1.27707	1.27717	385	0	5
2024.01.12	07:45:00	1.27717	1.27718	1.27680	1.27680	360	0	5
2024.01.12	07:50:00	1.27680	1.27717	1.27680	1.27711	293	0	5
2024.01.12	07:55:00	1.27712	1.27745	1.27712	1.27725	279	0	5
2024.01.12	08:00:00	1.27725	1.27743	1.27714	1.27741	338	0	5
2024.01.12	08:05:00	1.27741	1.27751	1.27730	1.27744	311	0	5
2024.01.12	08:10:00	1.27744	1.27782	1.27744	1.27764	434	0	5
2024.01.12	08:15:00	1.27764	1.27774	1.27753	1.27754	329	0	5
2024.01.12	08:20:00	1.27754	1.27767	1.27741	1.27760	439	0	5
2024.01.12	08:25:00	1.27760	1.27768	1.27751	1.27752	287	0	5
2024.01.12	08:30:00	1.27753	1.27755	1.27720	1.27723	430	0	2
2024.01.12	08:35:00	1.27723	1.27729	1.27707	1.27714	352	0	2
2024.01.12	08:40:00	1.27716	1.27727	1.27710	1.27713	293	0	2
2024.01.12	08:45:00	1.27713	1.27745	1.27712	1.27726	399	0	2
2024.01.12	08:50:00	1.27726	1.27756	1.27723	1.27752	424	0	2
2024.01.12	08:55:00	1.27753	1.27785	1.27700	1.27730	681	0	2
2024.01.12	09:00:00	1.27731	1.27786	1.27652	1.27654	1829	0	2
2024.01.12	09:05:00	1.27654	1.27685	1.27630	1.27636	849	0	2
2024.01.12	09:10:00	1.27636	1.27668	1.27634	1.27644	488	0	2
2024.01.12	09:15:00	1.27644	1.27690	1.27632	1.27689	554	0	2
2024.01.12	09:20:00	1.27689	1.27701	1.27663	1.27670	488	0	2
2024.01.12	09:25:00	1.27670	1.27683	1.27642	1.27673	523	0	1
2024.01.12	09:30:00	1.27672	1.27677	1.27568	1.27588	1249	0	1
2024.01.12	09:35:00	1.27588	1.27599	1.27542	1.27560	1095	0	1
2024.01.12	09:40:00	1.27561	1.27615	1.27555	1.27601	862	0	1
2024.01.12	09:45:00	1.27600	1.27616	1.27538	1.27575	1109	0	1
2024.01.12	09:50:00	1.27575	1.27635	1.27574	1.27612	753	0	1
2024.01.12	09:55:00	1.27612	1.27625	1.27552	1.27559	899	0	1
2024.01.12	10:00:00	1.27558	1.27621	1.27531	1.27612	1273	0	1
2024.01.12	10:05:00	1.27612	1.27699	1.27611	1.27677	1200	0	1
2024.01.12	10:10:00	1.27678	1.27719	1.27648	1.27705	1063	0	1
2024.01.12	10:15:00	1.27705	1.27720	1.27660	1.27675	1203	0	1
2024.01.12	10:20:00	1.27675	1.27761	1.27668	1.27754	1111	0	1
2024.01.12	10:25:00	1.27755	1.27795	1.27753	1.27769	971	0	1
2024.01.12	10:30:00	1.27769	1.27786	1.27733	1.27777	818	0	1
2024.01.12	10:35:00	1.27778	1.27795	1.27692	1.27714	941	0	1
2024.01.12	10:40:00	1.27715	1.27723	1.27627	1.27651	1179	0	1
2024.01.12	10:45:00	1.27651	1.27662	1.27618	1.27620	837	0	1
2024.01.12	10:50:00	1.27620	1.27688	1.27608	1.27667	881	0	1
2024.01.12	10:55:00	1.27667	1.27715	1.27662	1.27677	671	0	1
2024.01.12	11:00:00	1.27677	1.27712	1.27673	1.27676	748	0	1
2024.01.12	11:05:00	1.27677	1.27752	1.27664	1.27746	856	0	1
2024.01.12	11:10:00	1.27744	1.27754	1.27716	1.27721	661	0	1
2024.01.12	11:15:00	1.27721	1.27734	1.27678	1.27683	501	0	1
2024.01.12	11:20:00	1.27681	1.27703	1.27645	1.27653	682	0	1
2024.01.12	11:25:00	1.27651	1.27673	1.27626	1.27651	663	0	1
2024.01.12	11:30:00	1.27651	1.27652	1.27587	1.27591	859	0	1
2024.01.12	11:35:00	1.27591	1.27627	1.27576	1.27613	904	0	1
2024.01.12	11:40:00	1.27613	1.27619	1.27588	1.27590	678	0	1
2024.01.12	11:45:00	1.27590	1.27593	1.27540	1.27560	1024	0	1
2024.01.12	11:50:00	1.27560	1.27566	1.27495	1.27511	673	0	1
2024.01.12	11:55:00	1.27511	1.27541	1.27502	1.27523	627	0	1
2024.01.12	12:00:00	1.27522	1.27544	1.27491	1.27504	828	0	1
2024.01.12	12:05:00	1.27504	1.27523	1.27470	1.27510	935	0	1
2024.01.12	12:10:00	1.27510	1.27518	1.27488	1.27509	492	0	1
2024.01.12	12:15:00	1.27509	1.27511	1.27471	1.27486	536	0	1
2024.01.12	12:20:00	1.27486	1.27524	1.27484	1.27523	719	0	1
2024.01.12	12:25:00	1.27523	1.27543	1.27516	1.27535	489	0	1
2024.01.12	12:30:00	1.27536	1.27550	1.27508	1.27532	752	0	1
2024.01.12	12:35:00	1.27532	1.27536	1.27510	1.27529	494	0	1
2024.01.12	12:40:00	1.27528	1.27571	1.27528	1.27544	770	0	1
2024.01.12	12:45:00	1.27544	1.27555	1.27528	1.27534	607	0	1
2024.01.12	12:50:00	1.27534	1.27542	1.27509	1.27536	683	0	1
2024.01.12	12:55:00	1.27537	1.27568	1.27529	1.27548	641	0	1
2024.01.12	13:00:00	1.27547	1.27585	1.27538	1.27550	547	0	1
2024.01.12	13:05:00	1.27550	1.27563	1.27504	1.27515	490	0	1
2024.01.12	13:10:00	1.27515	1.27536	1.27505	1.27514	760	0	1
2024.01.12	13:15:00	1.27514	1.27539	1.27509	1.27534	474	0	1
2024.01.12	13:20:00	1.27534	1.27536	1.27467	1.27469	648	0	1
2024.01.12	13:25:00	1.27469	1.27473	1.27408	1.27419	1224	0	1
2024.01.12	13:30:00	1.27419	1.27427	1.27368	1.27408	768	0	1
2024.01.12	13:35:00	1.27408	1.27415	1.27342	1.27365	664	0	1
2024.01.12	13:40:00	1.27363	1.27379	1.27300	1.27314	752	0	1
2024.01.12	13:45:00	1.27314	1.27325	1.27252	1.27263	936	0	1
2024.01.12	13:50:00	1.27263	1.27307	1.27250	1.27272	1057	0	1
2024.01.12	13:55:00	1.27271	1.27307	1.27250	1.27254	919	0	1
2024.01.12	14:00:00	1.27255	1.27306	1.27238	1.27273	949	0	1
2024.01.12	14:05:00	1.27272	1.27280	1.27208	1.27215	1060	0	1
2024.01.12	14:10:00	1.27215	1.27261	1.27193	1.27246	940	0	1
2024.01.12	14:15:00	1.27246	1.27246	1.27202	1.27226	806	0	1
2024.01.12	14:20:00	1.27226	1.27309	1.27204	1.27290	728	0	1
2024.01.12	14:25:00	1.27289	1.27310	1.27279	1.27286	748	0	1
2024.01.12	14:30:00	1.27286	1.27306	1.27259	1.27275	941	0	1
2024.01.12	14:35:00	1.27275	1.27288	1.27254	1.27283	582	0	1
2024.01.12	14:40:00	1.27282	1.27286	1.27244	1.27286	537	0	1
2024.01.12	14:45:00	1.27286	1.27307	1.27240	1.27285	618	0	1
2024.01.12	14:50:00	1.27285	1.27300	1.27254	1.27287	523	0	1
2024.01.12	14:55:00	1.27286	1.27291	1.27259	1.27277	845	0	1
2024.01.12	15:00:00	1.27277	1.27319	1.27251	1.27304	1072	0	1
2024.01.12	15:05:00	1.27303	1.27327	1.27285	1.27308	1130	0	1
2024.01.12	15:10:00	1.27308	1.27339	1.27289	1.27330	901	0	1
2024.01.12	15:15:00	1.27330	1.27371	1.27315	1.27353	1153	0	1
2024.01.12	15:20:00	1.27354	1.27378	1.27332	1.27349	1255	0	1
2024.01.12	15:25:00	1.27349	1.27406	1.27342	1.27391	1046	0	1
2024.01.12	15:30:00	1.27391	1.27633	1.27390	1.27527	4999	0	1
2024.01.12	15:35:00	1.27526	1.27687	1.27475	1.27645	4085	0	1
2024.01.12	15:40:00	1.27645	1.27645	1.27501	1.27526	3799	0	1
2024.01.12	15:45:00	1.27528	1.27539	1.27405	1.27425	3031	0	1
2024.01.12	15:50:00	1.27426	1.27531	1.27406	1.27525	2353	0	1
2024.01.12	15:55:00	1.27525	1.27564	1.27454	1.27551	2386	0	1
2024.01.12	16:00:00	1.27551	1.27635	1.27529	1.27599	2343	0	1
2024.01.12	16:05:00	1.27599	1.27616	1.27499	1.27506	2062	0	1
2024.01.12	16:10:00	1.27506	1.27544	1.27473	1.27528	1646	0	1
2024.01.12	16:15:00	1.27528	1.27593	1.27520	1.27574	1645	0	1
2024.01.12	16:20:00	1.27574	1.27652	1.27569	1.27639	1423	0	1
2024.01.12	16:25:00	1.27639	1.27669	1.27615	1.27665	1734	0	1
2024.01.12	16:30:00	1.27665	1.27744	1.27665	1.27712	2187	0	1
2024.01.12	16:35:00	1.27712	1.27801	1.27700	1.27757	2107	0	1
2024.01.12	16:40:00	1.27754	1.27801	1.27731	1.27774	2228	0	1
2024.01.12	16:45:00	1.27774	1.27816	1.27754	1.27756	2039	0	1
2024.01.12	16:50:00	1.27757	1.27760	1.27679	1.27695	1570	0	1
2024.01.12	16:55:00	1.27694	1.27729	1.27669	1.27685	2013	0	1
2024.01.12	17:00:00	1.27685	1.27784	1.27641	1.27759	2122	0	1
2024.01.12	17:05:00	1.27760	1.27858	1.27751	1.27833	2010	0	1
2024.01.12	17:10:00	1.27834	1.27841	1.27769	1.27795	1866	0	1
2024.01.12	17:15:00	1.27796	1.27843	1.27734	1.27743	1680	0	1
2024.01.12	17:20:00	1.27743	1.27845	1.27738	1.27840	1805	0	1
2024.01.12	17:25:00	1.27840	1.27854	1.27740	1.27763	1561	0	1
2024.01.12	17:30:00	1.27763	1.27809	1.27752	1.27801	1425	0	1
2024.01.12	17:35:00	1.27801	1.27813	1.27689	1.27698	1741	0	1
2024.01.12	17:40:00	1.27698	1.27734	1.27662	1.27697	1676	0	1
2024.01.12	17:45:00	1.27698	1.27727	1.27625	1.27635	2107	0	1
2024.01.12	17:50:00	1.27635	1.27637	1.27578	1.27617	1485	0	1
2024.01.12	17:55:00	1.27617	1.27645	1.27597	1.27615	1482	0	1
2024.01.12	18:00:00	1.27614	1.27689	1.27608	1.27657	1291	0	1
2024.01.12	18:05:00	1.27657	1.27680	1.27604	1.27634	1279	0	1
2024.01.12	18:10:00	1.27634	1.27646	1.27558	1.27581	1371	0	1
2024.01.12	18:15:00	1.27581	1.27619	1.27561	1.27592	1466	0	1
2024.01.12	18:20:00	1.27592	1.27599	1.27539	1.27564	1138	0	1
2024.01.12	18:25:00	1.27564	1.27624	1.27561	1.27620	1179	0	1
2024.01.12	18:30:00	1.27620	1.27637	1.27583	1.27606	1199	0	1
2024.01.12	18:35:00	1.27605	1.27614	1.27475	1.27499	1656	0	1
2024.01.12	18:40:00	1.27500	1.27509	1.27465	1.27478	1288	0	1
2024.01.12	18:45:00	1.27478	1.27485	1.27429	1.27436	1236	0	1
2024.01.12	18:50:00	1.27436	1.27482	1.27425	1.27475	1433	0	1
2024.01.12	18:55:00	1.27476	1.27480	1.27436	1.27436	1346	0	1
2024.01.12	19:00:00	1.27436	1.27446	1.27364	1.27375	1412	0	3
2024.01.12	19:05:00	1.27375	1.27378	1.27322	1.27337	1218	0	3
2024.01.12	19:10:00	1.27337	1.27389	1.27337	1.27377	1154	0	3
2024.01.12	19:15:00	1.27377	1.27409	1.27357	1.27385	1215	0	3
2024.01.12	19:20:00	1.27384	1.27423	1.27374	1.27386	1291	0	3
2024.01.12	19:25:00	1.27385	1.27414	1.27354	1.27410	866	0	3
2024.01.12	19:30:00	1.27410	1.27411	1.27367	1.27396	701	0	3
2024.01.12	19:35:00	1.27396	1.27409	1.27356	1.27397	674	0	3
2024.01.12	19:40:00	1.27397	1.27431	1.27375	1.27428	683	0	3
2024.01.12	19:45:00	1.27428	1.27430	1.27359	1.27382	614	0	3
2024.01.12	19:50:00	1.27382	1.27437	1.27370	1.27405	599	0	3
2024.01.12	19:55:00	1.27405	1.27410	1.27380	1.27393	552	0	3
2024.01.12	20:00:00	1.27394	1.27427	1.27351	1.27427	904	0	3
2024.01.12	20:05:00	1.27427	1.27449	1.27418	1.27419	935	0	3
2024.01.12	20:10:00	1.27419	1.27456	1.27416	1.27446	807	0	3
2024.01.12	20:15:00	1.27446	1.27466	1.27431	1.27441	826	0	3
2024.01.12	20:20:00	1.27441	1.27483	1.27434	1.27458	771	0	3
2024.01.12	20:25:00	1.27458	1.27482	1.27458	1.27475	617	0	3
2024.01.12	20:30:00	1.27475	1.27500	1.27441	1.27455	744	0	3
2024.01.12	20:35:00	1.27455	1.27481	1.27429	1.27457	529	0	3
2024.01.12	20:40:00	1.27457	1.27461	1.27435	1.27438	505	0	3
2024.01.12	20:45:00	1.27437	1.27473	1.27424	1.27472	566	0	3
2024.01.12	20:50:00	1.27472	1.27492	1.27463	1.27468	559	0	3
2024.01.12	20:55:00	1.27468	1.27500	1.27468	1.27488	509	0	3
2024.01.12	21:00:00	1.27487	1.27509	1.27484	1.27506	274	0	3
2024.01.12	21:05:00	1.27506	1.27535	1.27496	1.27516	474	0	3
2024.01.12	21:10:00	1.27516	1.27564	1.27507	1.27547	513	0	3
2024.01.12	21:15:00	1.27546	1.27551	1.27521	1.27527	468	0	3
2024.01.12	21:20:00	1.27527	1.27529	1.27491	1.27527	673	0	3
2024.01.12	21:25:00	1.27527	1.27544	1.27518	1.27529	553	0	3
2024.01.12	21:30:00	1.27529	1.27544	1.27507	1.27512	652	0	3
2024.01.12	21:35:00	1.27512	1.27513	1.27482	1.27497	468	0	3
2024.01.12	21:40:00	1.27496	1.27504	1.27453	1.27459	580	0	3
2024.01.12	21:45:00	1.27459	1.27496	1.27443	1.27495	536	0	3
2024.01.12	21:50:00	1.27495	1.27514	1.27485	1.27487	409	0	3
2024.01.12	21:55:00	1.27487	1.27487	1.27453	1.27477	428	0	3
2024.01.12	22:00:00	1.27476	1.27489	1.27458	1.27479	630	0	3
2024.01.12	22:05:00	1.27479	1.27496	1.27470	1.27474	727	0	3
2024.01.12	22:10:00	1.27470	1.27480	1.27459	1.27475	435	0	3
2024.01.12	22:15:00	1.27475	1.27485	1.27454	1.27462	690	0	3
2024.01.12	22:20:00	1.27462	1.27474	1.27426	1.27443	417	0	3
2024.01.12	22:25:00	1.27443	1.27473	1.27441	1.27464	365	0	3
2024.01.12	22:30:00	1.27464	1.27478	1.27453	1.27473	302	0	3
2024.01.12	22:35:00	1.27473	1.27485	1.27461	1.27471	317	0	3
2024.01.12	22:40:00	1.27471	1.27474	1.27451	1.27463	492	0	3
2024.01.12	22:45:00	1.27463	1.27477	1.27459	1.27463	403	0	3
2024.01.12	22:50:00	1.27463	1.27467	1.27444	1.27455	543	0	3
2024.01.12	22:55:00	1.27455	1.27456	1.27432	1.27439	655	0	3
2024.01.12	23:00:00	1.27440	1.27457	1.27430	1.27451	363	0	12
2024.01.12	23:05:00	1.27450	1.27470	1.27446	1.27457	286	0	17
2024.01.12	23:10:00	1.27456	1.27471	1.27456	1.27457	332	0	17
2024.01.12	23:15:00	1.27458	1.27478	1.27453	1.27478	253	0	17
2024.01.12	23:20:00	1.27478	1.27479	1.27457	1.27458	155	0	14
2024.01.12	23:25:00	1.27458	1.27461	1.27437	1.27453	212	0	14
2024.01.12	23:30:00	1.27455	1.27459	1.27437	1.27437	293	0	17
2024.01.12	23:35:00	1.27437	1.27459	1.27437	1.27458	205	0	16
2024.01.12	23:40:00	1.27457	1.27478	1.27457	1.27477	399	0	17
2024.01.12	23:45:00	1.27476	1.27498	1.27468	1.27488	527	0	15
2024.01.12	23:50:00	1.27487	1.27510	1.27478	1.27489	659	0	17
2024.01.12	23:55:00	1.27493	1.27536	1.27467	1.27516	319	0	6
2024.01.15	00:00:00	1.27327	1.27430	1.27270	1.27375	18	0	60
2024.01.15	00:05:00	1.27410	1.27489	1.27261	1.27367	27	0	19
2024.01.15	00:10:00	1.27367	1.27391	1.27367	1.27391	14	0	135
2024.01.15	00:15:00	1.27398	1.27455	1.27383	1.27449	361	0	99
2024.01.15	00:20:00	1.27449	1.27463	1.27426	1.27462	95	0	86
2024.01.15	00:25:00	1.27462	1.27492	1.27415	1.27415	103	0	21
2024.01.15	00:30:00	1.27416	1.27469	1.27415	1.27469	125	0	61
2024.01.15	00:35:00	1.27469	1.27487	1.27458	1.27473	27	0	26
2024.01.15	00:40:00	1.27473	1.27487	1.27459	1.27486	52	0	48
2024.01.15	00:45:00	1.27487	1.27499	1.27487	1.27498	121	0	42
2024.01.15	00:50:00	1.27498	1.27499	1.27491	1.27497	42	0	39
2024.01.15	00:55:00	1.27497	1.27498	1.27410	1.27482	347	0	26
2024.01.15	01:00:00	1.27483	1.27503	1.27385	1.27388	441	0	5
2024.01.15	01:05:00	1.27388	1.27395	1.27379	1.27390	147	0	5
2024.01.15	01:10:00	1.27390	1.27403	1.27383	1.27400	225	0	5
2024.01.15	01:15:00	1.27400	1.27400	1.27368	1.27376	244	0	5
2024.01.15	01:20:00	1.27375	1.27391	1.27362	1.27384	232	0	5
2024.01.15	01:25:00	1.27384	1.27391	1.27373	1.27382	110	0	5
2024.01.15	01:30:00	1.27382	1.27387	1.27372	1.27384	195	0	5
2024.01.15	01:35:00	1.27383	1.27390	1.27365	1.27376	241	0	5
2024.01.15	01:40:00	1.27376	1.27400	1.27373	1.27393	219	0	5
2024.01.15	01:45:00	1.27393	1.27393	1.27364	1.27373	314	0	5
2024.01.15	01:50:00	1.27372	1.27372	1.27354	1.27365	200	0	5
2024.01.15	01:55:00	1.27365	1.27366	1.27346	1.27355	155	0	5
2024.01.15	02:00:00	1.27355	1.27357	1.27319	1.27319	595	0	5
2024.01.15	02:05:00	1.27318	1.27326	1.27296	1.27316	489	0	5
2024.01.15	02:10:00	1.27316	1.27334	1.27305	1.27324	427	0	5
2024.01.15	02:15:00	1.27324	1.27329	1.27283	1.27314	498	0	5
2024.01.15	02:20:00	1.27313	1.27354	1.27304	1.27345	465	0	5
2024.01.15	02:25:00	1.27345	1.27348	1.27317	1.27322	394	0	5
2024.01.15	02:30:00	1.27321	1.27355	1.27315	1.27355	363	0	5
2024.01.15	02:35:00	1.27356	1.27373	1.27340	1.27343	500	0	5
2024.01.15	02:40:00	1.27343	1.27358	1.27340	1.27353	315	0	5
2024.01.15	02:45:00	1.27353	1.27377	1.27352	1.27353	546	0	5
2024.01.15	02:50:00	1.27353	1.27394	1.27350	1.27376	785	0	5
2024.01.15	02:55:00	1.27376	1.27387	1.27361	1.27386	799	0	5
2024.01.15	03:00:00	1.27386	1.27409	1.27379	1.27388	706	0	5
2024.01.15	03:05:00	1.27388	1.27405	1.27373	1.27396	476	0	5
2024.01.15	03:10:00	1.27394	1.27398	1.27348	1.27361	402	0	5
2024.01.15	03:15:00	1.27361	1.27366	1.27331	1.27339	365	0	5
2024.01.15	03:20:00	1.27339	1.27371	1.27334	1.27358	808	0	5
2024.01.15	03:25:00	1.27359	1.27373	1.27327	1.27328	791	0	5
2024.01.15	03:30:00	1.27328	1.27348	1.27314	1.27319	818	0	5
2024.01.15	03:35:00	1.27319	1.27363	1.27316	1.27358	729	0	5
2024.01.15	03:40:00	1.27357	1.27404	1.27356	1.27394	642	0	5
2024.01.15	03:45:00	1.27394	1.27394	1.27374	1.27384	471	0	5
2024.01.15	03:50:00	1.27385	1.27421	1.27376	1.27415	655	0	5
2024.01.15	03:55:00	1.27415	1.27439	1.27407	1.27418	647	0	5
2024.01.15	04:00:00	1.27417	1.27462	1.27417	1.27460	666	0	5
2024.01.15	04:05:00	1.27460	1.27484	1.27455	1.27473	493	0	5
2024.01.15	04:10:00	1.27473	1.27496	1.27468	1.27493	373	0	5
2024.01.15	04:15:00	1.27493	1.27536	1.27490	1.27528	581	0	5
2024.01.15	04:20:00	1.27528	1.27553	1.27519	1.27532	556	0	5
2024.01.15	04:25:00	1.27532	1.27554	1.27527	1.27553	284	0	5
2024.01.15	04:30:00	1.27553	1.27561	1.27538	1.27552	396	0	5
2024.01.15	04:35:00	1.27552	1.27586	1.27550	1.27581	472	0	5
2024.01.15	04:40:00	1.27582	1.27591	1.27568	1.27588	321	0	5
2024.01.15	04:45:00	1.27586	1.27611	1.27581	1.27590	378	0	5
2024.01.15	04:50:00	1.27590	1.27608	1.27575	1.27608	375	0	5
2024.01.15	04:55:00	1.27608	1.27634	1.27606	1.27617	687	0	5
2024.01.15	05:00:00	1.27617	1.27642	1.27612	1.27615	524	0	5
2024.01.15	05:05:00	1.27615	1.27623	1.27606	1.27614	452	0	5
2024.01.15	05:10:00	1.27614	1.27637	1.27610	1.27632	588	0	5
2024.01.15	05:15:00	1.27632	1.27639	1.27621	1.27637	573	0	5
2024.01.15	05:20:00	1.27637	1.27653	1.27635	1.27639	614	0	5
2024.01.15	05:25:00	1.27641	1.27644	1.27614	1.27615	319	0	5
2024.01.15	05:30:00	1.27616	1.27617	1.27563	1.27566	249	0	5
2024.01.15	05:35:00	1.27566	1.27593	1.27560	1.27590	391	0	5
2024.01.15	05:40:00	1.27591	1.27607	1.27583	1.27605	277	0	5
2024.01.15	05:45:00	1.27606	1.27616	1.27602	1.27603	237	0	5
2024.01.15	05:50:00	1.27603	1.27615	1.27593	1.27595	336	0	5
2024.01.15	05:55:00	1.27594	1.27600	1.27581	1.27584	327	0	5
2024.01.15	06:00:00	1.27584	1.27589	1.27559	1.27570	350	0	5
2024.01.15	06:05:00	1.27569	1.27576	1.27548	1.27558	490	0	5
2024.01.15	06:10:00	1.27558	1.27563	1.27549	1.27556	349	0	5
2024.01.15	06:15:00	1.27556	1.27561	1.27534	1.27534	213	0	5
2024.01.15	06:20:00	1.27533	1.27540	1.27521	1.27531	231	0	5
2024.01.15	06:25:00	1.27531	1.27531	1.27513	1.27515	278	0	5
2024.01.15	06:30:00	1.27515	1.27526	1.27509	1.27518	205	0	5
2024.01.15	06:35:00	1.27518	1.27534	1.27515	1.27528	179	0	5
2024.01.15	06:40:00	1.27528	1.27548	1.27528	1.27543	227	0	5
2024.01.15	06:45:00	1.27544	1.27550	1.27540	1.27545	155	0	5
2024.01.15	06:50:00	1.27545	1.27552	1.27538	1.27543	148	0	5
2024.01.15	06:55:00	1.27543	1.27551	1.27540	1.27549	195	0	5
2024.01.15	07:00:00	1.27549	1.27551	1.27543	1.27544	148	0	5
2024.01.15	07:05:00	1.27544	1.27546	1.27537	1.27545	125	0	5
2024.01.15	07:10:00	1.27546	1.27547	1.27534	1.27547	148	0	5
2024.01.15	07:15:00	1.27547	1.27556	1.27543	1.27545	203	0	5
2024.01.15	07:20:00	1.27545	1.27549	1.27523	1.27525	262	0	5
2024.01.15	07:25:00	1.27525	1.27545	1.27524	1.27542	245	0	5
2024.01.15	07:30:00	1.27542	1.27557	1.27526	1.27527	225	0	5
2024.01.15	07:35:00	1.27528	1.27540	1.27527	1.27532	203	0	5
2024.01.15	07:40:00	1.27532	1.27553	1.27532	1.27534	161	0	5
2024.01.15	07:45:00	1.27534	1.27558	1.27532	1.27555	141	0	5
2024.01.15	07:50:00	1.27555	1.27559	1.27531	1.27535	203	0	5
2024.01.15	07:55:00	1.27535	1.27538	1.27523	1.27525	268	0	5
2024.01.15	08:00:00	1.27525	1.27534	1.27520	1.27529	254	0	5
2024.01.15	08:05:00	1.27529	1.27531	1.27506	1.27526	303	0	5
2024.01.15	08:10:00	1.27526	1.27552	1.27519	1.27546	321	0	5
2024.01.15	08:15:00	1.27547	1.27565	1.27547	1.27560	362	0	5
2024.01.15	08:20:00	1.27560	1.27570	1.27553	1.27557	326	0	5
2024.01.15	08:25:00	1.27560	1.27560	1.27538	1.27551	316	0	5
2024.01.15	08:30:00	1.27553	1.27563	1.27541	1.27561	331	0	2
2024.01.15	08:35:00	1.27562	1.27576	1.27561	1.27571	284	0	2
2024.01.15	08:40:00	1.27571	1.27575	1.27555	1.27572	335	0	2
2024.01.15	08:45:00	1.27571	1.27589	1.27566	1.27588	287	0	2
2024.01.15	08:50:00	1.27588	1.27602	1.27584	1.27587	319	0	2
2024.01.15	08:55:00	1.27587	1.27588	1.27549	1.27556	325	0	2
2024.01.15	09:00:00	1.27557	1.27572	1.27503	1.27507	831	0	2
2024.01.15	09:05:00	1.27509	1.27542	1.27505	1.27535	507	0	2
2024.01.15	09:10:00	1.27535	1.27538	1.27493	1.27498	438	0	2
2024.01.15	09:15:00	1.27498	1.27500	1.27449	1.27458	722	0	2
2024.01.15	09:20:00	1.27460	1.27505	1.27455	1.27465	613	0	2
2024.01.15	09:25:00	1.27463	1.27475	1.27435	1.27457	569	0	2
2024.01.15	09:30:00	1.27458	1.27495	1.27452	1.27458	670	0	1
2024.01.15	09:35:00	1.27456	1.27460	1.27428	1.27447	635	0	1
2024.01.15	09:40:00	1.27447	1.27462	1.27434	1.27455	624	0	1
2024.01.15	09:45:00	1.27455	1.27474	1.27432	1.27450	594	0	1
2024.01.15	09:50:00	1.27449	1.27465	1.27431	1.27440	825	0	1
2024.01.15	09:55:00	1.27439	1.27449	1.27409	1.27436	656	0	1
2024.01.15	10:00:00	1.27436	1.27567	1.27425	1.27551	1059	0	1
2024.01.15	10:05:00	1.27551	1.27594	1.27531	1.27571	1119	0	1
2024.01.15	10:10:00	1.27570	1.27577	1.27537	1.27559	898	0	1
2024.01.15	10:15:00	1.27559	1.27562	1.27524	1.27553	782	0	1
2024.01.15	10:20:00	1.27554	1.27587	1.27533	1.27577	722	0	1
2024.01.15	10:25:00	1.27577	1.27589	1.27548	1.27576	1041	0	1
2024.01.15	10:30:00	1.27576	1.27578	1.27476	1.27487	1133	0	1
2024.01.15	10:35:00	1.27486	1.27507	1.27455	1.27502	923	0	1
2024.01.15	10:40:00	1.27502	1.27502	1.27451	1.27482	695	0	1
2024.01.15	10:45:00	1.27481	1.27490	1.27425	1.27454	710	0	1
2024.01.15	10:50:00	1.27454	1.27484	1.27440	1.27446	605	0	1
2024.01.15	10:55:00	1.27446	1.27456	1.27389	1.27392	660	0	1
2024.01.15	11:00:00	1.27392	1.27394	1.27352	1.27390	1036	0	1
2024.01.15	11:05:00	1.27390	1.27421	1.27380	1.27392	690	0	1
2024.01.15	11:10:00	1.27392	1.27411	1.27354	1.27358	472	0	1
2024.01.15	11:15:00	1.27358	1.27390	1.27343	1.27388	629	0	1
2024.01.15	11:20:00	1.27388	1.27400	1.27362	1.27369	439	0	1
2024.01.15	11:25:00	1.27369	1.27394	1.27342	1.27345	464	0	1
2024.01.15	11:30:00	1.27345	1.27374	1.27321	1.27341	532	0	1
2024.01.15	11:35:00	1.27341	1.27345	1.27221	1.27257	1177	0	1
2024.01.15	11:40:00	1.27257	1.27275	1.27235	1.27240	666	0	1
2024.01.15	11:45:00	1.27240	1.27261	1.27185	1.27216	867	0	1
2024.01.15	11:50:00	1.27214	1.27246	1.27207	1.27240	865	0	1
2024.01.15	11:55:00	1.27240	1.27281	1.27230	1.27261	758	0	1
2024.01.15	12:00:00	1.27261	1.27279	1.27212	1.27225	1019	0	1
2024.01.15	12:05:00	1.27224	1.27250	1.27207	1.27230	651	0	1
2024.01.15	12:10:00	1.27230	1.27230	1.27175	1.27179	1033	0	1
2024.01.15	12:15:00	1.27179	1.27196	1.27132	1.27144	963	0	1
2024.01.15	12:20:00	1.27144	1.27169	1.27128	1.27167	628	0	1
2024.01.15	12:25:00	1.27166	1.27179	1.27159	1.27167	590	0	1
2024.01.15	12:30:00	1.27167	1.27220	1.27161	1.27209	899	0	1
2024.01.15	12:35:00	1.27209	1.27230	1.27187	1.27194	676	0	1
2024.01.15	12:40:00	1.27194	1.27208	1.27181	1.27202	586	0	1
2024.01.15	12:45:00	1.27202	1.27231	1.27188	1.27220	480	0	1
2024.01.15	12:50:00	1.27219	1.27286	1.27207	1.27280	726	0	1
2024.01.15	12:55:00	1.27280	1.27320	1.27276	1.27308	802	0	1
2024.01.15	13:00:00	1.27308	1.27342	1.27299	1.27317	819	0	1
2024.01.15	13:05:00	1.27317	1.27321	1.27279	1.27294	516	0	1
2024.01.15	13:10:00	1.27294	1.27310	1.27280	1.27300	457	0	1
2024.01.15	13:15:00	1.27300	1.27300	1.27262	1.27271	645	0	1
2024.01.15	13:20:00	1.27271	1.27287	1.27257	1.27279	517	0	1
2024.01.15	13:25:00	1.27279	1.27314	1.27270	1.27292	515	0	1
2024.01.15	13:30:00	1.27292	1.27314	1.27281	1.27300	446	0	1
2024.01.15	13:35:00	1.27300	1.27349	1.27299	1.27342	615	0	1
2024.01.15	13:40:00	1.27342	1.27370	1.27311	1.27332	704	0	1
2024.01.15	13:45:00	1.27332	1.27334	1.27293	1.27310	531	0	1
2024.01.15	13:50:00	1.27311	1.27323	1.27284	1.27310	684	0	1
2024.01.15	13:55:00	1.27310	1.27328	1.27294	1.27314	597	0	1
2024.01.15	14:00:00	1.27314	1.27340	1.27303	1.27334	628	0	1
2024.01.15	14:05:00	1.27333	1.27354	1.27329	1.27352	618	0	1
2024.01.15	14:10:00	1.27352	1.27381	1.27347	1.27373	729	0	1
2024.01.15	14:15:00	1.27373	1.27395	1.27366	1.27369	843	0	1
2024.01.15	14:20:00	1.27370	1.27380	1.27349	1.27363	789	0	1
2024.01.15	14:25:00	1.27364	1.27367	1.27295	1.27306	817	0	1
2024.01.15	14:30:00	1.27306	1.27306	1.27249	1.27284	910	0	1
2024.01.15	14:35:00	1.27285	1.27289	1.27238	1.27272	791	0	1
2024.01.15	14:40:00	1.27272	1.27307	1.27257	1.27265	939	0	1
2024.01.15	14:45:00	1.27265	1.27265	1.27208	1.27216	1124	0	1
2024.01.15	14:50:00	1.27217	1.27260	1.27216	1.27251	798	0	1
2024.01.15	14:55:00	1.27250	1.27252	1.27209	1.27246	857	0	1
2024.01.15	15:00:00	1.27245	1.27253	1.27195	1.27202	1029	0	1
2024.01.15	15:05:00	1.27202	1.27216	1.27156	1.27160	1079	0	1
2024.01.15	15:10:00	1.27160	1.27175	1.27140	1.27150	1090	0	1
2024.01.15	15:15:00	1.27150	1.27200	1.27146	1.27192	839	0	1
2024.01.15	15:20:00	1.27192	1.27195	1.27156	1.27161	781	0	1
2024.01.15	15:25:00	1.27161	1.27184	1.27144	1.27149	655	0	1
2024.01.15	15:30:00	1.27149	1.27211	1.27134	1.27201	1116	0	1
2024.01.15	15:35:00	1.27202	1.27229	1.27194	1.27203	890	0	1
2024.01.15	15:40:00	1.27203	1.27224	1.27179	1.27220	756	0	1
2024.01.15	15:45:00	1.27220	1.27241	1.27208	1.27217	753	0	1
2024.01.15	15:50:00	1.27216	1.27255	1.27214	1.27245	680	0	1
2024.01.15	15:55:00	1.27245	1.27291	1.27237	1.27276	894	0	1
2024.01.15	16:00:00	1.27276	1.27314	1.27228	1.27234	1033	0	1
2024.01.15	16:05:00	1.27234	1.27238	1.27184	1.27213	1079	0	1
2024.01.15	16:10:00	1.27213	1.27219	1.27179	1.27189	542	0	1
2024.01.15	16:15:00	1.27189	1.27226	1.27185	1.27200	751	0	1
2024.01.15	16:20:00	1.27200	1.27236	1.27179	1.27230	921	0	1
2024.01.15	16:25:00	1.27231	1.27232	1.27200	1.27216	799	0	1
2024.01.15	16:30:00	1.27217	1.27241	1.27188	1.27198	671	0	1
2024.01.15	16:35:00	1.27198	1.27203	1.27164	1.27188	633	0	1
2024.01.15	16:40:00	1.27188	1.27193	1.27149	1.27170	666	0	1
2024.01.15	16:45:00	1.27169	1.27179	1.27149	1.27164	614	0	1
2024.01.15	16:50:00	1.27164	1.27164	1.27129	1.27139	632	0	1
2024.01.15	16:55:00	1.27139	1.27185	1.27137	1.27175	757	0	1
2024.01.15	17:00:00	1.27175	1.27183	1.27136	1.27171	836	0	1
2024.01.15	17:05:00	1.27171	1.27196	1.27163	1.27185	708	0	1
2024.01.15	17:10:00	1.27185	1.27198	1.27145	1.27167	659	0	1
2024.01.15	17:15:00	1.27167	1.27186	1.27150	1.27171	628	0	1
2024.01.15	17:20:00	1.27171	1.27243	1.27155	1.27238	716	0	1
2024.01.15	17:25:00	1.27238	1.27275	1.27228	1.27257	674	0	1
2024.01.15	17:30:00	1.27257	1.27267	1.27195	1.27202	816	0	1
2024.01.15	17:35:00	1.27202	1.27209	1.27167	1.27176	593	0	1
2024.01.15	17:40:00	1.27177	1.27207	1.27173	1.27201	862	0	1
2024.01.15	17:45:00	1.27201	1.27265	1.27192	1.27256	915	0	1
2024.01.15	17:50:00	1.27256	1.27300	1.27250	1.27296	1194	0	1
2024.01.15	17:55:00	1.27296	1.27325	1.27263	1.27307	1164	0	1
2024.01.15	18:00:00	1.27307	1.27331	1.27293	1.27293	1299	0	1
2024.01.15	18:05:00	1.27297	1.27329	1.27285	1.27311	1017	0	1
2024.01.15	18:10:00	1.27312	1.27330	1.27299	1.27324	686	0	1
2024.01.15	18:15:00	1.27324	1.27346	1.27317	1.27326	788	0	1
2024.01.15	18:20:00	1.27327	1.27343	1.27324	1.27336	417	0	1
2024.01.15	18:25:00	1.27336	1.27385	1.27324	1.27369	654	0	1
2024.01.15	18:30:00	1.27370	1.27379	1.27339	1.27339	631	0	1
2024.01.15	18:35:00	1.27338	1.27351	1.27325	1.27328	326	0	1
2024.01.15	18:40:00	1.27328	1.27335	1.27269	1.27295	545	0	1
2024.01.15	18:45:00	1.27295	1.27338	1.27283	1.27326	413	0	1
2024.01.15	18:50:00	1.27326	1.27328	1.27306	1.27310	301	0	1
2024.01.15	18:55:00	1.27310	1.27310	1.27274	1.27289	268	0	1
2024.01.15	19:00:00	1.27288	1.27310	1.27285	1.27307	301	0	3
2024.01.15	19:05:00	1.27307	1.27327	1.27288	1.27296	221	0	3
2024.01.15	19:10:00	1.27296	1.27300	1.27265	1.27287	401	0	3
2024.01.15	19:15:00	1.27287	1.27315	1.27287	1.27308	309	0	3
2024.01.15	19:20:00	1.27308	1.27320	1.27304	1.27316	220	0	3
2024.01.15	19:25:00	1.27316	1.27350	1.27316	1.27349	275	0	3
2024.01.15	19:30:00	1.27348	1.27354	1.27326	1.27335	246	0	3
2024.01.15	19:35:00	1.27335	1.27336	1.27314	1.27317	242	0	3
2024.01.15	19:40:00	1.27318	1.27320	1.27289	1.27293	266	0	3
2024.01.15	19:45:00	1.27293	1.27298	1.27273	1.27276	166	0	3
2024.01.15	19:50:00	1.27276	1.27285	1.27262	1.27276	296	0	3
2024.01.15	19:55:00	1.27278	1.27294	1.27271	1.27292	548	0	3
2024.01.15	20:00:00	1.27291	1.27299	1.27284	1.27294	214	0	3
2024.01.15	20:05:00	1.27294	1.27303	1.27290	1.27301	82	0	3
2024.01.15	20:10:00	1.27301	1.27302	1.27276	1.27284	157	0	3
2024.01.15	20:15:00	1.27284	1.27284	1.27272	1.27274	71	0	3
2024.01.15	20:20:00	1.27274	1.27277	1.27265	1.27274	73	0	3
2024.01.15	20:25:00	1.27273	1.27288	1.27271	1.27276	82	0	3
2024.01.15	20:30:00	1.27277	1.27282	1.27268	1.27271	58	0	3
2024.01.15	20:35:00	1.27271	1.27285	1.27270	1.27285	46	0	3
2024.01.15	20:40:00	1.27285	1.27286	1.27282	1.27283	45	0	3
2024.01.15	20:45:00	1.27283	1.27285	1.27276	1.27283	13	0	0
2024.01.15	20:50:00	1.27279	1.27286	1.27276	1.27284	38	0	3
2024.01.15	20:55:00	1.27284	1.27316	1.27281	1.27316	171	0	3
2024.01.15	21:00:00	1.27316	1.27318	1.27292	1.27293	154	0	3
2024.01.15	21:05:00	1.27293	1.27296	1.27283	1.27285	76	0	3
2024.01.15	21:10:00	1.27285	1.27286	1.27276	1.27278	122	0	3
2024.01.15	21:15:00	1.27278	1.27304	1.27278	1.27303	94	0	3
2024.01.15	21:20:00	1.27303	1.27304	1.27285	1.27288	128	0	3
2024.01.15	21:25:00	1.27287	1.27297	1.27286	1.27292	121	0	3
2024.01.15	21:30:00	1.27292	1.27292	1.27278	1.27282	48	0	3
2024.01.15	21:35:00	1.27282	1.27289	1.27269	1.27287	154	0	3
2024.01.15	21:40:00	1.27287	1.27301	1.27285	1.27285	163	0	3
2024.01.15	21:45:00	1.27285	1.27285	1.27275	1.27283	39	0	3
2024.01.15	21:50:00	1.27283	1.27283	1.27260	1.27263	70	0	3
2024.01.15	21:55:00	1.27263	1.27273	1.27261	1.27266	107	0	3
2024.01.15	22:00:00	1.27266	1.27272	1.27263	1.27264	66	0	3
2024.01.15	22:05:00	1.27264	1.27265	1.27257	1.27262	46	0	3
2024.01.15	22:10:00	1.27262	1.27264	1.27261	1.27262	26	0	3
2024.01.15	22:15:00	1.27263	1.27272	1.27253	1.27262	76	0	3
2024.01.15	22:20:00	1.27262	1.27270	1.27261	1.27270	53	0	3
2024.01.15	22:25:00	1.27270	1.27272	1.27258	1.27268	56	0	3
2024.01.15	22:30:00	1.27268	1.27271	1.27265	1.27268	110	0	3
2024.01.15	22:35:00	1.27268	1.27281	1.27267	1.27276	85	0	3
2024.01.15	22:40:00	1.27277	1.27285	1.27275	1.27276	52	0	3
2024.01.15	22:45:00	1.27276	1.27281	1.27272	1.27276	53	0	3
2024.01.15	22:50:00	1.27276	1.27280	1.27272	1.27278	52	0	3
2024.01.15	22:55:00	1.27278	1.27285	1.27264	1.27266	106	0	3
2024.01.15	23:00:00	1.27259	1.27276	1.27256	1.27270	139	0	5
2024.01.15	23:05:00	1.27267	1.27271	1.27259	1.27268	32	0	12
2024.01.15	23:10:00	1.27269	1.27272	1.27268	1.27271	25	0	14
2024.01.15	23:15:00	1.27272	1.27277	1.27261	1.27267	53	0	4
2024.01.15	23:20:00	1.27267	1.27277	1.27262	1.27270	61	0	1
2024.01.15	23:25:00	1.27270	1.27280	1.27266	1.27279	82	0	14
2024.01.15	23:30:00	1.27280	1.27282	1.27278	1.27280	67	0	13
2024.01.15	23:35:00	1.27280	1.27287	1.27279	1.27281	79	0	3
2024.01.15	23:40:00	1.27280	1.27284	1.27276	1.27276	57	0	1
2024.01.15	23:45:00	1.27276	1.27278	1.27266	1.27274	34	0	3
2024.01.15	23:50:00	1.27268	1.27272	1.27266	1.27269	50	0	13
2024.01.15	23:55:00	1.27272	1.27283	1.27260	1.27268	31	0	3
2024.01.16	00:00:00	1.27264	1.27272	1.27207	1.27267	17	0	27
2024.01.16	00:05:00	1.27262	1.27286	1.27262	1.27274	21	0	17
2024.01.16	00:10:00	1.27285	1.27285	1.27257	1.27257	22	0	10
2024.01.16	00:15:00	1.27255	1.27259	1.27243	1.27255	49	0	37
2024.01.16	00:20:00	1.27245	1.27277	1.27245	1.27262	529	0	32
2024.01.16	00:25:00	1.27261	1.27272	1.27249	1.27272	51	0	27
2024.01.16	00:30:00	1.27260	1.27269	1.27240	1.27253	61	0	21
2024.01.16	00:35:00	1.27254	1.27259	1.27222	1.27252	486	0	31
2024.01.16	00:40:00	1.27253	1.27266	1.27242	1.27261	150	0	28
2024.01.16	00:45:00	1.27260	1.27286	1.27259	1.27274	380	0	10
2024.01.16	00:50:00	1.27274	1.27277	1.27252	1.27260	641	0	10
2024.01.16	00:55:00	1.27257	1.27270	1.27249	1.27263	413	0	22
2024.01.16	01:00:00	1.27279	1.27279	1.27237	1.27239	185	0	5
2024.01.16	01:05:00	1.27239	1.27243	1.27231	1.27242	63	0	5
2024.01.16	01:10:00	1.27243	1.27248	1.27230	1.27233	181	0	5
2024.01.16	01:15:00	1.27235	1.27243	1.27233	1.27236	126	0	5
2024.01.16	01:20:00	1.27236	1.27236	1.27228	1.27229	48	0	5
2024.01.16	01:25:00	1.27229	1.27231	1.27193	1.27193	266	0	5
2024.01.16	01:30:00	1.27193	1.27196	1.27183	1.27186	240	0	5
2024.01.16	01:35:00	1.27186	1.27190	1.27154	1.27156	253	0	5
2024.01.16	01:40:00	1.27156	1.27167	1.27147	1.27149	254	0	5
2024.01.16	01:45:00	1.27149	1.27158	1.27143	1.27153	247	0	5
2024.01.16	01:50:00	1.27152	1.27174	1.27148	1.27156	215	0	5
2024.01.16	01:55:00	1.27157	1.27160	1.27147	1.27152	258	0	5
2024.01.16	02:00:00	1.27152	1.27168	1.27130	1.27144	394	0	5
2024.01.16	02:05:00	1.27144	1.27153	1.27135	1.27143	214	0	5
2024.01.16	02:10:00	1.27143	1.27147	1.27126	1.27133	381	0	5
2024.01.16	02:15:00	1.27132	1.27141	1.27128	1.27132	250	0	5
2024.01.16	02:20:00	1.27132	1.27132	1.27092	1.27100	470	0	5
2024.01.16	02:25:00	1.27100	1.27105	1.27078	1.27086	496	0	5
2024.01.16	02:30:00	1.27085	1.27098	1.27062	1.27067	390	0	5
2024.01.16	02:35:00	1.27066	1.27069	1.27026	1.27032	572	0	5
2024.01.16	02:40:00	1.27032	1.27037	1.26994	1.27023	725	0	5
2024.01.16	02:45:00	1.27023	1.27023	1.26976	1.26994	542	0	5
2024.01.16	02:50:00	1.26994	1.26997	1.26931	1.26958	966	0	5
2024.01.16	02:55:00	1.26957	1.26960	1.26921	1.26923	881	0	5
2024.01.16	03:00:00	1.26923	1.26930	1.26856	1.26864	1234	0	5
2024.01.16	03:05:00	1.26863	1.26866	1.26809	1.26809	1516	0	5
2024.01.16	03:10:00	1.26809	1.26884	1.26788	1.26873	927	0	5
2024.01.16	03:15:00	1.26872	1.26908	1.26860	1.26872	907	0	5
2024.01.16	03:20:00	1.26873	1.26936	1.26862	1.26933	862	0	5
2024.01.16	03:25:00	1.26933	1.26940	1.26914	1.26938	580	0	5
2024.01.16	03:30:00	1.26938	1.26963	1.26922	1.26957	845	0	5
2024.01.16	03:35:00	1.26957	1.26982	1.26952	1.26965	795	0	5
2024.01.16	03:40:00	1.26965	1.26987	1.26960	1.26971	622	0	5
2024.01.16	03:45:00	1.26971	1.26987	1.26966	1.26977	495	0	5
2024.01.16	03:50:00	1.26977	1.26981	1.26959	1.26970	447	0	5
2024.01.16	03:55:00	1.26969	1.26970	1.26936	1.26947	375	0	5
2024.01.16	04:00:00	1.26947	1.26949	1.26886	1.26887	591	0	5
2024.01.16	04:05:00	1.26886	1.26938	1.26881	1.26917	514	0	5
2024.01.16	04:10:00	1.26916	1.26936	1.26916	1.26922	602	0	5
2024.01.16	04:15:00	1.26922	1.26925	1.26898	1.26907	399	0	5
2024.01.16	04:20:00	1.26908	1.26913	1.26885	1.26886	397	0	5
2024.01.16	04:25:00	1.26886	1.26899	1.26864	1.26873	513	0	5
2024.01.16	04:30:00	1.26873	1.26891	1.26843	1.26851	707	0	5
2024.01.16	04:35:00	1.26851	1.26876	1.26833	1.26872	585	0	5
2024.01.16	04:40:00	1.26872	1.26873	1.26852	1.26852	451	0	5
2024.01.16	04:45:00	1.26851	1.26859	1.26837	1.26846	426	0	5
2024.01.16	04:50:00	1.26846	1.26851	1.26823	1.26839	529	0	5
2024.01.16	04:55:00	1.26839	1.26856	1.26835	1.26849	438	0	5
2024.01.16	05:00:00	1.26849	1.26878	1.26847	1.26857	546	0	5
2024.01.16	05:05:00	1.26857	1.26881	1.26854	1.26881	237	0	5
2024.01.16	05:10:00	1.26881	1.26892	1.26845	1.26849	421	0	5
2024.01.16	05:15:00	1.26848	1.26860	1.26844	1.26850	289	0	5
2024.01.16	05:20:00	1.26849	1.26850	1.26818	1.26821	417	0	5
2024.01.16	05:25:00	1.26821	1.26832	1.26810	1.26814	316	0	5
2024.01.16	05:30:00	1.26814	1.26815	1.26788	1.26809	563	0	5
2024.01.16	05:35:00	1.26809	1.26819	1.26781	1.26809	574	0	5
2024.01.16	05:40:00	1.26808	1.26819	1.26800	1.26802	440	0	5
2024.01.16	05:45:00	1.26802	1.26827	1.26802	1.26818	294	0	5
2024.01.16	05:50:00	1.26818	1.26840	1.26816	1.26834	381	0	5
2024.01.16	05:55:00	1.26834	1.26845	1.26811	1.26820	318	0	5
2024.01.16	06:00:00	1.26820	1.26821	1.26804	1.26805	250	0	5
2024.01.16	06:05:00	1.26805	1.26825	1.26805	1.26810	264	0	5
2024.01.16	06:10:00	1.26810	1.26832	1.26805	1.26821	277	0	5
2024.01.16	06:15:00	1.26821	1.26830	1.26817	1.26826	197	0	5
2024.01.16	06:20:00	1.26826	1.26834	1.26814	1.26832	242	0	5
2024.01.16	06:25:00	1.26832	1.26834	1.26814	1.26818	224	0	5
2024.01.16	06:30:00	1.26818	1.26822	1.26807	1.26815	170	0	5
2024.01.16	06:35:00	1.26815	1.26829	1.26809	1.26824	277	0	5
2024.01.16	06:40:00	1.26824	1.26830	1.26808	1.26808	216	0	5
2024.01.16	06:45:00	1.26808	1.26809	1.26768	1.26777	413	0	5
2024.01.16	06:50:00	1.26777	1.26788	1.26764	1.26786	303	0	5
2024.01.16	06:55:00	1.26786	1.26818	1.26768	1.26803	441	0	5
2024.01.16	07:00:00	1.26803	1.26817	1.26794	1.26800	427	0	5
2024.01.16	07:05:00	1.26799	1.26821	1.26796	1.26820	289	0	5
2024.01.16	07:10:00	1.26820	1.26823	1.26806	1.26817	260	0	5
2024.01.16	07:15:00	1.26817	1.26827	1.26805	1.26824	247	0	5
2024.01.16	07:20:00	1.26824	1.26830	1.26799	1.26810	439	0	5
2024.01.16	07:25:00	1.26810	1.26826	1.26807	1.26821	314	0	5
2024.01.16	07:30:00	1.26820	1.26820	1.26789	1.26798	489	0	5
2024.01.16	07:35:00	1.26798	1.26802	1.26790	1.26795	326	0	5
2024.01.16	07:40:00	1.26794	1.26794	1.26762	1.26780	369	0	5
2024.01.16	07:45:00	1.26780	1.26814	1.26777	1.26809	431	0	5
2024.01.16	07:50:00	1.26809	1.26818	1.26793	1.26800	348	0	5
2024.01.16	07:55:00	1.26800	1.26806	1.26793	1.26804	367	0	5
2024.01.16	08:00:00	1.26804	1.26804	1.26777	1.26785	478	0	5
2024.01.16	08:05:00	1.26784	1.26808	1.26776	1.26802	333	0	5
2024.01.16	08:10:00	1.26802	1.26814	1.26782	1.26805	440	0	5
2024.01.16	08:15:00	1.26805	1.26824	1.26798	1.26799	356	0	5
2024.01.16	08:20:00	1.26799	1.26802	1.26773	1.26790	445	0	5
2024.01.16	08:25:00	1.26790	1.26799	1.26788	1.26794	249	0	5
2024.01.16	08:30:00	1.26795	1.26826	1.26781	1.26824	358	0	2
2024.01.16	08:35:00	1.26824	1.26832	1.26812	1.26829	330	0	2
2024.01.16	08:40:00	1.26829	1.26842	1.26820	1.26832	447	0	2
2024.01.16	08:45:00	1.26832	1.26833	1.26801	1.26804	743	0	2
2024.01.16	08:50:00	1.26804	1.26867	1.26804	1.26829	804	0	2
2024.01.16	08:55:00	1.26829	1.26865	1.26822	1.26833	540	0	2
2024.01.16	09:00:00	1.26837	1.26851	1.26606	1.26746	2670	0	2
2024.01.16	09:05:00	1.26746	1.26755	1.26700	1.26706	956	0	2
2024.01.16	09:10:00	1.26704	1.26713	1.26643	1.26653	1260	0	2
2024.01.16	09:15:00	1.26653	1.26660	1.26627	1.26641	844	0	2
2024.01.16	09:20:00	1.26641	1.26669	1.26630	1.26665	868	0	2
2024.01.16	09:25:00	1.26665	1.26666	1.26626	1.26649	682	0	2
2024.01.16	09:30:00	1.26650	1.26666	1.26625	1.26642	987	0	1
2024.01.16	09:35:00	1.26642	1.26746	1.26635	1.26735	1136	0	1
2024.01.16	09:40:00	1.26735	1.26819	1.26722	1.26817	980	0	1
2024.01.16	09:45:00	1.26817	1.26836	1.26792	1.26829	646	0	1
2024.01.16	09:50:00	1.26830	1.26859	1.26784	1.26792	762	0	1
2024.01.16	09:55:00	1.26787	1.26793	1.26721	1.26728	869	0	1
2024.01.16	10:00:00	1.26728	1.26740	1.26651	1.26684	1288	0	1
2024.01.16	10:05:00	1.26686	1.26716	1.26632	1.26641	1591	0	1
2024.01.16	10:10:00	1.26641	1.26654	1.26616	1.26642	1320	0	1
2024.01.16	10:15:00	1.26643	1.26714	1.26627	1.26655	1481	0	1
2024.01.16	10:20:00	1.26655	1.26764	1.26644	1.26704	1819	0	1
2024.01.16	10:25:00	1.26704	1.26738	1.26614	1.26622	1627	0	1
2024.01.16	10:30:00	1.26621	1.26648	1.26510	1.26515	1836	0	1
2024.01.16	10:35:00	1.26518	1.26548	1.26467	1.26542	1877	0	1
2024.01.16	10:40:00	1.26542	1.26602	1.26510	1.26569	1691	0	1
2024.01.16	10:45:00	1.26569	1.26632	1.26568	1.26627	1155	0	1
2024.01.16	10:50:00	1.26627	1.26638	1.26566	1.26607	1242	0	1
2024.01.16	10:55:00	1.26606	1.26643	1.26569	1.26626	1228	0	1
2024.01.16	11:00:00	1.26626	1.26681	1.26601	1.26617	1700	0	1
2024.01.16	11:05:00	1.26617	1.26633	1.26563	1.26581	1338	0	1
2024.01.16	11:10:00	1.26582	1.26619	1.26559	1.26591	1035	0	1
2024.01.16	11:15:00	1.26592	1.26616	1.26491	1.26540	1244	0	1
2024.01.16	11:20:00	1.26540	1.26576	1.26513	1.26560	1061	0	1
2024.01.16	11:25:00	1.26560	1.26585	1.26547	1.26568	888	0	1
2024.01.16	11:30:00	1.26568	1.26593	1.26555	1.26580	1039	0	1
2024.01.16	11:35:00	1.26582	1.26582	1.26448	1.26470	1064	0	1
2024.01.16	11:40:00	1.26471	1.26471	1.26365	1.26394	1334	0	1
2024.01.16	11:45:00	1.26394	1.26419	1.26358	1.26362	1185	0	1
2024.01.16	11:50:00	1.26362	1.26432	1.26350	1.26422	1024	0	1
2024.01.16	11:55:00	1.26422	1.26440	1.26401	1.26408	791	0	1
2024.01.16	12:00:00	1.26410	1.26422	1.26358	1.26420	1469	0	1
2024.01.16	12:05:00	1.26416	1.26441	1.26397	1.26416	1049	0	1
2024.01.16	12:10:00	1.26416	1.26457	1.26412	1.26441	1217	0	1
2024.01.16	12:15:00	1.26440	1.26459	1.26384	1.26408	779	0	1
2024.01.16	12:20:00	1.26407	1.26420	1.26371	1.26379	542	0	1
2024.01.16	12:25:00	1.26379	1.26384	1.26325	1.26334	822	0	1
2024.01.16	12:30:00	1.26333	1.26358	1.26295	1.26340	1012	0	1
2024.01.16	12:35:00	1.26340	1.26362	1.26329	1.26349	832	0	1
2024.01.16	12:40:00	1.26349	1.26353	1.26288	1.26336	1001	0	1
2024.01.16	12:45:00	1.26336	1.26343	1.26269	1.26292	921	0	1
2024.01.16	12:50:00	1.26290	1.26304	1.26264	1.26299	822	0	1
2024.01.16	12:55:00	1.26299	1.26304	1.26257	1.26294	909	0	1
2024.01.16	13:00:00	1.26294	1.26324	1.26261	1.26264	989	0	1
2024.01.16	13:05:00	1.26264	1.26285	1.26245	1.26269	666	0	1
2024.01.16	13:10:00	1.26269	1.26273	1.26201	1.26222	947	0	1
2024.01.16	13:15:00	1.26222	1.26283	1.26214	1.26283	1041	0	1
2024.01.16	13:20:00	1.26283	1.26320	1.26265	1.26319	954	0	1
2024.01.16	13:25:00	1.26319	1.26382	1.26311	1.26354	999	0	1
2024.01.16	13:30:00	1.26353	1.26375	1.26337	1.26354	875	0	1
2024.01.16	13:35:00	1.26353	1.26431	1.26353	1.26424	952	0	1
2024.01.16	13:40:00	1.26423	1.26426	1.26384	1.26401	590	0	1
2024.01.16	13:45:00	1.26401	1.26435	1.26361	1.26430	828	0	1
2024.01.16	13:50:00	1.26434	1.26457	1.26408	1.26422	890	0	1
2024.01.16	13:55:00	1.26421	1.26470	1.26406	1.26461	1027	0	1
2024.01.16	14:00:00	1.26459	1.26473	1.26427	1.26444	942	0	1
2024.01.16	14:05:00	1.26444	1.26453	1.26418	1.26419	659	0	1
2024.01.16	14:10:00	1.26420	1.26450	1.26420	1.26432	707	0	1
2024.01.16	14:15:00	1.26430	1.26501	1.26429	1.26480	719	0	1
2024.01.16	14:20:00	1.26480	1.26486	1.26456	1.26470	611	0	1
2024.01.16	14:25:00	1.26470	1.26489	1.26450	1.26483	800	0	1
2024.01.16	14:30:00	1.26484	1.26504	1.26459	1.26461	862	0	1
2024.01.16	14:35:00	1.26461	1.26467	1.26414	1.26439	869	0	1
2024.01.16	14:40:00	1.26440	1.26444	1.26387	1.26410	859	0	1
2024.01.16	14:45:00	1.26410	1.26454	1.26403	1.26450	663	0	1
2024.01.16	14:50:00	1.26450	1.26474	1.26437	1.26449	905	0	1
2024.01.16	14:55:00	1.26449	1.26495	1.26440	1.26468	1000	0	1
2024.01.16	15:00:00	1.26469	1.26498	1.26420	1.26433	1410	0	1
2024.01.16	15:05:00	1.26433	1.26461	1.26412	1.26412	1013	0	1
2024.01.16	15:10:00	1.26412	1.26435	1.26376	1.26405	1272	0	1
2024.01.16	15:15:00	1.26406	1.26479	1.26372	1.26462	1259	0	1
2024.01.16	15:20:00	1.26463	1.26498	1.26394	1.26402	1476	0	1
2024.01.16	15:25:00	1.26402	1.26463	1.26399	1.26442	1144	0	1
2024.01.16	15:30:00	1.26454	1.26662	1.26454	1.26589	4402	0	1
2024.01.16	15:35:00	1.26588	1.26650	1.26557	1.26644	3110	0	1
2024.01.16	15:40:00	1.26644	1.26724	1.26624	1.26670	2900	0	1
2024.01.16	15:45:00	1.26671	1.26690	1.26521	1.26523	2910	0	1
2024.01.16	15:50:00	1.26523	1.26573	1.26430	1.26448	2546	0	1
2024.01.16	15:55:00	1.26448	1.26478	1.26392	1.26424	1936	0	1
2024.01.16	16:00:00	1.26423	1.26491	1.26401	1.26460	2536	0	0
2024.01.16	16:05:00	1.26460	1.26516	1.26429	1.26515	2028	0	0
2024.01.16	16:10:00	1.26515	1.26599	1.26492	1.26552	2058	0	1
2024.01.16	16:15:00	1.26551	1.26559	1.26496	1.26540	1915	0	1
2024.01.16	16:20:00	1.26541	1.26635	1.26540	1.26616	1919	0	1
2024.01.16	16:25:00	1.26617	1.26619	1.26564	1.26589	1514	0	1
2024.01.16	16:30:00	1.26588	1.26631	1.26486	1.26537	2986	0	1
2024.01.16	16:35:00	1.26536	1.26546	1.26477	1.26499	1856	0	0
2024.01.16	16:40:00	1.26499	1.26516	1.26448	1.26463	1689	0	1
2024.01.16	16:45:00	1.26463	1.26486	1.26409	1.26427	2012	0	1
2024.01.16	16:50:00	1.26427	1.26469	1.26383	1.26465	2228	0	1
2024.01.16	16:55:00	1.26464	1.26505	1.26447	1.26488	1588	0	1
2024.01.16	17:00:00	1.26488	1.26550	1.26479	1.26482	1615	0	1
2024.01.16	17:05:00	1.26482	1.26530	1.26421	1.26498	2165	0	1
2024.01.16	17:10:00	1.26498	1.26587	1.26498	1.26569	1995	0	1
2024.01.16	17:15:00	1.26569	1.26608	1.26553	1.26584	1369	0	1
2024.01.16	17:20:00	1.26584	1.26589	1.26554	1.26579	1308	0	1
2024.01.16	17:25:00	1.26579	1.26614	1.26537	1.26564	1419	0	1
2024.01.16	17:30:00	1.26563	1.26579	1.26529	1.26573	1359	0	1
2024.01.16	17:35:00	1.26575	1.26597	1.26521	1.26574	1372	0	1
2024.01.16	17:40:00	1.26572	1.26612	1.26564	1.26597	1342	0	1
2024.01.16	17:45:00	1.26597	1.26671	1.26595	1.26667	1334	0	1
2024.01.16	17:50:00	1.26667	1.26678	1.26586	1.26628	1622	0	1
2024.01.16	17:55:00	1.26627	1.26676	1.26616	1.26655	1203	0	1
2024.01.16	18:00:00	1.26655	1.26671	1.26365	1.26467	6594	0	1
2024.01.16	18:05:00	1.26469	1.26608	1.26455	1.26508	4618	0	1
2024.01.16	18:10:00	1.26507	1.26584	1.26447	1.26573	4152	0	1
2024.01.16	18:15:00	1.26574	1.26719	1.26540	1.26691	3583	0	1
2024.01.16	18:20:00	1.26690	1.26790	1.26685	1.26775	3381	0	1
2024.01.16	18:25:00	1.26775	1.26775	1.26683	1.26687	2554	0	1
2024.01.16	18:30:00	1.26687	1.26768	1.26669	1.26753	2385	0	1
2024.01.16	18:35:00	1.26753	1.26755	1.26572	1.26596	2155	0	1
2024.01.16	18:40:00	1.26597	1.26637	1.26567	1.26626	1917	0	1
2024.01.16	18:45:00	1.26627	1.26650	1.26585	1.26607	1444	0	1
2024.01.16	18:50:00	1.26607	1.26655	1.26578	1.26581	1381	0	1
2024.01.16	18:55:00	1.26581	1.26599	1.26525	1.26555	1544	0	1
2024.01.16	19:00:00	1.26554	1.26564	1.26452	1.26460	1485	0	3
2024.01.16	19:05:00	1.26458	1.26469	1.26403	1.26416	1943	0	3
2024.01.16	19:10:00	1.26415	1.26431	1.26374	1.26374	1660	0	3
2024.01.16	19:15:00	1.26373	1.26455	1.26352	1.26389	2038	0	3
2024.01.16	19:20:00	1.26389	1.26427	1.26332	1.26342	1547	0	3
2024.01.16	19:25:00	1.26342	1.26355	1.26299	1.26312	1503	0	3
2024.01.16	19:30:00	1.26313	1.26326	1.26268	1.26292	1319	0	3
2024.01.16	19:35:00	1.26293	1.26409	1.26290	1.26389	1645	0	3
2024.01.16	19:40:00	1.26389	1.26398	1.26363	1.26366	1205	0	3
2024.01.16	19:45:00	1.26366	1.26370	1.26298	1.26316	1128	0	3
2024.01.16	19:50:00	1.26316	1.26343	1.26296	1.26310	1053	0	3
2024.01.16	19:55:00	1.26309	1.26322	1.26244	1.26248	861	0	3
2024.01.16	20:00:00	1.26248	1.26276	1.26233	1.26248	1098	0	3
2024.01.16	20:05:00	1.26247	1.26264	1.26226	1.26251	881	0	3
2024.01.16	20:10:00	1.26251	1.26279	1.26245	1.26275	593	0	3
2024.01.16	20:15:00	1.26275	1.26360	1.26275	1.26316	1068	0	3
2024.01.16	20:20:00	1.26316	1.26330	1.26291	1.26312	836	0	3
2024.01.16	20:25:00	1.26311	1.26360	1.26307	1.26358	601	0	3
2024.01.16	20:30:00	1.26359	1.26403	1.26355	1.26388	835	0	3
2024.01.16	20:35:00	1.26387	1.26395	1.26336	1.26344	623	0	3
2024.01.16	20:40:00	1.26343	1.26352	1.26277	1.26283	957	0	3
2024.01.16	20:45:00	1.26283	1.26287	1.26259	1.26286	686	0	3
2024.01.16	20:50:00	1.26286	1.26289	1.26236	1.26265	499	0	3
2024.01.16	20:55:00	1.26265	1.26307	1.26254	1.26288	545	0	3
2024.01.16	21:00:00	1.26288	1.26308	1.26256	1.26272	758	0	3
2024.01.16	21:05:00	1.26271	1.26306	1.26257	1.26258	719	0	3
2024.01.16	21:10:00	1.26258	1.26273	1.26212	1.26223	701	0	3
2024.01.16	21:15:00	1.26223	1.26227	1.26199	1.26203	464	0	3
2024.01.16	21:20:00	1.26204	1.26228	1.26192	1.26225	514	0	3
2024.01.16	21:25:00	1.26225	1.26248	1.26223	1.26246	412	0	3
2024.01.16	21:30:00	1.26246	1.26256	1.26235	1.26255	469	0	3
2024.01.16	21:35:00	1.26255	1.26264	1.26225	1.26227	456	0	3
2024.01.16	21:40:00	1.26227	1.26255	1.26214	1.26255	471	0	3
2024.01.16	21:45:00	1.26255	1.26305	1.26247	1.26302	512	0	3
2024.01.16	21:50:00	1.26302	1.26328	1.26294	1.26317	620	0	3
2024.01.16	21:55:00	1.26317	1.26336	1.26313	1.26316	264	0	3
2024.01.16	22:00:00	1.26316	1.26340	1.26313	1.26316	414	0	3
2024.01.16	22:05:00	1.26316	1.26339	1.26291	1.26328	403	0	3
2024.01.16	22:10:00	1.26328	1.26356	1.26327	1.26336	336	0	3
2024.01.16	22:15:00	1.26336	1.26344	1.26315	1.26334	502	0	3
2024.01.16	22:20:00	1.26334	1.26341	1.26313	1.26313	487	0	3
2024.01.16	22:25:00	1.26314	1.26335	1.26286	1.26294	604	0	3
2024.01.16	22:30:00	1.26295	1.26319	1.26286	1.26289	503	0	3
2024.01.16	22:35:00	1.26289	1.26309	1.26283	1.26307	541	0	3
2024.01.16	22:40:00	1.26307	1.26311	1.26278	1.26305	475	0	3
2024.01.16	22:45:00	1.26306	1.26324	1.26293	1.26302	441	0	3
2024.01.16	22:50:00	1.26304	1.26318	1.26295	1.26299	543	0	3
2024.01.16	22:55:00	1.26299	1.26326	1.26294	1.26309	606	0	3
2024.01.16	23:00:00	1.26302	1.26338	1.26297	1.26336	357	0	11
2024.01.16	23:05:00	1.26337	1.26343	1.26319	1.26320	119	0	11
2024.01.16	23:10:00	1.26319	1.26330	1.26317	1.26325	68	0	11
2024.01.16	23:15:00	1.26326	1.26348	1.26325	1.26334	197	0	8
2024.01.16	23:20:00	1.26336	1.26339	1.26318	1.26333	119	0	6
2024.01.16	23:25:00	1.26327	1.26346	1.26326	1.26346	175	0	11
2024.01.16	23:30:00	1.26347	1.26359	1.26345	1.26356	228	0	17
2024.01.16	23:35:00	1.26358	1.26358	1.26336	1.26337	118	0	8
2024.01.16	23:40:00	1.26338	1.26365	1.26336	1.26359	310	0	17
2024.01.16	23:45:00	1.26360	1.26363	1.26341	1.26341	306	0	17
2024.01.16	23:50:00	1.26342	1.26348	1.26337	1.26346	298	0	17
2024.01.16	23:55:00	1.26351	1.26361	1.26327	1.26358	269	0	5
2024.01.17	00:00:00	1.26350	1.26350	1.26214	1.26279	16	0	45
2024.01.17	00:05:00	1.26279	1.26357	1.26276	1.26308	26	0	14
2024.01.17	00:10:00	1.26332	1.26332	1.26268	1.26308	44	0	26
2024.01.17	00:15:00	1.26312	1.26333	1.26310	1.26330	94	0	55
2024.01.17	00:20:00	1.26330	1.26334	1.26326	1.26333	81	0	54
2024.01.17	00:25:00	1.26333	1.26361	1.26329	1.26337	501	0	35
2024.01.17	00:30:00	1.26337	1.26346	1.26314	1.26324	395	0	34
2024.01.17	00:35:00	1.26323	1.26341	1.26317	1.26340	284	0	30
2024.01.17	00:40:00	1.26339	1.26361	1.26332	1.26358	284	0	23
2024.01.17	00:45:00	1.26357	1.26373	1.26357	1.26369	73	0	10
2024.01.17	00:50:00	1.26359	1.26373	1.26351	1.26369	19	0	10
2024.01.17	00:55:00	1.26368	1.26390	1.26367	1.26387	287	0	10
2024.01.17	01:00:00	1.26390	1.26394	1.26352	1.26364	235	0	5
2024.01.17	01:05:00	1.26364	1.26367	1.26350	1.26363	43	0	5
2024.01.17	01:10:00	1.26363	1.26366	1.26356	1.26357	65	0	5
2024.01.17	01:15:00	1.26358	1.26364	1.26355	1.26356	61	0	5
2024.01.17	01:20:00	1.26356	1.26358	1.26355	1.26356	68	0	5
2024.01.17	01:25:00	1.26356	1.26357	1.26355	1.26356	15	0	5
2024.01.17	01:30:00	1.26356	1.26358	1.26350	1.26355	48	0	5
2024.01.17	01:35:00	1.26355	1.26357	1.26344	1.26344	47	0	5
2024.01.17	01:40:00	1.26344	1.26347	1.26324	1.26334	36	0	5
2024.01.17	01:45:00	1.26334	1.26360	1.26334	1.26358	86	0	5
2024.01.17	01:50:00	1.26358	1.26377	1.26357	1.26376	119	0	5
2024.01.17	01:55:00	1.26376	1.26378	1.26375	1.26377	12	0	5
2024.01.17	02:00:00	1.26377	1.26397	1.26373	1.26374	373	0	5
2024.01.17	02:05:00	1.26374	1.26385	1.26366	1.26366	358	0	5
2024.01.17	02:10:00	1.26366	1.26374	1.26343	1.26352	314	0	5
2024.01.17	02:15:00	1.26352	1.26355	1.26326	1.26338	390	0	5
2024.01.17	02:20:00	1.26338	1.26355	1.26335	1.26341	283	0	5
2024.01.17	02:25:00	1.26341	1.26357	1.26336	1.26357	335	0	5
2024.01.17	02:30:00	1.26357	1.26384	1.26355	1.26357	458	0	5
2024.01.17	02:35:00	1.26357	1.26384	1.26350	1.26377	404	0	5
2024.01.17	02:40:00	1.26377	1.26378	1.26362	1.26370	394	0	5
2024.01.17	02:45:00	1.26370	1.26392	1.26365	1.26388	422	0	5
2024.01.17	02:50:00	1.26388	1.26395	1.26368	1.26372	485	0	5
2024.01.17	02:55:00	1.26372	1.26408	1.26363	1.26399	576	0	5
2024.01.17	03:00:00	1.26399	1.26401	1.26353	1.26358	716	0	5
2024.01.17	03:05:00	1.26357	1.26375	1.26352	1.26364	494	0	5
2024.01.17	03:10:00	1.26364	1.26389	1.26357	1.26388	494	0	5
2024.01.17	03:15:00	1.26387	1.26428	1.26386	1.26423	833	0	5
2024.01.17	03:20:00	1.26423	1.26431	1.26399	1.26417	509	0	5
2024.01.17	03:25:00	1.26417	1.26424	1.26395	1.26398	461	0	5
2024.01.17	03:30:00	1.26399	1.26410	1.26373	1.26384	1001	0	5
2024.01.17	03:35:00	1.26384	1.26394	1.26355	1.26357	788	0	5
2024.01.17	03:40:00	1.26357	1.26370	1.26336	1.26344	741	0	5
2024.01.17	03:45:00	1.26345	1.26356	1.26322	1.26343	822	0	5
2024.01.17	03:50:00	1.26343	1.26371	1.26343	1.26361	678	0	5
2024.01.17	03:55:00	1.26361	1.26363	1.26345	1.26355	435	0	5
2024.01.17	04:00:00	1.26355	1.26390	1.26346	1.26385	583	0	5
2024.01.17	04:05:00	1.26385	1.26438	1.26382	1.26412	646	0	5
2024.01.17	04:10:00	1.26412	1.26425	1.26402	1.26403	481	0	5
2024.01.17	04:15:00	1.26402	1.26423	1.26386	1.26387	653	0	5
2024.01.17	04:20:00	1.26386	1.26395	1.26377	1.26388	717	0	5
2024.01.17	04:25:00	1.26388	1.26394	1.26368	1.26393	433	0	5
2024.01.17	04:30:00	1.26393	1.26397	1.26360	1.26369	492	0	5
2024.01.17	04:35:00	1.26370	1.26370	1.26313	1.26323	420	0	5
2024.01.17	04:40:00	1.26323	1.26341	1.26320	1.26335	410	0	5
2024.01.17	04:45:00	1.26335	1.26350	1.26326	1.26340	351	0	5
2024.01.17	04:50:00	1.26340	1.26355	1.26329	1.26349	364	0	5
2024.01.17	04:55:00	1.26349	1.26365	1.26346	1.26346	358	0	5
2024.01.17	05:00:00	1.26348	1.26353	1.26335	1.26340	391	0	5
2024.01.17	05:05:00	1.26340	1.26348	1.26319	1.26319	396	0	5
2024.01.17	05:10:00	1.26319	1.26330	1.26303	1.26308	558	0	5
2024.01.17	05:15:00	1.26308	1.26308	1.26241	1.26246	683	0	5
2024.01.17	05:20:00	1.26246	1.26255	1.26239	1.26246	610	0	5
2024.01.17	05:25:00	1.26246	1.26249	1.26220	1.26220	497	0	5
2024.01.17	05:30:00	1.26219	1.26234	1.26215	1.26218	326	0	5
2024.01.17	05:35:00	1.26218	1.26218	1.26184	1.26188	651	0	5
2024.01.17	05:40:00	1.26188	1.26189	1.26161	1.26172	534	0	5
2024.01.17	05:45:00	1.26172	1.26199	1.26167	1.26194	405	0	5
2024.01.17	05:50:00	1.26195	1.26213	1.26184	1.26196	415	0	5
2024.01.17	05:55:00	1.26196	1.26203	1.26179	1.26190	246	0	5
2024.01.17	06:00:00	1.26189	1.26192	1.26176	1.26178	324	0	5
2024.01.17	06:05:00	1.26178	1.26213	1.26178	1.26207	269	0	5
2024.01.17	06:10:00	1.26208	1.26219	1.26204	1.26216	125	0	5
2024.01.17	06:15:00	1.26216	1.26226	1.26207	1.26207	228	0	5
2024.01.17	06:20:00	1.26207	1.26210	1.26192	1.26201	208	0	5
2024.01.17	06:25:00	1.26200	1.26205	1.26185	1.26192	352	0	5
2024.01.17	06:30:00	1.26192	1.26196	1.26184	1.26195	200	0	5
2024.01.17	06:35:00	1.26195	1.26219	1.26193	1.26204	224	0	5
2024.01.17	06:40:00	1.26202	1.26205	1.26173	1.26189	219	0	5
2024.01.17	06:45:00	1.26189	1.26262	1.26185	1.26236	471	0	5
2024.01.17	06:50:00	1.26236	1.26243	1.26209	1.26219	232	0	5
2024.01.17	06:55:00	1.26219	1.26236	1.26197	1.26235	362	0	5
2024.01.17	07:00:00	1.26234	1.26243	1.26208	1.26208	357	0	5
2024.01.17	07:05:00	1.26207	1.26208	1.26162	1.26166	356	0	5
2024.01.17	07:10:00	1.26166	1.26169	1.26132	1.26135	532	0	5
2024.01.17	07:15:00	1.26135	1.26136	1.26076	1.26108	951	0	5
2024.01.17	07:20:00	1.26108	1.26138	1.26095	1.26127	533	0	5
2024.01.17	07:25:00	1.26127	1.26138	1.26101	1.26105	402	0	5
2024.01.17	07:30:00	1.26105	1.26110	1.26073	1.26097	654	0	5
2024.01.17	07:35:00	1.26097	1.26103	1.26077	1.26086	423	0	5
2024.01.17	07:40:00	1.26087	1.26111	1.26076	1.26076	349	0	5
2024.01.17	07:45:00	1.26077	1.26107	1.26057	1.26106	527	0	5
2024.01.17	07:50:00	1.26106	1.26122	1.26081	1.26092	391	0	5
2024.01.17	07:55:00	1.26092	1.26110	1.26084	1.26098	481	0	5
2024.01.17	08:00:00	1.26098	1.26107	1.26082	1.26087	530	0	5
2024.01.17	08:05:00	1.26088	1.26092	1.26004	1.26010	847	0	5
2024.01.17	08:10:00	1.26010	1.26022	1.25982	1.26005	1070	0	5
2024.01.17	08:15:00	1.26006	1.26031	1.25995	1.26017	719	0	5
2024.01.17	08:20:00	1.26017	1.26026	1.25992	1.26016	697	0	5
2024.01.17	08:25:00	1.26017	1.26025	1.25987	1.25993	616	0	5
2024.01.17	08:30:00	1.25995	1.26004	1.25964	1.25974	623	0	2
2024.01.17	08:35:00	1.25974	1.25992	1.25969	1.25984	539	0	2
2024.01.17	08:40:00	1.25985	1.26061	1.25984	1.26046	1036	0	2
2024.01.17	08:45:00	1.26048	1.26078	1.26036	1.26066	542	0	2
2024.01.17	08:50:00	1.26065	1.26093	1.26063	1.26066	474	0	2
2024.01.17	08:55:00	1.26066	1.26138	1.26057	1.26089	1132	0	2
2024.01.17	09:00:00	1.26089	1.26457	1.26079	1.26298	3410	0	2
2024.01.17	09:05:00	1.26298	1.26383	1.26273	1.26373	1740	0	2
2024.01.17	09:10:00	1.26373	1.26378	1.26257	1.26319	1859	0	2
2024.01.17	09:15:00	1.26319	1.26352	1.26296	1.26339	1492	0	2
2024.01.17	09:20:00	1.26339	1.26470	1.26321	1.26385	1597	0	2
2024.01.17	09:25:00	1.26385	1.26397	1.26340	1.26355	1298	0	2
2024.01.17	09:30:00	1.26355	1.26450	1.26346	1.26423	1315	0	1
2024.01.17	09:35:00	1.26423	1.26480	1.26365	1.26475	1806	0	1
2024.01.17	09:40:00	1.26475	1.26570	1.26444	1.26528	1477	0	1
2024.01.17	09:45:00	1.26528	1.26549	1.26466	1.26521	1139	0	1
2024.01.17	09:50:00	1.26520	1.26572	1.26512	1.26520	1130	0	1
2024.01.17	09:55:00	1.26520	1.26566	1.26501	1.26565	1376	0	1
2024.01.17	10:00:00	1.26566	1.26660	1.26525	1.26646	2519	0	1
2024.01.17	10:05:00	1.26646	1.26710	1.26637	1.26676	1793	0	1
2024.01.17	10:10:00	1.26676	1.26742	1.26664	1.26715	2294	0	1
2024.01.17	10:15:00	1.26715	1.26750	1.26689	1.26715	1889	0	1
2024.01.17	10:20:00	1.26715	1.26760	1.26684	1.26724	1617	0	1
2024.01.17	10:25:00	1.26725	1.26757	1.26691	1.26705	1764	0	1
2024.01.17	10:30:00	1.26705	1.26713	1.26596	1.26672	2168	0	1
2024.01.17	10:35:00	1.26672	1.26684	1.26598	1.26601	1283	0	1
2024.01.17	10:40:00	1.26601	1.26617	1.26561	1.26576	1518	0	1
2024.01.17	10:45:00	1.26575	1.26597	1.26517	1.26558	1631	0	1
2024.01.17	10:50:00	1.26558	1.26574	1.26513	1.26523	967	0	1
2024.01.17	10:55:00	1.26523	1.26556	1.26513	1.26519	1142	0	1
2024.01.17	11:00:00	1.26520	1.26520	1.26448	1.26473	1297	0	1
2024.01.17	11:05:00	1.26473	1.26501	1.26450	1.26464	1338	0	1
2024.01.17	11:10:00	1.26465	1.26499	1.26436	1.26462	994	0	1
2024.01.17	11:15:00	1.26462	1.26507	1.26456	1.26488	903	0	1
2024.01.17	11:20:00	1.26488	1.26548	1.26470	1.26541	987	0	1
2024.01.17	11:25:00	1.26540	1.26571	1.26513	1.26539	1171	0	1
2024.01.17	11:30:00	1.26540	1.26647	1.26524	1.26645	1144	0	1
2024.01.17	11:35:00	1.26645	1.26713	1.26631	1.26704	1722	0	1
2024.01.17	11:40:00	1.26704	1.26740	1.26674	1.26737	1034	0	1
2024.01.17	11:45:00	1.26737	1.26745	1.26705	1.26737	1263	0	1
2024.01.17	11:50:00	1.26737	1.26768	1.26733	1.26751	724	0	1
2024.01.17	11:55:00	1.26751	1.26835	1.26751	1.26803	1162	0	1
2024.01.17	12:00:00	1.26803	1.26917	1.26801	1.26894	1404	0	1
2024.01.17	12:05:00	1.26894	1.26955	1.26889	1.26941	1213	0	1
2024.01.17	12:10:00	1.26940	1.26959	1.26921	1.26942	850	0	1
2024.01.17	12:15:00	1.26941	1.26965	1.26878	1.26916	1349	0	1
2024.01.17	12:20:00	1.26916	1.26922	1.26852	1.26881	1188	0	1
2024.01.17	12:25:00	1.26881	1.26894	1.26821	1.26843	1160	0	1
2024.01.17	12:30:00	1.26843	1.26855	1.26775	1.26779	1045	0	1
2024.01.17	12:35:00	1.26781	1.26803	1.26740	1.26749	1108	0	1
2024.01.17	12:40:00	1.26749	1.26753	1.26719	1.26734	1031	0	1
2024.01.17	12:45:00	1.26734	1.26779	1.26705	1.26729	1091	0	1
2024.01.17	12:50:00	1.26729	1.26810	1.26713	1.26743	1109	0	1
2024.01.17	12:55:00	1.26743	1.26775	1.26742	1.26771	588	0	1
2024.01.17	13:00:00	1.26772	1.26800	1.26760	1.26781	633	0	1
2024.01.17	13:05:00	1.26781	1.26822	1.26762	1.26802	797	0	1
2024.01.17	13:10:00	1.26802	1.26826	1.26771	1.26778	752	0	1
2024.01.17	13:15:00	1.26777	1.26837	1.26765	1.26783	780	0	1
2024.01.17	13:20:00	1.26783	1.26856	1.26764	1.26835	718	0	1
2024.01.17	13:25:00	1.26836	1.26880	1.26821	1.26862	846	0	1
2024.01.17	13:30:00	1.26862	1.26879	1.26847	1.26863	610	0	1
2024.01.17	13:35:00	1.26863	1.26887	1.26837	1.26847	546	0	1
2024.01.17	13:40:00	1.26847	1.26921	1.26841	1.26904	763	0	1
2024.01.17	13:45:00	1.26905	1.26910	1.26872	1.26884	731	0	1
2024.01.17	13:50:00	1.26884	1.26918	1.26870	1.26914	532	0	1
2024.01.17	13:55:00	1.26915	1.26940	1.26884	1.26917	831	0	1
2024.01.17	14:00:00	1.26917	1.26920	1.26854	1.26878	1143	0	1
2024.01.17	14:05:00	1.26878	1.26891	1.26858	1.26882	545	0	1
2024.01.17	14:10:00	1.26882	1.26914	1.26861	1.26899	578	0	1
2024.01.17	14:15:00	1.26893	1.26911	1.26880	1.26903	429	0	1
2024.01.17	14:20:00	1.26903	1.26926	1.26872	1.26872	807	0	1
2024.01.17	14:25:00	1.26872	1.26874	1.26796	1.26830	965	0	1
2024.01.17	14:30:00	1.26830	1.26844	1.26812	1.26821	713	0	1
2024.01.17	14:35:00	1.26820	1.26843	1.26786	1.26788	607	0	1
2024.01.17	14:40:00	1.26786	1.26814	1.26764	1.26777	733	0	1
2024.01.17	14:45:00	1.26777	1.26791	1.26759	1.26773	650	0	1
2024.01.17	14:50:00	1.26773	1.26793	1.26750	1.26769	781	0	1
2024.01.17	14:55:00	1.26770	1.26801	1.26752	1.26760	943	0	1
2024.01.17	15:00:00	1.26760	1.26760	1.26685	1.26685	1178	0	1
2024.01.17	15:05:00	1.26685	1.26745	1.26683	1.26737	807	0	1
2024.01.17	15:10:00	1.26737	1.26758	1.26701	1.26704	735	0	1
2024.01.17	15:15:00	1.26704	1.26705	1.26653	1.26673	1085	0	1
2024.01.17	15:20:00	1.26672	1.26674	1.26604	1.26619	1390	0	1
2024.01.17	15:25:00	1.26618	1.26658	1.26613	1.26637	1157	0	1
2024.01.17	15:30:00	1.26628	1.26628	1.26414	1.26522	4093	0	1
2024.01.17	15:35:00	1.26522	1.26601	1.26479	1.26584	2979	0	1
2024.01.17	15:40:00	1.26585	1.26618	1.26521	1.26527	2447	0	1
2024.01.17	15:45:00	1.26526	1.26550	1.26460	1.26523	2102	0	1
2024.01.17	15:50:00	1.26523	1.26581	1.26503	1.26549	1865	0	1
2024.01.17	15:55:00	1.26548	1.26550	1.26476	1.26507	1875	0	1
2024.01.17	16:00:00	1.26507	1.26526	1.26479	1.26514	1954	0	1
2024.01.17	16:05:00	1.26514	1.26515	1.26462	1.26478	1351	0	1
2024.01.17	16:10:00	1.26478	1.26520	1.26450	1.26516	1124	0	1
2024.01.17	16:15:00	1.26516	1.26549	1.26473	1.26497	1877	0	1
2024.01.17	16:20:00	1.26498	1.26531	1.26465	1.26473	1456	0	1
2024.01.17	16:25:00	1.26467	1.26536	1.26466	1.26490	1206	0	1
2024.01.17	16:30:00	1.26489	1.26523	1.26421	1.26436	2338	0	1
2024.01.17	16:35:00	1.26436	1.26492	1.26389	1.26492	1772	0	1
2024.01.17	16:40:00	1.26492	1.26506	1.26448	1.26485	1862	0	1
2024.01.17	16:45:00	1.26485	1.26496	1.26443	1.26496	1058	0	1
2024.01.17	16:50:00	1.26496	1.26499	1.26435	1.26439	1504	0	1
2024.01.17	16:55:00	1.26438	1.26447	1.26411	1.26419	1141	0	1
2024.01.17	17:00:00	1.26418	1.26547	1.26382	1.26534	1738	0	1
2024.01.17	17:05:00	1.26534	1.26666	1.26500	1.26604	2227	0	1
2024.01.17	17:10:00	1.26604	1.26668	1.26596	1.26632	1974	0	1
2024.01.17	17:15:00	1.26632	1.26643	1.26547	1.26548	2042	0	1
2024.01.17	17:20:00	1.26548	1.26579	1.26521	1.26567	1541	0	1
2024.01.17	17:25:00	1.26567	1.26601	1.26535	1.26568	1531	0	1
2024.01.17	17:30:00	1.26567	1.26587	1.26507	1.26514	1508	0	1
2024.01.17	17:35:00	1.26514	1.26590	1.26486	1.26587	1783	0	1
2024.01.17	17:40:00	1.26587	1.26655	1.26516	1.26524	1686	0	1
2024.01.17	17:45:00	1.26524	1.26641	1.26518	1.26572	2226	0	1
2024.01.17	17:50:00	1.26571	1.26584	1.26504	1.26523	1771	0	1
2024.01.17	17:55:00	1.26524	1.26586	1.26521	1.26573	1607	0	1
2024.01.17	18:00:00	1.26573	1.26652	1.26556	1.26651	1883	0	1
2024.01.17	18:05:00	1.26651	1.26709	1.26636	1.26700	1625	0	1
2024.01.17	18:10:00	1.26700	1.26716	1.26648	1.26670	1367	0	1
2024.01.17	18:15:00	1.26670	1.26719	1.26644	1.26707	1122	0	1
2024.01.17	18:20:00	1.26708	1.26725	1.26652	1.26670	1196	0	1
2024.01.17	18:25:00	1.26669	1.26705	1.26647	1.26657	1334	0	1
2024.01.17	18:30:00	1.26657	1.26672	1.26575	1.26597	1233	0	1
2024.01.17	18:35:00	1.26597	1.26695	1.26576	1.26689	1989	0	1
2024.01.17	18:40:00	1.26689	1.26714	1.26662	1.26694	1558	0	1
2024.01.17	18:45:00	1.26694	1.26704	1.26654	1.26678	1444	0	1
2024.01.17	18:50:00	1.26678	1.26698	1.26666	1.26666	920	0	1
2024.01.17	18:55:00	1.26666	1.26678	1.26640	1.26647	892	0	1
2024.01.17	19:00:00	1.26646	1.26718	1.26627	1.26705	1091	0	3
2024.01.17	19:05:00	1.26705	1.26718	1.26679	1.26692	658	0	3
2024.01.17	19:10:00	1.26692	1.26738	1.26674	1.26728	841	0	3
2024.01.17	19:15:00	1.26727	1.26748	1.26723	1.26736	747	0	3
2024.01.17	19:20:00	1.26736	1.26746	1.26686	1.26695	1002	0	3
2024.01.17	19:25:00	1.26698	1.26698	1.26666	1.26674	779	0	3
2024.01.17	19:30:00	1.26675	1.26684	1.26638	1.26679	992	0	3
2024.01.17	19:35:00	1.26679	1.26741	1.26657	1.26724	1154	0	3
2024.01.17	19:40:00	1.26724	1.26759	1.26712	1.26736	806	0	3
2024.01.17	19:45:00	1.26737	1.26790	1.26724	1.26785	739	0	3
2024.01.17	19:50:00	1.26785	1.26824	1.26778	1.26799	930	0	3
2024.01.17	19:55:00	1.26799	1.26824	1.26769	1.26783	968	0	3
2024.01.17	20:00:00	1.26784	1.26787	1.26729	1.26750	1607	0	3
2024.01.17	20:05:00	1.26750	1.26759	1.26692	1.26706	1324	0	3
2024.01.17	20:10:00	1.26706	1.26740	1.26685	1.26703	1156	0	3
2024.01.17	20:15:00	1.26703	1.26704	1.26636	1.26643	1152	0	3
2024.01.17	20:20:00	1.26643	1.26650	1.26623	1.26647	810	0	3
2024.01.17	20:25:00	1.26647	1.26669	1.26627	1.26666	687	0	3
2024.01.17	20:30:00	1.26666	1.26691	1.26643	1.26654	873	0	3
2024.01.17	20:35:00	1.26654	1.26687	1.26649	1.26657	695	0	3
2024.01.17	20:40:00	1.26657	1.26706	1.26638	1.26698	644	0	3
2024.01.17	20:45:00	1.26698	1.26717	1.26676	1.26679	849	0	3
2024.01.17	20:50:00	1.26680	1.26725	1.26667	1.26723	869	0	3
2024.01.17	20:55:00	1.26722	1.26775	1.26717	1.26745	799	0	3
2024.01.17	21:00:00	1.26745	1.26797	1.26742	1.26786	1189	0	3
2024.01.17	21:05:00	1.26786	1.26796	1.26774	1.26794	592	0	3
2024.01.17	21:10:00	1.26794	1.26796	1.26774	1.26779	502	0	3
2024.01.17	21:15:00	1.26778	1.26793	1.26773	1.26787	487	0	3
2024.01.17	21:20:00	1.26787	1.26802	1.26775	1.26793	463	0	3
2024.01.17	21:25:00	1.26792	1.26797	1.26748	1.26753	638	0	3
2024.01.17	21:30:00	1.26753	1.26785	1.26752	1.26777	537	0	3
2024.01.17	21:35:00	1.26777	1.26800	1.26777	1.26796	354	0	3
2024.01.17	21:40:00	1.26796	1.26856	1.26794	1.26829	860	0	3
2024.01.17	21:45:00	1.26829	1.26857	1.26807	1.26818	600	0	3
2024.01.17	21:50:00	1.26818	1.26844	1.26803	1.26806	529	0	3
2024.01.17	21:55:00	1.26807	1.26818	1.26775	1.26779	754	0	3
2024.01.17	22:00:00	1.26780	1.26791	1.26765	1.26776	559	0	3
2024.01.17	22:05:00	1.26777	1.26800	1.26773	1.26777	394	0	3
2024.01.17	22:10:00	1.26777	1.26780	1.26756	1.26764	654	0	3
2024.01.17	22:15:00	1.26765	1.26796	1.26762	1.26777	487	0	3
2024.01.17	22:20:00	1.26777	1.26785	1.26754	1.26764	592	0	3
2024.01.17	22:25:00	1.26765	1.26777	1.26754	1.26773	508	0	3
2024.01.17	22:30:00	1.26773	1.26806	1.26769	1.26796	534	0	3
2024.01.17	22:35:00	1.26796	1.26851	1.26796	1.26845	472	0	3
2024.01.17	22:40:00	1.26845	1.26850	1.26834	1.26843	358	0	3
2024.01.17	22:45:00	1.26843	1.26846	1.26824	1.26827	356	0	3
2024.01.17	22:50:00	1.26827	1.26849	1.26824	1.26845	678	0	3
2024.01.17	22:55:00	1.26846	1.26867	1.26839	1.26846	662	0	3
2024.01.17	23:00:00	1.26839	1.26842	1.26833	1.26838	214	0	17
2024.01.17	23:05:00	1.26836	1.26841	1.26807	1.26809	216	0	10
2024.01.17	23:10:00	1.26809	1.26811	1.26782	1.26809	290	0	17
2024.01.17	23:15:00	1.26808	1.26808	1.26788	1.26789	105	0	12
2024.01.17	23:20:00	1.26789	1.26801	1.26788	1.26800	70	0	12
2024.01.17	23:25:00	1.26801	1.26801	1.26773	1.26775	263	0	0
2024.01.17	23:30:00	1.26776	1.26780	1.26759	1.26776	222	0	14
2024.01.17	23:35:00	1.26777	1.26783	1.26770	1.26780	86	0	11
2024.01.17	23:40:00	1.26780	1.26784	1.26773	1.26780	99	0	10
2024.01.17	23:45:00	1.26780	1.26780	1.26762	1.26778	127	0	10
2024.01.17	23:50:00	1.26777	1.26783	1.26774	1.26780	154	0	17
2024.01.17	23:55:00	1.26788	1.26798	1.26724	1.26759	228	0	14
2024.01.18	00:00:00	1.26755	1.26761	1.26602	1.26725	21	0	20
2024.01.18	00:05:00	1.26725	1.26763	1.26725	1.26763	10	0	28
2024.01.18	00:10:00	1.26763	1.26763	1.26723	1.26725	30	0	28
2024.01.18	00:15:00	1.26740	1.26749	1.26727	1.26729	268	0	56
2024.01.18	00:20:00	1.26730	1.26750	1.26718	1.26745	178	0	52
2024.01.18	00:25:00	1.26745	1.26778	1.26739	1.26740	508	0	12
2024.01.18	00:30:00	1.26740	1.26770	1.26732	1.26753	276	0	19
2024.01.18	00:35:00	1.26752	1.26759	1.26740	1.26752	312	0	32
2024.01.18	00:40:00	1.26751	1.26760	1.26745	1.26757	455	0	29
2024.01.18	00:45:00	1.26756	1.26770	1.26735	1.26745	1341	0	10
2024.01.18	00:50:00	1.26745	1.26755	1.26734	1.26740	995	0	37
2024.01.18	00:55:00	1.26740	1.26751	1.26711	1.26728	2152	0	36
2024.01.18	01:00:00	1.26743	1.26774	1.26743	1.26759	426	0	5
2024.01.18	01:05:00	1.26758	1.26775	1.26758	1.26768	114	0	5
2024.01.18	01:10:00	1.26770	1.26771	1.26758	1.26766	68	0	5
2024.01.18	01:15:00	1.26767	1.26788	1.26767	1.26787	147	0	5
2024.01.18	01:20:00	1.26787	1.26792	1.26785	1.26788	184	0	5
2024.01.18	01:25:00	1.26788	1.26790	1.26782	1.26783	95	0	5
2024.01.18	01:30:00	1.26783	1.26786	1.26776	1.26780	159	0	5
2024.01.18	01:35:00	1.26780	1.26784	1.26776	1.26778	77	0	5
2024.01.18	01:40:00	1.26778	1.26779	1.26763	1.26769	78	0	5
2024.01.18	01:45:00	1.26769	1.26778	1.26752	1.26754	139	0	5
2024.01.18	01:50:00	1.26754	1.26761	1.26751	1.26752	113	0	5
2024.01.18	01:55:00	1.26752	1.26770	1.26740	1.26770	216	0	5
2024.01.18	02:00:00	1.26770	1.26789	1.26761	1.26774	420	0	5
2024.01.18	02:05:00	1.26774	1.26779	1.26751	1.26768	328	0	5
2024.01.18	02:10:00	1.26768	1.26787	1.26754	1.26755	228	0	5
2024.01.18	02:15:00	1.26755	1.26771	1.26744	1.26756	283	0	5
2024.01.18	02:20:00	1.26756	1.26759	1.26744	1.26744	157	0	5
2024.01.18	02:25:00	1.26745	1.26748	1.26731	1.26738	210	0	5
2024.01.18	02:30:00	1.26738	1.26756	1.26708	1.26748	925	0	5
2024.01.18	02:35:00	1.26748	1.26756	1.26737	1.26752	438	0	5
2024.01.18	02:40:00	1.26752	1.26770	1.26746	1.26759	513	0	5
2024.01.18	02:45:00	1.26759	1.26802	1.26756	1.26786	604	0	5
2024.01.18	02:50:00	1.26785	1.26788	1.26750	1.26756	854	0	5
2024.01.18	02:55:00	1.26755	1.26818	1.26737	1.26817	643	0	5
2024.01.18	03:00:00	1.26817	1.26841	1.26805	1.26827	1046	0	5
2024.01.18	03:05:00	1.26828	1.26887	1.26828	1.26875	1014	0	5
2024.01.18	03:10:00	1.26875	1.26916	1.26870	1.26897	869	0	5
2024.01.18	03:15:00	1.26896	1.26913	1.26874	1.26901	877	0	5
2024.01.18	03:20:00	1.26899	1.26907	1.26878	1.26889	697	0	5
2024.01.18	03:25:00	1.26889	1.26898	1.26879	1.26890	664	0	5
2024.01.18	03:30:00	1.26890	1.26898	1.26873	1.26875	689	0	5
2024.01.18	03:35:00	1.26875	1.26907	1.26865	1.26873	633	0	5
2024.01.18	03:40:00	1.26873	1.26876	1.26844	1.26846	383	0	5
2024.01.18	03:45:00	1.26846	1.26863	1.26843	1.26855	301	0	5
2024.01.18	03:50:00	1.26855	1.26895	1.26846	1.26895	556	0	5
2024.01.18	03:55:00	1.26895	1.26914	1.26884	1.26890	677	0	5
2024.01.18	04:00:00	1.26889	1.26911	1.26882	1.26911	740	0	5
2024.01.18	04:05:00	1.26911	1.26928	1.26898	1.26906	652	0	5
2024.01.18	04:10:00	1.26906	1.26927	1.26898	1.26925	480	0	5
2024.01.18	04:15:00	1.26925	1.26956	1.26916	1.26919	486	0	5
2024.01.18	04:20:00	1.26919	1.26928	1.26892	1.26898	460	0	5
2024.01.18	04:25:00	1.26898	1.26899	1.26874	1.26891	539	0	5
2024.01.18	04:30:00	1.26892	1.26897	1.26876	1.26892	419	0	5
2024.01.18	04:35:00	1.26891	1.26896	1.26870	1.26882	431	0	5
2024.01.18	04:40:00	1.26882	1.26886	1.26871	1.26879	338	0	5
2024.01.18	04:45:00	1.26879	1.26880	1.26849	1.26874	370	0	5
2024.01.18	04:50:00	1.26874	1.26891	1.26872	1.26889	253	0	5
2024.01.18	04:55:00	1.26889	1.26892	1.26846	1.26863	410	0	5
2024.01.18	05:00:00	1.26864	1.26874	1.26850	1.26850	473	0	5
2024.01.18	05:05:00	1.26850	1.26855	1.26812	1.26816	633	0	5
2024.01.18	05:10:00	1.26816	1.26835	1.26816	1.26825	628	0	5
2024.01.18	05:15:00	1.26824	1.26876	1.26822	1.26873	723	0	5
2024.01.18	05:20:00	1.26873	1.26905	1.26872	1.26886	653	0	5
2024.01.18	05:25:00	1.26886	1.26889	1.26863	1.26870	477	0	5
2024.01.18	05:30:00	1.26870	1.26871	1.26858	1.26859	438	0	5
2024.01.18	05:35:00	1.26859	1.26880	1.26833	1.26868	591	0	5
2024.01.18	05:40:00	1.26868	1.26877	1.26860	1.26867	392	0	5
2024.01.18	05:45:00	1.26867	1.26877	1.26860	1.26867	359	0	5
2024.01.18	05:50:00	1.26867	1.26868	1.26826	1.26835	410	0	5
2024.01.18	05:55:00	1.26835	1.26839	1.26820	1.26820	460	0	5
2024.01.18	06:00:00	1.26820	1.26822	1.26804	1.26815	268	0	5
2024.01.18	06:05:00	1.26815	1.26830	1.26808	1.26827	184	0	5
2024.01.18	06:10:00	1.26827	1.26830	1.26805	1.26807	255	0	5
2024.01.18	06:15:00	1.26807	1.26817	1.26793	1.26814	353	0	5
2024.01.18	06:20:00	1.26815	1.26818	1.26795	1.26816	350	0	5
2024.01.18	06:25:00	1.26816	1.26825	1.26804	1.26821	285	0	5
2024.01.18	06:30:00	1.26821	1.26823	1.26799	1.26808	317	0	5
2024.01.18	06:35:00	1.26808	1.26823	1.26801	1.26823	226	0	5
2024.01.18	06:40:00	1.26823	1.26830	1.26806	1.26810	282	0	5
2024.01.18	06:45:00	1.26810	1.26814	1.26793	1.26811	422	0	5
2024.01.18	06:50:00	1.26812	1.26838	1.26809	1.26829	355	0	5
2024.01.18	06:55:00	1.26829	1.26838	1.26817	1.26825	342	0	5
2024.01.18	07:00:00	1.26826	1.26844	1.26818	1.26818	447	0	5
2024.01.18	07:05:00	1.26818	1.26826	1.26804	1.26806	483	0	5
2024.01.18	07:10:00	1.26806	1.26810	1.26788	1.26793	237	0	5
2024.01.18	07:15:00	1.26793	1.26824	1.26789	1.26813	264	0	5
2024.01.18	07:20:00	1.26812	1.26828	1.26802	1.26811	341	0	5
2024.01.18	07:25:00	1.26811	1.26812	1.26797	1.26807	330	0	5
2024.01.18	07:30:00	1.26807	1.26807	1.26774	1.26793	545	0	5
2024.01.18	07:35:00	1.26793	1.26832	1.26791	1.26829	414	0	5
2024.01.18	07:40:00	1.26828	1.26851	1.26827	1.26837	459	0	5
2024.01.18	07:45:00	1.26837	1.26842	1.26812	1.26829	479	0	5
2024.01.18	07:50:00	1.26829	1.26847	1.26819	1.26838	515	0	5
2024.01.18	07:55:00	1.26839	1.26881	1.26825	1.26869	570	0	5
2024.01.18	08:00:00	1.26869	1.26908	1.26865	1.26900	843	0	5
2024.01.18	08:05:00	1.26899	1.26943	1.26890	1.26936	827	0	5
2024.01.18	08:10:00	1.26936	1.26962	1.26910	1.26914	860	0	5
2024.01.18	08:15:00	1.26914	1.26953	1.26906	1.26940	631	0	5
2024.01.18	08:20:00	1.26940	1.26979	1.26929	1.26962	781	0	5
2024.01.18	08:25:00	1.26961	1.26979	1.26955	1.26967	848	0	5
2024.01.18	08:30:00	1.26969	1.26981	1.26942	1.26978	606	0	2
2024.01.18	08:35:00	1.26978	1.26996	1.26952	1.26957	496	0	2
2024.01.18	08:40:00	1.26959	1.26968	1.26943	1.26953	503	0	2
2024.01.18	08:45:00	1.26953	1.26980	1.26947	1.26970	831	0	2
2024.01.18	08:50:00	1.26970	1.27040	1.26959	1.27040	808	0	2
2024.01.18	08:55:00	1.27040	1.27041	1.26979	1.26979	645	0	2
2024.01.18	09:00:00	1.26979	1.26981	1.26919	1.26969	1226	0	2
2024.01.18	09:05:00	1.26969	1.26993	1.26944	1.26971	679	0	2
2024.01.18	09:10:00	1.26970	1.26993	1.26938	1.26947	742	0	2
2024.01.18	09:15:00	1.26948	1.26992	1.26942	1.26958	658	0	2
2024.01.18	09:20:00	1.26958	1.26959	1.26915	1.26937	821	0	2
2024.01.18	09:25:00	1.26937	1.26941	1.26874	1.26889	953	0	2
2024.01.18	09:30:00	1.26889	1.26893	1.26853	1.26881	835	0	1
2024.01.18	09:35:00	1.26881	1.26893	1.26864	1.26878	771	0	1
2024.01.18	09:40:00	1.26877	1.26943	1.26858	1.26940	887	0	1
2024.01.18	09:45:00	1.26940	1.26997	1.26933	1.26980	1015	0	1
2024.01.18	09:50:00	1.26980	1.26994	1.26960	1.26967	628	0	1
2024.01.18	09:55:00	1.26967	1.26986	1.26938	1.26979	690	0	1
2024.01.18	10:00:00	1.26980	1.26984	1.26924	1.26932	1510	0	1
2024.01.18	10:05:00	1.26932	1.26948	1.26878	1.26882	1355	0	1
2024.01.18	10:10:00	1.26882	1.26895	1.26833	1.26854	1614	0	1
2024.01.18	10:15:00	1.26854	1.26928	1.26834	1.26913	1112	0	1
2024.01.18	10:20:00	1.26912	1.26963	1.26906	1.26946	899	0	1
2024.01.18	10:25:00	1.26945	1.26951	1.26920	1.26940	848	0	1
2024.01.18	10:30:00	1.26940	1.26943	1.26878	1.26886	1010	0	1
2024.01.18	10:35:00	1.26885	1.26917	1.26852	1.26874	1051	0	1
2024.01.18	10:40:00	1.26873	1.26957	1.26863	1.26953	845	0	1
2024.01.18	10:45:00	1.26953	1.26985	1.26937	1.26940	942	0	1
2024.01.18	10:50:00	1.26941	1.26951	1.26917	1.26928	710	0	1
2024.01.18	10:55:00	1.26928	1.26932	1.26871	1.26883	840	0	1
2024.01.18	11:00:00	1.26885	1.26885	1.26841	1.26862	1081	0	1
2024.01.18	11:05:00	1.26862	1.26879	1.26853	1.26866	810	0	1
2024.01.18	11:10:00	1.26866	1.26871	1.26802	1.26836	1693	0	1
2024.01.18	11:15:00	1.26836	1.26853	1.26800	1.26833	947	0	1
2024.01.18	11:20:00	1.26833	1.26843	1.26809	1.26831	1038	0	1
2024.01.18	11:25:00	1.26831	1.26919	1.26826	1.26892	1020	0	1
2024.01.18	11:30:00	1.26890	1.26958	1.26888	1.26940	1427	0	1
2024.01.18	11:35:00	1.26940	1.26959	1.26920	1.26939	989	0	1
2024.01.18	11:40:00	1.26939	1.26964	1.26921	1.26939	916	0	1
2024.01.18	11:45:00	1.26939	1.26972	1.26921	1.26940	916	0	1
2024.01.18	11:50:00	1.26940	1.26945	1.26811	1.26820	1126	0	1
2024.01.18	11:55:00	1.26820	1.26834	1.26735	1.26742	1366	0	1
2024.01.18	12:00:00	1.26742	1.26824	1.26725	1.26821	1623	0	1
2024.01.18	12:05:00	1.26821	1.26844	1.26773	1.26839	1204	0	1
2024.01.18	12:10:00	1.26836	1.26870	1.26819	1.26838	986	0	1
2024.01.18	12:15:00	1.26838	1.26842	1.26797	1.26806	635	0	1
2024.01.18	12:20:00	1.26805	1.26844	1.26780	1.26792	1083	0	1
2024.01.18	12:25:00	1.26792	1.26856	1.26789	1.26850	829	0	1
2024.01.18	12:30:00	1.26850	1.26871	1.26793	1.26799	996	0	1
2024.01.18	12:35:00	1.26799	1.26821	1.26772	1.26776	801	0	1
2024.01.18	12:40:00	1.26776	1.26822	1.26747	1.26810	757	0	1
2024.01.18	12:45:00	1.26809	1.26841	1.26803	1.26838	833	0	1
2024.01.18	12:50:00	1.26838	1.26906	1.26837	1.26890	966	0	1
2024.01.18	12:55:00	1.26890	1.26931	1.26870	1.26915	1055	0	1
2024.01.18	13:00:00	1.26919	1.26922	1.26873	1.26899	664	0	1
2024.01.18	13:05:00	1.26899	1.26902	1.26860	1.26888	615	0	1
2024.01.18	13:10:00	1.26888	1.26911	1.26878	1.26891	684	0	1
2024.01.18	13:15:00	1.26891	1.26897	1.26865	1.26895	629	0	1
2024.01.18	13:20:00	1.26895	1.26903	1.26875	1.26901	455	0	1
2024.01.18	13:25:00	1.26901	1.26952	1.26892	1.26940	812	0	1
2024.01.18	13:30:00	1.26939	1.26959	1.26914	1.26922	867	0	1
2024.01.18	13:35:00	1.26922	1.26932	1.26892	1.26900	616	0	1
2024.01.18	13:40:00	1.26900	1.26904	1.26840	1.26876	807	0	1
2024.01.18	13:45:00	1.26876	1.26884	1.26856	1.26868	378	0	1
2024.01.18	13:50:00	1.26872	1.26904	1.26833	1.26851	531	0	1
2024.01.18	13:55:00	1.26847	1.26850	1.26824	1.26850	756	0	1
2024.01.18	14:00:00	1.26850	1.26873	1.26828	1.26870	733	0	1
2024.01.18	14:05:00	1.26867	1.26902	1.26854	1.26883	839	0	1
2024.01.18	14:10:00	1.26883	1.26914	1.26866	1.26878	802	0	1
2024.01.18	14:15:00	1.26878	1.26899	1.26865	1.26888	634	0	1
2024.01.18	14:20:00	1.26888	1.26890	1.26855	1.26860	595	0	1
2024.01.18	14:25:00	1.26861	1.26869	1.26813	1.26821	666	0	1
2024.01.18	14:30:00	1.26821	1.26823	1.26741	1.26771	932	0	1
2024.01.18	14:35:00	1.26770	1.26797	1.26741	1.26780	1087	0	1
2024.01.18	14:40:00	1.26781	1.26830	1.26773	1.26792	958	0	1
2024.01.18	14:45:00	1.26792	1.26806	1.26735	1.26757	734	0	1
2024.01.18	14:50:00	1.26757	1.26824	1.26754	1.26801	1300	0	1
2024.01.18	14:55:00	1.26800	1.26831	1.26774	1.26806	1238	0	1
2024.01.18	15:00:00	1.26806	1.26819	1.26764	1.26791	1241	0	1
2024.01.18	15:05:00	1.26792	1.26829	1.26779	1.26783	961	0	1
2024.01.18	15:10:00	1.26783	1.26794	1.26758	1.26783	1044	0	1
2024.01.18	15:15:00	1.26783	1.26810	1.26754	1.26809	1252	0	1
2024.01.18	15:20:00	1.26807	1.26823	1.26776	1.26798	1307	0	1
2024.01.18	15:25:00	1.26795	1.26805	1.26771	1.26786	1223	0	1
2024.01.18	15:30:00	1.26803	1.26847	1.26597	1.26810	4067	0	1
2024.01.18	15:35:00	1.26811	1.26862	1.26617	1.26624	3375	0	1
2024.01.18	15:40:00	1.26624	1.26637	1.26514	1.26548	2593	0	1
2024.01.18	15:45:00	1.26547	1.26591	1.26529	1.26590	2207	0	1
2024.01.18	15:50:00	1.26590	1.26669	1.26564	1.26643	2674	0	1
2024.01.18	15:55:00	1.26643	1.26658	1.26503	1.26525	2805	0	1
2024.01.18	16:00:00	1.26525	1.26561	1.26480	1.26531	2061	0	1
2024.01.18	16:05:00	1.26531	1.26649	1.26524	1.26636	2088	0	1
2024.01.18	16:10:00	1.26637	1.26748	1.26622	1.26700	2247	0	1
2024.01.18	16:15:00	1.26700	1.26705	1.26560	1.26582	1705	0	1
2024.01.18	16:20:00	1.26582	1.26659	1.26563	1.26633	1448	0	1
2024.01.18	16:25:00	1.26633	1.26672	1.26583	1.26656	1829	0	1
2024.01.18	16:30:00	1.26656	1.26722	1.26634	1.26656	2823	0	1
2024.01.18	16:35:00	1.26656	1.26672	1.26566	1.26595	2571	0	1
2024.01.18	16:40:00	1.26595	1.26650	1.26545	1.26547	2576	0	1
2024.01.18	16:45:00	1.26548	1.26607	1.26538	1.26578	2680	0	1
2024.01.18	16:50:00	1.26578	1.26697	1.26554	1.26673	2239	0	1
2024.01.18	16:55:00	1.26672	1.26727	1.26645	1.26718	2213	0	1
2024.01.18	17:00:00	1.26719	1.26760	1.26673	1.26698	2422	0	1
2024.01.18	17:05:00	1.26699	1.26796	1.26674	1.26746	2054	0	1
2024.01.18	17:10:00	1.26746	1.26811	1.26725	1.26787	1837	0	1
2024.01.18	17:15:00	1.26788	1.26850	1.26765	1.26795	1913	0	1
2024.01.18	17:20:00	1.26794	1.26803	1.26719	1.26747	1650	0	1
2024.01.18	17:25:00	1.26747	1.26829	1.26746	1.26826	2075	0	1
2024.01.18	17:30:00	1.26826	1.26863	1.26800	1.26859	2247	0	1
2024.01.18	17:35:00	1.26859	1.26895	1.26849	1.26868	1817	0	1
2024.01.18	17:40:00	1.26871	1.26874	1.26819	1.26858	1723	0	1
2024.01.18	17:45:00	1.26859	1.26863	1.26761	1.26781	1875	0	1
2024.01.18	17:50:00	1.26781	1.26816	1.26697	1.26709	1988	0	1
2024.01.18	17:55:00	1.26711	1.26736	1.26659	1.26731	2178	0	1
2024.01.18	18:00:00	1.26731	1.26781	1.26700	1.26755	1962	0	1
2024.01.18	18:05:00	1.26755	1.26815	1.26743	1.26784	1122	0	1
2024.01.18	18:10:00	1.26782	1.26813	1.26768	1.26805	1252	0	1
2024.01.18	18:15:00	1.26806	1.26847	1.26793	1.26810	1267	0	1
2024.01.18	18:20:00	1.26810	1.26865	1.26801	1.26844	1217	0	1
2024.01.18	18:25:00	1.26844	1.26883	1.26828	1.26880	1084	0	1
2024.01.18	18:30:00	1.26880	1.26912	1.26866	1.26882	1462	0	1
2024.01.18	18:35:00	1.26883	1.26921	1.26868	1.26870	1175	0	1
2024.01.18	18:40:00	1.26870	1.26893	1.26838	1.26851	1237	0	1
2024.01.18	18:45:00	1.26852	1.26894	1.26810	1.26816	1351	0	1
2024.01.18	18:50:00	1.26815	1.26870	1.26815	1.26852	963	0	1
2024.01.18	18:55:00	1.26853	1.26861	1.26827	1.26860	841	0	1
2024.01.18	19:00:00	1.26859	1.26865	1.26790	1.26793	1423	0	3
2024.01.18	19:05:00	1.26793	1.26829	1.26747	1.26754	1389	0	3
2024.01.18	19:10:00	1.26755	1.26782	1.26729	1.26777	1276	0	3
2024.01.18	19:15:00	1.26777	1.26822	1.26773	1.26801	1083	0	3
2024.01.18	19:20:00	1.26801	1.26836	1.26791	1.26836	976	0	3
2024.01.18	19:25:00	1.26833	1.26871	1.26833	1.26856	996	0	3
2024.01.18	19:30:00	1.26856	1.26862	1.26791	1.26802	1225	0	3
2024.01.18	19:35:00	1.26802	1.26842	1.26787	1.26837	860	0	3
2024.01.18	19:40:00	1.26837	1.26864	1.26826	1.26864	1238	0	3
2024.01.18	19:45:00	1.26863	1.26873	1.26845	1.26849	671	0	3
2024.01.18	19:50:00	1.26849	1.26854	1.26808	1.26829	590	0	3
2024.01.18	19:55:00	1.26829	1.26835	1.26806	1.26810	465	0	3
2024.01.18	20:00:00	1.26810	1.26816	1.26768	1.26807	873	0	3
2024.01.18	20:05:00	1.26807	1.26822	1.26769	1.26790	1146	0	3
2024.01.18	20:10:00	1.26790	1.26810	1.26780	1.26797	763	0	3
2024.01.18	20:15:00	1.26797	1.26822	1.26782	1.26800	906	0	3
2024.01.18	20:20:00	1.26800	1.26850	1.26785	1.26830	876	0	3
2024.01.18	20:25:00	1.26830	1.26857	1.26817	1.26836	900	0	3
2024.01.18	20:30:00	1.26836	1.26851	1.26820	1.26850	830	0	3
2024.01.18	20:35:00	1.26850	1.26902	1.26847	1.26884	715	0	3
2024.01.18	20:40:00	1.26884	1.26942	1.26881	1.26922	994	0	3
2024.01.18	20:45:00	1.26922	1.26962	1.26911	1.26956	838	0	3
2024.01.18	20:50:00	1.26957	1.26989	1.26954	1.26981	780	0	3
2024.01.18	20:55:00	1.26982	1.26991	1.26957	1.26960	663	0	3
2024.01.18	21:00:00	1.26960	1.26974	1.26941	1.26968	759	0	3
2024.01.18	21:05:00	1.26967	1.26972	1.26937	1.26950	755	0	3
2024.01.18	21:10:00	1.26954	1.26963	1.26941	1.26941	485	0	3
2024.01.18	21:15:00	1.26941	1.26959	1.26913	1.26930	607	0	3
2024.01.18	21:20:00	1.26930	1.26962	1.26893	1.26947	901	0	3
2024.01.18	21:25:00	1.26947	1.26988	1.26929	1.26981	787	0	3
2024.01.18	21:30:00	1.26981	1.27017	1.26975	1.26977	840	0	3
2024.01.18	21:35:00	1.26977	1.26994	1.26947	1.26963	717	0	3
2024.01.18	21:40:00	1.26963	1.26977	1.26921	1.26922	596	0	3
2024.01.18	21:45:00	1.26922	1.26925	1.26877	1.26897	796	0	3
2024.01.18	21:50:00	1.26897	1.26900	1.26875	1.26878	584	0	3
2024.01.18	21:55:00	1.26879	1.26901	1.26855	1.26861	929	0	3
2024.01.18	22:00:00	1.26862	1.26872	1.26844	1.26868	490	0	3
2024.01.18	22:05:00	1.26868	1.26916	1.26860	1.26907	490	0	3
2024.01.18	22:10:00	1.26907	1.26912	1.26884	1.26897	524	0	3
2024.01.18	22:15:00	1.26897	1.26919	1.26893	1.26907	471	0	3
2024.01.18	22:20:00	1.26907	1.26928	1.26893	1.26920	580	0	3
2024.01.18	22:25:00	1.26920	1.26945	1.26916	1.26940	530	0	3
2024.01.18	22:30:00	1.26940	1.26946	1.26917	1.26930	562	0	3
2024.01.18	22:35:00	1.26931	1.26950	1.26919	1.26920	655	0	3
2024.01.18	22:40:00	1.26919	1.26936	1.26914	1.26922	778	0	3
2024.01.18	22:45:00	1.26921	1.26939	1.26908	1.26930	549	0	3
2024.01.18	22:50:00	1.26930	1.26983	1.26926	1.26964	858	0	3
2024.01.18	22:55:00	1.26963	1.26996	1.26942	1.26982	887	0	3
2024.01.18	23:00:00	1.26981	1.26989	1.26970	1.26980	373	0	17
2024.01.18	23:05:00	1.26981	1.26990	1.26978	1.26984	127	0	10
2024.01.18	23:10:00	1.26982	1.27021	1.26982	1.27017	211	0	17
2024.01.18	23:15:00	1.27016	1.27051	1.27008	1.27013	404	0	11
2024.01.18	23:20:00	1.27013	1.27056	1.27011	1.27043	122	0	6
2024.01.18	23:25:00	1.27043	1.27063	1.27041	1.27061	168	0	9
2024.01.18	23:30:00	1.27060	1.27068	1.27058	1.27067	156	0	10
2024.01.18	23:35:00	1.27068	1.27077	1.27058	1.27067	144	0	10
2024.01.18	23:40:00	1.27062	1.27071	1.27059	1.27062	43	0	3
2024.01.18	23:45:00	1.27061	1.27066	1.27051	1.27051	178	0	9
2024.01.18	23:50:00	1.27052	1.27064	1.27050	1.27058	128	0	14
2024.01.18	23:55:00	1.27063	1.27068	1.27049	1.27051	91	0	5
2024.01.19	00:00:00	1.27056	1.27060	1.26959	1.27039	25	0	12
2024.01.19	00:05:00	1.27065	1.27065	1.27024	1.27031	45	0	11
2024.01.19	00:10:00	1.27029	1.27044	1.27023	1.27026	24	0	20
2024.01.19	00:15:00	1.27049	1.27056	1.27038	1.27043	117	0	10
2024.01.19	00:20:00	1.27043	1.27054	1.27029	1.27043	62	0	10
2024.01.19	00:25:00	1.27055	1.27062	1.27042	1.27044	99	0	9
2024.01.19	00:30:00	1.27046	1.27052	1.27040	1.27044	144	0	21
2024.01.19	00:35:00	1.27044	1.27056	1.27041	1.27052	115	0	30
2024.01.19	00:40:00	1.27052	1.27057	1.27042	1.27046	295	0	26
2024.01.19	00:45:00	1.27046	1.27051	1.27042	1.27051	189	0	32
2024.01.19	00:50:00	1.27048	1.27063	1.27041	1.27062	312	0	10
2024.01.19	00:55:00	1.27060	1.27064	1.27029	1.27047	334	0	5
2024.01.19	01:00:00	1.27049	1.27090	1.27043	1.27073	271	0	5
2024.01.19	01:05:00	1.27073	1.27079	1.27067	1.27073	105	0	5
2024.01.19	01:10:00	1.27073	1.27084	1.27067	1.27078	176	0	5
2024.01.19	01:15:00	1.27076	1.27082	1.27070	1.27075	390	0	5
2024.01.19	01:20:00	1.27076	1.27084	1.27076	1.27078	173	0	5
2024.01.19	01:25:00	1.27078	1.27090	1.27068	1.27071	383	0	5
2024.01.19	01:30:00	1.27073	1.27074	1.27041	1.27048	247	0	5
2024.01.19	01:35:00	1.27048	1.27056	1.27044	1.27054	180	0	5
2024.01.19	01:40:00	1.27055	1.27061	1.27043	1.27058	99	0	0
2024.01.19	01:45:00	1.27058	1.27060	1.27043	1.27046	152	0	5
2024.01.19	01:50:00	1.27046	1.27081	1.27046	1.27080	201	0	5
2024.01.19	01:55:00	1.27080	1.27121	1.27076	1.27113	411	0	5
2024.01.19	02:00:00	1.27111	1.27114	1.27083	1.27101	452	0	5
2024.01.19	02:05:00	1.27102	1.27109	1.27091	1.27092	248	0	5
2024.01.19	02:10:00	1.27093	1.27094	1.27069	1.27085	336	0	5
2024.01.19	02:15:00	1.27085	1.27108	1.27084	1.27102	396	0	5
2024.01.19	02:20:00	1.27103	1.27117	1.27091	1.27099	441	0	5
2024.01.19	02:25:00	1.27099	1.27121	1.27097	1.27110	278	0	5
2024.01.19	02:30:00	1.27110	1.27121	1.27078	1.27087	408	0	5
2024.01.19	02:35:00	1.27087	1.27091	1.27066	1.27080	493	0	5
2024.01.19	02:40:00	1.27080	1.27084	1.27059	1.27067	398	0	5
2024.01.19	02:45:00	1.27067	1.27079	1.27059	1.27069	327	0	5
2024.01.19	02:50:00	1.27069	1.27092	1.27061	1.27090	356	0	5
2024.01.19	02:55:00	1.27090	1.27110	1.27078	1.27084	469	0	5
2024.01.19	03:00:00	1.27084	1.27098	1.27077	1.27081	433	0	5
2024.01.19	03:05:00	1.27081	1.27081	1.27024	1.27030	553	0	5
2024.01.19	03:10:00	1.27030	1.27072	1.27027	1.27060	468	0	5
2024.01.19	03:15:00	1.27060	1.27071	1.27027	1.27037	667	0	5
2024.01.19	03:20:00	1.27037	1.27041	1.27019	1.27041	832	0	5
2024.01.19	03:25:00	1.27041	1.27042	1.26997	1.27025	696	0	5
2024.01.19	03:30:00	1.27025	1.27051	1.27010	1.27047	496	0	5
2024.01.19	03:35:00	1.27047	1.27056	1.27035	1.27050	344	0	5
2024.01.19	03:40:00	1.27050	1.27076	1.27044	1.27062	405	0	5
2024.01.19	03:45:00	1.27062	1.27069	1.27038	1.27039	407	0	5
2024.01.19	03:50:00	1.27039	1.27075	1.27034	1.27070	360	0	5
2024.01.19	03:55:00	1.27070	1.27072	1.27057	1.27071	406	0	5
2024.01.19	04:00:00	1.27070	1.27073	1.27040	1.27049	679	0	5
2024.01.19	04:05:00	1.27049	1.27050	1.27027	1.27042	557	0	5
2024.01.19	04:10:00	1.27042	1.27050	1.27028	1.27040	349	0	5
2024.01.19	04:15:00	1.27040	1.27041	1.27014	1.27021	444	0	5
2024.01.19	04:20:00	1.27020	1.27063	1.27020	1.27055	362	0	5
2024.01.19	04:25:00	1.27055	1.27066	1.27047	1.27066	635	0	5
2024.01.19	04:30:00	1.27066	1.27077	1.27059	1.27071	446	0	5
2024.01.19	04:35:00	1.27071	1.27095	1.27066	1.27091	510	0	5
2024.01.19	04:40:00	1.27092	1.27122	1.27081	1.27107	639	0	5
2024.01.19	04:45:00	1.27108	1.27143	1.27101	1.27141	545	0	5
2024.01.19	04:50:00	1.27141	1.27144	1.27123	1.27132	377	0	5
2024.01.19	04:55:00	1.27132	1.27133	1.27107	1.27109	534	0	5
2024.01.19	05:00:00	1.27109	1.27122	1.27098	1.27112	372	0	5
2024.01.19	05:05:00	1.27112	1.27131	1.27102	1.27127	355	0	5
2024.01.19	05:10:00	1.27127	1.27141	1.27117	1.27122	340	0	5
2024.01.19	05:15:00	1.27122	1.27147	1.27117	1.27142	279	0	5
2024.01.19	05:20:00	1.27142	1.27144	1.27106	1.27118	376	0	5
2024.01.19	05:25:00	1.27118	1.27125	1.27109	1.27118	343	0	5
2024.01.19	05:30:00	1.27118	1.27128	1.27074	1.27105	636	0	5
2024.01.19	05:35:00	1.27105	1.27121	1.27103	1.27115	257	0	5
2024.01.19	05:40:00	1.27115	1.27118	1.27094	1.27108	333	0	5
2024.01.19	05:45:00	1.27108	1.27120	1.27104	1.27114	281	0	5
2024.01.19	05:50:00	1.27114	1.27137	1.27114	1.27134	238	0	5
2024.01.19	05:55:00	1.27134	1.27138	1.27125	1.27126	247	0	5
2024.01.19	06:00:00	1.27126	1.27131	1.27101	1.27110	201	0	5
2024.01.19	06:05:00	1.27111	1.27125	1.27111	1.27118	106	0	5
2024.01.19	06:10:00	1.27118	1.27120	1.27098	1.27101	209	0	5
2024.01.19	06:15:00	1.27101	1.27109	1.27096	1.27098	151	0	5
2024.01.19	06:20:00	1.27098	1.27103	1.27098	1.27099	81	0	5
2024.01.19	06:25:00	1.27099	1.27107	1.27087	1.27103	186	0	5
2024.01.19	06:30:00	1.27103	1.27106	1.27091	1.27093	199	0	5
2024.01.19	06:35:00	1.27093	1.27096	1.27085	1.27087	121	0	5
2024.01.19	06:40:00	1.27087	1.27107	1.27086	1.27099	146	0	5
2024.01.19	06:45:00	1.27099	1.27103	1.27079	1.27086	212	0	5
2024.01.19	06:50:00	1.27086	1.27093	1.27067	1.27070	324	0	5
2024.01.19	06:55:00	1.27070	1.27072	1.27064	1.27067	165	0	5
2024.01.19	07:00:00	1.27068	1.27076	1.27058	1.27066	452	0	5
2024.01.19	07:05:00	1.27066	1.27069	1.27038	1.27059	399	0	5
2024.01.19	07:10:00	1.27059	1.27062	1.27056	1.27058	278	0	5
2024.01.19	07:15:00	1.27058	1.27060	1.27038	1.27040	338	0	5
2024.01.19	07:20:00	1.27038	1.27047	1.27025	1.27038	324	0	5
2024.01.19	07:25:00	1.27038	1.27057	1.27026	1.27049	294	0	5
2024.01.19	07:30:00	1.27049	1.27061	1.27020	1.27022	483	0	5
2024.01.19	07:35:00	1.27022	1.27038	1.27015	1.27027	576	0	5
2024.01.19	07:40:00	1.27027	1.27029	1.26983	1.27014	570	0	5
2024.01.19	07:45:00	1.27013	1.27014	1.27005	1.27011	603	0	5
2024.01.19	07:50:00	1.27011	1.27012	1.26966	1.26971	598	0	5
2024.01.19	07:55:00	1.26971	1.26994	1.26959	1.26988	967	0	5
2024.01.19	08:00:00	1.26988	1.27001	1.26957	1.26970	1008	0	5
2024.01.19	08:05:00	1.26970	1.26994	1.26962	1.26979	940	0	5
2024.01.19	08:10:00	1.26978	1.26996	1.26962	1.26991	921	0	5
2024.01.19	08:15:00	1.26997	1.27010	1.26990	1.26993	857	0	5
2024.01.19	08:20:00	1.26992	1.26996	1.26963	1.26969	695	0	5
2024.01.19	08:25:00	1.26968	1.26969	1.26917	1.26945	1046	0	5
2024.01.19	08:30:00	1.26946	1.26952	1.26905	1.26938	1009	0	2
2024.01.19	08:35:00	1.26938	1.26962	1.26927	1.26943	605	0	2
2024.01.19	08:40:00	1.26942	1.26962	1.26925	1.26951	704	0	2
2024.01.19	08:45:00	1.26951	1.26978	1.26947	1.26972	737	0	2
2024.01.19	08:50:00	1.26971	1.27003	1.26954	1.26973	944	0	2
2024.01.19	08:55:00	1.26972	1.26973	1.26942	1.26973	832	0	2
2024.01.19	09:00:00	1.26974	1.26977	1.26712	1.26860	3087	0	2
2024.01.19	09:05:00	1.26858	1.26859	1.26783	1.26799	1318	0	2
2024.01.19	09:10:00	1.26798	1.26808	1.26760	1.26781	953	0	2
2024.01.19	09:15:00	1.26783	1.26860	1.26775	1.26828	996	0	2
2024.01.19	09:20:00	1.26828	1.26883	1.26815	1.26858	972	0	2
2024.01.19	09:25:00	1.26858	1.26883	1.26852	1.26861	625	0	2
2024.01.19	09:30:00	1.26861	1.26870	1.26830	1.26833	1330	0	1
2024.01.19	09:35:00	1.26833	1.26873	1.26813	1.26843	1131	0	1
2024.01.19	09:40:00	1.26843	1.26911	1.26826	1.26903	1080	0	1
2024.01.19	09:45:00	1.26903	1.26929	1.26893	1.26901	844	0	1
2024.01.19	09:50:00	1.26900	1.26905	1.26878	1.26878	894	0	1
2024.01.19	09:55:00	1.26878	1.26881	1.26827	1.26861	1115	0	1
2024.01.19	10:00:00	1.26862	1.26862	1.26784	1.26823	1632	0	1
2024.01.19	10:05:00	1.26823	1.26848	1.26786	1.26790	1126	0	1
2024.01.19	10:10:00	1.26790	1.26819	1.26776	1.26812	884	0	1
2024.01.19	10:15:00	1.26812	1.26813	1.26729	1.26734	927	0	1
2024.01.19	10:20:00	1.26734	1.26784	1.26715	1.26781	1147	0	1
2024.01.19	10:25:00	1.26781	1.26804	1.26742	1.26744	775	0	1
2024.01.19	10:30:00	1.26744	1.26745	1.26655	1.26685	1417	0	1
2024.01.19	10:35:00	1.26687	1.26730	1.26675	1.26682	1038	0	1
2024.01.19	10:40:00	1.26683	1.26700	1.26664	1.26696	1001	0	1
2024.01.19	10:45:00	1.26696	1.26760	1.26687	1.26756	1120	0	1
2024.01.19	10:50:00	1.26757	1.26786	1.26717	1.26775	940	0	1
2024.01.19	10:55:00	1.26775	1.26843	1.26768	1.26799	957	0	1
2024.01.19	11:00:00	1.26799	1.26812	1.26768	1.26786	1111	0	1
2024.01.19	11:05:00	1.26786	1.26830	1.26775	1.26822	979	0	1
2024.01.19	11:10:00	1.26822	1.26861	1.26790	1.26860	1128	0	1
2024.01.19	11:15:00	1.26860	1.26874	1.26832	1.26842	967	0	1
2024.01.19	11:20:00	1.26842	1.26874	1.26837	1.26867	887	0	1
2024.01.19	11:25:00	1.26867	1.26884	1.26844	1.26851	1023	0	1
2024.01.19	11:30:00	1.26851	1.26864	1.26824	1.26832	1194	0	1
2024.01.19	11:35:00	1.26833	1.26851	1.26814	1.26830	1041	0	1
2024.01.19	11:40:00	1.26830	1.26830	1.26723	1.26730	1303	0	1
2024.01.19	11:45:00	1.26730	1.26785	1.26725	1.26771	860	0	1
2024.01.19	11:50:00	1.26771	1.26810	1.26768	1.26801	952	0	1
2024.01.19	11:55:00	1.26801	1.26846	1.26793	1.26838	1056	0	1
2024.01.19	12:00:00	1.26838	1.26866	1.26832	1.26860	959	0	1
2024.01.19	12:05:00	1.26860	1.26879	1.26837	1.26839	841	0	1
2024.01.19	12:10:00	1.26838	1.26859	1.26776	1.26780	1056	0	1
2024.01.19	12:15:00	1.26780	1.26808	1.26776	1.26802	1062	0	1
2024.01.19	12:20:00	1.26802	1.26806	1.26743	1.26752	994	0	1
2024.01.19	12:25:00	1.26753	1.26770	1.26699	1.26760	1195	0	1
2024.01.19	12:30:00	1.26762	1.26785	1.26718	1.26785	956	0	1
2024.01.19	12:35:00	1.26785	1.26817	1.26770	1.26801	799	0	1
2024.01.19	12:40:00	1.26801	1.26813	1.26769	1.26784	750	0	1
2024.01.19	12:45:00	1.26784	1.26805	1.26775	1.26802	679	0	1
2024.01.19	12:50:00	1.26802	1.26819	1.26782	1.26812	674	0	1
2024.01.19	12:55:00	1.26812	1.26838	1.26797	1.26808	1004	0	1
2024.01.19	13:00:00	1.26809	1.26817	1.26779	1.26796	648	0	1
2024.01.19	13:05:00	1.26796	1.26853	1.26792	1.26853	524	0	1
2024.01.19	13:10:00	1.26853	1.26911	1.26844	1.26887	1016	0	1
2024.01.19	13:15:00	1.26887	1.26902	1.26847	1.26865	896	0	1
2024.01.19	13:20:00	1.26865	1.26870	1.26826	1.26830	837	0	1
2024.01.19	13:25:00	1.26828	1.26855	1.26828	1.26847	629	0	1
2024.01.19	13:30:00	1.26847	1.26868	1.26837	1.26844	869	0	1
2024.01.19	13:35:00	1.26844	1.26848	1.26802	1.26828	772	0	1
2024.01.19	13:40:00	1.26828	1.26849	1.26809	1.26837	650	0	1
2024.01.19	13:45:00	1.26837	1.26838	1.26795	1.26799	686	0	1
2024.01.19	13:50:00	1.26797	1.26840	1.26792	1.26814	639	0	1
2024.01.19	13:55:00	1.26814	1.26823	1.26794	1.26811	705	0	1
2024.01.19	14:00:00	1.26811	1.26823	1.26778	1.26794	704	0	1
2024.01.19	14:05:00	1.26794	1.26812	1.26774	1.26799	648	0	1
2024.01.19	14:10:00	1.26799	1.26815	1.26781	1.26790	713	0	1
2024.01.19	14:15:00	1.26791	1.26830	1.26767	1.26821	707	0	1
2024.01.19	14:20:00	1.26821	1.26839	1.26809	1.26820	554	0	1
2024.01.19	14:25:00	1.26820	1.26843	1.26809	1.26812	713	0	1
2024.01.19	14:30:00	1.26812	1.26838	1.26806	1.26822	776	0	1
2024.01.19	14:35:00	1.26822	1.26832	1.26798	1.26814	646	0	1
2024.01.19	14:40:00	1.26813	1.26815	1.26789	1.26798	804	0	1
2024.01.19	14:45:00	1.26798	1.26801	1.26757	1.26772	850	0	1
2024.01.19	14:50:00	1.26772	1.26810	1.26771	1.26779	934	0	1
2024.01.19	14:55:00	1.26779	1.26801	1.26760	1.26789	762	0	1
2024.01.19	15:00:00	1.26790	1.26828	1.26768	1.26779	1126	0	1
2024.01.19	15:05:00	1.26779	1.26861	1.26745	1.26838	1152	0	1
2024.01.19	15:10:00	1.26839	1.26844	1.26808	1.26824	826	0	1
2024.01.19	15:15:00	1.26824	1.26867	1.26813	1.26853	873	0	1
2024.01.19	15:20:00	1.26851	1.26862	1.26807	1.26815	1214	0	1
2024.01.19	15:25:00	1.26814	1.26835	1.26791	1.26816	935	0	1
2024.01.19	15:30:00	1.26812	1.26868	1.26771	1.26787	1482	0	1
2024.01.19	15:35:00	1.26787	1.26811	1.26761	1.26771	1386	0	1
2024.01.19	15:40:00	1.26771	1.26772	1.26710	1.26735	1287	0	1
2024.01.19	15:45:00	1.26734	1.26792	1.26732	1.26744	1547	0	1
2024.01.19	15:50:00	1.26744	1.26788	1.26733	1.26761	1649	0	1
2024.01.19	15:55:00	1.26761	1.26764	1.26732	1.26745	1213	0	1
2024.01.19	16:00:00	1.26745	1.26759	1.26702	1.26752	1164	0	1
2024.01.19	16:05:00	1.26752	1.26778	1.26715	1.26728	1042	0	1
2024.01.19	16:10:00	1.26728	1.26746	1.26703	1.26737	1197	0	1
2024.01.19	16:15:00	1.26737	1.26747	1.26702	1.26711	1065	0	1
2024.01.19	16:20:00	1.26711	1.26748	1.26680	1.26743	1255	0	1
2024.01.19	16:25:00	1.26742	1.26745	1.26702	1.26702	1154	0	1
2024.01.19	16:30:00	1.26701	1.26743	1.26668	1.26700	2028	0	1
2024.01.19	16:35:00	1.26700	1.26712	1.26637	1.26644	1866	0	1
2024.01.19	16:40:00	1.26644	1.26656	1.26612	1.26636	1617	0	1
2024.01.19	16:45:00	1.26636	1.26683	1.26629	1.26662	1157	0	1
2024.01.19	16:50:00	1.26662	1.26708	1.26658	1.26690	1313	0	1
2024.01.19	16:55:00	1.26690	1.26742	1.26670	1.26742	1118	0	1
2024.01.19	17:00:00	1.26749	1.26855	1.26705	1.26781	3783	0	1
2024.01.19	17:05:00	1.26781	1.26793	1.26664	1.26695	3084	0	1
2024.01.19	17:10:00	1.26694	1.26714	1.26611	1.26647	2347	0	1
2024.01.19	17:15:00	1.26648	1.26693	1.26640	1.26679	2053	0	1
2024.01.19	17:20:00	1.26679	1.26707	1.26615	1.26658	2305	0	1
2024.01.19	17:25:00	1.26657	1.26716	1.26642	1.26708	1522	0	1
2024.01.19	17:30:00	1.26708	1.26715	1.26640	1.26688	1797	0	1
2024.01.19	17:35:00	1.26688	1.26738	1.26654	1.26701	1507	0	1
2024.01.19	17:40:00	1.26701	1.26786	1.26668	1.26779	1654	0	1
2024.01.19	17:45:00	1.26779	1.26786	1.26703	1.26703	1541	0	1
2024.01.19	17:50:00	1.26703	1.26772	1.26703	1.26761	1750	0	1
2024.01.19	17:55:00	1.26763	1.26809	1.26753	1.26799	2073	0	1
2024.01.19	18:00:00	1.26798	1.26823	1.26759	1.26789	1572	0	1
2024.01.19	18:05:00	1.26789	1.26809	1.26779	1.26784	936	0	1
2024.01.19	18:10:00	1.26783	1.26805	1.26728	1.26735	1383	0	1
2024.01.19	18:15:00	1.26735	1.26763	1.26723	1.26732	1308	0	1
2024.01.19	18:20:00	1.26732	1.26742	1.26683	1.26684	1187	0	1
2024.01.19	18:25:00	1.26684	1.26711	1.26668	1.26701	1149	0	1
2024.01.19	18:30:00	1.26702	1.26732	1.26673	1.26715	942	0	1
2024.01.19	18:35:00	1.26715	1.26750	1.26690	1.26715	1036	0	1
2024.01.19	18:40:00	1.26715	1.26733	1.26667	1.26674	917	0	1
2024.01.19	18:45:00	1.26673	1.26687	1.26654	1.26685	747	0	1
2024.01.19	18:50:00	1.26685	1.26735	1.26685	1.26696	773	0	1
2024.01.19	18:55:00	1.26696	1.26765	1.26690	1.26749	724	0	1
2024.01.19	19:00:00	1.26750	1.26756	1.26703	1.26703	901	0	3
2024.01.19	19:05:00	1.26704	1.26720	1.26691	1.26692	749	0	3
2024.01.19	19:10:00	1.26692	1.26715	1.26677	1.26715	745	0	3
2024.01.19	19:15:00	1.26715	1.26740	1.26703	1.26712	811	0	3
2024.01.19	19:20:00	1.26712	1.26742	1.26701	1.26733	665	0	3
2024.01.19	19:25:00	1.26735	1.26796	1.26730	1.26794	756	0	3
2024.01.19	19:30:00	1.26794	1.26849	1.26789	1.26836	1175	0	3
2024.01.19	19:35:00	1.26836	1.26863	1.26809	1.26831	846	0	3
2024.01.19	19:40:00	1.26831	1.26841	1.26799	1.26836	946	0	3
2024.01.19	19:45:00	1.26835	1.26838	1.26805	1.26809	668	0	3
2024.01.19	19:50:00	1.26810	1.26853	1.26809	1.26847	571	0	3
2024.01.19	19:55:00	1.26848	1.26884	1.26844	1.26879	815	0	3
2024.01.19	20:00:00	1.26878	1.26884	1.26831	1.26845	790	0	3
2024.01.19	20:05:00	1.26849	1.26876	1.26839	1.26870	624	0	3
2024.01.19	20:10:00	1.26870	1.26926	1.26860	1.26902	821	0	3
2024.01.19	20:15:00	1.26902	1.26923	1.26902	1.26912	566	0	3
2024.01.19	20:20:00	1.26912	1.26958	1.26905	1.26940	574	0	3
2024.01.19	20:25:00	1.26940	1.26944	1.26902	1.26918	503	0	3
2024.01.19	20:30:00	1.26919	1.26942	1.26902	1.26913	411	0	3
2024.01.19	20:35:00	1.26914	1.26914	1.26876	1.26891	492	0	3
2024.01.19	20:40:00	1.26891	1.26900	1.26877	1.26890	560	0	3
2024.01.19	20:45:00	1.26890	1.26900	1.26859	1.26861	429	0	3
2024.01.19	20:50:00	1.26861	1.26871	1.26851	1.26862	362	0	3
2024.01.19	20:55:00	1.26863	1.26880	1.26820	1.26878	556	0	3
2024.01.19	21:00:00	1.26878	1.26934	1.26878	1.26926	786	0	3
2024.01.19	21:05:00	1.26926	1.26945	1.26915	1.26935	593	0	3
2024.01.19	21:10:00	1.26935	1.26944	1.26921	1.26928	464	0	3
2024.01.19	21:15:00	1.26927	1.26929	1.26888	1.26891	679	0	3
2024.01.19	21:20:00	1.26891	1.26893	1.26872	1.26888	446	0	3
2024.01.19	21:25:00	1.26888	1.26933	1.26883	1.26907	678	0	3
2024.01.19	21:30:00	1.26907	1.26924	1.26896	1.26919	664	0	3
2024.01.19	21:35:00	1.26919	1.26949	1.26905	1.26942	427	0	3
2024.01.19	21:40:00	1.26943	1.26967	1.26943	1.26959	569	0	3
2024.01.19	21:45:00	1.26959	1.26961	1.26944	1.26950	482	0	3
2024.01.19	21:50:00	1.26950	1.26959	1.26927	1.26957	510	0	3
2024.01.19	21:55:00	1.26957	1.26992	1.26957	1.26967	892	0	3
2024.01.19	22:00:00	1.26967	1.26991	1.26965	1.26981	729	0	3
2024.01.19	22:05:00	1.26981	1.26989	1.26960	1.26967	495	0	3
2024.01.19	22:10:00	1.26967	1.26981	1.26956	1.26968	500	0	3
2024.01.19	22:15:00	1.26968	1.26986	1.26966	1.26977	539	0	3
2024.01.19	22:20:00	1.26977	1.26979	1.26950	1.26957	445	0	3
2024.01.19	22:25:00	1.26957	1.26974	1.26950	1.26956	502	0	3
2024.01.19	22:30:00	1.26956	1.26967	1.26944	1.26965	435	0	3
2024.01.19	22:35:00	1.26965	1.26968	1.26951	1.26953	495	0	3
2024.01.19	22:40:00	1.26954	1.26979	1.26952	1.26965	482	0	3
2024.01.19	22:45:00	1.26965	1.26996	1.26964	1.26994	369	0	3
2024.01.19	22:50:00	1.26995	1.27002	1.26990	1.26996	322	0	3
2024.01.19	22:55:00	1.26995	1.27025	1.26995	1.27013	767	0	3
2024.01.19	23:00:00	1.27012	1.27019	1.26999	1.27013	460	0	17
2024.01.19	23:05:00	1.27013	1.27036	1.27012	1.27032	257	0	17
2024.01.19	23:10:00	1.27030	1.27034	1.27025	1.27032	192	0	13
2024.01.19	23:15:00	1.27031	1.27034	1.27009	1.27016	207	0	17
2024.01.19	23:20:00	1.27017	1.27021	1.27010	1.27020	354	0	17
2024.01.19	23:25:00	1.27020	1.27024	1.27005	1.27009	217	0	14
2024.01.19	23:30:00	1.27010	1.27022	1.27008	1.27020	42	0	13
2024.01.19	23:35:00	1.27020	1.27022	1.27016	1.27019	53	0	13
2024.01.19	23:40:00	1.27020	1.27046	1.27019	1.27041	307	0	9
2024.01.19	23:45:00	1.27036	1.27038	1.27009	1.27011	145	0	16
2024.01.19	23:50:00	1.27010	1.27026	1.27007	1.27016	197	0	17
2024.01.19	23:55:00	1.27014	1.27035	1.26965	1.27032	76	0	8
2024.01.22	00:00:00	1.26807	1.26807	1.26776	1.26777	10	0	200
2024.01.22	00:05:00	1.26777	1.26950	1.26776	1.26783	37	0	60
2024.01.22	00:10:00	1.26785	1.26901	1.26781	1.26810	33	0	60
2024.01.22	00:15:00	1.26874	1.26951	1.26873	1.26885	114	0	87
2024.01.22	00:20:00	1.26886	1.26936	1.26870	1.26928	114	0	125
2024.01.22	00:25:00	1.26935	1.26935	1.26877	1.26913	191	0	108
2024.01.22	00:30:00	1.26911	1.26974	1.26908	1.26968	152	0	68
2024.01.22	00:35:00	1.26968	1.26977	1.26943	1.26952	1411	0	63
2024.01.22	00:40:00	1.26950	1.26960	1.26925	1.26940	834	0	122
2024.01.22	00:45:00	1.26940	1.26943	1.26916	1.26926	231	0	129
2024.01.22	00:50:00	1.26930	1.26953	1.26905	1.26915	347	0	84
2024.01.22	00:55:00	1.26915	1.26980	1.26900	1.26980	163	0	26
2024.01.22	01:00:00	1.26981	1.27084	1.26972	1.27078	784	0	5
2024.01.22	01:05:00	1.27078	1.27082	1.27049	1.27049	490	0	5
2024.01.22	01:10:00	1.27049	1.27050	1.27012	1.27019	277	0	5
2024.01.22	01:15:00	1.27020	1.27040	1.27016	1.27038	315	0	5
2024.01.22	01:20:00	1.27038	1.27041	1.26996	1.27011	357	0	5
2024.01.22	01:25:00	1.27012	1.27017	1.26985	1.26993	494	0	5
2024.01.22	01:30:00	1.26993	1.26996	1.26973	1.26986	321	0	5
2024.01.22	01:35:00	1.26986	1.27002	1.26984	1.26997	214	0	5
2024.01.22	01:40:00	1.26997	1.27008	1.26972	1.26979	268	0	5
2024.01.22	01:45:00	1.26981	1.26988	1.26976	1.26982	308	0	5
2024.01.22	01:50:00	1.26983	1.26991	1.26977	1.26988	306	0	5
2024.01.22	01:55:00	1.26988	1.26993	1.26970	1.26991	314	0	5
2024.01.22	02:00:00	1.26991	1.27016	1.26987	1.27015	686	0	5
2024.01.22	02:05:00	1.27016	1.27031	1.27010	1.27028	498	0	5
2024.01.22	02:10:00	1.27028	1.27030	1.27003	1.27013	502	0	5
2024.01.22	02:15:00	1.27013	1.27023	1.27007	1.27011	312	0	5
2024.01.22	02:20:00	1.27011	1.27018	1.26991	1.26992	398	0	5
2024.01.22	02:25:00	1.26992	1.26998	1.26961	1.26978	455	0	5
2024.01.22	02:30:00	1.26978	1.27003	1.26978	1.27002	343	0	5
2024.01.22	02:35:00	1.27002	1.27023	1.26998	1.27021	464	0	5
2024.01.22	02:40:00	1.27021	1.27058	1.27021	1.27051	583	0	5
2024.01.22	02:45:00	1.27051	1.27066	1.27040	1.27059	545	0	5
2024.01.22	02:50:00	1.27060	1.27086	1.27051	1.27071	582	0	5
2024.01.22	02:55:00	1.27071	1.27096	1.27071	1.27087	668	0	5
2024.01.22	03:00:00	1.27087	1.27113	1.27078	1.27107	872	0	5
2024.01.22	03:05:00	1.27107	1.27123	1.27098	1.27122	773	0	5
2024.01.22	03:10:00	1.27120	1.27130	1.27082	1.27095	796	0	5
2024.01.22	03:15:00	1.27095	1.27096	1.27066	1.27082	645	0	5
2024.01.22	03:20:00	1.27082	1.27082	1.27036	1.27040	520	0	5
2024.01.22	03:25:00	1.27040	1.27058	1.27026	1.27055	549	0	5
2024.01.22	03:30:00	1.27054	1.27076	1.27045	1.27067	756	0	5
2024.01.22	03:35:00	1.27067	1.27081	1.27057	1.27067	753	0	5
2024.01.22	03:40:00	1.27067	1.27079	1.27046	1.27077	699	0	5
2024.01.22	03:45:00	1.27077	1.27100	1.27072	1.27091	739	0	5
2024.01.22	03:50:00	1.27091	1.27094	1.27066	1.27069	616	0	5
2024.01.22	03:55:00	1.27069	1.27089	1.27057	1.27087	640	0	5
2024.01.22	04:00:00	1.27087	1.27097	1.27068	1.27073	563	0	5
2024.01.22	04:05:00	1.27073	1.27111	1.27070	1.27100	511	0	5
2024.01.22	04:10:00	1.27099	1.27117	1.27076	1.27116	682	0	5
2024.01.22	04:15:00	1.27117	1.27174	1.27111	1.27169	574	0	5
2024.01.22	04:20:00	1.27169	1.27169	1.27152	1.27163	734	0	5
2024.01.22	04:25:00	1.27163	1.27167	1.27144	1.27153	414	0	5
2024.01.22	04:30:00	1.27153	1.27156	1.27120	1.27139	752	0	5
2024.01.22	04:35:00	1.27139	1.27144	1.27130	1.27141	373	0	5
2024.01.22	04:40:00	1.27141	1.27169	1.27135	1.27156	577	0	5
2024.01.22	04:45:00	1.27156	1.27173	1.27148	1.27168	408	0	5
2024.01.22	04:50:00	1.27168	1.27177	1.27156	1.27169	462	0	5
2024.01.22	04:55:00	1.27169	1.27182	1.27162	1.27172	654	0	5
2024.01.22	05:00:00	1.27172	1.27175	1.27148	1.27158	519	0	5
2024.01.22	05:05:00	1.27158	1.27169	1.27148	1.27157	443	0	5
2024.01.22	05:10:00	1.27157	1.27159	1.27129	1.27140	337	0	5
2024.01.22	05:15:00	1.27141	1.27150	1.27136	1.27149	503	0	5
2024.01.22	05:20:00	1.27149	1.27151	1.27117	1.27129	350	0	5
2024.01.22	05:25:00	1.27129	1.27136	1.27122	1.27127	331	0	5
2024.01.22	05:30:00	1.27127	1.27151	1.27121	1.27141	272	0	5
2024.01.22	05:35:00	1.27141	1.27151	1.27135	1.27148	315	0	5
2024.01.22	05:40:00	1.27149	1.27149	1.27105	1.27119	603	0	5
2024.01.22	05:45:00	1.27120	1.27129	1.27120	1.27127	287	0	5
2024.01.22	05:50:00	1.27127	1.27129	1.27108	1.27119	226	0	5
2024.01.22	05:55:00	1.27119	1.27129	1.27119	1.27128	245	0	5
2024.01.22	06:00:00	1.27128	1.27133	1.27117	1.27119	230	0	5
2024.01.22	06:05:00	1.27119	1.27150	1.27119	1.27139	244	0	5
2024.01.22	06:10:00	1.27139	1.27157	1.27138	1.27153	265	0	5
2024.01.22	06:15:00	1.27153	1.27156	1.27129	1.27135	175	0	5
2024.01.22	06:20:00	1.27135	1.27153	1.27130	1.27150	155	0	5
2024.01.22	06:25:00	1.27150	1.27160	1.27148	1.27150	98	0	5
2024.01.22	06:30:00	1.27150	1.27151	1.27133	1.27138	150	0	5
2024.01.22	06:35:00	1.27138	1.27142	1.27128	1.27131	131	0	5
2024.01.22	06:40:00	1.27131	1.27141	1.27128	1.27141	300	0	5
2024.01.22	06:45:00	1.27141	1.27146	1.27130	1.27139	250	0	5
2024.01.22	06:50:00	1.27139	1.27170	1.27139	1.27160	234	0	5
2024.01.22	06:55:00	1.27160	1.27170	1.27157	1.27169	183	0	5
2024.01.22	07:00:00	1.27169	1.27170	1.27138	1.27149	358	0	5
2024.01.22	07:05:00	1.27149	1.27160	1.27146	1.27158	216	0	5
2024.01.22	07:10:00	1.27158	1.27171	1.27155	1.27159	152	0	5
2024.01.22	07:15:00	1.27159	1.27165	1.27137	1.27143	462	0	5
2024.01.22	07:20:00	1.27143	1.27156	1.27140	1.27151	672	0	5
2024.01.22	07:25:00	1.27151	1.27160	1.27117	1.27137	631	0	5
2024.01.22	07:30:00	1.27138	1.27190	1.27131	1.27187	617	0	5
2024.01.22	07:35:00	1.27185	1.27191	1.27173	1.27177	574	0	5
2024.01.22	07:40:00	1.27177	1.27180	1.27166	1.27168	367	0	5
2024.01.22	07:45:00	1.27168	1.27179	1.27160	1.27166	470	0	5
2024.01.22	07:50:00	1.27166	1.27182	1.27164	1.27166	314	0	5
2024.01.22	07:55:00	1.27166	1.27191	1.27165	1.27188	410	0	5
2024.01.22	08:00:00	1.27187	1.27245	1.27185	1.27235	751	0	5
2024.01.22	08:05:00	1.27235	1.27236	1.27204	1.27226	744	0	5
2024.01.22	08:10:00	1.27226	1.27244	1.27207	1.27219	610	0	5
2024.01.22	08:15:00	1.27219	1.27229	1.27196	1.27200	442	0	5
2024.01.22	08:20:00	1.27200	1.27208	1.27154	1.27171	686	0	5
2024.01.22	08:25:00	1.27171	1.27210	1.27171	1.27199	573	0	5
2024.01.22	08:30:00	1.27201	1.27213	1.27162	1.27172	645	0	2
2024.01.22	08:35:00	1.27171	1.27175	1.27140	1.27145	533	0	2
2024.01.22	08:40:00	1.27145	1.27155	1.27130	1.27146	553	0	2
2024.01.22	08:45:00	1.27146	1.27180	1.27140	1.27162	705	0	2
2024.01.22	08:50:00	1.27162	1.27168	1.27146	1.27153	367	0	2
2024.01.22	08:55:00	1.27153	1.27154	1.27137	1.27140	526	0	2
2024.01.22	09:00:00	1.27140	1.27140	1.27067	1.27083	1086	0	2
2024.01.22	09:05:00	1.27083	1.27119	1.27082	1.27105	737	0	2
2024.01.22	09:10:00	1.27106	1.27133	1.27096	1.27121	909	0	2
2024.01.22	09:15:00	1.27121	1.27160	1.27107	1.27149	908	0	2
2024.01.22	09:20:00	1.27149	1.27162	1.27128	1.27131	654	0	2
2024.01.22	09:25:00	1.27131	1.27153	1.27121	1.27121	519	0	2
2024.01.22	09:30:00	1.27122	1.27124	1.27025	1.27032	1177	0	1
2024.01.22	09:35:00	1.27033	1.27043	1.27000	1.27003	1072	0	1
2024.01.22	09:40:00	1.27002	1.27062	1.26976	1.27040	1014	0	1
2024.01.22	09:45:00	1.27040	1.27062	1.27019	1.27030	963	0	1
2024.01.22	09:50:00	1.27031	1.27070	1.27021	1.27029	647	0	1
2024.01.22	09:55:00	1.27029	1.27060	1.27011	1.27034	802	0	1
2024.01.22	10:00:00	1.27034	1.27067	1.26983	1.26997	1198	0	1
2024.01.22	10:05:00	1.26997	1.27002	1.26950	1.26976	927	0	1
2024.01.22	10:10:00	1.26977	1.27002	1.26957	1.26982	691	0	1
2024.01.22	10:15:00	1.26981	1.27003	1.26952	1.26989	849	0	1
2024.01.22	10:20:00	1.26989	1.27050	1.26980	1.27043	984	0	1
2024.01.22	10:25:00	1.27044	1.27054	1.27018	1.27040	1006	0	1
2024.01.22	10:30:00	1.27038	1.27038	1.26963	1.26980	1367	0	1
2024.01.22	10:35:00	1.26981	1.27009	1.26956	1.26995	948	0	1
2024.01.22	10:40:00	1.26995	1.27000	1.26927	1.26929	999	0	1
2024.01.22	10:45:00	1.26929	1.26968	1.26900	1.26903	950	0	1
2024.01.22	10:50:00	1.26903	1.26903	1.26867	1.26891	1027	0	1
2024.01.22	10:55:00	1.26891	1.26947	1.26880	1.26937	876	0	1
2024.01.22	11:00:00	1.26937	1.26965	1.26914	1.26936	1083	0	1
2024.01.22	11:05:00	1.26936	1.26997	1.26932	1.26994	927	0	1
2024.01.22	11:10:00	1.26994	1.27026	1.26972	1.27019	823	0	1
2024.01.22	11:15:00	1.27019	1.27099	1.27017	1.27094	988	0	1
2024.01.22	11:20:00	1.27094	1.27115	1.27084	1.27098	706	0	1
2024.01.22	11:25:00	1.27098	1.27100	1.27056	1.27067	501	0	1
2024.01.22	11:30:00	1.27068	1.27076	1.27037	1.27047	808	0	1
2024.01.22	11:35:00	1.27047	1.27070	1.27008	1.27008	949	0	1
2024.01.22	11:40:00	1.27007	1.27022	1.26988	1.27018	648	0	1
2024.01.22	11:45:00	1.27018	1.27019	1.26999	1.27009	520	0	1
2024.01.22	11:50:00	1.27009	1.27043	1.27002	1.27039	423	0	1
2024.01.22	11:55:00	1.27041	1.27066	1.27031	1.27047	564	0	1
2024.01.22	12:00:00	1.27047	1.27047	1.27004	1.27040	591	0	1
2024.01.22	12:05:00	1.27040	1.27040	1.26996	1.27034	694	0	1
2024.01.22	12:10:00	1.27034	1.27059	1.27030	1.27054	783	0	1
2024.01.22	12:15:00	1.27054	1.27059	1.26999	1.27023	573	0	1
2024.01.22	12:20:00	1.27023	1.27053	1.27017	1.27040	488	0	1
2024.01.22	12:25:00	1.27040	1.27055	1.27018	1.27033	549	0	1
2024.01.22	12:30:00	1.27033	1.27059	1.27028	1.27052	635	0	1
2024.01.22	12:35:00	1.27052	1.27057	1.27001	1.27003	693	0	1
2024.01.22	12:40:00	1.27003	1.27047	1.26981	1.27030	744	0	1
2024.01.22	12:45:00	1.27030	1.27067	1.27024	1.27054	389	0	1
2024.01.22	12:50:00	1.27054	1.27087	1.27045	1.27073	639	0	1
2024.01.22	12:55:00	1.27075	1.27080	1.27048	1.27079	592	0	1
2024.01.22	13:00:00	1.27079	1.27080	1.27045	1.27073	484	0	1
2024.01.22	13:05:00	1.27072	1.27125	1.27072	1.27114	832	0	1
2024.01.22	13:10:00	1.27113	1.27140	1.27088	1.27134	593	0	1
2024.01.22	13:15:00	1.27133	1.27145	1.27111	1.27120	731	0	1
2024.01.22	13:20:00	1.27117	1.27131	1.27084	1.27094	566	0	1
2024.01.22	13:25:00	1.27094	1.27097	1.27056	1.27073	646	0	1
2024.01.22	13:30:00	1.27073	1.27094	1.27065	1.27089	404	0	1
2024.01.22	13:35:00	1.27089	1.27125	1.27074	1.27124	667	0	1
2024.01.22	13:40:00	1.27124	1.27131	1.27081	1.27105	622	0	1
2024.01.22	13:45:00	1.27105	1.27126	1.27099	1.27109	340	0	1
2024.01.22	13:50:00	1.27109	1.27123	1.27094	1.27120	442	0	1
2024.01.22	13:55:00	1.27120	1.27149	1.27110	1.27142	487	0	1
2024.01.22	14:00:00	1.27142	1.27180	1.27120	1.27175	738	0	1
2024.01.22	14:05:00	1.27175	1.27221	1.27175	1.27217	1079	0	1
2024.01.22	14:10:00	1.27217	1.27250	1.27208	1.27237	794	0	1
2024.01.22	14:15:00	1.27237	1.27291	1.27231	1.27271	1038	0	1
2024.01.22	14:20:00	1.27272	1.27294	1.27250	1.27280	981	0	1
2024.01.22	14:25:00	1.27278	1.27298	1.27265	1.27288	926	0	1
2024.01.22	14:30:00	1.27289	1.27310	1.27268	1.27282	1292	0	1
2024.01.22	14:35:00	1.27284	1.27285	1.27220	1.27227	983	0	1
2024.01.22	14:40:00	1.27225	1.27282	1.27225	1.27268	870	0	1
2024.01.22	14:45:00	1.27268	1.27272	1.27184	1.27195	1130	0	1
2024.01.22	14:50:00	1.27196	1.27209	1.27175	1.27189	904	0	1
2024.01.22	14:55:00	1.27189	1.27271	1.27182	1.27258	1118	0	1
2024.01.22	15:00:00	1.27258	1.27274	1.27202	1.27240	1287	0	1
2024.01.22	15:05:00	1.27240	1.27288	1.27240	1.27256	1130	0	1
2024.01.22	15:10:00	1.27256	1.27269	1.27194	1.27200	1146	0	1
2024.01.22	15:15:00	1.27201	1.27225	1.27179	1.27203	948	0	1
2024.01.22	15:20:00	1.27202	1.27280	1.27183	1.27263	1509	0	1
2024.01.22	15:25:00	1.27263	1.27269	1.27231	1.27249	961	0	1
2024.01.22	15:30:00	1.27249	1.27249	1.27167	1.27171	1176	0	1
2024.01.22	15:35:00	1.27171	1.27220	1.27167	1.27175	1173	0	1
2024.01.22	15:40:00	1.27177	1.27226	1.27175	1.27188	869	0	1
2024.01.22	15:45:00	1.27188	1.27239	1.27179	1.27212	1199	0	1
2024.01.22	15:50:00	1.27212	1.27287	1.27207	1.27287	1405	0	1
2024.01.22	15:55:00	1.27287	1.27319	1.27264	1.27267	1228	0	1
2024.01.22	16:00:00	1.27268	1.27272	1.27187	1.27195	1190	0	1
2024.01.22	16:05:00	1.27195	1.27220	1.27186	1.27199	976	0	1
2024.01.22	16:10:00	1.27199	1.27240	1.27192	1.27232	1062	0	1
2024.01.22	16:15:00	1.27232	1.27269	1.27200	1.27233	1290	0	1
2024.01.22	16:20:00	1.27233	1.27237	1.27198	1.27201	834	0	1
2024.01.22	16:25:00	1.27201	1.27205	1.27168	1.27184	865	0	1
2024.01.22	16:30:00	1.27184	1.27202	1.27161	1.27187	1912	0	1
2024.01.22	16:35:00	1.27187	1.27236	1.27183	1.27200	1707	0	1
2024.01.22	16:40:00	1.27199	1.27208	1.27097	1.27139	1713	0	1
2024.01.22	16:45:00	1.27139	1.27199	1.27129	1.27189	1585	0	1
2024.01.22	16:50:00	1.27190	1.27238	1.27186	1.27221	1285	0	1
2024.01.22	16:55:00	1.27221	1.27237	1.27207	1.27220	885	0	1
2024.01.22	17:00:00	1.27219	1.27223	1.27171	1.27201	1299	0	1
2024.01.22	17:05:00	1.27201	1.27244	1.27188	1.27240	1007	0	1
2024.01.22	17:10:00	1.27240	1.27279	1.27233	1.27268	1202	0	1
2024.01.22	17:15:00	1.27269	1.27314	1.27268	1.27281	1238	0	1
2024.01.22	17:20:00	1.27281	1.27307	1.27270	1.27292	1045	0	1
2024.01.22	17:25:00	1.27292	1.27319	1.27277	1.27298	1226	0	1
2024.01.22	17:30:00	1.27299	1.27304	1.27216	1.27231	1320	0	1
2024.01.22	17:35:00	1.27230	1.27266	1.27222	1.27261	1169	0	1
2024.01.22	17:40:00	1.27262	1.27263	1.27205	1.27211	1250	0	1
2024.01.22	17:45:00	1.27211	1.27240	1.27168	1.27230	1623	0	1
2024.01.22	17:50:00	1.27230	1.27243	1.27205	1.27210	1075	0	1
2024.01.22	17:55:00	1.27209	1.27215	1.27165	1.27203	1281	0	1
2024.01.22	18:00:00	1.27203	1.27204	1.27087	1.27115	1525	0	1
2024.01.22	18:05:00	1.27115	1.27143	1.27109	1.27113	1174	0	1
2024.01.22	18:10:00	1.27113	1.27140	1.27105	1.27131	1008	0	1
2024.01.22	18:15:00	1.27131	1.27154	1.27110	1.27151	896	0	1
2024.01.22	18:20:00	1.27150	1.27168	1.27140	1.27163	693	0	1
2024.01.22	18:25:00	1.27163	1.27188	1.27157	1.27171	672	0	1
2024.01.22	18:30:00	1.27171	1.27188	1.27158	1.27172	775	0	1
2024.01.22	18:35:00	1.27171	1.27183	1.27156	1.27171	418	0	1
2024.01.22	18:40:00	1.27171	1.27182	1.27147	1.27152	684	0	1
2024.01.22	18:45:00	1.27152	1.27173	1.27146	1.27161	684	0	1
2024.01.22	18:50:00	1.27160	1.27210	1.27158	1.27204	684	0	1
2024.01.22	18:55:00	1.27203	1.27272	1.27200	1.27259	931	0	1
2024.01.22	19:00:00	1.27258	1.27274	1.27235	1.27241	837	0	3
2024.01.22	19:05:00	1.27241	1.27260	1.27220	1.27250	902	0	3
2024.01.22	19:10:00	1.27250	1.27281	1.27240	1.27272	548	0	3
2024.01.22	19:15:00	1.27273	1.27292	1.27265	1.27284	774	0	3
2024.01.22	19:20:00	1.27284	1.27330	1.27283	1.27307	942	0	3
2024.01.22	19:25:00	1.27307	1.27312	1.27282	1.27297	780	0	3
2024.01.22	19:30:00	1.27297	1.27320	1.27296	1.27308	497	0	3
2024.01.22	19:35:00	1.27308	1.27309	1.27275	1.27296	758	0	3
2024.01.22	19:40:00	1.27296	1.27308	1.27285	1.27291	524	0	3
2024.01.22	19:45:00	1.27291	1.27304	1.27279	1.27280	468	0	3
2024.01.22	19:50:00	1.27280	1.27296	1.27259	1.27287	420	0	3
2024.01.22	19:55:00	1.27287	1.27287	1.27211	1.27213	992	0	3
2024.01.22	20:00:00	1.27213	1.27218	1.27175	1.27182	837	0	3
2024.01.22	20:05:00	1.27182	1.27201	1.27152	1.27159	786	0	3
2024.01.22	20:10:00	1.27159	1.27191	1.27157	1.27182	583	0	3
2024.01.22	20:15:00	1.27182	1.27192	1.27157	1.27160	479	0	3
2024.01.22	20:20:00	1.27160	1.27160	1.27137	1.27141	822	0	3
2024.01.22	20:25:00	1.27140	1.27147	1.27068	1.27082	977	0	3
2024.01.22	20:30:00	1.27082	1.27114	1.27059	1.27067	1203	0	3
2024.01.22	20:35:00	1.27067	1.27101	1.27062	1.27091	834	0	3
2024.01.22	20:40:00	1.27092	1.27105	1.27073	1.27079	746	0	3
2024.01.22	20:45:00	1.27079	1.27105	1.27069	1.27091	588	0	3
2024.01.22	20:50:00	1.27092	1.27126	1.27091	1.27111	513	0	3
2024.01.22	20:55:00	1.27111	1.27133	1.27101	1.27126	575	0	3
2024.01.22	21:00:00	1.27126	1.27129	1.27100	1.27110	498	0	3
2024.01.22	21:05:00	1.27109	1.27112	1.27079	1.27083	336	0	3
2024.01.22	21:10:00	1.27082	1.27083	1.27034	1.27038	680	0	3
2024.01.22	21:15:00	1.27038	1.27038	1.27006	1.27012	580	0	3
2024.01.22	21:20:00	1.27012	1.27015	1.26978	1.26995	938	0	3
2024.01.22	21:25:00	1.26995	1.27012	1.26990	1.26991	606	0	3
2024.01.22	21:30:00	1.26991	1.27025	1.26986	1.27018	521	0	3
2024.01.22	21:35:00	1.27017	1.27041	1.27009	1.27031	583	0	3
2024.01.22	21:40:00	1.27031	1.27052	1.27017	1.27028	428	0	3
2024.01.22	21:45:00	1.27027	1.27044	1.27011	1.27042	490	0	3
2024.01.22	21:50:00	1.27042	1.27052	1.27035	1.27040	561	0	3
2024.01.22	21:55:00	1.27039	1.27063	1.27033	1.27047	582	0	3
2024.01.22	22:00:00	1.27048	1.27055	1.27028	1.27033	436	0	3
2024.01.22	22:05:00	1.27033	1.27033	1.26998	1.27020	520	0	3
2024.01.22	22:10:00	1.27020	1.27034	1.27008	1.27015	465	0	3
2024.01.22	22:15:00	1.27016	1.27027	1.27003	1.27025	317	0	3
2024.01.22	22:20:00	1.27025	1.27033	1.27017	1.27020	340	0	3
2024.01.22	22:25:00	1.27020	1.27047	1.27020	1.27043	408	0	3
2024.01.22	22:30:00	1.27043	1.27065	1.27042	1.27061	443	0	3
2024.01.22	22:35:00	1.27061	1.27073	1.27054	1.27058	332	0	3
2024.01.22	22:40:00	1.27057	1.27073	1.27050	1.27060	445	0	3
2024.01.22	22:45:00	1.27060	1.27060	1.27021	1.27023	459	0	3
2024.01.22	22:50:00	1.27022	1.27051	1.27021	1.27043	445	0	3
2024.01.22	22:55:00	1.27042	1.27093	1.27040	1.27084	725	0	3
2024.01.22	23:00:00	1.27077	1.27098	1.27071	1.27087	489	0	17
2024.01.22	23:05:00	1.27086	1.27086	1.27050	1.27076	347	0	17
2024.01.22	23:10:00	1.27075	1.27084	1.27062	1.27065	203	0	17
2024.01.22	23:15:00	1.27064	1.27095	1.27061	1.27080	216	0	10
2024.01.22	23:20:00	1.27079	1.27102	1.27073	1.27084	232	0	9
2024.01.22	23:25:00	1.27084	1.27107	1.27081	1.27083	152	0	11
2024.01.22	23:30:00	1.27082	1.27084	1.27055	1.27063	102	0	14
2024.01.22	23:35:00	1.27060	1.27078	1.27060	1.27075	94	0	12
2024.01.22	23:40:00	1.27076	1.27088	1.27072	1.27082	68	0	11
2024.01.22	23:45:00	1.27080	1.27083	1.27065	1.27073	142	0	14
2024.01.22	23:50:00	1.27072	1.27077	1.27065	1.27074	124	0	15
2024.01.22	23:55:00	1.27075	1.27086	1.27066	1.27082	97	0	3
2024.01.23	00:00:00	1.27030	1.27071	1.26949	1.27022	18	0	47
2024.01.23	00:05:00	1.27022	1.27073	1.26963	1.27032	25	0	32
2024.01.23	00:10:00	1.27012	1.27086	1.27012	1.27053	26	0	50
2024.01.23	00:15:00	1.27060	1.27075	1.27048	1.27054	340	0	70
2024.01.23	00:20:00	1.27052	1.27080	1.27052	1.27067	237	0	74
2024.01.23	00:25:00	1.27070	1.27086	1.27055	1.27062	419	0	51
2024.01.23	00:30:00	1.27061	1.27083	1.27059	1.27080	418	0	37
2024.01.23	00:35:00	1.27075	1.27084	1.27061	1.27073	310	0	34
2024.01.23	00:40:00	1.27073	1.27081	1.27060	1.27076	359	0	58
2024.01.23	00:45:00	1.27076	1.27079	1.27069	1.27079	103	0	67
2024.01.23	00:50:00	1.27079	1.27086	1.27067	1.27078	174	0	42
2024.01.23	00:55:00	1.27083	1.27104	1.27065	1.27104	273	0	25
2024.01.23	01:00:00	1.27104	1.27108	1.27046	1.27051	527	0	5
2024.01.23	01:05:00	1.27051	1.27073	1.27050	1.27072	287	0	5
2024.01.23	01:10:00	1.27072	1.27083	1.27064	1.27065	187	0	5
2024.01.23	01:15:00	1.27064	1.27073	1.27046	1.27049	257	0	5
2024.01.23	01:20:00	1.27049	1.27050	1.27038	1.27047	64	0	5
2024.01.23	01:25:00	1.27047	1.27048	1.27041	1.27045	71	0	5
2024.01.23	01:30:00	1.27045	1.27050	1.27041	1.27048	155	0	5
2024.01.23	01:35:00	1.27048	1.27083	1.27048	1.27079	230	0	5
2024.01.23	01:40:00	1.27078	1.27084	1.27073	1.27076	118	0	5
2024.01.23	01:45:00	1.27076	1.27078	1.27056	1.27062	155	0	5
2024.01.23	01:50:00	1.27061	1.27061	1.27048	1.27056	128	0	5
2024.01.23	01:55:00	1.27048	1.27066	1.27048	1.27061	95	0	5
2024.01.23	02:00:00	1.27058	1.27086	1.27056	1.27084	274	0	5
2024.01.23	02:05:00	1.27084	1.27086	1.27069	1.27072	196	0	5
2024.01.23	02:10:00	1.27072	1.27094	1.27072	1.27086	285	0	5
2024.01.23	02:15:00	1.27086	1.27090	1.27080	1.27084	185	0	5
2024.01.23	02:20:00	1.27084	1.27095	1.27082	1.27094	207	0	5
2024.01.23	02:25:00	1.27094	1.27098	1.27085	1.27093	162	0	5
2024.01.23	02:30:00	1.27093	1.27107	1.27092	1.27105	247	0	5
2024.01.23	02:35:00	1.27105	1.27110	1.27092	1.27092	181	0	5
2024.01.23	02:40:00	1.27092	1.27108	1.27080	1.27103	217	0	5
2024.01.23	02:45:00	1.27103	1.27115	1.27102	1.27113	233	0	5
2024.01.23	02:50:00	1.27113	1.27150	1.27111	1.27138	480	0	5
2024.01.23	02:55:00	1.27139	1.27146	1.27130	1.27139	446	0	5
2024.01.23	03:00:00	1.27139	1.27146	1.27124	1.27131	462	0	5
2024.01.23	03:05:00	1.27131	1.27154	1.27123	1.27153	222	0	5
2024.01.23	03:10:00	1.27153	1.27153	1.27116	1.27118	247	0	5
2024.01.23	03:15:00	1.27119	1.27120	1.27103	1.27120	294	0	5
2024.01.23	03:20:00	1.27121	1.27128	1.27115	1.27115	159	0	5
2024.01.23	03:25:00	1.27115	1.27138	1.27107	1.27126	294	0	5
2024.01.23	03:30:00	1.27127	1.27127	1.27083	1.27105	521	0	5
2024.01.23	03:35:00	1.27105	1.27124	1.27101	1.27101	450	0	5
2024.01.23	03:40:00	1.27101	1.27104	1.27093	1.27097	527	0	5
2024.01.23	03:45:00	1.27096	1.27113	1.27090	1.27096	362	0	5
2024.01.23	03:50:00	1.27096	1.27104	1.27090	1.27101	592	0	5
2024.01.23	03:55:00	1.27101	1.27213	1.27100	1.27204	1288	0	5
2024.01.23	04:00:00	1.27204	1.27224	1.27168	1.27222	972	0	5
2024.01.23	04:05:00	1.27222	1.27230	1.27194	1.27205	1109	0	5
2024.01.23	04:10:00	1.27205	1.27218	1.27194	1.27217	812	0	5
2024.01.23	04:15:00	1.27217	1.27252	1.27212	1.27249	751	0	5
2024.01.23	04:20:00	1.27249	1.27256	1.27226	1.27250	839	0	5
2024.01.23	04:25:00	1.27250	1.27253	1.27231	1.27239	458	0	5
2024.01.23	04:30:00	1.27239	1.27252	1.27222	1.27242	568	0	5
2024.01.23	04:35:00	1.27242	1.27277	1.27235	1.27275	582	0	5
2024.01.23	04:40:00	1.27274	1.27277	1.27251	1.27257	537	0	5
2024.01.23	04:45:00	1.27258	1.27271	1.27242	1.27243	411	0	5
2024.01.23	04:50:00	1.27243	1.27246	1.27221	1.27225	524	0	5
2024.01.23	04:55:00	1.27225	1.27225	1.27180	1.27193	563	0	5
2024.01.23	05:00:00	1.27194	1.27213	1.27179	1.27184	545	0	5
2024.01.23	05:05:00	1.27184	1.27209	1.27166	1.27192	978	0	5
2024.01.23	05:10:00	1.27191	1.27193	1.27151	1.27162	1407	0	5
2024.01.23	05:15:00	1.27163	1.27224	1.27160	1.27194	1112	0	5
2024.01.23	05:20:00	1.27194	1.27223	1.27193	1.27222	637	0	5
2024.01.23	05:25:00	1.27222	1.27234	1.27219	1.27222	397	0	5
2024.01.23	05:30:00	1.27222	1.27239	1.27217	1.27228	399	0	5
2024.01.23	05:35:00	1.27230	1.27269	1.27228	1.27236	924	0	5
2024.01.23	05:40:00	1.27236	1.27255	1.27228	1.27237	744	0	5
2024.01.23	05:45:00	1.27237	1.27247	1.27232	1.27244	586	0	5
2024.01.23	05:50:00	1.27244	1.27262	1.27234	1.27258	828	0	5
2024.01.23	05:55:00	1.27258	1.27286	1.27242	1.27246	866	0	5
2024.01.23	06:00:00	1.27246	1.27261	1.27230	1.27256	443	0	5
2024.01.23	06:05:00	1.27256	1.27263	1.27240	1.27248	404	0	5
2024.01.23	06:10:00	1.27248	1.27266	1.27246	1.27257	274	0	5
2024.01.23	06:15:00	1.27257	1.27264	1.27252	1.27262	302	0	5
2024.01.23	06:20:00	1.27262	1.27264	1.27240	1.27249	298	0	5
2024.01.23	06:25:00	1.27249	1.27251	1.27232	1.27238	300	0	5
2024.01.23	06:30:00	1.27238	1.27251	1.27236	1.27242	224	0	5
2024.01.23	06:35:00	1.27243	1.27255	1.27238	1.27251	231	0	5
2024.01.23	06:40:00	1.27250	1.27271	1.27248	1.27262	285	0	5
2024.01.23	06:45:00	1.27262	1.27284	1.27260	1.27273	354	0	5
2024.01.23	06:50:00	1.27273	1.27294	1.27271	1.27292	274	0	5
2024.01.23	06:55:00	1.27292	1.27312	1.27278	1.27280	574	0	5
2024.01.23	07:00:00	1.27280	1.27288	1.27268	1.27282	522	0	5
2024.01.23	07:05:00	1.27282	1.27295	1.27273	1.27292	491	0	5
2024.01.23	07:10:00	1.27292	1.27292	1.27269	1.27271	345	0	5
2024.01.23	07:15:00	1.27271	1.27276	1.27259	1.27273	376	0	5
2024.01.23	07:20:00	1.27272	1.27295	1.27269	1.27287	357	0	5
2024.01.23	07:25:00	1.27287	1.27304	1.27281	1.27303	362	0	5
2024.01.23	07:30:00	1.27303	1.27338	1.27301	1.27323	719	0	5
2024.01.23	07:35:00	1.27323	1.27354	1.27319	1.27342	488	0	5
2024.01.23	07:40:00	1.27342	1.27349	1.27338	1.27345	476	0	5
2024.01.23	07:45:00	1.27346	1.27370	1.27345	1.27353	809	0	5
2024.01.23	07:50:00	1.27354	1.27359	1.27337	1.27356	444	0	5
2024.01.23	07:55:00	1.27356	1.27386	1.27356	1.27370	729	0	5
2024.01.23	08:00:00	1.27371	1.27385	1.27357	1.27382	1013	0	5
2024.01.23	08:05:00	1.27384	1.27388	1.27337	1.27361	930	0	5
2024.01.23	08:10:00	1.27361	1.27371	1.27346	1.27356	746	0	5
2024.01.23	08:15:00	1.27357	1.27369	1.27346	1.27358	464	0	5
2024.01.23	08:20:00	1.27358	1.27389	1.27358	1.27386	499	0	5
2024.01.23	08:25:00	1.27386	1.27441	1.27380	1.27437	751	0	5
2024.01.23	08:30:00	1.27439	1.27441	1.27414	1.27428	897	0	2
2024.01.23	08:35:00	1.27426	1.27438	1.27403	1.27430	973	0	2
2024.01.23	08:40:00	1.27430	1.27459	1.27419	1.27440	1288	0	2
2024.01.23	08:45:00	1.27440	1.27462	1.27436	1.27448	951	0	2
2024.01.23	08:50:00	1.27448	1.27462	1.27440	1.27454	1099	0	2
2024.01.23	08:55:00	1.27454	1.27465	1.27446	1.27457	1187	0	2
2024.01.23	09:00:00	1.27458	1.27470	1.27414	1.27463	1576	0	2
2024.01.23	09:05:00	1.27463	1.27475	1.27450	1.27458	1136	0	2
2024.01.23	09:10:00	1.27458	1.27467	1.27434	1.27458	1202	0	2
2024.01.23	09:15:00	1.27458	1.27466	1.27426	1.27430	941	0	2
2024.01.23	09:20:00	1.27430	1.27435	1.27370	1.27376	1830	0	2
2024.01.23	09:25:00	1.27376	1.27404	1.27351	1.27399	1063	0	2
2024.01.23	09:30:00	1.27399	1.27422	1.27370	1.27401	980	0	1
2024.01.23	09:35:00	1.27401	1.27402	1.27361	1.27392	883	0	1
2024.01.23	09:40:00	1.27392	1.27434	1.27372	1.27408	859	0	1
2024.01.23	09:45:00	1.27408	1.27421	1.27381	1.27398	645	0	1
2024.01.23	09:50:00	1.27398	1.27436	1.27394	1.27426	571	0	1
2024.01.23	09:55:00	1.27426	1.27433	1.27392	1.27424	852	0	1
2024.01.23	10:00:00	1.27424	1.27434	1.27365	1.27388	1193	0	1
2024.01.23	10:05:00	1.27388	1.27443	1.27381	1.27408	1206	0	1
2024.01.23	10:10:00	1.27409	1.27413	1.27361	1.27377	1467	0	1
2024.01.23	10:15:00	1.27379	1.27381	1.27323	1.27337	1205	0	1
2024.01.23	10:20:00	1.27337	1.27360	1.27321	1.27346	1002	0	1
2024.01.23	10:25:00	1.27346	1.27374	1.27336	1.27374	836	0	1
2024.01.23	10:30:00	1.27374	1.27417	1.27368	1.27410	1046	0	1
2024.01.23	10:35:00	1.27409	1.27413	1.27346	1.27346	884	0	1
2024.01.23	10:40:00	1.27346	1.27347	1.27290	1.27316	1023	0	1
2024.01.23	10:45:00	1.27316	1.27330	1.27288	1.27302	689	0	1
2024.01.23	10:50:00	1.27301	1.27317	1.27275	1.27283	712	0	1
2024.01.23	10:55:00	1.27283	1.27321	1.27272	1.27312	603	0	1
2024.01.23	11:00:00	1.27312	1.27315	1.27250	1.27254	1097	0	1
2024.01.23	11:05:00	1.27253	1.27254	1.27220	1.27244	1191	0	1
2024.01.23	11:10:00	1.27244	1.27279	1.27235	1.27268	994	0	1
2024.01.23	11:15:00	1.27268	1.27290	1.27250	1.27281	811	0	1
2024.01.23	11:20:00	1.27280	1.27321	1.27276	1.27308	850	0	1
2024.01.23	11:25:00	1.27308	1.27320	1.27287	1.27301	696	0	1
2024.01.23	11:30:00	1.27301	1.27319	1.27277	1.27279	619	0	1
2024.01.23	11:35:00	1.27279	1.27288	1.27261	1.27274	547	0	1
2024.01.23	11:40:00	1.27274	1.27276	1.27225	1.27232	627	0	1
2024.01.23	11:45:00	1.27230	1.27232	1.27203	1.27229	899	0	1
2024.01.23	11:50:00	1.27230	1.27285	1.27222	1.27283	721	0	1
2024.01.23	11:55:00	1.27283	1.27320	1.27278	1.27285	790	0	1
2024.01.23	12:00:00	1.27285	1.27286	1.27248	1.27250	602	0	1
2024.01.23	12:05:00	1.27250	1.27272	1.27239	1.27239	366	0	1
2024.01.23	12:10:00	1.27241	1.27249	1.27199	1.27233	750	0	1
2024.01.23	12:15:00	1.27233	1.27255	1.27208	1.27251	494	0	1
2024.01.23	12:20:00	1.27250	1.27283	1.27242	1.27254	648	0	1
2024.01.23	12:25:00	1.27253	1.27268	1.27229	1.27250	608	0	1
2024.01.23	12:30:00	1.27249	1.27273	1.27238	1.27244	609	0	1
2024.01.23	12:35:00	1.27243	1.27248	1.27236	1.27241	496	0	1
2024.01.23	12:40:00	1.27241	1.27248	1.27200	1.27203	453	0	1
2024.01.23	12:45:00	1.27202	1.27209	1.27152	1.27157	844	0	1
2024.01.23	12:50:00	1.27157	1.27157	1.27121	1.27129	922	0	1
2024.01.23	12:55:00	1.27129	1.27155	1.27102	1.27125	1202	0	1
2024.01.23	13:00:00	1.27125	1.27151	1.27106	1.27115	793	0	1
2024.01.23	13:05:00	1.27115	1.27135	1.27102	1.27126	763	0	1
2024.01.23	13:10:00	1.27126	1.27150	1.27108	1.27147	648	0	1
2024.01.23	13:15:00	1.27146	1.27147	1.27099	1.27104	605	0	1
2024.01.23	13:20:00	1.27104	1.27110	1.27043	1.27065	817	0	1
2024.01.23	13:25:00	1.27063	1.27073	1.26997	1.27036	2086	0	1
2024.01.23	13:30:00	1.27036	1.27066	1.27028	1.27032	1110	0	1
2024.01.23	13:35:00	1.27032	1.27059	1.27025	1.27044	723	0	1
2024.01.23	13:40:00	1.27044	1.27059	1.27021	1.27041	844	0	1
2024.01.23	13:45:00	1.27041	1.27044	1.27018	1.27036	720	0	1
2024.01.23	13:50:00	1.27037	1.27056	1.27017	1.27052	865	0	1
2024.01.23	13:55:00	1.27051	1.27068	1.27030	1.27063	995	0	1
2024.01.23	14:00:00	1.27063	1.27077	1.27028	1.27039	1479	0	1
2024.01.23	14:05:00	1.27037	1.27099	1.27034	1.27088	1245	0	1
2024.01.23	14:10:00	1.27088	1.27120	1.27073	1.27114	1793	0	1
2024.01.23	14:15:00	1.27114	1.27120	1.27082	1.27100	1555	0	1
2024.01.23	14:20:00	1.27100	1.27115	1.27073	1.27075	1122	0	1
2024.01.23	14:25:00	1.27075	1.27082	1.27032	1.27039	1254	0	1
2024.01.23	14:30:00	1.27041	1.27052	1.27014	1.27037	1026	0	1
2024.01.23	14:35:00	1.27037	1.27046	1.27016	1.27024	653	0	1
2024.01.23	14:40:00	1.27024	1.27060	1.27022	1.27054	667	0	1
2024.01.23	14:45:00	1.27054	1.27077	1.27031	1.27070	1289	0	1
2024.01.23	14:50:00	1.27070	1.27135	1.27062	1.27133	1600	0	1
2024.01.23	14:55:00	1.27133	1.27138	1.27079	1.27104	1026	0	1
2024.01.23	15:00:00	1.27105	1.27140	1.27103	1.27133	1726	0	1
2024.01.23	15:05:00	1.27136	1.27164	1.27109	1.27161	1027	0	1
2024.01.23	15:10:00	1.27161	1.27168	1.27124	1.27144	1655	0	1
2024.01.23	15:15:00	1.27145	1.27170	1.27130	1.27143	1327	0	1
2024.01.23	15:20:00	1.27152	1.27184	1.27135	1.27152	1011	0	1
2024.01.23	15:25:00	1.27151	1.27168	1.27112	1.27166	940	0	1
2024.01.23	15:30:00	1.27166	1.27171	1.27092	1.27102	967	0	1
2024.01.23	15:35:00	1.27102	1.27155	1.27100	1.27128	838	0	1
2024.01.23	15:40:00	1.27130	1.27154	1.27120	1.27140	672	0	1
2024.01.23	15:45:00	1.27140	1.27174	1.27105	1.27125	985	0	1
2024.01.23	15:50:00	1.27125	1.27133	1.27053	1.27084	916	0	1
2024.01.23	15:55:00	1.27084	1.27107	1.27055	1.27082	1084	0	1
2024.01.23	16:00:00	1.27082	1.27083	1.26978	1.26992	1408	0	1
2024.01.23	16:05:00	1.26992	1.26995	1.26914	1.26932	1329	0	1
2024.01.23	16:10:00	1.26931	1.26970	1.26909	1.26966	1369	0	1
2024.01.23	16:15:00	1.26966	1.26977	1.26930	1.26947	853	0	1
2024.01.23	16:20:00	1.26947	1.26948	1.26909	1.26924	892	0	1
2024.01.23	16:25:00	1.26923	1.26944	1.26889	1.26893	900	0	1
2024.01.23	16:30:00	1.26892	1.26894	1.26805	1.26826	1764	0	1
2024.01.23	16:35:00	1.26825	1.26886	1.26809	1.26839	1452	0	1
2024.01.23	16:40:00	1.26839	1.26880	1.26797	1.26875	1667	0	1
2024.01.23	16:45:00	1.26875	1.26887	1.26809	1.26812	1644	0	1
2024.01.23	16:50:00	1.26812	1.26848	1.26793	1.26831	1493	0	1
2024.01.23	16:55:00	1.26829	1.26844	1.26797	1.26812	1409	0	1
2024.01.23	17:00:00	1.26812	1.26874	1.26810	1.26849	1606	0	1
2024.01.23	17:05:00	1.26849	1.26919	1.26830	1.26874	1527	0	1
2024.01.23	17:10:00	1.26876	1.26877	1.26791	1.26837	1560	0	1
2024.01.23	17:15:00	1.26837	1.26847	1.26764	1.26808	1506	0	1
2024.01.23	17:20:00	1.26807	1.26851	1.26701	1.26726	1566	0	1
2024.01.23	17:25:00	1.26726	1.26734	1.26681	1.26717	1427	0	1
2024.01.23	17:30:00	1.26715	1.26717	1.26629	1.26643	1450	0	1
2024.01.23	17:35:00	1.26642	1.26687	1.26622	1.26680	1213	0	1
2024.01.23	17:40:00	1.26680	1.26685	1.26583	1.26606	1530	0	1
2024.01.23	17:45:00	1.26606	1.26651	1.26600	1.26648	1143	0	1
2024.01.23	17:50:00	1.26648	1.26687	1.26601	1.26680	1431	0	1
2024.01.23	17:55:00	1.26680	1.26685	1.26639	1.26658	1474	0	1
2024.01.23	18:00:00	1.26659	1.26743	1.26653	1.26729	1619	0	1
2024.01.23	18:05:00	1.26729	1.26748	1.26672	1.26678	1159	0	1
2024.01.23	18:10:00	1.26678	1.26726	1.26618	1.26627	1320	0	1
2024.01.23	18:15:00	1.26627	1.26641	1.26531	1.26576	1181	0	1
2024.01.23	18:20:00	1.26576	1.26634	1.26573	1.26610	1055	0	1
2024.01.23	18:25:00	1.26610	1.26665	1.26606	1.26657	1242	0	1
2024.01.23	18:30:00	1.26657	1.26660	1.26591	1.26597	1012	0	1
2024.01.23	18:35:00	1.26597	1.26649	1.26595	1.26626	852	0	1
2024.01.23	18:40:00	1.26626	1.26627	1.26566	1.26571	1011	0	1
2024.01.23	18:45:00	1.26571	1.26587	1.26535	1.26553	840	0	1
2024.01.23	18:50:00	1.26553	1.26601	1.26549	1.26572	640	0	1
2024.01.23	18:55:00	1.26572	1.26590	1.26556	1.26574	466	0	1
2024.01.23	19:00:00	1.26573	1.26601	1.26509	1.26533	1128	0	3
2024.01.23	19:05:00	1.26534	1.26549	1.26525	1.26536	533	0	3
2024.01.23	19:10:00	1.26536	1.26564	1.26530	1.26553	663	0	3
2024.01.23	19:15:00	1.26553	1.26556	1.26496	1.26506	533	0	3
2024.01.23	19:20:00	1.26506	1.26519	1.26492	1.26503	689	0	3
2024.01.23	19:25:00	1.26502	1.26552	1.26500	1.26544	552	0	3
2024.01.23	19:30:00	1.26544	1.26580	1.26540	1.26573	704	0	3
2024.01.23	19:35:00	1.26573	1.26575	1.26504	1.26507	748	0	3
2024.01.23	19:40:00	1.26507	1.26525	1.26488	1.26512	724	0	3
2024.01.23	19:45:00	1.26512	1.26528	1.26494	1.26516	687	0	3
2024.01.23	19:50:00	1.26515	1.26555	1.26502	1.26550	713	0	3
2024.01.23	19:55:00	1.26551	1.26596	1.26540	1.26577	922	0	3
2024.01.23	20:00:00	1.26577	1.26622	1.26566	1.26603	889	0	3
2024.01.23	20:05:00	1.26602	1.26626	1.26585	1.26624	703	0	3
2024.01.23	20:10:00	1.26624	1.26633	1.26591	1.26625	696	0	3
2024.01.23	20:15:00	1.26626	1.26649	1.26623	1.26643	543	0	3
2024.01.23	20:20:00	1.26643	1.26669	1.26637	1.26653	782	0	3
2024.01.23	20:25:00	1.26653	1.26676	1.26651	1.26664	523	0	3
2024.01.23	20:30:00	1.26664	1.26679	1.26643	1.26674	560	0	3
2024.01.23	20:35:00	1.26673	1.26678	1.26652	1.26659	507	0	3
2024.01.23	20:40:00	1.26659	1.26682	1.26658	1.26672	451	0	3
2024.01.23	20:45:00	1.26672	1.26672	1.26633	1.26652	555	0	3
2024.01.23	20:50:00	1.26652	1.26685	1.26645	1.26680	598	0	3
2024.01.23	20:55:00	1.26681	1.26694	1.26652	1.26657	694	0	3
2024.01.23	21:00:00	1.26658	1.26682	1.26653	1.26676	723	0	3
2024.01.23	21:05:00	1.26677	1.26694	1.26670	1.26685	467	0	3
2024.01.23	21:10:00	1.26686	1.26715	1.26682	1.26706	500	0	3
2024.01.23	21:15:00	1.26706	1.26727	1.26695	1.26712	421	0	3
2024.01.23	21:20:00	1.26712	1.26716	1.26702	1.26713	212	0	3
2024.01.23	21:25:00	1.26713	1.26745	1.26709	1.26740	349	0	3
2024.01.23	21:30:00	1.26740	1.26767	1.26730	1.26758	592	0	3
2024.01.23	21:35:00	1.26758	1.26802	1.26731	1.26795	546	0	3
2024.01.23	21:40:00	1.26795	1.26826	1.26790	1.26815	685	0	3
2024.01.23	21:45:00	1.26815	1.26817	1.26789	1.26802	488	0	3
2024.01.23	21:50:00	1.26802	1.26815	1.26789	1.26793	340	0	3
2024.01.23	21:55:00	1.26793	1.26822	1.26792	1.26803	466	0	3
2024.01.23	22:00:00	1.26804	1.26806	1.26782	1.26803	454	0	3
2024.01.23	22:05:00	1.26803	1.26828	1.26802	1.26822	373	0	3
2024.01.23	22:10:00	1.26822	1.26865	1.26821	1.26853	693	0	3
2024.01.23	22:15:00	1.26853	1.26868	1.26848	1.26865	338	0	3
2024.01.23	22:20:00	1.26865	1.26866	1.26829	1.26832	294	0	3
2024.01.23	22:25:00	1.26833	1.26833	1.26819	1.26822	337	0	3
2024.01.23	22:30:00	1.26822	1.26835	1.26811	1.26817	607	0	3
2024.01.23	22:35:00	1.26817	1.26823	1.26812	1.26815	339	0	3
2024.01.23	22:40:00	1.26815	1.26837	1.26805	1.26834	331	0	3
2024.01.23	22:45:00	1.26834	1.26844	1.26826	1.26834	317	0	3
2024.01.23	22:50:00	1.26835	1.26856	1.26835	1.26845	398	0	3
2024.01.23	22:55:00	1.26845	1.26877	1.26842	1.26850	538	0	3
2024.01.23	23:00:00	1.26851	1.26869	1.26845	1.26866	396	0	17
2024.01.23	23:05:00	1.26867	1.26869	1.26850	1.26857	174	0	10
2024.01.23	23:10:00	1.26858	1.26899	1.26855	1.26893	215	0	10
2024.01.23	23:15:00	1.26894	1.26897	1.26872	1.26876	225	0	17
2024.01.23	23:20:00	1.26878	1.26898	1.26876	1.26895	145	0	10
2024.01.23	23:25:00	1.26893	1.26912	1.26893	1.26904	187	0	17
2024.01.23	23:30:00	1.26905	1.26908	1.26894	1.26908	154	0	11
2024.01.23	23:35:00	1.26909	1.26910	1.26864	1.26864	236	0	11
2024.01.23	23:40:00	1.26863	1.26868	1.26852	1.26860	113	0	10
2024.01.23	23:45:00	1.26861	1.26878	1.26854	1.26874	315	0	17
2024.01.23	23:50:00	1.26873	1.26877	1.26861	1.26867	259	0	17
2024.01.23	23:55:00	1.26840	1.26870	1.26807	1.26858	111	0	6
2024.01.24	00:00:00	1.26862	1.26862	1.26630	1.26730	13	0	25
2024.01.24	00:05:00	1.26690	1.26778	1.26683	1.26766	214	0	90
2024.01.24	00:10:00	1.26769	1.26835	1.26729	1.26792	48	0	46
2024.01.24	00:15:00	1.26791	1.26823	1.26791	1.26820	61	0	63
2024.01.24	00:20:00	1.26820	1.26858	1.26792	1.26856	154	0	40
2024.01.24	00:25:00	1.26856	1.26867	1.26802	1.26862	229	0	36
2024.01.24	00:30:00	1.26862	1.26868	1.26811	1.26823	523	0	38
2024.01.24	00:35:00	1.26823	1.26829	1.26812	1.26818	228	0	59
2024.01.24	00:40:00	1.26818	1.26844	1.26812	1.26830	335	0	64
2024.01.24	00:45:00	1.26830	1.26861	1.26813	1.26839	1929	0	10
2024.01.24	00:50:00	1.26838	1.26876	1.26806	1.26823	7499	0	10
2024.01.24	00:55:00	1.26822	1.26857	1.26802	1.26847	8084	0	5
2024.01.24	01:00:00	1.26840	1.26915	1.26830	1.26899	323	0	5
2024.01.24	01:05:00	1.26897	1.26933	1.26897	1.26927	141	0	5
2024.01.24	01:10:00	1.26927	1.26942	1.26924	1.26932	191	0	5
2024.01.24	01:15:00	1.26932	1.26936	1.26929	1.26931	111	0	5
2024.01.24	01:20:00	1.26932	1.26935	1.26924	1.26925	120	0	5
2024.01.24	01:25:00	1.26925	1.26926	1.26912	1.26915	158	0	5
2024.01.24	01:30:00	1.26916	1.26929	1.26913	1.26922	157	0	5
2024.01.24	01:35:00	1.26922	1.26925	1.26912	1.26919	109	0	5
2024.01.24	01:40:00	1.26919	1.26920	1.26904	1.26905	92	0	5
2024.01.24	01:45:00	1.26906	1.26911	1.26892	1.26899	206	0	5
2024.01.24	01:50:00	1.26899	1.26905	1.26893	1.26904	141	0	5
2024.01.24	01:55:00	1.26904	1.26913	1.26902	1.26911	134	0	5
2024.01.24	02:00:00	1.26912	1.26943	1.26908	1.26939	453	0	5
2024.01.24	02:05:00	1.26940	1.26949	1.26932	1.26938	341	0	5
2024.01.24	02:10:00	1.26938	1.26948	1.26935	1.26943	313	0	5
2024.01.24	02:15:00	1.26943	1.26964	1.26938	1.26953	403	0	5
2024.01.24	02:20:00	1.26953	1.26957	1.26930	1.26932	232	0	5
2024.01.24	02:25:00	1.26932	1.26933	1.26889	1.26893	351	0	5
2024.01.24	02:30:00	1.26893	1.26938	1.26890	1.26933	391	0	5
2024.01.24	02:35:00	1.26933	1.26944	1.26921	1.26940	318	0	5
2024.01.24	02:40:00	1.26940	1.26945	1.26933	1.26934	292	0	5
2024.01.24	02:45:00	1.26935	1.26952	1.26931	1.26952	207	0	5
2024.01.24	02:50:00	1.26952	1.26984	1.26950	1.26962	603	0	5
2024.01.24	02:55:00	1.26962	1.26963	1.26939	1.26939	330	0	5
2024.01.24	03:00:00	1.26939	1.26952	1.26888	1.26890	613	0	5
2024.01.24	03:05:00	1.26890	1.26912	1.26881	1.26902	488	0	5
2024.01.24	03:10:00	1.26902	1.26954	1.26902	1.26948	632	0	5
2024.01.24	03:15:00	1.26948	1.26954	1.26903	1.26913	736	0	5
2024.01.24	03:20:00	1.26913	1.26920	1.26892	1.26894	541	0	5
2024.01.24	03:25:00	1.26892	1.26934	1.26892	1.26933	409	0	5
2024.01.24	03:30:00	1.26933	1.26973	1.26933	1.26952	711	0	5
2024.01.24	03:35:00	1.26953	1.26958	1.26920	1.26923	576	0	5
2024.01.24	03:40:00	1.26923	1.26942	1.26918	1.26933	580	0	5
2024.01.24	03:45:00	1.26933	1.26934	1.26900	1.26923	745	0	5
2024.01.24	03:50:00	1.26923	1.26934	1.26919	1.26923	602	0	5
2024.01.24	03:55:00	1.26923	1.26932	1.26919	1.26923	345	0	5
2024.01.24	04:00:00	1.26923	1.26926	1.26907	1.26914	350	0	5
2024.01.24	04:05:00	1.26914	1.26922	1.26907	1.26910	325	0	5
2024.01.24	04:10:00	1.26910	1.26910	1.26863	1.26865	620	0	5
2024.01.24	04:15:00	1.26866	1.26878	1.26854	1.26873	388	0	5
2024.01.24	04:20:00	1.26873	1.26878	1.26861	1.26867	311	0	5
2024.01.24	04:25:00	1.26866	1.26886	1.26863	1.26882	394	0	5
2024.01.24	04:30:00	1.26883	1.26895	1.26860	1.26872	379	0	5
2024.01.24	04:35:00	1.26873	1.26882	1.26859	1.26868	341	0	5
2024.01.24	04:40:00	1.26868	1.26872	1.26859	1.26870	246	0	5
2024.01.24	04:45:00	1.26870	1.26892	1.26867	1.26891	164	0	5
2024.01.24	04:50:00	1.26891	1.26910	1.26889	1.26903	274	0	5
2024.01.24	04:55:00	1.26901	1.26912	1.26890	1.26902	266	0	5
2024.01.24	05:00:00	1.26902	1.26921	1.26898	1.26909	281	0	5
2024.01.24	05:05:00	1.26909	1.26916	1.26901	1.26912	263	0	5
2024.01.24	05:10:00	1.26911	1.26933	1.26907	1.26930	339	0	5
2024.01.24	05:15:00	1.26930	1.26958	1.26929	1.26948	383	0	5
2024.01.24	05:20:00	1.26948	1.26950	1.26911	1.26922	324	0	5
2024.01.24	05:25:00	1.26922	1.26930	1.26916	1.26924	226	0	5
2024.01.24	05:30:00	1.26924	1.26955	1.26920	1.26951	201	0	5
2024.01.24	05:35:00	1.26951	1.26954	1.26940	1.26943	137	0	5
2024.01.24	05:40:00	1.26943	1.26964	1.26942	1.26963	192	0	5
2024.01.24	05:45:00	1.26963	1.26996	1.26960	1.26982	431	0	5
2024.01.24	05:50:00	1.26982	1.27003	1.26968	1.26972	308	0	5
2024.01.24	05:55:00	1.26972	1.26977	1.26957	1.26961	248	0	5
2024.01.24	06:00:00	1.26962	1.26973	1.26957	1.26969	278	0	5
2024.01.24	06:05:00	1.26969	1.26982	1.26961	1.26980	295	0	5
2024.01.24	06:10:00	1.26980	1.26985	1.26968	1.26973	191	0	5
2024.01.24	06:15:00	1.26973	1.26992	1.26970	1.26992	197	0	5
2024.01.24	06:20:00	1.26992	1.26997	1.26979	1.26990	261	0	5
2024.01.24	06:25:00	1.26990	1.26991	1.26979	1.26981	212	0	5
2024.01.24	06:30:00	1.26981	1.27006	1.26980	1.27002	308	0	5
2024.01.24	06:35:00	1.27002	1.27020	1.27000	1.27012	254	0	5
2024.01.24	06:40:00	1.27012	1.27035	1.27010	1.27035	335	0	5
2024.01.24	06:45:00	1.27035	1.27044	1.27020	1.27034	466	0	5
2024.01.24	06:50:00	1.27034	1.27039	1.27021	1.27025	301	0	5
2024.01.24	06:55:00	1.27026	1.27031	1.27017	1.27026	278	0	5
2024.01.24	07:00:00	1.27026	1.27027	1.27004	1.27010	427	0	5
2024.01.24	07:05:00	1.27010	1.27010	1.26971	1.26982	382	0	5
2024.01.24	07:10:00	1.26982	1.27001	1.26973	1.27001	235	0	5
2024.01.24	07:15:00	1.27001	1.27003	1.26958	1.26960	322	0	5
2024.01.24	07:20:00	1.26960	1.26972	1.26958	1.26961	264	0	5
2024.01.24	07:25:00	1.26962	1.26993	1.26959	1.26991	409	0	5
2024.01.24	07:30:00	1.26991	1.27014	1.26984	1.27013	530	0	5
2024.01.24	07:35:00	1.27013	1.27024	1.27000	1.27021	530	0	5
2024.01.24	07:40:00	1.27021	1.27043	1.27020	1.27030	340	0	5
2024.01.24	07:45:00	1.27031	1.27035	1.27019	1.27033	365	0	5
2024.01.24	07:50:00	1.27033	1.27037	1.27019	1.27031	408	0	5
2024.01.24	07:55:00	1.27031	1.27034	1.27018	1.27021	427	0	5
2024.01.24	08:00:00	1.27021	1.27033	1.26998	1.27019	646	0	5
2024.01.24	08:05:00	1.27019	1.27038	1.27019	1.27029	420	0	5
2024.01.24	08:10:00	1.27030	1.27035	1.27015	1.27022	478	0	5
2024.01.24	08:15:00	1.27022	1.27024	1.26997	1.26998	320	0	5
2024.01.24	08:20:00	1.26998	1.27025	1.26996	1.27020	384	0	5
2024.01.24	08:25:00	1.27020	1.27029	1.27013	1.27027	341	0	5
2024.01.24	08:30:00	1.27026	1.27049	1.27017	1.27021	411	0	2
2024.01.24	08:35:00	1.27021	1.27046	1.27018	1.27041	313	0	2
2024.01.24	08:40:00	1.27043	1.27056	1.27038	1.27055	429	0	2
2024.01.24	08:45:00	1.27055	1.27065	1.27049	1.27052	450	0	2
2024.01.24	08:50:00	1.27052	1.27082	1.27049	1.27067	672	0	2
2024.01.24	08:55:00	1.27068	1.27072	1.27023	1.27030	401	0	2
2024.01.24	09:00:00	1.27029	1.27079	1.27027	1.27075	903	0	2
2024.01.24	09:05:00	1.27075	1.27127	1.27070	1.27112	1222	0	2
2024.01.24	09:10:00	1.27112	1.27120	1.27098	1.27111	721	0	2
2024.01.24	09:15:00	1.27112	1.27117	1.27094	1.27102	692	0	2
2024.01.24	09:20:00	1.27102	1.27102	1.27070	1.27074	719	0	2
2024.01.24	09:25:00	1.27074	1.27083	1.27029	1.27040	755	0	2
2024.01.24	09:30:00	1.27040	1.27077	1.27033	1.27062	733	0	1
2024.01.24	09:35:00	1.27063	1.27101	1.27046	1.27089	1104	0	1
2024.01.24	09:40:00	1.27089	1.27111	1.27072	1.27104	1026	0	1
2024.01.24	09:45:00	1.27104	1.27107	1.27048	1.27052	955	0	1
2024.01.24	09:50:00	1.27052	1.27067	1.26996	1.27016	993	0	1
2024.01.24	09:55:00	1.27015	1.27076	1.27014	1.27044	1112	0	1
2024.01.24	10:00:00	1.27044	1.27146	1.27037	1.27139	1479	0	1
2024.01.24	10:05:00	1.27139	1.27150	1.27118	1.27137	1081	0	1
2024.01.24	10:10:00	1.27137	1.27173	1.27132	1.27160	1348	0	1
2024.01.24	10:15:00	1.27164	1.27169	1.27114	1.27136	1430	0	1
2024.01.24	10:20:00	1.27136	1.27163	1.27124	1.27134	1095	0	1
2024.01.24	10:25:00	1.27134	1.27157	1.27088	1.27133	921	0	1
2024.01.24	10:30:00	1.27135	1.27189	1.27084	1.27181	2000	0	1
2024.01.24	10:35:00	1.27181	1.27185	1.27113	1.27129	1231	0	1
2024.01.24	10:40:00	1.27129	1.27162	1.27101	1.27155	1174	0	1
2024.01.24	10:45:00	1.27155	1.27165	1.27092	1.27101	1121	0	1
2024.01.24	10:50:00	1.27101	1.27135	1.27090	1.27092	1177	0	1
2024.01.24	10:55:00	1.27092	1.27118	1.27069	1.27092	768	0	1
2024.01.24	11:00:00	1.27093	1.27154	1.27091	1.27144	935	0	1
2024.01.24	11:05:00	1.27145	1.27198	1.27136	1.27184	1151	0	1
2024.01.24	11:10:00	1.27184	1.27228	1.27157	1.27221	1100	0	1
2024.01.24	11:15:00	1.27221	1.27264	1.27198	1.27264	1216	0	1
2024.01.24	11:20:00	1.27265	1.27313	1.27258	1.27292	996	0	1
2024.01.24	11:25:00	1.27292	1.27297	1.27265	1.27272	1126	0	1
2024.01.24	11:30:00	1.27295	1.27577	1.27274	1.27564	3001	0	1
2024.01.24	11:35:00	1.27564	1.27714	1.27558	1.27695	2256	0	1
2024.01.24	11:40:00	1.27696	1.27702	1.27648	1.27677	2523	0	1
2024.01.24	11:45:00	1.27676	1.27731	1.27667	1.27729	1728	0	1
2024.01.24	11:50:00	1.27729	1.27736	1.27655	1.27672	1291	0	1
2024.01.24	11:55:00	1.27673	1.27732	1.27638	1.27648	1421	0	1
2024.01.24	12:00:00	1.27649	1.27696	1.27628	1.27685	1357	0	1
2024.01.24	12:05:00	1.27684	1.27688	1.27620	1.27627	1271	0	1
2024.01.24	12:10:00	1.27625	1.27631	1.27583	1.27587	1044	0	1
2024.01.24	12:15:00	1.27586	1.27612	1.27565	1.27565	822	0	1
2024.01.24	12:20:00	1.27566	1.27607	1.27536	1.27549	1199	0	1
2024.01.24	12:25:00	1.27549	1.27566	1.27512	1.27538	1172	0	1
2024.01.24	12:30:00	1.27538	1.27561	1.27502	1.27530	1189	0	1
2024.01.24	12:35:00	1.27530	1.27550	1.27507	1.27517	1110	0	1
2024.01.24	12:40:00	1.27517	1.27558	1.27505	1.27540	835	0	1
2024.01.24	12:45:00	1.27540	1.27579	1.27538	1.27550	909	0	1
2024.01.24	12:50:00	1.27550	1.27552	1.27494	1.27532	928	0	1
2024.01.24	12:55:00	1.27533	1.27558	1.27505	1.27534	879	0	1
2024.01.24	13:00:00	1.27534	1.27555	1.27479	1.27498	710	0	1
2024.01.24	13:05:00	1.27497	1.27503	1.27420	1.27423	994	0	1
2024.01.24	13:10:00	1.27423	1.27470	1.27412	1.27428	797	0	1
2024.01.24	13:15:00	1.27431	1.27462	1.27417	1.27421	630	0	1
2024.01.24	13:20:00	1.27421	1.27456	1.27416	1.27427	497	0	1
2024.01.24	13:25:00	1.27427	1.27465	1.27419	1.27460	566	0	1
2024.01.24	13:30:00	1.27460	1.27473	1.27390	1.27410	822	0	1
2024.01.24	13:35:00	1.27410	1.27440	1.27391	1.27399	632	0	1
2024.01.24	13:40:00	1.27401	1.27425	1.27393	1.27424	453	0	1
2024.01.24	13:45:00	1.27422	1.27455	1.27417	1.27430	826	0	1
2024.01.24	13:50:00	1.27430	1.27456	1.27419	1.27433	689	0	1
2024.01.24	13:55:00	1.27433	1.27434	1.27381	1.27405	811	0	1
2024.01.24	14:00:00	1.27405	1.27429	1.27391	1.27392	779	0	1
2024.01.24	14:05:00	1.27392	1.27392	1.27336	1.27340	989	0	1
2024.01.24	14:10:00	1.27340	1.27363	1.27325	1.27332	686	0	1
2024.01.24	14:15:00	1.27332	1.27356	1.27320	1.27346	789	0	1
2024.01.24	14:20:00	1.27346	1.27368	1.27309	1.27341	759	0	1
2024.01.24	14:25:00	1.27342	1.27346	1.27280	1.27285	796	0	1
2024.01.24	14:30:00	1.27285	1.27311	1.27281	1.27302	742	0	1
2024.01.24	14:35:00	1.27302	1.27323	1.27285	1.27301	668	0	1
2024.01.24	14:40:00	1.27302	1.27357	1.27301	1.27332	782	0	1
2024.01.24	14:45:00	1.27332	1.27391	1.27328	1.27355	825	0	1
2024.01.24	14:50:00	1.27355	1.27408	1.27345	1.27396	989	0	1
2024.01.24	14:55:00	1.27396	1.27416	1.27380	1.27386	961	0	1
2024.01.24	15:00:00	1.27386	1.27486	1.27377	1.27456	1275	0	1
2024.01.24	15:05:00	1.27456	1.27526	1.27456	1.27466	1432	0	1
2024.01.24	15:10:00	1.27468	1.27520	1.27467	1.27513	1071	0	1
2024.01.24	15:15:00	1.27512	1.27519	1.27473	1.27498	992	0	1
2024.01.24	15:20:00	1.27497	1.27541	1.27464	1.27540	1579	0	1
2024.01.24	15:25:00	1.27540	1.27579	1.27503	1.27560	1911	0	1
2024.01.24	15:30:00	1.27561	1.27620	1.27535	1.27600	1832	0	1
2024.01.24	15:35:00	1.27600	1.27614	1.27534	1.27544	1440	0	1
2024.01.24	15:40:00	1.27544	1.27553	1.27490	1.27494	1270	0	1
2024.01.24	15:45:00	1.27493	1.27577	1.27488	1.27550	1263	0	1
2024.01.24	15:50:00	1.27550	1.27641	1.27548	1.27634	1439	0	1
2024.01.24	15:55:00	1.27636	1.27712	1.27610	1.27665	1533	0	1
2024.01.24	16:00:00	1.27665	1.27673	1.27632	1.27637	1249	0	1
2024.01.24	16:05:00	1.27637	1.27643	1.27589	1.27618	1228	0	1
2024.01.24	16:10:00	1.27620	1.27649	1.27601	1.27646	1087	0	1
2024.01.24	16:15:00	1.27646	1.27702	1.27645	1.27694	1371	0	1
2024.01.24	16:20:00	1.27695	1.27707	1.27655	1.27670	964	0	1
2024.01.24	16:25:00	1.27670	1.27737	1.27665	1.27728	915	0	1
2024.01.24	16:30:00	1.27728	1.27750	1.27684	1.27707	1853	0	1
2024.01.24	16:35:00	1.27707	1.27728	1.27645	1.27652	1645	0	1
2024.01.24	16:40:00	1.27652	1.27693	1.27639	1.27665	1451	0	1
2024.01.24	16:45:00	1.27663	1.27663	1.27411	1.27428	5030	0	1
2024.01.24	16:50:00	1.27428	1.27515	1.27395	1.27499	3426	0	1
2024.01.24	16:55:00	1.27499	1.27505	1.27417	1.27441	2900	0	1
2024.01.24	17:00:00	1.27441	1.27461	1.27337	1.27390	2473	0	1
2024.01.24	17:05:00	1.27390	1.27456	1.27367	1.27410	2271	0	1
2024.01.24	17:10:00	1.27410	1.27448	1.27364	1.27443	1963	0	1
2024.01.24	17:15:00	1.27443	1.27495	1.27422	1.27483	1870	0	1
2024.01.24	17:20:00	1.27483	1.27496	1.27430	1.27485	1838	0	1
2024.01.24	17:25:00	1.27486	1.27525	1.27473	1.27516	1610	0	1
2024.01.24	17:30:00	1.27516	1.27545	1.27477	1.27512	1800	0	1
2024.01.24	17:35:00	1.27512	1.27515	1.27423	1.27468	1685	0	1
2024.01.24	17:40:00	1.27468	1.27563	1.27439	1.27556	1725	0	1
2024.01.24	17:45:00	1.27557	1.27569	1.27466	1.27533	1854	0	1
2024.01.24	17:50:00	1.27533	1.27536	1.27455	1.27469	1826	0	1
2024.01.24	17:55:00	1.27469	1.27569	1.27463	1.27528	1727	0	1
2024.01.24	18:00:00	1.27528	1.27547	1.27504	1.27526	1577	0	1
2024.01.24	18:05:00	1.27526	1.27528	1.27450	1.27468	1569	0	1
2024.01.24	18:10:00	1.27468	1.27478	1.27420	1.27421	1549	0	1
2024.01.24	18:15:00	1.27421	1.27496	1.27410	1.27478	1203	0	1
2024.01.24	18:20:00	1.27478	1.27484	1.27429	1.27442	1382	0	1
2024.01.24	18:25:00	1.27441	1.27502	1.27437	1.27463	1359	0	1
2024.01.24	18:30:00	1.27464	1.27491	1.27438	1.27471	1264	0	1
2024.01.24	18:35:00	1.27472	1.27473	1.27424	1.27443	834	0	1
2024.01.24	18:40:00	1.27443	1.27464	1.27412	1.27415	1000	0	1
2024.01.24	18:45:00	1.27415	1.27434	1.27400	1.27406	996	0	1
2024.01.24	18:50:00	1.27406	1.27466	1.27400	1.27455	912	0	1
2024.01.24	18:55:00	1.27455	1.27518	1.27455	1.27515	770	0	1
2024.01.24	19:00:00	1.27519	1.27546	1.27501	1.27525	912	0	3
2024.01.24	19:05:00	1.27524	1.27527	1.27436	1.27474	996	0	3
2024.01.24	19:10:00	1.27474	1.27499	1.27457	1.27480	1070	0	3
2024.01.24	19:15:00	1.27479	1.27482	1.27414	1.27423	1194	0	3
2024.01.24	19:20:00	1.27423	1.27497	1.27422	1.27495	912	0	3
2024.01.24	19:25:00	1.27495	1.27524	1.27483	1.27516	854	0	3
2024.01.24	19:30:00	1.27516	1.27527	1.27492	1.27522	785	0	3
2024.01.24	19:35:00	1.27523	1.27528	1.27489	1.27492	624	0	3
2024.01.24	19:40:00	1.27493	1.27498	1.27460	1.27463	547	0	3
2024.01.24	19:45:00	1.27463	1.27474	1.27432	1.27473	820	0	3
2024.01.24	19:50:00	1.27473	1.27489	1.27470	1.27479	731	0	3
2024.01.24	19:55:00	1.27479	1.27497	1.27459	1.27479	983	0	3
2024.01.24	20:00:00	1.27479	1.27504	1.27372	1.27391	1795	0	3
2024.01.24	20:05:00	1.27391	1.27422	1.27375	1.27403	1347	0	3
2024.01.24	20:10:00	1.27403	1.27414	1.27351	1.27354	1071	0	3
2024.01.24	20:15:00	1.27353	1.27370	1.27339	1.27360	1166	0	3
2024.01.24	20:20:00	1.27360	1.27367	1.27292	1.27313	1149	0	3
2024.01.24	20:25:00	1.27313	1.27398	1.27304	1.27347	1550	0	3
2024.01.24	20:30:00	1.27347	1.27370	1.27333	1.27354	906	0	3
2024.01.24	20:35:00	1.27354	1.27368	1.27285	1.27289	914	0	3
2024.01.24	20:40:00	1.27288	1.27299	1.27274	1.27276	1111	0	3
2024.01.24	20:45:00	1.27276	1.27291	1.27262	1.27266	934	0	3
2024.01.24	20:50:00	1.27266	1.27288	1.27262	1.27285	479	0	3
2024.01.24	20:55:00	1.27285	1.27302	1.27280	1.27293	764	0	3
2024.01.24	21:00:00	1.27293	1.27299	1.27254	1.27265	867	0	3
2024.01.24	21:05:00	1.27264	1.27282	1.27254	1.27257	665	0	3
2024.01.24	21:10:00	1.27257	1.27280	1.27235	1.27237	849	0	3
2024.01.24	21:15:00	1.27237	1.27240	1.27192	1.27197	810	0	3
2024.01.24	21:20:00	1.27197	1.27201	1.27135	1.27138	1143	0	3
2024.01.24	21:25:00	1.27138	1.27182	1.27137	1.27179	1160	0	3
2024.01.24	21:30:00	1.27179	1.27210	1.27176	1.27195	701	0	3
2024.01.24	21:35:00	1.27196	1.27207	1.27183	1.27194	609	0	3
2024.01.24	21:40:00	1.27194	1.27236	1.27175	1.27232	745	0	3
2024.01.24	21:45:00	1.27231	1.27237	1.27215	1.27236	503	0	3
2024.01.24	21:50:00	1.27236	1.27268	1.27234	1.27267	755	0	3
2024.01.24	21:55:00	1.27266	1.27268	1.27225	1.27253	859	0	3
2024.01.24	22:00:00	1.27252	1.27277	1.27232	1.27273	441	0	3
2024.01.24	22:05:00	1.27275	1.27312	1.27274	1.27296	623	0	3
2024.01.24	22:10:00	1.27296	1.27302	1.27249	1.27254	811	0	3
2024.01.24	22:15:00	1.27254	1.27254	1.27209	1.27232	740	0	3
2024.01.24	22:20:00	1.27232	1.27240	1.27207	1.27227	698	0	3
2024.01.24	22:25:00	1.27227	1.27239	1.27217	1.27222	585	0	3
2024.01.24	22:30:00	1.27223	1.27228	1.27206	1.27220	431	0	3
2024.01.24	22:35:00	1.27220	1.27229	1.27211	1.27224	475	0	3
2024.01.24	22:40:00	1.27224	1.27261	1.27224	1.27252	523	0	3
2024.01.24	22:45:00	1.27252	1.27252	1.27215	1.27219	713	0	3
2024.01.24	22:50:00	1.27218	1.27218	1.27193	1.27201	844	0	3
2024.01.24	22:55:00	1.27201	1.27217	1.27151	1.27156	1027	0	3
2024.01.24	23:00:00	1.27155	1.27164	1.27136	1.27150	514	0	17
2024.01.24	23:05:00	1.27149	1.27154	1.27140	1.27150	282	0	11
2024.01.24	23:10:00	1.27151	1.27171	1.27150	1.27163	174	0	17
2024.01.24	23:15:00	1.27162	1.27169	1.27158	1.27167	153	0	10
2024.01.24	23:20:00	1.27165	1.27171	1.27158	1.27169	135	0	14
2024.01.24	23:25:00	1.27168	1.27182	1.27167	1.27180	158	0	13
2024.01.24	23:30:00	1.27178	1.27198	1.27178	1.27195	174	0	12
2024.01.24	23:35:00	1.27189	1.27208	1.27188	1.27195	301	0	17
2024.01.24	23:40:00	1.27194	1.27223	1.27185	1.27214	387	0	14
2024.01.24	23:45:00	1.27214	1.27227	1.27211	1.27222	154	0	9
2024.01.24	23:50:00	1.27226	1.27245	1.27221	1.27238	248	0	17
2024.01.24	23:55:00	1.27244	1.27252	1.27234	1.27246	93	0	9
2024.01.25	00:00:00	1.27233	1.27233	1.27094	1.27152	15	0	27
2024.01.25	00:05:00	1.27157	1.27228	1.27137	1.27218	26	0	18
2024.01.25	00:10:00	1.27221	1.27223	1.27141	1.27193	38	0	23
2024.01.25	00:15:00	1.27194	1.27237	1.27194	1.27230	116	0	53
2024.01.25	00:20:00	1.27231	1.27235	1.27223	1.27224	52	0	62
2024.01.25	00:25:00	1.27224	1.27241	1.27208	1.27219	112	0	45
2024.01.25	00:30:00	1.27218	1.27232	1.27212	1.27224	753	0	44
2024.01.25	00:35:00	1.27221	1.27226	1.27208	1.27217	399	0	31
2024.01.25	00:40:00	1.27218	1.27227	1.27214	1.27216	255	0	29
2024.01.25	00:45:00	1.27216	1.27233	1.27212	1.27226	289	0	30
2024.01.25	00:50:00	1.27227	1.27244	1.27199	1.27230	557	0	30
2024.01.25	00:55:00	1.27230	1.27251	1.27205	1.27251	713	0	5
2024.01.25	01:00:00	1.27253	1.27265	1.27234	1.27236	257	0	5
2024.01.25	01:05:00	1.27236	1.27237	1.27222	1.27228	123	0	5
2024.01.25	01:10:00	1.27229	1.27240	1.27227	1.27236	179	0	5
2024.01.25	01:15:00	1.27236	1.27245	1.27223	1.27230	387	0	5
2024.01.25	01:20:00	1.27230	1.27232	1.27215	1.27221	377	0	5
2024.01.25	01:25:00	1.27216	1.27229	1.27208	1.27212	229	0	5
2024.01.25	01:30:00	1.27212	1.27212	1.27187	1.27201	274	0	5
2024.01.25	01:35:00	1.27200	1.27204	1.27187	1.27191	126	0	5
2024.01.25	01:40:00	1.27190	1.27193	1.27163	1.27181	146	0	5
2024.01.25	01:45:00	1.27181	1.27184	1.27166	1.27171	218	0	5
2024.01.25	01:50:00	1.27166	1.27203	1.27165	1.27196	387	0	5
2024.01.25	01:55:00	1.27197	1.27203	1.27176	1.27178	317	0	5
2024.01.25	02:00:00	1.27178	1.27193	1.27164	1.27168	794	0	5
2024.01.25	02:05:00	1.27164	1.27166	1.27115	1.27124	994	0	5
2024.01.25	02:10:00	1.27119	1.27127	1.27093	1.27101	613	0	5
2024.01.25	02:15:00	1.27101	1.27116	1.27082	1.27085	537	0	5
2024.01.25	02:20:00	1.27084	1.27091	1.27071	1.27074	282	0	5
2024.01.25	02:25:00	1.27073	1.27081	1.27066	1.27079	281	0	5
2024.01.25	02:30:00	1.27079	1.27098	1.27076	1.27096	323	0	5
2024.01.25	02:35:00	1.27095	1.27109	1.27088	1.27089	353	0	5
2024.01.25	02:40:00	1.27088	1.27090	1.27076	1.27085	384	0	5
2024.01.25	02:45:00	1.27085	1.27100	1.27080	1.27096	572	0	5
2024.01.25	02:50:00	1.27096	1.27109	1.27083	1.27089	788	0	5
2024.01.25	02:55:00	1.27089	1.27096	1.27045	1.27061	853	0	5
2024.01.25	03:00:00	1.27060	1.27069	1.27034	1.27047	854	0	5
2024.01.25	03:05:00	1.27048	1.27077	1.27044	1.27064	668	0	5
2024.01.25	03:10:00	1.27063	1.27069	1.27040	1.27059	517	0	5
2024.01.25	03:15:00	1.27059	1.27081	1.27037	1.27049	713	0	5
2024.01.25	03:20:00	1.27049	1.27053	1.27033	1.27039	549	0	5
2024.01.25	03:25:00	1.27039	1.27068	1.27036	1.27056	495	0	5
2024.01.25	03:30:00	1.27056	1.27084	1.27046	1.27082	865	0	5
2024.01.25	03:35:00	1.27082	1.27103	1.27070	1.27089	727	0	5
2024.01.25	03:40:00	1.27089	1.27101	1.27086	1.27091	445	0	5
2024.01.25	03:45:00	1.27091	1.27099	1.27068	1.27076	563	0	5
2024.01.25	03:50:00	1.27076	1.27088	1.27069	1.27084	262	0	5
2024.01.25	03:55:00	1.27084	1.27139	1.27083	1.27116	766	0	5
2024.01.25	04:00:00	1.27113	1.27121	1.27089	1.27110	471	0	5
2024.01.25	04:05:00	1.27110	1.27141	1.27110	1.27126	483	0	5
2024.01.25	04:10:00	1.27126	1.27140	1.27118	1.27119	437	0	5
2024.01.25	04:15:00	1.27119	1.27121	1.27096	1.27112	434	0	5
2024.01.25	04:20:00	1.27113	1.27130	1.27096	1.27125	469	0	5
2024.01.25	04:25:00	1.27125	1.27139	1.27117	1.27135	480	0	5
2024.01.25	04:30:00	1.27135	1.27142	1.27121	1.27132	459	0	5
2024.01.25	04:35:00	1.27132	1.27141	1.27118	1.27118	507	0	5
2024.01.25	04:40:00	1.27118	1.27125	1.27095	1.27096	468	0	5
2024.01.25	04:45:00	1.27097	1.27110	1.27088	1.27106	655	0	5
2024.01.25	04:50:00	1.27106	1.27106	1.27089	1.27102	356	0	5
2024.01.25	04:55:00	1.27102	1.27123	1.27100	1.27119	407	0	5
2024.01.25	05:00:00	1.27119	1.27147	1.27118	1.27139	225	0	5
2024.01.25	05:05:00	1.27139	1.27170	1.27138	1.27139	328	0	5
2024.01.25	05:10:00	1.27139	1.27150	1.27136	1.27136	190	0	5
2024.01.25	05:15:00	1.27136	1.27146	1.27126	1.27138	233	0	5
2024.01.25	05:20:00	1.27138	1.27140	1.27129	1.27135	164	0	5
2024.01.25	05:25:00	1.27135	1.27144	1.27128	1.27137	266	0	5
2024.01.25	05:30:00	1.27137	1.27147	1.27124	1.27125	467	0	5
2024.01.25	05:35:00	1.27125	1.27131	1.27114	1.27129	358	0	5
2024.01.25	05:40:00	1.27129	1.27146	1.27123	1.27129	362	0	5
2024.01.25	05:45:00	1.27129	1.27141	1.27124	1.27136	342	0	5
2024.01.25	05:50:00	1.27137	1.27139	1.27126	1.27139	334	0	5
2024.01.25	05:55:00	1.27138	1.27141	1.27124	1.27129	468	0	5
2024.01.25	06:00:00	1.27128	1.27130	1.27114	1.27119	388	0	5
2024.01.25	06:05:00	1.27119	1.27127	1.27113	1.27122	347	0	5
2024.01.25	06:10:00	1.27122	1.27138	1.27113	1.27138	460	0	5
2024.01.25	06:15:00	1.27138	1.27148	1.27133	1.27144	241	0	5
2024.01.25	06:20:00	1.27144	1.27168	1.27138	1.27154	251	0	5
2024.01.25	06:25:00	1.27154	1.27155	1.27142	1.27147	220	0	5
2024.01.25	06:30:00	1.27146	1.27146	1.27126	1.27137	439	0	5
2024.01.25	06:35:00	1.27137	1.27139	1.27121	1.27129	319	0	5
2024.01.25	06:40:00	1.27129	1.27133	1.27114	1.27120	432	0	5
2024.01.25	06:45:00	1.27119	1.27119	1.27105	1.27107	441	0	5
2024.01.25	06:50:00	1.27107	1.27109	1.27086	1.27100	480	0	5
2024.01.25	06:55:00	1.27100	1.27104	1.27093	1.27099	323	0	5
2024.01.25	07:00:00	1.27099	1.27110	1.27083	1.27084	375	0	5
2024.01.25	07:05:00	1.27084	1.27092	1.27070	1.27090	279	0	5
2024.01.25	07:10:00	1.27090	1.27092	1.27080	1.27090	267	0	5
2024.01.25	07:15:00	1.27090	1.27107	1.27086	1.27091	365	0	5
2024.01.25	07:20:00	1.27091	1.27099	1.27076	1.27096	322	0	5
2024.01.25	07:25:00	1.27096	1.27110	1.27093	1.27099	357	0	5
2024.01.25	07:30:00	1.27099	1.27105	1.27086	1.27098	389	0	5
2024.01.25	07:35:00	1.27098	1.27103	1.27088	1.27097	431	0	5
2024.01.25	07:40:00	1.27097	1.27111	1.27091	1.27101	347	0	5
2024.01.25	07:45:00	1.27101	1.27108	1.27079	1.27087	362	0	5
2024.01.25	07:50:00	1.27087	1.27097	1.27078	1.27089	382	0	5
2024.01.25	07:55:00	1.27089	1.27107	1.27070	1.27102	455	0	5
2024.01.25	08:00:00	1.27102	1.27123	1.27101	1.27117	489	0	5
2024.01.25	08:05:00	1.27117	1.27131	1.27106	1.27115	371	0	5
2024.01.25	08:10:00	1.27115	1.27117	1.27084	1.27115	495	0	5
2024.01.25	08:15:00	1.27115	1.27127	1.27106	1.27119	362	0	5
2024.01.25	08:20:00	1.27118	1.27131	1.27107	1.27118	345	0	5
2024.01.25	08:25:00	1.27118	1.27171	1.27117	1.27167	480	0	2
2024.01.25	08:30:00	1.27167	1.27205	1.27163	1.27202	682	0	2
2024.01.25	08:35:00	1.27202	1.27224	1.27198	1.27211	467	0	2
2024.01.25	08:40:00	1.27211	1.27220	1.27197	1.27201	336	0	2
2024.01.25	08:45:00	1.27201	1.27224	1.27197	1.27206	441	0	2
2024.01.25	08:50:00	1.27206	1.27223	1.27190	1.27222	474	0	2
2024.01.25	08:55:00	1.27222	1.27251	1.27219	1.27238	646	0	2
2024.01.25	09:00:00	1.27238	1.27243	1.27217	1.27235	853	0	2
2024.01.25	09:05:00	1.27235	1.27262	1.27219	1.27255	615	0	2
2024.01.25	09:10:00	1.27254	1.27284	1.27235	1.27269	687	0	2
2024.01.25	09:15:00	1.27267	1.27286	1.27245	1.27255	696	0	2
2024.01.25	09:20:00	1.27253	1.27259	1.27216	1.27216	472	0	2
2024.01.25	09:25:00	1.27216	1.27246	1.27205	1.27237	537	0	1
2024.01.25	09:30:00	1.27237	1.27242	1.27206	1.27217	639	0	1
2024.01.25	09:35:00	1.27217	1.27233	1.27187	1.27202	451	0	1
2024.01.25	09:40:00	1.27202	1.27237	1.27186	1.27218	690	0	1
2024.01.25	09:45:00	1.27219	1.27259	1.27217	1.27258	528	0	1
2024.01.25	09:50:00	1.27259	1.27313	1.27256	1.27308	765	0	1
2024.01.25	09:55:00	1.27308	1.27342	1.27302	1.27317	967	0	1
2024.01.25	10:00:00	1.27318	1.27371	1.27252	1.27260	1397	0	1
2024.01.25	10:05:00	1.27260	1.27306	1.27244	1.27294	1146	0	1
2024.01.25	10:10:00	1.27294	1.27315	1.27268	1.27308	826	0	1
2024.01.25	10:15:00	1.27309	1.27350	1.27252	1.27267	1412	0	1
2024.01.25	10:20:00	1.27268	1.27268	1.27211	1.27230	1171	0	1
2024.01.25	10:25:00	1.27230	1.27262	1.27201	1.27250	1199	0	1
2024.01.25	10:30:00	1.27250	1.27270	1.27234	1.27248	1087	0	1
2024.01.25	10:35:00	1.27248	1.27284	1.27235	1.27268	740	0	1
2024.01.25	10:40:00	1.27269	1.27309	1.27266	1.27297	736	0	1
2024.01.25	10:45:00	1.27297	1.27307	1.27253	1.27276	674	0	1
2024.01.25	10:50:00	1.27275	1.27297	1.27261	1.27292	443	0	1
2024.01.25	10:55:00	1.27291	1.27304	1.27266	1.27276	646	0	1
2024.01.25	11:00:00	1.27274	1.27330	1.27248	1.27311	1321	0	1
2024.01.25	11:05:00	1.27311	1.27323	1.27264	1.27279	723	0	1
2024.01.25	11:10:00	1.27278	1.27328	1.27275	1.27294	693	0	1
2024.01.25	11:15:00	1.27294	1.27326	1.27274	1.27325	767	0	1
2024.01.25	11:20:00	1.27325	1.27357	1.27313	1.27317	817	0	1
2024.01.25	11:25:00	1.27317	1.27318	1.27284	1.27292	728	0	1
2024.01.25	11:30:00	1.27290	1.27305	1.27273	1.27285	455	0	1
2024.01.25	11:35:00	1.27286	1.27308	1.27272	1.27304	752	0	1
2024.01.25	11:40:00	1.27304	1.27324	1.27252	1.27264	806	0	1
2024.01.25	11:45:00	1.27264	1.27269	1.27230	1.27236	689	0	1
2024.01.25	11:50:00	1.27236	1.27255	1.27211	1.27245	519	0	1
2024.01.25	11:55:00	1.27244	1.27315	1.27243	1.27263	947	0	1
2024.01.25	12:00:00	1.27263	1.27378	1.27257	1.27372	1315	0	1
2024.01.25	12:05:00	1.27372	1.27399	1.27331	1.27393	867	0	1
2024.01.25	12:10:00	1.27393	1.27408	1.27375	1.27405	996	0	1
2024.01.25	12:15:00	1.27405	1.27417	1.27344	1.27360	828	0	1
2024.01.25	12:20:00	1.27361	1.27367	1.27342	1.27357	565	0	1
2024.01.25	12:25:00	1.27357	1.27384	1.27353	1.27370	680	0	1
2024.01.25	12:30:00	1.27369	1.27382	1.27335	1.27357	632	0	1
2024.01.25	12:35:00	1.27357	1.27428	1.27355	1.27408	656	0	1
2024.01.25	12:40:00	1.27408	1.27427	1.27393	1.27409	500	0	1
2024.01.25	12:45:00	1.27410	1.27414	1.27366	1.27374	572	0	1
2024.01.25	12:50:00	1.27374	1.27376	1.27338	1.27345	535	0	1
2024.01.25	12:55:00	1.27346	1.27365	1.27326	1.27355	525	0	1
2024.01.25	13:00:00	1.27355	1.27359	1.27297	1.27309	827	0	1
2024.01.25	13:05:00	1.27307	1.27321	1.27286	1.27298	689	0	1
2024.01.25	13:10:00	1.27297	1.27305	1.27247	1.27257	625	0	1
2024.01.25	13:15:00	1.27258	1.27300	1.27254	1.27276	532	0	1
2024.01.25	13:20:00	1.27276	1.27302	1.27272	1.27300	394	0	1
2024.01.25	13:25:00	1.27300	1.27300	1.27253	1.27264	473	0	1
2024.01.25	13:30:00	1.27264	1.27270	1.27225	1.27265	742	0	1
2024.01.25	13:35:00	1.27264	1.27277	1.27237	1.27238	761	0	1
2024.01.25	13:40:00	1.27238	1.27298	1.27238	1.27296	665	0	1
2024.01.25	13:45:00	1.27296	1.27303	1.27263	1.27297	669	0	1
2024.01.25	13:50:00	1.27298	1.27328	1.27287	1.27313	525	0	1
2024.01.25	13:55:00	1.27314	1.27347	1.27308	1.27329	579	0	1
2024.01.25	14:00:00	1.27330	1.27358	1.27296	1.27347	889	0	1
2024.01.25	14:05:00	1.27348	1.27359	1.27311	1.27315	760	0	1
2024.01.25	14:10:00	1.27315	1.27325	1.27285	1.27304	631	0	1
2024.01.25	14:15:00	1.27304	1.27308	1.27275	1.27277	661	0	1
2024.01.25	14:20:00	1.27277	1.27290	1.27232	1.27234	625	0	1
2024.01.25	14:25:00	1.27234	1.27250	1.27207	1.27246	809	0	1
2024.01.25	14:30:00	1.27247	1.27266	1.27234	1.27245	557	0	1
2024.01.25	14:35:00	1.27245	1.27281	1.27229	1.27276	525	0	1
2024.01.25	14:40:00	1.27276	1.27287	1.27249	1.27254	604	0	1
2024.01.25	14:45:00	1.27258	1.27264	1.27203	1.27240	715	0	1
2024.01.25	14:50:00	1.27239	1.27259	1.27233	1.27248	603	0	1
2024.01.25	14:55:00	1.27250	1.27252	1.27209	1.27246	787	0	1
2024.01.25	15:00:00	1.27247	1.27317	1.27246	1.27313	1327	0	1
2024.01.25	15:05:00	1.27313	1.27350	1.27300	1.27347	1024	0	1
2024.01.25	15:10:00	1.27347	1.27351	1.27320	1.27336	737	0	1
2024.01.25	15:15:00	1.27335	1.27407	1.27284	1.27325	2198	0	1
2024.01.25	15:20:00	1.27326	1.27328	1.27243	1.27254	1953	0	1
2024.01.25	15:25:00	1.27254	1.27287	1.27192	1.27220	1738	0	1
2024.01.25	15:30:00	1.27227	1.27368	1.26979	1.27326	5554	0	1
2024.01.25	15:35:00	1.27326	1.27399	1.27294	1.27303	3714	0	1
2024.01.25	15:40:00	1.27304	1.27385	1.27290	1.27312	3575	0	1
2024.01.25	15:45:00	1.27312	1.27367	1.27268	1.27274	4033	0	1
2024.01.25	15:50:00	1.27274	1.27324	1.27237	1.27240	3487	0	1
2024.01.25	15:55:00	1.27240	1.27378	1.27228	1.27363	4008	0	1
2024.01.25	16:00:00	1.27363	1.27363	1.27249	1.27270	4404	0	1
2024.01.25	16:05:00	1.27271	1.27284	1.27202	1.27244	3368	0	1
2024.01.25	16:10:00	1.27244	1.27338	1.27203	1.27266	3300	0	1
2024.01.25	16:15:00	1.27267	1.27276	1.27155	1.27187	2571	0	1
2024.01.25	16:20:00	1.27187	1.27267	1.27175	1.27253	1989	0	1
2024.01.25	16:25:00	1.27253	1.27332	1.27221	1.27263	2185	0	1
2024.01.25	16:30:00	1.27263	1.27263	1.27113	1.27199	2991	0	1
2024.01.25	16:35:00	1.27199	1.27219	1.27142	1.27168	2200	0	1
2024.01.25	16:40:00	1.27168	1.27175	1.27040	1.27085	1985	0	1
2024.01.25	16:45:00	1.27086	1.27109	1.27033	1.27085	1901	0	1
2024.01.25	16:50:00	1.27085	1.27198	1.27064	1.27193	1920	0	1
2024.01.25	16:55:00	1.27193	1.27259	1.27181	1.27236	1728	0	1
2024.01.25	17:00:00	1.27236	1.27274	1.27178	1.27215	2388	0	1
2024.01.25	17:05:00	1.27214	1.27242	1.27108	1.27205	2234	0	1
2024.01.25	17:10:00	1.27205	1.27228	1.27157	1.27216	2202	0	1
2024.01.25	17:15:00	1.27216	1.27264	1.27173	1.27201	2369	0	1
2024.01.25	17:20:00	1.27200	1.27243	1.27173	1.27178	1946	0	1
2024.01.25	17:25:00	1.27178	1.27224	1.27123	1.27143	2228	0	1
2024.01.25	17:30:00	1.27143	1.27152	1.27001	1.27033	2039	0	1
2024.01.25	17:35:00	1.27033	1.27051	1.26958	1.26996	1855	0	1
2024.01.25	17:40:00	1.26995	1.27047	1.26986	1.27037	1683	0	1
2024.01.25	17:45:00	1.27037	1.27042	1.26963	1.26975	1819	0	1
2024.01.25	17:50:00	1.26974	1.27002	1.26949	1.26999	1545	0	1
2024.01.25	17:55:00	1.26996	1.27002	1.26976	1.26997	1342	0	1
2024.01.25	18:00:00	1.26996	1.27026	1.26962	1.26965	1690	0	1
2024.01.25	18:05:00	1.26965	1.27021	1.26958	1.26964	1161	0	1
2024.01.25	18:10:00	1.26964	1.27000	1.26905	1.26999	1603	0	1
2024.01.25	18:15:00	1.26999	1.27031	1.26991	1.27022	1166	0	1
2024.01.25	18:20:00	1.27022	1.27023	1.26975	1.26983	930	0	1
2024.01.25	18:25:00	1.26983	1.27003	1.26966	1.26993	871	0	1
2024.01.25	18:30:00	1.26994	1.27005	1.26962	1.26975	1014	0	1
2024.01.25	18:35:00	1.26976	1.27022	1.26959	1.26988	1180	0	1
2024.01.25	18:40:00	1.26988	1.26989	1.26932	1.26959	976	0	1
2024.01.25	18:45:00	1.26959	1.26983	1.26949	1.26960	663	0	1
2024.01.25	18:50:00	1.26959	1.26992	1.26950	1.26979	551	0	1
2024.01.25	18:55:00	1.26979	1.26989	1.26945	1.26963	834	0	1
2024.01.25	19:00:00	1.26963	1.26980	1.26940	1.26957	952	0	3
2024.01.25	19:05:00	1.26957	1.26959	1.26896	1.26909	1068	0	3
2024.01.25	19:10:00	1.26909	1.26960	1.26898	1.26931	1070	0	3
2024.01.25	19:15:00	1.26931	1.27067	1.26926	1.27052	2134	0	3
2024.01.25	19:20:00	1.27051	1.27057	1.27006	1.27028	1121	0	3
2024.01.25	19:25:00	1.27027	1.27053	1.27007	1.27019	1107	0	3
2024.01.25	19:30:00	1.27018	1.27027	1.26928	1.26940	1088	0	3
2024.01.25	19:35:00	1.26942	1.26942	1.26833	1.26849	1138	0	3
2024.01.25	19:40:00	1.26849	1.26859	1.26815	1.26840	810	0	3
2024.01.25	19:45:00	1.26836	1.26860	1.26816	1.26829	746	0	3
2024.01.25	19:50:00	1.26829	1.26856	1.26819	1.26851	735	0	3
2024.01.25	19:55:00	1.26851	1.26922	1.26850	1.26903	1101	0	3
2024.01.25	20:00:00	1.26904	1.27000	1.26874	1.26951	1977	0	3
2024.01.25	20:05:00	1.26951	1.27033	1.26947	1.27006	1486	0	3
2024.01.25	20:10:00	1.27006	1.27042	1.26997	1.27017	1030	0	3
2024.01.25	20:15:00	1.27017	1.27019	1.26905	1.26909	1332	0	3
2024.01.25	20:20:00	1.26909	1.26947	1.26904	1.26924	1027	0	3
2024.01.25	20:25:00	1.26924	1.26990	1.26923	1.26974	1124	0	3
2024.01.25	20:30:00	1.26974	1.26992	1.26966	1.26975	753	0	3
2024.01.25	20:35:00	1.26975	1.26979	1.26924	1.26974	875	0	3
2024.01.25	20:40:00	1.26974	1.27004	1.26965	1.26998	753	0	3
2024.01.25	20:45:00	1.26999	1.27018	1.26995	1.27006	548	0	3
2024.01.25	20:50:00	1.27007	1.27016	1.26986	1.26995	772	0	3
2024.01.25	20:55:00	1.26995	1.26996	1.26940	1.26957	877	0	3
2024.01.25	21:00:00	1.26956	1.26957	1.26874	1.26876	1193	0	3
2024.01.25	21:05:00	1.26877	1.26891	1.26862	1.26868	856	0	3
2024.01.25	21:10:00	1.26869	1.26949	1.26868	1.26908	810	0	3
2024.01.25	21:15:00	1.26908	1.26930	1.26904	1.26928	391	0	3
2024.01.25	21:20:00	1.26928	1.26928	1.26863	1.26876	544	0	3
2024.01.25	21:25:00	1.26877	1.26949	1.26875	1.26940	560	0	3
2024.01.25	21:30:00	1.26939	1.26983	1.26923	1.26980	681	0	3
2024.01.25	21:35:00	1.26981	1.27005	1.26961	1.26988	700	0	3
2024.01.25	21:40:00	1.26989	1.26998	1.26955	1.26971	759	0	3
2024.01.25	21:45:00	1.26970	1.26990	1.26966	1.26977	461	0	3
2024.01.25	21:50:00	1.26977	1.27002	1.26962	1.26999	671	0	3
2024.01.25	21:55:00	1.26999	1.27022	1.26995	1.27007	822	0	3
2024.01.25	22:00:00	1.27007	1.27012	1.26984	1.26996	575	0	3
2024.01.25	22:05:00	1.26995	1.27002	1.26963	1.26982	439	0	3
2024.01.25	22:10:00	1.26982	1.27007	1.26975	1.26979	462	0	3
2024.01.25	22:15:00	1.26979	1.26988	1.26957	1.26988	422	0	3
2024.01.25	22:20:00	1.26988	1.26993	1.26963	1.26967	584	0	3
2024.01.25	22:25:00	1.26967	1.26979	1.26961	1.26970	411	0	3
2024.01.25	22:30:00	1.26970	1.26999	1.26965	1.26985	344	0	3
2024.01.25	22:35:00	1.26985	1.27006	1.26978	1.26995	440	0	3
2024.01.25	22:40:00	1.26996	1.27009	1.26987	1.27003	694	0	3
2024.01.25	22:45:00	1.27002	1.27026	1.26997	1.27019	475	0	3
2024.01.25	22:50:00	1.27020	1.27058	1.27020	1.27042	693	0	3
2024.01.25	22:55:00	1.27042	1.27065	1.27034	1.27051	605	0	3
2024.01.25	23:00:00	1.27054	1.27056	1.27037	1.27049	392	0	17
2024.01.25	23:05:00	1.27050	1.27090	1.27047	1.27060	334	0	17
2024.01.25	23:10:00	1.27061	1.27074	1.27058	1.27067	255	0	17
2024.01.25	23:15:00	1.27068	1.27073	1.27047	1.27059	303	0	17
2024.01.25	23:20:00	1.27059	1.27083	1.27057	1.27081	158	0	11
2024.01.25	23:25:00	1.27080	1.27094	1.27076	1.27091	214	0	13
2024.01.25	23:30:00	1.27092	1.27101	1.27087	1.27092	126	0	10
2024.01.25	23:35:00	1.27091	1.27099	1.27070	1.27072	107	0	10
2024.01.25	23:40:00	1.27073	1.27086	1.27071	1.27080	81	0	10
2024.01.25	23:45:00	1.27079	1.27083	1.27068	1.27080	96	0	13
2024.01.25	23:50:00	1.27079	1.27109	1.27079	1.27099	222	0	17
2024.01.25	23:55:00	1.27104	1.27105	1.27045	1.27073	179	0	6
2024.01.26	00:00:00	1.27070	1.27075	1.26938	1.27003	17	0	23
2024.01.26	00:05:00	1.26942	1.27056	1.26942	1.27039	20	0	50
2024.01.26	00:10:00	1.27020	1.27071	1.26943	1.26986	43	0	50
2024.01.26	00:15:00	1.26986	1.27047	1.26986	1.27047	107	0	42
2024.01.26	00:20:00	1.27047	1.27049	1.27002	1.27047	28	0	37
2024.01.26	00:25:00	1.27048	1.27050	1.26981	1.27014	143	0	36
2024.01.26	00:30:00	1.27013	1.27021	1.27007	1.27010	85	0	66
2024.01.26	00:40:00	1.27064	1.27082	1.27060	1.27072	188	0	10
2024.01.26	00:45:00	1.27072	1.27075	1.27055	1.27070	146	0	10
2024.01.26	00:50:00	1.27061	1.27072	1.27032	1.27056	634	0	10
2024.01.26	00:55:00	1.27056	1.27075	1.27034	1.27069	445	0	33
2024.01.26	01:00:00	1.27077	1.27101	1.27040	1.27043	228	0	5
2024.01.26	01:05:00	1.27043	1.27075	1.27043	1.27058	235	0	5
2024.01.26	01:10:00	1.27051	1.27072	1.27051	1.27069	121	0	5
2024.01.26	01:15:00	1.27069	1.27081	1.27065	1.27079	163	0	5
2024.01.26	01:20:00	1.27079	1.27080	1.27070	1.27078	174	0	5
2024.01.26	01:25:00	1.27079	1.27080	1.27075	1.27078	89	0	5
2024.01.26	01:30:00	1.27078	1.27079	1.27066	1.27069	131	0	5
2024.01.26	01:35:00	1.27069	1.27070	1.27066	1.27069	97	0	5
2024.01.26	01:40:00	1.27069	1.27070	1.27055	1.27059	64	0	5
2024.01.26	01:45:00	1.27059	1.27087	1.27053	1.27082	163	0	5
2024.01.26	01:50:00	1.27082	1.27087	1.27079	1.27083	99	0	5
2024.01.26	01:55:00	1.27083	1.27084	1.27058	1.27059	92	0	5
2024.01.26	02:00:00	1.27059	1.27067	1.27054	1.27059	313	0	5
2024.01.26	02:05:00	1.27059	1.27071	1.27034	1.27043	335	0	5
2024.01.26	02:10:00	1.27043	1.27051	1.27037	1.27038	309	0	5
2024.01.26	02:15:00	1.27038	1.27042	1.27025	1.27027	285	0	5
2024.01.26	02:20:00	1.27027	1.27028	1.27007	1.27018	291	0	5
2024.01.26	02:25:00	1.27017	1.27032	1.27009	1.27020	349	0	5
2024.01.26	02:30:00	1.27020	1.27026	1.27017	1.27020	259	0	5
2024.01.26	02:35:00	1.27020	1.27065	1.27018	1.27059	399	0	5
2024.01.26	02:40:00	1.27059	1.27069	1.27050	1.27057	368	0	5
2024.01.26	02:45:00	1.27057	1.27085	1.27057	1.27069	344	0	5
2024.01.26	02:50:00	1.27069	1.27070	1.27037	1.27041	464	0	5
2024.01.26	02:55:00	1.27042	1.27052	1.27016	1.27030	357	0	5
2024.01.26	03:00:00	1.27030	1.27047	1.27016	1.27046	409	0	5
2024.01.26	03:05:00	1.27047	1.27061	1.27038	1.27039	216	0	5
2024.01.26	03:10:00	1.27039	1.27058	1.27034	1.27040	242	0	5
2024.01.26	03:15:00	1.27041	1.27087	1.27037	1.27080	238	0	5
2024.01.26	03:20:00	1.27080	1.27102	1.27078	1.27090	383	0	5
2024.01.26	03:25:00	1.27091	1.27099	1.27085	1.27087	207	0	5
2024.01.26	03:30:00	1.27087	1.27090	1.27065	1.27077	446	0	5
2024.01.26	03:35:00	1.27077	1.27112	1.27077	1.27108	398	0	5
2024.01.26	03:40:00	1.27107	1.27109	1.27078	1.27085	322	0	5
2024.01.26	03:45:00	1.27085	1.27119	1.27084	1.27096	285	0	5
2024.01.26	03:50:00	1.27096	1.27110	1.27089	1.27104	363	0	5
2024.01.26	03:55:00	1.27104	1.27112	1.27084	1.27084	454	0	5
2024.01.26	04:00:00	1.27083	1.27107	1.27069	1.27106	307	0	5
2024.01.26	04:05:00	1.27105	1.27118	1.27100	1.27106	259	0	5
2024.01.26	04:10:00	1.27106	1.27134	1.27097	1.27125	362	0	5
2024.01.26	04:15:00	1.27125	1.27142	1.27123	1.27141	241	0	5
2024.01.26	04:20:00	1.27142	1.27159	1.27130	1.27137	266	0	5
2024.01.26	04:25:00	1.27137	1.27148	1.27128	1.27136	141	0	5
2024.01.26	04:30:00	1.27137	1.27151	1.27125	1.27146	296	0	5
2024.01.26	04:35:00	1.27146	1.27152	1.27136	1.27146	238	0	5
2024.01.26	04:40:00	1.27146	1.27154	1.27136	1.27137	136	0	5
2024.01.26	04:45:00	1.27137	1.27142	1.27108	1.27118	356	0	5
2024.01.26	04:50:00	1.27118	1.27122	1.27106	1.27107	404	0	5
2024.01.26	04:55:00	1.27107	1.27118	1.27105	1.27107	225	0	5
2024.01.26	05:00:00	1.27107	1.27143	1.27106	1.27140	205	0	5
2024.01.26	05:05:00	1.27140	1.27159	1.27126	1.27126	245	0	5
2024.01.26	05:10:00	1.27126	1.27137	1.27116	1.27121	310	0	5
2024.01.26	05:15:00	1.27120	1.27120	1.27095	1.27117	291	0	5
2024.01.26	05:20:00	1.27117	1.27121	1.27110	1.27119	150	0	5
2024.01.26	05:25:00	1.27119	1.27128	1.27115	1.27117	207	0	5
2024.01.26	05:30:00	1.27117	1.27128	1.27110	1.27128	216	0	5
2024.01.26	05:35:00	1.27128	1.27131	1.27124	1.27127	144	0	5
2024.01.26	05:40:00	1.27128	1.27128	1.27105	1.27116	306	0	5
2024.01.26	05:45:00	1.27116	1.27123	1.27105	1.27105	224	0	5
2024.01.26	05:50:00	1.27105	1.27109	1.27099	1.27106	160	0	5
2024.01.26	05:55:00	1.27106	1.27107	1.27097	1.27105	129	0	5
2024.01.26	06:00:00	1.27105	1.27116	1.27105	1.27108	116	0	5
2024.01.26	06:05:00	1.27108	1.27110	1.27096	1.27098	119	0	5
2024.01.26	06:10:00	1.27098	1.27100	1.27069	1.27075	198	0	5
2024.01.26	06:15:00	1.27076	1.27096	1.27076	1.27089	200	0	5
2024.01.26	06:20:00	1.27089	1.27098	1.27077	1.27087	151	0	5
2024.01.26	06:25:00	1.27087	1.27091	1.27067	1.27085	278	0	5
2024.01.26	06:30:00	1.27085	1.27090	1.27073	1.27077	180	0	5
2024.01.26	06:35:00	1.27077	1.27080	1.27063	1.27067	190	0	5
2024.01.26	06:40:00	1.27067	1.27070	1.27037	1.27042	292	0	5
2024.01.26	06:45:00	1.27046	1.27047	1.27022	1.27037	525	0	5
2024.01.26	06:50:00	1.27039	1.27048	1.27029	1.27035	210	0	5
2024.01.26	06:55:00	1.27035	1.27041	1.27032	1.27033	155	0	5
2024.01.26	07:00:00	1.27033	1.27041	1.27024	1.27026	325	0	5
2024.01.26	07:05:00	1.27026	1.27047	1.27024	1.27046	261	0	5
2024.01.26	07:10:00	1.27047	1.27060	1.27045	1.27056	248	0	5
2024.01.26	07:15:00	1.27056	1.27058	1.27030	1.27035	262	0	5
2024.01.26	07:20:00	1.27035	1.27038	1.27018	1.27028	205	0	5
2024.01.26	07:25:00	1.27028	1.27038	1.27024	1.27037	230	0	5
2024.01.26	07:30:00	1.27037	1.27044	1.27026	1.27039	437	0	5
2024.01.26	07:35:00	1.27040	1.27078	1.27037	1.27045	421	0	5
2024.01.26	07:40:00	1.27045	1.27067	1.27045	1.27060	246	0	5
2024.01.26	07:45:00	1.27060	1.27066	1.27049	1.27051	265	0	5
2024.01.26	07:50:00	1.27051	1.27080	1.27051	1.27079	220	0	5
2024.01.26	07:55:00	1.27079	1.27088	1.27047	1.27057	380	0	5
2024.01.26	08:00:00	1.27057	1.27060	1.27013	1.27032	463	0	5
2024.01.26	08:05:00	1.27032	1.27039	1.26969	1.26985	582	0	5
2024.01.26	08:10:00	1.26987	1.26991	1.26958	1.26988	352	0	5
2024.01.26	08:15:00	1.26989	1.27018	1.26975	1.27007	534	0	5
2024.01.26	08:20:00	1.27007	1.27017	1.26988	1.27006	410	0	5
2024.01.26	08:25:00	1.27006	1.27006	1.26977	1.26985	227	0	2
2024.01.26	08:30:00	1.26984	1.26984	1.26939	1.26951	558	0	2
2024.01.26	08:35:00	1.26951	1.26973	1.26947	1.26960	391	0	2
2024.01.26	08:40:00	1.26960	1.26964	1.26942	1.26957	448	0	2
2024.01.26	08:45:00	1.26957	1.26986	1.26951	1.26956	458	0	2
2024.01.26	08:50:00	1.26956	1.26973	1.26949	1.26971	362	0	2
2024.01.26	08:55:00	1.26971	1.26979	1.26960	1.26972	491	0	2
2024.01.26	09:00:00	1.26972	1.26978	1.26939	1.26961	791	0	2
2024.01.26	09:05:00	1.26961	1.26971	1.26948	1.26965	502	0	2
2024.01.26	09:10:00	1.26965	1.26987	1.26927	1.26929	879	0	2
2024.01.26	09:15:00	1.26929	1.26939	1.26844	1.26849	1088	0	2
2024.01.26	09:20:00	1.26847	1.26881	1.26837	1.26880	765	0	2
2024.01.26	09:25:00	1.26879	1.26906	1.26856	1.26873	845	0	1
2024.01.26	09:30:00	1.26874	1.26874	1.26838	1.26850	848	0	1
2024.01.26	09:35:00	1.26849	1.26879	1.26842	1.26867	678	0	1
2024.01.26	09:40:00	1.26867	1.26905	1.26828	1.26828	783	0	1
2024.01.26	09:45:00	1.26828	1.26839	1.26765	1.26778	1144	0	1
2024.01.26	09:50:00	1.26778	1.26798	1.26754	1.26782	826	0	1
2024.01.26	09:55:00	1.26783	1.26831	1.26769	1.26822	655	0	1
2024.01.26	10:00:00	1.26822	1.26851	1.26812	1.26837	1066	0	1
2024.01.26	10:05:00	1.26837	1.26854	1.26821	1.26838	736	0	1
2024.01.26	10:10:00	1.26839	1.26910	1.26835	1.26886	1074	0	1
2024.01.26	10:15:00	1.26886	1.26909	1.26874	1.26880	872	0	1
2024.01.26	10:20:00	1.26880	1.26929	1.26874	1.26921	832	0	1
2024.01.26	10:25:00	1.26921	1.26934	1.26896	1.26912	570	0	1
2024.01.26	10:30:00	1.26913	1.26961	1.26913	1.26941	845	0	1
2024.01.26	10:35:00	1.26941	1.26949	1.26908	1.26936	674	0	1
2024.01.26	10:40:00	1.26936	1.26961	1.26919	1.26958	668	0	1
2024.01.26	10:45:00	1.26958	1.27004	1.26951	1.26990	725	0	1
2024.01.26	10:50:00	1.26991	1.27059	1.26990	1.27049	909	0	1
2024.01.26	10:55:00	1.27049	1.27086	1.27043	1.27048	1135	0	1
2024.01.26	11:00:00	1.27048	1.27071	1.27034	1.27069	1046	0	1
2024.01.26	11:05:00	1.27069	1.27094	1.27054	1.27077	885	0	1
2024.01.26	11:10:00	1.27076	1.27078	1.27032	1.27044	958	0	1
2024.01.26	11:15:00	1.27044	1.27078	1.27026	1.27055	971	0	1
2024.01.26	11:20:00	1.27055	1.27070	1.27031	1.27038	812	0	1
2024.01.26	11:25:00	1.27040	1.27100	1.27023	1.27098	770	0	1
2024.01.26	11:30:00	1.27099	1.27159	1.27091	1.27134	1288	0	1
2024.01.26	11:35:00	1.27134	1.27150	1.27113	1.27129	707	0	1
2024.01.26	11:40:00	1.27129	1.27198	1.27125	1.27193	928	0	1
2024.01.26	11:45:00	1.27193	1.27220	1.27167	1.27205	1111	0	1
2024.01.26	11:50:00	1.27208	1.27215	1.27171	1.27183	993	0	1
2024.01.26	11:55:00	1.27183	1.27184	1.27129	1.27142	1006	0	1
2024.01.26	12:00:00	1.27142	1.27245	1.27142	1.27225	1082	0	1
2024.01.26	12:05:00	1.27225	1.27264	1.27210	1.27237	993	0	1
2024.01.26	12:10:00	1.27238	1.27260	1.27220	1.27243	794	0	1
2024.01.26	12:15:00	1.27243	1.27297	1.27241	1.27285	761	0	1
2024.01.26	12:20:00	1.27285	1.27291	1.27263	1.27285	564	0	1
2024.01.26	12:25:00	1.27285	1.27323	1.27278	1.27313	885	0	1
2024.01.26	12:30:00	1.27314	1.27340	1.27302	1.27337	721	0	1
2024.01.26	12:35:00	1.27335	1.27338	1.27301	1.27305	548	0	1
2024.01.26	12:40:00	1.27305	1.27328	1.27277	1.27298	731	0	1
2024.01.26	12:45:00	1.27299	1.27330	1.27276	1.27326	601	0	1
2024.01.26	12:50:00	1.27326	1.27343	1.27312	1.27317	523	0	1
2024.01.26	12:55:00	1.27317	1.27332	1.27308	1.27328	500	0	1
2024.01.26	13:00:00	1.27328	1.27379	1.27327	1.27360	923	0	1
2024.01.26	13:05:00	1.27362	1.27426	1.27360	1.27415	1086	0	1
2024.01.26	13:10:00	1.27414	1.27465	1.27412	1.27414	1008	0	1
2024.01.26	13:15:00	1.27413	1.27430	1.27368	1.27384	1305	0	1
2024.01.26	13:20:00	1.27384	1.27470	1.27372	1.27460	1049	0	1
2024.01.26	13:25:00	1.27463	1.27463	1.27415	1.27420	776	0	1
2024.01.26	13:30:00	1.27419	1.27436	1.27398	1.27423	481	0	1
2024.01.26	13:35:00	1.27423	1.27423	1.27380	1.27404	747	0	1
2024.01.26	13:40:00	1.27403	1.27445	1.27390	1.27415	687	0	1
2024.01.26	13:45:00	1.27417	1.27445	1.27412	1.27433	482	0	1
2024.01.26	13:50:00	1.27433	1.27458	1.27433	1.27442	553	0	1
2024.01.26	13:55:00	1.27442	1.27452	1.27414	1.27422	527	0	1
2024.01.26	14:00:00	1.27423	1.27429	1.27396	1.27410	648	0	1
2024.01.26	14:05:00	1.27410	1.27412	1.27347	1.27377	825	0	1
2024.01.26	14:10:00	1.27375	1.27408	1.27354	1.27406	579	0	1
2024.01.26	14:15:00	1.27410	1.27419	1.27385	1.27395	651	0	1
2024.01.26	14:20:00	1.27395	1.27414	1.27381	1.27397	674	0	1
2024.01.26	14:25:00	1.27397	1.27397	1.27371	1.27375	526	0	1
2024.01.26	14:30:00	1.27374	1.27375	1.27340	1.27354	802	0	1
2024.01.26	14:35:00	1.27354	1.27366	1.27331	1.27338	624	0	1
2024.01.26	14:40:00	1.27338	1.27365	1.27325	1.27335	676	0	1
2024.01.26	14:45:00	1.27334	1.27388	1.27321	1.27332	770	0	1
2024.01.26	14:50:00	1.27331	1.27340	1.27304	1.27314	790	0	1
2024.01.26	14:55:00	1.27314	1.27324	1.27281	1.27294	861	0	1
2024.01.26	15:00:00	1.27292	1.27346	1.27267	1.27324	1033	0	1
2024.01.26	15:05:00	1.27324	1.27375	1.27319	1.27346	825	0	1
2024.01.26	15:10:00	1.27346	1.27427	1.27346	1.27422	935	0	1
2024.01.26	15:15:00	1.27422	1.27457	1.27414	1.27453	1051	0	1
2024.01.26	15:20:00	1.27453	1.27501	1.27436	1.27447	1263	0	1
2024.01.26	15:25:00	1.27448	1.27455	1.27389	1.27399	1385	0	1
2024.01.26	15:30:00	1.27399	1.27538	1.27301	1.27324	4687	0	1
2024.01.26	15:35:00	1.27325	1.27349	1.27237	1.27329	3098	0	1
2024.01.26	15:40:00	1.27329	1.27480	1.27324	1.27437	2424	0	1
2024.01.26	15:45:00	1.27437	1.27585	1.27408	1.27557	2358	0	1
2024.01.26	15:50:00	1.27557	1.27583	1.27513	1.27535	2122	0	1
2024.01.26	15:55:00	1.27535	1.27542	1.27471	1.27487	1857	0	1
2024.01.26	16:00:00	1.27487	1.27537	1.27467	1.27493	2058	0	1
2024.01.26	16:05:00	1.27492	1.27548	1.27464	1.27539	1530	0	1
2024.01.26	16:10:00	1.27539	1.27546	1.27460	1.27460	1617	0	1
2024.01.26	16:15:00	1.27461	1.27469	1.27396	1.27405	1400	0	1
2024.01.26	16:20:00	1.27406	1.27422	1.27372	1.27388	1546	0	1
2024.01.26	16:25:00	1.27388	1.27391	1.27330	1.27362	1502	0	1
2024.01.26	16:30:00	1.27361	1.27413	1.27320	1.27398	2222	0	1
2024.01.26	16:35:00	1.27398	1.27454	1.27378	1.27431	1893	0	1
2024.01.26	16:40:00	1.27431	1.27438	1.27397	1.27435	1567	0	1
2024.01.26	16:45:00	1.27435	1.27450	1.27393	1.27403	1504	0	1
2024.01.26	16:50:00	1.27403	1.27412	1.27354	1.27376	1308	0	1
2024.01.26	16:55:00	1.27376	1.27435	1.27364	1.27434	953	0	1
2024.01.26	17:00:00	1.27430	1.27430	1.27300	1.27348	2367	0	1
2024.01.26	17:05:00	1.27348	1.27350	1.27287	1.27312	1957	0	1
2024.01.26	17:10:00	1.27311	1.27354	1.27303	1.27323	1626	0	1
2024.01.26	17:15:00	1.27323	1.27324	1.27230	1.27259	1639	0	1
2024.01.26	17:20:00	1.27259	1.27306	1.27241	1.27250	1625	0	1
2024.01.26	17:25:00	1.27249	1.27294	1.27240	1.27242	1211	0	1
2024.01.26	17:30:00	1.27241	1.27308	1.27220	1.27285	1172	0	1
2024.01.26	17:35:00	1.27285	1.27297	1.27253	1.27257	1145	0	1
2024.01.26	17:40:00	1.27257	1.27275	1.27239	1.27251	946	0	1
2024.01.26	17:45:00	1.27251	1.27278	1.27217	1.27268	1054	0	1
2024.01.26	17:50:00	1.27268	1.27270	1.27203	1.27234	1372	0	1
2024.01.26	17:55:00	1.27234	1.27254	1.27203	1.27223	1231	0	1
2024.01.26	18:00:00	1.27223	1.27235	1.27181	1.27213	1553	0	1
2024.01.26	18:05:00	1.27212	1.27236	1.27173	1.27235	1080	0	1
2024.01.26	18:10:00	1.27235	1.27241	1.27166	1.27185	1140	0	1
2024.01.26	18:15:00	1.27185	1.27208	1.27182	1.27205	1125	0	1
2024.01.26	18:20:00	1.27207	1.27243	1.27205	1.27215	880	0	1
2024.01.26	18:25:00	1.27215	1.27226	1.27177	1.27204	753	0	1
2024.01.26	18:30:00	1.27204	1.27234	1.27200	1.27229	672	0	1
2024.01.26	18:35:00	1.27228	1.27229	1.27164	1.27165	630	0	1
2024.01.26	18:40:00	1.27165	1.27177	1.27135	1.27177	861	0	1
2024.01.26	18:45:00	1.27177	1.27180	1.27154	1.27166	596	0	1
2024.01.26	18:50:00	1.27166	1.27191	1.27159	1.27179	752	0	1
2024.01.26	18:55:00	1.27179	1.27202	1.27161	1.27164	737	0	1
2024.01.26	19:00:00	1.27163	1.27177	1.27146	1.27166	899	0	3
2024.01.26	19:05:00	1.27166	1.27169	1.27105	1.27113	812	0	3
2024.01.26	19:10:00	1.27113	1.27164	1.27097	1.27151	765	0	3
2024.01.26	19:15:00	1.27152	1.27171	1.27146	1.27154	590	0	3
2024.01.26	19:20:00	1.27153	1.27191	1.27153	1.27156	691	0	3
2024.01.26	19:25:00	1.27156	1.27167	1.27110	1.27129	746	0	3
2024.01.26	19:30:00	1.27129	1.27130	1.27083	1.27109	933	0	3
2024.01.26	19:35:00	1.27108	1.27111	1.27063	1.27086	836	0	3
2024.01.26	19:40:00	1.27086	1.27101	1.27066	1.27080	709	0	3
2024.01.26	19:45:00	1.27080	1.27094	1.27062	1.27067	720	0	3
2024.01.26	19:50:00	1.27066	1.27140	1.27063	1.27127	672	0	3
2024.01.26	19:55:00	1.27127	1.27138	1.27111	1.27132	464	0	3
2024.01.26	20:00:00	1.27131	1.27143	1.27106	1.27140	725	0	3
2024.01.26	20:05:00	1.27139	1.27149	1.27124	1.27137	559	0	3
2024.01.26	20:10:00	1.27137	1.27140	1.27116	1.27126	362	0	3
2024.01.26	20:15:00	1.27123	1.27128	1.27089	1.27102	552	0	3
2024.01.26	20:20:00	1.27102	1.27120	1.27098	1.27116	277	0	3
2024.01.26	20:25:00	1.27116	1.27151	1.27115	1.27119	554	0	3
2024.01.26	20:30:00	1.27119	1.27127	1.27097	1.27109	567	0	3
2024.01.26	20:35:00	1.27110	1.27115	1.27083	1.27088	565	0	3
2024.01.26	20:40:00	1.27088	1.27088	1.27035	1.27063	1082	0	3
2024.01.26	20:45:00	1.27063	1.27064	1.27028	1.27037	514	0	3
2024.01.26	20:50:00	1.27036	1.27046	1.26999	1.27006	558	0	3
2024.01.26	20:55:00	1.27006	1.27030	1.26986	1.27026	635	0	3
2024.01.26	21:00:00	1.27026	1.27039	1.27017	1.27036	375	0	3
2024.01.26	21:05:00	1.27036	1.27070	1.27035	1.27057	390	0	3
2024.01.26	21:10:00	1.27057	1.27059	1.27035	1.27054	350	0	3
2024.01.26	21:15:00	1.27053	1.27076	1.27047	1.27057	411	0	3
2024.01.26	21:20:00	1.27058	1.27060	1.27035	1.27036	313	0	3
2024.01.26	21:25:00	1.27036	1.27040	1.27018	1.27019	427	0	3
2024.01.26	21:30:00	1.27019	1.27025	1.27004	1.27016	303	0	3
2024.01.26	21:35:00	1.27016	1.27030	1.27010	1.27025	380	0	3
2024.01.26	21:40:00	1.27025	1.27052	1.27024	1.27048	344	0	3
2024.01.26	21:45:00	1.27048	1.27085	1.27042	1.27077	465	0	3
2024.01.26	21:50:00	1.27077	1.27089	1.27050	1.27057	466	0	3
2024.01.26	21:55:00	1.27057	1.27065	1.27034	1.27049	539	0	3
2024.01.26	22:00:00	1.27048	1.27054	1.27016	1.27036	497	0	3
2024.01.26	22:05:00	1.27037	1.27048	1.27028	1.27045	308	0	3
2024.01.26	22:10:00	1.27044	1.27081	1.27040	1.27079	425	0	3
2024.01.26	22:15:00	1.27078	1.27081	1.27060	1.27076	346	0	3
2024.01.26	22:20:00	1.27076	1.27088	1.27067	1.27080	389	0	3
2024.01.26	22:25:00	1.27080	1.27099	1.27062	1.27066	352	0	3
2024.01.26	22:30:00	1.27066	1.27070	1.27053	1.27058	305	0	3
2024.01.26	22:35:00	1.27057	1.27066	1.27038	1.27038	168	0	3
2024.01.26	22:40:00	1.27038	1.27039	1.27023	1.27038	192	0	3
2024.01.26	22:45:00	1.27040	1.27040	1.27017	1.27027	209	0	3
2024.01.26	22:50:00	1.27027	1.27031	1.27019	1.27027	222	0	3
2024.01.26	22:55:00	1.27028	1.27031	1.26998	1.27018	470	0	3
2024.01.26	23:00:00	1.27018	1.27018	1.26996	1.27014	398	0	3
2024.01.26	23:05:00	1.27013	1.27025	1.27012	1.27023	187	0	17
2024.01.26	23:10:00	1.27020	1.27036	1.27017	1.27033	303	0	17
2024.01.26	23:15:00	1.27032	1.27034	1.27007	1.27014	267	0	11
2024.01.26	23:20:00	1.27013	1.27018	1.27005	1.27013	92	0	11
2024.01.26	23:25:00	1.27013	1.27029	1.27004	1.27014	292	0	11
2024.01.26	23:30:00	1.27015	1.27025	1.27005	1.27005	128	0	11
2024.01.26	23:35:00	1.27004	1.27008	1.26992	1.27004	98	0	10
2024.01.26	23:40:00	1.27005	1.27007	1.26993	1.27004	178	0	12
2024.01.26	23:45:00	1.27005	1.27014	1.26995	1.26997	422	0	17
2024.01.26	23:50:00	1.26996	1.27043	1.26996	1.27027	1014	0	17
2024.01.26	23:55:00	1.27010	1.27036	1.26990	1.26990	72	0	9
2024.01.29	00:00:00	1.26851	1.26952	1.26851	1.26945	11	0	60
2024.01.29	00:05:00	1.26946	1.26983	1.26945	1.26945	19	0	29
2024.01.29	00:10:00	1.26942	1.26986	1.26942	1.26983	17	0	22
2024.01.29	00:15:00	1.27010	1.27051	1.26975	1.27026	75	0	10
2024.01.29	00:20:00	1.27026	1.27043	1.26970	1.26970	40	0	10
2024.01.29	00:25:00	1.27029	1.27043	1.26970	1.26976	57	0	10
2024.01.29	00:30:00	1.26979	1.26991	1.26974	1.26976	82	0	79
2024.01.29	00:35:00	1.26977	1.27006	1.26970	1.26978	76	0	69
2024.01.29	00:40:00	1.26978	1.26988	1.26958	1.26978	40	0	69
2024.01.29	00:45:00	1.26980	1.26989	1.26957	1.26958	47	0	69
2024.01.29	00:50:00	1.26973	1.26986	1.26958	1.26969	58	0	58
2024.01.29	00:55:00	1.26969	1.26993	1.26969	1.26981	104	0	45
2024.01.29	01:00:00	1.27004	1.27024	1.26931	1.26937	655	0	5
2024.01.29	01:05:00	1.26937	1.26948	1.26912	1.26914	397	0	5
2024.01.29	01:10:00	1.26914	1.26928	1.26904	1.26911	312	0	5
2024.01.29	01:15:00	1.26911	1.26939	1.26910	1.26936	304	0	5
2024.01.29	01:20:00	1.26936	1.26940	1.26926	1.26934	493	0	5
2024.01.29	01:25:00	1.26935	1.26965	1.26930	1.26963	527	0	5
2024.01.29	01:30:00	1.26962	1.26976	1.26916	1.26921	590	0	5
2024.01.29	01:35:00	1.26922	1.26971	1.26915	1.26963	545	0	5
2024.01.29	01:40:00	1.26963	1.26969	1.26950	1.26958	493	0	5
2024.01.29	01:45:00	1.26958	1.26959	1.26951	1.26954	763	0	5
2024.01.29	01:50:00	1.26954	1.26968	1.26952	1.26966	443	0	5
2024.01.29	01:55:00	1.26966	1.26977	1.26953	1.26968	529	0	5
2024.01.29	02:00:00	1.26968	1.26981	1.26954	1.26957	704	0	5
2024.01.29	02:05:00	1.26956	1.26964	1.26950	1.26956	258	0	5
2024.01.29	02:10:00	1.26956	1.26966	1.26942	1.26955	376	0	5
2024.01.29	02:15:00	1.26955	1.26975	1.26946	1.26965	535	0	5
2024.01.29	02:20:00	1.26965	1.26977	1.26957	1.26962	398	0	5
2024.01.29	02:25:00	1.26961	1.26963	1.26944	1.26953	424	0	5
2024.01.29	02:30:00	1.26953	1.26954	1.26931	1.26939	525	0	5
2024.01.29	02:35:00	1.26940	1.26944	1.26926	1.26940	402	0	5
2024.01.29	02:40:00	1.26940	1.26955	1.26935	1.26941	355	0	5
2024.01.29	02:45:00	1.26941	1.26963	1.26938	1.26956	282	0	5
2024.01.29	02:50:00	1.26956	1.26966	1.26914	1.26915	539	0	5
2024.01.29	02:55:00	1.26916	1.26973	1.26907	1.26967	331	0	5
2024.01.29	03:00:00	1.26967	1.26996	1.26962	1.26991	510	0	5
2024.01.29	03:05:00	1.26987	1.27035	1.26985	1.27021	642	0	5
2024.01.29	03:10:00	1.27021	1.27053	1.27021	1.27049	475	0	5
2024.01.29	03:15:00	1.27050	1.27052	1.26994	1.26997	510	0	5
2024.01.29	03:20:00	1.26996	1.27015	1.26992	1.27007	435	0	5
2024.01.29	03:25:00	1.27006	1.27037	1.27004	1.27018	432	0	5
2024.01.29	03:30:00	1.27018	1.27059	1.27018	1.27040	666	0	5
2024.01.29	03:35:00	1.27040	1.27051	1.27026	1.27040	396	0	5
2024.01.29	03:40:00	1.27040	1.27051	1.27032	1.27034	295	0	5
2024.01.29	03:45:00	1.27034	1.27037	1.27001	1.27006	338	0	5
2024.01.29	03:50:00	1.27006	1.27016	1.26991	1.26996	349	0	5
2024.01.29	03:55:00	1.26997	1.27012	1.26995	1.27004	474	0	5
2024.01.29	04:00:00	1.27000	1.27007	1.26972	1.26980	440	0	5
2024.01.29	04:05:00	1.26979	1.26982	1.26966	1.26969	214	0	5
2024.01.29	04:10:00	1.26969	1.26982	1.26959	1.26980	328	0	5
2024.01.29	04:15:00	1.26980	1.26983	1.26964	1.26964	202	0	5
2024.01.29	04:20:00	1.26964	1.26976	1.26948	1.26976	274	0	5
2024.01.29	04:25:00	1.26976	1.26992	1.26970	1.26982	211	0	5
2024.01.29	04:30:00	1.26982	1.26990	1.26976	1.26980	260	0	5
2024.01.29	04:35:00	1.26980	1.26993	1.26979	1.26989	295	0	5
2024.01.29	04:40:00	1.26989	1.27004	1.26979	1.26990	271	0	5
2024.01.29	04:45:00	1.26990	1.26993	1.26979	1.26981	179	0	5
2024.01.29	04:50:00	1.26981	1.26981	1.26971	1.26972	209	0	5
2024.01.29	04:55:00	1.26971	1.26999	1.26968	1.26995	367	0	5
2024.01.29	05:00:00	1.26995	1.27026	1.26995	1.27021	233	0	5
2024.01.29	05:05:00	1.27021	1.27027	1.27009	1.27018	249	0	5
2024.01.29	05:10:00	1.27018	1.27032	1.27018	1.27029	178	0	5
2024.01.29	05:15:00	1.27029	1.27037	1.27000	1.27003	429	0	5
2024.01.29	05:20:00	1.27003	1.27005	1.26966	1.26995	409	0	5
2024.01.29	05:25:00	1.26994	1.26999	1.26978	1.26985	495	0	5
2024.01.29	05:30:00	1.26985	1.26992	1.26983	1.26989	487	0	5
2024.01.29	05:35:00	1.26989	1.26996	1.26981	1.26989	246	0	5
2024.01.29	05:40:00	1.26989	1.27001	1.26988	1.26999	213	0	5
2024.01.29	05:45:00	1.26999	1.27007	1.26994	1.26999	299	0	5
2024.01.29	05:50:00	1.26999	1.27013	1.26992	1.27011	227	0	5
2024.01.29	05:55:00	1.27011	1.27031	1.27010	1.27027	303	0	5
2024.01.29	06:00:00	1.27027	1.27058	1.27027	1.27051	231	0	5
2024.01.29	06:05:00	1.27051	1.27061	1.27040	1.27057	342	0	5
2024.01.29	06:10:00	1.27057	1.27063	1.27041	1.27046	333	0	5
2024.01.29	06:15:00	1.27046	1.27046	1.27027	1.27031	249	0	5
2024.01.29	06:20:00	1.27031	1.27049	1.27029	1.27049	241	0	5
2024.01.29	06:25:00	1.27049	1.27052	1.27039	1.27051	168	0	5
2024.01.29	06:30:00	1.27051	1.27052	1.27038	1.27044	195	0	5
2024.01.29	06:35:00	1.27044	1.27067	1.27039	1.27062	190	0	5
2024.01.29	06:40:00	1.27062	1.27080	1.27058	1.27072	318	0	5
2024.01.29	06:45:00	1.27073	1.27079	1.27065	1.27069	284	0	5
2024.01.29	06:50:00	1.27069	1.27070	1.27044	1.27056	294	0	5
2024.01.29	06:55:00	1.27056	1.27066	1.27044	1.27064	353	0	5
2024.01.29	07:00:00	1.27064	1.27075	1.27056	1.27073	493	0	5
2024.01.29	07:05:00	1.27073	1.27076	1.27028	1.27028	689	0	5
2024.01.29	07:10:00	1.27029	1.27048	1.27019	1.27043	342	0	5
2024.01.29	07:15:00	1.27044	1.27053	1.27032	1.27038	350	0	5
2024.01.29	07:20:00	1.27038	1.27041	1.27015	1.27016	283	0	5
2024.01.29	07:25:00	1.27016	1.27030	1.27006	1.27019	282	0	5
2024.01.29	07:30:00	1.27018	1.27024	1.27004	1.27010	479	0	5
2024.01.29	07:35:00	1.27011	1.27028	1.27006	1.27027	456	0	5
2024.01.29	07:40:00	1.27028	1.27038	1.27020	1.27027	361	0	5
2024.01.29	07:45:00	1.27027	1.27032	1.27005	1.27009	318	0	5
2024.01.29	07:50:00	1.27009	1.27020	1.27008	1.27016	273	0	5
2024.01.29	07:55:00	1.27016	1.27024	1.27016	1.27019	182	0	5
2024.01.29	08:00:00	1.27018	1.27031	1.27008	1.27017	296	0	5
2024.01.29	08:05:00	1.27017	1.27035	1.27017	1.27029	226	0	5
2024.01.29	08:10:00	1.27029	1.27056	1.27028	1.27050	284	0	5
2024.01.29	08:15:00	1.27050	1.27075	1.27047	1.27067	397	0	5
2024.01.29	08:20:00	1.27067	1.27084	1.27065	1.27080	470	0	5
2024.01.29	08:25:00	1.27081	1.27082	1.27055	1.27068	538	0	5
2024.01.29	08:30:00	1.27069	1.27081	1.27049	1.27061	475	0	2
2024.01.29	08:35:00	1.27061	1.27065	1.27039	1.27058	354	0	2
2024.01.29	08:40:00	1.27058	1.27092	1.27051	1.27082	450	0	2
2024.01.29	08:45:00	1.27082	1.27095	1.27071	1.27081	573	0	2
2024.01.29	08:50:00	1.27082	1.27083	1.27065	1.27077	377	0	2
2024.01.29	08:55:00	1.27076	1.27096	1.27072	1.27081	696	0	2
2024.01.29	09:00:00	1.27081	1.27118	1.27069	1.27113	1045	0	2
2024.01.29	09:05:00	1.27113	1.27126	1.27098	1.27111	715	0	2
2024.01.29	09:10:00	1.27111	1.27126	1.27068	1.27114	712	0	2
2024.01.29	09:15:00	1.27117	1.27150	1.27112	1.27146	637	0	2
2024.01.29	09:20:00	1.27146	1.27166	1.27117	1.27151	570	0	2
2024.01.29	09:25:00	1.27151	1.27160	1.27112	1.27159	621	0	2
2024.01.29	09:30:00	1.27159	1.27190	1.27157	1.27189	883	0	1
2024.01.29	09:35:00	1.27189	1.27189	1.27155	1.27180	878	0	1
2024.01.29	09:40:00	1.27177	1.27188	1.27147	1.27160	997	0	1
2024.01.29	09:45:00	1.27160	1.27182	1.27143	1.27145	651	0	1
2024.01.29	09:50:00	1.27145	1.27148	1.27107	1.27113	917	0	1
2024.01.29	09:55:00	1.27112	1.27115	1.27094	1.27109	1067	0	1
2024.01.29	10:00:00	1.27109	1.27120	1.27069	1.27109	1255	0	1
2024.01.29	10:05:00	1.27109	1.27134	1.27092	1.27108	947	0	1
2024.01.29	10:10:00	1.27108	1.27124	1.27095	1.27108	906	0	1
2024.01.29	10:15:00	1.27108	1.27113	1.27055	1.27071	1084	0	1
2024.01.29	10:20:00	1.27071	1.27091	1.27066	1.27078	721	0	1
2024.01.29	10:25:00	1.27078	1.27129	1.27075	1.27107	997	0	1
2024.01.29	10:30:00	1.27107	1.27141	1.27097	1.27138	869	0	1
2024.01.29	10:35:00	1.27138	1.27149	1.27082	1.27098	1049	0	1
2024.01.29	10:40:00	1.27098	1.27098	1.27023	1.27047	850	0	1
2024.01.29	10:45:00	1.27048	1.27071	1.27012	1.27048	935	0	1
2024.01.29	10:50:00	1.27048	1.27074	1.27035	1.27064	769	0	1
2024.01.29	10:55:00	1.27064	1.27067	1.27019	1.27022	751	0	1
2024.01.29	11:00:00	1.27022	1.27050	1.27009	1.27014	972	0	1
2024.01.29	11:05:00	1.27014	1.27060	1.26993	1.27050	949	0	1
2024.01.29	11:10:00	1.27050	1.27056	1.27023	1.27046	518	0	1
2024.01.29	11:15:00	1.27046	1.27061	1.26983	1.27029	793	0	1
2024.01.29	11:20:00	1.27029	1.27061	1.27023	1.27030	807	0	1
2024.01.29	11:25:00	1.27030	1.27048	1.27005	1.27045	502	0	1
2024.01.29	11:30:00	1.27045	1.27092	1.27038	1.27063	882	0	1
2024.01.29	11:35:00	1.27064	1.27073	1.27027	1.27036	517	0	1
2024.01.29	11:40:00	1.27036	1.27081	1.27024	1.27080	503	0	1
2024.01.29	11:45:00	1.27078	1.27107	1.27065	1.27080	612	0	1
2024.01.29	11:50:00	1.27080	1.27087	1.27044	1.27050	468	0	1
2024.01.29	11:55:00	1.27050	1.27065	1.27025	1.27034	446	0	1
2024.01.29	12:00:00	1.27034	1.27038	1.27008	1.27029	529	0	1
2024.01.29	12:05:00	1.27028	1.27051	1.27025	1.27030	447	0	1
2024.01.29	12:10:00	1.27030	1.27048	1.27017	1.27029	493	0	1
2024.01.29	12:15:00	1.27029	1.27048	1.27005	1.27021	453	0	1
2024.01.29	12:20:00	1.27020	1.27023	1.26974	1.26990	711	0	1
2024.01.29	12:25:00	1.26990	1.27012	1.26968	1.26979	749	0	1
2024.01.29	12:30:00	1.26979	1.27008	1.26955	1.26960	640	0	1
2024.01.29	12:35:00	1.26962	1.27000	1.26957	1.26997	560	0	1
2024.01.29	12:40:00	1.26997	1.27013	1.26965	1.26967	649	0	1
2024.01.29	12:45:00	1.26967	1.27003	1.26956	1.26994	809	0	1
2024.01.29	12:50:00	1.26994	1.27022	1.26977	1.26998	676	0	1
2024.01.29	12:55:00	1.26998	1.27061	1.26972	1.27050	916	0	1
2024.01.29	13:00:00	1.27050	1.27094	1.27046	1.27090	757	0	1
2024.01.29	13:05:00	1.27090	1.27127	1.27089	1.27112	880	0	1
2024.01.29	13:10:00	1.27111	1.27126	1.27060	1.27066	775	0	1
2024.01.29	13:15:00	1.27066	1.27069	1.27019	1.27038	796	0	1
2024.01.29	13:20:00	1.27038	1.27039	1.27013	1.27013	393	0	1
2024.01.29	13:25:00	1.27013	1.27035	1.27004	1.27015	464	0	1
2024.01.29	13:30:00	1.27015	1.27030	1.26998	1.27008	614	0	1
2024.01.29	13:35:00	1.27008	1.27031	1.26986	1.27012	536	0	1
2024.01.29	13:40:00	1.27013	1.27034	1.26994	1.26997	642	0	1
2024.01.29	13:45:00	1.26997	1.27007	1.26962	1.26969	544	0	1
2024.01.29	13:50:00	1.26970	1.26971	1.26919	1.26947	971	0	1
2024.01.29	13:55:00	1.26947	1.26961	1.26932	1.26950	547	0	1
2024.01.29	14:00:00	1.26950	1.26991	1.26938	1.26977	657	0	1
2024.01.29	14:05:00	1.26977	1.27032	1.26973	1.27028	592	0	1
2024.01.29	14:10:00	1.27028	1.27032	1.27006	1.27012	399	0	1
2024.01.29	14:15:00	1.27012	1.27027	1.26989	1.27022	453	0	1
2024.01.29	14:20:00	1.27022	1.27052	1.27005	1.27047	429	0	1
2024.01.29	14:25:00	1.27048	1.27093	1.27046	1.27073	840	0	1
2024.01.29	14:30:00	1.27073	1.27100	1.27068	1.27098	639	0	1
2024.01.29	14:35:00	1.27098	1.27130	1.27088	1.27109	915	0	1
2024.01.29	14:40:00	1.27109	1.27111	1.27077	1.27081	691	0	1
2024.01.29	14:45:00	1.27081	1.27110	1.27050	1.27050	785	0	1
2024.01.29	14:50:00	1.27050	1.27055	1.26982	1.26991	1022	0	1
2024.01.29	14:55:00	1.26991	1.26994	1.26956	1.26980	760	0	1
2024.01.29	15:00:00	1.26980	1.26983	1.26941	1.26959	1144	0	1
2024.01.29	15:05:00	1.26959	1.26969	1.26941	1.26960	764	0	1
2024.01.29	15:10:00	1.26960	1.26975	1.26932	1.26941	795	0	1
2024.01.29	15:15:00	1.26941	1.26945	1.26879	1.26882	910	0	1
2024.01.29	15:20:00	1.26884	1.26886	1.26829	1.26883	1416	0	1
2024.01.29	15:25:00	1.26883	1.26923	1.26876	1.26919	987	0	1
2024.01.29	15:30:00	1.26919	1.26928	1.26871	1.26876	1201	0	1
2024.01.29	15:35:00	1.26877	1.26923	1.26863	1.26898	1071	0	1
2024.01.29	15:40:00	1.26899	1.26912	1.26878	1.26902	741	0	1
2024.01.29	15:45:00	1.26902	1.26946	1.26895	1.26910	1109	0	1
2024.01.29	15:50:00	1.26910	1.26937	1.26894	1.26931	840	0	1
2024.01.29	15:55:00	1.26931	1.26959	1.26922	1.26937	995	0	1
2024.01.29	16:00:00	1.26937	1.26962	1.26892	1.26915	932	0	1
2024.01.29	16:05:00	1.26917	1.26954	1.26915	1.26927	736	0	1
2024.01.29	16:10:00	1.26927	1.26933	1.26832	1.26844	1017	0	1
2024.01.29	16:15:00	1.26844	1.26910	1.26830	1.26892	1035	0	1
2024.01.29	16:20:00	1.26891	1.26900	1.26859	1.26892	832	0	1
2024.01.29	16:25:00	1.26894	1.26894	1.26849	1.26853	862	0	1
2024.01.29	16:30:00	1.26852	1.26856	1.26795	1.26805	1511	0	1
2024.01.29	16:35:00	1.26805	1.26833	1.26777	1.26814	1519	0	1
2024.01.29	16:40:00	1.26814	1.26822	1.26786	1.26793	1170	0	1
2024.01.29	16:45:00	1.26793	1.26794	1.26726	1.26728	1354	0	1
2024.01.29	16:50:00	1.26728	1.26774	1.26716	1.26770	859	0	1
2024.01.29	16:55:00	1.26771	1.26783	1.26735	1.26764	984	0	1
2024.01.29	17:00:00	1.26765	1.26767	1.26733	1.26752	881	0	1
2024.01.29	17:05:00	1.26752	1.26783	1.26743	1.26783	631	0	1
2024.01.29	17:10:00	1.26783	1.26791	1.26751	1.26758	518	0	1
2024.01.29	17:15:00	1.26758	1.26768	1.26685	1.26695	981	0	1
2024.01.29	17:20:00	1.26696	1.26702	1.26628	1.26631	1145	0	1
2024.01.29	17:25:00	1.26630	1.26703	1.26619	1.26682	1231	0	1
2024.01.29	17:30:00	1.26682	1.26752	1.26678	1.26752	1108	0	1
2024.01.29	17:35:00	1.26751	1.26758	1.26696	1.26742	959	0	1
2024.01.29	17:40:00	1.26742	1.26795	1.26742	1.26793	1182	0	1
2024.01.29	17:45:00	1.26793	1.26804	1.26750	1.26771	1102	0	1
2024.01.29	17:50:00	1.26771	1.26788	1.26735	1.26780	905	0	1
2024.01.29	17:55:00	1.26780	1.26802	1.26718	1.26780	1997	0	1
2024.01.29	18:00:00	1.26779	1.26825	1.26771	1.26822	1821	0	1
2024.01.29	18:05:00	1.26822	1.26856	1.26797	1.26848	1136	0	1
2024.01.29	18:10:00	1.26846	1.26855	1.26829	1.26851	826	0	1
2024.01.29	18:15:00	1.26850	1.26851	1.26785	1.26799	850	0	1
2024.01.29	18:20:00	1.26799	1.26799	1.26739	1.26762	786	0	1
2024.01.29	18:25:00	1.26762	1.26821	1.26758	1.26810	784	0	1
2024.01.29	18:30:00	1.26810	1.26814	1.26733	1.26770	1032	0	1
2024.01.29	18:35:00	1.26770	1.26790	1.26737	1.26758	845	0	1
2024.01.29	18:40:00	1.26758	1.26784	1.26745	1.26779	540	0	1
2024.01.29	18:45:00	1.26779	1.26804	1.26776	1.26801	650	0	1
2024.01.29	18:50:00	1.26801	1.26829	1.26790	1.26821	743	0	1
2024.01.29	18:55:00	1.26821	1.26822	1.26781	1.26802	620	0	1
2024.01.29	19:00:00	1.26801	1.26822	1.26786	1.26794	853	0	3
2024.01.29	19:05:00	1.26794	1.26834	1.26789	1.26807	675	0	3
2024.01.29	19:10:00	1.26807	1.26837	1.26807	1.26827	436	0	3
2024.01.29	19:15:00	1.26827	1.26856	1.26820	1.26852	500	0	3
2024.01.29	19:20:00	1.26852	1.26882	1.26846	1.26877	812	0	3
2024.01.29	19:25:00	1.26877	1.26904	1.26873	1.26888	637	0	3
2024.01.29	19:30:00	1.26888	1.26902	1.26884	1.26887	367	0	3
2024.01.29	19:35:00	1.26887	1.26891	1.26870	1.26888	340	0	3
2024.01.29	19:40:00	1.26888	1.26890	1.26855	1.26859	502	0	3
2024.01.29	19:45:00	1.26859	1.26870	1.26841	1.26845	491	0	3
2024.01.29	19:50:00	1.26845	1.26853	1.26827	1.26835	462	0	3
2024.01.29	19:55:00	1.26835	1.26840	1.26816	1.26834	536	0	3
2024.01.29	20:00:00	1.26833	1.26841	1.26788	1.26802	700	0	3
2024.01.29	20:05:00	1.26802	1.26821	1.26791	1.26802	432	0	3
2024.01.29	20:10:00	1.26802	1.26807	1.26768	1.26780	508	0	3
2024.01.29	20:15:00	1.26780	1.26801	1.26768	1.26789	429	0	3
2024.01.29	20:20:00	1.26789	1.26794	1.26777	1.26789	431	0	3
2024.01.29	20:25:00	1.26789	1.26813	1.26787	1.26812	284	0	3
2024.01.29	20:30:00	1.26812	1.26824	1.26804	1.26810	405	0	3
2024.01.29	20:35:00	1.26810	1.26815	1.26796	1.26801	357	0	3
2024.01.29	20:40:00	1.26801	1.26824	1.26798	1.26811	192	0	3
2024.01.29	20:45:00	1.26811	1.26821	1.26807	1.26815	478	0	3
2024.01.29	20:50:00	1.26815	1.26819	1.26794	1.26800	471	0	3
2024.01.29	20:55:00	1.26800	1.26840	1.26798	1.26832	390	0	3
2024.01.29	21:00:00	1.26832	1.26855	1.26816	1.26839	556	0	3
2024.01.29	21:05:00	1.26839	1.26860	1.26839	1.26855	287	0	3
2024.01.29	21:10:00	1.26855	1.26912	1.26855	1.26875	715	0	3
2024.01.29	21:15:00	1.26875	1.26889	1.26866	1.26876	417	0	3
2024.01.29	21:20:00	1.26876	1.26882	1.26853	1.26867	267	0	3
2024.01.29	21:25:00	1.26867	1.26873	1.26854	1.26866	204	0	3
2024.01.29	21:30:00	1.26866	1.26879	1.26864	1.26875	157	0	3
2024.01.29	21:35:00	1.26875	1.26903	1.26874	1.26900	203	0	3
2024.01.29	21:40:00	1.26900	1.26921	1.26894	1.26896	473	0	3
2024.01.29	21:45:00	1.26896	1.26904	1.26886	1.26889	348	0	3
2024.01.29	21:50:00	1.26889	1.26913	1.26886	1.26911	310	0	3
2024.01.29	21:55:00	1.26911	1.26934	1.26908	1.26919	512	0	3
2024.01.29	22:00:00	1.26920	1.27078	1.26920	1.27039	2139	0	3
2024.01.29	22:05:00	1.27037	1.27050	1.27012	1.27045	1024	0	3
2024.01.29	22:10:00	1.27045	1.27084	1.27037	1.27062	778	0	3
2024.01.29	22:15:00	1.27064	1.27149	1.27062	1.27114	1394	0	3
2024.01.29	22:20:00	1.27114	1.27161	1.27099	1.27154	1334	0	3
2024.01.29	22:25:00	1.27154	1.27177	1.27121	1.27129	972	0	3
2024.01.29	22:30:00	1.27129	1.27154	1.27097	1.27101	924	0	3
2024.01.29	22:35:00	1.27101	1.27106	1.27071	1.27095	569	0	3
2024.01.29	22:40:00	1.27094	1.27120	1.27079	1.27097	718	0	3
2024.01.29	22:45:00	1.27096	1.27112	1.27076	1.27101	549	0	3
2024.01.29	22:50:00	1.27101	1.27124	1.27079	1.27087	446	0	3
2024.01.29	22:55:00	1.27087	1.27119	1.27082	1.27106	627	0	3
2024.01.29	23:00:00	1.27099	1.27101	1.27048	1.27056	593	0	17
2024.01.29	23:05:00	1.27058	1.27082	1.27050	1.27075	388	0	17
2024.01.29	23:10:00	1.27076	1.27097	1.27071	1.27092	379	0	17
2024.01.29	23:15:00	1.27091	1.27094	1.27075	1.27084	281	0	17
2024.01.29	23:20:00	1.27084	1.27094	1.27083	1.27087	103	0	3
2024.01.29	23:25:00	1.27091	1.27092	1.27085	1.27087	64	0	10
2024.01.29	23:30:00	1.27087	1.27090	1.27078	1.27083	105	0	13
2024.01.29	23:35:00	1.27083	1.27090	1.27063	1.27082	146	0	12
2024.01.29	23:40:00	1.27083	1.27094	1.27069	1.27079	118	0	11
2024.01.29	23:45:00	1.27080	1.27096	1.27076	1.27086	144	0	12
2024.01.29	23:50:00	1.27087	1.27100	1.27085	1.27098	114	0	13
2024.01.29	23:55:00	1.27096	1.27096	1.27072	1.27074	122	0	3
2024.01.30	00:00:00	1.27065	1.27074	1.26995	1.27042	32	0	39
2024.01.30	00:05:00	1.27035	1.27072	1.27014	1.27072	18	0	60
2024.01.30	00:10:00	1.27051	1.27090	1.27047	1.27069	30	0	50
2024.01.30	00:15:00	1.27076	1.27078	1.27065	1.27068	42	0	58
2024.01.30	00:20:00	1.27077	1.27077	1.27054	1.27066	71	0	54
2024.01.30	00:25:00	1.27063	1.27075	1.27062	1.27070	92	0	68
2024.01.30	00:30:00	1.27070	1.27085	1.27063	1.27071	499	0	41
2024.01.30	00:35:00	1.27072	1.27103	1.27053	1.27088	329	0	10
2024.01.30	00:40:00	1.27088	1.27101	1.27040	1.27042	595	0	10
2024.01.30	00:45:00	1.27040	1.27085	1.27037	1.27085	246	0	31
2024.01.30	00:50:00	1.27085	1.27086	1.27074	1.27079	233	0	33
2024.01.30	00:55:00	1.27078	1.27081	1.27054	1.27076	878	0	33
2024.01.30	01:00:00	1.27084	1.27118	1.27078	1.27114	205	0	5
2024.01.30	01:05:00	1.27116	1.27127	1.27109	1.27125	80	0	5
2024.01.30	01:10:00	1.27124	1.27125	1.27103	1.27104	106	0	5
2024.01.30	01:15:00	1.27108	1.27119	1.27100	1.27110	270	0	5
2024.01.30	01:20:00	1.27105	1.27116	1.27101	1.27103	407	0	5
2024.01.30	01:25:00	1.27104	1.27123	1.27102	1.27120	500	0	5
2024.01.30	01:30:00	1.27120	1.27124	1.27108	1.27115	472	0	5
2024.01.30	01:35:00	1.27115	1.27125	1.27114	1.27114	338	0	5
2024.01.30	01:40:00	1.27114	1.27121	1.27090	1.27105	343	0	5
2024.01.30	01:45:00	1.27104	1.27124	1.27104	1.27119	427	0	5
2024.01.30	01:50:00	1.27119	1.27130	1.27114	1.27119	313	0	5
2024.01.30	01:55:00	1.27119	1.27127	1.27114	1.27124	412	0	5
2024.01.30	02:00:00	1.27124	1.27153	1.27118	1.27139	858	0	5
2024.01.30	02:05:00	1.27139	1.27144	1.27115	1.27125	318	0	5
2024.01.30	02:10:00	1.27125	1.27133	1.27122	1.27130	257	0	5
2024.01.30	02:15:00	1.27130	1.27154	1.27129	1.27146	467	0	5
2024.01.30	02:20:00	1.27146	1.27173	1.27139	1.27169	426	0	5
2024.01.30	02:25:00	1.27169	1.27179	1.27153	1.27154	393	0	5
2024.01.30	02:30:00	1.27154	1.27156	1.27131	1.27154	394	0	5
2024.01.30	02:35:00	1.27154	1.27174	1.27153	1.27164	360	0	5
2024.01.30	02:40:00	1.27164	1.27187	1.27154	1.27184	477	0	5
2024.01.30	02:45:00	1.27184	1.27211	1.27182	1.27198	521	0	5
2024.01.30	02:50:00	1.27198	1.27199	1.27182	1.27183	494	0	5
2024.01.30	02:55:00	1.27183	1.27186	1.27172	1.27179	308	0	5
2024.01.30	03:00:00	1.27179	1.27179	1.27119	1.27122	689	0	5
2024.01.30	03:05:00	1.27121	1.27143	1.27101	1.27136	645	0	5
2024.01.30	03:10:00	1.27136	1.27146	1.27118	1.27118	555	0	5
2024.01.30	03:15:00	1.27118	1.27126	1.27073	1.27074	586	0	5
2024.01.30	03:20:00	1.27074	1.27097	1.27066	1.27085	648	0	5
2024.01.30	03:25:00	1.27085	1.27094	1.27054	1.27093	524	0	5
2024.01.30	03:30:00	1.27093	1.27095	1.27073	1.27088	559	0	5
2024.01.30	03:35:00	1.27088	1.27112	1.27088	1.27094	431	0	5
2024.01.30	03:40:00	1.27094	1.27094	1.27069	1.27073	339	0	5
2024.01.30	03:45:00	1.27072	1.27102	1.27063	1.27095	466	0	5
2024.01.30	03:50:00	1.27095	1.27118	1.27093	1.27115	259	0	5
2024.01.30	03:55:00	1.27115	1.27115	1.27096	1.27104	201	0	5
2024.01.30	04:00:00	1.27104	1.27106	1.27064	1.27083	279	0	5
2024.01.30	04:05:00	1.27083	1.27088	1.27068	1.27074	279	0	5
2024.01.30	04:10:00	1.27074	1.27086	1.27069	1.27084	244	0	5
2024.01.30	04:15:00	1.27084	1.27095	1.27068	1.27075	264	0	5
2024.01.30	04:20:00	1.27074	1.27094	1.27072	1.27093	246	0	5
2024.01.30	04:25:00	1.27093	1.27095	1.27065	1.27075	288	0	5
2024.01.30	04:30:00	1.27075	1.27081	1.27069	1.27077	260	0	5
2024.01.30	04:35:00	1.27078	1.27098	1.27071	1.27095	284	0	5
2024.01.30	04:40:00	1.27096	1.27100	1.27084	1.27092	336	0	5
2024.01.30	04:45:00	1.27092	1.27134	1.27091	1.27124	248	0	5
2024.01.30	04:50:00	1.27124	1.27125	1.27113	1.27124	135	0	5
2024.01.30	04:55:00	1.27124	1.27125	1.27100	1.27103	173	0	5
2024.01.30	05:00:00	1.27104	1.27106	1.27094	1.27100	176	0	5
2024.01.30	05:05:00	1.27100	1.27105	1.27092	1.27093	222	0	5
2024.01.30	05:10:00	1.27093	1.27104	1.27071	1.27074	316	0	5
2024.01.30	05:15:00	1.27074	1.27097	1.27073	1.27094	295	0	5
2024.01.30	05:20:00	1.27094	1.27096	1.27075	1.27086	262	0	5
2024.01.30	05:25:00	1.27086	1.27102	1.27083	1.27092	278	0	5
2024.01.30	05:30:00	1.27092	1.27104	1.27087	1.27102	209	0	5
2024.01.30	05:35:00	1.27102	1.27116	1.27094	1.27102	213	0	5
2024.01.30	05:40:00	1.27102	1.27105	1.27091	1.27101	254	0	5
2024.01.30	05:45:00	1.27101	1.27104	1.27093	1.27102	265	0	5
2024.01.30	05:50:00	1.27102	1.27102	1.27087	1.27090	209	0	5
2024.01.30	05:55:00	1.27091	1.27091	1.27070	1.27076	302	0	5
2024.01.30	06:00:00	1.27076	1.27105	1.27076	1.27094	245	0	5
2024.01.30	06:05:00	1.27094	1.27106	1.27092	1.27105	165	0	5
2024.01.30	06:10:00	1.27105	1.27116	1.27103	1.27111	187	0	5
2024.01.30	06:15:00	1.27111	1.27115	1.27096	1.27097	190	0	5
2024.01.30	06:20:00	1.27097	1.27101	1.27085	1.27091	176	0	5
2024.01.30	06:25:00	1.27091	1.27118	1.27081	1.27114	263	0	5
2024.01.30	06:30:00	1.27114	1.27117	1.27101	1.27112	316	0	5
2024.01.30	06:35:00	1.27112	1.27116	1.27096	1.27105	265	0	5
2024.01.30	06:40:00	1.27106	1.27106	1.27064	1.27074	385	0	5
2024.01.30	06:45:00	1.27075	1.27077	1.27039	1.27048	409	0	5
2024.01.30	06:50:00	1.27047	1.27055	1.27035	1.27042	376	0	5
2024.01.30	06:55:00	1.27042	1.27050	1.27035	1.27047	316	0	5
2024.01.30	07:00:00	1.27048	1.27058	1.27037	1.27053	389	0	5
2024.01.30	07:05:00	1.27053	1.27060	1.27042	1.27056	279	0	5
2024.01.30	07:10:00	1.27056	1.27076	1.27048	1.27073	249	0	5
2024.01.30	07:15:00	1.27073	1.27080	1.27062	1.27073	422	0	5
2024.01.30	07:20:00	1.27073	1.27095	1.27048	1.27050	489	0	5
2024.01.30	07:25:00	1.27051	1.27094	1.27048	1.27086	379	0	5
2024.01.30	07:30:00	1.27086	1.27096	1.27075	1.27094	337	0	5
2024.01.30	07:35:00	1.27094	1.27113	1.27092	1.27095	416	0	5
2024.01.30	07:40:00	1.27095	1.27102	1.27078	1.27084	448	0	5
2024.01.30	07:45:00	1.27084	1.27090	1.27072	1.27075	313	0	5
2024.01.30	07:50:00	1.27075	1.27076	1.27060	1.27070	251	0	5
2024.01.30	07:55:00	1.27070	1.27072	1.27052	1.27056	292	0	5
2024.01.30	08:00:00	1.27056	1.27067	1.27040	1.27055	493	0	5
2024.01.30	08:05:00	1.27055	1.27068	1.27051	1.27066	355	0	5
2024.01.30	08:10:00	1.27066	1.27085	1.27063	1.27085	347	0	5
2024.01.30	08:15:00	1.27085	1.27087	1.27063	1.27066	530	0	5
2024.01.30	08:20:00	1.27066	1.27066	1.27033	1.27053	523	0	5
2024.01.30	08:25:00	1.27053	1.27057	1.27033	1.27043	496	0	5
2024.01.30	08:30:00	1.27044	1.27061	1.27017	1.27033	564	0	2
2024.01.30	08:35:00	1.27033	1.27057	1.27024	1.27046	522	0	2
2024.01.30	08:40:00	1.27046	1.27048	1.27024	1.27027	340	0	2
2024.01.30	08:45:00	1.27027	1.27031	1.26993	1.26993	643	0	2
2024.01.30	08:50:00	1.26993	1.27004	1.26950	1.26966	703	0	2
2024.01.30	08:55:00	1.26966	1.26969	1.26924	1.26936	560	0	2
2024.01.30	09:00:00	1.26934	1.26937	1.26880	1.26900	1350	0	2
2024.01.30	09:05:00	1.26900	1.26916	1.26883	1.26896	893	0	2
2024.01.30	09:10:00	1.26896	1.26900	1.26835	1.26849	1075	0	2
2024.01.30	09:15:00	1.26849	1.26892	1.26837	1.26886	702	0	2
2024.01.30	09:20:00	1.26886	1.26922	1.26884	1.26906	646	0	2
2024.01.30	09:25:00	1.26904	1.26904	1.26873	1.26889	461	0	2
2024.01.30	09:30:00	1.26890	1.26914	1.26887	1.26897	504	0	1
2024.01.30	09:35:00	1.26897	1.26915	1.26888	1.26898	463	0	1
2024.01.30	09:40:00	1.26898	1.26923	1.26866	1.26871	719	0	1
2024.01.30	09:45:00	1.26871	1.26906	1.26860	1.26892	734	0	1
2024.01.30	09:50:00	1.26892	1.26932	1.26890	1.26910	658	0	1
2024.01.30	09:55:00	1.26910	1.26970	1.26905	1.26956	1109	0	1
2024.01.30	10:00:00	1.26956	1.26994	1.26894	1.26896	1591	0	1
2024.01.30	10:05:00	1.26896	1.26920	1.26865	1.26916	1066	0	1
2024.01.30	10:10:00	1.26916	1.26929	1.26878	1.26897	1108	0	1
2024.01.30	10:15:00	1.26897	1.26908	1.26851	1.26852	841	0	1
2024.01.30	10:20:00	1.26852	1.26900	1.26828	1.26883	1154	0	1
2024.01.30	10:25:00	1.26883	1.26903	1.26866	1.26888	1008	0	1
2024.01.30	10:30:00	1.26888	1.26926	1.26861	1.26867	901	0	1
2024.01.30	10:35:00	1.26867	1.26917	1.26852	1.26880	1063	0	1
2024.01.30	10:40:00	1.26880	1.26905	1.26863	1.26898	737	0	1
2024.01.30	10:45:00	1.26898	1.26925	1.26884	1.26893	936	0	1
2024.01.30	10:50:00	1.26892	1.26917	1.26879	1.26892	699	0	1
2024.01.30	10:55:00	1.26892	1.26904	1.26879	1.26889	485	0	1
2024.01.30	11:00:00	1.26889	1.26907	1.26838	1.26857	818	0	1
2024.01.30	11:05:00	1.26857	1.26887	1.26808	1.26827	1017	0	1
2024.01.30	11:10:00	1.26827	1.26838	1.26782	1.26787	987	0	1
2024.01.30	11:15:00	1.26787	1.26798	1.26747	1.26758	1028	0	1
2024.01.30	11:20:00	1.26758	1.26773	1.26738	1.26772	837	0	1
2024.01.30	11:25:00	1.26772	1.26785	1.26716	1.26730	805	0	1
2024.01.30	11:30:00	1.26729	1.26766	1.26713	1.26764	908	0	1
2024.01.30	11:35:00	1.26763	1.26781	1.26748	1.26769	842	0	1
2024.01.30	11:40:00	1.26769	1.26775	1.26746	1.26751	817	0	1
2024.01.30	11:45:00	1.26751	1.26765	1.26741	1.26759	498	0	1
2024.01.30	11:50:00	1.26759	1.26781	1.26756	1.26771	538	0	1
2024.01.30	11:55:00	1.26771	1.26825	1.26770	1.26811	649	0	1
2024.01.30	12:00:00	1.26810	1.26834	1.26784	1.26790	759	0	1
2024.01.30	12:05:00	1.26790	1.26812	1.26745	1.26745	746	0	1
2024.01.30	12:10:00	1.26745	1.26794	1.26726	1.26778	779	0	1
2024.01.30	12:15:00	1.26777	1.26823	1.26755	1.26778	711	0	1
2024.01.30	12:20:00	1.26779	1.26833	1.26766	1.26799	692	0	1
2024.01.30	12:25:00	1.26799	1.26839	1.26786	1.26791	610	0	1
2024.01.30	12:30:00	1.26791	1.26818	1.26774	1.26788	866	0	1
2024.01.30	12:35:00	1.26788	1.26806	1.26769	1.26788	714	0	1
2024.01.30	12:40:00	1.26788	1.26801	1.26781	1.26787	459	0	1
2024.01.30	12:45:00	1.26787	1.26815	1.26781	1.26796	518	0	1
2024.01.30	12:50:00	1.26797	1.26805	1.26767	1.26799	695	0	1
2024.01.30	12:55:00	1.26791	1.26802	1.26778	1.26797	485	0	1
2024.01.30	13:00:00	1.26796	1.26820	1.26785	1.26819	367	0	1
2024.01.30	13:05:00	1.26818	1.26820	1.26783	1.26806	450	0	1
2024.01.30	13:10:00	1.26806	1.26814	1.26774	1.26776	635	0	1
2024.01.30	13:15:00	1.26776	1.26776	1.26729	1.26757	1013	0	1
2024.01.30	13:20:00	1.26760	1.26824	1.26751	1.26799	700	0	1
2024.01.30	13:25:00	1.26801	1.26813	1.26785	1.26798	586	0	1
2024.01.30	13:30:00	1.26798	1.26805	1.26767	1.26778	434	0	1
2024.01.30	13:35:00	1.26778	1.26828	1.26765	1.26824	672	0	1
2024.01.30	13:40:00	1.26824	1.26829	1.26787	1.26797	444	0	1
2024.01.30	13:45:00	1.26797	1.26818	1.26795	1.26812	405	0	1
2024.01.30	13:50:00	1.26812	1.26813	1.26784	1.26787	362	0	1
2024.01.30	13:55:00	1.26787	1.26814	1.26779	1.26781	446	0	1
2024.01.30	14:00:00	1.26780	1.26805	1.26767	1.26789	428	0	1
2024.01.30	14:05:00	1.26789	1.26798	1.26783	1.26785	422	0	1
2024.01.30	14:10:00	1.26785	1.26791	1.26768	1.26781	422	0	1
2024.01.30	14:15:00	1.26782	1.26797	1.26770	1.26781	292	0	1
2024.01.30	14:20:00	1.26780	1.26781	1.26726	1.26739	696	0	1
2024.01.30	14:25:00	1.26740	1.26761	1.26715	1.26752	796	0	1
2024.01.30	14:30:00	1.26752	1.26760	1.26730	1.26738	538	0	1
2024.01.30	14:35:00	1.26738	1.26740	1.26659	1.26683	909	0	1
2024.01.30	14:40:00	1.26683	1.26713	1.26676	1.26693	664	0	1
2024.01.30	14:45:00	1.26693	1.26724	1.26689	1.26722	573	0	1
2024.01.30	14:50:00	1.26723	1.26735	1.26682	1.26699	876	0	1
2024.01.30	14:55:00	1.26699	1.26752	1.26699	1.26724	918	0	1
2024.01.30	15:00:00	1.26724	1.26740	1.26661	1.26669	1483	0	1
2024.01.30	15:05:00	1.26669	1.26684	1.26633	1.26669	1103	0	1
2024.01.30	15:10:00	1.26669	1.26673	1.26628	1.26662	885	0	1
2024.01.30	15:15:00	1.26662	1.26688	1.26641	1.26662	909	0	1
2024.01.30	15:20:00	1.26662	1.26678	1.26628	1.26650	957	0	1
2024.01.30	15:25:00	1.26651	1.26673	1.26645	1.26663	679	0	1
2024.01.30	15:30:00	1.26663	1.26700	1.26653	1.26662	856	0	1
2024.01.30	15:35:00	1.26662	1.26683	1.26624	1.26681	917	0	1
2024.01.30	15:40:00	1.26681	1.26752	1.26678	1.26749	1118	0	1
2024.01.30	15:45:00	1.26749	1.26771	1.26715	1.26728	1274	0	1
2024.01.30	15:50:00	1.26728	1.26743	1.26706	1.26720	773	0	1
2024.01.30	15:55:00	1.26720	1.26768	1.26717	1.26752	822	0	1
2024.01.30	16:00:00	1.26752	1.26790	1.26724	1.26782	1308	0	1
2024.01.30	16:05:00	1.26782	1.26818	1.26779	1.26816	1138	0	1
2024.01.30	16:10:00	1.26812	1.26878	1.26810	1.26860	1278	0	1
2024.01.30	16:15:00	1.26860	1.26873	1.26837	1.26841	1092	0	1
2024.01.30	16:20:00	1.26841	1.26864	1.26817	1.26840	1050	0	1
2024.01.30	16:25:00	1.26840	1.26876	1.26822	1.26837	1130	0	1
2024.01.30	16:30:00	1.26837	1.26879	1.26830	1.26856	1599	0	1
2024.01.30	16:35:00	1.26856	1.26858	1.26763	1.26777	1492	0	1
2024.01.30	16:40:00	1.26777	1.26778	1.26734	1.26777	1166	0	1
2024.01.30	16:45:00	1.26776	1.26858	1.26775	1.26855	1426	0	1
2024.01.30	16:50:00	1.26855	1.26873	1.26808	1.26817	1486	0	1
2024.01.30	16:55:00	1.26815	1.26819	1.26743	1.26752	1279	0	1
2024.01.30	17:00:00	1.26753	1.26866	1.26573	1.26608	3053	0	1
2024.01.30	17:05:00	1.26608	1.26639	1.26532	1.26547	2979	0	1
2024.01.30	17:10:00	1.26547	1.26579	1.26453	1.26464	2692	0	1
2024.01.30	17:15:00	1.26464	1.26496	1.26400	1.26445	2792	0	1
2024.01.30	17:20:00	1.26446	1.26514	1.26426	1.26507	1985	0	1
2024.01.30	17:25:00	1.26507	1.26562	1.26485	1.26559	1903	0	1
2024.01.30	17:30:00	1.26559	1.26559	1.26509	1.26553	1473	0	1
2024.01.30	17:35:00	1.26553	1.26586	1.26519	1.26578	1491	0	1
2024.01.30	17:40:00	1.26578	1.26618	1.26529	1.26587	1559	0	1
2024.01.30	17:45:00	1.26587	1.26625	1.26569	1.26600	1691	0	1
2024.01.30	17:50:00	1.26600	1.26619	1.26578	1.26611	1525	0	1
2024.01.30	17:55:00	1.26611	1.26668	1.26597	1.26652	1931	0	1
2024.01.30	18:00:00	1.26652	1.26694	1.26641	1.26690	1818	0	1
2024.01.30	18:05:00	1.26690	1.26713	1.26616	1.26641	1437	0	1
2024.01.30	18:10:00	1.26641	1.26665	1.26617	1.26632	1218	0	1
2024.01.30	18:15:00	1.26632	1.26634	1.26595	1.26599	896	0	1
2024.01.30	18:20:00	1.26599	1.26622	1.26593	1.26620	917	0	1
2024.01.30	18:25:00	1.26619	1.26660	1.26613	1.26660	1038	0	1
2024.01.30	18:30:00	1.26659	1.26703	1.26653	1.26694	1190	0	1
2024.01.30	18:35:00	1.26694	1.26729	1.26684	1.26727	1049	0	1
2024.01.30	18:40:00	1.26727	1.26760	1.26705	1.26758	1123	0	1
2024.01.30	18:45:00	1.26758	1.26795	1.26755	1.26787	1027	0	1
2024.01.30	18:50:00	1.26787	1.26823	1.26773	1.26784	1111	0	1
2024.01.30	18:55:00	1.26784	1.26833	1.26784	1.26823	747	0	1
2024.01.30	19:00:00	1.26822	1.26861	1.26813	1.26858	1089	0	3
2024.01.30	19:05:00	1.26858	1.26876	1.26826	1.26872	1090	0	3
2024.01.30	19:10:00	1.26872	1.26888	1.26854	1.26887	630	0	3
2024.01.30	19:15:00	1.26887	1.26891	1.26854	1.26866	633	0	3
2024.01.30	19:20:00	1.26867	1.26878	1.26847	1.26866	712	0	3
2024.01.30	19:25:00	1.26865	1.26869	1.26840	1.26847	659	0	3
2024.01.30	19:30:00	1.26847	1.26862	1.26830	1.26845	687	0	3
2024.01.30	19:35:00	1.26845	1.26860	1.26840	1.26849	449	0	3
2024.01.30	19:40:00	1.26849	1.26872	1.26819	1.26824	553	0	3
2024.01.30	19:45:00	1.26824	1.26845	1.26794	1.26805	740	0	3
2024.01.30	19:50:00	1.26805	1.26808	1.26783	1.26804	667	0	3
2024.01.30	19:55:00	1.26804	1.26817	1.26795	1.26807	549	0	3
2024.01.30	20:00:00	1.26807	1.26807	1.26763	1.26768	668	0	3
2024.01.30	20:05:00	1.26769	1.26818	1.26766	1.26803	689	0	3
2024.01.30	20:10:00	1.26803	1.26803	1.26759	1.26776	568	0	3
2024.01.30	20:15:00	1.26777	1.26797	1.26772	1.26784	472	0	3
2024.01.30	20:20:00	1.26784	1.26788	1.26735	1.26741	608	0	3
2024.01.30	20:25:00	1.26741	1.26760	1.26734	1.26759	421	0	3
2024.01.30	20:30:00	1.26760	1.26787	1.26760	1.26784	545	0	3
2024.01.30	20:35:00	1.26785	1.26787	1.26751	1.26766	389	0	3
2024.01.30	20:40:00	1.26766	1.26795	1.26764	1.26775	216	0	3
2024.01.30	20:45:00	1.26775	1.26823	1.26774	1.26814	355	0	3
2024.01.30	20:50:00	1.26814	1.26848	1.26806	1.26843	349	0	3
2024.01.30	20:55:00	1.26844	1.26866	1.26841	1.26856	733	0	3
2024.01.30	21:00:00	1.26856	1.26891	1.26852	1.26856	559	0	3
2024.01.30	21:05:00	1.26855	1.26873	1.26841	1.26864	422	0	3
2024.01.30	21:10:00	1.26864	1.26887	1.26850	1.26884	288	0	3
2024.01.30	21:15:00	1.26884	1.26898	1.26863	1.26875	402	0	3
2024.01.30	21:20:00	1.26875	1.26919	1.26872	1.26894	368	0	3
2024.01.30	21:25:00	1.26895	1.26906	1.26891	1.26905	224	0	3
2024.01.30	21:30:00	1.26905	1.26934	1.26902	1.26925	336	0	3
2024.01.30	21:35:00	1.26925	1.26945	1.26911	1.26913	406	0	3
2024.01.30	21:40:00	1.26913	1.26945	1.26910	1.26942	293	0	3
2024.01.30	21:45:00	1.26942	1.26946	1.26901	1.26933	502	0	3
2024.01.30	21:50:00	1.26933	1.26939	1.26905	1.26923	545	0	3
2024.01.30	21:55:00	1.26923	1.26964	1.26915	1.26957	900	0	3
2024.01.30	22:00:00	1.26957	1.26977	1.26948	1.26956	626	0	3
2024.01.30	22:05:00	1.26957	1.26960	1.26917	1.26921	485	0	3
2024.01.30	22:10:00	1.26921	1.26933	1.26894	1.26902	390	0	3
2024.01.30	22:15:00	1.26901	1.26918	1.26898	1.26904	295	0	3
2024.01.30	22:20:00	1.26904	1.26912	1.26893	1.26896	272	0	3
2024.01.30	22:25:00	1.26896	1.26935	1.26895	1.26916	271	0	3
2024.01.30	22:30:00	1.26916	1.26932	1.26914	1.26916	374	0	3
2024.01.30	22:35:00	1.26916	1.26918	1.26897	1.26911	395	0	3
2024.01.30	22:40:00	1.26911	1.26925	1.26894	1.26923	447	0	3
2024.01.30	22:45:00	1.26922	1.26928	1.26922	1.26928	228	0	3
2024.01.30	22:50:00	1.26928	1.26944	1.26920	1.26927	474	0	3
2024.01.30	22:55:00	1.26927	1.26961	1.26927	1.26957	414	0	3
2024.01.30	23:00:00	1.26950	1.26964	1.26937	1.26950	872	0	17
2024.01.30	23:05:00	1.26951	1.26955	1.26940	1.26944	288	0	17
2024.01.30	23:10:00	1.26945	1.26957	1.26940	1.26957	267	0	17
2024.01.30	23:15:00	1.26957	1.26972	1.26955	1.26969	147	0	17
2024.01.30	23:20:00	1.26970	1.26981	1.26966	1.26966	185	0	11
2024.01.30	23:25:00	1.26967	1.26969	1.26937	1.26962	288	0	17
2024.01.30	23:30:00	1.26963	1.26971	1.26958	1.26968	176	0	14
2024.01.30	23:35:00	1.26969	1.26975	1.26962	1.26964	115	0	13
2024.01.30	23:40:00	1.26964	1.26975	1.26958	1.26972	145	0	15
2024.01.30	23:45:00	1.26973	1.26980	1.26966	1.26977	132	0	12
2024.01.30	23:50:00	1.26975	1.26992	1.26973	1.26988	199	0	14
2024.01.30	23:55:00	1.26989	1.27001	1.26980	1.26982	101	0	4
2024.01.31	00:00:00	1.26981	1.26983	1.26741	1.26831	58	0	18
