<DATE>	<TIME>	<OPEN>	<HIGH>	<LOW>	<CLOSE>	<TICKVOL>	<VOL>	<SPREAD>
2025.12.29	00:00:00	184.144	184.192	183.958	184.170	531	0	300
2025.12.29	00:15:00	184.170	184.392	184.170	184.363	207	0	80
2025.12.29	00:30:00	184.363	184.364	184.231	184.260	960	0	80
2025.12.29	00:45:00	184.267	184.324	184.227	184.242	884	0	80
2025.12.29	01:00:00	184.242	184.384	184.242	184.286	634	0	22
2025.12.29	01:15:00	184.286	184.305	184.230	184.251	855	0	22
2025.12.29	01:30:00	184.252	184.350	184.225	184.296	956	0	22
2025.12.29	01:45:00	184.289	184.307	184.220	184.257	774	0	22
2025.12.29	02:00:00	184.256	184.259	183.792	183.867	1967	0	22
2025.12.29	02:15:00	183.874	184.009	183.847	183.964	1548	0	22
2025.12.29	02:30:00	183.955	184.043	183.890	183.980	1794	0	22
2025.12.29	02:45:00	183.976	184.185	183.960	184.136	1996	0	22
2025.12.29	03:00:00	184.137	184.236	184.113	184.136	1871	0	22
2025.12.29	03:15:00	184.135	184.186	184.085	184.115	1564	0	22
2025.12.29	03:30:00	184.109	184.238	184.069	184.204	1470	0	22
2025.12.29	03:45:00	184.202	184.260	184.181	184.254	1347	0	22
2025.12.29	04:00:00	184.253	184.407	184.223	184.372	1400	0	22
2025.12.29	04:15:00	184.366	184.413	184.271	184.305	1332	0	22
2025.12.29	04:30:00	184.310	184.348	184.224	184.251	1195	0	22
2025.12.29	04:45:00	184.250	184.279	184.207	184.258	1198	0	22
2025.12.29	05:00:00	184.253	184.259	184.172	184.185	1112	0	22
2025.12.29	05:15:00	184.176	184.211	184.117	184.144	1010	0	22
2025.12.29	05:30:00	184.137	184.191	184.119	184.183	1258	0	22
2025.12.29	05:45:00	184.175	184.182	184.114	184.145	1103	0	22
2025.12.29	06:00:00	184.153	184.214	184.130	184.153	1279	0	22
2025.12.29	06:15:00	184.161	184.190	184.019	184.037	1128	0	22
2025.12.29	06:30:00	184.036	184.037	183.956	183.977	1274	0	22
2025.12.29	06:45:00	183.989	184.015	183.953	184.013	1270	0	22
2025.12.29	07:00:00	184.011	184.015	183.828	183.862	1440	0	22
2025.12.29	07:15:00	183.863	183.890	183.800	183.882	1362	0	22
2025.12.29	07:30:00	183.875	183.903	183.811	183.824	1324	0	22
2025.12.29	07:45:00	183.821	183.827	183.752	183.809	1280	0	22
2025.12.29	08:00:00	183.804	183.831	183.750	183.806	1373	0	22
2025.12.29	08:15:00	183.808	183.825	183.723	183.789	1298	0	22
2025.12.29	08:30:00	183.796	183.904	183.775	183.887	1416	0	15
2025.12.29	08:45:00	183.881	183.914	183.800	183.869	1562	0	15
2025.12.29	09:00:00	183.858	183.913	183.792	183.885	1959	0	15
2025.12.29	09:15:00	183.886	183.906	183.812	183.872	1730	0	15
2025.12.29	09:30:00	183.874	183.929	183.840	183.887	1431	0	10
2025.12.29	09:45:00	183.888	183.949	183.838	183.858	1627	0	10
2025.12.29	10:00:00	183.857	183.989	183.822	183.970	1766	0	10
2025.12.29	10:15:00	183.956	184.085	183.954	184.038	1524	0	10
2025.12.29	10:30:00	184.032	184.134	184.028	184.089	1774	0	10
2025.12.29	10:45:00	184.095	184.245	184.073	184.218	1822	0	10
2025.12.29	11:00:00	184.210	184.259	184.102	184.107	2049	0	10
2025.12.29	11:15:00	184.114	184.121	184.038	184.070	1631	0	10
2025.12.29	11:30:00	184.058	184.148	183.979	184.011	2128	0	10
2025.12.29	11:45:00	184.025	184.158	184.004	184.134	1868	0	10
2025.12.29	12:00:00	184.134	184.191	184.066	184.126	1730	0	10
2025.12.29	12:15:00	184.127	184.172	184.041	184.079	1646	0	10
2025.12.29	12:30:00	184.070	184.096	184.000	184.023	1727	0	10
2025.12.29	12:45:00	184.032	184.088	183.969	183.987	1578	0	10
2025.12.29	13:00:00	183.996	183.999	183.877	183.906	1734	0	10
2025.12.29	13:15:00	183.905	183.939	183.860	183.928	1545	0	10
2025.12.29	13:30:00	183.935	184.022	183.902	184.013	1469	0	10
2025.12.29	13:45:00	184.011	184.115	183.987	184.068	1773	0	10
2025.12.29	14:00:00	184.077	184.114	183.925	183.948	1780	0	9
2025.12.29	14:15:00	183.935	183.952	183.893	183.915	1626	0	9
2025.12.29	14:30:00	183.921	183.953	183.892	183.916	1523	0	9
2025.12.29	14:45:00	183.917	183.954	183.862	183.927	1727	0	9
2025.12.29	15:00:00	183.932	183.974	183.851	183.924	2039	0	9
2025.12.29	15:15:00	183.923	184.007	183.910	183.954	1826	0	9
2025.12.29	15:30:00	183.955	183.998	183.903	183.973	1906	0	9
2025.12.29	15:45:00	183.980	183.985	183.896	183.927	2092	0	9
2025.12.29	16:00:00	183.942	183.942	183.783	183.926	2187	0	9
2025.12.29	16:15:00	183.915	183.981	183.888	183.937	1828	0	9
2025.12.29	16:30:00	183.937	184.016	183.895	184.014	2309	0	9
2025.12.29	16:45:00	184.006	184.045	183.936	184.022	2192	0	9
2025.12.29	17:00:00	184.024	184.154	183.958	183.995	2245	0	9
2025.12.29	17:15:00	183.983	184.098	183.966	184.083	2027	0	9
2025.12.29	17:30:00	184.094	184.150	183.954	183.975	2261	0	9
2025.12.29	17:45:00	183.981	183.982	183.516	183.559	2829	0	9
2025.12.29	18:00:00	183.547	183.654	183.477	183.541	2453	0	9
2025.12.29	18:15:00	183.551	183.618	183.506	183.571	1933	0	9
2025.12.29	18:30:00	183.581	183.581	183.455	183.546	1967	0	9
2025.12.29	18:45:00	183.546	183.640	183.514	183.572	1678	0	9
2025.12.29	19:00:00	183.565	183.588	183.471	183.509	1728	0	20
2025.12.29	19:15:00	183.504	183.570	183.477	183.514	1537	0	20
2025.12.29	19:30:00	183.516	183.581	183.502	183.534	1310	0	20
2025.12.29	19:45:00	183.527	183.618	183.525	183.603	1261	0	20
2025.12.29	20:00:00	183.601	183.647	183.578	183.633	1231	0	20
2025.12.29	20:15:00	183.634	183.671	183.584	183.658	1267	0	20
2025.12.29	20:30:00	183.665	183.713	183.651	183.686	1219	0	20
2025.12.29	20:45:00	183.692	183.729	183.670	183.717	1087	0	20
2025.12.29	21:00:00	183.718	183.776	183.708	183.739	1011	0	20
2025.12.29	21:15:00	183.746	183.771	183.709	183.744	901	0	20
2025.12.29	21:30:00	183.748	183.770	183.679	183.705	1009	0	20
2025.12.29	21:45:00	183.704	183.719	183.610	183.652	1594	0	20
2025.12.29	22:00:00	183.652	183.694	183.614	183.622	1581	0	20
2025.12.29	22:15:00	183.610	183.685	183.607	183.658	1184	0	20
2025.12.29	22:30:00	183.660	183.720	183.657	183.679	1013	0	20
2025.12.29	22:45:00	183.678	183.753	183.626	183.728	1455	0	20
2025.12.29	23:00:00	183.715	183.768	183.708	183.742	843	0	60
2025.12.29	23:15:00	183.744	183.764	183.682	183.707	652	0	60
2025.12.29	23:30:00	183.714	183.759	183.684	183.754	447	0	60
2025.12.29	23:45:00	183.753	183.774	183.647	183.647	592	0	28
2025.12.30	00:00:00	183.564	183.709	183.405	183.686	229	0	124
2025.12.30	00:15:00	183.687	183.779	183.610	183.628	466	0	80
2025.12.30	00:30:00	183.631	183.735	183.621	183.712	545	0	80
2025.12.30	00:45:00	183.711	183.726	183.595	183.641	747	0	80
2025.12.30	01:00:00	183.667	183.753	183.645	183.706	786	0	22
2025.12.30	01:15:00	183.707	183.816	183.707	183.814	607	0	22
2025.12.30	01:30:00	183.816	183.816	183.727	183.762	588	0	22
2025.12.30	01:45:00	183.764	183.771	183.663	183.663	600	0	22
2025.12.30	02:00:00	183.662	183.836	183.595	183.795	992	0	22
2025.12.30	02:15:00	183.793	183.823	183.696	183.770	780	0	22
2025.12.30	02:30:00	183.769	183.872	183.747	183.852	1138	0	22
2025.12.30	02:45:00	183.853	184.094	183.817	183.986	1420	0	22
2025.12.30	03:00:00	183.986	184.071	183.950	183.951	868	0	22
2025.12.30	03:15:00	183.953	184.017	183.947	183.998	789	0	22
2025.12.30	03:30:00	183.997	184.023	183.955	183.980	951	0	22
2025.12.30	03:45:00	183.981	184.035	183.944	183.973	828	0	22
2025.12.30	04:00:00	183.967	184.045	183.896	184.035	992	0	22
2025.12.30	04:15:00	184.039	184.081	183.999	184.052	951	0	22
2025.12.30	04:30:00	184.052	184.071	184.021	184.061	768	0	22
2025.12.30	04:45:00	184.059	184.088	184.027	184.045	992	0	22
2025.12.30	05:00:00	184.046	184.066	184.018	184.036	729	0	22
2025.12.30	05:15:00	184.038	184.072	184.030	184.043	611	0	22
2025.12.30	05:30:00	184.043	184.051	183.989	184.010	671	0	22
2025.12.30	05:45:00	184.008	184.025	183.959	184.003	699	0	22
2025.12.30	06:00:00	184.003	184.037	183.981	183.998	762	0	22
2025.12.30	06:15:00	183.999	184.009	183.943	183.959	468	0	22
2025.12.30	06:30:00	183.960	183.960	183.880	183.890	675	0	22
2025.12.30	06:45:00	183.889	183.903	183.804	183.837	916	0	22
2025.12.30	07:00:00	183.841	183.860	183.761	183.857	959	0	22
2025.12.30	07:15:00	183.852	183.878	183.797	183.805	667	0	22
2025.12.30	07:30:00	183.805	183.864	183.757	183.785	910	0	22
2025.12.30	07:45:00	183.784	183.833	183.727	183.762	955	0	22
2025.12.30	08:00:00	183.759	183.811	183.734	183.757	924	0	22
2025.12.30	08:15:00	183.760	183.801	183.701	183.767	973	0	22
2025.12.30	08:30:00	183.784	183.879	183.782	183.783	1038	0	15
2025.12.30	08:45:00	183.782	183.857	183.752	183.817	860	0	15
2025.12.30	09:00:00	183.817	183.825	183.682	183.711	1013	0	15
2025.12.30	09:15:00	183.712	183.738	183.679	183.719	982	0	15
2025.12.30	09:30:00	183.722	183.741	183.588	183.593	947	0	10
2025.12.30	09:45:00	183.592	183.661	183.542	183.641	1029	0	10
2025.12.30	10:00:00	183.621	183.659	183.459	183.571	1290	0	10
2025.12.30	10:15:00	183.565	183.609	183.490	183.508	1216	0	10
2025.12.30	10:30:00	183.517	183.637	183.455	183.590	1139	0	10
2025.12.30	10:45:00	183.587	183.627	183.532	183.585	892	0	10
2025.12.30	11:00:00	183.588	183.629	183.502	183.510	1129	0	10
2025.12.30	11:15:00	183.510	183.644	183.482	183.639	1002	0	10
2025.12.30	11:30:00	183.641	183.711	183.624	183.666	1128	0	10
2025.12.30	11:45:00	183.666	183.695	183.529	183.529	1074	0	10
2025.12.30	12:00:00	183.532	183.587	183.486	183.555	1145	0	10
2025.12.30	12:15:00	183.561	183.574	183.489	183.512	862	0	10
2025.12.30	12:30:00	183.517	183.534	183.416	183.477	1181	0	10
2025.12.30	12:45:00	183.476	183.543	183.436	183.524	1047	0	10
2025.12.30	13:00:00	183.524	183.556	183.473	183.530	1096	0	10
2025.12.30	13:15:00	183.529	183.544	183.480	183.511	896	0	10
2025.12.30	13:30:00	183.512	183.535	183.481	183.492	865	0	10
2025.12.30	13:45:00	183.493	183.582	183.438	183.478	1128	0	10
2025.12.30	14:00:00	183.476	183.495	183.417	183.480	967	0	9
2025.12.30	14:15:00	183.496	183.556	183.477	183.533	1076	0	9
2025.12.30	14:30:00	183.534	183.591	183.488	183.504	979	0	9
2025.12.30	14:45:00	183.489	183.532	183.440	183.463	1163	0	9
2025.12.30	15:00:00	183.465	183.561	183.407	183.560	1183	0	9
2025.12.30	15:15:00	183.561	183.755	183.545	183.662	1347	0	9
2025.12.30	15:30:00	183.665	183.697	183.585	183.641	1259	0	9
2025.12.30	15:45:00	183.641	183.823	183.602	183.780	1494	0	9
2025.12.30	16:00:00	183.781	183.785	183.627	183.690	1271	0	9
2025.12.30	16:15:00	183.692	183.797	183.658	183.765	1112	0	9
2025.12.30	16:30:00	183.764	183.857	183.759	183.815	1257	0	9
2025.12.30	16:45:00	183.815	183.893	183.772	183.855	1564	0	9
2025.12.30	17:00:00	183.855	183.978	183.840	183.867	1551	0	9
2025.12.30	17:15:00	183.855	183.948	183.855	183.930	1389	0	9
2025.12.30	17:30:00	183.932	183.960	183.859	183.944	1313	0	9
2025.12.30	17:45:00	183.945	183.983	183.831	183.880	1694	0	9
2025.12.30	18:00:00	183.861	183.894	183.797	183.802	1465	0	9
2025.12.30	18:15:00	183.801	183.841	183.771	183.818	1409	0	9
2025.12.30	18:30:00	183.821	183.867	183.778	183.849	1137	0	9
2025.12.30	18:45:00	183.849	183.896	183.823	183.866	959	0	9
2025.12.30	19:00:00	183.858	183.942	183.822	183.900	1064	0	20
2025.12.30	19:15:00	183.912	183.967	183.878	183.901	897	0	20
2025.12.30	19:30:00	183.899	183.922	183.831	183.835	796	0	20
2025.12.30	19:45:00	183.836	183.868	183.808	183.810	820	0	20
2025.12.30	20:00:00	183.808	183.876	183.798	183.844	993	0	20
2025.12.30	20:15:00	183.857	183.876	183.822	183.844	753	0	20
2025.12.30	20:30:00	183.843	183.870	183.822	183.843	840	0	20
2025.12.30	20:45:00	183.858	183.863	183.791	183.797	830	0	20
2025.12.30	21:00:00	183.791	183.874	183.785	183.826	775	0	20
2025.12.30	21:15:00	183.825	183.852	183.795	183.817	638	0	20
2025.12.30	21:30:00	183.818	183.875	183.799	183.855	570	0	20
2025.12.30	21:45:00	183.854	183.897	183.818	183.868	915	0	20
2025.12.30	22:00:00	183.864	183.872	183.785	183.804	759	0	20
2025.12.30	22:15:00	183.817	183.857	183.802	183.836	662	0	20
2025.12.30	22:30:00	183.843	183.861	183.805	183.817	515	0	20
2025.12.30	22:45:00	183.815	183.834	183.777	183.785	719	0	20
2025.12.30	23:00:00	183.766	183.790	183.736	183.775	516	0	60
2025.12.30	23:15:00	183.776	183.776	183.714	183.727	353	0	60
2025.12.30	23:30:00	183.725	183.781	183.725	183.760	304	0	60
2025.12.30	23:45:00	183.763	183.790	183.735	183.785	530	0	29
2025.12.31	00:00:00	183.536	183.647	183.536	183.613	110	0	127
2025.12.31	00:15:00	183.612	183.708	183.612	183.705	177	0	80
2025.12.31	00:30:00	183.703	183.703	183.677	183.692	230	0	80
2025.12.31	00:45:00	183.691	183.703	183.646	183.662	317	0	80
2025.12.31	01:00:00	183.691	183.715	183.655	183.702	486	0	22
2025.12.31	01:15:00	183.702	183.752	183.685	183.744	503	0	22
2025.12.31	01:30:00	183.730	183.758	183.725	183.754	379	0	22
2025.12.31	01:45:00	183.753	183.786	183.704	183.706	363	0	22
2025.12.31	02:00:00	183.706	183.726	183.627	183.709	476	0	22
2025.12.31	02:15:00	183.708	183.778	183.702	183.724	499	0	22
2025.12.31	02:30:00	183.723	183.782	183.723	183.760	590	0	22
2025.12.31	02:45:00	183.761	183.767	183.670	183.721	884	0	22
2025.12.31	03:00:00	183.726	183.769	183.681	183.744	739	0	22
2025.12.31	03:15:00	183.744	183.750	183.673	183.691	686	0	22
2025.12.31	03:30:00	183.690	183.731	183.677	183.691	687	0	22
2025.12.31	03:45:00	183.708	183.738	183.671	183.684	791	0	22
2025.12.31	04:00:00	183.685	183.727	183.658	183.672	692	0	22
2025.12.31	04:15:00	183.675	183.714	183.665	183.692	629	0	22
2025.12.31	04:30:00	183.693	183.708	183.662	183.699	665	0	22
2025.12.31	04:45:00	183.699	183.745	183.679	183.724	621	0	22
2025.12.31	05:00:00	183.723	183.726	183.693	183.705	550	0	22
2025.12.31	05:15:00	183.707	183.739	183.693	183.717	571	0	22
2025.12.31	05:30:00	183.721	183.765	183.713	183.754	517	0	22
2025.12.31	05:45:00	183.757	183.776	183.737	183.759	399	0	22
2025.12.31	06:00:00	183.758	183.794	183.746	183.747	519	0	22
2025.12.31	06:15:00	183.744	183.819	183.740	183.761	611	0	22
2025.12.31	06:30:00	183.761	183.781	183.735	183.764	509	0	22
2025.12.31	06:45:00	183.765	183.799	183.736	183.769	711	0	22
2025.12.31	07:00:00	183.768	183.810	183.746	183.777	625	0	22
2025.12.31	07:15:00	183.776	183.820	183.775	183.792	555	0	22
2025.12.31	07:30:00	183.791	183.821	183.746	183.754	561	0	22
2025.12.31	07:45:00	183.755	183.831	183.737	183.824	797	0	22
2025.12.31	08:00:00	183.825	183.840	183.770	183.800	916	0	22
2025.12.31	08:15:00	183.801	183.827	183.784	183.804	621	0	22
2025.12.31	08:30:00	183.808	183.840	183.798	183.838	711	0	15
2025.12.31	08:45:00	183.839	183.854	183.812	183.836	624	0	15
2025.12.31	09:00:00	183.830	183.844	183.781	183.803	876	0	15
2025.12.31	09:15:00	183.802	183.810	183.712	183.748	772	0	15
2025.12.31	09:30:00	183.750	183.806	183.733	183.773	796	0	10
2025.12.31	09:45:00	183.772	183.800	183.756	183.764	777	0	10
2025.12.31	10:00:00	183.764	183.825	183.699	183.704	1042	0	10
2025.12.31	10:15:00	183.702	183.747	183.623	183.658	889	0	10
2025.12.31	10:30:00	183.659	183.677	183.526	183.633	1108	0	10
2025.12.31	10:45:00	183.631	183.640	183.527	183.590	1142	0	10
2025.12.31	11:00:00	183.591	183.657	183.557	183.648	1027	0	10
2025.12.31	11:15:00	183.633	183.750	183.633	183.708	1023	0	10
2025.12.31	11:30:00	183.705	183.805	183.698	183.791	878	0	10
2025.12.31	11:45:00	183.790	183.891	183.782	183.816	1092	0	10
2025.12.31	12:00:00	183.817	183.818	183.748	183.777	953	0	10
2025.12.31	12:15:00	183.778	183.861	183.774	183.841	988	0	10
2025.12.31	12:30:00	183.844	183.870	183.806	183.842	924	0	10
2025.12.31	12:45:00	183.845	183.945	183.839	183.915	1050	0	10
2025.12.31	13:00:00	183.916	183.950	183.869	183.919	846	0	10
2025.12.31	13:15:00	183.917	183.938	183.888	183.917	705	0	10
2025.12.31	13:30:00	183.917	184.003	183.905	184.001	696	0	10
2025.12.31	13:45:00	183.986	184.011	183.933	183.973	980	0	10
2025.12.31	14:00:00	183.972	184.044	183.941	184.014	940	0	9
2025.12.31	14:15:00	184.012	184.110	183.999	184.084	1025	0	9
2025.12.31	14:30:00	184.082	184.138	184.059	184.132	1157	0	9
2025.12.31	14:45:00	184.134	184.180	184.081	184.089	1340	0	9
2025.12.31	15:00:00	184.088	184.174	184.071	184.073	1356	0	9
2025.12.31	15:15:00	184.087	184.183	184.071	184.143	1035	0	9
2025.12.31	15:30:00	184.154	184.186	184.104	184.158	1476	0	9
2025.12.31	15:45:00	184.158	184.178	184.100	184.137	1323	0	9
2025.12.31	16:00:00	184.141	184.236	184.112	184.185	1363	0	9
2025.12.31	16:15:00	184.186	184.249	184.168	184.174	1173	0	9
2025.12.31	16:30:00	184.175	184.220	184.079	184.085	1570	0	9
2025.12.31	16:45:00	184.100	184.124	184.030	184.093	1380	0	9
2025.12.31	17:00:00	184.088	184.092	184.003	184.025	1450	0	9
2025.12.31	17:15:00	184.024	184.033	183.966	184.027	1366	0	9
2025.12.31	17:30:00	184.029	184.153	184.015	184.099	1568	0	9
2025.12.31	17:45:00	184.098	184.174	183.996	184.080	2048	0	9
2025.12.31	18:00:00	184.080	184.129	183.987	184.114	1755	0	9
2025.12.31	18:15:00	184.114	184.135	184.064	184.109	1432	0	9
2025.12.31	18:30:00	184.105	184.106	183.978	183.986	1289	0	9
2025.12.31	18:45:00	183.985	184.050	183.926	184.029	1120	0	9
2025.12.31	19:00:00	184.027	184.037	183.952	183.997	1092	0	20
2025.12.31	19:15:00	183.998	184.034	183.983	184.019	885	0	20
2025.12.31	19:30:00	184.023	184.058	183.986	184.000	789	0	20
2025.12.31	19:45:00	184.001	184.063	183.958	184.046	1052	0	20
2025.12.31	20:00:00	184.048	184.086	184.033	184.053	1157	0	20
2025.12.31	20:15:00	184.053	184.103	184.028	184.074	925	0	20
2025.12.31	20:30:00	184.075	184.172	184.063	184.122	846	0	20
2025.12.31	20:45:00	184.123	184.145	184.102	184.125	793	0	20
2025.12.31	21:00:00	184.126	184.147	184.104	184.124	701	0	20
2025.12.31	21:15:00	184.123	184.138	184.085	184.112	608	0	20
2025.12.31	21:30:00	184.112	184.118	184.030	184.067	783	0	20
2025.12.31	21:45:00	184.067	184.068	183.976	184.044	963	0	20
2025.12.31	22:00:00	184.043	184.089	184.022	184.084	751	0	20
2025.12.31	22:15:00	184.087	184.096	184.039	184.055	764	0	20
2025.12.31	22:30:00	184.063	184.089	184.049	184.069	641	0	20
2025.12.31	22:45:00	184.070	184.105	184.025	184.069	996	0	20
2025.12.31	23:00:00	184.051	184.085	184.025	184.050	568	0	60
2025.12.31	23:15:00	184.037	184.081	184.023	184.049	391	0	20
2025.12.31	23:30:00	184.047	184.103	184.047	184.086	335	0	60
2025.12.31	23:45:00	184.085	184.107	183.996	184.004	634	0	43
2026.01.02	00:00:00	183.971	184.026	183.942	183.984	48	0	250
2026.01.02	00:15:00	183.978	184.008	183.951	184.003	114	0	323
2026.01.02	00:30:00	184.003	184.056	183.980	184.056	332	0	231
2026.01.02	00:45:00	184.056	184.094	184.040	184.063	138	0	195
2026.01.02	01:00:00	184.083	184.281	184.023	184.228	545	0	22
2026.01.02	01:15:00	184.229	184.275	184.201	184.237	430	0	22
2026.01.02	01:30:00	184.230	184.254	184.180	184.210	547	0	22
2026.01.02	01:45:00	184.210	184.240	184.145	184.147	531	0	22
2026.01.02	02:00:00	184.146	184.196	184.094	184.155	649	0	22
2026.01.02	02:15:00	184.156	184.202	184.145	184.182	586	0	22
2026.01.02	02:30:00	184.182	184.187	184.090	184.125	636	0	22
2026.01.02	02:45:00	184.108	184.124	184.005	184.046	957	0	22
2026.01.02	03:00:00	184.046	184.125	184.021	184.086	910	0	22
2026.01.02	03:15:00	184.087	184.172	184.087	184.132	668	0	22
2026.01.02	03:30:00	184.145	184.203	184.132	184.203	624	0	22
2026.01.02	03:45:00	184.201	184.241	184.177	184.201	560	0	22
2026.01.02	04:00:00	184.202	184.240	184.194	184.224	672	0	18
2026.01.02	04:15:00	184.226	184.232	184.170	184.181	546	0	22
2026.01.02	04:30:00	184.181	184.188	184.131	184.162	497	0	22
2026.01.02	04:45:00	184.163	184.249	184.163	184.230	573	0	22
2026.01.02	05:00:00	184.244	184.303	184.227	184.286	618	0	22
2026.01.02	05:15:00	184.287	184.328	184.285	184.287	486	0	22
2026.01.02	05:30:00	184.287	184.351	184.281	184.343	546	0	22
2026.01.02	05:45:00	184.344	184.368	184.317	184.364	412	0	22
2026.01.02	06:00:00	184.365	184.409	184.346	184.356	590	0	22
2026.01.02	06:15:00	184.356	184.403	184.348	184.382	677	0	22
2026.01.02	06:30:00	184.384	184.419	184.357	184.376	633	0	22
2026.01.02	06:45:00	184.376	184.381	184.325	184.339	483	0	22
2026.01.02	07:00:00	184.340	184.386	184.331	184.342	502	0	22
2026.01.02	07:15:00	184.343	184.400	184.343	184.373	488	0	22
2026.01.02	07:30:00	184.372	184.419	184.358	184.373	469	0	22
2026.01.02	07:45:00	184.359	184.426	184.316	184.397	685	0	22
2026.01.02	08:00:00	184.394	184.420	184.330	184.348	753	0	22
2026.01.02	08:15:00	184.347	184.353	184.296	184.315	785	0	22
2026.01.02	08:30:00	184.326	184.370	184.287	184.356	796	0	15
2026.01.02	08:45:00	184.356	184.384	184.309	184.329	803	0	15
2026.01.02	09:00:00	184.328	184.368	184.273	184.273	1040	0	15
2026.01.02	09:15:00	184.275	184.326	184.206	184.219	922	0	15
2026.01.02	09:30:00	184.222	184.223	184.060	184.107	1091	0	10
2026.01.02	09:45:00	184.105	184.141	183.999	184.064	1026	0	10
2026.01.02	10:00:00	184.061	184.245	184.052	184.206	1515	0	10
2026.01.02	10:15:00	184.204	184.204	184.043	184.080	1290	0	10
2026.01.02	10:30:00	184.079	184.101	184.026	184.054	1139	0	10
2026.01.02	10:45:00	184.053	184.053	183.984	183.997	1000	0	10
2026.01.02	11:00:00	184.001	184.076	183.962	183.997	1118	0	10
2026.01.02	11:15:00	183.996	184.041	183.926	183.986	1032	0	10
2026.01.02	11:30:00	183.989	183.990	183.888	183.913	929	0	10
2026.01.02	11:45:00	183.916	183.966	183.891	183.930	1000	0	10
2026.01.02	12:00:00	183.931	183.938	183.832	183.835	840	0	10
2026.01.02	12:15:00	183.834	183.854	183.714	183.747	1038	0	10
2026.01.02	12:30:00	183.733	183.801	183.732	183.797	905	0	10
2026.01.02	12:45:00	183.796	183.858	183.778	183.840	885	0	10
2026.01.02	13:00:00	183.825	183.854	183.790	183.835	820	0	10
2026.01.02	13:15:00	183.821	183.870	183.810	183.847	838	0	10
2026.01.02	13:30:00	183.846	183.926	183.818	183.902	925	0	10
2026.01.02	13:45:00	183.916	183.960	183.862	183.942	884	0	10
2026.01.02	14:00:00	183.942	183.979	183.892	183.966	746	0	9
2026.01.02	14:15:00	183.971	184.008	183.956	183.967	622	0	9
2026.01.02	14:30:00	183.968	184.107	183.949	184.078	966	0	9
2026.01.02	14:45:00	184.078	184.098	183.961	183.995	787	0	9
2026.01.02	15:00:00	183.987	184.008	183.901	183.904	1043	0	9
2026.01.02	15:15:00	183.905	184.001	183.886	183.900	1118	0	9
2026.01.02	15:30:00	183.899	183.956	183.849	183.850	1068	0	9
2026.01.02	15:45:00	183.849	183.951	183.834	183.923	1067	0	9
2026.01.02	16:00:00	183.923	183.940	183.846	183.877	1156	0	9
2026.01.02	16:15:00	183.876	183.925	183.809	183.911	1194	0	9
2026.01.02	16:30:00	183.909	183.965	183.899	183.938	1411	0	9
2026.01.02	16:45:00	183.939	184.002	183.906	183.955	1171	0	9
2026.01.02	17:00:00	183.971	184.042	183.814	183.895	1602	0	9
2026.01.02	17:15:00	183.895	183.942	183.821	183.876	1314	0	9
2026.01.02	17:30:00	183.874	184.000	183.861	183.942	1357	0	9
2026.01.02	17:45:00	183.943	184.040	183.837	183.993	1714	0	9
2026.01.02	18:00:00	183.993	184.036	183.927	183.975	1686	0	9
2026.01.02	18:15:00	183.975	184.008	183.929	183.972	1140	0	9
2026.01.02	18:30:00	183.973	184.047	183.915	183.933	1194	0	9
2026.01.02	18:45:00	183.932	183.992	183.918	183.957	1204	0	9
2026.01.02	19:00:00	183.953	183.964	183.871	183.935	1084	0	20
2026.01.02	19:15:00	183.934	183.958	183.877	183.908	962	0	20
2026.01.02	19:30:00	183.909	183.941	183.871	183.924	860	0	20
2026.01.02	19:45:00	183.923	183.952	183.861	183.903	1008	0	20
2026.01.02	20:00:00	183.902	183.920	183.867	183.914	766	0	20
2026.01.02	20:15:00	183.900	183.955	183.899	183.916	890	0	20
2026.01.02	20:30:00	183.915	183.923	183.836	183.843	1022	0	20
2026.01.02	20:45:00	183.860	183.890	183.834	183.864	1037	0	20
2026.01.02	21:00:00	183.862	183.882	183.823	183.870	1123	0	20
2026.01.02	21:15:00	183.869	183.897	183.848	183.878	954	0	20
2026.01.02	21:30:00	183.877	183.879	183.828	183.862	933	0	20
2026.01.02	21:45:00	183.863	183.902	183.835	183.870	889	0	20
2026.01.02	22:00:00	183.870	183.889	183.813	183.828	1093	0	20
2026.01.02	22:15:00	183.830	183.882	183.815	183.881	991	0	20
2026.01.02	22:30:00	183.880	183.895	183.806	183.808	912	0	20
2026.01.02	22:45:00	183.806	183.823	183.783	183.807	1071	0	20
2026.01.02	23:00:00	183.809	183.826	183.767	183.795	563	0	20
2026.01.02	23:15:00	183.796	183.812	183.775	183.780	418	0	60
2026.01.02	23:30:00	183.784	183.850	183.779	183.816	514	0	60
2026.01.02	23:45:00	183.817	183.830	183.689	183.689	634	0	57
2026.01.05	00:00:00	183.634	183.717	183.628	183.717	74	0	164
2026.01.05	00:15:00	183.766	183.806	183.712	183.761	242	0	80
2026.01.05	00:30:00	183.760	183.762	183.675	183.696	502	0	80
2026.01.05	00:45:00	183.697	183.728	183.580	183.606	646	0	80
2026.01.05	01:00:00	183.637	183.649	183.497	183.572	920	0	22
2026.01.05	01:15:00	183.573	183.642	183.543	183.618	536	0	22
2026.01.05	01:30:00	183.616	183.725	183.594	183.705	685	0	22
2026.01.05	01:45:00	183.707	183.778	183.671	183.754	1123	0	22
2026.01.05	02:00:00	183.758	183.978	183.698	183.960	1447	0	22
2026.01.05	02:15:00	183.961	184.007	183.914	183.949	1131	0	22
2026.01.05	02:30:00	183.946	184.033	183.934	184.001	1130	0	22
2026.01.05	02:45:00	184.002	184.063	183.906	183.925	1246	0	22
2026.01.05	03:00:00	183.921	183.942	183.833	183.860	1295	0	22
2026.01.05	03:15:00	183.859	183.917	183.792	183.904	1214	0	22
2026.01.05	03:30:00	183.902	183.930	183.749	183.785	1331	0	22
2026.01.05	03:45:00	183.784	183.798	183.674	183.712	1308	0	22
2026.01.05	04:00:00	183.711	183.778	183.619	183.644	1202	0	22
2026.01.05	04:15:00	183.629	183.747	183.584	183.703	1055	0	22
2026.01.05	04:30:00	183.705	183.763	183.600	183.646	1027	0	22
2026.01.05	04:45:00	183.632	183.690	183.601	183.683	956	0	22
2026.01.05	05:00:00	183.682	183.726	183.588	183.589	1011	0	22
2026.01.05	05:15:00	183.590	183.628	183.473	183.506	962	0	22
2026.01.05	05:30:00	183.503	183.539	183.465	183.500	988	0	22
2026.01.05	05:45:00	183.500	183.581	183.492	183.558	816	0	22
2026.01.05	06:00:00	183.560	183.656	183.560	183.634	953	0	22
2026.01.05	06:15:00	183.632	183.642	183.583	183.622	787	0	22
2026.01.05	06:30:00	183.608	183.662	183.592	183.658	766	0	22
2026.01.05	06:45:00	183.659	183.738	183.641	183.727	795	0	22
2026.01.05	07:00:00	183.727	183.739	183.654	183.675	852	0	22
2026.01.05	07:15:00	183.676	183.676	183.619	183.641	819	0	22
2026.01.05	07:30:00	183.653	183.653	183.571	183.597	875	0	22
2026.01.05	07:45:00	183.600	183.664	183.573	183.659	923	0	22
2026.01.05	08:00:00	183.659	183.710	183.559	183.635	980	0	22
2026.01.05	08:15:00	183.634	183.677	183.607	183.623	945	0	22
2026.01.05	08:30:00	183.627	183.635	183.519	183.592	1103	0	15
2026.01.05	08:45:00	183.593	183.655	183.554	183.571	1008	0	15
2026.01.05	09:00:00	183.569	183.586	183.439	183.451	1220	0	15
2026.01.05	09:15:00	183.467	183.575	183.447	183.557	1004	0	15
2026.01.05	09:30:00	183.560	183.577	183.480	183.540	1053	0	10
2026.01.05	09:45:00	183.543	183.603	183.439	183.452	1117	0	10
2026.01.05	10:00:00	183.454	183.500	183.364	183.438	1435	0	10
2026.01.05	10:15:00	183.440	183.456	183.247	183.258	1542	0	10
2026.01.05	10:30:00	183.257	183.348	183.221	183.270	1363	0	10
2026.01.05	10:45:00	183.284	183.291	183.180	183.224	1345	0	10
2026.01.05	11:00:00	183.222	183.256	183.135	183.176	1343	0	10
2026.01.05	11:15:00	183.177	183.253	183.177	183.209	1039	0	10
2026.01.05	11:30:00	183.206	183.269	183.170	183.257	1138	0	10
2026.01.05	11:45:00	183.263	183.346	183.236	183.320	1236	0	10
2026.01.05	12:00:00	183.319	183.348	183.211	183.292	1117	0	10
2026.01.05	12:15:00	183.308	183.311	183.129	183.145	1105	0	10
2026.01.05	12:30:00	183.132	183.164	183.084	183.127	1018	0	10
2026.01.05	12:45:00	183.125	183.127	182.986	183.058	1416	0	10
2026.01.05	13:00:00	183.073	183.073	182.900	182.904	1506	0	10
2026.01.05	13:15:00	182.905	182.993	182.905	182.960	1183	0	10
2026.01.05	13:30:00	182.957	183.003	182.933	182.987	907	0	10
2026.01.05	13:45:00	182.986	183.031	182.924	182.962	984	0	10
2026.01.05	14:00:00	182.962	182.962	182.859	182.923	1034	0	9
2026.01.05	14:15:00	182.920	182.954	182.839	182.872	875	0	9
2026.01.05	14:30:00	182.857	182.909	182.815	182.909	1217	0	9
2026.01.05	14:45:00	182.908	182.957	182.802	182.823	1227	0	9
2026.01.05	15:00:00	182.828	182.980	182.823	182.927	1719	0	9
2026.01.05	15:15:00	182.927	183.012	182.907	183.011	1282	0	9
2026.01.05	15:30:00	183.010	183.053	182.972	182.984	1281	0	9
2026.01.05	15:45:00	182.984	183.120	182.984	183.076	1426	0	9
2026.01.05	16:00:00	183.077	183.122	183.037	183.074	1382	0	9
2026.01.05	16:15:00	183.074	183.123	183.030	183.078	1237	0	9
2026.01.05	16:30:00	183.077	183.124	182.975	183.082	1689	0	9
2026.01.05	16:45:00	183.086	183.200	183.046	183.160	1641	0	9
2026.01.05	17:00:00	183.134	183.205	183.088	183.193	1762	0	9
2026.01.05	17:15:00	183.193	183.283	183.124	183.161	1598	0	9
2026.01.05	17:30:00	183.164	183.180	183.014	183.085	1481	0	9
2026.01.05	17:45:00	183.102	183.321	183.060	183.260	1609	0	9
2026.01.05	18:00:00	183.257	183.281	183.179	183.249	1464	0	9
2026.01.05	18:15:00	183.248	183.273	183.182	183.192	1318	0	9
2026.01.05	18:30:00	183.206	183.244	183.129	183.130	1506	0	9
2026.01.05	18:45:00	183.145	183.182	183.103	183.134	1350	0	9
2026.01.05	19:00:00	183.136	183.179	183.087	183.131	1251	0	9
2026.01.05	19:15:00	183.132	183.173	183.100	183.134	1041	0	20
2026.01.05	19:30:00	183.132	183.145	183.062	183.096	1090	0	20
2026.01.05	19:45:00	183.097	183.138	183.080	183.132	744	0	20
2026.01.05	20:00:00	183.131	183.181	183.120	183.159	756	0	20
2026.01.05	20:15:00	183.161	183.232	183.130	183.201	830	0	20
2026.01.05	20:30:00	183.200	183.226	183.108	183.111	804	0	20
2026.01.05	20:45:00	183.124	183.163	183.083	183.130	861	0	20
2026.01.05	21:00:00	183.127	183.133	183.037	183.062	1040	0	20
2026.01.05	21:15:00	183.076	183.115	183.047	183.096	900	0	20
2026.01.05	21:30:00	183.089	183.138	183.070	183.124	982	0	20
2026.01.05	21:45:00	183.122	183.234	183.115	183.202	929	0	20
2026.01.05	22:00:00	183.197	183.221	183.146	183.167	672	0	20
2026.01.05	22:15:00	183.167	183.198	183.154	183.172	693	0	20
2026.01.05	22:30:00	183.175	183.253	183.164	183.242	844	0	20
2026.01.05	22:45:00	183.242	183.307	183.213	183.300	892	0	20
2026.01.05	23:00:00	183.300	183.340	183.249	183.316	629	0	20
2026.01.05	23:15:00	183.317	183.349	183.278	183.295	429	0	60
2026.01.05	23:30:00	183.292	183.337	183.276	183.288	334	0	18
2026.01.05	23:45:00	183.287	183.318	183.222	183.222	386	0	31
2026.01.06	00:00:00	183.106	183.248	183.012	183.189	130	0	116
2026.01.06	00:15:00	183.189	183.311	183.189	183.290	194	0	80
2026.01.06	00:30:00	183.289	183.321	183.267	183.305	202	0	80
2026.01.06	00:45:00	183.304	183.398	183.299	183.393	310	0	80
2026.01.06	01:00:00	183.422	183.481	183.392	183.405	670	0	22
2026.01.06	01:15:00	183.407	183.440	183.378	183.434	448	0	22
2026.01.06	01:30:00	183.434	183.467	183.397	183.446	424	0	22
2026.01.06	01:45:00	183.444	183.497	183.440	183.466	682	0	22
2026.01.06	02:00:00	183.467	183.625	183.445	183.583	1020	0	22
2026.01.06	02:15:00	183.581	183.626	183.549	183.606	838	0	22
2026.01.06	02:30:00	183.607	183.642	183.536	183.564	932	0	22
2026.01.06	02:45:00	183.564	183.647	183.378	183.398	1439	0	22
2026.01.06	03:00:00	183.399	183.513	183.384	183.473	1292	0	22
2026.01.06	03:15:00	183.473	183.546	183.429	183.453	938	0	22
2026.01.06	03:30:00	183.454	183.509	183.426	183.482	797	0	22
2026.01.06	03:45:00	183.483	183.508	183.409	183.444	1055	0	22
2026.01.06	04:00:00	183.443	183.477	183.369	183.404	1052	0	22
2026.01.06	04:15:00	183.390	183.439	183.361	183.418	808	0	22
2026.01.06	04:30:00	183.404	183.447	183.347	183.354	819	0	22
2026.01.06	04:45:00	183.355	183.468	183.353	183.468	1034	0	22
2026.01.06	05:00:00	183.465	183.524	183.422	183.523	810	0	22
2026.01.06	05:15:00	183.523	183.551	183.472	183.531	743	0	22
2026.01.06	05:30:00	183.532	183.559	183.460	183.484	774	0	22
2026.01.06	05:45:00	183.485	183.501	183.441	183.466	798	0	22
2026.01.06	06:00:00	183.467	183.491	183.352	183.352	738	0	22
2026.01.06	06:15:00	183.353	183.381	183.323	183.377	598	0	22
2026.01.06	06:30:00	183.376	183.487	183.354	183.484	823	0	22
2026.01.06	06:45:00	183.485	183.532	183.440	183.477	835	0	22
2026.01.06	07:00:00	183.478	183.519	183.446	183.507	688	0	22
2026.01.06	07:15:00	183.509	183.509	183.428	183.450	765	0	22
2026.01.06	07:30:00	183.449	183.495	183.418	183.473	807	0	22
2026.01.06	07:45:00	183.470	183.510	183.437	183.471	1014	0	22
2026.01.06	08:00:00	183.472	183.568	183.469	183.548	934	0	22
2026.01.06	08:15:00	183.549	183.573	183.485	183.534	849	0	22
2026.01.06	08:30:00	183.536	183.603	183.502	183.532	903	0	15
2026.01.06	08:45:00	183.533	183.550	183.468	183.521	888	0	15
2026.01.06	09:00:00	183.522	183.528	183.400	183.474	1351	0	15
2026.01.06	09:15:00	183.474	183.533	183.422	183.455	903	0	15
2026.01.06	09:30:00	183.458	183.486	183.368	183.407	996	0	10
2026.01.06	09:45:00	183.389	183.427	183.321	183.355	1276	0	10
2026.01.06	10:00:00	183.354	183.439	183.232	183.297	1536	0	10
2026.01.06	10:15:00	183.285	183.406	183.285	183.329	1447	0	10
2026.01.06	10:30:00	183.330	183.414	183.303	183.347	1122	0	10
2026.01.06	10:45:00	183.362	183.438	183.326	183.329	1146	0	10
2026.01.06	11:00:00	183.328	183.354	183.091	183.131	1347	0	10
2026.01.06	11:15:00	183.148	183.153	183.046	183.132	1061	0	10
2026.01.06	11:30:00	183.132	183.254	183.123	183.220	1125	0	10
2026.01.06	11:45:00	183.207	183.254	183.139	183.161	1189	0	10
2026.01.06	12:00:00	183.160	183.175	183.075	183.079	1148	0	10
2026.01.06	12:15:00	183.079	183.191	183.044	183.191	1037	0	10
2026.01.06	12:30:00	183.190	183.231	183.134	183.219	931	0	10
2026.01.06	12:45:00	183.220	183.265	183.192	183.231	1011	0	10
2026.01.06	13:00:00	183.232	183.252	183.184	183.242	981	0	10
2026.01.06	13:15:00	183.240	183.263	183.167	183.199	990	0	10
2026.01.06	13:30:00	183.200	183.202	183.122	183.148	872	0	10
2026.01.06	13:45:00	183.147	183.183	183.116	183.133	987	0	10
2026.01.06	14:00:00	183.124	183.140	183.036	183.089	1084	0	9
2026.01.06	14:15:00	183.089	183.142	183.051	183.085	1037	0	9
2026.01.06	14:30:00	183.086	183.118	183.005	183.057	1228	0	9
2026.01.06	14:45:00	183.055	183.143	183.038	183.107	1158	0	9
2026.01.06	15:00:00	183.123	183.181	183.066	183.121	1625	0	9
2026.01.06	15:15:00	183.120	183.158	183.056	183.145	1434	0	9
2026.01.06	15:30:00	183.145	183.187	183.111	183.146	1376	0	9
2026.01.06	15:45:00	183.146	183.165	183.102	183.129	1402	0	9
2026.01.06	16:00:00	183.130	183.189	183.082	183.095	1356	0	9
2026.01.06	16:15:00	183.095	183.146	183.042	183.090	1386	0	9
2026.01.06	16:30:00	183.089	183.177	183.034	183.155	1420	0	9
2026.01.06	16:45:00	183.152	183.164	183.067	183.127	1480	0	9
2026.01.06	17:00:00	183.127	183.208	183.110	183.174	1754	0	9
2026.01.06	17:15:00	183.173	183.186	183.038	183.115	1567	0	9
2026.01.06	17:30:00	183.116	183.124	183.004	183.100	1559	0	9
2026.01.06	17:45:00	183.115	183.154	183.057	183.109	1545	0	9
2026.01.06	18:00:00	183.115	183.202	183.113	183.188	1447	0	9
2026.01.06	18:15:00	183.194	183.198	183.119	183.161	1262	0	9
2026.01.06	18:30:00	183.152	183.165	183.102	183.128	1163	0	9
2026.01.06	18:45:00	183.127	183.202	183.126	183.165	897	0	9
2026.01.06	19:00:00	183.159	183.265	183.138	183.224	1015	0	20
2026.01.06	19:15:00	183.223	183.284	183.197	183.270	953	0	20
2026.01.06	19:30:00	183.272	183.293	183.244	183.291	853	0	20
2026.01.06	19:45:00	183.277	183.336	183.274	183.325	862	0	20
2026.01.06	20:00:00	183.324	183.383	183.264	183.298	810	0	20
2026.01.06	20:15:00	183.298	183.326	183.231	183.289	908	0	20
2026.01.06	20:30:00	183.292	183.300	183.229	183.257	830	0	20
2026.01.06	20:45:00	183.256	183.284	183.167	183.184	997	0	20
2026.01.06	21:00:00	183.184	183.204	183.100	183.144	1053	0	20
2026.01.06	21:15:00	183.146	183.151	183.092	183.098	939	0	20
2026.01.06	21:30:00	183.100	183.115	183.081	183.115	868	0	20
2026.01.06	21:45:00	183.116	183.139	183.063	183.082	918	0	20
2026.01.06	22:00:00	183.081	183.097	183.034	183.046	935	0	20
2026.01.06	22:15:00	183.046	183.087	183.041	183.071	705	0	20
2026.01.06	22:30:00	183.071	183.098	183.048	183.097	642	0	20
2026.01.06	22:45:00	183.097	183.097	183.034	183.073	767	0	20
2026.01.06	23:00:00	183.054	183.091	183.031	183.056	500	0	60
2026.01.06	23:15:00	183.056	183.063	183.026	183.042	631	0	60
2026.01.06	23:30:00	183.038	183.074	183.037	183.061	427	0	60
2026.01.06	23:45:00	183.056	183.109	183.055	183.102	397	0	28
2026.01.07	00:00:00	182.925	183.051	182.925	183.010	114	0	70
2026.01.07	00:15:00	183.010	183.068	183.003	183.029	175	0	80
2026.01.07	00:30:00	183.030	183.054	183.013	183.036	185	0	80
2026.01.07	00:45:00	183.036	183.052	183.014	183.044	389	0	80
2026.01.07	01:00:00	183.074	183.134	183.055	183.074	376	0	22
2026.01.07	01:15:00	183.088	183.134	183.074	183.115	347	0	18
2026.01.07	01:30:00	183.116	183.168	183.107	183.127	359	0	22
2026.01.07	01:45:00	183.127	183.149	183.066	183.083	595	0	22
2026.01.07	02:00:00	183.085	183.243	183.037	183.190	910	0	22
2026.01.07	02:15:00	183.191	183.191	183.083	183.138	806	0	22
2026.01.07	02:30:00	183.139	183.166	183.021	183.037	1202	0	22
2026.01.07	02:45:00	183.051	183.149	183.036	183.131	1330	0	22
2026.01.07	03:00:00	183.131	183.212	183.040	183.190	965	0	22
2026.01.07	03:15:00	183.173	183.236	183.139	183.225	844	0	22
2026.01.07	03:30:00	183.225	183.299	183.194	183.299	876	0	22
2026.01.07	03:45:00	183.298	183.354	183.267	183.279	954	0	22
2026.01.07	04:00:00	183.279	183.357	183.261	183.317	895	0	22
2026.01.07	04:15:00	183.319	183.335	183.277	183.318	756	0	22
2026.01.07	04:30:00	183.316	183.327	183.263	183.290	579	0	22
2026.01.07	04:45:00	183.291	183.310	183.196	183.199	659	0	22
2026.01.07	05:00:00	183.198	183.230	183.163	183.205	707	0	22
2026.01.07	05:15:00	183.204	183.241	183.161	183.163	634	0	22
2026.01.07	05:30:00	183.164	183.183	183.084	183.120	713	0	22
2026.01.07	05:45:00	183.120	183.158	183.092	183.139	607	0	22
2026.01.07	06:00:00	183.139	183.205	183.115	183.155	804	0	22
2026.01.07	06:15:00	183.155	183.166	183.061	183.105	936	0	22
2026.01.07	06:30:00	183.106	183.130	183.084	183.089	538	0	22
2026.01.07	06:45:00	183.088	183.106	182.990	182.994	777	0	22
2026.01.07	07:00:00	182.996	183.005	182.863	182.935	934	0	22
2026.01.07	07:15:00	182.936	182.979	182.858	182.891	684	0	22
2026.01.07	07:30:00	182.890	182.938	182.846	182.871	814	0	22
2026.01.07	07:45:00	182.871	182.918	182.836	182.848	807	0	22
2026.01.07	08:00:00	182.847	182.874	182.767	182.817	947	0	22
2026.01.07	08:15:00	182.818	182.859	182.789	182.814	800	0	22
2026.01.07	08:30:00	182.814	182.858	182.791	182.828	826	0	15
2026.01.07	08:45:00	182.829	182.937	182.797	182.879	927	0	15
2026.01.07	09:00:00	182.873	182.907	182.811	182.855	1000	0	15
2026.01.07	09:15:00	182.856	182.898	182.829	182.870	1006	0	15
2026.01.07	09:30:00	182.872	182.895	182.723	182.777	1236	0	10
2026.01.07	09:45:00	182.779	182.887	182.701	182.809	1221	0	10
2026.01.07	10:00:00	182.807	182.849	182.709	182.741	1239	0	10
2026.01.07	10:15:00	182.742	182.792	182.710	182.760	1086	0	10
2026.01.07	10:30:00	182.751	182.923	182.751	182.874	1068	0	10
2026.01.07	10:45:00	182.880	182.933	182.841	182.917	1002	0	10
2026.01.07	11:00:00	182.904	182.964	182.866	182.882	889	0	10
2026.01.07	11:15:00	182.882	182.901	182.814	182.839	745	0	10
2026.01.07	11:30:00	182.839	182.886	182.758	182.831	887	0	10
2026.01.07	11:45:00	182.846	182.876	182.794	182.816	909	0	10
2026.01.07	12:00:00	182.818	182.908	182.791	182.885	979	0	10
2026.01.07	12:15:00	182.888	182.981	182.869	182.956	998	0	10
2026.01.07	12:30:00	182.955	182.993	182.921	182.930	1028	0	10
2026.01.07	12:45:00	182.945	182.968	182.888	182.960	887	0	10
2026.01.07	13:00:00	182.959	183.011	182.929	182.961	909	0	10
2026.01.07	13:15:00	182.961	183.040	182.956	183.009	803	0	10
2026.01.07	13:30:00	183.010	183.035	182.943	182.961	857	0	10
2026.01.07	13:45:00	182.959	182.985	182.925	182.945	776	0	10
2026.01.07	14:00:00	182.944	182.950	182.823	182.863	984	0	9
2026.01.07	14:15:00	182.863	182.959	182.842	182.920	819	0	9
2026.01.07	14:30:00	182.921	182.935	182.880	182.914	882	0	9
2026.01.07	14:45:00	182.916	182.930	182.878	182.915	824	0	9
2026.01.07	15:00:00	182.918	182.934	182.868	182.910	1070	0	9
2026.01.07	15:15:00	182.892	182.920	182.805	182.856	1424	0	9
2026.01.07	15:30:00	182.848	182.883	182.747	182.877	1408	0	9
2026.01.07	15:45:00	182.876	182.894	182.825	182.864	1224	0	9
2026.01.07	16:00:00	182.865	182.955	182.854	182.938	1226	0	9
2026.01.07	16:15:00	182.941	182.954	182.865	182.932	1183	0	9
2026.01.07	16:30:00	182.949	182.993	182.913	182.962	1383	0	9
2026.01.07	16:45:00	182.965	183.042	182.941	182.950	1594	0	9
2026.01.07	17:00:00	182.932	183.122	182.892	183.101	2196	0	9
2026.01.07	17:15:00	183.119	183.119	182.964	183.036	1605	0	9
2026.01.07	17:30:00	183.036	183.155	183.029	183.107	1569	0	9
2026.01.07	17:45:00	183.095	183.183	183.062	183.165	1557	0	9
2026.01.07	18:00:00	183.166	183.194	183.125	183.156	1379	0	9
2026.01.07	18:15:00	183.151	183.231	183.131	183.165	1118	0	9
2026.01.07	18:30:00	183.165	183.165	183.092	183.132	1219	0	9
2026.01.07	18:45:00	183.134	183.234	183.109	183.211	923	0	9
2026.01.07	19:00:00	183.209	183.209	183.107	183.127	1128	0	20
2026.01.07	19:15:00	183.128	183.128	183.064	183.064	882	0	20
2026.01.07	19:30:00	183.079	183.121	183.008	183.119	994	0	20
2026.01.07	19:45:00	183.119	183.120	183.038	183.039	982	0	20
2026.01.07	20:00:00	183.040	183.095	183.024	183.076	958	0	20
2026.01.07	20:15:00	183.078	183.113	183.062	183.094	775	0	20
2026.01.07	20:30:00	183.093	183.144	183.091	183.104	701	0	20
2026.01.07	20:45:00	183.104	183.115	183.049	183.068	850	0	20
2026.01.07	21:00:00	183.066	183.103	183.027	183.042	904	0	20
2026.01.07	21:15:00	183.041	183.081	183.023	183.074	804	0	20
2026.01.07	21:30:00	183.075	183.116	183.060	183.101	658	0	20
2026.01.07	21:45:00	183.101	183.119	183.085	183.096	797	0	20
2026.01.07	22:00:00	183.096	183.128	183.081	183.116	795	0	19
2026.01.07	22:15:00	183.117	183.141	183.087	183.131	654	0	20
2026.01.07	22:30:00	183.130	183.153	183.109	183.110	698	0	20
2026.01.07	22:45:00	183.109	183.143	183.088	183.102	690	0	20
2026.01.07	23:00:00	183.077	183.083	183.050	183.078	476	0	60
2026.01.07	23:15:00	183.080	183.083	183.040	183.050	331	0	60
2026.01.07	23:30:00	183.049	183.068	183.003	183.026	443	0	19
2026.01.07	23:45:00	183.027	183.044	183.009	183.009	384	0	20
2026.01.08	00:00:00	182.933	183.017	182.933	182.982	50	0	49
2026.01.08	00:15:00	182.982	183.028	182.977	182.998	217	0	78
2026.01.08	00:30:00	182.997	183.012	182.897	182.988	207	0	73
2026.01.08	00:45:00	182.987	183.011	182.936	182.959	130	0	80
2026.01.08	01:00:00	182.980	182.983	182.925	182.953	401	0	22
2026.01.08	01:15:00	182.955	182.987	182.943	182.983	332	0	22
2026.01.08	01:30:00	182.982	183.031	182.977	183.002	641	0	22
2026.01.08	01:45:00	183.003	183.031	182.966	182.982	677	0	22
2026.01.08	02:00:00	182.981	183.090	182.958	183.073	810	0	22
2026.01.08	02:15:00	183.071	183.098	183.020	183.032	766	0	22
2026.01.08	02:30:00	183.032	183.106	183.024	183.067	827	0	22
2026.01.08	02:45:00	183.068	183.096	183.040	183.066	918	0	22
2026.01.08	03:00:00	183.068	183.082	183.001	183.051	878	0	22
2026.01.08	03:15:00	183.052	183.156	183.026	183.132	815	0	22
2026.01.08	03:30:00	183.130	183.206	183.098	183.203	952	0	22
2026.01.08	03:45:00	183.201	183.221	183.144	183.185	834	0	22
2026.01.08	04:00:00	183.199	183.226	183.141	183.190	833	0	22
2026.01.08	04:15:00	183.205	183.246	183.172	183.185	685	0	22
2026.01.08	04:30:00	183.186	183.226	183.163	183.184	776	0	22
2026.01.08	04:45:00	183.186	183.213	183.158	183.199	831	0	22
2026.01.08	05:00:00	183.198	183.199	183.088	183.105	893	0	22
2026.01.08	05:15:00	183.106	183.106	182.984	183.017	910	0	22
2026.01.08	05:30:00	183.019	183.081	182.976	183.061	670	0	22
2026.01.08	05:45:00	183.061	183.083	183.002	183.052	683	0	22
2026.01.08	06:00:00	183.052	183.059	182.975	183.036	739	0	22
2026.01.08	06:15:00	183.050	183.062	182.993	183.007	526	0	22
2026.01.08	06:30:00	183.008	183.041	182.960	183.039	523	0	22
2026.01.08	06:45:00	183.039	183.058	182.993	183.011	573	0	22
2026.01.08	07:00:00	183.016	183.038	182.950	182.953	753	0	22
2026.01.08	07:15:00	182.953	183.048	182.953	183.016	724	0	22
2026.01.08	07:30:00	183.017	183.092	183.007	183.015	751	0	22
2026.01.08	07:45:00	183.016	183.047	182.987	183.037	909	0	22
2026.01.08	08:00:00	183.023	183.037	182.879	182.884	1012	0	22
2026.01.08	08:15:00	182.884	182.897	182.765	182.818	981	0	22
2026.01.08	08:30:00	182.821	182.911	182.806	182.880	934	0	15
2026.01.08	08:45:00	182.883	182.936	182.852	182.923	900	0	15
2026.01.08	09:00:00	182.916	182.956	182.850	182.941	1031	0	15
2026.01.08	09:15:00	182.927	183.023	182.897	182.919	1050	0	15
2026.01.08	09:30:00	182.920	182.939	182.844	182.897	1062	0	10
2026.01.08	09:45:00	182.899	182.946	182.722	182.736	1226	0	10
2026.01.08	10:00:00	182.733	182.814	182.706	182.813	1329	0	10
2026.01.08	10:15:00	182.812	182.827	182.742	182.789	1009	0	10
2026.01.08	10:30:00	182.784	182.909	182.781	182.909	1167	0	10
2026.01.08	10:45:00	182.907	182.921	182.837	182.899	993	0	10
2026.01.08	11:00:00	182.895	182.907	182.831	182.877	954	0	10
2026.01.08	11:15:00	182.876	182.939	182.875	182.919	908	0	10
2026.01.08	11:30:00	182.921	182.960	182.883	182.913	901	0	10
2026.01.08	11:45:00	182.913	183.031	182.902	183.026	1005	0	10
2026.01.08	12:00:00	183.027	183.101	183.025	183.084	1148	0	10
2026.01.08	12:15:00	183.082	183.100	183.016	183.040	854	0	10
2026.01.08	12:30:00	183.040	183.042	182.982	182.984	850	0	10
2026.01.08	12:45:00	182.983	183.035	182.965	183.002	743	0	10
2026.01.08	13:00:00	182.998	183.027	182.967	183.005	806	0	10
2026.01.08	13:15:00	183.007	183.060	182.999	183.042	871	0	10
2026.01.08	13:30:00	183.044	183.075	183.017	183.075	971	0	10
2026.01.08	13:45:00	183.074	183.089	183.028	183.056	755	0	10
2026.01.08	14:00:00	183.058	183.077	182.983	182.999	887	0	9
2026.01.08	14:15:00	183.000	183.017	182.930	182.949	731	0	9
2026.01.08	14:30:00	182.949	182.951	182.899	182.937	791	0	9
2026.01.08	14:45:00	182.938	182.979	182.919	182.944	832	0	9
2026.01.08	15:00:00	182.945	182.997	182.922	182.958	973	0	9
2026.01.08	15:15:00	182.946	182.978	182.916	182.947	1006	0	9
2026.01.08	15:30:00	182.949	183.045	182.930	183.015	1311	0	9
2026.01.08	15:45:00	183.015	183.074	182.923	183.074	1362	0	9
2026.01.08	16:00:00	183.074	183.138	183.058	183.064	1457	0	9
2026.01.08	16:15:00	183.066	183.127	183.033	183.056	1341	0	9
2026.01.08	16:30:00	183.047	183.163	183.005	183.115	1555	0	9
2026.01.08	16:45:00	183.116	183.130	183.026	183.117	1436	0	9
2026.01.08	17:00:00	183.103	183.234	183.084	183.202	1330	0	9
2026.01.08	17:15:00	183.204	183.251	183.168	183.202	1586	0	9
2026.01.08	17:30:00	183.215	183.223	183.089	183.146	1273	0	9
2026.01.08	17:45:00	183.146	183.153	182.994	183.016	1515	0	9
2026.01.08	18:00:00	183.017	183.031	182.956	182.963	1163	0	9
2026.01.08	18:15:00	182.964	182.972	182.896	182.950	1285	0	9
2026.01.08	18:30:00	182.949	182.958	182.835	182.874	1081	0	9
2026.01.08	18:45:00	182.876	182.906	182.840	182.874	1007	0	9
2026.01.08	19:00:00	182.869	182.869	182.700	182.734	1051	0	20
2026.01.08	19:15:00	182.736	182.741	182.621	182.663	1033	0	20
2026.01.08	19:30:00	182.663	182.722	182.647	182.686	891	0	20
2026.01.08	19:45:00	182.699	182.723	182.666	182.702	899	0	20
2026.01.08	20:00:00	182.700	182.730	182.675	182.730	825	0	20
2026.01.08	20:15:00	182.730	182.741	182.686	182.715	759	0	20
2026.01.08	20:30:00	182.714	182.773	182.714	182.727	812	0	20
2026.01.08	20:45:00	182.728	182.737	182.675	182.711	777	0	20
2026.01.08	21:00:00	182.712	182.763	182.666	182.763	708	0	20
2026.01.08	21:15:00	182.762	182.800	182.730	182.778	666	0	20
2026.01.08	21:30:00	182.780	182.825	182.777	182.822	690	0	20
2026.01.08	21:45:00	182.821	182.882	182.810	182.860	811	0	20
2026.01.08	22:00:00	182.858	182.923	182.855	182.889	783	0	20
2026.01.08	22:15:00	182.889	182.912	182.876	182.895	784	0	20
2026.01.08	22:30:00	182.893	182.930	182.862	182.906	779	0	20
2026.01.08	22:45:00	182.904	182.935	182.859	182.879	772	0	20
2026.01.08	23:00:00	182.857	182.904	182.848	182.855	618	0	60
2026.01.08	23:15:00	182.856	182.878	182.816	182.834	529	0	60
2026.01.08	23:30:00	182.835	182.897	182.815	182.876	768	0	60
2026.01.08	23:45:00	182.877	182.913	182.785	182.785	670	0	28
2026.01.09	00:00:00	182.554	182.883	182.479	182.883	144	0	60
2026.01.09	00:15:00	182.881	182.881	182.783	182.788	237	0	63
2026.01.09	00:30:00	182.787	182.828	182.772	182.818	660	0	80
2026.01.09	00:45:00	182.818	182.844	182.805	182.832	564	0	80
2026.01.09	01:00:00	182.831	182.955	182.831	182.940	556	0	22
2026.01.09	01:15:00	182.941	182.949	182.886	182.915	360	0	22
2026.01.09	01:30:00	182.916	182.935	182.887	182.933	369	0	22
2026.01.09	01:45:00	182.935	182.941	182.884	182.884	468	0	22
2026.01.09	02:00:00	182.887	182.961	182.872	182.927	737	0	22
2026.01.09	02:15:00	182.920	182.954	182.902	182.945	724	0	22
2026.01.09	02:30:00	182.945	182.990	182.927	182.985	714	0	22
2026.01.09	02:45:00	182.986	183.053	182.935	182.964	1121	0	22
2026.01.09	03:00:00	182.964	183.049	182.949	183.031	936	0	22
2026.01.09	03:15:00	183.029	183.122	183.011	183.073	901	0	22
2026.01.09	03:30:00	183.072	183.075	182.968	183.007	818	0	22
2026.01.09	03:45:00	183.008	183.095	182.975	183.085	939	0	22
2026.01.09	04:00:00	183.087	183.146	183.068	183.122	939	0	22
2026.01.09	04:15:00	183.122	183.137	183.073	183.093	789	0	22
2026.01.09	04:30:00	183.079	183.224	183.062	183.187	895	0	22
2026.01.09	04:45:00	183.185	183.228	183.175	183.178	743	0	22
2026.01.09	05:00:00	183.177	183.260	183.166	183.234	760	0	22
2026.01.09	05:15:00	183.232	183.271	183.218	183.258	686	0	22
2026.01.09	05:30:00	183.259	183.269	183.223	183.255	621	0	22
2026.01.09	05:45:00	183.269	183.290	183.234	183.271	495	0	22
2026.01.09	06:00:00	183.276	183.310	183.263	183.293	692	0	22
2026.01.09	06:15:00	183.292	183.323	183.243	183.281	694	0	22
2026.01.09	06:30:00	183.282	183.298	183.260	183.262	611	0	22
2026.01.09	06:45:00	183.263	183.284	183.206	183.227	750	0	22
2026.01.09	07:00:00	183.225	183.366	183.216	183.306	772	0	22
2026.01.09	07:15:00	183.306	183.331	183.281	183.312	556	0	22
2026.01.09	07:30:00	183.313	183.382	183.296	183.312	817	0	22
2026.01.09	07:45:00	183.312	183.367	183.312	183.352	773	0	22
2026.01.09	08:00:00	183.366	183.414	183.335	183.368	867	0	22
2026.01.09	08:15:00	183.368	183.410	183.328	183.374	825	0	22
2026.01.09	08:30:00	183.377	183.416	183.331	183.364	786	0	15
2026.01.09	08:45:00	183.364	183.384	183.328	183.365	804	0	15
2026.01.09	09:00:00	183.365	183.428	183.318	183.349	953	0	15
2026.01.09	09:15:00	183.349	183.409	183.332	183.397	1005	0	15
2026.01.09	09:30:00	183.398	183.443	183.338	183.423	1053	0	10
2026.01.09	09:45:00	183.423	183.506	183.393	183.474	994	0	10
2026.01.09	10:00:00	183.475	183.510	183.442	183.501	1099	0	10
2026.01.09	10:15:00	183.500	183.542	183.451	183.504	970	0	10
2026.01.09	10:30:00	183.521	183.561	183.438	183.544	1018	0	10
2026.01.09	10:45:00	183.530	183.651	183.526	183.639	1221	0	10
2026.01.09	11:00:00	183.641	183.661	183.553	183.611	1009	0	10
2026.01.09	11:15:00	183.604	183.626	183.559	183.569	800	0	10
2026.01.09	11:30:00	183.569	183.611	183.542	183.603	902	0	10
2026.01.09	11:45:00	183.606	183.677	183.587	183.620	787	0	10
2026.01.09	12:00:00	183.621	183.658	183.581	183.629	736	0	10
2026.01.09	12:15:00	183.629	183.632	183.504	183.549	782	0	10
2026.01.09	12:30:00	183.548	183.605	183.535	183.554	796	0	10
2026.01.09	12:45:00	183.556	183.646	183.536	183.614	771	0	10
2026.01.09	13:00:00	183.613	183.620	183.553	183.565	829	0	10
2026.01.09	13:15:00	183.565	183.582	183.532	183.566	742	0	10
2026.01.09	13:30:00	183.565	183.581	183.503	183.530	665	0	10
2026.01.09	13:45:00	183.531	183.558	183.503	183.528	685	0	10
2026.01.09	14:00:00	183.529	183.537	183.452	183.509	765	0	9
2026.01.09	14:15:00	183.508	183.580	183.508	183.562	772	0	9
2026.01.09	14:30:00	183.564	183.611	183.543	183.554	838	0	9
2026.01.09	14:45:00	183.554	183.599	183.502	183.538	1037	0	9
2026.01.09	15:00:00	183.539	183.539	183.446	183.477	1081	0	9
2026.01.09	15:15:00	183.472	183.519	183.438	183.489	1285	0	9
2026.01.09	15:30:00	183.488	183.571	183.422	183.485	2705	0	9
2026.01.09	15:45:00	183.484	183.522	183.342	183.413	1913	0	9
2026.01.09	16:00:00	183.411	183.920	183.360	183.860	2149	0	9
2026.01.09	16:15:00	183.858	183.877	183.694	183.821	2197	0	9
2026.01.09	16:30:00	183.822	183.887	183.748	183.778	1957	0	9
2026.01.09	16:45:00	183.779	183.877	183.739	183.770	1887	0	9
2026.01.09	17:00:00	183.763	183.853	183.686	183.821	2139	0	9
2026.01.09	17:15:00	183.818	183.868	183.755	183.832	1796	0	9
2026.01.09	17:30:00	183.844	183.899	183.759	183.781	1710	0	9
2026.01.09	17:45:00	183.783	183.828	183.729	183.769	1668	0	9
2026.01.09	18:00:00	183.771	183.871	183.744	183.868	1524	0	9
2026.01.09	18:15:00	183.866	183.895	183.819	183.857	1382	0	9
2026.01.09	18:30:00	183.855	183.956	183.848	183.924	1446	0	9
2026.01.09	18:45:00	183.925	183.933	183.864	183.906	1002	0	9
2026.01.09	19:00:00	183.903	183.903	183.785	183.785	1184	0	20
2026.01.09	19:15:00	183.785	183.849	183.737	183.807	1021	0	20
2026.01.09	19:30:00	183.807	183.838	183.758	183.811	943	0	20
2026.01.09	19:45:00	183.812	183.840	183.785	183.835	823	0	20
2026.01.09	20:00:00	183.836	183.870	183.772	183.814	921	0	20
2026.01.09	20:15:00	183.814	183.841	183.754	183.780	819	0	20
2026.01.09	20:30:00	183.779	183.793	183.729	183.733	879	0	20
2026.01.09	20:45:00	183.734	183.776	183.692	183.727	1007	0	20
2026.01.09	21:00:00	183.728	183.746	183.681	183.741	1043	0	20
2026.01.09	21:15:00	183.740	183.749	183.681	183.686	786	0	20
2026.01.09	21:30:00	183.687	183.725	183.677	183.723	714	0	20
2026.01.09	21:45:00	183.724	183.724	183.677	183.703	781	0	20
2026.01.09	22:00:00	183.704	183.734	183.685	183.713	938	0	20
2026.01.09	22:15:00	183.706	183.741	183.697	183.715	587	0	20
2026.01.09	22:30:00	183.715	183.732	183.690	183.711	797	0	20
2026.01.09	22:45:00	183.711	183.723	183.659	183.701	668	0	20
2026.01.09	23:00:00	183.680	183.730	183.662	183.672	576	0	60
2026.01.09	23:15:00	183.674	183.699	183.642	183.650	515	0	60
2026.01.09	23:30:00	183.648	183.689	183.639	183.653	496	0	60
2026.01.09	23:45:00	183.655	183.714	183.623	183.708	486	0	60
2026.01.12	00:00:00	183.789	183.834	183.739	183.743	207	0	172
2026.01.12	00:15:00	183.822	183.870	183.810	183.855	183	0	80
2026.01.12	00:30:00	183.855	183.875	183.817	183.847	260	0	80
2026.01.12	00:45:00	183.847	183.900	183.822	183.889	358	0	80
2026.01.12	01:00:00	183.867	183.907	183.766	183.822	1202	0	22
2026.01.12	01:15:00	183.823	183.876	183.822	183.853	566	0	22
2026.01.12	01:30:00	183.854	183.892	183.803	183.840	569	0	22
2026.01.12	01:45:00	183.846	183.866	183.787	183.800	717	0	22
2026.01.12	02:00:00	183.799	183.919	183.784	183.873	1323	0	22
2026.01.12	02:15:00	183.869	183.928	183.760	183.777	1077	0	22
2026.01.12	02:30:00	183.775	183.887	183.743	183.771	1534	0	22
2026.01.12	02:45:00	183.772	183.832	183.735	183.793	1449	0	22
2026.01.12	03:00:00	183.794	183.855	183.763	183.840	1622	0	22
2026.01.12	03:15:00	183.841	183.897	183.811	183.872	1433	0	22
2026.01.12	03:30:00	183.871	183.952	183.855	183.893	1341	0	22
2026.01.12	03:45:00	183.894	183.894	183.828	183.858	1056	0	22
2026.01.12	04:00:00	183.857	183.923	183.848	183.910	1035	0	22
2026.01.12	04:15:00	183.910	184.022	183.889	184.000	977	0	22
2026.01.12	04:30:00	184.015	184.157	184.011	184.105	993	0	22
2026.01.12	04:45:00	184.114	184.222	184.088	184.201	967	0	22
2026.01.12	05:00:00	184.200	184.203	184.128	184.162	908	0	22
2026.01.12	05:15:00	184.161	184.237	184.143	184.218	752	0	22
2026.01.12	05:30:00	184.220	184.256	184.190	184.206	683	0	22
2026.01.12	05:45:00	184.205	184.310	184.201	184.291	709	0	22
2026.01.12	06:00:00	184.279	184.348	184.274	184.312	691	0	22
2026.01.12	06:15:00	184.313	184.366	184.298	184.320	626	0	22
2026.01.12	06:30:00	184.319	184.325	184.271	184.302	514	0	22
2026.01.12	06:45:00	184.303	184.316	184.272	184.286	613	0	22
2026.01.12	07:00:00	184.284	184.382	184.246	184.362	752	0	22
2026.01.12	07:15:00	184.360	184.393	184.320	184.381	741	0	22
2026.01.12	07:30:00	184.380	184.452	184.376	184.388	902	0	22
2026.01.12	07:45:00	184.389	184.414	184.358	184.376	764	0	22
2026.01.12	08:00:00	184.375	184.384	184.314	184.364	746	0	22
2026.01.12	08:15:00	184.365	184.394	184.302	184.337	765	0	22
2026.01.12	08:30:00	184.342	184.388	184.330	184.346	900	0	15
2026.01.12	08:45:00	184.349	184.433	184.329	184.401	930	0	15
2026.01.12	09:00:00	184.399	184.489	184.351	184.354	1160	0	15
2026.01.12	09:15:00	184.355	184.451	184.314	184.381	1281	0	15
2026.01.12	09:30:00	184.386	184.411	184.279	184.289	1093	0	10
2026.01.12	09:45:00	184.288	184.464	184.288	184.432	1112	0	10
2026.01.12	10:00:00	184.432	184.433	184.292	184.324	1348	0	10
2026.01.12	10:15:00	184.323	184.363	184.284	184.303	984	0	10
2026.01.12	10:30:00	184.303	184.329	184.200	184.305	1108	0	10
2026.01.12	10:45:00	184.307	184.405	184.272	184.402	1211	0	10
2026.01.12	11:00:00	184.401	184.504	184.350	184.456	1181	0	10
2026.01.12	11:15:00	184.454	184.496	184.421	184.473	974	0	10
2026.01.12	11:30:00	184.473	184.556	184.451	184.486	845	0	10
2026.01.12	11:45:00	184.484	184.508	184.442	184.454	949	0	10
2026.01.12	12:00:00	184.451	184.512	184.420	184.479	711	0	10
2026.01.12	12:15:00	184.477	184.507	184.415	184.445	871	0	10
2026.01.12	12:30:00	184.444	184.494	184.425	184.485	807	0	10
2026.01.12	12:45:00	184.486	184.498	184.422	184.460	792	0	10
2026.01.12	13:00:00	184.459	184.465	184.383	184.442	878	0	10
2026.01.12	13:15:00	184.443	184.521	184.421	184.495	743	0	10
2026.01.12	13:30:00	184.494	184.518	184.381	184.402	879	0	10
2026.01.12	13:45:00	184.401	184.418	184.339	184.401	854	0	10
2026.01.12	14:00:00	184.401	184.488	184.392	184.448	925	0	9
2026.01.12	14:15:00	184.447	184.457	184.378	184.386	876	0	9
2026.01.12	14:30:00	184.389	184.463	184.378	184.444	840	0	9
2026.01.12	14:45:00	184.447	184.476	184.387	184.400	892	0	9
2026.01.12	15:00:00	184.400	184.462	184.364	184.436	1255	0	9
2026.01.12	15:15:00	184.423	184.497	184.421	184.458	1112	0	9
2026.01.12	15:30:00	184.460	184.492	184.436	184.474	962	0	9
2026.01.12	15:45:00	184.473	184.566	184.442	184.566	1255	0	9
2026.01.12	16:00:00	184.567	184.569	184.463	184.475	1341	0	9
2026.01.12	16:15:00	184.475	184.525	184.422	184.467	1188	0	9
2026.01.12	16:30:00	184.454	184.555	184.447	184.483	1405	0	9
2026.01.12	16:45:00	184.484	184.510	184.412	184.429	1278	0	9
2026.01.12	17:00:00	184.430	184.449	184.368	184.399	1212	0	9
2026.01.12	17:15:00	184.397	184.437	184.346	184.412	1127	0	9
2026.01.12	17:30:00	184.400	184.480	184.370	184.456	1038	0	9
2026.01.12	17:45:00	184.453	184.545	184.434	184.533	1345	0	9
2026.01.12	18:00:00	184.537	184.565	184.467	184.556	1172	0	9
2026.01.12	18:15:00	184.556	184.631	184.541	184.608	1044	0	9
2026.01.12	18:30:00	184.621	184.671	184.582	184.590	1061	0	9
2026.01.12	18:45:00	184.589	184.627	184.562	184.585	871	0	9
2026.01.12	19:00:00	184.578	184.606	184.522	184.523	1054	0	20
2026.01.12	19:15:00	184.521	184.557	184.467	184.489	919	0	20
2026.01.12	19:30:00	184.487	184.497	184.433	184.468	903	0	20
2026.01.12	19:45:00	184.470	184.499	184.430	184.462	749	0	20
2026.01.12	20:00:00	184.463	184.467	184.397	184.448	825	0	20
2026.01.12	20:15:00	184.449	184.506	184.429	184.481	643	0	20
2026.01.12	20:30:00	184.480	184.531	184.467	184.473	540	0	20
2026.01.12	20:45:00	184.481	184.542	184.474	184.524	608	0	20
2026.01.12	21:00:00	184.522	184.567	184.510	184.564	535	0	20
2026.01.12	21:15:00	184.563	184.584	184.540	184.550	572	0	20
2026.01.12	21:30:00	184.549	184.568	184.502	184.532	694	0	20
2026.01.12	21:45:00	184.532	184.595	184.532	184.582	581	0	20
2026.01.12	22:00:00	184.581	184.584	184.536	184.536	471	0	20
2026.01.12	22:15:00	184.538	184.578	184.530	184.553	479	0	20
2026.01.12	22:30:00	184.551	184.572	184.526	184.540	613	0	20
2026.01.12	22:45:00	184.540	184.566	184.498	184.524	853	0	20
2026.01.12	23:00:00	184.504	184.518	184.473	184.473	447	0	60
2026.01.12	23:15:00	184.475	184.513	184.458	184.503	330	0	60
2026.01.12	23:30:00	184.506	184.510	184.468	184.485	408	0	60
2026.01.12	23:45:00	184.486	184.512	184.462	184.509	548	0	24
2026.01.13	00:00:00	184.370	184.498	184.315	184.388	117	0	90
2026.01.13	00:15:00	184.423	184.497	184.422	184.479	253	0	80
2026.01.13	00:30:00	184.480	184.485	184.452	184.459	846	0	80
2026.01.13	00:45:00	184.461	184.486	184.423	184.452	1043	0	80
2026.01.13	01:00:00	184.482	184.534	184.465	184.523	767	0	22
2026.01.13	01:15:00	184.522	184.526	184.261	184.386	886	0	22
2026.01.13	01:30:00	184.400	184.431	184.342	184.368	610	0	22
2026.01.13	01:45:00	184.369	184.370	184.256	184.317	892	0	22
2026.01.13	02:00:00	184.316	184.388	184.296	184.374	846	0	22
2026.01.13	02:15:00	184.377	184.454	184.375	184.404	892	0	22
2026.01.13	02:30:00	184.402	184.457	184.347	184.449	931	0	22
2026.01.13	02:45:00	184.448	184.590	184.398	184.472	1251	0	22
2026.01.13	03:00:00	184.473	184.570	184.460	184.521	986	0	22
2026.01.13	03:15:00	184.525	184.684	184.516	184.679	1051	0	22
2026.01.13	03:30:00	184.676	184.753	184.671	184.729	870	0	22
2026.01.13	03:45:00	184.730	184.784	184.725	184.767	869	0	22
2026.01.13	04:00:00	184.780	184.787	184.637	184.649	873	0	22
2026.01.13	04:15:00	184.650	184.854	184.596	184.844	785	0	22
2026.01.13	04:30:00	184.846	184.962	184.829	184.948	955	0	22
2026.01.13	04:45:00	184.950	185.017	184.936	184.994	850	0	22
2026.01.13	05:00:00	184.994	185.061	184.969	185.019	864	0	22
2026.01.13	05:15:00	185.018	185.080	184.997	185.044	636	0	22
2026.01.13	05:30:00	185.048	185.106	185.015	185.094	597	0	22
2026.01.13	05:45:00	185.092	185.160	185.047	185.155	861	0	22
2026.01.13	06:00:00	185.142	185.236	185.119	185.209	835	0	22
2026.01.13	06:15:00	185.208	185.287	185.014	185.098	1412	0	22
2026.01.13	06:30:00	185.097	185.189	185.066	185.132	879	0	22
2026.01.13	06:45:00	185.146	185.266	185.118	185.155	881	0	22
2026.01.13	07:00:00	185.154	185.245	185.127	185.181	979	0	22
2026.01.13	07:15:00	185.181	185.216	185.141	185.216	821	0	22
2026.01.13	07:30:00	185.208	185.225	185.155	185.192	746	0	22
2026.01.13	07:45:00	185.193	185.228	185.149	185.183	841	0	22
2026.01.13	08:00:00	185.184	185.263	185.168	185.214	1154	0	22
2026.01.13	08:15:00	185.215	185.279	185.184	185.256	980	0	22
2026.01.13	08:30:00	185.241	185.272	185.186	185.195	983	0	15
2026.01.13	08:45:00	185.196	185.256	185.057	185.096	1029	0	15
2026.01.13	09:00:00	185.096	185.205	185.082	185.186	1066	0	15
2026.01.13	09:15:00	185.187	185.293	185.172	185.205	1085	0	15
2026.01.13	09:30:00	185.207	185.229	185.144	185.204	989	0	10
2026.01.13	09:45:00	185.204	185.403	185.197	185.397	1159	0	10
2026.01.13	10:00:00	185.395	185.420	185.299	185.374	1465	0	10
2026.01.13	10:15:00	185.372	185.430	185.327	185.373	1098	0	10
2026.01.13	10:30:00	185.372	185.437	185.329	185.432	1011	0	10
2026.01.13	10:45:00	185.435	185.543	185.393	185.453	1169	0	10
2026.01.13	11:00:00	185.464	185.502	185.400	185.447	1036	0	10
2026.01.13	11:15:00	185.446	185.446	185.366	185.405	887	0	10
2026.01.13	11:30:00	185.405	185.435	185.335	185.371	1070	0	10
2026.01.13	11:45:00	185.374	185.447	185.344	185.445	939	0	10
2026.01.13	12:00:00	185.446	185.526	185.437	185.473	958	0	10
2026.01.13	12:15:00	185.475	185.497	185.362	185.366	914	0	10
2026.01.13	12:30:00	185.365	185.435	185.315	185.381	949	0	10
2026.01.13	12:45:00	185.382	185.394	185.246	185.258	1003	0	10
2026.01.13	13:00:00	185.259	185.383	185.257	185.363	765	0	10
2026.01.13	13:15:00	185.360	185.446	185.333	185.422	600	0	10
2026.01.13	13:30:00	185.424	185.425	185.348	185.371	668	0	10
2026.01.13	13:45:00	185.357	185.386	185.325	185.353	774	0	10
2026.01.13	14:00:00	185.353	185.365	185.303	185.338	716	0	9
2026.01.13	14:15:00	185.338	185.392	185.336	185.365	721	0	9
2026.01.13	14:30:00	185.362	185.377	185.270	185.309	876	0	9
2026.01.13	14:45:00	185.309	185.328	185.164	185.183	1218	0	9
2026.01.13	15:00:00	185.181	185.189	185.081	185.127	1195	0	9
2026.01.13	15:15:00	185.127	185.192	185.091	185.159	1164	0	9
2026.01.13	15:30:00	185.153	185.272	185.066	185.257	2417	0	9
2026.01.13	15:45:00	185.244	185.397	185.231	185.395	1684	0	9
2026.01.13	16:00:00	185.396	185.457	185.316	185.438	1408	0	9
2026.01.13	16:15:00	185.437	185.446	185.295	185.343	1301	0	9
2026.01.13	16:30:00	185.344	185.428	185.297	185.302	1598	0	9
2026.01.13	16:45:00	185.304	185.367	185.294	185.354	1465	0	9
2026.01.13	17:00:00	185.365	185.397	185.269	185.320	1448	0	9
2026.01.13	17:15:00	185.321	185.340	185.194	185.202	1420	0	9
2026.01.13	17:30:00	185.201	185.269	185.130	185.241	1220	0	9
2026.01.13	17:45:00	185.239	185.289	185.125	185.171	1426	0	9
2026.01.13	18:00:00	185.173	185.249	185.154	185.204	1517	0	9
2026.01.13	18:15:00	185.205	185.280	185.161	185.255	1439	0	9
2026.01.13	18:30:00	185.254	185.314	185.248	185.284	1014	0	9
2026.01.13	18:45:00	185.284	185.313	185.231	185.249	1094	0	9
2026.01.13	19:00:00	185.246	185.293	185.228	185.282	988	0	20
2026.01.13	19:15:00	185.283	185.291	185.211	185.265	994	0	20
2026.01.13	19:30:00	185.265	185.281	185.157	185.157	906	0	20
2026.01.13	19:45:00	185.155	185.233	185.140	185.185	1006	0	20
2026.01.13	20:00:00	185.187	185.229	185.144	185.216	1031	0	20
2026.01.13	20:15:00	185.217	185.311	185.212	185.309	824	0	20
2026.01.13	20:30:00	185.309	185.314	185.270	185.291	658	0	20
2026.01.13	20:45:00	185.291	185.346	185.282	185.320	727	0	20
2026.01.13	21:00:00	185.321	185.350	185.279	185.312	814	0	20
2026.01.13	21:15:00	185.314	185.353	185.296	185.345	708	0	20
2026.01.13	21:30:00	185.344	185.363	185.323	185.330	534	0	20
2026.01.13	21:45:00	185.331	185.372	185.317	185.341	653	0	20
2026.01.13	22:00:00	185.342	185.354	185.315	185.330	559	0	20
2026.01.13	22:15:00	185.330	185.353	185.307	185.324	520	0	20
2026.01.13	22:30:00	185.324	185.369	185.294	185.352	749	0	20
2026.01.13	22:45:00	185.352	185.367	185.279	185.302	639	0	20
2026.01.13	23:00:00	185.281	185.300	185.256	185.271	431	0	60
2026.01.13	23:15:00	185.270	185.314	185.258	185.303	420	0	60
2026.01.13	23:30:00	185.302	185.319	185.290	185.300	341	0	60
2026.01.13	23:45:00	185.300	185.324	185.272	185.300	310	0	27
2026.01.14	00:00:00	185.162	185.301	185.162	185.290	134	0	90
2026.01.14	00:15:00	185.290	185.313	185.170	185.205	200	0	80
2026.01.14	00:30:00	185.212	185.245	185.178	185.225	958	0	80
2026.01.14	00:45:00	185.223	185.308	185.222	185.278	840	0	80
2026.01.14	01:00:00	185.307	185.349	185.254	185.312	918	0	22
2026.01.14	01:15:00	185.313	185.333	185.293	185.302	362	0	22
2026.01.14	01:30:00	185.301	185.380	185.296	185.360	409	0	22
2026.01.14	01:45:00	185.359	185.369	185.299	185.325	525	0	22
2026.01.14	02:00:00	185.325	185.395	185.307	185.344	881	0	22
2026.01.14	02:15:00	185.345	185.366	185.199	185.221	869	0	22
2026.01.14	02:30:00	185.221	185.329	185.218	185.318	780	0	22
2026.01.14	02:45:00	185.302	185.366	185.251	185.347	1101	0	22
2026.01.14	03:00:00	185.348	185.504	185.334	185.477	1067	0	22
2026.01.14	03:15:00	185.479	185.547	185.478	185.502	819	0	22
2026.01.14	03:30:00	185.504	185.564	185.441	185.475	790	0	22
2026.01.14	03:45:00	185.475	185.479	185.378	185.437	714	0	22
2026.01.14	04:00:00	185.438	185.475	185.396	185.467	825	0	22
2026.01.14	04:15:00	185.468	185.473	185.328	185.350	735	0	22
2026.01.14	04:30:00	185.349	185.450	185.317	185.444	824	0	22
2026.01.14	04:45:00	185.444	185.444	185.329	185.358	789	0	22
2026.01.14	05:00:00	185.357	185.370	185.262	185.319	728	0	22
2026.01.14	05:15:00	185.333	185.392	185.316	185.376	552	0	22
2026.01.14	05:30:00	185.376	185.405	185.286	185.313	661	0	22
2026.01.14	05:45:00	185.313	185.382	185.310	185.359	683	0	22
2026.01.14	06:00:00	185.360	185.419	185.331	185.399	578	0	22
2026.01.14	06:15:00	185.400	185.429	185.376	185.405	574	0	22
2026.01.14	06:30:00	185.405	185.408	185.349	185.372	546	0	22
2026.01.14	06:45:00	185.373	185.424	185.358	185.361	560	0	22
2026.01.14	07:00:00	185.361	185.411	185.332	185.392	593	0	22
2026.01.14	07:15:00	185.397	185.459	185.378	185.456	728	0	22
2026.01.14	07:30:00	185.457	185.502	185.431	185.470	758	0	22
2026.01.14	07:45:00	185.470	185.504	185.460	185.492	798	0	22
2026.01.14	08:00:00	185.494	185.498	185.399	185.442	866	0	22
2026.01.14	08:15:00	185.443	185.548	185.435	185.548	757	0	22
2026.01.14	08:30:00	185.552	185.573	185.376	185.402	797	0	15
2026.01.14	08:45:00	185.402	185.456	185.364	185.373	872	0	15
2026.01.14	09:00:00	185.373	185.447	185.352	185.411	985	0	15
2026.01.14	09:15:00	185.412	185.435	185.362	185.377	963	0	15
2026.01.14	09:30:00	185.379	185.418	185.373	185.384	659	0	10
2026.01.14	09:45:00	185.384	185.415	185.307	185.382	799	0	10
2026.01.14	10:00:00	185.382	185.397	185.232	185.316	1287	0	10
2026.01.14	10:15:00	185.315	185.365	185.183	185.186	1178	0	10
2026.01.14	10:30:00	185.188	185.239	184.979	185.142	1686	0	10
2026.01.14	10:45:00	185.143	185.241	185.073	185.113	1388	0	10
2026.01.14	11:00:00	185.104	185.141	184.998	185.041	1097	0	10
2026.01.14	11:15:00	185.041	185.053	184.832	184.990	1207	0	10
2026.01.14	11:30:00	184.989	185.085	184.973	185.065	1025	0	10
2026.01.14	11:45:00	185.063	185.074	184.952	184.976	1093	0	10
2026.01.14	12:00:00	184.976	185.003	184.845	184.980	1099	0	10
2026.01.14	12:15:00	184.979	185.025	184.903	184.943	1187	0	10
2026.01.14	12:30:00	184.941	184.975	184.829	184.839	1116	0	10
2026.01.14	12:45:00	184.838	184.974	184.815	184.940	1216	0	10
2026.01.14	13:00:00	184.941	184.979	184.883	184.965	1170	0	10
2026.01.14	13:15:00	184.966	184.981	184.903	184.928	882	0	10
2026.01.14	13:30:00	184.926	184.954	184.877	184.953	765	0	10
2026.01.14	13:45:00	184.951	184.959	184.690	184.844	955	0	10
2026.01.14	14:00:00	184.844	184.857	184.285	184.809	1966	0	9
2026.01.14	14:15:00	184.812	184.835	184.696	184.747	1100	0	9
2026.01.14	14:30:00	184.747	184.757	184.658	184.716	1101	0	9
2026.01.14	14:45:00	184.716	184.877	184.701	184.863	1466	0	9
2026.01.14	15:00:00	184.857	184.873	184.764	184.800	1292	0	9
2026.01.14	15:15:00	184.792	184.832	184.732	184.807	1020	0	9
2026.01.14	15:30:00	184.812	184.860	184.674	184.773	1537	0	9
2026.01.14	15:45:00	184.757	184.780	184.716	184.771	1158	0	9
2026.01.14	16:00:00	184.769	184.839	184.459	184.529	1722	0	9
2026.01.14	16:15:00	184.514	184.647	184.402	184.426	1618	0	9
2026.01.14	16:30:00	184.427	184.539	184.384	184.428	1840	0	9
2026.01.14	16:45:00	184.415	184.503	184.387	184.406	1680	0	9
2026.01.14	17:00:00	184.396	184.620	184.396	184.597	1873	0	9
2026.01.14	17:15:00	184.597	184.598	184.416	184.416	1374	0	9
2026.01.14	17:30:00	184.418	184.483	184.310	184.346	1366	0	9
2026.01.14	17:45:00	184.345	184.445	184.307	184.360	1590	0	9
2026.01.14	18:00:00	184.362	184.437	184.348	184.419	1154	0	9
2026.01.14	18:15:00	184.422	184.496	184.403	184.448	1071	0	9
2026.01.14	18:30:00	184.446	184.480	184.321	184.334	1192	0	9
2026.01.14	18:45:00	184.336	184.354	184.281	184.289	1125	0	9
2026.01.14	19:00:00	184.292	184.380	184.274	184.372	982	0	10
2026.01.14	19:15:00	184.371	184.416	184.346	184.399	931	0	20
2026.01.14	19:30:00	184.399	184.415	184.362	184.404	1015	0	20
2026.01.14	19:45:00	184.402	184.410	184.354	184.356	802	0	20
2026.01.14	20:00:00	184.355	184.457	184.353	184.439	794	0	20
2026.01.14	20:15:00	184.438	184.465	184.403	184.432	683	0	20
2026.01.14	20:30:00	184.432	184.466	184.288	184.320	968	0	20
2026.01.14	20:45:00	184.319	184.422	184.286	184.406	823	0	20
2026.01.14	21:00:00	184.403	184.420	184.345	184.349	877	0	20
2026.01.14	21:15:00	184.349	184.437	184.341	184.409	857	0	20
2026.01.14	21:30:00	184.408	184.432	184.373	184.409	643	0	20
2026.01.14	21:45:00	184.410	184.459	184.403	184.436	704	0	20
2026.01.14	22:00:00	184.443	184.596	184.417	184.557	1297	0	20
2026.01.14	22:15:00	184.558	184.610	184.552	184.591	773	0	20
2026.01.14	22:30:00	184.591	184.622	184.556	184.611	892	0	20
2026.01.14	22:45:00	184.611	184.640	184.596	184.636	808	0	20
2026.01.14	23:00:00	184.616	184.659	184.581	184.593	526	0	60
2026.01.14	23:15:00	184.586	184.608	184.523	184.557	405	0	60
2026.01.14	23:30:00	184.557	184.584	184.506	184.543	490	0	60
2026.01.14	23:45:00	184.543	184.575	184.486	184.486	471	0	30
2026.01.15	00:00:00	184.264	184.480	184.264	184.411	121	0	81
2026.01.15	00:15:00	184.411	184.515	184.411	184.486	242	0	80
2026.01.15	00:30:00	184.472	184.489	184.248	184.294	482	0	80
2026.01.15	00:45:00	184.294	184.305	184.228	184.273	327	0	80
2026.01.15	01:00:00	184.302	184.346	184.276	184.300	496	0	22
2026.01.15	01:15:00	184.299	184.415	184.299	184.394	469	0	22
2026.01.15	01:30:00	184.408	184.482	184.392	184.441	541	0	22
2026.01.15	01:45:00	184.442	184.502	184.413	184.464	699	0	22
2026.01.15	02:00:00	184.464	184.593	184.464	184.567	777	0	22
2026.01.15	02:15:00	184.567	184.611	184.478	184.559	726	0	22
2026.01.15	02:30:00	184.558	184.574	184.469	184.530	979	0	22
2026.01.15	02:45:00	184.530	184.572	184.293	184.336	1323	0	22
2026.01.15	03:00:00	184.337	184.389	184.258	184.279	1134	0	22
2026.01.15	03:15:00	184.276	184.380	184.270	184.364	1019	0	22
2026.01.15	03:30:00	184.377	184.387	184.182	184.189	1140	0	22
2026.01.15	03:45:00	184.190	184.297	184.166	184.285	950	0	22
2026.01.15	04:00:00	184.286	184.333	184.254	184.278	914	0	22
2026.01.15	04:15:00	184.278	184.413	184.278	184.410	733	0	22
2026.01.15	04:30:00	184.410	184.517	184.364	184.512	850	0	22
2026.01.15	04:45:00	184.511	184.531	184.443	184.521	763	0	22
2026.01.15	05:00:00	184.522	184.616	184.465	184.591	709	0	22
2026.01.15	05:15:00	184.605	184.612	184.517	184.521	762	0	22
2026.01.15	05:30:00	184.523	184.593	184.512	184.563	693	0	22
2026.01.15	05:45:00	184.563	184.566	184.470	184.489	658	0	22
2026.01.15	06:00:00	184.489	184.496	184.431	184.452	607	0	22
2026.01.15	06:15:00	184.451	184.539	184.416	184.527	631	0	22
2026.01.15	06:30:00	184.529	184.574	184.474	184.555	605	0	22
2026.01.15	06:45:00	184.555	184.582	184.488	184.498	592	0	22
2026.01.15	07:00:00	184.500	184.532	184.445	184.487	776	0	22
2026.01.15	07:15:00	184.488	184.490	184.409	184.438	678	0	22
2026.01.15	07:30:00	184.438	184.471	184.401	184.433	553	0	22
2026.01.15	07:45:00	184.432	184.438	184.295	184.322	812	0	22
2026.01.15	08:00:00	184.321	184.423	184.309	184.401	968	0	22
2026.01.15	08:15:00	184.400	184.492	184.390	184.474	998	0	22
2026.01.15	08:30:00	184.478	184.514	184.449	184.473	833	0	15
2026.01.15	08:45:00	184.475	184.530	184.454	184.518	818	0	15
2026.01.15	09:00:00	184.517	184.579	184.449	184.557	1079	0	15
2026.01.15	09:15:00	184.558	184.594	184.309	184.375	1218	0	15
2026.01.15	09:30:00	184.377	184.475	184.270	184.289	933	0	10
2026.01.15	09:45:00	184.287	184.416	184.255	184.415	959	0	10
2026.01.15	10:00:00	184.411	184.556	184.373	184.522	1219	0	10
2026.01.15	10:15:00	184.522	184.604	184.483	184.484	1152	0	10
2026.01.15	10:30:00	184.481	184.625	184.448	184.574	1131	0	10
2026.01.15	10:45:00	184.574	184.618	184.519	184.559	926	0	10
2026.01.15	11:00:00	184.561	184.595	184.516	184.577	966	0	10
2026.01.15	11:15:00	184.580	184.580	184.201	184.321	1479	0	10
2026.01.15	11:30:00	184.323	184.358	184.225	184.304	1135	0	10
2026.01.15	11:45:00	184.319	184.353	184.246	184.296	1037	0	10
2026.01.15	12:00:00	184.303	184.314	184.220	184.290	1085	0	10
2026.01.15	12:15:00	184.291	184.419	184.272	184.403	860	0	10
2026.01.15	12:30:00	184.403	184.436	184.355	184.373	856	0	10
2026.01.15	12:45:00	184.372	184.404	184.343	184.393	847	0	10
2026.01.15	13:00:00	184.395	184.416	184.348	184.406	884	0	10
2026.01.15	13:15:00	184.406	184.406	184.365	184.390	713	0	10
2026.01.15	13:30:00	184.393	184.432	184.376	184.411	718	0	10
2026.01.15	13:45:00	184.410	184.443	184.380	184.414	769	0	10
2026.01.15	14:00:00	184.415	184.482	184.414	184.471	772	0	9
2026.01.15	14:15:00	184.470	184.486	184.397	184.419	697	0	9
2026.01.15	14:30:00	184.420	184.456	184.372	184.410	640	0	9
2026.01.15	14:45:00	184.419	184.421	184.356	184.366	804	0	9
2026.01.15	15:00:00	184.346	184.346	184.336	184.343	32	0	9
2026.01.15	15:15:00	184.343	184.359	184.223	184.259	1198	0	9
2026.01.15	15:30:00	184.252	184.307	184.219	184.245	1869	0	9
2026.01.15	15:45:00	184.232	184.300	184.181	184.267	1482	0	9
2026.01.15	16:00:00	184.266	184.310	184.237	184.294	1402	0	9
2026.01.15	16:15:00	184.300	184.303	184.170	184.220	1386	0	9
2026.01.15	16:30:00	184.219	184.242	184.130	184.157	1514	0	9
2026.01.15	16:45:00	184.170	184.228	184.107	184.146	1337	0	9
2026.01.15	17:00:00	184.160	184.165	184.029	184.123	1275	0	9
2026.01.15	17:15:00	184.122	184.127	183.958	183.958	1227	0	9
2026.01.15	17:30:00	183.958	183.990	183.855	183.981	1331	0	9
2026.01.15	17:45:00	183.982	184.065	183.868	183.943	1547	0	9
2026.01.15	18:00:00	183.943	183.990	183.878	183.969	1167	0	9
2026.01.15	18:15:00	183.971	183.971	183.914	183.959	1084	0	9
2026.01.15	18:30:00	183.958	184.013	183.914	183.989	1040	0	9
2026.01.15	18:45:00	183.989	184.022	183.912	183.937	1005	0	9
2026.01.15	19:00:00	183.931	183.974	183.911	183.949	838	0	20
2026.01.15	19:15:00	183.950	184.015	183.906	183.997	819	0	20
2026.01.15	19:30:00	183.996	184.033	183.958	183.960	790	0	20
2026.01.15	19:45:00	183.959	184.012	183.959	183.996	670	0	20
2026.01.15	20:00:00	183.996	184.074	183.996	184.047	812	0	20
2026.01.15	20:15:00	184.048	184.076	184.014	184.023	625	0	20
2026.01.15	20:30:00	184.025	184.073	184.017	184.064	673	0	20
2026.01.15	20:45:00	184.065	184.091	184.039	184.082	671	0	20
2026.01.15	21:00:00	184.083	184.111	184.050	184.076	791	0	20
2026.01.15	21:15:00	184.075	184.119	184.067	184.093	709	0	20
2026.01.15	21:30:00	184.079	184.144	184.067	184.143	747	0	20
2026.01.15	21:45:00	184.144	184.146	184.077	184.118	657	0	20
2026.01.15	22:00:00	184.108	184.128	184.086	184.091	631	0	20
2026.01.15	22:15:00	184.090	184.124	184.048	184.063	721	0	20
2026.01.15	22:30:00	184.062	184.073	183.998	184.026	712	0	20
2026.01.15	22:45:00	184.025	184.102	184.025	184.092	678	0	20
2026.01.15	23:00:00	184.072	184.113	184.054	184.101	523	0	60
2026.01.15	23:15:00	184.100	184.132	184.072	184.093	413	0	60
2026.01.15	23:30:00	184.091	184.138	184.091	184.123	341	0	60
2026.01.15	23:45:00	184.120	184.182	184.044	184.044	324	0	23
2026.01.16	00:00:00	184.030	184.108	183.982	184.053	77	0	90
2026.01.16	00:15:00	184.056	184.133	184.056	184.102	137	0	80
2026.01.16	00:30:00	184.101	184.128	184.070	184.119	218	0	80
2026.01.16	00:45:00	184.119	184.141	184.085	184.100	381	0	80
2026.01.16	01:00:00	184.129	184.189	184.078	184.117	451	0	22
2026.01.16	01:15:00	184.118	184.182	184.114	184.169	309	0	22
2026.01.16	01:30:00	184.168	184.183	184.126	184.142	409	0	22
2026.01.16	01:45:00	184.142	184.150	184.065	184.100	499	0	22
2026.01.16	02:00:00	184.101	184.101	184.001	184.058	730	0	22
2026.01.16	02:15:00	184.058	184.087	184.025	184.077	542	0	22
2026.01.16	02:30:00	184.075	184.093	183.995	184.048	614	0	22
2026.01.16	02:45:00	184.045	184.159	184.015	184.098	1153	0	22
2026.01.16	03:00:00	184.096	184.123	183.987	183.990	1008	0	22
2026.01.16	03:15:00	183.991	184.007	183.897	183.955	858	0	22
2026.01.16	03:30:00	183.954	184.001	183.918	183.997	627	0	22
2026.01.16	03:45:00	183.983	184.087	183.961	184.081	803	0	22
2026.01.16	04:00:00	184.083	184.114	183.991	184.020	749	0	22
2026.01.16	04:15:00	184.021	184.059	183.828	183.884	1163	0	22
2026.01.16	04:30:00	183.899	183.915	183.449	183.683	1411	0	22
2026.01.16	04:45:00	183.680	183.821	183.642	183.768	1199	0	22
2026.01.16	05:00:00	183.769	183.791	183.578	183.578	1005	0	22
2026.01.16	05:15:00	183.580	183.702	183.580	183.669	751	0	22
2026.01.16	05:30:00	183.668	183.685	183.588	183.617	665	0	22
2026.01.16	05:45:00	183.604	183.692	183.577	183.595	766	0	22
2026.01.16	06:00:00	183.594	183.733	183.573	183.718	630	0	22
2026.01.16	06:15:00	183.710	183.764	183.683	183.691	632	0	22
2026.01.16	06:30:00	183.692	183.786	183.657	183.778	607	0	22
2026.01.16	06:45:00	183.777	183.797	183.740	183.771	529	0	22
2026.01.16	07:00:00	183.774	183.786	183.713	183.725	540	0	22
2026.01.16	07:15:00	183.724	183.763	183.694	183.714	518	0	22
2026.01.16	07:30:00	183.715	183.763	183.694	183.761	653	0	22
2026.01.16	07:45:00	183.761	183.825	183.744	183.808	714	0	22
2026.01.16	08:00:00	183.807	183.874	183.784	183.853	668	0	22
2026.01.16	08:15:00	183.853	183.911	183.827	183.844	725	0	22
2026.01.16	08:30:00	183.847	183.881	183.796	183.812	730	0	15
2026.01.16	08:45:00	183.813	183.883	183.743	183.860	673	0	15
2026.01.16	09:00:00	183.861	183.932	183.786	183.829	971	0	15
2026.01.16	09:15:00	183.828	183.843	183.671	183.707	996	0	15
2026.01.16	09:30:00	183.709	183.749	183.595	183.613	1303	0	10
2026.01.16	09:45:00	183.613	183.674	183.588	183.674	1167	0	10
2026.01.16	10:00:00	183.673	183.736	183.612	183.664	1215	0	10
2026.01.16	10:15:00	183.662	183.726	183.551	183.591	1036	0	10
2026.01.16	10:30:00	183.591	183.645	183.487	183.575	1129	0	10
2026.01.16	10:45:00	183.561	183.701	183.543	183.673	901	0	10
2026.01.16	11:00:00	183.671	183.675	183.560	183.615	877	0	10
2026.01.16	11:15:00	183.618	183.689	183.610	183.617	862	0	10
2026.01.16	11:30:00	183.618	183.660	183.559	183.602	851	0	10
2026.01.16	11:45:00	183.602	183.652	183.546	183.643	786	0	10
2026.01.16	12:00:00	183.645	183.675	183.596	183.608	850	0	10
2026.01.16	12:15:00	183.623	183.641	183.549	183.634	935	0	10
2026.01.16	12:30:00	183.625	183.689	183.597	183.656	793	0	10
2026.01.16	12:45:00	183.655	183.684	183.602	183.621	739	0	10
2026.01.16	13:00:00	183.622	183.697	183.596	183.693	811	0	10
2026.01.16	13:15:00	183.695	183.727	183.661	183.717	885	0	10
2026.01.16	13:30:00	183.716	183.728	183.663	183.675	817	0	10
2026.01.16	13:45:00	183.674	183.724	183.667	183.695	814	0	10
2026.01.16	14:00:00	183.695	183.804	183.695	183.737	876	0	9
2026.01.16	14:15:00	183.738	183.810	183.728	183.762	933	0	9
2026.01.16	14:30:00	183.763	183.795	183.718	183.742	865	0	9
2026.01.16	14:45:00	183.743	183.773	183.695	183.763	1176	0	9
2026.01.16	15:00:00	183.763	183.763	183.607	183.617	1084	0	9
2026.01.16	15:15:00	183.618	183.687	183.536	183.663	1168	0	9
2026.01.16	15:30:00	183.661	183.672	183.590	183.608	1079	0	9
2026.01.16	15:45:00	183.608	183.626	183.497	183.601	1007	0	9
2026.01.16	16:00:00	183.601	183.667	183.560	183.576	930	0	9
2026.01.16	16:15:00	183.586	183.634	183.564	183.574	823	0	9
2026.01.16	16:30:00	183.578	183.627	183.516	183.522	1115	0	9
2026.01.16	16:45:00	183.521	183.576	183.403	183.452	1175	0	9
2026.01.16	17:00:00	183.452	183.558	183.382	183.515	1152	0	9
2026.01.16	17:15:00	183.515	183.585	183.311	183.390	1899	0	9
2026.01.16	17:30:00	183.389	183.463	183.276	183.351	1743	0	9
2026.01.16	17:45:00	183.354	183.405	183.197	183.253	1701	0	9
2026.01.16	18:00:00	183.255	183.423	183.252	183.296	1673	0	9
2026.01.16	18:15:00	183.293	183.359	183.246	183.295	1294	0	9
2026.01.16	18:30:00	183.296	183.368	183.257	183.337	1133	0	9
2026.01.16	18:45:00	183.337	183.366	183.243	183.283	1050	0	9
2026.01.16	19:00:00	183.277	183.366	183.277	183.365	948	0	20
2026.01.16	19:15:00	183.365	183.424	183.353	183.360	736	0	20
2026.01.16	19:30:00	183.359	183.416	183.323	183.329	740	0	20
2026.01.16	19:45:00	183.328	183.393	183.321	183.374	826	0	20
2026.01.16	20:00:00	183.374	183.418	183.318	183.345	815	0	20
2026.01.16	20:15:00	183.344	183.445	183.344	183.410	766	0	20
2026.01.16	20:30:00	183.409	183.444	183.386	183.412	675	0	20
2026.01.16	20:45:00	183.411	183.426	183.375	183.418	613	0	20
2026.01.16	21:00:00	183.416	183.438	183.349	183.361	620	0	20
2026.01.16	21:15:00	183.359	183.415	183.346	183.383	471	0	19
2026.01.16	21:30:00	183.382	183.409	183.356	183.364	517	0	20
2026.01.16	21:45:00	183.363	183.395	183.327	183.349	536	0	20
2026.01.16	22:00:00	183.348	183.380	183.322	183.346	572	0	20
2026.01.16	22:15:00	183.345	183.364	183.328	183.336	532	0	20
2026.01.16	22:30:00	183.331	183.370	183.300	183.351	626	0	20
2026.01.16	22:45:00	183.355	183.378	183.341	183.360	632	0	20
2026.01.16	23:00:00	183.340	183.403	183.322	183.378	418	0	60
2026.01.16	23:15:00	183.376	183.415	183.339	183.368	352	0	60
2026.01.16	23:30:00	183.370	183.395	183.347	183.368	304	0	18
2026.01.16	23:45:00	183.367	183.399	183.308	183.316	541	0	60
2026.01.19	00:00:00	182.856	182.864	182.793	182.832	221	0	70
2026.01.19	00:15:00	182.832	182.900	182.794	182.806	439	0	80
2026.01.19	00:30:00	182.808	182.921	182.799	182.861	798	0	80
2026.01.19	00:45:00	182.853	182.927	182.827	182.868	678	0	80
2026.01.19	01:00:00	182.896	183.074	182.758	182.922	1549	0	22
2026.01.19	01:15:00	182.917	183.111	182.917	183.082	1227	0	22
2026.01.19	01:30:00	183.082	183.207	183.069	183.147	1350	0	22
2026.01.19	01:45:00	183.148	183.174	183.032	183.127	1225	0	22
2026.01.19	02:00:00	183.133	183.303	183.078	183.248	1368	0	22
2026.01.19	02:15:00	183.248	183.280	183.059	183.253	1484	0	22
2026.01.19	02:30:00	183.253	183.353	183.226	183.301	1340	0	22
2026.01.19	02:45:00	183.302	183.357	183.134	183.171	1370	0	22
2026.01.19	03:00:00	183.170	183.321	183.097	183.131	1372	0	22
2026.01.19	03:15:00	183.132	183.180	182.996	183.024	1319	0	22
2026.01.19	03:30:00	183.031	183.220	183.015	183.197	1034	0	22
2026.01.19	03:45:00	183.210	183.345	183.196	183.264	1070	0	22
2026.01.19	04:00:00	183.268	183.424	183.254	183.365	1118	0	22
2026.01.19	04:15:00	183.365	183.379	183.308	183.359	926	0	22
2026.01.19	04:30:00	183.360	183.441	183.334	183.437	845	0	22
2026.01.19	04:45:00	183.437	183.484	183.379	183.397	791	0	22
2026.01.19	05:00:00	183.399	183.467	183.367	183.446	771	0	22
2026.01.19	05:15:00	183.445	183.464	183.384	183.399	959	0	22
2026.01.19	05:30:00	183.400	183.540	183.377	183.501	969	0	22
2026.01.19	05:45:00	183.501	183.558	183.486	183.513	708	0	22
2026.01.19	06:00:00	183.513	183.578	183.482	183.562	655	0	22
2026.01.19	06:15:00	183.562	183.604	183.541	183.574	734	0	22
2026.01.19	06:30:00	183.573	183.593	183.548	183.581	700	0	22
2026.01.19	06:45:00	183.581	183.642	183.539	183.585	846	0	22
2026.01.19	07:00:00	183.583	183.600	183.525	183.568	764	0	18
2026.01.19	07:15:00	183.569	183.642	183.555	183.616	661	0	22
2026.01.19	07:30:00	183.618	183.716	183.596	183.707	750	0	22
2026.01.19	07:45:00	183.708	183.713	183.579	183.584	867	0	22
2026.01.19	08:00:00	183.583	183.673	183.562	183.622	707	0	22
2026.01.19	08:15:00	183.622	183.651	183.528	183.636	849	0	22
2026.01.19	08:30:00	183.640	183.643	183.506	183.507	912	0	15
2026.01.19	08:45:00	183.506	183.548	183.492	183.495	960	0	15
2026.01.19	09:00:00	183.494	183.655	183.488	183.650	1357	0	15
2026.01.19	09:15:00	183.649	183.781	183.549	183.748	1061	0	15
2026.01.19	09:30:00	183.745	183.762	183.605	183.709	1166	0	10
2026.01.19	09:45:00	183.710	183.838	183.695	183.772	999	0	10
2026.01.19	10:00:00	183.776	183.815	183.699	183.728	1279	0	10
2026.01.19	10:15:00	183.728	183.788	183.698	183.725	1105	0	10
2026.01.19	10:30:00	183.726	183.738	183.622	183.704	944	0	10
2026.01.19	10:45:00	183.702	183.721	183.634	183.709	926	0	10
2026.01.19	11:00:00	183.709	183.795	183.599	183.614	1278	0	10
2026.01.19	11:15:00	183.614	183.702	183.526	183.583	1263	0	10
2026.01.19	11:30:00	183.600	183.748	183.487	183.594	1264	0	10
2026.01.19	11:45:00	183.592	183.713	183.560	183.569	1029	0	10
2026.01.19	12:00:00	183.568	183.678	183.546	183.646	894	0	10
2026.01.19	12:15:00	183.647	183.657	183.519	183.520	809	0	10
2026.01.19	12:30:00	183.519	183.552	183.494	183.517	868	0	10
2026.01.19	12:45:00	183.520	183.536	183.475	183.526	1077	0	10
2026.01.19	13:00:00	183.527	183.635	183.513	183.614	858	0	10
2026.01.19	13:15:00	183.614	183.661	183.581	183.652	912	0	10
2026.01.19	13:30:00	183.652	183.756	183.651	183.739	688	0	10
2026.01.19	13:45:00	183.739	183.813	183.733	183.764	694	0	10
2026.01.19	14:00:00	183.764	183.774	183.637	183.712	824	0	9
2026.01.19	14:15:00	183.712	183.743	183.660	183.673	769	0	9
2026.01.19	14:30:00	183.671	183.773	183.668	183.751	820	0	9
2026.01.19	14:45:00	183.750	183.754	183.665	183.716	845	0	9
2026.01.19	15:00:00	183.716	183.740	183.678	183.688	998	0	9
2026.01.19	15:15:00	183.690	183.748	183.686	183.721	832	0	9
2026.01.19	15:30:00	183.726	183.728	183.668	183.678	914	0	9
2026.01.19	15:45:00	183.679	183.736	183.670	183.696	799	0	9
2026.01.19	16:00:00	183.699	183.718	183.667	183.701	838	0	9
2026.01.19	16:15:00	183.701	183.723	183.632	183.709	808	0	9
2026.01.19	16:30:00	183.713	183.747	183.684	183.740	838	0	9
2026.01.19	16:45:00	183.739	183.826	183.717	183.787	980	0	9
2026.01.19	17:00:00	183.790	183.819	183.752	183.766	989	0	9
2026.01.19	17:15:00	183.766	183.835	183.747	183.816	912	0	9
2026.01.19	17:30:00	183.818	183.869	183.795	183.852	980	0	9
2026.01.19	17:45:00	183.852	184.007	183.828	183.973	1260	0	9
2026.01.19	18:00:00	183.970	184.050	183.941	184.050	1179	0	9
2026.01.19	18:15:00	184.050	184.135	184.036	184.117	778	0	9
2026.01.19	18:30:00	184.117	184.139	184.067	184.108	532	0	9
2026.01.19	18:45:00	184.109	184.128	184.031	184.037	533	0	9
2026.01.19	19:00:00	184.031	184.057	183.999	184.054	494	0	20
2026.01.19	19:15:00	184.055	184.056	183.980	184.004	626	0	20
2026.01.19	19:30:00	184.002	184.023	183.984	184.007	481	0	20
2026.01.19	19:45:00	184.006	184.052	184.001	184.030	578	0	20
2026.01.19	20:00:00	184.029	184.063	184.026	184.051	427	0	18
2026.01.19	20:15:00	184.050	184.078	184.031	184.061	313	0	20
2026.01.19	20:30:00	184.061	184.083	184.044	184.045	293	0	20
2026.01.19	20:45:00	184.043	184.068	184.033	184.049	405	0	20
2026.01.19	21:00:00	184.051	184.132	184.038	184.110	357	0	18
2026.01.19	21:15:00	184.111	184.133	184.094	184.112	265	0	18
2026.01.19	21:30:00	184.112	184.119	184.055	184.066	310	0	18
2026.01.19	21:45:00	184.065	184.085	184.043	184.056	322	0	20
2026.01.19	22:00:00	184.057	184.112	184.048	184.095	399	0	20
2026.01.19	22:15:00	184.109	184.127	184.090	184.110	249	0	18
2026.01.19	22:30:00	184.112	184.120	184.088	184.099	280	0	20
2026.01.19	22:45:00	184.098	184.133	184.098	184.127	230	0	1
2026.01.19	23:00:00	184.107	184.131	184.095	184.121	220	0	60
2026.01.19	23:15:00	184.122	184.136	184.071	184.081	215	0	18
2026.01.19	23:30:00	184.096	184.128	184.077	184.117	239	0	21
2026.01.19	23:45:00	184.116	184.138	184.102	184.136	187	0	28
2026.01.20	00:00:00	183.958	184.091	183.908	184.086	108	0	128
2026.01.20	00:15:00	184.086	184.121	184.063	184.079	89	0	80
2026.01.20	00:30:00	184.060	184.118	184.047	184.101	137	0	80
2026.01.20	00:45:00	184.115	184.117	184.059	184.082	134	0	80
2026.01.20	01:00:00	184.111	184.192	184.111	184.147	490	0	22
2026.01.20	01:15:00	184.150	184.165	184.100	184.163	425	0	22
2026.01.20	01:30:00	184.164	184.175	184.108	184.122	385	0	22
2026.01.20	01:45:00	184.123	184.152	184.073	184.094	382	0	22
2026.01.20	02:00:00	184.094	184.178	184.058	184.166	810	0	22
2026.01.20	02:15:00	184.166	184.174	183.989	184.025	893	0	22
2026.01.20	02:30:00	184.025	184.107	184.018	184.079	881	0	22
2026.01.20	02:45:00	184.080	184.096	183.800	183.841	1483	0	22
2026.01.20	03:00:00	183.845	183.892	183.758	183.851	1459	0	22
2026.01.20	03:15:00	183.853	184.074	183.853	184.065	1156	0	22
2026.01.20	03:30:00	184.065	184.112	184.032	184.112	874	0	22
2026.01.20	03:45:00	184.111	184.141	183.872	183.896	1135	0	22
2026.01.20	04:00:00	183.896	184.015	183.891	184.011	817	0	22
2026.01.20	04:15:00	184.011	184.013	183.857	183.988	863	0	22
2026.01.20	04:30:00	183.989	184.045	183.980	184.015	788	0	22
2026.01.20	04:45:00	184.015	184.067	183.973	184.002	714	0	22
2026.01.20	05:00:00	184.004	184.022	183.937	183.986	737	0	22
2026.01.20	05:15:00	183.987	184.090	183.975	184.048	775	0	22
2026.01.20	05:30:00	184.047	184.132	184.026	184.118	843	0	22
2026.01.20	05:45:00	184.117	184.169	184.099	184.125	800	0	22
2026.01.20	06:00:00	184.126	184.170	184.090	184.101	737	0	22
2026.01.20	06:15:00	184.102	184.186	184.094	184.179	976	0	22
2026.01.20	06:30:00	184.179	184.338	184.174	184.312	871	0	22
2026.01.20	06:45:00	184.312	184.353	184.262	184.351	872	0	22
2026.01.20	07:00:00	184.352	184.399	184.303	184.343	808	0	22
2026.01.20	07:15:00	184.342	184.380	184.323	184.351	790	0	22
2026.01.20	07:30:00	184.350	184.432	184.348	184.402	753	0	22
2026.01.20	07:45:00	184.404	184.426	184.350	184.398	884	0	22
2026.01.20	08:00:00	184.395	184.525	184.380	184.523	988	0	22
2026.01.20	08:15:00	184.522	184.800	184.518	184.798	1302	0	22
2026.01.20	08:30:00	184.809	184.846	184.757	184.833	1124	0	15
2026.01.20	08:45:00	184.830	184.896	184.743	184.846	918	0	15
2026.01.20	09:00:00	184.852	185.029	184.827	184.938	1288	0	15
2026.01.20	09:15:00	184.941	185.090	184.926	185.081	1215	0	15
2026.01.20	09:30:00	185.084	185.210	185.053	185.189	1649	0	10
2026.01.20	09:45:00	185.184	185.194	185.026	185.107	1599	0	10
2026.01.20	10:00:00	185.105	185.135	184.981	185.030	1702	0	10
2026.01.20	10:15:00	185.030	185.089	184.932	184.972	1516	0	10
2026.01.20	10:30:00	184.960	185.041	184.800	184.830	1972	0	10
2026.01.20	10:45:00	184.832	184.946	184.819	184.905	1864	0	10
2026.01.20	11:00:00	184.906	184.936	184.685	184.848	1942	0	10
2026.01.20	11:15:00	184.849	184.909	184.742	184.849	1661	0	10
2026.01.20	11:30:00	184.848	184.969	184.810	184.946	1526	0	10
2026.01.20	11:45:00	184.944	184.999	184.866	184.961	1368	0	10
2026.01.20	12:00:00	184.957	185.073	184.935	184.982	1632	0	10
2026.01.20	12:15:00	184.990	185.069	184.952	185.058	1482	0	10
2026.01.20	12:30:00	185.059	185.154	185.013	185.132	1102	0	10
2026.01.20	12:45:00	185.131	185.147	185.043	185.131	1094	0	10
2026.01.20	13:00:00	185.130	185.168	185.096	185.123	1219	0	10
2026.01.20	13:15:00	185.124	185.147	185.072	185.106	1113	0	10
2026.01.20	13:30:00	185.107	185.186	185.095	185.170	1153	0	10
2026.01.20	13:45:00	185.155	185.177	185.068	185.107	1315	0	10
2026.01.20	14:00:00	185.107	185.177	185.066	185.158	1297	0	9
2026.01.20	14:15:00	185.155	185.190	185.109	185.185	1224	0	9
2026.01.20	14:30:00	185.184	185.253	185.160	185.194	1276	0	9
2026.01.20	14:45:00	185.194	185.223	185.092	185.111	1395	0	9
2026.01.20	15:00:00	185.115	185.181	185.086	185.131	1274	0	9
2026.01.20	15:15:00	185.133	185.175	185.056	185.097	1471	0	9
2026.01.20	15:30:00	185.098	185.386	185.047	185.266	2236	0	9
2026.01.20	15:45:00	185.264	185.396	185.180	185.190	1923	0	9
2026.01.20	16:00:00	185.190	185.250	184.951	185.072	2044	0	9
2026.01.20	16:15:00	185.066	185.202	185.065	185.163	1784	0	9
2026.01.20	16:30:00	185.157	185.270	185.106	185.146	1941	0	9
2026.01.20	16:45:00	185.145	185.253	185.105	185.210	1801	0	9
2026.01.20	17:00:00	185.215	185.336	185.197	185.324	1773	0	9
2026.01.20	17:15:00	185.323	185.329	185.195	185.256	1598	0	9
2026.01.20	17:30:00	185.256	185.345	185.256	185.288	1522	0	9
2026.01.20	17:45:00	185.289	185.338	185.186	185.190	1607	0	9
2026.01.20	18:00:00	185.191	185.335	185.191	185.311	1333	0	9
2026.01.20	18:15:00	185.309	185.320	185.232	185.299	1304	0	9
2026.01.20	18:30:00	185.298	185.434	185.275	185.382	1271	0	9
2026.01.20	18:45:00	185.382	185.426	185.331	185.341	1125	0	9
2026.01.20	19:00:00	185.335	185.407	185.317	185.373	1166	0	20
2026.01.20	19:15:00	185.372	185.399	185.313	185.337	1086	0	20
2026.01.20	19:30:00	185.351	185.351	185.257	185.263	983	0	20
2026.01.20	19:45:00	185.248	185.329	185.243	185.290	820	0	20
2026.01.20	20:00:00	185.291	185.361	185.280	185.343	855	0	20
2026.01.20	20:15:00	185.341	185.404	185.319	185.382	763	0	20
2026.01.20	20:30:00	185.382	185.407	185.329	185.365	861	0	20
2026.01.20	20:45:00	185.365	185.368	185.302	185.339	904	0	20
2026.01.20	21:00:00	185.341	185.409	185.326	185.356	981	0	20
2026.01.20	21:15:00	185.358	185.384	185.336	185.367	895	0	20
2026.01.20	21:30:00	185.370	185.385	185.321	185.372	935	0	20
2026.01.20	21:45:00	185.373	185.412	185.351	185.388	1052	0	20
2026.01.20	22:00:00	185.373	185.416	185.342	185.368	1008	0	20
2026.01.20	22:15:00	185.369	185.437	185.356	185.417	979	0	20
2026.01.20	22:30:00	185.414	185.431	185.337	185.418	879	0	20
2026.01.20	22:45:00	185.417	185.418	185.362	185.395	812	0	20
2026.01.20	23:00:00	185.375	185.437	185.354	185.423	553	0	60
2026.01.20	23:15:00	185.422	185.441	185.379	185.396	329	0	60
2026.01.20	23:30:00	185.397	185.441	185.381	185.395	492	0	60
2026.01.20	23:45:00	185.396	185.444	185.385	185.433	404	0	29
2026.01.21	00:00:00	185.274	185.396	185.266	185.350	197	0	66
2026.01.21	00:15:00	185.369	185.416	185.361	185.376	230	0	80
2026.01.21	00:30:00	185.375	185.413	185.365	185.411	299	0	80
2026.01.21	00:45:00	185.407	185.414	185.348	185.375	277	0	80
2026.01.21	01:00:00	185.404	185.437	185.360	185.431	569	0	22
2026.01.21	01:15:00	185.432	185.465	185.422	185.443	357	0	22
2026.01.21	01:30:00	185.443	185.473	185.396	185.426	425	0	22
2026.01.21	01:45:00	185.425	185.507	185.326	185.454	888	0	22
2026.01.21	02:00:00	185.474	185.536	185.408	185.512	1168	0	22
2026.01.21	02:15:00	185.513	185.523	185.379	185.401	897	0	22
2026.01.21	02:30:00	185.402	185.460	185.345	185.438	871	0	22
2026.01.21	02:45:00	185.437	185.449	185.318	185.368	1210	0	22
2026.01.21	03:00:00	185.360	185.424	185.296	185.358	1161	0	22
2026.01.21	03:15:00	185.359	185.436	185.265	185.286	1124	0	22
2026.01.21	03:30:00	185.287	185.350	185.203	185.246	1233	0	22
2026.01.21	03:45:00	185.247	185.306	185.212	185.269	1080	0	22
2026.01.21	04:00:00	185.268	185.389	185.264	185.350	1016	0	22
2026.01.21	04:15:00	185.350	185.355	185.186	185.215	932	0	22
2026.01.21	04:30:00	185.214	185.285	185.174	185.239	873	0	22
2026.01.21	04:45:00	185.239	185.240	185.160	185.176	772	0	22
2026.01.21	05:00:00	185.176	185.235	185.161	185.194	786	0	22
2026.01.21	05:15:00	185.193	185.222	185.140	185.201	1171	0	22
2026.01.21	05:30:00	185.203	185.224	185.141	185.182	890	0	22
2026.01.21	05:45:00	185.182	185.260	185.168	185.259	672	0	22
2026.01.21	06:00:00	185.260	185.267	185.075	185.105	880	0	22
2026.01.21	06:15:00	185.107	185.150	185.086	185.121	644	0	22
2026.01.21	06:30:00	185.122	185.220	185.113	185.219	639	0	22
2026.01.21	06:45:00	185.221	185.304	185.173	185.188	806	0	22
2026.01.21	07:00:00	185.186	185.358	185.168	185.324	935	0	22
2026.01.21	07:15:00	185.324	185.398	185.305	185.375	831	0	22
2026.01.21	07:30:00	185.370	185.410	185.313	185.313	752	0	22
2026.01.21	07:45:00	185.313	185.396	185.288	185.359	775	0	22
2026.01.21	08:00:00	185.360	185.439	185.342	185.405	890	0	22
2026.01.21	08:15:00	185.406	185.410	185.309	185.351	797	0	22
2026.01.21	08:30:00	185.357	185.374	185.299	185.334	926	0	15
2026.01.21	08:45:00	185.336	185.440	185.332	185.390	848	0	15
2026.01.21	09:00:00	185.386	185.407	185.208	185.241	1210	0	15
2026.01.21	09:15:00	185.227	185.287	185.175	185.260	1158	0	15
2026.01.21	09:30:00	185.262	185.262	185.009	185.042	1050	0	10
2026.01.21	09:45:00	185.025	185.056	184.987	185.046	1255	0	10
2026.01.21	10:00:00	185.044	185.082	184.862	184.888	1314	0	10
2026.01.21	10:15:00	184.889	184.929	184.837	184.892	1206	0	10
2026.01.21	10:30:00	184.877	184.928	184.824	184.842	1079	0	10
2026.01.21	10:45:00	184.843	184.920	184.813	184.876	999	0	10
2026.01.21	11:00:00	184.875	184.926	184.834	184.925	1031	0	10
2026.01.21	11:15:00	184.924	184.979	184.894	184.910	972	0	10
2026.01.21	11:30:00	184.909	184.954	184.883	184.920	1044	0	10
2026.01.21	11:45:00	184.919	184.972	184.906	184.910	1182	0	10
2026.01.21	12:00:00	184.909	185.067	184.902	185.045	1156	0	10
2026.01.21	12:15:00	185.046	185.056	184.966	184.996	876	0	10
2026.01.21	12:30:00	184.995	185.028	184.963	184.981	979	0	10
2026.01.21	12:45:00	184.979	185.005	184.948	184.987	978	0	10
2026.01.21	13:00:00	185.000	185.065	184.947	185.018	949	0	10
2026.01.21	13:15:00	185.019	185.060	184.994	185.012	917	0	10
2026.01.21	13:30:00	185.010	185.070	184.980	185.018	1093	0	10
2026.01.21	13:45:00	185.018	185.092	184.976	184.988	1161	0	10
2026.01.21	14:00:00	184.986	185.024	184.900	184.995	1339	0	9
2026.01.21	14:15:00	184.994	185.162	184.990	185.121	1017	0	9
2026.01.21	14:30:00	185.122	185.152	185.040	185.071	1195	0	9
2026.01.21	14:45:00	185.070	185.187	185.041	185.158	1064	0	9
2026.01.21	15:00:00	185.158	185.254	185.111	185.232	1161	0	9
2026.01.21	15:15:00	185.232	185.273	185.196	185.249	1272	0	9
2026.01.21	15:30:00	185.247	185.282	185.190	185.267	1236	0	9
2026.01.21	15:45:00	185.266	185.386	185.205	185.357	1473	0	9
2026.01.21	16:00:00	185.354	185.391	185.141	185.274	2161	0	9
2026.01.21	16:15:00	185.275	185.310	185.150	185.289	1752	0	9
2026.01.21	16:30:00	185.287	185.436	185.260	185.393	1737	0	9
2026.01.21	16:45:00	185.392	185.441	185.337	185.376	1648	0	9
2026.01.21	17:00:00	185.372	185.399	185.287	185.332	1570	0	9
2026.01.21	17:15:00	185.334	185.369	185.251	185.324	1705	0	9
2026.01.21	17:30:00	185.323	185.394	185.294	185.358	1537	0	9
2026.01.21	17:45:00	185.357	185.357	185.106	185.148	1671	0	9
2026.01.21	18:00:00	185.148	185.232	185.111	185.167	1509	0	9
2026.01.21	18:15:00	185.167	185.190	185.008	185.046	1361	0	9
2026.01.21	18:30:00	185.042	185.180	185.039	185.055	1383	0	9
2026.01.21	18:45:00	185.055	185.146	185.019	185.098	1598	0	9
2026.01.21	19:00:00	185.092	185.160	185.088	185.124	1440	0	20
2026.01.21	19:15:00	185.125	185.149	185.043	185.087	1355	0	20
2026.01.21	19:30:00	185.092	185.105	185.002	185.026	1316	0	20
2026.01.21	19:45:00	185.026	185.095	185.011	185.071	961	0	20
2026.01.21	20:00:00	185.057	185.078	185.017	185.045	990	0	20
2026.01.21	20:15:00	185.044	185.099	185.031	185.064	975	0	20
2026.01.21	20:30:00	185.065	185.099	185.031	185.063	986	0	20
2026.01.21	20:45:00	185.064	185.094	185.035	185.049	877	0	20
2026.01.21	21:00:00	185.050	185.078	185.039	185.063	948	0	20
2026.01.21	21:15:00	185.064	185.157	184.996	185.092	1134	0	20
2026.01.21	21:30:00	185.091	185.189	185.081	185.107	1919	0	20
2026.01.21	21:45:00	185.107	185.179	185.069	185.170	1393	0	20
2026.01.21	22:00:00	185.173	185.202	185.111	185.118	1260	0	20
2026.01.21	22:15:00	185.119	185.147	185.044	185.089	1044	0	20
2026.01.21	22:30:00	185.090	185.114	185.057	185.081	1063	0	20
2026.01.21	22:45:00	185.080	185.107	185.026	185.088	916	0	20
2026.01.21	23:00:00	185.068	185.089	185.029	185.056	557	0	60
2026.01.21	23:15:00	185.058	185.070	184.980	184.998	505	0	60
2026.01.21	23:30:00	185.000	185.064	184.958	184.973	487	0	60
2026.01.21	23:45:00	184.973	185.028	184.908	184.908	574	0	21
2026.01.22	00:00:00	184.854	184.979	184.836	184.901	50	0	66
2026.01.22	00:15:00	184.940	184.999	184.931	184.991	228	0	80
2026.01.22	00:30:00	184.991	185.001	184.930	184.943	279	0	80
2026.01.22	00:45:00	184.946	184.996	184.943	184.976	573	0	80
2026.01.22	01:00:00	185.006	185.027	184.884	184.901	531	0	22
2026.01.22	01:15:00	184.902	184.942	184.878	184.885	574	0	22
2026.01.22	01:30:00	184.883	184.929	184.826	184.895	762	0	22
2026.01.22	01:45:00	184.894	184.996	184.840	184.967	618	0	22
2026.01.22	02:00:00	184.968	185.053	184.952	185.014	810	0	22
2026.01.22	02:15:00	185.009	185.026	184.792	184.877	919	0	22
2026.01.22	02:30:00	184.878	185.017	184.877	185.009	1292	0	22
2026.01.22	02:45:00	185.009	185.017	184.838	184.926	1230	0	22
2026.01.22	03:00:00	184.926	184.981	184.895	184.916	1075	0	22
2026.01.22	03:15:00	184.918	184.968	184.895	184.903	933	0	22
2026.01.22	03:30:00	184.903	185.011	184.876	184.999	976	0	22
2026.01.22	03:45:00	184.999	185.118	184.989	185.092	1047	0	22
2026.01.22	04:00:00	185.093	185.194	185.065	185.146	896	0	22
2026.01.22	04:15:00	185.146	185.199	185.129	185.149	880	0	22
2026.01.22	04:30:00	185.134	185.152	185.048	185.122	797	0	22
2026.01.22	04:45:00	185.123	185.198	185.098	185.163	769	0	22
2026.01.22	05:00:00	185.162	185.200	185.144	185.153	658	0	22
2026.01.22	05:15:00	185.153	185.197	185.141	185.188	666	0	22
2026.01.22	05:30:00	185.191	185.198	185.122	185.173	882	0	22
2026.01.22	05:45:00	185.173	185.365	185.159	185.322	981	0	22
2026.01.22	06:00:00	185.323	185.558	185.318	185.556	831	0	22
2026.01.22	06:15:00	185.556	185.557	185.476	185.495	800	0	22
2026.01.22	06:30:00	185.494	185.556	185.474	185.509	674	0	22
2026.01.22	06:45:00	185.509	185.535	185.459	185.467	593	0	22
2026.01.22	07:00:00	185.466	185.558	185.461	185.522	760	0	22
2026.01.22	07:15:00	185.523	185.524	185.414	185.457	867	0	22
2026.01.22	07:30:00	185.457	185.493	185.417	185.448	692	0	22
2026.01.22	07:45:00	185.449	185.536	185.392	185.508	960	0	22
2026.01.22	08:00:00	185.496	185.574	185.496	185.535	1088	0	22
2026.01.22	08:15:00	185.535	185.674	185.534	185.633	1088	0	22
2026.01.22	08:30:00	185.639	185.673	185.525	185.531	888	0	15
2026.01.22	08:45:00	185.532	185.603	185.504	185.592	802	0	15
2026.01.22	09:00:00	185.588	185.691	185.587	185.634	1182	0	15
2026.01.22	09:15:00	185.635	185.703	185.609	185.655	973	0	15
2026.01.22	09:30:00	185.658	185.711	185.589	185.662	1107	0	10
2026.01.22	09:45:00	185.663	185.755	185.598	185.625	1304	0	10
2026.01.22	10:00:00	185.623	185.674	185.535	185.619	1320	0	10
2026.01.22	10:15:00	185.631	185.697	185.573	185.581	1224	0	10
2026.01.22	10:30:00	185.580	185.623	185.522	185.590	1153	0	10
2026.01.22	10:45:00	185.591	185.614	185.535	185.574	972	0	10
2026.01.22	11:00:00	185.576	185.604	185.509	185.536	1140	0	10
2026.01.22	11:15:00	185.534	185.596	185.494	185.538	1101	0	10
2026.01.22	11:30:00	185.534	185.536	185.455	185.514	1070	0	10
2026.01.22	11:45:00	185.516	185.557	185.476	185.546	937	0	10
2026.01.22	12:00:00	185.544	185.591	185.528	185.536	1007	0	10
2026.01.22	12:15:00	185.538	185.556	185.498	185.534	816	0	10
2026.01.22	12:30:00	185.533	185.573	185.503	185.529	806	0	10
2026.01.22	12:45:00	185.528	185.563	185.478	185.530	994	0	10
2026.01.22	13:00:00	185.515	185.583	185.466	185.548	915	0	10
2026.01.22	13:15:00	185.547	185.623	185.524	185.613	1276	0	10
2026.01.22	13:30:00	185.611	185.649	185.577	185.629	1285	0	10
2026.01.22	13:45:00	185.629	185.635	185.541	185.581	1092	0	10
2026.01.22	14:00:00	185.580	185.600	185.530	185.579	926	0	9
2026.01.22	14:15:00	185.581	185.722	185.576	185.675	985	0	9
2026.01.22	14:30:00	185.675	185.737	185.632	185.737	1224	0	9
2026.01.22	14:45:00	185.736	185.893	185.717	185.882	1245	0	9
2026.01.22	15:00:00	185.886	185.934	185.834	185.881	1254	0	9
2026.01.22	15:15:00	185.881	185.962	185.867	185.872	1315	0	9
2026.01.22	15:30:00	185.918	185.983	185.811	185.857	1631	0	9
2026.01.22	15:45:00	185.853	185.909	185.832	185.888	1288	0	9
2026.01.22	16:00:00	185.904	186.015	185.866	185.950	1087	0	9
2026.01.22	16:15:00	185.950	185.965	185.789	185.802	1186	0	9
2026.01.22	16:30:00	185.804	185.914	185.792	185.886	1531	0	9
2026.01.22	16:45:00	185.887	185.934	185.830	185.876	1444	0	9
2026.01.22	17:00:00	185.881	185.940	185.733	185.806	1612	0	9
2026.01.22	17:15:00	185.807	185.809	185.700	185.735	1441	0	9
2026.01.22	17:30:00	185.734	185.832	185.717	185.816	1290	0	9
2026.01.22	17:45:00	185.815	185.931	185.748	185.850	1501	0	9
2026.01.22	18:00:00	185.851	185.975	185.824	185.946	1483	0	9
2026.01.22	18:15:00	185.947	185.999	185.894	185.901	1302	0	9
2026.01.22	18:30:00	185.905	185.945	185.855	185.856	1220	0	9
2026.01.22	18:45:00	185.855	185.918	185.839	185.889	1051	0	9
2026.01.22	19:00:00	185.872	185.909	185.780	185.793	1364	0	16
2026.01.22	19:15:00	185.794	185.871	185.754	185.870	1069	0	18
2026.01.22	19:30:00	185.871	185.933	185.849	185.919	996	0	20
2026.01.22	19:45:00	185.905	185.964	185.883	185.942	987	0	20
2026.01.22	20:00:00	185.942	185.963	185.900	185.926	918	0	20
2026.01.22	20:15:00	185.926	185.975	185.912	185.975	798	0	20
2026.01.22	20:30:00	185.959	185.986	185.929	185.939	677	0	20
2026.01.22	20:45:00	185.940	185.985	185.918	185.960	721	0	20
2026.01.22	21:00:00	185.958	185.981	185.931	185.981	792	0	20
2026.01.22	21:15:00	185.985	186.050	185.974	186.038	898	0	20
2026.01.22	21:30:00	186.037	186.065	186.012	186.037	874	0	20
2026.01.22	21:45:00	186.038	186.103	186.019	186.021	699	0	20
2026.01.22	22:00:00	186.021	186.080	185.990	186.063	588	0	20
2026.01.22	22:15:00	186.063	186.108	186.034	186.052	657	0	20
2026.01.22	22:30:00	186.051	186.096	186.026	186.063	693	0	20
2026.01.22	22:45:00	186.064	186.149	186.057	186.133	830	0	20
2026.01.22	23:00:00	186.112	186.152	186.073	186.090	665	0	60
2026.01.22	23:15:00	186.089	186.172	186.080	186.143	417	0	60
2026.01.22	23:30:00	186.144	186.182	186.141	186.151	502	0	60
2026.01.22	23:45:00	186.151	186.232	186.147	186.215	610	0	28
2026.01.23	00:00:00	185.995	186.107	185.993	186.064	100	0	118
2026.01.23	00:15:00	186.153	186.169	186.099	186.101	321	0	80
2026.01.23	00:30:00	186.099	186.156	186.092	186.142	288	0	80
2026.01.23	00:45:00	186.142	186.188	186.121	186.169	301	0	80
2026.01.23	01:00:00	186.209	186.252	186.176	186.219	572	0	22
2026.01.23	01:15:00	186.217	186.255	186.210	186.224	554	0	22
2026.01.23	01:30:00	186.223	186.251	186.176	186.207	626	0	22
2026.01.23	01:45:00	186.207	186.329	186.166	186.267	864	0	22
2026.01.23	02:00:00	186.267	186.316	186.216	186.279	897	0	22
2026.01.23	02:15:00	186.273	186.281	186.164	186.229	831	0	22
2026.01.23	02:30:00	186.228	186.295	186.201	186.260	766	0	2
2026.01.23	02:45:00	186.277	186.321	186.164	186.233	1000	0	22
2026.01.23	03:00:00	186.233	186.303	186.208	186.238	886	0	22
2026.01.23	03:15:00	186.239	186.363	186.216	186.348	1106	0	22
2026.01.23	03:30:00	186.348	186.383	186.298	186.354	714	0	22
2026.01.23	03:45:00	186.354	186.420	186.354	186.379	772	0	22
2026.01.23	04:00:00	186.380	186.405	186.348	186.389	863	0	22
2026.01.23	04:15:00	186.390	186.399	186.296	186.316	549	0	22
2026.01.23	04:30:00	186.315	186.320	186.192	186.207	639	0	22
2026.01.23	04:45:00	186.206	186.284	186.165	186.273	829	0	22
2026.01.23	05:00:00	186.270	186.455	186.203	186.349	909	0	22
2026.01.23	05:15:00	186.348	186.400	186.316	186.379	853	0	22
2026.01.23	05:30:00	186.378	186.420	186.190	186.236	823	0	22
2026.01.23	05:45:00	186.236	186.294	186.220	186.289	689	0	22
2026.01.23	06:00:00	186.274	186.322	186.231	186.265	666	0	22
2026.01.23	06:15:00	186.264	186.323	186.247	186.323	484	0	22
2026.01.23	06:30:00	186.320	186.362	186.303	186.355	604	0	22
2026.01.23	06:45:00	186.347	186.347	186.272	186.288	868	0	22
2026.01.23	07:00:00	186.293	186.356	186.271	186.326	598	0	22
2026.01.23	07:15:00	186.326	186.336	186.235	186.304	741	0	22
2026.01.23	07:30:00	186.303	186.387	186.281	186.355	733	0	22
2026.01.23	07:45:00	186.355	186.408	186.337	186.383	724	0	22
2026.01.23	08:00:00	186.382	186.418	186.289	186.312	813	0	22
2026.01.23	08:15:00	186.311	186.363	186.268	186.325	838	0	22
2026.01.23	08:30:00	186.316	186.504	186.253	186.461	1293	0	15
2026.01.23	08:45:00	186.478	186.639	186.427	186.548	1494	0	15
2026.01.23	09:00:00	186.549	186.637	186.514	186.637	1131	0	15
2026.01.23	09:15:00	186.636	186.857	186.593	186.815	1474	0	15
2026.01.23	09:30:00	186.804	186.877	184.781	184.966	2303	0	10
2026.01.23	09:45:00	184.982	185.982	184.900	185.888	2790	0	10
2026.01.23	10:00:00	185.898	185.917	185.660	185.835	1917	0	10
2026.01.23	10:15:00	185.834	185.838	185.560	185.716	1598	0	10
2026.01.23	10:30:00	185.733	186.001	185.733	185.836	1598	0	10
2026.01.23	10:45:00	185.836	185.896	185.608	185.655	1422	0	10
2026.01.23	11:00:00	185.658	185.668	185.370	185.450	1645	0	10
2026.01.23	11:15:00	185.457	185.547	185.392	185.464	1422	0	10
2026.01.23	11:30:00	185.485	185.631	185.429	185.450	1336	0	10
2026.01.23	11:45:00	185.452	185.551	185.388	185.426	1374	0	10
2026.01.23	12:00:00	185.421	185.544	185.392	185.493	1164	0	10
2026.01.23	12:15:00	185.491	185.587	185.434	185.528	1120	0	10
2026.01.23	12:30:00	185.529	185.658	185.515	185.649	837	0	10
2026.01.23	12:45:00	185.648	185.660	185.570	185.620	988	0	10
2026.01.23	13:00:00	185.639	185.719	185.575	185.674	1216	0	10
2026.01.23	13:15:00	185.675	185.820	185.673	185.793	1048	0	10
2026.01.23	13:30:00	185.793	185.816	185.690	185.711	836	0	10
2026.01.23	13:45:00	185.713	185.759	185.595	185.599	1100	0	10
2026.01.23	14:00:00	185.601	185.674	185.564	185.649	957	0	9
2026.01.23	14:15:00	185.648	185.710	185.630	185.701	754	0	9
2026.01.23	14:30:00	185.700	185.810	185.683	185.781	786	0	9
2026.01.23	14:45:00	185.783	185.815	185.699	185.718	895	0	9
2026.01.23	15:00:00	185.719	185.774	185.686	185.761	901	0	9
2026.01.23	15:15:00	185.759	185.793	185.652	185.666	999	0	9
2026.01.23	15:30:00	185.665	185.732	185.642	185.708	1029	0	9
2026.01.23	15:45:00	185.710	185.743	185.649	185.715	1027	0	9
2026.01.23	16:00:00	185.716	185.844	185.706	185.783	1102	0	9
2026.01.23	16:15:00	185.782	185.883	185.755	185.859	1045	0	9
2026.01.23	16:30:00	185.866	185.941	185.843	185.868	1390	0	9
2026.01.23	16:45:00	185.871	185.945	185.855	185.892	1272	0	9
2026.01.23	17:00:00	185.869	185.989	185.808	185.837	1282	0	9
2026.01.23	17:15:00	185.834	185.980	185.806	185.970	1235	0	9
2026.01.23	17:30:00	185.955	185.986	185.865	185.906	1072	0	9
2026.01.23	17:45:00	185.903	185.991	185.861	185.916	1380	0	9
2026.01.23	18:00:00	185.916	185.945	185.844	185.852	1233	0	9
2026.01.23	18:15:00	185.853	185.912	185.611	185.611	1731	0	9
2026.01.23	18:30:00	185.626	185.671	185.350	185.411	1574	0	9
2026.01.23	18:45:00	185.410	185.565	185.288	185.457	1622	0	9
2026.01.23	19:00:00	185.451	185.511	184.994	185.030	1556	0	20
2026.01.23	19:15:00	185.028	185.098	184.568	184.679	2169	0	20
2026.01.23	19:30:00	184.680	184.872	184.183	184.546	2378	0	20
2026.01.23	19:45:00	184.552	184.650	184.332	184.418	1853	0	20
2026.01.23	20:00:00	184.419	184.533	184.266	184.421	1763	0	20
2026.01.23	20:15:00	184.422	184.489	183.952	183.973	1759	0	20
2026.01.23	20:30:00	183.972	184.148	183.944	184.001	1441	0	20
2026.01.23	20:45:00	183.998	184.183	183.987	184.138	1166	0	20
2026.01.23	21:00:00	184.138	184.195	183.945	183.991	1358	0	20
2026.01.23	21:15:00	183.992	184.275	183.964	184.176	1154	0	20
2026.01.23	21:30:00	184.175	184.232	184.086	184.091	1035	0	20
2026.01.23	21:45:00	184.089	184.163	183.784	184.135	1672	0	20
2026.01.23	22:00:00	184.136	184.235	184.070	184.136	1234	0	20
2026.01.23	22:15:00	184.137	184.214	184.113	184.179	1209	0	20
2026.01.23	22:30:00	184.180	184.220	184.060	184.130	1055	0	20
2026.01.23	22:45:00	184.116	184.227	184.104	184.180	1251	0	20
2026.01.23	23:00:00	184.160	184.258	184.051	184.143	772	0	60
2026.01.23	23:15:00	184.143	184.192	184.072	184.152	693	0	60
2026.01.23	23:30:00	184.152	184.215	184.127	184.144	533	0	60
2026.01.23	23:45:00	184.141	184.266	184.070	184.128	637	0	60
2026.01.26	00:00:00	183.500	183.831	183.435	183.816	644	0	100
2026.01.26	00:15:00	183.817	184.016	183.817	183.934	463	0	80
2026.01.26	00:30:00	183.947	183.959	183.274	183.296	840	0	80
2026.01.26	00:45:00	183.295	183.772	183.120	183.738	1180	0	80
2026.01.26	01:00:00	183.760	183.914	183.616	183.855	1800	0	22
2026.01.26	01:15:00	183.855	184.014	183.848	184.002	1347	0	22
2026.01.26	01:30:00	184.001	184.062	183.751	183.807	1317	0	22
2026.01.26	01:45:00	183.811	184.092	183.786	183.993	1398	0	22
2026.01.26	02:00:00	183.994	184.074	183.701	183.861	1816	0	22
2026.01.26	02:15:00	183.861	183.861	183.660	183.784	1420	0	22
2026.01.26	02:30:00	183.783	183.796	183.485	183.522	1572	0	22
2026.01.26	02:45:00	183.523	183.697	183.464	183.644	1674	0	22
2026.01.26	03:00:00	183.647	183.667	183.431	183.597	1684	0	22
2026.01.26	03:15:00	183.600	183.699	183.413	183.415	1577	0	22
2026.01.26	03:30:00	183.414	183.456	183.220	183.264	1585	0	22
2026.01.26	03:45:00	183.265	183.279	183.055	183.098	1520	0	22
2026.01.26	04:00:00	183.112	183.168	182.850	182.851	1608	0	22
2026.01.26	04:15:00	182.847	183.043	182.790	182.866	1700	0	22
2026.01.26	04:30:00	182.868	182.917	182.737	182.808	1421	0	22
2026.01.26	04:45:00	182.809	182.860	182.709	182.749	1362	0	22
2026.01.26	05:00:00	182.748	182.972	182.679	182.969	1324	0	22
2026.01.26	05:15:00	182.966	183.047	182.855	182.933	1208	0	22
2026.01.26	05:30:00	182.929	182.975	182.819	182.905	1076	0	22
2026.01.26	05:45:00	182.905	182.982	182.863	182.928	887	0	22
2026.01.26	06:00:00	182.921	182.938	182.644	182.647	1241	0	22
2026.01.26	06:15:00	182.641	182.716	182.538	182.643	1417	0	22
2026.01.26	06:30:00	182.643	182.675	182.560	182.572	1138	0	22
2026.01.26	06:45:00	182.572	182.691	182.557	182.653	1106	0	22
2026.01.26	07:00:00	182.654	182.733	182.610	182.665	1118	0	22
2026.01.26	07:15:00	182.667	182.747	182.584	182.720	1115	0	22
2026.01.26	07:30:00	182.716	182.797	182.687	182.789	1012	0	22
2026.01.26	07:45:00	182.790	182.848	182.721	182.848	1176	0	22
2026.01.26	08:00:00	182.848	183.001	182.798	182.987	1418	0	22
2026.01.26	08:15:00	182.993	183.006	182.824	182.842	1267	0	22
2026.01.26	08:30:00	182.844	182.924	182.793	182.810	1189	0	15
2026.01.26	08:45:00	182.809	182.834	182.695	182.801	1307	0	15
2026.01.26	09:00:00	182.805	182.907	182.715	182.753	1568	0	15
2026.01.26	09:15:00	182.754	182.754	182.631	182.668	1417	0	15
2026.01.26	09:30:00	182.671	182.671	182.463	182.494	1568	0	10
2026.01.26	09:45:00	182.495	182.681	182.319	182.601	1639	0	10
2026.01.26	10:00:00	182.605	182.782	182.348	182.401	1701	0	10
2026.01.26	10:15:00	182.400	182.535	182.291	182.313	1655	0	10
2026.01.26	10:30:00	182.299	182.340	181.919	182.276	2124	0	10
2026.01.26	10:45:00	182.274	182.475	182.252	182.452	1701	0	10
2026.01.26	11:00:00	182.451	182.658	182.290	182.330	1984	0	10
2026.01.26	11:15:00	182.332	182.356	182.097	182.158	1668	0	10
2026.01.26	11:30:00	182.161	182.260	182.112	182.221	1614	0	10
2026.01.26	11:45:00	182.221	182.365	182.178	182.314	1616	0	10
2026.01.26	12:00:00	182.315	182.487	182.254	182.462	1506	0	10
2026.01.26	12:15:00	182.464	182.496	182.205	182.326	1308	0	10
2026.01.26	12:30:00	182.339	182.414	182.172	182.204	1432	0	10
2026.01.26	12:45:00	182.205	182.259	182.026	182.122	1336	0	10
2026.01.26	13:00:00	182.121	182.152	181.777	182.089	1549	0	10
2026.01.26	13:15:00	182.090	182.261	182.033	182.240	1290	0	10
2026.01.26	13:30:00	182.241	182.315	182.170	182.198	1206	0	10
2026.01.26	13:45:00	182.199	182.310	182.188	182.272	1453	0	10
2026.01.26	14:00:00	182.267	182.517	182.254	182.503	1301	0	9
2026.01.26	14:15:00	182.501	182.517	182.373	182.420	1315	0	9
2026.01.26	14:30:00	182.419	182.538	182.371	182.492	1242	0	9
2026.01.26	14:45:00	182.501	182.612	182.454	182.529	1361	0	9
2026.01.26	15:00:00	182.532	182.681	182.481	182.582	1297	0	9
2026.01.26	15:15:00	182.582	182.662	182.565	182.660	1195	0	9
2026.01.26	15:30:00	182.662	182.754	182.582	182.665	1368	0	9
2026.01.26	15:45:00	182.661	182.721	182.612	182.642	1542	0	9
2026.01.26	16:00:00	182.640	182.701	182.576	182.608	1368	0	9
2026.01.26	16:15:00	182.609	182.671	182.542	182.652	1320	0	9
2026.01.26	16:30:00	182.653	182.661	182.522	182.560	1553	0	9
2026.01.26	16:45:00	182.551	182.721	182.501	182.635	1624	0	9
2026.01.26	17:00:00	182.636	182.643	182.490	182.619	1611	0	9
2026.01.26	17:15:00	182.616	182.753	182.601	182.731	1308	0	9
2026.01.26	17:30:00	182.730	182.846	182.600	182.619	1470	0	9
2026.01.26	17:45:00	182.620	182.956	182.613	182.946	1558	0	9
2026.01.26	18:00:00	182.960	183.106	182.935	183.074	1743	0	9
2026.01.26	18:15:00	183.073	183.074	182.938	182.993	1445	0	9
2026.01.26	18:30:00	182.992	183.034	182.879	182.929	1348	0	9
2026.01.26	18:45:00	182.929	182.942	182.843	182.908	1307	0	9
2026.01.26	19:00:00	182.891	182.956	182.872	182.923	1110	0	20
2026.01.26	19:15:00	182.940	183.060	182.924	182.955	1256	0	20
2026.01.26	19:30:00	182.954	183.031	182.897	182.914	1074	0	20
2026.01.26	19:45:00	182.916	182.970	182.864	182.894	1029	0	20
2026.01.26	20:00:00	182.904	182.968	182.888	182.933	1181	0	20
2026.01.26	20:15:00	182.931	183.067	182.927	183.042	1089	0	20
2026.01.26	20:30:00	183.041	183.080	183.014	183.071	986	0	20
2026.01.26	20:45:00	183.072	183.175	183.060	183.129	1195	0	20
2026.01.26	21:00:00	183.124	183.164	183.088	183.138	1234	0	20
2026.01.26	21:15:00	183.136	183.160	183.080	183.124	1151	0	20
2026.01.26	21:30:00	183.123	183.127	183.047	183.106	1254	0	20
2026.01.26	21:45:00	183.092	183.129	182.959	182.991	1456	0	20
2026.01.26	22:00:00	182.987	183.090	182.822	182.872	1494	0	20
2026.01.26	22:15:00	182.873	183.026	182.873	183.011	977	0	20
2026.01.26	22:30:00	183.012	183.074	182.996	183.060	903	0	20
2026.01.26	22:45:00	183.063	183.106	183.032	183.058	934	0	20
2026.01.26	23:00:00	183.057	183.130	183.049	183.088	812	0	18
2026.01.26	23:15:00	183.090	183.158	183.063	183.096	688	0	18
2026.01.26	23:30:00	183.096	183.154	183.094	183.147	519	0	60
2026.01.26	23:45:00	183.152	183.208	183.122	183.185	580	0	30
2026.01.27	00:00:00	182.963	183.171	182.902	183.165	181	0	81
2026.01.27	00:15:00	183.136	183.136	183.065	183.095	278	0	80
2026.01.27	00:30:00	183.094	183.120	183.069	183.086	194	0	80
2026.01.27	00:45:00	183.086	183.152	183.040	183.152	382	0	22
2026.01.27	01:00:00	183.140	183.210	183.084	183.121	620	0	22
2026.01.27	01:15:00	183.120	183.184	183.095	183.107	481	0	22
2026.01.27	01:30:00	183.112	183.174	183.097	183.153	504	0	22
2026.01.27	01:45:00	183.153	183.333	183.153	183.310	964	0	22
2026.01.27	02:00:00	183.310	183.375	183.098	183.125	1274	0	22
2026.01.27	02:15:00	183.125	183.235	183.121	183.197	938	0	22
2026.01.27	02:30:00	183.195	183.210	183.114	183.196	994	0	22
2026.01.27	02:45:00	183.195	183.285	183.072	183.235	1476	0	22
2026.01.27	03:00:00	183.232	183.333	183.199	183.247	1408	0	22
2026.01.27	03:15:00	183.248	183.279	183.193	183.257	1208	0	22
2026.01.27	03:30:00	183.258	183.349	183.208	183.253	1087	0	22
2026.01.27	03:45:00	183.253	183.346	183.234	183.328	978	0	22
2026.01.27	04:00:00	183.341	183.366	183.270	183.334	917	0	22
2026.01.27	04:15:00	183.333	183.396	183.306	183.366	989	0	22
2026.01.27	04:30:00	183.365	183.426	183.300	183.345	1178	0	22
2026.01.27	04:45:00	183.333	183.455	183.326	183.451	1069	0	22
2026.01.27	05:00:00	183.456	183.473	183.328	183.414	960	0	22
2026.01.27	05:15:00	183.414	183.446	183.384	183.396	808	0	22
2026.01.27	05:30:00	183.397	183.583	183.374	183.583	875	0	22
2026.01.27	05:45:00	183.589	183.589	183.399	183.425	965	0	22
2026.01.27	06:00:00	183.427	183.580	183.427	183.463	1040	0	22
2026.01.27	06:15:00	183.469	183.552	183.416	183.422	1027	0	22
2026.01.27	06:30:00	183.420	183.535	183.387	183.507	914	0	22
2026.01.27	06:45:00	183.508	183.580	183.482	183.551	870	0	22
2026.01.27	07:00:00	183.552	183.603	183.502	183.562	871	0	22
2026.01.27	07:15:00	183.562	183.585	183.497	183.520	887	0	22
2026.01.27	07:30:00	183.529	183.545	183.419	183.465	951	0	22
2026.01.27	07:45:00	183.463	183.498	183.387	183.498	991	0	22
2026.01.27	08:00:00	183.497	183.570	183.461	183.517	960	0	22
2026.01.27	08:15:00	183.518	183.577	183.472	183.570	956	0	15
2026.01.27	08:30:00	183.554	183.596	183.463	183.478	1016	0	15
2026.01.27	08:45:00	183.479	183.480	183.369	183.446	1183	0	15
2026.01.27	09:00:00	183.441	183.489	183.391	183.488	1291	0	15
2026.01.27	09:15:00	183.487	183.552	183.444	183.518	1107	0	10
2026.01.27	09:30:00	183.534	183.610	183.474	183.513	1134	0	10
2026.01.27	09:45:00	183.512	183.693	183.488	183.560	1481	0	10
2026.01.27	10:00:00	183.565	183.603	183.447	183.459	1617	0	10
2026.01.27	10:15:00	183.460	183.551	183.401	183.468	1292	0	10
2026.01.27	10:30:00	183.470	183.566	183.453	183.486	1391	0	10
2026.01.27	10:45:00	183.471	183.550	183.447	183.479	1184	0	10
2026.01.27	11:00:00	183.476	183.554	183.450	183.498	1215	0	10
2026.01.27	11:15:00	183.498	183.519	183.441	183.458	1030	0	10
2026.01.27	11:30:00	183.470	183.504	183.376	183.435	1252	0	10
2026.01.27	11:45:00	183.428	183.444	182.087	182.790	2545	0	10
2026.01.27	12:00:00	182.787	183.130	182.738	182.902	2177	0	10
2026.01.27	12:15:00	182.905	183.029	182.778	182.927	1550	0	10
2026.01.27	12:30:00	182.929	182.953	182.521	182.695	1576	0	10
2026.01.27	12:45:00	182.691	182.824	182.650	182.790	1407	0	10
2026.01.27	13:00:00	182.783	182.788	182.615	182.684	1355	0	10
2026.01.27	13:15:00	182.700	182.791	182.593	182.622	1106	0	10
2026.01.27	13:30:00	182.616	182.779	182.575	182.715	1169	0	10
2026.01.27	13:45:00	182.729	182.906	182.686	182.871	1323	0	10
2026.01.27	14:00:00	182.872	182.936	182.764	182.822	1373	0	9
2026.01.27	14:15:00	182.822	182.910	182.730	182.862	1884	0	9
2026.01.27	14:30:00	182.864	182.913	182.745	182.835	1687	0	9
2026.01.27	14:45:00	182.834	182.973	182.787	182.864	1800	0	9
2026.01.27	15:00:00	182.849	182.959	182.835	182.907	1861	0	9
2026.01.27	15:15:00	182.896	182.929	182.787	182.832	1604	0	9
2026.01.27	15:30:00	182.831	182.950	182.766	182.878	1766	0	9
2026.01.27	15:45:00	182.882	182.945	182.545	182.714	2101	0	9
2026.01.27	16:00:00	182.715	182.840	182.663	182.794	1605	0	9
2026.01.27	16:15:00	182.793	182.828	182.708	182.720	1557	0	9
2026.01.27	16:30:00	182.716	183.016	182.685	182.977	2323	0	9
2026.01.27	16:45:00	182.977	183.136	182.957	182.973	1783	0	9
2026.01.27	17:00:00	182.995	183.053	182.907	183.016	2153	0	9
2026.01.27	17:15:00	183.018	183.171	182.984	183.067	1898	0	9
2026.01.27	17:30:00	183.064	183.270	183.049	183.186	1837	0	9
2026.01.27	17:45:00	183.187	183.292	183.110	183.124	1736	0	9
2026.01.27	18:00:00	183.127	183.222	183.117	183.198	1623	0	9
2026.01.27	18:15:00	183.198	183.256	183.153	183.228	1447	0	9
2026.01.27	18:30:00	183.240	183.418	183.216	183.412	1665	0	9
2026.01.27	18:45:00	183.410	183.436	183.288	183.306	1411	0	9
2026.01.27	19:00:00	183.305	183.387	183.202	183.211	1529	0	20
2026.01.27	19:15:00	183.211	183.262	183.051	183.058	1440	0	20
2026.01.27	19:30:00	183.061	183.121	182.733	182.864	1359	0	20
2026.01.27	19:45:00	182.870	183.021	182.850	183.000	1504	0	20
2026.01.27	20:00:00	183.017	183.052	182.861	183.007	1634	0	20
2026.01.27	20:15:00	183.008	183.047	182.934	182.945	1250	0	20
2026.01.27	20:30:00	182.943	183.009	182.899	182.919	1017	0	20
2026.01.27	20:45:00	182.905	183.033	182.876	182.979	1039	0	20
2026.01.27	21:00:00	182.978	183.038	182.956	182.993	945	0	20
2026.01.27	21:15:00	182.992	182.999	182.920	182.962	965	0	20
2026.01.27	21:30:00	182.962	183.015	182.938	182.967	908	0	20
2026.01.27	21:45:00	182.966	182.972	182.874	182.901	1118	0	20
2026.01.27	22:00:00	182.897	182.930	182.836	182.901	1087	0	20
2026.01.27	22:15:00	182.887	182.950	182.837	182.869	1175	0	20
2026.01.27	22:30:00	182.872	183.017	182.857	182.874	1293	0	20
2026.01.27	22:45:00	182.891	183.769	182.822	183.301	3069	0	20
2026.01.27	23:00:00	183.281	183.390	183.176	183.289	1807	0	60
2026.01.27	23:15:00	183.288	183.386	183.207	183.345	1208	0	60
2026.01.27	23:30:00	183.332	183.416	183.286	183.388	1022	0	60
2026.01.27	23:45:00	183.386	183.414	183.171	183.215	1088	0	37
2026.01.28	00:00:00	183.190	183.339	183.064	183.175	247	0	101
2026.01.28	00:15:00	183.206	183.317	183.191	183.249	256	0	80
2026.01.28	00:30:00	183.249	183.429	183.233	183.357	664	0	80
2026.01.28	00:45:00	183.357	183.469	183.303	183.418	663	0	22
2026.01.28	01:00:00	183.421	183.467	183.221	183.338	1000	0	22
2026.01.28	01:15:00	183.334	183.463	183.272	183.392	996	0	22
2026.01.28	01:30:00	183.391	183.458	183.332	183.336	864	0	22
2026.01.28	01:45:00	183.335	183.389	183.180	183.323	989	0	22
2026.01.28	02:00:00	183.336	183.441	183.196	183.389	1409	0	22
2026.01.28	02:15:00	183.387	183.458	183.195	183.362	1125	0	22
2026.01.28	02:30:00	183.355	183.447	183.265	183.334	1571	0	22
2026.01.28	02:45:00	183.334	183.428	183.152	183.385	1631	0	22
2026.01.28	03:00:00	183.388	183.497	183.312	183.497	1514	0	22
2026.01.28	03:15:00	183.500	183.539	183.365	183.526	1384	0	22
2026.01.28	03:30:00	183.527	183.563	183.385	183.456	1371	0	22
2026.01.28	03:45:00	183.453	183.546	183.413	183.462	1307	0	22
2026.01.28	04:00:00	183.482	183.530	183.416	183.453	1279	0	22
2026.01.28	04:15:00	183.452	183.501	183.370	183.385	1149	0	22
2026.01.28	04:30:00	183.387	183.436	183.324	183.380	957	0	22
2026.01.28	04:45:00	183.382	183.409	183.325	183.344	993	0	22
2026.01.28	05:00:00	183.343	183.378	183.302	183.331	1011	0	22
2026.01.28	05:15:00	183.331	183.390	183.212	183.241	907	0	22
2026.01.28	05:30:00	183.242	183.309	183.172	183.208	1022	0	22
2026.01.28	05:45:00	183.209	183.251	183.142	183.203	1043	0	22
2026.01.28	06:00:00	183.204	183.270	183.140	183.265	899	0	22
2026.01.28	06:15:00	183.264	183.288	183.177	183.223	786	0	22
2026.01.28	06:30:00	183.223	183.270	183.147	183.159	677	0	22
2026.01.28	06:45:00	183.157	183.177	183.027	183.073	975	0	22
2026.01.28	07:00:00	183.074	183.080	182.747	182.901	1553	0	22
2026.01.28	07:15:00	182.900	182.942	182.864	182.896	1001	0	22
2026.01.28	07:30:00	182.898	183.008	182.834	182.986	1138	0	22
2026.01.28	07:45:00	183.000	183.165	182.984	183.122	1183	0	22
2026.01.28	08:00:00	183.122	183.192	183.073	183.097	1301	0	22
2026.01.28	08:15:00	183.100	183.213	183.066	183.185	1142	0	15
2026.01.28	08:30:00	183.182	183.238	183.070	183.129	1319	0	15
2026.01.28	08:45:00	183.129	183.170	183.083	183.104	1110	0	15
2026.01.28	09:00:00	183.104	183.182	183.016	183.165	1383	0	15
2026.01.28	09:15:00	183.151	183.195	182.966	183.052	1613	0	10
2026.01.28	09:30:00	183.050	183.118	182.967	183.088	1377	0	10
2026.01.28	09:45:00	183.087	183.158	182.949	183.031	1467	0	10
2026.01.28	10:00:00	183.028	183.092	182.907	183.023	1615	0	10
2026.01.28	10:15:00	183.027	183.119	182.851	182.944	1569	0	10
2026.01.28	10:30:00	182.944	182.966	182.829	182.950	1573	0	10
2026.01.28	10:45:00	182.950	182.962	182.798	182.862	1860	0	10
2026.01.28	11:00:00	182.863	182.995	182.846	182.877	1515	0	10
2026.01.28	11:15:00	182.880	182.951	182.836	182.945	1368	0	10
2026.01.28	11:30:00	182.945	183.029	182.923	182.992	1453	0	10
2026.01.28	11:45:00	182.992	183.069	182.963	183.060	1138	0	10
2026.01.28	12:00:00	183.046	183.066	182.870	182.954	1329	0	10
2026.01.28	12:15:00	182.953	182.980	182.801	182.844	1250	0	10
2026.01.28	12:30:00	182.826	182.910	182.790	182.868	1294	0	10
2026.01.28	12:45:00	182.873	182.932	182.734	182.923	1442	0	10
2026.01.28	13:00:00	182.911	182.946	182.788	182.821	1317	0	10
2026.01.28	13:15:00	182.821	182.847	182.679	182.683	1311	0	10
2026.01.28	13:30:00	182.681	182.708	182.616	182.684	1093	0	10
2026.01.28	13:45:00	182.684	182.708	182.626	182.642	1225	0	9
2026.01.28	14:00:00	182.642	182.688	182.576	182.621	1282	0	9
2026.01.28	14:15:00	182.618	182.690	182.568	182.674	1408	0	9
2026.01.28	14:30:00	182.674	182.723	182.581	182.718	1393	0	9
2026.01.28	14:45:00	182.720	182.782	182.687	182.782	1327	0	9
2026.01.28	15:00:00	182.777	182.782	182.657	182.657	1208	0	9
2026.01.28	15:15:00	182.659	182.698	182.592	182.665	1427	0	9
2026.01.28	15:30:00	182.665	182.723	182.649	182.658	1345	0	9
2026.01.28	15:45:00	182.658	182.831	182.629	182.763	1661	0	9
2026.01.28	16:00:00	182.768	182.882	182.703	182.830	1615	0	9
2026.01.28	16:15:00	182.831	182.911	182.722	182.778	1441	0	9
2026.01.28	16:30:00	182.780	182.921	182.730	182.869	1579	0	9
2026.01.28	16:45:00	182.870	182.917	182.688	182.825	1775	0	9
2026.01.28	17:00:00	182.825	183.477	182.732	183.391	2719	0	9
2026.01.28	17:15:00	183.393	183.527	183.319	183.356	2369	0	9
2026.01.28	17:30:00	183.351	183.393	183.192	183.284	2123	0	9
2026.01.28	17:45:00	183.282	183.372	183.220	183.279	2372	0	9
2026.01.28	18:00:00	183.278	183.498	183.267	183.445	1844	0	9
2026.01.28	18:15:00	183.435	183.578	183.342	183.378	1687	0	9
2026.01.28	18:30:00	183.375	183.414	183.273	183.385	1626	0	9
2026.01.28	18:45:00	183.385	183.463	183.303	183.401	1513	0	9
2026.01.28	19:00:00	183.399	183.458	183.351	183.432	1257	0	20
2026.01.28	19:15:00	183.432	183.486	183.303	183.360	1239	0	20
2026.01.28	19:30:00	183.362	183.417	183.259	183.271	1163	0	20
2026.01.28	19:45:00	183.270	183.350	183.246	183.329	1032	0	20
2026.01.28	20:00:00	183.327	183.389	183.310	183.324	1008	0	20
2026.01.28	20:15:00	183.322	183.389	183.288	183.364	1062	0	20
2026.01.28	20:30:00	183.365	183.530	183.362	183.458	1440	0	20
2026.01.28	20:45:00	183.444	183.497	183.345	183.391	1403	0	20
2026.01.28	21:00:00	183.371	183.520	183.171	183.187	2298	0	20
2026.01.28	21:15:00	183.187	183.266	183.133	183.244	1640	0	20
2026.01.28	21:30:00	183.240	183.330	183.153	183.236	1944	0	20
2026.01.28	21:45:00	183.237	183.297	183.183	183.274	1851	0	20
2026.01.28	22:00:00	183.269	183.293	183.168	183.213	1784	0	20
2026.01.28	22:15:00	183.212	183.263	183.196	183.219	1535	0	20
2026.01.28	22:30:00	183.219	183.272	183.155	183.190	1408	0	20
2026.01.28	22:45:00	183.192	183.244	183.142	183.220	1336	0	20
2026.01.28	23:00:00	183.202	183.234	183.141	183.204	975	0	60
2026.01.28	23:15:00	183.206	183.279	183.198	183.223	817	0	60
2026.01.28	23:30:00	183.225	183.310	183.208	183.291	731	0	60
2026.01.28	23:45:00	183.289	183.398	183.280	183.355	664	0	23
2026.01.29	00:00:00	183.289	183.353	183.256	183.319	131	0	120
2026.01.29	00:15:00	183.357	183.380	183.346	183.350	206	0	80
2026.01.29	00:30:00	183.350	183.411	183.347	183.387	373	0	80
2026.01.29	00:45:00	183.386	183.422	183.372	183.404	277	0	80
2026.01.29	01:00:00	183.404	183.454	183.303	183.397	807	0	22
2026.01.29	01:15:00	183.399	183.477	183.307	183.334	985	0	22
2026.01.29	01:30:00	183.337	183.449	183.193	183.234	1289	0	22
2026.01.29	01:45:00	183.235	183.404	183.235	183.404	1303	0	22
2026.01.29	02:00:00	183.403	183.448	183.208	183.357	1662	0	22
2026.01.29	02:15:00	183.357	183.396	183.209	183.229	1305	0	22
2026.01.29	02:30:00	183.229	183.242	183.071	183.153	1521	0	22
2026.01.29	02:45:00	183.154	183.338	183.092	183.293	1552	0	22
2026.01.29	03:00:00	183.292	183.394	183.245	183.327	1715	0	22
2026.01.29	03:15:00	183.328	183.432	183.273	183.328	1413	0	22
2026.01.29	03:30:00	183.327	183.341	183.169	183.197	1539	0	22
2026.01.29	03:45:00	183.199	183.320	183.199	183.318	1340	0	22
2026.01.29	04:00:00	183.325	183.400	183.246	183.292	1448	0	22
2026.01.29	04:15:00	183.292	183.339	183.150	183.153	1230	0	22
2026.01.29	04:30:00	183.151	183.314	183.147	183.290	1337	0	22
2026.01.29	04:45:00	183.301	183.338	183.258	183.310	1071	0	22
2026.01.29	05:00:00	183.309	183.384	183.272	183.343	1225	0	22
2026.01.29	05:15:00	183.344	183.402	183.247	183.315	1147	0	22
2026.01.29	05:30:00	183.316	183.357	183.232	183.263	1253	0	22
2026.01.29	05:45:00	183.263	183.305	183.243	183.303	1032	0	22
2026.01.29	06:00:00	183.301	183.390	183.276	183.378	1045	0	22
2026.01.29	06:15:00	183.380	183.521	183.377	183.432	1089	0	22
2026.01.29	06:30:00	183.431	183.479	183.397	183.402	1005	0	22
2026.01.29	06:45:00	183.405	183.463	183.334	183.402	1070	0	22
2026.01.29	07:00:00	183.399	183.420	183.351	183.371	1003	0	22
2026.01.29	07:15:00	183.373	183.452	183.336	183.419	1040	0	22
2026.01.29	07:30:00	183.420	183.464	183.397	183.412	923	0	22
2026.01.29	07:45:00	183.414	183.430	183.317	183.321	1126	0	22
2026.01.29	08:00:00	183.319	183.460	183.319	183.355	1267	0	22
2026.01.29	08:15:00	183.357	183.382	183.262	183.322	1307	0	22
2026.01.29	08:30:00	183.326	183.448	183.300	183.436	1126	0	15
2026.01.29	08:45:00	183.435	183.494	183.417	183.434	1209	0	15
2026.01.29	09:00:00	183.428	183.553	183.400	183.445	1495	0	15
2026.01.29	09:15:00	183.446	183.729	183.443	183.677	1515	0	15
2026.01.29	09:30:00	183.679	183.721	183.584	183.611	1447	0	10
2026.01.29	09:45:00	183.609	183.622	183.543	183.578	1241	0	10
2026.01.29	10:00:00	183.576	183.639	183.459	183.540	1542	0	10
2026.01.29	10:15:00	183.539	183.557	183.392	183.532	1564	0	10
2026.01.29	10:30:00	183.534	183.610	183.507	183.582	1573	0	10
2026.01.29	10:45:00	183.581	183.624	183.443	183.507	1518	0	10
2026.01.29	11:00:00	183.505	183.562	183.411	183.435	1227	0	10
2026.01.29	11:15:00	183.436	183.485	183.366	183.456	1434	0	10
2026.01.29	11:30:00	183.456	183.491	183.267	183.324	1456	0	10
2026.01.29	11:45:00	183.324	183.386	183.218	183.291	1350	0	10
2026.01.29	12:00:00	183.290	183.344	183.232	183.270	1378	0	10
2026.01.29	12:15:00	183.273	183.290	183.180	183.267	1281	0	10
2026.01.29	12:30:00	183.267	183.362	183.247	183.283	1342	0	10
2026.01.29	12:45:00	183.282	183.283	183.148	183.226	1417	0	10
2026.01.29	13:00:00	183.237	183.385	183.189	183.368	1429	0	10
2026.01.29	13:15:00	183.369	183.408	183.296	183.382	1204	0	10
2026.01.29	13:30:00	183.380	183.444	183.339	183.422	1161	0	10
2026.01.29	13:45:00	183.423	183.446	183.292	183.346	1176	0	10
2026.01.29	14:00:00	183.345	183.349	183.201	183.243	1204	0	9
2026.01.29	14:15:00	183.243	183.334	183.240	183.303	1030	0	9
2026.01.29	14:30:00	183.304	183.321	183.215	183.256	1015	0	9
2026.01.29	14:45:00	183.257	183.340	183.221	183.283	1491	0	9
2026.01.29	15:00:00	183.282	183.467	183.263	183.379	1444	0	9
2026.01.29	15:15:00	183.378	183.425	183.325	183.351	1326	0	9
2026.01.29	15:30:00	183.353	183.394	183.270	183.329	1611	0	9
2026.01.29	15:45:00	183.327	183.357	183.154	183.329	1916	0	9
2026.01.29	16:00:00	183.334	183.387	183.280	183.309	1614	0	9
2026.01.29	16:15:00	183.311	183.399	183.300	183.357	1515	0	9
2026.01.29	16:30:00	183.360	183.388	183.199	183.275	1876	0	9
2026.01.29	16:45:00	183.272	183.319	183.108	183.221	1993	0	9
2026.01.29	17:00:00	183.225	183.297	183.106	183.184	2362	0	9
2026.01.29	17:15:00	183.184	183.190	182.720	182.735	2632	0	9
2026.01.29	17:30:00	182.739	182.853	182.087	182.100	2654	0	9
2026.01.29	17:45:00	182.102	182.394	182.076	182.283	2495	0	9
2026.01.29	18:00:00	182.284	182.553	182.283	182.553	2215	0	9
2026.01.29	18:15:00	182.550	182.634	182.453	182.561	2093	0	9
2026.01.29	18:30:00	182.545	182.619	182.498	182.566	1929	0	9
2026.01.29	18:45:00	182.568	182.725	182.557	182.594	1753	0	9
2026.01.29	19:00:00	182.588	182.700	182.574	182.683	1683	0	20
2026.01.29	19:15:00	182.682	182.847	182.604	182.829	1850	0	20
2026.01.29	19:30:00	182.825	182.907	182.787	182.835	1489	0	20
2026.01.29	19:45:00	182.834	182.846	182.754	182.794	1511	0	20
2026.01.29	20:00:00	182.790	182.971	182.774	182.935	1478	0	20
2026.01.29	20:15:00	182.939	183.010	182.905	182.978	1456	0	20
2026.01.29	20:30:00	182.979	183.122	182.935	183.087	1350	0	20
2026.01.29	20:45:00	183.078	183.104	182.970	182.976	1116	0	20
2026.01.29	21:00:00	182.975	183.043	182.928	183.019	1181	0	20
2026.01.29	21:15:00	183.020	183.075	183.005	183.046	1175	0	20
2026.01.29	21:30:00	183.044	183.048	182.962	182.992	1319	0	20
2026.01.29	21:45:00	182.995	183.019	182.931	182.933	1127	0	20
2026.01.29	22:00:00	182.951	183.119	182.947	183.073	1180	0	20
2026.01.29	22:15:00	183.071	183.154	183.009	183.086	889	0	20
2026.01.29	22:30:00	183.085	183.135	183.051	183.121	1044	0	20
2026.01.29	22:45:00	183.121	183.198	183.112	183.165	1093	0	20
2026.01.29	23:00:00	183.168	183.243	183.152	183.232	780	0	60
2026.01.29	23:15:00	183.233	183.295	183.208	183.252	984	0	60
2026.01.29	23:30:00	183.265	183.276	183.185	183.217	832	0	60
2026.01.29	23:45:00	183.223	183.289	183.190	183.266	609	0	29
2026.01.30	00:00:00	183.040	183.115	182.903	183.106	117	0	181
2026.01.30	00:15:00	183.187	183.265	183.174	183.265	149	0	80
2026.01.30	00:30:00	183.264	183.264	183.088	183.145	294	0	80
2026.01.30	00:45:00	183.145	183.156	183.078	183.148	448	0	22
2026.01.30	01:00:00	183.129	183.200	183.046	183.063	682	0	22
2026.01.30	01:15:00	183.072	183.108	183.021	183.077	511	0	22
2026.01.30	01:30:00	183.079	183.201	183.057	183.191	717	0	22
2026.01.30	01:45:00	183.191	183.338	183.191	183.270	851	0	22
2026.01.30	02:00:00	183.271	183.360	183.220	183.295	1145	0	22
2026.01.30	02:15:00	183.295	183.378	183.053	183.256	1567	0	22
2026.01.30	02:30:00	183.255	183.333	183.137	183.255	1542	0	22
2026.01.30	02:45:00	183.257	183.330	183.102	183.154	1777	0	22
2026.01.30	03:00:00	183.140	183.351	183.140	183.302	1790	0	22
2026.01.30	03:15:00	183.301	183.406	183.136	183.234	1807	0	22
2026.01.30	03:30:00	183.231	183.296	183.167	183.199	1603	0	22
2026.01.30	03:45:00	183.195	183.344	183.157	183.215	1755	0	22
2026.01.30	04:00:00	183.215	183.379	183.151	183.312	1897	0	22
2026.01.30	04:15:00	183.312	183.329	183.031	183.103	2123	0	22
2026.01.30	04:30:00	183.088	183.405	183.052	183.329	1815	0	22
2026.01.30	04:45:00	183.330	183.441	183.289	183.316	1491	0	22
2026.01.30	05:00:00	183.317	183.365	183.273	183.320	1225	0	22
2026.01.30	05:15:00	183.320	183.348	183.266	183.292	1229	0	22
2026.01.30	05:30:00	183.289	183.440	183.270	183.383	1290	0	22
2026.01.30	05:45:00	183.383	183.519	183.377	183.498	1202	0	22
2026.01.30	06:00:00	183.512	183.696	183.487	183.640	1279	0	22
2026.01.30	06:15:00	183.633	183.661	183.507	183.526	1018	0	22
2026.01.30	06:30:00	183.526	183.540	183.466	183.471	820	0	22
2026.01.30	06:45:00	183.473	183.541	183.461	183.529	823	0	22
2026.01.30	07:00:00	183.527	183.712	183.524	183.568	1242	0	22
2026.01.30	07:15:00	183.567	183.623	183.500	183.526	1128	0	22
2026.01.30	07:30:00	183.523	183.710	183.488	183.599	1267	0	22
2026.01.30	07:45:00	183.591	183.620	183.489	183.529	1283	0	22
2026.01.30	08:00:00	183.542	183.573	183.441	183.518	1401	0	22
2026.01.30	08:15:00	183.518	183.529	183.373	183.414	1373	0	15
2026.01.30	08:30:00	183.418	183.603	183.343	183.540	1449	0	15
2026.01.30	08:45:00	183.540	183.548	183.413	183.427	1490	0	15
2026.01.30	09:00:00	183.423	183.643	183.350	183.565	1716	0	15
2026.01.30	09:15:00	183.567	183.590	183.492	183.545	1531	0	10
2026.01.30	09:30:00	183.544	183.639	183.478	183.517	1497	0	10
2026.01.30	09:45:00	183.514	183.632	183.443	183.625	1764	0	10
2026.01.30	10:00:00	183.632	183.712	183.531	183.559	1858	0	10
2026.01.30	10:15:00	183.559	183.669	183.471	183.609	1644	0	10
2026.01.30	10:30:00	183.611	183.623	183.354	183.584	1748	0	10
2026.01.30	10:45:00	183.585	183.730	183.555	183.699	1437	0	10
2026.01.30	11:00:00	183.687	183.813	183.683	183.724	1735	0	10
2026.01.30	11:15:00	183.724	183.821	183.666	183.792	1726	0	10
2026.01.30	11:30:00	183.789	183.815	183.553	183.572	1826	0	10
2026.01.30	11:45:00	183.569	183.737	183.432	183.712	2031	0	10
2026.01.30	12:00:00	183.701	183.893	183.590	183.680	1873	0	10
2026.01.30	12:15:00	183.681	183.730	183.644	183.704	1317	0	10
2026.01.30	12:30:00	183.699	183.817	183.655	183.782	1314	0	10
2026.01.30	12:45:00	183.808	183.847	183.728	183.770	1398	0	10
2026.01.30	13:00:00	183.769	183.863	183.713	183.832	1505	0	10
2026.01.30	13:15:00	183.829	183.878	183.754	183.801	1507	0	10
2026.01.30	13:30:00	183.800	183.876	183.797	183.819	1240	0	10
2026.01.30	13:45:00	183.819	183.960	183.741	183.851	1704	0	10
2026.01.30	14:00:00	183.835	183.918	183.820	183.845	1588	0	9
2026.01.30	14:15:00	183.843	183.871	183.702	183.729	1548	0	9
2026.01.30	14:30:00	183.732	183.833	183.691	183.698	1532	0	9
2026.01.30	14:45:00	183.698	183.713	183.557	183.604	1633	0	9
2026.01.30	15:00:00	183.599	183.658	183.548	183.601	1852	0	9
2026.01.30	15:15:00	183.598	183.705	183.562	183.617	1546	0	9
2026.01.30	15:30:00	183.640	183.859	183.573	183.813	1970	0	9
2026.01.30	15:45:00	183.812	183.882	183.658	183.881	1782	0	9
2026.01.30	16:00:00	183.880	183.925	183.747	183.833	1896	0	9
2026.01.30	16:15:00	183.834	183.881	183.760	183.864	1649	0	9
2026.01.30	16:30:00	183.866	183.992	183.848	183.906	1620	0	9
2026.01.30	16:45:00	183.908	184.075	183.847	183.905	1861	0	9
2026.01.30	17:00:00	183.900	184.033	183.845	183.924	2128	0	9
2026.01.30	17:15:00	183.924	184.011	183.897	183.904	1916	0	9
2026.01.30	17:30:00	183.905	183.983	183.857	183.880	2058	0	9
2026.01.30	17:45:00	183.879	183.904	183.452	183.452	2315	0	9
2026.01.30	18:00:00	183.457	183.532	183.279	183.324	2038	0	9
2026.01.30	18:15:00	183.325	183.359	183.239	183.326	1809	0	9
2026.01.30	18:30:00	183.327	183.410	183.235	183.366	1817	0	9
2026.01.30	18:45:00	183.368	183.473	183.322	183.447	1769	0	9
2026.01.30	19:00:00	183.434	183.449	183.316	183.387	1873	0	20
2026.01.30	19:15:00	183.386	183.561	183.332	183.514	1832	0	20
2026.01.30	19:30:00	183.514	183.514	183.317	183.392	1608	0	20
2026.01.30	19:45:00	183.393	183.479	183.337	183.347	1748	0	20
2026.01.30	20:00:00	183.353	183.463	183.319	183.433	1758	0	20
2026.01.30	20:15:00	183.426	183.454	183.258	183.311	2028	0	20
2026.01.30	20:30:00	183.313	183.407	183.262	183.389	1995	0	20
2026.01.30	20:45:00	183.390	183.477	183.292	183.399	1953	0	20
2026.01.30	21:00:00	183.398	183.519	183.386	183.474	1799	0	20
2026.01.30	21:15:00	183.461	183.523	183.447	183.494	1653	0	20
2026.01.30	21:30:00	183.494	183.507	183.440	183.472	1512	0	20
2026.01.30	21:45:00	183.471	183.534	183.407	183.408	1533	0	19
2026.01.30	22:00:00	183.403	183.512	183.382	183.452	1568	0	20
2026.01.30	22:15:00	183.451	183.451	183.323	183.385	1278	0	20
2026.01.30	22:30:00	183.383	183.427	183.320	183.358	1648	0	20
2026.01.30	22:45:00	183.355	183.473	183.329	183.421	1584	0	20
2026.01.30	23:00:00	183.420	183.466	183.366	183.409	1141	0	20
2026.01.30	23:15:00	183.408	183.445	183.374	183.389	868	0	60
2026.01.30	23:30:00	183.388	183.445	183.346	183.416	841	0	60
2026.01.30	23:45:00	183.415	183.446	183.361	183.361	744	0	60
2026.02.02	00:00:00	183.430	183.512	183.430	183.477	138	0	141
2026.02.02	00:15:00	183.477	184.103	183.477	184.058	517	0	80
2026.02.02	00:30:00	184.053	184.142	184.040	184.061	309	0	80
2026.02.02	00:45:00	184.061	184.108	183.969	184.025	541	0	80
2026.02.02	01:00:00	184.060	184.160	184.014	184.074	1461	0	22
2026.02.02	01:15:00	184.074	184.128	183.973	183.997	1305	0	22
2026.02.02	01:30:00	183.998	184.028	183.832	183.942	1511	0	22
2026.02.02	01:45:00	183.943	183.953	183.803	183.866	1619	0	22
2026.02.02	02:00:00	183.849	183.906	183.687	183.837	1847	0	22
2026.02.02	02:15:00	183.836	184.015	183.835	183.956	1592	0	22
2026.02.02	02:30:00	183.954	184.094	183.920	184.059	1565	0	22
2026.02.02	02:45:00	184.059	184.218	184.024	184.189	1715	0	22
2026.02.02	03:00:00	184.191	184.277	184.069	184.174	1846	0	22
2026.02.02	03:15:00	184.173	184.188	184.066	184.114	1687	0	22
2026.02.02	03:30:00	184.117	184.154	184.000	184.078	1559	0	22
2026.02.02	03:45:00	184.077	184.167	183.999	184.020	1543	0	22
2026.02.02	04:00:00	184.023	184.066	183.917	184.008	1574	0	22
2026.02.02	04:15:00	184.010	184.034	183.814	183.943	1709	0	22
2026.02.02	04:30:00	183.942	184.032	183.939	183.939	1376	0	22
2026.02.02	04:45:00	183.941	184.051	183.907	184.040	1474	0	22
2026.02.02	05:00:00	184.029	184.091	183.935	183.982	1233	0	22
2026.02.02	05:15:00	183.966	184.009	183.902	184.000	1185	0	22
2026.02.02	05:30:00	184.001	184.044	183.913	183.961	1362	0	22
2026.02.02	05:45:00	183.959	183.975	183.845	183.864	1272	0	22
2026.02.02	06:00:00	183.862	183.865	183.674	183.712	1740	0	22
2026.02.02	06:15:00	183.704	183.766	183.678	183.713	1382	0	22
2026.02.02	06:30:00	183.712	183.745	183.617	183.722	1258	0	22
2026.02.02	06:45:00	183.721	183.776	183.658	183.685	1097	0	22
2026.02.02	07:00:00	183.692	183.767	183.559	183.643	1244	0	22
2026.02.02	07:15:00	183.642	183.687	183.602	183.631	1183	0	22
2026.02.02	07:30:00	183.631	183.698	183.507	183.511	1468	0	22
2026.02.02	07:45:00	183.512	183.580	183.433	183.542	1681	0	22
2026.02.02	08:00:00	183.544	183.625	183.332	183.332	1653	0	22
2026.02.02	08:15:00	183.336	183.476	183.318	183.405	1735	0	22
2026.02.02	08:30:00	183.408	183.459	183.194	183.252	1821	0	15
2026.02.02	08:45:00	183.253	183.281	183.184	183.248	1676	0	15
2026.02.02	09:00:00	183.244	183.612	183.198	183.595	1720	0	15
2026.02.02	09:15:00	183.593	183.645	183.527	183.581	1546	0	15
2026.02.02	09:30:00	183.585	183.589	183.419	183.547	1372	0	10
2026.02.02	09:45:00	183.548	183.664	183.505	183.622	1586	0	10
2026.02.02	10:00:00	183.621	183.713	183.513	183.654	1826	0	10
2026.02.02	10:15:00	183.655	183.918	183.646	183.818	1533	0	10
2026.02.02	10:30:00	183.817	183.859	183.671	183.764	1483	0	10
2026.02.02	10:45:00	183.762	183.780	183.610	183.662	1536	0	10
2026.02.02	11:00:00	183.656	183.680	183.494	183.572	1565	0	10
2026.02.02	11:15:00	183.566	183.653	183.534	183.617	1483	0	10
2026.02.02	11:30:00	183.616	183.643	183.520	183.596	1368	0	10
2026.02.02	11:45:00	183.595	183.683	183.576	183.587	1647	0	10
2026.02.02	12:00:00	183.586	183.742	183.546	183.685	1412	0	10
2026.02.02	12:15:00	183.685	183.789	183.671	183.788	1375	0	10
2026.02.02	12:30:00	183.788	183.789	183.611	183.627	1379	0	10
2026.02.02	12:45:00	183.629	183.696	183.596	183.608	1328	0	10
2026.02.02	13:00:00	183.610	183.686	183.601	183.648	1300	0	10
2026.02.02	13:15:00	183.647	183.705	183.596	183.686	1154	0	10
2026.02.02	13:30:00	183.685	183.733	183.636	183.695	1231	0	10
2026.02.02	13:45:00	183.696	183.697	183.599	183.600	1098	0	10
2026.02.02	14:00:00	183.599	183.687	183.552	183.669	1482	0	9
2026.02.02	14:15:00	183.668	183.702	183.615	183.632	1254	0	9
2026.02.02	14:30:00	183.630	183.669	183.572	183.603	1176	0	9
2026.02.02	14:45:00	183.603	183.640	183.541	183.595	1355	0	9
2026.02.02	15:00:00	183.593	183.612	183.498	183.589	1753	0	9
2026.02.02	15:15:00	183.590	183.616	183.512	183.613	1590	0	9
2026.02.02	15:30:00	183.613	183.628	183.509	183.572	1598	0	9
2026.02.02	15:45:00	183.571	183.596	183.460	183.494	1518	0	9
2026.02.02	16:00:00	183.494	183.528	183.364	183.406	1641	0	9
2026.02.02	16:15:00	183.405	183.530	183.405	183.482	1530	0	9
2026.02.02	16:30:00	183.497	183.642	183.474	183.558	1890	0	9
2026.02.02	16:45:00	183.558	183.719	183.558	183.603	1935	0	9
2026.02.02	17:00:00	183.621	183.733	183.565	183.675	2283	0	9
2026.02.02	17:15:00	183.680	183.756	183.608	183.608	1924	0	9
2026.02.02	17:30:00	183.608	183.722	183.545	183.585	1910	0	9
2026.02.02	17:45:00	183.585	183.623	183.530	183.570	1929	0	9
2026.02.02	18:00:00	183.573	183.619	183.497	183.601	1814	0	9
2026.02.02	18:15:00	183.600	183.652	183.544	183.555	1695	0	9
2026.02.02	18:30:00	183.556	183.633	183.529	183.619	1484	0	9
2026.02.02	18:45:00	183.620	183.648	183.548	183.597	1441	0	9
2026.02.02	19:00:00	183.591	183.655	183.562	183.612	1350	0	20
2026.02.02	19:15:00	183.614	183.623	183.476	183.507	1337	0	20
2026.02.02	19:30:00	183.512	183.544	183.430	183.517	1352	0	20
2026.02.02	19:45:00	183.519	183.559	183.476	183.486	1338	0	20
2026.02.02	20:00:00	183.485	183.524	183.420	183.427	1460	0	20
2026.02.02	20:15:00	183.429	183.516	183.422	183.486	1477	0	20
2026.02.02	20:30:00	183.486	183.545	183.447	183.455	1098	0	20
2026.02.02	20:45:00	183.444	183.493	183.328	183.368	1110	0	20
2026.02.02	21:00:00	183.370	183.448	183.354	183.402	1250	0	20
2026.02.02	21:15:00	183.400	183.454	183.398	183.445	934	0	20
2026.02.02	21:30:00	183.443	183.505	183.426	183.493	1129	0	20
2026.02.02	21:45:00	183.495	183.509	183.441	183.451	1195	0	20
2026.02.02	22:00:00	183.451	183.489	183.369	183.379	1075	0	20
2026.02.02	22:15:00	183.377	183.419	183.354	183.403	1014	0	20
2026.02.02	22:30:00	183.403	183.431	183.349	183.401	885	0	20
2026.02.02	22:45:00	183.402	183.454	183.349	183.434	964	0	20
2026.02.02	23:00:00	183.417	183.479	183.372	183.444	822	0	60
2026.02.02	23:15:00	183.458	183.478	183.426	183.453	593	0	60
2026.02.02	23:30:00	183.449	183.467	183.420	183.452	550	0	60
2026.02.02	23:45:00	183.458	183.481	183.406	183.440	750	0	28
2026.02.03	00:00:00	183.323	183.483	183.320	183.425	148	0	66
2026.02.03	00:15:00	183.432	183.451	183.384	183.397	300	0	80
2026.02.03	00:30:00	183.396	183.456	183.390	183.442	711	0	80
2026.02.03	00:45:00	183.442	183.459	183.373	183.386	595	0	22
2026.02.03	01:00:00	183.396	183.493	183.361	183.429	710	0	22
2026.02.03	01:15:00	183.431	183.496	183.431	183.472	773	0	22
2026.02.03	01:30:00	183.472	183.501	183.411	183.461	723	0	22
2026.02.03	01:45:00	183.460	183.496	183.346	183.438	869	0	22
2026.02.03	02:00:00	183.438	183.541	183.426	183.501	1268	0	22
2026.02.03	02:15:00	183.501	183.619	183.499	183.577	1002	0	22
2026.02.03	02:30:00	183.580	183.667	183.580	183.625	1014	0	22
2026.02.03	02:45:00	183.610	183.637	183.511	183.545	1504	0	22
2026.02.03	03:00:00	183.547	183.666	183.499	183.624	1427	0	22
2026.02.03	03:15:00	183.624	183.731	183.611	183.632	1374	0	22
2026.02.03	03:30:00	183.629	183.721	183.615	183.654	1177	0	22
2026.02.03	03:45:00	183.652	183.679	183.622	183.673	1075	0	22
2026.02.03	04:00:00	183.672	183.672	183.563	183.591	1175	0	22
2026.02.03	04:15:00	183.594	183.613	183.455	183.526	1276	0	22
2026.02.03	04:30:00	183.525	183.544	183.463	183.503	980	0	22
2026.02.03	04:45:00	183.504	183.575	183.501	183.540	990	0	22
2026.02.03	05:00:00	183.541	183.589	183.516	183.520	862	0	22
2026.02.03	05:15:00	183.520	183.565	183.468	183.502	992	0	22
2026.02.03	05:30:00	183.505	183.610	183.505	183.561	1459	0	22
2026.02.03	05:45:00	183.563	183.628	183.513	183.587	1020	0	22
2026.02.03	06:00:00	183.586	183.679	183.585	183.603	1009	0	22
2026.02.03	06:15:00	183.607	183.660	183.490	183.490	1087	0	22
2026.02.03	06:30:00	183.504	183.547	183.457	183.536	1026	0	22
2026.02.03	06:45:00	183.535	183.552	183.499	183.531	839	0	22
2026.02.03	07:00:00	183.533	183.578	183.491	183.503	947	0	22
2026.02.03	07:15:00	183.503	183.590	183.483	183.555	848	0	22
2026.02.03	07:30:00	183.553	183.572	183.477	183.556	1051	0	22
2026.02.03	07:45:00	183.558	183.593	183.513	183.544	812	0	22
2026.02.03	08:00:00	183.529	183.617	183.470	183.604	1028	0	22
2026.02.03	08:15:00	183.590	183.665	183.581	183.643	943	0	15
2026.02.03	08:30:00	183.636	183.694	183.535	183.563	1196	0	15
2026.02.03	08:45:00	183.548	183.620	183.529	183.597	1148	0	15
2026.02.03	09:00:00	183.588	183.717	183.558	183.705	1258	0	15
2026.02.03	09:15:00	183.686	183.769	183.663	183.679	1342	0	10
2026.02.03	09:30:00	183.681	183.719	183.585	183.676	1605	0	10
2026.02.03	09:45:00	183.675	183.752	183.565	183.619	1274	0	10
2026.02.03	10:00:00	183.623	183.683	183.560	183.590	1688	0	10
2026.02.03	10:15:00	183.589	183.729	183.573	183.638	1528	0	10
2026.02.03	10:30:00	183.636	183.716	183.586	183.679	1377	0	10
2026.02.03	10:45:00	183.678	183.806	183.675	183.725	1309	0	10
2026.02.03	11:00:00	183.726	183.851	183.649	183.783	1486	0	10
2026.02.03	11:15:00	183.783	183.891	183.744	183.782	1452	0	10
2026.02.03	11:30:00	183.781	183.819	183.744	183.772	1396	0	10
2026.02.03	11:45:00	183.767	183.876	183.760	183.800	1301	0	10
2026.02.03	12:00:00	183.799	183.865	183.761	183.812	1168	0	10
2026.02.03	12:15:00	183.811	183.852	183.727	183.824	1232	0	10
2026.02.03	12:30:00	183.823	183.837	183.737	183.787	1083	0	10
2026.02.03	12:45:00	183.788	183.860	183.769	183.794	1025	0	10
2026.02.03	13:00:00	183.777	183.898	183.762	183.869	1416	0	10
2026.02.03	13:15:00	183.870	183.887	183.782	183.843	1137	0	10
2026.02.03	13:30:00	183.842	183.881	183.800	183.800	1023	0	10
2026.02.03	13:45:00	183.800	183.847	183.773	183.829	992	0	9
2026.02.03	14:00:00	183.830	183.888	183.786	183.842	1021	0	9
2026.02.03	14:15:00	183.840	183.907	183.817	183.858	1061	0	9
2026.02.03	14:30:00	183.857	183.959	183.834	183.936	1217	0	9
2026.02.03	14:45:00	183.931	183.956	183.858	183.872	1206	0	9
2026.02.03	15:00:00	183.868	183.941	183.855	183.913	1425	0	9
2026.02.03	15:15:00	183.913	183.949	183.823	183.842	1385	0	9
2026.02.03	15:30:00	183.842	183.909	183.810	183.866	1209	0	9
2026.02.03	15:45:00	183.867	183.921	183.839	183.875	1238	0	9
2026.02.03	16:00:00	183.891	183.892	183.768	183.848	1559	0	9
2026.02.03	16:15:00	183.849	183.942	183.782	183.901	1378	0	9
2026.02.03	16:30:00	183.913	183.954	183.795	183.848	1625	0	9
2026.02.03	16:45:00	183.849	183.888	183.770	183.772	1564	0	9
2026.02.03	17:00:00	183.771	183.865	183.724	183.831	1675	0	9
2026.02.03	17:15:00	183.831	183.984	183.799	183.951	1755	0	9
2026.02.03	17:30:00	183.953	184.007	183.901	183.968	1528	0	9
2026.02.03	17:45:00	183.970	183.993	183.870	183.933	1680	0	9
2026.02.03	18:00:00	183.948	184.045	183.927	183.998	1587	0	9
2026.02.03	18:15:00	183.999	184.036	183.945	183.976	1405	0	9
2026.02.03	18:30:00	183.975	183.990	183.917	183.971	1399	0	9
2026.02.03	18:45:00	183.972	184.079	183.961	184.003	1256	0	9
2026.02.03	19:00:00	184.004	184.069	183.958	184.003	1537	0	20
2026.02.03	19:15:00	184.005	184.013	183.912	183.934	1541	0	20
2026.02.03	19:30:00	183.933	183.965	183.869	183.887	1233	0	20
2026.02.03	19:45:00	183.888	184.007	183.868	183.988	1224	0	20
2026.02.03	20:00:00	183.987	184.057	183.953	183.969	1199	0	20
2026.02.03	20:15:00	183.970	184.060	183.957	184.013	1172	0	20
2026.02.03	20:30:00	184.013	184.053	183.972	184.000	1045	0	20
2026.02.03	20:45:00	183.998	183.998	183.786	183.803	1315	0	20
2026.02.03	21:00:00	183.798	183.966	183.776	183.946	1230	0	20
2026.02.03	21:15:00	183.934	183.980	183.896	183.908	1154	0	20
2026.02.03	21:30:00	183.909	183.990	183.884	183.985	1087	0	20
2026.02.03	21:45:00	183.987	184.057	183.951	184.012	1024	0	20
2026.02.03	22:00:00	184.017	184.044	183.974	184.042	1054	0	20
2026.02.03	22:15:00	184.041	184.072	184.002	184.022	934	0	20
2026.02.03	22:30:00	184.025	184.078	183.998	184.027	1020	0	20
2026.02.03	22:45:00	184.026	184.107	184.012	184.052	1116	0	20
2026.02.03	23:00:00	184.053	184.120	184.042	184.091	760	0	60
2026.02.03	23:15:00	184.093	184.154	184.073	184.120	517	0	60
2026.02.03	23:30:00	184.119	184.151	184.100	184.149	509	0	60
2026.02.03	23:45:00	184.146	184.174	184.009	184.009	635	0	29
2026.02.04	00:00:00	183.878	184.080	183.843	184.022	201	0	117
2026.02.04	00:15:00	184.028	184.048	183.985	184.030	204	0	80
2026.02.04	00:30:00	184.030	184.081	184.029	184.078	365	0	80
2026.02.04	00:45:00	184.064	184.095	184.023	184.087	756	0	22
2026.02.04	01:00:00	184.088	184.121	183.992	184.102	606	0	22
2026.02.04	01:15:00	184.115	184.147	184.062	184.086	474	0	22
2026.02.04	01:30:00	184.086	184.116	184.062	184.074	588	0	22
2026.02.04	01:45:00	184.074	184.095	184.029	184.090	698	0	22
2026.02.04	02:00:00	184.099	184.169	184.018	184.135	1034	0	22
2026.02.04	02:15:00	184.139	184.186	184.098	184.172	988	0	22
2026.02.04	02:30:00	184.173	184.262	184.150	184.234	957	0	22
2026.02.04	02:45:00	184.221	184.347	184.210	184.336	1308	0	22
2026.02.04	03:00:00	184.338	184.520	184.313	184.507	1386	0	22
2026.02.04	03:15:00	184.496	184.594	184.488	184.572	1262	0	22
2026.02.04	03:30:00	184.571	184.729	184.516	184.725	1096	0	22
2026.02.04	03:45:00	184.726	184.740	184.603	184.638	1235	0	22
2026.02.04	04:00:00	184.635	184.739	184.630	184.663	1195	0	22
2026.02.04	04:15:00	184.664	184.699	184.624	184.681	951	0	22
2026.02.04	04:30:00	184.669	184.725	184.665	184.702	1033	0	22
2026.02.04	04:45:00	184.703	184.762	184.659	184.722	971	0	22
2026.02.04	05:00:00	184.737	184.779	184.716	184.766	876	0	22
2026.02.04	05:15:00	184.753	184.910	184.724	184.860	1078	0	22
2026.02.04	05:30:00	184.861	184.880	184.800	184.808	941	0	22
2026.02.04	05:45:00	184.807	184.898	184.768	184.876	885	0	22
2026.02.04	06:00:00	184.877	184.948	184.860	184.932	809	0	22
2026.02.04	06:15:00	184.932	184.948	184.816	184.841	773	0	22
2026.02.04	06:30:00	184.854	184.921	184.842	184.882	687	0	22
2026.02.04	06:45:00	184.882	184.965	184.872	184.960	728	0	22
2026.02.04	07:00:00	184.962	185.052	184.925	184.979	837	0	22
2026.02.04	07:15:00	184.980	184.981	184.905	184.905	855	0	22
2026.02.04	07:30:00	184.904	184.965	184.878	184.950	845	0	22
2026.02.04	07:45:00	184.951	184.979	184.910	184.937	817	0	22
2026.02.04	08:00:00	184.937	185.002	184.931	184.974	983	0	22
2026.02.04	08:15:00	184.972	185.009	184.868	184.916	1035	0	15
2026.02.04	08:30:00	184.916	184.993	184.877	184.974	952	0	15
2026.02.04	08:45:00	184.974	185.034	184.938	184.964	914	0	15
2026.02.04	09:00:00	184.964	185.018	184.944	184.971	1174	0	15
2026.02.04	09:15:00	184.972	185.064	184.940	185.054	1210	0	10
2026.02.04	09:30:00	185.053	185.080	184.984	185.043	1018	0	10
2026.02.04	09:45:00	185.041	185.126	185.019	185.057	1160	0	10
2026.02.04	10:00:00	185.058	185.161	184.975	185.109	1376	0	10
2026.02.04	10:15:00	185.111	185.152	185.067	185.095	1228	0	10
2026.02.04	10:30:00	185.091	185.101	185.010	185.092	1144	0	10
2026.02.04	10:45:00	185.092	185.117	185.016	185.069	1199	0	10
2026.02.04	11:00:00	185.069	185.131	184.978	185.017	1253	0	10
2026.02.04	11:15:00	185.017	185.077	184.999	185.070	1137	0	10
2026.02.04	11:30:00	185.057	185.078	185.002	185.031	1327	0	10
2026.02.04	11:45:00	185.031	185.127	184.984	185.043	1313	0	10
2026.02.04	12:00:00	185.044	185.124	185.017	185.044	1086	0	10
2026.02.04	12:15:00	185.044	185.160	185.044	185.100	1147	0	10
2026.02.04	12:30:00	185.100	185.172	185.035	185.102	1252	0	10
2026.02.04	12:45:00	185.105	185.172	185.063	185.164	1047	0	10
2026.02.04	13:00:00	185.161	185.188	185.123	185.149	1089	0	10
2026.02.04	13:15:00	185.150	185.202	185.140	185.171	1077	0	10
2026.02.04	13:30:00	185.170	185.202	185.145	185.178	1036	0	10
2026.02.04	13:45:00	185.176	185.213	185.150	185.211	1115	0	9
2026.02.04	14:00:00	185.208	185.236	185.148	185.178	961	0	9
2026.02.04	14:15:00	185.181	185.221	185.141	185.150	1069	0	9
2026.02.04	14:30:00	185.165	185.235	185.131	185.205	1060	0	9
2026.02.04	14:45:00	185.222	185.248	185.112	185.155	1099	0	9
2026.02.04	15:00:00	185.154	185.194	185.125	185.151	1312	0	9
2026.02.04	15:15:00	185.152	185.199	185.075	185.149	1581	0	9
2026.02.04	15:30:00	185.149	185.244	185.110	185.164	1627	0	9
2026.02.04	15:45:00	185.165	185.169	184.976	184.976	1653	0	9
2026.02.04	16:00:00	184.970	184.999	184.754	184.791	1687	0	9
2026.02.04	16:15:00	184.788	184.947	184.785	184.849	1545	0	9
2026.02.04	16:30:00	184.850	184.960	184.738	184.953	1918	0	9
2026.02.04	16:45:00	184.951	184.980	184.798	184.837	1753	0	9
2026.02.04	17:00:00	184.831	185.015	184.763	184.989	2043	0	9
2026.02.04	17:15:00	184.992	185.020	184.885	184.921	1649	0	9
2026.02.04	17:30:00	184.918	184.973	184.829	184.858	1929	0	9
2026.02.04	17:45:00	184.856	184.898	184.748	184.786	1756	0	9
2026.02.04	18:00:00	184.784	184.838	184.698	184.747	1768	0	9
2026.02.04	18:15:00	184.746	184.900	184.735	184.882	1511	0	9
2026.02.04	18:30:00	184.882	184.906	184.715	184.737	1504	0	9
2026.02.04	18:45:00	184.732	184.871	184.727	184.832	1661	0	9
2026.02.04	19:00:00	184.833	184.938	184.819	184.897	1547	0	20
2026.02.04	19:15:00	184.893	184.920	184.743	184.762	1481	0	20
2026.02.04	19:30:00	184.756	184.784	184.666	184.753	1716	0	20
2026.02.04	19:45:00	184.756	184.861	184.742	184.828	1384	0	20
2026.02.04	20:00:00	184.832	184.880	184.787	184.825	1422	0	20
2026.02.04	20:15:00	184.836	184.945	184.814	184.898	1321	0	20
2026.02.04	20:30:00	184.897	184.986	184.873	184.949	1121	0	20
2026.02.04	20:45:00	184.962	185.017	184.905	185.014	951	0	20
2026.02.04	21:00:00	184.999	185.050	184.905	185.014	1180	0	20
2026.02.04	21:15:00	185.018	185.090	185.007	185.090	1206	0	20
2026.02.04	21:30:00	185.089	185.180	185.073	185.178	1058	0	20
2026.02.04	21:45:00	185.175	185.209	185.126	185.190	1226	0	20
2026.02.04	22:00:00	185.178	185.213	185.156	185.189	1031	0	20
2026.02.04	22:15:00	185.190	185.239	185.172	185.223	964	0	20
2026.02.04	22:30:00	185.222	185.241	185.191	185.201	840	0	20
2026.02.04	22:45:00	185.204	185.258	185.192	185.202	913	0	20
2026.02.04	23:00:00	185.197	185.219	185.171	185.181	642	0	60
2026.02.04	23:15:00	185.187	185.220	185.176	185.207	637	0	60
2026.02.04	23:30:00	185.209	185.259	185.186	185.210	732	0	60
2026.02.04	23:45:00	185.211	185.224	185.162	185.168	477	0	35
2026.02.05	00:00:00	184.922	185.124	184.784	185.107	168	0	96
2026.02.05	00:15:00	185.145	185.168	185.106	185.124	295	0	80
2026.02.05	00:30:00	185.117	185.151	185.092	185.110	441	0	80
2026.02.05	00:45:00	185.110	185.174	185.049	185.142	397	0	22
2026.02.05	01:00:00	185.138	185.232	185.129	185.163	568	0	22
2026.02.05	01:15:00	185.163	185.198	185.099	185.136	535	0	22
2026.02.05	01:30:00	185.136	185.174	185.118	185.154	678	0	22
2026.02.05	01:45:00	185.155	185.208	185.143	185.150	794	0	22
2026.02.05	02:00:00	185.152	185.236	185.127	185.171	929	0	22
2026.02.05	02:15:00	185.169	185.231	185.161	185.216	677	0	22
2026.02.05	02:30:00	185.213	185.233	185.120	185.130	738	0	22
2026.02.05	02:45:00	185.122	185.152	184.954	185.064	1269	0	22
2026.02.05	03:00:00	185.065	185.215	185.061	185.190	1040	0	22
2026.02.05	03:15:00	185.190	185.240	185.121	185.239	1163	0	22
2026.02.05	03:30:00	185.240	185.276	185.187	185.254	987	0	22
2026.02.05	03:45:00	185.254	185.268	185.122	185.160	902	0	22
2026.02.05	04:00:00	185.144	185.210	185.082	185.132	1250	0	22
2026.02.05	04:15:00	185.130	185.148	184.925	185.008	1506	0	22
2026.02.05	04:30:00	185.010	185.017	184.956	184.974	1131	0	22
2026.02.05	04:45:00	184.973	184.984	184.878	184.880	1620	0	22
2026.02.05	05:00:00	184.879	184.938	184.829	184.876	1317	0	22
2026.02.05	05:15:00	184.877	184.912	184.827	184.863	1243	0	22
2026.02.05	05:30:00	184.862	184.875	184.681	184.821	1200	0	22
2026.02.05	05:45:00	184.822	184.871	184.791	184.835	1039	0	22
2026.02.05	06:00:00	184.836	184.916	184.831	184.876	884	0	22
2026.02.05	06:15:00	184.882	184.895	184.846	184.870	767	0	22
2026.02.05	06:30:00	184.877	184.931	184.852	184.906	731	0	22
2026.02.05	06:45:00	184.906	184.933	184.831	184.831	788	0	22
2026.02.05	07:00:00	184.831	184.901	184.831	184.873	776	0	22
2026.02.05	07:15:00	184.872	184.899	184.842	184.878	632	0	22
2026.02.05	07:30:00	184.879	184.920	184.844	184.896	795	0	22
2026.02.05	07:45:00	184.898	185.080	184.897	185.066	1052	0	22
2026.02.05	08:00:00	185.065	185.158	184.946	184.974	1316	0	22
2026.02.05	08:15:00	184.973	184.996	184.879	184.987	1097	0	15
2026.02.05	08:30:00	184.987	185.012	184.929	184.987	922	0	15
2026.02.05	08:45:00	184.976	185.120	184.934	185.117	977	0	15
2026.02.05	09:00:00	185.119	185.280	185.105	185.264	1236	0	15
2026.02.05	09:15:00	185.268	185.404	185.250	185.352	1373	0	10
2026.02.05	09:30:00	185.353	185.415	185.314	185.351	1138	0	10
2026.02.05	09:45:00	185.354	185.497	185.350	185.391	1270	0	10
2026.02.05	10:00:00	185.390	185.509	185.363	185.446	1640	0	10
2026.02.05	10:15:00	185.443	185.472	185.318	185.350	1374	0	10
2026.02.05	10:30:00	185.349	185.419	185.327	185.386	1307	0	10
2026.02.05	10:45:00	185.387	185.400	185.261	185.291	1399	0	10
2026.02.05	11:00:00	185.290	185.346	185.250	185.289	1394	0	10
2026.02.05	11:15:00	185.289	185.440	185.275	185.357	1370	0	10
2026.02.05	11:30:00	185.358	185.429	185.289	185.361	1309	0	10
2026.02.05	11:45:00	185.374	185.387	185.309	185.329	1271	0	10
2026.02.05	12:00:00	185.330	185.402	185.327	185.366	1095	0	10
2026.02.05	12:15:00	185.366	185.411	185.321	185.370	939	0	10
2026.02.05	12:30:00	185.371	185.417	185.303	185.323	1095	0	10
2026.02.05	12:45:00	185.326	185.373	185.298	185.343	888	0	10
2026.02.05	13:00:00	185.345	185.398	185.318	185.344	951	0	10
2026.02.05	13:15:00	185.357	185.374	185.295	185.315	1326	0	10
2026.02.05	13:30:00	185.309	185.352	185.281	185.310	1132	0	10
2026.02.05	13:45:00	185.312	185.348	185.283	185.298	991	0	9
2026.02.05	14:00:00	185.320	185.435	185.275	185.386	1596	0	9
2026.02.05	14:15:00	185.387	185.421	185.300	185.314	1402	0	9
2026.02.05	14:30:00	185.309	185.355	185.191	185.211	1983	0	9
2026.02.05	14:45:00	185.213	185.227	185.047	185.178	1990	0	9
2026.02.05	15:00:00	185.174	185.196	184.990	185.008	1811	0	9
2026.02.05	15:15:00	185.001	185.092	184.961	184.998	1632	0	9
2026.02.05	15:30:00	185.019	185.046	184.873	184.909	2104	0	9
2026.02.05	15:45:00	184.905	185.010	184.891	184.965	1766	0	9
2026.02.05	16:00:00	184.963	185.169	184.904	185.134	2045	0	9
2026.02.05	16:15:00	185.135	185.234	185.055	185.144	1831	0	9
2026.02.05	16:30:00	185.141	185.273	185.141	185.219	2063	0	9
2026.02.05	16:45:00	185.222	185.253	185.066	185.081	1729	0	9
2026.02.05	17:00:00	185.062	185.122	184.896	185.096	2179	0	9
2026.02.05	17:15:00	185.103	185.194	184.813	184.840	1856	0	9
2026.02.05	17:30:00	184.819	184.864	184.560	184.730	2053	0	9
2026.02.05	17:45:00	184.726	184.992	184.662	184.929	1918	0	9
2026.02.05	18:00:00	184.931	184.940	184.810	184.863	1746	0	9
2026.02.05	18:15:00	184.868	185.101	184.841	185.044	1595	0	9
2026.02.05	18:30:00	185.041	185.158	185.032	185.103	1559	0	9
2026.02.05	18:45:00	185.116	185.188	185.085	185.170	1446	0	9
2026.02.05	19:00:00	185.186	185.191	185.062	185.093	1160	0	18
2026.02.05	19:15:00	185.107	185.198	185.060	185.185	1194	0	20
2026.02.05	19:30:00	185.180	185.186	185.098	185.123	1009	0	18
2026.02.05	19:45:00	185.122	185.160	185.024	185.024	1084	0	16
2026.02.05	20:00:00	185.030	185.071	185.014	185.049	954	0	20
2026.02.05	20:15:00	185.048	185.117	185.034	185.042	883	0	20
2026.02.05	20:30:00	185.042	185.104	185.033	185.052	882	0	20
2026.02.05	20:45:00	185.066	185.085	184.952	184.974	862	0	19
2026.02.05	21:00:00	184.973	185.051	184.949	185.035	948	0	18
2026.02.05	21:15:00	185.035	185.067	184.980	185.024	745	0	20
2026.02.05	21:30:00	185.025	185.026	184.947	184.990	810	0	14
2026.02.05	21:45:00	184.976	185.058	184.963	185.026	830	0	20
2026.02.05	22:00:00	185.023	185.078	184.996	185.014	944	0	20
2026.02.05	22:15:00	185.012	185.028	184.966	184.991	880	0	20
2026.02.05	22:30:00	184.993	185.045	184.975	185.045	787	0	20
2026.02.05	22:45:00	185.046	185.046	184.965	184.989	932	0	20
2026.02.05	23:00:00	184.988	185.031	184.913	184.996	770	0	60
2026.02.05	23:15:00	184.996	185.031	184.948	185.031	554	0	60
2026.02.05	23:30:00	185.030	185.056	184.942	184.950	843	0	60
2026.02.05	23:45:00	184.955	184.969	184.890	184.941	570	0	37
2026.02.06	00:00:00	184.648	184.938	184.619	184.917	127	0	77
2026.02.06	00:15:00	184.940	185.009	184.937	184.988	188	0	80
2026.02.06	00:30:00	184.987	185.021	184.947	184.993	356	0	80
2026.02.06	00:45:00	184.979	185.020	184.943	185.006	429	0	22
2026.02.06	01:00:00	185.003	185.009	184.870	184.944	576	0	22
2026.02.06	01:15:00	184.948	184.956	184.759	184.806	669	0	22
2026.02.06	01:30:00	184.822	184.863	184.723	184.747	993	0	22
2026.02.06	01:45:00	184.737	184.767	184.577	184.648	999	0	22
2026.02.06	02:00:00	184.649	184.662	184.418	184.493	1539	0	22
2026.02.06	02:15:00	184.494	184.601	184.344	184.566	1545	0	22
2026.02.06	02:30:00	184.564	184.676	184.562	184.614	1349	0	22
2026.02.06	02:45:00	184.614	184.646	184.505	184.570	1546	0	22
2026.02.06	03:00:00	184.581	184.704	184.537	184.576	1430	0	22
2026.02.06	03:15:00	184.577	184.620	184.406	184.445	1373	0	22
2026.02.06	03:30:00	184.445	184.574	184.374	184.552	1452	0	22
2026.02.06	03:45:00	184.554	184.654	184.513	184.623	1218	0	22
2026.02.06	04:00:00	184.618	184.850	184.601	184.809	1340	0	22
2026.02.06	04:15:00	184.795	184.864	184.778	184.859	1061	0	22
2026.02.06	04:30:00	184.860	184.879	184.799	184.825	1110	0	22
2026.02.06	04:45:00	184.829	184.849	184.730	184.735	867	0	22
2026.02.06	05:00:00	184.749	184.779	184.715	184.728	945	0	22
2026.02.06	05:15:00	184.727	184.780	184.723	184.744	719	0	22
2026.02.06	05:30:00	184.744	184.779	184.668	184.702	911	0	22
2026.02.06	05:45:00	184.701	184.786	184.685	184.741	960	0	22
2026.02.06	06:00:00	184.741	184.763	184.669	184.672	814	0	22
2026.02.06	06:15:00	184.677	184.742	184.670	184.713	802	0	22
2026.02.06	06:30:00	184.711	184.784	184.684	184.769	941	0	22
2026.02.06	06:45:00	184.772	184.807	184.715	184.755	841	0	22
2026.02.06	07:00:00	184.754	184.797	184.715	184.777	856	0	22
2026.02.06	07:15:00	184.778	184.812	184.745	184.780	761	0	22
2026.02.06	07:30:00	184.780	184.931	184.767	184.873	943	0	22
2026.02.06	07:45:00	184.873	184.953	184.825	184.928	1005	0	22
2026.02.06	08:00:00	184.929	185.070	184.922	185.022	1176	0	22
2026.02.06	08:15:00	185.036	185.116	185.016	185.070	1024	0	15
2026.02.06	08:30:00	185.068	185.135	184.989	185.051	1076	0	15
2026.02.06	08:45:00	185.052	185.078	184.941	184.959	1041	0	15
2026.02.06	09:00:00	184.959	184.959	184.749	184.786	1143	0	15
2026.02.06	09:15:00	184.785	184.961	184.784	184.895	1044	0	10
2026.02.06	09:30:00	184.880	184.935	184.835	184.896	985	0	10
2026.02.06	09:45:00	184.895	184.984	184.895	184.977	1039	0	10
2026.02.06	10:00:00	184.978	185.040	184.874	184.976	1458	0	10
2026.02.06	10:15:00	184.975	185.011	184.820	184.864	1275	0	10
2026.02.06	10:30:00	184.863	184.997	184.861	184.946	1170	0	10
2026.02.06	10:45:00	184.948	185.131	184.915	185.130	1120	0	10
2026.02.06	11:00:00	185.131	185.258	185.111	185.200	1146	0	10
2026.02.06	11:15:00	185.198	185.231	185.154	185.193	1090	0	10
2026.02.06	11:30:00	185.194	185.282	185.128	185.227	1156	0	10
2026.02.06	11:45:00	185.226	185.277	185.169	185.211	974	0	10
2026.02.06	12:00:00	185.210	185.287	185.197	185.273	896	0	10
2026.02.06	12:15:00	185.271	185.276	185.090	185.105	894	0	10
2026.02.06	12:30:00	185.104	185.122	185.055	185.068	894	0	10
2026.02.06	12:45:00	185.082	185.121	185.026	185.103	901	0	10
2026.02.06	13:00:00	185.102	185.188	185.074	185.166	1255	0	10
2026.02.06	13:15:00	185.167	185.244	185.144	185.177	1137	0	10
2026.02.06	13:30:00	185.177	185.220	185.135	185.218	883	0	10
2026.02.06	13:45:00	185.204	185.228	185.120	185.138	1034	0	9
2026.02.06	14:00:00	185.138	185.221	185.119	185.145	1046	0	9
2026.02.06	14:15:00	185.147	185.188	185.084	185.168	869	0	9
2026.02.06	14:30:00	185.168	185.266	185.164	185.231	903	0	9
2026.02.06	14:45:00	185.231	185.298	185.201	185.232	1031	0	9
2026.02.06	15:00:00	185.231	185.300	185.221	185.268	1169	0	9
2026.02.06	15:15:00	185.268	185.369	185.253	185.335	1087	0	9
2026.02.06	15:30:00	185.334	185.409	185.327	185.365	1413	0	9
2026.02.06	15:45:00	185.361	185.414	185.245	185.330	1330	0	9
2026.02.06	16:00:00	185.329	185.414	185.318	185.344	1451	0	9
2026.02.06	16:15:00	185.330	185.387	185.291	185.330	1049	0	9
2026.02.06	16:30:00	185.332	185.459	185.323	185.423	1718	0	9
2026.02.06	16:45:00	185.422	185.480	185.379	185.419	1432	0	9
2026.02.06	17:00:00	185.422	185.513	185.397	185.452	1720	0	9
2026.02.06	17:15:00	185.450	185.512	185.419	185.482	1412	0	9
2026.02.06	17:30:00	185.484	185.528	185.413	185.484	1442	0	9
2026.02.06	17:45:00	185.488	185.504	185.350	185.373	1505	0	9
2026.02.06	18:00:00	185.374	185.522	185.363	185.465	1444	0	9
2026.02.06	18:15:00	185.466	185.488	185.408	185.482	1158	0	9
2026.02.06	18:30:00	185.482	185.637	185.470	185.631	1212	0	9
2026.02.06	18:45:00	185.631	185.648	185.551	185.565	1150	0	9
2026.02.06	19:00:00	185.564	185.626	185.532	185.540	1062	0	20
2026.02.06	19:15:00	185.543	185.606	185.539	185.569	967	0	20
2026.02.06	19:30:00	185.568	185.585	185.525	185.536	994	0	20
2026.02.06	19:45:00	185.550	185.613	185.534	185.602	858	0	20
2026.02.06	20:00:00	185.599	185.658	185.578	185.652	851	0	20
2026.02.06	20:15:00	185.653	185.687	185.619	185.645	935	0	20
2026.02.06	20:30:00	185.645	185.708	185.644	185.655	825	0	20
2026.02.06	20:45:00	185.654	185.667	185.602	185.646	763	0	20
2026.02.06	21:00:00	185.645	185.685	185.615	185.625	691	0	20
2026.02.06	21:15:00	185.624	185.664	185.611	185.645	678	0	20
2026.02.06	21:30:00	185.645	185.691	185.621	185.667	688	0	20
2026.02.06	21:45:00	185.666	185.715	185.656	185.669	763	0	20
2026.02.06	22:00:00	185.668	185.709	185.649	185.692	730	0	20
2026.02.06	22:15:00	185.707	185.741	185.691	185.711	620	0	20
2026.02.06	22:30:00	185.713	185.735	185.696	185.704	725	0	20
2026.02.06	22:45:00	185.702	185.762	185.692	185.698	784	0	20
2026.02.06	23:00:00	185.698	185.740	185.686	185.726	682	0	60
2026.02.06	23:15:00	185.726	185.765	185.705	185.757	549	0	60
2026.02.06	23:30:00	185.758	185.778	185.714	185.714	689	0	60
2026.02.06	23:45:00	185.713	185.775	185.659	185.659	725	0	60
2026.02.09	00:00:00	186.083	186.120	185.245	185.529	526	0	79
2026.02.09	00:15:00	185.612	185.777	185.549	185.750	651	0	80
2026.02.09	00:30:00	185.749	186.017	185.728	185.997	1083	0	80
2026.02.09	00:45:00	185.997	186.001	185.878	185.996	533	0	80
2026.02.09	01:00:00	186.024	186.242	185.999	186.187	1068	0	22
2026.02.09	01:15:00	186.187	186.217	186.139	186.190	815	0	22
2026.02.09	01:30:00	186.195	186.227	185.963	186.107	1358	0	22
2026.02.09	01:45:00	186.108	186.120	185.714	185.971	1362	0	22
2026.02.09	02:00:00	185.948	186.002	185.386	185.485	1823	0	22
2026.02.09	02:15:00	185.490	185.794	185.468	185.629	1416	0	22
2026.02.09	02:30:00	185.627	185.642	185.448	185.498	1417	0	22
2026.02.09	02:45:00	185.495	185.673	185.470	185.615	1507	0	22
2026.02.09	03:00:00	185.610	185.639	185.372	185.372	1444	0	22
2026.02.09	03:15:00	185.372	185.405	185.112	185.134	1491	0	22
2026.02.09	03:30:00	185.132	185.135	184.853	185.096	1875	0	22
2026.02.09	03:45:00	185.095	185.327	185.095	185.216	1363	0	22
2026.02.09	04:00:00	185.215	185.367	185.210	185.336	1438	0	22
2026.02.09	04:15:00	185.336	185.398	185.277	185.354	986	0	22
2026.02.09	04:30:00	185.354	185.537	185.337	185.381	1109	0	22
2026.02.09	04:45:00	185.379	185.422	185.305	185.364	942	0	22
2026.02.09	05:00:00	185.366	185.498	185.366	185.412	888	0	22
2026.02.09	05:15:00	185.411	185.478	185.363	185.461	792	0	22
2026.02.09	05:30:00	185.461	185.492	185.330	185.423	969	0	22
2026.02.09	05:45:00	185.423	185.458	185.366	185.397	913	0	22
2026.02.09	06:00:00	185.399	185.449	185.353	185.379	829	0	22
2026.02.09	06:15:00	185.378	185.402	185.236	185.253	960	0	22
2026.02.09	06:30:00	185.254	185.351	185.237	185.332	802	0	22
2026.02.09	06:45:00	185.332	185.368	185.270	185.319	809	0	22
2026.02.09	07:00:00	185.318	185.327	185.236	185.292	904	0	22
2026.02.09	07:15:00	185.292	185.412	185.262	185.355	816	0	22
2026.02.09	07:30:00	185.342	185.367	185.258	185.309	851	0	22
2026.02.09	07:45:00	185.310	185.343	185.227	185.316	919	0	22
2026.02.09	08:00:00	185.313	185.406	185.176	185.310	1843	0	22
2026.02.09	08:15:00	185.313	185.347	185.247	185.309	1270	0	22
2026.02.09	08:30:00	185.311	185.384	185.248	185.312	1499	0	15
2026.02.09	08:45:00	185.312	185.540	185.281	185.520	1214	0	15
2026.02.09	09:00:00	185.517	185.567	185.486	185.524	1376	0	15
2026.02.09	09:15:00	185.524	185.574	185.314	185.419	1337	0	15
2026.02.09	09:30:00	185.421	185.513	185.325	185.492	1859	0	10
2026.02.09	09:45:00	185.488	185.689	185.486	185.660	1275	0	10
2026.02.09	10:00:00	185.663	185.780	185.639	185.708	1447	0	10
2026.02.09	10:15:00	185.709	185.917	185.709	185.792	1544	0	10
2026.02.09	10:30:00	185.791	185.871	185.785	185.822	1345	0	10
2026.02.09	10:45:00	185.821	185.921	185.737	185.786	1293	0	10
2026.02.09	11:00:00	185.784	185.874	185.725	185.744	1458	0	10
2026.02.09	11:15:00	185.746	185.806	185.636	185.734	1287	0	10
2026.02.09	11:30:00	185.732	185.863	185.697	185.830	1242	0	10
2026.02.09	11:45:00	185.830	185.874	185.766	185.824	1141	0	10
2026.02.09	12:00:00	185.826	185.891	185.768	185.853	1375	0	10
2026.02.09	12:15:00	185.854	185.886	185.792	185.817	1251	0	10
2026.02.09	12:30:00	185.817	185.864	185.748	185.854	1549	0	10
2026.02.09	12:45:00	185.853	185.943	185.761	185.827	1355	0	10
2026.02.09	13:00:00	185.826	185.880	185.746	185.770	1395	0	10
2026.02.09	13:15:00	185.769	185.799	185.738	185.766	1273	0	10
2026.02.09	13:30:00	185.765	185.828	185.732	185.762	1408	0	10
2026.02.09	13:45:00	185.760	185.772	185.659	185.727	1374	0	10
2026.02.09	14:00:00	185.725	185.824	185.632	185.773	1445	0	9
2026.02.09	14:15:00	185.773	185.907	185.720	185.878	1191	0	9
2026.02.09	14:30:00	185.878	185.938	185.824	185.880	1013	0	9
2026.02.09	14:45:00	185.881	185.914	185.789	185.814	1392	0	9
2026.02.09	15:00:00	185.815	185.846	185.605	185.682	1714	0	9
2026.02.09	15:15:00	185.682	185.765	185.622	185.720	1875	0	9
2026.02.09	15:30:00	185.716	185.788	185.630	185.748	1649	0	9
2026.02.09	15:45:00	185.746	185.752	185.602	185.615	1639	0	9
2026.02.09	16:00:00	185.612	185.634	185.452	185.513	1837	0	9
2026.02.09	16:15:00	185.512	185.542	185.348	185.398	1714	0	9
2026.02.09	16:30:00	185.390	185.463	185.316	185.420	1842	0	9
2026.02.09	16:45:00	185.419	185.592	185.317	185.460	1681	0	9
2026.02.09	17:00:00	185.458	185.630	185.451	185.611	1791	0	9
2026.02.09	17:15:00	185.611	185.621	185.495	185.580	1466	0	9
2026.02.09	17:30:00	185.580	185.623	185.458	185.490	1437	0	9
2026.02.09	17:45:00	185.490	185.685	185.471	185.646	1550	0	9
2026.02.09	18:00:00	185.646	185.773	185.605	185.633	1412	0	9
2026.02.09	18:15:00	185.633	185.698	185.596	185.643	1221	0	9
2026.02.09	18:30:00	185.644	185.771	185.598	185.744	1134	0	9
2026.02.09	18:45:00	185.745	185.766	185.676	185.719	906	0	9
2026.02.09	19:00:00	185.713	185.766	185.656	185.680	1173	0	20
2026.02.09	19:15:00	185.679	185.773	185.670	185.734	1047	0	20
2026.02.09	19:30:00	185.735	185.823	185.727	185.771	947	0	20
2026.02.09	19:45:00	185.771	185.840	185.723	185.726	944	0	20
2026.02.09	20:00:00	185.726	185.780	185.720	185.768	880	0	20
2026.02.09	20:15:00	185.765	185.822	185.735	185.810	1387	0	20
2026.02.09	20:30:00	185.809	185.854	185.757	185.792	826	0	20
2026.02.09	20:45:00	185.791	185.813	185.752	185.787	782	0	20
2026.02.09	21:00:00	185.773	185.805	185.703	185.737	757	0	20
2026.02.09	21:15:00	185.739	185.762	185.715	185.747	756	0	20
2026.02.09	21:30:00	185.746	185.771	185.545	185.559	1039	0	20
2026.02.09	21:45:00	185.558	185.633	185.543	185.604	960	0	20
2026.02.09	22:00:00	185.605	185.706	185.605	185.664	673	0	20
2026.02.09	22:15:00	185.663	185.689	185.603	185.628	760	0	20
2026.02.09	22:30:00	185.615	185.714	185.612	185.706	652	0	20
2026.02.09	22:45:00	185.707	185.749	185.658	185.730	750	0	20
2026.02.09	23:00:00	185.709	185.743	185.697	185.720	580	0	60
2026.02.09	23:15:00	185.720	185.722	185.651	185.685	465	0	60
2026.02.09	23:30:00	185.685	185.729	185.674	185.721	439	0	60
2026.02.09	23:45:00	185.722	185.755	185.692	185.741	478	0	29
2026.02.10	00:00:00	185.504	185.878	185.384	185.573	312	0	155
2026.02.10	00:15:00	185.573	185.740	185.573	185.674	271	0	80
2026.02.10	00:30:00	185.676	185.718	185.579	185.658	601	0	80
2026.02.10	00:45:00	185.658	185.732	185.635	185.654	462	0	80
2026.02.10	01:00:00	185.683	185.832	185.663	185.735	519	0	22
2026.02.10	01:15:00	185.734	185.839	185.730	185.821	717	0	22
2026.02.10	01:30:00	185.822	185.867	185.791	185.816	598	0	22
2026.02.10	01:45:00	185.815	185.891	185.810	185.843	792	0	22
2026.02.10	02:00:00	185.846	185.946	185.809	185.878	944	0	22
2026.02.10	02:15:00	185.877	185.971	185.852	185.954	885	0	22
2026.02.10	02:30:00	185.951	185.997	185.885	185.885	1089	0	22
2026.02.10	02:45:00	185.883	185.962	185.637	185.658	1348	0	22
2026.02.10	03:00:00	185.659	185.695	185.479	185.506	1207	0	22
2026.02.10	03:15:00	185.507	185.666	185.475	185.608	1109	0	22
2026.02.10	03:30:00	185.607	185.664	185.517	185.553	1103	0	22
2026.02.10	03:45:00	185.552	185.570	185.390	185.404	1204	0	22
2026.02.10	04:00:00	185.406	185.520	185.402	185.447	1069	0	22
2026.02.10	04:15:00	185.454	185.561	185.437	185.488	857	0	22
2026.02.10	04:30:00	185.489	185.489	185.236	185.304	1117	0	22
2026.02.10	04:45:00	185.304	185.320	185.078	185.099	1231	0	22
2026.02.10	05:00:00	185.096	185.126	184.964	185.024	1141	0	22
2026.02.10	05:15:00	185.025	185.074	184.983	185.005	947	0	22
2026.02.10	05:30:00	185.005	185.031	184.858	184.881	1035	0	22
2026.02.10	05:45:00	184.880	185.033	184.851	185.026	850	0	22
2026.02.10	06:00:00	185.025	185.031	184.907	184.922	824	0	22
2026.02.10	06:15:00	184.923	185.007	184.851	184.895	811	0	22
2026.02.10	06:30:00	184.896	184.938	184.847	184.865	781	0	22
2026.02.10	06:45:00	184.865	184.908	184.756	184.875	895	0	22
2026.02.10	07:00:00	184.862	184.893	184.778	184.792	712	0	22
2026.02.10	07:15:00	184.794	184.808	184.669	184.711	915	0	22
2026.02.10	07:30:00	184.710	184.849	184.690	184.778	862	0	22
2026.02.10	07:45:00	184.785	184.946	184.753	184.919	953	0	22
2026.02.10	08:00:00	184.916	185.041	184.899	184.974	1145	0	22
2026.02.10	08:15:00	184.975	185.007	184.925	185.001	939	0	22
2026.02.10	08:30:00	185.006	185.059	184.934	184.964	916	0	15
2026.02.10	08:45:00	184.965	185.022	184.885	184.998	962	0	15
2026.02.10	09:00:00	184.998	185.063	184.851	185.014	1185	0	15
2026.02.10	09:15:00	185.012	185.066	184.973	185.037	943	0	15
2026.02.10	09:30:00	185.038	185.147	184.996	185.131	1023	0	10
2026.02.10	09:45:00	185.130	185.268	185.130	185.248	1244	0	10
2026.02.10	10:00:00	185.250	185.320	185.167	185.183	1349	0	10
2026.02.10	10:15:00	185.182	185.268	185.111	185.197	1172	0	10
2026.02.10	10:30:00	185.201	185.330	185.154	185.282	1124	0	10
2026.02.10	10:45:00	185.283	185.332	185.208	185.262	1137	0	10
2026.02.10	11:00:00	185.262	185.267	185.102	185.107	1162	0	10
2026.02.10	11:15:00	185.107	185.200	185.088	185.119	1241	0	10
2026.02.10	11:30:00	185.122	185.165	185.051	185.069	1116	0	10
2026.02.10	11:45:00	185.083	185.131	184.968	185.011	1251	0	10
2026.02.10	12:00:00	185.012	185.038	184.839	184.840	1044	0	10
2026.02.10	12:15:00	184.848	184.941	184.784	184.896	1126	0	10
2026.02.10	12:30:00	184.896	184.935	184.762	184.763	1062	0	10
2026.02.10	12:45:00	184.762	184.822	184.730	184.785	1011	0	10
2026.02.10	13:00:00	184.789	184.859	184.733	184.833	943	0	10
2026.02.10	13:15:00	184.833	184.845	184.756	184.796	888	0	10
2026.02.10	13:30:00	184.797	184.848	184.780	184.834	851	0	10
2026.02.10	13:45:00	184.833	184.861	184.786	184.847	876	0	10
2026.02.10	14:00:00	184.844	184.868	184.750	184.852	1037	0	9
2026.02.10	14:15:00	184.855	184.861	184.730	184.737	1159	0	9
2026.02.10	14:30:00	184.736	184.739	184.542	184.628	1186	0	9
2026.02.10	14:45:00	184.629	184.707	184.549	184.549	1738	0	9
2026.02.10	15:00:00	184.551	184.595	184.444	184.459	1435	0	9
2026.02.10	15:15:00	184.457	184.523	184.410	184.476	1274	0	9
2026.02.10	15:30:00	184.487	184.510	184.300	184.338	2002	0	9
2026.02.10	15:45:00	184.354	184.442	184.194	184.260	1494	0	9
2026.02.10	16:00:00	184.264	184.302	184.160	184.288	1755	0	9
2026.02.10	16:15:00	184.275	184.312	184.029	184.086	1661	0	9
2026.02.10	16:30:00	184.087	184.149	183.869	183.884	2041	0	9
2026.02.10	16:45:00	183.884	184.001	183.771	183.961	1832	0	9
2026.02.10	17:00:00	183.965	183.970	183.730	183.824	1662	0	9
2026.02.10	17:15:00	183.811	183.823	183.664	183.685	1516	0	9
2026.02.10	17:30:00	183.681	183.795	183.485	183.532	1721	0	9
2026.02.10	17:45:00	183.532	183.797	183.522	183.736	2051	0	9
2026.02.10	18:00:00	183.737	183.779	183.552	183.578	1833	0	9
2026.02.10	18:15:00	183.582	183.596	183.441	183.555	1469	0	9
2026.02.10	18:30:00	183.553	183.605	183.453	183.544	1438	0	9
2026.02.10	18:45:00	183.544	183.632	183.541	183.580	1285	0	9
2026.02.10	19:00:00	183.574	183.606	183.486	183.498	1153	0	20
2026.02.10	19:15:00	183.497	183.554	183.476	183.540	1075	0	20
2026.02.10	19:30:00	183.540	183.680	183.540	183.635	1161	0	20
2026.02.10	19:45:00	183.634	183.694	183.599	183.640	1098	0	20
2026.02.10	20:00:00	183.643	183.740	183.632	183.723	909	0	20
2026.02.10	20:15:00	183.721	183.760	183.664	183.716	1007	0	20
2026.02.10	20:30:00	183.715	183.796	183.702	183.735	1030	0	20
2026.02.10	20:45:00	183.738	183.778	183.706	183.743	1099	0	20
2026.02.10	21:00:00	183.743	183.782	183.721	183.739	1247	0	20
2026.02.10	21:15:00	183.740	183.778	183.683	183.704	934	0	20
2026.02.10	21:30:00	183.704	183.736	183.676	183.706	685	0	20
2026.02.10	21:45:00	183.707	183.712	183.630	183.666	858	0	20
2026.02.10	22:00:00	183.662	183.686	183.627	183.632	801	0	20
2026.02.10	22:15:00	183.630	183.676	183.626	183.661	656	0	20
2026.02.10	22:30:00	183.646	183.681	183.580	183.589	650	0	20
2026.02.10	22:45:00	183.590	183.639	183.525	183.600	937	0	20
2026.02.10	23:00:00	183.581	183.597	183.514	183.582	551	0	60
2026.02.10	23:15:00	183.583	183.628	183.567	183.586	306	0	60
2026.02.10	23:30:00	183.587	183.633	183.587	183.628	490	0	60
2026.02.10	23:45:00	183.636	183.688	183.531	183.531	524	0	27
2026.02.11	00:00:00	183.444	183.582	183.444	183.517	98	0	143
2026.02.11	00:15:00	183.517	183.612	183.512	183.560	235	0	80
2026.02.11	00:30:00	183.561	183.616	183.550	183.591	418	0	80
2026.02.11	00:45:00	183.591	183.630	183.560	183.578	342	0	80
2026.02.11	01:00:00	183.606	183.681	183.579	183.657	485	0	22
2026.02.11	01:15:00	183.656	183.692	183.643	183.674	473	0	22
2026.02.11	01:30:00	183.674	183.693	183.629	183.661	458	0	22
2026.02.11	01:45:00	183.661	183.668	183.625	183.663	648	0	22
2026.02.11	02:00:00	183.664	183.679	183.565	183.598	719	0	22
2026.02.11	02:15:00	183.602	183.621	183.460	183.481	795	0	22
2026.02.11	02:30:00	183.479	183.486	183.291	183.303	1080	0	22
2026.02.11	02:45:00	183.301	183.349	183.240	183.274	1535	0	22
2026.02.11	03:00:00	183.255	183.286	183.114	183.167	1291	0	22
2026.02.11	03:15:00	183.167	183.190	183.064	183.173	967	0	22
2026.02.11	03:30:00	183.174	183.249	183.117	183.183	1041	0	22
2026.02.11	03:45:00	183.183	183.256	183.171	183.199	803	0	22
2026.02.11	04:00:00	183.198	183.221	183.151	183.183	941	0	22
2026.02.11	04:15:00	183.182	183.216	183.086	183.173	1034	0	22
2026.02.11	04:30:00	183.173	183.185	182.987	183.123	1247	0	22
2026.02.11	04:45:00	183.123	183.129	182.912	182.929	903	0	22
2026.02.11	05:00:00	182.928	182.980	182.869	182.937	874	0	22
2026.02.11	05:15:00	182.937	183.029	182.921	183.008	832	0	22
2026.02.11	05:30:00	183.005	183.035	182.899	182.942	761	0	22
2026.02.11	05:45:00	182.941	182.959	182.876	182.913	822	0	22
2026.02.11	06:00:00	182.899	182.927	182.828	182.831	770	0	22
2026.02.11	06:15:00	182.831	182.854	182.673	182.678	872	0	22
2026.02.11	06:30:00	182.677	182.728	182.626	182.640	792	0	22
2026.02.11	06:45:00	182.642	182.699	182.520	182.565	716	0	22
2026.02.11	07:00:00	182.564	182.638	182.472	182.535	920	0	22
2026.02.11	07:15:00	182.536	182.575	182.434	182.449	833	0	22
2026.02.11	07:30:00	182.450	182.500	182.318	182.485	1128	0	22
2026.02.11	07:45:00	182.484	182.498	182.366	182.384	966	0	22
2026.02.11	08:00:00	182.393	182.407	182.201	182.309	1399	0	22
2026.02.11	08:15:00	182.309	182.415	182.201	182.383	1143	0	22
2026.02.11	08:30:00	182.388	182.452	182.302	182.425	1175	0	15
2026.02.11	08:45:00	182.427	182.486	182.337	182.462	1155	0	15
2026.02.11	09:00:00	182.463	182.573	182.412	182.491	1347	0	15
2026.02.11	09:15:00	182.489	182.564	182.385	182.508	1128	0	15
2026.02.11	09:30:00	182.510	182.658	182.478	182.591	992	0	10
2026.02.11	09:45:00	182.591	182.668	182.452	182.461	1116	0	10
2026.02.11	10:00:00	182.461	182.591	182.383	182.550	1517	0	10
2026.02.11	10:15:00	182.550	182.640	182.519	182.623	1421	0	10
2026.02.11	10:30:00	182.625	182.674	182.486	182.486	1145	0	10
2026.02.11	10:45:00	182.489	182.568	182.462	182.520	1043	0	10
2026.02.11	11:00:00	182.522	182.690	182.497	182.677	1262	0	10
2026.02.11	11:15:00	182.678	182.743	182.630	182.652	1196	0	10
2026.02.11	11:30:00	182.638	182.680	182.516	182.517	1154	0	10
2026.02.11	11:45:00	182.514	182.601	182.458	182.597	1157	0	10
2026.02.11	12:00:00	182.596	182.670	182.545	182.619	1038	0	10
2026.02.11	12:15:00	182.619	182.667	182.557	182.600	873	0	10
2026.02.11	12:30:00	182.603	182.747	182.589	182.730	1165	0	10
2026.02.11	12:45:00	182.730	182.812	182.684	182.763	1211	0	10
2026.02.11	13:00:00	182.763	182.795	182.687	182.689	1053	0	10
2026.02.11	13:15:00	182.704	182.814	182.678	182.760	948	0	10
2026.02.11	13:30:00	182.760	182.814	182.704	182.782	1182	0	10
2026.02.11	13:45:00	182.781	182.863	182.735	182.788	1133	0	10
2026.02.11	14:00:00	182.786	182.864	182.745	182.835	1166	0	9
2026.02.11	14:15:00	182.823	182.884	182.756	182.756	1258	0	9
2026.02.11	14:30:00	182.757	182.864	182.748	182.816	1253	0	9
2026.02.11	14:45:00	182.815	182.831	182.723	182.792	1275	0	9
2026.02.11	15:00:00	182.794	182.857	182.767	182.795	1253	0	9
2026.02.11	15:15:00	182.795	182.847	182.658	182.709	1297	0	9
2026.02.11	15:30:00	182.721	183.012	181.506	182.078	3557	0	9
2026.02.11	15:45:00	182.088	182.600	182.088	182.482	2613	0	9
2026.02.11	16:00:00	182.480	182.638	182.298	182.435	2250	0	9
2026.02.11	16:15:00	182.435	182.609	182.390	182.558	1922	0	9
2026.02.11	16:30:00	182.561	182.561	182.261	182.313	2094	0	9
2026.02.11	16:45:00	182.314	182.323	181.880	181.997	2037	0	9
2026.02.11	17:00:00	182.006	182.043	181.799	181.933	1969	0	9
2026.02.11	17:15:00	181.931	181.989	181.848	181.852	1818	0	9
2026.02.11	17:30:00	181.852	182.071	181.821	182.064	1799	0	9
2026.02.11	17:45:00	182.066	182.220	182.044	182.186	1756	0	9
2026.02.11	18:00:00	182.185	182.227	181.860	181.985	1656	0	9
2026.02.11	18:15:00	181.986	182.066	181.956	181.967	1378	0	9
2026.02.11	18:30:00	181.971	182.027	181.895	181.963	1507	0	9
2026.02.11	18:45:00	181.977	182.006	181.723	181.727	1408	0	9
2026.02.11	19:00:00	181.722	181.818	181.647	181.694	1544	0	20
2026.02.11	19:15:00	181.698	181.773	181.585	181.588	1492	0	20
2026.02.11	19:30:00	181.595	181.634	181.420	181.578	1454	0	20
2026.02.11	19:45:00	181.565	181.680	181.535	181.632	1283	0	20
2026.02.11	20:00:00	181.633	181.735	181.604	181.677	1465	0	20
2026.02.11	20:15:00	181.676	181.708	181.595	181.610	1263	0	20
2026.02.11	20:30:00	181.609	181.626	181.431	181.437	1090	0	20
2026.02.11	20:45:00	181.437	181.450	181.329	181.442	1178	0	20
2026.02.11	21:00:00	181.437	181.619	181.437	181.571	1189	0	20
2026.02.11	21:15:00	181.572	181.612	181.508	181.593	956	0	20
2026.02.11	21:30:00	181.594	181.648	181.493	181.588	1057	0	20
2026.02.11	21:45:00	181.588	181.693	181.572	181.692	1064	0	20
2026.02.11	22:00:00	181.690	181.779	181.663	181.706	1025	0	20
2026.02.11	22:15:00	181.705	181.809	181.704	181.744	781	0	20
2026.02.11	22:30:00	181.740	181.815	181.737	181.803	909	0	20
2026.02.11	22:45:00	181.805	181.933	181.805	181.875	1165	0	20
2026.02.11	23:00:00	181.857	181.960	181.844	181.911	740	0	60
2026.02.11	23:15:00	181.913	181.938	181.837	181.874	541	0	60
2026.02.11	23:30:00	181.875	181.919	181.859	181.879	431	0	60
2026.02.11	23:45:00	181.882	181.970	181.866	181.926	591	0	20
2026.02.12	00:00:00	181.814	181.854	181.567	181.831	106	0	136
2026.02.12	00:15:00	181.831	181.884	181.780	181.806	299	0	80
2026.02.12	00:30:00	181.803	181.840	181.792	181.824	543	0	80
2026.02.12	00:45:00	181.823	181.828	181.749	181.815	658	0	80
2026.02.12	01:00:00	181.841	181.917	181.802	181.882	587	0	22
2026.02.12	01:15:00	181.880	181.900	181.817	181.839	500	0	22
2026.02.12	01:30:00	181.840	181.874	181.785	181.840	555	0	22
2026.02.12	01:45:00	181.839	182.028	181.835	181.987	772	0	22
2026.02.12	02:00:00	181.987	182.097	181.874	182.046	1167	0	22
2026.02.12	02:15:00	182.046	182.052	181.813	181.903	1055	0	22
2026.02.12	02:30:00	181.897	182.131	181.897	182.051	925	0	22
2026.02.12	02:45:00	182.051	182.095	181.820	181.831	1387	0	22
2026.02.12	03:00:00	181.825	181.829	181.603	181.641	1414	0	22
2026.02.12	03:15:00	181.642	181.829	181.613	181.805	1194	0	22
2026.02.12	03:30:00	181.805	181.875	181.604	181.702	1236	0	22
2026.02.12	03:45:00	181.701	181.760	181.515	181.586	1230	0	22
2026.02.12	04:00:00	181.592	181.649	181.366	181.396	1330	0	22
2026.02.12	04:15:00	181.397	181.447	181.347	181.361	1158	0	22
2026.02.12	04:30:00	181.362	181.386	181.252	181.339	1025	0	22
2026.02.12	04:45:00	181.340	181.374	181.161	181.188	1027	0	22
2026.02.12	05:00:00	181.187	181.187	180.996	181.006	1307	0	22
2026.02.12	05:15:00	181.006	181.041	180.934	180.997	1116	0	22
2026.02.12	05:30:00	180.999	181.018	180.835	180.975	1166	0	22
2026.02.12	05:45:00	180.975	181.123	180.938	181.081	1043	0	22
2026.02.12	06:00:00	181.082	181.082	180.929	180.993	1001	0	22
2026.02.12	06:15:00	180.993	181.156	180.944	181.108	940	0	22
2026.02.12	06:30:00	181.102	181.195	181.024	181.173	953	0	22
2026.02.12	06:45:00	181.174	181.316	181.115	181.315	1128	0	22
2026.02.12	07:00:00	181.301	181.443	181.275	181.400	950	0	22
2026.02.12	07:15:00	181.401	181.538	181.366	181.535	902	0	22
2026.02.12	07:30:00	181.535	181.679	181.499	181.652	1125	0	22
2026.02.12	07:45:00	181.666	181.676	181.565	181.648	1016	0	22
2026.02.12	08:00:00	181.636	181.690	181.486	181.625	1140	0	22
2026.02.12	08:15:00	181.627	181.967	181.599	181.878	1576	0	15
2026.02.12	08:30:00	181.891	182.015	181.515	181.800	1739	0	15
2026.02.12	08:45:00	181.798	182.011	181.771	181.831	1207	0	15
2026.02.12	09:00:00	181.839	181.893	181.615	181.664	1429	0	15
2026.02.12	09:15:00	181.668	181.745	181.593	181.651	1250	0	10
2026.02.12	09:30:00	181.653	181.714	181.481	181.684	1154	0	10
2026.02.12	09:45:00	181.685	181.807	181.624	181.687	1156	0	10
2026.02.12	10:00:00	181.688	181.725	181.506	181.576	1481	0	10
2026.02.12	10:15:00	181.576	181.694	181.525	181.686	1189	0	10
2026.02.12	10:30:00	181.688	181.769	181.635	181.665	1235	0	10
2026.02.12	10:45:00	181.666	181.710	181.525	181.655	1315	0	10
2026.02.12	11:00:00	181.660	181.753	181.606	181.700	1365	0	10
2026.02.12	11:15:00	181.704	181.801	181.675	181.742	1201	0	10
2026.02.12	11:30:00	181.740	181.832	181.677	181.712	1187	0	10
2026.02.12	11:45:00	181.711	181.784	181.670	181.756	1022	0	10
2026.02.12	12:00:00	181.760	181.799	181.677	181.793	1128	0	10
2026.02.12	12:15:00	181.791	181.859	181.666	181.751	1114	0	10
2026.02.12	12:30:00	181.749	181.847	181.675	181.724	982	0	10
2026.02.12	12:45:00	181.722	181.863	181.681	181.863	1035	0	10
2026.02.12	13:00:00	181.850	181.976	181.807	181.954	982	0	10
2026.02.12	13:15:00	181.953	182.014	181.863	181.933	1012	0	10
2026.02.12	13:30:00	181.932	182.013	181.914	182.004	874	0	10
2026.02.12	13:45:00	182.003	182.225	181.989	182.192	1015	0	9
2026.02.12	14:00:00	182.196	182.330	182.149	182.313	1161	0	9
2026.02.12	14:15:00	182.300	182.366	182.253	182.295	1098	0	9
2026.02.12	14:30:00	182.294	182.389	182.205	182.338	1273	0	9
2026.02.12	14:45:00	182.339	182.521	182.313	182.450	1537	0	9
2026.02.12	15:00:00	182.468	182.531	182.424	182.447	1513	0	9
2026.02.12	15:15:00	182.446	182.457	182.249	182.348	1410	0	9
2026.02.12	15:30:00	182.346	182.346	182.121	182.126	1455	0	9
2026.02.12	15:45:00	182.127	182.199	182.086	182.159	1269	0	9
2026.02.12	16:00:00	182.160	182.224	181.876	181.963	1534	0	9
2026.02.12	16:15:00	181.966	182.001	181.845	181.899	1446	0	9
2026.02.12	16:30:00	181.885	181.947	181.788	181.934	1650	0	9
2026.02.12	16:45:00	181.931	181.963	181.815	181.850	1640	0	9
2026.02.12	17:00:00	181.850	181.850	181.683	181.705	1694	0	9
2026.02.12	17:15:00	181.703	181.811	181.648	181.770	1422	0	9
2026.02.12	17:30:00	181.770	181.824	181.498	181.568	1750	0	9
2026.02.12	17:45:00	181.564	181.616	181.395	181.439	1744	0	9
2026.02.12	18:00:00	181.440	181.494	181.125	181.292	2010	0	9
2026.02.12	18:15:00	181.291	181.300	180.797	180.866	2363	0	9
2026.02.12	18:30:00	180.867	181.463	180.859	181.391	2378	0	9
2026.02.12	18:45:00	181.377	181.420	181.144	181.205	2033	0	9
2026.02.12	19:00:00	181.200	181.281	181.079	181.244	1824	0	20
2026.02.12	19:15:00	181.241	181.276	181.125	181.212	1771	0	20
2026.02.12	19:30:00	181.212	181.348	181.175	181.316	1515	0	20
2026.02.12	19:45:00	181.321	181.394	181.309	181.349	1393	0	20
2026.02.12	20:00:00	181.348	181.380	181.229	181.252	1543	0	20
2026.02.12	20:15:00	181.251	181.370	181.197	181.297	1430	0	20
2026.02.12	20:30:00	181.298	181.339	181.224	181.302	1285	0	20
2026.02.12	20:45:00	181.298	181.468	181.282	181.428	1260	0	20
2026.02.12	21:00:00	181.430	181.468	181.355	181.403	1131	0	20
2026.02.12	21:15:00	181.413	181.484	181.403	181.457	1091	0	20
2026.02.12	21:30:00	181.455	181.513	181.428	181.491	1052	0	20
2026.02.12	21:45:00	181.491	181.527	181.460	181.479	1034	0	20
2026.02.12	22:00:00	181.493	181.503	181.441	181.472	1006	0	20
2026.02.12	22:15:00	181.474	181.476	181.415	181.427	852	0	20
2026.02.12	22:30:00	181.426	181.448	181.370	181.388	927	0	20
2026.02.12	22:45:00	181.387	181.391	181.200	181.200	1065	0	20
2026.02.12	23:00:00	181.202	181.303	181.202	181.293	760	0	60
2026.02.12	23:15:00	181.291	181.335	181.276	181.288	419	0	60
2026.02.12	23:30:00	181.304	181.319	181.253	181.296	407	0	60
2026.02.12	23:45:00	181.304	181.343	181.291	181.291	472	0	20
2026.02.13	00:00:00	181.124	181.269	181.096	181.171	220	0	98
2026.02.13	00:15:00	181.254	181.363	181.233	181.335	209	0	80
2026.02.13	00:30:00	181.336	181.352	181.257	181.311	431	0	80
2026.02.13	00:45:00	181.311	181.330	181.160	181.321	417	0	22
2026.02.13	01:00:00	181.330	181.399	181.250	181.383	466	0	22
2026.02.13	01:15:00	181.384	181.413	181.349	181.405	524	0	22
2026.02.13	01:30:00	181.404	181.404	181.252	181.261	746	0	22
2026.02.13	01:45:00	181.275	181.424	181.211	181.330	857	0	22
2026.02.13	02:00:00	181.330	181.524	181.298	181.463	1245	0	22
2026.02.13	02:15:00	181.464	181.535	181.423	181.501	1018	0	22
2026.02.13	02:30:00	181.500	181.511	181.334	181.382	1100	0	22
2026.02.13	02:45:00	181.381	181.461	181.283	181.353	1514	0	22
2026.02.13	03:00:00	181.362	181.844	181.354	181.788	1563	0	22
2026.02.13	03:15:00	181.788	181.934	181.677	181.915	1313	0	22
2026.02.13	03:30:00	181.913	181.926	181.791	181.887	931	0	22
2026.02.13	03:45:00	181.887	181.937	181.814	181.863	973	0	22
2026.02.13	04:00:00	181.880	181.916	181.790	181.819	878	0	22
2026.02.13	04:15:00	181.833	181.856	181.679	181.679	978	0	22
2026.02.13	04:30:00	181.678	181.736	181.653	181.667	773	0	22
2026.02.13	04:45:00	181.668	181.798	181.653	181.787	706	0	22
2026.02.13	05:00:00	181.788	181.788	181.680	181.698	560	0	22
2026.02.13	05:15:00	181.685	181.698	181.522	181.584	800	0	22
2026.02.13	05:30:00	181.570	181.578	181.410	181.498	1043	0	22
2026.02.13	05:45:00	181.499	181.533	181.421	181.506	706	0	22
2026.02.13	06:00:00	181.504	181.504	181.369	181.431	693	0	22
2026.02.13	06:15:00	181.432	181.514	181.411	181.489	766	0	22
2026.02.13	06:30:00	181.488	181.682	181.475	181.651	929	0	22
2026.02.13	06:45:00	181.650	181.792	181.649	181.787	846	0	22
2026.02.13	07:00:00	181.787	181.819	181.668	181.685	894	0	22
2026.02.13	07:15:00	181.684	181.700	181.575	181.575	951	0	22
2026.02.13	07:30:00	181.575	181.775	181.570	181.755	923	0	22
2026.02.13	07:45:00	181.756	181.925	181.753	181.810	1148	0	22
2026.02.13	08:00:00	181.811	181.909	181.662	181.662	1138	0	22
2026.02.13	08:15:00	181.662	181.743	181.591	181.680	1192	0	15
2026.02.13	08:30:00	181.681	181.762	181.648	181.747	1174	0	15
2026.02.13	08:45:00	181.740	181.871	181.706	181.864	1062	0	15
2026.02.13	09:00:00	181.864	182.009	181.817	181.908	1316	0	15
2026.02.13	09:15:00	181.909	181.933	181.783	181.832	1104	0	12
2026.02.13	09:30:00	181.831	181.959	181.786	181.917	1182	0	10
2026.02.13	09:45:00	181.917	181.982	181.827	181.904	1059	0	10
2026.02.13	10:00:00	181.899	182.136	181.872	181.910	1477	0	10
2026.02.13	10:15:00	181.909	182.078	181.873	182.035	1213	0	10
2026.02.13	10:30:00	182.034	182.139	181.988	182.126	1101	0	10
2026.02.13	10:45:00	182.134	182.223	182.133	182.184	1143	0	10
2026.02.13	11:00:00	182.185	182.254	182.135	182.135	1176	0	10
2026.02.13	11:15:00	182.137	182.281	182.101	182.229	1215	0	10
2026.02.13	11:30:00	182.228	182.255	182.078	182.086	1046	0	10
2026.02.13	11:45:00	182.087	182.156	182.057	182.074	988	0	10
2026.02.13	12:00:00	182.073	182.151	182.029	182.086	1019	0	10
2026.02.13	12:15:00	182.076	182.098	181.970	181.983	879	0	10
2026.02.13	12:30:00	181.981	182.059	181.940	182.005	943	0	10
2026.02.13	12:45:00	182.007	182.041	181.925	181.943	1045	0	10
2026.02.13	13:00:00	181.938	181.938	181.839	181.888	1134	0	10
2026.02.13	13:15:00	181.889	181.967	181.870	181.931	1066	0	10
2026.02.13	13:30:00	181.932	181.943	181.688	181.695	1107	0	10
2026.02.13	13:45:00	181.696	181.875	181.687	181.849	1197	0	9
2026.02.13	14:00:00	181.849	181.899	181.766	181.817	1243	0	9
2026.02.13	14:15:00	181.818	181.896	181.814	181.840	1054	0	9
2026.02.13	14:30:00	181.854	181.876	181.792	181.820	971	0	9
2026.02.13	14:45:00	181.834	181.861	181.760	181.782	1220	0	9
2026.02.13	15:00:00	181.781	181.877	181.764	181.806	1230	0	9
2026.02.13	15:15:00	181.805	181.861	181.737	181.777	1405	0	9
2026.02.13	15:30:00	181.775	181.861	181.643	181.810	2385	0	9
2026.02.13	15:45:00	181.815	181.822	181.676	181.740	1846	0	9
2026.02.13	16:00:00	181.739	181.784	181.581	181.640	1612	0	9
2026.02.13	16:15:00	181.638	181.690	181.409	181.463	1606	0	9
2026.02.13	16:30:00	181.460	181.566	181.223	181.524	2127	0	9
2026.02.13	16:45:00	181.525	181.658	181.431	181.497	2085	0	9
2026.02.13	17:00:00	181.497	181.771	181.382	181.664	2030	0	9
2026.02.13	17:15:00	181.663	181.666	181.504	181.587	1764	0	9
2026.02.13	17:30:00	181.585	181.666	181.407	181.420	1530	0	9
2026.02.13	17:45:00	181.419	181.604	181.321	181.439	1936	0	9
2026.02.13	18:00:00	181.442	181.575	181.433	181.499	1579	0	9
2026.02.13	18:15:00	181.500	181.595	181.376	181.426	1461	0	9
2026.02.13	18:30:00	181.427	181.514	181.353	181.400	1343	0	9
2026.02.13	18:45:00	181.401	181.463	181.305	181.317	1201	0	9
2026.02.13	19:00:00	181.317	181.422	181.309	181.393	1169	0	20
2026.02.13	19:15:00	181.389	181.423	181.289	181.365	1200	0	20
2026.02.13	19:30:00	181.365	181.519	181.351	181.483	1097	0	20
2026.02.13	19:45:00	181.473	181.520	181.406	181.442	1161	0	20
2026.02.13	20:00:00	181.444	181.486	181.405	181.448	1076	0	20
2026.02.13	20:15:00	181.446	181.525	181.445	181.489	857	0	20
2026.02.13	20:30:00	181.486	181.544	181.480	181.527	752	0	20
2026.02.13	20:45:00	181.526	181.573	181.434	181.468	875	0	20
2026.02.13	21:00:00	181.469	181.480	181.385	181.404	969	0	20
2026.02.13	21:15:00	181.405	181.417	181.351	181.365	823	0	20
2026.02.13	21:30:00	181.363	181.385	181.262	181.285	867	0	20
2026.02.13	21:45:00	181.284	181.347	181.264	181.296	936	0	20
2026.02.13	22:00:00	181.298	181.353	181.276	181.289	780	0	20
2026.02.13	22:15:00	181.289	181.329	181.217	181.217	826	0	20
2026.02.13	22:30:00	181.218	181.294	181.207	181.287	909	0	20
2026.02.13	22:45:00	181.286	181.406	181.245	181.392	1105	0	20
2026.02.13	23:00:00	181.368	181.373	181.223	181.251	586	0	60
2026.02.13	23:15:00	181.251	181.265	181.189	181.220	402	0	60
2026.02.13	23:30:00	181.229	181.262	181.180	181.188	448	0	60
2026.02.13	23:45:00	181.186	181.254	181.104	181.104	491	0	60
2026.02.16	00:00:00	181.186	181.224	181.038	181.096	149	0	231
2026.02.16	00:15:00	181.203	181.266	181.169	181.222	229	0	80
2026.02.16	00:30:00	181.221	181.239	181.180	181.194	459	0	80
2026.02.16	00:45:00	181.194	181.230	181.178	181.222	227	0	80
2026.02.16	01:00:00	181.247	181.307	181.162	181.266	663	0	22
2026.02.16	01:15:00	181.266	181.324	181.249	181.293	579	0	22
2026.02.16	01:30:00	181.293	181.362	181.260	181.361	566	0	22
2026.02.16	01:45:00	181.361	181.361	181.236	181.324	744	0	22
2026.02.16	02:00:00	181.321	181.571	181.280	181.570	977	0	22
2026.02.16	02:15:00	181.571	181.581	181.455	181.567	937	0	22
2026.02.16	02:30:00	181.568	181.578	181.494	181.521	787	0	22
2026.02.16	02:45:00	181.521	181.608	181.507	181.583	1071	0	22
2026.02.16	03:00:00	181.582	181.649	181.536	181.548	1076	0	22
2026.02.16	03:15:00	181.545	181.587	181.503	181.532	797	0	22
2026.02.16	03:30:00	181.531	181.554	181.469	181.514	754	0	22
2026.02.16	03:45:00	181.514	181.579	181.491	181.548	785	0	22
2026.02.16	04:00:00	181.546	181.605	181.529	181.601	793	0	22
2026.02.16	04:15:00	181.603	181.617	181.548	181.596	726	0	22
2026.02.16	04:30:00	181.595	181.643	181.578	181.598	675	0	22
2026.02.16	04:45:00	181.603	181.604	181.516	181.550	761	0	22
2026.02.16	05:00:00	181.550	181.645	181.530	181.626	563	0	22
2026.02.16	05:15:00	181.629	181.647	181.580	181.600	549	0	22
2026.02.16	05:30:00	181.599	181.638	181.575	181.630	568	0	22
2026.02.16	05:45:00	181.631	181.669	181.603	181.648	673	0	22
2026.02.16	06:00:00	181.648	181.665	181.550	181.612	586	0	22
2026.02.16	06:15:00	181.612	181.667	181.598	181.642	514	0	22
2026.02.16	06:30:00	181.641	181.718	181.624	181.711	625	0	22
2026.02.16	06:45:00	181.711	181.778	181.707	181.757	686	0	22
2026.02.16	07:00:00	181.758	181.783	181.686	181.732	534	0	22
2026.02.16	07:15:00	181.732	181.759	181.692	181.737	513	0	22
2026.02.16	07:30:00	181.734	181.781	181.715	181.735	534	0	22
2026.02.16	07:45:00	181.736	181.756	181.710	181.750	552	0	22
2026.02.16	08:00:00	181.755	181.787	181.745	181.774	522	0	22
2026.02.16	08:15:00	181.774	181.783	181.692	181.730	617	0	22
2026.02.16	08:30:00	181.733	181.767	181.686	181.696	694	0	15
2026.02.16	08:45:00	181.697	181.769	181.695	181.702	662	0	15
2026.02.16	09:00:00	181.699	181.857	181.690	181.839	813	0	15
2026.02.16	09:15:00	181.840	181.920	181.839	181.877	785	0	15
2026.02.16	09:30:00	181.880	181.934	181.871	181.892	832	0	10
2026.02.16	09:45:00	181.891	181.940	181.859	181.898	893	0	10
2026.02.16	10:00:00	181.899	181.965	181.850	181.870	1367	0	10
2026.02.16	10:15:00	181.865	182.077	181.863	181.934	1293	0	10
2026.02.16	10:30:00	181.940	181.968	181.856	181.885	1004	0	10
2026.02.16	10:45:00	181.884	181.956	181.872	181.947	949	0	10
2026.02.16	11:00:00	181.947	181.993	181.901	181.978	890	0	10
2026.02.16	11:15:00	181.977	182.034	181.954	182.007	650	0	10
2026.02.16	11:30:00	182.005	182.158	181.995	182.135	908	0	10
2026.02.16	11:45:00	182.134	182.253	182.108	182.207	1053	0	10
2026.02.16	12:00:00	182.206	182.242	182.149	182.209	1015	0	10
2026.02.16	12:15:00	182.210	182.260	182.189	182.214	738	0	10
2026.02.16	12:30:00	182.214	182.299	182.181	182.282	783	0	10
2026.02.16	12:45:00	182.296	182.299	182.183	182.196	740	0	10
2026.02.16	13:00:00	182.194	182.221	182.094	182.144	732	0	10
2026.02.16	13:15:00	182.144	182.182	182.057	182.074	609	0	10
2026.02.16	13:30:00	182.076	182.094	181.986	181.994	640	0	10
2026.02.16	13:45:00	181.994	182.005	181.907	181.907	682	0	10
2026.02.16	14:00:00	181.908	181.939	181.846	181.860	680	0	9
2026.02.16	14:15:00	181.848	181.869	181.794	181.820	614	0	9
2026.02.16	14:30:00	181.819	181.881	181.781	181.818	672	0	9
2026.02.16	14:45:00	181.818	181.841	181.736	181.800	704	0	9
2026.02.16	15:00:00	181.798	181.833	181.758	181.814	840	0	9
2026.02.16	15:15:00	181.814	181.859	181.788	181.795	694	0	9
2026.02.16	15:30:00	181.795	181.795	181.689	181.766	807	0	9
2026.02.16	15:45:00	181.768	181.807	181.736	181.777	917	0	9
2026.02.16	16:00:00	181.776	181.796	181.725	181.750	825	0	9
2026.02.16	16:15:00	181.752	181.829	181.740	181.795	721	0	9
2026.02.16	16:30:00	181.794	181.829	181.748	181.754	931	0	9
2026.02.16	16:45:00	181.754	181.839	181.731	181.815	872	0	9
2026.02.16	17:00:00	181.815	181.884	181.803	181.814	808	0	9
2026.02.16	17:15:00	181.814	181.822	181.722	181.729	625	0	9
2026.02.16	17:30:00	181.728	181.871	181.725	181.861	758	0	9
2026.02.16	17:45:00	181.862	181.929	181.838	181.920	944	0	9
2026.02.16	18:00:00	181.919	181.987	181.868	181.889	985	0	9
2026.02.16	18:15:00	181.889	181.937	181.871	181.928	529	0	9
2026.02.16	18:30:00	181.928	181.966	181.889	181.941	451	0	9
2026.02.16	18:45:00	181.940	181.976	181.879	181.919	727	0	9
2026.02.16	19:00:00	181.915	182.007	181.883	181.956	550	0	20
2026.02.16	19:15:00	181.956	181.959	181.880	181.898	523	0	20
2026.02.16	19:30:00	181.898	181.926	181.859	181.886	450	0	18
2026.02.16	19:45:00	181.872	181.883	181.808	181.834	460	0	20
2026.02.16	20:00:00	181.832	181.864	181.826	181.843	334	0	18
2026.02.16	20:15:00	181.829	181.896	181.826	181.872	298	0	18
2026.02.16	20:30:00	181.873	181.907	181.867	181.894	282	0	20
2026.02.16	20:45:00	181.892	181.920	181.866	181.884	315	0	20
2026.02.16	21:00:00	181.899	181.943	181.869	181.927	387	0	20
2026.02.16	21:15:00	181.926	181.948	181.903	181.932	259	0	20
2026.02.16	21:30:00	181.925	181.942	181.905	181.919	189	0	18
2026.02.16	21:45:00	181.919	181.937	181.904	181.925	249	0	1
2026.02.16	22:00:00	181.923	181.941	181.898	181.907	241	0	19
2026.02.16	22:15:00	181.906	181.942	181.902	181.942	231	0	18
2026.02.16	22:30:00	181.927	181.939	181.902	181.915	238	0	20
2026.02.16	22:45:00	181.915	181.957	181.912	181.937	232	0	20
2026.02.16	23:00:00	181.932	181.961	181.920	181.948	199	0	31
2026.02.16	23:15:00	181.940	181.955	181.922	181.926	200	0	18
2026.02.16	23:30:00	181.925	181.942	181.887	181.894	205	0	1
2026.02.16	23:45:00	181.901	181.938	181.897	181.936	299	0	24
2026.02.17	00:00:00	181.682	181.838	181.682	181.838	47	0	133
2026.02.17	00:15:00	181.838	181.892	181.838	181.867	110	0	57
2026.02.17	00:30:00	181.865	181.914	181.857	181.903	202	0	80
2026.02.17	00:45:00	181.903	181.929	181.886	181.929	216	0	22
2026.02.17	01:00:00	181.953	182.072	181.914	182.072	533	0	22
2026.02.17	01:15:00	182.072	182.072	182.010	182.036	383	0	22
2026.02.17	01:30:00	182.039	182.066	181.993	182.027	532	0	22
2026.02.17	01:45:00	182.028	182.163	181.934	181.954	684	0	22
2026.02.17	02:00:00	181.952	181.985	181.688	181.790	1217	0	22
2026.02.17	02:15:00	181.800	181.828	181.565	181.623	1161	0	22
2026.02.17	02:30:00	181.623	181.654	181.472	181.528	1071	0	22
2026.02.17	02:45:00	181.528	181.582	181.402	181.423	1373	0	22
2026.02.17	03:00:00	181.427	181.618	181.414	181.606	1260	0	22
2026.02.17	03:15:00	181.593	181.655	181.521	181.542	1031	0	22
2026.02.17	03:30:00	181.541	181.655	181.515	181.607	978	0	22
2026.02.17	03:45:00	181.608	181.646	181.339	181.373	1218	0	22
2026.02.17	04:00:00	181.382	181.443	181.279	181.412	1283	0	22
2026.02.17	04:15:00	181.413	181.510	181.376	181.453	864	0	22
2026.02.17	04:30:00	181.469	181.511	181.364	181.379	961	0	22
2026.02.17	04:45:00	181.378	181.415	181.322	181.344	816	0	22
2026.02.17	05:00:00	181.342	181.350	181.188	181.230	1262	0	22
2026.02.17	05:15:00	181.227	181.331	181.224	181.326	785	0	22
2026.02.17	05:30:00	181.328	181.348	181.206	181.302	1062	0	22
2026.02.17	05:45:00	181.306	181.391	181.265	181.371	831	0	22
2026.02.17	06:00:00	181.373	181.406	181.317	181.397	795	0	22
2026.02.17	06:15:00	181.398	181.400	181.228	181.228	853	0	22
2026.02.17	06:30:00	181.228	181.253	181.146	181.210	1046	0	22
2026.02.17	06:45:00	181.211	181.285	181.195	181.271	819	0	22
2026.02.17	07:00:00	181.277	181.299	181.204	181.293	738	0	22
2026.02.17	07:15:00	181.292	181.297	181.026	181.076	1168	0	22
2026.02.17	07:30:00	181.075	181.161	181.007	181.127	1134	0	22
2026.02.17	07:45:00	181.126	181.195	181.074	181.104	936	0	22
2026.02.17	08:00:00	181.117	181.143	181.041	181.075	1027	0	22
2026.02.17	08:15:00	181.075	181.135	181.019	181.069	861	0	15
2026.02.17	08:30:00	181.069	181.188	181.030	181.071	977	0	15
2026.02.17	08:45:00	181.074	181.175	181.046	181.155	767	0	15
2026.02.17	09:00:00	181.150	181.163	180.942	180.948	1304	0	15
2026.02.17	09:15:00	180.949	181.041	180.928	181.029	1085	0	10
2026.02.17	09:30:00	181.033	181.072	180.951	181.047	1156	0	10
2026.02.17	09:45:00	181.051	181.148	181.009	181.142	1202	0	10
2026.02.17	10:00:00	181.144	181.246	181.120	181.181	1353	0	10
2026.02.17	10:15:00	181.183	181.183	180.979	180.979	1216	0	10
2026.02.17	10:30:00	180.981	181.021	180.902	181.016	1171	0	10
2026.02.17	10:45:00	181.016	181.029	180.842	180.846	1377	0	10
2026.02.17	11:00:00	180.848	180.968	180.812	180.935	1138	0	10
2026.02.17	11:15:00	180.936	181.145	180.934	181.109	1089	0	10
2026.02.17	11:30:00	181.113	181.160	181.046	181.116	925	0	10
2026.02.17	11:45:00	181.118	181.198	181.109	181.124	890	0	10
2026.02.17	12:00:00	181.125	181.164	181.054	181.137	947	0	10
2026.02.17	12:15:00	181.136	181.293	181.093	181.240	1023	0	10
2026.02.17	12:30:00	181.237	181.292	181.222	181.267	1075	0	10
2026.02.17	12:45:00	181.261	181.311	181.175	181.189	984	0	10
2026.02.17	13:00:00	181.188	181.230	181.161	181.198	936	0	10
2026.02.17	13:15:00	181.196	181.243	181.150	181.192	880	0	10
2026.02.17	13:30:00	181.194	181.270	181.168	181.262	922	0	10
2026.02.17	13:45:00	181.262	181.286	181.113	181.174	1107	0	9
2026.02.17	14:00:00	181.172	181.245	181.150	181.173	1197	0	9
2026.02.17	14:15:00	181.174	181.216	181.146	181.180	1032	0	9
2026.02.17	14:30:00	181.180	181.190	181.108	181.111	932	0	9
2026.02.17	14:45:00	181.117	181.140	181.027	181.027	1122	0	9
2026.02.17	15:00:00	181.020	181.087	181.008	181.022	1387	0	9
2026.02.17	15:15:00	181.026	181.104	181.000	181.068	1386	0	9
2026.02.17	15:30:00	181.065	181.177	181.023	181.124	1284	0	9
2026.02.17	15:45:00	181.129	181.320	181.127	181.205	1816	0	9
2026.02.17	16:00:00	181.189	181.380	181.189	181.304	1458	0	9
2026.02.17	16:15:00	181.289	181.336	181.261	181.316	1201	0	9
2026.02.17	16:30:00	181.322	181.511	181.302	181.434	1802	0	9
2026.02.17	16:45:00	181.434	181.534	181.378	181.432	1686	0	9
2026.02.17	17:00:00	181.429	181.544	181.405	181.444	1743	0	9
2026.02.17	17:15:00	181.458	181.574	181.431	181.496	1589	0	9
2026.02.17	17:30:00	181.503	181.709	181.452	181.666	1718	0	9
2026.02.17	17:45:00	181.678	181.729	181.599	181.636	1549	0	9
2026.02.17	18:00:00	181.640	181.761	181.635	181.744	1640	0	9
2026.02.17	18:15:00	181.733	181.780	181.678	181.678	1505	0	9
2026.02.17	18:30:00	181.678	181.793	181.653	181.676	1309	0	9
2026.02.17	18:45:00	181.667	181.712	181.629	181.667	1238	0	9
2026.02.17	19:00:00	181.667	181.700	181.638	181.675	1195	0	20
2026.02.17	19:15:00	181.676	181.721	181.611	181.718	1175	0	20
2026.02.17	19:30:00	181.717	181.727	181.627	181.648	1163	0	20
2026.02.17	19:45:00	181.650	181.713	181.619	181.699	985	0	20
2026.02.17	20:00:00	181.700	181.726	181.641	181.654	1070	0	20
2026.02.17	20:15:00	181.655	181.706	181.626	181.687	1066	0	20
2026.02.17	20:30:00	181.691	181.740	181.677	181.719	1047	0	20
2026.02.17	20:45:00	181.718	181.745	181.659	181.684	945	0	20
2026.02.17	21:00:00	181.689	181.732	181.594	181.619	1041	0	20
2026.02.17	21:15:00	181.617	181.664	181.594	181.631	688	0	20
2026.02.17	21:30:00	181.631	181.714	181.631	181.713	737	0	20
2026.02.17	21:45:00	181.713	181.721	181.535	181.567	884	0	20
2026.02.17	22:00:00	181.565	181.607	181.508	181.606	707	0	20
2026.02.17	22:15:00	181.606	181.630	181.580	181.591	534	0	20
2026.02.17	22:30:00	181.591	181.625	181.569	181.600	630	0	20
2026.02.17	22:45:00	181.602	181.659	181.559	181.645	779	0	20
2026.02.17	23:00:00	181.648	181.648	181.579	181.598	507	0	60
2026.02.17	23:15:00	181.600	181.637	181.589	181.626	433	0	60
2026.02.17	23:30:00	181.630	181.658	181.613	181.648	377	0	60
2026.02.17	23:45:00	181.649	181.698	181.639	181.690	289	0	27
2026.02.18	00:00:00	181.625	181.627	181.440	181.582	115	0	41
2026.02.18	00:15:00	181.582	181.616	181.572	181.583	206	0	80
2026.02.18	00:30:00	181.588	181.628	181.572	181.598	397	0	80
2026.02.18	00:45:00	181.591	181.657	181.590	181.657	515	0	22
2026.02.18	01:00:00	181.656	181.694	181.644	181.671	640	0	22
2026.02.18	01:15:00	181.666	181.728	181.631	181.653	577	0	22
2026.02.18	01:30:00	181.661	181.689	181.642	181.662	539	0	22
2026.02.18	01:45:00	181.662	181.679	181.454	181.462	785	0	22
2026.02.18	02:00:00	181.474	181.560	181.411	181.560	1114	0	22
2026.02.18	02:15:00	181.558	181.675	181.527	181.617	959	0	22
2026.02.18	02:30:00	181.610	181.615	181.462	181.490	955	0	22
2026.02.18	02:45:00	181.488	181.567	181.398	181.519	1149	0	22
2026.02.18	03:00:00	181.516	181.628	181.498	181.625	1117	0	22
2026.02.18	03:15:00	181.626	181.720	181.613	181.638	991	0	22
2026.02.18	03:30:00	181.623	181.777	181.622	181.771	778	0	22
2026.02.18	03:45:00	181.769	181.778	181.710	181.770	734	0	22
2026.02.18	04:00:00	181.774	181.924	181.754	181.898	1111	0	22
2026.02.18	04:15:00	181.899	182.008	181.874	181.965	876	0	22
2026.02.18	04:30:00	181.960	182.001	181.880	181.920	647	0	22
2026.02.18	04:45:00	181.921	181.949	181.809	181.818	645	0	22
2026.02.18	05:00:00	181.818	181.840	181.781	181.823	674	0	22
2026.02.18	05:15:00	181.837	181.916	181.805	181.815	660	0	22
2026.02.18	05:30:00	181.814	181.862	181.754	181.793	768	0	22
2026.02.18	05:45:00	181.792	181.889	181.776	181.871	729	0	22
2026.02.18	06:00:00	181.868	181.891	181.814	181.830	764	0	22
2026.02.18	06:15:00	181.830	181.868	181.799	181.837	688	0	22
2026.02.18	06:30:00	181.836	181.880	181.815	181.854	677	0	22
2026.02.18	06:45:00	181.853	181.890	181.816	181.874	625	0	22
2026.02.18	07:00:00	181.876	181.939	181.858	181.894	622	0	22
2026.02.18	07:15:00	181.881	181.907	181.823	181.856	552	0	22
2026.02.18	07:30:00	181.855	181.913	181.841	181.867	620	0	22
2026.02.18	07:45:00	181.866	181.885	181.761	181.765	688	0	22
2026.02.18	08:00:00	181.766	181.820	181.720	181.724	744	0	22
2026.02.18	08:15:00	181.722	181.760	181.674	181.719	794	0	15
2026.02.18	08:30:00	181.719	181.810	181.701	181.737	818	0	15
2026.02.18	08:45:00	181.736	181.765	181.683	181.713	761	0	15
2026.02.18	09:00:00	181.712	181.828	181.681	181.762	1112	0	15
2026.02.18	09:15:00	181.763	181.794	181.738	181.776	1061	0	12
2026.02.18	09:30:00	181.776	181.853	181.746	181.815	1027	0	10
2026.02.18	09:45:00	181.815	181.898	181.799	181.874	1074	0	10
2026.02.18	10:00:00	181.873	181.932	181.768	181.791	1221	0	10
2026.02.18	10:15:00	181.792	181.895	181.786	181.858	1168	0	10
2026.02.18	10:30:00	181.863	181.920	181.835	181.905	1030	0	10
2026.02.18	10:45:00	181.906	181.941	181.848	181.859	1257	0	10
2026.02.18	11:00:00	181.873	181.942	181.847	181.923	1190	0	10
2026.02.18	11:15:00	181.925	181.957	181.885	181.885	813	0	10
2026.02.18	11:30:00	181.886	181.952	181.886	181.922	848	0	10
2026.02.18	11:45:00	181.922	181.984	181.922	181.951	872	0	10
2026.02.18	12:00:00	181.950	182.012	181.921	181.994	967	0	10
2026.02.18	12:15:00	181.992	182.049	181.982	182.037	821	0	10
2026.02.18	12:30:00	182.036	182.068	181.993	182.019	994	0	10
2026.02.18	12:45:00	182.019	182.045	181.955	181.982	782	0	10
2026.02.18	13:00:00	181.995	181.997	181.878	181.897	688	0	10
2026.02.18	13:15:00	181.895	181.934	181.820	181.840	850	0	10
2026.02.18	13:30:00	181.855	181.885	181.837	181.866	697	0	10
2026.02.18	13:45:00	181.866	181.913	181.852	181.913	731	0	9
2026.02.18	14:00:00	181.913	181.988	181.853	181.984	908	0	9
2026.02.18	14:15:00	181.984	182.074	181.953	181.956	942	0	9
2026.02.18	14:30:00	181.956	181.999	181.888	181.960	1087	0	9
2026.02.18	14:45:00	181.960	181.985	181.885	181.967	999	0	9
2026.02.18	15:00:00	181.965	182.057	181.943	182.046	1114	0	9
2026.02.18	15:15:00	182.044	182.070	181.952	182.020	1061	0	9
2026.02.18	15:30:00	182.018	182.112	181.892	181.993	1414	0	9
2026.02.18	15:45:00	181.980	182.043	181.948	182.012	1335	0	9
2026.02.18	16:00:00	182.010	182.078	182.003	182.071	1304	0	9
2026.02.18	16:15:00	182.070	182.356	182.047	182.335	1717	0	9
2026.02.18	16:30:00	182.335	182.519	182.289	182.464	1872	0	9
2026.02.18	16:45:00	182.467	182.494	182.381	182.394	1543	0	9
2026.02.18	17:00:00	182.394	182.490	182.341	182.392	1558	0	9
2026.02.18	17:15:00	182.393	182.462	182.348	182.433	1265	0	9
2026.02.18	17:30:00	182.435	182.535	182.404	182.513	1205	0	9
2026.02.18	17:45:00	182.512	182.545	182.394	182.396	1319	0	9
2026.02.18	18:00:00	182.395	182.438	182.351	182.398	1286	0	9
2026.02.18	18:15:00	182.398	182.406	182.322	182.354	1009	0	9
2026.02.18	18:30:00	182.352	182.419	182.323	182.396	996	0	9
2026.02.18	18:45:00	182.388	182.465	182.375	182.387	1013	0	9
2026.02.18	19:00:00	182.401	182.440	182.337	182.398	1115	0	20
2026.02.18	19:15:00	182.397	182.433	182.355	182.386	837	0	20
2026.02.18	19:30:00	182.389	182.464	182.375	182.448	1008	0	20
2026.02.18	19:45:00	182.449	182.484	182.419	182.430	876	0	20
2026.02.18	20:00:00	182.428	182.501	182.420	182.462	918	0	20
2026.02.18	20:15:00	182.462	182.504	182.422	182.457	1117	0	20
2026.02.18	20:30:00	182.458	182.498	182.418	182.449	1214	0	20
2026.02.18	20:45:00	182.439	182.482	182.409	182.421	966	0	20
2026.02.18	21:00:00	182.413	182.482	182.011	182.439	1860	0	20
2026.02.18	21:15:00	182.438	182.510	182.402	182.435	1111	0	20
2026.02.18	21:30:00	182.439	182.487	182.376	182.376	1181	0	20
2026.02.18	21:45:00	182.379	182.432	182.297	182.361	1099	0	20
2026.02.18	22:00:00	182.363	182.421	182.353	182.376	1028	0	20
2026.02.18	22:15:00	182.378	182.432	182.360	182.401	735	0	20
2026.02.18	22:30:00	182.404	182.438	182.333	182.394	726	0	20
2026.02.18	22:45:00	182.380	182.443	182.375	182.393	764	0	20
2026.02.18	23:00:00	182.392	182.451	182.379	182.393	564	0	60
2026.02.18	23:15:00	182.393	182.458	182.393	182.458	468	0	60
2026.02.18	23:30:00	182.464	182.498	182.417	182.438	426	0	20
2026.02.18	23:45:00	182.436	182.458	182.334	182.334	369	0	21
2026.02.19	00:00:00	182.388	182.394	182.314	182.321	126	0	64
2026.02.19	00:15:00	182.359	182.373	182.320	182.357	150	0	80
2026.02.19	00:30:00	182.350	182.380	182.340	182.375	249	0	76
2026.02.19	00:45:00	182.374	182.426	182.348	182.426	242	0	22
2026.02.19	01:00:00	182.410	182.473	182.369	182.431	598	0	22
2026.02.19	01:15:00	182.432	182.468	182.410	182.435	541	0	22
2026.02.19	01:30:00	182.450	182.481	182.426	182.442	531	0	22
2026.02.19	01:45:00	182.445	182.463	182.345	182.371	598	0	22
2026.02.19	02:00:00	182.371	182.394	182.265	182.387	844	0	22
2026.02.19	02:15:00	182.386	182.471	182.361	182.424	1014	0	22
2026.02.19	02:30:00	182.423	182.487	182.348	182.441	1137	0	22
2026.02.19	02:45:00	182.444	182.507	182.358	182.450	1221	0	22
2026.02.19	03:00:00	182.450	182.524	182.392	182.487	1189	0	22
2026.02.19	03:15:00	182.487	182.561	182.486	182.509	799	0	22
2026.02.19	03:30:00	182.514	182.714	182.514	182.658	998	0	22
2026.02.19	03:45:00	182.659	182.804	182.659	182.753	933	0	22
2026.02.19	04:00:00	182.754	182.860	182.722	182.779	1016	0	22
2026.02.19	04:15:00	182.779	182.781	182.530	182.697	920	0	22
2026.02.19	04:30:00	182.711	182.729	182.655	182.693	895	0	22
2026.02.19	04:45:00	182.691	182.778	182.679	182.751	841	0	22
2026.02.19	05:00:00	182.765	182.785	182.711	182.728	728	0	22
2026.02.19	05:15:00	182.727	182.839	182.725	182.795	817	0	22
2026.02.19	05:30:00	182.794	183.034	182.794	182.944	1112	0	22
2026.02.19	05:45:00	182.946	183.008	182.908	182.928	939	0	22
2026.02.19	06:00:00	182.917	182.980	182.894	182.935	809	0	22
2026.02.19	06:15:00	182.936	183.033	182.871	182.871	875	0	22
2026.02.19	06:30:00	182.872	182.959	182.862	182.920	815	0	22
2026.02.19	06:45:00	182.920	182.956	182.865	182.871	744	0	22
2026.02.19	07:00:00	182.871	182.969	182.862	182.905	840	0	22
2026.02.19	07:15:00	182.919	182.979	182.872	182.960	799	0	22
2026.02.19	07:30:00	182.960	183.021	182.876	182.997	827	0	22
2026.02.19	07:45:00	182.995	183.146	182.994	183.121	1005	0	22
2026.02.19	08:00:00	183.120	183.151	183.023	183.031	934	0	22
2026.02.19	08:15:00	183.030	183.048	182.940	182.979	965	0	15
2026.02.19	08:30:00	182.979	183.052	182.893	182.947	961	0	15
2026.02.19	08:45:00	182.954	182.969	182.862	182.947	933	0	15
2026.02.19	09:00:00	182.945	183.032	182.932	183.009	986	0	15
2026.02.19	09:15:00	183.009	183.042	182.964	183.010	848	0	10
2026.02.19	09:30:00	183.010	183.112	182.908	182.982	1004	0	10
2026.02.19	09:45:00	182.982	183.004	182.853	182.874	1130	0	10
2026.02.19	10:00:00	182.872	182.918	182.798	182.810	1410	0	10
2026.02.19	10:15:00	182.810	182.896	182.782	182.847	1181	0	10
2026.02.19	10:30:00	182.848	182.863	182.649	182.706	1156	0	10
2026.02.19	10:45:00	182.707	182.757	182.584	182.731	1304	0	10
2026.02.19	11:00:00	182.726	182.889	182.716	182.875	1074	0	10
2026.02.19	11:15:00	182.876	182.896	182.813	182.864	1045	0	10
2026.02.19	11:30:00	182.862	182.866	182.739	182.775	1018	0	10
2026.02.19	11:45:00	182.775	182.778	182.636	182.665	1117	0	10
2026.02.19	12:00:00	182.662	182.710	182.585	182.613	1383	0	10
2026.02.19	12:15:00	182.614	182.648	182.521	182.527	1039	0	10
2026.02.19	12:30:00	182.528	182.540	182.428	182.506	1050	0	10
2026.02.19	12:45:00	182.506	182.510	182.356	182.389	1079	0	10
2026.02.19	13:00:00	182.395	182.402	182.303	182.349	1262	0	10
2026.02.19	13:15:00	182.335	182.343	182.176	182.200	1250	0	10
2026.02.19	13:30:00	182.198	182.256	182.176	182.204	1081	0	10
2026.02.19	13:45:00	182.205	182.222	182.091	182.167	1131	0	9
2026.02.19	14:00:00	182.165	182.165	182.001	182.104	1218	0	9
2026.02.19	14:15:00	182.119	182.121	182.009	182.096	1007	0	9
2026.02.19	14:30:00	182.095	182.199	182.074	182.172	1141	0	9
2026.02.19	14:45:00	182.169	182.219	182.131	182.191	1127	0	9
2026.02.19	15:00:00	182.190	182.209	182.027	182.159	1476	0	9
2026.02.19	15:15:00	182.161	182.190	182.100	182.118	1271	0	9
2026.02.19	15:30:00	182.123	182.266	182.099	182.223	1427	0	9
2026.02.19	15:45:00	182.222	182.283	182.044	182.283	1455	0	9
2026.02.19	16:00:00	182.283	182.345	182.185	182.299	1460	0	9
2026.02.19	16:15:00	182.311	182.440	182.260	182.420	1564	0	9
2026.02.19	16:30:00	182.418	182.422	182.272	182.308	1883	0	9
2026.02.19	16:45:00	182.308	182.430	182.248	182.413	1491	0	9
2026.02.19	17:00:00	182.422	182.560	182.357	182.531	1941	0	9
2026.02.19	17:15:00	182.524	182.606	182.441	182.469	1768	0	9
2026.02.19	17:30:00	182.465	182.529	182.407	182.413	1434	0	9
2026.02.19	17:45:00	182.414	182.516	182.333	182.344	1651	0	9
2026.02.19	18:00:00	182.344	182.357	182.203	182.284	1521	0	9
2026.02.19	18:15:00	182.284	182.352	182.241	182.262	1275	0	9
2026.02.19	18:30:00	182.263	182.338	182.247	182.259	1227	0	9
2026.02.19	18:45:00	182.259	182.326	182.227	182.266	1211	0	9
2026.02.19	19:00:00	182.267	182.276	182.197	182.231	1372	0	20
2026.02.19	19:15:00	182.244	182.309	182.222	182.286	1118	0	20
2026.02.19	19:30:00	182.293	182.387	182.268	182.378	1154	0	20
2026.02.19	19:45:00	182.380	182.408	182.331	182.403	1027	0	20
2026.02.19	20:00:00	182.390	182.407	182.335	182.385	938	0	20
2026.02.19	20:15:00	182.386	182.413	182.347	182.386	1003	0	20
2026.02.19	20:30:00	182.392	182.407	182.293	182.311	943	0	20
2026.02.19	20:45:00	182.311	182.338	182.253	182.263	1007	0	18
2026.02.19	21:00:00	182.264	182.296	182.233	182.274	924	0	20
2026.02.19	21:15:00	182.273	182.353	182.268	182.319	886	0	20
2026.02.19	21:30:00	182.318	182.455	182.317	182.413	936	0	20
2026.02.19	21:45:00	182.412	182.457	182.407	182.427	995	0	20
2026.02.19	22:00:00	182.430	182.459	182.405	182.408	754	0	20
2026.02.19	22:15:00	182.409	182.470	182.392	182.435	568	0	20
2026.02.19	22:30:00	182.437	182.512	182.435	182.502	774	0	20
2026.02.19	22:45:00	182.494	182.530	182.465	182.501	714	0	20
2026.02.19	23:00:00	182.501	182.520	182.471	182.478	599	0	60
2026.02.19	23:15:00	182.481	182.551	182.469	182.514	641	0	60
2026.02.19	23:30:00	182.515	182.560	182.493	182.523	553	0	60
2026.02.19	23:45:00	182.522	182.524	182.356	182.356	496	0	25
2026.02.20	00:00:00	182.380	182.471	182.245	182.428	85	0	155
2026.02.20	00:15:00	182.498	182.501	182.341	182.357	296	0	80
2026.02.20	00:30:00	182.358	182.374	182.330	182.354	256	0	80
2026.02.20	00:45:00	182.350	182.440	182.324	182.440	333	0	22
2026.02.20	01:00:00	182.442	182.517	182.422	182.461	642	0	22
2026.02.20	01:15:00	182.462	182.464	182.411	182.458	430	0	22
2026.02.20	01:30:00	182.462	182.670	182.462	182.660	691	0	22
2026.02.20	01:45:00	182.659	182.679	182.599	182.647	569	0	22
2026.02.20	02:00:00	182.644	182.658	182.545	182.638	837	0	22
2026.02.20	02:15:00	182.646	182.664	182.509	182.608	708	0	22
2026.02.20	02:30:00	182.610	182.676	182.564	182.576	836	0	22
2026.02.20	02:45:00	182.577	182.611	182.357	182.570	1264	0	22
2026.02.20	03:00:00	182.569	182.589	182.386	182.486	975	0	22
2026.02.20	03:15:00	182.491	182.610	182.413	182.553	1158	0	22
2026.02.20	03:30:00	182.556	182.643	182.535	182.560	1142	0	22
2026.02.20	03:45:00	182.560	182.560	182.405	182.423	1114	0	22
2026.02.20	04:00:00	182.422	182.461	182.338	182.351	1027	0	22
2026.02.20	04:15:00	182.347	182.446	182.299	182.404	1001	0	22
2026.02.20	04:30:00	182.403	182.462	182.379	182.387	732	0	22
2026.02.20	04:45:00	182.386	182.487	182.370	182.437	725	0	22
2026.02.20	05:00:00	182.436	182.478	182.417	182.442	561	0	22
2026.02.20	05:15:00	182.443	182.466	182.362	182.384	525	0	22
2026.02.20	05:30:00	182.371	182.428	182.346	182.401	685	0	22
2026.02.20	05:45:00	182.403	182.426	182.359	182.394	689	0	22
2026.02.20	06:00:00	182.394	182.420	182.348	182.394	707	0	22
2026.02.20	06:15:00	182.395	182.407	182.363	182.407	548	0	22
2026.02.20	06:30:00	182.405	182.449	182.373	182.385	695	0	22
2026.02.20	06:45:00	182.386	182.444	182.358	182.427	726	0	22
2026.02.20	07:00:00	182.430	182.472	182.374	182.450	856	0	22
2026.02.20	07:15:00	182.454	182.477	182.432	182.471	652	0	22
2026.02.20	07:30:00	182.471	182.513	182.423	182.485	845	0	22
2026.02.20	07:45:00	182.485	182.582	182.461	182.550	1080	0	22
2026.02.20	08:00:00	182.551	182.621	182.423	182.464	1065	0	22
2026.02.20	08:15:00	182.464	182.507	182.405	182.451	729	0	15
2026.02.20	08:30:00	182.451	182.464	182.367	182.434	863	0	15
2026.02.20	08:45:00	182.435	182.476	182.387	182.401	776	0	15
2026.02.20	09:00:00	182.403	182.491	182.332	182.344	1219	0	15
2026.02.20	09:15:00	182.345	182.380	182.307	182.349	820	0	10
2026.02.20	09:30:00	182.350	182.374	182.215	182.333	1091	0	10
2026.02.20	09:45:00	182.332	182.752	182.332	182.723	1426	0	10
2026.02.20	10:00:00	182.718	182.749	182.540	182.607	1464	0	10
2026.02.20	10:15:00	182.612	182.716	182.565	182.698	1225	0	10
2026.02.20	10:30:00	182.708	182.910	182.673	182.892	1293	0	10
2026.02.20	10:45:00	182.893	182.987	182.890	182.964	1157	0	10
2026.02.20	11:00:00	182.963	183.040	182.927	182.929	1229	0	10
2026.02.20	11:15:00	182.929	182.999	182.883	182.910	1089	0	10
2026.02.20	11:30:00	182.904	182.923	182.846	182.910	934	0	10
2026.02.20	11:45:00	182.910	182.919	182.813	182.853	1009	0	10
2026.02.20	12:00:00	182.851	182.868	182.767	182.781	855	0	10
2026.02.20	12:15:00	182.780	182.797	182.696	182.768	962	0	10
2026.02.20	12:30:00	182.768	182.801	182.732	182.774	1004	0	10
2026.02.20	12:45:00	182.774	182.776	182.507	182.544	1039	0	10
2026.02.20	13:00:00	182.541	182.618	182.476	182.596	1011	0	10
2026.02.20	13:15:00	182.606	182.658	182.550	182.605	783	0	10
2026.02.20	13:30:00	182.612	182.663	182.553	182.608	880	0	10
2026.02.20	13:45:00	182.621	182.702	182.599	182.669	896	0	10
2026.02.20	14:00:00	182.671	182.730	182.618	182.666	857	0	9
2026.02.20	14:15:00	182.666	182.752	182.652	182.739	920	0	9
2026.02.20	14:30:00	182.725	182.739	182.630	182.639	976	0	9
2026.02.20	14:45:00	182.646	182.733	182.634	182.666	1067	0	9
2026.02.20	15:00:00	182.669	182.680	182.595	182.652	954	0	9
2026.02.20	15:15:00	182.652	182.773	182.603	182.732	1126	0	9
2026.02.20	15:30:00	182.740	182.782	182.618	182.742	1843	0	9
2026.02.20	15:45:00	182.741	182.943	182.731	182.922	1375	0	9
2026.02.20	16:00:00	182.921	182.961	182.845	182.913	1287	0	9
2026.02.20	16:15:00	182.914	182.929	182.839	182.852	1091	0	9
2026.02.20	16:30:00	182.851	182.894	182.746	182.809	1527	0	9
2026.02.20	16:45:00	182.816	182.908	182.811	182.897	1457	0	9
2026.02.20	17:00:00	182.896	183.100	182.703	182.703	2857	0	9
2026.02.20	17:15:00	182.695	182.930	182.633	182.738	2463	0	9
2026.02.20	17:30:00	182.737	182.811	182.598	182.706	2253	0	9
2026.02.20	17:45:00	182.701	182.737	182.506	182.545	1963	0	9
2026.02.20	18:00:00	182.543	182.621	182.493	182.531	1984	0	9
2026.02.20	18:15:00	182.532	182.568	182.463	182.518	1872	0	9
2026.02.20	18:30:00	182.511	182.653	182.499	182.574	1543	0	9
2026.02.20	18:45:00	182.576	182.620	182.522	182.573	1420	0	9
2026.02.20	19:00:00	182.576	182.672	182.557	182.620	1641	0	20
2026.02.20	19:15:00	182.619	182.671	182.576	182.635	1724	0	20
2026.02.20	19:30:00	182.634	182.698	182.607	182.637	1472	0	20
2026.02.20	19:45:00	182.636	182.659	182.560	182.583	1375	0	20
2026.02.20	20:00:00	182.582	182.698	182.581	182.697	1282	0	20
2026.02.20	20:15:00	182.699	182.703	182.618	182.640	1438	0	20
2026.02.20	20:30:00	182.639	182.713	182.602	182.654	1791	0	20
2026.02.20	20:45:00	182.653	182.731	182.644	182.706	1485	0	20
2026.02.20	21:00:00	182.709	182.751	182.626	182.633	1185	0	20
2026.02.20	21:15:00	182.632	182.725	182.628	182.691	960	0	20
2026.02.20	21:30:00	182.690	182.767	182.678	182.763	812	0	20
2026.02.20	21:45:00	182.764	182.818	182.735	182.761	1095	0	20
2026.02.20	22:00:00	182.763	182.784	182.658	182.658	860	0	20
2026.02.20	22:15:00	182.658	182.704	182.635	182.696	810	0	20
2026.02.20	22:30:00	182.695	182.730	182.669	182.682	702	0	20
2026.02.20	22:45:00	182.682	182.776	182.667	182.728	1009	0	20
2026.02.20	23:00:00	182.729	182.749	182.688	182.710	695	0	60
2026.02.20	23:15:00	182.709	182.734	182.655	182.672	559	0	60
2026.02.20	23:30:00	182.686	182.718	182.658	182.705	539	0	60
2026.02.20	23:45:00	182.708	182.752	182.652	182.672	813	0	60
2026.02.23	00:00:00	182.600	182.637	182.530	182.621	171	0	199
2026.02.23	00:15:00	182.713	182.764	182.679	182.725	326	0	80
2026.02.23	00:30:00	182.739	182.752	182.710	182.725	165	0	80
2026.02.23	00:45:00	182.725	182.736	182.679	182.694	557	0	80
2026.02.23	01:00:00	182.691	182.754	182.608	182.704	1060	0	22
2026.02.23	01:15:00	182.703	182.732	182.618	182.700	1119	0	22
2026.02.23	01:30:00	182.699	182.752	182.627	182.638	984	0	22
2026.02.23	01:45:00	182.638	182.662	182.552	182.625	1134	0	22
2026.02.23	02:00:00	182.626	182.639	182.489	182.571	1286	0	22
2026.02.23	02:15:00	182.571	182.636	182.436	182.460	1051	0	22
2026.02.23	02:30:00	182.448	182.477	182.266	182.279	1341	0	22
2026.02.23	02:45:00	182.278	182.324	182.232	182.251	1378	0	22
2026.02.23	03:00:00	182.250	182.270	182.161	182.187	1517	0	22
2026.02.23	03:15:00	182.187	182.308	182.168	182.270	1330	0	22
2026.02.23	03:30:00	182.273	182.380	182.255	182.333	1323	0	22
2026.02.23	03:45:00	182.333	182.402	182.265	182.377	1129	0	22
2026.02.23	04:00:00	182.375	182.379	182.241	182.302	1176	0	22
2026.02.23	04:15:00	182.303	182.361	182.282	182.330	983	0	22
2026.02.23	04:30:00	182.332	182.478	182.308	182.470	1003	0	22
2026.02.23	04:45:00	182.470	182.470	182.375	182.382	973	0	22
2026.02.23	05:00:00	182.398	182.499	182.393	182.462	926	0	22
2026.02.23	05:15:00	182.461	182.498	182.401	182.498	836	0	22
2026.02.23	05:30:00	182.497	182.499	182.398	182.422	839	0	22
2026.02.23	05:45:00	182.423	182.440	182.359	182.377	691	0	22
2026.02.23	06:00:00	182.378	182.384	182.296	182.378	792	0	22
2026.02.23	06:15:00	182.362	182.401	182.331	182.366	574	0	22
2026.02.23	06:30:00	182.366	182.545	182.358	182.506	725	0	22
2026.02.23	06:45:00	182.506	182.534	182.460	182.490	569	0	22
2026.02.23	07:00:00	182.491	182.549	182.470	182.541	789	0	22
2026.02.23	07:15:00	182.542	182.554	182.500	182.525	697	0	22
2026.02.23	07:30:00	182.524	182.547	182.481	182.502	691	0	22
2026.02.23	07:45:00	182.503	182.558	182.491	182.541	647	0	22
2026.02.23	08:00:00	182.537	182.571	182.451	182.485	1038	0	22
2026.02.23	08:15:00	182.486	182.528	182.430	182.470	1001	0	22
2026.02.23	08:30:00	182.474	182.573	182.467	182.535	853	0	15
2026.02.23	08:45:00	182.534	182.665	182.490	182.654	896	0	15
2026.02.23	09:00:00	182.653	182.738	182.631	182.723	1121	0	15
2026.02.23	09:15:00	182.724	182.788	182.676	182.752	868	0	15
2026.02.23	09:30:00	182.754	182.774	182.644	182.698	1066	0	10
2026.02.23	09:45:00	182.698	182.718	182.626	182.654	1175	0	10
2026.02.23	10:00:00	182.652	182.789	182.627	182.696	1391	0	10
2026.02.23	10:15:00	182.709	182.781	182.665	182.739	1132	0	10
2026.02.23	10:30:00	182.738	182.748	182.675	182.700	1129	0	10
2026.02.23	10:45:00	182.701	182.776	182.683	182.733	1083	0	10
2026.02.23	11:00:00	182.738	182.766	182.640	182.690	922	0	10
2026.02.23	11:15:00	182.689	182.712	182.652	182.695	1035	0	10
2026.02.23	11:30:00	182.697	182.804	182.693	182.793	954	0	10
2026.02.23	11:45:00	182.793	182.815	182.676	182.695	1045	0	10
2026.02.23	12:00:00	182.692	182.715	182.602	182.653	1056	0	10
2026.02.23	12:15:00	182.654	182.727	182.637	182.691	974	0	10
2026.02.23	12:30:00	182.694	182.751	182.680	182.732	837	0	10
2026.02.23	12:45:00	182.733	182.733	182.617	182.621	773	0	10
2026.02.23	13:00:00	182.620	182.641	182.541	182.576	844	0	10
2026.02.23	13:15:00	182.576	182.597	182.522	182.553	919	0	10
2026.02.23	13:30:00	182.553	182.591	182.500	182.585	1080	0	10
2026.02.23	13:45:00	182.586	182.608	182.539	182.595	934	0	10
2026.02.23	14:00:00	182.600	182.646	182.510	182.532	978	0	9
2026.02.23	14:15:00	182.531	182.565	182.421	182.553	1103	0	9
2026.02.23	14:30:00	182.553	182.599	182.468	182.484	1031	0	9
2026.02.23	14:45:00	182.484	182.516	182.437	182.489	1067	0	9
2026.02.23	15:00:00	182.490	182.534	182.390	182.431	1344	0	9
2026.02.23	15:15:00	182.432	182.470	182.366	182.447	1225	0	9
2026.02.23	15:30:00	182.447	182.447	182.333	182.357	1286	0	9
2026.02.23	15:45:00	182.363	182.429	182.357	182.384	1179	0	9
2026.02.23	16:00:00	182.399	182.472	182.362	182.452	1128	0	9
2026.02.23	16:15:00	182.455	182.589	182.447	182.541	1023	0	9
2026.02.23	16:30:00	182.543	182.630	182.419	182.492	1670	0	9
2026.02.23	16:45:00	182.490	182.537	182.426	182.458	1524	0	9
2026.02.23	17:00:00	182.443	182.459	182.225	182.256	1546	0	9
2026.02.23	17:15:00	182.257	182.327	182.236	182.261	1252	0	9
2026.02.23	17:30:00	182.276	182.363	182.240	182.303	1306	0	9
2026.02.23	17:45:00	182.303	182.324	182.066	182.146	1668	0	9
2026.02.23	18:00:00	182.142	182.161	182.008	182.088	1620	0	9
2026.02.23	18:15:00	182.088	182.176	182.078	182.167	1365	0	9
2026.02.23	18:30:00	182.169	182.179	182.080	182.113	1334	0	9
2026.02.23	18:45:00	182.112	182.202	182.083	182.138	1050	0	9
2026.02.23	19:00:00	182.134	182.145	182.022	182.041	1402	0	20
2026.02.23	19:15:00	182.038	182.104	181.995	181.999	1095	0	20
2026.02.23	19:30:00	182.000	182.116	181.979	182.059	1098	0	20
2026.02.23	19:45:00	182.061	182.175	182.052	182.161	1066	0	20
2026.02.23	20:00:00	182.146	182.260	182.136	182.251	1027	0	20
2026.02.23	20:15:00	182.250	182.419	182.223	182.417	968	0	20
2026.02.23	20:30:00	182.418	182.430	182.300	182.322	941	0	20
2026.02.23	20:45:00	182.322	182.342	182.234	182.274	863	0	20
2026.02.23	21:00:00	182.273	182.322	182.260	182.264	734	0	20
2026.02.23	21:15:00	182.261	182.301	182.247	182.255	698	0	20
2026.02.23	21:30:00	182.253	182.337	182.248	182.289	923	0	20
2026.02.23	21:45:00	182.291	182.357	182.289	182.317	983	0	20
2026.02.23	22:00:00	182.318	182.339	182.293	182.309	848	0	20
2026.02.23	22:15:00	182.310	182.407	182.308	182.375	727	0	20
2026.02.23	22:30:00	182.374	182.411	182.352	182.375	550	0	20
2026.02.23	22:45:00	182.374	182.416	182.342	182.373	748	0	20
2026.02.23	23:00:00	182.353	182.418	182.347	182.393	527	0	60
2026.02.23	23:15:00	182.394	182.410	182.337	182.384	471	0	60
2026.02.23	23:30:00	182.384	182.407	182.357	182.368	378	0	60
2026.02.23	23:45:00	182.367	182.382	182.237	182.260	622	0	20
2026.02.24	00:00:00	182.193	182.263	182.114	182.147	93	0	115
2026.02.24	00:15:00	182.147	182.250	182.147	182.215	135	0	80
2026.02.24	00:30:00	182.218	182.229	182.149	182.192	314	0	80
2026.02.24	00:45:00	182.193	182.225	182.171	182.216	526	0	80
2026.02.24	01:00:00	182.256	182.310	182.195	182.284	513	0	22
2026.02.24	01:15:00	182.284	182.333	182.278	182.326	430	0	22
2026.02.24	01:30:00	182.325	182.399	182.244	182.274	707	0	18
2026.02.24	01:45:00	182.288	182.414	182.277	182.390	760	0	22
2026.02.24	02:00:00	182.392	182.502	182.350	182.497	1051	0	22
2026.02.24	02:15:00	182.496	182.530	182.408	182.410	791	0	22
2026.02.24	02:30:00	182.410	182.564	182.402	182.465	1061	0	22
2026.02.24	02:45:00	182.464	182.561	182.449	182.556	1291	0	22
2026.02.24	03:00:00	182.554	182.609	182.507	182.538	1340	0	22
2026.02.24	03:15:00	182.538	182.678	182.496	182.623	1349	0	22
2026.02.24	03:30:00	182.622	182.645	182.558	182.588	1015	0	22
2026.02.24	03:45:00	182.594	182.618	182.513	182.586	1052	0	22
2026.02.24	04:00:00	182.587	182.618	182.469	182.589	1178	0	22
2026.02.24	04:15:00	182.574	182.704	182.567	182.647	934	0	22
2026.02.24	04:30:00	182.661	182.665	182.576	182.593	739	0	22
2026.02.24	04:45:00	182.589	182.590	182.499	182.544	759	0	22
2026.02.24	05:00:00	182.543	182.575	182.498	182.540	758	0	22
2026.02.24	05:15:00	182.540	182.607	182.534	182.588	631	0	22
2026.02.24	05:30:00	182.587	182.635	182.574	182.610	741	0	22
2026.02.24	05:45:00	182.610	182.667	182.576	182.651	846	0	22
2026.02.24	06:00:00	182.650	182.713	182.610	182.648	770	0	22
2026.02.24	06:15:00	182.649	182.768	182.629	182.752	813	0	22
2026.02.24	06:30:00	182.751	182.781	182.726	182.749	857	0	22
2026.02.24	06:45:00	182.748	182.776	182.694	182.717	734	0	22
2026.02.24	07:00:00	182.718	182.736	182.666	182.716	849	0	22
2026.02.24	07:15:00	182.719	182.776	182.700	182.758	696	0	22
2026.02.24	07:30:00	182.757	182.836	182.736	182.803	703	0	22
2026.02.24	07:45:00	182.802	182.839	182.753	182.772	1034	0	22
2026.02.24	08:00:00	182.770	182.803	182.716	182.754	998	0	22
2026.02.24	08:15:00	182.753	182.771	182.626	182.679	1016	0	22
2026.02.24	08:30:00	182.682	182.709	182.617	182.657	737	0	15
2026.02.24	08:45:00	182.658	182.670	182.550	182.568	714	0	15
2026.02.24	09:00:00	182.567	183.435	182.512	183.360	1890	0	15
2026.02.24	09:15:00	183.352	183.647	183.265	183.627	1648	0	15
2026.02.24	09:30:00	183.631	183.748	183.577	183.709	1464	0	10
2026.02.24	09:45:00	183.713	183.916	183.700	183.861	1348	0	10
2026.02.24	10:00:00	183.862	183.909	183.738	183.881	1461	0	10
2026.02.24	10:15:00	183.879	184.189	183.788	184.090	1440	0	10
2026.02.24	10:30:00	184.090	184.115	183.829	183.886	1396	0	10
2026.02.24	10:45:00	183.892	183.920	183.747	183.770	1314	0	10
2026.02.24	11:00:00	183.772	183.804	183.676	183.686	1245	0	10
2026.02.24	11:15:00	183.686	183.756	183.576	183.671	1128	0	10
2026.02.24	11:30:00	183.672	183.728	183.644	183.702	954	0	10
2026.02.24	11:45:00	183.715	183.748	183.661	183.707	839	0	10
2026.02.24	12:00:00	183.708	183.757	183.652	183.704	895	0	10
2026.02.24	12:15:00	183.707	183.757	183.676	183.720	796	0	10
2026.02.24	12:30:00	183.720	183.754	183.622	183.687	1032	0	10
2026.02.24	12:45:00	183.687	183.736	183.620	183.730	844	0	10
2026.02.24	13:00:00	183.729	183.731	183.594	183.611	951	0	10
2026.02.24	13:15:00	183.612	183.612	183.472	183.477	895	0	10
2026.02.24	13:30:00	183.475	183.508	183.417	183.507	838	0	10
2026.02.24	13:45:00	183.509	183.641	183.483	183.640	847	0	10
2026.02.24	14:00:00	183.633	183.705	183.602	183.660	950	0	9
2026.02.24	14:15:00	183.646	183.719	183.622	183.635	883	0	9
2026.02.24	14:30:00	183.636	183.650	183.516	183.556	926	0	9
2026.02.24	14:45:00	183.559	183.658	183.545	183.652	1041	0	9
2026.02.24	15:00:00	183.653	183.670	183.495	183.556	1187	0	9
2026.02.24	15:15:00	183.560	183.686	183.551	183.660	1107	0	9
2026.02.24	15:30:00	183.659	183.772	183.653	183.677	1132	0	9
2026.02.24	15:45:00	183.675	183.722	183.638	183.718	1094	0	9
2026.02.24	16:00:00	183.717	183.794	183.656	183.728	1270	0	9
2026.02.24	16:15:00	183.726	183.805	183.726	183.770	1110	0	9
2026.02.24	16:30:00	183.770	183.804	183.633	183.748	1428	0	9
2026.02.24	16:45:00	183.749	183.775	183.563	183.631	1284	0	9
2026.02.24	17:00:00	183.634	183.647	183.513	183.525	1464	0	9
2026.02.24	17:15:00	183.526	183.708	183.503	183.647	1254	0	9
2026.02.24	17:30:00	183.647	183.696	183.583	183.629	1398	0	9
2026.02.24	17:45:00	183.630	183.634	183.484	183.552	1586	0	9
2026.02.24	18:00:00	183.553	183.606	183.474	183.555	1428	0	9
2026.02.24	18:15:00	183.552	183.593	183.518	183.562	1065	0	9
2026.02.24	18:30:00	183.561	183.599	183.467	183.494	1181	0	9
2026.02.24	18:45:00	183.496	183.506	183.399	183.486	1002	0	9
2026.02.24	19:00:00	183.479	183.533	183.437	183.530	1034	0	20
2026.02.24	19:15:00	183.532	183.565	183.475	183.496	945	0	20
2026.02.24	19:30:00	183.497	183.561	183.477	183.512	909	0	20
2026.02.24	19:45:00	183.513	183.570	183.477	183.552	772	0	20
2026.02.24	20:00:00	183.554	183.566	183.467	183.488	776	0	20
2026.02.24	20:15:00	183.488	183.516	183.470	183.495	724	0	20
2026.02.24	20:30:00	183.488	183.514	183.454	183.486	717	0	20
2026.02.24	20:45:00	183.484	183.517	183.460	183.468	811	0	20
2026.02.24	21:00:00	183.469	183.518	183.456	183.506	752	0	20
2026.02.24	21:15:00	183.507	183.522	183.464	183.486	741	0	20
2026.02.24	21:30:00	183.471	183.509	183.449	183.473	741	0	20
2026.02.24	21:45:00	183.487	183.514	183.460	183.474	748	0	20
2026.02.24	22:00:00	183.474	183.493	183.458	183.473	827	0	20
2026.02.24	22:15:00	183.472	183.533	183.472	183.501	806	0	20
2026.02.24	22:30:00	183.503	183.542	183.484	183.520	742	0	20
2026.02.24	22:45:00	183.519	183.552	183.475	183.551	807	0	20
2026.02.24	23:00:00	183.531	183.562	183.477	183.549	587	0	60
2026.02.24	23:15:00	183.550	183.557	183.512	183.531	321	0	60
2026.02.24	23:30:00	183.533	183.583	183.526	183.528	359	0	60
2026.02.24	23:45:00	183.533	183.558	183.514	183.534	443	0	20
2026.02.25	00:00:00	183.328	183.511	183.328	183.389	67	0	108
2026.02.25	00:15:00	183.389	183.524	183.389	183.460	199	0	80
2026.02.25	00:30:00	183.460	183.518	183.443	183.469	369	0	80
2026.02.25	00:45:00	183.468	183.469	183.387	183.424	334	0	80
2026.02.25	01:00:00	183.453	183.549	183.422	183.532	524	0	22
2026.02.25	01:15:00	183.545	183.558	183.497	183.507	239	0	22
2026.02.25	01:30:00	183.507	183.541	183.465	183.534	472	0	22
2026.02.25	01:45:00	183.520	183.563	183.469	183.553	508	0	22
2026.02.25	02:00:00	183.566	183.672	183.550	183.654	819	0	22
2026.02.25	02:15:00	183.660	183.663	183.510	183.600	668	0	22
2026.02.25	02:30:00	183.601	183.652	183.488	183.569	1059	0	22
2026.02.25	02:45:00	183.571	183.587	183.324	183.325	1376	0	22
2026.02.25	03:00:00	183.328	183.422	183.302	183.365	1094	0	22
2026.02.25	03:15:00	183.367	183.488	183.366	183.486	985	0	22
2026.02.25	03:30:00	183.485	183.487	183.334	183.393	918	0	22
2026.02.25	03:45:00	183.394	183.526	183.372	183.468	877	0	22
2026.02.25	04:00:00	183.466	183.522	183.397	183.401	901	0	22
2026.02.25	04:15:00	183.400	183.444	183.352	183.390	922	0	22
2026.02.25	04:30:00	183.389	183.463	183.184	183.386	1448	0	22
2026.02.25	04:45:00	183.384	183.459	183.307	183.312	1285	0	22
2026.02.25	05:00:00	183.312	183.789	183.208	183.709	1450	0	22
2026.02.25	05:15:00	183.710	183.914	183.657	183.766	1303	0	22
2026.02.25	05:30:00	183.766	183.805	183.660	183.753	1304	0	22
2026.02.25	05:45:00	183.753	183.826	183.682	183.707	1106	0	22
2026.02.25	06:00:00	183.709	183.946	183.691	183.912	900	0	22
2026.02.25	06:15:00	183.912	183.914	183.780	183.863	889	0	22
2026.02.25	06:30:00	183.862	183.874	183.761	183.797	790	0	22
2026.02.25	06:45:00	183.796	183.822	183.654	183.671	783	0	22
2026.02.25	07:00:00	183.672	183.766	183.672	183.711	944	0	22
2026.02.25	07:15:00	183.711	183.766	183.662	183.748	703	0	22
2026.02.25	07:30:00	183.749	183.813	183.706	183.761	931	0	22
2026.02.25	07:45:00	183.765	183.823	183.583	183.603	1002	0	22
2026.02.25	08:00:00	183.601	183.672	183.541	183.598	1091	0	22
2026.02.25	08:15:00	183.609	183.716	183.554	183.682	965	0	22
2026.02.25	08:30:00	183.685	183.829	183.634	183.811	906	0	15
2026.02.25	08:45:00	183.812	183.899	183.795	183.814	941	0	15
2026.02.25	09:00:00	183.813	183.995	183.783	183.836	1139	0	15
2026.02.25	09:15:00	183.836	183.914	183.815	183.866	1020	0	15
2026.02.25	09:30:00	183.871	183.930	183.795	183.897	995	0	10
2026.02.25	09:45:00	183.890	183.963	183.855	183.945	1110	0	10
2026.02.25	10:00:00	183.945	184.096	183.928	184.050	1311	0	10
2026.02.25	10:15:00	184.050	184.151	184.038	184.124	1154	0	10
2026.02.25	10:30:00	184.125	184.208	184.094	184.124	1164	0	10
2026.02.25	10:45:00	184.125	184.281	184.107	184.279	1027	0	10
2026.02.25	11:00:00	184.286	184.461	184.277	184.374	1245	0	10
2026.02.25	11:15:00	184.373	184.682	184.348	184.606	1278	0	10
2026.02.25	11:30:00	184.619	184.660	184.289	184.400	1530	0	10
2026.02.25	11:45:00	184.385	184.572	184.335	184.533	1272	0	10
2026.02.25	12:00:00	184.535	184.597	184.497	184.594	1076	0	10
2026.02.25	12:15:00	184.589	184.629	184.510	184.592	864	0	10
2026.02.25	12:30:00	184.596	184.660	184.555	184.598	1015	0	10
2026.02.25	12:45:00	184.598	184.706	184.598	184.663	1045	0	10
2026.02.25	13:00:00	184.664	184.681	184.598	184.645	922	0	10
2026.02.25	13:15:00	184.644	184.660	184.551	184.567	879	0	10
2026.02.25	13:30:00	184.566	184.622	184.521	184.618	886	0	10
2026.02.25	13:45:00	184.622	184.644	184.570	184.617	831	0	10
2026.02.25	14:00:00	184.616	184.658	184.564	184.655	997	0	9
2026.02.25	14:15:00	184.656	184.661	184.568	184.579	888	0	9
2026.02.25	14:30:00	184.579	184.768	184.567	184.763	1072	0	9
2026.02.25	14:45:00	184.762	184.763	184.641	184.669	1040	0	9
2026.02.25	15:00:00	184.669	184.720	184.645	184.666	1013	0	9
2026.02.25	15:15:00	184.665	184.690	184.611	184.623	1028	0	9
2026.02.25	15:30:00	184.622	184.649	184.526	184.542	1019	0	9
2026.02.25	15:45:00	184.541	184.573	184.443	184.476	1191	0	9
2026.02.25	16:00:00	184.475	184.570	184.411	184.553	1240	0	9
2026.02.25	16:15:00	184.556	184.617	184.498	184.543	1233	0	9
2026.02.25	16:30:00	184.542	184.542	184.407	184.407	1497	0	9
2026.02.25	16:45:00	184.409	184.601	184.381	184.590	1412	0	9
2026.02.25	17:00:00	184.578	184.593	184.482	184.577	1466	0	9
2026.02.25	17:15:00	184.576	184.604	184.457	184.556	1432	0	9
2026.02.25	17:30:00	184.555	184.556	184.420	184.451	1427	0	9
2026.02.25	17:45:00	184.454	184.585	184.440	184.539	1624	0	9
2026.02.25	18:00:00	184.539	184.678	184.512	184.650	1597	0	9
2026.02.25	18:15:00	184.649	184.671	184.585	184.608	1012	0	9
2026.02.25	18:30:00	184.609	184.641	184.540	184.548	1057	0	9
2026.02.25	18:45:00	184.549	184.589	184.493	184.507	1072	0	9
2026.02.25	19:00:00	184.502	184.608	184.477	184.594	1150	0	20
2026.02.25	19:15:00	184.597	184.607	184.550	184.550	796	0	20
2026.02.25	19:30:00	184.556	184.628	184.546	184.626	928	0	20
2026.02.25	19:45:00	184.624	184.672	184.561	184.579	1024	0	20
2026.02.25	20:00:00	184.580	184.653	184.559	184.600	883	0	20
2026.02.25	20:15:00	184.587	184.623	184.540	184.597	693	0	20
2026.02.25	20:30:00	184.598	184.635	184.535	184.549	607	0	20
2026.02.25	20:45:00	184.536	184.634	184.536	184.607	681	0	20
2026.02.25	21:00:00	184.608	184.676	184.595	184.659	747	0	20
2026.02.25	21:15:00	184.660	184.720	184.647	184.715	690	0	20
2026.02.25	21:30:00	184.717	184.772	184.688	184.693	729	0	20
2026.02.25	21:45:00	184.693	184.716	184.674	184.690	704	0	20
2026.02.25	22:00:00	184.688	184.700	184.622	184.632	655	0	20
2026.02.25	22:15:00	184.631	184.671	184.611	184.657	668	0	20
2026.02.25	22:30:00	184.657	184.669	184.603	184.637	670	0	20
2026.02.25	22:45:00	184.639	184.710	184.608	184.681	859	0	20
2026.02.25	23:00:00	184.662	184.711	184.629	184.652	529	0	60
2026.02.25	23:15:00	184.651	184.670	184.622	184.632	361	0	60
2026.02.25	23:30:00	184.632	184.696	184.621	184.691	549	0	60
2026.02.25	23:45:00	184.689	184.703	184.636	184.655	655	0	33
2026.02.26	00:00:00	184.554	184.631	184.407	184.560	185	0	80
2026.02.26	00:15:00	184.560	184.614	184.488	184.504	254	0	80
2026.02.26	00:30:00	184.502	184.686	184.479	184.624	486	0	80
2026.02.26	00:45:00	184.621	184.642	184.582	184.591	284	0	80
2026.02.26	01:00:00	184.620	184.645	184.560	184.605	608	0	22
2026.02.26	01:15:00	184.605	184.630	184.491	184.546	455	0	22
2026.02.26	01:30:00	184.555	184.588	184.480	184.491	621	0	22
2026.02.26	01:45:00	184.491	184.562	184.443	184.502	673	0	22
2026.02.26	02:00:00	184.501	184.582	184.405	184.473	958	0	22
2026.02.26	02:15:00	184.475	184.475	184.366	184.408	864	0	22
2026.02.26	02:30:00	184.413	184.451	184.335	184.411	979	0	22
2026.02.26	02:45:00	184.413	184.449	184.320	184.366	1274	0	22
2026.02.26	03:00:00	184.366	184.438	184.279	184.429	1215	0	22
2026.02.26	03:15:00	184.428	184.436	184.319	184.340	1141	0	22
2026.02.26	03:30:00	184.338	184.437	184.271	184.361	1284	0	22
2026.02.26	03:45:00	184.360	184.402	184.277	184.292	1147	0	22
2026.02.26	04:00:00	184.304	184.311	184.194	184.203	1104	0	22
2026.02.26	04:15:00	184.204	184.341	184.197	184.335	992	0	22
2026.02.26	04:30:00	184.336	184.363	184.256	184.336	913	0	22
2026.02.26	04:45:00	184.335	184.348	184.234	184.275	812	0	22
2026.02.26	05:00:00	184.277	184.297	184.226	184.263	782	0	22
2026.02.26	05:15:00	184.262	184.262	184.163	184.233	870	0	22
2026.02.26	05:30:00	184.219	184.254	184.169	184.243	675	0	22
2026.02.26	05:45:00	184.245	184.315	184.245	184.273	719	0	22
2026.02.26	06:00:00	184.271	184.334	184.210	184.303	804	0	22
2026.02.26	06:15:00	184.304	184.343	184.286	184.334	664	0	22
2026.02.26	06:30:00	184.338	184.417	184.322	184.372	810	0	22
2026.02.26	06:45:00	184.371	184.385	184.224	184.247	793	0	22
2026.02.26	07:00:00	184.246	184.284	184.164	184.276	934	0	22
2026.02.26	07:15:00	184.263	184.305	184.196	184.286	889	0	22
2026.02.26	07:30:00	184.287	184.332	184.196	184.218	823	0	22
2026.02.26	07:45:00	184.224	184.323	184.080	184.317	1186	0	22
2026.02.26	08:00:00	184.310	184.420	184.265	184.347	931	0	22
2026.02.26	08:15:00	184.350	184.420	184.332	184.392	819	0	22
2026.02.26	08:30:00	184.398	184.418	184.284	184.339	1023	0	15
2026.02.26	08:45:00	184.340	184.415	184.305	184.339	935	0	15
2026.02.26	09:00:00	184.340	184.449	184.333	184.444	1288	0	15
2026.02.26	09:15:00	184.447	184.496	184.380	184.454	1146	0	15
2026.02.26	09:30:00	184.455	184.475	184.399	184.426	877	0	10
2026.02.26	09:45:00	184.427	184.436	184.321	184.389	980	0	10
2026.02.26	10:00:00	184.388	184.388	184.232	184.254	1355	0	10
2026.02.26	10:15:00	184.255	184.257	184.143	184.238	1174	0	10
2026.02.26	10:30:00	184.238	184.272	184.150	184.170	1044	0	10
2026.02.26	10:45:00	184.172	184.199	184.049	184.124	940	0	10
2026.02.26	11:00:00	184.110	184.140	183.996	184.042	1053	0	10
2026.02.26	11:15:00	184.044	184.146	184.031	184.129	1008	0	10
2026.02.26	11:30:00	184.131	184.145	184.026	184.028	948	0	10
2026.02.26	11:45:00	184.028	184.163	184.027	184.124	969	0	10
2026.02.26	12:00:00	184.126	184.162	184.071	184.138	754	0	10
2026.02.26	12:15:00	184.139	184.139	184.093	184.130	665	0	10
2026.02.26	12:30:00	184.129	184.131	184.001	184.001	913	0	10
2026.02.26	12:45:00	184.006	184.040	183.959	184.011	987	0	10
2026.02.26	13:00:00	184.010	184.112	183.995	184.080	972	0	10
2026.02.26	13:15:00	184.066	184.135	184.053	184.123	710	0	10
2026.02.26	13:30:00	184.119	184.177	184.111	184.141	678	0	10
2026.02.26	13:45:00	184.138	184.187	184.126	184.168	738	0	10
2026.02.26	14:00:00	184.182	184.235	184.152	184.201	900	0	9
2026.02.26	14:15:00	184.201	184.218	184.126	184.157	844	0	9
2026.02.26	14:30:00	184.157	184.248	184.148	184.217	756	0	9
2026.02.26	14:45:00	184.217	184.373	184.216	184.316	993	0	9
2026.02.26	15:00:00	184.313	184.425	184.274	184.372	1258	0	9
2026.02.26	15:15:00	184.373	184.394	184.223	184.281	1160	0	9
2026.02.26	15:30:00	184.279	184.326	184.205	184.216	1199	0	9
2026.02.26	15:45:00	184.216	184.403	184.209	184.368	1189	0	9
2026.02.26	16:00:00	184.367	184.421	184.337	184.415	1224	0	9
2026.02.26	16:15:00	184.416	184.429	184.332	184.333	1064	0	9
2026.02.26	16:30:00	184.327	184.385	184.205	184.209	1521	0	9
2026.02.26	16:45:00	184.207	184.219	184.081	184.199	1679	0	9
2026.02.26	17:00:00	184.200	184.289	184.051	184.051	1686	0	9
2026.02.26	17:15:00	184.058	184.076	183.814	183.927	1959	0	9
2026.02.26	17:30:00	183.923	184.086	183.879	183.998	1895	0	9
2026.02.26	17:45:00	184.000	184.117	183.929	184.117	1665	0	9
2026.02.26	18:00:00	184.103	184.206	184.078	184.206	1399	0	9
2026.02.26	18:15:00	184.202	184.247	184.167	184.191	1214	0	9
2026.02.26	18:30:00	184.190	184.250	184.098	184.102	1138	0	9
2026.02.26	18:45:00	184.100	184.149	184.082	184.113	1265	0	9
2026.02.26	19:00:00	184.108	184.179	184.092	184.148	1264	0	20
2026.02.26	19:15:00	184.147	184.168	184.071	184.143	1240	0	20
2026.02.26	19:30:00	184.155	184.195	184.120	184.121	1342	0	20
2026.02.26	19:45:00	184.119	184.164	184.078	184.149	1132	0	20
2026.02.26	20:00:00	184.152	184.193	184.094	184.113	1139	0	20
2026.02.26	20:15:00	184.114	184.219	184.114	184.211	976	0	20
2026.02.26	20:30:00	184.209	184.253	184.182	184.200	1281	0	20
2026.02.26	20:45:00	184.198	184.315	184.181	184.272	1086	0	20
2026.02.26	21:00:00	184.275	184.293	184.239	184.265	1083	0	20
2026.02.26	21:15:00	184.266	184.286	184.216	184.244	992	0	20
2026.02.26	21:30:00	184.243	184.287	184.222	184.241	849	0	20
2026.02.26	21:45:00	184.241	184.262	184.240	184.247	149	0	20
2026.02.27	03:15:00	183.857	183.903	183.786	183.879	939	0	22
2026.02.27	03:30:00	183.884	183.929	183.855	183.884	1127	0	22
2026.02.27	03:45:00	183.883	183.946	183.855	183.901	1170	0	22
2026.02.27	04:00:00	183.900	183.943	183.839	183.839	913	0	22
2026.02.27	04:15:00	183.840	183.911	183.806	183.826	659	0	22
2026.02.27	04:30:00	183.827	183.857	183.749	183.819	844	0	22
2026.02.27	04:45:00	183.820	183.864	183.767	183.788	816	0	22
2026.02.27	05:00:00	183.787	183.874	183.765	183.824	672	0	22
2026.02.27	05:15:00	183.824	183.876	183.801	183.849	788	0	22
2026.02.27	05:30:00	183.850	183.897	183.788	183.881	711	0	22
2026.02.27	05:45:00	183.883	183.913	183.836	183.853	735	0	22
2026.02.27	06:00:00	183.854	183.935	183.808	183.925	549	0	22
2026.02.27	06:15:00	183.926	183.938	183.757	183.771	1047	0	22
2026.02.27	06:30:00	183.756	183.820	183.728	183.780	870	0	22
2026.02.27	06:45:00	183.779	183.794	183.702	183.752	708	0	22
2026.02.27	07:00:00	183.751	183.862	183.741	183.848	688	0	22
2026.02.27	07:15:00	183.862	183.982	183.816	183.966	760	0	22
2026.02.27	07:30:00	183.968	184.009	183.938	183.945	813	0	22
2026.02.27	07:45:00	183.940	184.014	183.913	184.012	851	0	22
2026.02.27	08:00:00	184.012	184.036	183.940	184.003	846	0	22
2026.02.27	08:15:00	184.004	184.066	183.982	184.029	955	0	22
2026.02.27	08:30:00	184.037	184.079	183.968	184.031	994	0	15
2026.02.27	08:45:00	184.032	184.053	183.958	183.992	809	0	15
2026.02.27	09:00:00	183.993	184.091	183.993	184.030	964	0	15
2026.02.27	09:15:00	184.032	184.244	184.031	184.230	1134	0	15
2026.02.27	09:30:00	184.231	184.340	184.194	184.321	1033	0	10
2026.02.27	09:45:00	184.341	184.470	184.341	184.403	1269	0	10
2026.02.27	10:00:00	184.408	184.477	184.306	184.322	1351	0	10
2026.02.27	10:15:00	184.322	184.413	184.299	184.350	1228	0	10
2026.02.27	10:30:00	184.352	184.398	184.287	184.384	1056	0	10
2026.02.27	10:45:00	184.385	184.450	184.344	184.398	955	0	10
2026.02.27	11:00:00	184.379	184.433	184.315	184.400	1144	0	10
2026.02.27	11:15:00	184.401	184.460	184.352	184.384	875	0	10
2026.02.27	11:30:00	184.384	184.423	184.271	184.289	837	0	10
2026.02.27	11:45:00	184.290	184.299	184.056	184.094	1249	0	10
2026.02.27	12:00:00	184.096	184.127	184.017	184.049	1024	0	10
2026.02.27	12:15:00	184.048	184.113	184.030	184.098	881	0	10
2026.02.27	12:30:00	184.097	184.111	184.016	184.049	694	0	10
2026.02.27	12:45:00	184.028	184.081	184.018	184.041	722	0	10
2026.02.27	13:00:00	184.042	184.060	184.008	184.038	742	0	10
2026.02.27	13:15:00	184.038	184.063	183.963	183.992	764	0	10
2026.02.27	13:30:00	183.992	184.012	183.922	184.000	742	0	10
2026.02.27	13:45:00	183.999	184.042	183.964	183.967	853	0	10
2026.02.27	14:00:00	183.969	184.021	183.936	183.981	889	0	9
2026.02.27	14:15:00	183.978	184.046	183.965	184.011	827	0	9
2026.02.27	14:30:00	184.011	184.107	184.009	184.061	811	0	9
2026.02.27	14:45:00	184.062	184.069	183.965	183.993	927	0	9
2026.02.27	15:00:00	183.990	184.192	183.966	184.165	1171	0	9
2026.02.27	15:15:00	184.167	184.203	184.094	184.119	1319	0	9
2026.02.27	15:30:00	184.119	184.197	184.025	184.160	1792	0	9
2026.02.27	15:45:00	184.160	184.186	184.093	184.172	1425	0	9
2026.02.27	16:00:00	184.175	184.254	184.144	184.150	1266	0	9
2026.02.27	16:15:00	184.144	184.216	184.119	184.172	1334	0	9
2026.02.27	16:30:00	184.173	184.270	184.158	184.239	1569	0	9
2026.02.27	16:45:00	184.237	184.324	184.212	184.237	1689	0	9
2026.02.27	17:00:00	184.236	184.323	184.212	184.222	1689	0	9
2026.02.27	17:15:00	184.226	184.336	184.223	184.318	1351	0	9
2026.02.27	17:30:00	184.323	184.382	184.235	184.249	1387	0	9
2026.02.27	17:45:00	184.243	184.417	184.214	184.279	1801	0	9
2026.02.27	18:00:00	184.278	184.417	184.261	184.379	1531	0	9
2026.02.27	18:15:00	184.374	184.459	184.370	184.404	1367	0	9
2026.02.27	18:30:00	184.410	184.466	184.402	184.443	1317	0	9
2026.02.27	18:45:00	184.442	184.502	184.417	184.480	1004	0	9
2026.02.27	19:00:00	184.477	184.541	184.463	184.516	1251	0	20
2026.02.27	19:15:00	184.516	184.552	184.409	184.435	1219	0	20
2026.02.27	19:30:00	184.434	184.459	184.342	184.376	1273	0	20
2026.02.27	19:45:00	184.376	184.412	184.341	184.388	1005	0	20
2026.02.27	20:00:00	184.389	184.414	184.336	184.392	924	0	20
2026.02.27	20:15:00	184.390	184.421	184.337	184.369	860	0	20
2026.02.27	20:30:00	184.371	184.372	184.284	184.364	930	0	20
2026.02.27	20:45:00	184.362	184.384	184.333	184.377	795	0	20
2026.02.27	21:00:00	184.375	184.390	184.329	184.340	943	0	20
2026.02.27	21:15:00	184.340	184.341	184.280	184.295	925	0	20
2026.02.27	21:30:00	184.294	184.357	184.281	184.343	654	0	20
2026.02.27	21:45:00	184.343	184.411	184.322	184.384	750	0	20
2026.02.27	22:00:00	184.385	184.437	184.377	184.430	721	0	20
2026.02.27	22:15:00	184.424	184.494	184.421	184.473	825	0	20
2026.02.27	22:30:00	184.474	184.488	184.421	184.443	781	0	20
2026.02.27	22:45:00	184.441	184.536	184.440	184.533	1055	0	20
2026.02.27	23:00:00	184.519	184.519	184.450	184.467	845	0	60
2026.02.27	23:15:00	184.453	184.509	184.350	184.350	472	0	60
2026.02.27	23:30:00	184.349	184.453	184.317	184.437	506	0	60
2026.02.27	23:45:00	184.435	184.450	184.348	184.366	797	0	60
2026.03.02	00:00:00	183.646	183.829	183.549	183.817	442	0	78
2026.03.02	00:15:00	183.816	183.879	183.728	183.807	509	0	80
2026.03.02	00:30:00	183.809	183.915	183.702	183.851	612	0	80
2026.03.02	00:45:00	183.851	183.880	183.800	183.845	560	0	80
2026.03.02	01:00:00	183.845	184.203	183.758	184.120	1450	0	22
2026.03.02	01:15:00	184.112	184.214	184.053	184.103	1442	0	22
2026.03.02	01:30:00	184.117	184.196	184.073	184.176	1605	0	22
2026.03.02	01:45:00	184.174	184.230	184.130	184.175	1463	0	22
2026.03.02	02:00:00	184.172	184.395	184.126	184.286	1615	0	22
2026.03.02	02:15:00	184.283	184.299	184.023	184.031	1553	0	22
2026.03.02	02:30:00	184.033	184.204	184.023	184.086	1351	0	22
2026.03.02	02:45:00	184.086	184.204	184.002	184.178	1551	0	22
2026.03.02	03:00:00	184.178	184.444	184.178	184.357	1834	0	22
2026.03.02	03:15:00	184.358	184.415	184.294	184.316	1607	0	22
2026.03.02	03:30:00	184.314	184.367	184.214	184.272	1643	0	22
2026.03.02	03:45:00	184.274	184.308	184.195	184.210	1540	0	22
2026.03.02	04:00:00	184.208	184.277	184.154	184.241	1387	0	22
2026.03.02	04:15:00	184.242	184.304	184.134	184.151	1312	0	22
2026.03.02	04:30:00	184.151	184.262	184.119	184.239	1313	0	22
2026.03.02	04:45:00	184.239	184.272	184.149	184.237	1185	0	22
2026.03.02	05:00:00	184.233	184.300	184.191	184.290	1101	0	22
2026.03.02	05:15:00	184.304	184.308	184.180	184.212	1148	0	22
2026.03.02	05:30:00	184.226	184.305	184.192	184.279	1149	0	22
2026.03.02	05:45:00	184.278	184.325	184.240	184.282	943	0	22
2026.03.02	06:00:00	184.281	184.349	184.245	184.275	839	0	22
2026.03.02	06:15:00	184.276	184.378	184.238	184.366	1193	0	22
2026.03.02	06:30:00	184.367	184.454	184.365	184.440	919	0	22
2026.03.02	06:45:00	184.440	184.509	184.424	184.471	957	0	22
2026.03.02	07:00:00	184.469	184.532	184.456	184.492	1084	0	22
2026.03.02	07:15:00	184.493	184.571	184.447	184.542	1078	0	22
2026.03.02	07:30:00	184.546	184.684	184.546	184.578	1137	0	22
2026.03.02	07:45:00	184.577	184.623	184.482	184.517	1330	0	22
2026.03.02	08:00:00	184.516	184.549	184.412	184.428	1474	0	22
2026.03.02	08:15:00	184.427	184.432	184.234	184.280	1535	0	22
2026.03.02	08:30:00	184.279	184.341	184.152	184.171	1563	0	15
2026.03.02	08:45:00	184.172	184.209	183.987	184.059	1543	0	15
2026.03.02	09:00:00	184.062	184.181	183.974	184.001	1855	0	15
2026.03.02	09:15:00	184.000	184.088	183.910	183.983	1537	0	15
2026.03.02	09:30:00	183.986	184.095	183.848	183.857	1535	0	10
2026.03.02	09:45:00	183.856	183.923	183.737	183.923	1632	0	10
2026.03.02	10:00:00	183.934	184.113	183.895	184.112	1973	0	10
2026.03.02	10:15:00	184.110	184.148	183.890	183.906	1735	0	10
2026.03.02	10:30:00	183.908	184.074	183.903	183.982	1588	0	10
2026.03.02	10:45:00	183.991	184.084	183.935	184.007	1514	0	10
2026.03.02	11:00:00	184.008	184.176	183.986	184.131	1598	0	10
2026.03.02	11:15:00	184.132	184.178	184.038	184.157	1352	0	10
2026.03.02	11:30:00	184.156	184.203	184.069	184.163	1310	0	10
2026.03.02	11:45:00	184.159	184.224	184.095	184.208	1304	0	10
2026.03.02	12:00:00	184.211	184.258	184.143	184.182	1258	0	10
2026.03.02	12:15:00	184.182	184.266	184.138	184.211	1187	0	10
2026.03.02	12:30:00	184.212	184.245	184.154	184.178	1026	0	10
2026.03.02	12:45:00	184.178	184.221	184.131	184.192	1100	0	10
2026.03.02	13:00:00	184.191	184.207	184.134	184.165	1092	0	10
2026.03.02	13:15:00	184.166	184.187	184.064	184.074	1177	0	10
2026.03.02	13:30:00	184.068	184.134	184.039	184.118	980	0	10
2026.03.02	13:45:00	184.117	184.197	184.109	184.174	1155	0	10
2026.03.02	14:00:00	184.171	184.271	184.154	184.235	1306	0	9
2026.03.02	14:15:00	184.233	184.272	184.150	184.194	1374	0	9
2026.03.02	14:30:00	184.194	184.253	184.152	184.158	1246	0	9
2026.03.02	14:45:00	184.158	184.235	184.088	184.199	1584	0	9
2026.03.02	15:00:00	184.195	184.290	184.168	184.258	1745	0	9
2026.03.02	15:15:00	184.259	184.472	184.259	184.400	1698	0	9
2026.03.02	15:30:00	184.399	184.423	184.271	184.336	1533	0	9
2026.03.02	15:45:00	184.335	184.386	184.238	184.273	1520	0	9
2026.03.02	16:00:00	184.272	184.393	184.198	184.340	1781	0	9
2026.03.02	16:15:00	184.329	184.442	184.275	184.410	1572	0	9
2026.03.02	16:30:00	184.412	184.555	184.359	184.515	2011	0	9
2026.03.02	16:45:00	184.516	184.574	184.471	184.532	1913	0	9
2026.03.02	17:00:00	184.500	184.615	184.490	184.556	1977	0	9
2026.03.02	17:15:00	184.571	184.579	184.485	184.527	1755	0	9
2026.03.02	17:30:00	184.528	184.581	184.425	184.481	1647	0	9
2026.03.02	17:45:00	184.477	184.478	184.159	184.225	1774	0	9
2026.03.02	18:00:00	184.224	184.238	184.105	184.189	1665	0	9
2026.03.02	18:15:00	184.189	184.209	184.089	184.100	1628	0	9
2026.03.02	18:30:00	184.101	184.132	183.872	183.924	1799	0	9
2026.03.02	18:45:00	183.924	184.125	183.903	184.087	1498	0	9
2026.03.02	19:00:00	184.083	184.186	184.013	184.159	1450	0	20
2026.03.02	19:15:00	184.158	184.203	184.104	184.125	1369	0	20
2026.03.02	19:30:00	184.124	184.169	184.100	184.168	1372	0	20
2026.03.02	19:45:00	184.169	184.236	184.121	184.210	1311	0	20
2026.03.02	20:00:00	184.206	184.227	184.054	184.121	1190	0	20
2026.03.02	20:15:00	184.121	184.151	184.042	184.103	1008	0	20
2026.03.02	20:30:00	184.103	184.136	184.003	184.032	970	0	20
2026.03.02	20:45:00	184.034	184.059	183.989	184.031	965	0	20
2026.03.02	21:00:00	184.028	184.070	183.977	184.014	1311	0	20
2026.03.02	21:15:00	184.015	184.075	184.012	184.053	1053	0	20
2026.03.02	21:30:00	184.054	184.104	183.996	184.020	1079	0	20
2026.03.02	21:45:00	184.015	184.117	184.015	184.043	1048	0	20
2026.03.02	22:00:00	184.029	184.050	183.894	183.931	1733	0	20
2026.03.02	22:15:00	183.929	183.985	183.906	183.914	1712	0	20
2026.03.02	22:30:00	183.914	183.939	183.868	183.917	1353	0	20
2026.03.02	22:45:00	183.917	183.947	183.840	183.944	1224	0	20
2026.03.02	23:00:00	183.926	183.996	183.895	183.966	811	0	60
2026.03.02	23:15:00	183.969	184.045	183.965	184.000	553	0	60
2026.03.02	23:30:00	184.000	184.015	183.864	183.956	590	0	60
2026.03.02	23:45:00	183.956	183.982	183.880	183.918	668	0	23
2026.03.03	00:00:00	183.884	183.936	183.800	183.873	176	0	60
2026.03.03	00:15:00	183.874	183.968	183.873	183.968	283	0	80
2026.03.03	00:30:00	183.970	184.010	183.855	183.928	539	0	80
2026.03.03	00:45:00	183.929	183.955	183.902	183.920	339	0	80
2026.03.03	01:00:00	183.950	184.001	183.913	183.987	612	0	22
2026.03.03	01:15:00	183.986	183.992	183.846	183.930	595	0	22
2026.03.03	01:30:00	183.929	183.972	183.857	183.912	743	0	22
2026.03.03	01:45:00	183.913	183.987	183.891	183.904	835	0	22
2026.03.03	02:00:00	183.906	183.994	183.797	183.994	1170	0	22
2026.03.03	02:15:00	183.995	183.995	183.878	183.969	1045	0	22
2026.03.03	02:30:00	183.969	184.066	183.963	184.057	1097	0	22
2026.03.03	02:45:00	184.058	184.177	184.002	184.171	1347	0	22
2026.03.03	03:00:00	184.172	184.325	184.150	184.292	1311	0	22
2026.03.03	03:15:00	184.282	184.324	184.178	184.207	1397	0	22
2026.03.03	03:30:00	184.208	184.208	184.090	184.127	1236	0	22
2026.03.03	03:45:00	184.125	184.184	183.960	183.963	1345	0	22
2026.03.03	04:00:00	183.961	184.057	183.868	183.919	1419	0	22
2026.03.03	04:15:00	183.923	183.946	183.829	183.907	1377	0	22
2026.03.03	04:30:00	183.909	183.935	183.859	183.905	1283	0	22
2026.03.03	04:45:00	183.907	183.948	183.853	183.878	1064	0	22
2026.03.03	05:00:00	183.881	183.923	183.842	183.866	958	0	22
2026.03.03	05:15:00	183.866	183.959	183.852	183.859	997	0	22
2026.03.03	05:30:00	183.853	183.925	183.795	183.859	981	0	22
2026.03.03	05:45:00	183.864	183.901	183.800	183.848	844	0	22
2026.03.03	06:00:00	183.847	183.898	183.797	183.864	963	0	22
2026.03.03	06:15:00	183.863	183.903	183.828	183.868	854	0	22
2026.03.03	06:30:00	183.867	183.890	183.821	183.865	969	0	22
2026.03.03	06:45:00	183.866	183.884	183.828	183.842	1071	0	22
2026.03.03	07:00:00	183.841	183.934	183.786	183.793	1174	0	22
2026.03.03	07:15:00	183.796	183.799	183.695	183.695	1082	0	22
2026.03.03	07:30:00	183.710	183.719	183.584	183.648	1291	0	22
2026.03.03	07:45:00	183.662	183.702	183.596	183.615	1300	0	22
2026.03.03	08:00:00	183.613	183.704	183.563	183.625	1359	0	22
2026.03.03	08:15:00	183.626	183.638	183.495	183.600	1298	0	22
2026.03.03	08:30:00	183.602	183.603	183.408	183.474	1349	0	15
2026.03.03	08:45:00	183.460	183.528	183.434	183.454	1191	0	15
2026.03.03	09:00:00	183.453	183.479	183.226	183.348	1608	0	15
2026.03.03	09:15:00	183.349	183.528	183.347	183.397	1377	0	15
2026.03.03	09:30:00	183.400	183.430	183.279	183.397	1595	0	10
2026.03.03	09:45:00	183.403	183.455	183.150	183.288	1649	0	10
2026.03.03	10:00:00	183.285	183.409	183.059	183.132	1998	0	10
2026.03.03	10:15:00	183.132	183.313	183.082	183.182	1702	0	10
2026.03.03	10:30:00	183.180	183.228	183.078	183.108	1791	0	10
2026.03.03	10:45:00	183.109	183.171	183.029	183.063	1649	0	10
2026.03.03	11:00:00	183.064	183.205	183.051	183.177	1708	0	10
2026.03.03	11:15:00	183.176	183.179	182.984	183.155	1658	0	10
2026.03.03	11:30:00	183.156	183.261	183.058	183.068	1741	0	10
2026.03.03	11:45:00	183.069	183.082	182.863	182.967	1666	0	10
2026.03.03	12:00:00	182.971	183.043	182.942	182.997	1557	0	10
2026.03.03	12:15:00	182.995	183.098	182.965	183.048	1439	0	10
2026.03.03	12:30:00	183.048	183.087	182.928	183.020	1487	0	10
2026.03.03	12:45:00	183.021	183.099	182.926	182.968	1612	0	10
2026.03.03	13:00:00	182.967	183.098	182.899	182.976	1704	0	10
2026.03.03	13:15:00	182.977	183.098	182.894	182.975	1669	0	10
2026.03.03	13:30:00	182.977	183.088	182.931	183.082	1772	0	10
2026.03.03	13:45:00	183.084	183.183	182.848	182.857	1846	0	10
2026.03.03	14:00:00	182.860	182.936	182.794	182.831	1721	0	9
2026.03.03	14:15:00	182.817	182.960	182.801	182.888	1765	0	9
2026.03.03	14:30:00	182.891	183.121	182.880	183.099	1508	0	9
2026.03.03	14:45:00	183.100	183.119	183.027	183.059	1585	0	9
2026.03.03	15:00:00	183.059	183.095	182.959	183.043	1659	0	9
2026.03.03	15:15:00	183.044	183.095	182.982	183.032	1448	0	9
2026.03.03	15:30:00	183.030	183.058	182.890	182.976	1540	0	9
2026.03.03	15:45:00	182.975	183.050	182.880	182.906	1584	0	9
2026.03.03	16:00:00	182.890	183.074	182.890	182.930	1660	0	9
2026.03.03	16:15:00	182.927	182.953	182.694	182.780	1763	0	9
2026.03.03	16:30:00	182.774	182.861	182.688	182.727	2142	0	9
2026.03.03	16:45:00	182.728	182.747	182.425	182.442	2103	0	9
2026.03.03	17:00:00	182.453	182.521	182.092	182.156	2446	0	9
2026.03.03	17:15:00	182.154	182.406	182.015	182.389	2270	0	9
2026.03.03	17:30:00	182.388	182.853	182.381	182.629	2295	0	9
2026.03.03	17:45:00	182.628	182.732	182.577	182.661	2182	0	9
2026.03.03	18:00:00	182.659	182.935	182.659	182.890	1817	0	9
2026.03.03	18:15:00	182.884	182.939	182.830	182.880	1774	0	9
2026.03.03	18:30:00	182.878	182.900	182.730	182.834	1929	0	9
2026.03.03	18:45:00	182.834	183.008	182.819	182.981	2207	0	9
2026.03.03	19:00:00	182.975	182.986	182.828	182.885	1919	0	20
2026.03.03	19:15:00	182.885	182.947	182.796	182.920	1681	0	20
2026.03.03	19:30:00	182.922	183.002	182.866	182.974	1791	0	20
2026.03.03	19:45:00	182.976	183.024	182.890	182.939	1600	0	20
2026.03.03	20:00:00	182.939	183.075	182.924	183.020	1555	0	20
2026.03.03	20:15:00	183.022	183.073	182.991	182.997	1319	0	20
2026.03.03	20:30:00	183.011	183.057	182.956	183.055	1667	0	20
2026.03.03	20:45:00	183.054	183.131	183.006	183.106	1332	0	20
2026.03.03	21:00:00	183.105	183.149	183.028	183.085	1368	0	20
2026.03.03	21:15:00	183.087	183.112	183.009	183.054	1211	0	20
2026.03.03	21:30:00	183.057	183.166	183.022	183.114	1848	0	20
2026.03.03	21:45:00	183.115	183.198	183.063	183.082	1732	0	20
2026.03.03	22:00:00	183.083	183.103	183.002	183.037	1554	0	20
2026.03.03	22:15:00	183.036	183.113	183.016	183.069	1398	0	20
2026.03.03	22:30:00	183.070	183.132	183.069	183.107	1278	0	20
2026.03.03	22:45:00	183.107	183.175	183.036	183.164	1267	0	20
2026.03.03	23:00:00	183.142	183.176	183.077	183.124	1027	0	60
2026.03.03	23:15:00	183.130	183.138	183.055	183.099	668	0	60
2026.03.03	23:30:00	183.094	183.143	183.080	183.095	561	0	60
2026.03.03	23:45:00	183.095	183.158	183.075	183.091	875	0	29
2026.03.04	00:00:00	182.790	182.974	182.673	182.974	239	0	87
2026.03.04	00:15:00	182.974	183.079	182.970	182.977	317	0	80
2026.03.04	00:30:00	182.978	182.983	182.881	182.932	606	0	80
2026.03.04	00:45:00	182.934	182.967	182.906	182.955	487	0	80
2026.03.04	01:00:00	182.975	183.097	182.953	183.067	797	0	22
2026.03.04	01:15:00	183.070	183.158	183.054	183.126	653	0	22
2026.03.04	01:30:00	183.125	183.167	183.095	183.123	747	0	22
2026.03.04	01:45:00	183.124	183.220	183.097	183.157	955	0	22
2026.03.04	02:00:00	183.163	183.226	182.932	183.017	1562	0	22
2026.03.04	02:15:00	183.021	183.057	182.807	182.864	1391	0	22
2026.03.04	02:30:00	182.863	182.907	182.679	182.720	1578	0	22
2026.03.04	02:45:00	182.722	182.786	182.602	182.617	1462	0	22
2026.03.04	03:00:00	182.619	182.808	182.619	182.704	1457	0	22
2026.03.04	03:15:00	182.703	182.778	182.549	182.614	1640	0	22
2026.03.04	03:30:00	182.607	182.824	182.570	182.822	1658	0	22
2026.03.04	03:45:00	182.819	182.829	182.648	182.689	1548	0	22
2026.03.04	04:00:00	182.690	182.763	182.654	182.750	1489	0	22
2026.03.04	04:15:00	182.751	182.778	182.706	182.725	1232	0	22
2026.03.04	04:30:00	182.725	182.735	182.627	182.718	1348	0	22
2026.03.04	04:45:00	182.718	182.831	182.704	182.777	1275	0	22
2026.03.04	05:00:00	182.785	182.835	182.727	182.785	1186	0	22
2026.03.04	05:15:00	182.786	182.826	182.745	182.806	1016	0	22
2026.03.04	05:30:00	182.807	182.827	182.735	182.789	1215	0	22
2026.03.04	05:45:00	182.792	182.799	182.651	182.709	1095	0	22
2026.03.04	06:00:00	182.703	182.719	182.569	182.595	1149	0	22
2026.03.04	06:15:00	182.597	182.611	182.390	182.424	1128	0	22
2026.03.04	06:30:00	182.419	182.512	182.361	182.501	1258	0	22
2026.03.04	06:45:00	182.500	182.535	182.395	182.443	1242	0	22
2026.03.04	07:00:00	182.444	182.591	182.411	182.539	1291	0	22
2026.03.04	07:15:00	182.538	182.601	182.473	182.583	1215	0	22
2026.03.04	07:30:00	182.581	182.692	182.569	182.638	1105	0	22
2026.03.04	07:45:00	182.639	182.727	182.623	182.687	1147	0	22
2026.03.04	08:00:00	182.687	182.773	182.670	182.748	1321	0	22
2026.03.04	08:15:00	182.749	182.873	182.745	182.859	1348	0	22
2026.03.04	08:30:00	182.863	182.916	182.836	182.858	1323	0	15
2026.03.04	08:45:00	182.857	182.868	182.766	182.791	1166	0	15
2026.03.04	09:00:00	182.793	182.865	182.707	182.829	1454	0	15
2026.03.04	09:15:00	182.829	182.910	182.753	182.843	1260	0	15
2026.03.04	09:30:00	182.845	182.972	182.794	182.948	1322	0	10
2026.03.04	09:45:00	182.950	182.959	182.845	182.896	1330	0	10
2026.03.04	10:00:00	182.908	182.908	182.550	182.638	1787	0	10
2026.03.04	10:15:00	182.641	182.654	182.505	182.565	1569	0	10
2026.03.04	10:30:00	182.567	182.735	182.548	182.644	1435	0	10
2026.03.04	10:45:00	182.648	182.783	182.579	182.583	1430	0	10
2026.03.04	11:00:00	182.583	182.684	182.447	182.649	1688	0	10
2026.03.04	11:15:00	182.650	182.805	182.631	182.686	1523	0	10
2026.03.04	11:30:00	182.687	182.737	182.485	182.503	1339	0	10
2026.03.04	11:45:00	182.504	182.628	182.452	182.478	1370	0	10
2026.03.04	12:00:00	182.479	182.805	182.464	182.758	2008	0	10
2026.03.04	12:15:00	182.757	182.866	182.692	182.841	1969	0	10
2026.03.04	12:30:00	182.840	182.896	182.738	182.870	1568	0	10
2026.03.04	12:45:00	182.863	183.041	182.863	182.991	1298	0	10
2026.03.04	13:00:00	182.989	183.107	182.956	183.084	1251	0	10
2026.03.04	13:15:00	183.088	183.133	182.923	182.953	1354	0	10
2026.03.04	13:30:00	182.953	182.966	182.829	182.948	1210	0	10
2026.03.04	13:45:00	182.945	182.948	182.778	182.931	1244	0	10
2026.03.04	14:00:00	182.932	182.972	182.880	182.936	1340	0	9
2026.03.04	14:15:00	182.950	182.978	182.874	182.876	1378	0	9
2026.03.04	14:30:00	182.876	182.912	182.832	182.888	1278	0	9
2026.03.04	14:45:00	182.887	182.990	182.875	182.966	1322	0	9
2026.03.04	15:00:00	182.969	183.071	182.935	183.037	1650	0	9
2026.03.04	15:15:00	183.032	183.069	182.974	183.038	1552	0	9
2026.03.04	15:30:00	183.034	183.041	182.906	182.960	1482	0	9
2026.03.04	15:45:00	182.960	183.035	182.935	182.957	1489	0	9
2026.03.04	16:00:00	182.955	183.056	182.932	183.019	1551	0	9
2026.03.04	16:15:00	183.019	183.068	182.956	183.013	1467	0	9
2026.03.04	16:30:00	183.014	183.077	182.891	182.913	2218	0	9
2026.03.04	16:45:00	182.918	182.935	182.756	182.796	1968	0	9
2026.03.04	17:00:00	182.795	182.916	182.765	182.854	2103	0	9
2026.03.04	17:15:00	182.849	183.023	182.832	183.017	1660	0	9
2026.03.04	17:30:00	183.017	183.036	182.887	182.938	1654	0	9
2026.03.04	17:45:00	182.938	182.977	182.797	182.894	1672	0	9
2026.03.04	18:00:00	182.897	182.921	182.665	182.667	1672	0	9
2026.03.04	18:15:00	182.675	182.732	182.591	182.645	1409	0	9
2026.03.04	18:30:00	182.646	182.696	182.613	182.664	1340	0	9
2026.03.04	18:45:00	182.663	182.694	182.586	182.624	1202	0	9
2026.03.04	19:00:00	182.616	182.683	182.609	182.627	1161	0	20
2026.03.04	19:15:00	182.629	182.650	182.519	182.519	1188	0	20
2026.03.04	19:30:00	182.518	182.606	182.463	182.589	1135	0	20
2026.03.04	19:45:00	182.589	182.638	182.577	182.612	880	0	20
2026.03.04	20:00:00	182.613	182.681	182.580	182.636	969	0	20
2026.03.04	20:15:00	182.635	182.668	182.618	182.648	884	0	20
2026.03.04	20:30:00	182.654	182.718	182.646	182.717	923	0	20
2026.03.04	20:45:00	182.719	182.725	182.656	182.689	879	0	20
2026.03.04	21:00:00	182.690	182.704	182.617	182.647	796	0	20
2026.03.04	21:15:00	182.648	182.681	182.631	182.641	784	0	20
2026.03.04	21:30:00	182.640	182.679	182.621	182.679	868	0	20
2026.03.04	21:45:00	182.681	182.735	182.635	182.732	908	0	20
2026.03.04	22:00:00	182.733	182.766	182.705	182.755	709	0	20
2026.03.04	22:15:00	182.756	182.839	182.752	182.817	751	0	20
2026.03.04	22:30:00	182.813	182.840	182.794	182.833	677	0	20
2026.03.04	22:45:00	182.833	182.882	182.811	182.854	932	0	20
2026.03.04	23:00:00	182.835	182.849	182.758	182.827	636	0	60
2026.03.04	23:15:00	182.826	182.832	182.748	182.768	482	0	60
2026.03.04	23:30:00	182.768	182.797	182.706	182.734	543	0	60
2026.03.04	23:45:00	182.732	182.755	182.674	182.698	690	0	25
2026.03.05	00:00:00	182.538	182.633	182.523	182.581	162	0	85
2026.03.05	00:15:00	182.618	182.659	182.614	182.658	153	0	80
2026.03.05	00:30:00	182.657	182.715	182.637	182.659	391	0	80
2026.03.05	00:45:00	182.659	182.664	182.631	182.654	253	0	80
2026.03.05	01:00:00	182.683	182.765	182.667	182.754	713	0	22
2026.03.05	01:15:00	182.754	182.769	182.707	182.742	477	0	22
2026.03.05	01:30:00	182.743	182.753	182.688	182.738	557	0	22
2026.03.05	01:45:00	182.736	182.743	182.632	182.633	728	0	22
2026.03.05	02:00:00	182.633	182.637	182.463	182.486	1090	0	22
2026.03.05	02:15:00	182.486	182.571	182.451	182.564	1048	0	22
2026.03.05	02:30:00	182.560	182.572	182.492	182.499	1087	0	22
2026.03.05	02:45:00	182.502	182.551	182.278	182.324	1400	0	22
2026.03.05	03:00:00	182.325	182.446	182.291	182.425	1441	0	22
2026.03.05	03:15:00	182.424	182.448	182.221	182.223	1593	0	22
2026.03.05	03:30:00	182.233	182.273	182.172	182.174	1654	0	22
2026.03.05	03:45:00	182.174	182.287	182.155	182.270	1492	0	22
2026.03.05	04:00:00	182.271	182.368	182.262	182.285	1284	0	22
2026.03.05	04:15:00	182.285	182.310	182.214	182.272	1157	0	22
2026.03.05	04:30:00	182.275	182.419	182.268	182.383	1479	0	22
2026.03.05	04:45:00	182.385	182.473	182.369	182.465	1309	0	22
2026.03.05	05:00:00	182.448	182.492	182.395	182.407	1333	0	22
2026.03.05	05:15:00	182.408	182.426	182.288	182.291	1307	0	22
2026.03.05	05:30:00	182.296	182.314	182.206	182.290	1409	0	22
2026.03.05	05:45:00	182.289	182.409	182.267	182.301	1224	0	22
2026.03.05	06:00:00	182.303	182.422	182.301	182.379	1098	0	22
2026.03.05	06:15:00	182.380	182.419	182.364	182.387	1100	0	22
2026.03.05	06:30:00	182.390	182.408	182.303	182.313	989	0	22
2026.03.05	06:45:00	182.314	182.392	182.300	182.388	931	0	22
2026.03.05	07:00:00	182.393	182.480	182.275	182.370	1161	0	22
2026.03.05	07:15:00	182.369	182.423	182.329	182.370	1225	0	22
2026.03.05	07:30:00	182.376	182.389	182.255	182.272	1300	0	22
2026.03.05	07:45:00	182.273	182.313	182.225	182.254	1334	0	22
2026.03.05	08:00:00	182.256	182.282	182.162	182.222	1648	0	22
2026.03.05	08:15:00	182.224	182.288	182.177	182.222	1205	0	22
2026.03.05	08:30:00	182.227	182.274	182.172	182.216	1448	0	15
2026.03.05	08:45:00	182.219	182.345	182.145	182.261	1752	0	15
2026.03.05	09:00:00	182.262	182.354	182.244	182.280	1549	0	15
2026.03.05	09:15:00	182.283	182.305	182.184	182.295	1399	0	15
2026.03.05	09:30:00	182.299	182.463	182.297	182.440	1314	0	10
2026.03.05	09:45:00	182.438	182.521	182.411	182.501	1382	0	10
2026.03.05	10:00:00	182.499	182.504	182.336	182.343	1781	0	10
2026.03.05	10:15:00	182.340	182.420	182.204	182.225	1734	0	10
2026.03.05	10:30:00	182.224	182.297	182.110	182.267	1456	0	10
2026.03.05	10:45:00	182.267	182.495	182.252	182.413	1352	0	10
2026.03.05	11:00:00	182.430	182.728	182.399	182.683	2306	0	10
2026.03.05	11:15:00	182.680	182.688	182.488	182.562	2204	0	10
2026.03.05	11:30:00	182.555	182.625	182.429	182.609	1924	0	10
2026.03.05	11:45:00	182.610	182.673	182.571	182.658	1660	0	10
2026.03.05	12:00:00	182.654	182.751	182.632	182.697	1365	0	10
2026.03.05	12:15:00	182.696	182.714	182.597	182.632	1271	0	10
2026.03.05	12:30:00	182.636	182.684	182.562	182.607	1303	0	10
2026.03.05	12:45:00	182.608	182.674	182.546	182.623	1169	0	10
2026.03.05	13:00:00	182.642	182.696	182.579	182.677	1286	0	10
2026.03.05	13:15:00	182.664	182.687	182.614	182.629	1045	0	10
2026.03.05	13:30:00	182.628	182.652	182.575	182.628	1144	0	10
2026.03.05	13:45:00	182.628	182.707	182.600	182.693	1204	0	10
2026.03.05	14:00:00	182.709	182.736	182.667	182.723	1121	0	9
2026.03.05	14:15:00	182.723	182.860	182.717	182.830	1318	0	9
2026.03.05	14:30:00	182.831	182.955	182.824	182.934	1189	0	9
2026.03.05	14:45:00	182.931	182.982	182.834	182.948	1340	0	9
2026.03.05	15:00:00	182.954	183.095	182.925	183.065	1625	0	9
2026.03.05	15:15:00	183.067	183.086	182.962	182.975	1537	0	9
2026.03.05	15:30:00	182.989	183.025	182.917	182.931	1676	0	9
2026.03.05	15:45:00	182.930	182.983	182.861	182.955	1599	0	9
2026.03.05	16:00:00	182.964	182.999	182.882	182.967	1705	0	9
2026.03.05	16:15:00	182.967	183.024	182.901	182.922	1505	0	9
2026.03.05	16:30:00	182.921	182.965	182.755	182.778	1800	0	9
2026.03.05	16:45:00	182.775	182.881	182.736	182.809	1877	0	9
2026.03.05	17:00:00	182.818	182.825	182.674	182.795	1918	0	9
2026.03.05	17:15:00	182.787	182.809	182.537	182.605	1820	0	9
2026.03.05	17:30:00	182.609	182.665	182.472	182.546	1774	0	9
2026.03.05	17:45:00	182.548	182.615	182.477	182.561	1907	0	9
2026.03.05	18:00:00	182.557	182.577	182.414	182.506	1882	0	9
2026.03.05	18:15:00	182.506	182.514	182.352	182.407	1853	0	9
2026.03.05	18:30:00	182.402	182.556	182.379	182.537	1743	0	9
2026.03.05	18:45:00	182.538	182.560	182.444	182.524	1622	0	9
2026.03.05	19:00:00	182.513	182.609	182.478	182.542	1678	0	20
2026.03.05	19:15:00	182.542	182.594	182.498	182.539	1531	0	20
2026.03.05	19:30:00	182.536	182.702	182.500	182.685	1793	0	20
2026.03.05	19:45:00	182.683	182.801	182.618	182.713	1723	0	20
2026.03.05	20:00:00	182.712	182.736	182.635	182.659	1647	0	20
2026.03.05	20:15:00	182.663	182.779	182.552	182.773	1729	0	20
2026.03.05	20:30:00	182.772	182.873	182.767	182.820	1627	0	20
2026.03.05	20:45:00	182.819	182.819	182.700	182.746	1433	0	20
2026.03.05	21:00:00	182.747	182.759	182.705	182.725	1315	0	20
2026.03.05	21:15:00	182.724	182.757	182.654	182.679	1309	0	20
2026.03.05	21:30:00	182.675	182.711	182.633	182.669	1339	0	20
2026.03.05	21:45:00	182.668	182.695	182.598	182.622	1282	0	20
2026.03.05	22:00:00	182.621	182.815	182.609	182.769	1866	0	20
2026.03.05	22:15:00	182.775	182.808	182.697	182.743	1700	0	20
2026.03.05	22:30:00	182.741	182.835	182.718	182.823	1538	0	20
2026.03.05	22:45:00	182.824	182.850	182.757	182.833	1356	0	20
2026.03.05	23:00:00	182.815	182.823	182.768	182.775	1051	0	60
2026.03.05	23:15:00	182.776	182.799	182.747	182.765	679	0	60
2026.03.05	23:30:00	182.764	182.800	182.750	182.798	658	0	60
2026.03.05	23:45:00	182.796	182.890	182.780	182.786	819	0	24
2026.03.06	00:00:00	182.708	182.875	182.700	182.825	196	0	97
2026.03.06	00:15:00	182.884	182.901	182.749	182.804	206	0	80
2026.03.06	00:30:00	182.806	182.852	182.798	182.842	168	0	80
2026.03.06	00:45:00	182.840	182.939	182.801	182.830	449	0	80
2026.03.06	01:00:00	182.859	182.894	182.807	182.875	665	0	22
2026.03.06	01:15:00	182.878	182.942	182.867	182.929	370	0	22
2026.03.06	01:30:00	182.929	182.947	182.848	182.849	719	0	22
2026.03.06	01:45:00	182.851	182.893	182.790	182.881	750	0	22
2026.03.06	02:00:00	182.883	182.913	182.727	182.889	1294	0	22
2026.03.06	02:15:00	182.887	182.950	182.860	182.883	1090	0	22
2026.03.06	02:30:00	182.884	182.920	182.816	182.836	1107	0	22
2026.03.06	02:45:00	182.836	182.892	182.747	182.829	1239	0	22
2026.03.06	03:00:00	182.830	182.952	182.788	182.949	1424	0	22
2026.03.06	03:15:00	182.950	182.977	182.884	182.902	1221	0	22
2026.03.06	03:30:00	182.902	182.966	182.878	182.915	1608	0	22
2026.03.06	03:45:00	182.917	182.947	182.866	182.914	1307	0	22
2026.03.06	04:00:00	182.914	183.023	182.896	183.019	1140	0	22
2026.03.06	04:15:00	183.020	183.024	182.936	183.007	931	0	22
2026.03.06	04:30:00	183.005	183.031	182.945	182.946	878	0	22
2026.03.06	04:45:00	182.944	182.991	182.933	182.944	823	0	22
2026.03.06	05:00:00	182.945	182.988	182.929	182.954	761	0	22
2026.03.06	05:15:00	182.955	182.997	182.937	182.996	743	0	22
2026.03.06	05:30:00	182.996	182.998	182.943	182.967	713	0	22
2026.03.06	05:45:00	182.968	183.005	182.946	182.991	674	0	22
2026.03.06	06:00:00	183.006	183.044	182.977	183.018	803	0	22
2026.03.06	06:15:00	183.019	183.077	182.997	183.071	640	0	22
2026.03.06	06:30:00	183.070	183.084	183.045	183.069	817	0	22
2026.03.06	06:45:00	183.069	183.129	183.054	183.107	785	0	22
2026.03.06	07:00:00	183.107	183.167	183.090	183.135	845	0	22
2026.03.06	07:15:00	183.136	183.236	183.134	183.229	971	0	22
2026.03.06	07:30:00	183.231	183.231	183.132	183.195	1081	0	22
2026.03.06	07:45:00	183.195	183.243	183.103	183.199	1437	0	22
2026.03.06	08:00:00	183.200	183.249	183.135	183.156	1180	0	22
2026.03.06	08:15:00	183.155	183.236	183.116	183.152	1111	0	22
2026.03.06	08:30:00	183.155	183.267	183.139	183.234	1129	0	15
2026.03.06	08:45:00	183.230	183.249	183.130	183.154	1081	0	15
2026.03.06	09:00:00	183.156	183.183	183.078	183.108	1061	0	15
2026.03.06	09:15:00	183.109	183.161	183.075	183.078	1187	0	15
2026.03.06	09:30:00	183.077	183.084	182.995	183.036	1053	0	10
2026.03.06	09:45:00	183.038	183.065	182.961	182.973	1410	0	0
2026.03.06	10:00:00	182.973	182.976	182.795	182.872	2725	0	0
2026.03.06	10:15:00	182.872	182.941	182.821	182.862	2189	0	0
2026.03.06	10:30:00	182.862	182.978	182.845	182.971	1926	0	0
2026.03.06	10:45:00	182.971	182.997	182.873	182.930	1744	0	0
2026.03.06	11:00:00	182.930	182.951	182.857	182.889	2525	0	0
2026.03.06	11:15:00	182.889	182.912	182.814	182.859	2605	0	0
2026.03.06	11:30:00	182.859	182.865	182.733	182.757	3122	0	0
2026.03.06	11:45:00	182.757	182.774	182.687	182.711	2615	0	0
2026.03.06	12:00:00	182.711	182.766	182.706	182.720	2209	0	0
2026.03.06	12:15:00	182.720	182.787	182.713	182.760	2156	0	0
2026.03.06	12:30:00	182.760	182.836	182.751	182.784	2522	0	0
2026.03.06	12:45:00	182.784	182.844	182.753	182.800	1809	0	0
2026.03.06	13:00:00	182.799	182.816	182.626	182.794	3083	0	0
2026.03.06	13:15:00	182.794	182.824	182.738	182.802	2456	0	0
2026.03.06	13:30:00	182.802	182.816	182.688	182.697	2474	0	0
2026.03.06	13:45:00	182.697	182.714	182.628	182.636	2565	0	0
2026.03.06	14:00:00	182.635	182.676	182.504	182.526	2683	0	0
2026.03.06	14:15:00	182.526	182.722	182.526	182.651	2898	0	0
2026.03.06	14:30:00	182.651	182.675	182.560	182.578	2556	0	0
2026.03.06	14:45:00	182.578	182.619	182.542	182.572	2521	0	0
2026.03.06	15:00:00	182.572	182.616	182.535	182.600	3256	0	0
2026.03.06	15:15:00	182.600	182.637	182.564	182.577	2818	0	0
2026.03.06	15:30:00	182.579	182.625	182.383	182.591	9219	0	0
2026.03.06	15:45:00	182.591	182.600	182.374	182.425	7113	0	0
2026.03.06	16:00:00	182.424	182.487	182.388	182.442	5800	0	0
2026.03.06	16:15:00	182.442	182.626	182.416	182.617	5248	0	0
2026.03.06	16:30:00	182.619	182.676	182.511	182.525	6917	0	0
2026.03.06	16:45:00	182.525	182.580	182.417	182.455	6079	0	0
2026.03.06	17:00:00	182.454	182.689	182.429	182.687	7324	0	0
2026.03.06	17:15:00	182.687	182.763	182.565	182.627	5645	0	0
2026.03.06	17:30:00	182.627	182.716	182.493	182.562	5286	0	0
2026.03.06	17:45:00	182.562	182.572	182.372	182.481	5380	0	0
2026.03.06	18:00:00	182.481	182.803	182.476	182.774	5080	0	0
2026.03.06	18:15:00	182.774	182.860	182.747	182.794	4177	0	0
2026.03.06	18:30:00	182.794	182.944	182.750	182.890	4293	0	0
2026.03.06	18:45:00	182.890	182.950	182.854	182.949	4195	0	0
2026.03.06	19:00:00	182.949	182.964	182.854	182.864	4293	0	0
2026.03.06	19:15:00	182.865	182.984	182.842	182.912	4185	0	0
2026.03.06	19:30:00	182.912	183.069	182.911	183.038	4073	0	0
2026.03.06	19:45:00	183.038	183.084	182.974	182.986	3339	0	0
2026.03.06	20:00:00	182.986	183.135	182.985	183.102	4014	0	0
2026.03.06	20:15:00	183.103	183.173	183.063	183.072	4416	0	0
2026.03.06	20:30:00	183.072	183.097	183.010	183.054	2833	0	0
2026.03.06	20:45:00	183.054	183.083	183.019	183.041	2259	0	0
2026.03.06	21:00:00	183.041	183.137	183.032	183.125	2346	0	0
2026.03.06	21:15:00	183.124	183.161	183.088	183.152	2337	0	0
2026.03.06	21:30:00	183.152	183.165	183.114	183.126	2090	0	0
2026.03.06	21:45:00	183.125	183.175	183.100	183.157	2278	0	0
2026.03.06	22:00:00	183.153	183.220	183.153	183.208	3081	0	0
2026.03.06	22:15:00	183.209	183.233	183.176	183.197	3251	0	0
2026.03.06	22:30:00	183.197	183.228	183.150	183.205	3533	0	0
2026.03.06	22:45:00	183.205	183.304	183.197	183.264	3698	0	0
2026.03.06	23:00:00	183.264	183.344	183.229	183.342	1940	0	0
2026.03.06	23:15:00	183.342	183.385	183.322	183.330	1769	0	0
2026.03.06	23:30:00	183.329	183.343	183.243	183.261	1627	0	1
2026.03.06	23:45:00	183.256	183.353	183.208	183.313	2124	0	0
2026.03.09	00:00:00	182.531	182.694	182.475	182.644	2622	0	0
2026.03.09	00:15:00	182.644	182.822	182.644	182.759	2326	0	0
2026.03.09	00:30:00	182.758	182.824	182.586	182.664	1857	0	0
2026.03.09	00:45:00	182.664	182.749	182.584	182.631	3696	0	0
2026.03.09	01:00:00	182.631	182.664	182.528	182.580	4102	0	0
2026.03.09	01:15:00	182.580	182.639	182.548	182.601	2800	0	0
2026.03.09	01:30:00	182.601	182.622	182.399	182.468	3370	0	0
2026.03.09	01:45:00	182.468	182.586	182.451	182.553	3182	0	0
2026.03.09	02:00:00	182.553	182.621	182.483	182.542	3616	0	0
2026.03.09	02:15:00	182.542	182.582	182.464	182.548	3121	0	0
2026.03.09	02:30:00	182.549	182.757	182.541	182.737	2829	0	0
2026.03.09	02:45:00	182.737	182.761	182.620	182.718	3679	0	0
2026.03.09	03:00:00	182.718	182.759	182.653	182.695	4291	0	0
2026.03.09	03:15:00	182.695	182.731	182.661	182.688	3044	0	0
2026.03.09	03:30:00	182.688	182.759	182.674	182.680	3080	0	0
2026.03.09	03:45:00	182.680	182.729	182.564	182.643	3155	0	0
2026.03.09	04:00:00	182.643	182.837	182.643	182.736	4168	0	0
2026.03.09	04:15:00	182.736	182.815	182.663	182.784	3775	0	0
2026.03.09	04:30:00	182.783	182.897	182.751	182.878	3212	0	0
2026.03.09	04:45:00	182.878	182.955	182.870	182.907	2726	0	0
2026.03.09	05:00:00	182.907	182.966	182.832	182.865	2562	0	0
2026.03.09	05:15:00	182.865	182.995	182.863	182.982	3304	0	0
2026.03.09	05:30:00	182.982	183.043	182.914	182.935	3810	0	0
2026.03.09	05:45:00	182.935	182.977	182.914	182.951	2436	0	0
2026.03.09	06:00:00	182.951	183.102	182.924	183.030	2608	0	0
2026.03.09	06:15:00	183.030	183.046	182.960	182.984	1793	0	0
2026.03.09	06:30:00	182.984	183.032	182.889	183.005	2663	0	0
2026.03.09	06:45:00	183.006	183.020	182.912	182.937	1889	0	0
2026.03.09	07:00:00	182.937	183.053	182.931	183.050	2152	0	0
2026.03.09	07:15:00	183.050	183.225	182.984	183.048	4335	0	0
2026.03.09	07:30:00	183.050	183.118	182.952	183.072	3274	0	0
2026.03.09	07:45:00	183.072	183.255	183.064	183.200	3612	0	0
2026.03.09	08:00:00	183.200	183.232	183.091	183.118	3556	0	0
2026.03.09	08:15:00	183.118	183.294	183.078	183.264	3048	0	0
2026.03.09	08:30:00	183.266	183.325	183.185	183.223	2836	0	0
2026.03.09	08:45:00	183.223	183.233	183.123	183.125	3246	0	0
2026.03.09	09:00:00	183.126	183.227	182.987	183.167	4065	0	0
2026.03.09	09:15:00	183.167	183.177	183.048	183.091	3079	0	0
2026.03.09	09:30:00	183.091	183.230	183.064	183.191	3421	0	0
2026.03.09	09:45:00	183.191	183.257	183.134	183.236	3154	0	0
2026.03.09	10:00:00	183.236	183.253	183.034	183.090	4692	0	0
2026.03.09	10:15:00	183.090	183.090	182.793	182.804	4930	0	0
2026.03.09	10:30:00	182.804	182.866	182.656	182.857	4833	0	0
2026.03.09	10:45:00	182.857	182.990	182.782	182.979	4258	0	0
2026.03.09	11:00:00	182.980	183.024	182.872	182.924	4315	0	0
2026.03.09	11:15:00	182.924	183.047	182.905	182.985	3897	0	0
2026.03.09	11:30:00	182.985	183.139	182.954	183.067	5328	0	0
2026.03.09	11:45:00	183.067	183.193	183.011	183.057	4681	0	0
2026.03.09	12:00:00	183.057	183.108	183.005	183.023	4219	0	0
2026.03.09	12:15:00	183.023	183.123	183.020	183.100	3274	0	0
2026.03.09	12:30:00	183.100	183.196	183.052	183.190	5223	0	0
2026.03.09	12:45:00	183.190	183.273	183.142	183.189	5385	0	0
2026.03.09	13:00:00	183.189	183.237	183.159	183.227	4766	0	0
2026.03.09	13:15:00	183.227	183.239	183.159	183.180	4265	0	0
2026.03.09	13:30:00	183.180	183.223	183.135	183.153	4061	0	0
2026.03.09	13:45:00	183.153	183.229	183.138	183.210	4303	0	0
2026.03.09	14:00:00	183.213	183.278	183.156	183.195	4441	0	0
2026.03.09	14:15:00	183.194	183.210	183.075	183.125	4380	0	0
2026.03.09	14:30:00	183.125	183.224	183.123	183.206	4889	0	0
2026.03.09	14:45:00	183.206	183.239	183.162	183.204	4538	0	0
2026.03.09	15:00:00	183.205	183.247	183.118	183.127	6052	0	0
2026.03.09	15:15:00	183.127	183.304	183.120	183.293	5172	0	0
2026.03.09	15:30:00	183.294	183.343	183.260	183.325	7183	0	0
2026.03.09	15:45:00	183.326	183.402	183.260	183.276	7321	0	0
2026.03.09	16:00:00	183.274	183.302	183.050	183.141	8998	0	0
2026.03.09	16:15:00	183.141	183.188	183.079	183.111	7607	0	0
2026.03.09	16:30:00	183.111	183.223	183.107	183.222	6256	0	0
2026.03.09	16:45:00	183.222	183.346	183.216	183.301	6292	0	0
2026.03.09	17:00:00	183.301	183.377	183.244	183.295	5504	0	0
2026.03.09	17:15:00	183.294	183.326	183.222	183.234	5211	0	0
2026.03.09	17:30:00	183.234	183.234	183.146	183.214	4852	0	0
2026.03.09	17:45:00	183.214	183.249	183.130	183.247	5231	0	0
2026.03.09	18:00:00	183.247	183.330	183.238	183.321	4500	0	0
2026.03.09	18:15:00	183.321	183.364	183.290	183.304	4809	0	0
2026.03.09	18:30:00	183.305	183.339	183.227	183.248	4558	0	0
2026.03.09	18:45:00	183.249	183.265	183.198	183.246	3359	0	0
2026.03.09	19:00:00	183.246	183.361	183.220	183.360	3758	0	0
2026.03.09	19:15:00	183.360	183.372	183.313	183.341	3193	0	0
2026.03.09	19:30:00	183.340	183.394	183.319	183.386	3226	0	0
2026.03.09	19:45:00	183.386	183.443	183.336	183.340	2770	0	0
2026.03.09	20:00:00	183.340	183.380	183.292	183.294	3502	0	0
2026.03.09	20:15:00	183.295	183.377	183.292	183.376	3151	0	0
2026.03.09	20:30:00	183.376	183.395	183.336	183.362	3056	0	0
2026.03.09	20:45:00	183.362	183.411	183.346	183.373	2415	0	0
2026.03.09	21:00:00	183.374	183.419	183.362	183.417	1987	0	0
2026.03.09	21:15:00	183.417	183.478	183.366	183.402	9285	0	0
2026.03.09	21:30:00	183.402	183.418	183.285	183.372	8900	0	0
2026.03.09	21:45:00	183.372	183.416	183.175	183.256	7872	0	0
2026.03.09	22:00:00	183.256	183.422	183.254	183.284	3466	0	0
2026.03.09	22:15:00	183.284	183.341	183.217	183.315	2286	0	0
2026.03.09	22:30:00	183.315	183.369	183.242	183.368	2415	0	0
2026.03.09	22:45:00	183.368	183.473	183.314	183.356	2813	0	0
2026.03.09	23:00:00	183.356	183.487	183.340	183.446	282	0	0
2026.03.09	23:15:00	183.446	183.479	183.441	183.461	258	0	1
2026.03.09	23:30:00	183.461	183.512	183.461	183.478	447	0	0
2026.03.09	23:45:00	183.478	183.508	183.459	183.472	539	0	0
2026.03.10	00:00:00	183.468	183.619	183.437	183.618	2415	0	0
2026.03.10	00:15:00	183.618	183.636	183.505	183.597	1938	0	0
2026.03.10	00:30:00	183.597	183.600	183.496	183.516	3087	0	0
2026.03.10	00:45:00	183.516	183.562	183.499	183.532	3659	0	0
2026.03.10	01:00:00	183.532	183.540	183.457	183.522	3781	0	0
2026.03.10	01:15:00	183.522	183.529	183.462	183.498	2095	0	0
2026.03.10	01:30:00	183.500	183.505	183.444	183.481	2209	0	0
2026.03.10	01:45:00	183.481	183.497	183.365	183.399	2122	0	0
2026.03.10	02:00:00	183.399	183.451	183.309	183.386	3919	0	0
2026.03.10	02:15:00	183.386	183.400	183.302	183.383	4179	0	0
2026.03.10	02:30:00	183.383	183.481	183.330	183.360	4112	0	0
2026.03.10	02:45:00	183.360	183.366	183.175	183.221	5170	0	0
2026.03.10	03:00:00	183.221	183.231	183.149	183.175	4765	0	0
2026.03.10	03:15:00	183.175	183.284	183.175	183.240	4029	0	0
2026.03.10	03:30:00	183.240	183.251	183.057	183.094	3923	0	0
2026.03.10	03:45:00	183.094	183.206	183.076	183.163	4015	0	0
2026.03.10	04:00:00	183.163	183.231	183.124	183.221	3209	0	0
2026.03.10	04:15:00	183.221	183.271	183.200	183.242	2815	0	0
2026.03.10	04:30:00	183.243	183.277	183.226	183.241	3333	0	0
2026.03.10	04:45:00	183.241	183.283	183.197	183.273	3469	0	0
2026.03.10	05:00:00	183.273	183.341	183.268	183.319	3254	0	0
2026.03.10	05:15:00	183.320	183.374	183.279	183.286	2414	0	0
2026.03.10	05:30:00	183.286	183.317	183.250	183.301	2529	0	0
2026.03.10	05:45:00	183.301	183.319	183.253	183.303	3180	0	0
2026.03.10	06:00:00	183.303	183.331	183.277	183.287	2488	0	0
2026.03.10	06:15:00	183.287	183.293	183.228	183.261	2064	0	0
2026.03.10	06:30:00	183.261	183.281	183.209	183.216	1963	0	0
2026.03.10	06:45:00	183.215	183.262	183.197	183.208	1854	0	0
2026.03.10	07:00:00	183.208	183.251	183.149	183.157	2746	0	0
2026.03.10	07:15:00	183.158	183.206	183.150	183.168	3189	0	0
2026.03.10	07:30:00	183.165	183.221	183.120	183.167	2363	0	0
2026.03.10	07:45:00	183.167	183.233	183.165	183.184	2919	0	0
2026.03.10	08:00:00	183.185	183.229	183.155	183.210	2923	0	0
2026.03.10	08:15:00	183.210	183.234	183.181	183.233	2735	0	0
2026.03.10	08:30:00	183.233	183.314	183.200	183.310	3181	0	0
2026.03.10	08:45:00	183.310	183.328	183.252	183.268	2839	0	0
2026.03.10	09:00:00	183.268	183.355	183.238	183.263	4638	0	0
2026.03.10	09:15:00	183.263	183.305	183.224	183.274	4182	0	0
2026.03.10	09:30:00	183.274	183.356	183.247	183.333	3863	0	0
2026.03.10	09:45:00	183.333	183.447	183.314	183.420	4874	0	0
2026.03.10	10:00:00	183.420	183.500	183.388	183.449	5803	0	0
2026.03.10	10:15:00	183.450	183.499	183.351	183.488	4366	0	0
2026.03.10	10:30:00	183.488	183.665	183.474	183.651	4604	0	0
2026.03.10	10:45:00	183.651	183.698	183.583	183.655	4026	0	0
2026.03.10	11:00:00	183.655	183.724	183.628	183.684	3813	0	0
2026.03.10	11:15:00	183.684	183.710	183.642	183.658	3887	0	0
2026.03.10	11:30:00	183.658	183.693	183.632	183.687	2897	0	0
2026.03.10	11:45:00	183.687	183.742	183.657	183.697	3918	0	0
2026.03.10	12:00:00	183.698	183.765	183.687	183.761	3581	0	0
2026.03.10	12:15:00	183.760	183.760	183.650	183.668	3648	0	0
2026.03.10	12:30:00	183.668	183.680	183.469	183.603	5100	0	0
2026.03.10	12:45:00	183.602	183.662	183.567	183.633	3449	0	0
2026.03.10	13:00:00	183.633	183.748	183.624	183.719	5413	0	0
2026.03.10	13:15:00	183.719	183.746	183.668	183.715	3680	0	0
2026.03.10	13:30:00	183.715	183.725	183.671	183.720	3885	0	0
2026.03.10	13:45:00	183.721	183.765	183.652	183.656	3447	0	0
2026.03.10	14:00:00	183.652	183.685	183.501	183.587	5552	0	0
2026.03.10	14:15:00	183.587	183.683	183.583	183.665	4655	0	0
2026.03.10	14:30:00	183.665	183.705	183.582	183.684	4463	0	0
2026.03.10	14:45:00	183.684	183.705	183.564	183.604	4273	0	0
2026.03.10	15:00:00	183.604	183.691	183.551	183.648	4662	0	0
2026.03.10	15:15:00	183.648	183.698	183.598	183.653	4684	0	0
2026.03.10	15:30:00	183.653	183.677	183.563	183.633	6745	0	0
2026.03.10	15:45:00	183.633	183.650	183.553	183.605	5843	0	0
2026.03.10	16:00:00	183.605	183.686	183.581	183.628	6494	0	0
2026.03.10	16:15:00	183.627	183.685	183.560	183.577	4845	0	0
2026.03.10	16:30:00	183.575	183.669	183.575	183.664	5397	0	0
2026.03.10	16:45:00	183.664	183.708	183.612	183.686	4584	0	0
2026.03.10	17:00:00	183.686	183.722	183.640	183.651	4378	0	0
2026.03.10	17:15:00	183.651	183.653	183.579	183.597	3909	0	0
2026.03.10	17:30:00	183.597	183.677	183.594	183.627	4162	0	0
2026.03.10	17:45:00	183.627	183.651	183.567	183.569	4420	0	0
2026.03.10	18:00:00	183.569	183.593	183.506	183.577	4065	0	0
2026.03.10	18:15:00	183.577	183.611	183.542	183.605	3061	0	0
2026.03.10	18:30:00	183.605	183.634	183.530	183.551	3298	0	0
2026.03.10	18:45:00	183.551	183.620	183.545	183.599	3306	0	0
2026.03.10	19:00:00	183.599	183.651	183.554	183.571	4258	0	0
2026.03.10	19:15:00	183.571	183.667	183.560	183.580	5642	0	0
2026.03.10	19:30:00	183.579	183.662	183.541	183.551	5876	0	0
2026.03.10	19:45:00	183.551	183.574	183.514	183.531	3824	0	0
2026.03.10	20:00:00	183.531	183.614	183.513	183.513	5146	0	0
2026.03.10	20:15:00	183.514	183.613	183.451	183.599	9604	0	0
2026.03.10	20:30:00	183.599	183.641	183.546	183.609	8296	0	0
2026.03.10	20:45:00	183.609	183.638	183.506	183.514	6201	0	0
2026.03.10	21:00:00	183.514	183.557	183.494	183.538	5269	0	0
2026.03.10	21:15:00	183.538	183.574	183.494	183.516	4007	0	0
2026.03.10	21:30:00	183.515	183.636	183.489	183.578	5233	0	0
2026.03.10	21:45:00	183.577	183.597	183.520	183.548	4207	0	0
2026.03.10	22:00:00	183.547	183.556	183.488	183.510	2466	0	0
2026.03.10	22:15:00	183.510	183.545	183.466	183.540	1803	0	0
2026.03.10	22:30:00	183.540	183.566	183.493	183.498	1623	0	0
2026.03.10	22:45:00	183.497	183.521	183.459	183.467	1694	0	0
2026.03.10	23:00:00	183.466	183.561	183.446	183.461	145	0	0
2026.03.10	23:15:00	183.461	183.589	183.448	183.581	315	0	0
2026.03.10	23:30:00	183.581	183.581	183.488	183.531	764	0	1
2026.03.10	23:45:00	183.531	183.567	183.509	183.518	319	0	1
2026.03.11	00:00:00	183.518	183.559	183.507	183.536	742	0	0
2026.03.11	00:15:00	183.536	183.580	183.534	183.540	743	0	0
2026.03.11	00:30:00	183.540	183.563	183.510	183.524	1072	0	0
2026.03.11	00:45:00	183.523	183.574	183.507	183.554	959	0	0
2026.03.11	01:00:00	183.554	183.591	183.552	183.582	1226	0	0
2026.03.11	01:15:00	183.582	183.603	183.543	183.593	1112	0	0
2026.03.11	01:30:00	183.593	183.594	183.538	183.560	945	0	0
2026.03.11	01:45:00	183.560	183.624	183.532	183.586	1577	0	0
2026.03.11	02:00:00	183.586	183.662	183.537	183.596	3905	0	0
2026.03.11	02:15:00	183.596	183.645	183.564	183.627	3188	0	0
2026.03.11	02:30:00	183.627	183.719	183.625	183.714	2706	0	0
2026.03.11	02:45:00	183.714	183.865	183.713	183.793	2945	0	0
2026.03.11	03:00:00	183.793	183.898	183.792	183.885	4123	0	0
2026.03.11	03:15:00	183.885	183.995	183.864	183.983	3606	0	0
2026.03.11	03:30:00	183.983	184.038	183.927	183.974	3368	0	0
2026.03.11	03:45:00	183.973	184.055	183.929	184.027	2669	0	0
2026.03.11	04:00:00	184.027	184.049	183.990	184.031	2744	0	0
2026.03.11	04:15:00	184.031	184.080	184.017	184.048	1980	0	0
2026.03.11	04:30:00	184.048	184.063	184.002	184.052	2048	0	0
2026.03.11	04:45:00	184.052	184.079	183.993	184.032	2575	0	0
2026.03.11	05:00:00	184.033	184.058	183.978	184.003	1972	0	0
2026.03.11	05:15:00	184.003	184.037	183.987	183.993	1716	0	0
2026.03.11	05:30:00	183.993	184.000	183.968	183.992	2095	0	0
2026.03.11	05:45:00	183.992	184.015	183.967	183.992	1801	0	0
2026.03.11	06:00:00	183.992	184.037	183.991	184.026	1791	0	0
2026.03.11	06:15:00	184.026	184.078	184.015	184.062	1641	0	0
2026.03.11	06:30:00	184.062	184.069	184.027	184.035	1735	0	0
2026.03.11	06:45:00	184.035	184.040	183.922	183.936	1739	0	0
2026.03.11	07:00:00	183.938	183.994	183.894	183.900	2357	0	0
2026.03.11	07:15:00	183.900	183.936	183.888	183.930	1504	0	0
2026.03.11	07:30:00	183.930	183.959	183.904	183.937	1850	0	0
2026.03.11	07:45:00	183.937	184.024	183.928	184.003	2204	0	0
2026.03.11	08:00:00	184.003	184.009	183.906	183.972	2849	0	0
2026.03.11	08:15:00	183.973	183.986	183.802	183.819	2727	0	0
2026.03.11	08:30:00	183.819	183.849	183.727	183.746	2661	0	0
2026.03.11	08:45:00	183.746	183.826	183.731	183.807	2028	0	0
2026.03.11	09:00:00	183.807	183.839	183.738	183.760	3828	0	0
2026.03.11	09:15:00	183.760	183.998	183.757	183.899	5244	0	0
2026.03.11	09:30:00	183.899	183.940	183.830	183.853	3793	0	0
2026.03.11	09:45:00	183.853	183.908	183.779	183.812	3582	0	0
2026.03.11	10:00:00	183.812	183.879	183.784	183.876	4765	0	0
2026.03.11	10:15:00	183.876	183.916	183.826	183.905	4020	0	0
2026.03.11	10:30:00	183.904	183.940	183.856	183.859	3483	0	0
2026.03.11	10:45:00	183.859	183.949	183.823	183.948	4349	0	0
2026.03.11	11:00:00	183.949	183.981	183.689	183.798	6016	0	0
2026.03.11	11:15:00	183.798	183.807	183.631	183.669	4476	0	0
2026.03.11	11:30:00	183.669	183.775	183.666	183.732	3811	0	0
2026.03.11	11:45:00	183.732	183.770	183.690	183.707	3296	0	0
2026.03.11	12:00:00	183.707	183.780	183.688	183.768	3687	0	0
2026.03.11	12:15:00	183.768	183.828	183.763	183.797	3054	0	0
2026.03.11	12:30:00	183.797	183.848	183.784	183.812	3479	0	0
2026.03.11	12:45:00	183.813	183.815	183.679	183.729	2650	0	0
2026.03.11	13:00:00	183.729	183.734	183.660	183.698	2761	0	0
2026.03.11	13:15:00	183.698	183.749	183.683	183.722	2793	0	0
2026.03.11	13:30:00	183.722	183.849	183.710	183.839	3129	0	0
2026.03.11	13:45:00	183.838	183.907	183.765	183.776	5087	0	0
2026.03.11	14:00:00	183.776	183.817	183.736	183.775	4578	0	0
2026.03.11	14:15:00	183.773	183.785	183.667	183.764	4618	0	0
2026.03.11	14:30:00	183.768	183.799	183.673	183.740	6826	0	0
2026.03.11	14:45:00	183.739	183.742	183.637	183.712	6410	0	0
2026.03.11	15:00:00	183.712	183.718	183.594	183.670	5736	0	0
2026.03.11	15:15:00	183.670	183.755	183.642	183.701	3976	0	0
2026.03.11	15:30:00	183.699	183.741	183.651	183.703	5154	0	0
2026.03.11	15:45:00	183.703	183.765	183.677	183.707	5576	0	0
2026.03.11	16:00:00	183.707	183.885	183.688	183.826	11060	0	0
2026.03.11	16:15:00	183.825	183.866	183.759	183.864	6408	0	0
2026.03.11	16:30:00	183.864	183.891	183.777	183.812	5297	0	0
2026.03.11	16:45:00	183.812	183.868	183.761	183.793	5175	0	0
2026.03.11	17:00:00	183.793	183.825	183.723	183.756	5065	0	0
2026.03.11	17:15:00	183.758	183.810	183.728	183.788	4000	0	0
2026.03.11	17:30:00	183.788	183.809	183.733	183.772	4463	0	0
2026.03.11	17:45:00	183.772	183.798	183.706	183.711	4742	0	0
2026.03.11	18:00:00	183.711	183.765	183.678	183.741	4550	0	0
2026.03.11	18:15:00	183.741	183.790	183.705	183.763	4540	0	0
2026.03.11	18:30:00	183.763	183.816	183.747	183.773	3994	0	0
2026.03.11	18:45:00	183.774	183.805	183.761	183.789	2787	0	0
2026.03.11	19:00:00	183.789	183.867	183.769	183.855	3112	0	0
2026.03.11	19:15:00	183.855	183.942	183.843	183.928	3547	0	0
2026.03.11	19:30:00	183.928	183.939	183.786	183.825	5378	0	0
2026.03.11	19:45:00	183.825	183.844	183.776	183.810	3721	0	0
2026.03.11	20:00:00	183.810	183.866	183.794	183.859	2403	0	0
2026.03.11	20:15:00	183.859	183.898	183.847	183.882	2873	0	0
2026.03.11	20:30:00	183.882	183.920	183.865	183.898	2653	0	0
2026.03.11	20:45:00	183.898	183.925	183.871	183.905	2511	0	0
2026.03.11	21:00:00	183.905	183.930	183.880	183.902	2562	0	0
2026.03.11	21:15:00	183.901	183.951	183.888	183.904	2055	0	0
2026.03.11	21:30:00	183.904	183.946	183.892	183.927	1860	0	0
2026.03.11	21:45:00	183.927	183.974	183.917	183.956	2294	0	0
2026.03.11	22:00:00	183.956	183.961	183.908	183.914	1665	0	0
2026.03.11	22:15:00	183.914	183.931	183.886	183.898	1296	0	0
2026.03.11	22:30:00	183.898	183.911	183.852	183.862	966	0	0
2026.03.11	22:45:00	183.862	183.876	183.797	183.799	1479	0	0
2026.03.11	23:00:00	183.800	183.871	183.764	183.858	188	0	0
2026.03.11	23:15:00	183.858	183.875	183.804	183.806	351	0	0
2026.03.11	23:30:00	183.806	183.835	183.799	183.813	112	0	0
2026.03.11	23:45:00	183.815	183.878	183.757	183.834	549	0	0
2026.03.12	00:00:00	183.834	183.903	183.809	183.838	1478	0	0
2026.03.12	00:15:00	183.838	183.840	183.735	183.759	1289	0	0
2026.03.12	00:30:00	183.759	183.799	183.647	183.650	2190	0	0
2026.03.12	00:45:00	183.650	183.688	183.630	183.634	1911	0	0
2026.03.12	01:00:00	183.634	183.713	183.596	183.684	3153	0	0
2026.03.12	01:15:00	183.684	183.747	183.681	183.683	1934	0	0
2026.03.12	01:30:00	183.683	183.686	183.589	183.629	2320	0	0
2026.03.12	01:45:00	183.629	183.652	183.606	183.630	1914	0	0
2026.03.12	02:00:00	183.630	183.726	183.618	183.637	3401	0	0
2026.03.12	02:15:00	183.637	183.708	183.637	183.682	2574	0	0
2026.03.12	02:30:00	183.682	183.728	183.674	183.725	2253	0	0
2026.03.12	02:45:00	183.725	183.729	183.545	183.557	3811	0	0
2026.03.12	03:00:00	183.557	183.587	183.479	183.519	3689	0	0
2026.03.12	03:15:00	183.519	183.554	183.488	183.503	3012	0	0
2026.03.12	03:30:00	183.503	183.570	183.486	183.495	2198	0	0
2026.03.12	03:45:00	183.495	183.518	183.472	183.495	3301	0	0
2026.03.12	04:00:00	183.495	183.557	183.491	183.521	1998	0	0
2026.03.12	04:15:00	183.521	183.560	183.487	183.493	1770	0	0
2026.03.12	04:30:00	183.493	183.516	183.444	183.511	2997	0	0
2026.03.12	04:45:00	183.511	183.549	183.482	183.534	2564	0	0
2026.03.12	05:00:00	183.534	183.537	183.434	183.446	2183	0	0
2026.03.12	05:15:00	183.446	183.495	183.437	183.453	1706	0	0
2026.03.12	05:30:00	183.453	183.510	183.443	183.454	1864	0	0
2026.03.12	05:45:00	183.454	183.507	183.440	183.492	1517	0	0
2026.03.12	06:00:00	183.492	183.521	183.483	183.518	1481	0	0
2026.03.12	06:15:00	183.518	183.530	183.491	183.517	1409	0	0
2026.03.12	06:30:00	183.517	183.543	183.496	183.541	1710	0	0
2026.03.12	06:45:00	183.541	183.561	183.517	183.523	1420	0	0
2026.03.12	07:00:00	183.523	183.565	183.476	183.550	3442	0	0
2026.03.12	07:15:00	183.550	183.585	183.510	183.520	2759	0	0
2026.03.12	07:30:00	183.520	183.587	183.515	183.576	2097	0	0
2026.03.12	07:45:00	183.576	183.623	183.552	183.612	2338	0	0
2026.03.12	08:00:00	183.612	183.688	183.603	183.644	3050	0	0
2026.03.12	08:15:00	183.644	183.664	183.561	183.582	2762	0	0
2026.03.12	08:30:00	183.583	183.606	183.506	183.532	2316	0	0
2026.03.12	08:45:00	183.533	183.553	183.484	183.500	2119	0	0
2026.03.12	09:00:00	183.500	183.614	183.459	183.485	3583	0	0
2026.03.12	09:15:00	183.487	183.563	183.470	183.543	2492	0	0
2026.03.12	09:30:00	183.543	183.554	183.468	183.471	3008	0	0
2026.03.12	09:45:00	183.471	183.499	183.371	183.435	2922	0	0
2026.03.12	10:00:00	183.435	183.441	183.343	183.363	4950	0	0
2026.03.12	10:15:00	183.363	183.458	183.351	183.450	3073	0	0
2026.03.12	10:30:00	183.450	183.500	183.422	183.500	2665	0	0
2026.03.12	10:45:00	183.500	183.526	183.425	183.472	3105	0	0
2026.03.12	11:00:00	183.472	183.506	183.445	183.481	3315	0	0
2026.03.12	11:15:00	183.481	183.595	183.466	183.561	2548	0	0
2026.03.12	11:30:00	183.561	183.591	183.512	183.530	2614	0	0
2026.03.12	11:45:00	183.531	183.536	183.475	183.516	2818	0	0
2026.03.12	12:00:00	183.519	183.553	183.480	183.480	2558	0	0
2026.03.12	12:15:00	183.480	183.488	183.424	183.426	2436	0	0
2026.03.12	12:30:00	183.424	183.478	183.384	183.391	3399	0	0
2026.03.12	12:45:00	183.391	183.465	183.372	183.445	3004	0	0
2026.03.12	13:00:00	183.445	183.462	183.404	183.459	2834	0	0
2026.03.12	13:15:00	183.459	183.470	183.408	183.418	2248	0	0
2026.03.12	13:30:00	183.418	183.441	183.345	183.401	2878	0	0
2026.03.12	13:45:00	183.401	183.421	183.339	183.391	3314	0	0
2026.03.12	14:00:00	183.391	183.437	183.348	183.392	3662	0	0
2026.03.12	14:15:00	183.392	183.407	183.311	183.355	3768	0	0
2026.03.12	14:30:00	183.354	183.381	183.273	183.276	3642	0	0
2026.03.12	14:45:00	183.278	183.353	183.241	183.353	3327	0	0
2026.03.12	15:00:00	183.353	183.466	183.349	183.387	3745	0	0
2026.03.12	15:15:00	183.387	183.427	183.221	183.377	7238	0	0
2026.03.12	15:30:00	183.377	183.408	183.319	183.367	5932	0	0
2026.03.12	15:45:00	183.367	183.372	183.238	183.265	5793	0	0
2026.03.12	16:00:00	183.265	183.362	183.235	183.356	5711	0	0
2026.03.12	16:15:00	183.356	183.410	183.306	183.328	4789	0	0
2026.03.12	16:30:00	183.327	183.380	183.311	183.379	4627	0	0
2026.03.12	16:45:00	183.379	183.447	183.301	183.390	6642	0	0
2026.03.12	17:00:00	183.389	183.422	183.327	183.336	5557	0	0
2026.03.12	17:15:00	183.336	183.404	183.331	183.399	5083	0	0
2026.03.12	17:30:00	183.399	183.478	183.377	183.414	6521	0	0
2026.03.12	17:45:00	183.414	183.447	183.322	183.444	6266	0	0
2026.03.12	18:00:00	183.444	183.484	183.397	183.461	4823	0	0
2026.03.12	18:15:00	183.461	183.532	183.410	183.441	5562	0	0
2026.03.12	18:30:00	183.440	183.485	183.410	183.424	5233	0	0
2026.03.12	18:45:00	183.424	183.462	183.401	183.442	3856	0	0
2026.03.12	19:00:00	183.442	183.532	183.439	183.506	5004	0	0
2026.03.12	19:15:00	183.506	183.615	183.476	183.578	4305	0	0
2026.03.12	19:30:00	183.578	183.597	183.528	183.570	3194	0	0
2026.03.12	19:45:00	183.571	183.582	183.527	183.562	2975	0	0
2026.03.12	20:00:00	183.562	183.616	183.542	183.608	4290	0	0
2026.03.12	20:15:00	183.608	183.617	183.519	183.525	3845	0	0
2026.03.12	20:30:00	183.525	183.560	183.486	183.514	2822	0	0
2026.03.12	20:45:00	183.514	183.542	183.500	183.509	2529	0	0
2026.03.12	21:00:00	183.509	183.583	183.492	183.578	3378	0	0
2026.03.12	21:15:00	183.579	183.604	183.549	183.584	2486	0	0
2026.03.12	21:30:00	183.584	183.595	183.496	183.512	2997	0	0
2026.03.12	21:45:00	183.512	183.561	183.487	183.520	2964	0	0
2026.03.12	22:00:00	183.520	183.552	183.503	183.517	2419	0	0
2026.03.12	22:15:00	183.517	183.519	183.458	183.465	1927	0	0
2026.03.12	22:30:00	183.464	183.480	183.434	183.454	1184	0	0
2026.03.12	22:45:00	183.454	183.480	183.352	183.365	1692	0	0
2026.03.12	23:00:00	183.364	183.459	183.298	183.441	165	0	0
2026.03.12	23:15:00	183.441	183.441	183.345	183.371	292	0	0
2026.03.12	23:30:00	183.371	183.491	183.369	183.484	315	0	1
2026.03.12	23:45:00	183.484	183.491	183.324	183.384	207	0	1
2026.03.13	00:00:00	183.407	183.584	183.324	183.489	1413	0	0
2026.03.13	00:15:00	183.489	183.501	183.442	183.485	778	0	0
2026.03.13	00:30:00	183.485	183.514	183.457	183.465	2844	0	0
2026.03.13	00:45:00	183.465	183.511	183.461	183.468	3072	0	0
2026.03.13	01:00:00	183.468	183.530	183.467	183.522	2382	0	0
2026.03.13	01:15:00	183.522	183.534	183.485	183.485	902	0	0
2026.03.13	01:30:00	183.485	183.525	183.466	183.513	1080	0	0
2026.03.13	01:45:00	183.513	183.521	183.405	183.462	2523	0	0
2026.03.13	02:00:00	183.462	183.463	183.286	183.340	3783	0	0
2026.03.13	02:15:00	183.340	183.366	183.285	183.308	2738	0	0
2026.03.13	02:30:00	183.308	183.428	183.307	183.397	2524	0	0
2026.03.13	02:45:00	183.397	183.462	183.321	183.335	3296	0	0
2026.03.13	03:00:00	183.335	183.437	183.325	183.429	3149	0	0
2026.03.13	03:15:00	183.427	183.435	183.337	183.349	2922	0	0
2026.03.13	03:30:00	183.349	183.398	183.343	183.386	2373	0	0
2026.03.13	03:45:00	183.386	183.426	183.363	183.426	2516	0	0
2026.03.13	04:00:00	183.426	183.454	183.395	183.409	2961	0	0
2026.03.13	04:15:00	183.409	183.515	183.400	183.511	2783	0	0
2026.03.13	04:30:00	183.511	183.513	183.457	183.458	2501	0	0
2026.03.13	04:45:00	183.458	183.475	183.380	183.398	2753	0	0
2026.03.13	05:00:00	183.398	183.431	183.365	183.404	2744	0	0
2026.03.13	05:15:00	183.404	183.461	183.355	183.438	2466	0	0
2026.03.13	05:30:00	183.438	183.442	183.376	183.403	2284	0	0
2026.03.13	05:45:00	183.403	183.428	183.380	183.408	2025	0	0
2026.03.13	06:00:00	183.408	183.430	183.388	183.415	1821	0	0
2026.03.13	06:15:00	183.414	183.459	183.367	183.421	1966	0	0
2026.03.13	06:30:00	183.421	183.654	183.421	183.480	3654	0	0
2026.03.13	06:45:00	183.480	183.495	183.394	183.484	2708	0	0
2026.03.13	07:00:00	183.484	183.490	183.298	183.326	2698	0	0
2026.03.13	07:15:00	183.326	183.360	183.307	183.311	1884	0	0
2026.03.13	07:30:00	183.311	183.384	183.298	183.375	2372	0	0
2026.03.13	07:45:00	183.375	183.385	183.301	183.362	2283	0	0
2026.03.13	08:00:00	183.361	183.372	183.245	183.330	3174	0	0
2026.03.13	08:15:00	183.331	183.355	183.255	183.268	3563	0	0
2026.03.13	08:30:00	183.268	183.280	183.146	183.156	3135	0	0
2026.03.13	08:45:00	183.155	183.198	183.058	183.074	3385	0	0
2026.03.13	09:00:00	183.074	183.084	182.933	182.953	4535	0	0
2026.03.13	09:15:00	182.953	183.031	182.896	182.987	4273	0	0
2026.03.13	09:30:00	182.987	182.995	182.758	182.784	3416	0	0
2026.03.13	09:45:00	182.784	182.832	182.601	182.682	4921	0	0
2026.03.13	10:00:00	182.682	182.683	182.301	182.386	5953	0	0
2026.03.13	10:15:00	182.386	182.487	182.329	182.450	4417	0	0
2026.03.13	10:30:00	182.450	182.567	182.408	182.470	4499	0	0
2026.03.13	10:45:00	182.469	182.477	182.339	182.360	4089	0	0
2026.03.13	11:00:00	182.360	182.577	182.335	182.576	5740	0	0
2026.03.13	11:15:00	182.576	182.620	182.496	182.610	3082	0	0
2026.03.13	11:30:00	182.610	182.654	182.551	182.587	3034	0	0
2026.03.13	11:45:00	182.587	182.699	182.574	182.657	2719	0	0
2026.03.13	12:00:00	182.657	182.778	182.653	182.761	3169	0	0
2026.03.13	12:15:00	182.761	182.794	182.660	182.688	2582	0	0
2026.03.13	12:30:00	182.688	182.745	182.654	182.707	2562	0	0
2026.03.13	12:45:00	182.707	182.793	182.617	182.652	4940	0	0
2026.03.13	13:00:00	182.652	182.731	182.622	182.646	4129	0	0
2026.03.13	13:15:00	182.646	182.834	182.634	182.794	3829	0	0
2026.03.13	13:30:00	182.794	182.842	182.642	182.705	3883	0	0
2026.03.13	13:45:00	182.705	182.738	182.667	182.681	3381	0	0
2026.03.13	14:00:00	182.681	182.773	182.658	182.693	4017	0	0
2026.03.13	14:15:00	182.693	182.877	182.668	182.827	3794	0	0
2026.03.13	14:30:00	182.828	182.854	182.740	182.835	5094	0	0
2026.03.13	14:45:00	182.834	182.919	182.833	182.884	6320	0	0
2026.03.13	15:00:00	182.884	182.925	182.826	182.889	5536	0	0
2026.03.13	15:15:00	182.889	182.892	182.773	182.824	3754	0	0
2026.03.13	15:30:00	182.824	182.859	182.767	182.771	4860	0	0
2026.03.13	15:45:00	182.771	182.795	182.618	182.636	5165	0	0
2026.03.13	16:00:00	182.635	182.682	182.573	182.629	5583	0	0
2026.03.13	16:15:00	182.629	182.715	182.587	182.675	4919	0	0
2026.03.13	16:30:00	182.675	182.767	182.652	182.689	5131	0	0
2026.03.13	16:45:00	182.689	182.696	182.566	182.592	5349	0	0
2026.03.13	17:00:00	182.592	182.675	182.586	182.675	4961	0	0
2026.03.13	17:15:00	182.674	182.679	182.547	182.567	4737	0	0
2026.03.13	17:30:00	182.567	182.590	182.475	182.501	4471	0	0
2026.03.13	17:45:00	182.502	182.620	182.501	182.565	6613	0	0
2026.03.13	18:00:00	182.565	182.653	182.559	182.623	5672	0	0
2026.03.13	18:15:00	182.623	182.630	182.546	182.579	4596	0	0
2026.03.13	18:30:00	182.579	182.608	182.525	182.538	4064	0	0
2026.03.13	18:45:00	182.539	182.633	182.538	182.632	3423	0	0
2026.03.13	19:00:00	182.630	182.652	182.572	182.608	3341	0	0
2026.03.13	19:15:00	182.608	182.691	182.608	182.636	3864	0	0
2026.03.13	19:30:00	182.636	182.644	182.597	182.625	3378	0	0
2026.03.13	19:45:00	182.625	182.633	182.561	182.587	2538	0	0
2026.03.13	20:00:00	182.587	182.650	182.558	182.563	2665	0	0
2026.03.13	20:15:00	182.563	182.585	182.534	182.585	2573	0	0
2026.03.13	20:30:00	182.585	182.616	182.578	182.591	2662	0	0
2026.03.13	20:45:00	182.591	182.606	182.550	182.560	2718	0	0
2026.03.13	21:00:00	182.560	182.560	182.437	182.457	2714	0	0
2026.03.13	21:15:00	182.457	182.468	182.422	182.432	2403	0	0
2026.03.13	21:30:00	182.432	182.455	182.403	182.405	1947	0	0
2026.03.13	21:45:00	182.406	182.416	182.365	182.389	2515	0	0
2026.03.13	22:00:00	182.389	182.389	182.277	182.294	2067	0	0
2026.03.13	22:15:00	182.294	182.312	182.255	182.294	1563	0	0
2026.03.13	22:30:00	182.294	182.326	182.267	182.308	1447	0	0
2026.03.13	22:45:00	182.308	182.348	182.289	182.338	2496	0	0
2026.03.16	00:00:00	182.402	182.489	182.325	182.473	1665	0	0
2026.03.16	00:15:00	182.473	182.496	182.351	182.354	1600	0	0
2026.03.16	00:30:00	182.354	182.417	182.340	182.371	2277	0	0
2026.03.16	00:45:00	182.370	182.410	182.312	182.340	2259	0	0
2026.03.16	01:00:00	182.343	182.410	182.288	182.389	2758	0	0
2026.03.16	01:15:00	182.389	182.407	182.363	182.399	1707	0	0
2026.03.16	01:30:00	182.399	182.414	182.352	182.400	1635	0	0
2026.03.16	01:45:00	182.400	182.477	182.371	182.466	1898	0	0
2026.03.16	02:00:00	182.466	182.544	182.390	182.534	3524	0	0
2026.03.16	02:15:00	182.534	182.554	182.404	182.413	2911	0	0
2026.03.16	02:30:00	182.413	182.436	182.381	182.422	2941	0	0
2026.03.16	02:45:00	182.422	182.557	182.422	182.477	3417	0	0
2026.03.16	03:00:00	182.477	182.495	182.435	182.453	3451	0	0
2026.03.16	03:15:00	182.453	182.463	182.408	182.411	3137	0	0
2026.03.16	03:30:00	182.411	182.514	182.409	182.502	3289	0	0
2026.03.16	03:45:00	182.502	182.555	182.481	182.527	2487	0	0
2026.03.16	04:00:00	182.529	182.593	182.509	182.574	2564	0	0
2026.03.16	04:15:00	182.574	182.678	182.555	182.668	2218	0	0
2026.03.16	04:30:00	182.668	182.690	182.620	182.668	2310	0	0
2026.03.16	04:45:00	182.669	182.725	182.657	182.698	2707	0	0
2026.03.16	05:00:00	182.698	182.732	182.646	182.662	2233	0	0
2026.03.16	05:15:00	182.662	182.673	182.629	182.654	1570	0	0
2026.03.16	05:30:00	182.654	182.675	182.638	182.665	1572	0	0
2026.03.16	05:45:00	182.664	182.681	182.615	182.636	1752	0	0
2026.03.16	06:00:00	182.636	182.659	182.609	182.632	1641	0	0
2026.03.16	06:15:00	182.632	182.706	182.626	182.678	2032	0	0
2026.03.16	06:30:00	182.678	182.706	182.633	182.643	1432	0	0
2026.03.16	06:45:00	182.643	182.654	182.562	182.564	1794	0	0
2026.03.16	07:00:00	182.564	182.590	182.467	182.473	1933	0	0
2026.03.16	07:15:00	182.472	182.478	182.355	182.357	1880	0	0
2026.03.16	07:30:00	182.357	182.363	182.247	182.302	2489	0	0
2026.03.16	07:45:00	182.302	182.308	182.202	182.205	2656	0	0
2026.03.16	08:00:00	182.203	182.218	182.155	182.163	2838	0	0
2026.03.16	08:15:00	182.163	182.192	182.025	182.043	2746	0	0
2026.03.16	08:30:00	182.043	182.139	182.043	182.129	2150	0	0
2026.03.16	08:45:00	182.129	182.130	182.053	182.096	2099	0	0
2026.03.16	09:00:00	182.096	182.101	181.986	182.004	3799	0	0
2026.03.16	09:15:00	182.004	182.081	181.994	182.078	3352	0	0
2026.03.16	09:30:00	182.078	182.080	181.869	181.995	3497	0	0
2026.03.16	09:45:00	181.995	182.033	181.963	182.000	2387	0	0
2026.03.16	10:00:00	181.998	182.145	181.987	182.110	4393	0	0
2026.03.16	10:15:00	182.110	182.260	182.083	182.241	4310	0	0
2026.03.16	10:30:00	182.241	182.300	182.203	182.291	3902	0	0
2026.03.16	10:45:00	182.291	182.377	182.286	182.372	3425	0	0
2026.03.16	11:00:00	182.372	182.422	182.349	182.398	2680	0	0
2026.03.16	11:15:00	182.398	182.425	182.356	182.409	2838	0	0
2026.03.16	11:30:00	182.409	182.421	182.347	182.374	2709	0	0
2026.03.16	11:45:00	182.374	182.435	182.337	182.424	3181	0	0
2026.03.16	12:00:00	182.424	182.532	182.395	182.511	3000	0	0
2026.03.16	12:15:00	182.511	182.777	182.509	182.757	3414	0	0
2026.03.16	12:30:00	182.757	182.765	182.628	182.648	2923	0	0
2026.03.16	12:45:00	182.648	182.735	182.616	182.716	2603	0	0
2026.03.16	13:00:00	182.716	182.733	182.672	182.702	2565	0	0
2026.03.16	13:15:00	182.702	182.765	182.679	182.723	2707	0	0
2026.03.16	13:30:00	182.723	182.736	182.639	182.735	3010	0	0
2026.03.16	13:45:00	182.735	182.777	182.644	182.668	3211	0	0
2026.03.16	14:00:00	182.668	182.682	182.572	182.646	3412	0	0
2026.03.16	14:15:00	182.646	182.681	182.612	182.633	2786	0	0
2026.03.16	14:30:00	182.633	182.677	182.542	182.543	4091	0	0
2026.03.16	14:45:00	182.543	182.587	182.491	182.586	3612	0	0
2026.03.16	15:00:00	182.586	182.687	182.570	182.673	3364	0	0
2026.03.16	15:15:00	182.673	182.733	182.628	182.720	2912	0	0
2026.03.16	15:30:00	182.720	182.811	182.704	182.713	4676	0	0
2026.03.16	15:45:00	182.713	182.805	182.702	182.781	4145	0	0
2026.03.16	16:00:00	182.781	182.793	182.669	182.708	4563	0	0
2026.03.16	16:15:00	182.708	182.785	182.663	182.744	3955	0	0
2026.03.16	16:30:00	182.744	182.764	182.689	182.750	4740	0	0
2026.03.16	16:45:00	182.751	182.845	182.725	182.834	3960	0	0
2026.03.16	17:00:00	182.836	182.952	182.834	182.930	3682	0	0
2026.03.16	17:15:00	182.930	182.992	182.886	182.934	3094	0	0
2026.03.16	17:30:00	182.934	183.015	182.923	182.983	2814	0	0
2026.03.16	17:45:00	182.983	183.002	182.853	182.978	4302	0	0
2026.03.16	18:00:00	182.977	183.041	182.956	183.004	3867	0	0
2026.03.16	18:15:00	183.004	183.034	182.862	182.876	4257	0	0
2026.03.16	18:30:00	182.876	183.013	182.859	182.995	3882	0	0
2026.03.16	18:45:00	182.995	183.074	182.989	183.051	3023	0	0
2026.03.16	19:00:00	183.052	183.133	183.044	183.054	4202	0	0
2026.03.16	19:15:00	183.053	183.086	183.018	183.078	3416	0	0
2026.03.16	19:30:00	183.077	183.088	183.045	183.074	2504	0	0
2026.03.16	19:45:00	183.074	183.082	183.035	183.038	2681	0	0
2026.03.16	20:00:00	183.037	183.139	183.033	183.119	3501	0	0
2026.03.16	20:15:00	183.119	183.178	183.085	183.152	3331	0	0
2026.03.16	20:30:00	183.153	183.157	183.115	183.135	2906	0	0
2026.03.16	20:45:00	183.134	183.135	183.089	183.105	2754	0	0
2026.03.16	21:00:00	183.105	183.175	183.103	183.160	2873	0	0
2026.03.16	21:15:00	183.161	183.175	183.121	183.132	2658	0	0
2026.03.16	21:30:00	183.132	183.171	183.116	183.128	3269	0	0
2026.03.16	21:45:00	183.127	183.179	183.107	183.153	3364	0	0
2026.03.16	22:00:00	183.152	183.175	183.124	183.124	2081	0	0
2026.03.16	22:15:00	183.124	183.125	183.056	183.070	1101	0	2
2026.03.16	22:30:00	183.071	183.084	183.055	183.076	1287	0	0
2026.03.16	22:45:00	183.076	183.084	182.855	182.907	2122	0	3
2026.03.16	23:00:00	182.924	183.043	182.877	182.977	247	0	5
2026.03.16	23:15:00	182.977	183.069	182.972	183.056	344	0	5
2026.03.16	23:30:00	183.056	183.089	183.055	183.070	631	0	5
2026.03.16	23:45:00	183.070	183.096	182.927	183.003	764	0	5
2026.03.17	00:00:00	182.985	183.061	182.947	182.992	1012	0	0
2026.03.17	00:15:00	182.992	183.037	182.983	183.022	643	0	0
2026.03.17	00:30:00	183.022	183.039	182.978	182.999	871	0	0
2026.03.17	00:45:00	182.999	183.027	182.956	182.969	1071	0	0
2026.03.17	01:00:00	182.969	183.037	182.966	183.033	1053	0	0
2026.03.17	01:15:00	183.033	183.038	183.006	183.023	918	0	0
2026.03.17	01:30:00	183.023	183.043	183.005	183.017	643	0	0
2026.03.17	01:45:00	183.017	183.028	182.939	182.980	1430	0	0
2026.03.17	02:00:00	182.980	183.027	182.929	182.998	2063	0	0
2026.03.17	02:15:00	183.002	183.027	182.939	182.971	1909	0	0
2026.03.17	02:30:00	182.972	182.985	182.938	182.947	1331	0	0
2026.03.17	02:45:00	182.947	183.095	182.935	183.094	3322	0	0
2026.03.17	03:00:00	183.094	183.180	183.057	183.127	2614	0	0
2026.03.17	03:15:00	183.127	183.186	183.118	183.164	2048	0	0
2026.03.17	03:30:00	183.164	183.186	183.125	183.149	1997	0	0
2026.03.17	03:45:00	183.149	183.211	183.135	183.171	1971	0	0
2026.03.17	04:00:00	183.171	183.206	183.151	183.196	1446	0	0
2026.03.17	04:15:00	183.196	183.225	183.165	183.167	1157	0	0
2026.03.17	04:30:00	183.167	183.218	183.158	183.218	1283	0	0
2026.03.17	04:45:00	183.218	183.226	183.179	183.192	1009	0	0
2026.03.17	05:00:00	183.192	183.219	183.178	183.199	1108	0	2
2026.03.17	05:15:00	183.199	183.234	183.181	183.229	955	0	0
2026.03.17	05:30:00	183.229	183.245	183.150	183.157	2745	0	0
2026.03.17	05:45:00	183.158	183.166	183.103	183.126	1761	0	0
2026.03.17	06:00:00	183.126	183.145	183.081	183.109	1494	0	0
2026.03.17	06:15:00	183.107	183.152	183.106	183.108	1002	0	0
2026.03.17	06:30:00	183.108	183.146	183.101	183.121	1088	0	1
2026.03.17	06:45:00	183.121	183.130	183.066	183.070	1445	0	0
2026.03.17	07:00:00	183.071	183.075	183.026	183.073	1551	0	0
2026.03.17	07:15:00	183.073	183.119	183.067	183.097	1381	0	0
2026.03.17	07:30:00	183.098	183.134	183.049	183.062	1286	0	0
2026.03.17	07:45:00	183.062	183.063	183.004	183.032	2919	0	0
2026.03.17	08:00:00	183.032	183.056	182.819	182.855	4839	0	0
2026.03.17	08:15:00	182.855	182.973	182.849	182.953	2494	0	0
2026.03.17	08:30:00	182.953	183.001	182.942	182.960	2145	0	0
2026.03.17	08:45:00	182.960	182.964	182.867	182.964	1876	0	0
2026.03.17	09:00:00	182.964	183.084	182.962	183.045	2384	0	0
2026.03.17	09:15:00	183.045	183.088	182.951	183.018	2594	0	0
2026.03.17	09:30:00	183.018	183.109	183.009	183.051	2122	0	0
2026.03.17	09:45:00	183.054	183.082	183.033	183.039	2080	0	0
2026.03.17	10:00:00	183.039	183.041	182.872	182.882	3155	0	0
2026.03.17	10:15:00	182.882	183.026	182.857	182.994	2959	0	0
2026.03.17	10:30:00	182.995	183.129	182.948	183.118	3156	0	0
2026.03.17	10:45:00	183.118	183.228	183.084	183.138	2572	0	0
2026.03.17	11:00:00	183.138	183.253	183.133	183.204	1656	0	0
2026.03.17	11:15:00	183.204	183.333	183.177	183.297	1732	0	0
2026.03.17	11:30:00	183.297	183.325	183.176	183.201	1632	0	0
2026.03.17	11:45:00	183.201	183.265	183.184	183.263	1220	0	0
2026.03.17	12:00:00	183.263	183.273	183.130	183.203	1522	0	0
2026.03.17	12:15:00	183.203	183.206	183.098	183.128	1470	0	0
2026.03.17	12:30:00	183.128	183.147	183.080	183.110	1490	0	0
2026.03.17	12:45:00	183.110	183.131	183.066	183.088	1223	0	0
2026.03.17	13:00:00	183.088	183.145	183.058	183.128	1113	0	0
2026.03.17	13:15:00	183.128	183.134	183.081	183.087	1405	0	0
2026.03.17	13:30:00	183.087	183.120	183.048	183.086	1408	0	0
2026.03.17	13:45:00	183.086	183.114	183.038	183.086	1469	0	0
2026.03.17	14:00:00	183.086	183.229	183.081	183.190	1941	0	0
2026.03.17	14:15:00	183.190	183.194	183.077	183.097	1659	0	2
2026.03.17	14:30:00	183.097	183.178	183.066	183.108	1636	0	0
2026.03.17	14:45:00	183.108	183.293	183.106	183.272	1613	0	0
2026.03.17	15:00:00	183.272	183.386	183.270	183.328	2719	0	0
2026.03.17	15:15:00	183.328	183.363	183.238	183.256	2734	0	0
2026.03.17	15:30:00	183.256	183.265	183.140	183.231	2979	0	0
2026.03.17	15:45:00	183.230	183.338	183.189	183.191	2087	0	0
2026.03.17	16:00:00	183.191	183.259	183.171	183.246	2239	0	0
2026.03.17	16:15:00	183.248	183.250	183.164	183.216	2153	0	0
2026.03.17	16:30:00	183.216	183.305	183.202	183.298	1951	0	0
2026.03.17	16:45:00	183.298	183.307	183.248	183.303	2059	0	0
2026.03.17	17:00:00	183.303	183.330	183.267	183.306	2073	0	0
2026.03.17	17:15:00	183.306	183.364	183.256	183.315	2522	0	0
2026.03.17	17:30:00	183.315	183.348	183.278	183.319	2571	0	0
2026.03.17	17:45:00	183.319	183.354	183.246	183.282	2426	0	0
2026.03.17	18:00:00	183.282	183.314	183.248	183.259	2517	0	0
2026.03.17	18:15:00	183.259	183.326	183.205	183.211	1819	0	0
2026.03.17	18:30:00	183.211	183.300	183.176	183.293	1750	0	0
2026.03.17	18:45:00	183.294	183.308	183.225	183.232	1191	0	2
2026.03.17	19:00:00	183.232	183.295	183.227	183.252	1123	0	0
2026.03.17	19:15:00	183.254	183.361	183.243	183.353	1331	0	1
2026.03.17	19:30:00	183.353	183.395	183.338	183.378	1070	0	0
2026.03.17	19:45:00	183.378	183.449	183.375	183.444	864	0	0
2026.03.17	20:00:00	183.444	183.514	183.444	183.492	1195	0	0
2026.03.17	20:15:00	183.492	183.527	183.461	183.527	902	0	0
2026.03.17	20:30:00	183.527	183.528	183.491	183.516	821	0	2
2026.03.17	20:45:00	183.516	183.528	183.492	183.526	839	0	2
2026.03.17	21:00:00	183.526	183.546	183.512	183.525	822	0	0
2026.03.17	21:15:00	183.525	183.525	183.456	183.461	692	0	2
2026.03.17	21:30:00	183.461	183.481	183.428	183.468	718	0	0
2026.03.17	21:45:00	183.468	183.499	183.448	183.466	838	0	0
2026.03.17	22:00:00	183.468	183.508	183.449	183.480	648	0	2
2026.03.17	22:15:00	183.480	183.490	183.472	183.479	359	0	8
2026.03.17	22:30:00	183.482	183.494	183.467	183.480	429	0	7
2026.03.17	22:45:00	183.480	183.518	183.360	183.360	1102	0	7
2026.03.17	23:00:00	183.367	183.460	183.336	183.404	71	0	63
2026.03.17	23:15:00	183.404	183.418	183.223	183.418	295	0	93
2026.03.17	23:30:00	183.417	183.426	183.393	183.398	664	0	62
2026.03.17	23:45:00	183.398	183.429	183.365	183.424	919	0	61
2026.03.18	00:00:00	183.424	183.505	183.408	183.470	1086	0	0
2026.03.18	00:15:00	183.470	183.506	183.454	183.483	751	0	0
2026.03.18	00:30:00	183.489	183.515	183.478	183.482	805	0	2
2026.03.18	00:45:00	183.482	183.497	183.465	183.476	620	0	1
2026.03.18	01:00:00	183.476	183.482	183.449	183.459	577	0	0
2026.03.18	01:15:00	183.459	183.465	183.403	183.417	925	0	0
2026.03.18	01:30:00	183.417	183.439	183.392	183.398	2951	0	0
2026.03.18	01:45:00	183.397	183.422	183.368	183.391	2375	0	1
2026.03.18	02:00:00	183.393	183.401	183.313	183.340	3333	0	0
2026.03.18	02:15:00	183.340	183.408	183.288	183.398	2353	0	0
2026.03.18	02:30:00	183.398	183.510	183.392	183.467	4075	0	0
2026.03.18	02:45:00	183.467	183.572	183.459	183.471	2658	0	0
2026.03.18	03:00:00	183.471	183.515	183.451	183.463	1450	0	1
2026.03.18	03:15:00	183.463	183.520	183.451	183.491	1329	0	0
2026.03.18	03:30:00	183.491	183.498	183.423	183.435	1316	0	4
2026.03.18	03:45:00	183.435	183.467	183.398	183.428	1185	0	0
2026.03.18	04:00:00	183.428	183.440	183.394	183.424	919	0	6
2026.03.18	04:15:00	183.424	183.456	183.405	183.405	789	0	3
2026.03.18	04:30:00	183.405	183.411	183.337	183.348	931	0	1
2026.03.18	04:45:00	183.348	183.359	183.253	183.292	918	0	5
2026.03.18	05:00:00	183.292	183.335	183.285	183.327	799	0	2
2026.03.18	05:15:00	183.327	183.372	183.320	183.368	653	0	4
2026.03.18	05:30:00	183.368	183.379	183.332	183.379	616	0	4
2026.03.18	05:45:00	183.379	183.394	183.366	183.369	693	0	5
2026.03.18	06:00:00	183.369	183.400	183.342	183.375	884	0	0
2026.03.18	06:15:00	183.375	183.399	183.334	183.377	709	0	0
2026.03.18	06:30:00	183.377	183.380	183.292	183.304	764	0	5
2026.03.18	06:45:00	183.304	183.330	183.262	183.319	869	0	5
2026.03.18	07:00:00	183.319	183.328	183.212	183.217	901	0	0
2026.03.18	07:15:00	183.217	183.244	183.170	183.235	810	0	0
2026.03.18	07:30:00	183.235	183.296	183.218	183.271	997	0	0
2026.03.18	07:45:00	183.273	183.315	183.252	183.253	1009	0	0
2026.03.18	08:00:00	183.253	183.280	183.184	183.191	1161	0	0
2026.03.18	08:15:00	183.191	183.220	183.134	183.199	1312	0	0
2026.03.18	08:30:00	183.199	183.233	183.132	183.229	1187	0	0
2026.03.18	08:45:00	183.229	183.272	183.216	183.256	1071	0	0
2026.03.18	09:00:00	183.257	183.306	183.228	183.301	1170	0	0
2026.03.18	09:15:00	183.301	183.363	183.235	183.278	1314	0	0
2026.03.18	09:30:00	183.278	183.280	183.076	183.077	1314	0	0
2026.03.18	09:45:00	183.077	183.098	182.984	183.019	1396	0	0
2026.03.18	10:00:00	183.023	183.183	183.023	183.177	1661	0	0
2026.03.18	10:15:00	183.177	183.194	183.095	183.140	1404	0	0
2026.03.18	10:30:00	183.140	183.266	183.139	183.262	1325	0	0
2026.03.18	10:45:00	183.262	183.362	183.248	183.335	1246	0	0
2026.03.18	11:00:00	183.335	183.412	183.333	183.336	1300	0	0
2026.03.18	11:15:00	183.336	183.412	183.334	183.377	1222	0	0
2026.03.18	11:30:00	183.375	183.386	183.319	183.376	868	0	1
2026.03.18	11:45:00	183.376	183.425	183.376	183.394	924	0	0
2026.03.18	12:00:00	183.394	183.531	183.389	183.512	911	0	0
2026.03.18	12:15:00	183.512	183.553	183.464	183.466	1025	0	0
2026.03.18	12:30:00	183.467	183.506	183.422	183.488	1158	0	0
2026.03.18	12:45:00	183.488	183.534	183.472	183.525	926	0	0
2026.03.18	13:00:00	183.525	183.580	183.510	183.566	1294	0	0
2026.03.18	13:15:00	183.565	183.643	183.480	183.487	2003	0	0
2026.03.18	13:30:00	183.488	183.613	183.474	183.594	2418	0	0
2026.03.18	13:45:00	183.594	183.639	183.555	183.591	1848	0	0
2026.03.18	14:00:00	183.591	183.627	183.520	183.562	2898	0	0
2026.03.18	14:15:00	183.562	183.579	183.463	183.463	2693	0	0
2026.03.18	14:30:00	183.463	183.618	183.461	183.564	3443	0	0
2026.03.18	14:45:00	183.564	183.592	183.471	183.508	3480	0	0
2026.03.18	15:00:00	183.509	183.568	183.433	183.451	3668	0	0
2026.03.18	15:15:00	183.450	183.549	183.382	183.546	2847	0	0
2026.03.18	15:30:00	183.546	183.636	183.487	183.554	2887	0	0
2026.03.18	15:45:00	183.554	183.687	183.531	183.686	2925	0	0
2026.03.18	16:00:00	183.686	183.832	183.567	183.608	3210	0	0
2026.03.18	16:15:00	183.608	183.642	183.528	183.579	2715	0	0
2026.03.18	16:30:00	183.579	183.685	183.557	183.670	2442	0	0
2026.03.18	16:45:00	183.670	183.718	183.619	183.626	2462	0	0
2026.03.18	17:00:00	183.626	183.799	183.625	183.709	3256	0	0
2026.03.18	17:15:00	183.709	183.764	183.680	183.728	2127	0	0
2026.03.18	17:30:00	183.728	183.776	183.718	183.733	1732	0	0
2026.03.18	17:45:00	183.733	183.742	183.601	183.640	2266	0	0
2026.03.18	18:00:00	183.638	183.722	183.624	183.711	1796	0	0
2026.03.18	18:15:00	183.711	183.711	183.617	183.653	1730	0	0
2026.03.18	18:30:00	183.653	183.656	183.565	183.597	1803	0	0
2026.03.18	18:45:00	183.596	183.609	183.559	183.588	1257	0	0
2026.03.18	19:00:00	183.588	183.609	183.531	183.545	1638	0	0
2026.03.18	19:15:00	183.545	183.582	183.532	183.547	1352	0	1
2026.03.18	19:30:00	183.547	183.582	183.503	183.542	1362	0	1
2026.03.18	19:45:00	183.542	183.611	183.531	183.593	1444	0	0
2026.03.18	20:00:00	183.600	183.623	183.503	183.531	3672	0	0
2026.03.18	20:15:00	183.531	183.532	183.430	183.488	3047	0	0
2026.03.18	20:30:00	183.488	183.568	183.425	183.430	4226	0	0
2026.03.18	20:45:00	183.430	183.466	183.339	183.355	3265	0	0
2026.03.18	21:00:00	183.355	183.406	183.334	183.361	3337	0	0
2026.03.18	21:15:00	183.360	183.400	183.306	183.361	2182	0	0
2026.03.18	21:30:00	183.361	183.415	183.335	183.358	1723	0	0
2026.03.18	21:45:00	183.359	183.388	183.302	183.338	2112	0	0
2026.03.18	22:00:00	183.337	183.350	183.237	183.260	1583	0	2
2026.03.18	22:15:00	183.260	183.264	183.127	183.145	1527	0	4
2026.03.18	22:30:00	183.145	183.157	183.104	183.156	1492	0	3
2026.03.18	22:45:00	183.152	183.188	182.960	182.962	1941	0	6
2026.03.18	23:00:00	182.961	183.083	182.919	183.017	233	0	86
2026.03.18	23:15:00	183.017	183.208	182.910	183.205	841	0	76
2026.03.18	23:30:00	183.204	183.239	183.093	183.169	470	0	68
2026.03.18	23:45:00	183.169	183.228	183.070	183.094	558	0	72
2026.03.19	00:00:00	183.092	183.177	183.053	183.058	995	0	0
2026.03.19	00:15:00	183.058	183.079	183.039	183.066	1092	0	5
2026.03.19	00:30:00	183.068	183.074	183.041	183.045	893	0	4
2026.03.19	00:45:00	183.045	183.089	183.045	183.054	938	0	6
2026.03.19	01:00:00	183.054	183.153	183.053	183.124	1401	0	6
2026.03.19	01:15:00	183.124	183.153	183.123	183.136	837	0	4
2026.03.19	01:30:00	183.136	183.192	183.128	183.146	1080	0	4
2026.03.19	01:45:00	183.146	183.215	183.141	183.207	1982	0	2
2026.03.19	02:00:00	183.205	183.255	183.168	183.202	1834	0	2
2026.03.19	02:15:00	183.202	183.273	183.170	183.238	1874	0	3
2026.03.19	02:30:00	183.238	183.291	183.185	183.197	2382	0	3
2026.03.19	02:45:00	183.198	183.346	183.185	183.337	2509	0	0
2026.03.19	03:00:00	183.337	183.418	183.286	183.294	2403	0	0
2026.03.19	03:15:00	183.294	183.321	183.272	183.304	1684	0	4
2026.03.19	03:30:00	183.304	183.309	183.221	183.274	1717	0	3
2026.03.19	03:45:00	183.273	183.304	183.227	183.236	1361	0	6
2026.03.19	04:00:00	183.237	183.351	183.152	183.338	3006	0	0
2026.03.19	04:15:00	183.338	183.399	183.338	183.386	1405	0	4
2026.03.19	04:30:00	183.386	183.389	183.321	183.349	1311	0	0
2026.03.19	04:45:00	183.349	183.434	183.307	183.329	2048	0	0
2026.03.19	05:00:00	183.329	183.340	183.283	183.323	1083	0	5
2026.03.19	05:15:00	183.323	183.353	183.302	183.318	1069	0	3
2026.03.19	05:30:00	183.318	183.320	183.255	183.256	868	0	4
2026.03.19	05:45:00	183.256	183.258	183.160	183.179	854	0	1
2026.03.19	06:00:00	183.179	183.179	183.106	183.115	829	0	4
2026.03.19	06:15:00	183.115	183.188	183.098	183.151	1193	0	0
2026.03.19	06:30:00	183.151	183.162	183.076	183.108	993	0	2
2026.03.19	06:45:00	183.108	183.137	183.084	183.113	1099	0	3
2026.03.19	07:00:00	183.116	183.161	183.103	183.150	697	0	0
2026.03.19	07:15:00	183.150	183.194	183.140	183.160	561	0	0
2026.03.19	07:30:00	183.160	183.170	183.130	183.158	1164	0	0
2026.03.19	07:45:00	183.156	183.191	183.124	183.134	1155	0	0
2026.03.19	08:00:00	183.136	183.227	183.126	183.222	1182	0	1
2026.03.19	08:15:00	183.222	183.256	183.165	183.182	1370	0	0
2026.03.19	08:30:00	183.182	183.186	183.005	183.150	2264	0	0
2026.03.19	08:45:00	183.150	183.186	183.074	183.087	2307	0	0
2026.03.19	09:00:00	183.087	183.106	182.654	182.880	3934	0	0
2026.03.19	09:15:00	182.880	182.957	182.731	182.770	2935	0	0
2026.03.19	09:30:00	182.770	182.848	182.688	182.725	2838	0	0
2026.03.19	09:45:00	182.725	182.856	182.320	182.370	3432	0	0
2026.03.19	10:00:00	182.369	182.498	182.056	182.131	3706	0	0
2026.03.19	10:15:00	182.131	182.395	182.131	182.351	3027	0	0
2026.03.19	10:30:00	182.351	182.565	182.346	182.380	3302	0	0
2026.03.19	10:45:00	182.380	182.417	182.275	182.289	2555	0	0
2026.03.19	11:00:00	182.289	182.469	182.284	182.402	2874	0	0
2026.03.19	11:15:00	182.402	182.678	182.395	182.536	3989	0	0
2026.03.19	11:30:00	182.536	182.606	182.459	182.605	3402	0	0
2026.03.19	11:45:00	182.605	182.790	182.568	182.721	3557	0	0
2026.03.19	12:00:00	182.721	182.721	182.579	182.602	2479	0	0
2026.03.19	12:15:00	182.602	182.654	182.520	182.621	1832	0	0
2026.03.19	12:30:00	182.621	182.662	182.511	182.616	1853	0	0
2026.03.19	12:45:00	182.616	182.705	182.581	182.586	1864	0	0
2026.03.19	13:00:00	182.586	182.682	182.586	182.635	1852	0	0
2026.03.19	13:15:00	182.635	182.646	182.454	182.520	1709	0	0
2026.03.19	13:30:00	182.520	182.573	182.445	182.455	1720	0	0
2026.03.19	13:45:00	182.455	182.612	182.429	182.605	1874	0	0
2026.03.19	14:00:00	182.605	182.624	182.516	182.559	3447	0	0
2026.03.19	14:15:00	182.559	182.657	182.531	182.550	2898	0	0
2026.03.19	14:30:00	182.571	182.756	182.544	182.703	3927	0	0
2026.03.19	14:45:00	182.703	182.706	182.483	182.549	3739	0	0
2026.03.19	15:00:00	182.549	182.595	182.417	182.535	3781	0	0
2026.03.19	15:15:00	182.535	182.602	182.266	182.316	4850	0	0
2026.03.19	15:30:00	182.316	182.316	182.066	182.152	5118	0	0
2026.03.19	15:45:00	182.150	182.314	182.070	182.250	5366	0	0
2026.03.19	16:00:00	182.250	182.284	182.074	182.127	5324	0	0
2026.03.19	16:15:00	182.126	182.295	182.103	182.220	4638	0	0
2026.03.19	16:30:00	182.220	182.329	182.219	182.280	3910	0	0
2026.03.19	16:45:00	182.280	182.395	182.266	182.391	3312	0	0
2026.03.19	17:00:00	182.394	182.574	182.331	182.526	3376	0	0
2026.03.19	17:15:00	182.527	182.527	182.404	182.447	3225	0	0
2026.03.19	17:30:00	182.446	182.453	182.293	182.353	3432	0	0
2026.03.19	17:45:00	182.353	182.399	182.052	182.153	4161	0	0
2026.03.19	18:00:00	182.153	182.409	182.096	182.277	4470	0	0
2026.03.19	18:15:00	182.277	182.378	182.227	182.333	3747	0	0
2026.03.19	18:30:00	182.333	182.363	182.232	182.324	3077	0	0
2026.03.19	18:45:00	182.324	182.355	182.251	182.330	2491	0	0
2026.03.19	19:00:00	182.330	182.455	182.330	182.428	2452	0	0
2026.03.19	19:15:00	182.428	182.501	182.403	182.484	2373	0	0
2026.03.19	19:30:00	182.484	182.494	182.396	182.468	2050	0	0
2026.03.19	19:45:00	182.468	182.543	182.397	182.443	1822	0	0
2026.03.19	20:00:00	182.443	182.476	182.392	182.464	2405	0	0
2026.03.19	20:15:00	182.464	182.476	182.375	182.438	2350	0	0
2026.03.19	20:30:00	182.438	182.480	182.391	182.445	1622	0	0
2026.03.19	20:45:00	182.445	182.702	182.442	182.675	2072	0	0
2026.03.19	21:00:00	182.677	182.990	182.659	182.949	5707	0	0
2026.03.19	21:15:00	182.949	182.967	182.572	182.644	4452	0	0
2026.03.19	21:30:00	182.644	182.673	182.584	182.598	3060	0	0
2026.03.19	21:45:00	182.598	182.664	182.529	182.640	2761	0	0
2026.03.19	22:00:00	182.636	182.693	182.609	182.610	1761	0	6
2026.03.19	22:15:00	182.610	182.723	182.607	182.711	940	0	0
2026.03.19	22:30:00	182.711	182.712	182.652	182.707	834	0	7
2026.03.19	22:45:00	182.707	182.775	182.701	182.713	890	0	12
2026.03.19	23:00:00	182.713	182.748	182.626	182.681	174	0	92
2026.03.19	23:15:00	182.681	182.789	182.570	182.760	409	0	67
2026.03.19	23:30:00	182.760	182.792	182.723	182.772	360	0	68
2026.03.19	23:45:00	182.772	182.780	182.704	182.712	365	0	61
2026.03.20	00:00:00	182.712	182.897	182.711	182.785	783	0	0
2026.03.20	00:15:00	182.785	182.795	182.749	182.753	702	0	5
2026.03.20	00:30:00	182.754	182.815	182.730	182.809	947	0	5
2026.03.20	00:45:00	182.809	182.825	182.778	182.792	984	0	4
2026.03.20	01:00:00	182.792	182.854	182.766	182.821	1431	0	0
2026.03.20	01:15:00	182.821	182.865	182.801	182.860	1035	0	5
2026.03.20	01:30:00	182.860	182.879	182.821	182.863	1009	0	5
2026.03.20	01:45:00	182.863	182.898	182.810	182.825	952	0	5
2026.03.20	02:00:00	182.825	182.859	182.775	182.850	1112	0	3
2026.03.20	02:15:00	182.850	182.863	182.655	182.691	1508	0	1
2026.03.20	02:30:00	182.691	182.766	182.672	182.734	1308	0	5
2026.03.20	02:45:00	182.734	182.798	182.661	182.700	1712	0	2
2026.03.20	03:00:00	182.700	182.777	182.625	182.629	2061	0	2
2026.03.20	03:15:00	182.629	182.663	182.590	182.638	1647	0	4
2026.03.20	03:30:00	182.638	182.809	182.637	182.807	1633	0	3
2026.03.20	03:45:00	182.806	182.892	182.795	182.849	1392	0	2
2026.03.20	04:00:00	182.849	182.930	182.849	182.916	1324	0	0
2026.03.20	04:15:00	182.916	183.028	182.916	183.020	1238	0	2
2026.03.20	04:30:00	183.020	183.100	183.007	183.009	1283	0	1
2026.03.20	04:45:00	183.009	183.081	182.993	183.057	1012	0	1
2026.03.20	05:00:00	183.057	183.080	183.001	183.002	1145	0	3
2026.03.20	05:15:00	183.002	183.037	182.994	183.002	914	0	3
2026.03.20	05:30:00	183.002	183.017	182.965	182.966	1021	0	3
2026.03.20	05:45:00	182.966	183.056	182.966	183.046	846	0	7
2026.03.20	06:00:00	183.046	183.086	183.017	183.065	799	0	0
2026.03.20	06:15:00	183.065	183.069	183.016	183.062	617	0	6
2026.03.20	06:30:00	183.062	183.083	183.046	183.052	715	0	1
2026.03.20	06:45:00	183.050	183.065	183.016	183.017	573	0	0
2026.03.20	07:00:00	183.021	183.087	183.019	183.057	711	0	2
2026.03.20	07:15:00	183.059	183.084	183.049	183.062	692	0	2
2026.03.20	07:30:00	183.062	183.075	183.040	183.068	768	0	0
2026.03.20	07:45:00	183.068	183.070	183.017	183.029	854	0	0
2026.03.20	08:00:00	183.029	183.100	183.027	183.088	805	0	0
2026.03.20	08:15:00	183.088	183.115	183.070	183.104	785	0	2
2026.03.20	08:30:00	183.104	183.184	183.098	183.150	1255	0	0
2026.03.20	08:45:00	183.150	183.187	183.091	183.116	1212	0	0
2026.03.20	09:00:00	183.115	183.262	183.095	183.254	2177	0	0
2026.03.20	09:15:00	183.254	183.273	183.210	183.241	1546	0	0
2026.03.20	09:30:00	183.241	183.250	183.199	183.238	1624	0	0
2026.03.20	09:45:00	183.238	183.302	183.153	183.197	1555	0	0
2026.03.20	10:00:00	183.197	183.241	183.177	183.230	1992	0	0
2026.03.20	10:15:00	183.230	183.314	183.219	183.283	1678	0	0
2026.03.20	10:30:00	183.283	183.375	183.258	183.360	1752	0	0
2026.03.20	10:45:00	183.360	183.426	183.287	183.337	1589	0	0
2026.03.20	11:00:00	183.337	183.472	183.277	183.418	1588	0	0
2026.03.20	11:15:00	183.418	183.502	183.401	183.469	1722	0	0
2026.03.20	11:30:00	183.469	183.516	183.400	183.428	1759	0	0
2026.03.20	11:45:00	183.428	183.463	183.367	183.433	2680	0	0
2026.03.20	12:00:00	183.433	183.438	183.266	183.369	2859	0	0
2026.03.20	12:15:00	183.369	183.419	183.331	183.346	1877	0	0
2026.03.20	12:30:00	183.346	183.471	183.308	183.471	2043	0	0
2026.03.20	12:45:00	183.470	183.487	183.429	183.478	1903	0	0
2026.03.20	13:00:00	183.478	183.514	183.418	183.455	2137	0	0
2026.03.20	13:15:00	183.455	183.527	183.397	183.516	1805	0	0
2026.03.20	13:30:00	183.516	183.612	183.493	183.605	1696	0	0
2026.03.20	13:45:00	183.605	183.608	183.489	183.504	1584	0	0
2026.03.20	14:00:00	183.504	183.593	183.485	183.578	2719	0	0
2026.03.20	14:15:00	183.578	183.591	183.535	183.538	1804	0	0
2026.03.20	14:30:00	183.538	183.587	183.514	183.522	2768	0	0
2026.03.20	14:45:00	183.522	183.608	183.484	183.528	2454	0	0
2026.03.20	15:00:00	183.528	183.544	183.454	183.530	2494	0	0
2026.03.20	15:15:00	183.530	183.546	183.468	183.499	1822	0	0
2026.03.20	15:30:00	183.498	183.599	183.498	183.595	3300	0	0
2026.03.20	15:45:00	183.596	183.620	183.474	183.530	3624	0	0
2026.03.20	16:00:00	183.530	183.604	183.510	183.596	3618	0	0
2026.03.20	16:15:00	183.596	183.621	183.437	183.458	3312	0	0
2026.03.20	16:30:00	183.458	183.567	183.450	183.535	3207	0	0
2026.03.20	16:45:00	183.535	183.584	183.501	183.554	3135	0	0
2026.03.20	17:00:00	183.553	183.654	183.541	183.640	3155	0	0
2026.03.20	17:15:00	183.640	183.760	183.614	183.671	3406	0	0
2026.03.20	17:30:00	183.671	183.764	183.614	183.679	3039	0	0
2026.03.20	17:45:00	183.679	183.859	183.627	183.816	3247	0	0
2026.03.20	18:00:00	183.816	183.988	183.805	183.978	2637	0	0
2026.03.20	18:15:00	183.978	184.129	183.977	184.046	2351	0	0
2026.03.20	18:30:00	184.048	184.107	183.976	184.051	2440	0	0
2026.03.20	18:45:00	184.051	184.133	184.027	184.104	1864	0	0
2026.03.20	19:00:00	184.104	184.158	184.042	184.144	3352	0	0
2026.03.20	19:15:00	184.144	184.147	184.075	184.132	2304	0	0
2026.03.20	19:30:00	184.131	184.143	184.020	184.079	2303	0	0
2026.03.20	19:45:00	184.081	184.103	184.023	184.029	1813	0	0
2026.03.20	20:00:00	184.029	184.082	184.022	184.060	1705	0	1
2026.03.20	20:15:00	184.060	184.215	183.973	184.171	3081	0	0
2026.03.20	20:30:00	184.171	184.207	184.103	184.118	2380	0	0
2026.03.20	20:45:00	184.119	184.134	184.052	184.062	2172	0	0
2026.03.20	21:00:00	184.062	184.086	183.997	184.038	2193	0	0
2026.03.20	21:15:00	184.035	184.108	184.035	184.075	1919	0	0
2026.03.20	21:30:00	184.075	184.078	183.980	184.070	1900	0	0
2026.03.20	21:45:00	184.070	184.130	184.033	184.130	2359	0	0
2026.03.20	22:00:00	184.125	184.189	184.110	184.172	887	0	4
2026.03.20	22:15:00	184.172	184.239	184.172	184.206	1171	0	9
2026.03.20	22:30:00	184.206	184.240	184.175	184.190	1377	0	5
2026.03.20	22:45:00	184.190	184.255	184.169	184.240	2389	0	0
2026.03.23	00:00:00	183.827	184.190	183.812	184.127	1441	0	0
2026.03.23	00:15:00	184.127	184.197	184.117	184.130	1401	0	5
2026.03.23	00:30:00	184.130	184.164	184.063	184.154	1975	0	7
2026.03.23	00:45:00	184.154	184.186	184.105	184.112	1342	0	8
2026.03.23	01:00:00	184.112	184.123	183.953	183.965	2671	0	0
2026.03.23	01:15:00	183.965	184.109	183.963	184.075	1666	0	0
2026.03.23	01:30:00	184.077	184.098	184.018	184.050	1541	0	1
2026.03.23	01:45:00	184.041	184.087	183.981	184.006	2337	0	0
2026.03.23	02:00:00	184.006	184.037	183.874	183.901	3270	0	0
2026.03.23	02:15:00	183.901	184.034	183.822	184.028	2599	0	0
2026.03.23	02:30:00	184.028	184.088	183.925	183.992	3663	0	1
2026.03.23	02:45:00	183.992	184.133	183.906	184.132	3308	0	0
2026.03.23	03:00:00	184.132	184.333	184.103	184.303	3316	0	0
2026.03.23	03:15:00	184.303	184.335	184.183	184.233	2752	0	2
2026.03.23	03:30:00	184.233	184.253	184.151	184.211	2991	0	0
2026.03.23	03:45:00	184.211	184.333	184.196	184.271	2361	0	0
2026.03.23	04:00:00	184.271	184.278	184.135	184.143	2160	0	4
2026.03.23	04:15:00	184.143	184.252	184.132	184.173	1434	0	0
2026.03.23	04:30:00	184.173	184.279	184.168	184.240	1697	0	2
2026.03.23	04:45:00	184.240	184.261	184.178	184.196	1307	0	3
2026.03.23	05:00:00	184.196	184.277	184.178	184.232	1327	0	3
2026.03.23	05:15:00	184.232	184.249	184.202	184.223	993	0	0
2026.03.23	05:30:00	184.223	184.230	184.012	184.040	1361	0	0
2026.03.23	05:45:00	184.040	184.143	184.034	184.125	1300	0	2
2026.03.23	06:00:00	184.125	184.157	184.089	184.150	1439	0	0
2026.03.23	06:15:00	184.150	184.150	184.071	184.085	1341	0	0
2026.03.23	06:30:00	184.084	184.090	184.021	184.058	1607	0	0
2026.03.23	06:45:00	184.058	184.121	184.057	184.111	1009	0	1
2026.03.23	07:00:00	184.115	184.154	184.076	184.132	1105	0	0
2026.03.23	07:15:00	184.130	184.135	184.062	184.092	900	0	1
2026.03.23	07:30:00	184.092	184.104	184.042	184.074	1125	0	1
2026.03.23	07:45:00	184.074	184.082	184.009	184.050	1254	0	0
2026.03.23	08:00:00	184.050	184.071	183.910	183.959	2237	0	0
2026.03.23	08:15:00	183.959	183.997	183.901	183.937	2256	0	0
2026.03.23	08:30:00	183.937	183.940	183.849	183.906	2030	0	0
2026.03.23	08:45:00	183.905	183.942	183.869	183.880	1925	0	0
2026.03.23	09:00:00	183.880	183.955	183.808	183.940	2518	0	0
2026.03.23	09:15:00	183.940	183.979	183.821	183.857	2319	0	0
2026.03.23	09:30:00	183.858	184.018	183.847	184.016	2483	0	0
2026.03.23	09:45:00	184.016	184.055	183.906	183.962	2736	0	0
2026.03.23	10:00:00	183.960	184.058	183.914	183.984	3596	0	0
2026.03.23	10:15:00	183.984	184.125	183.937	184.032	3256	0	0
2026.03.23	10:30:00	184.032	184.092	183.910	183.956	2957	0	0
2026.03.23	10:45:00	183.956	183.969	183.744	183.827	2927	0	0
2026.03.23	11:00:00	183.831	183.856	183.739	183.748	2685	0	0
2026.03.23	11:15:00	183.749	183.751	183.575	183.626	2274	0	0
2026.03.23	11:30:00	183.626	183.665	183.467	183.471	2591	0	0
2026.03.23	11:45:00	183.471	183.500	183.377	183.394	2877	0	0
2026.03.23	12:00:00	183.394	183.417	183.311	183.361	2245	0	0
2026.03.23	12:15:00	183.361	183.422	183.306	183.325	1880	0	0
2026.03.23	12:30:00	183.325	183.411	183.320	183.351	2226	0	0
2026.03.23	12:45:00	183.352	183.444	183.285	183.339	2728	0	0
2026.03.23	13:00:00	183.339	184.239	183.329	183.558	9238	0	0
2026.03.23	13:15:00	183.561	183.791	183.178	183.557	10490	0	0
2026.03.23	13:30:00	183.554	183.922	183.531	183.777	7173	0	0
2026.03.23	13:45:00	183.777	183.835	183.608	183.669	6858	0	0
2026.03.23	14:00:00	183.669	183.755	183.610	183.683	6024	0	0
2026.03.23	14:15:00	183.683	183.813	183.666	183.745	4816	0	0
2026.03.23	14:30:00	183.745	183.985	183.629	183.979	5489	0	0
2026.03.23	14:45:00	183.979	184.089	183.893	184.070	5399	0	0
2026.03.23	15:00:00	184.071	184.094	183.775	183.823	5132	0	0
2026.03.23	15:15:00	183.823	183.864	183.767	183.804	3653	0	0
2026.03.23	15:30:00	183.804	183.933	183.780	183.797	5596	0	0
2026.03.23	15:45:00	183.797	183.924	183.767	183.807	5002	0	0
2026.03.23	16:00:00	183.808	183.883	183.648	183.862	5280	0	0
2026.03.23	16:15:00	183.862	184.065	183.787	184.026	4797	0	0
2026.03.23	16:30:00	184.026	184.246	183.991	184.195	4660	0	0
2026.03.23	16:45:00	184.195	184.200	184.024	184.024	4372	0	0
2026.03.23	17:00:00	184.024	184.129	183.919	183.980	4413	0	0
2026.03.23	17:15:00	183.980	184.053	183.947	184.033	4045	0	0
2026.03.23	17:30:00	184.032	184.072	183.971	183.995	4313	0	0
2026.03.23	17:45:00	183.995	183.996	183.836	183.874	4714	0	0
2026.03.23	18:00:00	183.874	183.931	183.832	183.861	4365	0	0
2026.03.23	18:15:00	183.860	183.916	183.773	183.887	3785	0	0
2026.03.23	18:30:00	183.886	183.928	183.874	183.920	3525	0	0
2026.03.23	18:45:00	183.920	183.996	183.907	183.936	3380	0	0
2026.03.23	19:00:00	183.936	183.971	183.911	183.944	2900	0	0
2026.03.23	19:15:00	183.945	183.968	183.905	183.917	2788	0	0
2026.03.23	19:30:00	183.917	183.957	183.843	183.843	2610	0	0
2026.03.23	19:45:00	183.843	183.849	183.803	183.827	2187	0	0
2026.03.23	20:00:00	183.827	183.843	183.748	183.779	2811	0	0
2026.03.23	20:15:00	183.779	183.790	183.728	183.775	2317	0	0
2026.03.23	20:30:00	183.775	183.869	183.767	183.834	3136	0	0
2026.03.23	20:45:00	183.834	183.959	183.821	183.922	2337	0	0
2026.03.23	21:00:00	183.921	183.935	183.874	183.895	1856	0	0
2026.03.23	21:15:00	183.895	183.906	183.836	183.873	1761	0	0
2026.03.23	21:30:00	183.873	183.957	183.868	183.936	1452	0	0
2026.03.23	21:45:00	183.935	183.987	183.889	183.974	1721	0	0
2026.03.23	22:00:00	183.974	184.019	183.952	184.019	1182	0	3
2026.03.23	22:15:00	184.019	184.019	183.964	183.970	693	0	7
2026.03.23	22:30:00	183.969	184.021	183.956	184.014	638	0	8
2026.03.23	22:45:00	184.014	184.015	183.881	183.891	874	0	8
2026.03.23	23:00:00	183.894	183.968	183.871	183.960	146	0	58
2026.03.23	23:15:00	183.960	183.968	183.909	183.954	282	0	50
2026.03.23	23:30:00	183.954	183.967	183.776	183.912	445	0	46
2026.03.23	23:45:00	183.912	183.961	183.864	183.952	1173	0	42
2026.03.24	00:00:00	183.952	183.968	183.839	183.893	845	0	5
2026.03.24	00:15:00	183.893	183.916	183.875	183.902	689	0	9
2026.03.24	00:30:00	183.903	183.929	183.894	183.900	750	0	5
2026.03.24	00:45:00	183.900	183.939	183.878	183.895	585	0	8
2026.03.24	01:00:00	183.895	183.897	183.835	183.854	852	0	5
2026.03.24	01:15:00	183.854	183.898	183.821	183.847	996	0	0
2026.03.24	01:30:00	183.850	183.915	183.842	183.883	1060	0	0
2026.03.24	01:45:00	183.883	183.979	183.878	183.966	1853	0	3
2026.03.24	02:00:00	183.966	183.985	183.866	183.928	2406	0	0
2026.03.24	02:15:00	183.928	183.960	183.886	183.896	2594	0	2
2026.03.24	02:30:00	183.897	183.906	183.654	183.761	3433	0	0
2026.03.24	02:45:00	183.761	183.819	183.638	183.761	3258	0	0
2026.03.24	03:00:00	183.760	183.793	183.710	183.713	3001	0	0
2026.03.24	03:15:00	183.713	183.757	183.687	183.720	2764	0	0
2026.03.24	03:30:00	183.720	183.754	183.627	183.627	2477	0	2
2026.03.24	03:45:00	183.627	183.741	183.623	183.712	2247	0	4
2026.03.24	04:00:00	183.713	183.798	183.697	183.774	2318	0	3
2026.03.24	04:15:00	183.774	183.845	183.768	183.786	2011	0	4
2026.03.24	04:30:00	183.786	183.825	183.717	183.804	1883	0	0
2026.03.24	04:45:00	183.804	183.832	183.770	183.824	1650	0	2
2026.03.24	05:00:00	183.824	183.842	183.781	183.807	1410	0	3
2026.03.24	05:15:00	183.807	183.868	183.806	183.846	1084	0	7
2026.03.24	05:30:00	183.846	183.848	183.725	183.768	1278	0	4
2026.03.24	05:45:00	183.766	183.860	183.749	183.857	1014	0	2
2026.03.24	06:00:00	183.857	183.874	183.792	183.818	1177	0	3
2026.03.24	06:15:00	183.818	183.831	183.784	183.806	1064	0	0
2026.03.24	06:30:00	183.806	183.810	183.774	183.794	1385	0	3
2026.03.24	06:45:00	183.794	183.869	183.792	183.840	906	0	6
2026.03.24	07:00:00	183.844	183.852	183.759	183.763	1563	0	0
2026.03.24	07:15:00	183.763	183.863	183.756	183.801	1998	0	0
2026.03.24	07:30:00	183.801	183.841	183.750	183.759	2000	0	0
2026.03.24	07:45:00	183.759	183.813	183.749	183.751	1517	0	0
2026.03.24	08:00:00	183.751	183.810	183.733	183.745	2135	0	0
2026.03.24	08:15:00	183.745	183.804	183.744	183.787	1876	0	0
2026.03.24	08:30:00	183.787	183.827	183.755	183.812	1984	0	0
2026.03.24	08:45:00	183.809	183.871	183.753	183.850	1743	0	0
2026.03.24	09:00:00	183.850	184.036	183.830	184.032	3025	0	0
2026.03.24	09:15:00	184.032	184.061	183.950	183.976	2677	0	0
2026.03.24	09:30:00	183.976	184.043	183.942	184.020	2601	0	0
2026.03.24	09:45:00	184.020	184.024	183.920	183.994	2231	0	0
2026.03.24	10:00:00	183.994	183.994	183.848	183.901	3282	0	0
2026.03.24	10:15:00	183.897	183.965	183.799	183.810	2753	0	0
2026.03.24	10:30:00	183.810	183.840	183.750	183.810	2347	0	0
2026.03.24	10:45:00	183.810	183.888	183.679	183.856	2912	0	0
2026.03.24	11:00:00	183.856	183.914	183.790	183.803	2729	0	0
2026.03.24	11:15:00	183.803	183.936	183.750	183.917	2189	0	0
2026.03.24	11:30:00	183.917	183.984	183.908	183.974	1852	0	0
2026.03.24	11:45:00	183.974	183.982	183.916	183.932	1713	0	0
2026.03.24	12:00:00	183.932	184.014	183.925	183.942	1738	0	0
2026.03.24	12:15:00	183.942	183.949	183.885	183.914	1587	0	0
2026.03.24	12:30:00	183.915	183.954	183.895	183.950	1570	0	0
2026.03.24	12:45:00	183.950	183.999	183.915	183.957	1749	0	0
2026.03.24	13:00:00	183.957	184.014	183.922	184.001	2192	0	0
2026.03.24	13:15:00	184.001	184.008	183.936	183.977	1643	0	0
2026.03.24	13:30:00	183.977	184.000	183.945	183.987	1446	0	0
2026.03.24	13:45:00	183.987	184.012	183.867	184.002	2680	0	0
2026.03.24	14:00:00	184.002	184.026	183.927	183.943	2143	0	0
2026.03.24	14:15:00	183.943	184.006	183.929	183.992	2026	0	0
2026.03.24	14:30:00	183.992	184.035	183.949	183.975	2477	0	0
2026.03.24	14:45:00	183.975	184.116	183.967	183.985	2649	0	0
2026.03.24	15:00:00	183.985	184.053	183.852	183.956	3659	0	0
2026.03.24	15:15:00	183.956	183.985	183.889	183.891	2549	0	0
2026.03.24	15:30:00	183.890	183.939	183.856	183.858	3788	0	0
2026.03.24	15:45:00	183.858	183.886	183.815	183.860	3596	0	0
2026.03.24	16:00:00	183.860	183.985	183.857	183.949	3463	0	0
2026.03.24	16:15:00	183.949	183.994	183.900	183.925	3024	0	0
2026.03.24	16:30:00	183.924	184.008	183.894	183.996	2868	0	0
2026.03.24	16:45:00	183.996	184.069	183.850	183.960	4767	0	0
2026.03.24	17:00:00	183.960	183.991	183.893	183.918	3979	0	0
2026.03.24	17:15:00	183.918	183.970	183.892	183.944	2406	0	0
2026.03.24	17:30:00	183.944	183.970	183.878	183.959	2408	0	0
2026.03.24	17:45:00	183.959	183.979	183.913	183.972	2825	0	0
2026.03.24	18:00:00	183.972	184.074	183.960	184.035	2620	0	0
2026.03.24	18:15:00	184.035	184.126	183.999	184.103	1959	0	1
2026.03.24	18:30:00	184.103	184.110	184.030	184.076	1811	0	1
2026.03.24	18:45:00	184.076	184.104	184.063	184.073	1798	0	0
2026.03.24	19:00:00	184.075	184.101	183.874	184.032	4145	0	0
2026.03.24	19:15:00	184.032	184.116	184.025	184.055	3244	0	0
2026.03.24	19:30:00	184.055	184.141	184.047	184.113	2522	0	0
2026.03.24	19:45:00	184.111	184.194	184.083	184.144	2969	0	0
2026.03.24	20:00:00	184.144	184.170	184.102	184.118	2707	0	0
2026.03.24	20:15:00	184.117	184.138	184.087	184.118	2517	0	0
2026.03.24	20:30:00	184.118	184.155	184.099	184.106	2387	0	0
2026.03.24	20:45:00	184.106	184.127	184.087	184.126	1915	0	0
2026.03.24	21:00:00	184.126	184.178	184.121	184.174	2055	0	0
2026.03.24	21:15:00	184.174	184.230	184.160	184.222	1493	0	2
2026.03.24	21:30:00	184.222	184.223	184.160	184.169	1643	0	1
2026.03.24	21:45:00	184.169	184.206	184.167	184.197	1241	0	1
2026.03.24	22:00:00	184.192	184.220	184.181	184.201	822	0	9
2026.03.24	22:15:00	184.201	184.246	184.073	184.143	4434	0	0
2026.03.24	22:30:00	184.143	184.215	184.115	184.197	3738	0	7
2026.03.24	22:45:00	184.197	184.258	184.142	184.145	2744	0	7
2026.03.24	23:00:00	184.135	184.239	184.079	184.093	175	0	16
2026.03.24	23:15:00	184.093	184.153	183.967	184.027	160	0	42
2026.03.24	23:30:00	184.027	184.160	184.025	184.154	405	0	57
2026.03.24	23:45:00	184.154	184.216	184.110	184.143	382	0	52
2026.03.25	00:00:00	184.143	184.330	184.132	184.243	835	0	4
2026.03.25	00:15:00	184.243	184.281	184.219	184.255	1200	0	10
2026.03.25	00:30:00	184.255	184.282	184.237	184.264	1100	0	10
2026.03.25	00:45:00	184.264	184.315	184.263	184.298	987	0	9
2026.03.25	01:00:00	184.298	184.319	184.265	184.271	1608	0	3
2026.03.25	01:15:00	184.271	184.330	184.241	184.324	1161	0	4
2026.03.25	01:30:00	184.324	184.359	184.278	184.291	1421	0	3
2026.03.25	01:45:00	184.291	184.343	184.291	184.316	906	0	6
2026.03.25	02:00:00	184.316	184.515	184.282	184.502	2635	0	0
2026.03.25	02:15:00	184.502	184.557	184.474	184.504	2276	0	0
2026.03.25	02:30:00	184.505	184.541	184.442	184.523	2272	0	0
2026.03.25	02:45:00	184.523	184.542	184.381	184.399	2580	0	0
2026.03.25	03:00:00	184.399	184.425	184.308	184.396	2612	0	0
2026.03.25	03:15:00	184.396	184.431	184.376	184.400	1812	0	3
2026.03.25	03:30:00	184.401	184.407	184.334	184.390	2235	0	2
2026.03.25	03:45:00	184.390	184.410	184.298	184.302	2111	0	3
2026.03.25	04:00:00	184.302	184.312	184.212	184.238	1688	0	3
2026.03.25	04:15:00	184.239	184.278	184.215	184.260	1341	0	5
2026.03.25	04:30:00	184.260	184.330	184.253	184.322	1283	0	5
2026.03.25	04:45:00	184.322	184.345	184.247	184.277	1185	0	5
2026.03.25	05:00:00	184.277	184.305	184.217	184.242	1118	0	5
2026.03.25	05:15:00	184.242	184.284	184.233	184.251	1023	0	3
2026.03.25	05:30:00	184.251	184.273	184.224	184.258	1010	0	6
2026.03.25	05:45:00	184.258	184.279	184.253	184.270	952	0	7
2026.03.25	06:00:00	184.270	184.321	184.244	184.321	1026	0	2
2026.03.25	06:15:00	184.321	184.391	184.314	184.358	1004	0	0
2026.03.25	06:30:00	184.358	184.362	184.299	184.346	949	0	0
2026.03.25	06:45:00	184.346	184.346	184.263	184.265	996	0	5
2026.03.25	07:00:00	184.269	184.321	184.251	184.287	951	0	2
2026.03.25	07:15:00	184.287	184.297	184.237	184.290	799	0	1
2026.03.25	07:30:00	184.290	184.363	184.290	184.312	1197	0	0
2026.03.25	07:45:00	184.312	184.337	184.270	184.310	1286	0	0
2026.03.25	08:00:00	184.310	184.327	184.264	184.302	1653	0	0
2026.03.25	08:15:00	184.302	184.386	184.282	184.333	1311	0	0
2026.03.25	08:30:00	184.332	184.367	184.297	184.329	1337	0	2
2026.03.25	08:45:00	184.329	184.420	184.326	184.389	1074	0	0
2026.03.25	09:00:00	184.389	184.438	184.365	184.431	1511	0	0
2026.03.25	09:15:00	184.431	184.502	184.403	184.464	1522	0	1
2026.03.25	09:30:00	184.464	184.484	184.395	184.462	1738	0	0
2026.03.25	09:45:00	184.460	184.603	184.460	184.560	1767	0	0
2026.03.25	10:00:00	184.560	184.576	184.409	184.467	3184	0	0
2026.03.25	10:15:00	184.467	184.487	184.386	184.425	2609	0	0
2026.03.25	10:30:00	184.426	184.448	184.338	184.445	2827	0	0
2026.03.25	10:45:00	184.447	184.483	184.187	184.222	2436	0	0
2026.03.25	11:00:00	184.221	184.323	184.198	184.316	2033	0	0
2026.03.25	11:15:00	184.316	184.324	184.262	184.279	1897	0	0
2026.03.25	11:30:00	184.280	184.280	184.204	184.253	1762	0	0
2026.03.25	11:45:00	184.253	184.342	184.249	184.300	1852	0	0
2026.03.25	12:00:00	184.300	184.415	184.300	184.385	1958	0	0
2026.03.25	12:15:00	184.386	184.406	184.333	184.336	1373	0	0
2026.03.25	12:30:00	184.336	184.388	184.322	184.353	1244	0	0
2026.03.25	12:45:00	184.353	184.438	184.350	184.387	1413	0	0
2026.03.25	13:00:00	184.387	184.433	184.342	184.358	1409	0	0
2026.03.25	13:15:00	184.358	184.394	184.333	184.370	1313	0	0
2026.03.25	13:30:00	184.370	184.374	184.326	184.352	1167	0	1
2026.03.25	13:45:00	184.352	184.372	184.284	184.353	2441	0	0
2026.03.25	14:00:00	184.353	184.410	184.335	184.375	2183	0	0
2026.03.25	14:15:00	184.375	184.409	184.263	184.351	3920	0	0
2026.03.25	14:30:00	184.351	184.383	184.321	184.341	3084	0	0
2026.03.25	14:45:00	184.343	184.362	184.272	184.328	2053	0	0
2026.03.25	15:00:00	184.328	184.390	184.238	184.260	2511	0	0
2026.03.25	15:15:00	184.260	184.288	184.205	184.239	1851	0	0
2026.03.25	15:30:00	184.238	184.263	184.141	184.159	3020	0	0
2026.03.25	15:45:00	184.159	184.195	184.134	184.182	2931	0	0
2026.03.25	16:00:00	184.182	184.230	184.114	184.225	3283	0	0
2026.03.25	16:15:00	184.225	184.314	184.221	184.288	3088	0	0
2026.03.25	16:30:00	184.288	184.296	184.198	184.228	2373	0	0
2026.03.25	16:45:00	184.228	184.298	184.226	184.277	2124	0	0
2026.03.25	17:00:00	184.277	184.321	184.174	184.179	2289	0	0
2026.03.25	17:15:00	184.179	184.185	184.108	184.148	3328	0	0
2026.03.25	17:30:00	184.148	184.148	184.041	184.065	2207	0	0
2026.03.25	17:45:00	184.065	184.229	184.058	184.198	2790	0	0
2026.03.25	18:00:00	184.198	184.212	184.037	184.117	2669	0	0
2026.03.25	18:15:00	184.118	184.248	184.097	184.193	2823	0	0
2026.03.25	18:30:00	184.193	184.239	184.144	184.184	2320	0	0
2026.03.25	18:45:00	184.184	184.246	184.177	184.211	1530	0	0
2026.03.25	19:00:00	184.211	184.299	184.205	184.269	2128	0	0
2026.03.25	19:15:00	184.269	184.318	184.249	184.313	1579	0	0
2026.03.25	19:30:00	184.313	184.372	184.296	184.350	1805	0	0
2026.03.25	19:45:00	184.350	184.417	184.341	184.392	2020	0	0
2026.03.25	20:00:00	184.392	184.421	184.371	184.392	1454	0	0
2026.03.25	20:15:00	184.392	184.452	184.391	184.434	1175	0	2
2026.03.25	20:30:00	184.434	184.448	184.392	184.404	1309	0	1
2026.03.25	20:45:00	184.405	184.408	184.340	184.389	1910	0	0
2026.03.25	21:00:00	184.389	184.402	184.353	184.381	1887	0	1
2026.03.25	21:15:00	184.381	184.419	184.375	184.400	1373	0	1
2026.03.25	21:30:00	184.400	184.433	184.381	184.427	1037	0	0
2026.03.25	21:45:00	184.427	184.445	184.378	184.391	1203	0	0
2026.03.25	22:00:00	184.386	184.390	184.354	184.360	891	0	8
2026.03.25	22:15:00	184.360	184.361	184.324	184.325	460	0	4
2026.03.25	22:30:00	184.323	184.325	184.294	184.315	788	0	9
2026.03.25	22:45:00	184.315	184.340	184.251	184.254	1107	0	10
2026.03.25	23:00:00	184.255	184.317	184.177	184.236	108	0	47
2026.03.25	23:15:00	184.236	184.279	184.219	184.270	351	0	62
2026.03.25	23:30:00	184.282	184.290	184.230	184.251	501	0	43
2026.03.25	23:45:00	184.251	184.330	184.201	184.259	598	0	32
2026.03.26	00:00:00	184.259	184.323	184.243	184.273	538	0	5
2026.03.26	00:15:00	184.273	184.299	184.259	184.290	523	0	8
2026.03.26	00:30:00	184.291	184.317	184.277	184.294	713	0	8
2026.03.26	00:45:00	184.294	184.301	184.271	184.271	1573	0	4
2026.03.26	01:00:00	184.271	184.312	184.256	184.297	1441	0	3
2026.03.26	01:15:00	184.297	184.300	184.249	184.263	918	0	4
2026.03.26	01:30:00	184.263	184.292	184.255	184.289	812	0	4
2026.03.26	01:45:00	184.289	184.289	184.238	184.276	1277	0	4
2026.03.26	02:00:00	184.276	184.310	184.235	184.278	1857	0	0
2026.03.26	02:15:00	184.278	184.371	184.276	184.361	1637	0	0
2026.03.26	02:30:00	184.361	184.361	184.236	184.264	1184	0	1
2026.03.26	02:45:00	184.264	184.324	184.218	184.319	1739	0	0
2026.03.26	03:00:00	184.319	184.436	184.306	184.416	1884	0	0
2026.03.26	03:15:00	184.416	184.423	184.362	184.385	1462	0	0
2026.03.26	03:30:00	184.385	184.452	184.380	184.398	1282	0	0
2026.03.26	03:45:00	184.398	184.427	184.392	184.423	1108	0	1
2026.03.26	04:00:00	184.423	184.443	184.382	184.392	861	0	3
2026.03.26	04:15:00	184.392	184.399	184.360	184.387	796	0	2
2026.03.26	04:30:00	184.387	184.391	184.313	184.339	1359	0	4
2026.03.26	04:45:00	184.340	184.396	184.333	184.386	887	0	6
2026.03.26	05:00:00	184.386	184.399	184.360	184.391	1082	0	5
2026.03.26	05:15:00	184.391	184.450	184.336	184.438	1177	0	0
2026.03.26	05:30:00	184.438	184.470	184.419	184.449	998	0	5
2026.03.26	05:45:00	184.449	184.473	184.390	184.462	955	0	0
2026.03.26	06:00:00	184.462	184.473	184.430	184.436	802	0	5
2026.03.26	06:15:00	184.436	184.444	184.404	184.421	897	0	6
2026.03.26	06:30:00	184.421	184.457	184.420	184.440	510	0	6
2026.03.26	06:45:00	184.440	184.466	184.416	184.450	1106	0	0
2026.03.26	07:00:00	184.454	184.463	184.374	184.396	1147	0	0
2026.03.26	07:15:00	184.396	184.406	184.353	184.396	845	0	0
2026.03.26	07:30:00	184.396	184.408	184.357	184.404	937	0	2
2026.03.26	07:45:00	184.404	184.407	184.313	184.336	1006	0	0
2026.03.26	08:00:00	184.336	184.348	184.278	184.281	1320	0	0
2026.03.26	08:15:00	184.281	184.343	184.272	184.327	1133	0	0
2026.03.26	08:30:00	184.327	184.332	184.200	184.233	1295	0	0
2026.03.26	08:45:00	184.233	184.276	184.183	184.270	1528	0	0
2026.03.26	09:00:00	184.270	184.271	184.163	184.193	1743	0	0
2026.03.26	09:15:00	184.193	184.283	184.173	184.244	1403	0	0
2026.03.26	09:30:00	184.244	184.283	184.203	184.238	1212	0	0
2026.03.26	09:45:00	184.238	184.297	184.187	184.281	1296	0	0
2026.03.26	10:00:00	184.281	184.306	184.200	184.265	2150	0	0
2026.03.26	10:15:00	184.265	184.331	184.257	184.265	1499	0	0
2026.03.26	10:30:00	184.264	184.362	184.241	184.317	1681	0	0
2026.03.26	10:45:00	184.317	184.350	184.294	184.342	1280	0	0
2026.03.26	11:00:00	184.342	184.412	184.302	184.343	1591	0	0
2026.03.26	11:15:00	184.343	184.344	184.237	184.320	1240	0	0
2026.03.26	11:30:00	184.321	184.376	184.261	184.289	1652	0	0
2026.03.26	11:45:00	184.289	184.406	184.289	184.366	1216	0	0
2026.03.26	12:00:00	184.366	184.453	184.354	184.423	1536	0	0
2026.03.26	12:15:00	184.423	184.424	184.351	184.351	1198	0	0
2026.03.26	12:30:00	184.352	184.388	184.329	184.362	1508	0	0
2026.03.26	12:45:00	184.362	184.372	184.303	184.325	1120	0	0
2026.03.26	13:00:00	184.325	184.342	184.281	184.281	1161	0	0
2026.03.26	13:15:00	184.281	184.302	184.161	184.171	1078	0	0
2026.03.26	13:30:00	184.171	184.194	184.068	184.087	1334	0	0
2026.03.26	13:45:00	184.087	184.100	183.969	183.993	1553	0	0
2026.03.26	14:00:00	183.993	184.093	183.985	184.054	1938	0	0
2026.03.26	14:15:00	184.054	184.086	184.007	184.040	1534	0	0
2026.03.26	14:30:00	184.056	184.126	184.010	184.082	1860	0	0
2026.03.26	14:45:00	184.082	184.156	184.081	184.141	1592	0	0
2026.03.26	15:00:00	184.140	184.211	184.140	184.182	2132	0	0
2026.03.26	15:15:00	184.182	184.212	184.122	184.169	1802	0	1
2026.03.26	15:30:00	184.169	184.213	184.145	184.206	2824	0	0
2026.03.26	15:45:00	184.206	184.261	184.120	184.133	3063	0	0
2026.03.26	16:00:00	184.132	184.194	184.117	184.189	2828	0	0
2026.03.26	16:15:00	184.189	184.286	184.167	184.260	2116	0	0
2026.03.26	16:30:00	184.260	184.269	184.162	184.176	3011	0	0
2026.03.26	16:45:00	184.176	184.257	184.168	184.245	3276	0	0
2026.03.26	17:00:00	184.243	184.312	184.232	184.273	2540	0	0
2026.03.26	17:15:00	184.275	184.303	184.233	184.249	2192	0	0
2026.03.26	17:30:00	184.249	184.251	184.150	184.159	1917	0	0
2026.03.26	17:45:00	184.161	184.276	184.158	184.264	3041	0	0
2026.03.26	18:00:00	184.264	184.294	184.208	184.280	2091	0	0
2026.03.26	18:15:00	184.280	184.283	184.141	184.161	2065	0	0
2026.03.26	18:30:00	184.161	184.207	184.149	184.195	1706	0	2
2026.03.26	18:45:00	184.195	184.215	184.154	184.179	1320	0	0
2026.03.26	19:00:00	184.179	184.182	184.133	184.140	1659	0	0
2026.03.26	19:15:00	184.140	184.216	184.138	184.195	1354	0	1
2026.03.26	19:30:00	184.195	184.226	184.137	184.150	1571	0	0
2026.03.26	19:45:00	184.150	184.163	184.117	184.140	1155	0	0
2026.03.26	20:00:00	184.140	184.216	184.129	184.216	1314	0	2
2026.03.26	20:15:00	184.216	184.239	184.194	184.206	1300	0	1
2026.03.26	20:30:00	184.206	184.243	184.178	184.204	1094	0	0
2026.03.26	20:45:00	184.204	184.265	184.195	184.243	927	0	0
2026.03.26	21:00:00	184.243	184.248	184.172	184.185	1277	0	2
2026.03.26	21:15:00	184.185	184.217	184.165	184.172	1127	0	0
2026.03.26	21:30:00	184.172	184.201	184.155	184.166	1101	0	2
2026.03.26	21:45:00	184.166	184.196	184.149	184.149	1181	0	1
2026.03.26	22:00:00	184.145	184.277	184.116	184.255	2199	0	0
2026.03.26	22:15:00	184.255	184.278	184.122	184.170	3594	0	5
2026.03.26	22:30:00	184.170	184.223	184.147	184.148	1943	0	8
2026.03.26	22:45:00	184.148	184.207	184.100	184.109	1889	0	10
2026.03.26	23:00:00	184.105	184.121	184.017	184.057	234	0	105
2026.03.26	23:15:00	184.057	184.184	184.044	184.171	284	0	71
2026.03.26	23:30:00	184.171	184.236	184.126	184.129	385	0	71
2026.03.26	23:45:00	184.129	184.155	184.090	184.136	386	0	88
2026.03.27	00:00:00	184.136	184.258	184.105	184.211	656	0	6
2026.03.27	00:15:00	184.211	184.239	184.208	184.220	393	0	10
2026.03.27	00:30:00	184.221	184.257	184.212	184.234	734	0	9
2026.03.27	00:45:00	184.234	184.246	184.209	184.214	393	0	9
2026.03.27	01:00:00	184.214	184.235	184.186	184.189	1190	0	2
2026.03.27	01:15:00	184.189	184.230	184.187	184.219	973	0	5
2026.03.27	01:30:00	184.220	184.235	184.208	184.220	612	0	2
2026.03.27	01:45:00	184.220	184.233	184.201	184.227	757	0	6
2026.03.27	02:00:00	184.227	184.238	184.143	184.169	1552	0	1
2026.03.27	02:15:00	184.169	184.178	184.102	184.105	1881	0	2
2026.03.27	02:30:00	184.105	184.131	184.084	184.099	1351	0	6
2026.03.27	02:45:00	184.099	184.099	183.866	183.982	2464	0	0
2026.03.27	03:00:00	183.982	184.030	183.931	184.030	1915	0	0
2026.03.27	03:15:00	184.029	184.088	184.006	184.081	1482	0	5
2026.03.27	03:30:00	184.081	184.135	184.078	184.091	1197	0	4
2026.03.27	03:45:00	184.091	184.117	184.003	184.037	1184	0	3
2026.03.27	04:00:00	184.037	184.117	184.037	184.111	1274	0	2
2026.03.27	04:15:00	184.111	184.130	184.093	184.126	904	0	7
2026.03.27	04:30:00	184.126	184.149	184.099	184.100	838	0	6
2026.03.27	04:45:00	184.100	184.103	184.031	184.068	802	0	7
2026.03.27	05:00:00	184.068	184.083	184.018	184.056	796	0	5
2026.03.27	05:15:00	184.056	184.086	184.044	184.071	645	0	3
2026.03.27	05:30:00	184.071	184.148	184.071	184.127	858	0	6
2026.03.27	05:45:00	184.127	184.184	184.111	184.177	884	0	5
2026.03.27	06:00:00	184.177	184.201	184.169	184.172	680	0	7
2026.03.27	06:15:00	184.172	184.185	184.116	184.132	679	0	5
2026.03.27	06:30:00	184.132	184.211	184.116	184.211	665	0	6
2026.03.27	06:45:00	184.211	184.247	184.199	184.245	798	0	5
2026.03.27	07:00:00	184.249	184.270	184.234	184.269	834	0	0
2026.03.27	07:15:00	184.269	184.278	184.207	184.235	877	0	0
2026.03.27	07:30:00	184.235	184.240	184.183	184.222	1096	0	1
2026.03.27	07:45:00	184.222	184.277	184.188	184.228	998	0	2
2026.03.27	08:00:00	184.226	184.266	184.189	184.207	1044	0	1
2026.03.27	08:15:00	184.207	184.235	184.179	184.202	936	0	0
2026.03.27	08:30:00	184.202	184.234	184.156	184.228	894	0	1
2026.03.27	08:45:00	184.228	184.286	184.210	184.265	1015	0	1
2026.03.27	09:00:00	184.265	184.272	184.216	184.238	1337	0	0
2026.03.27	09:15:00	184.238	184.340	184.232	184.325	2199	0	0
2026.03.27	09:30:00	184.325	184.340	184.263	184.311	1613	0	0
2026.03.27	09:45:00	184.311	184.344	184.223	184.241	1589	0	0
2026.03.27	10:00:00	184.241	184.244	184.146	184.191	2067	0	0
2026.03.27	10:15:00	184.191	184.242	184.164	184.222	1712	0	0
2026.03.27	10:30:00	184.222	184.237	184.118	184.180	1701	0	0
2026.03.27	10:45:00	184.180	184.202	184.108	184.148	1356	0	0
2026.03.27	11:00:00	184.143	184.188	184.123	184.162	1700	0	0
2026.03.27	11:15:00	184.162	184.209	184.086	184.165	1833	0	0
2026.03.27	11:30:00	184.165	184.211	184.140	184.158	1394	0	0
2026.03.27	11:45:00	184.158	184.180	184.119	184.157	1198	0	0
2026.03.27	12:00:00	184.157	184.182	184.103	184.149	1621	0	0
2026.03.27	12:15:00	184.149	184.226	184.127	184.211	1161	0	2
2026.03.27	12:30:00	184.211	184.217	184.106	184.157	1312	0	0
2026.03.27	12:45:00	184.157	184.168	184.072	184.082	1259	0	0
2026.03.27	13:00:00	184.085	184.099	184.034	184.041	1355	0	0
2026.03.27	13:15:00	184.040	184.060	184.009	184.015	940	0	1
2026.03.27	13:30:00	184.015	184.050	183.981	184.008	1185	0	1
2026.03.27	13:45:00	184.008	184.010	183.930	183.959	1376	0	0
2026.03.27	14:00:00	183.959	183.964	183.864	183.918	1618	0	0
2026.03.27	14:15:00	183.918	184.027	183.897	184.002	1647	0	1
2026.03.27	14:30:00	184.002	184.064	183.986	184.057	1629	0	0
2026.03.27	14:45:00	184.058	184.136	184.042	184.097	1691	0	0
2026.03.27	15:00:00	184.099	184.176	184.099	184.162	2015	0	0
2026.03.27	15:15:00	184.162	184.309	184.133	184.296	1983	0	0
2026.03.27	15:30:00	184.296	184.398	184.214	184.388	2709	0	0
2026.03.27	15:45:00	184.388	184.396	184.242	184.261	2620	0	1
2026.03.27	16:00:00	184.261	184.354	184.236	184.303	2849	0	0
2026.03.27	16:15:00	184.302	184.364	184.285	184.314	2296	0	0
2026.03.27	16:30:00	184.316	184.379	184.271	184.345	2121	0	1
2026.03.27	16:45:00	184.345	184.398	184.335	184.346	2201	0	1
2026.03.27	17:00:00	184.346	184.416	184.334	184.394	2519	0	0
2026.03.27	17:15:00	184.394	184.446	184.317	184.386	3240	0	0
2026.03.27	17:30:00	184.386	184.449	184.344	184.366	2737	0	0
2026.03.27	17:45:00	184.366	184.510	184.296	184.502	2983	0	0
2026.03.27	18:00:00	184.502	184.657	184.454	184.454	3017	0	0
2026.03.27	18:15:00	184.454	184.513	184.430	184.476	2215	0	0
2026.03.27	18:30:00	184.476	184.476	184.395	184.464	2355	0	0
2026.03.27	18:45:00	184.466	184.494	184.435	184.473	1824	0	1
2026.03.27	19:00:00	184.471	184.561	184.454	184.485	2644	0	0
2026.03.27	19:15:00	184.485	184.615	184.460	184.591	1701	0	0
2026.03.27	19:30:00	184.591	184.597	184.518	184.554	1526	0	0
2026.03.27	19:45:00	184.554	184.607	184.550	184.591	1496	0	1
2026.03.27	20:00:00	184.591	184.601	184.550	184.563	1402	0	1
2026.03.27	20:15:00	184.563	184.631	184.547	184.629	1565	0	0
2026.03.27	20:30:00	184.629	184.642	184.591	184.603	1492	0	0
2026.03.27	20:45:00	184.603	184.608	184.499	184.506	1560	0	0
2026.03.27	21:00:00	184.506	184.511	184.476	184.493	1045	0	0
2026.03.27	21:15:00	184.493	184.520	184.481	184.515	983	0	1
2026.03.27	21:30:00	184.515	184.521	184.483	184.509	933	0	0
2026.03.27	21:45:00	184.509	184.513	184.443	184.444	1347	0	0
2026.03.27	22:00:00	184.441	184.502	184.418	184.489	1327	0	8
2026.03.27	22:15:00	184.489	184.520	184.481	184.514	1128	0	8
2026.03.27	22:30:00	184.512	184.535	184.472	184.529	1260	0	4
2026.03.27	22:45:00	184.529	184.529	184.417	184.417	1356	0	8
2026.03.30	00:00:00	184.141	184.361	184.141	184.214	137	0	0
2026.03.30	00:15:00	184.214	184.339	184.187	184.204	197	0	0
2026.03.30	00:30:00	184.204	184.459	184.160	184.377	175	0	51
2026.03.30	00:45:00	184.388	184.388	184.111	184.198	372	0	40
2026.03.30	01:00:00	184.198	184.507	184.183	184.347	1196	0	0
2026.03.30	01:15:00	184.347	184.376	184.292	184.313	1081	0	5
2026.03.30	01:30:00	184.313	184.382	184.313	184.332	1214	0	5
2026.03.30	01:45:00	184.332	184.339	184.283	184.287	946	0	7
2026.03.30	02:00:00	184.287	184.363	184.271	184.328	1225	0	1
2026.03.30	02:15:00	184.328	184.335	184.256	184.291	998	0	2
2026.03.30	02:30:00	184.291	184.295	184.239	184.270	1262	0	5
2026.03.30	02:45:00	184.270	184.282	184.120	184.132	2264	0	1
2026.03.30	03:00:00	184.134	184.146	183.998	184.017	2864	0	0
2026.03.30	03:15:00	184.017	184.151	183.982	184.135	3979	0	0
2026.03.30	03:30:00	184.135	184.150	184.013	184.027	2220	0	3
2026.03.30	03:45:00	184.026	184.079	183.966	183.970	2061	0	0
2026.03.30	04:00:00	183.970	184.050	183.950	184.019	1793	0	0
2026.03.30	04:15:00	184.019	184.043	183.978	184.013	1660	0	1
2026.03.30	04:30:00	184.013	184.071	184.003	184.064	1368	0	4
2026.03.30	04:45:00	184.064	184.070	183.990	183.997	1208	0	3
2026.03.30	05:00:00	183.997	184.056	183.988	184.022	1256	0	0
2026.03.30	05:15:00	184.022	184.022	183.891	183.915	1428	0	0
2026.03.30	05:30:00	183.915	183.979	183.889	183.961	1619	0	2
2026.03.30	05:45:00	183.961	184.013	183.952	183.998	1270	0	3
2026.03.30	06:00:00	183.998	183.999	183.924	183.965	1470	0	5
2026.03.30	06:15:00	183.965	184.031	183.937	184.010	1216	0	5
2026.03.30	06:30:00	184.010	184.031	183.972	183.987	927	0	3
2026.03.30	06:45:00	183.987	184.022	183.971	184.007	1086	0	3
2026.03.30	07:00:00	184.007	184.007	183.891	183.952	1361	0	0
2026.03.30	07:15:00	183.952	183.975	183.918	183.972	1162	0	3
2026.03.30	07:30:00	183.972	184.022	183.962	184.015	1015	0	0
2026.03.30	07:45:00	184.015	184.015	183.942	183.977	829	0	0
2026.03.30	08:00:00	183.981	183.996	183.904	183.926	1031	0	0
2026.03.30	08:15:00	183.926	183.956	183.897	183.929	1023	0	1
2026.03.30	08:30:00	183.929	183.939	183.827	183.904	1342	0	1
2026.03.30	08:45:00	183.904	183.948	183.868	183.944	1348	0	0
2026.03.30	09:00:00	183.944	183.954	183.846	183.874	1382	0	0
2026.03.30	09:15:00	183.875	183.965	183.813	183.945	1306	0	0
2026.03.30	09:30:00	183.945	184.009	183.863	184.002	1554	0	0
2026.03.30	09:45:00	184.005	184.023	183.950	183.980	1478	0	0
2026.03.30	10:00:00	183.978	183.978	183.767	183.775	1841	0	0
2026.03.30	10:15:00	183.775	183.796	183.560	183.611	1826	0	0
2026.03.30	10:30:00	183.611	183.635	183.563	183.609	1777	0	0
2026.03.30	10:45:00	183.609	183.711	183.539	183.711	1524	0	1
2026.03.30	11:00:00	183.710	183.725	183.621	183.657	2045	0	0
2026.03.30	11:15:00	183.657	183.660	183.567	183.655	1480	0	0
2026.03.30	11:30:00	183.654	183.701	183.549	183.549	1489	0	0
2026.03.30	11:45:00	183.548	183.611	183.471	183.578	1790	0	0
2026.03.30	12:00:00	183.578	183.606	183.461	183.474	1595	0	0
2026.03.30	12:15:00	183.474	183.484	183.406	183.451	1924	0	0
2026.03.30	12:30:00	183.451	183.494	183.341	183.477	1564	0	0
2026.03.30	12:45:00	183.477	183.502	183.425	183.448	1492	0	0
2026.03.30	13:00:00	183.448	183.450	183.351	183.395	1309	0	0
2026.03.30	13:15:00	183.395	183.412	183.345	183.397	1166	0	0
2026.03.30	13:30:00	183.397	183.417	183.357	183.403	1131	0	0
2026.03.30	13:45:00	183.403	183.435	183.331	183.377	1160	0	0
2026.03.30	14:00:00	183.377	183.388	183.282	183.341	1322	0	0
2026.03.30	14:15:00	183.341	183.370	183.276	183.306	2215	0	0
2026.03.30	14:30:00	183.306	183.317	183.214	183.284	2315	0	1
2026.03.30	14:45:00	183.282	183.283	183.191	183.202	1401	0	0
2026.03.30	15:00:00	183.202	183.202	183.012	183.033	1586	0	0
2026.03.30	15:15:00	183.033	183.157	183.020	183.111	1914	0	0
2026.03.30	15:30:00	183.111	183.163	183.038	183.091	1786	0	0
2026.03.30	15:45:00	183.091	183.158	182.983	183.002	2093	0	0
2026.03.30	16:00:00	183.002	183.066	182.988	183.052	2280	0	0
2026.03.30	16:15:00	183.052	183.079	182.901	182.919	1670	0	0
2026.03.30	16:30:00	182.919	183.000	182.904	182.919	2383	0	0
2026.03.30	16:45:00	182.919	182.940	182.833	182.884	2217	0	0
2026.03.30	17:00:00	182.884	182.962	182.857	182.878	2441	0	0
2026.03.30	17:15:00	182.878	182.896	182.796	182.836	2093	0	0
2026.03.30	17:30:00	182.836	182.930	182.836	182.892	2039	0	0
2026.03.30	17:45:00	182.892	182.978	182.880	182.904	2980	0	0
2026.03.30	18:00:00	182.904	182.929	182.706	182.708	2168	0	0
2026.03.30	18:15:00	182.708	182.788	182.663	182.717	2051	0	0
2026.03.30	18:30:00	182.717	182.747	182.634	182.648	1840	0	0
2026.03.30	18:45:00	182.648	182.694	182.611	182.669	1726	0	0
2026.03.30	19:00:00	182.669	182.679	182.596	182.631	1648	0	0
2026.03.30	19:15:00	182.631	182.636	182.593	182.593	1077	0	0
2026.03.30	19:30:00	182.593	182.676	182.593	182.663	1251	0	0
2026.03.30	19:45:00	182.663	182.738	182.655	182.723	1186	0	2
2026.03.30	20:00:00	182.723	182.808	182.715	182.792	1426	0	0
2026.03.30	20:15:00	182.793	182.879	182.776	182.851	1292	0	0
2026.03.30	20:30:00	182.851	182.851	182.774	182.829	1183	0	1
2026.03.30	20:45:00	182.829	182.854	182.798	182.828	1218	0	0
2026.03.30	21:00:00	182.828	182.862	182.800	182.819	1080	0	1
2026.03.30	21:15:00	182.819	182.884	182.788	182.882	969	0	1
2026.03.30	21:30:00	182.882	182.971	182.879	182.958	1119	0	0
2026.03.30	21:45:00	182.958	182.980	182.925	182.947	1147	0	0
2026.03.30	22:00:00	182.947	182.972	182.905	182.922	1111	0	0
2026.03.30	22:15:00	182.922	182.945	182.909	182.927	683	0	0
2026.03.30	22:30:00	182.926	182.987	182.924	182.986	975	0	0
2026.03.30	22:45:00	182.986	183.014	182.974	183.005	1012	0	0
2026.03.30	23:00:00	183.004	183.019	182.983	183.007	1074	0	2
2026.03.30	23:15:00	183.007	183.014	182.968	182.984	574	0	10
2026.03.30	23:30:00	182.984	183.040	182.979	183.031	617	0	11
2026.03.30	23:45:00	183.031	183.095	183.001	183.055	1120	0	12
2026.03.31	00:00:00	183.023	183.123	182.926	183.029	327	0	8
2026.03.31	00:15:00	183.030	183.044	182.894	182.905	287	0	38
2026.03.31	00:30:00	182.903	183.132	182.891	183.109	508	0	50
2026.03.31	00:45:00	183.109	183.147	183.052	183.062	576	0	58
2026.03.31	01:00:00	183.062	183.147	183.058	183.117	444	0	10
2026.03.31	01:15:00	183.117	183.126	183.097	183.106	272	0	11
2026.03.31	01:30:00	183.107	183.147	183.107	183.115	2032	0	5
2026.03.31	01:45:00	183.115	183.149	183.114	183.127	910	0	5
2026.03.31	02:00:00	183.127	183.133	183.047	183.049	1134	0	3
2026.03.31	02:15:00	183.049	183.074	183.047	183.062	588	0	6
2026.03.31	02:30:00	183.062	183.093	183.044	183.084	801	0	4
2026.03.31	02:45:00	183.084	183.132	183.080	183.123	879	0	5
2026.03.31	03:00:00	183.123	183.160	183.039	183.096	2211	0	3
2026.03.31	03:15:00	183.096	183.132	183.057	183.106	1575	0	0
2026.03.31	03:30:00	183.107	183.262	183.099	183.224	2459	0	0
2026.03.31	03:45:00	183.224	183.463	183.190	183.457	4363	0	0
2026.03.31	04:00:00	183.457	183.563	183.434	183.495	2684	0	0
2026.03.31	04:15:00	183.496	183.568	183.434	183.567	2215	0	3
2026.03.31	04:30:00	183.567	183.573	183.407	183.421	2658	0	1
2026.03.31	04:45:00	183.421	183.435	183.306	183.325	2069	0	4
2026.03.31	05:00:00	183.325	183.344	183.279	183.289	1676	0	3
2026.03.31	05:15:00	183.289	183.299	183.209	183.253	1257	0	4
2026.03.31	05:30:00	183.253	183.264	183.196	183.209	1071	0	3
2026.03.31	05:45:00	183.209	183.227	183.141	183.157	1486	0	0
2026.03.31	06:00:00	183.157	183.183	183.134	183.151	1113	0	0
2026.03.31	06:15:00	183.151	183.195	183.142	183.173	927	0	5
2026.03.31	06:30:00	183.173	183.209	183.149	183.192	881	0	6
2026.03.31	06:45:00	183.192	183.207	183.144	183.198	857	0	5
2026.03.31	07:00:00	183.198	183.223	183.183	183.185	828	0	5
2026.03.31	07:15:00	183.185	183.190	183.106	183.113	938	0	0
2026.03.31	07:30:00	183.113	183.136	183.093	183.113	872	0	5
2026.03.31	07:45:00	183.113	183.131	183.066	183.069	917	0	0
2026.03.31	08:00:00	183.073	183.101	182.828	182.878	1242	0	0
2026.03.31	08:15:00	182.878	183.038	182.865	183.023	1192	0	0
2026.03.31	08:30:00	183.023	183.069	182.990	183.007	940	0	0
2026.03.31	08:45:00	183.007	183.057	182.945	182.988	1233	0	0
2026.03.31	09:00:00	182.988	183.071	182.934	183.065	1800	0	0
2026.03.31	09:15:00	183.065	183.066	182.944	182.982	1960	0	0
2026.03.31	09:30:00	182.982	183.168	182.971	183.150	2007	0	0
2026.03.31	09:45:00	183.150	183.266	183.116	183.241	2584	0	0
2026.03.31	10:00:00	183.241	183.264	183.100	183.119	2719	0	0
2026.03.31	10:15:00	183.112	183.225	183.108	183.181	2050	0	0
2026.03.31	10:30:00	183.181	183.251	183.148	183.169	1565	0	0
2026.03.31	10:45:00	183.169	183.179	183.078	183.153	1930	0	0
2026.03.31	11:00:00	183.151	183.184	183.053	183.073	1984	0	0
2026.03.31	11:15:00	183.073	183.075	182.976	183.060	1444	0	1
2026.03.31	11:30:00	183.060	183.148	183.023	183.124	1324	0	0
2026.03.31	11:45:00	183.124	183.132	182.992	182.992	1633	0	0
2026.03.31	12:00:00	182.992	182.995	182.885	182.948	1914	0	0
2026.03.31	12:15:00	182.948	183.097	182.925	183.097	1478	0	0
2026.03.31	12:30:00	183.097	183.114	183.052	183.088	1197	0	0
2026.03.31	12:45:00	183.088	183.103	183.060	183.088	972	0	0
2026.03.31	13:00:00	183.088	183.112	183.074	183.084	938	0	0
2026.03.31	13:15:00	183.084	183.126	183.051	183.085	1027	0	0
2026.03.31	13:30:00	183.085	183.163	183.085	183.134	1023	0	0
2026.03.31	13:45:00	183.134	183.135	183.037	183.040	1150	0	0
2026.03.31	14:00:00	183.040	183.145	183.016	183.086	2092	0	0
2026.03.31	14:15:00	183.086	183.195	183.019	183.075	2831	0	0
2026.03.31	14:30:00	183.076	183.135	183.068	183.124	2154	0	0
2026.03.31	14:45:00	183.124	183.198	183.080	183.190	2481	0	0
2026.03.31	15:00:00	183.190	183.403	183.185	183.336	3437	0	0
2026.03.31	15:15:00	183.336	183.409	183.268	183.409	2986	0	0
2026.03.31	15:30:00	183.409	183.427	183.345	183.398	2352	0	0
2026.03.31	15:45:00	183.399	183.426	183.313	183.321	1796	0	0
2026.03.31	16:00:00	183.321	183.424	183.309	183.363	2056	0	0
2026.03.31	16:15:00	183.363	183.418	183.337	183.416	2303	0	0
2026.03.31	16:30:00	183.416	183.425	183.302	183.320	2374	0	0
2026.03.31	16:45:00	183.320	183.501	183.251	183.462	3036	0	0
2026.03.31	17:00:00	183.462	183.525	183.408	183.461	2923	0	0
2026.03.31	17:15:00	183.461	183.546	183.372	183.546	2510	0	0
2026.03.31	17:30:00	183.546	183.651	183.492	183.492	3378	0	0
2026.03.31	17:45:00	183.492	183.573	183.233	183.279	4805	0	0
2026.03.31	18:00:00	183.279	183.361	183.175	183.276	4663	0	0
2026.03.31	18:15:00	183.280	183.294	183.234	183.248	2821	0	0
2026.03.31	18:30:00	183.247	183.254	183.073	183.101	2860	0	0
2026.03.31	18:45:00	183.101	183.229	183.076	183.216	2476	0	0
2026.03.31	19:00:00	183.217	183.328	183.208	183.288	2149	0	0
2026.03.31	19:15:00	183.288	183.418	183.267	183.414	1978	0	0
2026.03.31	19:30:00	183.414	183.614	183.413	183.504	3944	0	0
2026.03.31	19:45:00	183.504	183.506	183.378	183.442	4454	0	0
2026.03.31	20:00:00	183.442	183.512	183.418	183.449	3888	0	0
2026.03.31	20:15:00	183.449	183.486	183.420	183.441	2631	0	0
2026.03.31	20:30:00	183.441	183.503	183.418	183.458	2954	0	0
2026.03.31	20:45:00	183.458	183.553	183.416	183.424	2407	0	0
2026.03.31	21:00:00	183.424	183.468	183.421	183.455	2155	0	0
2026.03.31	21:15:00	183.455	183.459	183.406	183.421	1567	0	0
2026.03.31	21:30:00	183.421	183.423	183.345	183.347	1593	0	0
2026.03.31	21:45:00	183.347	183.443	183.318	183.418	1656	0	0
2026.03.31	22:00:00	183.418	183.490	183.387	183.477	1620	0	0
2026.03.31	22:15:00	183.477	183.494	183.439	183.443	1132	0	1
2026.03.31	22:30:00	183.443	183.463	183.392	183.445	1218	0	0
2026.03.31	22:45:00	183.445	183.490	183.407	183.456	1906	0	0
2026.03.31	23:00:00	183.456	183.480	183.403	183.420	1624	0	3
2026.03.31	23:15:00	183.420	183.439	183.391	183.436	1511	0	4
2026.03.31	23:30:00	183.436	183.483	183.382	183.386	1068	0	9
2026.03.31	23:45:00	183.386	183.400	183.343	183.361	795	0	11
2026.04.01	00:00:00	183.200	183.424	183.187	183.349	131	0	48
2026.04.01	00:15:00	183.355	183.416	183.314	183.364	172	0	71
2026.04.01	00:30:00	183.364	183.386	183.223	183.359	911	0	66
2026.04.01	00:45:00	183.357	183.441	183.232	183.259	1633	0	54
2026.04.01	01:00:00	183.259	183.442	183.259	183.384	716	0	0
2026.04.01	01:15:00	183.384	183.394	183.359	183.371	518	0	3
2026.04.01	01:30:00	183.369	183.411	183.360	183.374	597	0	0
2026.04.01	01:45:00	183.374	183.411	183.359	183.403	1676	0	0
2026.04.01	02:00:00	183.403	183.458	183.382	183.435	891	0	0
2026.04.01	02:15:00	183.435	183.435	183.344	183.370	1080	0	0
2026.04.01	02:30:00	183.370	183.429	183.361	183.375	676	0	0
2026.04.01	02:45:00	183.375	183.487	183.375	183.482	1216	0	0
2026.04.01	03:00:00	183.482	183.495	183.417	183.470	1781	0	0
2026.04.01	03:15:00	183.470	183.520	183.363	183.470	1811	0	0
2026.04.01	03:30:00	183.470	183.585	183.456	183.580	1530	0	0
2026.04.01	03:45:00	183.580	183.781	183.574	183.724	2276	0	0
2026.04.01	04:00:00	183.724	183.791	183.643	183.648	3012	0	0
2026.04.01	04:15:00	183.648	183.659	183.502	183.507	2090	0	0
2026.04.01	04:30:00	183.508	183.603	183.504	183.522	1962	0	0
2026.04.01	04:45:00	183.522	183.530	183.455	183.488	1406	0	0
2026.04.01	05:00:00	183.488	183.525	183.468	183.480	1388	0	0
2026.04.01	05:15:00	183.480	183.528	183.472	183.510	1249	0	0
2026.04.01	05:30:00	183.510	183.540	183.488	183.505	1186	0	0
2026.04.01	05:45:00	183.505	183.582	183.493	183.559	1058	0	0
2026.04.01	06:00:00	183.560	183.572	183.391	183.417	1400	0	0
2026.04.01	06:15:00	183.417	183.434	183.376	183.429	905	0	0
2026.04.01	06:30:00	183.428	183.494	183.414	183.486	1030	0	0
2026.04.01	06:45:00	183.486	183.594	183.485	183.592	986	0	0
2026.04.01	07:00:00	183.592	183.616	183.564	183.607	878	0	0
2026.04.01	07:15:00	183.607	183.657	183.602	183.655	1058	0	0
2026.04.01	07:30:00	183.655	183.699	183.614	183.617	710	0	0
2026.04.01	07:45:00	183.617	183.634	183.568	183.574	930	0	0
2026.04.01	08:00:00	183.574	183.750	183.574	183.741	1091	0	0
2026.04.01	08:15:00	183.741	183.751	183.669	183.709	1314	0	0
2026.04.01	08:30:00	183.709	183.757	183.659	183.670	1657	0	0
2026.04.01	08:45:00	183.670	183.675	183.488	183.492	1702	0	0
2026.04.01	09:00:00	183.492	183.529	183.382	183.400	3025	0	0
2026.04.01	09:15:00	183.400	183.589	183.389	183.522	2474	0	0
2026.04.01	09:30:00	183.518	183.543	183.350	183.445	3783	0	0
2026.04.01	09:45:00	183.445	183.480	183.355	183.438	3746	0	0
2026.04.01	10:00:00	183.438	183.489	183.351	183.383	3781	0	0
2026.04.01	10:15:00	183.383	183.591	183.363	183.548	2710	0	0
2026.04.01	10:30:00	183.548	183.594	183.444	183.523	2603	0	0
2026.04.01	10:45:00	183.523	183.853	183.505	183.837	4128	0	0
2026.04.01	11:00:00	183.837	183.893	183.770	183.829	3201	0	0
2026.04.01	11:15:00	183.829	183.962	183.791	183.916	2217	0	0
2026.04.01	11:30:00	183.916	183.992	183.868	183.882	2608	0	0
2026.04.01	11:45:00	183.882	183.906	183.773	183.835	2942	0	0
2026.04.01	12:00:00	183.835	183.852	183.771	183.790	2919	0	0
2026.04.01	12:15:00	183.790	183.837	183.696	183.736	2925	0	0
2026.04.01	12:30:00	183.736	183.812	183.643	183.807	2170	0	0
2026.04.01	12:45:00	183.807	184.010	183.795	183.970	2142	0	0
2026.04.01	13:00:00	183.969	184.014	183.907	183.930	2612	0	0
2026.04.01	13:15:00	183.930	183.985	183.908	183.911	1710	0	0
2026.04.01	13:30:00	183.911	183.950	183.897	183.927	1945	0	0
2026.04.01	13:45:00	183.928	183.950	183.792	183.815	2357	0	0
2026.04.01	14:00:00	183.815	183.882	183.809	183.834	1949	0	0
2026.04.01	14:15:00	183.834	183.847	183.807	183.827	1689	0	0
2026.04.01	14:30:00	183.827	183.831	183.762	183.792	2207	0	0
2026.04.01	14:45:00	183.792	183.793	183.737	183.738	1989	0	0
2026.04.01	15:00:00	183.738	183.780	183.682	183.685	3157	0	0
2026.04.01	15:15:00	183.698	183.793	183.654	183.748	3012	0	0
2026.04.01	15:30:00	183.750	183.890	183.746	183.869	2652	0	0
2026.04.01	15:45:00	183.868	183.992	183.836	183.907	5872	0	0
2026.04.01	16:00:00	183.906	183.989	183.869	183.965	2943	0	0
2026.04.01	16:15:00	183.965	184.023	183.920	183.990	3574	0	0
2026.04.01	16:30:00	183.990	184.179	183.982	184.120	4329	0	0
2026.04.01	16:45:00	184.120	184.228	184.084	184.130	4506	0	0
2026.04.01	17:00:00	184.140	184.222	184.110	184.156	5354	0	0
2026.04.01	17:15:00	184.156	184.169	184.077	184.079	3994	0	0
2026.04.01	17:30:00	184.079	184.115	184.024	184.110	4829	0	0
2026.04.01	17:45:00	184.110	184.244	184.093	184.139	4164	0	0
2026.04.01	18:00:00	184.139	184.163	184.038	184.094	2406	0	0
2026.04.01	18:15:00	184.094	184.118	184.037	184.053	2644	0	0
2026.04.01	18:30:00	184.050	184.165	184.045	184.088	2901	0	0
2026.04.01	18:45:00	184.089	184.195	184.089	184.168	1968	0	0
2026.04.01	19:00:00	184.168	184.168	184.092	184.143	2159	0	0
2026.04.01	19:15:00	184.143	184.156	184.099	184.102	1735	0	0
2026.04.01	19:30:00	184.102	184.164	184.095	184.132	1522	0	0
2026.04.01	19:45:00	184.132	184.187	184.103	184.163	1587	0	0
2026.04.01	20:00:00	184.163	184.164	184.009	184.054	1515	0	0
2026.04.01	20:15:00	184.054	184.060	183.946	183.988	1402	0	0
2026.04.01	20:30:00	183.988	184.043	183.947	184.014	1898	0	0
2026.04.01	20:45:00	184.014	184.020	183.934	183.947	2164	0	0
2026.04.01	21:00:00	183.947	183.978	183.899	183.943	3069	0	0
2026.04.01	21:15:00	183.943	183.959	183.856	183.865	2244	0	0
2026.04.01	21:30:00	183.865	183.886	183.806	183.827	1751	0	0
2026.04.01	21:45:00	183.827	183.909	183.811	183.869	1798	0	0
2026.04.01	22:00:00	183.869	183.977	183.861	183.969	1692	0	0
2026.04.01	22:15:00	183.969	184.019	183.963	184.018	1082	0	0
2026.04.01	22:30:00	184.018	184.040	184.003	184.017	1144	0	0
2026.04.01	22:45:00	184.017	184.059	183.960	184.002	1775	0	0
2026.04.01	23:00:00	184.002	184.033	183.987	184.005	891	0	1
2026.04.01	23:15:00	184.005	184.008	183.941	183.946	527	0	4
2026.04.01	23:30:00	183.946	183.990	183.931	183.973	916	0	0
2026.04.01	23:45:00	183.974	183.996	183.948	183.983	958	0	4
2026.04.02	00:00:00	183.938	183.950	183.870	183.892	181	0	141
2026.04.02	00:15:00	183.894	183.944	183.835	183.844	214	0	47
2026.04.02	00:30:00	183.844	183.918	183.672	183.910	1548	0	65
2026.04.02	00:45:00	183.910	183.955	183.849	183.895	759	0	27
2026.04.02	01:00:00	183.895	183.953	183.892	183.951	762	0	0
2026.04.02	01:15:00	183.951	183.964	183.904	183.907	443	0	12
2026.04.02	01:30:00	183.907	183.907	183.826	183.834	648	0	11
2026.04.02	01:45:00	183.834	183.854	183.785	183.810	765	0	8
2026.04.02	02:00:00	183.810	183.829	183.782	183.783	994	0	0
2026.04.02	02:15:00	183.784	183.885	183.779	183.868	756	0	0
2026.04.02	02:30:00	183.867	183.911	183.850	183.891	624	0	0
2026.04.02	02:45:00	183.891	183.921	183.839	183.912	890	0	2
2026.04.02	03:00:00	183.912	184.033	183.857	184.012	2325	0	0
2026.04.02	03:15:00	184.011	184.012	183.833	183.865	1572	0	0
2026.04.02	03:30:00	183.865	183.972	183.862	183.913	1759	0	0
2026.04.02	03:45:00	183.913	183.986	183.865	183.952	2270	0	0
2026.04.02	04:00:00	183.952	184.056	183.907	183.918	4722	0	0
2026.04.02	04:15:00	183.918	183.975	183.802	183.907	5455	0	0
2026.04.02	04:30:00	183.907	183.966	183.780	183.883	4394	0	0
2026.04.02	04:45:00	183.883	183.984	183.810	183.981	3387	0	0
2026.04.02	05:00:00	183.980	184.058	183.907	183.924	2833	0	0
2026.04.02	05:15:00	183.924	184.037	183.912	183.937	2550	0	0
2026.04.02	05:30:00	183.937	184.087	183.930	184.077	2313	0	0
2026.04.02	05:45:00	184.077	184.102	184.045	184.047	1894	0	0
2026.04.02	06:00:00	184.047	184.070	183.982	184.036	1328	0	1
2026.04.02	06:15:00	184.036	184.039	183.952	183.974	1251	0	0
2026.04.02	06:30:00	183.974	184.004	183.941	183.965	1330	0	0
2026.04.02	06:45:00	183.965	183.968	183.863	183.876	1502	0	0
2026.04.02	07:00:00	183.875	183.900	183.853	183.853	1634	0	0
2026.04.02	07:15:00	183.853	183.855	183.805	183.815	1194	0	0
2026.04.02	07:30:00	183.815	183.850	183.796	183.810	1113	0	3
2026.04.02	07:45:00	183.810	183.847	183.780	183.801	1208	0	2
2026.04.02	08:00:00	183.801	183.860	183.801	183.825	1183	0	0
2026.04.02	08:15:00	183.825	183.839	183.739	183.765	1233	0	0
2026.04.02	08:30:00	183.765	183.847	183.765	183.836	1667	0	0
2026.04.02	08:45:00	183.836	183.845	183.697	183.733	2055	0	0
2026.04.02	09:00:00	183.733	183.755	183.536	183.544	2331	0	0
2026.04.02	09:15:00	183.544	183.632	183.495	183.611	2182	0	0
2026.04.02	09:30:00	183.611	183.723	183.593	183.683	1924	0	0
2026.04.02	09:45:00	183.683	183.844	183.659	183.812	2049	0	0
2026.04.02	10:00:00	183.812	183.969	183.805	183.946	2315	0	0
2026.04.02	10:15:00	183.946	184.155	183.943	184.096	2789	0	0
2026.04.02	10:30:00	184.097	184.101	183.839	183.923	2329	0	0
2026.04.02	10:45:00	183.923	184.011	183.923	184.002	1907	0	0
2026.04.02	11:00:00	184.002	184.079	184.001	184.043	1733	0	0
2026.04.02	11:15:00	184.043	184.056	183.939	183.979	1463	0	0
2026.04.02	11:30:00	183.981	184.053	183.977	184.033	1332	0	0
2026.04.02	11:45:00	184.033	184.060	183.958	184.008	1283	0	0
2026.04.02	12:00:00	184.008	184.059	183.986	184.024	1233	0	0
2026.04.02	12:15:00	184.024	184.049	183.954	183.984	1171	0	0
2026.04.02	12:30:00	183.984	184.009	183.948	183.954	1258	0	0
2026.04.02	12:45:00	183.954	183.968	183.890	183.890	1072	0	0
2026.04.02	13:00:00	183.890	183.898	183.784	183.784	1257	0	0
2026.04.02	13:15:00	183.784	183.857	183.784	183.853	1199	0	0
2026.04.02	13:30:00	183.853	183.887	183.780	183.832	1365	0	0
2026.04.02	13:45:00	183.832	183.842	183.769	183.803	1426	0	0
2026.04.02	14:00:00	183.803	183.838	183.771	183.835	1525	0	0
2026.04.02	14:15:00	183.835	183.873	183.816	183.840	1315	0	0
2026.04.02	14:30:00	183.840	183.959	183.835	183.895	1360	0	0
2026.04.02	14:45:00	183.895	183.928	183.854	183.910	1736	0	0
2026.04.02	15:00:00	183.910	184.001	183.902	183.957	2053	0	0
2026.04.02	15:15:00	183.958	183.991	183.915	183.922	1772	0	0
2026.04.02	15:30:00	183.937	183.982	183.904	183.918	1787	0	0
2026.04.02	15:45:00	183.919	183.974	183.909	183.936	1941	0	0
2026.04.02	16:00:00	183.936	184.000	183.909	183.933	2193	0	0
2026.04.02	16:15:00	183.933	183.964	183.901	183.925	2046	0	0
2026.04.02	16:30:00	183.925	183.976	183.873	183.914	2695	0	0
2026.04.02	16:45:00	183.914	184.000	183.820	183.856	3181	0	0
2026.04.02	17:00:00	183.856	183.904	183.820	183.873	2756	0	0
2026.04.02	17:15:00	183.872	183.910	183.782	183.793	2454	0	0
2026.04.02	17:30:00	183.793	184.166	183.783	183.953	5069	0	0
2026.04.02	17:45:00	183.952	184.064	183.856	184.052	4454	0	0
2026.04.02	18:00:00	184.052	184.091	183.960	184.056	3578	0	0
2026.04.02	18:15:00	184.056	184.070	183.912	183.967	2791	0	0
2026.04.02	18:30:00	183.967	183.986	183.929	183.946	2406	0	0
2026.04.02	18:45:00	183.946	183.974	183.920	183.933	2044	0	0
2026.04.02	19:00:00	183.933	183.958	183.911	183.916	1573	0	0
2026.04.02	19:15:00	183.916	183.959	183.885	183.906	1494	0	0
2026.04.02	19:30:00	183.906	183.988	183.882	183.981	1923	0	0
2026.04.02	19:45:00	183.981	184.102	183.971	184.035	2112	0	0
2026.04.02	20:00:00	184.035	184.175	184.022	184.175	1884	0	0
2026.04.02	20:15:00	184.175	184.204	184.150	184.166	1158	0	0
2026.04.02	20:30:00	184.165	184.181	184.135	184.156	833	0	0
2026.04.02	20:45:00	184.156	184.159	184.097	184.104	1125	0	0
2026.04.02	21:00:00	184.104	184.157	184.104	184.134	1131	0	0
2026.04.02	21:15:00	184.134	184.163	184.103	184.106	842	0	0
2026.04.02	21:30:00	184.106	184.198	184.098	184.153	987	0	0
2026.04.02	21:45:00	184.153	184.166	184.120	184.127	1144	0	0
2026.04.02	22:00:00	184.127	184.130	184.061	184.100	1128	0	0
2026.04.02	22:15:00	184.100	184.161	184.084	184.120	1250	0	0
2026.04.02	22:30:00	184.120	184.136	184.097	184.118	1129	0	0
2026.04.02	22:45:00	184.118	184.165	184.098	184.136	1521	0	0
2026.04.02	23:00:00	184.131	184.135	184.083	184.108	1075	0	6
2026.04.02	23:15:00	184.108	184.109	184.067	184.076	515	0	9
2026.04.02	23:30:00	184.077	184.088	184.056	184.086	441	0	9
2026.04.02	23:45:00	184.086	184.118	184.066	184.089	556	0	11
2026.04.03	00:00:00	183.983	184.082	183.976	184.035	146	0	118
2026.04.03	00:15:00	184.035	184.050	184.001	184.029	138	0	175
2026.04.03	00:30:00	184.029	184.081	184.014	184.063	380	0	136
2026.04.03	00:45:00	184.063	184.085	184.016	184.059	815	0	138
2026.04.03	01:00:00	184.059	184.158	184.059	184.107	284	0	12
2026.04.03	01:15:00	184.107	184.131	184.099	184.100	356	0	12
2026.04.03	01:30:00	184.100	184.100	184.046	184.072	681	0	12
2026.04.03	01:45:00	184.072	184.104	184.067	184.080	1460	0	12
2026.04.03	02:00:00	184.080	184.091	184.065	184.074	465	0	9
2026.04.03	02:15:00	184.074	184.094	184.057	184.092	914	0	9
2026.04.03	02:30:00	184.091	184.099	184.066	184.079	715	0	5
2026.04.03	02:45:00	184.079	184.085	184.055	184.060	214	0	4
2026.04.03	03:00:00	184.060	184.091	184.036	184.037	832	0	2
2026.04.03	03:15:00	184.036	184.112	183.993	184.102	726	0	0
2026.04.03	03:30:00	184.102	184.117	184.071	184.090	899	0	1
2026.04.03	03:45:00	184.090	184.168	184.040	184.128	1141	0	0
2026.04.03	04:00:00	184.128	184.146	184.092	184.136	1266	0	2
2026.04.03	04:15:00	184.136	184.157	184.120	184.156	612	0	3
2026.04.03	04:30:00	184.156	184.171	184.095	184.114	521	0	6
2026.04.03	04:45:00	184.114	184.149	184.101	184.133	456	0	1
2026.04.03	05:00:00	184.133	184.168	184.130	184.154	695	0	4
2026.04.03	05:15:00	184.154	184.171	184.120	184.132	950	0	0
2026.04.03	05:30:00	184.132	184.161	184.124	184.149	807	0	4
2026.04.03	05:45:00	184.149	184.186	184.131	184.177	820	0	0
2026.04.03	06:00:00	184.177	184.183	184.156	184.176	405	0	4
2026.04.03	06:15:00	184.176	184.191	184.146	184.150	252	0	0
2026.04.03	06:30:00	184.150	184.174	184.125	184.137	378	0	4
2026.04.03	06:45:00	184.138	184.148	184.070	184.077	421	0	0
2026.04.03	07:00:00	184.077	184.088	184.006	184.028	553	0	3
2026.04.03	07:15:00	184.027	184.073	184.020	184.063	376	0	2
2026.04.03	07:30:00	184.063	184.065	184.017	184.022	843	0	0
2026.04.03	07:45:00	184.023	184.109	184.009	184.088	760	0	1
2026.04.03	08:00:00	184.092	184.095	184.070	184.084	620	0	0
2026.04.03	08:15:00	184.085	184.085	184.031	184.061	989	0	0
2026.04.03	08:30:00	184.061	184.119	184.055	184.118	1104	0	0
2026.04.03	08:45:00	184.118	184.194	184.115	184.189	499	0	2
2026.04.03	09:00:00	184.189	184.189	184.132	184.164	334	0	0
2026.04.03	09:15:00	184.164	184.197	184.142	184.192	332	0	0
2026.04.03	09:30:00	184.192	184.200	184.140	184.172	471	0	1
2026.04.03	09:45:00	184.172	184.207	184.154	184.198	597	0	0
2026.04.03	10:00:00	184.197	184.209	184.183	184.187	274	0	0
2026.04.03	10:15:00	184.187	184.216	184.174	184.210	548	0	0
2026.04.03	10:30:00	184.210	184.229	184.182	184.218	474	0	0
2026.04.03	10:45:00	184.218	184.225	184.181	184.192	433	0	0
2026.04.03	11:00:00	184.192	184.230	184.189	184.202	1157	0	0
2026.04.03	11:15:00	184.202	184.230	184.180	184.229	963	0	0
2026.04.03	11:30:00	184.229	184.246	184.220	184.225	228	0	0
2026.04.03	11:45:00	184.225	184.235	184.178	184.221	472	0	1
2026.04.03	12:00:00	184.221	184.242	184.195	184.238	596	0	1
2026.04.03	12:15:00	184.238	184.245	184.224	184.227	481	0	2
2026.04.03	12:30:00	184.228	184.229	184.187	184.189	244	0	0
2026.04.03	12:45:00	184.189	184.211	184.168	184.208	655	0	0
2026.04.03	13:00:00	184.208	184.229	184.199	184.224	440	0	0
2026.04.03	13:15:00	184.224	184.238	184.212	184.234	535	0	2
2026.04.03	13:30:00	184.234	184.239	184.205	184.208	898	0	0
2026.04.03	13:45:00	184.208	184.274	184.207	184.238	652	0	0
2026.04.03	14:00:00	184.238	184.246	184.197	184.204	1159	0	0
2026.04.03	14:15:00	184.204	184.209	184.161	184.164	1090	0	0
2026.04.03	14:30:00	184.164	184.183	184.133	184.160	762	0	0
2026.04.03	14:45:00	184.160	184.187	184.148	184.184	1564	0	0
2026.04.03	15:00:00	184.184	184.197	184.132	184.158	580	0	0
2026.04.03	15:15:00	184.158	184.208	184.140	184.147	1390	0	0
2026.04.03	15:30:00	184.145	184.172	183.951	184.003	3361	0	0
2026.04.03	15:45:00	184.003	184.063	183.963	184.041	1328	0	0
2026.04.03	16:00:00	184.041	184.087	183.983	184.073	1089	0	0
2026.04.03	16:15:00	184.073	184.080	183.968	183.968	652	0	0
2026.04.03	16:30:00	183.968	183.999	183.915	183.931	1044	0	0
2026.04.03	16:45:00	183.933	184.005	183.903	183.986	822	0	0
2026.04.03	17:00:00	183.986	184.016	183.885	183.897	831	0	0
2026.04.03	17:15:00	183.897	183.928	183.886	183.898	566	0	0
2026.04.03	17:30:00	183.898	183.914	183.873	183.892	437	0	0
2026.04.03	17:45:00	183.892	183.916	183.857	183.860	529	0	0
2026.04.03	18:00:00	183.860	183.915	183.854	183.908	616	0	0
2026.04.03	18:15:00	183.908	183.943	183.885	183.894	2057	0	0
2026.04.03	18:30:00	183.894	183.923	183.880	183.921	1026	0	0
2026.04.03	18:45:00	183.921	183.947	183.880	183.929	1248	0	0
2026.04.03	19:00:00	183.930	183.935	183.883	183.904	1403	0	0
2026.04.03	19:15:00	183.906	183.917	183.869	183.893	1063	0	0
2026.04.03	19:30:00	183.893	183.913	183.885	183.896	913	0	0
2026.04.03	19:45:00	183.896	183.916	183.870	183.871	360	0	0
2026.04.03	20:00:00	183.871	183.900	183.865	183.874	668	0	0
2026.04.03	20:15:00	183.874	183.901	183.873	183.881	754	0	0
2026.04.03	20:30:00	183.881	183.931	183.871	183.909	568	0	0
2026.04.03	20:45:00	183.909	183.912	183.870	183.890	972	0	0
2026.04.03	21:00:00	183.890	183.910	183.865	183.879	829	0	0
2026.04.03	21:15:00	183.879	183.881	183.870	183.872	212	0	0
2026.04.03	21:30:00	183.872	183.874	183.799	183.815	643	0	0
2026.04.03	21:45:00	183.813	183.842	183.800	183.820	440	0	0
2026.04.03	22:00:00	183.820	183.841	183.809	183.829	272	0	0
2026.04.03	22:15:00	183.829	183.833	183.809	183.811	232	0	0
2026.04.03	22:30:00	183.810	183.827	183.809	183.820	167	0	2
2026.04.03	22:45:00	183.820	183.820	183.795	183.802	404	0	2
2026.04.03	23:00:00	183.797	183.938	183.759	183.798	1328	0	0
2026.04.03	23:15:00	183.798	183.934	183.733	183.894	713	0	12
2026.04.03	23:30:00	183.894	183.894	183.583	183.751	2196	0	12
2026.04.03	23:45:00	183.751	183.907	183.727	183.907	622	0	0
2026.04.06	00:00:00	183.801	183.878	183.756	183.829	100	0	165
2026.04.06	00:15:00	183.829	183.846	183.721	183.777	189	0	66
2026.04.06	00:30:00	183.777	184.015	183.758	184.015	190	0	0
2026.04.06	00:45:00	184.015	184.050	183.810	183.850	139	0	10
2026.04.06	01:00:00	183.850	183.941	183.667	183.909	1888	0	0
2026.04.06	01:15:00	183.909	183.941	183.863	183.867	975	0	8
2026.04.06	01:30:00	183.867	183.906	183.849	183.875	1789	0	8
2026.04.06	01:45:00	183.872	183.876	183.823	183.865	1736	0	8
2026.04.06	02:00:00	183.864	183.864	183.788	183.850	1780	0	0
2026.04.06	02:15:00	183.850	183.952	183.850	183.939	1263	0	0
2026.04.06	02:30:00	183.939	183.940	183.873	183.874	877	0	0
2026.04.06	02:45:00	183.874	183.923	183.840	183.898	1515	0	1
2026.04.06	03:00:00	183.898	183.994	183.886	183.979	2036	0	0
2026.04.06	03:15:00	183.979	183.993	183.963	183.971	1457	0	0
2026.04.06	03:30:00	183.971	183.978	183.927	183.931	1098	0	2
2026.04.06	03:45:00	183.931	183.950	183.819	183.897	1523	0	0
2026.04.06	04:00:00	183.898	183.898	183.699	183.723	2005	0	2
2026.04.06	04:15:00	183.723	183.805	183.721	183.766	1446	0	3
2026.04.06	04:30:00	183.766	183.766	183.720	183.738	1127	0	2
2026.04.06	04:45:00	183.736	183.769	183.722	183.753	827	0	5
2026.04.06	05:00:00	183.753	183.884	183.740	183.853	1998	0	1
2026.04.06	05:15:00	183.852	183.923	183.819	183.891	2042	0	2
2026.04.06	05:30:00	183.891	183.911	183.834	183.868	1260	0	6
2026.04.06	05:45:00	183.867	183.876	183.813	183.815	1064	0	0
2026.04.06	06:00:00	183.815	183.832	183.803	183.830	963	0	2
2026.04.06	06:15:00	183.831	183.870	183.769	183.859	1562	0	2
2026.04.06	06:30:00	183.859	183.870	183.832	183.852	1057	0	6
2026.04.06	06:45:00	183.852	183.882	183.841	183.871	896	0	3
2026.04.06	07:00:00	183.871	183.881	183.827	183.856	974	0	2
2026.04.06	07:15:00	183.856	183.859	183.812	183.837	747	0	7
2026.04.06	07:30:00	183.837	183.872	183.837	183.847	720	0	2
2026.04.06	07:45:00	183.847	183.891	183.841	183.889	720	0	4
2026.04.06	08:00:00	183.893	183.926	183.876	183.923	755	0	0
2026.04.06	08:15:00	183.923	183.959	183.922	183.927	777	0	1
2026.04.06	08:30:00	183.927	183.942	183.906	183.916	956	0	2
2026.04.06	08:45:00	183.916	183.927	183.901	183.913	786	0	2
2026.04.06	09:00:00	183.913	183.938	183.881	183.926	923	0	0
2026.04.06	09:15:00	183.926	183.926	183.862	183.871	631	0	0
2026.04.06	09:30:00	183.871	183.987	183.853	183.979	783	0	0
2026.04.06	09:45:00	183.980	184.116	183.959	184.081	2028	0	0
2026.04.06	10:00:00	184.081	184.121	184.038	184.101	1401	0	0
2026.04.06	10:15:00	184.101	184.184	184.097	184.176	1234	0	0
2026.04.06	10:30:00	184.176	184.372	184.176	184.350	1564	0	0
2026.04.06	10:45:00	184.350	184.441	184.315	184.321	2677	0	0
2026.04.06	11:00:00	184.321	184.381	184.214	184.231	2516	0	0
2026.04.06	11:15:00	184.228	184.244	184.174	184.200	1572	0	0
2026.04.06	11:30:00	184.201	184.229	184.168	184.190	1097	0	0
2026.04.06	11:45:00	184.190	184.216	184.164	184.178	1134	0	0
2026.04.06	12:00:00	184.178	184.239	184.173	184.198	1158	0	0
2026.04.06	12:15:00	184.198	184.243	184.183	184.226	951	0	0
2026.04.06	12:30:00	184.226	184.230	184.155	184.179	912	0	0
2026.04.06	12:45:00	184.179	184.232	184.126	184.152	1497	0	0
2026.04.06	13:00:00	184.152	184.200	184.140	184.168	1113	0	0
2026.04.06	13:15:00	184.168	184.180	184.128	184.144	699	0	0
2026.04.06	13:30:00	184.144	184.189	184.136	184.175	660	0	0
2026.04.06	13:45:00	184.175	184.181	184.095	184.145	1712	0	0
2026.04.06	14:00:00	184.145	184.187	184.145	184.153	1160	0	0
2026.04.06	14:15:00	184.153	184.202	184.144	184.199	1078	0	0
2026.04.06	14:30:00	184.199	184.225	184.181	184.199	916	0	0
2026.04.06	14:45:00	184.199	184.241	184.194	184.221	889	0	0
2026.04.06	15:00:00	184.221	184.233	184.173	184.178	1053	0	0
2026.04.06	15:15:00	184.178	184.197	184.154	184.184	1037	0	0
2026.04.06	15:30:00	184.184	184.236	184.177	184.220	950	0	0
2026.04.06	15:45:00	184.220	184.233	184.134	184.171	1408	0	0
2026.04.06	16:00:00	184.170	184.244	184.142	184.241	1593	0	0
2026.04.06	16:15:00	184.241	184.280	184.215	184.269	1187	0	0
2026.04.06	16:30:00	184.269	184.302	184.247	184.294	1970	0	0
2026.04.06	16:45:00	184.293	184.379	184.285	184.374	1752	0	0
2026.04.06	17:00:00	184.374	184.386	184.301	184.357	2555	0	0
2026.04.06	17:15:00	184.357	184.421	184.340	184.410	1921	0	0
2026.04.06	17:30:00	184.411	184.461	184.299	184.386	2546	0	0
2026.04.06	17:45:00	184.386	184.418	184.318	184.355	3357	0	0
2026.04.06	18:00:00	184.355	184.409	184.344	184.362	2914	0	0
2026.04.06	18:15:00	184.362	184.390	184.331	184.347	2022	0	0
2026.04.06	18:30:00	184.347	184.362	184.314	184.343	1269	0	0
2026.04.06	18:45:00	184.343	184.387	184.315	184.374	1302	0	0
2026.04.06	19:00:00	184.374	184.387	184.336	184.370	1224	0	2
2026.04.06	19:15:00	184.370	184.381	184.333	184.379	1029	0	0
2026.04.06	19:30:00	184.379	184.381	184.312	184.328	981	0	0
2026.04.06	19:45:00	184.327	184.366	184.321	184.350	1327	0	2
2026.04.06	20:00:00	184.350	184.354	184.317	184.337	1696	0	0
2026.04.06	20:15:00	184.337	184.429	184.303	184.417	1608	0	0
2026.04.06	20:30:00	184.417	184.452	184.405	184.437	1112	0	0
2026.04.06	20:45:00	184.437	184.437	184.388	184.403	890	0	0
2026.04.06	21:00:00	184.403	184.448	184.378	184.398	1605	0	0
2026.04.06	21:15:00	184.398	184.400	184.361	184.386	1470	0	0
2026.04.06	21:30:00	184.386	184.393	184.343	184.362	1266	0	0
2026.04.06	21:45:00	184.362	184.386	184.345	184.370	1289	0	0
2026.04.06	22:00:00	184.370	184.382	184.347	184.368	818	0	1
2026.04.06	22:15:00	184.368	184.377	184.345	184.358	544	0	0
2026.04.06	22:30:00	184.357	184.366	184.339	184.363	579	0	0
2026.04.06	22:45:00	184.363	184.378	184.310	184.333	784	0	0
2026.04.06	23:00:00	184.333	184.342	184.314	184.327	606	0	3
2026.04.06	23:15:00	184.327	184.354	184.325	184.338	651	0	5
2026.04.06	23:30:00	184.337	184.346	184.319	184.326	396	0	7
2026.04.06	23:45:00	184.326	184.332	184.279	184.299	860	0	8
2026.04.07	00:00:00	184.219	184.352	184.185	184.343	137	0	81
2026.04.07	00:15:00	184.343	184.344	184.225	184.258	209	0	88
2026.04.07	00:30:00	184.258	184.279	184.183	184.207	129	0	60
2026.04.07	00:45:00	184.207	184.289	184.190	184.228	851	0	88
2026.04.07	01:00:00	184.228	184.308	184.225	184.306	534	0	7
2026.04.07	01:15:00	184.306	184.308	184.272	184.301	326	0	10
2026.04.07	01:30:00	184.301	184.307	184.292	184.297	892	0	9
2026.04.07	01:45:00	184.298	184.311	184.292	184.299	1128	0	12
2026.04.07	02:00:00	184.298	184.309	184.282	184.301	600	0	7
2026.04.07	02:15:00	184.301	184.319	184.291	184.293	492	0	7
2026.04.07	02:30:00	184.293	184.309	184.264	184.280	463	0	4
2026.04.07	02:45:00	184.280	184.309	184.268	184.297	812	0	3
2026.04.07	03:00:00	184.297	184.358	184.288	184.353	1533	0	1
2026.04.07	03:15:00	184.353	184.372	184.309	184.331	1481	0	2
2026.04.07	03:30:00	184.330	184.363	184.315	184.341	1305	0	6
2026.04.07	03:45:00	184.341	184.414	184.318	184.403	1387	0	3
2026.04.07	04:00:00	184.403	184.432	184.361	184.364	2080	0	1
2026.04.07	04:15:00	184.364	184.373	184.341	184.346	1157	0	3
2026.04.07	04:30:00	184.346	184.360	184.321	184.342	1400	0	2
2026.04.07	04:45:00	184.342	184.364	184.316	184.346	1505	0	2
2026.04.07	05:00:00	184.346	184.365	184.293	184.327	1344	0	3
2026.04.07	05:15:00	184.327	184.327	184.281	184.302	875	0	4
2026.04.07	05:30:00	184.302	184.325	184.289	184.317	580	0	3
2026.04.07	05:45:00	184.317	184.349	184.313	184.326	570	0	2
2026.04.07	06:00:00	184.326	184.355	184.325	184.345	581	0	3
2026.04.07	06:15:00	184.345	184.351	184.315	184.328	679	0	6
2026.04.07	06:30:00	184.328	184.374	184.326	184.337	644	0	5
2026.04.07	06:45:00	184.337	184.365	184.335	184.355	560	0	3
2026.04.07	07:00:00	184.355	184.362	184.318	184.327	633	0	5
2026.04.07	07:15:00	184.327	184.331	184.296	184.305	723	0	5
2026.04.07	07:30:00	184.305	184.310	184.269	184.296	861	0	6
2026.04.07	07:45:00	184.296	184.326	184.291	184.308	806	0	4
2026.04.07	08:00:00	184.312	184.329	184.292	184.304	682	0	0
2026.04.07	08:15:00	184.304	184.352	184.304	184.334	798	0	0
2026.04.07	08:30:00	184.334	184.361	184.271	184.271	1330	0	0
2026.04.07	08:45:00	184.271	184.313	184.263	184.304	1026	0	0
2026.04.07	09:00:00	184.304	184.326	184.292	184.309	1133	0	0
2026.04.07	09:15:00	184.309	184.362	184.276	184.333	944	0	2
2026.04.07	09:30:00	184.333	184.450	184.325	184.417	1489	0	1
2026.04.07	09:45:00	184.417	184.475	184.408	184.466	1419	0	0
2026.04.07	10:00:00	184.466	184.495	184.415	184.484	1645	0	0
2026.04.07	10:15:00	184.485	184.507	184.450	184.471	1363	0	0
2026.04.07	10:30:00	184.471	184.515	184.455	184.505	1099	0	0
2026.04.07	10:45:00	184.505	184.544	184.478	184.528	969	0	0
2026.04.07	11:00:00	184.528	184.653	184.516	184.635	3139	0	0
2026.04.07	11:15:00	184.635	184.638	184.527	184.549	2501	0	0
2026.04.07	11:30:00	184.549	184.584	184.490	184.558	2264	0	0
2026.04.07	11:45:00	184.558	184.621	184.531	184.588	2005	0	0
2026.04.07	12:00:00	184.588	184.614	184.569	184.595	1819	0	0
2026.04.07	12:15:00	184.595	184.619	184.561	184.594	1572	0	0
2026.04.07	12:30:00	184.594	184.635	184.559	184.562	1661	0	0
2026.04.07	12:45:00	184.562	184.602	184.546	184.584	1219	0	0
2026.04.07	13:00:00	184.584	184.595	184.472	184.574	2218	0	0
2026.04.07	13:15:00	184.574	184.599	184.446	184.561	2472	0	0
2026.04.07	13:30:00	184.562	184.577	184.481	184.540	2103	0	0
2026.04.07	13:45:00	184.539	184.621	184.498	184.618	2144	0	0
2026.04.07	14:00:00	184.618	184.618	184.548	184.579	1293	0	0
2026.04.07	14:15:00	184.579	184.686	184.578	184.657	1254	0	0
2026.04.07	14:30:00	184.657	184.752	184.634	184.750	1537	0	0
2026.04.07	14:45:00	184.750	184.767	184.711	184.765	1061	0	0
2026.04.07	15:00:00	184.765	184.797	184.700	184.730	2170	0	0
2026.04.07	15:15:00	184.730	184.819	184.716	184.774	1941	0	0
2026.04.07	15:30:00	184.774	184.811	184.755	184.784	1377	0	0
2026.04.07	15:45:00	184.784	184.794	184.702	184.714	1540	0	0
2026.04.07	16:00:00	184.714	184.749	184.692	184.748	1938	0	0
2026.04.07	16:15:00	184.748	184.798	184.711	184.721	1758	0	0
2026.04.07	16:30:00	184.721	184.839	184.694	184.824	2597	0	0
2026.04.07	16:45:00	184.824	184.899	184.816	184.890	1816	0	1
2026.04.07	17:00:00	184.890	184.967	184.849	184.895	2106	0	0
2026.04.07	17:15:00	184.895	184.998	184.864	184.991	2292	0	0
2026.04.07	17:30:00	184.990	185.095	184.964	185.094	2384	0	0
2026.04.07	17:45:00	185.094	185.142	185.003	185.100	2692	0	0
2026.04.07	18:00:00	185.100	185.152	185.065	185.110	2734	0	0
2026.04.07	18:15:00	185.110	185.136	185.065	185.078	2534	0	0
2026.04.07	18:30:00	185.077	185.085	185.047	185.057	1579	0	1
2026.04.07	18:45:00	185.057	185.102	185.015	185.022	1904	0	0
2026.04.07	19:00:00	185.022	185.057	184.989	185.025	2548	0	0
2026.04.07	19:15:00	185.025	185.037	184.990	185.024	2013	0	0
2026.04.07	19:30:00	185.024	185.048	185.003	185.008	1385	0	1
2026.04.07	19:45:00	185.008	185.038	184.969	185.034	1309	0	0
2026.04.07	20:00:00	185.034	185.044	184.987	185.016	1664	0	0
2026.04.07	20:15:00	185.016	185.029	184.999	185.003	1164	0	0
2026.04.07	20:30:00	185.003	185.014	184.926	184.992	2005	0	0
2026.04.07	20:45:00	184.992	185.013	184.982	184.990	1306	0	2
2026.04.07	21:00:00	184.990	184.999	184.945	184.961	1340	0	1
2026.04.07	21:15:00	184.961	184.994	184.945	184.986	1236	0	0
2026.04.07	21:30:00	184.986	184.999	184.961	184.987	1029	0	0
2026.04.07	21:45:00	184.987	185.014	184.967	185.012	1209	0	2
2026.04.07	22:00:00	185.012	185.043	184.999	185.020	1508	0	0
2026.04.07	22:15:00	185.020	185.058	185.004	185.022	2674	0	0
2026.04.07	22:30:00	185.021	185.047	185.010	185.030	1290	0	0
2026.04.07	22:45:00	185.030	185.118	185.007	185.037	3654	0	0
2026.04.07	23:00:00	185.032	185.083	185.002	185.078	1721	0	7
2026.04.07	23:15:00	185.077	185.109	185.048	185.096	1409	0	1
2026.04.07	23:30:00	185.096	185.131	185.049	185.072	1847	0	7
2026.04.07	23:45:00	185.072	185.165	185.045	185.074	1893	0	10
2026.04.08	00:00:00	185.003	185.102	184.901	185.035	444	0	99
2026.04.08	00:15:00	185.035	185.127	185.012	185.081	260	0	107
2026.04.08	00:30:00	185.081	185.091	185.018	185.044	664	0	115
2026.04.08	00:45:00	185.044	185.048	184.954	185.030	608	0	125
2026.04.08	01:00:00	185.030	185.245	185.013	185.141	1871	0	0
2026.04.08	01:15:00	185.141	185.195	185.113	185.165	1015	0	7
2026.04.08	01:30:00	185.161	185.351	185.044	185.302	4641	0	0
2026.04.08	01:45:00	185.302	185.427	185.263	185.424	4107	0	0
2026.04.08	02:00:00	185.424	185.451	185.255	185.281	4576	0	0
2026.04.08	02:15:00	185.280	185.484	185.264	185.340	4341	0	0
2026.04.08	02:30:00	185.338	185.523	185.293	185.503	3650	0	0
2026.04.08	02:45:00	185.503	185.548	185.468	185.481	3347	0	0
2026.04.08	03:00:00	185.481	185.488	185.307	185.321	4985	0	0
2026.04.08	03:15:00	185.320	185.320	185.199	185.222	3832	0	0
2026.04.08	03:30:00	185.221	185.237	185.073	185.141	3727	0	0
2026.04.08	03:45:00	185.141	185.277	185.047	185.217	3576	0	0
2026.04.08	04:00:00	185.218	185.262	185.158	185.194	3606	0	0
2026.04.08	04:15:00	185.194	185.197	185.120	185.149	3119	0	0
2026.04.08	04:30:00	185.149	185.149	185.040	185.065	3202	0	0
2026.04.08	04:45:00	185.065	185.074	184.936	184.947	2189	0	0
2026.04.08	05:00:00	184.947	184.989	184.876	184.923	2677	0	0
2026.04.08	05:15:00	184.923	185.048	184.870	185.039	2339	0	4
2026.04.08	05:30:00	185.039	185.068	185.007	185.008	2220	0	3
2026.04.08	05:45:00	185.008	185.067	184.944	184.949	1825	0	4
2026.04.08	06:00:00	184.949	184.970	184.854	184.878	1640	0	5
2026.04.08	06:15:00	184.878	184.916	184.825	184.838	1576	0	0
2026.04.08	06:30:00	184.838	184.892	184.817	184.832	1843	0	3
2026.04.08	06:45:00	184.832	184.915	184.803	184.911	1439	0	5
2026.04.08	07:00:00	184.911	184.979	184.888	184.973	1802	0	0
2026.04.08	07:15:00	184.973	185.011	184.955	184.992	1972	0	6
2026.04.08	07:30:00	184.992	185.024	184.965	185.000	1274	0	2
2026.04.08	07:45:00	185.001	185.007	184.882	184.897	1587	0	3
2026.04.08	08:00:00	184.901	184.963	184.867	184.946	2014	0	0
2026.04.08	08:15:00	184.947	185.056	184.938	185.049	1933	0	0
2026.04.08	08:30:00	185.049	185.147	185.020	185.120	2028	0	0
2026.04.08	08:45:00	185.120	185.190	185.048	185.051	2878	0	0
2026.04.08	09:00:00	185.053	185.109	185.000	185.009	2736	0	0
2026.04.08	09:15:00	185.009	185.068	184.896	185.012	2759	0	0
2026.04.08	09:30:00	185.012	185.088	184.899	185.015	2676	0	0
2026.04.08	09:45:00	185.014	185.097	184.983	185.037	2755	0	0
2026.04.08	10:00:00	185.038	185.050	184.942	184.980	3015	0	0
2026.04.08	10:15:00	184.980	185.052	184.954	185.036	2299	0	0
2026.04.08	10:30:00	185.036	185.070	184.949	184.971	2258	0	0
2026.04.08	10:45:00	184.971	185.048	184.950	185.046	2191	0	0
2026.04.08	11:00:00	185.045	185.045	184.877	184.961	2331	0	0
2026.04.08	11:15:00	184.961	185.020	184.928	185.016	2068	0	0
2026.04.08	11:30:00	185.018	185.085	184.931	184.993	2614	0	0
2026.04.08	11:45:00	184.994	185.047	184.972	184.999	1871	0	0
2026.04.08	12:00:00	184.999	185.022	184.938	184.987	1733	0	0
2026.04.08	12:15:00	184.987	185.068	184.959	185.027	1713	0	0
2026.04.08	12:30:00	185.027	185.124	184.995	185.086	1780	0	0
2026.04.08	12:45:00	185.086	185.138	185.068	185.110	2035	0	0
2026.04.08	13:00:00	185.109	185.172	185.089	185.159	1647	0	0
2026.04.08	13:15:00	185.159	185.192	185.140	185.152	1135	0	0
2026.04.08	13:30:00	185.152	185.190	185.113	185.173	1253	0	0
2026.04.08	13:45:00	185.173	185.214	185.134	185.212	1352	0	0
2026.04.08	14:00:00	185.212	185.288	185.183	185.276	1477	0	0
2026.04.08	14:15:00	185.276	185.322	185.268	185.280	2075	0	0
2026.04.08	14:30:00	185.280	185.282	185.192	185.213	2309	0	0
2026.04.08	14:45:00	185.213	185.242	185.134	185.160	1920	0	0
2026.04.08	15:00:00	185.160	185.196	185.022	185.057	2330	0	0
2026.04.08	15:15:00	185.066	185.167	185.001	185.117	3554	0	0
2026.04.08	15:30:00	185.117	185.122	185.039	185.105	2427	0	0
2026.04.08	15:45:00	185.105	185.189	185.064	185.101	2494	0	0
2026.04.08	16:00:00	185.101	185.123	184.964	185.063	2997	0	0
2026.04.08	16:15:00	185.063	185.109	184.988	185.011	2483	0	0
2026.04.08	16:30:00	185.011	185.081	184.987	185.033	4014	0	0
2026.04.08	16:45:00	185.032	185.105	185.023	185.094	3197	0	0
2026.04.08	17:00:00	185.094	185.173	185.066	185.079	3100	0	0
2026.04.08	17:15:00	185.078	185.192	185.058	185.167	2686	0	0
2026.04.08	17:30:00	185.167	185.185	185.118	185.153	2933	0	0
2026.04.08	17:45:00	185.152	185.205	185.091	185.098	3176	0	0
2026.04.08	18:00:00	185.098	185.183	185.056	185.177	3111	0	0
2026.04.08	18:15:00	185.177	185.215	185.140	185.142	2457	0	0
2026.04.08	18:30:00	185.143	185.169	185.096	185.109	2201	0	0
2026.04.08	18:45:00	185.109	185.139	185.093	185.096	1624	0	0
2026.04.08	19:00:00	185.096	185.114	185.025	185.062	2021	0	0
2026.04.08	19:15:00	185.060	185.072	185.019	185.042	1643	0	0
2026.04.08	19:30:00	185.042	185.104	185.032	185.095	1666	0	1
2026.04.08	19:45:00	185.095	185.120	185.053	185.065	1250	0	2
2026.04.08	20:00:00	185.065	185.101	185.041	185.089	1219	0	0
2026.04.08	20:15:00	185.089	185.092	184.992	185.044	1763	0	0
2026.04.08	20:30:00	185.044	185.048	184.959	185.028	1844	0	0
2026.04.08	20:45:00	185.028	185.033	184.963	184.997	1117	0	0
2026.04.08	21:00:00	184.997	185.027	184.951	184.999	1455	0	0
2026.04.08	21:15:00	184.999	185.043	184.913	185.016	3014	0	0
2026.04.08	21:30:00	185.019	185.059	184.951	184.995	2129	0	0
2026.04.08	21:45:00	184.995	184.998	184.903	184.934	2066	0	0
2026.04.08	22:00:00	184.931	184.963	184.876	184.922	2351	0	0
2026.04.08	22:15:00	184.922	184.969	184.871	184.963	1703	0	0
2026.04.08	22:30:00	184.958	184.999	184.950	184.968	1739	0	0
2026.04.08	22:45:00	184.968	184.999	184.953	184.982	1717	0	0
2026.04.08	23:00:00	184.981	185.006	184.961	184.980	1061	0	3
2026.04.08	23:15:00	184.980	184.986	184.935	184.947	677	0	9
2026.04.08	23:30:00	184.946	184.978	184.924	184.942	720	0	10
2026.04.08	23:45:00	184.942	184.972	184.885	184.895	932	0	12
2026.04.09	00:00:00	184.814	184.873	184.774	184.870	74	0	158
2026.04.09	00:15:00	184.870	185.017	184.820	184.837	238	0	61
2026.04.09	00:30:00	184.837	184.965	184.837	184.964	176	0	36
2026.04.09	00:45:00	184.964	184.964	184.832	184.908	761	0	35
2026.04.09	01:00:00	184.908	184.973	184.908	184.941	546	0	0
2026.04.09	01:15:00	184.941	184.945	184.889	184.918	447	0	12
2026.04.09	01:30:00	184.916	184.948	184.915	184.920	660	0	11
2026.04.09	01:45:00	184.920	184.943	184.911	184.922	837	0	10
2026.04.09	02:00:00	184.922	184.939	184.913	184.925	583	0	10
2026.04.09	02:15:00	184.925	184.961	184.923	184.961	711	0	8
2026.04.09	02:30:00	184.961	185.000	184.960	184.983	557	0	8
2026.04.09	02:45:00	184.982	184.994	184.933	184.972	959	0	7
2026.04.09	03:00:00	184.972	185.010	184.916	184.972	2043	0	2
2026.04.09	03:15:00	184.972	185.011	184.957	185.006	1477	0	5
2026.04.09	03:30:00	185.006	185.067	184.988	185.053	1230	0	1
2026.04.09	03:45:00	185.053	185.186	185.040	185.181	1877	0	0
2026.04.09	04:00:00	185.181	185.188	185.129	185.145	1475	0	7
2026.04.09	04:15:00	185.145	185.187	185.129	185.161	1229	0	2
2026.04.09	04:30:00	185.161	185.195	185.135	185.185	1329	0	0
2026.04.09	04:45:00	185.185	185.229	185.170	185.219	1151	0	1
2026.04.09	05:00:00	185.219	185.241	185.197	185.209	985	0	2
2026.04.09	05:15:00	185.209	185.241	185.203	185.230	790	0	7
2026.04.09	05:30:00	185.230	185.236	185.190	185.191	806	0	6
2026.04.09	05:45:00	185.192	185.192	185.147	185.147	936	0	2
2026.04.09	06:00:00	185.147	185.180	185.131	185.131	813	0	2
2026.04.09	06:15:00	185.131	185.139	185.098	185.120	787	0	3
2026.04.09	06:30:00	185.120	185.172	185.113	185.147	747	0	5
2026.04.09	06:45:00	185.147	185.199	185.132	185.142	1357	0	3
2026.04.09	07:00:00	185.142	185.194	185.103	185.192	955	0	4
2026.04.09	07:15:00	185.192	185.192	185.119	185.130	792	0	4
2026.04.09	07:30:00	185.130	185.215	185.128	185.186	685	0	3
2026.04.09	07:45:00	185.187	185.211	185.180	185.185	818	0	3
2026.04.09	08:00:00	185.189	185.206	185.156	185.163	793	0	1
2026.04.09	08:15:00	185.163	185.187	185.151	185.166	910	0	2
2026.04.09	08:30:00	185.166	185.231	185.163	185.219	729	0	2
2026.04.09	08:45:00	185.219	185.259	185.209	185.227	975	0	0
2026.04.09	09:00:00	185.227	185.271	185.205	185.250	1160	0	0
2026.04.09	09:15:00	185.250	185.258	185.205	185.228	1251	0	0
2026.04.09	09:30:00	185.228	185.262	185.128	185.177	1377	0	0
2026.04.09	09:45:00	185.178	185.224	185.153	185.212	1650	0	0
2026.04.09	10:00:00	185.212	185.337	185.212	185.316	1716	0	0
2026.04.09	10:15:00	185.315	185.329	185.259	185.307	1648	0	0
2026.04.09	10:30:00	185.307	185.352	185.248	185.280	1481	0	0
2026.04.09	10:45:00	185.281	185.409	185.274	185.409	1053	0	2
2026.04.09	11:00:00	185.409	185.464	185.370	185.463	1359	0	0
2026.04.09	11:15:00	185.463	185.552	185.446	185.541	1239	0	0
2026.04.09	11:30:00	185.541	185.608	185.522	185.543	1254	0	0
2026.04.09	11:45:00	185.543	185.615	185.508	185.591	1480	0	0
2026.04.09	12:00:00	185.591	185.616	185.570	185.590	1493	0	0
2026.04.09	12:15:00	185.590	185.666	185.580	185.648	1137	0	0
2026.04.09	12:30:00	185.648	185.682	185.624	185.630	965	0	0
2026.04.09	12:45:00	185.630	185.637	185.577	185.611	1126	0	0
2026.04.09	13:00:00	185.611	185.673	185.605	185.669	1160	0	1
2026.04.09	13:15:00	185.669	185.693	185.637	185.689	982	0	0
2026.04.09	13:30:00	185.689	185.720	185.666	185.702	916	0	2
2026.04.09	13:45:00	185.702	185.724	185.669	185.669	1045	0	0
2026.04.09	14:00:00	185.669	185.700	185.643	185.672	1244	0	0
2026.04.09	14:15:00	185.672	185.724	185.665	185.693	1133	0	0
2026.04.09	14:30:00	185.693	185.703	185.648	185.687	1177	0	0
2026.04.09	14:45:00	185.687	185.727	185.660	185.723	1362	0	0
2026.04.09	15:00:00	185.723	185.772	185.670	185.762	1257	0	0
2026.04.09	15:15:00	185.767	185.823	185.745	185.804	1299	0	1
2026.04.09	15:30:00	185.804	185.877	185.785	185.858	2324	0	0
2026.04.09	15:45:00	185.858	185.870	185.798	185.808	1569	0	1
2026.04.09	16:00:00	185.808	185.830	185.747	185.748	1502	0	0
2026.04.09	16:15:00	185.749	185.857	185.738	185.839	1401	0	0
2026.04.09	16:30:00	185.839	185.885	185.813	185.844	1814	0	0
2026.04.09	16:45:00	185.844	185.852	185.805	185.841	2261	0	0
2026.04.09	17:00:00	185.841	185.881	185.793	185.810	2278	0	0
2026.04.09	17:15:00	185.810	185.942	185.786	185.942	1766	0	0
2026.04.09	17:30:00	185.942	185.963	185.849	185.878	1899	0	0
2026.04.09	17:45:00	185.878	186.038	185.869	186.005	2437	0	0
2026.04.09	18:00:00	186.005	186.084	185.975	186.080	2220	0	0
2026.04.09	18:15:00	186.080	186.222	186.070	186.138	2873	0	0
2026.04.09	18:30:00	186.138	186.204	185.936	185.965	3452	0	0
2026.04.09	18:45:00	185.965	185.998	185.916	185.965	2228	0	0
2026.04.09	19:00:00	185.965	185.967	185.875	185.907	2426	0	0
2026.04.09	19:15:00	185.905	185.948	185.817	185.832	1961	0	0
2026.04.09	19:30:00	185.832	185.892	185.785	185.857	1650	0	0
2026.04.09	19:45:00	185.857	185.922	185.856	185.920	1425	0	0
2026.04.09	20:00:00	185.920	185.981	185.910	185.973	1416	0	0
2026.04.09	20:15:00	185.973	186.004	185.948	185.981	1185	0	0
2026.04.09	20:30:00	185.981	186.088	185.981	186.010	1403	0	0
2026.04.09	20:45:00	186.010	186.028	185.975	185.982	1217	0	0
2026.04.09	21:00:00	185.982	186.011	185.950	185.958	1902	0	0
2026.04.09	21:15:00	185.958	185.983	185.944	185.982	1506	0	0
2026.04.09	21:30:00	185.982	186.045	185.969	186.037	1305	0	0
2026.04.09	21:45:00	186.037	186.037	185.982	186.030	1019	0	2
2026.04.09	22:00:00	186.030	186.099	186.025	186.096	987	0	0
2026.04.09	22:15:00	186.096	186.148	186.076	186.130	1005	0	0
2026.04.09	22:30:00	186.129	186.230	186.104	186.220	1202	0	0
2026.04.09	22:45:00	186.220	186.224	186.121	186.149	1218	0	0
2026.04.09	23:00:00	186.144	186.152	186.092	186.092	907	0	4
2026.04.09	23:15:00	186.092	186.093	186.022	186.045	553	0	8
2026.04.09	23:30:00	186.044	186.060	186.014	186.020	508	0	10
2026.04.09	23:45:00	186.020	186.020	185.963	185.969	728	0	6
2026.04.10	00:00:00	185.884	185.978	185.879	185.960	236	0	61
2026.04.10	00:15:00	185.960	185.970	185.925	185.925	287	0	56
2026.04.10	00:30:00	185.925	185.978	185.925	185.948	373	0	91
2026.04.10	00:45:00	185.948	186.034	185.930	186.022	656	0	87
2026.04.10	01:00:00	186.022	186.052	186.002	186.042	404	0	10
2026.04.10	01:15:00	186.042	186.064	186.019	186.026	366	0	12
2026.04.10	01:30:00	186.026	186.054	185.997	186.005	1181	0	11
2026.04.10	01:45:00	186.005	186.040	186.002	186.035	1060	0	8
2026.04.10	02:00:00	186.035	186.043	186.011	186.034	810	0	3
2026.04.10	02:15:00	186.034	186.059	186.024	186.025	826	0	5
2026.04.10	02:30:00	186.025	186.042	186.015	186.027	502	0	7
2026.04.10	02:45:00	186.027	186.045	185.995	185.999	867	0	0
2026.04.10	03:00:00	185.999	186.059	185.992	186.050	1505	0	0
2026.04.10	03:15:00	186.050	186.093	186.049	186.080	1013	0	6
2026.04.10	03:30:00	186.080	186.108	186.064	186.093	962	0	7
2026.04.10	03:45:00	186.093	186.096	186.022	186.053	1540	0	0
2026.04.10	04:00:00	186.053	186.103	186.053	186.060	1158	0	6
2026.04.10	04:15:00	186.061	186.065	186.001	186.004	800	0	8
2026.04.10	04:30:00	186.005	186.045	185.968	186.007	1097	0	4
2026.04.10	04:45:00	186.007	186.013	185.942	185.948	1068	0	5
2026.04.10	05:00:00	185.948	186.026	185.940	186.023	1351	0	3
2026.04.10	05:15:00	186.023	186.053	186.013	186.024	802	0	6
2026.04.10	05:30:00	186.024	186.078	186.011	186.053	906	0	5
2026.04.10	05:45:00	186.053	186.084	186.031	186.067	687	0	6
2026.04.10	06:00:00	186.067	186.079	186.042	186.061	613	0	6
2026.04.10	06:15:00	186.061	186.128	186.060	186.127	662	0	1
2026.04.10	06:30:00	186.127	186.143	186.085	186.100	652	0	3
2026.04.10	06:45:00	186.100	186.151	186.099	186.121	678	0	6
2026.04.10	07:00:00	186.121	186.135	186.095	186.105	691	0	8
2026.04.10	07:15:00	186.105	186.133	186.097	186.126	403	0	7
2026.04.10	07:30:00	186.126	186.166	186.125	186.162	773	0	4
2026.04.10	07:45:00	186.162	186.163	186.107	186.117	637	0	0
2026.04.10	08:00:00	186.121	186.149	186.109	186.122	599	0	1
2026.04.10	08:15:00	186.122	186.159	186.122	186.154	576	0	1
2026.04.10	08:30:00	186.154	186.176	186.138	186.153	695	0	0
2026.04.10	08:45:00	186.153	186.182	186.136	186.173	703	0	2
2026.04.10	09:00:00	186.173	186.205	186.138	186.198	960	0	0
2026.04.10	09:15:00	186.200	186.201	186.166	186.183	896	0	0
2026.04.10	09:30:00	186.183	186.211	186.104	186.127	1212	0	0
2026.04.10	09:45:00	186.127	186.163	186.096	186.109	1007	0	0
2026.04.10	10:00:00	186.108	186.184	186.096	186.134	1270	0	1
2026.04.10	10:15:00	186.134	186.158	186.071	186.082	1191	0	0
2026.04.10	10:30:00	186.082	186.142	186.071	186.108	967	0	0
2026.04.10	10:45:00	186.108	186.164	186.095	186.105	900	0	0
2026.04.10	11:00:00	186.105	186.136	186.064	186.115	1166	0	1
2026.04.10	11:15:00	186.115	186.148	186.107	186.132	971	0	1
2026.04.10	11:30:00	186.132	186.166	186.132	186.152	675	0	2
2026.04.10	11:45:00	186.152	186.193	186.126	186.179	858	0	0
2026.04.10	12:00:00	186.179	186.207	186.137	186.140	870	0	0
2026.04.10	12:15:00	186.140	186.444	186.135	186.314	2747	0	0
2026.04.10	12:30:00	186.314	186.355	186.292	186.355	1274	0	1
2026.04.10	12:45:00	186.354	186.521	186.340	186.482	1398	0	0
2026.04.10	13:00:00	186.483	186.501	186.455	186.469	1206	0	0
2026.04.10	13:15:00	186.469	186.522	186.457	186.500	985	0	0
2026.04.10	13:30:00	186.500	186.534	186.483	186.512	968	0	0
2026.04.10	13:45:00	186.512	186.548	186.461	186.468	955	0	0
2026.04.10	14:00:00	186.468	186.554	186.468	186.526	1002	0	0
2026.04.10	14:15:00	186.526	186.551	186.461	186.479	756	0	0
2026.04.10	14:30:00	186.480	186.511	186.466	186.504	806	0	2
2026.04.10	14:45:00	186.504	186.522	186.431	186.461	923	0	1
2026.04.10	15:00:00	186.461	186.488	186.408	186.426	1076	0	0
2026.04.10	15:15:00	186.427	186.436	186.372	186.391	1486	0	1
2026.04.10	15:30:00	186.391	186.497	186.240	186.416	2779	0	0
2026.04.10	15:45:00	186.416	186.553	186.396	186.545	1703	0	0
2026.04.10	16:00:00	186.545	186.585	186.530	186.553	1767	0	0
2026.04.10	16:15:00	186.553	186.698	186.521	186.685	1585	0	0
2026.04.10	16:30:00	186.686	186.695	186.617	186.643	1858	0	0
2026.04.10	16:45:00	186.644	186.716	186.637	186.675	1926	0	2
2026.04.10	17:00:00	186.675	186.791	186.671	186.756	2141	0	0
2026.04.10	17:15:00	186.756	186.774	186.713	186.732	1587	0	0
2026.04.10	17:30:00	186.732	186.758	186.661	186.668	1724	0	0
2026.04.10	17:45:00	186.668	186.710	186.622	186.622	2860	0	0
2026.04.10	18:00:00	186.622	186.664	186.535	186.659	1874	0	0
2026.04.10	18:15:00	186.659	186.727	186.656	186.693	1688	0	0
2026.04.10	18:30:00	186.693	186.715	186.666	186.687	1926	0	0
2026.04.10	18:45:00	186.688	186.696	186.635	186.652	1243	0	2
2026.04.10	19:00:00	186.652	186.737	186.623	186.734	1121	0	1
2026.04.10	19:15:00	186.734	186.737	186.683	186.694	842	0	2
2026.04.10	19:30:00	186.694	186.701	186.651	186.658	1269	0	0
2026.04.10	19:45:00	186.658	186.687	186.623	186.670	1012	0	1
2026.04.10	20:00:00	186.669	186.753	186.669	186.729	828	0	0
2026.04.10	20:15:00	186.729	186.730	186.683	186.696	661	0	2
2026.04.10	20:30:00	186.696	186.734	186.675	186.733	760	0	0
2026.04.10	20:45:00	186.734	186.753	186.720	186.749	765	0	2
2026.04.10	21:00:00	186.749	186.800	186.714	186.778	1030	0	0
2026.04.10	21:15:00	186.778	186.841	186.767	186.838	1208	0	0
2026.04.10	21:30:00	186.838	186.883	186.833	186.841	1100	0	0
2026.04.10	21:45:00	186.840	186.865	186.788	186.861	900	0	2
2026.04.10	22:00:00	186.861	186.882	186.800	186.808	818	0	0
2026.04.10	22:15:00	186.808	186.847	186.806	186.821	507	0	1
2026.04.10	22:30:00	186.821	186.832	186.804	186.823	508	0	1
2026.04.10	22:45:00	186.823	186.842	186.811	186.823	665	0	2
2026.04.10	23:00:00	186.818	186.854	186.811	186.842	466	0	8
2026.04.10	23:15:00	186.842	186.861	186.831	186.839	471	0	11
2026.04.10	23:30:00	186.838	186.857	186.813	186.818	729	0	12
2026.04.10	23:45:00	186.818	186.853	186.717	186.804	1424	0	0
2026.04.13	00:00:00	186.276	186.351	186.075	186.184	242	0	0
2026.04.13	00:15:00	186.184	186.386	186.153	186.385	127	0	73
2026.04.13	00:30:00	186.385	186.388	186.313	186.350	217	0	31
2026.04.13	00:45:00	186.350	186.388	186.254	186.254	159	0	32
2026.04.13	01:00:00	186.254	186.583	186.238	186.511	1802	0	0
2026.04.13	01:15:00	186.511	186.544	186.431	186.460	1275	0	9
2026.04.13	01:30:00	186.460	186.540	186.456	186.512	2080	0	10
2026.04.13	01:45:00	186.512	186.555	186.492	186.531	1211	0	9
2026.04.13	02:00:00	186.532	186.566	186.500	186.537	1354	0	2
2026.04.13	02:15:00	186.537	186.540	186.436	186.459	1034	0	2
2026.04.13	02:30:00	186.459	186.462	186.361	186.366	1094	0	0
2026.04.13	02:45:00	186.365	186.454	186.348	186.422	1414	0	4
2026.04.13	03:00:00	186.422	186.574	186.397	186.571	2054	0	1
2026.04.13	03:15:00	186.571	186.620	186.549	186.594	1593	0	1
2026.04.13	03:30:00	186.594	186.721	186.594	186.716	1195	0	1
2026.04.13	03:45:00	186.716	186.779	186.635	186.656	2465	0	0
2026.04.13	04:00:00	186.656	186.674	186.617	186.639	1860	0	2
2026.04.13	04:15:00	186.636	186.684	186.631	186.644	1414	0	4
2026.04.13	04:30:00	186.644	186.668	186.606	186.622	1708	0	1
2026.04.13	04:45:00	186.622	186.659	186.576	186.613	1515	0	1
2026.04.13	05:00:00	186.613	186.644	186.596	186.637	1117	0	4
2026.04.13	05:15:00	186.637	186.682	186.636	186.666	967	0	3
2026.04.13	05:30:00	186.666	186.700	186.665	186.687	780	0	3
2026.04.13	05:45:00	186.687	186.698	186.656	186.677	1030	0	5
2026.04.13	06:00:00	186.677	186.694	186.668	186.678	1029	0	0
2026.04.13	06:15:00	186.679	186.692	186.671	186.680	803	0	4
2026.04.13	06:30:00	186.680	186.688	186.665	186.681	722	0	6
2026.04.13	06:45:00	186.681	186.695	186.631	186.637	676	0	5
2026.04.13	07:00:00	186.637	186.693	186.621	186.673	699	0	3
2026.04.13	07:15:00	186.673	186.706	186.669	186.701	757	0	5
2026.04.13	07:30:00	186.701	186.723	186.679	186.686	989	0	3
2026.04.13	07:45:00	186.686	186.692	186.649	186.654	841	0	6
2026.04.13	08:00:00	186.658	186.673	186.616	186.624	961	0	0
2026.04.13	08:15:00	186.624	186.673	186.623	186.673	924	0	1
2026.04.13	08:30:00	186.673	186.684	186.635	186.637	845	0	2
2026.04.13	08:45:00	186.637	186.655	186.624	186.629	826	0	1
2026.04.13	09:00:00	186.629	186.655	186.562	186.594	1746	0	0
2026.04.13	09:15:00	186.594	186.665	186.574	186.642	1393	0	0
2026.04.13	09:30:00	186.642	186.666	186.492	186.494	1336	0	0
2026.04.13	09:45:00	186.494	186.602	186.481	186.590	1575	0	0
2026.04.13	10:00:00	186.590	186.699	186.590	186.686	1588	0	0
2026.04.13	10:15:00	186.687	186.762	186.664	186.762	1223	0	0
2026.04.13	10:30:00	186.762	186.786	186.717	186.733	1350	0	0
2026.04.13	10:45:00	186.733	186.746	186.675	186.695	1214	0	0
2026.04.13	11:00:00	186.695	186.699	186.582	186.671	1326	0	0
2026.04.13	11:15:00	186.672	186.681	186.625	186.651	1101	0	0
2026.04.13	11:30:00	186.651	186.708	186.599	186.625	1265	0	1
2026.04.13	11:45:00	186.625	186.648	186.604	186.640	1084	0	0
2026.04.13	12:00:00	186.638	186.683	186.618	186.629	1359	0	0
2026.04.13	12:15:00	186.629	186.680	186.621	186.677	882	0	1
2026.04.13	12:30:00	186.677	186.724	186.637	186.676	1126	0	0
2026.04.13	12:45:00	186.676	186.712	186.660	186.672	873	0	0
2026.04.13	13:00:00	186.672	186.684	186.633	186.647	972	0	0
2026.04.13	13:15:00	186.646	186.658	186.600	186.620	823	0	0
2026.04.13	13:30:00	186.620	186.669	186.613	186.657	811	0	0
2026.04.13	13:45:00	186.657	186.750	186.655	186.732	1021	0	0
2026.04.13	14:00:00	186.732	186.818	186.731	186.805	1194	0	1
2026.04.13	14:15:00	186.805	186.850	186.803	186.850	896	0	0
2026.04.13	14:30:00	186.850	186.850	186.753	186.802	1283	0	0
2026.04.13	14:45:00	186.802	186.810	186.704	186.728	1765	0	0
2026.04.13	15:00:00	186.728	186.792	186.709	186.780	1923	0	0
2026.04.13	15:15:00	186.780	186.806	186.752	186.767	1357	0	1
2026.04.13	15:30:00	186.767	186.789	186.714	186.774	1544	0	0
2026.04.13	15:45:00	186.774	186.877	186.773	186.875	1763	0	0
2026.04.13	16:00:00	186.875	186.948	186.852	186.945	1375	0	0
2026.04.13	16:15:00	186.946	186.954	186.892	186.914	1381	0	0
2026.04.13	16:30:00	186.914	186.934	186.864	186.894	1795	0	0
2026.04.13	16:45:00	186.894	186.899	186.756	186.763	3122	0	0
2026.04.13	17:00:00	186.763	186.848	186.732	186.829	2421	0	0
2026.04.13	17:15:00	186.829	186.940	186.816	186.936	2232	0	0
2026.04.13	17:30:00	186.936	186.969	186.918	186.957	1698	0	0
2026.04.13	17:45:00	186.957	186.985	186.857	186.862	2429	0	0
2026.04.13	18:00:00	186.862	186.943	186.851	186.941	2349	0	0
2026.04.13	18:15:00	186.941	186.990	186.940	186.972	1799	0	0
2026.04.13	18:30:00	186.972	187.066	186.932	187.047	1645	0	1
2026.04.13	18:45:00	187.047	187.083	187.020	187.056	1201	0	0
2026.04.13	19:00:00	187.056	187.106	187.044	187.081	1805	0	0
2026.04.13	19:15:00	187.082	187.085	187.011	187.044	1971	0	0
2026.04.13	19:30:00	187.044	187.082	187.016	187.062	2710	0	0
2026.04.13	19:45:00	187.062	187.077	187.011	187.047	2296	0	1
2026.04.13	20:00:00	187.047	187.056	186.992	187.012	1405	0	0
2026.04.13	20:15:00	187.012	187.090	186.998	187.085	1354	0	0
2026.04.13	20:30:00	187.085	187.089	187.044	187.061	1177	0	0
2026.04.13	20:45:00	187.061	187.072	187.037	187.046	1118	0	0
2026.04.13	21:00:00	187.046	187.068	187.003	187.010	947	0	0
2026.04.13	21:15:00	187.010	187.087	187.001	187.081	1288	0	0
2026.04.13	21:30:00	187.081	187.268	187.078	187.262	2421	0	0
2026.04.13	21:45:00	187.262	187.459	187.244	187.441	2025	0	0
2026.04.13	22:00:00	187.440	187.440	187.290	187.355	1534	0	0
2026.04.13	22:15:00	187.355	187.382	187.333	187.367	771	0	0
2026.04.13	22:30:00	187.367	187.384	187.356	187.380	852	0	0
2026.04.13	22:45:00	187.380	187.455	187.368	187.441	1161	0	0
2026.04.13	23:00:00	187.436	187.510	187.436	187.482	735	0	9
2026.04.13	23:15:00	187.482	187.498	187.462	187.489	483	0	9
2026.04.13	23:30:00	187.489	187.491	187.457	187.477	782	0	8
2026.04.13	23:45:00	187.477	187.501	187.455	187.484	842	0	8
2026.04.14	00:00:00	187.454	187.454	187.313	187.348	93	0	88
2026.04.14	00:15:00	187.348	187.428	187.326	187.371	147	0	40
2026.04.14	00:30:00	187.371	187.375	187.307	187.357	359	0	70
2026.04.14	00:45:00	187.357	187.384	187.317	187.324	688	0	46
2026.04.14	01:00:00	187.324	187.525	187.324	187.443	722	0	6
2026.04.14	01:15:00	187.443	187.461	187.422	187.452	351	0	12
2026.04.14	01:30:00	187.453	187.473	187.428	187.444	658	0	9
2026.04.14	01:45:00	187.445	187.449	187.423	187.442	399	0	10
2026.04.14	02:00:00	187.442	187.443	187.402	187.421	647	0	2
2026.04.14	02:15:00	187.421	187.433	187.327	187.346	638	0	3
2026.04.14	02:30:00	187.346	187.363	187.337	187.349	770	0	2
2026.04.14	02:45:00	187.349	187.367	187.316	187.346	686	0	3
2026.04.14	03:00:00	187.346	187.416	187.285	187.291	1627	0	1
2026.04.14	03:15:00	187.291	187.349	187.259	187.347	1337	0	3
2026.04.14	03:30:00	187.347	187.355	187.284	187.327	1145	0	0
2026.04.14	03:45:00	187.327	187.349	187.253	187.277	1752	0	0
2026.04.14	04:00:00	187.276	187.342	187.248	187.250	1229	0	3
2026.04.14	04:15:00	187.249	187.279	187.157	187.159	1526	0	3
2026.04.14	04:30:00	187.159	187.209	187.155	187.207	1303	0	2
2026.04.14	04:45:00	187.207	187.274	187.197	187.230	1330	0	0
2026.04.14	05:00:00	187.230	187.274	187.215	187.226	1415	0	1
2026.04.14	05:15:00	187.226	187.260	187.211	187.253	867	0	3
2026.04.14	05:30:00	187.253	187.255	187.199	187.201	888	0	4
2026.04.14	05:45:00	187.201	187.220	187.122	187.161	710	0	5
2026.04.14	06:00:00	187.161	187.167	187.119	187.147	822	0	4
2026.04.14	06:15:00	187.147	187.170	187.133	187.150	841	0	5
2026.04.14	06:30:00	187.150	187.188	187.142	187.177	655	0	4
2026.04.14	06:45:00	187.177	187.213	187.175	187.201	784	0	4
2026.04.14	07:00:00	187.201	187.222	187.183	187.186	533	0	0
2026.04.14	07:15:00	187.186	187.207	187.170	187.204	629	0	5
2026.04.14	07:30:00	187.205	187.226	187.174	187.175	696	0	2
2026.04.14	07:45:00	187.175	187.175	187.122	187.124	831	0	4
2026.04.14	08:00:00	187.127	187.158	187.085	187.113	1022	0	2
2026.04.14	08:15:00	187.113	187.149	187.106	187.126	841	0	0
2026.04.14	08:30:00	187.126	187.209	187.124	187.199	780	0	1
2026.04.14	08:45:00	187.199	187.236	187.148	187.208	931	0	0
2026.04.14	09:00:00	187.208	187.310	187.175	187.249	1498	0	0
2026.04.14	09:15:00	187.249	187.339	187.246	187.307	1297	0	0
2026.04.14	09:30:00	187.307	187.363	187.303	187.347	1243	0	0
2026.04.14	09:45:00	187.347	187.478	187.341	187.459	1663	0	0
2026.04.14	10:00:00	187.460	187.541	187.418	187.444	2872	0	0
2026.04.14	10:15:00	187.444	187.473	187.380	187.448	1757	0	0
2026.04.14	10:30:00	187.448	187.467	187.397	187.402	1746	0	0
2026.04.14	10:45:00	187.404	187.465	187.376	187.382	1583	0	0
2026.04.14	11:00:00	187.382	187.406	187.329	187.382	1693	0	0
2026.04.14	11:15:00	187.382	187.465	187.373	187.431	1247	0	0
2026.04.14	11:30:00	187.432	187.468	187.413	187.445	1366	0	0
2026.04.14	11:45:00	187.445	187.446	187.375	187.425	1102	0	0
2026.04.14	12:00:00	187.425	187.522	187.356	187.374	1749	0	0
2026.04.14	12:15:00	187.374	187.402	187.256	187.290	1251	0	0
2026.04.14	12:30:00	187.290	187.378	187.268	187.326	1083	0	0
2026.04.14	12:45:00	187.326	187.414	187.302	187.410	1051	0	0
2026.04.14	13:00:00	187.410	187.467	187.362	187.418	1517	0	0
2026.04.14	13:15:00	187.418	187.431	187.322	187.352	1398	0	0
2026.04.14	13:30:00	187.352	187.377	187.302	187.338	1176	0	0
2026.04.14	13:45:00	187.338	187.393	187.333	187.359	1157	0	0
2026.04.14	14:00:00	187.359	187.376	187.320	187.328	1323	0	0
2026.04.14	14:15:00	187.328	187.400	187.325	187.378	1125	0	0
2026.04.14	14:30:00	187.378	187.378	187.312	187.354	1412	0	0
2026.04.14	14:45:00	187.354	187.396	187.304	187.347	1548	0	0
2026.04.14	15:00:00	187.348	187.374	187.300	187.359	2187	0	0
2026.04.14	15:15:00	187.359	187.395	187.328	187.361	1943	0	0
2026.04.14	15:30:00	187.361	187.371	187.265	187.287	2056	0	0
2026.04.14	15:45:00	187.287	187.364	187.284	187.357	1650	0	0
2026.04.14	16:00:00	187.357	187.398	187.343	187.373	1794	0	0
2026.04.14	16:15:00	187.373	187.385	187.309	187.364	1758	0	0
2026.04.14	16:30:00	187.364	187.464	187.363	187.429	2383	0	0
2026.04.14	16:45:00	187.429	187.466	187.394	187.443	2024	0	1
2026.04.14	17:00:00	187.445	187.450	187.188	187.250	2551	0	1
2026.04.14	17:15:00	187.252	187.327	187.245	187.286	2035	0	0
2026.04.14	17:30:00	187.286	187.382	187.260	187.376	1824	0	0
2026.04.14	17:45:00	187.376	187.461	187.340	187.459	2099	0	0
2026.04.14	18:00:00	187.459	187.474	187.371	187.377	2006	0	0
2026.04.14	18:15:00	187.377	187.397	187.331	187.360	2034	0	0
2026.04.14	18:30:00	187.360	187.384	187.258	187.308	1809	0	0
2026.04.14	18:45:00	187.309	187.379	187.286	187.365	1628	0	0
2026.04.14	19:00:00	187.365	187.387	187.314	187.345	1280	0	0
2026.04.14	19:15:00	187.345	187.368	187.326	187.347	1039	0	0
2026.04.14	19:30:00	187.347	187.371	187.335	187.353	825	0	0
2026.04.14	19:45:00	187.352	187.354	187.320	187.335	684	0	0
2026.04.14	20:00:00	187.335	187.370	187.312	187.350	779	0	2
2026.04.14	20:15:00	187.350	187.378	187.308	187.319	746	0	0
2026.04.14	20:30:00	187.319	187.319	187.246	187.263	854	0	0
2026.04.14	20:45:00	187.263	187.267	187.227	187.239	460	0	0
2026.04.14	21:00:00	187.239	187.240	187.192	187.218	962	0	2
2026.04.14	21:15:00	187.218	187.275	187.211	187.261	951	0	0
2026.04.14	21:30:00	187.261	187.301	187.252	187.268	1143	0	0
2026.04.14	21:45:00	187.268	187.308	187.256	187.291	787	0	0
2026.04.14	22:00:00	187.291	187.342	187.281	187.333	737	0	0
2026.04.14	22:15:00	187.333	187.355	187.331	187.344	574	0	0
2026.04.14	22:30:00	187.344	187.368	187.326	187.352	662	0	0
2026.04.14	22:45:00	187.352	187.352	187.312	187.331	865	0	0
2026.04.14	23:00:00	187.326	187.371	187.325	187.354	539	0	8
2026.04.14	23:15:00	187.354	187.358	187.299	187.317	568	0	6
2026.04.14	23:30:00	187.317	187.332	187.301	187.313	393	0	6
2026.04.14	23:45:00	187.313	187.339	187.266	187.266	550	0	12
2026.04.15	00:00:00	187.241	187.267	187.187	187.241	83	0	41
2026.04.15	00:15:00	187.241	187.271	187.199	187.238	318	0	45
2026.04.15	00:30:00	187.238	187.239	187.190	187.212	2458	0	93
2026.04.15	00:45:00	187.212	187.241	187.190	187.231	2087	0	130
2026.04.15	01:00:00	187.231	187.314	187.231	187.290	455	0	4
2026.04.15	01:15:00	187.290	187.347	187.290	187.314	314	0	7
2026.04.15	01:30:00	187.314	187.325	187.302	187.322	181	0	9
2026.04.15	01:45:00	187.322	187.348	187.315	187.347	184	0	11
2026.04.15	02:00:00	187.347	187.395	187.346	187.386	496	0	3
2026.04.15	02:15:00	187.386	187.395	187.350	187.385	392	0	5
2026.04.15	02:30:00	187.385	187.393	187.353	187.381	1466	0	3
2026.04.15	02:45:00	187.381	187.403	187.349	187.356	761	0	0
2026.04.15	03:00:00	187.357	187.360	187.278	187.349	1609	0	3
2026.04.15	03:15:00	187.349	187.369	187.327	187.345	980	0	5
2026.04.15	03:30:00	187.345	187.349	187.271	187.303	1003	0	4
2026.04.15	03:45:00	187.303	187.332	187.221	187.307	1610	0	2
2026.04.15	04:00:00	187.307	187.415	187.306	187.407	2367	0	1
2026.04.15	04:15:00	187.406	187.449	187.349	187.374	1400	0	2
2026.04.15	04:30:00	187.373	187.441	187.373	187.415	934	0	0
2026.04.15	04:45:00	187.415	187.432	187.360	187.365	1115	0	2
2026.04.15	05:00:00	187.365	187.399	187.320	187.327	869	0	3
2026.04.15	05:15:00	187.327	187.352	187.292	187.313	823	0	3
2026.04.15	05:30:00	187.313	187.413	187.306	187.401	1190	0	0
2026.04.15	05:45:00	187.401	187.411	187.376	187.399	659	0	5
2026.04.15	06:00:00	187.399	187.400	187.341	187.352	914	0	2
2026.04.15	06:15:00	187.352	187.389	187.352	187.382	750	0	4
2026.04.15	06:30:00	187.382	187.410	187.365	187.367	530	0	1
2026.04.15	06:45:00	187.367	187.449	187.366	187.398	606	0	6
2026.04.15	07:00:00	187.398	187.422	187.386	187.391	551	0	1
2026.04.15	07:15:00	187.391	187.404	187.379	187.400	457	0	5
2026.04.15	07:30:00	187.400	187.410	187.386	187.408	418	0	4
2026.04.15	07:45:00	187.408	187.440	187.402	187.417	379	0	6
2026.04.15	08:00:00	187.417	187.483	187.417	187.481	1081	0	1
2026.04.15	08:15:00	187.481	187.497	187.411	187.411	956	0	0
2026.04.15	08:30:00	187.411	187.429	187.387	187.429	707	0	2
2026.04.15	08:45:00	187.429	187.456	187.379	187.448	730	0	1
2026.04.15	09:00:00	187.448	187.465	187.390	187.424	1171	0	1
2026.04.15	09:15:00	187.424	187.448	187.365	187.420	1047	0	2
2026.04.15	09:30:00	187.420	187.459	187.388	187.395	996	0	1
2026.04.15	09:45:00	187.395	187.427	187.345	187.397	1042	0	0
2026.04.15	10:00:00	187.397	187.415	187.310	187.311	1297	0	0
2026.04.15	10:15:00	187.311	187.376	187.262	187.367	1129	0	0
2026.04.15	10:30:00	187.367	187.374	187.321	187.359	976	0	2
2026.04.15	10:45:00	187.359	187.369	187.306	187.311	1196	0	0
2026.04.15	11:00:00	187.311	187.327	187.139	187.195	1627	0	0
2026.04.15	11:15:00	187.195	187.214	187.103	187.201	1577	0	0
2026.04.15	11:30:00	187.201	187.247	187.158	187.166	1089	0	0
2026.04.15	11:45:00	187.166	187.208	187.134	187.187	967	0	0
2026.04.15	12:00:00	187.187	187.267	187.119	187.175	2737	0	0
2026.04.15	12:15:00	187.176	187.206	187.106	187.185	1569	0	0
2026.04.15	12:30:00	187.185	187.187	187.114	187.162	1140	0	1
2026.04.15	12:45:00	187.162	187.223	187.157	187.206	1188	0	0
2026.04.15	13:00:00	187.206	187.225	187.151	187.225	1227	0	0
2026.04.15	13:15:00	187.225	187.270	187.210	187.234	1963	0	0
2026.04.15	13:30:00	187.234	187.279	187.204	187.222	1406	0	0
2026.04.15	13:45:00	187.222	187.284	187.202	187.225	1455	0	0
2026.04.15	14:00:00	187.225	187.243	187.184	187.226	930	0	0
2026.04.15	14:15:00	187.226	187.251	187.211	187.235	1053	0	1
2026.04.15	14:30:00	187.235	187.301	187.210	187.288	1098	0	0
2026.04.15	14:45:00	187.288	187.399	187.272	187.383	1798	0	0
2026.04.15	15:00:00	187.383	187.445	187.383	187.443	1460	0	0
2026.04.15	15:15:00	187.444	187.503	187.437	187.489	1247	0	0
2026.04.15	15:30:00	187.489	187.530	187.439	187.465	1130	0	1
2026.04.15	15:45:00	187.465	187.596	187.454	187.555	1358	0	0
2026.04.15	16:00:00	187.555	187.593	187.498	187.513	1359	0	0
2026.04.15	16:15:00	187.513	187.559	187.502	187.544	1330	0	0
2026.04.15	16:30:00	187.545	187.561	187.454	187.485	1929	0	0
2026.04.15	16:45:00	187.480	187.500	187.434	187.461	1645	0	1
2026.04.15	17:00:00	187.461	187.513	187.431	187.503	1746	0	0
2026.04.15	17:15:00	187.502	187.555	187.495	187.531	1843	0	0
2026.04.15	17:30:00	187.531	187.556	187.511	187.535	1539	0	1
2026.04.15	17:45:00	187.535	187.581	187.504	187.553	2016	0	0
2026.04.15	18:00:00	187.555	187.618	187.508	187.609	2102	0	0
2026.04.15	18:15:00	187.610	187.639	187.564	187.564	1515	0	0
2026.04.15	18:30:00	187.564	187.620	187.529	187.606	1525	0	0
2026.04.15	18:45:00	187.606	187.639	187.575	187.618	1141	0	0
2026.04.15	19:00:00	187.618	187.638	187.591	187.602	969	0	1
2026.04.15	19:15:00	187.602	187.607	187.335	187.368	2052	0	0
2026.04.15	19:30:00	187.368	187.487	187.361	187.482	1178	0	0
2026.04.15	19:45:00	187.482	187.518	187.468	187.496	1028	0	0
2026.04.15	20:00:00	187.496	187.572	187.490	187.528	866	0	0
2026.04.15	20:15:00	187.528	187.610	187.527	187.591	708	0	2
2026.04.15	20:30:00	187.590	187.611	187.554	187.590	939	0	0
2026.04.15	20:45:00	187.590	187.665	187.586	187.660	841	0	0
2026.04.15	21:00:00	187.660	187.699	187.638	187.661	1604	0	0
2026.04.15	21:15:00	187.660	187.679	187.645	187.662	864	0	0
2026.04.15	21:30:00	187.662	187.682	187.616	187.644	835	0	0
2026.04.15	21:45:00	187.644	187.668	187.632	187.652	882	0	0
2026.04.15	22:00:00	187.652	187.673	187.619	187.621	787	0	1
2026.04.15	22:15:00	187.621	187.644	187.614	187.632	470	0	0
2026.04.15	22:30:00	187.632	187.645	187.615	187.620	489	0	1
2026.04.15	22:45:00	187.620	187.621	187.582	187.593	757	0	1
2026.04.15	23:00:00	187.588	187.589	187.541	187.566	569	0	9
2026.04.15	23:15:00	187.566	187.566	187.538	187.544	499	0	4
2026.04.15	23:30:00	187.544	187.547	187.508	187.538	535	0	8
2026.04.15	23:45:00	187.538	187.599	187.536	187.539	769	0	8
2026.04.16	00:00:00	187.562	187.586	187.511	187.552	105	0	80
2026.04.16	00:15:00	187.552	187.562	187.508	187.536	84	0	86
2026.04.16	00:30:00	187.536	187.594	187.414	187.586	362	0	27
2026.04.16	00:45:00	187.588	187.598	187.488	187.494	363	0	40
2026.04.16	01:00:00	187.489	187.548	187.465	187.527	484	0	2
2026.04.16	01:15:00	187.527	187.540	187.509	187.526	362	0	10
2026.04.16	01:30:00	187.528	187.538	187.497	187.508	316	0	11
2026.04.16	01:45:00	187.508	187.512	187.473	187.500	467	0	8
2026.04.16	02:00:00	187.500	187.502	187.442	187.477	746	0	0
2026.04.16	02:15:00	187.477	187.506	187.464	187.495	470	0	0
2026.04.16	02:30:00	187.495	187.535	187.489	187.519	497	0	8
2026.04.16	02:45:00	187.519	187.530	187.497	187.507	569	0	4
2026.04.16	03:00:00	187.507	187.516	187.386	187.418	1517	0	3
2026.04.16	03:15:00	187.418	187.461	187.406	187.432	1127	0	4
2026.04.16	03:30:00	187.432	187.446	187.411	187.425	904	0	3
2026.04.16	03:45:00	187.425	187.452	187.392	187.415	1237	0	4
2026.04.16	04:00:00	187.415	187.423	187.371	187.386	1086	0	3
2026.04.16	04:15:00	187.393	187.404	187.353	187.391	912	0	3
2026.04.16	04:30:00	187.391	187.429	187.345	187.407	1399	0	0
2026.04.16	04:45:00	187.407	187.411	187.322	187.369	1283	0	4
2026.04.16	05:00:00	187.369	187.412	187.348	187.395	1190	0	1
2026.04.16	05:15:00	187.395	187.454	187.387	187.447	993	0	5
2026.04.16	05:30:00	187.447	187.529	187.407	187.524	1399	0	1
2026.04.16	05:45:00	187.524	187.533	187.312	187.317	1507	0	3
2026.04.16	06:00:00	187.317	187.317	187.099	187.207	2797	0	0
2026.04.16	06:15:00	187.207	187.289	187.175	187.264	1754	0	0
2026.04.16	06:30:00	187.264	187.412	187.248	187.391	1649	0	0
2026.04.16	06:45:00	187.391	187.440	187.358	187.435	1132	0	0
2026.04.16	07:00:00	187.435	187.477	187.396	187.434	1216	0	0
2026.04.16	07:15:00	187.434	187.481	187.415	187.424	915	0	1
2026.04.16	07:30:00	187.424	187.449	187.399	187.429	769	0	2
2026.04.16	07:45:00	187.429	187.444	187.406	187.430	801	0	3
2026.04.16	08:00:00	187.434	187.448	187.406	187.421	701	0	0
2026.04.16	08:15:00	187.421	187.456	187.374	187.445	756	0	0
2026.04.16	08:30:00	187.445	187.510	187.442	187.496	1014	0	0
2026.04.16	08:45:00	187.496	187.536	187.488	187.510	1002	0	0
2026.04.16	09:00:00	187.510	187.541	187.453	187.511	1535	0	0
2026.04.16	09:15:00	187.512	187.514	187.420	187.442	1126	0	0
2026.04.16	09:30:00	187.444	187.482	187.378	187.393	1340	0	0
2026.04.16	09:45:00	187.393	187.450	187.366	187.428	1479	0	0
2026.04.16	10:00:00	187.428	187.447	187.330	187.360	1833	0	0
2026.04.16	10:15:00	187.360	187.405	187.329	187.348	1507	0	0
2026.04.16	10:30:00	187.348	187.357	187.292	187.333	1445	0	0
2026.04.16	10:45:00	187.333	187.370	187.316	187.328	1308	0	0
2026.04.16	11:00:00	187.328	187.385	187.303	187.307	1505	0	0
2026.04.16	11:15:00	187.307	187.357	187.295	187.357	1807	0	0
2026.04.16	11:30:00	187.357	187.387	187.334	187.349	1447	0	0
2026.04.16	11:45:00	187.349	187.391	187.318	187.386	1214	0	0
2026.04.16	12:00:00	187.386	187.406	187.349	187.349	1028	0	0
2026.04.16	12:15:00	187.349	187.371	187.301	187.302	1098	0	0
2026.04.16	12:30:00	187.302	187.359	187.299	187.318	1204	0	0
2026.04.16	12:45:00	187.318	187.398	187.290	187.339	1390	0	0
2026.04.16	13:00:00	187.339	187.348	187.283	187.335	1188	0	0
2026.04.16	13:15:00	187.335	187.345	187.283	187.342	736	0	2
2026.04.16	13:30:00	187.342	187.358	187.316	187.337	781	0	0
2026.04.16	13:45:00	187.338	187.357	187.294	187.325	1041	0	0
2026.04.16	14:00:00	187.325	187.362	187.285	187.301	1657	0	0
2026.04.16	14:15:00	187.301	187.347	187.273	187.343	1170	0	1
2026.04.16	14:30:00	187.343	187.343	187.302	187.315	1066	0	0
2026.04.16	14:45:00	187.315	187.343	187.270	187.319	1570	0	0
2026.04.16	15:00:00	187.319	187.355	187.264	187.334	2021	0	0
2026.04.16	15:15:00	187.335	187.407	187.325	187.381	1455	0	0
2026.04.16	15:30:00	187.381	187.440	187.352	187.434	1553	0	0
2026.04.16	15:45:00	187.434	187.473	187.416	187.460	1167	0	1
2026.04.16	16:00:00	187.460	187.471	187.391	187.406	1362	0	0
2026.04.16	16:15:00	187.407	187.409	187.320	187.352	1215	0	0
2026.04.16	16:30:00	187.353	187.370	187.300	187.328	1852	0	0
2026.04.16	16:45:00	187.328	187.471	187.325	187.439	2765	0	0
2026.04.16	17:00:00	187.439	187.461	187.356	187.374	2451	0	0
2026.04.16	17:15:00	187.374	187.475	187.370	187.450	2327	0	0
2026.04.16	17:30:00	187.450	187.518	187.447	187.505	1937	0	0
2026.04.16	17:45:00	187.505	187.513	187.426	187.477	2199	0	0
2026.04.16	18:00:00	187.477	187.521	187.459	187.485	2133	0	0
2026.04.16	18:15:00	187.485	187.518	187.418	187.418	1699	0	0
2026.04.16	18:30:00	187.418	187.470	187.404	187.444	2266	0	0
2026.04.16	18:45:00	187.444	187.468	187.396	187.426	1518	0	0
2026.04.16	19:00:00	187.426	187.447	187.406	187.438	1178	0	0
2026.04.16	19:15:00	187.438	187.462	187.425	187.426	1189	0	0
2026.04.16	19:30:00	187.426	187.460	187.408	187.434	2002	0	0
2026.04.16	19:45:00	187.434	187.467	187.424	187.433	1290	0	0
2026.04.16	20:00:00	187.433	187.456	187.405	187.435	1066	0	0
2026.04.16	20:15:00	187.435	187.511	187.435	187.490	986	0	0
2026.04.16	20:30:00	187.490	187.528	187.490	187.517	804	0	0
2026.04.16	20:45:00	187.517	187.519	187.476	187.503	683	0	1
2026.04.16	21:00:00	187.502	187.529	187.467	187.488	1368	0	0
2026.04.16	21:15:00	187.488	187.544	187.486	187.531	1018	0	0
2026.04.16	21:30:00	187.531	187.565	187.523	187.529	867	0	0
2026.04.16	21:45:00	187.529	187.568	187.525	187.552	857	0	2
2026.04.16	22:00:00	187.552	187.570	187.531	187.554	884	0	0
2026.04.16	22:15:00	187.554	187.567	187.527	187.533	764	0	0
2026.04.16	22:30:00	187.533	187.542	187.497	187.507	794	0	1
2026.04.16	22:45:00	187.507	187.526	187.467	187.522	803	0	0
2026.04.16	23:00:00	187.518	187.531	187.499	187.524	558	0	8
2026.04.16	23:15:00	187.524	187.530	187.488	187.501	512	0	6
2026.04.16	23:30:00	187.501	187.562	187.497	187.557	354	0	9
2026.04.16	23:45:00	187.555	187.555	187.482	187.494	561	0	13
2026.04.17	00:00:00	187.365	187.481	187.363	187.453	149	0	101
2026.04.17	00:15:00	187.453	187.499	187.389	187.439	141	0	89
2026.04.17	00:30:00	187.439	187.441	187.400	187.434	148	0	104
2026.04.17	00:45:00	187.434	187.439	187.391	187.414	173	0	109
2026.04.17	01:00:00	187.414	187.510	187.411	187.456	493	0	6
2026.04.17	01:15:00	187.456	187.491	187.453	187.483	307	0	9
2026.04.17	01:30:00	187.487	187.545	187.487	187.533	261	0	7
2026.04.17	01:45:00	187.533	187.534	187.500	187.515	248	0	10
2026.04.17	02:00:00	187.515	187.555	187.508	187.517	541	0	4
2026.04.17	02:15:00	187.517	187.534	187.496	187.526	309	0	7
2026.04.17	02:30:00	187.526	187.572	187.526	187.552	429	0	3
2026.04.17	02:45:00	187.552	187.584	187.530	187.555	773	0	4
2026.04.17	03:00:00	187.556	187.570	187.518	187.535	1359	0	3
2026.04.17	03:15:00	187.535	187.608	187.527	187.599	966	0	5
2026.04.17	03:30:00	187.599	187.624	187.588	187.610	869	0	5
2026.04.17	03:45:00	187.610	187.713	187.601	187.673	1786	0	1
2026.04.17	04:00:00	187.673	187.739	187.609	187.626	1656	0	1
2026.04.17	04:15:00	187.626	187.666	187.611	187.613	734	0	4
2026.04.17	04:30:00	187.613	187.662	187.607	187.650	952	0	5
2026.04.17	04:45:00	187.650	187.673	187.623	187.662	827	0	5
2026.04.17	05:00:00	187.662	187.736	187.655	187.715	874	0	0
2026.04.17	05:15:00	187.715	187.727	187.677	187.689	610	0	0
2026.04.17	05:30:00	187.689	187.718	187.676	187.677	523	0	3
2026.04.17	05:45:00	187.677	187.716	187.675	187.696	655	0	5
2026.04.17	06:00:00	187.696	187.735	187.695	187.718	670	0	2
2026.04.17	06:15:00	187.718	187.749	187.682	187.743	623	0	0
2026.04.17	06:30:00	187.743	187.813	187.743	187.794	693	0	2
2026.04.17	06:45:00	187.794	187.829	187.784	187.812	639	0	2
2026.04.17	07:00:00	187.812	187.827	187.800	187.816	444	0	5
2026.04.17	07:15:00	187.816	187.856	187.797	187.845	816	0	3
2026.04.17	07:30:00	187.845	187.874	187.833	187.869	548	0	4
2026.04.17	07:45:00	187.869	187.903	187.863	187.894	715	0	5
2026.04.17	08:00:00	187.894	187.952	187.873	187.919	1020	0	0
2026.04.17	08:15:00	187.919	187.946	187.913	187.936	801	0	0
2026.04.17	08:30:00	187.936	187.939	187.888	187.917	740	0	0
2026.04.17	08:45:00	187.917	187.925	187.878	187.878	634	0	1
2026.04.17	09:00:00	187.878	187.918	187.804	187.834	1357	0	0
2026.04.17	09:15:00	187.834	187.858	187.799	187.806	1175	0	0
2026.04.17	09:30:00	187.806	187.806	187.702	187.716	1269	0	0
2026.04.17	09:45:00	187.716	187.742	187.672	187.699	1089	0	0
2026.04.17	10:00:00	187.699	187.734	187.634	187.654	1599	0	0
2026.04.17	10:15:00	187.654	187.736	187.644	187.724	1295	0	1
2026.04.17	10:30:00	187.724	187.761	187.683	187.718	1154	0	0
2026.04.17	10:45:00	187.718	187.758	187.668	187.668	1288	0	0
2026.04.17	11:00:00	187.668	187.696	187.578	187.586	1310	0	0
2026.04.17	11:15:00	187.586	187.669	187.581	187.658	1241	0	0
2026.04.17	11:30:00	187.658	187.697	187.616	187.692	1123	0	0
2026.04.17	11:45:00	187.690	187.739	187.669	187.691	1309	0	0
2026.04.17	12:00:00	187.691	187.741	187.671	187.691	1268	0	0
2026.04.17	12:15:00	187.691	187.765	187.684	187.739	1149	0	0
2026.04.17	12:30:00	187.739	187.741	187.602	187.623	1039	0	0
2026.04.17	12:45:00	187.622	187.622	187.522	187.564	1258	0	0
2026.04.17	13:00:00	187.564	187.589	187.545	187.569	964	0	0
2026.04.17	13:15:00	187.569	187.628	187.567	187.621	992	0	0
2026.04.17	13:30:00	187.621	187.677	187.584	187.671	972	0	0
2026.04.17	13:45:00	187.672	187.734	187.663	187.729	1247	0	0
2026.04.17	14:00:00	187.729	187.761	187.705	187.750	947	0	0
2026.04.17	14:15:00	187.749	187.794	187.739	187.770	1002	0	1
2026.04.17	14:30:00	187.770	187.825	187.750	187.822	1029	0	0
2026.04.17	14:45:00	187.822	187.825	187.724	187.728	1076	0	0
2026.04.17	15:00:00	187.728	187.749	187.669	187.734	1474	0	0
2026.04.17	15:15:00	187.734	187.749	187.672	187.732	1857	0	0
2026.04.17	15:30:00	187.732	187.744	187.629	187.678	2299	0	0
2026.04.17	15:45:00	187.678	187.708	187.455	187.489	5262	0	0
2026.04.17	16:00:00	187.489	187.537	187.392	187.483	4494	0	0
2026.04.17	16:15:00	187.483	187.548	187.416	187.536	4160	0	0
2026.04.17	16:30:00	187.537	187.542	187.165	187.239	4113	0	0
2026.04.17	16:45:00	187.239	187.294	187.136	187.196	4079	0	0
2026.04.17	17:00:00	187.196	187.227	186.796	186.800	3370	0	0
2026.04.17	17:15:00	186.800	186.805	186.655	186.745	3205	0	0
2026.04.17	17:30:00	186.745	186.763	186.390	186.424	3485	0	0
2026.04.17	17:45:00	186.424	186.502	186.315	186.480	3631	0	0
2026.04.17	18:00:00	186.480	186.588	186.453	186.554	3347	0	0
2026.04.17	18:15:00	186.554	186.633	186.450	186.610	2874	0	0
2026.04.17	18:30:00	186.610	186.681	186.551	186.642	2697	0	0
2026.04.17	18:45:00	186.642	186.683	186.557	186.572	2381	0	0
2026.04.17	19:00:00	186.572	186.593	186.521	186.542	2175	0	0
2026.04.17	19:15:00	186.542	186.553	186.461	186.523	1662	0	0
2026.04.17	19:30:00	186.523	186.528	186.441	186.460	1073	0	0
2026.04.17	19:45:00	186.460	186.495	186.428	186.471	964	0	0
2026.04.17	20:00:00	186.471	186.518	186.460	186.507	1974	0	0
2026.04.17	20:15:00	186.507	186.550	186.499	186.546	2259	0	0
2026.04.17	20:30:00	186.546	186.610	186.535	186.571	1383	0	0
2026.04.17	20:45:00	186.571	186.584	186.504	186.563	957	0	1
2026.04.17	21:00:00	186.563	186.618	186.546	186.573	1177	0	0
2026.04.17	21:15:00	186.573	186.590	186.550	186.579	942	0	0
2026.04.17	21:30:00	186.579	186.616	186.547	186.590	1399	0	0
2026.04.17	21:45:00	186.591	186.643	186.571	186.640	1871	0	0
2026.04.17	22:00:00	186.638	186.668	186.588	186.638	1395	0	0
2026.04.17	22:15:00	186.638	186.662	186.586	186.618	1018	0	0
2026.04.17	22:30:00	186.618	186.650	186.602	186.633	1251	0	0
2026.04.17	22:45:00	186.634	186.648	186.593	186.613	1302	0	0
2026.04.17	23:00:00	186.613	186.676	186.605	186.641	840	0	2
2026.04.17	23:15:00	186.641	186.667	186.615	186.616	649	0	8
2026.04.17	23:30:00	186.616	186.649	186.598	186.599	798	0	7
2026.04.17	23:45:00	186.601	186.629	186.504	186.616	2344	0	0
2026.04.20	00:00:00	186.261	186.472	186.252	186.384	394	0	8
2026.04.20	00:15:00	186.384	186.416	186.381	186.405	197	0	72
2026.04.20	00:30:00	186.406	186.432	186.323	186.346	302	0	22
2026.04.20	00:45:00	186.346	186.454	186.346	186.406	537	0	18
2026.04.20	01:00:00	186.406	186.609	186.406	186.542	1396	0	3
2026.04.20	01:15:00	186.542	186.584	186.508	186.538	1013	0	6
2026.04.20	01:30:00	186.538	186.652	186.528	186.641	848	0	8
2026.04.20	01:45:00	186.641	186.684	186.636	186.674	501	0	9
2026.04.20	02:00:00	186.674	186.742	186.635	186.701	1205	0	2
2026.04.20	02:15:00	186.701	186.819	186.670	186.811	1805	0	2
2026.04.20	02:30:00	186.811	186.869	186.788	186.814	1617	0	2
2026.04.20	02:45:00	186.812	186.864	186.792	186.828	1648	0	2
2026.04.20	03:00:00	186.829	187.046	186.822	187.020	2299	0	0
2026.04.20	03:15:00	187.020	187.047	186.966	186.980	1668	0	2
2026.04.20	03:30:00	186.980	186.992	186.907	186.935	1292	0	2
2026.04.20	03:45:00	186.935	186.942	186.780	186.899	2259	0	0
2026.04.20	04:00:00	186.899	186.919	186.819	186.838	1677	0	1
2026.04.20	04:15:00	186.838	186.855	186.790	186.852	1181	0	3
2026.04.20	04:30:00	186.852	186.855	186.776	186.821	1382	0	2
2026.04.20	04:45:00	186.821	186.844	186.764	186.764	1086	0	1
2026.04.20	05:00:00	186.764	186.804	186.751	186.793	1097	0	1
2026.04.20	05:15:00	186.793	186.832	186.782	186.799	794	0	2
2026.04.20	05:30:00	186.799	186.806	186.738	186.744	965	0	4
2026.04.20	05:45:00	186.744	186.815	186.744	186.790	1032	0	4
2026.04.20	06:00:00	186.790	186.825	186.776	186.817	1181	0	1
2026.04.20	06:15:00	186.817	186.821	186.785	186.787	880	0	2
2026.04.20	06:30:00	186.787	186.834	186.746	186.832	786	0	2
2026.04.20	06:45:00	186.832	186.859	186.818	186.846	763	0	2
2026.04.20	07:00:00	186.846	186.856	186.823	186.831	701	0	3
2026.04.20	07:15:00	186.831	186.849	186.811	186.844	635	0	5
2026.04.20	07:30:00	186.844	186.879	186.830	186.877	903	0	2
2026.04.20	07:45:00	186.877	186.898	186.842	186.846	1021	0	3
2026.04.20	08:00:00	186.850	186.925	186.843	186.867	847	0	0
2026.04.20	08:15:00	186.867	186.875	186.827	186.844	720	0	0
2026.04.20	08:30:00	186.843	186.860	186.786	186.792	1283	0	0
2026.04.20	08:45:00	186.792	186.829	186.787	186.817	989	0	0
2026.04.20	09:00:00	186.817	186.836	186.760	186.762	1477	0	0
2026.04.20	09:15:00	186.762	186.806	186.753	186.791	1240	0	1
2026.04.20	09:30:00	186.793	186.889	186.793	186.856	1578	0	0
2026.04.20	09:45:00	186.856	186.979	186.794	186.911	2005	0	0
2026.04.20	10:00:00	186.911	186.939	186.830	186.840	2165	0	0
2026.04.20	10:15:00	186.840	186.905	186.800	186.877	1645	0	0
2026.04.20	10:30:00	186.877	186.933	186.846	186.930	1829	0	0
2026.04.20	10:45:00	186.930	186.983	186.857	186.937	1728	0	0
2026.04.20	11:00:00	186.937	186.981	186.911	186.978	1767	0	0
2026.04.20	11:15:00	186.978	187.030	186.952	187.013	1208	0	0
2026.04.20	11:30:00	187.014	187.076	187.013	187.055	935	0	0
2026.04.20	11:45:00	187.055	187.061	186.956	186.980	1131	0	0
2026.04.20	12:00:00	186.980	187.014	186.919	186.961	1441	0	0
2026.04.20	12:15:00	186.961	187.026	186.853	186.859	1526	0	0
2026.04.20	12:30:00	186.859	186.942	186.851	186.937	1159	0	0
2026.04.20	12:45:00	186.937	187.001	186.916	186.980	956	0	0
2026.04.20	13:00:00	186.980	187.002	186.954	186.984	1096	0	0
2026.04.20	13:15:00	186.984	186.990	186.914	186.932	994	0	0
2026.04.20	13:30:00	186.932	187.030	186.929	187.003	871	0	0
2026.04.20	13:45:00	187.003	187.079	186.992	187.049	1037	0	0
2026.04.20	14:00:00	187.049	187.091	187.044	187.073	1193	0	0
2026.04.20	14:15:00	187.073	187.074	187.024	187.051	966	0	0
2026.04.20	14:30:00	187.051	187.057	186.978	186.985	1245	0	0
2026.04.20	14:45:00	186.985	186.999	186.884	186.906	1529	0	0
2026.04.20	15:00:00	186.906	186.917	186.842	186.911	1773	0	0
2026.04.20	15:15:00	186.911	186.918	186.872	186.872	1219	0	0
2026.04.20	15:30:00	186.872	186.975	186.862	186.958	1311	0	0
2026.04.20	15:45:00	186.958	186.965	186.901	186.922	1116	0	1
2026.04.20	16:00:00	186.922	186.955	186.868	186.870	2192	0	0
2026.04.20	16:15:00	186.870	186.883	186.755	186.773	1745	0	0
2026.04.20	16:30:00	186.773	186.867	186.765	186.846	2399	0	0
2026.04.20	16:45:00	186.846	186.863	186.781	186.793	2112	0	0
2026.04.20	17:00:00	186.791	186.907	186.763	186.906	2121	0	0
2026.04.20	17:15:00	186.906	186.907	186.847	186.868	1720	0	0
2026.04.20	17:30:00	186.868	186.911	186.815	186.839	1726	0	0
2026.04.20	17:45:00	186.839	186.923	186.816	186.846	3212	0	0
2026.04.20	18:00:00	186.845	186.928	186.830	186.927	2170	0	0
2026.04.20	18:15:00	186.927	186.982	186.881	186.881	2600	0	0
2026.04.20	18:30:00	186.881	186.966	186.849	186.910	1978	0	0
2026.04.20	18:45:00	186.908	187.012	186.894	186.978	1579	0	0
2026.04.20	19:00:00	186.979	187.042	186.979	187.006	1314	0	0
2026.04.20	19:15:00	187.006	187.023	186.942	186.997	1162	0	0
2026.04.20	19:30:00	186.997	187.021	186.942	187.006	1155	0	0
2026.04.20	19:45:00	187.006	187.011	186.958	186.986	893	0	0
2026.04.20	20:00:00	186.986	187.054	186.980	187.051	1166	0	0
2026.04.20	20:15:00	187.051	187.064	187.041	187.052	699	0	1
2026.04.20	20:30:00	187.052	187.066	187.001	187.003	1102	0	0
2026.04.20	20:45:00	187.003	187.077	187.001	187.077	792	0	1
2026.04.20	21:00:00	187.077	187.101	187.049	187.079	1361	0	0
2026.04.20	21:15:00	187.079	187.101	187.045	187.071	1189	0	0
2026.04.20	21:30:00	187.071	187.127	187.070	187.116	1331	0	0
2026.04.20	21:45:00	187.116	187.212	187.110	187.193	1727	0	0
2026.04.20	22:00:00	187.193	187.206	187.146	187.199	1024	0	0
2026.04.20	22:15:00	187.199	187.210	187.181	187.190	708	0	0
2026.04.20	22:30:00	187.190	187.228	187.177	187.207	788	0	0
2026.04.20	22:45:00	187.207	187.237	187.197	187.212	851	0	0
2026.04.20	23:00:00	187.207	187.274	187.193	187.244	706	0	8
2026.04.20	23:15:00	187.244	187.246	187.217	187.228	525	0	10
2026.04.20	23:30:00	187.227	187.287	187.206	187.264	1061	0	3
2026.04.20	23:45:00	187.265	187.277	187.176	187.178	1174	0	6
2026.04.21	00:00:00	187.028	187.093	187.028	187.057	89	0	161
2026.04.21	00:15:00	187.057	187.098	187.040	187.073	180	0	155
2026.04.21	00:30:00	187.073	187.158	187.056	187.142	974	0	113
2026.04.21	00:45:00	187.142	187.146	187.015	187.035	787	0	36
2026.04.21	01:00:00	187.035	187.200	187.030	187.167	578	0	0
2026.04.21	01:15:00	187.167	187.175	187.161	187.173	118	0	11
2026.04.21	01:30:00	187.170	187.197	187.165	187.183	941	0	6
2026.04.21	01:45:00	187.183	187.205	187.166	187.197	1318	0	11
2026.04.21	02:00:00	187.197	187.207	187.161	187.193	517	0	4
2026.04.21	02:15:00	187.193	187.210	187.186	187.186	596	0	5
2026.04.21	02:30:00	187.186	187.192	187.167	187.176	364	0	2
2026.04.21	02:45:00	187.176	187.196	187.168	187.189	596	0	2
2026.04.21	03:00:00	187.189	187.238	187.179	187.228	1242	0	1
2026.04.21	03:15:00	187.228	187.291	187.220	187.277	1039	0	4
2026.04.21	03:30:00	187.277	187.313	187.271	187.308	1045	0	2
2026.04.21	03:45:00	187.308	187.333	187.260	187.288	2068	0	0
2026.04.21	04:00:00	187.288	187.307	187.274	187.291	1481	0	1
2026.04.21	04:15:00	187.291	187.305	187.274	187.298	1643	0	1
2026.04.21	04:30:00	187.297	187.318	187.274	187.287	1435	0	3
2026.04.21	04:45:00	187.287	187.298	187.241	187.249	2041	0	0
2026.04.21	05:00:00	187.249	187.290	187.248	187.285	1187	0	0
2026.04.21	05:15:00	187.285	187.291	187.250	187.268	991	0	1
2026.04.21	05:30:00	187.268	187.272	187.205	187.205	756	0	0
2026.04.21	05:45:00	187.205	187.240	187.190	187.232	421	0	6
2026.04.21	06:00:00	187.232	187.235	187.191	187.201	1066	0	5
2026.04.21	06:15:00	187.201	187.222	187.196	187.210	692	0	4
2026.04.21	06:30:00	187.210	187.220	187.163	187.168	818	0	3
2026.04.21	06:45:00	187.168	187.219	187.166	187.213	630	0	5
2026.04.21	07:00:00	187.213	187.222	187.184	187.190	446	0	3
2026.04.21	07:15:00	187.190	187.210	187.184	187.207	385	0	5
2026.04.21	07:30:00	187.206	187.223	187.197	187.207	521	0	3
2026.04.21	07:45:00	187.207	187.207	187.167	187.176	713	0	6
2026.04.21	08:00:00	187.180	187.200	187.142	187.182	801	0	0
2026.04.21	08:15:00	187.182	187.204	187.173	187.194	737	0	0
2026.04.21	08:30:00	187.194	187.204	187.141	187.143	814	0	2
2026.04.21	08:45:00	187.143	187.191	187.141	187.164	567	0	0
2026.04.21	09:00:00	187.164	187.187	187.025	187.109	1674	0	0
2026.04.21	09:15:00	187.107	187.120	187.034	187.080	988	0	0
2026.04.21	09:30:00	187.079	187.088	187.012	187.038	1137	0	0
2026.04.21	09:45:00	187.038	187.038	186.999	187.001	979	0	0
2026.04.21	10:00:00	186.996	187.075	186.993	187.069	1448	0	0
2026.04.21	10:15:00	187.069	187.157	187.053	187.121	1181	0	0
2026.04.21	10:30:00	187.119	187.136	187.093	187.101	1089	0	0
2026.04.21	10:45:00	187.101	187.130	187.035	187.075	1471	0	0
2026.04.21	11:00:00	187.075	187.159	187.057	187.150	2417	0	0
2026.04.21	11:15:00	187.150	187.307	187.146	187.275	1665	0	0
2026.04.21	11:30:00	187.275	187.304	187.212	187.245	1504	0	0
2026.04.21	11:45:00	187.245	187.288	187.209	187.273	1010	0	0
2026.04.21	12:00:00	187.274	187.304	187.230	187.234	1503	0	0
2026.04.21	12:15:00	187.234	187.244	187.146	187.155	1163	0	0
2026.04.21	12:30:00	187.155	187.191	187.131	187.184	847	0	0
2026.04.21	12:45:00	187.184	187.225	187.158	187.212	1107	0	0
2026.04.21	13:00:00	187.213	187.254	187.205	187.224	1083	0	0
2026.04.21	13:15:00	187.224	187.224	187.174	187.189	789	0	1
2026.04.21	13:30:00	187.189	187.231	187.186	187.210	807	0	1
2026.04.21	13:45:00	187.210	187.231	187.199	187.227	931	0	0
2026.04.21	14:00:00	187.227	187.257	187.210	187.230	1378	0	0
2026.04.21	14:15:00	187.230	187.311	187.215	187.296	1199	0	0
2026.04.21	14:30:00	187.295	187.297	187.243	187.267	951	0	0
2026.04.21	14:45:00	187.267	187.279	187.147	187.153	1182	0	0
2026.04.21	15:00:00	187.153	187.181	187.117	187.148	1489	0	0
2026.04.21	15:15:00	187.148	187.172	187.094	187.153	1369	0	0
2026.04.21	15:30:00	187.153	187.235	187.122	187.188	2312	0	0
2026.04.21	15:45:00	187.188	187.226	187.131	187.184	1694	0	0
2026.04.21	16:00:00	187.184	187.234	187.176	187.211	1329	0	0
2026.04.21	16:15:00	187.211	187.223	187.140	187.178	1407	0	0
2026.04.21	16:30:00	187.178	187.234	187.166	187.187	1952	0	0
2026.04.21	16:45:00	187.187	187.201	187.140	187.183	1804	0	0
2026.04.21	17:00:00	187.183	187.255	187.182	187.209	1717	0	0
2026.04.21	17:15:00	187.209	187.263	187.208	187.256	1565	0	1
2026.04.21	17:30:00	187.256	187.305	187.232	187.281	1903	0	0
2026.04.21	17:45:00	187.281	187.333	187.237	187.306	2986	0	0
2026.04.21	18:00:00	187.306	187.322	187.263	187.312	2739	0	0
2026.04.21	18:15:00	187.312	187.350	187.241	187.267	2152	0	0
2026.04.21	18:30:00	187.267	187.288	187.189	187.283	1897	0	0
2026.04.21	18:45:00	187.283	187.349	187.265	187.315	1713	0	0
2026.04.21	19:00:00	187.315	187.364	187.295	187.349	1719	0	0
2026.04.21	19:15:00	187.349	187.358	187.274	187.280	1166	0	0
2026.04.21	19:30:00	187.280	187.314	187.253	187.287	1344	0	0
2026.04.21	19:45:00	187.287	187.302	187.227	187.240	1138	0	0
2026.04.21	20:00:00	187.240	187.267	187.084	187.126	2510	0	0
2026.04.21	20:15:00	187.126	187.142	187.059	187.125	2053	0	0
2026.04.21	20:30:00	187.123	187.255	187.084	187.187	2631	0	0
2026.04.21	20:45:00	187.187	187.215	187.070	187.094	2097	0	0
2026.04.21	21:00:00	187.094	187.137	187.075	187.075	1664	0	0
2026.04.21	21:15:00	187.075	187.114	187.050	187.065	2068	0	0
2026.04.21	21:30:00	187.067	187.104	187.067	187.087	1359	0	0
2026.04.21	21:45:00	187.087	187.129	187.085	187.116	1648	0	0
2026.04.21	22:00:00	187.116	187.152	187.083	187.140	2136	0	0
2026.04.21	22:15:00	187.140	187.171	187.108	187.112	2300	0	0
2026.04.21	22:30:00	187.112	187.148	187.031	187.102	2455	0	0
2026.04.21	22:45:00	187.102	187.176	187.088	187.153	2405	0	0
2026.04.21	23:00:00	187.153	187.288	187.128	187.184	2617	0	2
2026.04.21	23:15:00	187.184	187.216	187.175	187.196	1512	0	8
2026.04.21	23:30:00	187.195	187.196	187.144	187.152	1384	0	7
2026.04.21	23:45:00	187.152	187.191	187.124	187.145	948	0	12
2026.04.22	00:00:00	187.095	187.247	187.034	187.091	217	0	0
2026.04.22	00:15:00	187.091	187.122	186.988	187.055	661	0	61
2026.04.22	00:30:00	187.055	187.141	187.017	187.088	302	0	88
2026.04.22	00:45:00	187.088	187.136	187.046	187.090	579	0	60
2026.04.22	01:00:00	187.090	187.174	187.090	187.122	648	0	7
2026.04.22	01:15:00	187.122	187.131	187.097	187.128	399	0	7
2026.04.22	01:30:00	187.129	187.144	187.113	187.131	952	0	5
2026.04.22	01:45:00	187.131	187.143	187.124	187.130	1095	0	4
2026.04.22	02:00:00	187.130	187.168	187.116	187.163	514	0	1
2026.04.22	02:15:00	187.163	187.175	187.131	187.156	644	0	0
2026.04.22	02:30:00	187.156	187.185	187.156	187.165	374	0	2
2026.04.22	02:45:00	187.165	187.211	187.141	187.175	921	0	0
2026.04.22	03:00:00	187.177	187.177	187.129	187.153	1764	0	0
2026.04.22	03:15:00	187.153	187.194	187.134	187.160	1467	0	1
2026.04.22	03:30:00	187.159	187.160	187.106	187.108	1397	0	3
2026.04.22	03:45:00	187.108	187.133	186.990	187.066	2162	0	0
2026.04.22	04:00:00	187.066	187.076	187.011	187.045	1487	0	3
2026.04.22	04:15:00	187.045	187.073	187.033	187.043	1095	0	0
2026.04.22	04:30:00	187.043	187.068	187.028	187.038	1122	0	4
2026.04.22	04:45:00	187.038	187.061	187.021	187.038	946	0	2
2026.04.22	05:00:00	187.038	187.113	187.038	187.083	985	0	4
2026.04.22	05:15:00	187.083	187.092	187.048	187.063	680	0	4
2026.04.22	05:30:00	187.063	187.093	187.061	187.083	704	0	3
2026.04.22	05:45:00	187.083	187.115	187.063	187.090	885	0	6
2026.04.22	06:00:00	187.090	187.122	187.079	187.095	769	0	5
2026.04.22	06:15:00	187.095	187.132	187.094	187.123	622	0	7
2026.04.22	06:30:00	187.123	187.150	187.110	187.115	621	0	4
2026.04.22	06:45:00	187.115	187.124	187.089	187.104	869	0	2
2026.04.22	07:00:00	187.104	187.114	187.073	187.078	842	0	4
2026.04.22	07:15:00	187.078	187.086	187.049	187.057	448	0	7
2026.04.22	07:30:00	187.057	187.066	187.033	187.060	753	0	4
2026.04.22	07:45:00	187.060	187.083	187.044	187.060	731	0	6
2026.04.22	08:00:00	187.064	187.077	187.050	187.059	728	0	2
2026.04.22	08:15:00	187.059	187.158	187.058	187.104	2508	0	0
2026.04.22	08:30:00	187.104	187.111	187.060	187.092	1104	0	0
2026.04.22	08:45:00	187.092	187.117	187.067	187.105	848	0	0
2026.04.22	09:00:00	187.105	187.128	187.037	187.079	1357	0	0
2026.04.22	09:15:00	187.079	187.102	187.051	187.094	1072	0	1
2026.04.22	09:30:00	187.096	187.112	187.043	187.045	1155	0	0
2026.04.22	09:45:00	187.045	187.070	186.966	186.968	1143	0	0
2026.04.22	10:00:00	186.968	187.077	186.958	187.068	1436	0	0
2026.04.22	10:15:00	187.068	187.102	187.059	187.088	1321	0	0
2026.04.22	10:30:00	187.088	187.205	187.081	187.172	1191	0	1
2026.04.22	10:45:00	187.171	187.203	187.138	187.172	1515	0	1
2026.04.22	11:00:00	187.172	187.229	187.126	187.217	1474	0	1
2026.04.22	11:15:00	187.217	187.274	187.214	187.243	1680	0	0
2026.04.22	11:30:00	187.244	187.249	187.177	187.223	1545	0	0
2026.04.22	11:45:00	187.223	187.311	187.223	187.307	1088	0	1
2026.04.22	12:00:00	187.307	187.325	187.269	187.297	1353	0	0
2026.04.22	12:15:00	187.297	187.303	187.228	187.260	1026	0	1
2026.04.22	12:30:00	187.260	187.280	187.244	187.256	1138	0	1
2026.04.22	12:45:00	187.256	187.270	187.177	187.191	1122	0	0
2026.04.22	13:00:00	187.192	187.223	187.156	187.169	1358	0	0
2026.04.22	13:15:00	187.169	187.204	187.169	187.191	1021	0	0
2026.04.22	13:30:00	187.191	187.204	187.125	187.128	908	0	0
2026.04.22	13:45:00	187.128	187.159	187.109	187.117	1153	0	1
2026.04.22	14:00:00	187.117	187.119	187.050	187.051	1345	0	0
2026.04.22	14:15:00	187.056	187.064	186.992	187.011	1403	0	0
2026.04.22	14:30:00	187.011	187.021	186.912	186.915	1486	0	0
2026.04.22	14:45:00	186.915	186.932	186.854	186.877	1733	0	0
2026.04.22	15:00:00	186.877	186.888	186.785	186.812	1297	0	0
2026.04.22	15:15:00	186.812	186.838	186.773	186.777	1447	0	0
2026.04.22	15:30:00	186.777	186.842	186.764	186.832	1743	0	0
2026.04.22	15:45:00	186.832	186.915	186.816	186.895	1375	0	0
2026.04.22	16:00:00	186.895	186.895	186.827	186.838	1864	0	0
2026.04.22	16:15:00	186.838	186.913	186.818	186.855	2382	0	0
2026.04.22	16:30:00	186.855	186.885	186.730	186.872	2615	0	0
2026.04.22	16:45:00	186.872	186.893	186.825	186.887	2102	0	0
2026.04.22	17:00:00	186.887	186.894	186.803	186.806	1769	0	0
2026.04.22	17:15:00	186.806	186.854	186.780	186.806	1849	0	0
2026.04.22	17:30:00	186.806	186.833	186.771	186.795	2172	0	0
2026.04.22	17:45:00	186.795	186.844	186.764	186.785	2287	0	0
2026.04.22	18:00:00	186.786	186.821	186.754	186.818	2084	0	0
2026.04.22	18:15:00	186.818	186.855	186.800	186.841	1342	0	0
2026.04.22	18:30:00	186.841	186.910	186.825	186.830	1868	0	0
2026.04.22	18:45:00	186.830	186.848	186.798	186.824	1555	0	1
2026.04.22	19:00:00	186.827	186.831	186.787	186.815	1189	0	0
2026.04.22	19:15:00	186.815	186.832	186.786	186.807	986	0	0
2026.04.22	19:30:00	186.807	186.829	186.785	186.820	929	0	0
2026.04.22	19:45:00	186.821	186.848	186.804	186.827	998	0	0
2026.04.22	20:00:00	186.827	186.834	186.788	186.814	1443	0	0
2026.04.22	20:15:00	186.814	186.836	186.804	186.815	965	0	0
2026.04.22	20:30:00	186.815	186.825	186.789	186.809	814	0	2
2026.04.22	20:45:00	186.809	186.809	186.713	186.713	976	0	0
2026.04.22	21:00:00	186.713	186.772	186.700	186.728	832	0	0
2026.04.22	21:15:00	186.728	186.736	186.703	186.722	809	0	2
2026.04.22	21:30:00	186.722	186.737	186.705	186.735	894	0	1
2026.04.22	21:45:00	186.735	186.762	186.730	186.737	782	0	2
2026.04.22	22:00:00	186.737	186.751	186.709	186.749	1011	0	0
2026.04.22	22:15:00	186.749	186.758	186.720	186.741	588	0	1
2026.04.22	22:30:00	186.741	186.745	186.715	186.731	579	0	2
2026.04.22	22:45:00	186.731	186.763	186.725	186.761	800	0	1
2026.04.22	23:00:00	186.756	186.768	186.738	186.755	766	0	5
2026.04.22	23:15:00	186.755	186.757	186.699	186.713	577	0	10
2026.04.22	23:30:00	186.713	186.721	186.691	186.698	749	0	9
2026.04.22	23:45:00	186.698	186.727	186.659	186.659	1004	0	11
2026.04.23	00:00:00	186.556	186.695	186.540	186.622	67	0	57
2026.04.23	00:15:00	186.622	186.628	186.553	186.620	34	0	81
2026.04.23	00:30:00	186.620	186.624	186.546	186.552	37	0	57
2026.04.23	00:45:00	186.552	186.675	186.514	186.669	348	0	69
2026.04.23	01:00:00	186.669	186.689	186.641	186.665	296	0	10
2026.04.23	01:15:00	186.665	186.698	186.659	186.694	220	0	7
2026.04.23	01:30:00	186.696	186.698	186.683	186.684	106	0	10
2026.04.23	01:45:00	186.684	186.705	186.679	186.687	170	0	10
2026.04.23	02:00:00	186.687	186.697	186.659	186.664	398	0	5
2026.04.23	02:15:00	186.665	186.670	186.643	186.669	270	0	4
2026.04.23	02:30:00	186.669	186.707	186.669	186.689	300	0	0
2026.04.23	02:45:00	186.689	186.705	186.665	186.688	1099	0	0
2026.04.23	03:00:00	186.688	186.730	186.666	186.693	2247	0	1
2026.04.23	03:15:00	186.693	186.750	186.642	186.676	3921	0	0
2026.04.23	03:30:00	186.676	186.718	186.651	186.663	1932	0	0
2026.04.23	03:45:00	186.663	186.687	186.562	186.599	1994	0	5
2026.04.23	04:00:00	186.598	186.649	186.577	186.606	1842	0	1
2026.04.23	04:15:00	186.606	186.652	186.595	186.634	1348	0	0
2026.04.23	04:30:00	186.634	186.675	186.618	186.622	1509	0	1
2026.04.23	04:45:00	186.622	186.638	186.592	186.618	1361	0	2
2026.04.23	05:00:00	186.618	186.681	186.613	186.656	1380	0	3
2026.04.23	05:15:00	186.656	186.698	186.651	186.686	1466	0	3
2026.04.23	05:30:00	186.686	186.692	186.660	186.687	884	0	3
2026.04.23	05:45:00	186.687	186.698	186.611	186.612	1096	0	4
2026.04.23	06:00:00	186.612	186.641	186.585	186.599	1421	0	4
2026.04.23	06:15:00	186.599	186.623	186.572	186.607	1086	0	4
2026.04.23	06:30:00	186.607	186.614	186.576	186.588	1161	0	1
2026.04.23	06:45:00	186.588	186.597	186.568	186.595	799	0	5
2026.04.23	07:00:00	186.595	186.652	186.593	186.648	1042	0	4
2026.04.23	07:15:00	186.648	186.670	186.606	186.613	849	0	3
2026.04.23	07:30:00	186.613	186.666	186.613	186.659	544	0	6
2026.04.23	07:45:00	186.659	186.699	186.659	186.668	763	0	7
2026.04.23	08:00:00	186.671	186.717	186.665	186.703	576	0	1
2026.04.23	08:15:00	186.703	186.759	186.703	186.744	660	0	0
2026.04.23	08:30:00	186.744	186.763	186.720	186.739	904	0	1
2026.04.23	08:45:00	186.739	186.778	186.712	186.769	905	0	0
2026.04.23	09:00:00	186.767	186.805	186.749	186.790	1071	0	0
2026.04.23	09:15:00	186.790	186.817	186.748	186.810	1129	0	0
2026.04.23	09:30:00	186.810	186.890	186.797	186.889	1000	0	0
2026.04.23	09:45:00	186.890	186.910	186.845	186.858	1359	0	0
2026.04.23	10:00:00	186.858	186.967	186.841	186.866	1954	0	0
2026.04.23	10:15:00	186.870	186.893	186.817	186.833	1468	0	0
2026.04.23	10:30:00	186.833	186.833	186.712	186.769	1703	0	0
2026.04.23	10:45:00	186.769	186.819	186.736	186.770	1481	0	0
2026.04.23	11:00:00	186.770	186.826	186.770	186.795	1505	0	0
2026.04.23	11:15:00	186.795	186.858	186.788	186.842	1057	0	0
2026.04.23	11:30:00	186.846	186.860	186.770	186.802	1586	0	0
2026.04.23	11:45:00	186.802	186.883	186.787	186.868	1197	0	0
2026.04.23	12:00:00	186.868	186.877	186.788	186.799	1534	0	0
2026.04.23	12:15:00	186.799	186.827	186.777	186.784	1374	0	0
2026.04.23	12:30:00	186.784	186.809	186.729	186.804	1160	0	0
2026.04.23	12:45:00	186.804	186.819	186.759	186.787	1404	0	0
2026.04.23	13:00:00	186.787	186.826	186.668	186.696	1493	0	0
2026.04.23	13:15:00	186.695	186.709	186.637	186.671	1280	0	0
2026.04.23	13:30:00	186.671	186.685	186.558	186.622	1464	0	0
2026.04.23	13:45:00	186.622	186.633	186.572	186.586	1866	0	0
2026.04.23	14:00:00	186.586	186.611	186.547	186.606	1373	0	0
2026.04.23	14:15:00	186.606	186.607	186.552	186.574	1118	0	0
2026.04.23	14:30:00	186.574	186.588	186.543	186.562	1409	0	0
2026.04.23	14:45:00	186.562	186.594	186.515	186.529	2576	0	0
2026.04.23	15:00:00	186.530	186.554	186.478	186.483	2574	0	0
2026.04.23	15:15:00	186.483	186.520	186.446	186.482	1791	0	0
2026.04.23	15:30:00	186.482	186.559	186.433	186.541	2074	0	0
2026.04.23	15:45:00	186.541	186.588	186.493	186.493	2688	0	0
2026.04.23	16:00:00	186.493	186.541	186.468	186.492	1753	0	0
2026.04.23	16:15:00	186.492	186.528	186.469	186.476	1729	0	0
2026.04.23	16:30:00	186.476	186.558	186.456	186.549	2158	0	0
2026.04.23	16:45:00	186.562	186.634	186.524	186.560	2242	0	0
2026.04.23	17:00:00	186.560	186.683	186.515	186.675	2338	0	0
2026.04.23	17:15:00	186.676	186.730	186.661	186.712	1945	0	0
2026.04.23	17:30:00	186.712	186.752	186.675	186.690	1629	0	0
2026.04.23	17:45:00	186.690	186.745	186.639	186.667	2403	0	0
2026.04.23	18:00:00	186.667	186.677	186.609	186.626	1868	0	0
2026.04.23	18:15:00	186.626	186.694	186.615	186.643	1824	0	0
2026.04.23	18:30:00	186.643	186.660	186.588	186.599	1498	0	0
2026.04.23	18:45:00	186.599	186.642	186.586	186.602	1802	0	0
2026.04.23	19:00:00	186.602	186.616	186.541	186.559	1497	0	0
2026.04.23	19:15:00	186.559	186.620	186.525	186.613	1307	0	0
2026.04.23	19:30:00	186.613	186.637	186.575	186.612	1152	0	0
2026.04.23	19:45:00	186.612	186.622	186.581	186.600	929	0	0
2026.04.23	20:00:00	186.600	186.608	186.550	186.585	3244	0	0
2026.04.23	20:15:00	186.585	186.647	186.577	186.629	2418	0	0
2026.04.23	20:30:00	186.629	186.663	186.537	186.552	2862	0	0
2026.04.23	20:45:00	186.551	186.620	186.520	186.571	3871	0	0
2026.04.23	21:00:00	186.571	186.593	186.544	186.568	2998	0	0
2026.04.23	21:15:00	186.568	186.594	186.564	186.575	1617	0	0
2026.04.23	21:30:00	186.575	186.594	186.563	186.583	1107	0	0
2026.04.23	21:45:00	186.583	186.601	186.552	186.595	1309	0	0
2026.04.23	22:00:00	186.595	186.614	186.576	186.604	1461	0	1
2026.04.23	22:15:00	186.604	186.628	186.596	186.622	834	0	0
2026.04.23	22:30:00	186.622	186.627	186.594	186.609	1151	0	0
2026.04.23	22:45:00	186.609	186.641	186.597	186.632	1269	0	1
2026.04.23	23:00:00	186.627	186.649	186.586	186.595	1322	0	8
2026.04.23	23:15:00	186.595	186.630	186.583	186.601	592	0	5
2026.04.23	23:30:00	186.600	186.624	186.589	186.604	771	0	9
2026.04.23	23:45:00	186.601	186.629	186.584	186.613	1166	0	10
2026.04.24	00:00:00	186.325	186.506	186.325	186.437	122	0	132
2026.04.24	00:15:00	186.463	186.570	186.428	186.474	1097	0	85
2026.04.24	00:30:00	186.474	186.590	186.474	186.533	654	0	72
2026.04.24	00:45:00	186.533	186.567	186.496	186.532	411	0	79
2026.04.24	01:00:00	186.532	186.647	186.510	186.609	359	0	0
2026.04.24	01:15:00	186.609	186.610	186.573	186.594	181	0	12
2026.04.24	01:30:00	186.596	186.647	186.596	186.629	171	0	8
2026.04.24	01:45:00	186.629	186.649	186.618	186.627	167	0	11
2026.04.24	02:00:00	186.627	186.638	186.594	186.604	563	0	0
2026.04.24	02:15:00	186.604	186.629	186.604	186.617	324	0	3
2026.04.24	02:30:00	186.617	186.677	186.613	186.677	286	0	4
2026.04.24	02:45:00	186.677	186.683	186.633	186.648	1228	0	4
2026.04.24	03:00:00	186.648	186.713	186.631	186.681	1538	0	2
2026.04.24	03:15:00	186.681	186.709	186.640	186.645	997	0	4
2026.04.24	03:30:00	186.645	186.684	186.620	186.668	1058	0	3
2026.04.24	03:45:00	186.668	186.724	186.648	186.721	1730	0	0
2026.04.24	04:00:00	186.721	186.730	186.689	186.721	1152	0	5
2026.04.24	04:15:00	186.721	186.736	186.703	186.709	746	0	5
2026.04.24	04:30:00	186.709	186.739	186.671	186.701	1316	0	4
2026.04.24	04:45:00	186.700	186.737	186.696	186.730	731	0	4
2026.04.24	05:00:00	186.730	186.750	186.682	186.684	959	0	6
2026.04.24	05:15:00	186.684	186.690	186.638	186.639	647	0	5
2026.04.24	05:30:00	186.639	186.659	186.611	186.615	718	0	3
2026.04.24	05:45:00	186.615	186.615	186.580	186.594	560	0	3
2026.04.24	06:00:00	186.594	186.625	186.590	186.624	822	0	6
2026.04.24	06:15:00	186.624	186.632	186.590	186.600	727	0	6
2026.04.24	06:30:00	186.599	186.619	186.575	186.604	863	0	5
2026.04.24	06:45:00	186.604	186.626	186.600	186.604	781	0	7
2026.04.24	07:00:00	186.604	186.624	186.579	186.612	813	0	6
2026.04.24	07:15:00	186.612	186.614	186.569	186.585	564	0	5
2026.04.24	07:30:00	186.585	186.593	186.540	186.548	651	0	5
2026.04.24	07:45:00	186.548	186.605	186.548	186.603	697	0	6
2026.04.24	08:00:00	186.607	186.626	186.585	186.613	627	0	2
2026.04.24	08:15:00	186.613	186.642	186.613	186.627	514	0	2
2026.04.24	08:30:00	186.627	186.650	186.613	186.636	756	0	0
2026.04.24	08:45:00	186.636	186.654	186.629	186.645	596	0	1
2026.04.24	09:00:00	186.645	186.651	186.579	186.593	1012	0	0
2026.04.24	09:15:00	186.593	186.627	186.573	186.627	908	0	2
2026.04.24	09:30:00	186.627	186.634	186.468	186.497	1394	0	0
2026.04.24	09:45:00	186.497	186.546	186.467	186.492	1468	0	0
2026.04.24	10:00:00	186.492	186.504	186.440	186.470	1272	0	0
2026.04.24	10:15:00	186.470	186.541	186.469	186.522	991	0	0
2026.04.24	10:30:00	186.522	186.563	186.488	186.560	971	0	0
2026.04.24	10:45:00	186.560	186.704	186.559	186.671	1261	0	0
2026.04.24	11:00:00	186.669	186.691	186.593	186.663	1527	0	0
2026.04.24	11:15:00	186.663	186.756	186.662	186.756	2098	0	0
2026.04.24	11:30:00	186.756	186.764	186.675	186.706	1421	0	0
2026.04.24	11:45:00	186.706	186.726	186.684	186.712	1362	0	0
2026.04.24	12:00:00	186.712	186.719	186.656	186.664	1019	0	0
2026.04.24	12:15:00	186.664	186.683	186.639	186.665	1213	0	1
2026.04.24	12:30:00	186.665	186.719	186.662	186.707	806	0	0
2026.04.24	12:45:00	186.707	186.711	186.669	186.686	669	0	1
2026.04.24	13:00:00	186.686	186.754	186.677	186.731	917	0	0
2026.04.24	13:15:00	186.732	186.807	186.725	186.805	875	0	0
2026.04.24	13:30:00	186.805	186.859	186.779	186.844	1009	0	0
2026.04.24	13:45:00	186.844	186.864	186.810	186.844	1016	0	0
2026.04.24	14:00:00	186.844	186.880	186.748	186.762	2830	0	0
2026.04.24	14:15:00	186.762	186.791	186.708	186.724	2990	0	0
2026.04.24	14:30:00	186.724	186.786	186.687	186.783	2306	0	0
2026.04.24	14:45:00	186.783	186.851	186.762	186.762	1803	0	1
2026.04.24	15:00:00	186.762	186.776	186.711	186.762	1663	0	0
2026.04.24	15:15:00	186.762	186.823	186.740	186.799	1564	0	0
2026.04.24	15:30:00	186.799	186.825	186.785	186.825	1408	0	1
2026.04.24	15:45:00	186.825	186.849	186.781	186.814	1896	0	0
2026.04.24	16:00:00	186.815	186.818	186.746	186.750	1686	0	0
2026.04.24	16:15:00	186.750	186.820	186.749	186.780	1838	0	0
2026.04.24	16:30:00	186.781	186.802	186.737	186.796	2128	0	0
2026.04.24	16:45:00	186.796	186.853	186.784	186.836	1927	0	0
2026.04.24	17:00:00	186.835	186.855	186.740	186.753	2946	0	0
2026.04.24	17:15:00	186.753	186.770	186.691	186.746	2265	0	0
2026.04.24	17:30:00	186.746	186.773	186.715	186.733	2150	0	0
2026.04.24	17:45:00	186.735	186.761	186.677	186.730	2184	0	0
2026.04.24	18:00:00	186.730	186.788	186.706	186.748	1717	0	0
2026.04.24	18:15:00	186.748	186.774	186.692	186.752	1588	0	0
2026.04.24	18:30:00	186.752	186.766	186.688	186.695	1764	0	0
2026.04.24	18:45:00	186.695	186.750	186.693	186.729	2711	0	0
2026.04.24	19:00:00	186.728	186.749	186.696	186.740	1642	0	0
2026.04.24	19:15:00	186.740	186.770	186.687	186.705	1124	0	0
2026.04.24	19:30:00	186.705	186.770	186.700	186.742	1164	0	0
2026.04.24	19:45:00	186.742	186.769	186.731	186.750	994	0	2
2026.04.24	20:00:00	186.750	186.771	186.719	186.765	1102	0	0
2026.04.24	20:15:00	186.765	186.767	186.728	186.752	930	0	2
2026.04.24	20:30:00	186.752	186.753	186.710	186.729	1113	0	0
2026.04.24	20:45:00	186.729	186.744	186.709	186.730	1003	0	1
2026.04.24	21:00:00	186.730	186.774	186.725	186.773	775	0	1
2026.04.24	21:15:00	186.773	186.779	186.741	186.753	837	0	0
2026.04.24	21:30:00	186.753	186.816	186.750	186.791	915	0	0
2026.04.24	21:45:00	186.791	186.828	186.783	186.810	789	0	0
2026.04.24	22:00:00	186.811	186.840	186.795	186.805	860	0	0
2026.04.24	22:15:00	186.805	186.822	186.797	186.811	560	0	2
2026.04.24	22:30:00	186.810	186.816	186.781	186.782	673	0	1
2026.04.24	22:45:00	186.782	186.824	186.774	186.818	971	0	0
2026.04.24	23:00:00	186.813	186.822	186.787	186.811	728	0	9
2026.04.24	23:15:00	186.812	186.825	186.781	186.801	461	0	7
2026.04.24	23:30:00	186.800	186.827	186.787	186.826	816	0	8
2026.04.24	23:45:00	186.826	186.836	186.698	186.795	1417	0	0
2026.04.27	00:00:00	186.625	186.696	186.605	186.656	238	0	0
2026.04.27	00:15:00	186.656	186.699	186.599	186.647	172	0	68
2026.04.27	00:30:00	186.647	186.780	186.646	186.774	202	0	54
2026.04.27	00:45:00	186.774	186.823	186.753	186.755	268	0	47
2026.04.27	01:00:00	186.755	186.829	186.754	186.801	627	0	8
2026.04.27	01:15:00	186.801	186.806	186.777	186.798	359	0	7
2026.04.27	01:30:00	186.798	186.839	186.786	186.833	340	0	8
2026.04.27	01:45:00	186.833	186.846	186.800	186.802	299	0	10
2026.04.27	02:00:00	186.802	186.809	186.769	186.792	656	0	6
2026.04.27	02:15:00	186.792	186.812	186.786	186.809	501	0	7
2026.04.27	02:30:00	186.809	186.820	186.795	186.796	592	0	8
2026.04.27	02:45:00	186.795	186.837	186.795	186.806	862	0	4
2026.04.27	03:00:00	186.806	186.819	186.773	186.800	1196	0	3
2026.04.27	03:15:00	186.800	186.825	186.768	186.817	845	0	6
2026.04.27	03:30:00	186.817	186.842	186.803	186.815	821	0	4
2026.04.27	03:45:00	186.815	186.869	186.796	186.852	1431	0	3
2026.04.27	04:00:00	186.852	186.890	186.788	186.798	2644	0	0
2026.04.27	04:15:00	186.798	186.858	186.797	186.838	1758	0	3
2026.04.27	04:30:00	186.838	186.875	186.830	186.850	1015	0	1
2026.04.27	04:45:00	186.850	186.851	186.753	186.808	1198	0	2
2026.04.27	05:00:00	186.808	186.823	186.760	186.803	1193	0	3
2026.04.27	05:15:00	186.803	186.841	186.790	186.813	888	0	1
2026.04.27	05:30:00	186.813	186.820	186.786	186.817	913	0	4
2026.04.27	05:45:00	186.817	186.828	186.792	186.810	965	0	3
2026.04.27	06:00:00	186.809	186.826	186.784	186.801	1089	0	5
2026.04.27	06:15:00	186.801	186.827	186.791	186.827	775	0	7
2026.04.27	06:30:00	186.827	186.831	186.769	186.781	852	0	5
2026.04.27	06:45:00	186.781	186.793	186.750	186.772	975	0	0
2026.04.27	07:00:00	186.772	186.772	186.732	186.747	714	0	0
2026.04.27	07:15:00	186.746	186.754	186.695	186.714	765	0	5
2026.04.27	07:30:00	186.714	186.756	186.711	186.747	763	0	3
2026.04.27	07:45:00	186.747	186.756	186.711	186.737	957	0	5
2026.04.27	08:00:00	186.740	186.772	186.729	186.738	1314	0	0
2026.04.27	08:15:00	186.738	186.789	186.738	186.779	1241	0	2
2026.04.27	08:30:00	186.780	186.844	186.771	186.839	1330	0	1
2026.04.27	08:45:00	186.839	186.896	186.818	186.881	1069	0	1
2026.04.27	09:00:00	186.881	186.908	186.850	186.860	1840	0	0
2026.04.27	09:15:00	186.859	186.894	186.805	186.810	1261	0	0
2026.04.27	09:30:00	186.810	186.845	186.774	186.780	1178	0	0
2026.04.27	09:45:00	186.780	186.826	186.773	186.821	1052	0	0
2026.04.27	10:00:00	186.821	186.895	186.797	186.888	1502	0	0
2026.04.27	10:15:00	186.888	186.909	186.809	186.814	1337	0	0
2026.04.27	10:30:00	186.814	186.834	186.762	186.824	1203	0	1
2026.04.27	10:45:00	186.824	187.014	186.819	187.005	1667	0	0
2026.04.27	11:00:00	187.005	187.029	186.937	186.939	2111	0	0
2026.04.27	11:15:00	186.939	186.976	186.909	186.945	1529	0	1
2026.04.27	11:30:00	186.945	186.955	186.894	186.948	1305	0	0
2026.04.27	11:45:00	186.948	187.007	186.947	186.985	1243	0	0
2026.04.27	12:00:00	186.985	186.995	186.937	186.939	1155	0	0
2026.04.27	12:15:00	186.939	186.952	186.904	186.932	942	0	0
2026.04.27	12:30:00	186.932	186.940	186.904	186.937	808	0	0
2026.04.27	12:45:00	186.937	187.005	186.932	186.974	1201	0	0
2026.04.27	13:00:00	186.974	187.003	186.934	186.971	1166	0	0
2026.04.27	13:15:00	186.972	186.984	186.922	186.960	1056	0	0
2026.04.27	13:30:00	186.960	186.963	186.901	186.901	908	0	0
2026.04.27	13:45:00	186.901	186.969	186.885	186.948	1010	0	0
2026.04.27	14:00:00	186.948	186.962	186.861	186.887	938	0	0
2026.04.27	14:15:00	186.887	186.922	186.886	186.895	1007	0	0
2026.04.27	14:30:00	186.895	186.907	186.862	186.883	859	0	2
2026.04.27	14:45:00	186.883	186.929	186.868	186.925	894	0	2
2026.04.27	15:00:00	186.925	187.067	186.911	187.063	1595	0	1
2026.04.27	15:15:00	187.063	187.082	186.940	186.967	1655	0	0
2026.04.27	15:30:00	186.967	187.008	186.941	186.990	1426	0	0
2026.04.27	15:45:00	186.990	187.019	186.966	187.015	1448	0	0
2026.04.27	16:00:00	187.015	187.109	186.997	187.072	2111	0	0
2026.04.27	16:15:00	187.072	187.095	187.014	187.014	1460	0	0
2026.04.27	16:30:00	187.016	187.064	187.003	187.006	1776	0	0
2026.04.27	16:45:00	187.006	187.020	186.941	186.980	1982	0	0
2026.04.27	17:00:00	186.980	186.996	186.931	186.950	1755	0	0
2026.04.27	17:15:00	186.950	186.986	186.926	186.927	1266	0	1
2026.04.27	17:30:00	186.927	186.947	186.872	186.901	1818	0	0
2026.04.27	17:45:00	186.901	186.954	186.804	186.868	2133	0	0
2026.04.27	18:00:00	186.868	186.903	186.837	186.863	1677	0	0
2026.04.27	18:15:00	186.863	186.889	186.841	186.878	1492	0	0
2026.04.27	18:30:00	186.878	186.916	186.868	186.901	1372	0	0
2026.04.27	18:45:00	186.901	186.918	186.855	186.876	1105	0	0
2026.04.27	19:00:00	186.876	186.921	186.857	186.891	1096	0	0
2026.04.27	19:15:00	186.891	186.922	186.878	186.889	874	0	0
2026.04.27	19:30:00	186.889	186.949	186.887	186.949	831	0	0
2026.04.27	19:45:00	186.949	186.965	186.892	186.906	977	0	1
2026.04.27	20:00:00	186.906	186.931	186.875	186.912	1011	0	1
2026.04.27	20:15:00	186.912	186.921	186.876	186.902	1264	0	0
2026.04.27	20:30:00	186.902	186.931	186.870	186.877	1008	0	0
2026.04.27	20:45:00	186.877	186.880	186.851	186.862	730	0	1
2026.04.27	21:00:00	186.862	186.894	186.859	186.894	759	0	0
2026.04.27	21:15:00	186.893	186.903	186.866	186.870	662	0	0
2026.04.27	21:30:00	186.870	186.882	186.860	186.869	702	0	0
2026.04.27	21:45:00	186.869	186.882	186.848	186.880	647	0	1
2026.04.27	22:00:00	186.880	186.896	186.858	186.889	601	0	0
2026.04.27	22:15:00	186.889	186.897	186.871	186.884	612	0	0
2026.04.27	22:30:00	186.884	186.897	186.862	186.896	539	0	0
2026.04.27	22:45:00	186.896	186.903	186.853	186.861	771	0	2
2026.04.27	23:00:00	186.858	186.876	186.848	186.862	437	0	7
2026.04.27	23:15:00	186.862	186.863	186.842	186.854	308	0	7
2026.04.27	23:30:00	186.852	186.888	186.852	186.886	416	0	9
2026.04.27	23:45:00	186.885	186.885	186.824	186.845	878	0	12
2026.04.28	00:00:00	186.749	186.806	186.697	186.806	72	0	124
2026.04.28	00:15:00	186.806	186.815	186.733	186.733	92	0	59
2026.04.28	00:30:00	186.733	186.769	186.728	186.764	224	0	167
2026.04.28	00:45:00	186.764	186.789	186.742	186.749	725	0	124
2026.04.28	01:00:00	186.749	186.863	186.743	186.843	532	0	0
2026.04.28	01:15:00	186.843	186.846	186.809	186.837	431	0	1
2026.04.28	01:30:00	186.837	186.848	186.827	186.845	244	0	2
2026.04.28	01:45:00	186.845	186.849	186.829	186.830	247	0	5
2026.04.28	02:00:00	186.830	186.844	186.801	186.814	481	0	0
2026.04.28	02:15:00	186.814	186.877	186.813	186.846	456	0	0
2026.04.28	02:30:00	186.845	186.864	186.820	186.838	291	0	4
2026.04.28	02:45:00	186.838	186.839	186.767	186.790	306	0	2
2026.04.28	03:00:00	186.790	186.812	186.753	186.791	979	0	0
2026.04.28	03:15:00	186.791	186.816	186.739	186.746	1020	0	0
2026.04.28	03:30:00	186.747	186.806	186.744	186.787	779	0	0
2026.04.28	03:45:00	186.787	186.854	186.774	186.842	1164	0	0
2026.04.28	04:00:00	186.842	186.877	186.787	186.819	1152	0	0
2026.04.28	04:15:00	186.819	186.848	186.804	186.820	994	0	0
2026.04.28	04:30:00	186.820	186.868	186.806	186.808	897	0	0
2026.04.28	04:45:00	186.807	186.849	186.795	186.845	963	0	0
2026.04.28	05:00:00	186.845	186.860	186.784	186.785	827	0	0
2026.04.28	05:15:00	186.785	186.827	186.784	186.791	742	0	0
2026.04.28	05:30:00	186.791	186.808	186.765	186.768	896	0	0
2026.04.28	05:45:00	186.768	186.768	186.730	186.737	687	0	0
2026.04.28	06:00:00	186.737	186.800	186.411	186.456	2888	0	0
2026.04.28	06:15:00	186.456	186.542	186.414	186.414	1712	0	0
2026.04.28	06:30:00	186.414	186.416	186.246	186.363	1684	0	0
2026.04.28	06:45:00	186.363	186.372	186.277	186.297	849	0	0
2026.04.28	07:00:00	186.297	186.299	186.210	186.254	1227	0	0
2026.04.28	07:15:00	186.254	186.298	186.244	186.278	923	0	0
2026.04.28	07:30:00	186.278	186.312	186.218	186.220	740	0	0
2026.04.28	07:45:00	186.221	186.295	186.203	186.289	911	0	0
2026.04.28	08:00:00	186.293	186.347	186.268	186.310	1178	0	0
2026.04.28	08:15:00	186.310	186.319	186.263	186.284	889	0	0
2026.04.28	08:30:00	186.284	186.321	186.275	186.315	1386	0	0
2026.04.28	08:45:00	186.315	186.350	186.276	186.329	941	0	0
2026.04.28	09:00:00	186.329	186.343	186.256	186.307	2443	0	0
2026.04.28	09:15:00	186.307	186.345	186.268	186.300	2290	0	0
2026.04.28	09:30:00	186.300	186.316	186.070	186.248	2512	0	0
2026.04.28	09:45:00	186.248	186.322	186.179	186.213	2878	0	0
2026.04.28	10:00:00	186.214	186.386	186.166	186.386	3467	0	0
2026.04.28	10:15:00	186.386	186.465	186.359	186.416	2829	0	0
2026.04.28	10:30:00	186.416	186.480	186.337	186.417	2097	0	0
2026.04.28	10:45:00	186.417	186.610	186.415	186.571	2286	0	0
2026.04.28	11:00:00	186.571	186.820	186.571	186.715	3725	0	0
2026.04.28	11:15:00	186.715	186.769	186.694	186.696	2796	0	0
2026.04.28	11:30:00	186.696	186.696	186.605	186.612	2464	0	0
2026.04.28	11:45:00	186.612	186.669	186.588	186.590	1370	0	0
2026.04.28	12:00:00	186.590	186.638	186.484	186.593	2089	0	0
2026.04.28	12:15:00	186.593	186.595	186.476	186.505	1916	0	0
2026.04.28	12:30:00	186.505	186.541	186.465	186.520	1456	0	0
2026.04.28	12:45:00	186.520	186.590	186.508	186.545	2163	0	0
2026.04.28	13:00:00	186.545	186.557	186.511	186.534	1619	0	0
2026.04.28	13:15:00	186.536	186.622	186.524	186.607	1886	0	0
2026.04.28	13:30:00	186.607	186.647	186.591	186.617	2026	0	0
2026.04.28	13:45:00	186.615	186.649	186.591	186.633	2717	0	0
2026.04.28	14:00:00	186.633	186.747	186.628	186.730	1880	0	0
2026.04.28	14:15:00	186.730	186.778	186.716	186.728	2394	0	0
2026.04.28	14:30:00	186.728	186.742	186.677	186.711	1999	0	0
2026.04.28	14:45:00	186.711	186.719	186.608	186.612	2815	0	0
2026.04.28	15:00:00	186.612	186.624	186.527	186.583	3239	0	0
2026.04.28	15:15:00	186.583	186.614	186.525	186.595	4460	0	0
2026.04.28	15:30:00	186.595	186.676	186.558	186.584	2023	0	0
2026.04.28	15:45:00	186.584	186.598	186.445	186.490	2244	0	0
2026.04.28	16:00:00	186.490	186.573	186.458	186.563	2596	0	0
2026.04.28	16:15:00	186.563	186.574	186.497	186.512	2323	0	0
2026.04.28	16:30:00	186.511	186.679	186.472	186.598	3771	0	0
2026.04.28	16:45:00	186.598	186.644	186.545	186.553	2091	0	0
2026.04.28	17:00:00	186.555	186.643	186.529	186.642	2903	0	0
2026.04.28	17:15:00	186.642	186.705	186.625	186.675	2106	0	0
2026.04.28	17:30:00	186.676	186.738	186.672	186.734	2900	0	0
2026.04.28	17:45:00	186.736	186.858	186.727	186.856	4577	0	0
2026.04.28	18:00:00	186.858	186.901	186.833	186.846	3525	0	0
2026.04.28	18:15:00	186.846	186.892	186.810	186.858	2806	0	0
2026.04.28	18:30:00	186.856	186.918	186.837	186.854	2301	0	0
2026.04.28	18:45:00	186.854	186.868	186.809	186.849	1927	0	0
2026.04.28	19:00:00	186.852	186.887	186.808	186.813	1831	0	0
2026.04.28	19:15:00	186.813	186.826	186.782	186.787	2607	0	0
2026.04.28	19:30:00	186.787	186.830	186.778	186.804	1384	0	0
2026.04.28	19:45:00	186.804	186.827	186.784	186.823	1359	0	0
2026.04.28	20:00:00	186.823	186.840	186.800	186.839	1297	0	0
2026.04.28	20:15:00	186.839	186.848	186.820	186.838	1074	0	0
2026.04.28	20:30:00	186.838	186.865	186.828	186.846	1203	0	0
2026.04.28	20:45:00	186.846	186.883	186.845	186.852	1129	0	0
2026.04.28	21:00:00	186.852	186.895	186.842	186.864	909	0	0
2026.04.28	21:15:00	186.864	186.887	186.854	186.872	1176	0	0
2026.04.28	21:30:00	186.872	186.911	186.867	186.906	1206	0	0
2026.04.28	21:45:00	186.906	186.948	186.896	186.913	1299	0	0
2026.04.28	22:00:00	186.911	186.928	186.867	186.894	1128	0	0
2026.04.28	22:15:00	186.894	186.921	186.886	186.908	1526	0	0
2026.04.28	22:30:00	186.908	186.919	186.893	186.900	1315	0	0
2026.04.28	22:45:00	186.900	186.934	186.895	186.925	1264	0	0
2026.04.28	23:00:00	186.920	186.932	186.886	186.888	522	0	0
2026.04.28	23:15:00	186.888	186.934	186.888	186.921	271	0	0
2026.04.28	23:30:00	186.922	186.939	186.910	186.936	477	0	0
2026.04.28	23:45:00	186.936	186.939	186.894	186.905	510	0	4
2026.04.29	00:00:00	186.733	186.822	186.678	186.771	87	0	111
2026.04.29	00:15:00	186.762	186.867	186.762	186.857	96	0	125
2026.04.29	00:30:00	186.856	186.889	186.843	186.844	242	0	93
2026.04.29	00:45:00	186.845	186.873	186.793	186.808	318	0	80
2026.04.29	01:00:00	186.807	186.931	186.807	186.908	518	0	1
2026.04.29	01:15:00	186.908	186.919	186.884	186.888	262	0	7
2026.04.29	01:30:00	186.887	186.896	186.871	186.877	178	0	3
2026.04.29	01:45:00	186.878	186.894	186.874	186.874	162	0	6
2026.04.29	02:00:00	186.874	186.894	186.854	186.878	242	0	0
2026.04.29	02:15:00	186.878	186.881	186.850	186.866	268	0	0
2026.04.29	02:30:00	186.866	186.900	186.866	186.894	109	0	0
2026.04.29	02:45:00	186.894	186.907	186.880	186.890	219	0	0
2026.04.29	03:00:00	186.890	186.925	186.882	186.900	883	0	0
2026.04.29	03:15:00	186.900	186.907	186.873	186.876	574	0	0
2026.04.29	03:30:00	186.876	186.881	186.860	186.873	461	0	0
2026.04.29	03:45:00	186.873	186.874	186.827	186.848	993	0	0
2026.04.29	04:00:00	186.848	186.862	186.820	186.828	1929	0	0
2026.04.29	04:15:00	186.828	186.866	186.822	186.866	923	0	0
2026.04.29	04:30:00	186.866	186.901	186.838	186.877	1436	0	0
2026.04.29	04:45:00	186.876	186.885	186.837	186.865	1069	0	0
2026.04.29	05:00:00	186.865	186.904	186.862	186.889	939	0	0
2026.04.29	05:15:00	186.889	186.899	186.858	186.866	758	0	0
2026.04.29	05:30:00	186.866	186.870	186.802	186.813	698	0	0
2026.04.29	05:45:00	186.813	186.842	186.801	186.807	564	0	0
2026.04.29	06:00:00	186.807	186.835	186.807	186.820	632	0	0
2026.04.29	06:15:00	186.820	186.833	186.802	186.826	608	0	0
2026.04.29	06:30:00	186.826	186.839	186.794	186.796	503	0	0
2026.04.29	06:45:00	186.796	186.807	186.767	186.773	562	0	0
2026.04.29	07:00:00	186.773	186.808	186.772	186.802	711	0	0
2026.04.29	07:15:00	186.802	186.812	186.790	186.804	434	0	0
2026.04.29	07:30:00	186.804	186.823	186.787	186.787	667	0	0
2026.04.29	07:45:00	186.787	186.802	186.768	186.789	288	0	0
2026.04.29	08:00:00	186.790	186.824	186.783	186.798	606	0	0
2026.04.29	08:15:00	186.798	186.799	186.754	186.756	751	0	0
2026.04.29	08:30:00	186.756	186.786	186.723	186.756	1119	0	0
2026.04.29	08:45:00	186.756	186.809	186.743	186.801	1726	0	0
2026.04.29	09:00:00	186.801	186.835	186.771	186.776	1842	0	0
2026.04.29	09:15:00	186.776	186.801	186.760	186.781	1487	0	0
2026.04.29	09:30:00	186.780	186.802	186.752	186.777	1561	0	0
2026.04.29	09:45:00	186.777	186.791	186.680	186.725	1853	0	0
2026.04.29	10:00:00	186.725	186.829	186.700	186.806	2863	0	0
2026.04.29	10:15:00	186.806	186.863	186.788	186.796	1571	0	0
2026.04.29	10:30:00	186.795	186.850	186.767	186.844	1854	0	0
2026.04.29	10:45:00	186.843	186.873	186.825	186.836	1213	0	0
2026.04.29	11:00:00	186.835	186.835	186.699	186.738	2774	0	0
2026.04.29	11:15:00	186.738	186.857	186.733	186.815	2247	0	0
2026.04.29	11:30:00	186.815	186.845	186.800	186.843	1513	0	0
2026.04.29	11:45:00	186.843	186.886	186.831	186.880	1318	0	0
2026.04.29	12:00:00	186.880	186.902	186.846	186.852	1400	0	0
2026.04.29	12:15:00	186.852	186.923	186.834	186.912	1253	0	0
2026.04.29	12:30:00	186.912	186.965	186.888	186.908	1293	0	0
2026.04.29	12:45:00	186.908	186.947	186.879	186.896	1985	0	0
2026.04.29	13:00:00	186.896	186.943	186.881	186.910	1443	0	0
2026.04.29	13:15:00	186.910	186.914	186.867	186.899	1091	0	0
2026.04.29	13:30:00	186.900	186.911	186.852	186.894	951	0	0
2026.04.29	13:45:00	186.894	186.994	186.891	186.992	1736	0	0
2026.04.29	14:00:00	186.993	187.030	186.956	186.996	2228	0	0
2026.04.29	14:15:00	186.996	187.041	186.980	187.026	1035	0	0
2026.04.29	14:30:00	187.026	187.042	187.001	187.014	1383	0	0
2026.04.29	14:45:00	187.014	187.025	186.952	186.965	1807	0	0
2026.04.29	15:00:00	186.965	187.054	186.948	187.022	2215	0	0
2026.04.29	15:15:00	187.024	187.063	186.984	187.016	1998	0	0
2026.04.29	15:30:00	187.016	187.087	186.997	187.041	2330	0	0
2026.04.29	15:45:00	187.041	187.085	186.976	187.085	2641	0	0
2026.04.29	16:00:00	187.085	187.134	187.075	187.090	2577	0	0
2026.04.29	16:15:00	187.090	187.090	187.014	187.065	3260	0	0
2026.04.29	16:30:00	187.064	187.098	186.986	187.073	3015	0	0
2026.04.29	16:45:00	187.073	187.168	187.066	187.165	2649	0	0
2026.04.29	17:00:00	187.165	187.170	187.086	187.088	3072	0	0
2026.04.29	17:15:00	187.088	187.140	187.077	187.111	2258	0	0
2026.04.29	17:30:00	187.111	187.194	187.104	187.184	3154	0	0
2026.04.29	17:45:00	187.183	187.273	187.133	187.263	2846	0	0
2026.04.29	18:00:00	187.264	187.304	187.231	187.274	2719	0	0
2026.04.29	18:15:00	187.274	187.300	187.247	187.273	2106	0	0
2026.04.29	18:30:00	187.273	187.366	187.267	187.346	2333	0	0
2026.04.29	18:45:00	187.346	187.415	187.252	187.320	3369	0	0
2026.04.29	19:00:00	187.320	187.326	187.253	187.288	2567	0	0
2026.04.29	19:15:00	187.287	187.292	187.233	187.266	3025	0	0
2026.04.29	19:30:00	187.266	187.277	187.217	187.250	3000	0	0
2026.04.29	19:45:00	187.250	187.275	187.222	187.245	1366	0	0
2026.04.29	20:00:00	187.246	187.253	187.213	187.224	2288	0	0
2026.04.29	20:15:00	187.224	187.258	187.212	187.217	2166	0	0
2026.04.29	20:30:00	187.217	187.217	187.172	187.198	2752	0	0
2026.04.29	20:45:00	187.198	187.264	187.163	187.173	1781	0	0
2026.04.29	21:00:00	187.173	187.216	187.127	187.145	3205	0	0
2026.04.29	21:15:00	187.145	187.167	187.077	187.080	3000	0	0
2026.04.29	21:30:00	187.081	187.125	187.032	187.036	3912	0	0
2026.04.29	21:45:00	187.035	187.141	187.006	187.094	3706	0	0
2026.04.29	22:00:00	187.094	187.122	187.049	187.116	3855	0	0
2026.04.29	22:15:00	187.115	187.163	187.115	187.143	2053	0	0
2026.04.29	22:30:00	187.143	187.188	187.110	187.178	2311	0	0
2026.04.29	22:45:00	187.178	187.226	187.142	187.198	2021	0	0
2026.04.29	23:00:00	187.194	187.232	187.165	187.174	1522	0	0
2026.04.29	23:15:00	187.174	187.213	187.149	187.210	1027	0	0
2026.04.29	23:30:00	187.210	187.231	187.185	187.221	1048	0	0
2026.04.29	23:45:00	187.219	187.247	187.200	187.226	1202	0	0
2026.04.30	00:00:00	187.080	187.292	187.080	187.214	216	0	117
2026.04.30	00:15:00	187.214	187.215	187.103	187.180	139	0	95
2026.04.30	00:30:00	187.180	187.198	187.121	187.134	1411	0	84
2026.04.30	00:45:00	187.134	187.236	187.091	187.211	1309	0	88
2026.04.30	01:00:00	187.211	187.299	187.211	187.235	855	0	6
2026.04.30	01:15:00	187.234	187.259	187.220	187.256	593	0	9
2026.04.30	01:30:00	187.256	187.275	187.254	187.266	401	0	8
2026.04.30	01:45:00	187.266	187.281	187.235	187.239	306	0	7
2026.04.30	02:00:00	187.239	187.256	187.191	187.197	957	0	6
2026.04.30	02:15:00	187.197	187.216	187.179	187.196	703	0	7
2026.04.30	02:30:00	187.196	187.232	187.166	187.171	1081	0	2
2026.04.30	02:45:00	187.169	187.204	187.162	187.200	784	0	3
2026.04.30	03:00:00	187.200	187.215	187.100	187.118	2323	0	3
2026.04.30	03:15:00	187.117	187.169	187.110	187.153	1609	0	4
2026.04.30	03:30:00	187.153	187.184	187.136	187.157	1425	0	0
2026.04.30	03:45:00	187.156	187.283	187.142	187.231	3140	0	0
2026.04.30	04:00:00	187.231	187.242	187.177	187.222	2060	0	4
2026.04.30	04:15:00	187.222	187.241	187.150	187.162	1522	0	2
2026.04.30	04:30:00	187.162	187.191	187.134	187.148	1739	0	1
2026.04.30	04:45:00	187.149	187.150	187.064	187.072	1679	0	1
2026.04.30	05:00:00	187.073	187.114	187.064	187.110	1157	0	5
2026.04.30	05:15:00	187.110	187.148	187.098	187.112	964	0	5
2026.04.30	05:30:00	187.112	187.112	187.051	187.054	2156	0	3
2026.04.30	05:45:00	187.054	187.122	187.041	187.086	1674	0	0
2026.04.30	06:00:00	187.086	187.141	187.084	187.125	1453	0	4
2026.04.30	06:15:00	187.124	187.184	187.124	187.162	1777	0	1
2026.04.30	06:30:00	187.162	187.169	187.123	187.158	1810	0	2
2026.04.30	06:45:00	187.158	187.166	187.120	187.165	1018	0	2
2026.04.30	07:00:00	187.165	187.169	187.086	187.117	1742	0	4
2026.04.30	07:15:00	187.117	187.169	187.073	187.107	1836	0	0
2026.04.30	07:30:00	187.111	187.194	187.106	187.178	1973	0	0
2026.04.30	07:45:00	187.178	187.217	187.158	187.205	1449	0	3
2026.04.30	08:00:00	187.205	187.230	187.177	187.201	961	0	2
2026.04.30	08:15:00	187.201	187.260	187.186	187.240	893	0	0
2026.04.30	08:30:00	187.244	187.283	187.228	187.256	1171	0	0
2026.04.30	08:45:00	187.256	187.330	187.228	187.321	1429	0	0
2026.04.30	09:00:00	187.321	187.415	187.286	187.409	1803	0	0
2026.04.30	09:15:00	187.409	187.443	187.381	187.393	1423	0	0
2026.04.30	09:30:00	187.393	187.423	187.353	187.414	1908	0	0
2026.04.30	09:45:00	187.414	187.463	187.379	187.458	1592	0	0
2026.04.30	10:00:00	187.458	187.490	187.424	187.464	1908	0	0
2026.04.30	10:15:00	187.464	187.488	187.393	187.469	1649	0	0
2026.04.30	10:30:00	187.469	187.559	187.464	187.556	1530	0	0
2026.04.30	10:45:00	187.556	187.557	186.711	187.053	2322	0	0
2026.04.30	11:00:00	187.053	187.226	186.932	187.115	4310	0	0
2026.04.30	11:15:00	187.115	187.160	186.904	186.919	3009	0	0
2026.04.30	11:30:00	186.920	186.956	186.591	186.622	3403	0	0
2026.04.30	11:45:00	186.622	186.654	186.233	186.414	3404	0	0
2026.04.30	12:00:00	186.415	186.424	186.094	186.108	3493	0	0
2026.04.30	12:15:00	186.104	186.347	186.072	186.274	2981	0	0
2026.04.30	12:30:00	186.274	186.350	186.205	186.293	3301	0	0
2026.04.30	12:45:00	186.293	186.472	186.284	186.361	2544	0	0
2026.04.30	13:00:00	186.361	186.368	186.166	186.177	2505	0	0
2026.04.30	13:15:00	186.177	186.247	185.241	185.501	3225	0	0
2026.04.30	13:30:00	185.496	185.542	184.505	184.608	8375	0	0
2026.04.30	13:45:00	184.608	184.869	183.873	184.135	7500	0	0
2026.04.30	14:00:00	184.135	184.344	183.659	183.721	5989	0	0
2026.04.30	14:15:00	183.721	183.996	183.267	183.394	6674	0	0
2026.04.30	14:30:00	183.394	183.615	182.553	182.642	6123	0	0
2026.04.30	14:45:00	182.643	183.056	182.294	183.053	5548	0	0
2026.04.30	15:00:00	183.053	183.349	182.981	183.078	3840	0	0
2026.04.30	15:15:00	183.078	183.499	183.048	183.318	4536	0	0
2026.04.30	15:30:00	183.318	183.673	183.310	183.673	3746	0	0
2026.04.30	15:45:00	183.673	183.685	183.328	183.387	3518	0	0
2026.04.30	16:00:00	183.385	183.500	182.759	183.226	4972	0	0
2026.04.30	16:15:00	183.226	183.339	183.066	183.075	4068	0	0
2026.04.30	16:30:00	183.075	183.367	183.052	183.326	3768	0	0
2026.04.30	16:45:00	183.327	183.534	183.275	183.465	3308	0	0
2026.04.30	17:00:00	183.465	183.484	183.315	183.450	4139	0	0
2026.04.30	17:15:00	183.450	183.587	183.419	183.555	3769	0	0
2026.04.30	17:30:00	183.556	183.692	183.400	183.465	3935	0	0
2026.04.30	17:45:00	183.465	183.878	183.422	183.765	4364	0	0
2026.04.30	18:00:00	183.763	183.923	183.763	183.859	4134	0	0
2026.04.30	18:15:00	183.859	183.910	183.778	183.822	2851	0	0
2026.04.30	18:30:00	183.822	183.854	183.735	183.806	2707	0	0
2026.04.30	18:45:00	183.806	183.807	183.730	183.758	2355	0	0
2026.04.30	19:00:00	183.758	183.764	183.656	183.660	1974	0	0
2026.04.30	19:15:00	183.660	183.803	183.656	183.773	2139	0	0
2026.04.30	19:30:00	183.773	183.786	183.661	183.665	1548	0	0
2026.04.30	19:45:00	183.665	183.692	183.586	183.614	1538	0	0
2026.04.30	20:00:00	183.614	183.758	183.600	183.659	2191	0	0
2026.04.30	20:15:00	183.659	183.665	183.582	183.586	1581	0	0
2026.04.30	20:30:00	183.588	183.588	183.520	183.555	1585	0	0
2026.04.30	20:45:00	183.555	183.568	183.496	183.497	1099	0	0
2026.04.30	21:00:00	183.496	183.510	183.466	183.478	1580	0	0
2026.04.30	21:15:00	183.479	183.482	183.420	183.459	1502	0	0
2026.04.30	21:30:00	183.459	183.508	183.456	183.479	1529	0	0
2026.04.30	21:45:00	183.479	183.645	183.479	183.592	1535	0	0
2026.04.30	22:00:00	183.593	183.658	183.537	183.575	1864	0	0
2026.04.30	22:15:00	183.575	183.692	183.558	183.648	1523	0	0
2026.04.30	22:30:00	183.648	183.679	183.614	183.649	1393	0	0
2026.04.30	22:45:00	183.649	183.761	183.638	183.724	1528	0	0
2026.04.30	23:00:00	183.720	183.753	183.684	183.703	1785	0	4
2026.04.30	23:15:00	183.703	183.726	183.688	183.704	629	0	7
2026.04.30	23:30:00	183.704	183.737	183.684	183.729	848	0	8
2026.04.30	23:45:00	183.730	183.768	183.718	183.743	1606	0	8
2026.05.01	00:00:00	183.601	183.659	183.498	183.642	100	0	62
2026.05.01	00:15:00	183.642	183.688	183.630	183.658	159	0	88
2026.05.01	00:30:00	183.658	183.756	183.655	183.747	440	0	76
2026.05.01	00:45:00	183.746	183.757	183.674	183.679	851	0	84
2026.05.01	01:00:00	183.680	183.848	183.680	183.793	516	0	7
2026.05.01	01:15:00	183.793	183.820	183.770	183.816	240	0	9
2026.05.01	01:30:00	183.816	183.882	183.815	183.871	524	0	0
2026.05.01	01:45:00	183.871	183.874	183.794	183.807	562	0	4
2026.05.01	02:00:00	183.807	183.951	183.797	183.944	941	0	0
2026.05.01	02:15:00	183.944	183.956	183.857	183.873	847	0	0
2026.05.01	02:30:00	183.873	184.064	183.872	184.060	1125	0	0
2026.05.01	02:45:00	184.060	184.204	184.055	184.156	2231	0	0
2026.05.01	03:00:00	184.153	184.361	184.136	184.248	3424	0	0
2026.05.01	03:15:00	184.253	184.497	184.242	184.472	2320	0	0
2026.05.01	03:30:00	184.472	184.473	184.336	184.450	2190	0	0
2026.05.01	03:45:00	184.450	184.500	184.158	184.242	2750	0	0
2026.05.01	04:00:00	184.243	184.422	184.190	184.372	2237	0	0
2026.05.01	04:15:00	184.372	184.450	184.284	184.395	1664	0	0
2026.05.01	04:30:00	184.395	184.443	184.308	184.432	2547	0	0
2026.05.01	04:45:00	184.432	184.471	184.343	184.437	1675	0	0
2026.05.01	05:00:00	184.436	184.457	184.366	184.423	1418	0	0
2026.05.01	05:15:00	184.423	184.466	184.395	184.441	1389	0	0
2026.05.01	05:30:00	184.441	184.548	184.411	184.542	1352	0	0
2026.05.01	05:45:00	184.543	184.579	184.520	184.520	1752	0	0
2026.05.01	06:00:00	184.520	184.584	184.479	184.579	1384	0	0
2026.05.01	06:15:00	184.579	184.583	184.439	184.471	1021	0	1
2026.05.01	06:30:00	184.471	184.485	184.279	184.427	1496	0	0
2026.05.01	06:45:00	184.427	184.479	184.398	184.421	1451	0	0
2026.05.01	07:00:00	184.421	184.427	184.315	184.345	1278	0	0
2026.05.01	07:15:00	184.345	184.385	184.333	184.381	1091	0	0
2026.05.01	07:30:00	184.381	184.413	184.362	184.403	922	0	0
2026.05.01	07:45:00	184.403	184.470	184.382	184.421	1418	0	0
2026.05.01	08:00:00	184.425	184.454	184.371	184.449	911	0	0
2026.05.01	08:15:00	184.449	184.452	184.400	184.439	655	0	0
2026.05.01	08:30:00	184.439	184.440	184.357	184.360	762	0	0
2026.05.01	08:45:00	184.360	184.413	184.344	184.399	780	0	0
2026.05.01	09:00:00	184.399	184.413	184.320	184.390	1252	0	0
2026.05.01	09:15:00	184.390	184.398	184.309	184.339	1104	0	0
2026.05.01	09:30:00	184.339	184.344	184.115	184.115	1537	0	0
2026.05.01	09:45:00	184.115	184.119	182.641	183.058	6119	0	0
2026.05.01	10:00:00	183.058	183.795	182.927	183.496	5718	0	0
2026.05.01	10:15:00	183.496	183.664	183.438	183.537	2605	0	0
2026.05.01	10:30:00	183.537	183.800	183.471	183.669	2323	0	0
2026.05.01	10:45:00	183.669	183.901	183.630	183.818	2168	0	0
2026.05.01	11:00:00	183.818	183.893	183.608	183.716	2084	0	0
2026.05.01	11:15:00	183.716	183.721	183.566	183.643	1860	0	0
2026.05.01	11:30:00	183.643	183.807	183.641	183.767	1604	0	0
2026.05.01	11:45:00	183.767	183.851	183.752	183.781	1397	0	0
2026.05.01	12:00:00	183.781	183.840	183.654	183.804	1492	0	0
2026.05.01	12:15:00	183.804	183.917	183.794	183.911	1420	0	0
2026.05.01	12:30:00	183.911	183.969	183.768	183.781	1257	0	0
2026.05.01	12:45:00	183.781	183.850	183.704	183.716	1300	0	0
2026.05.01	13:00:00	183.716	183.873	183.708	183.790	1385	0	0
2026.05.01	13:15:00	183.788	183.850	183.778	183.834	1079	0	0
2026.05.01	13:30:00	183.834	183.883	183.807	183.820	927	0	0
2026.05.01	13:45:00	183.820	183.949	183.815	183.940	1252	0	0
2026.05.01	14:00:00	183.940	184.031	183.906	184.014	1504	0	0
2026.05.01	14:15:00	184.014	184.041	183.962	184.015	1442	0	0
2026.05.01	14:30:00	184.015	184.031	183.951	184.006	1373	0	0
2026.05.01	14:45:00	184.006	184.034	183.952	184.029	988	0	0
2026.05.01	15:00:00	184.029	184.129	184.001	184.084	2164	0	0
2026.05.01	15:15:00	184.083	184.155	184.044	184.106	2907	0	0
2026.05.01	15:30:00	184.106	184.171	184.103	184.139	1947	0	0
2026.05.01	15:45:00	184.139	184.180	184.120	184.144	1367	0	0
2026.05.01	16:00:00	184.144	184.191	184.140	184.183	1386	0	0
2026.05.01	16:15:00	184.183	184.227	184.120	184.121	1533	0	0
2026.05.01	16:30:00	184.122	184.162	184.076	184.086	2209	0	0
2026.05.01	16:45:00	184.089	184.151	183.795	184.100	4052	0	0
2026.05.01	17:00:00	184.100	184.293	184.060	184.290	3784	0	0
2026.05.01	17:15:00	184.290	184.383	184.258	184.367	3245	0	0
2026.05.01	17:30:00	184.368	184.374	184.235	184.346	2524	0	0
2026.05.01	17:45:00	184.344	184.457	184.330	184.348	3010	0	0
2026.05.01	18:00:00	184.348	184.417	184.330	184.397	2650	0	0
2026.05.01	18:15:00	184.397	184.449	184.377	184.409	1656	0	0
2026.05.01	18:30:00	184.409	184.444	184.343	184.383	1671	0	0
2026.05.01	18:45:00	184.383	184.451	184.297	184.300	2330	0	0
2026.05.01	19:00:00	184.300	184.315	184.194	184.287	1772	0	0
2026.05.01	19:15:00	184.287	184.324	184.257	184.318	2211	0	0
2026.05.01	19:30:00	184.319	184.321	184.231	184.232	1809	0	0
2026.05.01	19:45:00	184.231	184.259	184.221	184.249	1238	0	0
2026.05.01	20:00:00	184.249	184.252	184.206	184.219	1040	0	0
2026.05.01	20:15:00	184.219	184.228	184.178	184.226	1146	0	0
2026.05.01	20:30:00	184.226	184.244	184.153	184.211	1213	0	0
2026.05.01	20:45:00	184.211	184.215	184.135	184.157	1182	0	0
2026.05.01	21:00:00	184.157	184.217	184.128	184.201	1510	0	0
2026.05.01	21:15:00	184.201	184.231	184.125	184.146	1251	0	0
2026.05.01	21:30:00	184.146	184.169	184.025	184.162	1911	0	0
2026.05.01	21:45:00	184.162	184.193	184.116	184.163	1613	0	0
2026.05.01	22:00:00	184.163	184.185	184.140	184.151	1008	0	0
2026.05.01	22:15:00	184.151	184.151	184.122	184.126	908	0	0
2026.05.01	22:30:00	184.124	184.133	184.111	184.118	792	0	1
2026.05.01	22:45:00	184.118	184.120	184.078	184.097	1058	0	0
2026.05.01	23:00:00	184.094	184.130	184.063	184.112	1218	0	2
2026.05.01	23:15:00	184.112	184.118	184.009	184.011	1551	0	0
2026.05.01	23:30:00	184.011	184.061	183.968	184.049	1564	0	4
2026.05.01	23:45:00	184.050	184.137	184.015	184.066	2558	0	7
2026.05.04	00:00:00	184.053	184.158	184.051	184.155	359	0	93
2026.05.04	00:15:00	184.157	184.179	184.041	184.070	527	0	1
2026.05.04	00:30:00	184.071	184.087	184.061	184.063	240	0	0
2026.05.04	00:45:00	184.063	184.072	184.012	184.017	413	0	0
2026.05.04	01:00:00	184.017	184.046	183.920	184.018	1090	0	0
2026.05.04	01:15:00	184.018	184.051	184.003	184.050	614	0	3
2026.05.04	01:30:00	184.050	184.077	184.030	184.035	640	0	1
2026.05.04	01:45:00	184.035	184.066	184.000	184.032	293	0	6
2026.05.04	02:00:00	184.032	184.035	183.980	183.983	472	0	2
2026.05.04	02:15:00	183.983	184.031	183.980	184.005	746	0	1
2026.05.04	02:30:00	184.005	184.022	183.944	183.951	751	0	0
2026.05.04	02:45:00	183.951	183.994	183.939	183.993	1496	0	3
2026.05.04	03:00:00	183.995	184.029	183.983	183.999	1987	0	1
2026.05.04	03:15:00	183.999	184.062	183.979	184.037	1639	0	0
2026.05.04	03:30:00	184.040	184.053	184.023	184.036	1022	0	0
2026.05.04	03:45:00	184.036	184.049	183.994	184.027	1294	0	0
2026.05.04	04:00:00	184.026	184.100	184.002	184.068	2162	0	0
2026.05.04	04:15:00	184.068	184.098	183.702	184.058	2278	0	0
2026.05.04	04:30:00	184.058	184.126	184.034	184.102	2162	0	0
2026.05.04	04:45:00	184.103	184.175	184.075	184.147	1602	0	0
2026.05.04	05:00:00	184.147	184.279	184.137	184.262	1600	0	0
2026.05.04	05:15:00	184.262	184.280	184.220	184.253	1331	0	2
2026.05.04	05:30:00	184.253	184.334	184.251	184.325	967	0	3
2026.05.04	05:45:00	184.325	184.350	184.231	184.285	1422	0	0
2026.05.04	06:00:00	184.285	184.400	184.278	184.390	1603	0	2
2026.05.04	06:15:00	184.390	184.402	184.347	184.394	1131	0	0
2026.05.04	06:30:00	184.392	184.398	184.348	184.364	853	0	0
2026.05.04	06:45:00	184.364	184.364	182.796	183.362	8066	0	0
2026.05.04	07:00:00	183.361	183.692	183.292	183.674	3249	0	0
2026.05.04	07:15:00	183.674	183.824	183.648	183.800	1881	0	0
2026.05.04	07:30:00	183.800	183.838	183.731	183.823	1262	0	0
2026.05.04	07:45:00	183.823	183.907	183.823	183.848	1204	0	0
2026.05.04	08:00:00	183.848	183.902	183.655	183.844	1173	0	0
2026.05.04	08:15:00	183.844	183.943	183.738	183.887	1986	0	0
2026.05.04	08:30:00	183.887	183.963	183.673	183.930	1419	0	0
2026.05.04	08:45:00	183.930	183.950	183.831	183.934	1229	0	0
2026.05.04	09:00:00	183.932	184.067	183.892	184.052	1756	0	0
2026.05.04	09:15:00	184.052	184.075	183.989	184.029	1736	0	0
2026.05.04	09:30:00	184.029	184.070	184.000	184.040	1684	0	0
2026.05.04	09:45:00	184.040	184.079	183.960	184.074	1973	0	0
2026.05.04	10:00:00	184.072	184.109	184.007	184.084	2302	0	0
2026.05.04	10:15:00	184.084	184.094	183.927	183.934	1517	0	0
2026.05.04	10:30:00	183.934	183.969	183.803	183.853	1550	0	0
2026.05.04	10:45:00	183.853	183.888	183.830	183.864	1730	0	0
2026.05.04	11:00:00	183.864	183.882	183.806	183.878	1995	0	0
2026.05.04	11:15:00	183.878	183.922	183.861	183.893	1568	0	0
2026.05.04	11:30:00	183.893	183.956	183.882	183.949	1325	0	0
2026.05.04	11:45:00	183.949	184.007	183.947	183.951	1261	0	0
2026.05.04	12:00:00	183.951	184.004	183.948	183.979	1537	0	0
2026.05.04	12:15:00	183.979	184.002	183.943	183.971	1403	0	0
2026.05.04	12:30:00	183.971	184.024	183.947	184.015	1055	0	0
2026.05.04	12:45:00	184.015	184.017	183.899	183.944	1089	0	0
2026.05.04	13:00:00	183.944	183.999	183.759	183.845	3846	0	0
2026.05.04	13:15:00	183.845	183.858	183.754	183.839	3483	0	0
2026.05.04	13:30:00	183.839	183.948	183.827	183.939	2946	0	0
2026.05.04	13:45:00	183.939	183.953	183.902	183.923	1678	0	0
2026.05.04	14:00:00	183.924	183.933	183.838	183.838	1996	0	0
2026.05.04	14:15:00	183.839	183.899	183.817	183.854	1443	0	1
2026.05.04	14:30:00	183.853	183.899	183.834	183.884	1584	0	0
2026.05.04	14:45:00	183.884	183.890	183.801	183.804	1403	0	0
2026.05.04	15:00:00	183.806	183.873	183.785	183.859	1492	0	0
2026.05.04	15:15:00	183.859	183.949	183.846	183.942	1928	0	0
2026.05.04	15:30:00	183.942	183.949	183.890	183.923	1660	0	0
2026.05.04	15:45:00	183.923	184.038	183.916	184.015	1317	0	0
2026.05.04	16:00:00	184.015	184.019	183.867	183.920	2953	0	0
2026.05.04	16:15:00	183.920	183.939	183.881	183.907	1751	0	0
2026.05.04	16:30:00	183.907	184.007	183.898	183.966	2597	0	0
2026.05.04	16:45:00	183.966	183.997	183.945	183.967	2041	0	0
2026.05.04	17:00:00	183.967	184.028	183.952	183.996	2482	0	0
2026.05.04	17:15:00	183.996	184.016	183.953	184.004	1904	0	0
2026.05.04	17:30:00	184.002	184.025	183.857	183.884	1994	0	0
2026.05.04	17:45:00	183.884	183.936	183.840	183.929	2241	0	0
2026.05.04	18:00:00	183.929	184.001	183.828	183.954	2546	0	0
2026.05.04	18:15:00	183.954	183.995	183.852	183.884	3199	0	0
2026.05.04	18:30:00	183.884	183.931	183.876	183.923	2564	0	0
2026.05.04	18:45:00	183.923	183.975	183.874	183.901	2836	0	0
2026.05.04	19:00:00	183.901	183.956	183.823	183.827	3053	0	0
2026.05.04	19:15:00	183.827	183.892	183.805	183.851	3015	0	0
2026.05.04	19:30:00	183.851	183.869	183.773	183.773	2004	0	0
2026.05.04	19:45:00	183.773	183.781	183.738	183.744	1351	0	0
2026.05.04	20:00:00	183.745	183.817	183.744	183.811	1689	0	0
2026.05.04	20:15:00	183.811	183.867	183.802	183.844	1908	0	0
2026.05.04	20:30:00	183.844	183.905	183.836	183.885	1393	0	0
2026.05.04	20:45:00	183.885	183.887	183.859	183.871	770	0	0
2026.05.04	21:00:00	183.871	183.903	183.843	183.888	1096	0	0
2026.05.04	21:15:00	183.888	183.902	183.831	183.857	1468	0	0
2026.05.04	21:30:00	183.857	183.860	183.804	183.806	1321	0	0
2026.05.04	21:45:00	183.806	183.808	183.156	183.352	2265	0	0
2026.05.04	22:00:00	183.352	183.767	183.352	183.722	2825	0	0
2026.05.04	22:15:00	183.724	183.791	183.721	183.759	1631	0	0
2026.05.04	22:30:00	183.759	183.815	183.755	183.777	1166	0	0
2026.05.04	22:45:00	183.777	183.804	183.708	183.741	1536	0	0
2026.05.04	23:00:00	183.737	183.811	183.717	183.783	1211	0	6
2026.05.04	23:15:00	183.783	183.839	183.731	183.793	1249	0	1
2026.05.04	23:30:00	183.793	183.822	183.779	183.822	843	0	7
2026.05.04	23:45:00	183.822	183.867	183.810	183.858	727	0	9
2026.05.05	00:00:00	183.646	183.760	183.646	183.720	48	0	136
2026.05.05	00:15:00	183.720	183.764	183.690	183.746	177	0	97
2026.05.05	00:30:00	183.747	183.777	183.728	183.755	392	0	53
2026.05.05	00:45:00	183.755	183.764	183.649	183.668	351	0	50
2026.05.05	01:00:00	183.668	183.845	183.668	183.809	421	0	0
2026.05.05	01:15:00	183.809	183.839	183.788	183.795	443	0	10
2026.05.05	01:30:00	183.794	183.826	183.794	183.803	159	0	9
2026.05.05	01:45:00	183.803	183.821	183.782	183.812	182	0	10
2026.05.05	02:00:00	183.812	183.836	183.771	183.805	475	0	7
2026.05.05	02:15:00	183.805	183.826	183.789	183.805	451	0	5
2026.05.05	02:30:00	183.805	183.816	183.779	183.804	538	0	0
2026.05.05	02:45:00	183.804	183.818	183.780	183.815	583	0	0
2026.05.05	03:00:00	183.816	183.846	183.796	183.832	1478	0	0
2026.05.05	03:15:00	183.832	183.832	183.760	183.772	1177	0	2
2026.05.05	03:30:00	183.772	183.776	183.738	183.754	668	0	0
2026.05.05	03:45:00	183.754	183.766	183.718	183.730	820	0	2
2026.05.05	04:00:00	183.730	183.750	183.709	183.740	911	0	3
2026.05.05	04:15:00	183.740	183.748	183.684	183.714	731	0	4
2026.05.05	04:30:00	183.714	183.793	183.714	183.738	1267	0	5
2026.05.05	04:45:00	183.738	183.765	183.718	183.736	976	0	1
2026.05.05	05:00:00	183.736	183.760	183.723	183.738	766	0	6
2026.05.05	05:15:00	183.738	183.791	183.737	183.786	658	0	3
2026.05.05	05:30:00	183.786	183.810	183.780	183.793	635	0	4
2026.05.05	05:45:00	183.793	183.798	183.757	183.759	596	0	5
2026.05.05	06:00:00	183.759	183.767	183.730	183.767	455	0	5
2026.05.05	06:15:00	183.767	183.780	183.751	183.757	445	0	2
2026.05.05	06:30:00	183.757	183.765	183.741	183.752	392	0	5
2026.05.05	06:45:00	183.752	183.766	183.739	183.755	538	0	4
2026.05.05	07:00:00	183.755	183.780	183.747	183.771	416	0	6
2026.05.05	07:15:00	183.771	183.793	183.755	183.787	509	0	1
2026.05.05	07:30:00	183.787	183.807	183.759	183.761	925	0	3
2026.05.05	07:45:00	183.761	183.762	183.678	183.681	817	0	4
2026.05.05	08:00:00	183.684	183.713	183.668	183.687	843	0	0
2026.05.05	08:15:00	183.687	183.720	183.670	183.678	851	0	0
2026.05.05	08:30:00	183.678	183.730	183.670	183.709	1298	0	0
2026.05.05	08:45:00	183.709	183.761	183.704	183.761	843	0	1
2026.05.05	09:00:00	183.761	183.818	183.732	183.806	1428	0	0
2026.05.05	09:15:00	183.806	183.817	183.709	183.760	1112	0	2
2026.05.05	09:30:00	183.760	183.816	183.724	183.776	1194	0	0
2026.05.05	09:45:00	183.778	183.796	183.735	183.746	1215	0	1
2026.05.05	10:00:00	183.746	183.784	183.719	183.726	1731	0	0
2026.05.05	10:15:00	183.726	183.783	183.695	183.777	1133	0	0
2026.05.05	10:30:00	183.779	183.824	183.735	183.801	1894	0	0
2026.05.05	10:45:00	183.801	183.816	183.778	183.805	1470	0	0
2026.05.05	11:00:00	183.804	183.901	183.792	183.899	1289	0	0
2026.05.05	11:15:00	183.899	183.948	183.887	183.925	1034	0	0
2026.05.05	11:30:00	183.925	183.929	183.783	183.812	1362	0	1
2026.05.05	11:45:00	183.811	183.875	183.791	183.851	1271	0	0
2026.05.05	12:00:00	183.850	184.476	183.850	184.099	2752	0	0
2026.05.05	12:15:00	184.099	184.235	184.081	184.151	2259	0	0
2026.05.05	12:30:00	184.151	184.242	183.702	184.226	2283	0	0
2026.05.05	12:45:00	184.225	184.235	184.130	184.146	1302	0	0
2026.05.05	13:00:00	184.145	184.258	184.122	184.253	1149	0	0
2026.05.05	13:15:00	184.253	184.310	184.235	184.269	1130	0	0
2026.05.05	13:30:00	184.269	184.304	184.201	184.232	1281	0	0
2026.05.05	13:45:00	184.232	184.298	184.216	184.256	1048	0	0
2026.05.05	14:00:00	184.256	184.327	184.245	184.292	1497	0	0
2026.05.05	14:15:00	184.292	184.384	184.272	184.382	1590	0	0
2026.05.05	14:30:00	184.382	184.398	184.342	184.368	1096	0	0
2026.05.05	14:45:00	184.368	184.427	184.368	184.400	1140	0	1
2026.05.05	15:00:00	184.400	184.459	184.292	184.421	2612	0	0
2026.05.05	15:15:00	184.420	184.479	184.387	184.451	2234	0	0
2026.05.05	15:30:00	184.450	184.521	184.437	184.468	1514	0	0
2026.05.05	15:45:00	184.468	184.507	184.460	184.481	1294	0	0
2026.05.05	16:00:00	184.481	184.592	184.469	184.544	1725	0	0
2026.05.05	16:15:00	184.544	184.590	184.527	184.570	1619	0	1
2026.05.05	16:30:00	184.567	184.598	184.528	184.537	1914	0	1
2026.05.05	16:45:00	184.536	184.610	184.536	184.564	1967	0	0
2026.05.05	17:00:00	184.564	184.612	184.533	184.567	2550	0	0
2026.05.05	17:15:00	184.567	184.651	184.533	184.633	2809	0	0
2026.05.05	17:30:00	184.635	184.639	184.565	184.616	2216	0	0
2026.05.05	17:45:00	184.616	184.625	184.533	184.584	2092	0	0
2026.05.05	18:00:00	184.584	184.607	184.550	184.594	2006	0	0
2026.05.05	18:15:00	184.594	184.623	184.545	184.618	1458	0	1
2026.05.05	18:30:00	184.618	184.659	184.541	184.658	1805	0	0
2026.05.05	18:45:00	184.658	184.674	184.595	184.600	1561	0	1
2026.05.05	19:00:00	184.599	184.606	184.556	184.558	964	0	1
2026.05.05	19:15:00	184.558	184.591	184.530	184.561	1141	0	0
2026.05.05	19:30:00	184.561	184.642	184.560	184.632	1011	0	0
2026.05.05	19:45:00	184.632	184.654	184.610	184.613	968	0	0
2026.05.05	20:00:00	184.612	184.682	184.608	184.661	1014	0	0
2026.05.05	20:15:00	184.661	184.707	184.660	184.678	893	0	0
2026.05.05	20:30:00	184.678	184.720	184.667	184.692	1195	0	0
2026.05.05	20:45:00	184.690	184.706	184.669	184.676	901	0	0
2026.05.05	21:00:00	184.676	184.707	184.666	184.692	770	0	1
2026.05.05	21:15:00	184.692	184.740	184.685	184.720	599	0	0
2026.05.05	21:30:00	184.720	184.747	184.714	184.732	573	0	0
2026.05.05	21:45:00	184.732	184.761	184.717	184.723	662	0	0
2026.05.05	22:00:00	184.723	184.738	184.686	184.691	567	0	2
2026.05.05	22:15:00	184.691	184.703	184.686	184.696	472	0	2
2026.05.05	22:30:00	184.696	184.701	184.669	184.675	507	0	0
2026.05.05	22:45:00	184.675	184.693	184.628	184.655	1032	0	1
2026.05.05	23:00:00	184.650	184.663	184.618	184.635	934	0	9
2026.05.05	23:15:00	184.635	184.649	184.629	184.639	705	0	9
2026.05.05	23:30:00	184.639	184.645	184.619	184.625	463	0	7
2026.05.05	23:45:00	184.625	184.641	184.611	184.626	837	0	9
2026.05.06	00:00:00	184.550	184.567	184.365	184.564	136	0	83
2026.05.06	00:15:00	184.564	184.593	184.554	184.569	231	0	76
2026.05.06	00:30:00	184.572	184.572	184.549	184.555	104	0	90
2026.05.06	00:45:00	184.555	184.619	184.553	184.617	144	0	49
2026.05.06	01:00:00	184.617	184.690	184.606	184.626	460	0	0
2026.05.06	01:15:00	184.625	184.638	184.581	184.585	319	0	10
2026.05.06	01:30:00	184.585	184.631	184.584	184.620	313	0	8
2026.05.06	01:45:00	184.620	184.668	184.513	184.629	1360	0	6
2026.05.06	02:00:00	184.629	184.721	184.565	184.717	1859	0	0
2026.05.06	02:15:00	184.717	184.770	184.701	184.764	1945	0	0
2026.05.06	02:30:00	184.764	184.798	184.749	184.788	1209	0	4
2026.05.06	02:45:00	184.788	184.793	184.711	184.713	1620	0	0
2026.05.06	03:00:00	184.715	184.733	184.640	184.660	2624	0	1
2026.05.06	03:15:00	184.661	184.708	184.627	184.645	1714	0	0
2026.05.06	03:30:00	184.646	184.714	184.646	184.680	1672	0	2
2026.05.06	03:45:00	184.680	184.714	184.652	184.702	1620	0	1
2026.05.06	04:00:00	184.702	184.771	184.692	184.759	1736	0	1
2026.05.06	04:15:00	184.759	184.814	184.750	184.791	1583	0	0
2026.05.06	04:30:00	184.791	184.820	184.750	184.819	1597	0	0
2026.05.06	04:45:00	184.819	184.849	184.804	184.837	2023	0	2
2026.05.06	05:00:00	184.837	184.863	184.820	184.845	1666	0	2
2026.05.06	05:15:00	184.845	184.904	184.845	184.895	1467	0	2
2026.05.06	05:30:00	184.895	184.927	184.892	184.903	1145	0	2
2026.05.06	05:45:00	184.903	184.915	184.867	184.914	1221	0	5
2026.05.06	06:00:00	184.914	185.032	184.909	185.027	1402	0	4
2026.05.06	06:15:00	185.027	185.038	184.993	185.026	912	0	4
2026.05.06	06:30:00	185.026	185.036	184.865	184.917	1288	0	0
2026.05.06	06:45:00	184.917	184.917	184.852	184.875	1084	0	5
2026.05.06	07:00:00	184.875	184.913	184.873	184.909	815	0	3
2026.05.06	07:15:00	184.909	184.934	183.946	183.982	2343	0	0
2026.05.06	07:30:00	183.985	184.137	182.889	182.910	7814	0	0
2026.05.06	07:45:00	182.918	183.030	182.041	183.011	8117	0	0
2026.05.06	08:00:00	183.011	183.312	182.819	183.264	4569	0	0
2026.05.06	08:15:00	183.264	183.456	183.241	183.399	2187	0	0
2026.05.06	08:30:00	183.399	183.466	183.370	183.436	1521	0	0
2026.05.06	08:45:00	183.435	183.461	183.357	183.412	1466	0	0
2026.05.06	09:00:00	183.412	183.566	183.412	183.497	2377	0	0
2026.05.06	09:15:00	183.497	183.531	183.404	183.444	1772	0	0
2026.05.06	09:30:00	183.444	183.461	183.381	183.419	1706	0	0
2026.05.06	09:45:00	183.418	183.512	183.394	183.498	1351	0	0
2026.05.06	10:00:00	183.498	183.606	183.458	183.598	2046	0	0
2026.05.06	10:15:00	183.598	183.612	183.512	183.576	1974	0	0
2026.05.06	10:30:00	183.576	183.614	183.513	183.513	1731	0	0
2026.05.06	10:45:00	183.513	183.522	182.762	182.901	3390	0	0
2026.05.06	11:00:00	182.901	183.394	182.854	183.304	3061	0	0
2026.05.06	11:15:00	183.304	183.406	183.256	183.391	2084	0	0
2026.05.06	11:30:00	183.391	183.466	183.313	183.448	2281	0	0
2026.05.06	11:45:00	183.448	183.578	183.273	183.471	4533	0	0
2026.05.06	12:00:00	183.471	183.596	183.431	183.506	2863	0	0
2026.05.06	12:15:00	183.505	183.678	183.477	183.658	2491	0	0
2026.05.06	12:30:00	183.657	183.673	183.564	183.637	2351	0	0
2026.05.06	12:45:00	183.637	183.680	183.607	183.607	2210	0	0
2026.05.06	13:00:00	183.607	183.635	183.568	183.606	2015	0	0
2026.05.06	13:15:00	183.607	183.725	183.481	183.555	2340	0	0
2026.05.06	13:30:00	183.555	183.643	183.516	183.621	2435	0	0
2026.05.06	13:45:00	183.621	183.667	183.516	183.621	3640	0	0
2026.05.06	14:00:00	183.621	183.764	183.558	183.763	3541	0	0
2026.05.06	14:15:00	183.763	183.792	183.696	183.762	2567	0	0
2026.05.06	14:30:00	183.762	183.854	183.706	183.789	2698	0	0
2026.05.06	14:45:00	183.789	183.801	183.667	183.713	2528	0	0
2026.05.06	15:00:00	183.713	183.763	183.642	183.726	2646	0	0
2026.05.06	15:15:00	183.727	183.737	183.563	183.679	3409	0	0
2026.05.06	15:30:00	183.679	183.694	183.588	183.631	2390	0	0
2026.05.06	15:45:00	183.631	183.692	183.589	183.688	2163	0	0
2026.05.06	16:00:00	183.688	183.716	183.592	183.693	3085	0	0
2026.05.06	16:15:00	183.693	183.703	183.569	183.593	2121	0	0
2026.05.06	16:30:00	183.593	183.593	183.468	183.489	2763	0	0
2026.05.06	16:45:00	183.489	183.539	183.417	183.463	2397	0	0
2026.05.06	17:00:00	183.463	183.520	183.439	183.512	2535	0	0
2026.05.06	17:15:00	183.512	183.525	183.466	183.498	1978	0	0
2026.05.06	17:30:00	183.498	183.642	183.494	183.591	2314	0	0
2026.05.06	17:45:00	183.591	183.746	183.534	183.711	3023	0	0
2026.05.06	18:00:00	183.711	183.872	183.679	183.777	2567	0	0
2026.05.06	18:15:00	183.776	183.794	183.694	183.714	1818	0	0
2026.05.06	18:30:00	183.714	183.823	183.696	183.797	1984	0	0
2026.05.06	18:45:00	183.797	183.876	183.772	183.859	1854	0	0
2026.05.06	19:00:00	183.859	183.906	183.826	183.841	1514	0	0
2026.05.06	19:15:00	183.841	183.869	183.807	183.838	1209	0	0
2026.05.06	19:30:00	183.838	183.872	183.817	183.835	1378	0	0
2026.05.06	19:45:00	183.835	183.835	183.675	183.715	1719	0	0
2026.05.06	20:00:00	183.715	183.819	183.695	183.817	1512	0	0
2026.05.06	20:15:00	183.817	183.871	183.816	183.842	1091	0	0
2026.05.06	20:30:00	183.842	183.857	183.804	183.823	1300	0	0
2026.05.06	20:45:00	183.823	183.858	183.797	183.846	1154	0	0
2026.05.06	21:00:00	183.846	183.851	183.741	183.777	1277	0	0
2026.05.06	21:15:00	183.777	183.781	183.721	183.779	1138	0	0
2026.05.06	21:30:00	183.779	183.810	183.772	183.787	952	0	0
2026.05.06	21:45:00	183.787	183.788	183.740	183.762	1022	0	0
2026.05.06	22:00:00	183.764	183.816	183.754	183.798	1439	0	0
2026.05.06	22:15:00	183.799	183.825	183.786	183.812	1050	0	0
2026.05.06	22:30:00	183.812	183.832	183.754	183.773	863	0	0
2026.05.06	22:45:00	183.773	183.789	183.741	183.757	1457	0	0
2026.05.06	23:00:00	183.752	183.783	183.650	183.699	1296	0	6
2026.05.06	23:15:00	183.699	183.735	183.661	183.693	1065	0	7
2026.05.06	23:30:00	183.692	183.725	183.659	183.719	819	0	11
2026.05.06	23:45:00	183.719	183.732	183.663	183.689	994	0	13
2026.05.07	00:00:00	183.597	183.712	183.499	183.599	75	0	97
2026.05.07	00:15:00	183.599	183.608	183.570	183.593	47	0	114
2026.05.07	00:30:00	183.593	183.650	183.593	183.621	180	0	107
2026.05.07	00:45:00	183.621	183.624	183.525	183.576	96	0	63
2026.05.07	01:00:00	183.576	183.722	183.571	183.676	456	0	0
2026.05.07	01:15:00	183.676	183.724	183.675	183.724	272	0	11
2026.05.07	01:30:00	183.726	183.742	183.700	183.701	388	0	11
2026.05.07	01:45:00	183.701	183.718	183.679	183.704	486	0	7
2026.05.07	02:00:00	183.704	183.781	183.648	183.772	702	0	0
2026.05.07	02:15:00	183.772	183.803	183.752	183.786	565	0	4
2026.05.07	02:30:00	183.786	183.794	183.761	183.776	653	0	0
2026.05.07	02:45:00	183.776	183.880	183.758	183.878	934	0	2
2026.05.07	03:00:00	183.878	183.884	183.617	183.633	2302	0	0
2026.05.07	03:15:00	183.633	183.800	183.618	183.781	1777	0	0
2026.05.07	03:30:00	183.781	183.839	183.739	183.804	1422	0	0
2026.05.07	03:45:00	183.804	183.817	183.620	183.655	1963	0	0
2026.05.07	04:00:00	183.655	183.677	183.497	183.529	1923	0	0
2026.05.07	04:15:00	183.529	183.610	183.526	183.589	1917	0	0
2026.05.07	04:30:00	183.589	183.612	183.517	183.545	1735	0	1
2026.05.07	04:45:00	183.545	183.704	183.544	183.695	1871	0	1
2026.05.07	05:00:00	183.695	183.706	183.632	183.688	1520	0	0
2026.05.07	05:15:00	183.688	183.724	183.675	183.693	1053	0	0
2026.05.07	05:30:00	183.693	183.708	183.646	183.682	981	0	0
2026.05.07	05:45:00	183.682	183.809	183.669	183.794	1063	0	0
2026.05.07	06:00:00	183.794	183.798	183.736	183.741	1045	0	3
2026.05.07	06:15:00	183.741	183.783	183.730	183.735	941	0	2
2026.05.07	06:30:00	183.735	183.738	183.700	183.722	835	0	4
2026.05.07	06:45:00	183.722	183.792	183.709	183.769	829	0	3
2026.05.07	07:00:00	183.769	183.785	183.741	183.747	870	0	1
2026.05.07	07:15:00	183.747	183.756	183.700	183.752	668	0	0
2026.05.07	07:30:00	183.753	183.760	183.717	183.751	730	0	2
2026.05.07	07:45:00	183.751	183.765	183.689	183.731	1061	0	0
2026.05.07	08:00:00	183.735	183.742	183.703	183.727	837	0	0
2026.05.07	08:15:00	183.727	183.786	183.727	183.778	838	0	0
2026.05.07	08:30:00	183.778	183.800	183.738	183.746	890	0	0
2026.05.07	08:45:00	183.746	183.787	183.728	183.769	972	0	0
2026.05.07	09:00:00	183.769	183.776	183.739	183.756	1150	0	0
2026.05.07	09:15:00	183.757	183.791	183.723	183.723	897	0	0
2026.05.07	09:30:00	183.722	183.734	183.521	183.568	2035	0	0
2026.05.07	09:45:00	183.568	183.675	183.568	183.612	1872	0	0
2026.05.07	10:00:00	183.612	183.673	183.538	183.630	2919	0	0
2026.05.07	10:15:00	183.630	183.746	183.613	183.702	2301	0	0
2026.05.07	10:30:00	183.702	183.841	183.684	183.818	1730	0	0
2026.05.07	10:45:00	183.818	183.879	183.795	183.873	1602	0	0
2026.05.07	11:00:00	183.873	183.893	183.819	183.879	1686	0	0
2026.05.07	11:15:00	183.879	183.913	183.811	183.863	1770	0	0
2026.05.07	11:30:00	183.863	183.956	183.848	183.951	1429	0	0
2026.05.07	11:45:00	183.951	184.030	183.948	184.025	1275	0	0
2026.05.07	12:00:00	184.026	184.086	184.002	184.015	1647	0	1
2026.05.07	12:15:00	184.015	184.092	184.014	184.056	1405	0	0
2026.05.07	12:30:00	184.056	184.120	184.045	184.090	1352	0	0
2026.05.07	12:45:00	184.090	184.136	184.046	184.059	1271	0	0
2026.05.07	13:00:00	184.060	184.153	184.032	184.150	1346	0	0
2026.05.07	13:15:00	184.150	184.168	184.026	184.065	1141	0	0
2026.05.07	13:30:00	184.065	184.086	184.039	184.053	1241	0	2
2026.05.07	13:45:00	184.053	184.068	184.001	184.035	1399	0	0
2026.05.07	14:00:00	184.035	184.045	183.968	183.970	1299	0	1
2026.05.07	14:15:00	183.970	183.988	183.950	183.956	1349	0	0
2026.05.07	14:30:00	183.957	184.024	183.936	183.989	1105	0	1
2026.05.07	14:45:00	183.989	184.088	183.989	184.087	1256	0	0
2026.05.07	15:00:00	184.087	184.097	184.041	184.075	1480	0	0
2026.05.07	15:15:00	184.075	184.079	183.988	184.019	1448	0	0
2026.05.07	15:30:00	184.022	184.055	183.994	184.048	1539	0	0
2026.05.07	15:45:00	184.048	184.062	183.982	183.995	1607	0	0
2026.05.07	16:00:00	183.995	184.073	183.991	184.068	1833	0	0
2026.05.07	16:15:00	184.067	184.075	183.999	184.065	1532	0	0
2026.05.07	16:30:00	184.065	184.105	184.035	184.048	1817	0	0
2026.05.07	16:45:00	184.048	184.101	183.991	183.991	2156	0	0
2026.05.07	17:00:00	183.991	184.022	183.972	184.015	1793	0	0
2026.05.07	17:15:00	184.015	184.078	183.999	184.020	1599	0	0
2026.05.07	17:30:00	184.027	184.080	184.025	184.065	1508	0	0
2026.05.07	17:45:00	184.065	184.125	183.918	184.002	2175	0	0
2026.05.07	18:00:00	184.002	184.100	184.001	184.077	1878	0	0
2026.05.07	18:15:00	184.077	184.115	184.055	184.060	2114	0	0
2026.05.07	18:30:00	184.060	184.165	184.049	184.144	1706	0	0
2026.05.07	18:45:00	184.144	184.159	184.080	184.086	1733	0	0
2026.05.07	19:00:00	184.087	184.173	184.083	184.109	2165	0	0
2026.05.07	19:15:00	184.109	184.187	184.102	184.186	1580	0	0
2026.05.07	19:30:00	184.186	184.210	184.156	184.160	1211	0	1
2026.05.07	19:45:00	184.160	184.224	184.145	184.211	1435	0	0
2026.05.07	20:00:00	184.211	184.240	184.185	184.216	1294	0	0
2026.05.07	20:15:00	184.214	184.236	184.139	184.143	2107	0	0
2026.05.07	20:30:00	184.144	184.182	184.043	184.098	2382	0	0
2026.05.07	20:45:00	184.098	184.130	184.046	184.072	2133	0	0
2026.05.07	21:00:00	184.071	184.073	184.033	184.049	1629	0	0
2026.05.07	21:15:00	184.049	184.125	184.046	184.122	1387	0	0
2026.05.07	21:30:00	184.124	184.219	184.118	184.183	1667	0	0
2026.05.07	21:45:00	184.183	184.224	184.145	184.177	2231	0	0
2026.05.07	22:00:00	184.177	184.196	184.120	184.130	1763	0	0
2026.05.07	22:15:00	184.130	184.140	184.076	184.098	2207	0	0
2026.05.07	22:30:00	184.098	184.141	184.097	184.124	1020	0	0
2026.05.07	22:45:00	184.124	184.131	184.061	184.071	1748	0	0
2026.05.07	23:00:00	184.065	184.139	184.046	184.136	1701	0	3
2026.05.07	23:15:00	184.136	184.138	184.067	184.086	895	0	3
2026.05.07	23:30:00	184.086	184.100	184.012	184.048	1868	0	6
2026.05.07	23:45:00	184.048	184.066	183.964	183.969	1944	0	8
2026.05.08	00:00:00	183.866	183.949	183.824	183.908	204	0	124
2026.05.08	00:15:00	183.908	183.983	183.817	183.900	535	0	121
2026.05.08	00:30:00	183.900	183.904	183.776	183.867	589	0	75
2026.05.08	00:45:00	183.867	183.985	183.848	183.917	876	0	30
2026.05.08	01:00:00	183.917	184.033	183.866	183.977	847	0	0
2026.05.08	01:15:00	183.977	184.011	183.968	183.995	936	0	10
2026.05.08	01:30:00	183.997	184.030	183.982	184.005	529	0	8
2026.05.08	01:45:00	184.005	184.005	183.933	183.956	329	0	4
2026.05.08	02:00:00	183.956	183.966	183.943	183.955	435	0	2
2026.05.08	02:15:00	183.955	184.018	183.941	184.016	301	0	4
2026.05.08	02:30:00	184.016	184.021	183.980	184.001	295	0	9
2026.05.08	02:45:00	184.001	184.001	183.964	183.990	541	0	2
2026.05.08	03:00:00	183.991	184.059	183.991	184.040	1686	0	1
2026.05.08	03:15:00	184.040	184.055	183.977	183.986	1502	0	0
2026.05.08	03:30:00	183.986	184.073	183.981	184.028	1093	0	0
2026.05.08	03:45:00	184.028	184.118	184.003	184.077	1620	0	0
2026.05.08	04:00:00	184.079	184.124	184.063	184.090	1278	0	4
2026.05.08	04:15:00	184.090	184.096	184.047	184.073	1061	0	4
2026.05.08	04:30:00	184.073	184.075	184.013	184.052	904	0	5
2026.05.08	04:45:00	184.052	184.087	184.049	184.086	674	0	5
2026.05.08	05:00:00	184.086	184.124	184.079	184.091	925	0	4
2026.05.08	05:15:00	184.091	184.100	184.043	184.073	954	0	6
2026.05.08	05:30:00	184.073	184.075	184.004	184.013	1156	0	4
2026.05.08	05:45:00	184.013	184.037	183.984	183.991	868	0	2
2026.05.08	06:00:00	183.991	184.000	183.946	183.964	773	0	5
2026.05.08	06:15:00	183.967	183.982	183.937	183.964	550	0	2
2026.05.08	06:30:00	183.964	183.979	183.931	183.954	841	0	3
2026.05.08	06:45:00	183.954	183.973	183.940	183.946	678	0	5
2026.05.08	07:00:00	183.946	183.999	183.944	183.976	708	0	6
2026.05.08	07:15:00	183.976	184.015	183.970	183.993	885	0	5
2026.05.08	07:30:00	183.993	184.064	183.991	184.053	808	0	5
2026.05.08	07:45:00	184.053	184.096	184.051	184.061	845	0	5
2026.05.08	08:00:00	184.065	184.103	184.043	184.077	739	0	2
2026.05.08	08:15:00	184.077	184.101	184.066	184.085	650	0	1
2026.05.08	08:30:00	184.085	184.096	184.048	184.072	709	0	0
2026.05.08	08:45:00	184.072	184.111	184.064	184.081	783	0	0
2026.05.08	09:00:00	184.083	184.183	184.056	184.148	1477	0	0
2026.05.08	09:15:00	184.150	184.172	184.103	184.149	922	0	1
2026.05.08	09:30:00	184.149	184.169	184.108	184.144	1137	0	0
2026.05.08	09:45:00	184.144	184.195	184.144	184.188	911	0	0
2026.05.08	10:00:00	184.188	184.204	184.115	184.194	1561	0	0
2026.05.08	10:15:00	184.194	184.196	184.163	184.170	1266	0	1
2026.05.08	10:30:00	184.170	184.186	184.145	184.180	968	0	0
2026.05.08	10:45:00	184.180	184.186	184.122	184.170	960	0	1
2026.05.08	11:00:00	184.170	184.214	184.169	184.174	1276	0	0
2026.05.08	11:15:00	184.174	184.252	184.170	184.240	1565	0	0
2026.05.08	11:30:00	184.240	184.265	184.208	184.250	1289	0	0
2026.05.08	11:45:00	184.250	184.345	184.239	184.345	1527	0	0
2026.05.08	12:00:00	184.345	184.391	184.327	184.374	1273	0	0
2026.05.08	12:15:00	184.374	184.426	184.350	184.390	1108	0	0
2026.05.08	12:30:00	184.390	184.395	184.351	184.376	829	0	0
2026.05.08	12:45:00	184.376	184.424	184.376	184.399	1101	0	0
2026.05.08	13:00:00	184.399	184.472	184.388	184.450	1072	0	1
2026.05.08	13:15:00	184.450	184.465	184.412	184.445	637	0	1
2026.05.08	13:30:00	184.445	184.494	184.435	184.436	809	0	0
2026.05.08	13:45:00	184.436	184.449	184.400	184.427	803	0	0
2026.05.08	14:00:00	184.426	184.452	184.404	184.434	837	0	0
2026.05.08	14:15:00	184.434	184.478	184.422	184.470	761	0	0
2026.05.08	14:30:00	184.470	184.492	184.447	184.450	654	0	0
2026.05.08	14:45:00	184.450	184.469	184.407	184.424	1046	0	0
2026.05.08	15:00:00	184.424	184.425	184.351	184.358	1144	0	0
2026.05.08	15:15:00	184.358	184.434	184.331	184.391	1298	0	0
2026.05.08	15:30:00	184.391	184.433	184.279	184.410	3212	0	0
2026.05.08	15:45:00	184.410	184.450	184.370	184.434	1982	0	0
2026.05.08	16:00:00	184.434	184.446	184.348	184.353	2008	0	0
2026.05.08	16:15:00	184.353	184.403	184.280	184.315	1771	0	0
2026.05.08	16:30:00	184.315	184.429	184.315	184.391	2026	0	0
2026.05.08	16:45:00	184.391	184.421	184.355	184.370	1622	0	0
2026.05.08	17:00:00	184.370	184.387	184.325	184.385	1777	0	1
2026.05.08	17:15:00	184.385	184.427	184.344	184.352	1721	0	0
2026.05.08	17:30:00	184.352	184.408	184.333	184.374	1561	0	0
2026.05.08	17:45:00	184.374	184.445	184.359	184.420	1554	0	0
2026.05.08	18:00:00	184.420	184.464	184.341	184.356	1935	0	0
2026.05.08	18:15:00	184.357	184.406	184.315	184.377	1511	0	0
2026.05.08	18:30:00	184.377	184.461	184.353	184.430	1547	0	0
2026.05.08	18:45:00	184.430	184.493	184.414	184.415	1297	0	0
2026.05.08	19:00:00	184.416	184.479	184.394	184.472	1248	0	0
2026.05.08	19:15:00	184.472	184.483	184.457	184.462	724	0	2
2026.05.08	19:30:00	184.462	184.482	184.438	184.467	670	0	0
2026.05.08	19:45:00	184.467	184.473	184.431	184.454	733	0	1
2026.05.08	20:00:00	184.454	184.483	184.452	184.475	793	0	0
2026.05.08	20:15:00	184.475	184.478	184.414	184.419	787	0	0
2026.05.08	20:30:00	184.419	184.468	184.405	184.453	677	0	1
2026.05.08	20:45:00	184.453	184.492	184.448	184.461	883	0	0
2026.05.08	21:00:00	184.461	184.501	184.444	184.486	1309	0	0
2026.05.08	21:15:00	184.486	184.506	184.472	184.490	843	0	2
2026.05.08	21:30:00	184.493	184.558	184.490	184.553	888	0	0
2026.05.08	21:45:00	184.553	184.595	184.539	184.565	1011	0	0
2026.05.08	22:00:00	184.565	184.630	184.561	184.612	757	0	1
2026.05.08	22:15:00	184.612	184.645	184.600	184.639	490	0	0
2026.05.08	22:30:00	184.639	184.677	184.639	184.660	934	0	0
2026.05.08	22:45:00	184.660	184.677	184.562	184.633	1053	0	0
2026.05.08	23:00:00	184.628	184.688	184.616	184.643	784	0	6
2026.05.08	23:15:00	184.643	184.670	184.624	184.642	497	0	0
2026.05.08	23:30:00	184.642	184.686	184.633	184.659	1058	0	6
2026.05.08	23:45:00	184.658	184.736	184.623	184.673	1321	0	0
2026.05.11	00:00:00	183.767	184.047	183.730	184.015	525	0	87
2026.05.11	00:15:00	184.015	184.103	183.971	184.103	526	0	74
2026.05.11	00:30:00	184.103	184.286	184.053	184.279	931	0	61
2026.05.11	00:45:00	184.280	184.361	184.235	184.324	636	0	44
2026.05.11	01:00:00	184.324	184.579	184.319	184.534	1875	0	5
2026.05.11	01:15:00	184.534	184.537	184.460	184.504	663	0	10
2026.05.11	01:30:00	184.504	184.572	184.500	184.566	629	0	6
2026.05.11	01:45:00	184.565	184.579	184.550	184.570	281	0	9
2026.05.11	02:00:00	184.569	184.583	184.542	184.565	471	0	6
2026.05.11	02:15:00	184.565	184.623	184.565	184.620	311	0	7
2026.05.11	02:30:00	184.620	184.624	184.589	184.612	317	0	9
2026.05.11	02:45:00	184.613	184.614	184.574	184.585	448	0	7
2026.05.11	03:00:00	184.585	184.672	184.579	184.638	1450	0	2
2026.05.11	03:15:00	184.638	184.666	184.605	184.665	975	0	4
2026.05.11	03:30:00	184.665	184.746	184.663	184.736	882	0	4
2026.05.11	03:45:00	184.736	184.802	184.707	184.713	2154	0	0
2026.05.11	04:00:00	184.713	184.767	184.713	184.732	1712	0	4
2026.05.11	04:15:00	184.732	184.733	184.680	184.696	1033	0	2
2026.05.11	04:30:00	184.696	184.737	184.675	184.730	1185	0	4
2026.05.11	04:45:00	184.730	184.797	184.726	184.784	964	0	3
2026.05.11	05:00:00	184.784	184.810	184.749	184.778	936	0	5
2026.05.11	05:15:00	184.778	184.817	184.773	184.795	537	0	5
2026.05.11	05:30:00	184.795	184.870	184.781	184.825	709	0	2
2026.05.11	05:45:00	184.825	184.826	184.767	184.787	828	0	5
2026.05.11	06:00:00	184.787	184.801	184.764	184.768	814	0	5
2026.05.11	06:15:00	184.768	184.793	184.749	184.752	603	0	5
2026.05.11	06:30:00	184.752	184.764	184.721	184.721	441	0	6
2026.05.11	06:45:00	184.720	184.782	184.717	184.761	541	0	6
2026.05.11	07:00:00	184.761	184.764	184.706	184.714	655	0	3
2026.05.11	07:15:00	184.713	184.732	184.703	184.720	470	0	3
2026.05.11	07:30:00	184.720	184.724	184.664	184.671	458	0	6
2026.05.11	07:45:00	184.671	184.672	184.606	184.628	570	0	5
2026.05.11	08:00:00	184.633	184.660	184.616	184.630	534	0	2
2026.05.11	08:15:00	184.629	184.651	184.615	184.628	478	0	2
2026.05.11	08:30:00	184.628	184.661	184.620	184.635	524	0	1
2026.05.11	08:45:00	184.635	184.649	184.603	184.635	702	0	1
2026.05.11	09:00:00	184.635	184.724	184.625	184.692	1190	0	2
2026.05.11	09:15:00	184.693	184.703	184.656	184.673	871	0	0
2026.05.11	09:30:00	184.678	184.715	184.646	184.671	1037	0	0
2026.05.11	09:45:00	184.672	184.772	184.669	184.750	1030	0	0
2026.05.11	10:00:00	184.750	184.848	184.731	184.845	1154	0	0
2026.05.11	10:15:00	184.845	184.919	184.843	184.875	1064	0	0
2026.05.11	10:30:00	184.874	184.911	184.842	184.904	830	0	2
2026.05.11	10:45:00	184.904	184.968	184.891	184.966	927	0	0
2026.05.11	11:00:00	184.966	185.016	184.938	184.983	1128	0	0
2026.05.11	11:15:00	184.983	185.020	184.957	184.996	1152	0	0
2026.05.11	11:30:00	184.996	185.015	184.869	184.886	1086	0	0
2026.05.11	11:45:00	184.886	184.946	184.875	184.916	1013	0	0
2026.05.11	12:00:00	184.915	184.971	184.911	184.957	713	0	2
2026.05.11	12:15:00	184.958	184.971	184.922	184.930	693	0	1
2026.05.11	12:30:00	184.929	184.966	184.899	184.901	727	0	1
2026.05.11	12:45:00	184.901	184.926	184.882	184.917	718	0	1
2026.05.11	13:00:00	184.919	184.928	184.869	184.893	751	0	0
2026.05.11	13:15:00	184.893	184.903	184.839	184.890	640	0	1
2026.05.11	13:30:00	184.890	184.942	184.884	184.939	970	0	0
2026.05.11	13:45:00	184.939	184.965	184.928	184.943	1090	0	1
2026.05.11	14:00:00	184.943	184.977	184.909	184.977	1025	0	1
2026.05.11	14:15:00	184.977	184.983	184.939	184.962	712	0	2
2026.05.11	14:30:00	184.962	184.971	184.931	184.956	780	0	2
2026.05.11	14:45:00	184.956	184.973	184.844	184.906	1060	0	0
2026.05.11	15:00:00	184.904	184.913	184.862	184.892	984	0	0
2026.05.11	15:15:00	184.892	184.941	184.846	184.923	1100	0	0
2026.05.11	15:30:00	184.923	184.966	184.883	184.944	1038	0	1
2026.05.11	15:45:00	184.944	184.997	184.894	184.996	1342	0	0
2026.05.11	16:00:00	184.995	185.128	184.993	185.088	1469	0	0
2026.05.11	16:15:00	185.088	185.103	185.032	185.057	1016	0	0
2026.05.11	16:30:00	185.057	185.074	185.027	185.070	1389	0	1
2026.05.11	16:45:00	185.070	185.106	185.034	185.071	1476	0	0
2026.05.11	17:00:00	185.071	185.083	185.018	185.077	1304	0	0
2026.05.11	17:15:00	185.077	185.088	185.047	185.074	1039	0	0
2026.05.11	17:30:00	185.076	185.115	185.058	185.098	1349	0	0
2026.05.11	17:45:00	185.098	185.099	184.925	184.939	2045	0	0
2026.05.11	18:00:00	184.939	185.037	184.932	185.023	1523	0	0
2026.05.11	18:15:00	185.023	185.037	184.980	184.994	1365	0	0
2026.05.11	18:30:00	184.992	185.012	184.980	184.990	1093	0	1
2026.05.11	18:45:00	184.990	185.015	184.961	185.001	1183	0	1
2026.05.11	19:00:00	185.001	185.020	184.971	185.013	805	0	2
2026.05.11	19:15:00	185.013	185.037	185.007	185.011	651	0	1
2026.05.11	19:30:00	185.011	185.068	184.999	185.036	1039	0	0
2026.05.11	19:45:00	185.036	185.059	185.006	185.026	1038	0	0
2026.05.11	20:00:00	185.026	185.095	185.015	185.060	1129	0	0
2026.05.11	20:15:00	185.061	185.078	185.037	185.046	1122	0	0
2026.05.11	20:30:00	185.046	185.070	185.039	185.055	846	0	0
2026.05.11	20:45:00	185.056	185.061	185.033	185.045	518	0	1
2026.05.11	21:00:00	185.045	185.075	185.041	185.075	565	0	1
2026.05.11	21:15:00	185.075	185.112	185.072	185.093	741	0	1
2026.05.11	21:30:00	185.093	185.129	185.091	185.114	484	0	0
2026.05.11	21:45:00	185.114	185.122	185.094	185.110	759	0	2
2026.05.11	22:00:00	185.110	185.155	185.105	185.148	766	0	2
2026.05.11	22:15:00	185.148	185.178	185.137	185.169	502	0	1
2026.05.11	22:30:00	185.167	185.217	185.162	185.200	491	0	2
2026.05.11	22:45:00	185.200	185.220	185.162	185.191	790	0	0
2026.05.11	23:00:00	185.186	185.199	185.157	185.193	901	0	6
2026.05.11	23:15:00	185.193	185.221	185.191	185.209	466	0	9
2026.05.11	23:30:00	185.209	185.249	185.208	185.213	501	0	6
2026.05.11	23:45:00	185.212	185.244	185.199	185.240	851	0	8
2026.05.12	00:00:00	184.962	185.195	184.962	185.195	178	0	43
2026.05.12	00:15:00	185.194	185.218	185.098	185.192	407	0	40
2026.05.12	00:30:00	185.193	185.207	185.129	185.141	304	0	90
2026.05.12	00:45:00	185.141	185.180	185.108	185.162	550	0	66
2026.05.12	01:00:00	185.163	185.272	185.157	185.266	353	0	11
2026.05.12	01:15:00	185.266	185.294	185.258	185.287	183	0	6
2026.05.12	01:30:00	185.286	185.291	185.276	185.277	288	0	8
2026.05.12	01:45:00	185.278	185.278	185.252	185.255	347	0	7
2026.05.12	02:00:00	185.255	185.258	185.235	185.245	284	0	8
2026.05.12	02:15:00	185.245	185.264	185.228	185.228	401	0	7
2026.05.12	02:30:00	185.228	185.236	185.193	185.207	686	0	6
2026.05.12	02:45:00	185.207	185.219	185.184	185.201	671	0	5
2026.05.12	03:00:00	185.202	185.217	185.174	185.206	1191	0	4
2026.05.12	03:15:00	185.206	185.213	185.169	185.194	1023	0	2
2026.05.12	03:30:00	185.194	185.205	185.184	185.202	690	0	3
2026.05.12	03:45:00	185.202	185.255	185.183	185.236	1856	0	0
2026.05.12	04:00:00	185.236	185.287	185.203	185.282	1692	0	0
2026.05.12	04:15:00	185.282	185.304	185.244	185.303	1555	0	2
2026.05.12	04:30:00	185.304	185.335	185.248	185.312	1952	0	3
2026.05.12	04:45:00	185.312	185.319	185.280	185.285	1578	0	3
2026.05.12	05:00:00	185.285	185.333	185.275	185.308	976	0	4
2026.05.12	05:15:00	185.308	185.326	185.291	185.323	793	0	4
2026.05.12	05:30:00	185.323	185.390	185.318	185.374	976	0	0
2026.05.12	05:45:00	185.374	185.391	185.357	185.361	941	0	5
2026.05.12	06:00:00	185.361	185.366	185.295	185.300	858	0	1
2026.05.12	06:15:00	185.300	185.300	185.248	185.253	586	0	5
2026.05.12	06:30:00	185.253	185.298	185.251	185.296	636	0	6
2026.05.12	06:45:00	185.296	185.333	185.277	185.294	748	0	6
2026.05.12	07:00:00	185.294	185.326	185.285	185.293	742	0	6
2026.05.12	07:15:00	185.293	185.319	185.287	185.315	708	0	5
2026.05.12	07:30:00	185.315	185.344	185.267	185.275	782	0	3
2026.05.12	07:45:00	185.275	185.280	185.241	185.273	824	0	5
2026.05.12	08:00:00	185.273	185.342	185.273	185.293	752	0	0
2026.05.12	08:15:00	185.293	185.359	185.275	185.339	779	0	0
2026.05.12	08:30:00	185.339	185.444	185.331	185.432	907	0	2
2026.05.12	08:45:00	185.432	185.460	184.440	185.039	2484	0	0
2026.05.12	09:00:00	185.043	185.085	184.785	184.941	3095	0	0
2026.05.12	09:15:00	184.940	185.104	184.928	185.098	2062	0	0
2026.05.12	09:30:00	185.098	185.146	184.949	185.041	2271	0	0
2026.05.12	09:45:00	185.037	185.100	184.990	185.082	1667	0	0
2026.05.12	10:00:00	185.084	185.095	184.996	185.032	2001	0	0
2026.05.12	10:15:00	185.034	185.127	184.942	185.020	1771	0	0
2026.05.12	10:30:00	185.020	185.043	184.933	185.023	1436	0	0
2026.05.12	10:45:00	185.023	185.054	184.991	185.035	1471	0	0
2026.05.12	11:00:00	185.035	185.088	184.974	185.083	1407	0	0
2026.05.12	11:15:00	185.083	185.172	185.067	185.162	1618	0	0
2026.05.12	11:30:00	185.162	185.170	185.051	185.117	1295	0	0
2026.05.12	11:45:00	185.117	185.145	185.075	185.119	1590	0	0
2026.05.12	12:00:00	185.119	185.192	185.119	185.168	1113	0	0
2026.05.12	12:15:00	185.168	185.201	185.106	185.117	1010	0	0
2026.05.12	12:30:00	185.118	185.178	185.102	185.108	1508	0	0
2026.05.12	12:45:00	185.109	185.164	185.084	185.098	1067	0	0
2026.05.12	13:00:00	185.099	185.151	185.079	185.131	774	0	0
2026.05.12	13:15:00	185.131	185.156	185.095	185.095	776	0	1
2026.05.12	13:30:00	185.098	185.101	185.001	185.020	915	0	0
2026.05.12	13:45:00	185.020	185.049	184.985	184.988	824	0	0
2026.05.12	14:00:00	184.988	185.010	184.932	184.992	1449	0	0
2026.05.12	14:15:00	184.992	185.026	184.980	185.005	808	0	0
2026.05.12	14:30:00	185.005	185.049	184.992	185.038	955	0	1
2026.05.12	14:45:00	185.038	185.075	184.999	185.051	1187	0	0
2026.05.12	15:00:00	185.051	185.060	184.967	185.038	1643	0	0
2026.05.12	15:15:00	185.040	185.079	184.994	185.008	1455	0	0
2026.05.12	15:30:00	185.008	185.083	184.992	185.079	2126	0	0
2026.05.12	15:45:00	185.080	185.116	185.044	185.092	1688	0	0
2026.05.12	16:00:00	185.092	185.127	185.006	185.006	1784	0	0
2026.05.12	16:15:00	185.006	185.017	184.929	184.993	2021	0	0
2026.05.12	16:30:00	184.995	185.047	184.988	184.992	1906	0	0
2026.05.12	16:45:00	184.991	185.009	184.897	184.924	1985	0	1
2026.05.12	17:00:00	184.924	184.949	184.872	184.920	1976	0	2
2026.05.12	17:15:00	184.920	184.943	184.876	184.920	1364	0	0
2026.05.12	17:30:00	184.920	184.950	184.878	184.924	1649	0	1
2026.05.12	17:45:00	184.923	185.001	184.881	184.987	2104	0	0
2026.05.12	18:00:00	184.987	185.015	184.917	184.923	2075	0	0
2026.05.12	18:15:00	184.923	184.959	184.900	184.945	1584	0	0
2026.05.12	18:30:00	184.947	185.033	184.943	184.995	1390	0	0
2026.05.12	18:45:00	184.995	185.053	184.993	185.036	1095	0	0
2026.05.12	19:00:00	185.037	185.112	185.024	185.109	1174	0	0
2026.05.12	19:15:00	185.109	185.111	185.062	185.078	1047	0	0
2026.05.12	19:30:00	185.078	185.078	185.026	185.032	766	0	0
2026.05.12	19:45:00	185.032	185.047	185.008	185.019	952	0	1
2026.05.12	20:00:00	185.019	185.035	184.984	185.028	1038	0	1
2026.05.12	20:15:00	185.028	185.034	184.977	184.991	741	0	2
2026.05.12	20:30:00	184.991	185.024	184.983	185.007	695	0	0
2026.05.12	20:45:00	185.007	185.029	184.992	185.027	724	0	0
2026.05.12	21:00:00	185.027	185.049	184.991	185.003	939	0	2
2026.05.12	21:15:00	185.003	185.007	184.952	184.969	901	0	0
2026.05.12	21:30:00	184.968	185.037	184.967	185.025	944	0	1
2026.05.12	21:45:00	185.025	185.049	185.008	185.023	847	0	2
2026.05.12	22:00:00	185.024	185.054	185.011	185.048	694	0	1
2026.05.12	22:15:00	185.048	185.054	185.017	185.019	412	0	2
2026.05.12	22:30:00	185.019	185.046	185.013	185.025	553	0	0
2026.05.12	22:45:00	185.025	185.071	185.006	185.069	784	0	2
2026.05.12	23:00:00	185.069	185.069	185.009	185.042	461	0	0
2026.05.12	23:15:00	185.042	185.051	185.030	185.040	296	0	11
2026.05.12	23:30:00	185.040	185.057	185.022	185.049	551	0	9
2026.05.12	23:45:00	185.049	185.071	185.007	185.029	975	0	10
2026.05.13	00:00:00	184.926	184.933	184.794	184.899	56	0	135
2026.05.13	00:15:00	184.899	184.952	184.871	184.891	122	0	133
2026.05.13	00:30:00	184.891	184.980	184.891	184.962	204	0	56
2026.05.13	00:45:00	184.962	185.025	184.893	184.943	647	0	36
2026.05.13	01:00:00	184.943	185.031	184.943	184.998	329	0	10
2026.05.13	01:15:00	184.998	185.008	184.992	185.006	186	0	10
2026.05.13	01:30:00	185.004	185.020	185.003	185.008	138	0	9
2026.05.13	01:45:00	185.008	185.021	184.992	185.008	85	0	10
2026.05.13	02:00:00	185.008	185.022	184.996	185.001	227	0	6
2026.05.13	02:15:00	185.001	185.012	184.983	185.004	189	0	0
2026.05.13	02:30:00	185.004	185.007	184.965	184.988	131	0	0
2026.05.13	02:45:00	184.988	185.047	184.987	185.022	417	0	4
2026.05.13	03:00:00	185.023	185.054	185.005	185.032	717	0	5
2026.05.13	03:15:00	185.032	185.046	185.008	185.023	898	0	4
2026.05.13	03:30:00	185.024	185.074	185.015	185.022	865	0	3
2026.05.13	03:45:00	185.022	185.150	185.022	185.123	1179	0	0
2026.05.13	04:00:00	185.123	185.153	185.066	185.109	1052	0	2
2026.05.13	04:15:00	185.109	185.111	184.988	185.054	1269	0	0
2026.05.13	04:30:00	185.054	185.078	185.016	185.034	980	0	0
2026.05.13	04:45:00	185.033	185.088	185.006	185.061	1045	0	2
2026.05.13	05:00:00	185.061	185.116	185.010	185.105	777	0	2
2026.05.13	05:15:00	185.105	185.127	185.075	185.079	529	0	2
2026.05.13	05:30:00	185.079	185.099	185.046	185.047	427	0	4
2026.05.13	05:45:00	185.047	185.076	185.034	185.041	698	0	4
2026.05.13	06:00:00	185.041	185.046	184.987	185.007	803	0	4
2026.05.13	06:15:00	185.007	185.018	185.000	185.010	602	0	6
2026.05.13	06:30:00	185.010	185.033	185.010	185.016	549	0	5
2026.05.13	06:45:00	185.016	185.037	185.009	185.028	469	0	6
2026.05.13	07:00:00	185.028	185.040	185.022	185.032	430	0	4
2026.05.13	07:15:00	185.032	185.055	185.030	185.052	403	0	3
2026.05.13	07:30:00	185.052	185.084	185.052	185.076	508	0	5
2026.05.13	07:45:00	185.076	185.084	185.058	185.073	438	0	0
2026.05.13	08:00:00	185.073	185.100	185.073	185.091	550	0	2
2026.05.13	08:15:00	185.091	185.120	185.081	185.097	576	0	2
2026.05.13	08:30:00	185.097	185.101	185.039	185.042	504	0	2
2026.05.13	08:45:00	185.042	185.068	185.029	185.030	648	0	0
2026.05.13	09:00:00	185.030	185.063	184.960	184.976	908	0	0
2026.05.13	09:15:00	184.976	184.991	184.940	184.973	761	0	1
2026.05.13	09:30:00	184.973	184.973	184.888	184.922	982	0	0
2026.05.13	09:45:00	184.922	184.946	184.853	184.906	940	0	2
2026.05.13	10:00:00	184.906	184.918	184.805	184.812	1399	0	0
2026.05.13	10:15:00	184.811	184.826	184.764	184.766	789	0	0
2026.05.13	10:30:00	184.766	184.797	184.741	184.793	1072	0	0
2026.05.13	10:45:00	184.793	184.857	184.768	184.777	1161	0	0
2026.05.13	11:00:00	184.777	184.789	184.693	184.735	1406	0	0
2026.05.13	11:15:00	184.735	184.781	184.735	184.760	839	0	0
2026.05.13	11:30:00	184.760	184.784	184.698	184.726	847	0	0
2026.05.13	11:45:00	184.726	184.738	184.628	184.683	1205	0	0
2026.05.13	12:00:00	184.683	184.719	184.669	184.680	1124	0	0
2026.05.13	12:15:00	184.680	184.698	184.640	184.660	1038	0	0
2026.05.13	12:30:00	184.660	184.732	184.646	184.725	986	0	0
2026.05.13	12:45:00	184.725	184.783	184.713	184.765	1000	0	0
2026.05.13	13:00:00	184.765	184.775	184.669	184.713	1190	0	0
2026.05.13	13:15:00	184.713	184.772	184.708	184.767	1086	0	0
2026.05.13	13:30:00	184.767	184.819	184.759	184.812	850	0	2
2026.05.13	13:45:00	184.814	184.880	184.808	184.844	1081	0	2
2026.05.13	14:00:00	184.844	184.880	184.838	184.871	851	0	0
2026.05.13	14:15:00	184.871	184.879	184.828	184.835	668	0	2
2026.05.13	14:30:00	184.834	184.862	184.817	184.842	669	0	0
2026.05.13	14:45:00	184.842	184.857	184.771	184.779	812	0	0
2026.05.13	15:00:00	184.779	184.839	184.773	184.814	850	0	2
2026.05.13	15:15:00	184.814	184.814	184.713	184.722	1235	0	2
2026.05.13	15:30:00	184.722	184.817	184.667	184.740	2371	0	0
2026.05.13	15:45:00	184.740	184.758	184.670	184.709	1408	0	0
2026.05.13	16:00:00	184.709	184.763	184.705	184.728	1338	0	1
2026.05.13	16:15:00	184.728	184.741	184.694	184.713	1085	0	1
2026.05.13	16:30:00	184.713	184.765	184.696	184.742	1883	0	1
2026.05.13	16:45:00	184.742	184.786	184.729	184.757	1742	0	0
2026.05.13	17:00:00	184.757	184.801	184.724	184.776	1563	0	0
2026.05.13	17:15:00	184.775	184.843	184.754	184.815	1384	0	2
2026.05.13	17:30:00	184.815	184.838	184.771	184.779	1182	0	2
2026.05.13	17:45:00	184.779	184.859	184.732	184.821	1754	0	0
2026.05.13	18:00:00	184.821	184.860	184.812	184.838	1400	0	2
2026.05.13	18:15:00	184.838	184.894	184.835	184.872	1000	0	1
2026.05.13	18:30:00	184.872	184.882	184.823	184.851	1267	0	2
2026.05.13	18:45:00	184.851	184.872	184.834	184.843	1052	0	0
2026.05.13	19:00:00	184.843	184.866	184.821	184.855	907	0	1
2026.05.13	19:15:00	184.855	184.875	184.830	184.844	1311	0	0
2026.05.13	19:30:00	184.844	184.860	184.817	184.833	1136	0	2
2026.05.13	19:45:00	184.833	184.856	184.816	184.829	864	0	2
2026.05.13	20:00:00	184.829	184.845	184.815	184.836	819	0	1
2026.05.13	20:15:00	184.836	184.853	184.828	184.841	476	0	2
2026.05.13	20:30:00	184.841	184.852	184.831	184.841	573	0	2
2026.05.13	20:45:00	184.841	184.860	184.829	184.836	634	0	2
2026.05.13	21:00:00	184.836	184.861	184.833	184.840	670	0	2
2026.05.13	21:15:00	184.840	184.859	184.830	184.842	826	0	2
2026.05.13	21:30:00	184.844	184.854	184.820	184.846	676	0	1
2026.05.13	21:45:00	184.846	184.868	184.821	184.857	943	0	2
2026.05.13	22:00:00	184.857	184.889	184.853	184.872	643	0	0
2026.05.13	22:15:00	184.872	184.877	184.848	184.857	650	0	1
2026.05.13	22:30:00	184.855	184.890	184.855	184.883	768	0	2
2026.05.13	22:45:00	184.883	184.901	184.850	184.865	996	0	2
2026.05.13	23:00:00	184.860	184.918	184.847	184.894	1039	0	8
2026.05.13	23:15:00	184.894	184.930	184.882	184.907	529	0	9
2026.05.13	23:30:00	184.906	184.925	184.891	184.919	443	0	12
2026.05.13	23:45:00	184.919	184.949	184.915	184.945	418	0	12
2026.05.14	00:00:00	184.738	184.873	184.702	184.873	115	0	122
2026.05.14	00:15:00	184.896	184.902	184.601	184.698	230	0	38
2026.05.14	00:30:00	184.724	184.893	184.672	184.880	378	0	91
2026.05.14	00:45:00	184.880	184.944	184.753	184.862	606	0	23
2026.05.14	01:00:00	184.862	184.931	184.857	184.928	464	0	1
2026.05.14	01:15:00	184.928	184.936	184.908	184.912	302	0	9
2026.05.14	01:30:00	184.909	184.925	184.902	184.910	216	0	10
2026.05.14	01:45:00	184.910	184.922	184.904	184.915	190	0	11
2026.05.14	02:00:00	184.915	184.918	184.881	184.893	277	0	5
2026.05.14	02:15:00	184.893	184.895	184.867	184.891	208	0	8
2026.05.14	02:30:00	184.891	184.917	184.890	184.914	170	0	9
2026.05.14	02:45:00	184.914	184.940	184.912	184.940	342	0	8
2026.05.14	03:00:00	184.941	184.980	184.927	184.949	1025	0	2
2026.05.14	03:15:00	184.949	184.955	184.892	184.906	884	0	6
2026.05.14	03:30:00	184.906	184.922	184.902	184.919	622	0	8
2026.05.14	03:45:00	184.919	184.962	184.890	184.956	936	0	3
2026.05.14	04:00:00	184.955	184.977	184.936	184.954	1138	0	8
2026.05.14	04:15:00	184.954	184.979	184.946	184.972	918	0	4
2026.05.14	04:30:00	184.972	185.005	184.967	184.998	683	0	8
2026.05.14	04:45:00	184.998	185.007	184.963	184.974	754	0	6
2026.05.14	05:00:00	184.974	185.013	184.961	184.989	779	0	8
2026.05.14	05:15:00	184.991	185.001	184.968	184.988	671	0	8
2026.05.14	05:30:00	184.988	184.999	184.977	184.981	612	0	3
2026.05.14	05:45:00	184.981	184.994	184.958	184.959	881	0	6
2026.05.14	06:00:00	184.959	185.021	184.958	185.000	1028	0	0
2026.05.14	06:15:00	185.000	185.005	184.974	185.004	758	0	5
2026.05.14	06:30:00	185.004	185.038	184.997	185.026	714	0	8
2026.05.14	06:45:00	185.026	185.045	185.015	185.018	590	0	7
2026.05.14	07:00:00	185.018	185.019	184.555	184.879	1751	0	0
2026.05.14	07:15:00	184.879	184.897	184.794	184.888	1034	0	0
2026.05.14	07:30:00	184.888	184.944	184.876	184.931	769	0	6
2026.05.14	07:45:00	184.931	184.947	184.916	184.930	595	0	5
2026.05.14	08:00:00	184.934	184.963	184.918	184.937	934	0	2
2026.05.14	08:15:00	184.937	184.995	184.937	184.989	457	0	2
2026.05.14	08:30:00	184.989	184.991	184.938	184.948	520	0	2
2026.05.14	08:45:00	184.948	184.973	184.890	184.915	896	0	1
2026.05.14	09:00:00	184.915	184.923	184.862	184.873	920	0	0
2026.05.14	09:15:00	184.873	184.933	184.843	184.919	1208	0	0
2026.05.14	09:30:00	184.919	184.970	184.907	184.946	810	0	0
2026.05.14	09:45:00	184.946	185.016	184.911	184.968	1460	0	0
2026.05.14	10:00:00	184.968	185.013	184.951	184.970	1337	0	2
2026.05.14	10:15:00	184.970	184.972	184.908	184.911	1246	0	2
2026.05.14	10:30:00	184.911	184.969	184.898	184.933	1138	0	2
2026.05.14	10:45:00	184.933	184.939	184.865	184.880	1149	0	0
2026.05.14	11:00:00	184.880	184.931	184.855	184.869	1144	0	0
2026.05.14	11:15:00	184.869	184.912	184.857	184.891	1074	0	0
2026.05.14	11:30:00	184.891	184.935	184.885	184.919	1106	0	2
2026.05.14	11:45:00	184.919	184.927	184.887	184.919	834	0	0
2026.05.14	12:00:00	184.919	184.952	184.908	184.946	995	0	2
2026.05.14	12:15:00	184.946	184.951	184.900	184.902	649	0	2
2026.05.14	12:30:00	184.902	184.915	184.841	184.892	844	0	2
2026.05.14	12:45:00	184.892	184.919	184.863	184.875	811	0	2
2026.05.14	13:00:00	184.875	184.924	184.870	184.896	1103	0	1
2026.05.14	13:15:00	184.896	184.900	184.868	184.889	1024	0	0
2026.05.14	13:30:00	184.889	184.905	184.855	184.876	664	0	2
2026.05.14	13:45:00	184.876	184.920	184.869	184.919	1092	0	2
2026.05.14	14:00:00	184.919	184.922	184.872	184.889	1172	0	2
2026.05.14	14:15:00	184.889	184.892	184.848	184.852	815	0	2
2026.05.14	14:30:00	184.853	184.862	184.788	184.812	751	0	2
2026.05.14	14:45:00	184.812	184.857	184.807	184.825	843	0	2
2026.05.14	15:00:00	184.825	184.872	184.811	184.868	1202	0	0
2026.05.14	15:15:00	184.868	184.868	184.804	184.835	945	0	0
2026.05.14	15:30:00	184.839	184.852	184.767	184.774	1172	0	0
2026.05.14	15:45:00	184.774	184.837	184.768	184.785	891	0	2
2026.05.14	16:00:00	184.785	184.807	184.742	184.795	1387	0	0
2026.05.14	16:15:00	184.795	184.809	184.719	184.735	1307	0	0
2026.05.14	16:30:00	184.735	184.860	184.267	184.373	2717	0	0
2026.05.14	16:45:00	184.373	184.602	184.043	184.593	4309	0	0
2026.05.14	17:00:00	184.592	184.674	184.536	184.645	2334	0	0
2026.05.14	17:15:00	184.645	184.719	184.644	184.698	1784	0	2
2026.05.14	17:30:00	184.698	184.730	184.667	184.706	1290	0	0
2026.05.14	17:45:00	184.705	184.749	184.649	184.706	3145	0	0
2026.05.14	18:00:00	184.708	184.727	184.598	184.642	2469	0	0
2026.05.14	18:15:00	184.642	184.662	184.599	184.638	1584	0	0
2026.05.14	18:30:00	184.638	184.681	184.612	184.626	1289	0	1
2026.05.14	18:45:00	184.626	184.627	184.587	184.604	803	0	2
2026.05.14	19:00:00	184.604	184.683	184.589	184.680	1341	0	2
2026.05.14	19:15:00	184.680	184.699	184.648	184.676	1275	0	2
2026.05.14	19:30:00	184.676	184.677	184.631	184.667	1082	0	1
2026.05.14	19:45:00	184.667	184.701	184.636	184.683	962	0	2
2026.05.14	20:00:00	184.683	184.718	184.678	184.705	1016	0	1
2026.05.14	20:15:00	184.704	184.727	184.696	184.705	837	0	2
2026.05.14	20:30:00	184.705	184.750	184.695	184.748	905	0	2
2026.05.14	20:45:00	184.748	184.763	184.730	184.737	819	0	2
2026.05.14	21:00:00	184.737	184.740	184.691	184.735	1040	0	2
2026.05.14	21:15:00	184.735	184.743	184.700	184.705	617	0	2
2026.05.14	21:30:00	184.705	184.718	184.679	184.691	571	0	2
2026.05.14	21:45:00	184.691	184.725	184.689	184.720	596	0	0
2026.05.14	22:00:00	184.720	184.740	184.708	184.726	669	0	2
2026.05.14	22:15:00	184.726	184.827	184.723	184.787	1057	0	0
2026.05.14	22:30:00	184.787	184.840	184.770	184.773	1220	0	0
2026.05.14	22:45:00	184.772	184.830	184.767	184.817	1062	0	0
2026.05.14	23:00:00	184.812	184.822	184.794	184.801	749	0	11
2026.05.14	23:15:00	184.801	184.818	184.760	184.780	387	0	11
2026.05.14	23:30:00	184.780	184.826	184.777	184.825	572	0	10
2026.05.14	23:45:00	184.825	184.838	184.808	184.812	648	0	9
2026.05.15	00:00:00	184.677	184.726	184.646	184.706	54	0	124
2026.05.15	00:15:00	184.706	184.755	184.645	184.714	210	0	118
2026.05.15	00:30:00	184.714	184.798	184.706	184.789	383	0	71
2026.05.15	00:45:00	184.789	184.790	184.648	184.729	327	0	63
2026.05.15	01:00:00	184.729	184.830	184.707	184.821	533	0	8
2026.05.15	01:15:00	184.821	184.826	184.798	184.813	296	0	12
2026.05.15	01:30:00	184.814	184.836	184.811	184.834	194	0	12
2026.05.15	01:45:00	184.834	184.839	184.812	184.817	165	0	12
2026.05.15	02:00:00	184.817	184.818	184.770	184.771	340	0	4
2026.05.15	02:15:00	184.769	184.787	184.758	184.764	375	0	3
2026.05.15	02:30:00	184.764	184.772	184.733	184.745	234	0	6
2026.05.15	02:45:00	184.745	184.748	184.639	184.696	761	0	6
2026.05.15	03:00:00	184.696	184.731	184.627	184.665	1544	0	4
2026.05.15	03:15:00	184.665	184.705	184.655	184.666	1465	0	6
2026.05.15	03:30:00	184.666	184.691	184.623	184.652	1061	0	2
2026.05.15	03:45:00	184.652	184.713	184.641	184.701	1635	0	3
2026.05.15	04:00:00	184.701	184.713	184.673	184.691	1370	0	5
2026.05.15	04:15:00	184.693	184.729	184.649	184.699	1772	0	3
2026.05.15	04:30:00	184.699	184.701	184.568	184.609	1992	0	0
2026.05.15	04:45:00	184.609	184.638	184.602	184.635	1167	0	0
2026.05.15	05:00:00	184.635	184.689	184.632	184.642	1202	0	0
2026.05.15	05:15:00	184.642	184.696	184.633	184.675	968	0	4
2026.05.15	05:30:00	184.675	184.687	184.649	184.670	737	0	5
2026.05.15	05:45:00	184.670	184.740	184.670	184.735	1220	0	6
2026.05.15	06:00:00	184.735	184.741	184.695	184.712	969	0	4
2026.05.15	06:15:00	184.712	184.716	184.685	184.696	788	0	4
2026.05.15	06:30:00	184.696	184.705	184.643	184.690	831	0	5
2026.05.15	06:45:00	184.690	184.693	184.661	184.669	662	0	6
2026.05.15	07:00:00	184.669	184.676	184.648	184.669	555	0	3
2026.05.15	07:15:00	184.669	184.687	184.662	184.676	518	0	6
2026.05.15	07:30:00	184.676	184.686	184.654	184.655	683	0	5
2026.05.15	07:45:00	184.655	184.659	184.596	184.626	788	0	6
2026.05.15	08:00:00	184.626	184.658	184.600	184.654	1277	0	2
2026.05.15	08:15:00	184.654	184.672	184.629	184.646	1077	0	1
2026.05.15	08:30:00	184.646	184.679	184.624	184.650	1104	0	0
2026.05.15	08:45:00	184.651	184.652	184.487	184.509	1869	0	0
2026.05.15	09:00:00	184.508	184.692	184.508	184.586	2330	0	0
2026.05.15	09:15:00	184.586	184.638	184.564	184.569	1744	0	1
2026.05.15	09:30:00	184.569	184.575	184.402	184.430	1648	0	0
2026.05.15	09:45:00	184.430	184.464	184.333	184.337	1888	0	0
2026.05.15	10:00:00	184.337	184.457	184.325	184.452	1804	0	0
2026.05.15	10:15:00	184.452	184.495	184.390	184.397	1536	0	0
2026.05.15	10:30:00	184.396	184.401	184.346	184.392	1518	0	2
2026.05.15	10:45:00	184.393	184.416	184.357	184.381	1189	0	0
2026.05.15	11:00:00	184.388	184.401	184.333	184.369	1453	0	1
2026.05.15	11:15:00	184.369	184.385	184.319	184.353	1433	0	1
2026.05.15	11:30:00	184.353	184.378	184.268	184.376	1681	0	0
2026.05.15	11:45:00	184.376	184.464	184.357	184.457	1671	0	1
2026.05.15	12:00:00	184.453	184.472	184.240	184.242	1835	0	1
2026.05.15	12:15:00	184.242	184.310	184.176	184.270	1880	0	2
2026.05.15	12:30:00	184.270	184.291	184.209	184.242	1596	0	0
2026.05.15	12:45:00	184.242	184.320	184.193	184.320	1823	0	0
2026.05.15	13:00:00	184.321	184.398	184.312	184.386	1703	0	2
2026.05.15	13:15:00	184.386	184.459	184.370	184.430	1331	0	2
2026.05.15	13:30:00	184.430	184.538	184.427	184.510	1576	0	0
2026.05.15	13:45:00	184.510	184.558	184.479	184.487	2996	0	0
2026.05.15	14:00:00	184.487	184.537	184.450	184.525	1623	0	2
2026.05.15	14:15:00	184.525	184.542	184.488	184.513	1091	0	2
2026.05.15	14:30:00	184.513	184.533	184.438	184.442	1217	0	2
2026.05.15	14:45:00	184.442	184.459	184.409	184.446	1237	0	2
2026.05.15	15:00:00	184.446	184.451	184.338	184.369	1558	0	1
2026.05.15	15:15:00	184.369	184.382	184.320	184.362	1519	0	0
2026.05.15	15:30:00	184.361	184.381	184.259	184.272	1543	0	2
2026.05.15	15:45:00	184.273	184.398	184.250	184.366	1434	0	2
2026.05.15	16:00:00	184.366	184.380	184.313	184.367	1530	0	2
2026.05.15	16:15:00	184.368	184.446	184.358	184.413	1745	0	0
2026.05.15	16:30:00	184.412	184.509	184.394	184.459	2394	0	0
2026.05.15	16:45:00	184.458	184.501	184.399	184.448	2289	0	0
2026.05.15	17:00:00	184.449	184.518	184.449	184.475	2285	0	0
2026.05.15	17:15:00	184.475	184.603	184.474	184.568	2077	0	2
2026.05.15	17:30:00	184.568	184.593	184.519	184.527	1571	0	2
2026.05.15	17:45:00	184.527	184.544	184.431	184.435	2236	0	1
2026.05.15	18:00:00	184.435	184.502	184.400	184.476	2432	0	0
2026.05.15	18:15:00	184.475	184.489	184.394	184.435	1680	0	0
2026.05.15	18:30:00	184.435	184.491	184.428	184.468	1536	0	1
2026.05.15	18:45:00	184.468	184.521	184.460	184.509	1513	0	0
2026.05.15	19:00:00	184.509	184.537	184.473	184.488	1468	0	1
2026.05.15	19:15:00	184.488	184.530	184.469	184.527	1088	0	2
2026.05.15	19:30:00	184.527	184.589	184.504	184.585	1104	0	0
2026.05.15	19:45:00	184.585	184.587	184.528	184.576	1121	0	2
2026.05.15	20:00:00	184.576	184.591	184.555	184.581	1603	0	2
2026.05.15	20:15:00	184.581	184.604	184.569	184.575	1070	0	2
2026.05.15	20:30:00	184.575	184.597	184.539	184.541	1142	0	2
2026.05.15	20:45:00	184.541	184.574	184.541	184.552	736	0	2
2026.05.15	21:00:00	184.552	184.555	184.513	184.526	903	0	1
2026.05.15	21:15:00	184.526	184.529	184.441	184.446	1244	0	2
2026.05.15	21:30:00	184.445	184.459	184.412	184.454	1108	0	2
2026.05.15	21:45:00	184.454	184.499	184.429	184.447	920	0	2
2026.05.15	22:00:00	184.447	184.454	184.426	184.435	620	0	1
2026.05.15	22:15:00	184.435	184.474	184.427	184.458	608	0	2
2026.05.15	22:30:00	184.458	184.478	184.447	184.449	784	0	2
2026.05.15	22:45:00	184.449	184.522	184.446	184.517	1128	0	0
2026.05.15	23:00:00	184.512	184.522	184.482	184.513	933	0	9
2026.05.15	23:15:00	184.513	184.588	184.503	184.538	789	0	5
2026.05.15	23:30:00	184.537	184.549	184.518	184.535	1248	0	9
2026.05.15	23:45:00	184.534	184.609	184.524	184.576	1078	0	0
2026.05.18	00:00:00	184.269	184.394	184.192	184.205	221	0	149
2026.05.18	00:15:00	184.205	184.398	184.204	184.340	315	0	103
2026.05.18	00:30:00	184.340	184.425	184.335	184.420	143	0	105
2026.05.18	00:45:00	184.420	184.451	184.310	184.338	712	0	62
2026.05.18	01:00:00	184.338	184.582	184.338	184.564	610	0	12
2026.05.18	01:15:00	184.564	184.582	184.541	184.542	330	0	10
2026.05.18	01:30:00	184.542	184.579	184.528	184.576	278	0	6
2026.05.18	01:45:00	184.576	184.577	184.557	184.561	184	0	9
2026.05.18	02:00:00	184.561	184.570	184.518	184.564	420	0	0
2026.05.18	02:15:00	184.565	184.566	184.539	184.554	373	0	8
2026.05.18	02:30:00	184.554	184.571	184.485	184.514	630	0	7
2026.05.18	02:45:00	184.514	184.514	184.475	184.483	746	0	8
2026.05.18	03:00:00	184.484	184.593	184.482	184.505	1764	0	4
2026.05.18	03:15:00	184.505	184.525	184.468	184.482	1294	0	7
2026.05.18	03:30:00	184.482	184.497	184.455	184.472	1302	0	7
2026.05.18	03:45:00	184.472	184.548	184.453	184.545	1673	0	5
2026.05.18	04:00:00	184.545	184.566	184.510	184.540	1523	0	6
2026.05.18	04:15:00	184.540	184.577	184.480	184.576	1850	0	7
2026.05.18	04:30:00	184.576	184.605	184.558	184.590	1402	0	4
2026.05.18	04:45:00	184.590	184.644	184.552	184.637	1219	0	7
2026.05.18	05:00:00	184.635	184.642	184.551	184.605	1308	0	2
2026.05.18	05:15:00	184.605	184.632	184.599	184.617	847	0	7
2026.05.18	05:30:00	184.617	184.628	184.575	184.598	975	0	5
2026.05.18	05:45:00	184.598	184.611	184.574	184.585	911	0	7
2026.05.18	06:00:00	184.584	184.638	184.582	184.636	850	0	8
2026.05.18	06:15:00	184.636	184.685	184.628	184.681	749	0	5
2026.05.18	06:30:00	184.680	184.716	184.663	184.714	809	0	2
2026.05.18	06:45:00	184.714	184.841	184.712	184.826	1101	0	0
2026.05.18	07:00:00	184.826	184.881	184.629	184.868	1568	0	0
2026.05.18	07:15:00	184.868	184.878	184.773	184.783	885	0	4
2026.05.18	07:30:00	184.783	184.786	184.728	184.739	839	0	4
2026.05.18	07:45:00	184.739	184.750	184.691	184.747	1013	0	7
2026.05.18	08:00:00	184.747	184.762	184.714	184.717	1226	0	2
2026.05.18	08:15:00	184.717	184.722	184.684	184.711	901	0	1
2026.05.18	08:30:00	184.711	184.718	184.672	184.701	1019	0	1
2026.05.18	08:45:00	184.701	184.756	184.684	184.747	1005	0	2
2026.05.18	09:00:00	184.747	184.786	184.696	184.785	1394	0	2
2026.05.18	09:15:00	184.785	184.795	184.741	184.791	1233	0	2
2026.05.18	09:30:00	184.791	184.871	184.769	184.865	1148	0	0
2026.05.18	09:45:00	184.865	184.888	184.843	184.887	1268	0	2
2026.05.18	10:00:00	184.887	184.939	184.853	184.920	1400	0	0
2026.05.18	10:15:00	184.920	184.940	184.840	184.840	1485	0	0
2026.05.18	10:30:00	184.841	184.906	184.818	184.847	1572	0	0
2026.05.18	10:45:00	184.847	184.884	184.835	184.855	1397	0	1
2026.05.18	11:00:00	184.855	184.862	184.812	184.853	1470	0	2
2026.05.18	11:15:00	184.853	184.876	184.817	184.845	1228	0	2
2026.05.18	11:30:00	184.848	184.929	184.827	184.889	1288	0	0
2026.05.18	11:45:00	184.889	184.930	184.886	184.901	1271	0	2
2026.05.18	12:00:00	184.901	184.943	184.891	184.896	1246	0	2
2026.05.18	12:15:00	184.895	184.914	184.873	184.910	838	0	2
2026.05.18	12:30:00	184.911	184.919	184.893	184.894	849	0	2
2026.05.18	12:45:00	184.894	184.931	184.886	184.921	848	0	2
2026.05.18	13:00:00	184.921	184.948	184.860	184.899	920	0	0
2026.05.18	13:15:00	184.899	184.913	184.881	184.904	704	0	2
2026.05.18	13:30:00	184.904	184.916	184.859	184.871	888	0	2
2026.05.18	13:45:00	184.871	184.881	184.782	184.786	811	0	2
2026.05.18	14:00:00	184.786	184.855	184.779	184.851	1245	0	1
2026.05.18	14:15:00	184.851	184.885	184.827	184.859	836	0	2
2026.05.18	14:30:00	184.859	184.977	184.843	184.911	2501	0	0
2026.05.18	14:45:00	184.913	184.934	184.876	184.911	1910	0	0
2026.05.18	15:00:00	184.911	184.960	184.905	184.953	1392	0	2
2026.05.18	15:15:00	184.954	184.976	184.912	184.972	1424	0	0
2026.05.18	15:30:00	184.972	185.040	184.912	184.931	2167	0	2
2026.05.18	15:45:00	184.931	184.945	184.893	184.897	2069	0	2
2026.05.18	16:00:00	184.897	184.935	184.875	184.916	2047	0	0
2026.05.18	16:15:00	184.916	184.938	184.882	184.930	1446	0	1
2026.05.18	16:30:00	184.930	184.932	184.858	184.880	2060	0	1
2026.05.18	16:45:00	184.880	184.976	184.876	184.958	2455	0	0
2026.05.18	17:00:00	184.958	185.023	184.940	185.008	2457	0	0
2026.05.18	17:15:00	185.008	185.015	184.957	184.994	1850	0	2
2026.05.18	17:30:00	184.994	185.044	184.991	184.998	1928	0	1
2026.05.18	17:45:00	184.998	185.011	184.923	184.923	1937	0	2
2026.05.18	18:00:00	184.922	184.960	184.889	184.950	2572	0	0
2026.05.18	18:15:00	184.949	184.979	184.921	184.936	1888	0	2
2026.05.18	18:30:00	184.935	185.011	184.897	185.009	1863	0	0
2026.05.18	18:45:00	185.009	185.063	184.992	185.018	1695	0	1
2026.05.18	19:00:00	185.018	185.061	184.958	185.059	1792	0	0
2026.05.18	19:15:00	185.059	185.151	185.048	185.147	1849	0	0
2026.05.18	19:30:00	185.147	185.200	185.122	185.134	1439	0	1
2026.05.18	19:45:00	185.134	185.216	185.124	185.182	1338	0	2
2026.05.18	20:00:00	185.183	185.198	185.138	185.147	1240	0	2
2026.05.18	20:15:00	185.147	185.188	185.137	185.178	724	0	2
2026.05.18	20:30:00	185.178	185.184	185.157	185.158	752	0	2
2026.05.18	20:45:00	185.158	185.163	185.109	185.111	703	0	0
2026.05.18	21:00:00	185.111	185.133	185.101	185.111	888	0	1
2026.05.18	21:15:00	185.111	185.130	185.048	185.064	1255	0	2
2026.05.18	21:30:00	185.064	185.077	185.028	185.048	1142	0	1
2026.05.18	21:45:00	185.047	185.058	184.982	184.995	1050	0	2
2026.05.18	22:00:00	184.995	185.119	184.994	185.060	3166	0	0
2026.05.18	22:15:00	185.060	185.105	185.053	185.090	1445	0	2
2026.05.18	22:30:00	185.090	185.127	185.088	185.121	1030	0	0
2026.05.18	22:45:00	185.121	185.145	185.110	185.120	1055	0	2
2026.05.18	23:00:00	185.115	185.166	185.097	185.166	1279	0	12
2026.05.18	23:15:00	185.166	185.195	185.147	185.157	760	0	11
2026.05.18	23:30:00	185.155	185.175	185.067	185.112	933	0	10
2026.05.18	23:45:00	185.112	185.159	185.110	185.144	1046	0	10
2026.05.19	00:00:00	185.144	185.144	184.902	184.978	132	0	28
2026.05.19	00:15:00	184.978	184.981	184.937	184.948	139	0	180
2026.05.19	00:30:00	184.947	185.055	184.947	185.024	310	0	127
2026.05.19	00:45:00	185.024	185.123	184.994	185.100	300	0	64
2026.05.19	01:00:00	185.100	185.162	185.089	185.155	489	0	10
2026.05.19	01:15:00	185.155	185.157	185.136	185.156	193	0	12
2026.05.19	01:30:00	185.156	185.167	185.143	185.154	454	0	11
2026.05.19	01:45:00	185.154	185.167	185.142	185.155	326	0	12
2026.05.19	02:00:00	185.155	185.175	185.141	185.141	327	0	9
2026.05.19	02:15:00	185.141	185.147	185.116	185.138	518	0	5
2026.05.19	02:30:00	185.138	185.151	185.114	185.150	822	0	1
2026.05.19	02:45:00	185.150	185.163	185.127	185.156	559	0	11
2026.05.19	03:00:00	185.157	185.171	185.098	185.137	1397	0	7
2026.05.19	03:15:00	185.137	185.209	185.129	185.160	1158	0	8
2026.05.19	03:30:00	185.161	185.187	185.130	185.131	973	0	7
2026.05.19	03:45:00	185.131	185.159	185.100	185.159	1178	0	5
2026.05.19	04:00:00	185.159	185.164	185.115	185.129	1206	0	6
2026.05.19	04:15:00	185.129	185.153	185.121	185.135	863	0	9
2026.05.19	04:30:00	185.135	185.149	185.106	185.142	1109	0	4
2026.05.19	04:45:00	185.142	185.166	185.126	185.154	973	0	7
2026.05.19	05:00:00	185.154	185.155	185.086	185.117	1280	0	6
2026.05.19	05:15:00	185.117	185.143	185.112	185.129	861	0	7
2026.05.19	05:30:00	185.129	185.139	185.088	185.106	870	0	6
2026.05.19	05:45:00	185.106	185.124	185.072	185.083	654	0	5
2026.05.19	06:00:00	185.083	185.096	185.059	185.075	844	0	6
2026.05.19	06:15:00	185.075	185.098	185.061	185.089	681	0	7
2026.05.19	06:30:00	185.089	185.095	185.066	185.076	703	0	6
2026.05.19	06:45:00	185.076	185.086	185.041	185.042	620	0	4
2026.05.19	07:00:00	185.044	185.046	185.004	185.028	628	0	5
2026.05.19	07:15:00	185.028	185.040	185.014	185.030	489	0	9
2026.05.19	07:30:00	185.029	185.050	185.006	185.011	817	0	8
2026.05.19	07:45:00	185.011	185.026	184.982	185.012	721	0	7
2026.05.19	08:00:00	185.016	185.032	184.998	185.027	642	0	2
2026.05.19	08:15:00	185.027	185.039	184.962	184.996	699	0	2
2026.05.19	08:30:00	184.996	185.068	184.986	185.051	793	0	2
2026.05.19	08:45:00	185.051	185.144	185.041	185.119	810	0	2
2026.05.19	09:00:00	185.120	185.142	185.082	185.122	1224	0	2
2026.05.19	09:15:00	185.121	185.187	185.117	185.163	960	0	2
2026.05.19	09:30:00	185.163	185.178	185.105	185.175	1323	0	1
2026.05.19	09:45:00	185.175	185.179	185.079	185.108	1266	0	0
2026.05.19	10:00:00	185.108	185.166	185.042	185.139	1732	0	0
2026.05.19	10:15:00	185.139	185.149	185.056	185.066	1067	0	2
2026.05.19	10:30:00	185.066	185.070	184.997	185.027	1155	0	2
2026.05.19	10:45:00	185.027	185.079	185.024	185.046	1366	0	2
2026.05.19	11:00:00	185.044	185.052	184.929	184.959	1533	0	2
2026.05.19	11:15:00	184.959	185.033	184.956	185.007	1419	0	1
2026.05.19	11:30:00	185.007	185.037	184.946	184.959	1316	0	0
2026.05.19	11:45:00	184.959	184.988	184.920	184.973	1321	0	2
2026.05.19	12:00:00	184.974	184.982	184.885	184.901	1458	0	0
2026.05.19	12:15:00	184.901	184.919	184.816	184.870	1274	0	0
2026.05.19	12:30:00	184.870	184.900	184.849	184.869	1104	0	2
2026.05.19	12:45:00	184.869	184.891	184.837	184.866	1208	0	0
2026.05.19	13:00:00	184.866	184.936	184.845	184.928	1013	0	2
2026.05.19	13:15:00	184.928	184.942	184.901	184.927	917	0	2
2026.05.19	13:30:00	184.927	184.944	184.812	184.833	1583	0	0
2026.05.19	13:45:00	184.833	184.920	184.833	184.902	1834	0	2
2026.05.19	14:00:00	184.902	184.926	184.870	184.872	1398	0	2
2026.05.19	14:15:00	184.872	184.891	184.858	184.879	1067	0	2
2026.05.19	14:30:00	184.880	184.923	184.876	184.914	857	0	1
2026.05.19	14:45:00	184.914	184.922	184.857	184.857	1058	0	2
2026.05.19	15:00:00	184.858	184.929	184.838	184.909	1393	0	2
2026.05.19	15:15:00	184.909	184.939	184.897	184.929	1160	0	2
2026.05.19	15:30:00	184.929	184.930	184.379	184.674	2720	0	0
2026.05.19	15:45:00	184.674	184.801	184.673	184.784	2015	0	0
2026.05.19	16:00:00	184.784	184.871	184.757	184.838	2210	0	0
2026.05.19	16:15:00	184.840	184.847	184.720	184.746	2100	0	1
2026.05.19	16:30:00	184.746	184.750	184.605	184.686	2983	0	0
2026.05.19	16:45:00	184.686	184.750	184.551	184.716	2809	0	0
2026.05.19	17:00:00	184.716	184.783	184.688	184.703	2719	0	2
2026.05.19	17:15:00	184.703	184.717	184.631	184.677	2582	0	1
2026.05.19	17:30:00	184.677	184.686	184.569	184.577	2504	0	0
2026.05.19	17:45:00	184.577	184.635	184.426	184.448	3056	0	0
2026.05.19	18:00:00	184.448	184.492	184.360	184.482	2229	0	0
2026.05.19	18:15:00	184.482	184.562	184.448	184.547	1905	0	1
2026.05.19	18:30:00	184.547	184.640	184.532	184.604	1512	0	0
2026.05.19	18:45:00	184.604	184.615	184.577	184.607	1217	0	2
2026.05.19	19:00:00	184.605	184.610	184.206	184.269	2405	0	0
2026.05.19	19:15:00	184.269	184.434	184.269	184.401	1953	0	0
2026.05.19	19:30:00	184.401	184.411	184.330	184.360	1872	0	0
2026.05.19	19:45:00	184.360	184.370	184.311	184.346	1178	0	1
2026.05.19	20:00:00	184.346	184.428	184.343	184.414	1152	0	0
2026.05.19	20:15:00	184.415	184.418	184.386	184.398	697	0	2
2026.05.19	20:30:00	184.398	184.437	184.356	184.368	1019	0	2
2026.05.19	20:45:00	184.368	184.463	184.338	184.450	1226	0	1
2026.05.19	21:00:00	184.450	184.541	184.449	184.519	1216	0	0
2026.05.19	21:15:00	184.519	184.603	184.513	184.582	1144	0	2
2026.05.19	21:30:00	184.582	184.608	184.551	184.562	1328	0	0
2026.05.19	21:45:00	184.562	184.618	184.543	184.543	1252	0	2
2026.05.19	22:00:00	184.543	184.584	184.543	184.555	980	0	1
2026.05.19	22:15:00	184.555	184.583	184.545	184.575	691	0	2
2026.05.19	22:30:00	184.575	184.585	184.542	184.571	724	0	0
2026.05.19	22:45:00	184.571	184.607	184.554	184.605	786	0	2
2026.05.19	23:00:00	184.601	184.615	184.574	184.601	797	0	10
2026.05.19	23:15:00	184.601	184.614	184.585	184.609	576	0	11
2026.05.19	23:30:00	184.607	184.637	184.605	184.621	634	0	10
2026.05.19	23:45:00	184.621	184.641	184.606	184.610	999	0	11
2026.05.20	00:00:00	184.471	184.533	184.449	184.496	71	0	111
2026.05.20	00:15:00	184.496	184.608	184.458	184.605	267	0	66
2026.05.20	00:30:00	184.607	184.634	184.599	184.605	185	0	55
2026.05.20	00:45:00	184.605	184.626	184.558	184.603	143	0	54
2026.05.20	01:00:00	184.603	184.630	184.584	184.620	402	0	12
2026.05.20	01:15:00	184.620	184.681	184.620	184.665	269	0	12
2026.05.20	01:30:00	184.666	184.666	184.637	184.643	280	0	12
2026.05.20	01:45:00	184.643	184.661	184.637	184.653	242	0	12
2026.05.20	02:00:00	184.653	184.657	184.604	184.633	362	0	9
2026.05.20	02:15:00	184.633	184.652	184.624	184.638	341	0	7
2026.05.20	02:30:00	184.638	184.650	184.617	184.619	416	0	4
2026.05.20	02:45:00	184.619	184.623	184.593	184.595	454	0	6
2026.05.20	03:00:00	184.595	184.624	184.581	184.616	1652	0	6
2026.05.20	03:15:00	184.616	184.639	184.603	184.627	1726	0	8
2026.05.20	03:30:00	184.627	184.643	184.557	184.562	1240	0	0
2026.05.20	03:45:00	184.562	184.567	184.445	184.454	1761	0	4
2026.05.20	04:00:00	184.455	184.498	184.447	184.469	1613	0	7
2026.05.20	04:15:00	184.469	184.495	184.445	184.459	1113	0	0
2026.05.20	04:30:00	184.459	184.464	184.402	184.403	1455	0	0
2026.05.20	04:45:00	184.403	184.465	184.383	184.437	1625	0	4
2026.05.20	05:00:00	184.437	184.464	184.433	184.444	1065	0	5
2026.05.20	05:15:00	184.444	184.460	184.287	184.379	1290	0	3
2026.05.20	05:30:00	184.379	184.382	184.285	184.315	1757	0	6
2026.05.20	05:45:00	184.315	184.342	184.299	184.315	1167	0	6
2026.05.20	06:00:00	184.315	184.347	184.283	184.322	1004	0	7
2026.05.20	06:15:00	184.322	184.357	184.316	184.349	893	0	5
2026.05.20	06:30:00	184.349	184.371	184.325	184.352	1299	0	4
2026.05.20	06:45:00	184.352	184.380	184.313	184.326	778	0	5
2026.05.20	07:00:00	184.326	184.364	184.309	184.348	884	0	7
2026.05.20	07:15:00	184.348	184.376	184.339	184.364	685	0	7
2026.05.20	07:30:00	184.364	184.410	184.314	184.406	842	0	8
2026.05.20	07:45:00	184.406	184.410	184.366	184.371	838	0	3
2026.05.20	08:00:00	184.375	184.417	184.366	184.371	817	0	2
2026.05.20	08:15:00	184.371	184.380	184.305	184.308	803	0	1
2026.05.20	08:30:00	184.308	184.352	184.290	184.302	959	0	1
2026.05.20	08:45:00	184.302	184.354	184.271	184.337	950	0	2
2026.05.20	09:00:00	184.336	184.380	184.307	184.361	1384	0	0
2026.05.20	09:15:00	184.361	184.414	184.360	184.391	1488	0	2
2026.05.20	09:30:00	184.391	184.406	184.353	184.385	1226	0	2
2026.05.20	09:45:00	184.385	184.397	184.324	184.359	1227	0	0
2026.05.20	10:00:00	184.361	184.398	184.340	184.371	1397	0	1
2026.05.20	10:15:00	184.371	184.407	184.341	184.360	1333	0	2
2026.05.20	10:30:00	184.360	184.414	184.341	184.389	1336	0	2
2026.05.20	10:45:00	184.389	184.405	184.351	184.402	1259	0	2
2026.05.20	11:00:00	184.407	184.414	184.329	184.336	1511	0	0
2026.05.20	11:15:00	184.336	184.372	184.275	184.342	1383	0	2
2026.05.20	11:30:00	184.342	184.383	184.308	184.371	1350	0	2
2026.05.20	11:45:00	184.371	184.407	184.337	184.338	1289	0	0
2026.05.20	12:00:00	184.338	184.354	184.320	184.353	1186	0	2
2026.05.20	12:15:00	184.353	184.384	184.329	184.375	867	0	2
2026.05.20	12:30:00	184.375	184.398	184.364	184.366	733	0	0
2026.05.20	12:45:00	184.366	184.394	184.330	184.331	876	0	2
2026.05.20	13:00:00	184.332	184.396	184.321	184.381	894	0	1
2026.05.20	13:15:00	184.381	184.442	184.376	184.413	744	0	2
2026.05.20	13:30:00	184.413	184.458	184.401	184.445	1103	0	2
2026.05.20	13:45:00	184.445	184.470	184.425	184.454	931	0	2
2026.05.20	14:00:00	184.454	184.462	184.428	184.452	815	0	2
2026.05.20	14:15:00	184.452	184.492	184.389	184.491	933	0	0
2026.05.20	14:30:00	184.492	184.506	184.468	184.476	1375	0	0
2026.05.20	14:45:00	184.476	184.500	184.449	184.496	1276	0	2
2026.05.20	15:00:00	184.496	184.526	184.466	184.486	1084	0	2
2026.05.20	15:15:00	184.486	184.494	184.409	184.444	1227	0	0
2026.05.20	15:30:00	184.444	184.463	184.403	184.426	1142	0	0
2026.05.20	15:45:00	184.426	184.444	184.365	184.384	807	0	2
2026.05.20	16:00:00	184.384	184.397	184.346	184.370	1189	0	2
2026.05.20	16:15:00	184.370	184.389	184.341	184.376	1000	0	2
2026.05.20	16:30:00	184.376	184.408	184.350	184.395	1916	0	0
2026.05.20	16:45:00	184.394	184.439	184.357	184.415	1993	0	2
2026.05.20	17:00:00	184.415	184.427	184.356	184.397	1979	0	0
2026.05.20	17:15:00	184.397	184.679	184.397	184.580	4464	0	0
2026.05.20	17:30:00	184.580	184.698	184.535	184.609	3226	0	0
2026.05.20	17:45:00	184.608	184.645	184.548	184.578	2963	0	0
2026.05.20	18:00:00	184.579	184.593	184.514	184.557	2583	0	1
2026.05.20	18:15:00	184.557	184.696	184.555	184.616	4131	0	0
2026.05.20	18:30:00	184.616	184.650	184.580	184.590	2666	0	0
2026.05.20	18:45:00	184.590	184.617	184.531	184.564	2005	0	2
2026.05.20	19:00:00	184.564	184.650	184.561	184.635	1726	0	2
2026.05.20	19:15:00	184.635	184.686	184.628	184.681	1963	0	1
2026.05.20	19:30:00	184.681	184.688	184.629	184.675	1593	0	0
2026.05.20	19:45:00	184.675	184.689	184.633	184.657	1861	0	2
2026.05.20	20:00:00	184.657	184.663	184.609	184.641	1641	0	0
2026.05.20	20:15:00	184.641	184.666	184.630	184.662	1572	0	2
2026.05.20	20:30:00	184.662	184.721	184.653	184.665	1453	0	0
2026.05.20	20:45:00	184.664	184.699	184.639	184.639	1039	0	1
2026.05.20	21:00:00	184.645	184.704	184.639	184.703	1459	0	0
2026.05.20	21:15:00	184.703	184.710	184.670	184.708	1425	0	2
2026.05.20	21:30:00	184.708	184.748	184.695	184.713	1103	0	2
2026.05.20	21:45:00	184.713	184.786	184.709	184.749	1365	0	2
2026.05.20	22:00:00	184.749	184.779	184.719	184.719	924	0	2
2026.05.20	22:15:00	184.719	184.760	184.718	184.749	735	0	2
2026.05.20	22:30:00	184.749	184.765	184.731	184.734	839	0	2
2026.05.20	22:45:00	184.734	184.783	184.711	184.718	1352	0	2
2026.05.20	23:00:00	184.713	184.746	184.698	184.729	902	0	8
2026.05.20	23:15:00	184.727	184.743	184.712	184.729	904	0	11
2026.05.20	23:30:00	184.729	184.749	184.710	184.713	676	0	11
2026.05.20	23:45:00	184.713	184.762	184.703	184.747	1027	0	10
2026.05.21	00:00:00	184.641	184.673	184.529	184.622	242	0	124
2026.05.21	00:15:00	184.622	184.638	184.593	184.617	40	0	124
2026.05.21	00:30:00	184.617	184.639	184.606	184.634	274	0	106
2026.05.21	00:45:00	184.634	184.658	184.585	184.623	194	0	42
2026.05.21	01:00:00	184.622	184.702	184.612	184.693	545	0	9
2026.05.21	01:15:00	184.693	184.711	184.679	184.701	249	0	12
2026.05.21	01:30:00	184.700	184.701	184.678	184.679	165	0	11
2026.05.21	01:45:00	184.679	184.691	184.678	184.689	230	0	9
2026.05.21	02:00:00	184.689	184.693	184.666	184.684	198	0	4
2026.05.21	02:15:00	184.684	184.707	184.671	184.701	220	0	5
2026.05.21	02:30:00	184.702	184.719	184.697	184.711	275	0	9
2026.05.21	02:45:00	184.709	184.715	184.690	184.701	418	0	1
2026.05.21	03:00:00	184.701	184.741	184.701	184.741	1121	0	3
2026.05.21	03:15:00	184.741	184.744	184.695	184.725	1141	0	5
2026.05.21	03:30:00	184.725	184.735	184.689	184.712	1078	0	6
2026.05.21	03:45:00	184.712	184.754	184.698	184.735	1003	0	6
2026.05.21	04:00:00	184.735	184.799	184.735	184.778	857	0	4
2026.05.21	04:15:00	184.778	184.808	184.771	184.784	666	0	5
2026.05.21	04:30:00	184.783	184.795	184.734	184.777	1392	0	0
2026.05.21	04:45:00	184.777	184.778	184.674	184.718	1438	0	7
2026.05.21	05:00:00	184.718	184.744	184.688	184.711	951	0	7
2026.05.21	05:15:00	184.711	184.712	184.667	184.674	781	0	7
2026.05.21	05:30:00	184.674	184.681	184.625	184.663	889	0	3
2026.05.21	05:45:00	184.663	184.701	184.623	184.689	858	0	5
2026.05.21	06:00:00	184.689	184.729	184.689	184.702	692	0	6
2026.05.21	06:15:00	184.702	184.718	184.684	184.684	603	0	7
2026.05.21	06:30:00	184.683	184.710	184.653	184.695	655	0	7
2026.05.21	06:45:00	184.695	184.726	184.681	184.702	672	0	7
2026.05.21	07:00:00	184.702	184.727	184.695	184.723	665	0	7
2026.05.21	07:15:00	184.723	184.735	184.716	184.720	500	0	7
2026.05.21	07:30:00	184.719	184.750	184.719	184.749	356	0	9
2026.05.21	07:45:00	184.749	184.798	184.741	184.786	625	0	6
2026.05.21	08:00:00	184.790	184.799	184.773	184.790	634	0	2
2026.05.21	08:15:00	184.790	184.820	184.776	184.778	571	0	2
2026.05.21	08:30:00	184.778	184.826	184.760	184.780	712	0	2
2026.05.21	08:45:00	184.780	184.802	184.759	184.799	940	0	2
2026.05.21	09:00:00	184.800	184.879	184.791	184.862	1071	0	1
2026.05.21	09:15:00	184.862	184.885	184.821	184.884	1173	0	2
2026.05.21	09:30:00	184.884	184.888	184.767	184.778	1034	0	0
2026.05.21	09:45:00	184.778	184.836	184.770	184.835	1117	0	2
2026.05.21	10:00:00	184.835	184.842	184.782	184.791	1681	0	0
2026.05.21	10:15:00	184.790	184.790	184.406	184.466	3481	0	0
2026.05.21	10:30:00	184.465	184.546	184.453	184.525	2344	0	0
2026.05.21	10:45:00	184.525	184.625	184.522	184.594	1766	0	0
2026.05.21	11:00:00	184.594	184.770	184.531	184.768	2202	0	0
2026.05.21	11:15:00	184.768	184.940	184.767	184.924	2416	0	2
2026.05.21	11:30:00	184.924	184.924	184.811	184.816	1517	0	1
2026.05.21	11:45:00	184.816	184.864	184.731	184.793	1644	0	0
2026.05.21	12:00:00	184.794	184.858	184.753	184.846	1422	0	1
2026.05.21	12:15:00	184.844	184.867	184.833	184.864	1047	0	0
2026.05.21	12:30:00	184.864	184.886	184.808	184.815	1100	0	2
2026.05.21	12:45:00	184.815	184.860	184.794	184.848	1004	0	2
2026.05.21	13:00:00	184.848	184.908	184.800	184.801	963	0	2
2026.05.21	13:15:00	184.801	184.805	184.656	184.713	1848	0	0
2026.05.21	13:30:00	184.713	184.718	184.568	184.659	2603	0	2
2026.05.21	13:45:00	184.659	184.743	184.640	184.704	2009	0	2
2026.05.21	14:00:00	184.704	184.729	184.653	184.677	1456	0	2
2026.05.21	14:15:00	184.677	184.752	184.669	184.718	1500	0	0
2026.05.21	14:30:00	184.718	184.739	184.687	184.691	1114	0	0
2026.05.21	14:45:00	184.689	184.700	184.562	184.607	1221	0	0
2026.05.21	15:00:00	184.607	184.658	184.546	184.567	1666	0	1
2026.05.21	15:15:00	184.567	184.600	184.534	184.562	1513	0	1
2026.05.21	15:30:00	184.565	184.693	184.565	184.693	2421	0	0
2026.05.21	15:45:00	184.693	184.698	184.579	184.584	1829	0	0
2026.05.21	16:00:00	184.584	184.618	184.552	184.587	1985	0	2
2026.05.21	16:15:00	184.587	184.611	184.510	184.513	1775	0	0
2026.05.21	16:30:00	184.513	184.538	184.396	184.478	2368	0	0
2026.05.21	16:45:00	184.478	184.635	184.467	184.588	3111	0	0
2026.05.21	17:00:00	184.586	184.637	184.546	184.580	2263	0	0
2026.05.21	17:15:00	184.578	184.593	184.475	184.501	2294	0	0
2026.05.21	17:30:00	184.501	184.581	184.458	184.504	1866	0	0
2026.05.21	17:45:00	184.504	184.567	184.450	184.517	2093	0	0
2026.05.21	18:00:00	184.517	184.563	184.438	184.453	2740	0	0
2026.05.21	18:15:00	184.453	184.468	184.413	184.430	2154	0	2
2026.05.21	18:30:00	184.429	184.459	184.394	184.408	1618	0	2
2026.05.21	18:45:00	184.407	184.473	184.407	184.451	1530	0	2
2026.05.21	19:00:00	184.451	184.464	184.404	184.437	1726	0	2
2026.05.21	19:15:00	184.437	184.522	184.433	184.510	1272	0	1
2026.05.21	19:30:00	184.510	184.554	184.506	184.531	1071	0	0
2026.05.21	19:45:00	184.531	184.547	184.513	184.532	1069	0	2
2026.05.21	20:00:00	184.532	184.562	184.504	184.562	2161	0	0
2026.05.21	20:15:00	184.562	184.687	184.555	184.679	3590	0	0
2026.05.21	20:30:00	184.679	184.732	184.667	184.686	2164	0	0
2026.05.21	20:45:00	184.686	184.753	184.616	184.702	1971	0	2
2026.05.21	21:00:00	184.702	184.764	184.692	184.748	2187	0	0
2026.05.21	21:15:00	184.748	184.767	184.732	184.756	1213	0	2
2026.05.21	21:30:00	184.756	184.774	184.719	184.730	989	0	1
2026.05.21	21:45:00	184.730	184.741	184.651	184.713	2508	0	0
2026.05.21	22:00:00	184.713	184.744	184.700	184.714	1518	0	0
2026.05.21	22:15:00	184.714	184.737	184.712	184.731	772	0	2
2026.05.21	22:30:00	184.731	184.737	184.671	184.677	897	0	2
2026.05.21	22:45:00	184.677	184.707	184.654	184.688	1634	0	0
2026.05.21	23:00:00	184.684	184.700	184.657	184.674	905	0	11
2026.05.21	23:15:00	184.674	184.709	184.654	184.701	392	0	2
2026.05.21	23:30:00	184.701	184.714	184.679	184.704	791	0	8
2026.05.21	23:45:00	184.704	184.720	184.676	184.687	1021	0	12
2026.05.22	00:00:00	184.595	184.670	184.564	184.648	178	0	118
2026.05.22	00:15:00	184.648	184.698	184.635	184.689	363	0	103
2026.05.22	00:30:00	184.688	184.715	184.633	184.639	446	0	79
2026.05.22	00:45:00	184.639	184.668	184.638	184.659	253	0	96
2026.05.22	01:00:00	184.660	184.762	184.657	184.702	414	0	0
2026.05.22	01:15:00	184.702	184.728	184.702	184.728	116	0	11
2026.05.22	01:30:00	184.729	184.729	184.709	184.721	193	0	11
2026.05.22	01:45:00	184.721	184.726	184.704	184.722	180	0	9
2026.05.22	02:00:00	184.722	184.744	184.717	184.736	223	0	6
2026.05.22	02:15:00	184.736	184.736	184.695	184.707	270	0	6
2026.05.22	02:30:00	184.707	184.749	184.704	184.724	237	0	1
2026.05.22	02:45:00	184.724	184.759	184.723	184.750	262	0	2
2026.05.22	03:00:00	184.750	184.768	184.715	184.727	961	0	6
2026.05.22	03:15:00	184.727	184.762	184.718	184.752	833	0	8
2026.05.22	03:30:00	184.752	184.759	184.725	184.728	641	0	6
2026.05.22	03:45:00	184.728	184.797	184.707	184.775	1054	0	6
2026.05.22	04:00:00	184.775	184.802	184.761	184.799	754	0	6
2026.05.22	04:15:00	184.799	184.806	184.746	184.763	686	0	7
2026.05.22	04:30:00	184.763	184.771	184.723	184.749	677	0	7
2026.05.22	04:45:00	184.749	184.760	184.708	184.713	613	0	9
2026.05.22	05:00:00	184.713	184.727	184.698	184.713	797	0	8
2026.05.22	05:15:00	184.713	184.714	184.693	184.708	587	0	9
2026.05.22	05:30:00	184.708	184.720	184.692	184.698	590	0	6
2026.05.22	05:45:00	184.698	184.699	184.642	184.664	729	0	7
2026.05.22	06:00:00	184.664	184.673	184.628	184.632	607	0	4
2026.05.22	06:15:00	184.632	184.662	184.626	184.653	507	0	9
2026.05.22	06:30:00	184.652	184.669	184.650	184.665	405	0	7
2026.05.22	06:45:00	184.665	184.676	184.651	184.674	417	0	8
2026.05.22	07:00:00	184.674	184.689	184.653	184.684	526	0	6
2026.05.22	07:15:00	184.684	184.702	184.674	184.700	372	0	9
2026.05.22	07:30:00	184.700	184.712	184.695	184.707	385	0	5
2026.05.22	07:45:00	184.707	184.765	184.702	184.761	568	0	7
2026.05.22	08:00:00	184.764	184.788	184.760	184.771	613	0	2
2026.05.22	08:15:00	184.771	184.789	184.768	184.772	476	0	2
2026.05.22	08:30:00	184.772	184.788	184.770	184.787	375	0	2
2026.05.22	08:45:00	184.787	184.807	184.706	184.742	959	0	2
2026.05.22	09:00:00	184.742	184.784	184.723	184.748	1279	0	1
2026.05.22	09:15:00	184.748	184.748	184.685	184.725	1127	0	2
2026.05.22	09:30:00	184.725	184.727	184.650	184.702	946	0	2
2026.05.22	09:45:00	184.702	184.751	184.677	184.722	998	0	2
2026.05.22	10:00:00	184.720	184.720	184.629	184.630	1061	0	2
2026.05.22	10:15:00	184.630	184.718	184.630	184.716	812	0	0
2026.05.22	10:30:00	184.716	184.717	184.672	184.693	1030	0	2
2026.05.22	10:45:00	184.693	184.739	184.670	184.726	740	0	2
2026.05.22	11:00:00	184.723	184.747	184.668	184.689	1267	0	2
2026.05.22	11:15:00	184.689	184.760	184.682	184.722	1518	0	2
2026.05.22	11:30:00	184.722	184.738	184.643	184.679	1463	0	0
2026.05.22	11:45:00	184.678	184.713	184.637	184.670	1196	0	2
2026.05.22	12:00:00	184.670	184.686	184.559	184.568	1145	0	2
2026.05.22	12:15:00	184.568	184.604	184.544	184.589	1009	0	2
2026.05.22	12:30:00	184.588	184.638	184.560	184.623	901	0	0
2026.05.22	12:45:00	184.623	184.665	184.614	184.627	1259	0	0
2026.05.22	13:00:00	184.627	184.669	184.593	184.613	1004	0	2
2026.05.22	13:15:00	184.613	184.642	184.574	184.574	707	0	0
2026.05.22	13:30:00	184.574	184.590	184.547	184.558	855	0	0
2026.05.22	13:45:00	184.558	184.568	184.513	184.544	776	0	2
2026.05.22	14:00:00	184.544	184.549	184.493	184.529	727	0	0
2026.05.22	14:15:00	184.529	184.546	184.498	184.502	575	0	2
2026.05.22	14:30:00	184.502	184.567	184.496	184.561	840	0	0
2026.05.22	14:45:00	184.560	184.623	184.526	184.546	1354	0	2
2026.05.22	15:00:00	184.546	184.640	184.522	184.620	1822	0	0
2026.05.22	15:15:00	184.620	184.648	184.529	184.553	2060	0	2
2026.05.22	15:30:00	184.553	184.587	184.543	184.571	1151	0	0
2026.05.22	15:45:00	184.571	184.619	184.571	184.601	1115	0	2
2026.05.22	16:00:00	184.599	184.735	184.588	184.685	2322	0	1
2026.05.22	16:15:00	184.685	184.699	184.647	184.688	1556	0	2
2026.05.22	16:30:00	184.688	184.688	184.615	184.617	2121	0	0
2026.05.22	16:45:00	184.617	184.670	184.586	184.609	1522	0	2
2026.05.22	17:00:00	184.608	184.619	184.453	184.475	2760	0	0
2026.05.22	17:15:00	184.475	184.566	184.449	184.566	1674	0	0
2026.05.22	17:30:00	184.566	184.626	184.550	184.616	1760	0	0
2026.05.22	17:45:00	184.616	184.619	184.523	184.524	1959	0	0
2026.05.22	18:00:00	184.525	184.634	184.512	184.629	1618	0	2
2026.05.22	18:15:00	184.629	184.660	184.589	184.631	1245	0	0
2026.05.22	18:30:00	184.631	184.685	184.610	184.685	1373	0	0
2026.05.22	18:45:00	184.685	184.759	184.670	184.715	1270	0	1
2026.05.22	19:00:00	184.716	184.781	184.686	184.771	1499	0	2
2026.05.22	19:15:00	184.771	184.794	184.750	184.784	964	0	2
2026.05.22	19:30:00	184.784	184.800	184.754	184.780	888	0	2
2026.05.22	19:45:00	184.780	184.824	184.779	184.822	849	0	0
2026.05.22	20:00:00	184.822	184.858	184.806	184.828	998	0	2
2026.05.22	20:15:00	184.828	184.841	184.781	184.815	1543	0	0
2026.05.22	20:30:00	184.814	184.833	184.754	184.778	2096	0	1
2026.05.22	20:45:00	184.778	184.819	184.755	184.804	1044	0	0
2026.05.22	21:00:00	184.804	184.822	184.783	184.798	1403	0	0
2026.05.22	21:15:00	184.798	184.806	184.771	184.785	639	0	2
2026.05.22	21:30:00	184.785	184.808	184.765	184.788	772	0	0
2026.05.22	21:45:00	184.788	184.816	184.782	184.785	588	0	1
2026.05.22	22:00:00	184.779	184.794	184.734	184.744	995	0	0
2026.05.22	22:15:00	184.744	184.758	184.739	184.740	410	0	2
2026.05.22	22:30:00	184.740	184.745	184.725	184.730	578	0	2
2026.05.22	22:45:00	184.730	184.743	184.705	184.729	661	0	2
2026.05.22	23:00:00	184.724	184.735	184.697	184.703	891	0	7
2026.05.22	23:15:00	184.703	184.723	184.673	184.692	365	0	12
2026.05.22	23:30:00	184.692	184.692	184.631	184.674	1056	0	8
2026.05.22	23:45:00	184.674	184.720	184.621	184.719	1267	0	0
2026.05.25	00:00:00	184.710	184.858	184.710	184.788	262	0	54
2026.05.25	00:15:00	184.788	184.836	184.751	184.783	347	0	111
2026.05.25	00:30:00	184.783	184.860	184.734	184.788	167	0	50
2026.05.25	00:45:00	184.788	184.790	184.753	184.776	173	0	64
2026.05.25	01:00:00	184.776	184.935	184.776	184.875	1133	0	3
2026.05.25	01:15:00	184.875	184.928	184.851	184.922	476	0	11
2026.05.25	01:30:00	184.922	184.964	184.904	184.963	553	0	11
2026.05.25	01:45:00	184.963	184.984	184.939	184.982	335	0	12
2026.05.25	02:00:00	184.982	185.007	184.970	184.999	680	0	5
2026.05.25	02:15:00	184.998	185.023	184.988	185.010	295	0	6
2026.05.25	02:30:00	185.010	185.050	184.999	185.042	378	0	9
2026.05.25	02:45:00	185.042	185.067	185.038	185.049	543	0	7
2026.05.25	03:00:00	185.049	185.057	184.955	184.958	894	0	7
2026.05.25	03:15:00	184.958	184.989	184.937	184.982	839	0	0
2026.05.25	03:30:00	184.982	185.016	184.944	184.952	589	0	4
2026.05.25	03:45:00	184.952	185.046	184.897	184.902	1729	0	5
2026.05.25	04:00:00	184.902	184.929	184.871	184.910	1210	0	6
2026.05.25	04:15:00	184.910	184.938	184.875	184.901	977	0	3
2026.05.25	04:30:00	184.901	184.904	184.841	184.878	1063	0	4
2026.05.25	04:45:00	184.878	184.918	184.875	184.915	709	0	6
2026.05.25	05:00:00	184.915	184.935	184.905	184.913	608	0	5
2026.05.25	05:15:00	184.913	184.943	184.898	184.924	581	0	6
2026.05.25	05:30:00	184.924	184.931	184.898	184.901	462	0	9
2026.05.25	05:45:00	184.901	184.907	184.852	184.860	457	0	3
2026.05.25	06:00:00	184.860	184.892	184.848	184.878	716	0	8
2026.05.25	06:15:00	184.878	184.903	184.859	184.877	664	0	6
2026.05.25	06:30:00	184.877	184.903	184.877	184.885	577	0	8
2026.05.25	06:45:00	184.885	184.903	184.875	184.895	522	0	8
2026.05.25	07:00:00	184.895	184.903	184.875	184.898	546	0	0
2026.05.25	07:15:00	184.898	184.928	184.892	184.923	458	0	8
2026.05.25	07:30:00	184.923	184.941	184.910	184.941	467	0	4
2026.05.25	07:45:00	184.941	184.969	184.931	184.945	490	0	7
2026.05.25	08:00:00	184.949	184.985	184.923	184.953	655	0	2
2026.05.25	08:15:00	184.953	184.980	184.953	184.974	407	0	2
2026.05.25	08:30:00	184.974	184.992	184.960	184.978	497	0	2
2026.05.25	08:45:00	184.978	184.992	184.957	184.977	554	0	2
2026.05.25	09:00:00	184.976	184.990	184.945	184.988	929	0	2
2026.05.25	09:15:00	184.988	184.989	184.936	184.962	721	0	2
2026.05.25	09:30:00	184.962	185.010	184.937	185.002	744	0	2
2026.05.25	09:45:00	185.002	185.051	184.973	184.983	776	0	1
2026.05.25	10:00:00	184.983	185.028	184.963	185.014	1039	0	0
2026.05.25	10:15:00	185.014	185.021	184.950	185.006	1276	0	0
2026.05.25	10:30:00	185.006	185.022	184.965	184.977	1047	0	2
2026.05.25	10:45:00	184.977	185.008	184.955	185.004	774	0	2
2026.05.25	11:00:00	185.004	185.012	184.951	184.996	969	0	2
2026.05.25	11:15:00	184.996	185.022	184.983	185.008	645	0	2
2026.05.25	11:30:00	185.007	185.086	185.005	185.041	926	0	2
2026.05.25	11:45:00	185.043	185.066	185.017	185.040	854	0	0
2026.05.25	12:00:00	185.040	185.051	185.002	185.031	738	0	2
2026.05.25	12:15:00	185.031	185.057	185.010	185.036	593	0	2
2026.05.25	12:30:00	185.036	185.061	185.024	185.058	468	0	2
2026.05.25	12:45:00	185.058	185.060	185.009	185.016	463	0	2
2026.05.25	13:00:00	185.016	185.054	185.011	185.042	484	0	2
2026.05.25	13:15:00	185.042	185.072	185.031	185.032	432	0	2
2026.05.25	13:30:00	185.032	185.061	185.024	185.060	409	0	2
2026.05.25	13:45:00	185.060	185.067	185.038	185.059	517	0	2
2026.05.25	14:00:00	185.059	185.061	185.030	185.037	472	0	2
2026.05.25	14:15:00	185.037	185.080	185.036	185.074	520	0	2
2026.05.25	14:30:00	185.074	185.120	185.062	185.118	874	0	0
2026.05.25	14:45:00	185.118	185.123	185.058	185.064	903	0	2
2026.05.25	15:00:00	185.064	185.075	185.035	185.057	912	0	2
2026.05.25	15:15:00	185.057	185.068	185.032	185.042	955	0	0
2026.05.25	15:30:00	185.042	185.121	185.041	185.118	937	0	0
2026.05.25	15:45:00	185.118	185.142	185.081	185.094	940	0	0
2026.05.25	16:00:00	185.095	185.113	185.058	185.065	847	0	2
2026.05.25	16:15:00	185.065	185.067	185.034	185.038	882	0	2
2026.05.25	16:30:00	185.038	185.040	184.997	185.000	918	0	2
2026.05.25	16:45:00	185.000	185.030	184.960	184.963	682	0	2
2026.05.25	17:00:00	184.963	185.000	184.956	184.968	644	0	2
2026.05.25	17:15:00	184.968	185.009	184.968	184.993	626	0	2
2026.05.25	17:30:00	184.993	185.039	184.979	185.031	643	0	2
2026.05.25	17:45:00	185.031	185.070	184.998	185.015	1025	0	2
2026.05.25	18:00:00	185.015	185.095	184.996	185.058	1253	0	0
2026.05.25	18:15:00	185.058	185.088	185.043	185.059	749	0	2
2026.05.25	18:30:00	185.059	185.059	185.026	185.047	548	0	2
2026.05.25	18:45:00	185.047	185.053	184.990	184.991	530	0	2
2026.05.25	19:00:00	184.991	185.010	184.941	184.962	665	0	2
2026.05.25	19:15:00	184.962	184.973	184.952	184.953	499	0	0
2026.05.25	19:30:00	184.953	184.961	184.925	184.951	713	0	1
2026.05.25	19:45:00	184.951	184.980	184.949	184.973	413	0	2
2026.05.25	20:00:00	184.973	185.004	184.960	184.995	398	0	2
2026.05.25	20:15:00	184.995	185.023	184.994	185.019	302	0	2
2026.05.25	20:30:00	185.019	185.019	184.989	185.001	269	0	2
2026.05.25	20:45:00	185.001	185.009	184.991	185.009	204	0	2
2026.05.25	21:00:00	185.009	185.014	184.990	185.005	305	0	2
2026.05.25	21:15:00	185.005	185.009	184.999	185.004	301	0	2
2026.05.25	21:30:00	185.004	185.016	184.993	184.999	232	0	2
2026.05.25	21:45:00	184.999	185.025	184.996	185.019	162	0	2
2026.05.25	22:00:00	185.020	185.022	184.999	185.002	252	0	2
2026.05.25	22:15:00	185.002	185.010	184.997	185.010	215	0	1
2026.05.25	22:30:00	185.010	185.021	185.002	185.010	167	0	2
2026.05.25	22:45:00	185.010	185.021	185.005	185.009	284	0	2
2026.05.25	23:00:00	185.005	185.031	185.005	185.017	337	0	11
2026.05.25	23:15:00	185.017	185.030	185.007	185.030	344	0	12
2026.05.25	23:30:00	185.030	185.035	185.009	185.033	424	0	12
2026.05.25	23:45:00	185.033	185.039	185.023	185.035	605	0	13
2026.05.26	00:00:00	184.907	184.942	184.864	184.869	987	0	149
2026.05.26	00:15:00	184.869	184.904	184.832	184.904	76	0	106
2026.05.26	00:30:00	184.904	184.953	184.857	184.869	504	0	74
2026.05.26	00:45:00	184.869	184.943	184.834	184.925	605	0	68
2026.05.26	01:00:00	184.925	185.028	184.925	184.995	506	0	11
2026.05.26	01:15:00	184.995	184.995	184.965	184.988	197	0	12
2026.05.26	01:30:00	184.988	185.009	184.980	185.005	128	0	9
2026.05.26	01:45:00	185.005	185.010	184.999	185.001	118	0	12
2026.05.26	02:00:00	185.001	185.026	185.000	185.019	221	0	8
2026.05.26	02:15:00	185.020	185.048	185.011	185.018	251	0	6
2026.05.26	02:30:00	185.018	185.029	184.978	184.978	388	0	5
2026.05.26	02:45:00	184.978	184.993	184.942	184.958	393	0	7
2026.05.26	03:00:00	184.958	185.023	184.945	185.004	1124	0	4
2026.05.26	03:15:00	185.004	185.006	184.951	184.980	1103	0	6
2026.05.26	03:30:00	184.980	184.985	184.942	184.952	677	0	6
2026.05.26	03:45:00	184.952	185.038	184.937	185.019	953	0	0
2026.05.26	04:00:00	185.019	185.036	184.979	185.022	1191	0	5
2026.05.26	04:15:00	185.022	185.024	184.965	184.965	850	0	7
2026.05.26	04:30:00	184.965	184.973	184.892	184.892	871	0	6
2026.05.26	04:45:00	184.892	184.939	184.890	184.939	689	0	7
2026.05.26	05:00:00	184.939	184.943	184.900	184.901	537	0	7
2026.05.26	05:15:00	184.901	184.925	184.893	184.904	460	0	9
2026.05.26	05:30:00	184.904	184.920	184.898	184.910	650	0	8
2026.05.26	05:45:00	184.910	184.928	184.905	184.912	540	0	7
2026.05.26	06:00:00	184.912	184.922	184.894	184.904	360	0	4
2026.05.26	06:15:00	184.904	184.929	184.899	184.906	390	0	7
2026.05.26	06:30:00	184.906	184.920	184.896	184.914	520	0	6
2026.05.26	06:45:00	184.914	184.941	184.896	184.937	377	0	7
2026.05.26	07:00:00	184.937	184.938	184.899	184.936	336	0	8
2026.05.26	07:15:00	184.936	184.936	184.889	184.892	347	0	9
2026.05.26	07:30:00	184.893	184.908	184.884	184.901	488	0	8
2026.05.26	07:45:00	184.901	184.936	184.890	184.912	591	0	0
2026.05.26	08:00:00	184.916	184.923	184.883	184.913	628	0	1
2026.05.26	08:15:00	184.913	184.920	184.890	184.916	485	0	2
2026.05.26	08:30:00	184.916	184.929	184.897	184.915	714	0	2
2026.05.26	08:45:00	184.915	184.929	184.902	184.917	487	0	2
2026.05.26	09:00:00	184.917	184.959	184.902	184.949	855	0	2
2026.05.26	09:15:00	184.949	185.045	184.949	185.041	962	0	0
2026.05.26	09:30:00	185.041	185.138	185.041	185.133	1010	0	0
2026.05.26	09:45:00	185.133	185.152	185.089	185.112	1001	0	2
2026.05.26	10:00:00	185.113	185.148	185.024	185.097	1501	0	0
2026.05.26	10:15:00	185.097	185.177	185.092	185.177	918	0	0
2026.05.26	10:30:00	185.176	185.271	185.160	185.217	1338	0	0
2026.05.26	10:45:00	185.217	185.280	185.190	185.260	1068	0	0
2026.05.26	11:00:00	185.260	185.345	185.249	185.307	1134	0	0
2026.05.26	11:15:00	185.307	185.359	185.297	185.328	918	0	2
2026.05.26	11:30:00	185.328	185.359	185.257	185.259	1078	0	0
2026.05.26	11:45:00	185.259	185.325	185.237	185.266	829	0	0
2026.05.26	12:00:00	185.266	185.293	185.193	185.267	994	0	2
2026.05.26	12:15:00	185.267	185.322	185.237	185.318	1101	0	0
2026.05.26	12:30:00	185.318	185.345	185.294	185.322	789	0	1
2026.05.26	12:45:00	185.322	185.335	185.289	185.305	821	0	1
2026.05.26	13:00:00	185.304	185.320	185.279	185.294	824	0	0
2026.05.26	13:15:00	185.294	185.307	185.266	185.281	746	0	1
2026.05.26	13:30:00	185.281	185.294	185.189	185.243	1401	0	0
2026.05.26	13:45:00	185.243	185.292	185.242	185.270	1035	0	0
2026.05.26	14:00:00	185.270	185.321	185.254	185.303	829	0	2
2026.05.26	14:15:00	185.303	185.311	185.248	185.250	695	0	0
2026.05.26	14:30:00	185.251	185.285	185.218	185.220	1294	0	0
2026.05.26	14:45:00	185.220	185.244	185.205	185.216	995	0	1
2026.05.26	15:00:00	185.216	185.242	185.192	185.223	1171	0	1
2026.05.26	15:15:00	185.223	185.248	185.208	185.247	840	0	2
2026.05.26	15:30:00	185.247	185.251	185.215	185.222	789	0	2
2026.05.26	15:45:00	185.222	185.224	185.189	185.214	1032	0	2
2026.05.26	16:00:00	185.214	185.254	185.194	185.220	1190	0	0
2026.05.26	16:15:00	185.220	185.239	185.165	185.168	1041	0	1
2026.05.26	16:30:00	185.169	185.226	185.164	185.194	1561	0	0
2026.05.26	16:45:00	185.194	185.236	185.062	185.164	1986	0	0
2026.05.26	17:00:00	185.164	185.220	185.121	185.150	1667	0	0
2026.05.26	17:15:00	185.150	185.165	185.091	185.134	1284	0	1
2026.05.26	17:30:00	185.134	185.184	185.103	185.147	1629	0	1
2026.05.26	17:45:00	185.147	185.221	185.130	185.212	1597	0	1
2026.05.26	18:00:00	185.212	185.222	185.140	185.163	1643	0	0
2026.05.26	18:15:00	185.163	185.182	185.124	185.171	1622	0	0
2026.05.26	18:30:00	185.171	185.193	185.105	185.181	1477	0	1
2026.05.26	18:45:00	185.181	185.204	185.163	185.171	1147	0	1
2026.05.26	19:00:00	185.173	185.201	185.158	185.200	840	0	2
2026.05.26	19:15:00	185.200	185.238	185.194	185.237	836	0	2
2026.05.26	19:30:00	185.237	185.252	185.201	185.208	863	0	0
2026.05.26	19:45:00	185.208	185.209	185.170	185.179	735	0	2
2026.05.26	20:00:00	185.179	185.212	185.151	185.208	641	0	0
2026.05.26	20:15:00	185.208	185.229	185.193	185.194	760	0	0
2026.05.26	20:30:00	185.194	185.224	185.184	185.202	803	0	0
2026.05.26	20:45:00	185.202	185.251	185.195	185.243	555	0	0
2026.05.26	21:00:00	185.243	185.264	185.235	185.257	541	0	0
2026.05.26	21:15:00	185.257	185.262	185.234	185.256	546	0	2
2026.05.26	21:30:00	185.256	185.286	185.240	185.280	687	0	2
2026.05.26	21:45:00	185.280	185.299	185.259	185.298	746	0	2
2026.05.26	22:00:00	185.297	185.301	185.271	185.278	587	0	2
2026.05.26	22:15:00	185.279	185.306	185.268	185.295	492	0	1
2026.05.26	22:30:00	185.295	185.313	185.279	185.308	455	0	0
2026.05.26	22:45:00	185.308	185.317	185.295	185.317	603	0	2
2026.05.26	23:00:00	185.317	185.320	185.292	185.303	481	0	3
2026.05.26	23:15:00	185.303	185.310	185.278	185.278	304	0	12
2026.05.26	23:30:00	185.278	185.317	185.278	185.302	502	0	11
2026.05.26	23:45:00	185.303	185.310	185.270	185.288	709	0	9
2026.05.27	00:00:00	185.126	185.249	185.079	185.206	196	0	62
2026.05.27	00:15:00	185.206	185.245	185.194	185.212	407	0	97
2026.05.27	00:30:00	185.212	185.235	185.173	185.234	288	0	113
2026.05.27	00:45:00	185.232	185.237	185.174	185.175	325	0	113
2026.05.27	01:00:00	185.175	185.301	185.167	185.289	407	0	12
2026.05.27	01:15:00	185.289	185.302	185.284	185.292	196	0	12
2026.05.27	01:30:00	185.291	185.299	185.287	185.293	147	0	12
2026.05.27	01:45:00	185.293	185.296	185.266	185.266	106	0	12
2026.05.27	02:00:00	185.266	185.292	185.266	185.280	279	0	7
2026.05.27	02:15:00	185.280	185.310	185.280	185.308	286	0	4
2026.05.27	02:30:00	185.308	185.322	185.297	185.317	246	0	7
2026.05.27	02:45:00	185.317	185.318	185.298	185.307	314	0	8
2026.05.27	03:00:00	185.307	185.321	185.289	185.312	1053	0	8
2026.05.27	03:15:00	185.312	185.319	185.271	185.296	904	0	6
2026.05.27	03:30:00	185.296	185.332	185.285	185.317	771	0	0
2026.05.27	03:45:00	185.317	185.417	185.313	185.370	1437	0	5
2026.05.27	04:00:00	185.370	185.380	185.308	185.332	926	0	6
2026.05.27	04:15:00	185.332	185.334	185.296	185.309	734	0	6
2026.05.27	04:30:00	185.309	185.326	185.283	185.302	1064	0	6
2026.05.27	04:45:00	185.302	185.332	185.283	185.325	702	0	6
2026.05.27	05:00:00	185.325	185.369	185.305	185.313	1246	0	3
2026.05.27	05:15:00	185.313	185.342	185.311	185.328	752	0	8
2026.05.27	05:30:00	185.327	185.334	185.285	185.292	579	0	8
2026.05.27	05:45:00	185.292	185.322	185.279	185.311	656	0	8
2026.05.27	06:00:00	185.310	185.342	185.288	185.296	786	0	4
2026.05.27	06:15:00	185.296	185.303	185.274	185.290	451	0	5
2026.05.27	06:30:00	185.289	185.301	185.274	185.291	508	0	5
2026.05.27	06:45:00	185.291	185.306	185.285	185.292	469	0	8
2026.05.27	07:00:00	185.292	185.324	185.286	185.322	398	0	9
2026.05.27	07:15:00	185.321	185.334	185.304	185.324	525	0	8
2026.05.27	07:30:00	185.324	185.375	185.320	185.367	446	0	8
2026.05.27	07:45:00	185.367	185.384	185.350	185.376	569	0	7
2026.05.27	08:00:00	185.380	185.423	185.375	185.417	601	0	1
2026.05.27	08:15:00	185.417	185.454	185.401	185.448	474	0	2
2026.05.27	08:30:00	185.448	185.461	185.425	185.452	766	0	2
2026.05.27	08:45:00	185.452	185.500	185.441	185.476	783	0	0
2026.05.27	09:00:00	185.476	185.504	185.453	185.475	1008	0	2
2026.05.27	09:15:00	185.475	185.496	185.465	185.484	863	0	2
2026.05.27	09:30:00	185.484	185.552	185.475	185.552	874	0	2
2026.05.27	09:45:00	185.552	185.588	185.541	185.576	985	0	2
2026.05.27	10:00:00	185.576	185.624	185.538	185.552	1199	0	1
2026.05.27	10:15:00	185.552	185.589	185.506	185.566	883	0	0
2026.05.27	10:30:00	185.566	185.587	185.517	185.582	941	0	2
2026.05.27	10:45:00	185.582	185.586	185.497	185.501	1040	0	1
2026.05.27	11:00:00	185.503	185.572	185.464	185.566	1252	0	2
2026.05.27	11:15:00	185.566	185.706	185.566	185.696	1132	0	1
2026.05.27	11:30:00	185.696	185.699	185.590	185.621	924	0	2
2026.05.27	11:45:00	185.621	185.634	185.579	185.613	877	0	2
2026.05.27	12:00:00	185.613	185.618	185.528	185.539	946	0	2
2026.05.27	12:15:00	185.539	185.569	185.523	185.553	900	0	0
2026.05.27	12:30:00	185.552	185.564	185.534	185.552	623	0	2
2026.05.27	12:45:00	185.552	185.598	185.539	185.567	687	0	2
2026.05.27	13:00:00	185.566	185.567	185.539	185.543	748	0	2
2026.05.27	13:15:00	185.543	185.549	185.465	185.478	822	0	0
2026.05.27	13:30:00	185.480	185.521	185.470	185.497	790	0	0
2026.05.27	13:45:00	185.497	185.517	185.454	185.509	852	0	2
2026.05.27	14:00:00	185.509	185.542	185.489	185.539	977	0	0
2026.05.27	14:15:00	185.539	185.556	185.500	185.532	892	0	0
2026.05.27	14:30:00	185.532	185.563	185.512	185.548	979	0	2
2026.05.27	14:45:00	185.548	185.575	185.480	185.544	1182	0	0
2026.05.27	15:00:00	185.544	185.558	185.510	185.549	1208	0	2
2026.05.27	15:15:00	185.549	185.725	185.507	185.717	3566	0	0
2026.05.27	15:30:00	185.717	185.786	185.693	185.728	2573	0	0
2026.05.27	15:45:00	185.728	185.761	185.596	185.624	1872	0	0
2026.05.27	16:00:00	185.623	185.669	185.605	185.636	1888	0	0
2026.05.27	16:15:00	185.636	185.673	185.563	185.583	1702	0	0
2026.05.27	16:30:00	185.583	185.654	185.559	185.586	2219	0	0
2026.05.27	16:45:00	185.586	185.634	185.499	185.545	2269	0	0
2026.05.27	17:00:00	185.546	185.661	185.495	185.655	1877	0	0
2026.05.27	17:15:00	185.655	185.706	185.609	185.677	1971	0	0
2026.05.27	17:30:00	185.677	185.737	185.614	185.703	2297	0	0
2026.05.27	17:45:00	185.703	185.749	185.421	185.438	3030	0	0
2026.05.27	18:00:00	185.438	185.520	185.408	185.504	2196	0	0
2026.05.27	18:15:00	185.504	185.539	185.476	185.526	1425	0	1
2026.05.27	18:30:00	185.526	185.533	185.491	185.495	1654	0	0
2026.05.27	18:45:00	185.495	185.519	185.441	185.471	1328	0	0
2026.05.27	19:00:00	185.471	185.519	185.433	185.500	1516	0	0
2026.05.27	19:15:00	185.500	185.525	185.474	185.480	880	0	0
2026.05.27	19:30:00	185.480	185.531	185.470	185.513	952	0	2
2026.05.27	19:45:00	185.513	185.539	185.509	185.531	728	0	0
2026.05.27	20:00:00	185.531	185.549	185.433	185.444	1365	0	0
2026.05.27	20:15:00	185.446	185.495	185.438	185.480	860	0	0
2026.05.27	20:30:00	185.480	185.481	185.441	185.457	657	0	2
2026.05.27	20:45:00	185.457	185.496	185.456	185.486	572	0	2
2026.05.27	21:00:00	185.486	185.488	185.438	185.459	626	0	2
2026.05.27	21:15:00	185.459	185.466	185.433	185.451	530	0	2
2026.05.27	21:30:00	185.451	185.499	185.443	185.493	733	0	0
2026.05.27	21:45:00	185.493	185.514	185.473	185.495	707	0	2
2026.05.27	22:00:00	185.496	185.533	185.493	185.532	606	0	0
2026.05.27	22:15:00	185.532	185.553	185.520	185.540	459	0	2
2026.05.27	22:30:00	185.540	185.543	185.517	185.517	457	0	0
2026.05.27	22:45:00	185.517	185.534	185.499	185.527	560	0	0
2026.05.27	23:00:00	185.522	185.530	185.489	185.492	603	0	9
2026.05.27	23:15:00	185.492	185.519	185.489	185.492	471	0	11
2026.05.27	23:30:00	185.492	185.516	185.465	185.490	508	0	11
2026.05.27	23:45:00	185.490	185.498	185.442	185.447	895	0	10
2026.05.28	00:00:00	185.349	185.396	185.349	185.377	94	0	134
2026.05.28	00:15:00	185.377	185.401	185.346	185.389	60	0	134
2026.05.28	00:30:00	185.378	185.399	185.366	185.394	404	0	105
2026.05.28	00:45:00	185.393	185.443	185.347	185.443	695	0	44
2026.05.28	01:00:00	185.443	185.496	185.405	185.488	464	0	0
2026.05.28	01:15:00	185.488	185.492	185.456	185.460	231	0	9
2026.05.28	01:30:00	185.459	185.483	185.445	185.454	258	0	8
2026.05.28	01:45:00	185.454	185.455	185.435	185.436	261	0	10
2026.05.28	02:00:00	185.436	185.468	185.432	185.467	270	0	7
2026.05.28	02:15:00	185.467	185.475	185.407	185.414	479	0	5
2026.05.28	02:30:00	185.414	185.426	185.396	185.423	382	0	8
2026.05.28	02:45:00	185.423	185.430	185.355	185.379	438	0	0
2026.05.28	03:00:00	185.379	185.419	185.372	185.415	1136	0	5
2026.05.28	03:15:00	185.415	185.452	185.415	185.443	841	0	8
2026.05.28	03:30:00	185.443	185.450	185.412	185.423	784	0	7
2026.05.28	03:45:00	185.423	185.447	185.370	185.415	1139	0	6
2026.05.28	04:00:00	185.415	185.422	185.374	185.386	1035	0	5
2026.05.28	04:15:00	185.386	185.400	185.372	185.375	793	0	7
2026.05.28	04:30:00	185.375	185.386	185.350	185.362	709	0	4
2026.05.28	04:45:00	185.362	185.363	185.269	185.279	969	0	0
2026.05.28	05:00:00	185.280	185.310	185.276	185.305	859	0	6
2026.05.28	05:15:00	185.305	185.305	185.277	185.279	481	0	6
2026.05.28	05:30:00	185.278	185.294	185.259	185.269	628	0	6
2026.05.28	05:45:00	185.269	185.298	185.261	185.287	862	0	8
2026.05.28	06:00:00	185.287	185.295	185.186	185.186	796	0	5
2026.05.28	06:15:00	185.186	185.191	185.129	185.134	1110	0	4
2026.05.28	06:30:00	185.133	185.135	185.041	185.052	1834	0	3
2026.05.28	06:45:00	185.052	185.075	184.948	184.948	1232	0	5
2026.05.28	07:00:00	184.947	184.964	184.897	184.914	1296	0	4
2026.05.28	07:15:00	184.914	184.952	184.895	184.903	1242	0	5
2026.05.28	07:30:00	184.903	184.989	184.892	184.976	857	0	8
2026.05.28	07:45:00	184.976	184.999	184.968	184.975	697	0	7
2026.05.28	08:00:00	184.979	184.991	184.915	184.942	808	0	2
2026.05.28	08:15:00	184.942	185.019	184.924	185.008	844	0	2
2026.05.28	08:30:00	185.008	185.073	185.006	185.066	1165	0	2
2026.05.28	08:45:00	185.066	185.107	185.066	185.075	795	0	1
2026.05.28	09:00:00	185.075	185.124	185.069	185.112	1128	0	2
2026.05.28	09:15:00	185.112	185.180	185.106	185.157	1038	0	2
2026.05.28	09:30:00	185.157	185.170	185.106	185.119	861	0	2
2026.05.28	09:45:00	185.120	185.193	185.106	185.171	789	0	2
2026.05.28	10:00:00	185.171	185.266	185.164	185.255	1219	0	0
2026.05.28	10:15:00	185.255	185.257	185.216	185.231	1191	0	0
2026.05.28	10:30:00	185.231	185.249	185.192	185.211	1149	0	1
2026.05.28	10:45:00	185.211	185.240	185.178	185.181	943	0	2
2026.05.28	11:00:00	185.181	185.224	185.163	185.192	1217	0	1
2026.05.28	11:15:00	185.192	185.203	185.150	185.175	1064	0	0
2026.05.28	11:30:00	185.177	185.207	185.155	185.167	850	0	1
2026.05.28	11:45:00	185.167	185.239	185.164	185.220	831	0	2
2026.05.28	12:00:00	185.220	185.243	185.199	185.219	941	0	2
2026.05.28	12:15:00	185.219	185.229	185.159	185.182	828	0	2
2026.05.28	12:30:00	185.182	185.200	185.152	185.159	729	0	0
2026.05.28	12:45:00	185.159	185.182	185.128	185.131	852	0	2
2026.05.28	13:00:00	185.131	185.134	185.054	185.091	840	0	1
2026.05.28	13:15:00	185.091	185.141	185.069	185.128	923	0	0
2026.05.28	13:30:00	185.128	185.129	185.045	185.064	764	0	1
2026.05.28	13:45:00	185.064	185.100	185.039	185.039	1297	0	0
2026.05.28	14:00:00	185.039	185.085	185.024	185.077	1150	0	0
2026.05.28	14:15:00	185.078	185.144	185.068	185.142	717	0	0
2026.05.28	14:30:00	185.142	185.155	185.098	185.145	758	0	0
2026.05.28	14:45:00	185.145	185.328	185.131	185.247	1411	0	0
2026.05.28	15:00:00	185.247	185.263	185.220	185.236	1255	0	2
2026.05.28	15:15:00	185.237	185.341	185.234	185.323	1218	0	0
2026.05.28	15:30:00	185.323	185.395	185.287	185.367	2075	0	0
2026.05.28	15:45:00	185.366	185.453	185.359	185.449	1570	0	2
2026.05.28	16:00:00	185.449	185.509	185.406	185.410	1642	0	0
2026.05.28	16:15:00	185.410	185.449	185.400	185.416	986	0	2
2026.05.28	16:30:00	185.417	185.531	185.413	185.519	1718	0	0
2026.05.28	16:45:00	185.519	185.523	185.421	185.454	1405	0	0
2026.05.28	17:00:00	185.455	185.550	185.422	185.511	2306	0	0
2026.05.28	17:15:00	185.511	185.657	185.461	185.585	3563	0	0
2026.05.28	17:30:00	185.585	185.613	185.525	185.540	2651	0	0
2026.05.28	17:45:00	185.540	185.574	185.446	185.460	2880	0	0
2026.05.28	18:00:00	185.462	185.553	185.462	185.534	2226	0	1
2026.05.28	18:15:00	185.534	185.550	185.505	185.530	1586	0	2
2026.05.28	18:30:00	185.530	185.606	185.516	185.577	1393	0	1
2026.05.28	18:45:00	185.576	185.612	185.541	185.545	1157	0	0
2026.05.28	19:00:00	185.545	185.596	185.535	185.564	1413	0	1
2026.05.28	19:15:00	185.564	185.622	185.504	185.549	1807	0	0
2026.05.28	19:30:00	185.549	185.619	185.531	185.554	1516	0	0
2026.05.28	19:45:00	185.554	185.568	185.498	185.537	1133	0	1
2026.05.28	20:00:00	185.537	185.545	185.510	185.544	894	0	2
2026.05.28	20:15:00	185.544	185.544	185.510	185.529	660	0	1
2026.05.28	20:30:00	185.529	185.541	185.492	185.502	670	0	2
2026.05.28	20:45:00	185.502	185.540	185.494	185.521	663	0	2
2026.05.28	21:00:00	185.520	185.534	185.493	185.506	820	0	0
2026.05.28	21:15:00	185.506	185.540	185.486	185.511	1362	0	0
2026.05.28	21:30:00	185.511	185.531	185.504	185.514	783	0	2
2026.05.28	21:45:00	185.514	185.530	185.502	185.503	813	0	2
2026.05.28	22:00:00	185.503	185.528	185.499	185.513	907	0	2
2026.05.28	22:15:00	185.513	185.521	185.504	185.513	535	0	2
2026.05.28	22:30:00	185.513	185.517	185.477	185.479	767	0	2
2026.05.28	22:45:00	185.478	185.513	185.473	185.489	921	0	2
2026.05.28	23:00:00	185.483	185.488	185.445	185.474	606	0	10
2026.05.28	23:15:00	185.474	185.493	185.471	185.484	413	0	12
2026.05.28	23:30:00	185.482	185.512	185.480	185.497	592	0	11
2026.05.28	23:45:00	185.497	185.517	185.488	185.501	683	0	11
2026.05.29	00:00:00	185.516	185.516	185.378	185.473	52	0	71
2026.05.29	00:15:00	185.438	185.470	185.420	185.465	39	0	77
2026.05.29	00:30:00	185.465	185.508	185.458	185.486	673	0	87
2026.05.29	00:45:00	185.484	185.513	185.482	185.506	500	0	84
2026.05.29	01:00:00	185.506	185.565	185.492	185.528	591	0	9
2026.05.29	01:15:00	185.528	185.554	185.525	185.553	166	0	11
2026.05.29	01:30:00	185.551	185.573	185.535	185.537	200	0	7
2026.05.29	01:45:00	185.537	185.558	185.516	185.543	150	0	12
2026.05.29	02:00:00	185.543	185.567	185.528	185.553	245	0	9
2026.05.29	02:15:00	185.553	185.555	185.531	185.534	258	0	8
2026.05.29	02:30:00	185.534	185.580	185.514	185.566	341	0	0
2026.05.29	02:45:00	185.566	185.589	185.534	185.589	453	0	4
2026.05.29	03:00:00	185.589	185.645	185.579	185.624	1159	0	5
2026.05.29	03:15:00	185.624	185.628	185.596	185.614	947	0	5
2026.05.29	03:30:00	185.614	185.621	185.565	185.575	789	0	7
2026.05.29	03:45:00	185.575	185.615	185.549	185.551	1272	0	6
2026.05.29	04:00:00	185.551	185.636	185.547	185.618	1164	0	5
2026.05.29	04:15:00	185.619	185.642	185.610	185.616	911	0	4
2026.05.29	04:30:00	185.616	185.616	185.549	185.560	892	0	0
2026.05.29	04:45:00	185.560	185.561	185.500	185.514	1057	0	4
2026.05.29	05:00:00	185.514	185.536	185.485	185.533	780	0	5
2026.05.29	05:15:00	185.533	185.549	185.516	185.523	564	0	5
2026.05.29	05:30:00	185.523	185.557	185.522	185.543	534	0	7
2026.05.29	05:45:00	185.543	185.549	185.499	185.515	449	0	6
2026.05.29	06:00:00	185.515	185.521	185.463	185.472	784	0	3
2026.05.29	06:15:00	185.472	185.496	185.461	185.481	717	0	8
2026.05.29	06:30:00	185.481	185.487	185.413	185.446	759	0	7
2026.05.29	06:45:00	185.445	185.463	185.430	185.447	756	0	4
2026.05.29	07:00:00	185.447	185.495	185.439	185.442	742	0	5
2026.05.29	07:15:00	185.443	185.443	185.397	185.398	705	0	6
2026.05.29	07:30:00	185.398	185.434	185.389	185.427	577	0	7
2026.05.29	07:45:00	185.427	185.429	185.391	185.410	516	0	7
2026.05.29	08:00:00	185.414	185.460	185.402	185.447	501	0	1
2026.05.29	08:15:00	185.447	185.483	185.447	185.450	502	0	2
2026.05.29	08:30:00	185.451	185.466	185.415	185.415	504	0	2
2026.05.29	08:45:00	185.415	185.494	185.415	185.473	580	0	2
2026.05.29	09:00:00	185.470	185.553	185.470	185.550	991	0	2
2026.05.29	09:15:00	185.550	185.556	185.515	185.522	849	0	2
2026.05.29	09:30:00	185.522	185.573	185.512	185.518	1201	0	0
2026.05.29	09:45:00	185.518	185.576	185.507	185.539	1040	0	2
2026.05.29	10:00:00	185.539	185.559	185.463	185.479	1354	0	0
2026.05.29	10:15:00	185.479	185.496	185.420	185.453	1244	0	2
2026.05.29	10:30:00	185.453	185.490	185.394	185.467	1220	0	1
2026.05.29	10:45:00	185.467	185.479	185.404	185.415	885	0	0
2026.05.29	11:00:00	185.415	185.415	185.241	185.266	1571	0	0
2026.05.29	11:15:00	185.266	185.380	185.245	185.379	1060	0	0
2026.05.29	11:30:00	185.379	185.396	185.340	185.348	1124	0	0
2026.05.29	11:45:00	185.347	185.351	185.186	185.232	1329	0	0
2026.05.29	12:00:00	185.233	185.342	185.208	185.340	1334	0	2
2026.05.29	12:15:00	185.340	185.356	185.290	185.313	1160	0	2
2026.05.29	12:30:00	185.313	185.348	185.283	185.339	1044	0	0
2026.05.29	12:45:00	185.339	185.451	185.333	185.449	1108	0	2
2026.05.29	13:00:00	185.449	185.494	185.400	185.477	1150	0	0
2026.05.29	13:15:00	185.477	185.478	185.419	185.441	851	0	2
2026.05.29	13:30:00	185.441	185.466	185.429	185.437	815	0	0
2026.05.29	13:45:00	185.437	185.472	185.412	185.461	908	0	0
2026.05.29	14:00:00	185.461	185.486	185.436	185.447	971	0	1
2026.05.29	14:15:00	185.447	185.462	185.394	185.459	938	0	2
2026.05.29	14:30:00	185.459	185.500	185.420	185.485	974	0	0
2026.05.29	14:45:00	185.485	185.506	185.435	185.491	1363	0	1
2026.05.29	15:00:00	185.491	185.526	185.436	185.478	1186	0	0
2026.05.29	15:15:00	185.478	185.501	185.452	185.497	925	0	2
2026.05.29	15:30:00	185.497	185.526	185.445	185.494	1149	0	0
2026.05.29	15:45:00	185.494	185.522	185.468	185.520	1058	0	2
2026.05.29	16:00:00	185.521	185.543	185.479	185.522	1311	0	1
2026.05.29	16:15:00	185.522	185.589	185.522	185.549	1121	0	0
2026.05.29	16:30:00	185.549	185.601	185.542	185.564	1302	0	2
2026.05.29	16:45:00	185.564	185.573	185.502	185.545	1407	0	0
2026.05.29	17:00:00	185.545	185.600	185.511	185.513	1728	0	0
2026.05.29	17:15:00	185.513	185.587	185.504	185.583	1628	0	0
2026.05.29	17:30:00	185.584	185.587	185.491	185.567	1978	0	2
2026.05.29	17:45:00	185.567	185.839	185.554	185.752	3895	0	0
2026.05.29	18:00:00	185.752	185.838	185.715	185.835	2994	0	0
2026.05.29	18:15:00	185.835	185.911	185.811	185.847	2076	0	0
2026.05.29	18:30:00	185.847	185.973	185.847	185.907	2597	0	0
2026.05.29	18:45:00	185.907	185.984	185.903	185.952	1653	0	2
2026.05.29	19:00:00	185.952	185.956	185.827	185.827	1398	0	0
2026.05.29	19:15:00	185.827	185.840	185.801	185.823	899	0	2
2026.05.29	19:30:00	185.823	185.850	185.779	185.782	1362	0	0
2026.05.29	19:45:00	185.782	185.826	185.778	185.819	1018	0	1
2026.05.29	20:00:00	185.819	185.830	185.797	185.811	873	0	2
2026.05.29	20:15:00	185.811	185.820	185.776	185.796	984	0	1
2026.05.29	20:30:00	185.796	185.797	185.741	185.752	749	0	2
2026.05.29	20:45:00	185.752	185.785	185.736	185.762	935	0	2
2026.05.29	21:00:00	185.762	185.777	185.754	185.772	858	0	2
2026.05.29	21:15:00	185.772	185.812	185.763	185.783	914	0	1
2026.05.29	21:30:00	185.783	185.805	185.757	185.765	846	0	2
2026.05.29	21:45:00	185.765	185.787	185.742	185.770	1343	0	2
2026.05.29	22:00:00	185.770	185.807	185.760	185.799	771	0	2
2026.05.29	22:15:00	185.799	185.830	185.788	185.827	756	0	0
2026.05.29	22:30:00	185.827	185.835	185.801	185.820	847	0	2
2026.05.29	22:45:00	185.820	185.821	185.755	185.773	1359	0	2
2026.05.29	23:00:00	185.769	185.774	185.731	185.748	1133	0	8
2026.05.29	23:15:00	185.748	185.757	185.725	185.735	597	0	9
2026.05.29	23:30:00	185.734	185.739	185.718	185.728	892	0	10
2026.05.29	23:45:00	185.728	185.740	185.665	185.727	1288	0	0
2026.06.01	00:00:00	185.673	185.772	185.673	185.733	146	0	42
2026.06.01	00:15:00	185.733	185.750	185.692	185.733	156	0	60
2026.06.01	00:30:00	185.734	185.760	185.696	185.733	482	0	23
2026.06.01	00:45:00	185.731	185.786	185.718	185.770	187	0	53
2026.06.01	01:00:00	185.772	185.775	185.698	185.739	1072	0	5
2026.06.01	01:15:00	185.739	185.770	185.738	185.762	398	0	12
2026.06.01	01:30:00	185.762	185.782	185.743	185.765	487	0	0
2026.06.01	01:45:00	185.765	185.784	185.734	185.753	1217	0	6
2026.06.01	02:00:00	185.753	185.759	185.735	185.752	931	0	5
2026.06.01	02:15:00	185.752	185.758	185.735	185.754	750	0	7
2026.06.01	02:30:00	185.753	185.758	185.694	185.695	620	0	7
2026.06.01	02:45:00	185.695	185.696	185.625	185.632	1035	0	5
2026.06.01	03:00:00	185.632	185.761	185.632	185.732	1950	0	4
2026.06.01	03:15:00	185.730	185.740	185.660	185.698	1585	0	4
2026.06.01	03:30:00	185.698	185.714	185.685	185.697	1186	0	6
2026.06.01	03:45:00	185.697	185.744	185.671	185.727	1505	0	3
2026.06.01	04:00:00	185.727	185.736	185.699	185.719	1367	0	6
2026.06.01	04:15:00	185.719	185.732	185.699	185.704	1001	0	0
2026.06.01	04:30:00	185.704	185.720	185.677	185.687	1068	0	3
2026.06.01	04:45:00	185.687	185.723	185.676	185.718	617	0	6
2026.06.01	05:00:00	185.718	185.728	185.702	185.702	531	0	7
2026.06.01	05:15:00	185.702	185.725	185.690	185.697	473	0	6
2026.06.01	05:30:00	185.695	185.710	185.684	185.699	653	0	7
2026.06.01	05:45:00	185.699	185.721	185.693	185.715	560	0	6
2026.06.01	06:00:00	185.715	185.744	185.707	185.707	536	0	6
2026.06.01	06:15:00	185.707	185.745	185.678	185.738	746	0	7
2026.06.01	06:30:00	185.738	185.739	185.653	185.657	687	0	5
2026.06.01	06:45:00	185.657	185.696	185.657	185.693	430	0	8
2026.06.01	07:00:00	185.693	185.724	185.683	185.718	504	0	8
2026.06.01	07:15:00	185.718	185.735	185.717	185.733	385	0	6
2026.06.01	07:30:00	185.733	185.748	185.721	185.746	375	0	9
2026.06.01	07:45:00	185.746	185.747	185.719	185.737	490	0	5
2026.06.01	08:00:00	185.741	185.790	185.740	185.778	719	0	2
2026.06.01	08:15:00	185.778	185.791	185.775	185.777	306	0	2
2026.06.01	08:30:00	185.777	185.816	185.771	185.815	575	0	2
2026.06.01	08:45:00	185.815	185.841	185.789	185.793	626	0	2
2026.06.01	09:00:00	185.793	185.865	185.790	185.865	1272	0	2
2026.06.01	09:15:00	185.865	185.873	185.805	185.828	857	0	2
2026.06.01	09:30:00	185.828	185.868	185.814	185.858	960	0	0
2026.06.01	09:45:00	185.858	185.978	185.841	185.964	1553	0	0
2026.06.01	10:00:00	185.964	185.964	185.869	185.890	1511	0	0
2026.06.01	10:15:00	185.890	185.917	185.843	185.899	1187	0	0
2026.06.01	10:30:00	185.899	185.907	185.821	185.840	893	0	1
2026.06.01	10:45:00	185.839	185.940	185.822	185.885	915	0	0
2026.06.01	11:00:00	185.885	185.906	185.857	185.884	1001	0	2
2026.06.01	11:15:00	185.884	185.917	185.849	185.897	909	0	1
2026.06.01	11:30:00	185.897	185.911	185.879	185.898	735	0	2
2026.06.01	11:45:00	185.898	185.913	185.825	185.888	988	0	2
2026.06.01	12:00:00	185.888	185.922	185.799	185.813	1038	0	2
2026.06.01	12:15:00	185.813	185.842	185.758	185.782	888	0	2
2026.06.01	12:30:00	185.782	185.798	185.757	185.759	812	0	2
2026.06.01	12:45:00	185.759	185.795	185.753	185.782	838	0	2
2026.06.01	13:00:00	185.784	185.788	185.756	185.771	668	0	2
2026.06.01	13:15:00	185.771	185.781	185.735	185.751	720	0	2
2026.06.01	13:30:00	185.751	185.779	185.736	185.760	569	0	0
2026.06.01	13:45:00	185.760	185.764	185.702	185.722	639	0	1
2026.06.01	14:00:00	185.722	185.729	185.650	185.702	813	0	2
2026.06.01	14:15:00	185.702	185.724	185.686	185.711	618	0	0
2026.06.01	14:30:00	185.711	185.720	185.669	185.713	594	0	0
2026.06.01	14:45:00	185.713	185.766	185.698	185.742	624	0	0
2026.06.01	15:00:00	185.743	185.771	185.739	185.743	1146	0	2
2026.06.01	15:15:00	185.742	185.783	185.735	185.778	978	0	1
2026.06.01	15:30:00	185.778	185.785	185.712	185.717	1349	0	0
2026.06.01	15:45:00	185.717	185.770	185.711	185.758	1197	0	0
2026.06.01	16:00:00	185.758	185.790	185.631	185.699	2610	0	0
2026.06.01	16:15:00	185.699	185.749	185.618	185.685	2640	0	0
2026.06.01	16:30:00	185.685	185.694	185.598	185.602	2794	0	0
2026.06.01	16:45:00	185.602	185.620	185.454	185.456	2421	0	0
2026.06.01	17:00:00	185.458	185.504	185.392	185.454	2661	0	0
2026.06.01	17:15:00	185.454	185.500	185.438	185.488	2124	0	0
2026.06.01	17:30:00	185.488	185.539	185.468	185.523	1812	0	0
2026.06.01	17:45:00	185.523	185.571	185.440	185.558	1918	0	0
2026.06.01	18:00:00	185.559	185.576	185.472	185.483	2140	0	0
2026.06.01	18:15:00	185.483	185.550	185.468	185.543	1417	0	2
2026.06.01	18:30:00	185.543	185.605	185.541	185.583	2178	0	0
2026.06.01	18:45:00	185.583	185.594	185.560	185.573	1037	0	2
2026.06.01	19:00:00	185.574	185.590	185.513	185.542	1290	0	2
2026.06.01	19:15:00	185.542	185.589	185.519	185.575	1084	0	2
2026.06.01	19:30:00	185.575	185.596	185.537	185.555	1612	0	1
2026.06.01	19:45:00	185.555	185.623	185.546	185.614	1597	0	0
2026.06.01	20:00:00	185.614	185.620	185.582	185.600	1109	0	2
2026.06.01	20:15:00	185.600	185.661	185.598	185.655	1132	0	0
2026.06.01	20:30:00	185.655	185.727	185.620	185.716	1932	0	0
2026.06.01	20:45:00	185.716	185.758	185.709	185.731	1101	0	0
2026.06.01	21:00:00	185.731	185.738	185.709	185.712	750	0	0
2026.06.01	21:15:00	185.712	185.732	185.706	185.716	558	0	0
2026.06.01	21:30:00	185.716	185.753	185.708	185.751	503	0	0
2026.06.01	21:45:00	185.751	185.821	185.746	185.814	1089	0	0
2026.06.01	22:00:00	185.814	185.814	185.741	185.746	676	0	0
2026.06.01	22:15:00	185.746	185.762	185.733	185.737	666	0	2
2026.06.01	22:30:00	185.737	185.753	185.715	185.734	667	0	0
2026.06.01	22:45:00	185.734	185.752	185.699	185.751	1233	0	0
2026.06.01	23:00:00	185.746	185.760	185.714	185.715	583	0	11
2026.06.01	23:15:00	185.716	185.742	185.707	185.729	531	0	7
2026.06.01	23:30:00	185.729	185.740	185.711	185.736	649	0	11
2026.06.01	23:45:00	185.736	185.743	185.706	185.717	984	0	10
2026.06.02	00:00:00	185.562	185.637	185.544	185.601	194	0	103
2026.06.02	00:15:00	185.601	185.680	185.588	185.670	238	0	113
2026.06.02	00:30:00	185.670	185.701	185.637	185.692	600	0	89
2026.06.02	00:45:00	185.692	185.721	185.640	185.647	1042	0	64
2026.06.02	01:00:00	185.647	185.743	185.647	185.719	425	0	3
2026.06.02	01:15:00	185.719	185.734	185.697	185.728	313	0	12
2026.06.02	01:30:00	185.729	185.738	185.716	185.731	284	0	12
2026.06.02	01:45:00	185.729	185.741	185.717	185.741	177	0	12
2026.06.02	02:00:00	185.741	185.761	185.741	185.751	380	0	4
2026.06.02	02:15:00	185.751	185.756	185.740	185.742	167	0	10
2026.06.02	02:30:00	185.742	185.749	185.704	185.740	500	0	7
2026.06.02	02:45:00	185.740	185.754	185.734	185.749	393	0	4
2026.06.02	03:00:00	185.749	185.759	185.696	185.744	925	0	3
2026.06.02	03:15:00	185.744	185.762	185.736	185.755	709	0	6
2026.06.02	03:30:00	185.755	185.786	185.745	185.762	697	0	0
2026.06.02	03:45:00	185.762	185.779	185.695	185.708	1262	0	0
2026.06.02	04:00:00	185.708	185.770	185.702	185.761	1108	0	1
2026.06.02	04:15:00	185.761	185.773	185.746	185.755	845	0	6
2026.06.02	04:30:00	185.755	185.771	185.747	185.753	806	0	8
2026.06.02	04:45:00	185.753	185.769	185.713	185.745	861	0	5
2026.06.02	05:00:00	185.745	185.763	185.736	185.753	720	0	5
2026.06.02	05:15:00	185.753	185.785	185.748	185.781	583	0	8
2026.06.02	05:30:00	185.781	185.782	185.755	185.757	514	0	8
2026.06.02	05:45:00	185.757	185.766	185.750	185.760	400	0	8
2026.06.02	06:00:00	185.760	185.784	185.758	185.772	730	0	8
2026.06.02	06:15:00	185.772	185.793	185.767	185.788	538	0	8
2026.06.02	06:30:00	185.788	185.805	185.770	185.804	465	0	9
2026.06.02	06:45:00	185.804	185.828	185.802	185.817	489	0	9
2026.06.02	07:00:00	185.817	185.832	185.815	185.832	439	0	8
2026.06.02	07:15:00	185.832	185.856	185.830	185.848	479	0	8
2026.06.02	07:30:00	185.848	185.864	185.847	185.857	387	0	7
2026.06.02	07:45:00	185.857	185.896	185.851	185.886	438	0	6
2026.06.02	08:00:00	185.886	185.903	185.883	185.897	388	0	2
2026.06.02	08:15:00	185.897	185.909	185.873	185.886	526	0	2
2026.06.02	08:30:00	185.886	185.904	185.886	185.888	362	0	2
2026.06.02	08:45:00	185.888	185.901	185.873	185.891	402	0	2
2026.06.02	09:00:00	185.893	186.019	185.884	185.991	1062	0	1
2026.06.02	09:15:00	185.991	186.056	185.976	186.039	1141	0	2
2026.06.02	09:30:00	186.039	186.096	186.034	186.064	1209	0	2
2026.06.02	09:45:00	186.064	186.097	186.030	186.067	1080	0	1
2026.06.02	10:00:00	186.066	186.071	186.000	186.009	1160	0	2
2026.06.02	10:15:00	186.009	186.023	185.986	186.019	914	0	2
2026.06.02	10:30:00	186.019	186.056	186.009	186.044	815	0	2
2026.06.02	10:45:00	186.044	186.053	186.017	186.022	1101	0	1
2026.06.02	11:00:00	186.022	186.053	185.980	185.984	1331	0	0
2026.06.02	11:15:00	185.984	186.027	185.971	186.022	1072	0	2
2026.06.02	11:30:00	186.022	186.037	186.004	186.011	812	0	2
2026.06.02	11:45:00	186.011	186.012	185.966	185.999	738	0	2
2026.06.02	12:00:00	185.999	186.002	185.942	185.958	846	0	0
2026.06.02	12:15:00	185.958	185.981	185.930	185.950	816	0	0
2026.06.02	12:30:00	185.950	185.988	185.943	185.967	754	0	1
2026.06.02	12:45:00	185.967	185.993	185.952	185.989	730	0	2
2026.06.02	13:00:00	185.990	186.009	185.966	185.985	829	0	2
2026.06.02	13:15:00	185.985	185.988	185.910	185.967	668	0	0
2026.06.02	13:30:00	185.966	185.982	185.949	185.979	606	0	2
2026.06.02	13:45:00	185.979	186.014	185.966	185.984	780	0	2
2026.06.02	14:00:00	185.984	186.010	185.980	185.982	812	0	2
2026.06.02	14:15:00	185.982	186.038	185.982	186.038	751	0	2
2026.06.02	14:30:00	186.038	186.097	186.032	186.091	658	0	2
2026.06.02	14:45:00	186.091	186.137	186.085	186.095	801	0	2
2026.06.02	15:00:00	186.095	186.115	186.076	186.085	911	0	2
2026.06.02	15:15:00	186.085	186.193	186.070	186.152	1158	0	0
2026.06.02	15:30:00	186.152	186.207	186.121	186.155	1410	0	0
2026.06.02	15:45:00	186.155	186.170	186.126	186.155	998	0	0
2026.06.02	16:00:00	186.155	186.187	186.098	186.122	1569	0	1
2026.06.02	16:15:00	186.122	186.148	186.090	186.093	1176	0	0
2026.06.02	16:30:00	186.093	186.121	186.069	186.077	1563	0	2
2026.06.02	16:45:00	186.077	186.085	186.030	186.071	1480	0	2
2026.06.02	17:00:00	186.071	186.106	186.003	186.083	1847	0	0
2026.06.02	17:15:00	186.083	186.103	186.034	186.083	1226	0	1
2026.06.02	17:30:00	186.081	186.184	186.068	186.147	1247	0	2
2026.06.02	17:45:00	186.147	186.172	186.105	186.140	1518	0	1
2026.06.02	18:00:00	186.140	186.157	186.076	186.126	1504	0	0
2026.06.02	18:15:00	186.126	186.172	186.047	186.067	1180	0	0
2026.06.02	18:30:00	186.067	186.124	186.061	186.119	1164	0	0
2026.06.02	18:45:00	186.119	186.130	186.103	186.106	920	0	2
2026.06.02	19:00:00	186.106	186.106	186.045	186.075	955	0	0
2026.06.02	19:15:00	186.075	186.078	185.998	186.005	789	0	2
2026.06.02	19:30:00	186.005	186.019	185.967	185.988	808	0	2
2026.06.02	19:45:00	185.988	185.990	185.933	185.946	587	0	2
2026.06.02	20:00:00	185.947	185.969	185.917	185.929	762	0	2
2026.06.02	20:15:00	185.929	185.967	185.909	185.919	763	0	2
2026.06.02	20:30:00	185.919	185.928	185.900	185.915	707	0	0
2026.06.02	20:45:00	185.915	185.916	185.883	185.902	484	0	0
2026.06.02	21:00:00	185.902	185.919	185.856	185.864	579	0	2
2026.06.02	21:15:00	185.864	185.885	185.802	185.884	884	0	0
2026.06.02	21:30:00	185.884	185.949	185.884	185.918	776	0	0
2026.06.02	21:45:00	185.920	185.969	185.917	185.944	656	0	2
2026.06.02	22:00:00	185.942	185.997	185.942	185.990	537	0	0
2026.06.02	22:15:00	185.990	186.014	185.988	186.013	565	0	2
2026.06.02	22:30:00	186.013	186.018	185.995	186.001	384	0	2
2026.06.02	22:45:00	186.001	186.051	186.001	186.033	520	0	2
2026.06.02	23:00:00	186.028	186.060	186.028	186.042	475	0	10
2026.06.02	23:15:00	186.042	186.042	186.025	186.026	378	0	12
2026.06.02	23:30:00	186.026	186.050	185.996	186.023	633	0	9
2026.06.02	23:45:00	186.022	186.030	185.994	186.012	828	0	10
2026.06.03	00:00:00	185.905	185.917	185.797	185.913	307	0	118
2026.06.03	00:15:00	185.913	185.955	185.907	185.936	133	0	95
2026.06.03	00:30:00	185.936	185.972	185.935	185.951	314	0	77
2026.06.03	00:45:00	185.951	186.012	185.930	185.935	508	0	73
2026.06.03	01:00:00	185.935	185.988	185.922	185.954	497	0	8
2026.06.03	01:15:00	185.954	185.972	185.943	185.964	201	0	12
2026.06.03	01:30:00	185.964	185.984	185.964	185.976	212	0	11
2026.06.03	01:45:00	185.976	185.988	185.964	185.973	254	0	11
2026.06.03	02:00:00	185.973	185.984	185.962	185.963	501	0	6
2026.06.03	02:15:00	185.963	185.972	185.931	185.938	522	0	9
2026.06.03	02:30:00	185.938	185.948	185.905	185.927	510	0	7
2026.06.03	02:45:00	185.927	185.927	185.898	185.914	450	0	8
2026.06.03	03:00:00	185.914	185.934	185.897	185.923	848	0	7
2026.06.03	03:15:00	185.923	185.942	185.910	185.929	684	0	8
2026.06.03	03:30:00	185.929	185.973	185.916	185.962	599	0	6
2026.06.03	03:45:00	185.962	186.006	185.952	185.986	1019	0	7
2026.06.03	04:00:00	185.986	185.987	185.929	185.939	897	0	8
2026.06.03	04:15:00	185.939	185.957	185.934	185.948	744	0	3
2026.06.03	04:30:00	185.947	185.962	185.911	185.920	932	0	0
2026.06.03	04:45:00	185.920	185.928	185.889	185.906	863	0	7
2026.06.03	05:00:00	185.906	185.924	185.904	185.906	570	0	8
2026.06.03	05:15:00	185.906	185.912	185.889	185.890	429	0	5
2026.06.03	05:30:00	185.890	185.897	185.872	185.881	581	0	9
2026.06.03	05:45:00	185.881	185.905	185.850	185.897	720	0	7
2026.06.03	06:00:00	185.897	185.922	185.887	185.910	520	0	7
2026.06.03	06:15:00	185.910	185.929	185.900	185.911	533	0	5
2026.06.03	06:30:00	185.911	185.944	185.902	185.926	549	0	8
2026.06.03	06:45:00	185.925	185.925	185.895	185.904	387	0	8
2026.06.03	07:00:00	185.904	185.907	185.876	185.878	347	0	8
2026.06.03	07:15:00	185.878	185.883	185.857	185.868	445	0	0
2026.06.03	07:30:00	185.867	185.877	185.855	185.865	356	0	7
2026.06.03	07:45:00	185.865	185.883	185.858	185.876	355	0	8
2026.06.03	08:00:00	185.880	185.902	185.860	185.883	532	0	2
2026.06.03	08:15:00	185.883	185.894	185.842	185.849	450	0	2
2026.06.03	08:30:00	185.849	185.865	185.835	185.849	746	0	2
2026.06.03	08:45:00	185.849	185.873	185.815	185.816	611	0	2
2026.06.03	09:00:00	185.816	185.851	185.763	185.810	1158	0	0
2026.06.03	09:15:00	185.810	185.819	185.737	185.787	1067	0	2
2026.06.03	09:30:00	185.787	185.820	185.744	185.757	1194	0	2
2026.06.03	09:45:00	185.757	185.844	185.746	185.837	1124	0	0
2026.06.03	10:00:00	185.837	185.843	185.791	185.803	1441	0	0
2026.06.03	10:15:00	185.803	185.838	185.775	185.775	1044	0	2
2026.06.03	10:30:00	185.775	185.785	185.472	185.563	2835	0	0
2026.06.03	10:45:00	185.562	185.602	185.449	185.513	1988	0	0
2026.06.03	11:00:00	185.513	185.513	185.443	185.476	2641	0	0
2026.06.03	11:15:00	185.476	185.500	185.428	185.450	1893	0	0
2026.06.03	11:30:00	185.447	185.554	185.113	185.484	4261	0	0
2026.06.03	11:45:00	185.484	185.485	185.404	185.458	1790	0	0
2026.06.03	12:00:00	185.458	185.590	185.458	185.566	1780	0	0
2026.06.03	12:15:00	185.566	185.654	185.530	185.644	1814	0	0
2026.06.03	12:30:00	185.644	185.662	185.575	185.645	1022	0	0
2026.06.03	12:45:00	185.645	185.662	185.565	185.572	1075	0	0
2026.06.03	13:00:00	185.571	185.645	185.548	185.592	2160	0	0
2026.06.03	13:15:00	185.592	185.651	185.585	185.645	1150	0	1
2026.06.03	13:30:00	185.645	185.694	185.634	185.688	1039	0	0
2026.06.03	13:45:00	185.689	185.694	185.604	185.620	959	0	0
2026.06.03	14:00:00	185.620	185.661	185.608	185.656	943	0	2
2026.06.03	14:15:00	185.656	185.688	185.655	185.686	676	0	2
2026.06.03	14:30:00	185.686	185.705	185.670	185.684	735	0	2
2026.06.03	14:45:00	185.684	185.746	185.664	185.697	1139	0	2
2026.06.03	15:00:00	185.697	185.711	185.604	185.608	1511	0	2
2026.06.03	15:15:00	185.608	185.635	185.551	185.554	1198	0	0
2026.06.03	15:30:00	185.554	185.554	185.457	185.543	1415	0	0
2026.06.03	15:45:00	185.543	185.549	185.453	185.512	1467	0	0
2026.06.03	16:00:00	185.512	185.553	185.487	185.524	1572	0	0
2026.06.03	16:15:00	185.524	185.598	185.492	185.597	1420	0	0
2026.06.03	16:30:00	185.597	185.633	185.569	185.585	1905	0	0
2026.06.03	16:45:00	185.585	185.626	185.550	185.610	2074	0	0
2026.06.03	17:00:00	185.610	185.677	185.577	185.626	2151	0	0
2026.06.03	17:15:00	185.626	185.645	185.573	185.633	2112	0	1
2026.06.03	17:30:00	185.633	185.638	185.521	185.528	1856	0	2
2026.06.03	17:45:00	185.528	185.747	185.501	185.733	2532	0	2
2026.06.03	18:00:00	185.733	185.740	185.631	185.675	2290	0	2
2026.06.03	18:15:00	185.676	185.735	185.663	185.684	1660	0	2
2026.06.03	18:30:00	185.684	185.731	185.651	185.680	1380	0	2
2026.06.03	18:45:00	185.680	185.697	185.640	185.644	1182	0	0
2026.06.03	19:00:00	185.644	185.654	185.580	185.608	1522	0	0
2026.06.03	19:15:00	185.608	185.623	185.582	185.606	1274	0	2
2026.06.03	19:30:00	185.606	185.611	185.539	185.555	1305	0	2
2026.06.03	19:45:00	185.555	185.612	185.543	185.587	1345	0	0
2026.06.03	20:00:00	185.587	185.620	185.557	185.620	982	0	0
2026.06.03	20:15:00	185.619	185.624	185.583	185.583	703	0	2
2026.06.03	20:30:00	185.583	185.628	185.582	185.615	537	0	2
2026.06.03	20:45:00	185.615	185.635	185.596	185.630	555	0	2
2026.06.03	21:00:00	185.631	185.633	185.589	185.596	632	0	2
2026.06.03	21:15:00	185.596	185.608	185.582	185.605	760	0	2
2026.06.03	21:30:00	185.605	185.610	185.590	185.594	712	0	2
2026.06.03	21:45:00	185.594	185.621	185.592	185.610	840	0	2
2026.06.03	22:00:00	185.610	185.623	185.588	185.592	703	0	1
2026.06.03	22:15:00	185.592	185.625	185.588	185.598	671	0	2
2026.06.03	22:30:00	185.598	185.639	185.598	185.626	545	0	2
2026.06.03	22:45:00	185.626	185.664	185.626	185.658	753	0	2
2026.06.03	23:00:00	185.658	185.667	185.640	185.666	638	0	2
2026.06.03	23:15:00	185.666	185.679	185.645	185.673	756	0	9
2026.06.03	23:30:00	185.673	185.678	185.652	185.667	479	0	11
2026.06.03	23:45:00	185.667	185.691	185.652	185.654	586	0	11
2026.06.04	00:00:00	185.550	185.612	185.513	185.601	104	0	82
2026.06.04	00:15:00	185.601	185.604	185.579	185.593	151	0	63
2026.06.04	00:30:00	185.592	185.627	185.581	185.616	344	0	69
2026.06.04	00:45:00	185.616	185.620	185.528	185.553	360	0	55
2026.06.04	01:00:00	185.553	185.637	185.545	185.587	550	0	12
2026.06.04	01:15:00	185.587	185.604	185.572	185.588	280	0	11
2026.06.04	01:30:00	185.588	185.589	185.566	185.566	303	0	10
2026.06.04	01:45:00	185.566	185.622	185.557	185.596	833	0	10
2026.06.04	02:00:00	185.596	185.622	185.578	185.621	1065	0	4
2026.06.04	02:15:00	185.621	185.643	185.597	185.622	655	0	0
2026.06.04	02:30:00	185.621	185.650	185.619	185.632	606	0	5
2026.06.04	02:45:00	185.632	185.696	185.627	185.680	832	0	6
2026.06.04	03:00:00	185.680	185.695	185.621	185.655	1244	0	3
2026.06.04	03:15:00	185.655	185.695	185.646	185.680	977	0	7
2026.06.04	03:30:00	185.680	185.682	185.647	185.652	1004	0	7
2026.06.04	03:45:00	185.652	185.668	185.597	185.598	1131	0	2
2026.06.04	04:00:00	185.598	185.619	185.569	185.594	1209	0	7
2026.06.04	04:15:00	185.594	185.609	185.581	185.597	1137	0	6
2026.06.04	04:30:00	185.597	185.623	185.592	185.597	1101	0	6
2026.06.04	04:45:00	185.597	185.622	185.582	185.616	1004	0	7
2026.06.04	05:00:00	185.616	185.622	185.586	185.586	1019	0	8
2026.06.04	05:15:00	185.586	185.608	185.585	185.599	822	0	0
2026.06.04	05:30:00	185.599	185.635	185.599	185.624	548	0	8
2026.06.04	05:45:00	185.624	185.654	185.621	185.638	489	0	8
2026.06.04	06:00:00	185.638	185.638	185.593	185.598	629	0	6
2026.06.04	06:15:00	185.598	185.634	185.591	185.611	552	0	5
2026.06.04	06:30:00	185.610	185.640	185.609	185.633	721	0	8
2026.06.04	06:45:00	185.632	185.660	185.624	185.660	428	0	8
2026.06.04	07:00:00	185.660	185.663	185.625	185.635	495	0	6
2026.06.04	07:15:00	185.635	185.673	185.633	185.666	428	0	7
2026.06.04	07:30:00	185.666	185.671	185.346	185.561	1575	0	0
2026.06.04	07:45:00	185.561	185.606	185.561	185.601	730	0	2
2026.06.04	08:00:00	185.603	185.631	185.592	185.628	761	0	1
2026.06.04	08:15:00	185.628	185.637	185.603	185.603	649	0	2
2026.06.04	08:30:00	185.603	185.618	185.587	185.612	704	0	2
2026.06.04	08:45:00	185.612	185.637	185.595	185.625	732	0	1
2026.06.04	09:00:00	185.625	185.659	185.592	185.659	1050	0	1
2026.06.04	09:15:00	185.659	185.682	185.595	185.615	999	0	2
2026.06.04	09:30:00	185.615	185.669	185.600	185.642	1328	0	1
2026.06.04	09:45:00	185.642	185.658	185.601	185.658	1180	0	2
2026.06.04	10:00:00	185.658	185.666	185.621	185.636	1265	0	2
2026.06.04	10:15:00	185.636	185.643	185.549	185.576	1089	0	1
2026.06.04	10:30:00	185.576	185.576	185.488	185.496	1309	0	0
2026.06.04	10:45:00	185.496	185.559	185.480	185.554	1119	0	2
2026.06.04	11:00:00	185.554	185.596	185.550	185.563	1241	0	2
2026.06.04	11:15:00	185.563	185.629	185.562	185.618	1451	0	1
2026.06.04	11:30:00	185.618	185.646	185.585	185.603	1079	0	0
2026.06.04	11:45:00	185.604	185.679	185.600	185.667	1098	0	0
2026.06.04	12:00:00	185.667	185.755	185.666	185.740	1691	0	0
2026.06.04	12:15:00	185.740	185.820	185.729	185.798	1336	0	2
2026.06.04	12:30:00	185.798	185.869	185.786	185.847	1454	0	2
2026.06.04	12:45:00	185.847	185.883	185.822	185.846	1120	0	2
2026.06.04	13:00:00	185.846	185.938	185.841	185.922	1238	0	1
2026.06.04	13:15:00	185.922	185.955	185.880	185.920	978	0	0
2026.06.04	13:30:00	185.920	185.985	185.910	185.972	1026	0	1
2026.06.04	13:45:00	185.972	185.997	185.921	185.943	1264	0	0
2026.06.04	14:00:00	185.943	185.999	185.937	185.983	1213	0	2
2026.06.04	14:15:00	185.983	186.082	185.979	186.044	1623	0	2
2026.06.04	14:30:00	186.044	186.080	186.002	186.080	1555	0	0
2026.06.04	14:45:00	186.080	186.090	185.989	186.000	1680	0	0
2026.06.04	15:00:00	186.000	186.053	185.990	186.016	2020	0	1
2026.06.04	15:15:00	186.016	186.049	186.002	186.010	1264	0	2
2026.06.04	15:30:00	186.010	186.069	185.995	186.055	1201	0	1
2026.06.04	15:45:00	186.053	186.098	186.032	186.038	1299	0	0
2026.06.04	16:00:00	186.038	186.087	186.020	186.030	1425	0	0
2026.06.04	16:15:00	186.030	186.039	186.002	186.036	1263	0	1
2026.06.04	16:30:00	186.036	186.084	186.009	186.084	1641	0	2
2026.06.04	16:45:00	186.084	186.104	186.060	186.081	1603	0	0
2026.06.04	17:00:00	186.081	186.113	186.022	186.041	1524	0	0
2026.06.04	17:15:00	186.041	186.069	186.027	186.041	1323	0	2
2026.06.04	17:30:00	186.040	186.093	186.029	186.065	1207	0	2
2026.06.04	17:45:00	186.065	186.104	186.039	186.072	1497	0	2
2026.06.04	18:00:00	186.071	186.107	185.995	186.008	1724	0	0
2026.06.04	18:15:00	186.008	186.008	185.964	185.972	1122	0	0
2026.06.04	18:30:00	185.972	185.997	185.958	185.972	1292	0	0
2026.06.04	18:45:00	185.972	186.041	185.962	186.020	1226	0	0
2026.06.04	19:00:00	186.020	186.035	185.969	185.989	1052	0	2
2026.06.04	19:15:00	185.989	186.026	185.980	186.004	761	0	2
2026.06.04	19:30:00	186.004	186.015	185.981	186.002	1062	0	2
2026.06.04	19:45:00	186.002	186.003	185.929	185.940	777	0	2
2026.06.04	20:00:00	185.940	185.960	185.923	185.928	1057	0	2
2026.06.04	20:15:00	185.928	185.953	185.915	185.916	517	0	2
2026.06.04	20:30:00	185.916	185.922	185.903	185.913	689	0	2
2026.06.04	20:45:00	185.913	185.930	185.899	185.925	427	0	2
2026.06.04	21:00:00	185.925	185.936	185.893	185.901	501	0	2
2026.06.04	21:15:00	185.901	185.904	185.860	185.861	479	0	2
2026.06.04	21:30:00	185.861	185.903	185.861	185.875	923	0	2
2026.06.04	21:45:00	185.875	185.892	185.840	185.874	778	0	2
2026.06.04	22:00:00	185.874	185.882	185.815	185.826	668	0	0
2026.06.04	22:15:00	185.826	185.840	185.819	185.831	473	0	2
2026.06.04	22:30:00	185.831	185.831	185.799	185.804	564	0	0
2026.06.04	22:45:00	185.803	185.833	185.793	185.816	711	0	0
2026.06.04	23:00:00	185.816	185.825	185.786	185.787	640	0	3
2026.06.04	23:15:00	185.787	185.806	185.777	185.789	407	0	10
2026.06.04	23:30:00	185.789	185.805	185.770	185.804	430	0	10
2026.06.04	23:45:00	185.804	185.819	185.791	185.796	629	0	9
2026.06.05	00:00:00	185.652	185.845	185.649	185.814	252	0	52
2026.06.05	00:15:00	185.814	185.831	185.770	185.818	92	0	62
2026.06.05	00:30:00	185.818	185.835	185.751	185.796	309	0	51
2026.06.05	00:45:00	185.796	185.821	185.714	185.730	436	0	72
2026.06.05	01:00:00	185.730	185.813	185.730	185.794	342	0	7
2026.06.05	01:15:00	185.794	185.811	185.780	185.783	208	0	12
2026.06.05	01:30:00	185.783	185.797	185.779	185.792	121	0	10
2026.06.05	01:45:00	185.792	185.794	185.777	185.789	187	0	12
2026.06.05	02:00:00	185.789	185.810	185.789	185.799	258	0	7
2026.06.05	02:15:00	185.799	185.799	185.778	185.782	274	0	6
2026.06.05	02:30:00	185.782	185.800	185.771	185.779	240	0	8
2026.06.05	02:45:00	185.779	185.802	185.775	185.788	448	0	5
2026.06.05	03:00:00	185.788	185.811	185.762	185.765	1249	0	7
2026.06.05	03:15:00	185.765	185.785	185.759	185.778	914	0	5
2026.06.05	03:30:00	185.778	185.783	185.742	185.753	767	0	6
2026.06.05	03:45:00	185.753	185.771	185.716	185.755	1038	0	5
2026.06.05	04:00:00	185.755	185.763	185.699	185.712	1370	0	6
2026.06.05	04:15:00	185.712	185.732	185.698	185.731	1318	0	8
2026.06.05	04:30:00	185.731	185.756	185.720	185.750	1099	0	7
2026.06.05	04:45:00	185.750	185.784	185.742	185.768	921	0	9
2026.06.05	05:00:00	185.768	185.787	185.758	185.783	895	0	7
2026.06.05	05:15:00	185.783	185.821	185.782	185.815	607	0	7
2026.06.05	05:30:00	185.815	185.815	185.777	185.781	546	0	8
2026.06.05	05:45:00	185.781	185.803	185.771	185.792	598	0	8
2026.06.05	06:00:00	185.792	185.818	185.785	185.799	711	0	6
2026.06.05	06:15:00	185.799	185.818	185.792	185.792	683	0	8
2026.06.05	06:30:00	185.792	185.800	185.765	185.767	491	0	8
2026.06.05	06:45:00	185.767	185.785	185.759	185.784	469	0	6
2026.06.05	07:00:00	185.784	185.789	185.770	185.780	560	0	8
2026.06.05	07:15:00	185.780	185.800	185.772	185.772	503	0	4
2026.06.05	07:30:00	185.772	185.807	185.772	185.797	772	0	9
2026.06.05	07:45:00	185.797	185.820	185.789	185.808	443	0	4
2026.06.05	08:00:00	185.812	185.821	185.795	185.800	615	0	2
2026.06.05	08:15:00	185.800	185.807	185.769	185.779	533	0	2
2026.06.05	08:30:00	185.779	185.815	185.777	185.807	609	0	2
2026.06.05	08:45:00	185.807	185.832	185.797	185.808	532	0	0
2026.06.05	09:00:00	185.807	185.813	185.762	185.794	1095	0	2
2026.06.05	09:15:00	185.794	185.828	185.769	185.826	990	0	2
2026.06.05	09:30:00	185.826	185.891	185.824	185.890	1181	0	0
2026.06.05	09:45:00	185.890	185.897	185.838	185.886	1040	0	0
2026.06.05	10:00:00	185.886	185.954	185.877	185.945	1156	0	0
2026.06.05	10:15:00	185.945	185.985	185.939	185.984	882	0	0
2026.06.05	10:30:00	185.984	186.090	185.974	186.048	1097	0	0
2026.06.05	10:45:00	186.048	186.094	186.045	186.055	939	0	2
2026.06.05	11:00:00	186.055	186.151	186.053	186.148	952	0	2
2026.06.05	11:15:00	186.148	186.161	186.108	186.126	917	0	2
2026.06.05	11:30:00	186.126	186.150	186.111	186.131	796	0	2
2026.06.05	11:45:00	186.131	186.147	186.114	186.124	794	0	2
2026.06.05	12:00:00	186.124	186.203	186.100	186.182	1239	0	2
2026.06.05	12:15:00	186.183	186.206	186.134	186.145	1151	0	2
2026.06.05	12:30:00	186.145	186.156	186.109	186.135	823	0	2
2026.06.05	12:45:00	186.135	186.170	186.134	186.153	733	0	2
2026.06.05	13:00:00	186.153	186.178	186.151	186.163	615	0	2
2026.06.05	13:15:00	186.163	186.185	186.138	186.172	564	0	2
2026.06.05	13:30:00	186.172	186.204	186.162	186.167	731	0	2
2026.06.05	13:45:00	186.168	186.189	186.117	186.143	643	0	2
2026.06.05	14:00:00	186.141	186.146	186.061	186.071	845	0	2
2026.06.05	14:15:00	186.071	186.122	186.064	186.110	887	0	0
2026.06.05	14:30:00	186.110	186.120	186.026	186.043	1042	0	0
2026.06.05	14:45:00	186.043	186.089	186.008	186.084	1142	0	1
2026.06.05	15:00:00	186.084	186.108	186.050	186.089	1360	0	2
2026.06.05	15:15:00	186.089	186.116	186.031	186.031	1291	0	2
2026.06.05	15:30:00	186.033	186.063	185.714	185.752	4008	0	0
2026.06.05	15:45:00	185.752	185.774	185.630	185.633	3188	0	0
2026.06.05	16:00:00	185.634	185.701	185.251	185.599	4547	0	0
2026.06.05	16:15:00	185.599	185.659	185.527	185.544	2534	0	2
2026.06.05	16:30:00	185.544	185.572	185.404	185.418	2780	0	0
2026.06.05	16:45:00	185.418	185.472	185.280	185.321	3258	0	0
2026.06.05	17:00:00	185.321	185.379	185.166	185.186	3191	0	0
2026.06.05	17:15:00	185.187	185.224	185.107	185.114	2332	0	0
2026.06.05	17:30:00	185.114	185.205	185.111	185.128	2414	0	0
2026.06.05	17:45:00	185.128	185.259	185.098	185.257	2521	0	0
2026.06.05	18:00:00	185.257	185.264	185.064	185.081	2124	0	1
2026.06.05	18:15:00	185.080	185.114	185.008	185.045	2367	0	0
2026.06.05	18:30:00	185.045	185.062	184.867	184.921	1843	0	0
2026.06.05	18:45:00	184.921	184.921	184.767	184.824	1639	0	0
2026.06.05	19:00:00	184.824	184.826	184.719	184.768	1986	0	0
2026.06.05	19:15:00	184.768	184.808	184.717	184.770	2006	0	1
2026.06.05	19:30:00	184.770	184.773	184.724	184.761	1457	0	1
2026.06.05	19:45:00	184.761	184.839	184.760	184.838	1723	0	0
2026.06.05	20:00:00	184.839	184.857	184.774	184.801	1422	0	0
2026.06.05	20:15:00	184.801	184.822	184.773	184.791	1234	0	1
2026.06.05	20:30:00	184.793	184.805	184.741	184.743	1199	0	2
2026.06.05	20:45:00	184.743	184.770	184.698	184.759	1259	0	1
2026.06.05	21:00:00	184.758	184.769	184.684	184.687	1202	0	0
2026.06.05	21:15:00	184.687	184.714	184.614	184.637	1488	0	0
2026.06.05	21:30:00	184.637	184.643	184.514	184.569	1478	0	0
2026.06.05	21:45:00	184.569	184.599	184.500	184.556	1791	0	0
2026.06.05	22:00:00	184.556	184.557	184.496	184.526	1206	0	0
2026.06.05	22:15:00	184.526	184.570	184.505	184.570	1027	0	1
2026.06.05	22:30:00	184.570	184.602	184.549	184.593	1065	0	2
2026.06.05	22:45:00	184.593	184.670	184.586	184.616	1260	0	2
2026.06.05	23:00:00	184.612	184.629	184.552	184.553	1081	0	7
2026.06.05	23:15:00	184.553	184.628	184.552	184.605	619	0	7
2026.06.05	23:30:00	184.605	184.639	184.581	184.620	1044	0	10
2026.06.05	23:45:00	184.620	184.779	184.595	184.729	1989	0	3
2026.06.08	00:00:00	184.303	184.491	184.303	184.476	312	0	154
2026.06.08	00:15:00	184.476	184.545	184.470	184.471	345	0	114
2026.06.08	00:30:00	184.471	184.480	184.407	184.407	194	0	94
2026.06.08	00:45:00	184.407	184.452	184.375	184.442	378	0	66
2026.06.08	01:00:00	184.442	184.651	184.442	184.648	1098	0	9
2026.06.08	01:15:00	184.648	184.676	184.612	184.612	787	0	11
2026.06.08	01:30:00	184.612	184.642	184.586	184.603	574	0	11
2026.06.08	01:45:00	184.603	184.620	184.560	184.591	469	0	12
2026.06.08	02:00:00	184.591	184.644	184.591	184.633	747	0	9
2026.06.08	02:15:00	184.633	184.643	184.571	184.601	820	0	4
2026.06.08	02:30:00	184.601	184.682	184.600	184.680	549	0	0
2026.06.08	02:45:00	184.680	184.744	184.657	184.736	825	0	8
2026.06.08	03:00:00	184.736	184.751	184.655	184.735	1185	0	1
2026.06.08	03:15:00	184.735	184.741	184.683	184.708	1030	0	4
2026.06.08	03:30:00	184.708	184.786	184.706	184.786	1075	0	2
2026.06.08	03:45:00	184.786	184.907	184.746	184.905	1763	0	4
2026.06.08	04:00:00	184.905	184.939	184.840	184.842	1570	0	5
2026.06.08	04:15:00	184.842	184.845	184.662	184.681	2204	0	1
2026.06.08	04:30:00	184.680	184.752	184.585	184.744	2183	0	7
2026.06.08	04:45:00	184.744	184.804	184.726	184.804	1377	0	7
2026.06.08	05:00:00	184.804	184.821	184.740	184.794	1239	0	5
2026.06.08	05:15:00	184.794	184.875	184.767	184.866	946	0	8
2026.06.08	05:30:00	184.868	184.885	184.827	184.884	940	0	1
2026.06.08	05:45:00	184.884	184.927	184.873	184.887	976	0	7
2026.06.08	06:00:00	184.887	184.907	184.862	184.875	735	0	5
2026.06.08	06:15:00	184.875	184.898	184.855	184.868	623	0	5
2026.06.08	06:30:00	184.868	184.908	184.862	184.881	611	0	2
2026.06.08	06:45:00	184.881	184.912	184.862	184.904	411	0	8
2026.06.08	07:00:00	184.904	184.909	184.845	184.851	721	0	9
2026.06.08	07:15:00	184.851	184.901	184.848	184.901	517	0	9
2026.06.08	07:30:00	184.901	184.921	184.865	184.865	804	0	8
2026.06.08	07:45:00	184.865	184.911	184.865	184.893	605	0	0
2026.06.08	08:00:00	184.893	184.947	184.893	184.908	846	0	2
2026.06.08	08:15:00	184.908	184.998	184.894	184.902	1027	0	1
2026.06.08	08:30:00	184.902	184.904	184.779	184.803	1307	0	2
2026.06.08	08:45:00	184.803	184.820	184.589	184.611	1387	0	0
2026.06.08	09:00:00	184.611	184.687	184.568	184.612	1958	0	1
2026.06.08	09:15:00	184.612	184.771	184.590	184.750	1756	0	0
2026.06.08	09:30:00	184.750	184.750	184.585	184.608	1506	0	0
2026.06.08	09:45:00	184.608	184.652	184.534	184.548	1390	0	0
2026.06.08	10:00:00	184.548	184.624	184.525	184.603	2211	0	1
2026.06.08	10:15:00	184.603	184.695	184.572	184.613	1939	0	0
2026.06.08	10:30:00	184.613	184.647	184.562	184.622	1520	0	0
2026.06.08	10:45:00	184.622	184.632	184.526	184.527	1442	0	0
2026.06.08	11:00:00	184.527	184.583	184.480	184.523	1662	0	2
2026.06.08	11:15:00	184.523	184.533	184.438	184.487	1738	0	0
2026.06.08	11:30:00	184.489	184.512	184.415	184.472	1663	0	0
2026.06.08	11:45:00	184.472	184.491	183.988	184.159	2425	0	0
2026.06.08	12:00:00	184.158	184.222	184.128	184.150	2166	0	0
2026.06.08	12:15:00	184.150	184.197	184.040	184.049	1775	0	0
2026.06.08	12:30:00	184.049	184.167	184.028	184.094	2323	0	0
2026.06.08	12:45:00	184.094	184.243	184.083	184.211	1639	0	0
2026.06.08	13:00:00	184.211	184.292	184.171	184.280	1484	0	1
2026.06.08	13:15:00	184.279	184.363	184.233	184.327	1272	0	0
2026.06.08	13:30:00	184.327	184.430	184.309	184.390	1858	0	0
2026.06.08	13:45:00	184.390	184.431	184.363	184.398	1341	0	1
2026.06.08	14:00:00	184.397	184.506	184.373	184.500	1567	0	1
2026.06.08	14:15:00	184.500	184.601	184.465	184.601	2636	0	0
2026.06.08	14:30:00	184.601	184.621	184.521	184.538	1607	0	0
2026.06.08	14:45:00	184.538	184.579	184.506	184.550	1219	0	2
2026.06.08	15:00:00	184.550	184.642	184.550	184.562	1847	0	0
2026.06.08	15:15:00	184.560	184.602	184.546	184.579	1470	0	2
2026.06.08	15:30:00	184.579	184.626	184.536	184.588	1265	0	1
2026.06.08	15:45:00	184.587	184.630	184.523	184.628	1252	0	1
2026.06.08	16:00:00	184.628	184.700	184.620	184.680	1842	0	1
2026.06.08	16:15:00	184.680	184.815	184.664	184.750	1932	0	0
2026.06.08	16:30:00	184.750	184.784	184.712	184.717	2299	0	2
2026.06.08	16:45:00	184.717	184.772	184.702	184.702	1930	0	0
2026.06.08	17:00:00	184.702	184.770	184.686	184.745	1825	0	1
2026.06.08	17:15:00	184.745	184.780	184.716	184.747	1896	0	0
2026.06.08	17:30:00	184.748	184.781	184.696	184.717	1788	0	0
2026.06.08	17:45:00	184.718	184.771	184.700	184.770	2047	0	0
2026.06.08	18:00:00	184.770	184.849	184.764	184.820	1814	0	0
2026.06.08	18:15:00	184.820	184.835	184.746	184.758	1761	0	2
2026.06.08	18:30:00	184.758	184.797	184.736	184.789	1616	0	1
2026.06.08	18:45:00	184.789	184.867	184.783	184.846	1171	0	2
2026.06.08	19:00:00	184.846	184.849	184.797	184.811	1354	0	2
2026.06.08	19:15:00	184.811	184.824	184.788	184.798	854	0	1
2026.06.08	19:30:00	184.798	184.840	184.783	184.839	1123	0	1
2026.06.08	19:45:00	184.839	184.858	184.806	184.807	1180	0	2
2026.06.08	20:00:00	184.807	184.831	184.797	184.820	1127	0	0
2026.06.08	20:15:00	184.820	184.851	184.797	184.836	1313	0	0
2026.06.08	20:30:00	184.836	184.844	184.791	184.808	1127	0	0
2026.06.08	20:45:00	184.808	184.825	184.798	184.801	717	0	2
2026.06.08	21:00:00	184.802	184.840	184.799	184.831	839	0	2
2026.06.08	21:15:00	184.831	184.835	184.809	184.832	780	0	0
2026.06.08	21:30:00	184.832	184.847	184.790	184.797	616	0	2
2026.06.08	21:45:00	184.797	184.820	184.743	184.751	1036	0	0
2026.06.08	22:00:00	184.751	184.807	184.751	184.781	671	0	2
2026.06.08	22:15:00	184.781	184.796	184.768	184.785	675	0	2
2026.06.08	22:30:00	184.786	184.804	184.763	184.769	968	0	0
2026.06.08	22:45:00	184.769	184.786	184.732	184.739	1202	0	2
2026.06.08	23:00:00	184.739	184.752	184.722	184.738	830	0	3
2026.06.08	23:15:00	184.738	184.755	184.700	184.716	684	0	8
2026.06.08	23:30:00	184.715	184.719	184.700	184.717	489	0	11
2026.06.08	23:45:00	184.717	184.728	184.700	184.717	768	0	10
2026.06.09	00:00:00	184.584	184.765	184.584	184.682	146	0	90
2026.06.09	00:15:00	184.671	184.698	184.663	184.680	191	0	72
2026.06.09	00:30:00	184.680	184.738	184.675	184.734	348	0	60
2026.06.09	00:45:00	184.734	184.752	184.695	184.711	292	0	53
2026.06.09	01:00:00	184.712	184.748	184.670	184.732	417	0	10
2026.06.09	01:15:00	184.732	184.740	184.709	184.711	387	0	12
2026.06.09	01:30:00	184.711	184.739	184.708	184.723	209	0	9
2026.06.09	01:45:00	184.723	184.740	184.709	184.737	244	0	8
2026.06.09	02:00:00	184.737	184.751	184.722	184.750	283	0	10
2026.06.09	02:15:00	184.750	184.751	184.718	184.721	346	0	8
2026.06.09	02:30:00	184.721	184.740	184.702	184.724	465	0	5
2026.06.09	02:45:00	184.724	184.724	184.651	184.654	400	0	7
2026.06.09	03:00:00	184.654	184.675	184.623	184.625	1422	0	7
2026.06.09	03:15:00	184.625	184.653	184.602	184.645	950	0	4
2026.06.09	03:30:00	184.645	184.694	184.638	184.689	986	0	7
2026.06.09	03:45:00	184.689	184.783	184.679	184.770	1593	0	6
2026.06.09	04:00:00	184.770	184.805	184.756	184.786	1298	0	6
2026.06.09	04:15:00	184.786	184.848	184.781	184.823	1528	0	7
2026.06.09	04:30:00	184.822	184.830	184.794	184.812	907	0	7
2026.06.09	04:45:00	184.812	184.853	184.808	184.852	792	0	8
2026.06.09	05:00:00	184.852	184.866	184.840	184.862	721	0	9
2026.06.09	05:15:00	184.862	184.863	184.830	184.842	895	0	8
2026.06.09	05:30:00	184.842	184.856	184.832	184.856	682	0	4
2026.06.09	05:45:00	184.856	184.857	184.835	184.853	633	0	7
2026.06.09	06:00:00	184.853	184.875	184.840	184.869	822	0	7
2026.06.09	06:15:00	184.869	184.881	184.819	184.848	743	0	7
2026.06.09	06:30:00	184.847	184.873	184.836	184.852	754	0	6
2026.06.09	06:45:00	184.852	184.899	184.836	184.898	616	0	7
2026.06.09	07:00:00	184.898	184.915	184.878	184.899	495	0	9
2026.06.09	07:15:00	184.899	184.933	184.895	184.928	615	0	4
2026.06.09	07:30:00	184.928	184.958	184.906	184.955	818	0	5
2026.06.09	07:45:00	184.955	184.986	184.941	184.947	660	0	9
2026.06.09	08:00:00	184.950	184.955	184.868	184.869	803	0	0
2026.06.09	08:15:00	184.869	184.914	184.860	184.862	634	0	2
2026.06.09	08:30:00	184.862	184.918	184.842	184.906	1296	0	0
2026.06.09	08:45:00	184.906	184.917	184.869	184.892	1088	0	1
2026.06.09	09:00:00	184.892	184.916	184.831	184.914	1396	0	2
2026.06.09	09:15:00	184.914	184.975	184.891	184.928	1452	0	1
2026.06.09	09:30:00	184.928	184.942	184.894	184.917	1407	0	0
2026.06.09	09:45:00	184.917	184.932	184.877	184.896	1344	0	2
2026.06.09	10:00:00	184.896	184.933	184.861	184.869	1600	0	2
2026.06.09	10:15:00	184.869	184.900	184.837	184.841	1358	0	2
2026.06.09	10:30:00	184.841	184.893	184.821	184.866	1131	0	1
2026.06.09	10:45:00	184.866	184.890	184.852	184.856	1248	0	2
2026.06.09	11:00:00	184.856	184.897	184.822	184.863	1569	0	0
2026.06.09	11:15:00	184.863	184.945	184.855	184.936	1290	0	2
2026.06.09	11:30:00	184.936	184.985	184.935	184.980	1036	0	0
2026.06.09	11:45:00	184.980	185.043	184.971	185.015	928	0	2
2026.06.09	12:00:00	185.015	185.104	185.013	185.104	932	0	2
2026.06.09	12:15:00	185.104	185.132	185.051	185.081	959	0	1
2026.06.09	12:30:00	185.081	185.145	185.074	185.139	737	0	2
2026.06.09	12:45:00	185.139	185.215	185.136	185.204	850	0	2
2026.06.09	13:00:00	185.203	185.228	185.192	185.228	1144	0	2
2026.06.09	13:15:00	185.229	185.261	185.223	185.240	831	0	1
2026.06.09	13:30:00	185.240	185.281	185.229	185.278	602	0	2
2026.06.09	13:45:00	185.278	185.291	185.233	185.242	686	0	2
2026.06.09	14:00:00	185.242	185.291	185.241	185.283	739	0	2
2026.06.09	14:15:00	185.283	185.348	185.266	185.333	749	0	2
2026.06.09	14:30:00	185.333	185.340	185.278	185.280	799	0	2
2026.06.09	14:45:00	185.280	185.372	185.270	185.347	871	0	0
2026.06.09	15:00:00	185.350	185.384	185.320	185.327	1312	0	1
2026.06.09	15:15:00	185.327	185.354	185.313	185.327	1092	0	2
2026.06.09	15:30:00	185.327	185.392	185.322	185.378	1036	0	2
2026.06.09	15:45:00	185.378	185.415	185.368	185.397	914	0	2
2026.06.09	16:00:00	185.399	185.465	185.399	185.444	1520	0	1
2026.06.09	16:15:00	185.444	185.445	185.365	185.381	935	0	2
2026.06.09	16:30:00	185.382	185.386	185.259	185.293	1622	0	2
2026.06.09	16:45:00	185.293	185.401	185.280	185.294	2391	0	0
2026.06.09	17:00:00	185.294	185.380	185.248	185.248	2121	0	0
2026.06.09	17:15:00	185.248	185.298	185.172	185.225	2316	0	2
2026.06.09	17:30:00	185.225	185.320	185.217	185.233	2216	0	1
2026.06.09	17:45:00	185.233	185.306	185.230	185.288	2528	0	1
2026.06.09	18:00:00	185.289	185.361	185.259	185.323	1982	0	2
2026.06.09	18:15:00	185.325	185.326	185.219	185.241	1926	0	0
2026.06.09	18:30:00	185.241	185.255	185.075	185.192	2518	0	0
2026.06.09	18:45:00	185.192	185.194	185.137	185.146	2015	0	0
2026.06.09	19:00:00	185.146	185.179	185.079	185.082	2445	0	0
2026.06.09	19:15:00	185.083	185.138	185.053	185.134	2116	0	1
2026.06.09	19:30:00	185.133	185.177	184.969	185.053	3484	0	0
2026.06.09	19:45:00	185.052	185.121	185.029	185.118	2858	0	0
2026.06.09	20:00:00	185.118	185.144	185.088	185.133	2116	0	0
2026.06.09	20:15:00	185.133	185.190	185.095	185.167	2066	0	1
2026.06.09	20:30:00	185.167	185.189	185.141	185.159	1280	0	2
2026.06.09	20:45:00	185.159	185.193	185.128	185.180	1535	0	2
2026.06.09	21:00:00	185.180	185.217	185.168	185.203	1357	0	0
2026.06.09	21:15:00	185.203	185.244	185.183	185.234	1350	0	2
2026.06.09	21:30:00	185.234	185.259	185.215	185.224	1053	0	2
2026.06.09	21:45:00	185.224	185.230	185.188	185.211	910	0	2
2026.06.09	22:00:00	185.213	185.219	185.181	185.194	850	0	2
2026.06.09	22:15:00	185.194	185.194	185.149	185.161	935	0	2
2026.06.09	22:30:00	185.161	185.167	185.097	185.129	841	0	2
2026.06.09	22:45:00	185.129	185.156	185.094	185.140	1315	0	2
2026.06.09	23:00:00	185.136	185.169	185.118	185.119	716	0	10
2026.06.09	23:15:00	185.119	185.161	185.097	185.103	464	0	11
2026.06.09	23:30:00	185.102	185.140	185.100	185.130	558	0	11
2026.06.09	23:45:00	185.131	185.146	185.101	185.108	611	0	11
2026.06.10	00:00:00	185.069	185.069	185.003	185.059	34	0	42
2026.06.10	00:15:00	185.059	185.059	185.000	185.057	116	0	75
2026.06.10	00:30:00	185.057	185.061	185.006	185.010	221	0	25
2026.06.10	00:45:00	185.009	185.051	184.975	184.985	417	0	25
2026.06.10	01:00:00	184.985	185.073	184.970	185.064	533	0	8
2026.06.10	01:15:00	185.063	185.075	185.053	185.061	397	0	12
2026.06.10	01:30:00	185.061	185.069	185.041	185.044	269	0	10
2026.06.10	01:45:00	185.044	185.049	185.028	185.046	136	0	12
2026.06.10	02:00:00	185.046	185.088	185.044	185.080	229	0	10
2026.06.10	02:15:00	185.080	185.081	185.031	185.033	439	0	6
2026.06.10	02:30:00	185.030	185.050	185.020	185.032	363	0	5
2026.06.10	02:45:00	185.033	185.036	184.980	185.007	613	0	6
2026.06.10	03:00:00	185.007	185.083	184.971	185.078	1394	0	2
2026.06.10	03:15:00	185.078	185.099	185.061	185.094	782	0	7
2026.06.10	03:30:00	185.094	185.104	184.988	185.000	949	0	6
2026.06.10	03:45:00	185.000	185.125	184.992	185.116	1697	0	6
2026.06.10	04:00:00	185.116	185.121	184.955	185.034	1696	0	0
2026.06.10	04:15:00	185.035	185.077	185.018	185.043	1254	0	5
2026.06.10	04:30:00	185.044	185.076	185.020	185.038	1085	0	7
2026.06.10	04:45:00	185.038	185.066	185.016	185.041	1187	0	8
2026.06.10	05:00:00	185.041	185.055	185.017	185.038	703	0	7
2026.06.10	05:15:00	185.039	185.088	185.038	185.087	789	0	8
2026.06.10	05:30:00	185.087	185.103	185.075	185.100	932	0	7
2026.06.10	05:45:00	185.100	185.113	185.088	185.099	698	0	9
2026.06.10	06:00:00	185.100	185.174	185.097	185.166	819	0	4
2026.06.10	06:15:00	185.166	185.195	185.148	185.156	571	0	8
2026.06.10	06:30:00	185.156	185.185	185.130	185.132	749	0	5
2026.06.10	06:45:00	185.132	185.240	185.131	185.217	809	0	6
2026.06.10	07:00:00	185.217	185.219	185.175	185.177	614	0	9
2026.06.10	07:15:00	185.177	185.192	185.162	185.186	863	0	7
2026.06.10	07:30:00	185.187	185.189	185.122	185.132	814	0	7
2026.06.10	07:45:00	185.132	185.166	185.126	185.166	626	0	6
2026.06.10	08:00:00	185.170	185.209	185.152	185.175	828	0	2
2026.06.10	08:15:00	185.175	185.206	185.146	185.202	854	0	0
2026.06.10	08:30:00	185.202	185.299	185.185	185.267	1070	0	1
2026.06.10	08:45:00	185.267	185.271	185.245	185.268	649	0	2
2026.06.10	09:00:00	185.269	185.334	185.252	185.302	1278	0	2
2026.06.10	09:15:00	185.303	185.348	185.248	185.316	1370	0	2
2026.06.10	09:30:00	185.316	185.328	185.285	185.302	1142	0	0
2026.06.10	09:45:00	185.302	185.310	185.218	185.224	1166	0	1
2026.06.10	10:00:00	185.224	185.328	185.192	185.327	1344	0	2
2026.06.10	10:15:00	185.326	185.350	185.274	185.292	1091	0	0
2026.06.10	10:30:00	185.292	185.322	185.285	185.299	910	0	2
2026.06.10	10:45:00	185.300	185.317	185.271	185.315	1089	0	2
2026.06.10	11:00:00	185.315	185.317	185.240	185.261	1417	0	2
2026.06.10	11:15:00	185.261	185.314	185.259	185.313	1322	0	0
2026.06.10	11:30:00	185.312	185.316	185.271	185.274	1009	0	2
2026.06.10	11:45:00	185.274	185.348	185.243	185.346	1142	0	2
2026.06.10	12:00:00	185.348	185.388	185.299	185.301	1339	0	2
2026.06.10	12:15:00	185.301	185.346	185.295	185.338	1108	0	2
2026.06.10	12:30:00	185.338	185.426	185.337	185.417	1278	0	0
2026.06.10	12:45:00	185.417	185.468	185.415	185.439	1047	0	2
2026.06.10	13:00:00	185.440	185.473	185.409	185.421	1020	0	0
2026.06.10	13:15:00	185.422	185.453	185.406	185.436	849	0	2
2026.06.10	13:30:00	185.436	185.455	185.377	185.392	881	0	2
2026.06.10	13:45:00	185.392	185.414	185.356	185.373	982	0	2
2026.06.10	14:00:00	185.373	185.374	185.146	185.314	2444	0	0
2026.06.10	14:15:00	185.314	185.343	185.218	185.255	2210	0	0
2026.06.10	14:30:00	185.255	185.277	185.158	185.211	1715	0	0
2026.06.10	14:45:00	185.211	185.211	185.145	185.161	1516	0	0
2026.06.10	15:00:00	185.161	185.218	185.150	185.196	1594	0	0
2026.06.10	15:15:00	185.196	185.250	185.174	185.227	1629	0	0
2026.06.10	15:30:00	185.227	185.405	185.208	185.404	3304	0	0
2026.06.10	15:45:00	185.403	185.438	185.276	185.281	2282	0	0
2026.06.10	16:00:00	185.281	185.369	185.271	185.359	1917	0	0
2026.06.10	16:15:00	185.359	185.430	185.342	185.400	1540	0	0
2026.06.10	16:30:00	185.400	185.547	185.379	185.542	2650	0	0
2026.06.10	16:45:00	185.542	185.574	185.444	185.444	2174	0	2
2026.06.10	17:00:00	185.444	185.510	185.416	185.460	2359	0	0
2026.06.10	17:15:00	185.460	185.463	185.364	185.395	2426	0	0
2026.06.10	17:30:00	185.395	185.440	185.367	185.405	1991	0	2
2026.06.10	17:45:00	185.404	185.435	185.317	185.395	2362	0	0
2026.06.10	18:00:00	185.395	185.441	185.288	185.357	2173	0	0
2026.06.10	18:15:00	185.357	185.445	185.312	185.397	2097	0	0
2026.06.10	18:30:00	185.403	185.440	185.363	185.390	1856	0	0
2026.06.10	18:45:00	185.390	185.401	185.163	185.336	3270	0	0
2026.06.10	19:00:00	185.337	185.466	185.323	185.442	2085	0	0
2026.06.10	19:15:00	185.442	185.464	185.403	185.461	1619	0	2
2026.06.10	19:30:00	185.461	185.502	185.453	185.461	1471	0	2
2026.06.10	19:45:00	185.460	185.460	185.403	185.422	1279	0	2
2026.06.10	20:00:00	185.422	185.441	185.373	185.387	1313	0	2
2026.06.10	20:15:00	185.387	185.396	185.347	185.350	1225	0	2
2026.06.10	20:30:00	185.350	185.362	185.325	185.335	1259	0	0
2026.06.10	20:45:00	185.334	185.438	185.329	185.423	2028	0	0
2026.06.10	21:00:00	185.425	185.481	185.422	185.423	1459	0	1
2026.06.10	21:15:00	185.423	185.429	185.361	185.363	1296	0	2
2026.06.10	21:30:00	185.363	185.368	185.333	185.344	1159	0	0
2026.06.10	21:45:00	185.344	185.369	185.315	185.348	1206	0	2
2026.06.10	22:00:00	185.348	185.356	185.293	185.295	988	0	0
2026.06.10	22:15:00	185.295	185.317	185.287	185.308	807	0	2
2026.06.10	22:30:00	185.308	185.349	185.291	185.342	1182	0	2
2026.06.10	22:45:00	185.342	185.344	185.275	185.285	1112	0	2
2026.06.10	23:00:00	185.286	185.286	185.226	185.229	949	0	2
2026.06.10	23:15:00	185.229	185.257	185.223	185.242	498	0	11
2026.06.10	23:30:00	185.241	185.251	185.208	185.229	477	0	9
2026.06.10	23:45:00	185.229	185.236	185.200	185.200	853	0	11
2026.06.11	00:00:00	185.130	185.166	185.074	185.166	112	0	107
2026.06.11	00:15:00	185.161	185.184	185.121	185.126	196	0	79
2026.06.11	00:30:00	185.126	185.173	185.116	185.165	137	0	64
2026.06.11	00:45:00	185.167	185.183	185.138	185.143	193	0	53
2026.06.11	01:00:00	185.143	185.172	185.057	185.084	642	0	9
2026.06.11	01:15:00	185.084	185.122	185.076	185.119	585	0	10
2026.06.11	01:30:00	185.118	185.181	185.113	185.158	485	0	12
2026.06.11	01:45:00	185.158	185.184	185.104	185.106	372	0	10
2026.06.11	02:00:00	185.106	185.113	185.050	185.057	650	0	2
2026.06.11	02:15:00	185.057	185.194	185.048	185.183	1573	0	4
2026.06.11	02:30:00	185.183	185.208	185.137	185.192	820	0	7
2026.06.11	02:45:00	185.193	185.199	185.155	185.175	1140	0	7
2026.06.11	03:00:00	185.175	185.237	185.164	185.216	1733	0	4
2026.06.11	03:15:00	185.216	185.281	185.216	185.274	1696	0	8
2026.06.11	03:30:00	185.274	185.289	185.236	185.251	1196	0	7
2026.06.11	03:45:00	185.251	185.285	185.249	185.274	1342	0	6
2026.06.11	04:00:00	185.273	185.397	185.273	185.382	1807	0	6
2026.06.11	04:15:00	185.382	185.395	185.341	185.387	1286	0	4
2026.06.11	04:30:00	185.387	185.402	185.353	185.387	1071	0	5
2026.06.11	04:45:00	185.387	185.435	185.368	185.425	913	0	7
2026.06.11	05:00:00	185.426	185.428	185.393	185.401	1036	0	5
2026.06.11	05:15:00	185.401	185.406	185.342	185.352	983	0	8
2026.06.11	05:30:00	185.352	185.362	185.327	185.353	1026	0	6
2026.06.11	05:45:00	185.353	185.387	185.335	185.359	892	0	7
2026.06.11	06:00:00	185.359	185.379	185.318	185.322	789	0	4
2026.06.11	06:15:00	185.322	185.353	185.320	185.350	729	0	6
2026.06.11	06:30:00	185.350	185.357	185.332	185.348	983	0	7
2026.06.11	06:45:00	185.348	185.355	185.313	185.315	647	0	9
2026.06.11	07:00:00	185.315	185.324	185.289	185.323	631	0	2
2026.06.11	07:15:00	185.323	185.349	185.314	185.339	691	0	6
2026.06.11	07:30:00	185.338	185.367	185.322	185.358	700	0	7
2026.06.11	07:45:00	185.358	185.385	185.333	185.352	777	0	9
2026.06.11	08:00:00	185.356	185.388	185.331	185.380	778	0	2
2026.06.11	08:15:00	185.380	185.402	185.369	185.394	667	0	2
2026.06.11	08:30:00	185.394	185.407	185.372	185.383	813	0	2
2026.06.11	08:45:00	185.383	185.404	185.359	185.388	897	0	2
2026.06.11	09:00:00	185.386	185.387	185.316	185.367	1114	0	2
2026.06.11	09:15:00	185.367	185.390	185.346	185.363	995	0	2
2026.06.11	09:30:00	185.363	185.401	185.348	185.383	1074	0	2
2026.06.11	09:45:00	185.383	185.391	185.298	185.311	1001	0	0
2026.06.11	10:00:00	185.311	185.359	185.297	185.343	1515	0	2
2026.06.11	10:15:00	185.343	185.474	185.335	185.441	1387	0	0
2026.06.11	10:30:00	185.441	185.453	185.339	185.340	1229	0	1
2026.06.11	10:45:00	185.340	185.354	185.300	185.308	1116	0	1
2026.06.11	11:00:00	185.308	185.311	185.243	185.250	1318	0	0
2026.06.11	11:15:00	185.250	185.262	185.213	185.222	1181	0	2
2026.06.11	11:30:00	185.221	185.244	185.210	185.227	1015	0	2
2026.06.11	11:45:00	185.227	185.231	185.108	185.133	1228	0	2
2026.06.11	12:00:00	185.133	185.177	185.104	185.177	998	0	2
2026.06.11	12:15:00	185.177	185.216	185.125	185.130	1015	0	2
2026.06.11	12:30:00	185.130	185.162	185.118	185.158	883	0	1
2026.06.11	12:45:00	185.158	185.191	185.121	185.156	983	0	0
2026.06.11	13:00:00	185.156	185.166	185.039	185.044	1150	0	0
2026.06.11	13:15:00	185.044	185.072	185.004	185.036	1006	0	2
2026.06.11	13:30:00	185.036	185.082	185.029	185.049	882	0	1
2026.06.11	13:45:00	185.049	185.122	185.039	185.110	1012	0	2
2026.06.11	14:00:00	185.109	185.235	185.107	185.223	1354	0	2
2026.06.11	14:15:00	185.223	185.228	185.166	185.210	927	0	0
2026.06.11	14:30:00	185.210	185.260	185.195	185.205	1328	0	2
2026.06.11	14:45:00	185.205	185.238	185.167	185.229	996	0	0
2026.06.11	15:00:00	185.229	185.256	185.136	185.151	1350	0	0
2026.06.11	15:15:00	185.151	185.240	184.937	185.081	2674	0	0
2026.06.11	15:30:00	185.087	185.176	184.997	185.144	2802	0	0
2026.06.11	15:45:00	185.144	185.300	185.127	185.249	2822	0	0
2026.06.11	16:00:00	185.251	185.270	185.033	185.033	2118	0	0
2026.06.11	16:15:00	185.033	185.121	184.922	185.100	1751	0	0
2026.06.11	16:30:00	185.100	185.150	185.036	185.120	2265	0	0
2026.06.11	16:45:00	185.120	185.179	185.031	185.036	2283	0	0
2026.06.11	17:00:00	185.036	185.046	184.923	184.956	2067	0	0
2026.06.11	17:15:00	184.956	184.992	184.925	184.972	1738	0	0
2026.06.11	17:30:00	184.972	184.979	184.867	184.869	1743	0	0
2026.06.11	17:45:00	184.869	184.899	184.820	184.893	1759	0	2
2026.06.11	18:00:00	184.893	184.903	184.796	184.852	2310	0	0
2026.06.11	18:15:00	184.852	184.938	184.850	184.909	1568	0	2
2026.06.11	18:30:00	184.909	184.923	184.856	184.897	1552	0	2
2026.06.11	18:45:00	184.897	184.905	184.813	184.816	1522	0	2
2026.06.11	19:00:00	184.816	184.844	184.747	184.773	1333	0	2
2026.06.11	19:15:00	184.773	184.799	184.747	184.769	1351	0	0
2026.06.11	19:30:00	184.769	184.806	184.737	184.758	1313	0	2
2026.06.11	19:45:00	184.758	184.771	184.738	184.753	996	0	2
2026.06.11	20:00:00	184.753	184.754	184.676	184.685	1222	0	0
2026.06.11	20:15:00	184.685	184.852	184.658	184.831	1402	0	0
2026.06.11	20:30:00	184.831	185.213	184.826	185.050	5209	0	0
2026.06.11	20:45:00	185.050	185.064	184.918	184.960	3252	0	0
2026.06.11	21:00:00	184.960	185.021	184.938	185.001	3534	0	0
2026.06.11	21:15:00	185.001	185.040	184.975	185.016	2678	0	0
2026.06.11	21:30:00	185.016	185.033	184.952	185.004	1642	0	1
2026.06.11	21:45:00	185.004	185.030	184.983	185.016	1881	0	0
2026.06.11	22:00:00	185.016	185.079	185.015	185.039	2213	0	0
2026.06.11	22:15:00	185.039	185.104	185.037	185.104	1776	0	2
2026.06.11	22:30:00	185.104	185.124	184.914	184.995	3025	0	0
2026.06.11	22:45:00	184.995	185.036	184.980	185.019	1881	0	1
2026.06.11	23:00:00	185.015	185.110	185.015	185.104	1387	0	10
2026.06.11	23:15:00	185.104	185.158	185.097	185.149	917	0	8
2026.06.11	23:30:00	185.149	185.175	185.137	185.166	886	0	10
2026.06.11	23:45:00	185.166	185.233	185.165	185.206	1086	0	7
2026.06.12	00:00:00	185.028	185.132	185.028	185.132	108	0	124
2026.06.12	00:15:00	185.132	185.168	185.119	185.123	274	0	110
2026.06.12	00:30:00	185.122	185.214	185.119	185.144	460	0	61
2026.06.12	00:45:00	185.144	185.175	185.119	185.125	242	0	80
2026.06.12	01:00:00	185.125	185.264	185.125	185.226	616	0	10
2026.06.12	01:15:00	185.225	185.248	185.194	185.246	859	0	10
2026.06.12	01:30:00	185.247	185.329	185.233	185.317	578	0	11
2026.06.12	01:45:00	185.317	185.375	185.289	185.373	648	0	10
2026.06.12	02:00:00	185.373	185.376	185.311	185.334	707	0	5
2026.06.12	02:15:00	185.334	185.343	185.274	185.299	613	0	6
2026.06.12	02:30:00	185.299	185.329	185.279	185.310	575	0	0
2026.06.12	02:45:00	185.310	185.384	185.310	185.363	871	0	7
2026.06.12	03:00:00	185.364	185.382	185.321	185.321	1715	0	3
2026.06.12	03:15:00	185.321	185.344	185.290	185.332	1190	0	7
2026.06.12	03:30:00	185.331	185.361	185.301	185.308	1155	0	4
2026.06.12	03:45:00	185.308	185.333	185.261	185.307	1514	0	0
2026.06.12	04:00:00	185.308	185.322	185.231	185.262	1488	0	6
2026.06.12	04:15:00	185.262	185.273	185.161	185.183	1171	0	6
2026.06.12	04:30:00	185.183	185.268	185.183	185.243	1226	0	0
2026.06.12	04:45:00	185.243	185.316	185.242	185.316	1001	0	5
2026.06.12	05:00:00	185.316	185.410	185.306	185.390	1031	0	6
2026.06.12	05:15:00	185.390	185.391	185.347	185.379	778	0	7
2026.06.12	05:30:00	185.379	185.410	185.358	185.377	827	0	5
2026.06.12	05:45:00	185.377	185.421	185.360	185.399	777	0	7
2026.06.12	06:00:00	185.399	185.420	185.376	185.407	712	0	8
2026.06.12	06:15:00	185.405	185.426	185.381	185.418	915	0	5
2026.06.12	06:30:00	185.418	185.446	185.416	185.428	1034	0	5
2026.06.12	06:45:00	185.428	185.431	185.403	185.419	767	0	8
2026.06.12	07:00:00	185.419	185.436	185.403	185.412	839	0	8
2026.06.12	07:15:00	185.412	185.445	185.407	185.442	541	0	7
2026.06.12	07:30:00	185.442	185.470	185.429	185.463	661	0	6
2026.06.12	07:45:00	185.463	185.468	185.427	185.438	734	0	7
2026.06.12	08:00:00	185.441	185.464	185.382	185.417	1047	0	2
2026.06.12	08:15:00	185.417	185.422	185.369	185.371	836	0	2
2026.06.12	08:30:00	185.371	185.402	185.351	185.367	1077	0	1
2026.06.12	08:45:00	185.367	185.373	185.316	185.320	987	0	2
2026.06.12	09:00:00	185.320	185.441	185.320	185.405	1411	0	1
2026.06.12	09:15:00	185.405	185.421	185.369	185.383	1087	0	1
2026.06.12	09:30:00	185.383	185.498	185.360	185.476	1612	0	2
2026.06.12	09:45:00	185.476	185.556	185.429	185.539	1437	0	2
2026.06.12	10:00:00	185.538	185.546	185.413	185.444	1643	0	0
2026.06.12	10:15:00	185.444	185.472	185.398	185.399	1273	0	2
2026.06.12	10:30:00	185.399	185.427	185.338	185.365	1485	0	0
2026.06.12	10:45:00	185.365	185.427	185.330	185.396	1753	0	0
2026.06.12	11:00:00	185.396	185.438	185.356	185.386	1996	0	0
2026.06.12	11:15:00	185.386	185.447	185.294	185.418	3102	0	0
2026.06.12	11:30:00	185.418	185.469	185.375	185.382	2221	0	1
2026.06.12	11:45:00	185.382	185.399	185.322	185.339	1622	0	0
2026.06.12	12:00:00	185.339	185.345	185.282	185.315	1590	0	0
2026.06.12	12:15:00	185.315	185.453	185.302	185.431	2268	0	0
2026.06.12	12:30:00	185.431	185.434	185.355	185.410	1495	0	2
2026.06.12	12:45:00	185.410	185.437	185.376	185.419	1269	0	0
2026.06.12	13:00:00	185.419	185.435	185.382	185.397	1249	0	1
2026.06.12	13:15:00	185.397	185.424	185.320	185.371	1887	0	0
2026.06.12	13:30:00	185.371	185.399	185.339	185.341	1321	0	2
2026.06.12	13:45:00	185.341	185.357	185.285	185.296	1090	0	2
2026.06.12	14:00:00	185.296	185.378	185.293	185.368	1045	0	2
2026.06.12	14:15:00	185.368	185.390	185.356	185.369	1163	0	2
2026.06.12	14:30:00	185.369	185.399	185.344	185.396	1123	0	1
2026.06.12	14:45:00	185.396	185.406	185.336	185.344	1082	0	2
2026.06.12	15:00:00	185.344	185.369	185.293	185.316	1550	0	1
2026.06.12	15:15:00	185.316	185.321	185.253	185.271	1259	0	1
2026.06.12	15:30:00	185.271	185.353	185.270	185.321	1384	0	2
2026.06.12	15:45:00	185.321	185.352	185.295	185.311	1474	0	2
2026.06.12	16:00:00	185.310	185.388	185.297	185.362	1695	0	2
2026.06.12	16:15:00	185.362	185.469	185.352	185.459	1646	0	2
2026.06.12	16:30:00	185.461	185.497	185.398	185.423	3102	0	0
2026.06.12	16:45:00	185.423	185.502	185.411	185.438	2417	0	0
2026.06.12	17:00:00	185.439	185.503	185.414	185.456	2512	0	0
2026.06.12	17:15:00	185.456	185.470	185.397	185.408	1973	0	0
2026.06.12	17:30:00	185.408	185.479	185.406	185.464	1972	0	0
2026.06.12	17:45:00	185.464	185.501	185.416	185.453	3442	0	0
2026.06.12	18:00:00	185.453	185.481	185.428	185.466	2720	0	0
2026.06.12	18:15:00	185.466	185.547	185.461	185.539	1952	0	0
2026.06.12	18:30:00	185.539	185.541	185.431	185.472	2132	0	0
2026.06.12	18:45:00	185.472	185.522	185.453	185.454	1798	0	0
2026.06.12	19:00:00	185.454	185.479	185.410	185.421	2123	0	0
2026.06.12	19:15:00	185.421	185.445	185.370	185.423	2106	0	0
2026.06.12	19:30:00	185.423	185.464	185.414	185.431	1333	0	0
2026.06.12	19:45:00	185.431	185.472	185.422	185.461	1111	0	0
2026.06.12	20:00:00	185.461	185.474	185.409	185.418	1221	0	0
2026.06.12	20:15:00	185.418	185.439	185.403	185.434	899	0	0
2026.06.12	20:30:00	185.434	185.439	185.412	185.430	978	0	0
2026.06.12	20:45:00	185.430	185.438	185.410	185.424	674	0	0
2026.06.12	21:00:00	185.424	185.443	185.414	185.437	903	0	0
2026.06.12	21:15:00	185.437	185.467	185.431	185.454	843	0	0
2026.06.12	21:30:00	185.454	185.489	185.453	185.478	643	0	0
2026.06.12	21:45:00	185.478	185.492	185.463	185.470	648	0	0
2026.06.12	22:00:00	185.470	185.478	185.443	185.445	845	0	0
2026.06.12	22:15:00	185.445	185.462	185.434	185.461	693	0	0
2026.06.12	22:30:00	185.461	185.464	185.392	185.394	1068	0	0
2026.06.12	22:45:00	185.394	185.412	185.358	185.380	1013	0	0
2026.06.12	23:00:00	185.379	185.394	185.346	185.357	710	0	0
2026.06.12	23:15:00	185.357	185.381	185.338	185.341	480	0	0
2026.06.12	23:30:00	185.341	185.351	185.326	185.334	379	0	0
2026.06.12	23:45:00	185.334	185.352	185.293	185.331	1527	0	0
2026.06.15	00:00:00	185.303	185.357	185.296	185.336	280	0	45
2026.06.15	00:15:00	185.336	185.426	185.251	185.426	320	0	22
2026.06.15	00:30:00	185.426	185.443	185.262	185.399	309	0	15
2026.06.15	00:45:00	185.399	185.484	185.371	185.462	341	0	27
2026.06.15	01:00:00	185.462	185.652	185.416	185.629	1877	0	0
2026.06.15	01:15:00	185.629	185.680	185.598	185.664	1398	0	0
2026.06.15	01:30:00	185.664	185.692	185.587	185.615	1398	0	0
2026.06.15	01:45:00	185.615	185.668	185.614	185.667	881	0	0
2026.06.15	02:00:00	185.667	185.667	185.565	185.618	938	0	0
2026.06.15	02:15:00	185.618	185.630	185.585	185.609	619	0	0
2026.06.15	02:30:00	185.609	185.630	185.600	185.624	485	0	0
2026.06.15	02:45:00	185.623	185.660	185.599	185.599	1060	0	0
2026.06.15	03:00:00	185.599	185.684	185.588	185.657	1496	0	0
2026.06.15	03:15:00	185.657	185.716	185.625	185.654	1440	0	0
2026.06.15	03:30:00	185.653	185.683	185.627	185.640	1289	0	0
2026.06.15	03:45:00	185.640	185.756	185.627	185.708	2315	0	0
2026.06.15	04:00:00	185.708	185.716	185.675	185.697	1547	0	0
2026.06.15	04:15:00	185.697	185.806	185.696	185.753	1012	0	0
2026.06.15	04:30:00	185.753	185.762	185.720	185.753	1189	0	0
2026.06.15	04:45:00	185.753	185.853	185.753	185.810	925	0	0
2026.06.15	05:00:00	185.810	185.838	185.768	185.769	708	0	0
2026.06.15	05:15:00	185.769	185.780	185.733	185.763	889	0	0
2026.06.15	05:30:00	185.763	185.775	185.733	185.746	661	0	0
2026.06.15	05:45:00	185.746	185.763	185.724	185.757	526	0	0
2026.06.15	06:00:00	185.758	185.764	185.698	185.703	659	0	1
2026.06.15	06:15:00	185.703	185.732	185.702	185.718	687	0	0
2026.06.15	06:30:00	185.718	185.747	185.715	185.735	721	0	1
2026.06.15	06:45:00	185.735	185.757	185.732	185.735	613	0	0
2026.06.15	07:00:00	185.735	185.775	185.733	185.770	599	0	1
2026.06.15	07:15:00	185.770	185.848	185.754	185.848	551	0	1
2026.06.15	07:30:00	185.848	185.865	185.821	185.823	490	0	0
2026.06.15	07:45:00	185.823	185.865	185.811	185.859	719	0	0
2026.06.15	08:00:00	185.859	185.960	185.859	185.904	859	0	0
2026.06.15	08:15:00	185.904	185.940	185.903	185.925	721	0	0
2026.06.15	08:30:00	185.925	185.935	185.848	185.851	790	0	0
2026.06.15	08:45:00	185.851	185.939	185.848	185.930	811	0	0
2026.06.15	09:00:00	185.930	185.950	185.823	185.848	1364	0	0
2026.06.15	09:15:00	185.848	185.898	185.827	185.866	1359	0	0
2026.06.15	09:30:00	185.866	185.867	185.792	185.856	1692	0	0
2026.06.15	09:45:00	185.856	185.895	185.835	185.852	1141	0	0
2026.06.15	10:00:00	185.852	185.858	185.769	185.810	1878	0	0
2026.06.15	10:15:00	185.810	185.835	185.770	185.812	1389	0	0
2026.06.15	10:30:00	185.812	185.840	185.789	185.815	1401	0	0
2026.06.15	10:45:00	185.815	185.855	185.788	185.828	1347	0	0
2026.06.15	11:00:00	185.828	185.859	185.793	185.854	1561	0	0
2026.06.15	11:15:00	185.854	185.868	185.816	185.846	1061	0	0
2026.06.15	11:30:00	185.846	185.885	185.750	185.757	1332	0	0
2026.06.15	11:45:00	185.757	185.788	185.723	185.761	1195	0	0
2026.06.15	12:00:00	185.786	185.879	185.776	185.853	55	0	0
2026.06.15	12:15:00	185.841	185.842	185.815	185.831	82	0	0
2026.06.15	12:30:00	185.837	185.898	185.836	185.885	458	0	0
2026.06.15	12:45:00	185.885	185.903	185.846	185.854	1086	0	0
2026.06.15	13:00:00	185.854	185.869	185.820	185.869	1023	0	0
2026.06.15	13:15:00	185.869	185.929	185.868	185.907	1252	0	0
2026.06.15	13:30:00	185.907	185.955	185.906	185.928	1041	0	0
2026.06.15	13:45:00	185.928	185.934	185.888	185.916	1056	0	0
2026.06.15	14:00:00	185.916	185.971	185.913	185.954	1084	0	0
2026.06.15	14:15:00	185.954	185.954	185.892	185.902	1479	0	0
2026.06.15	14:30:00	185.902	185.956	185.900	185.936	1099	0	0
2026.06.15	14:45:00	185.936	186.012	185.936	185.960	1368	0	0
2026.06.15	15:00:00	185.960	185.988	185.900	185.903	1268	0	0
2026.06.15	15:15:00	185.903	185.935	185.877	185.930	1265	0	0
2026.06.15	15:30:00	185.930	185.997	185.918	185.997	1193	0	0
2026.06.15	15:45:00	185.997	186.057	185.978	186.008	1717	0	0
2026.06.15	16:00:00	186.008	186.010	185.953	186.000	1339	0	0
2026.06.15	16:15:00	186.000	186.022	185.978	185.984	1273	0	0
2026.06.15	16:30:00	185.984	186.016	185.932	185.990	1921	0	0
2026.06.15	16:45:00	185.990	186.002	185.915	185.953	1525	0	0
2026.06.15	17:00:00	185.953	185.955	185.880	185.894	1651	0	0
2026.06.15	17:15:00	185.894	185.922	185.821	185.846	1609	0	0
2026.06.15	17:30:00	185.846	185.867	185.799	185.809	1456	0	0
2026.06.15	17:45:00	185.809	185.906	185.798	185.883	2191	0	0
2026.06.15	18:00:00	185.883	185.885	185.837	185.849	1642	0	0
2026.06.15	18:15:00	185.849	185.872	185.804	185.823	1241	0	0
2026.06.15	18:30:00	185.824	185.830	185.771	185.771	1325	0	0
2026.06.15	18:45:00	185.771	185.813	185.756	185.807	948	0	0
2026.06.15	19:00:00	185.807	185.837	185.796	185.836	1107	0	0
2026.06.15	19:15:00	185.836	185.900	185.826	185.899	973	0	0
2026.06.15	19:30:00	185.899	185.905	185.844	185.861	1115	0	0
2026.06.15	19:45:00	185.861	185.936	185.857	185.910	992	0	0
2026.06.15	20:00:00	185.910	185.922	185.886	185.908	828	0	0
2026.06.15	20:15:00	185.908	185.921	185.876	185.921	762	0	0
2026.06.15	20:30:00	185.921	185.926	185.867	185.907	831	0	0
2026.06.15	20:45:00	185.907	185.911	185.887	185.906	559	0	0
2026.06.15	21:00:00	185.906	185.950	185.903	185.936	926	0	0
2026.06.15	21:15:00	185.936	185.945	185.903	185.903	591	0	0
2026.06.15	21:30:00	185.903	185.906	185.842	185.864	1018	0	0
2026.06.15	21:45:00	185.864	185.898	185.846	185.872	1199	0	0
2026.06.15	22:00:00	185.873	185.883	185.821	185.838	951	0	0
2026.06.15	22:15:00	185.838	185.849	185.831	185.838	605	0	0
2026.06.15	22:30:00	185.838	185.857	185.821	185.847	779	0	0
2026.06.15	22:45:00	185.847	185.858	185.802	185.813	1264	0	0
2026.06.15	23:00:00	185.813	185.832	185.788	185.818	880	0	0
2026.06.15	23:15:00	185.818	185.824	185.791	185.813	310	0	0
2026.06.15	23:30:00	185.813	185.830	185.810	185.827	451	0	0
2026.06.15	23:45:00	185.826	185.844	185.815	185.825	711	0	0
2026.06.16	00:00:00	185.804	185.887	185.710	185.814	47	0	40
2026.06.16	00:15:00	185.814	185.817	185.761	185.764	133	0	45
2026.06.16	00:30:00	185.764	185.892	185.764	185.815	369	0	50
2026.06.16	00:45:00	185.815	185.890	185.803	185.815	156	0	45
2026.06.16	01:00:00	185.806	185.856	185.778	185.787	546	0	0
2026.06.16	01:15:00	185.787	185.797	185.749	185.762	401	0	0
2026.06.16	01:30:00	185.762	185.785	185.753	185.785	287	0	1
2026.06.16	01:45:00	185.785	185.809	185.780	185.797	318	0	0
2026.06.16	02:00:00	185.797	185.809	185.781	185.785	309	0	0
2026.06.16	02:15:00	185.785	185.793	185.778	185.785	168	0	0
2026.06.16	02:30:00	185.785	185.796	185.774	185.796	207	0	0
2026.06.16	02:45:00	185.796	185.799	185.731	185.742	444	0	0
2026.06.16	03:00:00	185.742	185.766	185.730	185.738	596	0	0
2026.06.16	03:15:00	185.738	185.738	185.694	185.699	711	0	0
2026.06.16	03:30:00	185.699	185.707	185.651	185.678	831	0	0
2026.06.16	03:45:00	185.678	185.738	185.666	185.716	1829	0	0
2026.06.16	04:00:00	185.716	185.741	185.602	185.646	1900	0	0
2026.06.16	04:15:00	185.646	185.651	185.587	185.625	903	0	0
2026.06.16	04:30:00	185.625	185.635	185.581	185.586	1299	0	0
2026.06.16	04:45:00	185.586	185.636	185.582	185.590	825	0	0
2026.06.16	05:00:00	185.590	185.598	185.560	185.581	572	0	0
2026.06.16	05:15:00	185.581	185.582	185.544	185.554	613	0	0
2026.06.16	05:30:00	185.554	185.598	185.528	185.574	549	0	0
2026.06.16	05:45:00	185.574	185.582	185.525	185.565	598	0	0
2026.06.16	06:00:00	185.565	185.566	185.455	185.500	999	0	0
2026.06.16	06:15:00	185.500	185.655	185.455	185.640	1361	0	0
2026.06.16	06:30:00	185.640	185.672	185.634	185.669	908	0	0
2026.06.16	06:45:00	185.669	185.672	185.620	185.624	1142	0	0
2026.06.16	07:00:00	185.624	185.631	185.570	185.605	1180	0	0
2026.06.16	07:15:00	185.605	185.636	185.595	185.633	1115	0	0
2026.06.16	07:30:00	185.633	185.647	185.620	185.624	838	0	0
2026.06.16	07:45:00	185.624	185.628	185.516	185.558	1397	0	0
2026.06.16	08:00:00	185.559	185.629	185.559	185.577	684	0	0
2026.06.16	08:15:00	185.577	185.580	185.551	185.568	474	0	0
2026.06.16	08:30:00	185.568	185.584	185.541	185.552	918	0	0
2026.06.16	08:45:00	185.553	185.567	185.538	185.550	802	0	0
2026.06.16	09:00:00	185.550	185.572	185.516	185.564	1088	0	0
2026.06.16	09:15:00	185.564	185.577	185.505	185.534	1044	0	0
2026.06.16	09:30:00	185.534	185.629	185.497	185.547	2218	0	0
2026.06.16	09:45:00	185.547	185.642	185.547	185.640	1564	0	0
2026.06.16	10:00:00	185.640	185.816	185.619	185.795	1691	0	0
2026.06.16	10:15:00	185.795	185.824	185.744	185.781	1433	0	0
2026.06.16	10:30:00	185.781	185.867	185.780	185.857	1340	0	0
2026.06.16	10:45:00	185.857	185.874	185.787	185.803	1361	0	0
2026.06.16	11:00:00	185.803	185.877	185.782	185.863	1586	0	0
2026.06.16	11:15:00	185.863	185.948	185.857	185.947	1289	0	0
2026.06.16	11:30:00	185.947	185.988	185.927	185.981	1185	0	0
2026.06.16	11:45:00	185.981	186.076	185.964	186.068	1007	0	0
2026.06.16	12:00:00	186.068	186.121	186.039	186.095	1213	0	0
2026.06.16	12:15:00	186.095	186.102	185.971	185.996	1191	0	0
2026.06.16	12:30:00	185.996	186.031	185.985	186.000	1019	0	0
2026.06.16	12:45:00	186.000	186.034	185.994	186.013	1354	0	0
2026.06.16	13:00:00	186.013	186.096	186.001	186.089	1227	0	0
2026.06.16	13:15:00	186.089	186.164	186.086	186.109	1131	0	0
2026.06.16	13:30:00	186.109	186.120	186.072	186.109	1231	0	0
2026.06.16	13:45:00	186.109	186.146	186.102	186.129	1053	0	0
2026.06.16	14:00:00	186.129	186.140	186.098	186.134	1061	0	0
2026.06.16	14:15:00	186.134	186.134	186.027	186.040	981	0	0
2026.06.16	14:30:00	186.040	186.075	185.974	185.999	1011	0	0
2026.06.16	14:45:00	185.999	186.010	185.956	186.001	1173	0	0
2026.06.16	15:00:00	186.001	186.003	185.924	185.975	1756	0	0
2026.06.16	15:15:00	185.975	185.987	185.895	185.914	1282	0	0
2026.06.16	15:30:00	185.914	186.005	185.905	185.999	1101	0	0
2026.06.16	15:45:00	185.999	186.002	185.927	185.970	1656	0	0
2026.06.16	16:00:00	185.970	186.033	185.967	185.999	1435	0	0
2026.06.16	16:15:00	185.999	186.030	185.986	186.014	1702	0	0
2026.06.16	16:30:00	186.014	186.076	185.998	186.023	1993	0	0
2026.06.16	16:45:00	186.022	186.029	185.922	185.940	1731	0	0
2026.06.16	17:00:00	185.940	186.027	185.895	186.008	2056	0	0
2026.06.16	17:15:00	186.007	186.041	185.943	185.943	1796	0	0
2026.06.16	17:30:00	185.943	186.052	185.928	186.042	2037	0	0
2026.06.16	17:45:00	186.042	186.202	186.035	186.175	2052	0	0
2026.06.16	18:00:00	186.175	186.201	186.125	186.156	2061	0	0
2026.06.16	18:15:00	186.155	186.207	186.149	186.159	1173	0	0
2026.06.16	18:30:00	186.159	186.220	186.151	186.213	1230	0	0
2026.06.16	18:45:00	186.213	186.306	186.182	186.281	2077	0	0
2026.06.16	19:00:00	186.281	186.318	186.255	186.309	1249	0	0
2026.06.16	19:15:00	186.309	186.318	186.272	186.296	1112	0	0
2026.06.16	19:30:00	186.296	186.320	186.285	186.290	1048	0	0
2026.06.16	19:45:00	186.290	186.299	186.254	186.273	820	0	0
2026.06.16	20:00:00	186.271	186.290	186.258	186.277	766	0	0
2026.06.16	20:15:00	186.277	186.304	186.271	186.289	619	0	0
2026.06.16	20:30:00	186.289	186.309	186.273	186.297	590	0	0
2026.06.16	20:45:00	186.297	186.307	186.277	186.289	642	0	0
2026.06.16	21:00:00	186.289	186.314	186.282	186.289	709	0	0
2026.06.16	21:15:00	186.289	186.305	186.271	186.281	413	0	0
2026.06.16	21:30:00	186.281	186.289	186.232	186.240	579	0	0
2026.06.16	21:45:00	186.240	186.289	186.232	186.277	502	0	0
2026.06.16	22:00:00	186.277	186.295	186.249	186.257	667	0	0
2026.06.16	22:15:00	186.257	186.273	186.244	186.261	787	0	0
2026.06.16	22:30:00	186.261	186.263	186.231	186.249	844	0	0
2026.06.16	22:45:00	186.249	186.276	186.242	186.274	779	0	0
2026.06.16	23:00:00	186.271	186.271	186.249	186.260	418	0	0
2026.06.16	23:15:00	186.260	186.289	186.259	186.286	289	0	0
2026.06.16	23:30:00	186.286	186.288	186.257	186.264	285	0	0
2026.06.16	23:45:00	186.265	186.293	186.247	186.247	492	0	5
2026.06.17	00:00:00	186.192	186.268	186.058	186.210	87	0	13
2026.06.17	00:15:00	186.210	186.256	186.188	186.244	84	0	43
2026.06.17	00:30:00	186.244	186.255	186.197	186.221	273	0	27
2026.06.17	00:45:00	186.221	186.240	186.183	186.194	197	0	39
2026.06.17	01:00:00	186.194	186.293	186.194	186.277	936	0	0
2026.06.17	01:15:00	186.277	186.279	186.256	186.261	712	0	0
2026.06.17	01:30:00	186.261	186.295	186.261	186.295	315	0	0
2026.06.17	01:45:00	186.295	186.313	186.264	186.264	448	0	0
2026.06.17	02:00:00	186.264	186.298	186.263	186.288	377	0	0
2026.06.17	02:15:00	186.288	186.297	186.277	186.292	442	0	1
2026.06.17	02:30:00	186.292	186.299	186.257	186.282	432	0	2
2026.06.17	02:45:00	186.282	186.288	186.249	186.251	540	0	0
2026.06.17	03:00:00	186.251	186.302	186.227	186.293	878	0	0
2026.06.17	03:15:00	186.293	186.316	186.264	186.296	623	0	1
2026.06.17	03:30:00	186.295	186.295	186.249	186.269	547	0	0
2026.06.17	03:45:00	186.269	186.287	186.221	186.242	1033	0	0
2026.06.17	04:00:00	186.242	186.266	186.208	186.213	945	0	0
2026.06.17	04:15:00	186.213	186.225	186.174	186.177	665	0	0
2026.06.17	04:30:00	186.177	186.199	186.160	186.198	504	0	0
2026.06.17	04:45:00	186.198	186.204	186.172	186.201	522	0	0
2026.06.17	05:00:00	186.201	186.214	186.188	186.192	408	0	0
2026.06.17	05:15:00	186.192	186.210	186.167	186.199	392	0	0
2026.06.17	05:30:00	186.199	186.206	186.178	186.188	410	0	1
2026.06.17	05:45:00	186.188	186.189	186.134	186.134	380	0	0
2026.06.17	06:00:00	186.134	186.174	186.117	186.165	601	0	1
2026.06.17	06:15:00	186.165	186.170	186.138	186.148	476	0	2
2026.06.17	06:30:00	186.148	186.173	186.145	186.147	436	0	0
2026.06.17	06:45:00	186.147	186.157	186.136	186.138	354	0	0
2026.06.17	07:00:00	186.138	186.146	186.117	186.127	740	0	0
2026.06.17	07:15:00	186.127	186.140	186.120	186.122	385	0	0
2026.06.17	07:30:00	186.122	186.127	186.098	186.098	409	0	0
2026.06.17	07:45:00	186.098	186.116	186.090	186.106	675	0	0
2026.06.17	08:00:00	186.106	186.145	186.103	186.118	383	0	0
2026.06.17	08:15:00	186.118	186.155	186.113	186.123	434	0	0
2026.06.17	08:30:00	186.123	186.166	186.109	186.164	427	0	0
2026.06.17	08:45:00	186.164	186.177	186.139	186.174	529	0	0
2026.06.17	09:00:00	186.174	186.198	186.106	186.115	1020	0	0
2026.06.17	09:15:00	186.116	186.120	186.038	186.043	1001	0	0
2026.06.17	09:30:00	186.043	186.054	185.989	186.030	1023	0	0
2026.06.17	09:45:00	186.030	186.040	185.987	186.021	903	0	0
2026.06.17	10:00:00	186.021	186.144	186.004	186.133	1264	0	0
2026.06.17	10:15:00	186.133	186.143	186.029	186.029	1036	0	0
2026.06.17	10:30:00	186.029	186.050	185.957	185.961	1267	0	0
2026.06.17	10:45:00	185.961	186.008	185.940	185.955	1137	0	0
2026.06.17	11:00:00	185.955	185.955	185.818	185.877	1437	0	0
2026.06.17	11:15:00	185.877	185.912	185.857	185.887	1432	0	0
2026.06.17	11:30:00	185.887	185.905	185.786	185.793	1482	0	0
2026.06.17	11:45:00	185.793	185.886	185.768	185.873	1327	0	0
2026.06.17	12:00:00	185.873	185.895	185.842	185.857	873	0	0
2026.06.17	12:15:00	185.857	185.898	185.847	185.894	948	0	0
2026.06.17	12:30:00	185.894	185.908	185.871	185.888	677	0	0
2026.06.17	12:45:00	185.888	185.893	185.841	185.877	722	0	0
2026.06.17	13:00:00	185.877	185.904	185.856	185.893	832	0	0
2026.06.17	13:15:00	185.893	185.894	185.776	185.796	756	0	0
2026.06.17	13:30:00	185.796	185.856	185.793	185.830	676	0	0
2026.06.17	13:45:00	185.830	185.864	185.808	185.829	798	0	0
2026.06.17	14:00:00	185.829	185.839	185.785	185.791	958	0	0
2026.06.17	14:15:00	185.791	185.834	185.757	185.759	945	0	0
2026.06.17	14:30:00	185.759	185.772	185.717	185.755	1174	0	0
2026.06.17	14:45:00	185.755	185.828	185.752	185.825	1074	0	0
2026.06.17	15:00:00	185.825	185.860	185.811	185.841	1110	0	0
2026.06.17	15:15:00	185.841	185.897	185.825	185.893	1116	0	0
2026.06.17	15:30:00	185.883	185.900	185.859	185.877	1098	0	0
2026.06.17	15:45:00	185.877	185.931	185.875	185.922	944	0	0
2026.06.17	16:00:00	185.921	185.940	185.863	185.919	1220	0	0
2026.06.17	16:15:00	185.919	185.950	185.900	185.915	1488	0	0
2026.06.17	16:30:00	185.915	185.920	185.868	185.891	1552	0	0
2026.06.17	16:45:00	185.891	185.902	185.781	185.781	1591	0	0
2026.06.17	17:00:00	185.781	185.827	185.754	185.766	1710	0	0
2026.06.17	17:15:00	185.766	185.807	185.746	185.772	1390	0	0
2026.06.17	17:30:00	185.770	185.813	185.749	185.776	1555	0	0
2026.06.17	17:45:00	185.776	185.822	185.691	185.801	2629	0	0
2026.06.17	18:00:00	185.801	185.823	185.756	185.775	1756	0	0
2026.06.17	18:15:00	185.775	185.812	185.735	185.749	1369	0	0
2026.06.17	18:30:00	185.749	185.785	185.706	185.771	1136	0	0
2026.06.17	18:45:00	185.771	185.775	185.717	185.739	981	0	0
2026.06.17	19:00:00	185.739	185.742	185.687	185.701	747	0	0
2026.06.17	19:15:00	185.701	185.733	185.692	185.707	766	0	0
2026.06.17	19:30:00	185.707	185.714	185.668	185.688	755	0	0
2026.06.17	19:45:00	185.688	185.719	185.678	185.697	591	0	0
2026.06.17	20:00:00	185.697	185.711	185.681	185.691	998	0	0
2026.06.17	20:15:00	185.691	185.721	185.677	185.684	754	0	0
2026.06.17	20:30:00	185.684	185.740	185.679	185.735	846	0	0
2026.06.17	20:45:00	185.735	185.792	185.718	185.756	1028	0	0
2026.06.17	21:00:00	185.756	185.760	185.210	185.238	5803	0	0
2026.06.17	21:15:00	185.238	185.377	185.238	185.316	3908	0	0
2026.06.17	21:30:00	185.316	185.454	185.136	185.409	5785	0	0
2026.06.17	21:45:00	185.409	185.422	185.162	185.191	4825	0	0
2026.06.17	22:00:00	185.191	185.213	184.772	184.890	6842	0	0
2026.06.17	22:15:00	184.890	184.896	184.729	184.733	5082	0	0
2026.06.17	22:30:00	184.733	184.759	184.544	184.588	5788	0	0
2026.06.17	22:45:00	184.588	184.771	184.588	184.748	4064	0	0
2026.06.17	23:00:00	184.745	184.790	184.650	184.704	1659	0	0
2026.06.17	23:15:00	184.704	184.794	184.681	184.779	1448	0	0
2026.06.17	23:30:00	184.779	184.879	184.777	184.820	1365	0	0
2026.06.17	23:45:00	184.820	184.830	184.755	184.763	1480	0	4
2026.06.18	00:00:00	184.736	184.768	184.692	184.742	156	0	45
2026.06.18	00:15:00	184.742	184.759	184.701	184.704	82	0	47
2026.06.18	00:30:00	184.704	184.710	184.658	184.675	82	0	42
2026.06.18	00:45:00	184.675	184.741	184.625	184.685	331	0	53
2026.06.18	01:00:00	184.685	184.800	184.668	184.766	1336	0	0
2026.06.18	01:15:00	184.766	184.775	184.747	184.749	642	0	0
2026.06.18	01:30:00	184.749	184.793	184.744	184.779	527	0	0
2026.06.18	01:45:00	184.779	184.792	184.762	184.774	358	0	0
2026.06.18	02:00:00	184.774	184.788	184.742	184.744	423	0	0
2026.06.18	02:15:00	184.744	184.774	184.741	184.774	547	0	0
2026.06.18	02:30:00	184.774	184.785	184.746	184.766	624	0	0
2026.06.18	02:45:00	184.767	184.815	184.766	184.802	778	0	0
2026.06.18	03:00:00	184.802	184.976	184.797	184.886	2408	0	0
2026.06.18	03:15:00	184.886	184.937	184.873	184.903	1445	0	0
2026.06.18	03:30:00	184.903	184.961	184.897	184.949	1061	0	0
2026.06.18	03:45:00	184.949	185.085	184.936	185.053	2667	0	0
2026.06.18	04:00:00	185.053	185.102	185.038	185.094	1540	0	0
2026.06.18	04:15:00	185.094	185.102	185.069	185.092	1199	0	0
2026.06.18	04:30:00	185.092	185.126	185.075	185.082	1265	0	0
2026.06.18	04:45:00	185.082	185.082	184.996	185.001	1346	0	0
2026.06.18	05:00:00	185.001	185.032	184.950	184.950	1084	0	0
2026.06.18	05:15:00	184.950	184.981	184.942	184.977	904	0	0
2026.06.18	05:30:00	184.977	185.004	184.975	184.983	1016	0	0
2026.06.18	05:45:00	184.983	184.994	184.948	184.956	797	0	1
2026.06.18	06:00:00	184.956	185.003	184.955	184.992	802	0	0
2026.06.18	06:15:00	184.992	185.038	184.964	185.034	1022	0	0
2026.06.18	06:30:00	185.034	185.052	185.025	185.039	925	0	0
2026.06.18	06:45:00	185.039	185.051	185.030	185.047	583	0	0
2026.06.18	07:00:00	185.047	185.085	185.008	185.017	928	0	0
2026.06.18	07:15:00	185.017	185.072	185.017	185.070	1082	0	0
2026.06.18	07:30:00	185.070	185.090	185.052	185.057	1277	0	0
2026.06.18	07:45:00	185.057	185.094	185.052	185.054	1236	0	0
2026.06.18	08:00:00	185.055	185.084	185.028	185.045	780	0	0
2026.06.18	08:15:00	185.045	185.045	184.980	184.988	763	0	0
2026.06.18	08:30:00	184.988	184.998	184.936	184.980	866	0	0
2026.06.18	08:45:00	184.980	184.987	184.908	184.914	845	0	0
2026.06.18	09:00:00	184.914	185.073	184.909	185.066	1816	0	0
2026.06.18	09:15:00	185.066	185.172	185.044	185.167	1467	0	0
2026.06.18	09:30:00	185.167	185.201	185.086	185.138	1631	0	0
2026.06.18	09:45:00	185.138	185.149	185.038	185.047	1829	0	0
2026.06.18	10:00:00	185.047	185.078	184.887	184.894	2024	0	0
2026.06.18	10:15:00	184.894	184.943	184.837	184.864	1479	0	0
2026.06.18	10:30:00	184.864	184.970	184.846	184.939	1636	0	0
2026.06.18	10:45:00	184.939	185.016	184.889	184.892	1687	0	0
2026.06.18	11:00:00	184.892	184.915	184.792	184.795	2032	0	0
2026.06.18	11:15:00	184.795	184.834	184.754	184.770	1525	0	0
2026.06.18	11:30:00	184.770	184.777	184.664	184.685	2148	0	0
2026.06.18	11:45:00	184.685	184.687	184.574	184.614	2044	0	0
2026.06.18	12:00:00	184.614	184.625	184.290	184.425	3839	0	0
2026.06.18	12:15:00	184.425	184.534	184.422	184.444	1993	0	0
2026.06.18	12:30:00	184.443	184.577	184.440	184.537	1846	0	0
2026.06.18	12:45:00	184.537	184.597	184.490	184.536	1472	0	0
2026.06.18	13:00:00	184.536	184.558	184.402	184.504	2881	0	0
2026.06.18	13:15:00	184.504	184.527	184.392	184.494	1908	0	0
2026.06.18	13:30:00	184.494	184.506	184.425	184.445	1574	0	0
2026.06.18	13:45:00	184.445	184.515	184.423	184.430	1774	0	0
2026.06.18	14:00:00	184.430	184.519	184.414	184.438	2149	0	0
2026.06.18	14:15:00	184.438	184.490	184.352	184.443	2018	0	0
2026.06.18	14:30:00	184.443	184.472	184.392	184.419	1766	0	0
2026.06.18	14:45:00	184.419	184.424	184.353	184.383	1580	0	0
2026.06.18	15:00:00	184.383	184.550	184.333	184.543	2093	0	0
2026.06.18	15:15:00	184.543	184.664	184.499	184.559	2664	0	0
2026.06.18	15:30:00	184.559	184.576	184.464	184.482	1933	0	0
2026.06.18	15:45:00	184.482	184.567	184.480	184.512	2086	0	0
2026.06.18	16:00:00	184.512	184.561	184.469	184.534	2319	0	0
2026.06.18	16:15:00	184.534	184.562	184.430	184.505	2406	0	0
2026.06.18	16:30:00	184.505	184.689	184.498	184.604	2963	0	0
2026.06.18	16:45:00	184.604	184.611	184.546	184.573	2744	0	0
2026.06.18	17:00:00	184.573	184.606	184.514	184.553	2411	0	0
2026.06.18	17:15:00	184.553	184.630	184.529	184.601	2370	0	0
2026.06.18	17:30:00	184.600	184.621	184.528	184.540	2213	0	0
2026.06.18	17:45:00	184.540	184.767	184.539	184.766	2352	0	0
2026.06.18	18:00:00	184.766	184.783	184.662	184.678	2362	0	0
2026.06.18	18:15:00	184.678	184.777	184.678	184.771	2071	0	0
2026.06.18	18:30:00	184.771	184.855	184.720	184.823	2711	0	0
2026.06.18	18:45:00	184.823	185.081	184.822	185.073	2284	0	0
2026.06.18	19:00:00	185.073	185.083	184.922	184.966	2901	0	0
2026.06.18	19:15:00	184.966	185.045	184.954	185.025	1784	0	0
2026.06.18	19:30:00	185.025	185.028	184.935	184.957	1589	0	0
2026.06.18	19:45:00	184.957	185.085	184.940	185.082	1488	0	0
2026.06.18	20:00:00	185.082	185.182	185.074	185.164	1545	0	0
2026.06.18	20:15:00	185.164	185.165	185.092	185.136	1080	0	0
2026.06.18	20:30:00	185.136	185.149	185.072	185.083	999	0	0
2026.06.18	20:45:00	185.082	185.088	185.041	185.057	896	0	0
2026.06.18	21:00:00	185.057	185.079	185.031	185.041	1119	0	0
2026.06.18	21:15:00	185.041	185.073	185.032	185.060	875	0	0
2026.06.18	21:30:00	185.060	185.139	185.058	185.119	784	0	0
2026.06.18	21:45:00	185.119	185.280	185.099	185.276	2036	0	0
2026.06.18	22:00:00	185.274	185.372	185.249	185.270	2318	0	0
2026.06.18	22:15:00	185.270	185.303	185.232	185.235	1446	0	0
2026.06.18	22:30:00	185.235	185.238	184.341	184.973	4288	0	0
2026.06.18	22:45:00	184.973	184.973	184.865	184.961	2412	0	0
2026.06.18	23:00:00	184.961	185.000	184.913	184.946	1318	0	0
2026.06.18	23:15:00	184.946	184.987	184.946	184.960	695	0	0
2026.06.18	23:30:00	184.961	184.988	184.937	184.958	580	0	0
2026.06.18	23:45:00	184.958	184.958	184.892	184.892	1168	0	0
2026.06.19	00:00:00	184.877	185.013	184.774	184.924	186	0	15
2026.06.19	00:15:00	184.924	184.973	184.898	184.933	174	0	38
2026.06.19	00:30:00	184.933	184.950	184.906	184.915	198	0	52
2026.06.19	00:45:00	184.915	184.981	184.885	184.918	523	0	32
2026.06.19	01:00:00	184.918	185.029	184.878	184.928	951	0	0
2026.06.19	01:15:00	184.928	184.942	184.899	184.915	609	0	0
2026.06.19	01:30:00	184.915	184.918	184.859	184.861	327	0	0
2026.06.19	01:45:00	184.861	184.872	184.734	184.872	1309	0	0
2026.06.19	02:00:00	184.872	184.905	184.843	184.885	796	0	0
2026.06.19	02:15:00	184.885	184.918	184.873	184.888	527	0	0
2026.06.19	02:30:00	184.888	184.911	184.825	184.827	502	0	0
2026.06.19	02:45:00	184.827	184.861	184.804	184.819	878	0	0
2026.06.19	03:00:00	184.819	184.891	184.798	184.845	2377	0	0
2026.06.19	03:15:00	184.845	184.853	184.778	184.782	1381	0	0
2026.06.19	03:30:00	184.782	184.788	184.617	184.687	2127	0	0
2026.06.19	03:45:00	184.687	184.739	184.581	184.655	3027	0	0
2026.06.19	04:00:00	184.655	184.665	184.542	184.653	2736	0	0
2026.06.19	04:15:00	184.653	184.685	184.576	184.617	2404	0	0
2026.06.19	04:30:00	184.617	184.695	184.592	184.693	1338	0	0
2026.06.19	04:45:00	184.693	184.713	184.608	184.618	1137	0	0
2026.06.19	05:00:00	184.618	184.636	184.587	184.634	1201	0	0
2026.06.19	05:15:00	184.634	184.663	184.601	184.661	1228	0	0
2026.06.19	05:30:00	184.661	184.680	184.581	184.664	1366	0	0
2026.06.19	05:45:00	184.664	184.695	184.638	184.680	930	0	0
2026.06.19	06:00:00	184.680	184.699	184.592	184.608	1211	0	0
2026.06.19	06:15:00	184.608	184.614	184.521	184.588	1502	0	0
2026.06.19	06:30:00	184.588	184.602	184.568	184.585	1170	0	0
2026.06.19	06:45:00	184.585	184.631	184.575	184.616	1102	0	0
2026.06.19	07:00:00	184.616	184.658	184.583	184.629	1547	0	0
2026.06.19	07:15:00	184.629	184.634	184.592	184.616	1017	0	0
2026.06.19	07:30:00	184.616	184.648	184.522	184.524	1363	0	0
2026.06.19	07:45:00	184.524	184.531	184.411	184.431	1596	0	0
2026.06.19	08:00:00	184.431	184.441	184.325	184.404	1871	0	0
2026.06.19	08:15:00	184.404	184.414	184.318	184.361	1444	0	0
2026.06.19	08:30:00	184.361	184.397	184.303	184.362	1671	0	0
2026.06.19	08:45:00	184.362	184.487	184.362	184.424	1584	0	0
2026.06.19	09:00:00	184.424	184.507	184.410	184.483	1955	0	0
2026.06.19	09:15:00	184.484	184.581	184.472	184.534	1551	0	0
2026.06.19	09:30:00	184.534	184.546	184.462	184.488	1452	0	0
2026.06.19	09:45:00	184.488	184.534	184.445	184.530	1495	0	0
2026.06.19	10:00:00	184.530	184.646	184.529	184.555	1935	0	0
2026.06.19	10:15:00	184.555	184.659	184.550	184.627	1599	0	0
2026.06.19	10:30:00	184.627	184.688	184.599	184.648	1374	0	0
2026.06.19	10:45:00	184.648	184.675	184.635	184.652	1288	0	0
2026.06.19	11:00:00	184.652	184.755	184.648	184.693	1719	0	0
2026.06.19	11:15:00	184.693	184.831	184.686	184.820	1477	0	0
2026.06.19	11:30:00	184.820	184.931	184.813	184.913	1246	0	0
2026.06.19	11:45:00	184.913	184.913	184.872	184.904	799	0	0
2026.06.19	12:00:00	184.904	184.926	184.840	184.861	1235	0	0
2026.06.19	12:15:00	184.861	184.888	184.834	184.843	1026	0	0
2026.06.19	12:30:00	184.842	184.884	184.840	184.840	1089	0	0
2026.06.19	12:45:00	184.840	184.849	184.796	184.799	921	0	0
2026.06.19	13:00:00	184.799	184.836	184.789	184.798	842	0	0
2026.06.19	13:15:00	184.798	184.819	184.734	184.795	1284	0	0
2026.06.19	13:30:00	184.795	184.860	184.774	184.854	980	0	0
2026.06.19	13:45:00	184.854	184.883	184.816	184.864	1168	0	0
2026.06.19	14:00:00	184.864	184.918	184.858	184.911	1154	0	0
2026.06.19	14:15:00	184.911	184.944	184.893	184.894	876	0	0
2026.06.19	14:30:00	184.894	184.903	184.832	184.887	850	0	0
2026.06.19	14:45:00	184.887	184.895	184.768	184.819	1045	0	0
2026.06.19	15:00:00	184.819	184.894	184.819	184.863	1385	0	0
2026.06.19	15:15:00	184.863	184.903	184.858	184.887	824	0	0
2026.06.19	15:30:00	184.887	184.909	184.860	184.884	1046	0	0
2026.06.19	15:45:00	184.884	184.950	184.871	184.880	2310	0	0
2026.06.19	16:00:00	184.880	184.895	184.800	184.810	1516	0	0
2026.06.19	16:15:00	184.810	184.864	184.808	184.864	1187	0	0
2026.06.19	16:30:00	184.864	184.898	184.769	184.841	1549	0	0
2026.06.19	16:45:00	184.841	184.911	184.837	184.894	1380	0	0
2026.06.19	17:00:00	184.891	184.941	184.828	184.829	1500	0	0
2026.06.19	17:15:00	184.829	184.855	184.788	184.850	1190	0	0
2026.06.19	17:30:00	184.850	184.929	184.850	184.912	1187	0	0
2026.06.19	17:45:00	184.912	184.941	184.791	184.832	2496	0	0
2026.06.19	18:00:00	184.832	184.947	184.827	184.920	2186	0	0
2026.06.19	18:15:00	184.920	184.969	184.917	184.957	835	0	0
2026.06.19	18:30:00	184.957	184.959	184.868	184.891	724	0	0
2026.06.19	18:45:00	184.891	184.934	184.889	184.934	642	0	0
2026.06.19	19:00:00	184.934	184.963	184.917	184.948	533	0	0
2026.06.19	19:15:00	184.948	184.973	184.912	184.953	491	0	0
2026.06.19	19:30:00	184.953	184.981	184.947	184.971	577	0	0
2026.06.19	19:45:00	184.971	185.033	184.971	185.032	473	0	0
2026.06.19	20:00:00	185.032	185.075	185.006	185.030	800	0	0
2026.06.19	20:15:00	185.030	185.050	185.018	185.032	942	0	0
2026.06.19	20:30:00	185.035	185.119	185.021	185.101	723	0	0
2026.06.19	20:45:00	185.109	185.110	185.030	185.059	1016	0	0
2026.06.19	21:00:00	185.059	185.068	185.043	185.060	546	0	0
2026.06.19	21:15:00	185.060	185.103	185.060	185.092	647	0	0
2026.06.19	21:30:00	185.092	185.125	185.091	185.115	540	0	0
2026.06.19	21:45:00	185.115	185.140	185.056	185.082	890	0	0
2026.06.19	22:00:00	185.082	185.095	185.039	185.083	588	0	0
2026.06.19	22:15:00	185.083	185.112	185.081	185.100	590	0	0
2026.06.19	22:30:00	185.100	185.104	185.057	185.063	377	0	0
2026.06.19	22:45:00	185.063	185.118	185.062	185.094	487	0	0
2026.06.19	23:00:00	185.089	185.125	185.044	185.070	2953	0	0
2026.06.19	23:15:00	185.070	185.083	184.981	185.066	1345	0	0
2026.06.19	23:30:00	185.066	185.102	185.005	185.018	1191	0	7
2026.06.19	23:45:00	185.018	185.060	184.902	185.015	1744	0	3
2026.06.22	00:00:00	184.666	184.845	184.666	184.778	135	0	46
2026.06.22	00:15:00	184.778	184.825	184.762	184.812	161	0	48
2026.06.22	00:30:00	184.812	185.012	184.778	184.953	351	0	42
2026.06.22	00:45:00	184.953	185.040	184.852	184.886	295	0	0
2026.06.22	01:00:00	184.885	185.046	184.846	185.035	1012	0	0
2026.06.22	01:15:00	185.035	185.079	185.025	185.043	675	0	0
2026.06.22	01:30:00	185.043	185.064	185.031	185.058	592	0	0
2026.06.22	01:45:00	185.058	185.069	185.047	185.059	489	0	0
2026.06.22	02:00:00	185.059	185.106	185.055	185.100	660	0	0
2026.06.22	02:15:00	185.100	185.102	185.052	185.062	674	0	0
2026.06.22	02:30:00	185.062	185.068	185.009	185.040	817	0	0
2026.06.22	02:45:00	185.040	185.073	185.011	185.046	1103	0	0
2026.06.22	03:00:00	185.046	185.140	185.030	185.122	1645	0	0
2026.06.22	03:15:00	185.122	185.132	185.040	185.077	1473	0	0
2026.06.22	03:30:00	185.077	185.086	185.044	185.048	1178	0	0
2026.06.22	03:45:00	185.048	185.194	185.040	185.179	2048	0	0
2026.06.22	04:00:00	185.179	185.273	185.179	185.201	2269	0	0
2026.06.22	04:15:00	185.201	185.204	185.152	185.174	1482	0	0
2026.06.22	04:30:00	185.174	185.186	185.116	185.186	1121	0	0
2026.06.22	04:45:00	185.186	185.238	185.180	185.181	1016	0	0
2026.06.22	05:00:00	185.181	185.227	185.163	185.197	1090	0	0
2026.06.22	05:15:00	185.197	185.200	185.134	185.196	986	0	0
2026.06.22	05:30:00	185.196	185.228	185.186	185.197	703	0	0
2026.06.22	05:45:00	185.197	185.242	185.196	185.209	665	0	0
2026.06.22	06:00:00	185.209	185.229	185.196	185.203	1083	0	1
2026.06.22	06:15:00	185.203	185.235	185.187	185.214	937	0	0
2026.06.22	06:30:00	185.214	185.241	185.140	185.151	1186	0	0
2026.06.22	06:45:00	185.151	185.187	185.090	185.118	1089	0	0
2026.06.22	07:00:00	185.118	185.173	185.086	185.164	1399	0	0
2026.06.22	07:15:00	185.164	185.200	185.157	185.185	1145	0	0
2026.06.22	07:30:00	185.185	185.216	185.183	185.196	783	0	0
2026.06.22	07:45:00	185.196	185.215	185.177	185.206	1030	0	0
2026.06.22	08:00:00	185.208	185.226	185.180	185.224	789	0	0
2026.06.22	08:15:00	185.224	185.249	185.215	185.238	778	0	0
2026.06.22	08:30:00	185.238	185.293	185.235	185.278	779	0	0
2026.06.22	08:45:00	185.278	185.280	185.210	185.217	1048	0	0
2026.06.22	09:00:00	185.217	185.253	185.153	185.201	1774	0	0
2026.06.22	09:15:00	185.201	185.246	185.150	185.217	1563	0	0
2026.06.22	09:30:00	185.217	185.240	185.177	185.181	1582	0	0
2026.06.22	09:45:00	185.181	185.317	185.161	185.290	1370	0	0
2026.06.22	10:00:00	185.290	185.331	185.256	185.293	2005	0	0
2026.06.22	10:15:00	185.292	185.314	185.223	185.225	1283	0	0
2026.06.22	10:30:00	185.225	185.227	185.108	185.156	1554	0	0
2026.06.22	10:45:00	185.156	185.182	185.119	185.126	1371	0	0
2026.06.22	11:00:00	185.126	185.142	185.065	185.127	1419	0	0
2026.06.22	11:15:00	185.127	185.228	185.099	185.169	1646	0	0
2026.06.22	11:30:00	185.169	185.219	185.123	185.173	1880	0	0
2026.06.22	11:45:00	185.173	185.251	185.173	185.244	1640	0	0
2026.06.22	12:00:00	185.244	185.379	185.238	185.299	1842	0	0
2026.06.22	12:15:00	185.299	185.347	185.294	185.328	1277	0	0
2026.06.22	12:30:00	185.328	185.358	185.290	185.307	1185	0	0
2026.06.22	12:45:00	185.307	185.371	185.307	185.325	1125	0	0
2026.06.22	13:00:00	185.325	185.383	185.298	185.358	1397	0	0
2026.06.22	13:15:00	185.358	185.366	185.264	185.298	1227	0	0
2026.06.22	13:30:00	185.297	185.318	185.265	185.313	1191	0	0
2026.06.22	13:45:00	185.313	185.322	185.264	185.282	1125	0	0
2026.06.22	14:00:00	185.282	185.290	185.214	185.215	1982	0	0
2026.06.22	14:15:00	185.215	185.234	185.184	185.229	1093	0	0
2026.06.22	14:30:00	185.229	185.247	185.193	185.234	986	0	0
2026.06.22	14:45:00	185.234	185.253	185.189	185.201	1284	0	0
2026.06.22	15:00:00	185.202	185.355	185.189	185.333	1862	0	0
2026.06.22	15:15:00	185.333	185.386	185.304	185.362	1445	0	0
2026.06.22	15:30:00	185.362	185.394	185.337	185.381	1679	0	0
2026.06.22	15:45:00	185.381	185.384	185.308	185.310	1862	0	0
2026.06.22	16:00:00	185.310	185.317	185.024	185.153	3742	0	0
2026.06.22	16:15:00	185.153	185.178	185.065	185.080	2126	0	0
2026.06.22	16:30:00	185.083	185.167	185.083	185.100	2559	0	0
2026.06.22	16:45:00	185.100	185.139	185.025	185.027	2219	0	0
2026.06.22	17:00:00	185.028	185.048	184.420	184.895	4810	0	0
2026.06.22	17:15:00	184.895	184.972	184.865	184.928	2649	0	0
2026.06.22	17:30:00	184.928	184.974	184.526	184.708	3566	0	0
2026.06.22	17:45:00	184.708	184.755	184.383	184.637	6326	0	0
2026.06.22	18:00:00	184.637	184.687	184.493	184.528	3542	0	0
2026.06.22	18:15:00	184.528	184.727	184.471	184.674	2662	0	0
2026.06.22	18:30:00	184.674	184.694	184.578	184.628	1793	0	0
2026.06.22	18:45:00	184.628	184.682	184.597	184.634	1808	0	0
2026.06.22	19:00:00	184.634	184.676	184.596	184.646	1463	0	0
2026.06.22	19:15:00	184.646	184.737	184.599	184.626	1395	0	0
2026.06.22	19:30:00	184.626	184.638	184.585	184.614	1113	0	0
2026.06.22	19:45:00	184.614	184.686	184.600	184.673	926	0	0
2026.06.22	20:00:00	184.673	184.676	184.623	184.638	882	0	0
2026.06.22	20:15:00	184.638	184.653	184.609	184.609	633	0	0
2026.06.22	20:30:00	184.609	184.658	184.607	184.625	908	0	0
2026.06.22	20:45:00	184.623	184.632	184.575	184.581	599	0	0
2026.06.22	21:00:00	184.581	184.625	184.581	184.595	675	0	0
2026.06.22	21:15:00	184.595	184.605	184.548	184.560	921	0	0
2026.06.22	21:30:00	184.560	184.560	184.440	184.449	959	0	0
2026.06.22	21:45:00	184.449	184.468	184.392	184.411	1280	0	0
2026.06.22	22:00:00	184.411	184.576	184.411	184.559	1081	0	0
2026.06.22	22:15:00	184.559	184.606	184.545	184.600	1022	0	0
2026.06.22	22:30:00	184.600	184.655	184.567	184.624	965	0	0
2026.06.22	22:45:00	184.624	184.680	184.620	184.632	1077	0	0
2026.06.22	23:00:00	184.632	184.688	184.617	184.678	626	0	0
2026.06.22	23:15:00	184.679	184.693	184.638	184.653	524	0	0
2026.06.22	23:30:00	184.653	184.660	184.646	184.656	406	0	0
2026.06.22	23:45:00	184.656	184.701	184.641	184.649	752	0	0
2026.06.23	00:00:00	184.649	184.649	184.484	184.565	155	0	0
2026.06.23	00:15:00	184.566	184.593	184.562	184.585	151	0	25
2026.06.23	00:30:00	184.589	184.636	184.567	184.608	553	0	40
2026.06.23	00:45:00	184.607	184.613	184.572	184.587	362	0	40
2026.06.23	01:00:00	184.587	184.698	184.587	184.692	641	0	0
2026.06.23	01:15:00	184.692	184.706	184.664	184.667	467	0	0
2026.06.23	01:30:00	184.667	184.672	184.635	184.638	319	0	0
2026.06.23	01:45:00	184.638	184.652	184.593	184.641	606	0	0
2026.06.23	02:00:00	184.641	184.651	184.626	184.633	315	0	0
2026.06.23	02:15:00	184.633	184.633	184.607	184.620	334	0	0
2026.06.23	02:30:00	184.620	184.632	184.605	184.625	282	0	0
2026.06.23	02:45:00	184.625	184.632	184.595	184.628	618	0	0
2026.06.23	03:00:00	184.628	184.628	184.516	184.538	1373	0	0
2026.06.23	03:15:00	184.538	184.588	184.534	184.582	1359	0	0
2026.06.23	03:30:00	184.582	184.651	184.575	184.633	1249	0	0
2026.06.23	03:45:00	184.633	184.680	184.566	184.636	2594	0	0
2026.06.23	04:00:00	184.636	184.645	184.568	184.573	1366	0	0
2026.06.23	04:15:00	184.573	184.601	184.549	184.578	1130	0	0
2026.06.23	04:30:00	184.578	184.622	184.567	184.616	896	0	0
2026.06.23	04:45:00	184.616	184.676	184.600	184.643	1299	0	0
2026.06.23	05:00:00	184.643	184.677	184.626	184.656	1286	0	0
2026.06.23	05:15:00	184.656	184.678	184.644	184.658	854	0	0
2026.06.23	05:30:00	184.658	184.665	184.618	184.634	773	0	0
2026.06.23	05:45:00	184.634	184.646	184.615	184.618	825	0	0
2026.06.23	06:00:00	184.618	184.632	184.563	184.606	948	0	0
2026.06.23	06:15:00	184.606	184.629	184.515	184.628	1181	0	0
2026.06.23	06:30:00	184.628	184.631	184.576	184.606	866	0	0
2026.06.23	06:45:00	184.606	184.658	184.591	184.650	727	0	0
2026.06.23	07:00:00	184.650	184.678	184.646	184.655	840	0	0
2026.06.23	07:15:00	184.655	184.656	184.598	184.612	680	0	0
2026.06.23	07:30:00	184.612	184.638	184.594	184.625	827	0	0
2026.06.23	07:45:00	184.625	184.632	184.557	184.575	823	0	0
2026.06.23	08:00:00	184.575	184.618	184.557	184.586	1034	0	0
2026.06.23	08:15:00	184.586	184.627	184.582	184.624	882	0	0
2026.06.23	08:30:00	184.624	184.646	184.588	184.620	1024	0	0
2026.06.23	08:45:00	184.621	184.685	184.589	184.654	1142	0	0
2026.06.23	09:00:00	184.654	184.726	184.648	184.712	1358	0	0
2026.06.23	09:15:00	184.712	184.844	184.686	184.796	1694	0	0
2026.06.23	09:30:00	184.798	184.822	184.687	184.688	1681	0	0
2026.06.23	09:45:00	184.688	184.705	184.623	184.648	1681	0	0
2026.06.23	10:00:00	184.648	184.713	184.349	184.689	4012	0	0
2026.06.23	10:15:00	184.689	184.737	184.608	184.684	2601	0	0
2026.06.23	10:30:00	184.684	184.684	184.343	184.382	2756	0	0
2026.06.23	10:45:00	184.382	184.392	184.250	184.262	2173	0	0
2026.06.23	11:00:00	184.262	184.278	184.117	184.212	2856	0	0
2026.06.23	11:15:00	184.212	184.225	184.073	184.148	2191	0	0
2026.06.23	11:30:00	184.148	184.191	184.079	184.161	1790	0	0
2026.06.23	11:45:00	184.161	184.188	184.123	184.171	1437	0	0
2026.06.23	12:00:00	184.171	184.205	184.051	184.131	1880	0	0
2026.06.23	12:15:00	184.131	184.192	184.119	184.175	1277	0	0
2026.06.23	12:30:00	184.175	184.222	184.132	184.156	1368	0	0
2026.06.23	12:45:00	184.156	184.176	184.140	184.158	1019	0	0
2026.06.23	13:00:00	184.158	184.197	184.104	184.123	1148	0	0
2026.06.23	13:15:00	184.123	184.148	184.052	184.053	1153	0	0
2026.06.23	13:30:00	184.053	184.102	184.038	184.096	1203	0	0
2026.06.23	13:45:00	184.096	184.111	183.973	184.064	1781	0	0
2026.06.23	14:00:00	184.064	184.112	184.055	184.105	1342	0	0
2026.06.23	14:15:00	184.105	184.105	184.036	184.044	1297	0	0
2026.06.23	14:30:00	184.044	184.114	184.008	184.102	1330	0	0
2026.06.23	14:45:00	184.102	184.131	183.972	183.982	1602	0	0
2026.06.23	15:00:00	183.982	184.066	183.931	183.939	1794	0	0
2026.06.23	15:15:00	183.939	183.951	183.844	183.849	1931	0	0
2026.06.23	15:30:00	183.849	183.960	183.848	183.912	1668	0	0
2026.06.23	15:45:00	183.912	184.019	183.912	183.995	1668	0	0
2026.06.23	16:00:00	183.995	184.058	183.947	183.955	1803	0	0
2026.06.23	16:15:00	183.955	184.046	183.923	183.973	1721	0	0
2026.06.23	16:30:00	183.973	184.098	183.953	184.043	2702	0	0
2026.06.23	16:45:00	184.043	184.092	183.948	183.972	2015	0	0
2026.06.23	17:00:00	183.972	183.993	183.895	183.924	2342	0	0
2026.06.23	17:15:00	183.924	183.938	183.815	183.872	2214	0	0
2026.06.23	17:30:00	183.872	183.872	183.794	183.854	2043	0	0
2026.06.23	17:45:00	183.854	183.917	183.829	183.868	2159	0	0
2026.06.23	18:00:00	183.868	183.923	183.816	183.891	1936	0	0
2026.06.23	18:15:00	183.891	183.928	183.850	183.851	1429	0	0
2026.06.23	18:30:00	183.851	183.881	183.780	183.790	1856	0	0
2026.06.23	18:45:00	183.790	183.901	183.781	183.890	1253	0	0
2026.06.23	19:00:00	183.890	183.913	183.858	183.893	974	0	0
2026.06.23	19:15:00	183.893	183.908	183.871	183.873	846	0	0
2026.06.23	19:30:00	183.873	183.909	183.849	183.898	695	0	0
2026.06.23	19:45:00	183.898	183.913	183.870	183.891	769	0	0
2026.06.23	20:00:00	183.891	183.916	183.842	183.903	935	0	0
2026.06.23	20:15:00	183.903	183.915	183.884	183.885	672	0	0
2026.06.23	20:30:00	183.884	183.901	183.854	183.874	1048	0	0
2026.06.23	20:45:00	183.874	183.886	183.823	183.846	571	0	0
2026.06.23	21:00:00	183.846	183.878	183.846	183.869	570	0	0
2026.06.23	21:15:00	183.869	183.886	183.854	183.860	743	0	0
2026.06.23	21:30:00	183.860	183.882	183.805	183.806	983	0	0
2026.06.23	21:45:00	183.806	183.847	183.788	183.846	988	0	0
2026.06.23	22:00:00	183.846	183.896	183.840	183.880	1025	0	0
2026.06.23	22:15:00	183.880	183.885	183.858	183.871	815	0	0
2026.06.23	22:30:00	183.871	183.871	183.824	183.844	621	0	0
2026.06.23	22:45:00	183.844	183.886	183.823	183.860	1005	0	0
2026.06.23	23:00:00	183.857	183.895	183.855	183.885	805	0	0
2026.06.23	23:15:00	183.885	183.891	183.858	183.866	288	0	0
2026.06.23	23:30:00	183.865	183.890	183.863	183.890	227	0	0
2026.06.23	23:45:00	183.890	183.905	183.870	183.870	570	0	4
2026.06.24	00:00:00	183.848	183.848	183.692	183.842	155	0	40
2026.06.24	00:15:00	183.842	183.856	183.831	183.847	250	0	46
2026.06.24	00:30:00	183.847	183.883	183.830	183.854	365	0	34
2026.06.24	00:45:00	183.854	183.895	183.806	183.843	301	0	57
2026.06.24	01:00:00	183.843	183.906	183.837	183.882	515	0	0
2026.06.24	01:15:00	183.882	183.883	183.859	183.866	320	0	0
2026.06.24	01:30:00	183.866	183.877	183.844	183.853	347	0	0
2026.06.24	01:45:00	183.853	183.890	183.851	183.879	229	0	0
2026.06.24	02:00:00	183.879	183.879	183.850	183.874	345	0	0
2026.06.24	02:15:00	183.874	183.882	183.865	183.865	201	0	0
2026.06.24	02:30:00	183.865	183.881	183.843	183.881	393	0	0
2026.06.24	02:45:00	183.881	183.930	183.880	183.889	1044	0	1
2026.06.24	03:00:00	183.889	183.893	183.805	183.843	1865	0	0
2026.06.24	03:15:00	183.843	183.862	183.772	183.815	1720	0	0
2026.06.24	03:30:00	183.815	183.851	183.799	183.843	1065	0	0
2026.06.24	03:45:00	183.843	183.880	183.831	183.867	1698	0	0
2026.06.24	04:00:00	183.867	183.870	183.760	183.792	1887	0	0
2026.06.24	04:15:00	183.792	183.793	183.723	183.741	1182	0	0
2026.06.24	04:30:00	183.741	183.785	183.737	183.763	1556	0	0
2026.06.24	04:45:00	183.763	183.817	183.743	183.810	1229	0	0
2026.06.24	05:00:00	183.809	183.822	183.790	183.794	1055	0	0
2026.06.24	05:15:00	183.794	183.799	183.752	183.765	964	0	0
2026.06.24	05:30:00	183.765	183.786	183.745	183.751	1004	0	0
2026.06.24	05:45:00	183.751	183.755	183.636	183.640	1243	0	0
2026.06.24	06:00:00	183.640	183.664	183.570	183.630	1959	0	0
2026.06.24	06:15:00	183.630	183.630	183.575	183.603	1342	0	0
2026.06.24	06:30:00	183.603	183.668	183.587	183.663	1230	0	0
2026.06.24	06:45:00	183.663	183.666	183.633	183.640	823	0	0
2026.06.24	07:00:00	183.640	183.645	183.532	183.573	1115	0	0
2026.06.24	07:15:00	183.573	183.642	183.571	183.600	891	0	0
2026.06.24	07:30:00	183.600	183.613	183.575	183.591	1008	0	0
2026.06.24	07:45:00	183.591	183.599	183.560	183.578	722	0	0
2026.06.24	08:00:00	183.579	183.642	183.577	183.625	859	0	0
2026.06.24	08:15:00	183.625	183.707	183.618	183.682	1255	0	0
2026.06.24	08:30:00	183.682	183.696	183.650	183.651	698	0	0
2026.06.24	08:45:00	183.651	183.726	183.641	183.720	833	0	0
2026.06.24	09:00:00	183.720	183.856	183.718	183.844	1441	0	0
2026.06.24	09:15:00	183.844	183.844	183.734	183.761	1446	0	0
2026.06.24	09:30:00	183.761	183.792	183.676	183.778	1404	0	0
2026.06.24	09:45:00	183.778	183.784	183.661	183.695	1821	0	0
2026.06.24	10:00:00	183.695	183.706	183.553	183.612	2310	0	0
2026.06.24	10:15:00	183.612	183.644	183.593	183.600	1532	0	0
2026.06.24	10:30:00	183.600	183.658	183.558	183.645	1644	0	0
2026.06.24	10:45:00	183.645	183.687	183.572	183.572	1288	0	0
2026.06.24	11:00:00	183.574	183.615	183.394	183.407	1999	0	0
2026.06.24	11:15:00	183.407	183.585	183.398	183.579	1984	0	0
2026.06.24	11:30:00	183.579	183.605	183.472	183.574	1754	0	0
2026.06.24	11:45:00	183.574	183.651	183.564	183.635	1282	0	0
2026.06.24	12:00:00	183.635	183.648	183.521	183.626	1633	0	0
2026.06.24	12:15:00	183.626	183.646	183.534	183.562	1509	0	0
2026.06.24	12:30:00	183.562	183.577	183.501	183.503	1385	0	0
2026.06.24	12:45:00	183.503	183.585	183.494	183.513	1277	0	0
2026.06.24	13:00:00	183.513	183.524	183.396	183.441	1601	0	0
2026.06.24	13:15:00	183.441	183.453	183.380	183.411	1453	0	0
2026.06.24	13:30:00	183.411	183.441	183.369	183.391	1512	0	0
2026.06.24	13:45:00	183.391	183.423	183.335	183.354	1216	0	0
2026.06.24	14:00:00	183.354	183.390	183.329	183.370	1157	0	0
2026.06.24	14:15:00	183.370	183.433	183.361	183.386	1068	0	0
2026.06.24	14:30:00	183.386	183.463	183.384	183.403	1556	0	0
2026.06.24	14:45:00	183.403	183.441	183.299	183.323	2126	0	0
2026.06.24	15:00:00	183.323	183.396	183.305	183.335	1766	0	0
2026.06.24	15:15:00	183.335	183.364	183.302	183.328	1560	0	0
2026.06.24	15:30:00	183.328	183.342	183.170	183.235	2270	0	0
2026.06.24	15:45:00	183.235	183.266	183.186	183.253	1888	0	0
2026.06.24	16:00:00	183.253	183.257	183.172	183.183	2127	0	0
2026.06.24	16:15:00	183.183	183.353	183.173	183.342	2195	0	0
2026.06.24	16:30:00	183.342	183.441	183.338	183.395	2943	0	0
2026.06.24	16:45:00	183.395	183.538	183.335	183.496	3055	0	0
2026.06.24	17:00:00	183.494	183.579	183.464	183.508	2747	0	0
2026.06.24	17:15:00	183.508	183.524	183.399	183.485	2529	0	0
2026.06.24	17:30:00	183.484	183.507	183.383	183.445	2081	0	0
2026.06.24	17:45:00	183.445	183.519	183.362	183.502	2564	0	0
2026.06.24	18:00:00	183.502	183.662	183.489	183.649	2576	0	0
2026.06.24	18:15:00	183.649	183.774	183.625	183.698	2741	0	0
2026.06.24	18:30:00	183.698	183.711	183.607	183.628	1955	0	0
2026.06.24	18:45:00	183.628	183.651	183.554	183.564	1562	0	0
2026.06.24	19:00:00	183.564	183.646	183.546	183.630	1483	0	0
2026.06.24	19:15:00	183.630	183.753	183.626	183.750	1335	0	0
2026.06.24	19:30:00	183.750	183.823	183.724	183.748	1620	0	0
2026.06.24	19:45:00	183.748	183.761	183.715	183.750	1278	0	0
2026.06.24	20:00:00	183.750	183.769	183.690	183.714	1399	0	0
2026.06.24	20:15:00	183.714	183.728	183.651	183.663	1197	0	0
2026.06.24	20:30:00	183.663	183.726	183.655	183.671	1542	0	0
2026.06.24	20:45:00	183.671	183.684	183.630	183.653	1337	0	0
2026.06.24	21:00:00	183.653	183.730	183.653	183.705	1374	0	0
2026.06.24	21:15:00	183.705	183.766	183.705	183.758	1105	0	0
2026.06.24	21:30:00	183.758	183.799	183.711	183.718	963	0	0
2026.06.24	21:45:00	183.718	183.727	183.674	183.683	1004	0	0
2026.06.24	22:00:00	183.682	183.729	183.676	183.692	1177	0	0
2026.06.24	22:15:00	183.692	183.762	183.678	183.761	843	0	0
2026.06.24	22:30:00	183.761	183.773	183.742	183.763	945	0	0
2026.06.24	22:45:00	183.763	183.766	183.718	183.725	1031	0	0
2026.06.24	23:00:00	183.725	183.749	183.713	183.727	1125	0	0
2026.06.24	23:15:00	183.727	183.788	183.713	183.778	606	0	0
2026.06.24	23:30:00	183.778	183.817	183.773	183.799	668	0	0
2026.06.24	23:45:00	183.799	183.826	183.761	183.769	1063	0	0
2026.06.25	00:00:00	183.766	183.801	183.692	183.693	68	0	30
2026.06.25	00:15:00	183.693	183.702	183.670	183.682	60	0	56
2026.06.25	00:30:00	183.682	183.695	183.670	183.690	94	0	45
2026.06.25	00:45:00	183.690	183.730	183.663	183.711	321	0	48
2026.06.25	01:00:00	183.711	183.766	183.704	183.723	732	0	0
2026.06.25	01:15:00	183.723	183.724	183.684	183.689	284	0	0
2026.06.25	01:30:00	183.689	183.701	183.683	183.696	334	0	0
2026.06.25	01:45:00	183.695	183.699	183.686	183.688	185	0	0
2026.06.25	02:00:00	183.688	183.695	183.675	183.682	218	0	0
2026.06.25	02:15:00	183.682	183.711	183.682	183.703	413	0	0
2026.06.25	02:30:00	183.703	183.714	183.682	183.692	395	0	1
2026.06.25	02:45:00	183.693	183.706	183.663	183.676	513	0	1
2026.06.25	03:00:00	183.676	183.685	183.615	183.631	1719	0	0
2026.06.25	03:15:00	183.631	183.653	183.562	183.578	1332	0	0
2026.06.25	03:30:00	183.578	183.579	183.533	183.552	887	0	0
2026.06.25	03:45:00	183.552	183.646	183.529	183.603	1905	0	0
2026.06.25	04:00:00	183.603	183.718	183.602	183.714	1944	0	0
2026.06.25	04:15:00	183.714	183.786	183.645	183.680	2588	0	0
2026.06.25	04:30:00	183.680	183.693	183.611	183.682	1715	0	0
2026.06.25	04:45:00	183.682	183.741	183.668	183.679	1468	0	0
2026.06.25	05:00:00	183.680	183.718	183.652	183.675	1285	0	0
2026.06.25	05:15:00	183.674	183.746	183.657	183.735	1187	0	0
2026.06.25	05:30:00	183.735	183.765	183.728	183.740	1121	0	0
2026.06.25	05:45:00	183.740	183.765	183.721	183.761	711	0	0
2026.06.25	06:00:00	183.761	183.816	183.756	183.809	1188	0	0
2026.06.25	06:15:00	183.809	183.829	183.784	183.797	885	0	0
2026.06.25	06:30:00	183.797	183.853	183.793	183.851	788	0	0
2026.06.25	06:45:00	183.851	183.903	183.849	183.879	948	0	0
2026.06.25	07:00:00	183.879	183.902	183.848	183.885	836	0	0
2026.06.25	07:15:00	183.885	183.898	183.872	183.877	765	0	0
2026.06.25	07:30:00	183.877	183.880	183.839	183.854	573	0	0
2026.06.25	07:45:00	183.854	183.896	183.844	183.878	594	0	0
2026.06.25	08:00:00	183.880	183.890	183.854	183.858	612	0	0
2026.06.25	08:15:00	183.858	183.861	183.796	183.801	599	0	0
2026.06.25	08:30:00	183.801	183.849	183.795	183.807	659	0	0
2026.06.25	08:45:00	183.808	183.866	183.793	183.856	892	0	0
2026.06.25	09:00:00	183.856	183.880	183.814	183.878	1119	0	0
2026.06.25	09:15:00	183.878	183.913	183.857	183.886	1249	0	0
2026.06.25	09:30:00	183.886	183.886	183.755	183.798	1452	0	0
2026.06.25	09:45:00	183.798	183.862	183.771	183.785	1335	0	0
2026.06.25	10:00:00	183.784	183.861	183.718	183.720	2048	0	0
2026.06.25	10:15:00	183.720	183.759	183.663	183.698	1914	0	0
2026.06.25	10:30:00	183.698	183.767	183.695	183.760	1296	0	0
2026.06.25	10:45:00	183.760	183.828	183.748	183.810	1236	0	0
2026.06.25	11:00:00	183.810	183.883	183.803	183.849	1465	0	0
2026.06.25	11:15:00	183.849	183.934	183.820	183.928	1423	0	0
2026.06.25	11:30:00	183.928	183.992	183.916	183.976	1321	0	0
2026.06.25	11:45:00	183.976	183.996	183.923	183.926	1323	0	0
2026.06.25	12:00:00	183.926	183.948	183.884	183.920	1171	0	0
2026.06.25	12:15:00	183.920	184.014	183.913	184.005	1118	0	0
2026.06.25	12:30:00	184.004	184.032	183.891	183.891	1300	0	0
2026.06.25	12:45:00	183.891	183.923	183.848	183.849	1102	0	0
2026.06.25	13:00:00	183.849	183.850	183.741	183.775	1211	0	0
2026.06.25	13:15:00	183.775	183.775	183.722	183.755	958	0	0
2026.06.25	13:30:00	183.755	183.766	183.665	183.676	1252	0	0
2026.06.25	13:45:00	183.676	183.676	183.631	183.661	1223	0	0
2026.06.25	14:00:00	183.661	183.670	183.592	183.639	1053	0	0
2026.06.25	14:15:00	183.638	183.643	183.548	183.551	1179	0	0
2026.06.25	14:30:00	183.551	183.605	183.500	183.581	1507	0	0
2026.06.25	14:45:00	183.581	183.584	183.411	183.518	2218	0	0
2026.06.25	15:00:00	183.518	183.587	183.518	183.585	1397	0	0
2026.06.25	15:15:00	183.585	183.614	183.548	183.593	1238	0	0
2026.06.25	15:30:00	183.593	183.864	183.577	183.842	3561	0	0
2026.06.25	15:45:00	183.842	183.861	183.729	183.744	2385	0	0
2026.06.25	16:00:00	183.744	183.786	183.688	183.732	2195	0	0
2026.06.25	16:15:00	183.734	183.899	183.728	183.874	2161	0	0
2026.06.25	16:30:00	183.874	183.929	183.830	183.840	2515	0	0
2026.06.25	16:45:00	183.840	183.898	183.747	183.797	2988	0	0
2026.06.25	17:00:00	183.797	183.985	183.792	183.922	3752	0	0
2026.06.25	17:15:00	183.922	183.955	183.818	183.930	2683	0	0
2026.06.25	17:30:00	183.930	183.978	183.898	183.960	2546	0	0
2026.06.25	17:45:00	183.960	183.978	183.856	183.908	2785	0	0
2026.06.25	18:00:00	183.908	184.016	183.903	183.947	2654	0	0
2026.06.25	18:15:00	183.947	184.095	183.932	184.073	2308	0	0
2026.06.25	18:30:00	184.073	184.078	184.015	184.024	1933	0	0
2026.06.25	18:45:00	184.024	184.059	184.009	184.054	1867	0	0
2026.06.25	19:00:00	184.054	184.075	184.010	184.037	1611	0	0
2026.06.25	19:15:00	184.037	184.099	184.028	184.091	1231	0	0
2026.06.25	19:30:00	184.091	184.092	184.002	184.004	1208	0	0
2026.06.25	19:45:00	184.004	184.006	183.960	183.992	1254	0	0
2026.06.25	20:00:00	183.992	184.007	183.982	183.993	990	0	0
2026.06.25	20:15:00	183.993	184.008	183.963	183.998	1012	0	0
2026.06.25	20:30:00	183.998	184.030	183.985	184.025	846	0	0
2026.06.25	20:45:00	184.025	184.045	184.006	184.012	951	0	0
2026.06.25	21:00:00	184.012	184.079	184.008	184.071	1603	0	0
2026.06.25	21:15:00	184.071	184.103	184.049	184.073	1038	0	0
2026.06.25	21:30:00	184.073	184.074	184.024	184.050	940	0	0
2026.06.25	21:45:00	184.050	184.062	183.995	184.009	851	0	0
2026.06.25	22:00:00	184.009	184.027	183.985	184.026	755	0	0
2026.06.25	22:15:00	184.026	184.073	184.017	184.069	618	0	0
2026.06.25	22:30:00	184.069	184.070	184.005	184.013	1099	0	0
2026.06.25	22:45:00	184.013	184.038	183.963	183.999	1280	0	0
2026.06.25	23:00:00	183.999	184.028	183.998	184.009	902	0	0
2026.06.25	23:15:00	184.009	184.020	183.987	184.008	334	0	0
2026.06.25	23:30:00	184.008	184.021	183.995	183.996	247	0	0
2026.06.25	23:45:00	183.996	183.997	183.948	183.950	635	0	3
2026.06.26	00:00:00	183.937	183.963	183.880	183.936	57	0	26
2026.06.26	00:15:00	183.936	183.978	183.862	183.946	197	0	52
2026.06.26	00:30:00	183.942	183.979	183.902	183.954	336	0	54
2026.06.26	00:45:00	183.954	184.018	183.931	183.977	306	0	57
2026.06.26	01:00:00	183.974	183.998	183.958	183.976	670	0	0
2026.06.26	01:15:00	183.976	183.987	183.935	183.937	318	0	0
2026.06.26	01:30:00	183.937	183.955	183.925	183.925	419	0	0
2026.06.26	01:45:00	183.925	183.953	183.894	183.944	732	0	0
2026.06.26	02:00:00	183.944	183.948	183.868	183.912	993	0	0
2026.06.26	02:15:00	183.912	183.915	183.868	183.884	703	0	0
2026.06.26	02:30:00	183.884	183.888	183.821	183.853	601	0	0
2026.06.26	02:45:00	183.853	183.855	183.818	183.834	646	0	0
2026.06.26	03:00:00	183.835	183.879	183.820	183.870	1528	0	0
2026.06.26	03:15:00	183.870	183.903	183.851	183.902	1402	0	0
2026.06.26	03:30:00	183.902	183.926	183.857	183.891	1487	0	0
2026.06.26	03:45:00	183.890	183.961	183.873	183.917	1558	0	0
2026.06.26	04:00:00	183.917	183.968	183.916	183.939	1478	0	0
2026.06.26	04:15:00	183.939	183.964	183.911	183.943	1394	0	0
2026.06.26	04:30:00	183.943	183.952	183.809	183.840	1609	0	0
2026.06.26	04:45:00	183.840	183.841	183.754	183.803	1553	0	0
2026.06.26	05:00:00	183.803	183.851	183.772	183.773	1249	0	0
2026.06.26	05:15:00	183.773	183.781	183.723	183.743	1491	0	0
2026.06.26	05:30:00	183.743	183.800	183.720	183.781	1049	0	0
2026.06.26	05:45:00	183.781	183.792	183.733	183.764	1211	0	0
2026.06.26	06:00:00	183.764	183.800	183.737	183.789	1308	0	0
2026.06.26	06:15:00	183.789	183.804	183.769	183.789	864	0	0
2026.06.26	06:30:00	183.789	183.794	183.755	183.761	1293	0	0
2026.06.26	06:45:00	183.761	183.829	183.722	183.821	1652	0	0
2026.06.26	07:00:00	183.821	183.864	183.764	183.807	1707	0	0
2026.06.26	07:15:00	183.807	183.856	183.775	183.798	1223	0	0
2026.06.26	07:30:00	183.798	183.812	183.716	183.798	1311	0	0
2026.06.26	07:45:00	183.798	183.893	183.797	183.885	1069	0	0
2026.06.26	08:00:00	183.885	183.894	183.865	183.872	808	0	0
2026.06.26	08:15:00	183.872	183.891	183.857	183.870	881	0	0
2026.06.26	08:30:00	183.870	183.893	183.847	183.855	989	0	0
2026.06.26	08:45:00	183.855	183.896	183.806	183.810	1120	0	0
2026.06.26	09:00:00	183.810	183.871	183.801	183.832	1389	0	0
2026.06.26	09:15:00	183.832	183.981	183.832	183.967	1368	0	0
2026.06.26	09:30:00	183.967	184.021	183.943	183.959	1549	0	0
2026.06.26	09:45:00	183.958	184.013	183.917	183.958	1608	0	0
2026.06.26	10:00:00	183.958	183.991	183.895	183.917	1737	0	0
2026.06.26	10:15:00	183.917	183.970	183.908	183.928	1358	0	0
2026.06.26	10:30:00	183.928	184.077	183.924	184.049	1604	0	0
2026.06.26	10:45:00	184.049	184.081	184.022	184.039	1541	0	0
2026.06.26	11:00:00	184.039	184.157	183.976	184.157	2260	0	0
2026.06.26	11:15:00	184.157	184.248	184.110	184.242	1843	0	0
2026.06.26	11:30:00	184.242	184.292	184.192	184.290	1672	0	0
2026.06.26	11:45:00	184.290	184.340	184.231	184.233	1884	0	0
2026.06.26	12:00:00	184.233	184.234	184.122	184.144	1685	0	0
2026.06.26	12:15:00	184.144	184.276	184.138	184.269	1551	0	0
2026.06.26	12:30:00	184.269	184.314	184.251	184.291	1088	0	0
2026.06.26	12:45:00	184.291	184.373	184.284	184.343	1738	0	0
2026.06.26	13:00:00	184.343	184.356	184.281	184.297	1355	0	0
2026.06.26	13:15:00	184.297	184.334	184.258	184.285	1343	0	0
2026.06.26	13:30:00	184.285	184.333	184.270	184.286	1399	0	0
2026.06.26	13:45:00	184.286	184.334	184.272	184.323	1220	0	0
2026.06.26	14:00:00	184.323	184.354	184.274	184.292	1272	0	0
2026.06.26	14:15:00	184.293	184.347	184.261	184.341	1480	0	0
2026.06.26	14:30:00	184.341	184.345	184.247	184.265	1324	0	0
2026.06.26	14:45:00	184.265	184.289	184.210	184.271	1781	0	0
2026.06.26	15:00:00	184.271	184.321	184.255	184.306	1510	0	0
2026.06.26	15:15:00	184.307	184.402	184.297	184.378	1503	0	0
2026.06.26	15:30:00	184.378	184.488	184.344	184.463	1543	0	0
2026.06.26	15:45:00	184.463	184.830	184.437	184.729	2627	0	0
2026.06.26	16:00:00	184.729	184.775	184.589	184.619	3299	0	0
2026.06.26	16:15:00	184.619	184.677	184.548	184.636	2469	0	0
2026.06.26	16:30:00	184.636	184.673	184.610	184.634	2374	0	0
2026.06.26	16:45:00	184.634	184.667	184.557	184.664	2114	0	0
2026.06.26	17:00:00	184.664	184.705	184.566	184.607	2079	0	0
2026.06.26	17:15:00	184.607	184.644	184.524	184.528	1964	0	0
2026.06.26	17:30:00	184.528	184.545	184.453	184.494	1560	0	0
2026.06.26	17:45:00	184.494	184.545	184.260	184.276	3452	0	0
2026.06.26	18:00:00	184.276	184.350	184.253	184.336	2324	0	0
2026.06.26	18:15:00	184.336	184.379	184.321	184.367	1476	0	0
2026.06.26	18:30:00	184.367	184.389	184.330	184.368	1351	0	0
2026.06.26	18:45:00	184.368	184.398	184.290	184.354	2190	0	0
2026.06.26	19:00:00	184.354	184.356	184.295	184.326	1359	0	0
2026.06.26	19:15:00	184.326	184.329	184.231	184.238	1326	0	0
2026.06.26	19:30:00	184.238	184.272	184.142	184.205	1638	0	0
2026.06.26	19:45:00	184.205	184.257	184.204	184.236	855	0	0
2026.06.26	20:00:00	184.236	184.270	184.224	184.255	757	0	0
2026.06.26	20:15:00	184.255	184.259	184.205	184.207	831	0	0
2026.06.26	20:30:00	184.207	184.220	184.160	184.212	1117	0	0
2026.06.26	20:45:00	184.212	184.228	184.190	184.201	727	0	0
2026.06.26	21:00:00	184.201	184.252	184.189	184.244	799	0	0
2026.06.26	21:15:00	184.243	184.251	184.193	184.212	815	0	0
2026.06.26	21:30:00	184.211	184.224	184.204	184.209	453	0	0
2026.06.26	21:45:00	184.209	184.209	184.151	184.153	727	0	0
2026.06.26	22:00:00	184.153	184.162	184.138	184.148	727	0	0
2026.06.26	22:15:00	184.148	184.148	184.074	184.091	828	0	0
2026.06.26	22:30:00	184.091	184.124	184.080	184.112	696	0	0
2026.06.26	22:45:00	184.112	184.215	184.104	184.190	998	0	0
2026.06.26	23:00:00	184.190	184.228	184.162	184.211	816	0	0
2026.06.26	23:15:00	184.211	184.259	184.211	184.223	502	0	0
2026.06.26	23:30:00	184.223	184.243	184.143	184.178	967	0	0
2026.06.26	23:45:00	184.178	184.188	184.075	184.138	1270	0	0
2026.06.29	00:00:00	184.121	184.209	184.056	184.087	266	0	48
2026.06.29	00:15:00	184.087	184.136	184.077	184.135	117	0	51
2026.06.29	00:30:00	184.145	184.259	184.052	184.071	1030	0	27
2026.06.29	00:45:00	184.067	184.177	184.066	184.159	238	0	33
2026.06.29	01:00:00	184.159	184.235	184.144	184.156	956	0	0
2026.06.29	01:15:00	184.156	184.183	184.145	184.171	528	0	0
2026.06.29	01:30:00	184.171	184.220	184.168	184.209	533	0	0
2026.06.29	01:45:00	184.209	184.229	184.197	184.206	443	0	0
2026.06.29	02:00:00	184.206	184.231	184.188	184.218	646	0	0
2026.06.29	02:15:00	184.218	184.219	184.200	184.202	315	0	0
2026.06.29	02:30:00	184.202	184.203	184.159	184.187	462	0	0
2026.06.29	02:45:00	184.187	184.233	184.175	184.205	667	0	0
2026.06.29	03:00:00	184.205	184.206	184.137	184.163	1929	0	0
2026.06.29	03:15:00	184.163	184.198	184.125	184.169	1499	0	0
2026.06.29	03:30:00	184.169	184.203	184.150	184.186	1252	0	0
2026.06.29	03:45:00	184.186	184.224	184.153	184.206	1838	0	0
2026.06.29	04:00:00	184.206	184.225	184.163	184.183	1531	0	0
2026.06.29	04:15:00	184.183	184.244	184.164	184.233	1415	0	0
2026.06.29	04:30:00	184.233	184.263	184.209	184.252	1295	0	0
2026.06.29	04:45:00	184.252	184.257	184.180	184.202	1254	0	0
2026.06.29	05:00:00	184.202	184.213	184.162	184.192	1379	0	0
2026.06.29	05:15:00	184.192	184.294	184.183	184.291	1246	0	0
2026.06.29	05:30:00	184.291	184.291	184.239	184.249	1455	0	0
2026.06.29	05:45:00	184.249	184.259	184.228	184.237	892	0	0
2026.06.29	06:00:00	184.237	184.270	184.234	184.258	714	0	0
2026.06.29	06:15:00	184.258	184.259	184.217	184.235	565	0	0
2026.06.29	06:30:00	184.235	184.269	184.220	184.224	837	0	0
2026.06.29	06:45:00	184.224	184.225	184.174	184.177	790	0	0
2026.06.29	07:00:00	184.177	184.191	184.161	184.162	855	0	0
2026.06.29	07:15:00	184.162	184.199	184.145	184.197	669	0	0
2026.06.29	07:30:00	184.197	184.221	184.184	184.198	713	0	0
2026.06.29	07:45:00	184.198	184.198	184.155	184.184	904	0	0
2026.06.29	08:00:00	184.187	184.237	184.185	184.231	911	0	0
2026.06.29	08:15:00	184.231	184.247	184.201	184.242	555	0	0
2026.06.29	08:30:00	184.242	184.320	184.240	184.301	557	0	0
2026.06.29	08:45:00	184.301	184.369	184.298	184.364	946	0	0
2026.06.29	09:00:00	184.364	184.400	184.330	184.390	1039	0	0
2026.06.29	09:15:00	184.390	184.469	184.372	184.460	1128	0	0
2026.06.29	09:30:00	184.460	184.525	184.446	184.471	1486	0	0
2026.06.29	09:45:00	184.470	184.675	184.466	184.641	1776	0	0
2026.06.29	10:00:00	184.641	184.661	184.545	184.561	1784	0	0
2026.06.29	10:15:00	184.561	184.605	184.548	184.572	1221	0	0
2026.06.29	10:30:00	184.572	184.624	184.557	184.565	983	0	0
2026.06.29	10:45:00	184.565	184.586	184.484	184.521	1491	0	0
2026.06.29	11:00:00	184.521	184.578	184.491	184.493	1391	0	0
2026.06.29	11:15:00	184.493	184.532	184.461	184.529	1287	0	0
2026.06.29	11:30:00	184.529	184.584	184.480	184.496	1308	0	0
2026.06.29	11:45:00	184.496	184.497	184.384	184.447	1377	0	0
2026.06.29	12:00:00	184.448	184.516	184.418	184.493	1248	0	0
2026.06.29	12:15:00	184.493	184.578	184.490	184.538	1104	0	0
2026.06.29	12:30:00	184.538	184.581	184.511	184.538	1335	0	0
2026.06.29	12:45:00	184.538	184.611	184.514	184.602	1325	0	0
2026.06.29	13:00:00	184.602	184.635	184.578	184.579	990	0	0
2026.06.29	13:15:00	184.579	184.596	184.547	184.570	840	0	0
2026.06.29	13:30:00	184.570	184.584	184.534	184.558	715	0	0
2026.06.29	13:45:00	184.558	184.605	184.535	184.592	1202	0	0
2026.06.29	14:00:00	184.592	184.629	184.582	184.609	1131	0	0
2026.06.29	14:15:00	184.609	184.620	184.535	184.541	891	0	0
2026.06.29	14:30:00	184.541	184.576	184.486	184.499	1446	0	0
2026.06.29	14:45:00	184.499	184.668	184.495	184.640	1504	0	0
2026.06.29	15:00:00	184.640	184.644	184.596	184.619	1219	0	0
2026.06.29	15:15:00	184.619	184.632	184.559	184.600	1383	0	0
2026.06.29	15:30:00	184.600	184.652	184.575	184.624	1435	0	0
2026.06.29	15:45:00	184.624	184.629	184.566	184.602	1443	0	0
2026.06.29	16:00:00	184.602	184.644	184.596	184.619	1137	0	0
2026.06.29	16:15:00	184.619	184.680	184.582	184.673	1404	0	0
2026.06.29	16:30:00	184.673	184.709	184.634	184.686	1850	0	0
2026.06.29	16:45:00	184.686	184.799	184.665	184.793	2145	0	0
2026.06.29	17:00:00	184.793	184.804	184.659	184.736	2862	0	0
2026.06.29	17:15:00	184.736	184.881	184.668	184.837	3118	0	0
2026.06.29	17:30:00	184.837	184.931	184.807	184.826	1937	0	0
2026.06.29	17:45:00	184.826	184.978	184.785	184.953	2566	0	0
2026.06.29	18:00:00	184.953	184.962	184.870	184.910	1875	0	0
2026.06.29	18:15:00	184.910	184.992	184.910	184.970	1512	0	0
2026.06.29	18:30:00	184.970	185.001	184.925	184.943	1606	0	0
2026.06.29	18:45:00	184.943	185.010	184.939	184.988	1468	0	0
2026.06.29	19:00:00	184.988	185.042	184.982	184.994	1315	0	0
2026.06.29	19:15:00	184.994	185.025	184.985	184.992	807	0	0
2026.06.29	19:30:00	184.992	185.037	184.989	185.032	844	0	0
2026.06.29	19:45:00	185.032	185.089	185.022	185.034	1073	0	0
2026.06.29	20:00:00	185.034	185.050	185.012	185.046	863	0	0
2026.06.29	20:15:00	185.046	185.048	184.969	184.988	944	0	0
2026.06.29	20:30:00	184.988	185.026	184.972	185.013	836	0	0
2026.06.29	20:45:00	185.013	185.063	184.988	185.040	937	0	0
2026.06.29	21:00:00	185.040	185.077	185.034	185.077	858	0	0
2026.06.29	21:15:00	185.077	185.077	185.045	185.064	616	0	0
2026.06.29	21:30:00	185.064	185.079	185.052	185.074	475	0	0
2026.06.29	21:45:00	185.074	185.098	185.050	185.062	1128	0	0
2026.06.29	22:00:00	185.062	185.065	185.005	185.007	661	0	0
2026.06.29	22:15:00	185.007	185.035	185.007	185.025	472	0	0
2026.06.29	22:30:00	185.025	185.031	184.997	185.017	539	0	0
2026.06.29	22:45:00	185.017	185.039	185.006	185.029	674	0	0
2026.06.29	23:00:00	185.029	185.053	185.019	185.030	671	0	0
2026.06.29	23:15:00	185.030	185.046	185.025	185.038	297	0	0
2026.06.29	23:30:00	185.037	185.037	184.990	185.001	370	0	0
2026.06.29	23:45:00	185.001	185.018	184.967	184.967	397	0	4
2026.06.30	00:00:00	184.967	184.967	184.880	184.946	92	0	2
2026.06.30	00:15:00	184.946	184.985	184.946	184.972	247	0	58
2026.06.30	00:30:00	184.972	184.975	184.956	184.963	333	0	63
2026.06.30	00:45:00	184.963	184.994	184.955	184.957	267	0	57
2026.06.30	01:00:00	184.956	185.022	184.948	185.001	778	0	0
2026.06.30	01:15:00	185.001	185.019	184.992	184.993	195	0	0
2026.06.30	01:30:00	184.993	185.002	184.969	184.975	294	0	0
2026.06.30	01:45:00	184.975	185.002	184.973	184.991	262	0	0
2026.06.30	02:00:00	184.991	184.995	184.974	184.983	237	0	0
2026.06.30	02:15:00	184.983	184.992	184.960	184.964	217	0	0
2026.06.30	02:30:00	184.963	184.974	184.929	184.933	329	0	1
2026.06.30	02:45:00	184.933	184.941	184.903	184.904	402	0	0
2026.06.30	03:00:00	184.904	184.943	184.879	184.903	1674	0	0
2026.06.30	03:15:00	184.903	184.903	184.850	184.864	1172	0	0
2026.06.30	03:30:00	184.864	184.913	184.850	184.868	1287	0	0
2026.06.30	03:45:00	184.868	185.363	184.867	185.099	4301	0	0
2026.06.30	04:00:00	185.099	185.175	185.054	185.089	2798	0	0
2026.06.30	04:15:00	185.089	185.089	184.971	185.061	2658	0	0
2026.06.30	04:30:00	185.061	185.064	184.959	184.996	2084	0	0
2026.06.30	04:45:00	184.996	184.998	184.933	184.954	1641	0	0
2026.06.30	05:00:00	184.953	184.984	184.886	184.889	1520	0	0
2026.06.30	05:15:00	184.889	184.929	184.871	184.903	1385	0	0
2026.06.30	05:30:00	184.903	184.924	184.887	184.904	1031	0	0
2026.06.30	05:45:00	184.904	184.938	184.892	184.904	1528	0	0
2026.06.30	06:00:00	184.903	184.951	184.896	184.942	1000	0	0
2026.06.30	06:15:00	184.942	184.972	184.741	184.836	1971	0	0
2026.06.30	06:30:00	184.836	184.849	184.798	184.829	1564	0	0
2026.06.30	06:45:00	184.829	184.866	184.823	184.853	823	0	0
2026.06.30	07:00:00	184.853	184.874	184.832	184.855	901	0	0
2026.06.30	07:15:00	184.855	184.860	184.802	184.820	833	0	0
2026.06.30	07:30:00	184.820	184.877	184.820	184.856	912	0	0
2026.06.30	07:45:00	184.856	184.856	184.725	184.734	1542	0	0
2026.06.30	08:00:00	184.734	184.776	184.678	184.763	1464	0	0
2026.06.30	08:15:00	184.763	184.785	184.733	184.766	725	0	0
2026.06.30	08:30:00	184.766	184.813	184.761	184.801	671	0	0
2026.06.30	08:45:00	184.801	184.846	184.718	184.766	1127	0	0
2026.06.30	09:00:00	184.766	184.951	184.762	184.864	2478	0	0
2026.06.30	09:15:00	184.864	184.932	184.809	184.917	1987	0	0
2026.06.30	09:30:00	184.917	185.010	184.915	184.964	1849	0	0
2026.06.30	09:45:00	184.964	185.023	184.926	184.962	1809	0	0
2026.06.30	10:00:00	184.963	185.026	184.940	185.011	1722	0	0
2026.06.30	10:15:00	185.011	185.025	184.961	184.977	1317	0	0
2026.06.30	10:30:00	184.977	184.984	184.908	184.975	1407	0	0
2026.06.30	10:45:00	184.975	184.991	184.913	184.953	1658	0	0
2026.06.30	11:00:00	184.953	184.953	184.820	184.887	2568	0	0
2026.06.30	11:15:00	184.887	184.930	184.863	184.914	1594	0	0
2026.06.30	11:30:00	184.914	184.935	184.836	184.909	1470	0	0
2026.06.30	11:45:00	184.909	184.979	184.847	184.940	2022	0	0
2026.06.30	12:00:00	184.940	184.988	184.900	184.912	1714	0	0
2026.06.30	12:15:00	184.912	184.962	184.874	184.901	1426	0	0
2026.06.30	12:30:00	184.901	184.938	184.847	184.937	1315	0	0
2026.06.30	12:45:00	184.937	184.988	184.906	184.969	1280	0	0
2026.06.30	13:00:00	184.969	184.987	184.933	184.968	1154	0	0
2026.06.30	13:15:00	184.968	185.000	184.933	184.983	894	0	0
2026.06.30	13:30:00	184.983	185.092	184.947	185.070	1013	0	0
2026.06.30	13:45:00	185.070	185.077	185.026	185.072	1316	0	0
2026.06.30	14:00:00	185.072	185.105	185.041	185.062	1263	0	0
2026.06.30	14:15:00	185.062	185.115	185.025	185.062	1559	0	0
2026.06.30	14:30:00	185.062	185.089	184.924	185.079	1770	0	0
2026.06.30	14:45:00	185.079	185.080	185.033	185.040	1518	0	0
2026.06.30	15:00:00	185.040	185.104	185.008	185.093	1423	0	0
2026.06.30	15:15:00	185.093	185.102	185.034	185.080	1552	0	0
2026.06.30	15:30:00	185.080	185.123	184.662	185.120	3035	0	0
2026.06.30	15:45:00	185.120	185.169	185.066	185.077	1859	0	0
2026.06.30	16:00:00	185.077	185.136	185.048	185.105	1565	0	0
2026.06.30	16:15:00	185.105	185.178	185.084	185.092	1692	0	0
2026.06.30	16:30:00	185.092	185.150	185.089	185.147	1667	0	0
2026.06.30	16:45:00	185.147	185.203	185.115	185.164	1895	0	0
2026.06.30	17:00:00	185.164	185.306	185.067	185.303	2849	0	0
2026.06.30	17:15:00	185.303	185.405	185.291	185.358	2573	0	0
2026.06.30	17:30:00	185.358	185.466	185.311	185.458	2672	0	0
2026.06.30	17:45:00	185.458	185.836	185.439	185.803	4695	0	0
2026.06.30	18:00:00	185.803	185.864	185.658	185.685	3495	0	0
2026.06.30	18:15:00	185.685	185.725	185.651	185.652	1984	0	0
2026.06.30	18:30:00	185.652	185.733	185.644	185.725	2133	0	0
2026.06.30	18:45:00	185.725	185.747	185.615	185.657	1645	0	0
2026.06.30	19:00:00	185.657	185.681	185.631	185.676	1242	0	0
2026.06.30	19:15:00	185.676	185.691	185.620	185.635	1077	0	0
2026.06.30	19:30:00	185.635	185.654	185.598	185.646	1191	0	0
2026.06.30	19:45:00	185.647	185.669	185.620	185.646	935	0	0
2026.06.30	20:00:00	185.646	185.693	185.633	185.635	984	0	0
2026.06.30	20:15:00	185.635	185.670	185.633	185.656	868	0	0
2026.06.30	20:30:00	185.656	185.673	185.645	185.672	738	0	0
2026.06.30	20:45:00	185.672	185.699	185.662	185.697	777	0	0
2026.06.30	21:00:00	185.697	185.797	185.696	185.791	1121	0	0
2026.06.30	21:15:00	185.790	185.793	185.755	185.772	708	0	0
2026.06.30	21:30:00	185.770	185.781	185.704	185.719	739	0	0
2026.06.30	21:45:00	185.719	185.753	185.679	185.717	1026	0	0
2026.06.30	22:00:00	185.717	185.719	185.672	185.693	1093	0	0
2026.06.30	22:15:00	185.693	185.705	185.651	185.656	956	0	0
2026.06.30	22:30:00	185.656	185.682	185.651	185.670	1074	0	0
2026.06.30	22:45:00	185.670	185.792	185.664	185.774	1272	0	0
2026.06.30	23:00:00	185.774	185.788	185.744	185.752	1268	0	0
2026.06.30	23:15:00	185.752	185.757	185.717	185.739	663	0	0
2026.06.30	23:30:00	185.739	185.746	185.714	185.715	726	0	0
2026.06.30	23:45:00	185.715	185.718	185.664	185.664	846	0	1
2026.07.01	00:00:00	185.664	185.720	185.622	185.720	94	0	31
2026.07.01	00:15:00	185.720	185.723	185.648	185.703	100	0	48
2026.07.01	00:30:00	185.703	185.703	185.639	185.640	326	0	61
2026.07.01	00:45:00	185.640	185.706	185.640	185.683	474	0	26
2026.07.01	01:00:00	185.683	185.743	185.677	185.730	483	0	0
2026.07.01	01:15:00	185.730	185.740	185.718	185.729	294	0	0
2026.07.01	01:30:00	185.729	185.741	185.717	185.720	151	0	0
2026.07.01	01:45:00	185.720	185.720	185.688	185.692	249	0	0
2026.07.01	02:00:00	185.692	185.693	185.660	185.660	292	0	0
2026.07.01	02:15:00	185.660	185.660	185.597	185.608	452	0	0
2026.07.01	02:30:00	185.607	185.623	185.588	185.590	454	0	0
2026.07.01	02:45:00	185.590	185.624	185.588	185.615	636	0	0
2026.07.01	03:00:00	185.615	185.674	185.615	185.668	923	0	0
2026.07.01	03:15:00	185.668	185.669	185.612	185.620	1395	0	0
2026.07.01	03:30:00	185.620	185.694	185.618	185.668	1153	0	0
2026.07.01	03:45:00	185.668	185.713	185.593	185.618	2183	0	0
2026.07.01	04:00:00	185.618	185.629	185.518	185.596	1965	0	0
2026.07.01	04:15:00	185.596	185.612	185.526	185.555	1802	0	0
2026.07.01	04:30:00	185.555	185.559	185.449	185.500	1541	0	0
2026.07.01	04:45:00	185.500	185.532	185.460	185.529	1304	0	0
2026.07.01	05:00:00	185.529	185.556	185.524	185.551	1050	0	0
2026.07.01	05:15:00	185.551	185.573	185.527	185.533	1009	0	0
2026.07.01	05:30:00	185.533	185.606	185.531	185.606	1140	0	0
2026.07.01	05:45:00	185.606	185.681	185.603	185.624	1244	0	0
2026.07.01	06:00:00	185.624	185.682	185.616	185.671	1075	0	0
2026.07.01	06:15:00	185.671	185.704	185.654	185.681	973	0	0
2026.07.01	06:30:00	185.681	185.704	185.652	185.664	1223	0	0
2026.07.01	06:45:00	185.664	185.684	185.635	185.657	883	0	0
2026.07.01	07:00:00	185.657	185.663	185.639	185.653	908	0	0
2026.07.01	07:15:00	185.653	185.657	185.620	185.656	963	0	0
2026.07.01	07:30:00	185.657	185.659	185.453	185.605	2463	0	0
2026.07.01	07:45:00	185.605	185.651	185.604	185.648	1060	0	0
2026.07.01	08:00:00	185.648	185.698	185.643	185.647	702	0	0
2026.07.01	08:15:00	185.647	185.684	185.626	185.676	655	0	0
2026.07.01	08:30:00	185.676	185.691	185.616	185.639	837	0	0
2026.07.01	08:45:00	185.639	185.644	185.530	185.584	958	0	0
2026.07.01	09:00:00	185.584	185.664	185.560	185.565	1535	0	0
2026.07.01	09:15:00	185.565	185.587	185.527	185.529	1104	0	0
2026.07.01	09:30:00	185.529	185.577	185.482	185.499	1122	0	0
2026.07.01	09:45:00	185.501	185.531	185.472	185.502	1181	0	0
2026.07.01	10:00:00	185.502	185.517	185.327	185.352	1987	0	0
2026.07.01	10:15:00	185.352	185.424	185.342	185.369	1220	0	0
2026.07.01	10:30:00	185.369	185.422	185.353	185.409	1373	0	0
2026.07.01	10:45:00	185.409	185.508	185.379	185.479	1264	0	0
2026.07.01	11:00:00	185.479	185.513	185.452	185.463	1238	0	0
2026.07.01	11:15:00	185.463	185.502	185.353	185.358	1256	0	0
2026.07.01	11:30:00	185.358	185.415	185.323	185.407	1273	0	0
2026.07.01	11:45:00	185.407	185.445	185.357	185.381	1230	0	0
2026.07.01	12:00:00	185.381	185.439	185.351	185.418	1652	0	0
2026.07.01	12:15:00	185.418	185.418	185.315	185.320	1445	0	0
2026.07.01	12:30:00	185.320	185.323	185.256	185.290	1381	0	0
2026.07.01	12:45:00	185.290	185.334	185.254	185.321	1106	0	0
2026.07.01	13:00:00	185.321	185.333	185.287	185.299	1026	0	0
2026.07.01	13:15:00	185.299	185.378	185.299	185.378	914	0	0
2026.07.01	13:30:00	185.378	185.431	185.370	185.410	890	0	0
2026.07.01	13:45:00	185.410	185.463	185.408	185.433	779	0	0
2026.07.01	14:00:00	185.433	185.446	185.360	185.382	1115	0	0
2026.07.01	14:15:00	185.382	185.408	185.367	185.393	985	0	0
2026.07.01	14:30:00	185.393	185.413	185.375	185.394	1095	0	0
2026.07.01	14:45:00	185.394	185.396	185.233	185.241	1555	0	0
2026.07.01	15:00:00	185.241	185.284	185.170	185.196	1832	0	0
2026.07.01	15:15:00	185.196	185.264	185.160	185.166	1646	0	0
2026.07.01	15:30:00	185.166	185.199	185.019	185.096	2417	0	0
2026.07.01	15:45:00	185.096	185.116	185.002	185.010	1870	0	0
2026.07.01	16:00:00	185.009	185.074	184.883	184.887	3094	0	0
2026.07.01	16:15:00	184.887	185.123	184.885	185.096	3997	0	0
2026.07.01	16:30:00	185.096	185.222	185.056	185.212	4538	0	0
2026.07.01	16:45:00	185.212	185.224	185.059	185.074	3815	0	0
2026.07.01	17:00:00	185.074	185.159	185.044	185.115	3032	0	0
2026.07.01	17:15:00	185.115	185.116	184.973	185.054	2877	0	0
2026.07.01	17:30:00	185.055	185.085	184.990	185.009	2682	0	0
2026.07.01	17:45:00	185.009	185.096	184.939	185.057	3366	0	0
2026.07.01	18:00:00	185.057	185.065	184.940	184.949	2837	0	0
2026.07.01	18:15:00	184.949	185.036	184.904	185.029	1952	0	0
2026.07.01	18:30:00	185.028	185.045	184.870	184.884	2283	0	0
2026.07.01	18:45:00	184.884	184.946	184.867	184.889	1702	0	0
2026.07.01	19:00:00	184.889	184.994	184.887	184.932	1804	0	0
2026.07.01	19:15:00	184.932	184.939	184.881	184.895	1734	0	0
2026.07.01	19:30:00	184.895	184.908	184.859	184.892	1166	0	0
2026.07.01	19:45:00	184.892	184.931	184.853	184.914	1356	0	0
2026.07.01	20:00:00	184.914	184.958	184.883	184.908	1183	0	0
2026.07.01	20:15:00	184.908	185.001	184.894	184.986	1127	0	0
2026.07.01	20:30:00	184.988	185.013	184.954	184.955	1188	0	0
2026.07.01	20:45:00	184.955	184.986	184.944	184.978	876	0	0
2026.07.01	21:00:00	184.978	184.995	184.940	184.953	984	0	0
2026.07.01	21:15:00	184.953	184.966	184.928	184.964	999	0	0
2026.07.01	21:30:00	184.963	184.969	184.941	184.968	1128	0	0
2026.07.01	21:45:00	184.968	184.969	184.922	184.948	977	0	0
2026.07.01	22:00:00	184.949	184.972	184.942	184.946	815	0	0
2026.07.01	22:15:00	184.946	184.965	184.929	184.942	743	0	0
2026.07.01	22:30:00	184.942	184.957	184.931	184.954	557	0	0
2026.07.01	22:45:00	184.954	184.994	184.951	184.987	1026	0	0
2026.07.01	23:00:00	184.986	184.996	184.953	184.971	1194	0	0
2026.07.01	23:15:00	184.971	184.994	184.958	184.982	562	0	0
2026.07.01	23:30:00	184.982	184.991	184.954	184.958	454	0	0
2026.07.01	23:45:00	184.958	185.016	184.955	184.975	584	0	4
2026.07.02	00:00:00	184.975	184.975	184.913	184.950	57	0	24
2026.07.02	00:15:00	184.950	184.951	184.920	184.936	80	0	61
2026.07.02	00:30:00	184.936	184.948	184.933	184.935	166	0	65
2026.07.02	00:45:00	184.935	184.942	184.927	184.928	146	0	65
2026.07.02	01:00:00	184.928	184.975	184.926	184.959	507	0	0
2026.07.02	01:15:00	184.959	184.976	184.957	184.973	120	0	2
2026.07.02	01:30:00	184.973	184.975	184.961	184.963	141	0	0
2026.07.02	01:45:00	184.963	184.964	184.950	184.953	85	0	0
2026.07.02	02:00:00	184.953	184.958	184.940	184.957	181	0	0
2026.07.02	02:15:00	184.957	184.981	184.948	184.976	267	0	0
2026.07.02	02:30:00	184.976	184.992	184.956	184.982	339	0	0
2026.07.02	02:45:00	184.982	184.982	184.909	184.942	686	0	0
2026.07.02	03:00:00	184.942	184.971	184.903	184.953	1852	0	0
2026.07.02	03:15:00	184.953	184.982	184.917	184.964	1265	0	0
2026.07.02	03:30:00	184.964	184.974	184.906	184.963	1382	0	0
2026.07.02	03:45:00	184.963	185.014	184.929	184.942	1975	0	0
2026.07.02	04:00:00	184.942	184.982	184.925	184.981	1605	0	0
2026.07.02	04:15:00	184.981	185.007	184.972	184.986	1119	0	0
2026.07.02	04:30:00	184.986	185.020	184.963	185.000	1099	0	0
2026.07.02	04:45:00	185.000	185.030	184.974	184.990	1098	0	0
2026.07.02	05:00:00	184.990	185.064	184.989	185.062	1099	0	0
2026.07.02	05:15:00	185.062	185.088	185.024	185.037	1046	0	0
2026.07.02	05:30:00	185.037	185.037	185.003	185.017	984	0	0
2026.07.02	05:45:00	185.017	185.017	184.970	184.988	853	0	0
2026.07.02	06:00:00	184.988	185.014	184.956	184.963	768	0	0
2026.07.02	06:15:00	184.963	184.968	184.920	184.954	563	0	0
2026.07.02	06:30:00	184.954	184.974	184.940	184.965	618	0	0
2026.07.02	06:45:00	184.965	184.966	184.878	184.918	994	0	0
2026.07.02	07:00:00	184.918	184.933	184.876	184.924	2032	0	0
2026.07.02	07:15:00	184.924	184.943	184.909	184.938	853	0	0
2026.07.02	07:30:00	184.938	184.952	184.921	184.925	932	0	0
2026.07.02	07:45:00	184.925	184.963	184.916	184.959	865	0	0
2026.07.02	08:00:00	184.959	184.966	184.907	184.919	911	0	0
2026.07.02	08:15:00	184.919	184.933	184.873	184.883	694	0	0
2026.07.02	08:30:00	184.883	184.890	184.838	184.861	915	0	0
2026.07.02	08:45:00	184.861	184.871	184.794	184.830	866	0	0
2026.07.02	09:00:00	184.830	184.837	184.690	184.769	2414	0	0
2026.07.02	09:15:00	184.769	184.800	184.707	184.765	1702	0	0
2026.07.02	09:30:00	184.765	184.783	184.693	184.774	1385	0	0
2026.07.02	09:45:00	184.774	184.781	183.755	184.394	6322	0	0
2026.07.02	10:00:00	184.394	184.508	184.135	184.225	3922	0	0
2026.07.02	10:15:00	184.225	184.439	184.207	184.328	3082	0	0
2026.07.02	10:30:00	184.328	184.347	184.115	184.189	3605	0	0
2026.07.02	10:45:00	184.189	184.270	184.092	184.160	3843	0	0
2026.07.02	11:00:00	184.160	184.212	184.009	184.039	4423	0	0
2026.07.02	11:15:00	184.039	184.177	184.017	184.039	3946	0	0
2026.07.02	11:30:00	184.039	184.071	183.892	184.037	3781	0	0
2026.07.02	11:45:00	184.037	184.095	183.766	183.893	3661	0	0
2026.07.02	12:00:00	183.893	184.132	183.878	184.111	3040	0	0
2026.07.02	12:15:00	184.112	184.146	183.973	183.976	2255	0	0
2026.07.02	12:30:00	183.975	184.006	183.879	183.998	2130	0	0
2026.07.02	12:45:00	183.998	184.027	183.899	183.927	2725	0	0
2026.07.02	13:00:00	183.927	184.024	183.922	184.005	2229	0	0
2026.07.02	13:15:00	184.005	184.212	183.996	184.189	1997	0	0
2026.07.02	13:30:00	184.189	184.189	184.101	184.147	1548	0	0
2026.07.02	13:45:00	184.147	184.199	184.091	184.120	1476	0	0
2026.07.02	14:00:00	184.120	184.172	184.071	184.134	1871	0	0
2026.07.02	14:15:00	184.134	184.178	184.109	184.167	1389	0	0
2026.07.02	14:30:00	184.167	184.207	184.160	184.197	1109	0	0
2026.07.02	14:45:00	184.197	184.200	184.103	184.148	1337	0	0
2026.07.02	15:00:00	184.148	184.239	184.137	184.193	2168	0	0
2026.07.02	15:15:00	184.193	184.229	184.099	184.136	2458	0	0
2026.07.02	15:30:00	184.136	184.410	183.939	184.408	8050	0	0
2026.07.02	15:45:00	184.407	184.426	184.271	184.399	5676	0	0
2026.07.02	16:00:00	184.399	184.443	184.305	184.368	4326	0	0
2026.07.02	16:15:00	184.368	184.384	184.309	184.331	3021	0	0
2026.07.02	16:30:00	184.331	184.352	184.247	184.275	3411	0	0
2026.07.02	16:45:00	184.275	184.317	184.188	184.194	2892	0	0
2026.07.02	17:00:00	184.194	184.318	184.166	184.290	2899	0	0
2026.07.02	17:15:00	184.290	184.346	184.264	184.283	2605	0	0
2026.07.02	17:30:00	184.283	184.298	184.155	184.212	2809	0	0
2026.07.02	17:45:00	184.212	184.302	184.208	184.295	2702	0	0
2026.07.02	18:00:00	184.295	184.299	184.177	184.182	2938	0	0
2026.07.02	18:15:00	184.182	184.186	184.073	184.078	2224	0	0
2026.07.02	18:30:00	184.079	184.117	184.040	184.092	2289	0	0
2026.07.02	18:45:00	184.092	184.213	184.090	184.200	1974	0	0
2026.07.02	19:00:00	184.200	184.225	184.149	184.169	2141	0	0
2026.07.02	19:15:00	184.169	184.218	184.136	184.204	1692	0	0
2026.07.02	19:30:00	184.204	184.236	184.166	184.200	1706	0	0
2026.07.02	19:45:00	184.201	184.211	184.116	184.129	1878	0	0
2026.07.02	20:00:00	184.130	184.154	184.098	184.132	1464	0	0
2026.07.02	20:15:00	184.132	184.184	184.124	184.175	1027	0	0
2026.07.02	20:30:00	184.175	184.182	184.126	184.130	1195	0	0
2026.07.02	20:45:00	184.130	184.159	184.108	184.116	1468	0	0
2026.07.02	21:00:00	184.116	184.167	184.103	184.137	1037	0	0
2026.07.02	21:15:00	184.137	184.166	184.112	184.160	1198	0	0
2026.07.02	21:30:00	184.160	184.181	184.134	184.142	968	0	0
2026.07.02	21:45:00	184.142	184.150	184.122	184.129	811	0	0
2026.07.02	22:00:00	184.129	184.161	184.124	184.132	966	0	0
2026.07.02	22:15:00	184.132	184.161	184.119	184.153	705	0	0
2026.07.02	22:30:00	184.153	184.197	184.148	184.190	807	0	0
2026.07.02	22:45:00	184.190	184.195	184.153	184.182	952	0	0
2026.07.02	23:00:00	184.182	184.192	184.167	184.168	706	0	0
2026.07.02	23:15:00	184.168	184.205	184.168	184.186	319	0	0
2026.07.02	23:30:00	184.186	184.202	184.175	184.200	271	0	0
2026.07.02	23:45:00	184.199	184.241	184.174	184.174	626	0	0
2026.07.03	00:00:00	184.174	184.184	184.105	184.163	49	0	0
2026.07.03	00:15:00	184.163	184.195	184.099	184.192	106	0	24
2026.07.03	00:30:00	184.192	184.215	184.155	184.194	127	0	28
2026.07.03	00:45:00	184.194	184.194	184.158	184.171	67	0	66
2026.07.03	01:00:00	184.161	184.231	184.156	184.208	262	0	0
2026.07.03	01:15:00	184.208	184.222	184.199	184.212	407	0	0
2026.07.03	01:30:00	184.212	184.307	184.206	184.293	719	0	0
2026.07.03	01:45:00	184.293	184.332	184.283	184.299	516	0	0
2026.07.03	02:00:00	184.299	184.309	184.276	184.280	645	0	0
2026.07.03	02:15:00	184.280	184.318	184.280	184.318	450	0	0
2026.07.03	02:30:00	184.318	184.358	184.305	184.355	778	0	0
2026.07.03	02:45:00	184.355	184.431	184.338	184.421	1051	0	0
2026.07.03	03:00:00	184.421	184.477	184.352	184.460	2086	0	0
2026.07.03	03:15:00	184.460	184.467	184.399	184.402	1463	0	0
2026.07.03	03:30:00	184.401	184.403	184.340	184.346	1305	0	0
2026.07.03	03:45:00	184.346	184.393	184.239	184.249	2443	0	0
2026.07.03	04:00:00	184.249	184.360	184.236	184.239	2459	0	0
2026.07.03	04:15:00	184.240	184.297	184.144	184.288	2640	0	0
2026.07.03	04:30:00	184.288	184.386	184.262	184.368	2002	0	0
2026.07.03	04:45:00	184.369	184.429	184.360	184.408	1405	0	0
2026.07.03	05:00:00	184.408	184.412	184.342	184.383	1413	0	0
2026.07.03	05:15:00	184.383	184.433	184.365	184.422	1141	0	0
2026.07.03	05:30:00	184.422	184.482	184.391	184.437	1140	0	0
2026.07.03	05:45:00	184.437	184.442	184.368	184.377	1053	0	0
2026.07.03	06:00:00	184.377	184.402	184.352	184.390	1041	0	0
2026.07.03	06:15:00	184.390	184.398	184.376	184.391	1014	0	0
2026.07.03	06:30:00	184.391	184.413	184.378	184.405	858	0	0
2026.07.03	06:45:00	184.405	184.406	184.356	184.400	800	0	0
2026.07.03	07:00:00	184.400	184.429	184.370	184.428	642	0	0
2026.07.03	07:15:00	184.428	184.458	184.416	184.420	861	0	0
2026.07.03	07:30:00	184.420	184.478	184.415	184.473	825	0	0
2026.07.03	07:45:00	184.473	184.487	184.422	184.430	859	0	0
2026.07.03	08:00:00	184.430	184.469	184.370	184.451	1537	0	0
2026.07.03	08:15:00	184.451	184.478	184.420	184.455	874	0	0
2026.07.03	08:30:00	184.455	184.552	184.444	184.537	1031	0	0
2026.07.03	08:45:00	184.537	184.571	184.482	184.516	1208	0	0
2026.07.03	09:00:00	184.516	184.516	184.413	184.470	1611	0	0
2026.07.03	09:15:00	184.470	184.477	184.376	184.377	1519	0	0
2026.07.03	09:30:00	184.377	184.445	183.932	184.228	4099	0	0
2026.07.03	09:45:00	184.228	184.283	184.112	184.266	2424	0	0
2026.07.03	10:00:00	184.266	184.298	184.104	184.114	2235	0	0
2026.07.03	10:15:00	184.114	184.221	184.109	184.145	1785	0	0
2026.07.03	10:30:00	184.145	184.336	184.145	184.271	1807	0	0
2026.07.03	10:45:00	184.271	184.323	184.140	184.189	2055	0	0
2026.07.03	11:00:00	184.189	184.293	184.156	184.247	1590	0	0
2026.07.03	11:15:00	184.247	184.281	184.218	184.248	1204	0	0
2026.07.03	11:30:00	184.248	184.339	184.248	184.333	1327	0	0
2026.07.03	11:45:00	184.333	184.436	184.326	184.435	1169	0	0
2026.07.03	12:00:00	184.435	184.460	184.306	184.311	1294	0	0
2026.07.03	12:15:00	184.311	184.378	184.303	184.360	1157	0	0
2026.07.03	12:30:00	184.360	184.374	184.333	184.337	878	0	0
2026.07.03	12:45:00	184.337	184.366	184.304	184.344	1038	0	0
2026.07.03	13:00:00	184.344	184.450	184.341	184.433	1141	0	0
2026.07.03	13:15:00	184.433	184.434	184.400	184.405	855	0	0
2026.07.03	13:30:00	184.405	184.469	184.405	184.463	860	0	0
2026.07.03	13:45:00	184.463	184.463	184.387	184.403	795	0	0
2026.07.03	14:00:00	184.403	184.503	184.402	184.497	1126	0	0
2026.07.03	14:15:00	184.497	184.543	184.495	184.541	1186	0	0
2026.07.03	14:30:00	184.539	184.564	184.484	184.497	907	0	0
2026.07.03	14:45:00	184.497	184.525	184.442	184.489	1449	0	0
2026.07.03	15:00:00	184.489	184.529	184.459	184.510	1192	0	0
2026.07.03	15:15:00	184.510	184.513	184.453	184.460	1174	0	0
2026.07.03	15:30:00	184.460	184.494	184.443	184.461	947	0	0
2026.07.03	15:45:00	184.461	184.497	184.444	184.493	1017	0	0
2026.07.03	16:00:00	184.492	184.545	184.491	184.544	1380	0	0
2026.07.03	16:15:00	184.544	184.544	184.471	184.485	1108	0	0
2026.07.03	16:30:00	184.485	184.521	184.465	184.496	992	0	0
2026.07.03	16:45:00	184.496	184.507	184.458	184.483	997	0	0
2026.07.03	17:00:00	184.483	184.513	184.472	184.490	1337	0	0
2026.07.03	17:15:00	184.490	184.554	184.485	184.547	1263	0	0
2026.07.03	17:30:00	184.547	184.556	184.511	184.523	1009	0	0
2026.07.03	17:45:00	184.523	184.559	184.495	184.543	1150	0	0
2026.07.03	18:00:00	184.543	184.604	184.541	184.551	1512	0	0
2026.07.03	18:15:00	184.551	184.575	184.510	184.510	887	0	0
2026.07.03	18:30:00	184.510	184.556	184.501	184.510	590	0	0
2026.07.03	18:45:00	184.510	184.522	184.479	184.500	644	0	0
2026.07.03	19:00:00	184.500	184.550	184.492	184.549	643	0	0
2026.07.03	19:15:00	184.548	184.569	184.541	184.550	475	0	0
2026.07.03	19:30:00	184.550	184.578	184.544	184.557	460	0	0
2026.07.03	19:45:00	184.557	184.558	184.519	184.547	455	0	0
2026.07.03	20:00:00	184.547	184.605	184.496	184.577	2071	0	0
2026.07.03	20:15:00	184.577	184.587	184.549	184.554	1829	0	0
2026.07.03	20:30:00	184.554	184.570	184.512	184.542	1601	0	0
2026.07.03	20:45:00	184.542	184.550	184.516	184.538	1585	0	0
2026.07.03	21:00:00	184.538	184.574	184.528	184.543	1581	0	0
2026.07.03	21:15:00	184.543	184.575	184.540	184.551	1032	0	0
2026.07.03	21:30:00	184.551	184.571	184.544	184.563	1154	0	0
2026.07.03	21:45:00	184.563	184.587	184.546	184.570	818	0	0
2026.07.03	22:00:00	184.571	184.595	184.561	184.577	1273	0	0
2026.07.03	22:15:00	184.577	184.581	184.556	184.568	704	0	0
2026.07.03	22:30:00	184.568	184.583	184.556	184.578	340	0	0
2026.07.03	22:45:00	184.578	184.578	184.531	184.545	558	0	0
2026.07.03	23:00:00	184.545	184.569	184.523	184.562	619	0	0
2026.07.03	23:15:00	184.562	184.562	184.532	184.560	701	0	0
2026.07.03	23:30:00	184.557	184.575	184.494	184.544	1284	0	0
2026.07.03	23:45:00	184.544	184.597	184.417	184.417	987	0	8
2026.07.06	00:00:00	184.446	184.526	184.426	184.460	52	0	58
2026.07.06	00:15:00	184.460	184.490	184.457	184.476	83	0	60
2026.07.06	00:30:00	184.476	184.498	184.455	184.471	1107	0	46
2026.07.06	00:45:00	184.471	184.494	184.459	184.487	305	0	35
2026.07.06	01:00:00	184.487	184.646	184.462	184.584	1063	0	0
2026.07.06	01:15:00	184.584	184.602	184.574	184.584	365	0	0
2026.07.06	01:30:00	184.584	184.621	184.576	184.620	428	0	0
2026.07.06	01:45:00	184.620	184.622	184.592	184.604	339	0	0
2026.07.06	02:00:00	184.604	184.649	184.603	184.625	459	0	0
2026.07.06	02:15:00	184.625	184.672	184.615	184.659	386	0	0
2026.07.06	02:30:00	184.659	184.684	184.649	184.660	395	0	0
2026.07.06	02:45:00	184.660	184.667	184.618	184.653	772	0	0
2026.07.06	03:00:00	184.653	184.755	184.653	184.736	1328	0	0
2026.07.06	03:15:00	184.736	184.769	184.719	184.731	1411	0	0
2026.07.06	03:30:00	184.731	184.812	184.718	184.775	1307	0	0
2026.07.06	03:45:00	184.775	184.846	184.711	184.763	1842	0	0
2026.07.06	04:00:00	184.763	184.820	184.748	184.815	1286	0	0
2026.07.06	04:15:00	184.815	184.930	184.808	184.926	1516	0	0
2026.07.06	04:30:00	184.926	184.931	184.873	184.892	1128	0	0
2026.07.06	04:45:00	184.892	184.930	184.881	184.925	1037	0	0
2026.07.06	05:00:00	184.925	184.982	184.907	184.964	1020	0	0
2026.07.06	05:15:00	184.964	184.965	184.915	184.920	920	0	0
2026.07.06	05:30:00	184.920	184.956	184.915	184.928	785	0	0
2026.07.06	05:45:00	184.928	184.977	184.927	184.966	726	0	0
2026.07.06	06:00:00	184.966	184.994	184.965	184.983	672	0	0
2026.07.06	06:15:00	184.983	185.010	184.942	184.949	729	0	0
2026.07.06	06:30:00	184.949	184.952	184.922	184.952	727	0	0
2026.07.06	06:45:00	184.952	185.021	184.946	185.011	670	0	0
2026.07.06	07:00:00	185.011	185.033	184.994	185.016	698	0	0
2026.07.06	07:15:00	185.016	185.033	185.003	185.026	477	0	1
2026.07.06	07:30:00	185.026	185.129	185.020	185.124	637	0	0
2026.07.06	07:45:00	185.124	185.145	185.112	185.139	774	0	0
2026.07.06	08:00:00	185.139	185.154	185.053	185.096	941	0	0
2026.07.06	08:15:00	185.096	185.122	185.077	185.096	736	0	0
2026.07.06	08:30:00	185.096	185.147	185.093	185.098	657	0	0
2026.07.06	08:45:00	185.098	185.183	185.097	185.154	1096	0	0
2026.07.06	09:00:00	185.154	185.295	185.151	185.236	1498	0	0
2026.07.06	09:15:00	185.236	185.337	185.214	185.274	1623	0	0
2026.07.06	09:30:00	185.274	185.277	185.193	185.194	1584	0	0
2026.07.06	09:45:00	185.194	185.370	185.187	185.340	1370	0	0
2026.07.06	10:00:00	185.340	185.364	185.256	185.364	2087	0	0
2026.07.06	10:15:00	185.366	185.407	185.345	185.346	1563	0	0
2026.07.06	10:30:00	185.346	185.354	185.269	185.287	1587	0	0
2026.07.06	10:45:00	185.287	185.326	185.256	185.292	1160	0	0
2026.07.06	11:00:00	185.292	185.360	185.260	185.278	1398	0	0
2026.07.06	11:15:00	185.278	185.281	185.218	185.249	1238	0	0
2026.07.06	11:30:00	185.249	185.287	185.228	185.234	1041	0	0
2026.07.06	11:45:00	185.234	185.297	185.214	185.297	958	0	0
2026.07.06	12:00:00	185.297	185.329	185.255	185.303	1093	0	0
2026.07.06	12:15:00	185.303	185.323	185.280	185.308	787	0	0
2026.07.06	12:30:00	185.308	185.330	185.258	185.275	830	0	0
2026.07.06	12:45:00	185.275	185.289	185.232	185.271	917	0	0
2026.07.06	13:00:00	185.271	185.327	185.230	185.233	1173	0	0
2026.07.06	13:15:00	185.233	185.348	185.230	185.320	1029	0	0
2026.07.06	13:30:00	185.320	185.380	185.318	185.345	654	0	0
2026.07.06	13:45:00	185.345	185.379	185.317	185.349	899	0	0
2026.07.06	14:00:00	185.349	185.361	185.291	185.327	1009	0	0
2026.07.06	14:15:00	185.327	185.339	185.287	185.313	735	0	0
2026.07.06	14:30:00	185.313	185.340	185.275	185.280	823	0	0
2026.07.06	14:45:00	185.280	185.327	185.258	185.310	1011	0	0
2026.07.06	15:00:00	185.310	185.363	185.296	185.328	1087	0	0
2026.07.06	15:15:00	185.329	185.361	185.312	185.358	1014	0	0
2026.07.06	15:30:00	185.358	185.400	185.333	185.348	1045	0	0
2026.07.06	15:45:00	185.348	185.367	185.312	185.347	1077	0	0
2026.07.06	16:00:00	185.347	185.401	185.327	185.390	1218	0	0
2026.07.06	16:15:00	185.390	185.420	185.372	185.395	1186	0	0
2026.07.06	16:30:00	185.395	185.422	185.351	185.371	1328	0	0
2026.07.06	16:45:00	185.371	185.377	185.206	185.265	1534	0	0
2026.07.06	17:00:00	185.265	185.334	185.233	185.310	1670	0	0
2026.07.06	17:15:00	185.310	185.320	185.259	185.265	1355	0	0
2026.07.06	17:30:00	185.265	185.335	185.257	185.259	1229	0	0
2026.07.06	17:45:00	185.259	185.410	185.255	185.365	1441	0	0
2026.07.06	18:00:00	185.365	185.391	185.309	185.329	1448	0	0
2026.07.06	18:15:00	185.329	185.370	185.319	185.353	900	0	0
2026.07.06	18:30:00	185.358	185.399	185.336	185.395	911	0	0
2026.07.06	18:45:00	185.394	185.444	185.384	185.415	1117	0	0
2026.07.06	19:00:00	185.415	185.472	185.415	185.435	883	0	0
2026.07.06	19:15:00	185.435	185.481	185.424	185.446	757	0	0
2026.07.06	19:30:00	185.446	185.459	185.413	185.452	700	0	0
2026.07.06	19:45:00	185.452	185.505	185.449	185.476	784	0	0
2026.07.06	20:00:00	185.476	185.526	185.468	185.525	746	0	0
2026.07.06	20:15:00	185.525	185.532	185.470	185.490	748	0	0
2026.07.06	20:30:00	185.490	185.517	185.478	185.484	695	0	0
2026.07.06	20:45:00	185.484	185.487	185.451	185.468	626	0	0
2026.07.06	21:00:00	185.468	185.486	185.455	185.456	799	0	0
2026.07.06	21:15:00	185.456	185.477	185.429	185.475	538	0	0
2026.07.06	21:30:00	185.475	185.509	185.471	185.485	704	0	0
2026.07.06	21:45:00	185.485	185.527	185.410	185.430	1121	0	0
2026.07.06	22:00:00	185.430	185.469	185.424	185.443	761	0	0
2026.07.06	22:15:00	185.443	185.452	185.413	185.435	754	0	0
2026.07.06	22:30:00	185.435	185.448	185.387	185.443	672	0	0
2026.07.06	22:45:00	185.443	185.449	185.388	185.408	885	0	0
2026.07.06	23:00:00	185.402	185.440	185.384	185.435	614	0	0
2026.07.06	23:15:00	185.435	185.458	185.407	185.430	420	0	0
2026.07.06	23:30:00	185.430	185.455	185.420	185.438	473	0	0
2026.07.06	23:45:00	185.438	185.454	185.418	185.445	544	0	0
2026.07.07	00:00:00	185.445	185.451	185.381	185.432	176	0	35
2026.07.07	00:15:00	185.428	185.449	185.416	185.441	407	0	33
2026.07.07	00:30:00	185.442	185.483	185.421	185.431	843	0	17
2026.07.07	00:45:00	185.431	185.502	185.393	185.487	352	0	10
2026.07.07	01:00:00	185.487	185.500	185.438	185.468	666	0	0
2026.07.07	01:15:00	185.468	185.485	185.446	185.472	459	0	0
2026.07.07	01:30:00	185.472	185.490	185.463	185.476	311	0	0
2026.07.07	01:45:00	185.476	185.490	185.462	185.488	235	0	0
2026.07.07	02:00:00	185.488	185.489	185.442	185.453	476	0	0
2026.07.07	02:15:00	185.453	185.465	185.435	185.435	288	0	0
2026.07.07	02:30:00	185.435	185.475	185.424	185.472	383	0	0
2026.07.07	02:45:00	185.472	185.478	185.453	185.459	560	0	0
2026.07.07	03:00:00	185.459	185.493	185.452	185.493	1136	0	0
2026.07.07	03:15:00	185.493	185.526	185.486	185.500	864	0	0
2026.07.07	03:30:00	185.500	185.509	185.469	185.487	997	0	0
2026.07.07	03:45:00	185.487	185.529	185.447	185.457	2069	0	0
2026.07.07	04:00:00	185.456	185.479	185.439	185.469	1145	0	0
2026.07.07	04:15:00	185.469	185.470	185.336	185.347	1080	0	0
2026.07.07	04:30:00	185.347	185.349	185.087	185.294	2916	0	0
2026.07.07	04:45:00	185.294	185.299	185.164	185.244	2441	0	0
2026.07.07	05:00:00	185.244	185.262	185.174	185.228	1475	0	0
2026.07.07	05:15:00	185.228	185.265	185.208	185.254	985	0	0
2026.07.07	05:30:00	185.254	185.263	185.217	185.232	954	0	0
2026.07.07	05:45:00	185.232	185.253	185.210	185.229	918	0	0
2026.07.07	06:00:00	185.229	185.259	185.210	185.224	1022	0	0
2026.07.07	06:15:00	185.224	185.227	185.115	185.122	1358	0	0
2026.07.07	06:30:00	185.122	185.168	185.108	185.158	1054	0	0
2026.07.07	06:45:00	185.158	185.160	185.111	185.131	991	0	0
2026.07.07	07:00:00	185.131	185.162	185.097	185.101	737	0	0
2026.07.07	07:15:00	185.101	185.123	185.045	185.058	634	0	0
2026.07.07	07:30:00	185.057	185.059	184.949	184.982	1348	0	0
2026.07.07	07:45:00	184.982	185.021	184.943	185.021	1231	0	0
2026.07.07	08:00:00	185.024	185.038	184.979	184.988	1187	0	0
2026.07.07	08:15:00	184.988	185.055	184.974	185.015	1179	0	0
2026.07.07	08:30:00	185.015	185.039	184.987	184.993	1100	0	0
2026.07.07	08:45:00	184.993	185.053	184.942	185.047	978	0	0
2026.07.07	09:00:00	185.047	185.082	184.998	185.040	1154	0	0
2026.07.07	09:15:00	185.040	185.188	185.040	185.164	1180	0	0
2026.07.07	09:30:00	185.164	185.204	185.140	185.159	1057	0	0
2026.07.07	09:45:00	185.159	185.204	185.144	185.192	845	0	0
2026.07.07	10:00:00	185.192	185.229	185.123	185.135	1543	0	0
2026.07.07	10:15:00	185.135	185.142	184.812	185.070	2714	0	0
2026.07.07	10:30:00	185.070	185.119	185.038	185.103	1647	0	0
2026.07.07	10:45:00	185.103	185.108	184.960	185.046	2299	0	0
2026.07.07	11:00:00	185.046	185.064	184.994	185.022	1929	0	0
2026.07.07	11:15:00	185.022	185.131	184.989	185.124	1628	0	0
2026.07.07	11:30:00	185.123	185.153	185.048	185.048	1547	0	0
2026.07.07	11:45:00	185.049	185.095	184.994	185.019	1631	0	0
2026.07.07	12:00:00	185.020	185.039	184.924	184.972	1553	0	0
2026.07.07	12:15:00	184.972	184.999	184.951	184.994	943	0	0
2026.07.07	12:30:00	184.994	185.048	184.961	185.039	1040	0	0
2026.07.07	12:45:00	185.039	185.061	185.009	185.018	1198	0	0
2026.07.07	13:00:00	185.018	185.063	184.992	185.063	1116	0	0
2026.07.07	13:15:00	185.063	185.065	185.029	185.041	1078	0	0
2026.07.07	13:30:00	185.040	185.085	185.031	185.067	798	0	0
2026.07.07	13:45:00	185.067	185.161	185.058	185.156	777	0	0
2026.07.07	14:00:00	185.156	185.168	185.099	185.101	851	0	0
2026.07.07	14:15:00	185.101	185.184	185.072	185.172	1203	0	0
2026.07.07	14:30:00	185.172	185.196	185.136	185.148	1118	0	0
2026.07.07	14:45:00	185.147	185.156	185.041	185.112	1745	0	0
2026.07.07	15:00:00	185.112	185.140	185.051	185.081	1555	0	0
2026.07.07	15:15:00	185.081	185.136	185.026	185.124	1591	0	0
2026.07.07	15:30:00	185.104	185.118	185.049	185.093	1451	0	0
2026.07.07	15:45:00	185.093	185.126	185.060	185.088	1042	0	0
2026.07.07	16:00:00	185.088	185.106	185.033	185.087	1522	0	0
2026.07.07	16:15:00	185.087	185.134	185.072	185.116	1497	0	0
2026.07.07	16:30:00	185.116	185.183	185.108	185.146	1869	0	0
2026.07.07	16:45:00	185.146	185.209	185.120	185.148	1631	0	0
2026.07.07	17:00:00	185.148	185.187	185.052	185.062	2936	0	0
2026.07.07	17:15:00	185.062	185.098	185.043	185.083	1735	0	0
2026.07.07	17:30:00	185.083	185.141	185.072	185.095	1638	0	0
2026.07.07	17:45:00	185.095	185.182	185.086	185.118	2544	0	0
2026.07.07	18:00:00	185.118	185.152	185.051	185.054	1992	0	0
2026.07.07	18:15:00	185.054	185.056	184.991	185.023	1458	0	0
2026.07.07	18:30:00	185.023	185.035	184.955	184.956	1252	0	0
2026.07.07	18:45:00	184.956	185.011	184.947	184.952	1302	0	0
2026.07.07	19:00:00	184.952	184.986	184.916	184.922	1266	0	0
2026.07.07	19:15:00	184.922	184.935	184.877	184.890	992	0	0
2026.07.07	19:30:00	184.890	184.962	184.887	184.927	974	0	0
2026.07.07	19:45:00	184.927	184.989	184.925	184.988	946	0	0
2026.07.07	20:00:00	184.988	185.009	184.949	184.960	730	0	0
2026.07.07	20:15:00	184.960	185.000	184.952	184.994	897	0	0
2026.07.07	20:30:00	184.994	185.005	184.966	184.994	753	0	0
2026.07.07	20:45:00	184.994	185.019	184.985	185.013	782	0	0
2026.07.07	21:00:00	185.012	185.034	184.983	185.000	737	0	0
2026.07.07	21:15:00	185.000	185.026	184.985	185.005	491	0	0
2026.07.07	21:30:00	185.005	185.008	184.967	184.974	699	0	0
2026.07.07	21:45:00	184.974	184.991	184.900	184.905	2050	0	0
2026.07.07	22:00:00	184.905	184.976	184.899	184.973	1687	0	0
2026.07.07	22:15:00	184.973	185.010	184.953	184.990	1528	0	0
2026.07.07	22:30:00	184.990	185.011	184.976	185.009	1091	0	0
2026.07.07	22:45:00	185.010	185.037	184.990	185.033	1049	0	0
2026.07.07	23:00:00	185.033	185.033	185.010	185.020	623	0	0
2026.07.07	23:15:00	185.020	185.022	184.978	184.991	435	0	0
2026.07.07	23:30:00	184.991	184.993	184.971	184.981	316	0	0
2026.07.07	23:45:00	184.981	185.055	184.963	184.963	459	0	0
2026.07.08	00:00:00	184.963	185.027	184.852	184.886	108	0	0
2026.07.08	00:15:00	184.886	184.975	184.860	184.958	451	0	29
2026.07.08	00:30:00	184.958	184.961	184.873	184.925	237	0	38
2026.07.08	00:45:00	184.925	184.966	184.900	184.946	122	0	42
2026.07.08	01:00:00	184.946	185.031	184.939	184.972	540	0	0
2026.07.08	01:15:00	184.972	184.973	184.906	184.922	397	0	0
2026.07.08	01:30:00	184.922	184.965	184.919	184.950	332	0	0
2026.07.08	01:45:00	184.950	185.001	184.947	184.999	205	0	0
2026.07.08	02:00:00	184.999	185.063	184.980	185.053	571	0	0
2026.07.08	02:15:00	185.053	185.099	185.052	185.084	442	0	0
2026.07.08	02:30:00	185.084	185.116	185.054	185.110	471	0	0
2026.07.08	02:45:00	185.110	185.122	185.071	185.113	788	0	0
2026.07.08	03:00:00	185.115	185.171	185.068	185.163	2167	0	0
2026.07.08	03:15:00	185.163	185.253	185.140	185.234	2051	0	0
2026.07.08	03:30:00	185.234	185.262	185.215	185.227	1475	0	0
2026.07.08	03:45:00	185.227	185.231	185.146	185.207	2066	0	0
2026.07.08	04:00:00	185.207	185.209	185.154	185.183	1448	0	0
2026.07.08	04:15:00	185.183	185.224	185.175	185.221	1094	0	0
2026.07.08	04:30:00	185.221	185.233	185.144	185.184	1367	0	0
2026.07.08	04:45:00	185.184	185.198	185.141	185.175	1513	0	0
2026.07.08	05:00:00	185.175	185.271	185.160	185.259	1499	0	0
2026.07.08	05:15:00	185.259	185.306	185.253	185.298	1192	0	0
2026.07.08	05:30:00	185.298	185.320	185.277	185.297	778	0	0
2026.07.08	05:45:00	185.297	185.308	185.256	185.257	625	0	0
2026.07.08	06:00:00	185.257	185.297	185.238	185.288	1241	0	0
2026.07.08	06:15:00	185.288	185.297	185.266	185.278	753	0	0
2026.07.08	06:30:00	185.278	185.311	185.262	185.294	714	0	0
2026.07.08	06:45:00	185.295	185.309	185.286	185.305	603	0	0
2026.07.08	07:00:00	185.304	185.310	185.275	185.286	792	0	0
2026.07.08	07:15:00	185.286	185.340	185.286	185.336	692	0	0
2026.07.08	07:30:00	185.336	185.371	185.315	185.357	685	0	0
2026.07.08	07:45:00	185.357	185.372	185.330	185.334	820	0	0
2026.07.08	08:00:00	185.335	185.384	185.311	185.312	882	0	0
2026.07.08	08:15:00	185.312	185.324	185.279	185.279	821	0	0
2026.07.08	08:30:00	185.280	185.314	185.258	185.294	1070	0	0
2026.07.08	08:45:00	185.294	185.378	185.277	185.338	948	0	0
2026.07.08	09:00:00	185.338	185.357	185.269	185.275	1450	0	0
2026.07.08	09:15:00	185.275	185.338	185.256	185.272	1593	0	0
2026.07.08	09:30:00	185.272	185.281	185.151	185.170	2166	0	0
2026.07.08	09:45:00	185.170	185.279	185.170	185.279	1691	0	0
2026.07.08	10:00:00	185.279	185.336	185.244	185.277	1724	0	0
2026.07.08	10:15:00	185.277	185.381	185.256	185.364	1765	0	0
2026.07.08	10:30:00	185.364	185.417	185.347	185.385	1599	0	0
2026.07.08	10:45:00	185.385	185.410	185.341	185.353	1401	0	0
2026.07.08	11:00:00	185.353	185.431	185.347	185.404	1459	0	0
2026.07.08	11:15:00	185.404	185.431	185.188	185.353	4164	0	0
2026.07.08	11:30:00	185.353	185.376	185.264	185.340	2683	0	0
2026.07.08	11:45:00	185.340	185.468	185.340	185.406	2610	0	0
2026.07.08	12:00:00	185.404	185.411	185.170	185.235	3405	0	0
2026.07.08	12:15:00	185.236	185.360	185.232	185.314	2535	0	0
2026.07.08	12:30:00	185.314	185.374	185.314	185.358	1706	0	0
2026.07.08	12:45:00	185.358	185.360	185.269	185.280	1727	0	0
2026.07.08	13:00:00	185.280	185.307	185.221	185.245	1507	0	0
2026.07.08	13:15:00	185.245	185.381	185.231	185.364	1193	0	0
2026.07.08	13:30:00	185.364	185.388	185.340	185.368	1188	0	0
2026.07.08	13:45:00	185.368	185.386	185.349	185.363	1071	0	0
2026.07.08	14:00:00	185.362	185.373	185.323	185.329	1218	0	0
2026.07.08	14:15:00	185.329	185.390	185.329	185.336	875	0	0
2026.07.08	14:30:00	185.336	185.358	185.186	185.296	2206	0	0
2026.07.08	14:45:00	185.296	185.300	185.220	185.265	2111	0	0
2026.07.08	15:00:00	185.265	185.321	185.248	185.287	1725	0	0
2026.07.08	15:15:00	185.287	185.339	185.272	185.303	1703	0	0
2026.07.08	15:30:00	185.304	185.318	185.277	185.305	1227	0	0
2026.07.08	15:45:00	185.305	185.322	185.204	185.212	2037	0	0
2026.07.08	16:00:00	185.212	185.325	185.206	185.288	2000	0	0
2026.07.08	16:15:00	185.288	185.356	185.262	185.336	1663	0	0
2026.07.08	16:30:00	185.336	185.475	185.336	185.464	2173	0	0
2026.07.08	16:45:00	185.464	185.499	185.414	185.457	2031	0	0
2026.07.08	17:00:00	185.457	185.491	185.394	185.399	1939	0	0
2026.07.08	17:15:00	185.399	185.486	185.398	185.442	2041	0	0
2026.07.08	17:30:00	185.442	185.460	185.409	185.423	2118	0	0
2026.07.08	17:45:00	185.423	185.505	185.423	185.495	1948	0	0
2026.07.08	18:00:00	185.496	185.558	185.460	185.464	1844	0	0
2026.07.08	18:15:00	185.465	185.493	185.425	185.440	1943	0	0
2026.07.08	18:30:00	185.440	185.449	185.342	185.351	1826	0	0
2026.07.08	18:45:00	185.351	185.384	185.338	185.367	1441	0	0
2026.07.08	19:00:00	185.367	185.416	185.347	185.376	1380	0	0
2026.07.08	19:15:00	185.376	185.456	185.363	185.448	1090	0	0
2026.07.08	19:30:00	185.448	185.522	185.442	185.470	1712	0	0
2026.07.08	19:45:00	185.470	185.526	185.450	185.521	1152	0	0
2026.07.08	20:00:00	185.521	185.590	185.507	185.582	1386	0	0
2026.07.08	20:15:00	185.582	185.661	185.545	185.658	1221	0	0
2026.07.08	20:30:00	185.658	185.669	185.621	185.633	1010	0	0
2026.07.08	20:45:00	185.633	185.659	185.596	185.599	719	0	0
2026.07.08	21:00:00	185.599	185.678	185.578	185.665	1239	0	0
2026.07.08	21:15:00	185.665	185.676	185.634	185.634	933	0	0
2026.07.08	21:30:00	185.634	185.664	185.623	185.662	998	0	0
2026.07.08	21:45:00	185.662	185.669	185.631	185.637	867	0	0
2026.07.08	22:00:00	185.637	185.671	185.637	185.656	764	0	0
2026.07.08	22:15:00	185.656	185.666	185.642	185.653	607	0	0
2026.07.08	22:30:00	185.653	185.684	185.637	185.681	764	0	0
2026.07.08	22:45:00	185.681	185.709	185.659	185.671	1190	0	0
2026.07.08	23:00:00	185.671	185.683	185.641	185.675	756	0	0
2026.07.08	23:15:00	185.675	185.682	185.613	185.623	388	0	0
2026.07.08	23:30:00	185.624	185.648	185.614	185.634	503	0	0
2026.07.08	23:45:00	185.634	185.669	185.602	185.602	632	0	4
2026.07.09	00:00:00	185.560	185.602	185.506	185.602	87	0	66
2026.07.09	00:15:00	185.602	185.669	185.558	185.623	149	0	36
2026.07.09	00:30:00	185.623	185.623	185.552	185.582	132	0	40
2026.07.09	00:45:00	185.582	185.583	185.570	185.581	82	0	36
2026.07.09	01:00:00	185.576	185.663	185.571	185.636	364	0	0
2026.07.09	01:15:00	185.636	185.640	185.630	185.633	342	0	0
2026.07.09	01:30:00	185.633	185.645	185.628	185.639	328	0	2
2026.07.09	01:45:00	185.639	185.640	185.621	185.635	257	0	0
2026.07.09	02:00:00	185.635	185.639	185.592	185.606	339	0	0
2026.07.09	02:15:00	185.606	185.633	185.583	185.633	317	0	0
2026.07.09	02:30:00	185.633	185.654	185.625	185.652	317	0	0
2026.07.09	02:45:00	185.652	185.664	185.627	185.642	411	0	0
2026.07.09	03:00:00	185.642	185.643	185.563	185.590	1513	0	0
2026.07.09	03:15:00	185.590	185.596	185.528	185.570	1266	0	0
2026.07.09	03:30:00	185.570	185.632	185.559	185.624	1487	0	0
2026.07.09	03:45:00	185.624	185.625	185.549	185.602	1931	0	0
2026.07.09	04:00:00	185.602	185.633	185.567	185.595	1408	0	0
2026.07.09	04:15:00	185.595	185.702	185.595	185.663	1320	0	0
2026.07.09	04:30:00	185.663	185.669	185.620	185.635	1134	0	0
2026.07.09	04:45:00	185.635	185.636	185.577	185.603	960	0	0
2026.07.09	05:00:00	185.603	185.664	185.602	185.643	1042	0	0
2026.07.09	05:15:00	185.643	185.654	185.625	185.638	682	0	0
2026.07.09	05:30:00	185.638	185.658	185.605	185.632	808	0	0
2026.07.09	05:45:00	185.632	185.651	185.613	185.614	791	0	0
2026.07.09	06:00:00	185.614	185.636	185.600	185.626	757	0	1
2026.07.09	06:15:00	185.626	185.641	185.605	185.621	746	0	0
2026.07.09	06:30:00	185.621	185.661	185.619	185.637	1002	0	0
2026.07.09	06:45:00	185.637	185.637	185.616	185.630	605	0	0
2026.07.09	07:00:00	185.630	185.636	185.596	185.602	628	0	0
2026.07.09	07:15:00	185.602	185.602	185.541	185.575	633	0	0
2026.07.09	07:30:00	185.575	185.614	185.571	185.601	613	0	0
2026.07.09	07:45:00	185.601	185.611	185.584	185.605	555	0	0
2026.07.09	08:00:00	185.605	185.649	185.592	185.647	948	0	0
2026.07.09	08:15:00	185.647	185.659	185.620	185.630	846	0	0
2026.07.09	08:30:00	185.630	185.642	185.584	185.628	857	0	0
2026.07.09	08:45:00	185.628	185.649	185.602	185.603	719	0	0
2026.07.09	09:00:00	185.603	185.672	185.603	185.647	1349	0	0
2026.07.09	09:15:00	185.647	185.761	185.640	185.723	1530	0	0
2026.07.09	09:30:00	185.723	185.780	185.716	185.720	1460	0	0
2026.07.09	09:45:00	185.720	185.752	185.667	185.702	1356	0	0
2026.07.09	10:00:00	185.702	185.716	185.641	185.697	1419	0	0
2026.07.09	10:15:00	185.697	185.734	185.685	185.718	1204	0	0
2026.07.09	10:30:00	185.718	185.723	185.637	185.656	1098	0	0
2026.07.09	10:45:00	185.656	185.657	185.604	185.652	1187	0	0
2026.07.09	11:00:00	185.652	185.690	185.618	185.633	1319	0	0
2026.07.09	11:15:00	185.633	185.660	185.595	185.642	1014	0	0
2026.07.09	11:30:00	185.642	185.660	185.594	185.616	1130	0	0
2026.07.09	11:45:00	185.616	185.628	185.528	185.563	1232	0	0
2026.07.09	12:00:00	185.563	185.593	185.542	185.581	1079	0	0
2026.07.09	12:15:00	185.581	185.622	185.561	185.593	1022	0	0
2026.07.09	12:30:00	185.593	185.620	185.567	185.597	1169	0	0
2026.07.09	12:45:00	185.597	185.655	185.594	185.639	807	0	0
2026.07.09	13:00:00	185.639	185.643	185.599	185.632	887	0	0
2026.07.09	13:15:00	185.632	185.644	185.612	185.625	685	0	0
2026.07.09	13:30:00	185.625	185.666	185.611	185.616	713	0	0
2026.07.09	13:45:00	185.616	185.643	185.587	185.617	1729	0	0
2026.07.09	14:00:00	185.617	185.645	185.598	185.645	2304	0	0
2026.07.09	14:15:00	185.645	185.664	185.613	185.627	1020	0	0
2026.07.09	14:30:00	185.627	185.672	185.615	185.653	897	0	0
2026.07.09	14:45:00	185.653	185.712	185.634	185.700	1059	0	0
2026.07.09	15:00:00	185.700	185.726	185.678	185.694	1714	0	0
2026.07.09	15:15:00	185.694	185.725	185.663	185.692	1209	0	0
2026.07.09	15:30:00	185.691	185.725	185.629	185.643	1277	0	0
2026.07.09	15:45:00	185.643	185.648	185.557	185.590	1190	0	0
2026.07.09	16:00:00	185.590	185.649	185.576	185.649	1177	0	0
2026.07.09	16:15:00	185.649	185.688	185.609	185.667	1558	0	0
2026.07.09	16:30:00	185.667	185.680	185.602	185.624	1677	0	0
2026.07.09	16:45:00	185.624	185.706	185.615	185.706	1375	0	0
2026.07.09	17:00:00	185.706	185.818	185.694	185.782	2028	0	0
2026.07.09	17:15:00	185.782	185.782	185.701	185.745	1539	0	0
2026.07.09	17:30:00	185.743	185.768	185.684	185.696	1509	0	0
2026.07.09	17:45:00	185.696	185.719	185.617	185.634	2068	0	0
2026.07.09	18:00:00	185.634	185.703	185.617	185.641	1966	0	0
2026.07.09	18:15:00	185.641	185.658	185.609	185.633	1309	0	0
2026.07.09	18:30:00	185.633	185.654	185.596	185.652	1306	0	0
2026.07.09	18:45:00	185.652	185.669	185.626	185.640	1316	0	0
2026.07.09	19:00:00	185.640	185.660	185.625	185.646	911	0	0
2026.07.09	19:15:00	185.646	185.663	185.620	185.627	1080	0	0
2026.07.09	19:30:00	185.628	185.670	185.604	185.660	877	0	0
2026.07.09	19:45:00	185.660	185.670	185.620	185.638	756	0	0
2026.07.09	20:00:00	185.638	185.649	185.604	185.632	765	0	0
2026.07.09	20:15:00	185.634	185.658	185.620	185.647	688	0	0
2026.07.09	20:30:00	185.646	185.655	185.608	185.620	592	0	0
2026.07.09	20:45:00	185.620	185.633	185.601	185.617	494	0	0
2026.07.09	21:00:00	185.617	185.637	185.602	185.613	706	0	0
2026.07.09	21:15:00	185.613	185.635	185.608	185.624	752	0	0
2026.07.09	21:30:00	185.624	185.631	185.601	185.607	669	0	0
2026.07.09	21:45:00	185.607	185.624	185.595	185.607	570	0	0
2026.07.09	22:00:00	185.607	185.610	185.593	185.601	476	0	0
2026.07.09	22:15:00	185.601	185.618	185.588	185.592	456	0	0
2026.07.09	22:30:00	185.592	185.597	185.559	185.566	790	0	0
2026.07.09	22:45:00	185.566	185.594	185.565	185.573	777	0	0
2026.07.09	23:00:00	185.573	185.596	185.550	185.590	582	0	0
2026.07.09	23:15:00	185.590	185.599	185.562	185.577	413	0	0
2026.07.09	23:30:00	185.577	185.617	185.577	185.613	272	0	1
2026.07.09	23:45:00	185.613	185.615	185.593	185.601	271	0	0
2026.07.10	00:00:00	185.571	185.602	185.491	185.597	91	0	29
2026.07.10	00:15:00	185.597	185.653	185.582	185.615	123	0	49
2026.07.10	00:30:00	185.615	185.615	185.561	185.598	183	0	39
2026.07.10	00:45:00	185.598	185.604	185.573	185.573	67	0	46
2026.07.10	01:00:00	185.564	185.652	185.550	185.641	604	0	0
2026.07.10	01:15:00	185.641	185.645	185.627	185.635	269	0	0
2026.07.10	01:30:00	185.635	185.636	185.621	185.621	154	0	0
2026.07.10	01:45:00	185.621	185.631	185.619	185.629	200	0	0
2026.07.10	02:00:00	185.629	185.635	185.614	185.616	254	0	0
2026.07.10	02:15:00	185.616	185.634	185.610	185.632	265	0	0
2026.07.10	02:30:00	185.632	185.635	185.620	185.635	211	0	0
2026.07.10	02:45:00	185.635	185.648	185.626	185.636	453	0	0
2026.07.10	03:00:00	185.635	185.668	185.592	185.650	1338	0	0
2026.07.10	03:15:00	185.650	185.676	185.641	185.663	885	0	0
2026.07.10	03:30:00	185.663	185.663	185.585	185.603	1353	0	0
2026.07.10	03:45:00	185.603	185.603	185.227	185.393	5098	0	0
2026.07.10	04:00:00	185.393	185.416	185.169	185.177	3728	0	0
2026.07.10	04:15:00	185.177	185.256	185.020	185.251	3673	0	0
2026.07.10	04:30:00	185.251	185.252	185.119	185.221	3153	0	0
2026.07.10	04:45:00	185.221	185.224	185.070	185.141	3663	0	0
2026.07.10	05:00:00	185.141	185.163	184.917	184.946	3946	0	0
2026.07.10	05:15:00	184.946	185.012	184.829	184.993	3833	0	0
2026.07.10	05:30:00	184.993	185.087	184.915	184.945	3575	0	0
2026.07.10	05:45:00	184.945	184.999	184.907	184.995	3297	0	0
2026.07.10	06:00:00	184.995	185.035	184.945	184.969	1981	0	0
2026.07.10	06:15:00	184.969	184.996	184.873	184.882	2185	0	0
2026.07.10	06:30:00	184.882	184.917	184.833	184.896	1823	0	0
2026.07.10	06:45:00	184.895	184.973	184.876	184.928	1538	0	0
2026.07.10	07:00:00	184.928	184.966	184.919	184.962	1160	0	0
2026.07.10	07:15:00	184.962	185.037	184.942	185.003	1318	0	0
2026.07.10	07:30:00	185.003	185.013	184.961	184.986	945	0	0
2026.07.10	07:45:00	184.986	185.009	184.941	184.948	1150	0	0
2026.07.10	08:00:00	184.952	184.970	184.762	184.766	1289	0	0
2026.07.10	08:15:00	184.766	184.909	184.764	184.867	1187	0	0
2026.07.10	08:30:00	184.867	184.898	184.838	184.884	1273	0	0
2026.07.10	08:45:00	184.884	184.886	184.765	184.847	1544	0	0
2026.07.10	09:00:00	184.847	184.849	184.733	184.811	2179	0	0
2026.07.10	09:15:00	184.811	184.882	184.750	184.866	2266	0	0
2026.07.10	09:30:00	184.866	184.905	184.813	184.845	1916	0	0
2026.07.10	09:45:00	184.845	184.907	184.843	184.885	1545	0	0
2026.07.10	10:00:00	184.885	184.947	184.869	184.931	1794	0	0
2026.07.10	10:15:00	184.931	185.044	184.922	185.036	1870	0	0
2026.07.10	10:30:00	185.035	185.079	184.934	184.956	1880	0	0
2026.07.10	10:45:00	184.956	184.986	184.930	184.935	1573	0	0
2026.07.10	11:00:00	184.935	184.945	184.835	184.865	2343	0	0
2026.07.10	11:15:00	184.864	184.933	184.854	184.918	1476	0	0
2026.07.10	11:30:00	184.918	184.929	184.734	184.790	2529	0	0
2026.07.10	11:45:00	184.790	184.847	184.740	184.818	1461	0	0
2026.07.10	12:00:00	184.818	184.902	184.797	184.881	1357	0	0
2026.07.10	12:15:00	184.881	184.939	184.837	184.937	1192	0	0
2026.07.10	12:30:00	184.937	184.994	184.909	184.916	1461	0	0
2026.07.10	12:45:00	184.916	184.975	184.915	184.925	1402	0	0
2026.07.10	13:00:00	184.925	184.930	184.873	184.910	1392	0	0
2026.07.10	13:15:00	184.911	184.935	184.854	184.881	1209	0	0
2026.07.10	13:30:00	184.881	184.908	184.868	184.908	1192	0	0
2026.07.10	13:45:00	184.908	185.008	184.908	184.954	1257	0	0
2026.07.10	14:00:00	184.954	185.000	184.900	184.913	1299	0	0
2026.07.10	14:15:00	184.913	184.974	184.884	184.952	1216	0	0
2026.07.10	14:30:00	184.952	185.012	184.920	184.980	1620	0	0
2026.07.10	14:45:00	184.980	185.031	184.968	185.010	1325	0	0
2026.07.10	15:00:00	185.010	185.035	184.974	184.982	1974	0	0
2026.07.10	15:15:00	184.982	184.996	184.944	184.951	1321	0	0
2026.07.10	15:30:00	184.951	184.996	184.882	184.885	1887	0	0
2026.07.10	15:45:00	184.885	184.926	184.841	184.922	1732	0	0
2026.07.10	16:00:00	184.922	184.930	184.808	184.820	1504	0	0
2026.07.10	16:15:00	184.819	184.822	184.757	184.783	1423	0	0
2026.07.10	16:30:00	184.782	184.852	184.780	184.845	1727	0	0
2026.07.10	16:45:00	184.845	184.846	184.735	184.752	1947	0	0
2026.07.10	17:00:00	184.752	184.803	184.726	184.799	1740	0	0
2026.07.10	17:15:00	184.799	184.871	184.771	184.834	1626	0	0
2026.07.10	17:30:00	184.834	184.862	184.700	184.830	3169	0	0
2026.07.10	17:45:00	184.830	184.876	184.818	184.846	2008	0	0
2026.07.10	18:00:00	184.846	184.878	184.776	184.784	1992	0	0
2026.07.10	18:15:00	184.784	184.838	184.626	184.670	2864	0	0
2026.07.10	18:30:00	184.670	184.670	184.534	184.575	2331	0	0
2026.07.10	18:45:00	184.575	184.632	184.466	184.513	2103	0	0
2026.07.10	19:00:00	184.513	184.605	184.497	184.568	2386	0	0
2026.07.10	19:15:00	184.568	184.605	184.534	184.568	1758	0	0
2026.07.10	19:30:00	184.568	184.634	184.564	184.617	1339	0	0
2026.07.10	19:45:00	184.617	184.655	184.584	184.599	1626	0	0
2026.07.10	20:00:00	184.599	184.620	184.575	184.596	1215	0	0
2026.07.10	20:15:00	184.596	184.599	184.551	184.557	963	0	0
2026.07.10	20:30:00	184.557	184.559	184.519	184.537	998	0	0
2026.07.10	20:45:00	184.537	184.595	184.537	184.564	1213	0	0
2026.07.10	21:00:00	184.564	184.603	184.553	184.591	1194	0	0
2026.07.10	21:15:00	184.591	184.594	184.565	184.580	799	0	0
2026.07.10	21:30:00	184.580	184.599	184.561	184.576	875	0	0
2026.07.10	21:45:00	184.576	184.600	184.560	184.590	925	0	0
2026.07.10	22:00:00	184.590	184.615	184.573	184.613	705	0	0
2026.07.10	22:15:00	184.613	184.618	184.589	184.597	595	0	0
2026.07.10	22:30:00	184.597	184.616	184.581	184.615	559	0	0
2026.07.10	22:45:00	184.615	184.636	184.599	184.636	894	0	0
2026.07.10	23:00:00	184.633	184.662	184.600	184.627	764	0	0
2026.07.10	23:15:00	184.627	184.646	184.578	184.592	453	0	0
2026.07.10	23:30:00	184.592	184.602	184.566	184.584	559	0	2
2026.07.10	23:45:00	184.579	184.640	184.537	184.539	1504	0	0
2026.07.13	00:00:00	184.324	184.446	184.309	184.446	101	0	0
2026.07.13	00:15:00	184.446	184.446	184.420	184.427	28	0	36
2026.07.13	00:30:00	184.427	184.498	184.373	184.469	574	0	12
2026.07.13	00:45:00	184.469	184.524	184.441	184.460	467	0	21
2026.07.13	01:00:00	184.447	184.606	184.428	184.522	1468	0	0
2026.07.13	01:15:00	184.522	184.600	184.522	184.546	1195	0	0
2026.07.13	01:30:00	184.546	184.616	184.545	184.606	1262	0	0
2026.07.13	01:45:00	184.606	184.666	184.588	184.627	1275	0	0
2026.07.13	02:00:00	184.627	184.662	184.608	184.637	1190	0	0
2026.07.13	02:15:00	184.638	184.643	184.612	184.625	857	0	0
2026.07.13	02:30:00	184.625	184.664	184.622	184.649	600	0	0
2026.07.13	02:45:00	184.649	184.682	184.608	184.621	1586	0	0
2026.07.13	03:00:00	184.621	184.682	184.571	184.580	2865	0	0
2026.07.13	03:15:00	184.580	184.675	184.580	184.668	2325	0	0
2026.07.13	03:30:00	184.668	184.692	184.623	184.637	2291	0	0
2026.07.13	03:45:00	184.637	184.722	184.633	184.711	2467	0	0
2026.07.13	04:00:00	184.711	184.746	184.650	184.656	2245	0	0
2026.07.13	04:15:00	184.656	184.660	184.542	184.564	2053	0	0
2026.07.13	04:30:00	184.564	184.628	184.545	184.571	1992	0	0
2026.07.13	04:45:00	184.569	184.618	184.558	184.613	2117	0	0
2026.07.13	05:00:00	184.613	184.706	184.595	184.651	1706	0	0
2026.07.13	05:15:00	184.651	184.675	184.639	184.664	1429	0	0
2026.07.13	05:30:00	184.664	184.708	184.644	184.706	1297	0	0
2026.07.13	05:45:00	184.706	184.710	184.651	184.673	1553	0	0
2026.07.13	06:00:00	184.673	184.690	184.655	184.669	1422	0	0
2026.07.13	06:15:00	184.669	184.706	184.661	184.704	1239	0	0
2026.07.13	06:30:00	184.704	184.726	184.702	184.717	1436	0	0
2026.07.13	06:45:00	184.717	184.742	184.699	184.741	1241	0	0
2026.07.13	07:00:00	184.741	184.749	184.720	184.748	1108	0	0
2026.07.13	07:15:00	184.748	184.760	184.686	184.694	1203	0	0
2026.07.13	07:30:00	184.694	184.751	184.691	184.748	1131	0	0
2026.07.13	07:45:00	184.748	184.750	184.711	184.736	1071	0	0
2026.07.13	08:00:00	184.737	184.773	184.724	184.770	989	0	0
2026.07.13	08:15:00	184.770	184.780	184.715	184.766	1098	0	0
2026.07.13	08:30:00	184.766	184.790	184.741	184.780	1284	0	0
2026.07.13	08:45:00	184.780	185.053	184.759	184.964	2441	0	0
2026.07.13	09:00:00	184.964	185.042	184.938	185.005	2431	0	0
2026.07.13	09:15:00	185.005	185.066	184.943	185.056	1963	0	0
2026.07.13	09:30:00	185.056	185.106	185.020	185.038	1839	0	0
2026.07.13	09:45:00	185.038	185.049	184.953	184.971	1530	0	0
2026.07.13	10:00:00	184.971	185.075	184.670	184.930	3843	0	0
2026.07.13	10:15:00	184.930	185.026	184.906	184.970	2497	0	0
2026.07.13	10:30:00	184.971	185.214	184.969	185.205	2863	0	0
2026.07.13	10:45:00	185.205	185.279	185.170	185.202	2358	0	0
2026.07.13	11:00:00	185.202	185.442	185.188	185.387	2847	0	0
2026.07.13	11:15:00	185.387	185.462	185.387	185.430	2171	0	0
2026.07.13	11:30:00	185.430	185.469	185.412	185.446	1378	0	0
2026.07.13	11:45:00	185.446	185.450	185.348	185.355	1356	0	0
2026.07.13	12:00:00	185.355	185.377	185.235	185.240	1368	0	0
2026.07.13	12:15:00	185.239	185.265	185.158	185.190	1959	0	0
2026.07.13	12:30:00	185.190	185.210	185.133	185.167	1412	0	0
2026.07.13	12:45:00	185.167	185.196	185.122	185.187	1352	0	0
2026.07.13	13:00:00	185.187	185.296	185.182	185.257	1348	0	0
2026.07.13	13:15:00	185.257	185.292	185.246	185.292	1199	0	0
2026.07.13	13:30:00	185.292	185.305	185.235	185.278	1206	0	0
2026.07.13	13:45:00	185.278	185.351	185.272	185.334	1345	0	0
2026.07.13	14:00:00	185.334	185.339	185.232	185.264	1684	0	0
2026.07.13	14:15:00	185.264	185.299	185.230	185.265	1387	0	0
2026.07.13	14:30:00	185.265	185.284	185.242	185.255	1182	0	0
2026.07.13	14:45:00	185.255	185.290	185.236	185.264	1140	0	0
2026.07.13	15:00:00	185.263	185.297	185.206	185.241	1706	0	0
2026.07.13	15:15:00	185.241	185.276	185.225	185.272	1398	0	0
2026.07.13	15:30:00	185.272	185.338	185.264	185.294	1297	0	0
2026.07.13	15:45:00	185.294	185.310	185.229	185.309	1275	0	0
2026.07.13	16:00:00	185.309	185.318	185.259	185.264	1489	0	0
2026.07.13	16:15:00	185.264	185.267	185.215	185.224	1125	0	0
2026.07.13	16:30:00	185.222	185.317	185.216	185.247	2121	0	0
2026.07.13	16:45:00	185.247	185.255	185.157	185.172	1965	0	0
2026.07.13	17:00:00	185.172	185.225	185.136	185.205	2219	0	0
2026.07.13	17:15:00	185.205	185.216	185.079	185.150	3223	0	0
2026.07.13	17:30:00	185.150	185.163	185.092	185.158	1997	0	0
2026.07.13	17:45:00	185.158	185.193	185.099	185.177	2276	0	0
2026.07.13	18:00:00	185.177	185.196	185.061	185.070	1733	0	0
2026.07.13	18:15:00	185.070	185.081	185.033	185.036	1501	0	0
2026.07.13	18:30:00	185.040	185.075	185.015	185.064	1470	0	0
2026.07.13	18:45:00	185.064	185.100	185.042	185.074	1427	0	0
2026.07.13	19:00:00	185.074	185.097	185.059	185.093	1151	0	0
2026.07.13	19:15:00	185.093	185.096	184.973	185.000	1507	0	0
2026.07.13	19:30:00	185.000	185.000	184.912	184.980	2984	0	0
2026.07.13	19:45:00	184.980	185.014	184.931	185.012	2029	0	0
2026.07.13	20:00:00	185.012	185.036	184.973	184.975	1484	0	0
2026.07.13	20:15:00	184.975	184.995	184.957	184.980	1195	0	0
2026.07.13	20:30:00	184.980	185.023	184.967	185.021	1255	0	0
2026.07.13	20:45:00	185.021	185.030	184.975	184.986	1035	0	0
2026.07.13	21:00:00	184.986	185.001	184.949	184.983	1215	0	0
2026.07.13	21:15:00	184.983	185.010	184.952	184.960	959	0	0
2026.07.13	21:30:00	184.961	184.967	184.942	184.946	947	0	0
2026.07.13	21:45:00	184.946	184.957	184.881	184.887	1245	0	0
2026.07.13	22:00:00	184.887	184.921	184.881	184.900	1167	0	0
2026.07.13	22:15:00	184.900	184.927	184.896	184.908	815	0	0
2026.07.13	22:30:00	184.908	184.929	184.889	184.925	830	0	0
2026.07.13	22:45:00	184.925	184.934	184.909	184.926	1373	0	0
2026.07.13	23:00:00	184.926	184.927	184.875	184.891	720	0	0
2026.07.13	23:15:00	184.891	184.897	184.858	184.866	583	0	0
2026.07.13	23:30:00	184.866	184.880	184.857	184.876	289	0	0
2026.07.13	23:45:00	184.876	184.902	184.858	184.867	316	0	4
2026.07.14	00:00:00	184.867	184.890	184.831	184.853	31	0	44
2026.07.14	00:15:00	184.853	184.936	184.851	184.936	80	0	46
2026.07.14	00:30:00	184.936	184.986	184.860	184.916	280	0	51
2026.07.14	00:45:00	184.916	184.927	184.877	184.891	259	0	54
2026.07.14	01:00:00	184.891	184.945	184.881	184.906	402	0	0
2026.07.14	01:15:00	184.906	184.917	184.905	184.912	315	0	1
2026.07.14	01:30:00	184.912	184.922	184.896	184.910	275	0	0
2026.07.14	01:45:00	184.910	184.910	184.874	184.882	382	0	0
2026.07.14	02:00:00	184.882	184.886	184.862	184.864	449	0	0
2026.07.14	02:15:00	184.864	184.874	184.844	184.849	358	0	0
2026.07.14	02:30:00	184.849	184.862	184.844	184.853	334	0	0
2026.07.14	02:45:00	184.853	184.897	184.850	184.893	982	0	0
2026.07.14	03:00:00	184.892	184.914	184.856	184.895	2312	0	0
2026.07.14	03:15:00	184.895	184.896	184.851	184.856	2145	0	0
2026.07.14	03:30:00	184.856	184.945	184.838	184.880	2079	0	0
2026.07.14	03:45:00	184.880	184.946	184.772	184.870	3919	0	0
2026.07.14	04:00:00	184.868	184.896	184.847	184.856	1928	0	0
2026.07.14	04:15:00	184.855	184.903	184.855	184.884	1708	0	0
2026.07.14	04:30:00	184.884	184.945	184.857	184.929	1545	0	0
2026.07.14	04:45:00	184.929	184.982	184.915	184.950	1995	0	0
2026.07.14	05:00:00	184.950	184.993	184.920	184.924	1474	0	0
2026.07.14	05:15:00	184.924	184.985	184.923	184.979	1150	0	0
2026.07.14	05:30:00	184.979	184.991	184.949	184.952	1479	0	0
2026.07.14	05:45:00	184.952	184.952	184.899	184.902	1372	0	0
2026.07.14	06:00:00	184.903	184.940	184.884	184.928	1441	0	0
2026.07.14	06:15:00	184.928	184.943	184.903	184.942	1216	0	0
2026.07.14	06:30:00	184.942	184.955	184.874	184.881	1896	0	0
2026.07.14	06:45:00	184.881	184.908	184.866	184.907	993	0	0
2026.07.14	07:00:00	184.907	184.917	184.874	184.909	1200	0	0
2026.07.14	07:15:00	184.909	184.933	184.901	184.923	1046	0	0
2026.07.14	07:30:00	184.923	184.940	184.894	184.899	1275	0	0
2026.07.14	07:45:00	184.900	184.903	184.838	184.889	1164	0	0
2026.07.14	08:00:00	184.891	184.916	184.880	184.907	562	0	0
2026.07.14	08:15:00	184.907	184.938	184.889	184.929	811	0	0
2026.07.14	08:30:00	184.929	184.938	184.885	184.889	1039	0	0
2026.07.14	08:45:00	184.889	184.892	184.853	184.877	1127	0	0
2026.07.14	09:00:00	184.877	184.897	184.844	184.847	1402	0	0
2026.07.14	09:15:00	184.847	184.891	184.824	184.888	1368	0	0
2026.07.14	09:30:00	184.888	184.941	184.876	184.883	1444	0	0
2026.07.14	09:45:00	184.883	184.893	184.837	184.849	1254	0	0
2026.07.14	10:00:00	184.849	184.925	184.837	184.866	1724	0	0
2026.07.14	10:15:00	184.866	184.955	184.862	184.940	1579	0	0
2026.07.14	10:30:00	184.940	184.951	184.895	184.945	1369	0	0
2026.07.14	10:45:00	184.945	185.013	184.945	185.004	1587	0	0
2026.07.14	11:00:00	185.004	185.064	185.002	185.029	1558	0	0
2026.07.14	11:15:00	185.029	185.069	185.021	185.061	1157	0	0
2026.07.14	11:30:00	185.061	185.087	184.802	185.012	1942	0	0
2026.07.14	11:45:00	185.012	185.022	184.931	184.988	1675	0	0
2026.07.14	12:00:00	184.987	185.004	184.952	184.958	1527	0	0
2026.07.14	12:15:00	184.958	184.961	184.901	184.903	1103	0	0
2026.07.14	12:30:00	184.903	184.913	184.847	184.849	1052	0	0
2026.07.14	12:45:00	184.849	184.926	184.840	184.906	1298	0	0
2026.07.14	13:00:00	184.906	184.911	184.868	184.889	991	0	0
2026.07.14	13:15:00	184.889	184.903	184.825	184.839	1073	0	0
2026.07.14	13:30:00	184.839	184.886	184.834	184.873	1060	0	0
2026.07.14	13:45:00	184.873	184.883	184.834	184.841	1269	0	0
2026.07.14	14:00:00	184.841	184.870	184.810	184.866	1581	0	0
2026.07.14	14:15:00	184.866	184.903	184.853	184.881	1490	0	0
2026.07.14	14:30:00	184.881	184.948	184.873	184.947	1165	0	0
2026.07.14	14:45:00	184.947	185.050	184.944	185.013	1405	0	0
2026.07.14	15:00:00	185.013	185.032	184.978	185.018	1695	0	0
2026.07.14	15:15:00	185.018	185.138	185.008	185.088	1980	0	0
2026.07.14	15:30:00	185.098	185.363	185.018	185.311	7176	0	0
2026.07.14	15:45:00	185.311	185.331	185.258	185.324	4438	0	0
2026.07.14	16:00:00	185.324	185.409	185.294	185.323	4106	0	0
2026.07.14	16:15:00	185.323	185.395	185.311	185.346	3416	0	0
2026.07.14	16:30:00	185.346	185.482	185.346	185.477	3299	0	0
2026.07.14	16:45:00	185.477	185.477	185.400	185.428	2492	0	0
2026.07.14	17:00:00	185.428	185.493	185.392	185.444	2445	0	0
2026.07.14	17:15:00	185.444	185.466	185.373	185.384	2825	0	0
2026.07.14	17:30:00	185.384	185.450	185.328	185.397	3140	0	0
2026.07.14	17:45:00	185.397	185.407	185.294	185.377	2496	0	0
2026.07.14	18:00:00	185.377	185.436	185.367	185.381	2799	0	0
2026.07.14	18:15:00	185.381	185.391	185.295	185.298	1970	0	0
2026.07.14	18:30:00	185.298	185.366	185.286	185.325	2539	0	0
2026.07.14	18:45:00	185.325	185.338	185.281	185.284	1952	0	0
2026.07.14	19:00:00	185.284	185.323	185.283	185.311	1681	0	0
2026.07.14	19:15:00	185.311	185.359	185.279	185.354	1126	0	0
2026.07.14	19:30:00	185.354	185.374	185.347	185.359	930	0	0
2026.07.14	19:45:00	185.359	185.363	185.323	185.328	797	0	0
2026.07.14	20:00:00	185.328	185.356	185.276	185.276	1699	0	0
2026.07.14	20:15:00	185.276	185.313	185.256	185.307	1628	0	0
2026.07.14	20:30:00	185.307	185.316	185.282	185.288	1031	0	0
2026.07.14	20:45:00	185.288	185.321	185.267	185.279	870	0	0
2026.07.14	21:00:00	185.278	185.315	185.274	185.279	1111	0	0
2026.07.14	21:15:00	185.279	185.300	185.256	185.268	1065	0	0
2026.07.14	21:30:00	185.268	185.299	185.261	185.281	1301	0	0
2026.07.14	21:45:00	185.281	185.291	185.260	185.283	1142	0	0
2026.07.14	22:00:00	185.283	185.292	185.253	185.266	993	0	0
2026.07.14	22:15:00	185.266	185.277	185.240	185.263	1141	0	0
2026.07.14	22:30:00	185.263	185.268	185.236	185.243	1188	0	0
2026.07.14	22:45:00	185.243	185.262	185.220	185.252	1022	0	0
2026.07.14	23:00:00	185.252	185.288	185.229	185.270	862	0	0
2026.07.14	23:15:00	185.270	185.285	185.258	185.272	509	0	0
2026.07.14	23:30:00	185.272	185.303	185.270	185.292	443	0	0
2026.07.14	23:45:00	185.292	185.317	185.277	185.303	662	0	3
2026.07.15	00:00:00	185.303	185.303	185.109	185.208	64	0	0
2026.07.15	00:15:00	185.208	185.267	185.197	185.261	31	0	37
2026.07.15	00:30:00	185.261	185.270	185.244	185.253	51	0	46
2026.07.15	00:45:00	185.253	185.253	185.211	185.224	129	0	59
2026.07.15	01:00:00	185.224	185.301	185.216	185.274	585	0	0
2026.07.15	01:15:00	185.274	185.284	185.267	185.273	550	0	0
2026.07.15	01:30:00	185.273	185.281	185.255	185.272	442	0	0
2026.07.15	01:45:00	185.272	185.286	185.257	185.286	236	0	0
2026.07.15	02:00:00	185.286	185.294	185.274	185.276	409	0	0
2026.07.15	02:15:00	185.276	185.286	185.250	185.271	314	0	0
2026.07.15	02:30:00	185.271	185.283	185.254	185.266	514	0	1
2026.07.15	02:45:00	185.267	185.296	185.266	185.296	445	0	0
2026.07.15	03:00:00	185.295	185.368	185.276	185.361	1502	0	0
2026.07.15	03:15:00	185.361	185.380	185.307	185.322	1418	0	0
2026.07.15	03:30:00	185.322	185.374	185.320	185.367	1437	0	0
2026.07.15	03:45:00	185.367	185.373	185.304	185.330	2610	0	0
2026.07.15	04:00:00	185.329	185.349	185.236	185.248	2417	0	0
2026.07.15	04:15:00	185.248	185.342	185.232	185.326	1996	0	0
2026.07.15	04:30:00	185.326	185.358	185.312	185.325	1457	0	0
2026.07.15	04:45:00	185.325	185.375	185.325	185.362	1332	0	0
2026.07.15	05:00:00	185.362	185.405	185.336	185.389	1388	0	0
2026.07.15	05:15:00	185.389	185.389	185.349	185.369	1105	0	0
2026.07.15	05:30:00	185.369	185.413	185.362	185.412	1089	0	0
2026.07.15	05:45:00	185.412	185.463	185.411	185.452	1017	0	0
2026.07.15	06:00:00	185.452	185.475	185.447	185.455	1258	0	0
2026.07.15	06:15:00	185.455	185.455	185.418	185.427	1336	0	0
2026.07.15	06:30:00	185.427	185.457	185.426	185.438	1081	0	0
2026.07.15	06:45:00	185.438	185.462	185.427	185.457	841	0	0
2026.07.15	07:00:00	185.457	185.476	185.443	185.475	919	0	0
2026.07.15	07:15:00	185.475	185.573	185.470	185.564	970	0	0
2026.07.15	07:30:00	185.564	185.572	185.543	185.545	711	0	0
2026.07.15	07:45:00	185.545	185.563	185.509	185.521	742	0	0
2026.07.15	08:00:00	185.522	185.544	185.483	185.484	1336	0	0
2026.07.15	08:15:00	185.484	185.532	185.484	185.526	556	0	0
2026.07.15	08:30:00	185.526	185.561	185.520	185.560	638	0	0
2026.07.15	08:45:00	185.560	185.624	185.558	185.567	1167	0	0
2026.07.15	09:00:00	185.567	185.598	185.529	185.553	1168	0	0
2026.07.15	09:15:00	185.553	185.578	185.538	185.555	893	0	0
2026.07.15	09:30:00	185.555	185.565	185.445	185.457	1213	0	0
2026.07.15	09:45:00	185.457	185.466	185.379	185.387	2068	0	0
2026.07.15	10:00:00	185.387	185.449	185.362	185.427	1599	0	0
2026.07.15	10:15:00	185.427	185.429	185.335	185.353	1566	0	0
2026.07.15	10:30:00	185.353	185.390	185.337	185.346	1366	0	0
2026.07.15	10:45:00	185.346	185.384	185.343	185.366	1113	0	0
2026.07.15	11:00:00	185.366	185.454	185.366	185.431	1481	0	0
2026.07.15	11:15:00	185.431	185.460	185.400	185.409	1355	0	0
2026.07.15	11:30:00	185.409	185.462	185.404	185.415	1139	0	0
2026.07.15	11:45:00	185.415	185.443	185.393	185.417	1282	0	0
2026.07.15	12:00:00	185.417	185.436	185.369	185.392	1596	0	0
2026.07.15	12:15:00	185.392	185.424	185.387	185.399	1105	0	0
2026.07.15	12:30:00	185.399	185.411	185.342	185.379	1082	0	0
2026.07.15	12:45:00	185.379	185.414	185.353	185.373	1174	0	0
2026.07.15	13:00:00	185.373	185.402	185.342	185.356	1331	0	0
2026.07.15	13:15:00	185.357	185.398	185.336	185.347	1366	0	0
2026.07.15	13:30:00	185.347	185.371	185.323	185.357	1052	0	0
2026.07.15	13:45:00	185.357	185.382	185.281	185.311	1154	0	0
2026.07.15	14:00:00	185.311	185.391	185.292	185.354	1366	0	0
2026.07.15	14:15:00	185.354	185.401	185.340	185.367	981	0	0
2026.07.15	14:30:00	185.367	185.404	185.334	185.339	1040	0	0
2026.07.15	14:45:00	185.337	185.343	185.246	185.265	2144	0	0
2026.07.15	15:00:00	185.266	185.315	185.211	185.248	1557	0	0
2026.07.15	15:15:00	185.248	185.333	185.237	185.316	1427	0	0
2026.07.15	15:30:00	185.316	185.411	185.302	185.356	2695	0	0
2026.07.15	15:45:00	185.356	185.381	185.318	185.331	2227	0	0
2026.07.15	16:00:00	185.331	185.404	185.326	185.384	2163	0	0
2026.07.15	16:15:00	185.384	185.445	185.367	185.385	1769	0	0
2026.07.15	16:30:00	185.385	185.410	185.356	185.391	1564	0	0
2026.07.15	16:45:00	185.391	185.447	185.379	185.405	2049	0	0
2026.07.15	17:00:00	185.405	185.472	185.389	185.431	1610	0	0
2026.07.15	17:15:00	185.431	185.466	185.418	185.457	1968	0	0
2026.07.15	17:30:00	185.457	185.538	185.457	185.535	1946	0	0
2026.07.15	17:45:00	185.535	185.538	185.385	185.442	2801	0	0
2026.07.15	18:00:00	185.442	185.524	185.442	185.496	1810	0	0
2026.07.15	18:15:00	185.496	185.503	185.421	185.433	1913	0	0
2026.07.15	18:30:00	185.433	185.439	185.349	185.382	1899	0	0
2026.07.15	18:45:00	185.382	185.418	185.354	185.400	1547	0	0
2026.07.15	19:00:00	185.400	185.443	185.364	185.428	1427	0	0
2026.07.15	19:15:00	185.428	185.474	185.415	185.464	1449	0	0
2026.07.15	19:30:00	185.464	185.480	185.442	185.471	1060	0	0
2026.07.15	19:45:00	185.471	185.554	185.463	185.551	1762	0	0
2026.07.15	20:00:00	185.551	185.620	185.548	185.615	1354	0	0
2026.07.15	20:15:00	185.615	185.692	185.599	185.685	1161	0	0
2026.07.15	20:30:00	185.685	185.851	185.683	185.850	2061	0	0
2026.07.15	20:45:00	185.850	185.881	185.824	185.851	1670	0	0
2026.07.15	21:00:00	185.852	185.854	185.783	185.808	1521	0	0
2026.07.15	21:15:00	185.808	185.853	185.799	185.850	1295	0	0
2026.07.15	21:30:00	185.850	185.912	185.832	185.850	1426	0	0
2026.07.15	21:45:00	185.850	185.871	185.809	185.813	1754	0	0
2026.07.15	22:00:00	185.813	185.915	185.795	185.907	1361	0	0
2026.07.15	22:15:00	185.907	185.981	185.905	185.979	1169	0	0
2026.07.15	22:30:00	185.979	185.989	185.899	185.982	2085	0	0
2026.07.15	22:45:00	185.982	186.003	185.951	185.975	1471	0	0
2026.07.15	23:00:00	185.975	185.975	185.922	185.927	600	0	0
2026.07.15	23:15:00	185.927	185.952	185.924	185.944	509	0	0
2026.07.15	23:30:00	185.944	185.952	185.915	185.934	627	0	0
2026.07.15	23:45:00	185.934	185.947	185.903	185.904	529	0	3
2026.07.16	00:00:00	185.904	185.908	185.653	185.908	66	0	18
2026.07.16	00:15:00	185.908	185.910	185.883	185.888	39	0	70
2026.07.16	00:30:00	185.891	185.911	185.881	185.896	99	0	44
2026.07.16	00:45:00	185.896	185.907	185.836	185.853	128	0	42
2026.07.16	01:00:00	185.852	185.956	185.835	185.924	571	0	0
2026.07.16	01:15:00	185.924	185.925	185.855	185.892	502	0	0
2026.07.16	01:30:00	185.892	185.911	185.888	185.897	258	0	0
2026.07.16	01:45:00	185.897	185.915	185.886	185.911	392	0	0
2026.07.16	02:00:00	185.911	185.920	185.896	185.909	346	0	0
2026.07.16	02:15:00	185.909	185.916	185.877	185.914	512	0	0
2026.07.16	02:30:00	185.914	185.918	185.887	185.910	491	0	0
2026.07.16	02:45:00	185.910	185.910	185.871	185.902	797	0	0
2026.07.16	03:00:00	185.902	185.976	185.893	185.971	1459	0	0
2026.07.16	03:15:00	185.971	185.976	185.924	185.935	1314	0	0
2026.07.16	03:30:00	185.935	185.952	185.897	185.910	1033	0	0
2026.07.16	03:45:00	185.910	185.995	185.868	185.990	2734	0	0
2026.07.16	04:00:00	185.990	185.993	185.916	185.940	1502	0	0
2026.07.16	04:15:00	185.940	185.949	185.867	185.870	1480	0	0
2026.07.16	04:30:00	185.870	185.883	185.830	185.848	1469	0	0
2026.07.16	04:45:00	185.848	185.883	185.836	185.876	1196	0	0
2026.07.16	05:00:00	185.876	185.888	185.828	185.856	1085	0	0
2026.07.16	05:15:00	185.856	185.864	185.834	185.845	1067	0	0
2026.07.16	05:30:00	185.845	185.869	185.826	185.860	1271	0	0
2026.07.16	05:45:00	185.860	185.917	185.841	185.905	890	0	0
2026.07.16	06:00:00	185.905	185.908	185.879	185.896	856	0	0
2026.07.16	06:15:00	185.896	185.905	185.869	185.893	663	0	0
2026.07.16	06:30:00	185.893	185.900	185.869	185.887	649	0	0
2026.07.16	06:45:00	185.887	185.888	185.863	185.867	444	0	2
2026.07.16	07:00:00	185.867	185.883	185.840	185.881	643	0	0
2026.07.16	07:15:00	185.881	185.882	185.854	185.865	532	0	0
2026.07.16	07:30:00	185.865	185.905	185.861	185.894	559	0	1
2026.07.16	07:45:00	185.894	185.896	185.850	185.871	730	0	0
2026.07.16	08:00:00	185.871	185.888	185.866	185.888	703	0	0
2026.07.16	08:15:00	185.888	185.912	185.877	185.901	590	0	0
2026.07.16	08:30:00	185.901	185.937	185.900	185.906	878	0	0
2026.07.16	08:45:00	185.906	185.925	185.864	185.895	998	0	0
2026.07.16	09:00:00	185.895	185.970	185.895	185.969	1503	0	0
2026.07.16	09:15:00	185.969	185.975	185.938	185.958	1024	0	0
2026.07.16	09:30:00	185.958	185.972	185.924	185.946	1188	0	0
2026.07.16	09:45:00	185.946	185.980	185.924	185.935	1212	0	0
2026.07.16	10:00:00	185.935	185.942	185.787	185.842	1659	0	0
2026.07.16	10:15:00	185.842	185.914	185.822	185.914	1747	0	0
2026.07.16	10:30:00	185.914	185.943	185.860	185.928	1221	0	0
2026.07.16	10:45:00	185.929	185.955	185.888	185.905	1759	0	0
2026.07.16	11:00:00	185.905	185.947	185.870	185.893	1811	0	0
2026.07.16	11:15:00	185.893	185.897	185.826	185.868	1512	0	0
2026.07.16	11:30:00	185.866	185.948	185.865	185.941	1070	0	0
2026.07.16	11:45:00	185.941	185.943	185.900	185.922	1244	0	0
2026.07.16	12:00:00	185.922	185.926	185.882	185.888	1225	0	0
2026.07.16	12:15:00	185.888	185.911	185.868	185.882	1163	0	0
2026.07.16	12:30:00	185.882	185.947	185.855	185.945	1261	0	0
2026.07.16	12:45:00	185.945	185.967	185.938	185.958	939	0	0
2026.07.16	13:00:00	185.958	185.974	185.936	185.970	786	0	0
2026.07.16	13:15:00	185.970	185.995	185.936	185.945	704	0	0
2026.07.16	13:30:00	185.945	185.951	185.895	185.931	1070	0	0
2026.07.16	13:45:00	185.931	185.951	185.816	185.835	1106	0	0
2026.07.16	14:00:00	185.835	185.860	185.799	185.831	1303	0	0
2026.07.16	14:15:00	185.831	185.888	185.814	185.876	1232	0	0
2026.07.16	14:30:00	185.876	185.945	185.874	185.922	1026	0	0
2026.07.16	14:45:00	185.922	185.991	185.860	185.975	2010	0	0
2026.07.16	15:00:00	185.976	186.034	185.943	185.957	1564	0	0
2026.07.16	15:15:00	185.957	185.959	185.895	185.925	1695	0	0
2026.07.16	15:30:00	185.925	185.963	185.828	185.850	2341	0	0
2026.07.16	15:45:00	185.850	185.905	185.785	185.798	1908	0	0
2026.07.16	16:00:00	185.798	185.833	185.759	185.833	1893	0	0
2026.07.16	16:15:00	185.833	185.899	185.810	185.897	1563	0	0
2026.07.16	16:30:00	185.897	185.921	185.850	185.871	2268	0	0
2026.07.16	16:45:00	185.871	185.946	185.846	185.865	1944	0	0
2026.07.16	17:00:00	185.865	185.934	185.857	185.892	2086	0	0
2026.07.16	17:15:00	185.892	185.964	185.884	185.943	1756	0	0
2026.07.16	17:30:00	185.943	185.960	185.831	185.889	1849	0	0
2026.07.16	17:45:00	185.889	185.920	185.831	185.890	2111	0	0
2026.07.16	18:00:00	185.890	185.901	185.815	185.878	1985	0	0
2026.07.16	18:15:00	185.879	185.889	185.851	185.865	1459	0	0
2026.07.16	18:30:00	185.865	185.933	185.859	185.928	1473	0	0
2026.07.16	18:45:00	185.928	185.972	185.915	185.934	1292	0	0
2026.07.16	19:00:00	185.934	185.938	185.856	185.895	1209	0	0
2026.07.16	19:15:00	185.895	185.919	185.840	185.872	1726	0	0
2026.07.16	19:30:00	185.872	185.878	185.834	185.839	1150	0	0
2026.07.16	19:45:00	185.839	185.847	185.796	185.798	1057	0	0
2026.07.16	20:00:00	185.798	185.811	185.765	185.777	1018	0	0
2026.07.16	20:15:00	185.777	185.814	185.775	185.801	806	0	0
2026.07.16	20:30:00	185.801	185.807	185.765	185.790	811	0	0
2026.07.16	20:45:00	185.790	185.795	185.751	185.753	922	0	0
2026.07.16	21:00:00	185.753	185.758	185.725	185.732	1115	0	0
2026.07.16	21:15:00	185.732	185.762	185.726	185.727	889	0	0
2026.07.16	21:30:00	185.727	185.748	185.717	185.746	776	0	0
2026.07.16	21:45:00	185.746	185.759	185.745	185.756	503	0	0
2026.07.16	22:00:00	185.756	185.787	185.750	185.753	642	0	0
2026.07.16	22:15:00	185.753	185.763	185.737	185.742	622	0	0
2026.07.16	22:30:00	185.742	185.774	185.734	185.764	598	0	0
2026.07.16	22:45:00	185.765	185.807	185.758	185.803	894	0	0
2026.07.16	23:00:00	185.801	185.808	185.782	185.788	467	0	1
2026.07.16	23:15:00	185.788	185.792	185.745	185.765	238	0	0
2026.07.16	23:30:00	185.765	185.816	185.761	185.805	456	0	1
2026.07.16	23:45:00	185.804	185.830	185.797	185.807	538	0	4
2026.07.17	00:00:00	185.741	185.800	185.688	185.765	60	0	61
2026.07.17	00:15:00	185.787	185.790	185.756	185.778	69	0	60
2026.07.17	00:30:00	185.778	185.812	185.765	185.784	87	0	65
2026.07.17	00:45:00	185.784	185.784	185.774	185.775	79	0	75
2026.07.17	01:00:00	185.775	185.801	185.754	185.794	435	0	0
2026.07.17	01:15:00	185.794	185.809	185.788	185.804	250	0	0
2026.07.17	01:30:00	185.802	185.812	185.792	185.811	264	0	0
2026.07.17	01:45:00	185.811	185.811	185.793	185.799	266	0	1
2026.07.17	02:00:00	185.799	185.810	185.792	185.806	346	0	2
2026.07.17	02:15:00	185.806	185.811	185.798	185.801	199	0	2
2026.07.17	02:30:00	185.801	185.811	185.791	185.810	315	0	0
2026.07.17	02:45:00	185.810	185.858	185.785	185.851	617	0	1
2026.07.17	03:00:00	185.851	185.889	185.844	185.859	842	0	0
2026.07.17	03:15:00	185.858	185.881	185.821	185.828	1095	0	0
2026.07.17	03:30:00	185.828	185.855	185.792	185.804	1366	0	0
2026.07.17	03:45:00	185.804	185.926	185.801	185.923	2301	0	0
2026.07.17	04:00:00	185.923	185.955	185.909	185.917	1487	0	0
2026.07.17	04:15:00	185.917	185.938	185.894	185.901	1055	0	0
2026.07.17	04:30:00	185.901	185.903	185.875	185.897	956	0	0
2026.07.17	04:45:00	185.897	185.897	185.824	185.853	1207	0	0
2026.07.17	05:00:00	185.853	185.861	185.818	185.848	1223	0	0
2026.07.17	05:15:00	185.848	185.856	185.806	185.814	774	0	0
2026.07.17	05:30:00	185.814	185.825	185.760	185.773	1133	0	0
2026.07.17	05:45:00	185.773	185.779	185.688	185.709	1254	0	0
2026.07.17	06:00:00	185.709	185.753	185.706	185.729	1074	0	0
2026.07.17	06:15:00	185.729	185.769	185.725	185.762	830	0	0
2026.07.17	06:30:00	185.762	185.768	185.721	185.728	678	0	0
2026.07.17	06:45:00	185.728	185.784	185.723	185.774	864	0	0
2026.07.17	07:00:00	185.774	185.780	185.733	185.770	767	0	0
2026.07.17	07:15:00	185.770	185.788	185.756	185.760	577	0	0
2026.07.17	07:30:00	185.760	185.784	185.750	185.759	682	0	0
2026.07.17	07:45:00	185.759	185.776	185.723	185.748	563	0	0
2026.07.17	08:00:00	185.750	185.792	185.743	185.776	574	0	0
2026.07.17	08:15:00	185.776	185.799	185.761	185.765	642	0	0
2026.07.17	08:30:00	185.765	185.819	185.765	185.802	1156	0	0
2026.07.17	08:45:00	185.802	185.827	185.784	185.791	1007	0	0
2026.07.17	09:00:00	185.791	185.894	185.790	185.891	1465	0	0
2026.07.17	09:15:00	185.891	185.926	185.856	185.871	1773	0	0
2026.07.17	09:30:00	185.871	185.959	185.860	185.930	1207	0	0
2026.07.17	09:45:00	185.930	185.943	185.672	185.796	2478	0	0
2026.07.17	10:00:00	185.796	185.812	185.662	185.681	2258	0	0
2026.07.17	10:15:00	185.681	185.716	185.632	185.699	1562	0	0
2026.07.17	10:30:00	185.699	185.741	185.674	185.721	1156	0	0
2026.07.17	10:45:00	185.721	185.776	185.715	185.742	1323	0	0
2026.07.17	11:00:00	185.741	185.818	185.739	185.774	1638	0	0
2026.07.17	11:15:00	185.774	185.821	185.682	185.812	1980	0	0
2026.07.17	11:30:00	185.812	185.822	185.745	185.794	1433	0	0
2026.07.17	11:45:00	185.795	185.827	185.776	185.801	1301	0	0
2026.07.17	12:00:00	185.801	185.853	185.790	185.814	1527	0	0
2026.07.17	12:15:00	185.814	185.862	185.795	185.855	1397	0	0
2026.07.17	12:30:00	185.855	185.856	185.775	185.789	1203	0	0
2026.07.17	12:45:00	185.789	185.808	185.747	185.756	1305	0	0
2026.07.17	13:00:00	185.755	185.758	185.690	185.749	1569	0	0
2026.07.17	13:15:00	185.749	185.764	185.671	185.685	1390	0	0
2026.07.17	13:30:00	185.685	185.702	185.643	185.667	967	0	0
2026.07.17	13:45:00	185.667	185.674	185.531	185.532	1706	0	0
2026.07.17	14:00:00	185.532	185.568	185.483	185.560	1622	0	0
2026.07.17	14:15:00	185.560	185.584	185.536	185.564	1301	0	0
2026.07.17	14:30:00	185.564	185.633	185.553	185.587	1272	0	0
2026.07.17	14:45:00	185.587	185.619	185.548	185.589	1347	0	0
2026.07.17	15:00:00	185.589	185.665	185.576	185.636	1517	0	0
2026.07.17	15:15:00	185.636	185.637	185.591	185.622	1304	0	0
2026.07.17	15:30:00	185.622	185.622	185.549	185.565	1259	0	0
2026.07.17	15:45:00	185.565	185.628	185.547	185.626	1368	0	0
2026.07.17	16:00:00	185.626	185.663	185.580	185.641	1678	0	0
2026.07.17	16:15:00	185.641	185.644	185.574	185.576	1755	0	0
2026.07.17	16:30:00	185.576	185.632	185.576	185.616	2283	0	0
2026.07.17	16:45:00	185.616	185.732	185.602	185.681	2315	0	0
2026.07.17	17:00:00	185.681	185.704	185.644	185.681	2052	0	0
2026.07.17	17:15:00	185.681	185.776	185.676	185.716	1606	0	0
2026.07.17	17:30:00	185.716	185.802	185.700	185.800	1448	0	0
2026.07.17	17:45:00	185.800	185.820	185.762	185.797	1673	0	0
2026.07.17	18:00:00	185.797	185.841	185.757	185.772	1766	0	0
2026.07.17	18:15:00	185.772	185.811	185.754	185.774	1282	0	0
2026.07.17	18:30:00	185.774	185.813	185.764	185.769	1498	0	0
2026.07.17	18:45:00	185.769	185.836	185.769	185.831	1136	0	0
2026.07.17	19:00:00	185.831	185.874	185.792	185.873	1963	0	0
2026.07.17	19:15:00	185.874	185.902	185.861	185.888	1061	0	0
2026.07.17	19:30:00	185.888	185.913	185.874	185.897	871	0	0
2026.07.17	19:45:00	185.897	185.898	185.806	185.806	825	0	0
2026.07.17	20:00:00	185.802	185.812	185.758	185.774	1247	0	0
2026.07.17	20:15:00	185.774	185.793	185.764	185.790	968	0	0
2026.07.17	20:30:00	185.790	185.794	185.762	185.769	492	0	0
2026.07.17	20:45:00	185.769	185.790	185.755	185.756	449	0	0
2026.07.17	21:00:00	185.756	185.772	185.738	185.757	638	0	0
2026.07.17	21:15:00	185.757	185.796	185.752	185.776	742	0	0
2026.07.17	21:30:00	185.776	185.793	185.767	185.777	479	0	0
2026.07.17	21:45:00	185.777	185.786	185.757	185.771	615	0	0
2026.07.17	22:00:00	185.771	185.789	185.746	185.784	499	0	0
2026.07.17	22:15:00	185.784	185.810	185.775	185.794	615	0	0
2026.07.17	22:30:00	185.794	185.838	185.777	185.826	629	0	0
2026.07.17	22:45:00	185.826	185.842	185.784	185.793	1353	0	0
2026.07.17	23:00:00	185.794	185.819	185.782	185.790	541	0	0
2026.07.17	23:15:00	185.790	185.809	185.772	185.789	264	0	0
2026.07.17	23:30:00	185.788	185.793	185.762	185.775	442	0	0
2026.07.17	23:45:00	185.775	185.794	185.728	185.788	1433	0	0
2026.07.20	00:00:00	185.558	185.663	185.558	185.639	68	0	63
2026.07.20	00:15:00	185.639	185.643	185.621	185.635	68	0	75
2026.07.20	00:30:00	185.635	185.638	185.530	185.627	132	0	5
2026.07.20	00:45:00	185.627	185.647	185.586	185.604	98	0	65
2026.07.20	01:00:00	185.604	185.786	185.577	185.744	1418	0	0
2026.07.20	01:15:00	185.744	185.757	185.699	185.720	1310	0	0
2026.07.20	01:30:00	185.720	185.734	185.704	185.728	672	0	0
2026.07.20	01:45:00	185.728	185.734	185.688	185.695	383	0	0
2026.07.20	02:00:00	185.695	185.707	185.671	185.701	751	0	0
2026.07.20	02:15:00	185.701	185.703	185.664	185.701	498	0	1
2026.07.20	02:30:00	185.702	185.716	185.693	185.711	526	0	0
2026.07.20	02:45:00	185.711	185.736	185.693	185.720	895	0	0
2026.07.20	03:00:00	185.720	185.764	185.708	185.733	1445	0	0
2026.07.20	03:15:00	185.733	185.753	185.720	185.726	1407	0	0
2026.07.20	03:30:00	185.726	185.727	185.654	185.677	1139	0	0
2026.07.20	03:45:00	185.677	185.685	185.590	185.606	1703	0	0
2026.07.20	04:00:00	185.606	185.643	185.583	185.595	1865	0	0
2026.07.20	04:15:00	185.595	185.677	185.591	185.673	1751	0	0
2026.07.20	04:30:00	185.673	185.675	185.601	185.612	1406	0	0
2026.07.20	04:45:00	185.612	185.677	185.610	185.674	1194	0	0
2026.07.20	05:00:00	185.674	185.688	185.653	185.669	1431	0	0
2026.07.20	05:15:00	185.669	185.701	185.659	185.698	825	0	0
2026.07.20	05:30:00	185.698	185.762	185.688	185.751	1019	0	0
2026.07.20	05:45:00	185.751	185.778	185.732	185.766	875	0	0
2026.07.20	06:00:00	185.766	185.775	185.731	185.753	782	0	0
2026.07.20	06:15:00	185.753	185.777	185.748	185.764	741	0	0
2026.07.20	06:30:00	185.764	185.782	185.757	185.775	787	0	0
2026.07.20	06:45:00	185.775	185.786	185.766	185.779	646	0	0
2026.07.20	07:00:00	185.779	185.803	185.776	185.796	564	0	0
2026.07.20	07:15:00	185.796	185.825	185.787	185.823	554	0	0
2026.07.20	07:30:00	185.823	185.825	185.795	185.815	571	0	0
2026.07.20	07:45:00	185.815	185.815	185.777	185.786	988	0	0
2026.07.20	08:00:00	185.789	185.800	185.756	185.775	718	0	0
2026.07.20	08:15:00	185.775	185.783	185.760	185.771	634	0	0
2026.07.20	08:30:00	185.771	185.771	185.725	185.730	597	0	0
2026.07.20	08:45:00	185.730	185.784	185.728	185.756	712	0	0
2026.07.20	09:00:00	185.756	185.785	185.715	185.736	1122	0	0
2026.07.20	09:15:00	185.736	185.755	185.720	185.720	1076	0	0
2026.07.20	09:30:00	185.719	185.745	185.667	185.684	1148	0	0
2026.07.20	09:45:00	185.684	185.758	185.683	185.719	1119	0	0
2026.07.20	10:00:00	185.719	185.776	185.709	185.742	1269	0	0
2026.07.20	10:15:00	185.742	185.834	185.736	185.826	1607	0	0
2026.07.20	10:30:00	185.826	185.876	185.817	185.824	2111	0	0
2026.07.20	10:45:00	185.824	185.855	185.781	185.810	1689	0	0
2026.07.20	11:00:00	185.810	185.829	185.768	185.771	1272	0	0
2026.07.20	11:15:00	185.771	185.775	185.721	185.725	1372	0	0
2026.07.20	11:30:00	185.726	185.795	185.714	185.757	1067	0	0
2026.07.20	11:45:00	185.757	185.771	185.711	185.735	1005	0	0
2026.07.20	12:00:00	185.734	185.751	185.666	185.672	1062	0	0
2026.07.20	12:15:00	185.672	185.685	185.627	185.639	1051	0	0
2026.07.20	12:30:00	185.639	185.674	185.632	185.666	1009	0	0
2026.07.20	12:45:00	185.666	185.666	185.615	185.644	1022	0	0
2026.07.20	13:00:00	185.645	185.681	185.628	185.655	980	0	0
2026.07.20	13:15:00	185.655	185.665	185.636	185.654	685	0	0
2026.07.20	13:30:00	185.654	185.714	185.649	185.698	675	0	0
2026.07.20	13:45:00	185.698	185.702	185.639	185.647	909	0	0
2026.07.20	14:00:00	185.647	185.685	185.621	185.647	1060	0	0
2026.07.20	14:15:00	185.647	185.686	185.645	185.683	871	0	0
2026.07.20	14:30:00	185.683	185.727	185.567	185.608	2901	0	0
2026.07.20	14:45:00	185.608	185.635	185.537	185.553	1259	0	0
2026.07.20	15:00:00	185.552	185.589	185.473	185.489	1801	0	0
2026.07.20	15:15:00	185.488	185.491	185.427	185.455	1620	0	0
2026.07.20	15:30:00	185.455	185.507	185.421	185.476	1279	0	0
2026.07.20	15:45:00	185.476	185.578	185.476	185.533	1209	0	0
2026.07.20	16:00:00	185.533	185.541	185.454	185.478	1612	0	0
2026.07.20	16:15:00	185.478	185.484	185.434	185.473	1503	0	0
2026.07.20	16:30:00	185.473	185.482	185.386	185.402	1752	0	0
2026.07.20	16:45:00	185.402	185.497	185.393	185.471	1568	0	0
2026.07.20	17:00:00	185.471	185.540	185.463	185.522	2584	0	0
2026.07.20	17:15:00	185.522	185.578	185.508	185.568	2062	0	0
2026.07.20	17:30:00	185.567	185.569	185.439	185.442	2170	0	0
2026.07.20	17:45:00	185.442	185.496	185.349	185.384	2061	0	0
2026.07.20	18:00:00	185.384	185.465	185.384	185.450	2289	0	0
2026.07.20	18:15:00	185.450	185.472	185.407	185.469	1437	0	0
2026.07.20	18:30:00	185.469	185.514	185.447	185.456	1211	0	0
2026.07.20	18:45:00	185.455	185.521	185.454	185.515	1277	0	0
2026.07.20	19:00:00	185.515	185.547	185.501	185.543	1277	0	0
2026.07.20	19:15:00	185.543	185.566	185.526	185.532	1001	0	0
2026.07.20	19:30:00	185.532	185.549	185.458	185.473	1592	0	0
2026.07.20	19:45:00	185.473	185.490	185.462	185.467	1251	0	0
2026.07.20	20:00:00	185.467	185.472	185.439	185.441	1044	0	0
2026.07.20	20:15:00	185.441	185.477	185.441	185.460	649	0	0
2026.07.20	20:30:00	185.460	185.462	185.431	185.437	587	0	0
2026.07.20	20:45:00	185.437	185.447	185.425	185.436	697	0	0
2026.07.20	21:00:00	185.436	185.457	185.436	185.457	524	0	0
2026.07.20	21:15:00	185.457	185.502	185.456	185.491	931	0	0
2026.07.20	21:30:00	185.491	185.495	185.471	185.479	668	0	0
2026.07.20	21:45:00	185.479	185.509	185.474	185.503	775	0	0
2026.07.20	22:00:00	185.503	185.511	185.476	185.483	924	0	0
2026.07.20	22:15:00	185.483	185.502	185.470	185.496	783	0	0
2026.07.20	22:30:00	185.496	185.516	185.477	185.513	840	0	0
2026.07.20	22:45:00	185.513	185.524	185.474	185.524	1233	0	0
2026.07.20	23:00:00	185.524	185.528	185.478	185.484	620	0	0
2026.07.20	23:15:00	185.484	185.501	185.480	185.498	371	0	0
2026.07.20	23:30:00	185.498	185.506	185.474	185.498	305	0	0
2026.07.20	23:45:00	185.498	185.500	185.456	185.473	402	0	0
2026.07.21	00:00:00	185.473	185.493	185.422	185.476	63	0	20
2026.07.21	00:15:00	185.476	185.579	185.419	185.446	56	0	0
2026.07.21	00:30:00	185.446	185.455	185.397	185.421	130	0	66
2026.07.21	00:45:00	185.421	185.421	185.389	185.394	65	0	70
2026.07.21	01:00:00	185.390	185.465	185.389	185.448	494	0	0
2026.07.21	01:15:00	185.448	185.454	185.433	185.439	246	0	0
2026.07.21	01:30:00	185.439	185.456	185.438	185.453	302	0	0
2026.07.21	01:45:00	185.453	185.462	185.450	185.462	302	0	0
2026.07.21	02:00:00	185.462	185.473	185.449	185.470	337	0	0
2026.07.21	02:15:00	185.470	185.475	185.462	185.465	197	0	0
2026.07.21	02:30:00	185.465	185.473	185.460	185.460	199	0	1
2026.07.21	02:45:00	185.460	185.494	185.458	185.493	554	0	0
2026.07.21	03:00:00	185.493	185.512	185.466	185.491	1601	0	0
2026.07.21	03:15:00	185.491	185.496	185.453	185.468	1360	0	0
2026.07.21	03:30:00	185.468	185.500	185.455	185.494	992	0	0
2026.07.21	03:45:00	185.494	185.526	185.483	185.505	1853	0	0
2026.07.21	04:00:00	185.505	185.509	185.473	185.475	1018	0	0
2026.07.21	04:15:00	185.475	185.511	185.416	185.464	1268	0	0
2026.07.21	04:30:00	185.464	185.510	185.442	185.508	1457	0	0
2026.07.21	04:45:00	185.508	185.516	185.491	185.494	845	0	0
2026.07.21	05:00:00	185.494	185.533	185.492	185.502	967	0	0
2026.07.21	05:15:00	185.502	185.511	185.472	185.473	877	0	0
2026.07.21	05:30:00	185.473	185.488	185.458	185.464	1014	0	0
2026.07.21	05:45:00	185.464	185.465	185.415	185.422	939	0	0
2026.07.21	06:00:00	185.422	185.445	185.405	185.419	1115	0	0
2026.07.21	06:15:00	185.419	185.433	185.415	185.424	916	0	0
2026.07.21	06:30:00	185.424	185.451	185.423	185.431	807	0	0
2026.07.21	06:45:00	185.431	185.463	185.430	185.436	901	0	0
2026.07.21	07:00:00	185.436	185.473	185.431	185.466	836	0	0
2026.07.21	07:15:00	185.466	185.479	185.462	185.465	491	0	0
2026.07.21	07:30:00	185.465	185.510	185.461	185.505	979	0	0
2026.07.21	07:45:00	185.505	185.532	185.499	185.527	560	0	0
2026.07.21	08:00:00	185.527	185.559	185.505	185.526	716	0	0
2026.07.21	08:15:00	185.526	185.560	185.526	185.548	549	0	0
2026.07.21	08:30:00	185.548	185.582	185.546	185.569	631	0	0
2026.07.21	08:45:00	185.571	185.585	185.537	185.547	920	0	0
2026.07.21	09:00:00	185.547	185.599	185.535	185.586	1106	0	0
2026.07.21	09:15:00	185.586	185.636	185.578	185.607	998	0	0
2026.07.21	09:30:00	185.607	185.672	185.598	185.663	1169	0	0
2026.07.21	09:45:00	185.663	185.676	185.607	185.629	1367	0	0
2026.07.21	10:00:00	185.629	185.723	185.629	185.678	1623	0	0
2026.07.21	10:15:00	185.678	185.776	185.676	185.747	1587	0	0
2026.07.21	10:30:00	185.747	185.757	185.710	185.719	1186	0	0
2026.07.21	10:45:00	185.719	185.761	185.704	185.738	1393	0	0
2026.07.21	11:00:00	185.738	185.800	185.716	185.794	1225	0	0
2026.07.21	11:15:00	185.794	185.836	185.789	185.815	1413	0	0
2026.07.21	11:30:00	185.815	185.834	185.774	185.834	1428	0	0
2026.07.21	11:45:00	185.834	185.840	185.794	185.806	1031	0	0
2026.07.21	12:00:00	185.806	185.838	185.805	185.835	1295	0	0
2026.07.21	12:15:00	185.835	185.842	185.785	185.800	1086	0	0
2026.07.21	12:30:00	185.800	185.895	185.791	185.825	1117	0	0
2026.07.21	12:45:00	185.825	185.855	185.812	185.813	1069	0	0
2026.07.21	13:00:00	185.813	185.872	185.800	185.844	1631	0	0
2026.07.21	13:15:00	185.844	185.875	185.825	185.866	1215	0	0
2026.07.21	13:30:00	185.866	185.920	185.861	185.868	1359	0	0
2026.07.21	13:45:00	185.868	185.868	185.769	185.772	2201	0	0
2026.07.21	14:00:00	185.772	185.838	185.767	185.828	1930	0	0
2026.07.21	14:15:00	185.828	185.866	185.826	185.859	953	0	0
2026.07.21	14:30:00	185.859	185.895	185.854	185.888	1305	0	0
2026.07.21	14:45:00	185.889	185.889	185.822	185.828	1470	0	0
2026.07.21	15:00:00	185.828	185.850	185.795	185.805	1521	0	0
2026.07.21	15:15:00	185.805	185.859	185.780	185.836	2110	0	0
2026.07.21	15:30:00	185.836	185.882	185.808	185.828	1947	0	0
2026.07.21	15:45:00	185.828	185.863	185.747	185.784	2241	0	0
2026.07.21	16:00:00	185.785	185.824	185.770	185.811	1346	0	0
2026.07.21	16:15:00	185.811	185.811	185.741	185.764	1893	0	0
2026.07.21	16:30:00	185.764	185.815	185.710	185.731	2342	0	0
2026.07.21	16:45:00	185.731	185.872	185.725	185.855	2733	0	0
2026.07.21	17:00:00	185.855	186.031	185.848	186.011	2340	0	0
2026.07.21	17:15:00	186.012	186.012	185.912	185.928	1992	0	0
2026.07.21	17:30:00	185.928	185.928	185.858	185.909	2116	0	0
2026.07.21	17:45:00	185.909	185.946	185.826	185.931	2962	0	0
2026.07.21	18:00:00	185.932	185.932	185.860	185.866	2210	0	0
2026.07.21	18:15:00	185.866	185.948	185.860	185.922	2185	0	0
2026.07.21	18:30:00	185.922	185.971	185.906	185.933	1640	0	0
2026.07.21	18:45:00	185.933	185.961	185.914	185.957	1193	0	0
2026.07.21	19:00:00	185.957	185.986	185.957	185.970	1070	0	0
2026.07.21	19:15:00	185.970	185.989	185.937	185.954	781	0	0
2026.07.21	19:30:00	185.954	185.965	185.938	185.945	889	0	0
2026.07.21	19:45:00	185.945	185.979	185.931	185.959	869	0	0
2026.07.21	20:00:00	185.959	185.988	185.936	185.983	1006	0	0
2026.07.21	20:15:00	185.983	185.985	185.952	185.966	800	0	0
2026.07.21	20:30:00	185.966	185.979	185.951	185.956	569	0	0
2026.07.21	20:45:00	185.956	185.972	185.947	185.967	627	0	0
2026.07.21	21:00:00	185.967	186.088	185.932	186.008	2554	0	0
2026.07.21	21:15:00	186.008	186.041	185.992	186.039	1642	0	0
2026.07.21	21:30:00	186.039	186.103	186.015	186.102	1780	0	0
2026.07.21	21:45:00	186.102	186.123	186.067	186.082	1367	0	0
2026.07.21	22:00:00	186.082	186.111	186.066	186.096	1617	0	0
2026.07.21	22:15:00	186.096	186.101	186.066	186.070	1013	0	0
2026.07.21	22:30:00	186.070	186.080	186.055	186.066	990	0	0
2026.07.21	22:45:00	186.066	186.090	186.062	186.081	1291	0	0
2026.07.21	23:00:00	186.081	186.119	186.075	186.096	1008	0	0
2026.07.21	23:15:00	186.096	186.103	186.076	186.100	461	0	0
2026.07.21	23:30:00	186.100	186.104	186.063	186.077	576	0	1
2026.07.21	23:45:00	186.077	186.084	185.981	185.981	798	0	2
2026.07.22	00:00:00	185.929	185.981	185.929	185.955	62	0	63
2026.07.22	00:15:00	185.955	185.986	185.951	185.985	75	0	71
2026.07.22	00:30:00	185.985	186.015	185.967	185.990	75	0	37
2026.07.22	00:45:00	185.990	185.995	185.986	185.989	33	0	34
2026.07.22	01:00:00	185.989	186.037	185.981	186.020	656	0	0
2026.07.22	01:15:00	186.019	186.040	186.012	186.038	301	0	0
2026.07.22	01:30:00	186.038	186.045	186.026	186.040	237	0	0
2026.07.22	01:45:00	186.040	186.051	186.028	186.047	244	0	0
2026.07.22	02:00:00	186.047	186.059	186.037	186.045	300	0	0
2026.07.22	02:15:00	186.045	186.064	186.040	186.047	381	0	0
2026.07.22	02:30:00	186.047	186.077	186.047	186.077	286	0	0
2026.07.22	02:45:00	186.077	186.092	186.065	186.071	434	0	0
2026.07.22	03:00:00	186.072	186.092	186.003	186.011	1823	0	0
2026.07.22	03:15:00	186.011	186.037	185.962	186.004	1790	0	0
2026.07.22	03:30:00	186.004	186.032	185.987	186.011	1537	0	0
2026.07.22	03:45:00	186.011	186.059	185.997	186.041	2120	0	0
2026.07.22	04:00:00	186.041	186.083	186.034	186.075	1522	0	0
2026.07.22	04:15:00	186.075	186.081	186.051	186.069	1186	0	0
2026.07.22	04:30:00	186.069	186.075	186.013	186.041	1392	0	0
2026.07.22	04:45:00	186.041	186.057	186.038	186.040	1004	0	0
2026.07.22	05:00:00	186.040	186.085	186.028	186.084	864	0	0
2026.07.22	05:15:00	186.084	186.092	186.043	186.057	1159	0	0
2026.07.22	05:30:00	186.057	186.067	186.037	186.047	1081	0	0
2026.07.22	05:45:00	186.047	186.077	186.042	186.048	1047	0	0
2026.07.22	06:00:00	186.048	186.095	186.046	186.077	1044	0	0
2026.07.22	06:15:00	186.077	186.114	186.073	186.091	1083	0	0
2026.07.22	06:30:00	186.091	186.100	186.064	186.079	769	0	0
2026.07.22	06:45:00	186.079	186.122	186.078	186.118	918	0	0
2026.07.22	07:00:00	186.118	186.138	186.102	186.130	954	0	0
2026.07.22	07:15:00	186.130	186.152	186.123	186.140	737	0	0
2026.07.22	07:30:00	186.140	186.144	186.123	186.131	541	0	0
2026.07.22	07:45:00	186.131	186.160	186.120	186.152	536	0	0
2026.07.22	08:00:00	186.151	186.166	186.127	186.137	465	0	0
2026.07.22	08:15:00	186.137	186.155	186.128	186.133	523	0	0
2026.07.22	08:30:00	186.133	186.143	186.093	186.109	785	0	0
2026.07.22	08:45:00	186.109	186.139	186.048	186.076	1131	0	0
2026.07.22	09:00:00	186.076	186.139	186.052	186.097	1658	0	0
2026.07.22	09:15:00	186.097	186.135	186.077	186.083	1382	0	0
2026.07.22	09:30:00	186.083	186.154	186.065	186.138	1148	0	0
2026.07.22	09:45:00	186.139	186.167	186.095	186.120	1019	0	0
2026.07.22	10:00:00	186.120	186.135	186.075	186.122	1215	0	0
2026.07.22	10:15:00	186.122	186.189	186.110	186.183	1202	0	0
2026.07.22	10:30:00	186.183	186.184	185.744	185.865	3402	0	0
2026.07.22	10:45:00	185.865	185.916	185.814	185.908	1867	0	0
2026.07.22	11:00:00	185.908	185.996	185.859	185.972	1786	0	0
2026.07.22	11:15:00	185.972	186.058	185.968	186.040	1458	0	0
2026.07.22	11:30:00	186.040	186.059	185.994	186.019	1388	0	0
2026.07.22	11:45:00	186.019	186.031	185.931	185.935	1037	0	0
2026.07.22	12:00:00	185.935	185.985	185.933	185.955	1423	0	0
2026.07.22	12:15:00	185.955	185.959	185.923	185.946	1195	0	0
2026.07.22	12:30:00	185.946	186.033	185.945	185.963	1248	0	0
2026.07.22	12:45:00	185.963	185.976	185.930	185.936	1268	0	0
2026.07.22	13:00:00	185.936	185.961	185.889	185.955	1224	0	0
2026.07.22	13:15:00	185.955	186.010	185.939	185.951	1047	0	0
2026.07.22	13:30:00	185.951	185.965	185.909	185.940	980	0	0
2026.07.22	13:45:00	185.940	185.995	185.887	185.906	972	0	0
2026.07.22	14:00:00	185.906	185.920	185.872	185.907	1184	0	0
2026.07.22	14:15:00	185.907	185.945	185.892	185.934	982	0	0
2026.07.22	14:30:00	185.934	185.972	185.918	185.965	1367	0	0
2026.07.22	14:45:00	185.965	186.024	185.950	186.018	1415	0	0
2026.07.22	15:00:00	186.018	186.064	186.002	186.063	1362	0	0
2026.07.22	15:15:00	186.063	186.070	186.040	186.060	1126	0	0
2026.07.22	15:30:00	186.060	186.115	186.051	186.064	1154	0	0
2026.07.22	15:45:00	186.064	186.086	186.009	186.069	1800	0	0
2026.07.22	16:00:00	186.069	186.132	186.050	186.094	1581	0	0
2026.07.22	16:15:00	186.094	186.173	186.087	186.146	1469	0	0
2026.07.22	16:30:00	186.146	186.197	186.115	186.145	2132	0	0
2026.07.22	16:45:00	186.145	186.161	186.099	186.108	1794	0	0
2026.07.22	17:00:00	186.108	186.175	186.084	186.153	1708	0	0
2026.07.22	17:15:00	186.155	186.185	186.089	186.089	1711	0	0
2026.07.22	17:30:00	186.088	186.108	186.055	186.068	1606	0	0
2026.07.22	17:45:00	186.068	186.112	186.049	186.102	2174	0	0
2026.07.22	18:00:00	186.102	186.112	186.062	186.099	1509	0	0
2026.07.22	18:15:00	186.099	186.170	186.092	186.167	1075	0	0
2026.07.22	18:30:00	186.167	186.170	186.083	186.106	1338	0	0
2026.07.22	18:45:00	186.106	186.137	186.092	186.133	1220	0	0
2026.07.22	19:00:00	186.133	186.140	186.040	186.058	1308	0	0
2026.07.22	19:15:00	186.059	186.120	186.043	186.103	1164	0	0
2026.07.22	19:30:00	186.103	186.115	186.071	186.089	883	0	0
2026.07.22	19:45:00	186.089	186.104	186.070	186.098	606	0	0
2026.07.22	20:00:00	186.097	186.166	186.096	186.160	763	0	0
2026.07.22	20:15:00	186.160	186.184	186.149	186.163	961	0	0
2026.07.22	20:30:00	186.163	186.172	186.146	186.167	776	0	0
2026.07.22	20:45:00	186.167	186.185	186.148	186.163	961	0	0
2026.07.22	21:00:00	186.161	186.181	186.131	186.145	882	0	0
2026.07.22	21:15:00	186.143	186.165	186.130	186.135	1501	0	0
2026.07.22	21:30:00	186.135	186.138	186.106	186.108	1250	0	0
2026.07.22	21:45:00	186.108	186.154	186.100	186.146	1012	0	0
2026.07.22	22:00:00	186.146	186.161	186.140	186.146	942	0	0
2026.07.22	22:15:00	186.146	186.169	186.144	186.165	607	0	0
2026.07.22	22:30:00	186.165	186.176	186.149	186.175	475	0	0
2026.07.22	22:45:00	186.175	186.187	186.152	186.174	757	0	0
2026.07.22	23:00:00	186.172	186.186	186.163	186.178	928	0	0
2026.07.22	23:15:00	186.178	186.195	186.171	186.176	408	0	0
2026.07.22	23:30:00	186.176	186.191	186.165	186.190	298	0	0
2026.07.22	23:45:00	186.190	186.207	186.180	186.181	749	0	1
2026.07.23	00:00:00	186.181	186.181	186.070	186.072	37	0	0
2026.07.23	00:15:00	186.072	186.072	186.051	186.051	79	0	57
2026.07.23	00:30:00	186.051	186.116	186.051	186.051	95	0	0
2026.07.23	00:45:00	186.051	186.057	186.051	186.057	41	0	63
2026.07.23	01:00:00	186.057	186.123	186.048	186.061	497	0	0
2026.07.23	01:15:00	186.061	186.069	186.043	186.067	428	0	0
2026.07.23	01:30:00	186.067	186.092	186.066	186.071	548	0	0
2026.07.23	01:45:00	186.071	186.082	186.065	186.082	307	0	1
2026.07.23	02:00:00	186.082	186.107	186.074	186.100	441	0	1
2026.07.23	02:15:00	186.100	186.110	186.087	186.109	279	0	3
2026.07.23	02:30:00	186.109	186.115	186.098	186.110	235	0	3
2026.07.23	02:45:00	186.111	186.127	186.102	186.106	401	0	1
2026.07.23	03:00:00	186.106	186.148	186.105	186.118	1150	0	0
2026.07.23	03:15:00	186.118	186.150	186.111	186.126	837	0	0
2026.07.23	03:30:00	186.126	186.155	186.123	186.149	884	0	0
2026.07.23	03:45:00	186.149	186.189	186.129	186.167	1615	0	0
2026.07.23	04:00:00	186.167	186.209	186.150	186.179	1930	0	0
2026.07.23	04:15:00	186.179	186.196	186.160	186.186	1239	0	0
2026.07.23	04:30:00	186.186	186.202	186.103	186.138	2096	0	0
2026.07.23	04:45:00	186.138	186.166	186.128	186.157	1286	0	0
2026.07.23	05:00:00	186.156	186.196	186.156	186.189	920	0	0
2026.07.23	05:15:00	186.189	186.229	186.179	186.228	752	0	0
2026.07.23	05:30:00	186.228	186.329	186.227	186.323	1234	0	0
2026.07.23	05:45:00	186.323	186.355	186.319	186.347	974	0	0
2026.07.23	06:00:00	186.347	186.373	186.302	186.303	1260	0	0
2026.07.23	06:15:00	186.303	186.354	186.298	186.351	1254	0	0
2026.07.23	06:30:00	186.351	186.373	186.338	186.357	969	0	0
2026.07.23	06:45:00	186.357	186.367	186.343	186.343	1060	0	0
2026.07.23	07:00:00	186.343	186.461	186.334	186.432	1343	0	0
2026.07.23	07:15:00	186.432	186.439	186.387	186.437	1063	0	0
2026.07.23	07:30:00	186.437	186.460	186.407	186.408	869	0	0
2026.07.23	07:45:00	186.408	186.452	186.400	186.432	1095	0	0
2026.07.23	08:00:00	186.433	186.475	186.433	186.442	878	0	0
2026.07.23	08:15:00	186.442	186.442	186.411	186.422	776	0	0
2026.07.23	08:30:00	186.422	186.423	186.384	186.406	906	0	0
2026.07.23	08:45:00	186.406	186.447	186.401	186.433	740	0	0
2026.07.23	09:00:00	186.433	186.485	186.396	186.423	1366	0	0
2026.07.23	09:15:00	186.423	186.436	186.359	186.368	1008	0	0
2026.07.23	09:30:00	186.368	186.373	186.323	186.356	1185	0	0
2026.07.23	09:45:00	186.356	186.384	186.332	186.360	1013	0	0
2026.07.23	10:00:00	186.360	186.413	186.347	186.413	1808	0	0
2026.07.23	10:15:00	186.413	186.438	186.380	186.427	1148	0	0
2026.07.23	10:30:00	186.427	186.497	186.421	186.451	1337	0	0
2026.07.23	10:45:00	186.451	186.665	186.438	186.585	3031	0	0
2026.07.23	11:00:00	186.584	186.615	186.550	186.576	2051	0	0
2026.07.23	11:15:00	186.576	186.579	186.519	186.553	1372	0	0
2026.07.23	11:30:00	186.553	186.554	186.402	186.422	1728	0	0
2026.07.23	11:45:00	186.422	186.447	186.367	186.379	2001	0	0
2026.07.23	12:00:00	186.379	186.432	186.375	186.410	1551	0	0
2026.07.23	12:15:00	186.410	186.455	186.404	186.417	1202	0	0
2026.07.23	12:30:00	186.417	186.438	186.395	186.438	1021	0	0
2026.07.23	12:45:00	186.438	186.470	186.423	186.455	932	0	0
2026.07.23	13:00:00	186.455	186.459	186.387	186.396	984	0	0
2026.07.23	13:15:00	186.397	186.404	186.325	186.359	1191	0	0
2026.07.23	13:30:00	186.359	186.386	186.338	186.341	892	0	0
2026.07.23	13:45:00	186.341	186.363	186.302	186.321	1378	0	0
2026.07.23	14:00:00	186.321	186.340	186.288	186.325	1305	0	0
2026.07.23	14:15:00	186.325	186.330	186.257	186.265	1422	0	0
2026.07.23	14:30:00	186.265	186.289	186.135	186.283	2886	0	0
2026.07.23	14:45:00	186.283	186.298	186.059	186.294	3205	0	0
2026.07.23	15:00:00	186.294	186.306	186.219	186.275	1705	0	0
2026.07.23	15:15:00	186.275	186.285	186.125	186.236	2174	0	0
2026.07.23	15:30:00	186.236	186.318	186.206	186.279	2246	0	0
2026.07.23	15:45:00	186.279	186.350	186.230	186.342	2116	0	0
2026.07.23	16:00:00	186.342	186.362	186.235	186.235	2816	0	0
2026.07.23	16:15:00	186.235	186.378	186.209	186.362	2427	0	0
2026.07.23	16:30:00	186.362	186.451	186.333	186.432	2600	0	0
2026.07.23	16:45:00	186.432	186.516	186.413	186.466	2493	0	0
2026.07.23	17:00:00	186.467	186.491	186.364	186.378	2345	0	0
2026.07.23	17:15:00	186.378	186.405	186.310	186.403	2652	0	0
2026.07.23	17:30:00	186.403	186.432	186.352	186.361	2005	0	0
2026.07.23	17:45:00	186.361	186.439	186.337	186.404	2332	0	0
2026.07.23	18:00:00	186.404	186.432	186.330	186.369	2405	0	0
2026.07.23	18:15:00	186.369	186.390	186.225	186.342	2759	0	0
2026.07.23	18:30:00	186.342	186.351	186.295	186.318	2454	0	0
2026.07.23	18:45:00	186.318	186.336	186.277	186.290	1609	0	0
2026.07.23	19:00:00	186.290	186.370	186.290	186.343	1415	0	0
2026.07.23	19:15:00	186.343	186.349	186.310	186.318	1509	0	0
2026.07.23	19:30:00	186.318	186.353	186.304	186.330	1337	0	0
2026.07.23	19:45:00	186.330	186.376	186.328	186.368	1216	0	0
2026.07.23	20:00:00	186.368	186.375	186.307	186.320	1535	0	0
2026.07.23	20:15:00	186.320	186.336	186.302	186.319	1264	0	0
2026.07.23	20:30:00	186.319	186.326	186.298	186.311	1051	0	0
2026.07.23	20:45:00	186.311	186.339	186.308	186.310	1157	0	0
2026.07.23	21:00:00	186.310	186.339	186.309	186.319	1043	0	0
2026.07.23	21:15:00	186.319	186.322	186.291	186.316	1291	0	0
2026.07.23	21:30:00	186.316	186.333	186.304	186.310	945	0	0
2026.07.23	21:45:00	186.310	186.349	186.307	186.347	956	0	0
2026.07.23	22:00:00	186.347	186.363	186.333	186.347	599	0	0
2026.07.23	22:15:00	186.347	186.369	186.341	186.363	827	0	0
2026.07.23	22:30:00	186.363	186.394	186.345	186.390	1070	0	0
2026.07.23	22:45:00	186.390	186.411	186.378	186.390	1075	0	0
2026.07.23	23:00:00	186.390	186.409	186.387	186.397	520	0	0
2026.07.23	23:15:00	186.397	186.426	186.385	186.423	343	0	0
2026.07.23	23:30:00	186.423	186.452	186.420	186.450	357	0	0
2026.07.23	23:45:00	186.450	186.450	186.398	186.398	564	0	4
2026.07.24	00:00:00	186.372	186.399	186.302	186.364	41	0	50
2026.07.24	00:15:00	186.364	186.410	186.364	186.392	60	0	65
2026.07.24	00:30:00	186.392	186.394	186.315	186.352	110	0	71
2026.07.24	00:45:00	186.352	186.381	186.278	186.313	158	0	70
2026.07.24	01:00:00	186.313	186.422	186.311	186.409	313	0	0
2026.07.24	01:15:00	186.409	186.437	186.409	186.421	292	0	1
2026.07.24	01:30:00	186.421	186.430	186.404	186.422	384	0	0
2026.07.24	01:45:00	186.422	186.452	186.416	186.450	277	0	0
2026.07.24	02:00:00	186.450	186.456	186.426	186.426	194	0	0
2026.07.24	02:15:00	186.426	186.428	186.405	186.405	268	0	0
2026.07.24	02:30:00	186.405	186.421	186.379	186.398	370	0	0
2026.07.24	02:45:00	186.398	186.420	186.392	186.394	773	0	0
2026.07.24	03:00:00	186.394	186.483	186.379	186.442	1980	0	0
2026.07.24	03:15:00	186.442	186.484	186.432	186.468	1198	0	0
2026.07.24	03:30:00	186.468	186.501	186.442	186.498	1218	0	0
2026.07.24	03:45:00	186.498	186.531	186.472	186.486	2234	0	0
2026.07.24	04:00:00	186.486	186.538	186.482	186.520	1900	0	0
2026.07.24	04:15:00	186.520	186.523	186.462	186.483	1670	0	0
2026.07.24	04:30:00	186.483	186.489	186.416	186.429	1572	0	0
2026.07.24	04:45:00	186.429	186.476	186.426	186.440	1142	0	0
2026.07.24	05:00:00	186.440	186.462	186.434	186.453	1032	0	0
2026.07.24	05:15:00	186.453	186.460	186.430	186.448	920	0	0
2026.07.24	05:30:00	186.448	186.465	186.425	186.440	965	0	0
2026.07.24	05:45:00	186.440	186.448	186.392	186.393	1220	0	0
2026.07.24	06:00:00	186.393	186.406	186.372	186.405	957	0	0
2026.07.24	06:15:00	186.405	186.462	186.397	186.452	881	0	0
2026.07.24	06:30:00	186.452	186.477	186.447	186.458	1220	0	0
2026.07.24	06:45:00	186.458	186.460	186.434	186.445	872	0	0
2026.07.24	07:00:00	186.445	186.469	186.437	186.468	1229	0	0
2026.07.24	07:15:00	186.468	186.488	186.449	186.456	837	0	0
2026.07.24	07:30:00	186.456	186.463	186.398	186.406	702	0	0
2026.07.24	07:45:00	186.406	186.424	186.393	186.421	693	0	0
2026.07.24	08:00:00	186.421	186.443	186.410	186.430	659	0	0
2026.07.24	08:15:00	186.430	186.458	186.429	186.441	622	0	0
2026.07.24	08:30:00	186.441	186.479	186.426	186.435	953	0	0
2026.07.24	08:45:00	186.435	186.438	186.398	186.415	855	0	0
2026.07.24	09:00:00	186.415	186.434	186.361	186.412	1264	0	0
2026.07.24	09:15:00	186.412	186.485	186.401	186.479	1250	0	0
2026.07.24	09:30:00	186.479	186.499	186.438	186.444	1198	0	0
2026.07.24	09:45:00	186.444	186.483	186.443	186.476	1178	0	0
2026.07.24	10:00:00	186.476	186.542	186.407	186.507	2174	0	0
2026.07.24	10:15:00	186.507	186.606	186.505	186.568	1553	0	0
2026.07.24	10:30:00	186.568	186.599	186.536	186.577	1735	0	0
2026.07.24	10:45:00	186.577	186.588	186.525	186.529	1370	0	0
2026.07.24	11:00:00	186.529	186.540	186.495	186.500	1662	0	0
2026.07.24	11:15:00	186.500	186.512	186.430	186.455	1501	0	0
2026.07.24	11:30:00	186.455	186.481	186.425	186.472	1310	0	0
2026.07.24	11:45:00	186.472	186.475	186.376	186.382	1485	0	0
2026.07.24	12:00:00	186.382	186.449	186.380	186.419	1160	0	0
2026.07.24	12:15:00	186.419	186.462	186.394	186.453	981	0	0
2026.07.24	12:30:00	186.453	186.469	186.413	186.426	986	0	0
2026.07.24	12:45:00	186.426	186.446	186.397	186.426	1149	0	0
2026.07.24	13:00:00	186.426	186.486	186.409	186.454	940	0	0
2026.07.24	13:15:00	186.454	186.520	186.443	186.480	1056	0	0
2026.07.24	13:30:00	186.480	186.513	186.471	186.474	963	0	0
2026.07.24	13:45:00	186.474	186.494	186.422	186.445	1046	0	0
2026.07.24	14:00:00	186.445	186.501	186.421	186.499	1155	0	0
2026.07.24	14:15:00	186.499	186.499	186.425	186.425	843	0	0
2026.07.24	14:30:00	186.425	186.425	186.379	186.404	1000	0	0
2026.07.24	14:45:00	186.404	186.420	186.298	186.328	1809	0	0
2026.07.24	15:00:00	186.328	186.387	186.297	186.374	1629	0	0
2026.07.24	15:15:00	186.374	186.380	186.329	186.342	1209	0	0
2026.07.24	15:30:00	186.342	186.354	186.240	186.246	1407	0	0
2026.07.24	15:45:00	186.246	186.308	186.245	186.306	1225	0	0
2026.07.24	16:00:00	186.286	186.330	186.244	186.299	1363	0	0
2026.07.24	16:15:00	186.299	186.361	186.290	186.322	1538	0	0
2026.07.24	16:30:00	186.322	186.344	186.274	186.320	1482	0	0
2026.07.24	16:45:00	186.320	186.352	186.277	186.327	2134	0	0
2026.07.24	17:00:00	186.327	186.368	186.277	186.305	2155	0	0
2026.07.24	17:15:00	186.305	186.355	186.288	186.317	1600	0	0
2026.07.24	17:30:00	186.317	186.355	186.296	186.299	1458	0	0
2026.07.24	17:45:00	186.299	186.346	186.242	186.325	2359	0	0
2026.07.24	18:00:00	186.325	186.418	186.319	186.389	2356	0	0
2026.07.24	18:15:00	186.389	186.417	186.358	186.363	2150	0	0
2026.07.24	18:30:00	186.363	186.442	186.357	186.402	1665	0	0
2026.07.24	18:45:00	186.402	186.426	186.374	186.378	1035	0	0
2026.07.24	19:00:00	186.378	186.404	186.345	186.391	1289	0	0
2026.07.24	19:15:00	186.390	186.405	186.360	186.377	987	0	0
2026.07.24	19:30:00	186.377	186.382	186.348	186.355	1202	0	0
2026.07.24	19:45:00	186.355	186.372	186.334	186.347	860	0	0
2026.07.24	20:00:00	186.346	186.361	186.267	186.280	1709	0	0
2026.07.24	20:15:00	186.280	186.295	186.253	186.283	1133	0	0
2026.07.24	20:30:00	186.283	186.297	186.247	186.258	815	0	0
2026.07.24	20:45:00	186.257	186.264	186.239	186.248	783	0	0
2026.07.24	21:00:00	186.248	186.267	186.231	186.257	653	0	0
2026.07.24	21:15:00	186.257	186.273	186.238	186.272	759	0	0
2026.07.24	21:30:00	186.273	186.279	186.256	186.267	597	0	0
2026.07.24	21:45:00	186.267	186.292	186.267	186.286	510	0	0
2026.07.24	22:00:00	186.286	186.291	186.263	186.280	559	0	0
2026.07.24	22:15:00	186.280	186.293	186.262	186.276	441	0	0
2026.07.24	22:30:00	186.276	186.314	186.271	186.294	807	0	0
2026.07.24	22:45:00	186.294	186.307	186.282	186.301	792	0	0
2026.07.24	23:00:00	186.301	186.307	186.291	186.297	273	0	0
2026.07.24	23:15:00	186.297	186.298	186.274	186.284	237	0	0
