<DATE>	<TIME>	<OPEN>	<HIGH>	<LOW>	<CLOSE>	<TICKVOL>	<VOL>	<SPREAD>
2026.07.20	00:00:00	1.14269	1.14269	1.14253	1.14253	2	0	32
2026.07.20	00:01:00	1.14253	1.14253	1.14253	1.14253	1	0	49
2026.07.20	00:02:00	1.14266	1.14266	1.14264	1.14264	2	0	12
2026.07.20	00:03:00	1.14264	1.14264	1.14264	1.14264	1	0	12
2026.07.20	00:04:00	1.14264	1.14264	1.14264	1.14264	1	0	12
2026.07.20	00:05:00	1.14264	1.14279	1.14264	1.14278	14	0	2
2026.07.20	00:06:00	1.14278	1.14278	1.14270	1.14270	7	0	3
2026.07.20	00:07:00	1.14270	1.14286	1.14270	1.14286	13	0	4
2026.07.20	00:08:00	1.14285	1.14286	1.14285	1.14285	9	0	11
2026.07.20	00:09:00	1.14285	1.14286	1.14285	1.14285	3	0	11
2026.07.20	00:10:00	1.14285	1.14300	1.14285	1.14289	14	0	0
2026.07.20	00:11:00	1.14289	1.14297	1.14287	1.14297	5	0	2
2026.07.20	00:12:00	1.14296	1.14296	1.14295	1.14296	3	0	4
2026.07.20	00:13:00	1.14296	1.14296	1.14296	1.14296	1	0	4
2026.07.20	00:14:00	1.14296	1.14296	1.14295	1.14295	2	0	4
2026.07.20	00:15:00	1.14295	1.14298	1.14289	1.14289	8	0	2
2026.07.20	00:16:00	1.14289	1.14289	1.14253	1.14288	4	0	11
2026.07.20	00:17:00	1.14288	1.14292	1.14288	1.14290	4	0	8
2026.07.20	00:18:00	1.14290	1.14291	1.14289	1.14289	8	0	5
2026.07.20	00:19:00	1.14289	1.14291	1.14287	1.14289	104	0	4
2026.07.20	00:20:00	1.14289	1.14290	1.14287	1.14287	7	0	5
2026.07.20	00:21:00	1.14287	1.14287	1.14287	1.14287	1	0	7
2026.07.20	00:22:00	1.14287	1.14310	1.14287	1.14299	4	0	0
2026.07.20	00:23:00	1.14299	1.14299	1.14298	1.14298	92	0	10
2026.07.20	00:24:00	1.14298	1.14303	1.14291	1.14303	7	0	9
2026.07.20	00:25:00	1.14302	1.14303	1.14302	1.14303	32	0	8
2026.07.20	00:26:00	1.14303	1.14303	1.14303	1.14303	1	0	8
2026.07.20	00:27:00	1.14303	1.14308	1.14295	1.14295	23	0	3
2026.07.20	00:28:00	1.14295	1.14309	1.14294	1.14308	39	0	3
2026.07.20	00:29:00	1.14308	1.14310	1.14307	1.14310	12	0	2
2026.07.20	00:30:00	1.14310	1.14310	1.14296	1.14303	3	0	2
2026.07.20	00:31:00	1.14303	1.14303	1.14294	1.14294	6	0	12
2026.07.20	00:32:00	1.14294	1.14304	1.14294	1.14303	6	0	12
2026.07.20	00:33:00	1.14304	1.14304	1.14304	1.14304	1	0	12
2026.07.20	00:34:00	1.14304	1.14304	1.14286	1.14294	21	0	0
2026.07.20	00:35:00	1.14293	1.14294	1.14293	1.14293	9	0	12
2026.07.20	00:36:00	1.14293	1.14296	1.14291	1.14296	6	0	7
2026.07.20	00:37:00	1.14296	1.14313	1.14296	1.14312	24	0	0
2026.07.20	00:38:00	1.14312	1.14312	1.14308	1.14309	8	0	7
2026.07.20	00:39:00	1.14309	1.14309	1.14302	1.14302	12	0	0
2026.07.20	00:40:00	1.14302	1.14308	1.14301	1.14308	8	0	0
2026.07.20	00:41:00	1.14308	1.14308	1.14308	1.14308	1	0	5
2026.07.20	00:42:00	1.14308	1.14308	1.14307	1.14307	2	0	4
2026.07.20	00:43:00	1.14307	1.14307	1.14306	1.14306	2	0	6
2026.07.20	00:44:00	1.14306	1.14316	1.14306	1.14306	3	0	0
2026.07.20	00:45:00	1.14306	1.14312	1.14306	1.14311	5	0	0
2026.07.20	00:46:00	1.14312	1.14315	1.14311	1.14314	6	0	11
2026.07.20	00:47:00	1.14314	1.14314	1.14314	1.14314	1	0	12
2026.07.20	00:48:00	1.14314	1.14314	1.14308	1.14311	8	0	10
2026.07.20	00:49:00	1.14311	1.14316	1.14311	1.14313	6	0	8
2026.07.20	00:50:00	1.14313	1.14313	1.14311	1.14311	6	0	7
2026.07.20	00:51:00	1.14311	1.14311	1.14311	1.14311	1	0	9
2026.07.20	00:52:00	1.14311	1.14311	1.14311	1.14311	1	0	9
2026.07.20	00:53:00	1.14311	1.14311	1.14311	1.14311	1	0	7
2026.07.20	00:54:00	1.14311	1.14311	1.14311	1.14311	1	0	7
2026.07.20	00:55:00	1.14311	1.14311	1.14306	1.14308	9	0	0
2026.07.20	00:56:00	1.14308	1.14310	1.14299	1.14306	12	0	0
2026.07.20	00:57:00	1.14306	1.14307	1.14289	1.14301	14	0	0
2026.07.20	00:58:00	1.14301	1.14302	1.14301	1.14302	2	0	1
2026.07.20	00:59:00	1.14302	1.14302	1.14295	1.14295	7	0	0
2026.07.20	01:00:00	1.14295	1.14308	1.14261	1.14274	197	0	0
2026.07.20	01:01:00	1.14274	1.14282	1.14246	1.14260	196	0	0
2026.07.20	01:02:00	1.14260	1.14286	1.14257	1.14261	118	0	0
2026.07.20	01:03:00	1.14261	1.14274	1.14256	1.14263	98	0	0
2026.07.20	01:04:00	1.14263	1.14274	1.14254	1.14262	158	0	0
2026.07.20	01:05:00	1.14262	1.14275	1.14262	1.14270	95	0	0
2026.07.20	01:06:00	1.14270	1.14274	1.14268	1.14271	96	0	0
2026.07.20	01:07:00	1.14271	1.14293	1.14268	1.14288	104	0	0
2026.07.20	01:08:00	1.14288	1.14289	1.14272	1.14278	111	0	0
2026.07.20	01:09:00	1.14278	1.14296	1.14273	1.14296	123	0	0
2026.07.20	01:10:00	1.14296	1.14296	1.14286	1.14290	108	0	0
2026.07.20	01:11:00	1.14290	1.14306	1.14290	1.14301	66	0	0
2026.07.20	01:12:00	1.14301	1.14302	1.14296	1.14301	87	0	0
2026.07.20	01:13:00	1.14301	1.14312	1.14296	1.14298	175	0	0
2026.07.20	01:14:00	1.14298	1.14308	1.14293	1.14297	152	0	0
2026.07.20	01:15:00	1.14297	1.14310	1.14296	1.14307	189	0	0
2026.07.20	01:16:00	1.14307	1.14315	1.14305	1.14309	125	0	0
2026.07.20	01:17:00	1.14309	1.14310	1.14285	1.14287	209	0	0
2026.07.20	01:18:00	1.14287	1.14290	1.14275	1.14289	193	0	0
2026.07.20	01:19:00	1.14289	1.14293	1.14279	1.14289	194	0	0
2026.07.20	01:20:00	1.14289	1.14296	1.14284	1.14292	203	0	0
2026.07.20	01:21:00	1.14291	1.14294	1.14281	1.14283	107	0	0
2026.07.20	01:22:00	1.14285	1.14291	1.14281	1.14282	148	0	0
2026.07.20	01:23:00	1.14282	1.14293	1.14280	1.14290	150	0	0
2026.07.20	01:24:00	1.14290	1.14290	1.14278	1.14279	102	0	0
2026.07.20	01:25:00	1.14279	1.14280	1.14273	1.14277	119	0	0
2026.07.20	01:26:00	1.14278	1.14281	1.14270	1.14272	169	0	0
2026.07.20	01:27:00	1.14271	1.14273	1.14262	1.14270	134	0	0
2026.07.20	01:28:00	1.14270	1.14280	1.14268	1.14275	174	0	0
2026.07.20	01:29:00	1.14276	1.14280	1.14272	1.14273	125	0	0
2026.07.20	01:30:00	1.14273	1.14279	1.14264	1.14275	239	0	0
2026.07.20	01:31:00	1.14275	1.14284	1.14268	1.14269	136	0	0
2026.07.20	01:32:00	1.14269	1.14284	1.14268	1.14282	166	0	0
2026.07.20	01:33:00	1.14281	1.14293	1.14280	1.14292	158	0	0
2026.07.20	01:34:00	1.14292	1.14301	1.14286	1.14286	159	0	0
2026.07.20	01:35:00	1.14286	1.14291	1.14285	1.14286	124	0	0
2026.07.20	01:36:00	1.14286	1.14290	1.14282	1.14284	144	0	0
2026.07.20	01:37:00	1.14284	1.14288	1.14282	1.14286	100	0	0
2026.07.20	01:38:00	1.14285	1.14291	1.14281	1.14287	90	0	0
2026.07.20	01:39:00	1.14287	1.14290	1.14282	1.14283	82	0	0
2026.07.20	01:40:00	1.14283	1.14285	1.14276	1.14276	87	0	0
2026.07.20	01:41:00	1.14276	1.14286	1.14276	1.14285	131	0	0
2026.07.20	01:42:00	1.14285	1.14291	1.14283	1.14287	80	0	0
2026.07.20	01:43:00	1.14287	1.14292	1.14286	1.14289	62	0	0
2026.07.20	01:44:00	1.14289	1.14290	1.14279	1.14281	58	0	0
2026.07.20	01:45:00	1.14281	1.14283	1.14280	1.14283	35	0	0
2026.07.20	01:46:00	1.14285	1.14285	1.14276	1.14277	24	0	0
2026.07.20	01:47:00	1.14277	1.14280	1.14274	1.14275	79	0	0
2026.07.20	01:48:00	1.14277	1.14279	1.14273	1.14277	66	0	0
2026.07.20	01:49:00	1.14277	1.14281	1.14276	1.14278	36	0	0
2026.07.20	01:50:00	1.14278	1.14280	1.14272	1.14274	38	0	0
2026.07.20	01:51:00	1.14274	1.14281	1.14272	1.14280	77	0	0
2026.07.20	01:52:00	1.14279	1.14280	1.14264	1.14268	122	0	0
2026.07.20	01:53:00	1.14268	1.14271	1.14266	1.14269	78	0	0
2026.07.20	01:54:00	1.14269	1.14270	1.14265	1.14265	80	0	0
2026.07.20	01:55:00	1.14266	1.14271	1.14264	1.14267	79	0	0
2026.07.20	01:56:00	1.14268	1.14270	1.14265	1.14265	75	0	0
2026.07.20	01:57:00	1.14265	1.14272	1.14265	1.14269	58	0	0
2026.07.20	01:58:00	1.14269	1.14271	1.14264	1.14267	57	0	0
2026.07.20	01:59:00	1.14267	1.14268	1.14262	1.14264	67	0	0
2026.07.20	02:00:00	1.14264	1.14271	1.14261	1.14267	164	0	0
2026.07.20	02:01:00	1.14267	1.14270	1.14256	1.14260	105	0	0
2026.07.20	02:02:00	1.14260	1.14264	1.14253	1.14254	136	0	0
2026.07.20	02:03:00	1.14254	1.14261	1.14253	1.14259	96	0	0
2026.07.20	02:04:00	1.14259	1.14260	1.14253	1.14253	128	0	0
2026.07.20	02:05:00	1.14253	1.14259	1.14253	1.14258	96	0	0
2026.07.20	02:06:00	1.14258	1.14261	1.14257	1.14260	93	0	0
2026.07.20	02:07:00	1.14261	1.14263	1.14260	1.14260	55	0	0
2026.07.20	02:08:00	1.14260	1.14261	1.14257	1.14260	65	0	0
2026.07.20	02:09:00	1.14260	1.14262	1.14257	1.14261	87	0	0
2026.07.20	02:10:00	1.14261	1.14263	1.14258	1.14262	67	0	0
2026.07.20	02:11:00	1.14262	1.14265	1.14258	1.14258	79	0	0
2026.07.20	02:12:00	1.14258	1.14264	1.14258	1.14261	51	0	0
2026.07.20	02:13:00	1.14261	1.14261	1.14254	1.14255	60	0	0
2026.07.20	02:14:00	1.14255	1.14257	1.14250	1.14251	62	0	0
2026.07.20	02:15:00	1.14253	1.14256	1.14252	1.14256	79	0	0
2026.07.20	02:16:00	1.14256	1.14257	1.14252	1.14254	63	0	0
2026.07.20	02:17:00	1.14253	1.14260	1.14252	1.14255	77	0	0
2026.07.20	02:18:00	1.14255	1.14256	1.14252	1.14253	51	0	0
2026.07.20	02:19:00	1.14252	1.14254	1.14239	1.14245	82	0	0
2026.07.20	02:20:00	1.14243	1.14246	1.14242	1.14244	100	0	0
2026.07.20	02:21:00	1.14244	1.14245	1.14241	1.14242	68	0	0
2026.07.20	02:22:00	1.14242	1.14246	1.14241	1.14244	51	0	0
2026.07.20	02:23:00	1.14244	1.14247	1.14237	1.14240	51	0	0
2026.07.20	02:24:00	1.14240	1.14251	1.14238	1.14248	78	0	0
2026.07.20	02:25:00	1.14247	1.14253	1.14247	1.14250	93	0	0
2026.07.20	02:26:00	1.14251	1.14251	1.14245	1.14249	81	0	0
2026.07.20	02:27:00	1.14249	1.14250	1.14247	1.14249	63	0	0
2026.07.20	02:28:00	1.14249	1.14258	1.14248	1.14255	47	0	0
2026.07.20	02:29:00	1.14255	1.14257	1.14253	1.14253	60	0	0
2026.07.20	02:30:00	1.14253	1.14255	1.14253	1.14253	15	0	0
2026.07.20	02:31:00	1.14253	1.14256	1.14253	1.14253	49	0	0
2026.07.20	02:32:00	1.14253	1.14255	1.14251	1.14253	57	0	0
2026.07.20	02:33:00	1.14253	1.14255	1.14248	1.14248	52	0	0
2026.07.20	02:34:00	1.14248	1.14251	1.14247	1.14248	49	0	0
2026.07.20	02:35:00	1.14248	1.14254	1.14248	1.14251	65	0	0
2026.07.20	02:36:00	1.14250	1.14261	1.14247	1.14261	73	0	0
2026.07.20	02:37:00	1.14261	1.14263	1.14253	1.14258	152	0	0
2026.07.20	02:38:00	1.14258	1.14259	1.14253	1.14254	80	0	0
2026.07.20	02:39:00	1.14254	1.14257	1.14254	1.14254	46	0	0
2026.07.20	02:40:00	1.14254	1.14263	1.14253	1.14262	93	0	0
2026.07.20	02:41:00	1.14262	1.14263	1.14258	1.14261	55	0	0
2026.07.20	02:42:00	1.14260	1.14271	1.14259	1.14271	66	0	0
2026.07.20	02:43:00	1.14271	1.14271	1.14264	1.14267	104	0	0
2026.07.20	02:44:00	1.14267	1.14270	1.14266	1.14267	43	0	0
2026.07.20	02:45:00	1.14267	1.14271	1.14257	1.14257	108	0	0
2026.07.20	02:46:00	1.14257	1.14260	1.14253	1.14259	154	0	0
2026.07.20	02:47:00	1.14258	1.14262	1.14257	1.14261	166	0	0
2026.07.20	02:48:00	1.14261	1.14271	1.14259	1.14267	97	0	0
2026.07.20	02:49:00	1.14267	1.14272	1.14267	1.14268	72	0	0
2026.07.20	02:50:00	1.14268	1.14276	1.14267	1.14268	140	0	0
2026.07.20	02:51:00	1.14268	1.14274	1.14268	1.14270	166	0	0
2026.07.20	02:52:00	1.14270	1.14277	1.14268	1.14273	134	0	0
2026.07.20	02:53:00	1.14273	1.14277	1.14262	1.14262	111	0	0
2026.07.20	02:54:00	1.14262	1.14263	1.14252	1.14258	129	0	0
2026.07.20	02:55:00	1.14258	1.14266	1.14258	1.14265	107	0	0
2026.07.20	02:56:00	1.14265	1.14276	1.14264	1.14274	108	0	0
2026.07.20	02:57:00	1.14274	1.14275	1.14265	1.14268	139	0	0
2026.07.20	02:58:00	1.14268	1.14271	1.14264	1.14267	139	0	0
2026.07.20	02:59:00	1.14267	1.14276	1.14265	1.14276	140	0	0
2026.07.20	03:00:00	1.14276	1.14279	1.14264	1.14269	276	0	0
2026.07.20	03:01:00	1.14268	1.14282	1.14267	1.14274	310	0	0
2026.07.20	03:02:00	1.14274	1.14281	1.14267	1.14277	220	0	0
2026.07.20	03:03:00	1.14277	1.14287	1.14276	1.14286	171	0	0
2026.07.20	03:04:00	1.14287	1.14296	1.14281	1.14293	176	0	0
2026.07.20	03:05:00	1.14292	1.14298	1.14290	1.14297	148	0	0
2026.07.20	03:06:00	1.14297	1.14300	1.14292	1.14296	151	0	0
2026.07.20	03:07:00	1.14296	1.14303	1.14290	1.14295	240	0	0
2026.07.20	03:08:00	1.14295	1.14311	1.14292	1.14309	204	0	0
2026.07.20	03:09:00	1.14310	1.14313	1.14303	1.14304	175	0	0
2026.07.20	03:10:00	1.14304	1.14308	1.14303	1.14307	113	0	0
2026.07.20	03:11:00	1.14307	1.14311	1.14299	1.14303	112	0	0
2026.07.20	03:12:00	1.14302	1.14306	1.14301	1.14306	147	0	0
2026.07.20	03:13:00	1.14305	1.14309	1.14301	1.14306	221	0	0
2026.07.20	03:14:00	1.14306	1.14306	1.14294	1.14296	152	0	0
2026.07.20	03:15:00	1.14296	1.14314	1.14296	1.14311	257	0	0
2026.07.20	03:16:00	1.14311	1.14315	1.14308	1.14312	136	0	0
2026.07.20	03:17:00	1.14312	1.14322	1.14308	1.14312	172	0	0
2026.07.20	03:18:00	1.14312	1.14313	1.14307	1.14311	149	0	0
2026.07.20	03:19:00	1.14311	1.14318	1.14309	1.14317	171	0	0
2026.07.20	03:20:00	1.14317	1.14321	1.14311	1.14313	145	0	0
2026.07.20	03:21:00	1.14313	1.14316	1.14311	1.14312	157	0	0
2026.07.20	03:22:00	1.14313	1.14313	1.14305	1.14308	150	0	0
2026.07.20	03:23:00	1.14308	1.14325	1.14306	1.14325	221	0	0
2026.07.20	03:24:00	1.14325	1.14328	1.14319	1.14325	201	0	0
2026.07.20	03:25:00	1.14325	1.14330	1.14321	1.14324	154	0	0
2026.07.20	03:26:00	1.14324	1.14327	1.14318	1.14318	127	0	0
2026.07.20	03:27:00	1.14318	1.14323	1.14315	1.14318	188	0	0
2026.07.20	03:28:00	1.14318	1.14323	1.14316	1.14318	159	0	0
2026.07.20	03:29:00	1.14318	1.14326	1.14316	1.14325	160	0	0
2026.07.20	03:30:00	1.14325	1.14325	1.14310	1.14312	174	0	0
2026.07.20	03:31:00	1.14312	1.14320	1.14311	1.14315	277	0	0
2026.07.20	03:32:00	1.14315	1.14317	1.14308	1.14311	114	0	0
2026.07.20	03:33:00	1.14311	1.14315	1.14308	1.14313	117	0	0
2026.07.20	03:34:00	1.14314	1.14316	1.14309	1.14313	156	0	0
2026.07.20	03:35:00	1.14313	1.14318	1.14308	1.14312	135	0	0
2026.07.20	03:36:00	1.14312	1.14312	1.14303	1.14307	164	0	0
2026.07.20	03:37:00	1.14306	1.14311	1.14304	1.14310	162	0	0
2026.07.20	03:38:00	1.14310	1.14311	1.14303	1.14309	112	0	0
2026.07.20	03:39:00	1.14308	1.14311	1.14306	1.14307	159	0	0
2026.07.20	03:40:00	1.14307	1.14315	1.14307	1.14313	164	0	0
2026.07.20	03:41:00	1.14313	1.14320	1.14313	1.14314	159	0	0
2026.07.20	03:42:00	1.14314	1.14317	1.14313	1.14313	173	0	0
2026.07.20	03:43:00	1.14313	1.14316	1.14312	1.14314	104	0	0
2026.07.20	03:44:00	1.14314	1.14321	1.14314	1.14317	62	0	0
2026.07.20	03:45:00	1.14316	1.14328	1.14316	1.14328	157	0	0
2026.07.20	03:46:00	1.14328	1.14328	1.14321	1.14327	105	0	0
2026.07.20	03:47:00	1.14327	1.14328	1.14319	1.14320	140	0	0
2026.07.20	03:48:00	1.14320	1.14324	1.14317	1.14322	89	0	0
2026.07.20	03:49:00	1.14322	1.14324	1.14318	1.14322	113	0	0
2026.07.20	03:50:00	1.14321	1.14327	1.14319	1.14320	103	0	0
2026.07.20	03:51:00	1.14320	1.14330	1.14318	1.14329	116	0	0
2026.07.20	03:52:00	1.14327	1.14332	1.14326	1.14332	88	0	0
2026.07.20	03:53:00	1.14332	1.14334	1.14322	1.14325	111	0	0
2026.07.20	03:54:00	1.14325	1.14334	1.14323	1.14329	184	0	0
2026.07.20	03:55:00	1.14329	1.14336	1.14328	1.14333	120	0	0
2026.07.20	03:56:00	1.14333	1.14335	1.14327	1.14333	135	0	0
2026.07.20	03:57:00	1.14333	1.14337	1.14329	1.14336	141	0	0
2026.07.20	03:58:00	1.14336	1.14337	1.14329	1.14334	172	0	0
2026.07.20	03:59:00	1.14335	1.14337	1.14329	1.14334	163	0	0
2026.07.20	04:00:00	1.14334	1.14356	1.14334	1.14353	332	0	0
2026.07.20	04:01:00	1.14353	1.14357	1.14348	1.14356	164	0	0
2026.07.20	04:02:00	1.14356	1.14357	1.14349	1.14355	178	0	0
2026.07.20	04:03:00	1.14355	1.14356	1.14348	1.14354	231	0	0
2026.07.20	04:04:00	1.14354	1.14355	1.14348	1.14352	198	0	0
2026.07.20	04:05:00	1.14352	1.14357	1.14345	1.14346	188	0	0
2026.07.20	04:06:00	1.14346	1.14351	1.14345	1.14351	151	0	0
2026.07.20	04:07:00	1.14351	1.14352	1.14344	1.14346	98	0	0
2026.07.20	04:08:00	1.14346	1.14347	1.14337	1.14345	145	0	0
2026.07.20	04:09:00	1.14345	1.14353	1.14345	1.14353	110	0	0
2026.07.20	04:10:00	1.14353	1.14353	1.14343	1.14345	171	0	0
2026.07.20	04:11:00	1.14345	1.14349	1.14333	1.14337	108	0	0
2026.07.20	04:12:00	1.14337	1.14337	1.14318	1.14318	160	0	0
2026.07.20	04:13:00	1.14319	1.14325	1.14318	1.14324	166	0	0
2026.07.20	04:14:00	1.14324	1.14326	1.14315	1.14321	165	0	0
2026.07.20	04:15:00	1.14320	1.14327	1.14317	1.14326	221	0	0
2026.07.20	04:16:00	1.14325	1.14333	1.14321	1.14331	230	0	0
2026.07.20	04:17:00	1.14331	1.14331	1.14324	1.14329	249	0	0
2026.07.20	04:18:00	1.14329	1.14332	1.14323	1.14325	218	0	0
2026.07.20	04:19:00	1.14325	1.14329	1.14320	1.14323	194	0	0
2026.07.20	04:20:00	1.14323	1.14324	1.14314	1.14321	211	0	0
2026.07.20	04:21:00	1.14321	1.14324	1.14318	1.14321	158	0	0
2026.07.20	04:22:00	1.14321	1.14327	1.14319	1.14326	145	0	0
2026.07.20	04:23:00	1.14326	1.14334	1.14324	1.14328	196	0	0
2026.07.20	04:24:00	1.14330	1.14334	1.14328	1.14332	145	0	0
2026.07.20	04:25:00	1.14332	1.14341	1.14329	1.14339	139	0	0
2026.07.20	04:26:00	1.14340	1.14345	1.14333	1.14343	189	0	0
2026.07.20	04:27:00	1.14343	1.14344	1.14333	1.14334	178	0	0
2026.07.20	04:28:00	1.14333	1.14337	1.14332	1.14332	143	0	0
2026.07.20	04:29:00	1.14334	1.14347	1.14334	1.14346	182	0	0
2026.07.20	04:30:00	1.14345	1.14354	1.14343	1.14350	152	0	0
2026.07.20	04:31:00	1.14350	1.14351	1.14342	1.14347	118	0	0
2026.07.20	04:32:00	1.14347	1.14358	1.14345	1.14357	173	0	0
2026.07.20	04:33:00	1.14357	1.14358	1.14347	1.14350	196	0	0
2026.07.20	04:34:00	1.14348	1.14350	1.14343	1.14346	120	0	0
2026.07.20	04:35:00	1.14346	1.14348	1.14342	1.14343	119	0	0
2026.07.20	04:36:00	1.14344	1.14350	1.14341	1.14343	185	0	0
2026.07.20	04:37:00	1.14343	1.14348	1.14340	1.14345	215	0	0
2026.07.20	04:38:00	1.14345	1.14349	1.14341	1.14343	114	0	0
2026.07.20	04:39:00	1.14343	1.14347	1.14339	1.14344	139	0	0
2026.07.20	04:40:00	1.14344	1.14346	1.14339	1.14343	108	0	0
2026.07.20	04:41:00	1.14343	1.14349	1.14338	1.14339	121	0	0
2026.07.20	04:42:00	1.14339	1.14348	1.14335	1.14341	282	0	0
2026.07.20	04:43:00	1.14341	1.14342	1.14317	1.14322	231	0	0
2026.07.20	04:44:00	1.14322	1.14331	1.14315	1.14331	165	0	0
2026.07.20	04:45:00	1.14331	1.14338	1.14327	1.14333	145	0	0
2026.07.20	04:46:00	1.14333	1.14338	1.14331	1.14333	137	0	0
2026.07.20	04:47:00	1.14333	1.14333	1.14325	1.14327	137	0	0
2026.07.20	04:48:00	1.14327	1.14338	1.14323	1.14337	154	0	0
2026.07.20	04:49:00	1.14337	1.14338	1.14331	1.14335	118	0	0
2026.07.20	04:50:00	1.14335	1.14338	1.14328	1.14330	195	0	0
2026.07.20	04:51:00	1.14332	1.14332	1.14325	1.14328	148	0	0
2026.07.20	04:52:00	1.14328	1.14338	1.14326	1.14338	182	0	0
2026.07.20	04:53:00	1.14338	1.14342	1.14334	1.14338	118	0	0
2026.07.20	04:54:00	1.14338	1.14340	1.14333	1.14337	138	0	0
2026.07.20	04:55:00	1.14337	1.14353	1.14337	1.14347	125	0	0
2026.07.20	04:56:00	1.14346	1.14350	1.14345	1.14346	102	0	0
2026.07.20	04:57:00	1.14346	1.14366	1.14345	1.14358	117	0	0
2026.07.20	04:58:00	1.14358	1.14362	1.14353	1.14358	151	0	0
2026.07.20	04:59:00	1.14358	1.14364	1.14356	1.14361	112	0	0
2026.07.20	05:00:00	1.14360	1.14373	1.14346	1.14349	232	0	0
2026.07.20	05:01:00	1.14349	1.14365	1.14349	1.14362	164	0	0
2026.07.20	05:02:00	1.14362	1.14366	1.14359	1.14363	155	0	0
2026.07.20	05:03:00	1.14363	1.14367	1.14356	1.14358	182	0	0
2026.07.20	05:04:00	1.14358	1.14367	1.14358	1.14367	113	0	0
2026.07.20	05:05:00	1.14366	1.14379	1.14363	1.14373	151	0	0
2026.07.20	05:06:00	1.14373	1.14378	1.14371	1.14374	135	0	0
2026.07.20	05:07:00	1.14373	1.14375	1.14367	1.14370	136	0	0
2026.07.20	05:08:00	1.14368	1.14372	1.14359	1.14368	236	0	0
2026.07.20	05:09:00	1.14366	1.14372	1.14363	1.14370	171	0	0
2026.07.20	05:10:00	1.14370	1.14373	1.14359	1.14359	168	0	0
2026.07.20	05:11:00	1.14359	1.14383	1.14358	1.14370	209	0	0
2026.07.20	05:12:00	1.14369	1.14372	1.14364	1.14364	127	0	0
2026.07.20	05:13:00	1.14364	1.14370	1.14363	1.14368	53	0	0
2026.07.20	05:14:00	1.14368	1.14371	1.14363	1.14364	88	0	0
2026.07.20	05:15:00	1.14364	1.14368	1.14360	1.14364	110	0	0
2026.07.20	05:16:00	1.14364	1.14373	1.14364	1.14369	106	0	0
2026.07.20	05:17:00	1.14370	1.14372	1.14366	1.14368	100	0	0
2026.07.20	05:18:00	1.14368	1.14371	1.14362	1.14363	101	0	0
2026.07.20	05:19:00	1.14363	1.14367	1.14361	1.14363	83	0	0
2026.07.20	05:20:00	1.14364	1.14370	1.14363	1.14364	123	0	0
2026.07.20	05:21:00	1.14364	1.14372	1.14364	1.14369	101	0	0
2026.07.20	05:22:00	1.14369	1.14372	1.14367	1.14371	144	0	0
2026.07.20	05:23:00	1.14371	1.14371	1.14366	1.14366	135	0	0
2026.07.20	05:24:00	1.14366	1.14371	1.14365	1.14369	73	0	0
2026.07.20	05:25:00	1.14369	1.14376	1.14369	1.14374	165	0	0
2026.07.20	05:26:00	1.14374	1.14381	1.14374	1.14375	173	0	0
2026.07.20	05:27:00	1.14375	1.14383	1.14373	1.14382	175	0	0
2026.07.20	05:28:00	1.14382	1.14391	1.14379	1.14390	182	0	0
2026.07.20	05:29:00	1.14390	1.14393	1.14388	1.14389	134	0	0
2026.07.20	05:30:00	1.14389	1.14394	1.14386	1.14391	182	0	0
2026.07.20	05:31:00	1.14390	1.14391	1.14385	1.14385	101	0	0
2026.07.20	05:32:00	1.14385	1.14394	1.14383	1.14391	171	0	0
2026.07.20	05:33:00	1.14391	1.14393	1.14382	1.14383	159	0	0
2026.07.20	05:34:00	1.14383	1.14388	1.14381	1.14384	149	0	0
2026.07.20	05:35:00	1.14384	1.14388	1.14380	1.14383	139	0	0
2026.07.20	05:36:00	1.14383	1.14386	1.14381	1.14381	120	0	0
2026.07.20	05:37:00	1.14382	1.14386	1.14378	1.14379	171	0	0
2026.07.20	05:38:00	1.14379	1.14397	1.14379	1.14395	188	0	0
2026.07.20	05:39:00	1.14395	1.14403	1.14392	1.14396	218	0	0
2026.07.20	05:40:00	1.14396	1.14404	1.14391	1.14404	147	0	0
2026.07.20	05:41:00	1.14404	1.14421	1.14402	1.14412	223	0	0
2026.07.20	05:42:00	1.14412	1.14430	1.14411	1.14422	182	0	0
2026.07.20	05:43:00	1.14422	1.14424	1.14413	1.14417	84	0	0
2026.07.20	05:44:00	1.14417	1.14418	1.14407	1.14407	122	0	0
2026.07.20	05:45:00	1.14408	1.14412	1.14407	1.14410	99	0	0
2026.07.20	05:46:00	1.14410	1.14412	1.14401	1.14402	131	0	0
2026.07.20	05:47:00	1.14401	1.14412	1.14396	1.14409	116	0	0
2026.07.20	05:48:00	1.14409	1.14418	1.14409	1.14413	129	0	0
2026.07.20	05:49:00	1.14413	1.14421	1.14407	1.14418	138	0	0
2026.07.20	05:50:00	1.14418	1.14423	1.14418	1.14420	107	0	0
2026.07.20	05:51:00	1.14420	1.14426	1.14418	1.14424	117	0	0
2026.07.20	05:52:00	1.14425	1.14426	1.14418	1.14419	80	0	0
2026.07.20	05:53:00	1.14419	1.14425	1.14419	1.14421	135	0	0
2026.07.20	05:54:00	1.14421	1.14426	1.14418	1.14423	108	0	0
2026.07.20	05:55:00	1.14423	1.14424	1.14414	1.14414	113	0	0
2026.07.20	05:56:00	1.14414	1.14421	1.14413	1.14420	81	0	0
2026.07.20	05:57:00	1.14419	1.14420	1.14414	1.14414	90	0	0
2026.07.20	05:58:00	1.14414	1.14417	1.14412	1.14413	78	0	0
2026.07.20	05:59:00	1.14413	1.14416	1.14407	1.14410	135	0	0
2026.07.20	06:00:00	1.14410	1.14415	1.14408	1.14414	146	0	0
2026.07.20	06:01:00	1.14414	1.14415	1.14408	1.14408	117	0	0
2026.07.20	06:02:00	1.14408	1.14412	1.14401	1.14410	138	0	0
2026.07.20	06:03:00	1.14410	1.14411	1.14403	1.14404	112	0	0
2026.07.20	06:04:00	1.14404	1.14409	1.14399	1.14409	123	0	0
2026.07.20	06:05:00	1.14409	1.14411	1.14402	1.14406	177	0	0
2026.07.20	06:06:00	1.14406	1.14406	1.14400	1.14403	111	0	0
2026.07.20	06:07:00	1.14403	1.14405	1.14399	1.14402	62	0	0
2026.07.20	06:08:00	1.14402	1.14405	1.14397	1.14398	99	0	0
2026.07.20	06:09:00	1.14398	1.14404	1.14397	1.14401	130	0	0
2026.07.20	06:10:00	1.14401	1.14405	1.14398	1.14404	135	0	0
2026.07.20	06:11:00	1.14404	1.14406	1.14400	1.14404	168	0	0
2026.07.20	06:12:00	1.14404	1.14412	1.14402	1.14410	86	0	0
2026.07.20	06:13:00	1.14410	1.14413	1.14402	1.14404	124	0	0
2026.07.20	06:14:00	1.14403	1.14409	1.14403	1.14408	101	0	0
2026.07.20	06:15:00	1.14408	1.14409	1.14403	1.14407	74	0	0
2026.07.20	06:16:00	1.14408	1.14411	1.14405	1.14411	97	0	0
2026.07.20	06:17:00	1.14410	1.14411	1.14405	1.14409	85	0	0
2026.07.20	06:18:00	1.14409	1.14410	1.14401	1.14407	137	0	0
2026.07.20	06:19:00	1.14407	1.14410	1.14404	1.14409	30	0	0
2026.07.20	06:20:00	1.14408	1.14417	1.14407	1.14416	108	0	0
2026.07.20	06:21:00	1.14416	1.14416	1.14411	1.14415	91	0	0
2026.07.20	06:22:00	1.14415	1.14417	1.14411	1.14414	145	0	0
2026.07.20	06:23:00	1.14414	1.14416	1.14408	1.14410	123	0	0
2026.07.20	06:24:00	1.14410	1.14413	1.14409	1.14409	93	0	0
2026.07.20	06:25:00	1.14409	1.14411	1.14408	1.14410	49	0	0
2026.07.20	06:26:00	1.14410	1.14413	1.14408	1.14408	64	0	0
2026.07.20	06:27:00	1.14408	1.14410	1.14408	1.14409	28	0	0
2026.07.20	06:28:00	1.14409	1.14411	1.14403	1.14409	145	0	0
2026.07.20	06:29:00	1.14409	1.14411	1.14407	1.14411	116	0	0
2026.07.20	06:30:00	1.14411	1.14412	1.14407	1.14408	92	0	0
2026.07.20	06:31:00	1.14408	1.14412	1.14408	1.14408	82	0	0
2026.07.20	06:32:00	1.14408	1.14414	1.14407	1.14411	156	0	0
2026.07.20	06:33:00	1.14411	1.14415	1.14409	1.14412	104	0	0
2026.07.20	06:34:00	1.14412	1.14415	1.14409	1.14413	63	0	0
2026.07.20	06:35:00	1.14412	1.14415	1.14406	1.14408	166	0	0
2026.07.20	06:36:00	1.14408	1.14410	1.14403	1.14410	72	0	0
2026.07.20	06:37:00	1.14409	1.14414	1.14407	1.14410	101	0	0
2026.07.20	06:38:00	1.14410	1.14413	1.14407	1.14408	102	0	0
2026.07.20	06:39:00	1.14408	1.14413	1.14407	1.14412	69	0	0
2026.07.20	06:40:00	1.14413	1.14413	1.14408	1.14409	116	0	0
2026.07.20	06:41:00	1.14409	1.14422	1.14409	1.14417	76	0	0
2026.07.20	06:42:00	1.14417	1.14426	1.14417	1.14423	151	0	0
2026.07.20	06:43:00	1.14423	1.14427	1.14421	1.14423	105	0	0
2026.07.20	06:44:00	1.14423	1.14427	1.14422	1.14423	90	0	0
2026.07.20	06:45:00	1.14423	1.14426	1.14422	1.14422	44	0	0
2026.07.20	06:46:00	1.14422	1.14425	1.14419	1.14420	99	0	0
2026.07.20	06:47:00	1.14419	1.14422	1.14418	1.14422	147	0	0
2026.07.20	06:48:00	1.14422	1.14423	1.14419	1.14422	60	0	0
2026.07.20	06:49:00	1.14422	1.14424	1.14418	1.14418	89	0	0
2026.07.20	06:50:00	1.14419	1.14423	1.14416	1.14422	59	0	0
2026.07.20	06:51:00	1.14422	1.14423	1.14419	1.14420	79	0	0
2026.07.20	06:52:00	1.14420	1.14426	1.14419	1.14426	99	0	0
2026.07.20	06:53:00	1.14426	1.14427	1.14423	1.14425	98	0	0
2026.07.20	06:54:00	1.14426	1.14426	1.14423	1.14423	76	0	0
2026.07.20	06:55:00	1.14423	1.14426	1.14416	1.14419	137	0	0
2026.07.20	06:56:00	1.14420	1.14422	1.14417	1.14417	67	0	0
2026.07.20	06:57:00	1.14417	1.14422	1.14417	1.14421	99	0	0
2026.07.20	06:58:00	1.14421	1.14423	1.14419	1.14420	90	0	0
2026.07.20	06:59:00	1.14420	1.14423	1.14417	1.14418	69	0	0
2026.07.20	07:00:00	1.14418	1.14427	1.14418	1.14426	150	0	0
2026.07.20	07:01:00	1.14426	1.14427	1.14421	1.14422	145	0	0
2026.07.20	07:02:00	1.14423	1.14425	1.14417	1.14419	64	0	0
2026.07.20	07:03:00	1.14418	1.14421	1.14416	1.14418	102	0	0
2026.07.20	07:04:00	1.14418	1.14421	1.14416	1.14418	125	0	0
2026.07.20	07:05:00	1.14418	1.14421	1.14417	1.14421	78	0	0
2026.07.20	07:06:00	1.14420	1.14421	1.14416	1.14417	49	0	0
2026.07.20	07:07:00	1.14419	1.14420	1.14412	1.14416	115	0	0
2026.07.20	07:08:00	1.14414	1.14420	1.14414	1.14418	70	0	0
2026.07.20	07:09:00	1.14418	1.14422	1.14417	1.14417	79	0	0
2026.07.20	07:10:00	1.14418	1.14429	1.14417	1.14423	80	0	0
2026.07.20	07:11:00	1.14423	1.14430	1.14423	1.14428	43	0	0
2026.07.20	07:12:00	1.14428	1.14430	1.14424	1.14425	127	0	0
2026.07.20	07:13:00	1.14425	1.14427	1.14423	1.14424	108	0	0
2026.07.20	07:14:00	1.14424	1.14427	1.14422	1.14424	34	0	0
2026.07.20	07:15:00	1.14424	1.14432	1.14424	1.14428	141	0	0
2026.07.20	07:16:00	1.14428	1.14433	1.14427	1.14432	100	0	0
2026.07.20	07:17:00	1.14431	1.14435	1.14427	1.14430	147	0	0
2026.07.20	07:18:00	1.14430	1.14433	1.14428	1.14429	61	0	0
2026.07.20	07:19:00	1.14429	1.14431	1.14427	1.14428	57	0	0
2026.07.20	07:20:00	1.14428	1.14435	1.14424	1.14433	151	0	0
2026.07.20	07:21:00	1.14433	1.14434	1.14430	1.14431	59	0	0
2026.07.20	07:22:00	1.14431	1.14435	1.14430	1.14432	51	0	0
2026.07.20	07:23:00	1.14432	1.14433	1.14431	1.14433	18	0	0
2026.07.20	07:24:00	1.14433	1.14436	1.14431	1.14434	75	0	0
2026.07.20	07:25:00	1.14434	1.14441	1.14433	1.14439	65	0	0
2026.07.20	07:26:00	1.14439	1.14448	1.14439	1.14444	46	0	0
2026.07.20	07:27:00	1.14443	1.14448	1.14443	1.14447	70	0	0
2026.07.20	07:28:00	1.14447	1.14447	1.14444	1.14445	59	0	0
2026.07.20	07:29:00	1.14446	1.14447	1.14443	1.14447	72	0	0
2026.07.20	07:30:00	1.14447	1.14447	1.14439	1.14442	100	0	0
2026.07.20	07:31:00	1.14442	1.14443	1.14439	1.14440	65	0	0
2026.07.20	07:32:00	1.14440	1.14444	1.14437	1.14443	64	0	0
2026.07.20	07:33:00	1.14443	1.14446	1.14440	1.14442	79	0	0
2026.07.20	07:34:00	1.14442	1.14447	1.14440	1.14444	119	0	0
2026.07.20	07:35:00	1.14444	1.14447	1.14443	1.14445	81	0	0
2026.07.20	07:36:00	1.14443	1.14452	1.14443	1.14452	80	0	0
2026.07.20	07:37:00	1.14452	1.14452	1.14444	1.14445	57	0	0
2026.07.20	07:38:00	1.14445	1.14448	1.14441	1.14445	90	0	0
2026.07.20	07:39:00	1.14445	1.14445	1.14438	1.14443	73	0	0
2026.07.20	07:40:00	1.14442	1.14445	1.14441	1.14443	98	0	0
2026.07.20	07:41:00	1.14443	1.14451	1.14443	1.14448	103	0	0
2026.07.20	07:42:00	1.14448	1.14452	1.14447	1.14451	59	0	0
2026.07.20	07:43:00	1.14451	1.14451	1.14447	1.14449	55	0	0
2026.07.20	07:44:00	1.14449	1.14451	1.14447	1.14449	51	0	0
2026.07.20	07:45:00	1.14449	1.14451	1.14443	1.14448	164	0	0
2026.07.20	07:46:00	1.14449	1.14450	1.14445	1.14448	82	0	0
2026.07.20	07:47:00	1.14448	1.14449	1.14445	1.14446	76	0	0
2026.07.20	07:48:00	1.14446	1.14448	1.14444	1.14444	119	0	0
2026.07.20	07:49:00	1.14444	1.14446	1.14441	1.14442	139	0	0
2026.07.20	07:50:00	1.14442	1.14446	1.14441	1.14443	187	0	0
2026.07.20	07:51:00	1.14443	1.14448	1.14443	1.14447	126	0	0
2026.07.20	07:52:00	1.14447	1.14452	1.14444	1.14452	154	0	0
2026.07.20	07:53:00	1.14452	1.14452	1.14446	1.14448	145	0	0
2026.07.20	07:54:00	1.14449	1.14449	1.14445	1.14446	117	0	0
2026.07.20	07:55:00	1.14446	1.14448	1.14440	1.14445	155	0	0
2026.07.20	07:56:00	1.14445	1.14447	1.14443	1.14443	43	0	0
2026.07.20	07:57:00	1.14443	1.14448	1.14443	1.14443	70	0	0
2026.07.20	07:58:00	1.14443	1.14446	1.14442	1.14444	65	0	0
2026.07.20	07:59:00	1.14444	1.14446	1.14443	1.14444	68	0	0
2026.07.20	08:00:00	1.14444	1.14450	1.14440	1.14440	146	0	0
2026.07.20	08:01:00	1.14440	1.14441	1.14431	1.14437	88	0	0
2026.07.20	08:02:00	1.14437	1.14441	1.14437	1.14439	64	0	0
2026.07.20	08:03:00	1.14439	1.14441	1.14438	1.14438	79	0	0
2026.07.20	08:04:00	1.14438	1.14444	1.14434	1.14437	174	0	0
2026.07.20	08:05:00	1.14437	1.14437	1.14433	1.14437	78	0	0
2026.07.20	08:06:00	1.14437	1.14439	1.14434	1.14437	99	0	0
2026.07.20	08:07:00	1.14437	1.14442	1.14434	1.14442	125	0	0
2026.07.20	08:08:00	1.14441	1.14442	1.14436	1.14439	98	0	0
2026.07.20	08:09:00	1.14439	1.14439	1.14433	1.14437	121	0	0
2026.07.20	08:10:00	1.14437	1.14438	1.14434	1.14437	52	0	0
2026.07.20	08:11:00	1.14437	1.14437	1.14423	1.14426	91	0	0
2026.07.20	08:12:00	1.14426	1.14429	1.14424	1.14425	99	0	0
2026.07.20	08:13:00	1.14424	1.14432	1.14423	1.14430	114	0	0
2026.07.20	08:14:00	1.14430	1.14434	1.14428	1.14433	129	0	0
2026.07.20	08:15:00	1.14433	1.14439	1.14429	1.14432	121	0	0
2026.07.20	08:16:00	1.14433	1.14433	1.14430	1.14433	64	0	0
2026.07.20	08:17:00	1.14433	1.14433	1.14426	1.14430	115	0	0
2026.07.20	08:18:00	1.14430	1.14436	1.14428	1.14429	144	0	0
2026.07.20	08:19:00	1.14429	1.14432	1.14428	1.14431	75	0	0
2026.07.20	08:20:00	1.14431	1.14431	1.14423	1.14430	102	0	0
2026.07.20	08:21:00	1.14430	1.14431	1.14424	1.14424	165	0	0
2026.07.20	08:22:00	1.14424	1.14431	1.14423	1.14431	125	0	0
2026.07.20	08:23:00	1.14431	1.14431	1.14426	1.14431	178	0	0
2026.07.20	08:24:00	1.14431	1.14431	1.14426	1.14431	97	0	0
2026.07.20	08:25:00	1.14431	1.14431	1.14425	1.14427	110	0	0
2026.07.20	08:26:00	1.14429	1.14429	1.14418	1.14423	132	0	0
2026.07.20	08:27:00	1.14423	1.14426	1.14420	1.14425	127	0	0
2026.07.20	08:28:00	1.14423	1.14427	1.14422	1.14423	120	0	0
2026.07.20	08:29:00	1.14423	1.14425	1.14419	1.14421	92	0	0
2026.07.20	08:30:00	1.14421	1.14423	1.14418	1.14419	113	0	0
2026.07.20	08:31:00	1.14419	1.14420	1.14413	1.14417	149	0	0
2026.07.20	08:32:00	1.14418	1.14420	1.14413	1.14414	81	0	0
2026.07.20	08:33:00	1.14414	1.14417	1.14411	1.14413	83	0	0
2026.07.20	08:34:00	1.14413	1.14415	1.14412	1.14415	85	0	0
2026.07.20	08:35:00	1.14414	1.14415	1.14408	1.14408	114	0	0
2026.07.20	08:36:00	1.14408	1.14414	1.14407	1.14408	104	0	0
2026.07.20	08:37:00	1.14409	1.14415	1.14408	1.14408	100	0	0
2026.07.20	08:38:00	1.14408	1.14411	1.14407	1.14408	59	0	0
2026.07.20	08:39:00	1.14408	1.14409	1.14402	1.14404	41	0	0
2026.07.20	08:40:00	1.14404	1.14412	1.14403	1.14411	67	0	0
2026.07.20	08:41:00	1.14411	1.14412	1.14408	1.14409	100	0	0
2026.07.20	08:42:00	1.14410	1.14410	1.14407	1.14408	90	0	0
2026.07.20	08:43:00	1.14408	1.14410	1.14403	1.14404	87	0	0
2026.07.20	08:44:00	1.14403	1.14406	1.14403	1.14403	43	0	0
2026.07.20	08:45:00	1.14403	1.14405	1.14400	1.14402	53	0	0
2026.07.20	08:46:00	1.14402	1.14405	1.14401	1.14402	54	0	0
2026.07.20	08:47:00	1.14402	1.14412	1.14401	1.14410	109	0	0
2026.07.20	08:48:00	1.14410	1.14411	1.14407	1.14408	93	0	0
2026.07.20	08:49:00	1.14408	1.14408	1.14401	1.14402	56	0	0
2026.07.20	08:50:00	1.14402	1.14406	1.14400	1.14406	100	0	0
2026.07.20	08:51:00	1.14406	1.14407	1.14403	1.14406	34	0	0
2026.07.20	08:52:00	1.14406	1.14418	1.14406	1.14418	95	0	0
2026.07.20	08:53:00	1.14418	1.14419	1.14414	1.14417	74	0	0
2026.07.20	08:54:00	1.14417	1.14424	1.14416	1.14422	87	0	0
2026.07.20	08:55:00	1.14422	1.14423	1.14412	1.14417	126	0	0
2026.07.20	08:56:00	1.14417	1.14421	1.14413	1.14415	82	0	0
2026.07.20	08:57:00	1.14415	1.14415	1.14411	1.14411	87	0	0
2026.07.20	08:58:00	1.14411	1.14413	1.14404	1.14405	79	0	0
2026.07.20	08:59:00	1.14405	1.14406	1.14400	1.14401	119	0	0
2026.07.20	09:00:00	1.14401	1.14409	1.14399	1.14403	73	0	0
2026.07.20	09:01:00	1.14404	1.14419	1.14402	1.14415	152	0	0
2026.07.20	09:02:00	1.14415	1.14417	1.14408	1.14416	153	0	0
2026.07.20	09:03:00	1.14416	1.14420	1.14413	1.14417	150	0	0
2026.07.20	09:04:00	1.14417	1.14422	1.14410	1.14413	147	0	0
2026.07.20	09:05:00	1.14413	1.14414	1.14393	1.14398	155	0	0
2026.07.20	09:06:00	1.14399	1.14400	1.14391	1.14392	161	0	0
2026.07.20	09:07:00	1.14392	1.14404	1.14392	1.14397	125	0	0
2026.07.20	09:08:00	1.14397	1.14401	1.14389	1.14390	125	0	0
2026.07.20	09:09:00	1.14390	1.14394	1.14376	1.14378	136	0	0
2026.07.20	09:10:00	1.14378	1.14378	1.14366	1.14369	177	0	0
2026.07.20	09:11:00	1.14369	1.14373	1.14361	1.14367	165	0	0
2026.07.20	09:12:00	1.14367	1.14370	1.14366	1.14367	138	0	0
2026.07.20	09:13:00	1.14367	1.14369	1.14361	1.14366	130	0	0
2026.07.20	09:14:00	1.14366	1.14374	1.14366	1.14369	173	0	0
2026.07.20	09:15:00	1.14369	1.14377	1.14367	1.14374	155	0	0
2026.07.20	09:16:00	1.14374	1.14394	1.14371	1.14376	258	0	0
2026.07.20	09:17:00	1.14376	1.14382	1.14373	1.14376	75	0	0
2026.07.20	09:18:00	1.14376	1.14379	1.14371	1.14372	99	0	0
2026.07.20	09:19:00	1.14372	1.14380	1.14369	1.14377	101	0	0
2026.07.20	09:20:00	1.14377	1.14385	1.14377	1.14384	184	0	0
2026.07.20	09:21:00	1.14384	1.14386	1.14376	1.14378	118	0	0
2026.07.20	09:22:00	1.14378	1.14390	1.14377	1.14389	152	0	0
2026.07.20	09:23:00	1.14389	1.14393	1.14384	1.14385	157	0	0
2026.07.20	09:24:00	1.14385	1.14390	1.14376	1.14377	139	0	0
2026.07.20	09:25:00	1.14377	1.14379	1.14363	1.14366	103	0	0
2026.07.20	09:26:00	1.14366	1.14369	1.14362	1.14364	114	0	0
2026.07.20	09:27:00	1.14364	1.14368	1.14362	1.14366	158	0	0
2026.07.20	09:28:00	1.14367	1.14371	1.14364	1.14364	136	0	0
2026.07.20	09:29:00	1.14364	1.14373	1.14363	1.14365	211	0	0
2026.07.20	09:30:00	1.14365	1.14370	1.14360	1.14361	204	0	0
2026.07.20	09:31:00	1.14361	1.14363	1.14345	1.14351	265	0	0
2026.07.20	09:32:00	1.14351	1.14353	1.14346	1.14349	145	0	0
2026.07.20	09:33:00	1.14349	1.14351	1.14341	1.14346	139	0	0
2026.07.20	09:34:00	1.14346	1.14357	1.14343	1.14355	112	0	0
2026.07.20	09:35:00	1.14355	1.14357	1.14345	1.14348	187	0	0
2026.07.20	09:36:00	1.14348	1.14368	1.14347	1.14366	150	0	0
2026.07.20	09:37:00	1.14367	1.14382	1.14362	1.14379	145	0	0
2026.07.20	09:38:00	1.14379	1.14383	1.14373	1.14374	197	0	0
2026.07.20	09:39:00	1.14374	1.14382	1.14372	1.14378	196	0	0
2026.07.20	09:40:00	1.14378	1.14387	1.14377	1.14383	182	0	0
2026.07.20	09:41:00	1.14384	1.14393	1.14383	1.14388	165	0	0
2026.07.20	09:42:00	1.14388	1.14391	1.14383	1.14384	203	0	0
2026.07.20	09:43:00	1.14384	1.14389	1.14363	1.14365	239	0	0
2026.07.20	09:44:00	1.14365	1.14370	1.14352	1.14358	202	0	0
2026.07.20	09:45:00	1.14358	1.14367	1.14357	1.14362	218	0	0
2026.07.20	09:46:00	1.14362	1.14374	1.14362	1.14373	131	0	0
2026.07.20	09:47:00	1.14373	1.14386	1.14372	1.14380	193	0	0
2026.07.20	09:48:00	1.14380	1.14393	1.14378	1.14390	165	0	0
2026.07.20	09:49:00	1.14391	1.14396	1.14377	1.14378	192	0	0
2026.07.20	09:50:00	1.14378	1.14386	1.14376	1.14379	156	0	0
2026.07.20	09:51:00	1.14379	1.14381	1.14374	1.14375	153	0	0
2026.07.20	09:52:00	1.14375	1.14378	1.14373	1.14373	168	0	0
2026.07.20	09:53:00	1.14373	1.14380	1.14365	1.14368	213	0	0
2026.07.20	09:54:00	1.14367	1.14378	1.14367	1.14376	150	0	0
2026.07.20	09:55:00	1.14376	1.14386	1.14372	1.14386	154	0	0
2026.07.20	09:56:00	1.14386	1.14386	1.14374	1.14376	196	0	0
2026.07.20	09:57:00	1.14376	1.14379	1.14363	1.14365	194	0	0
2026.07.20	09:58:00	1.14365	1.14366	1.14351	1.14353	256	0	0
2026.07.20	09:59:00	1.14353	1.14361	1.14348	1.14352	233	0	0
2026.07.20	10:00:00	1.14352	1.14367	1.14345	1.14365	296	0	0
2026.07.20	10:01:00	1.14365	1.14391	1.14365	1.14383	303	0	0
2026.07.20	10:02:00	1.14383	1.14396	1.14379	1.14395	167	0	0
2026.07.20	10:03:00	1.14395	1.14396	1.14388	1.14388	202	0	0
2026.07.20	10:04:00	1.14388	1.14393	1.14387	1.14391	96	0	0
2026.07.20	10:05:00	1.14392	1.14395	1.14380	1.14384	164	0	0
2026.07.20	10:06:00	1.14384	1.14389	1.14375	1.14376	180	0	0
2026.07.20	10:07:00	1.14376	1.14386	1.14376	1.14378	136	0	0
2026.07.20	10:08:00	1.14378	1.14381	1.14363	1.14366	166	0	0
2026.07.20	10:09:00	1.14366	1.14370	1.14362	1.14364	134	0	0
2026.07.20	10:10:00	1.14364	1.14365	1.14352	1.14363	210	0	0
2026.07.20	10:11:00	1.14363	1.14364	1.14345	1.14351	234	0	0
2026.07.20	10:12:00	1.14351	1.14357	1.14347	1.14350	143	0	0
2026.07.20	10:13:00	1.14350	1.14355	1.14341	1.14341	144	0	0
2026.07.20	10:14:00	1.14341	1.14352	1.14341	1.14349	147	0	0
2026.07.20	10:15:00	1.14349	1.14350	1.14344	1.14348	96	0	0
2026.07.20	10:16:00	1.14349	1.14354	1.14348	1.14353	100	0	0
2026.07.20	10:17:00	1.14353	1.14361	1.14351	1.14360	203	0	0
2026.07.20	10:18:00	1.14360	1.14370	1.14358	1.14368	174	0	0
2026.07.20	10:19:00	1.14368	1.14372	1.14366	1.14370	134	0	0
2026.07.20	10:20:00	1.14370	1.14379	1.14362	1.14376	205	0	0
2026.07.20	10:21:00	1.14377	1.14388	1.14373	1.14382	260	0	0
2026.07.20	10:22:00	1.14382	1.14419	1.14379	1.14419	587	0	0
2026.07.20	10:23:00	1.14419	1.14420	1.14387	1.14402	421	0	0
2026.07.20	10:24:00	1.14402	1.14412	1.14396	1.14409	279	0	0
2026.07.20	10:25:00	1.14409	1.14412	1.14398	1.14410	263	0	0
2026.07.20	10:26:00	1.14410	1.14415	1.14404	1.14411	192	0	0
2026.07.20	10:27:00	1.14411	1.14417	1.14403	1.14407	198	0	0
2026.07.20	10:28:00	1.14409	1.14419	1.14407	1.14418	145	0	0
2026.07.20	10:29:00	1.14418	1.14427	1.14412	1.14426	206	0	0
2026.07.20	10:30:00	1.14426	1.14468	1.14418	1.14443	531	0	0
2026.07.20	10:31:00	1.14443	1.14453	1.14437	1.14444	285	0	0
2026.07.20	10:32:00	1.14444	1.14459	1.14444	1.14457	210	0	0
2026.07.20	10:33:00	1.14457	1.14487	1.14457	1.14479	419	0	0
2026.07.20	10:34:00	1.14479	1.14497	1.14478	1.14491	301	0	0
2026.07.20	10:35:00	1.14491	1.14493	1.14467	1.14475	288	0	0
2026.07.20	10:36:00	1.14475	1.14485	1.14468	1.14476	269	0	0
2026.07.20	10:37:00	1.14476	1.14484	1.14471	1.14473	198	0	0
2026.07.20	10:38:00	1.14473	1.14491	1.14464	1.14488	292	0	0
2026.07.20	10:39:00	1.14488	1.14494	1.14472	1.14479	217	0	0
2026.07.20	10:40:00	1.14479	1.14488	1.14472	1.14487	221	0	0
2026.07.20	10:41:00	1.14487	1.14487	1.14468	1.14472	239	0	0
2026.07.20	10:42:00	1.14472	1.14493	1.14472	1.14489	234	0	0
2026.07.20	10:43:00	1.14489	1.14494	1.14481	1.14482	270	0	0
2026.07.20	10:44:00	1.14482	1.14485	1.14476	1.14481	233	0	0
2026.07.20	10:45:00	1.14481	1.14490	1.14475	1.14479	265	0	0
2026.07.20	10:46:00	1.14479	1.14485	1.14470	1.14470	282	0	0
2026.07.20	10:47:00	1.14470	1.14474	1.14463	1.14470	232	0	0
2026.07.20	10:48:00	1.14470	1.14471	1.14459	1.14463	250	0	0
2026.07.20	10:49:00	1.14463	1.14474	1.14460	1.14468	209	0	0
2026.07.20	10:50:00	1.14468	1.14471	1.14459	1.14464	271	0	0
2026.07.20	10:51:00	1.14464	1.14466	1.14452	1.14458	242	0	0
2026.07.20	10:52:00	1.14458	1.14460	1.14455	1.14460	223	0	0
2026.07.20	10:53:00	1.14460	1.14460	1.14443	1.14443	216	0	0
2026.07.20	10:54:00	1.14444	1.14446	1.14431	1.14433	212	0	0
2026.07.20	10:55:00	1.14433	1.14435	1.14426	1.14426	183	0	0
2026.07.20	10:56:00	1.14427	1.14433	1.14420	1.14432	213	0	0
2026.07.20	10:57:00	1.14432	1.14443	1.14431	1.14440	221	0	0
2026.07.20	10:58:00	1.14440	1.14446	1.14430	1.14436	325	0	0
2026.07.20	10:59:00	1.14436	1.14444	1.14431	1.14442	193	0	0
2026.07.20	11:00:00	1.14441	1.14450	1.14439	1.14446	331	0	0
2026.07.20	11:01:00	1.14446	1.14448	1.14435	1.14439	229	0	0
2026.07.20	11:02:00	1.14439	1.14457	1.14438	1.14441	302	0	0
2026.07.20	11:03:00	1.14441	1.14448	1.14435	1.14444	210	0	0
2026.07.20	11:04:00	1.14444	1.14450	1.14430	1.14432	150	0	0
2026.07.20	11:05:00	1.14431	1.14433	1.14421	1.14426	196	0	0
2026.07.20	11:06:00	1.14427	1.14434	1.14424	1.14427	124	0	0
2026.07.20	11:07:00	1.14427	1.14432	1.14425	1.14429	132	0	0
2026.07.20	11:08:00	1.14429	1.14436	1.14427	1.14430	97	0	0
2026.07.20	11:09:00	1.14430	1.14437	1.14428	1.14431	151	0	0
2026.07.20	11:10:00	1.14431	1.14431	1.14417	1.14420	128	0	0
2026.07.20	11:11:00	1.14420	1.14429	1.14418	1.14426	134	0	0
2026.07.20	11:12:00	1.14426	1.14433	1.14424	1.14431	146	0	0
2026.07.20	11:13:00	1.14431	1.14431	1.14416	1.14420	167	0	0
2026.07.20	11:14:00	1.14420	1.14425	1.14417	1.14424	109	0	0
2026.07.20	11:15:00	1.14424	1.14432	1.14418	1.14424	231	0	0
2026.07.20	11:16:00	1.14424	1.14429	1.14422	1.14428	191	0	0
2026.07.20	11:17:00	1.14428	1.14430	1.14416	1.14416	202	0	0
2026.07.20	11:18:00	1.14417	1.14420	1.14409	1.14416	180	0	0
2026.07.20	11:19:00	1.14416	1.14420	1.14405	1.14406	181	0	0
2026.07.20	11:20:00	1.14406	1.14406	1.14391	1.14393	220	0	0
2026.07.20	11:21:00	1.14393	1.14405	1.14391	1.14401	217	0	0
2026.07.20	11:22:00	1.14403	1.14405	1.14397	1.14398	140	0	0
2026.07.20	11:23:00	1.14398	1.14405	1.14397	1.14402	162	0	0
2026.07.20	11:24:00	1.14402	1.14408	1.14394	1.14402	220	0	0
2026.07.20	11:25:00	1.14402	1.14409	1.14396	1.14399	130	0	0
2026.07.20	11:26:00	1.14399	1.14399	1.14389	1.14392	173	0	0
2026.07.20	11:27:00	1.14392	1.14393	1.14384	1.14386	104	0	0
2026.07.20	11:28:00	1.14386	1.14390	1.14378	1.14381	117	0	0
2026.07.20	11:29:00	1.14381	1.14385	1.14379	1.14381	165	0	0
2026.07.20	11:30:00	1.14381	1.14386	1.14373	1.14380	181	0	0
2026.07.20	11:31:00	1.14381	1.14387	1.14380	1.14385	50	0	0
2026.07.20	11:32:00	1.14385	1.14396	1.14385	1.14394	145	0	0
2026.07.20	11:33:00	1.14394	1.14394	1.14387	1.14387	176	0	0
2026.07.20	11:34:00	1.14388	1.14392	1.14383	1.14391	135	0	0
2026.07.20	11:35:00	1.14391	1.14395	1.14385	1.14386	130	0	0
2026.07.20	11:36:00	1.14386	1.14395	1.14386	1.14390	133	0	0
2026.07.20	11:37:00	1.14390	1.14397	1.14389	1.14394	73	0	0
2026.07.20	11:38:00	1.14394	1.14418	1.14394	1.14415	147	0	0
2026.07.20	11:39:00	1.14415	1.14427	1.14412	1.14427	195	0	0
2026.07.20	11:40:00	1.14427	1.14435	1.14422	1.14432	170	0	0
2026.07.20	11:41:00	1.14432	1.14433	1.14424	1.14428	140	0	0
2026.07.20	11:42:00	1.14428	1.14434	1.14424	1.14433	120	0	0
2026.07.20	11:43:00	1.14433	1.14437	1.14422	1.14423	146	0	0
2026.07.20	11:44:00	1.14423	1.14429	1.14405	1.14409	151	0	0
2026.07.20	11:45:00	1.14409	1.14416	1.14406	1.14412	154	0	0
2026.07.20	11:46:00	1.14412	1.14412	1.14401	1.14404	109	0	0
2026.07.20	11:47:00	1.14404	1.14410	1.14402	1.14407	131	0	0
2026.07.20	11:48:00	1.14407	1.14411	1.14401	1.14409	176	0	0
2026.07.20	11:49:00	1.14409	1.14415	1.14406	1.14414	127	0	0
2026.07.20	11:50:00	1.14414	1.14416	1.14403	1.14403	177	0	0
2026.07.20	11:51:00	1.14403	1.14405	1.14381	1.14384	185	0	0
2026.07.20	11:52:00	1.14384	1.14388	1.14376	1.14384	160	0	0
2026.07.20	11:53:00	1.14384	1.14402	1.14382	1.14398	236	0	0
2026.07.20	11:54:00	1.14398	1.14414	1.14393	1.14407	185	0	0
2026.07.20	11:55:00	1.14407	1.14417	1.14405	1.14409	194	0	0
2026.07.20	11:56:00	1.14409	1.14410	1.14395	1.14398	170	0	0
2026.07.20	11:57:00	1.14398	1.14398	1.14383	1.14387	136	0	0
2026.07.20	11:58:00	1.14387	1.14393	1.14387	1.14392	200	0	0
2026.07.20	11:59:00	1.14392	1.14397	1.14388	1.14391	145	0	0
2026.07.20	12:00:00	1.14391	1.14397	1.14387	1.14397	266	0	0
2026.07.20	12:01:00	1.14397	1.14399	1.14379	1.14381	201	0	0
2026.07.20	12:02:00	1.14382	1.14383	1.14370	1.14375	123	0	0
2026.07.20	12:03:00	1.14375	1.14378	1.14362	1.14368	156	0	0
2026.07.20	12:04:00	1.14368	1.14372	1.14362	1.14366	124	0	0
2026.07.20	12:05:00	1.14366	1.14366	1.14344	1.14346	169	0	0
2026.07.20	12:06:00	1.14346	1.14356	1.14341	1.14342	201	0	0
2026.07.20	12:07:00	1.14342	1.14345	1.14333	1.14340	150	0	0
2026.07.20	12:08:00	1.14340	1.14348	1.14339	1.14341	124	0	0
2026.07.20	12:09:00	1.14341	1.14341	1.14331	1.14338	125	0	0
2026.07.20	12:10:00	1.14338	1.14344	1.14335	1.14340	131	0	0
2026.07.20	12:11:00	1.14340	1.14344	1.14336	1.14340	96	0	0
2026.07.20	12:12:00	1.14340	1.14350	1.14340	1.14349	90	0	0
2026.07.20	12:13:00	1.14349	1.14351	1.14345	1.14348	135	0	0
2026.07.20	12:14:00	1.14348	1.14350	1.14341	1.14345	149	0	0
2026.07.20	12:15:00	1.14342	1.14355	1.14342	1.14345	145	0	0
2026.07.20	12:16:00	1.14344	1.14347	1.14339	1.14343	166	0	0
2026.07.20	12:17:00	1.14343	1.14346	1.14339	1.14342	84	0	0
2026.07.20	12:18:00	1.14342	1.14348	1.14328	1.14330	142	0	0
2026.07.20	12:19:00	1.14330	1.14332	1.14321	1.14324	141	0	0
2026.07.20	12:20:00	1.14324	1.14325	1.14318	1.14319	106	0	0
2026.07.20	12:21:00	1.14319	1.14330	1.14318	1.14328	101	0	0
2026.07.20	12:22:00	1.14327	1.14333	1.14323	1.14333	128	0	0
2026.07.20	12:23:00	1.14333	1.14339	1.14331	1.14332	152	0	0
2026.07.20	12:24:00	1.14332	1.14346	1.14331	1.14344	131	0	0
2026.07.20	12:25:00	1.14344	1.14346	1.14332	1.14335	148	0	0
2026.07.20	12:26:00	1.14336	1.14340	1.14326	1.14328	129	0	0
2026.07.20	12:27:00	1.14329	1.14332	1.14305	1.14308	187	0	0
2026.07.20	12:28:00	1.14308	1.14319	1.14306	1.14313	104	0	0
2026.07.20	12:29:00	1.14313	1.14316	1.14305	1.14307	134	0	0
2026.07.20	12:30:00	1.14306	1.14316	1.14306	1.14316	179	0	0
2026.07.20	12:31:00	1.14316	1.14316	1.14307	1.14314	160	0	0
2026.07.20	12:32:00	1.14314	1.14318	1.14310	1.14314	122	0	0
2026.07.20	12:33:00	1.14314	1.14325	1.14312	1.14321	121	0	0
2026.07.20	12:34:00	1.14321	1.14325	1.14312	1.14313	115	0	0
2026.07.20	12:35:00	1.14313	1.14321	1.14310	1.14318	124	0	0
2026.07.20	12:36:00	1.14318	1.14319	1.14313	1.14313	93	0	0
2026.07.20	12:37:00	1.14313	1.14315	1.14304	1.14308	119	0	0
2026.07.20	12:38:00	1.14308	1.14315	1.14301	1.14302	181	0	0
2026.07.20	12:39:00	1.14302	1.14306	1.14300	1.14304	98	0	0
2026.07.20	12:40:00	1.14304	1.14305	1.14291	1.14291	138	0	0
2026.07.20	12:41:00	1.14292	1.14303	1.14291	1.14302	142	0	0
2026.07.20	12:42:00	1.14302	1.14307	1.14297	1.14303	143	0	0
2026.07.20	12:43:00	1.14303	1.14316	1.14301	1.14311	118	0	0
2026.07.20	12:44:00	1.14311	1.14326	1.14311	1.14317	109	0	0
2026.07.20	12:45:00	1.14317	1.14317	1.14303	1.14304	119	0	0
2026.07.20	12:46:00	1.14304	1.14304	1.14296	1.14300	141	0	0
2026.07.20	12:47:00	1.14300	1.14302	1.14296	1.14299	127	0	0
2026.07.20	12:48:00	1.14299	1.14304	1.14297	1.14301	146	0	0
2026.07.20	12:49:00	1.14300	1.14303	1.14294	1.14301	125	0	0
2026.07.20	12:50:00	1.14300	1.14302	1.14294	1.14301	122	0	0
2026.07.20	12:51:00	1.14299	1.14307	1.14294	1.14307	189	0	0
2026.07.20	12:52:00	1.14307	1.14314	1.14301	1.14302	175	0	0
2026.07.20	12:53:00	1.14303	1.14305	1.14293	1.14295	144	0	0
2026.07.20	12:54:00	1.14295	1.14304	1.14295	1.14298	135	0	0
2026.07.20	12:55:00	1.14298	1.14303	1.14292	1.14294	166	0	0
2026.07.20	12:56:00	1.14294	1.14296	1.14280	1.14282	179	0	0
2026.07.20	12:57:00	1.14282	1.14286	1.14273	1.14286	156	0	0
2026.07.20	12:58:00	1.14286	1.14295	1.14286	1.14292	169	0	0
2026.07.20	12:59:00	1.14292	1.14303	1.14292	1.14300	196	0	0
2026.07.20	13:00:00	1.14301	1.14305	1.14296	1.14299	195	0	0
2026.07.20	13:01:00	1.14299	1.14304	1.14296	1.14304	116	0	0
2026.07.20	13:02:00	1.14304	1.14307	1.14289	1.14292	179	0	0
2026.07.20	13:03:00	1.14293	1.14295	1.14287	1.14292	156	0	0
2026.07.20	13:04:00	1.14292	1.14302	1.14291	1.14291	185	0	0
2026.07.20	13:05:00	1.14292	1.14297	1.14284	1.14296	173	0	0
2026.07.20	13:06:00	1.14296	1.14309	1.14293	1.14304	159	0	0
2026.07.20	13:07:00	1.14304	1.14320	1.14304	1.14311	225	0	0
2026.07.20	13:08:00	1.14311	1.14313	1.14302	1.14311	196	0	0
2026.07.20	13:09:00	1.14313	1.14316	1.14308	1.14315	116	0	0
2026.07.20	13:10:00	1.14315	1.14326	1.14311	1.14324	146	0	0
2026.07.20	13:11:00	1.14324	1.14334	1.14323	1.14331	207	0	0
2026.07.20	13:12:00	1.14331	1.14334	1.14325	1.14331	210	0	0
2026.07.20	13:13:00	1.14331	1.14333	1.14325	1.14332	126	0	0
2026.07.20	13:14:00	1.14331	1.14332	1.14315	1.14316	165	0	0
2026.07.20	13:15:00	1.14316	1.14320	1.14312	1.14318	82	0	0
2026.07.20	13:16:00	1.14318	1.14322	1.14315	1.14319	139	0	0
2026.07.20	13:17:00	1.14319	1.14321	1.14315	1.14316	109	0	0
2026.07.20	13:18:00	1.14316	1.14324	1.14312	1.14319	120	0	0
2026.07.20	13:19:00	1.14320	1.14323	1.14314	1.14315	102	0	0
2026.07.20	13:20:00	1.14315	1.14320	1.14314	1.14316	110	0	0
2026.07.20	13:21:00	1.14316	1.14319	1.14310	1.14314	126	0	0
2026.07.20	13:22:00	1.14314	1.14325	1.14312	1.14320	114	0	0
2026.07.20	13:23:00	1.14321	1.14325	1.14317	1.14317	81	0	0
2026.07.20	13:24:00	1.14317	1.14321	1.14313	1.14317	113	0	0
2026.07.20	13:25:00	1.14317	1.14327	1.14316	1.14320	175	0	0
2026.07.20	13:26:00	1.14320	1.14325	1.14317	1.14324	115	0	0
2026.07.20	13:27:00	1.14324	1.14325	1.14320	1.14325	70	0	0
2026.07.20	13:28:00	1.14325	1.14329	1.14323	1.14329	58	0	0
2026.07.20	13:29:00	1.14328	1.14329	1.14317	1.14319	122	0	0
2026.07.20	13:30:00	1.14319	1.14321	1.14311	1.14321	104	0	0
2026.07.20	13:31:00	1.14321	1.14325	1.14314	1.14325	131	0	0
2026.07.20	13:32:00	1.14325	1.14335	1.14324	1.14332	65	0	0
2026.07.20	13:33:00	1.14332	1.14339	1.14332	1.14333	68	0	0
2026.07.20	13:34:00	1.14333	1.14338	1.14333	1.14338	64	0	0
2026.07.20	13:35:00	1.14338	1.14350	1.14336	1.14341	158	0	0
2026.07.20	13:36:00	1.14341	1.14351	1.14341	1.14350	159	0	0
2026.07.20	13:37:00	1.14350	1.14360	1.14346	1.14359	178	0	0
2026.07.20	13:38:00	1.14359	1.14360	1.14351	1.14357	91	0	0
2026.07.20	13:39:00	1.14357	1.14360	1.14354	1.14358	76	0	0
2026.07.20	13:40:00	1.14358	1.14359	1.14351	1.14354	124	0	0
2026.07.20	13:41:00	1.14354	1.14363	1.14354	1.14359	152	0	0
2026.07.20	13:42:00	1.14359	1.14361	1.14353	1.14355	77	0	0
2026.07.20	13:43:00	1.14356	1.14356	1.14338	1.14339	165	0	0
2026.07.20	13:44:00	1.14339	1.14348	1.14339	1.14345	122	0	0
2026.07.20	13:45:00	1.14345	1.14351	1.14343	1.14349	112	0	0
2026.07.20	13:46:00	1.14349	1.14351	1.14336	1.14344	124	0	0
2026.07.20	13:47:00	1.14344	1.14344	1.14334	1.14339	141	0	0
2026.07.20	13:48:00	1.14339	1.14341	1.14336	1.14341	147	0	0
2026.07.20	13:49:00	1.14339	1.14342	1.14331	1.14333	167	0	0
2026.07.20	13:50:00	1.14333	1.14342	1.14333	1.14338	188	0	0
2026.07.20	13:51:00	1.14338	1.14341	1.14336	1.14339	126	0	0
2026.07.20	13:52:00	1.14339	1.14339	1.14331	1.14334	124	0	0
2026.07.20	13:53:00	1.14334	1.14335	1.14324	1.14333	118	0	0
2026.07.20	13:54:00	1.14333	1.14334	1.14327	1.14331	108	0	0
2026.07.20	13:55:00	1.14331	1.14344	1.14331	1.14344	162	0	0
2026.07.20	13:56:00	1.14343	1.14347	1.14330	1.14332	150	0	0
2026.07.20	13:57:00	1.14332	1.14336	1.14329	1.14336	172	0	0
2026.07.20	13:58:00	1.14336	1.14337	1.14323	1.14323	183	0	0
2026.07.20	13:59:00	1.14323	1.14324	1.14304	1.14311	233	0	0
2026.07.20	14:00:00	1.14312	1.14333	1.14310	1.14328	235	0	0
2026.07.20	14:01:00	1.14328	1.14333	1.14323	1.14332	210	0	0
2026.07.20	14:02:00	1.14332	1.14337	1.14326	1.14328	167	0	0
2026.07.20	14:03:00	1.14329	1.14334	1.14320	1.14323	172	0	0
2026.07.20	14:04:00	1.14323	1.14323	1.14308	1.14311	223	0	0
2026.07.20	14:05:00	1.14312	1.14315	1.14304	1.14312	228	0	0
2026.07.20	14:06:00	1.14312	1.14315	1.14306	1.14311	279	0	0
2026.07.20	14:07:00	1.14311	1.14314	1.14301	1.14302	185	0	0
2026.07.20	14:08:00	1.14302	1.14308	1.14292	1.14306	177	0	0
2026.07.20	14:09:00	1.14306	1.14312	1.14299	1.14300	189	0	0
2026.07.20	14:10:00	1.14299	1.14302	1.14285	1.14291	247	0	0
2026.07.20	14:11:00	1.14291	1.14296	1.14287	1.14296	194	0	0
2026.07.20	14:12:00	1.14295	1.14304	1.14291	1.14304	162	0	0
2026.07.20	14:13:00	1.14304	1.14304	1.14299	1.14304	83	0	0
2026.07.20	14:14:00	1.14304	1.14311	1.14301	1.14305	103	0	0
2026.07.20	14:15:00	1.14305	1.14306	1.14302	1.14303	57	0	0
2026.07.20	14:16:00	1.14303	1.14314	1.14302	1.14311	144	0	0
2026.07.20	14:17:00	1.14311	1.14317	1.14309	1.14314	146	0	0
2026.07.20	14:18:00	1.14314	1.14314	1.14302	1.14308	157	0	0
2026.07.20	14:19:00	1.14307	1.14314	1.14306	1.14312	155	0	0
2026.07.20	14:20:00	1.14312	1.14319	1.14311	1.14317	132	0	0
2026.07.20	14:21:00	1.14317	1.14320	1.14309	1.14315	118	0	0
2026.07.20	14:22:00	1.14315	1.14318	1.14311	1.14315	117	0	0
2026.07.20	14:23:00	1.14315	1.14316	1.14309	1.14309	88	0	0
2026.07.20	14:24:00	1.14309	1.14314	1.14305	1.14312	116	0	0
2026.07.20	14:25:00	1.14312	1.14322	1.14307	1.14317	135	0	0
2026.07.20	14:26:00	1.14317	1.14333	1.14316	1.14330	143	0	0
2026.07.20	14:27:00	1.14330	1.14330	1.14324	1.14327	104	0	0
2026.07.20	14:28:00	1.14327	1.14335	1.14326	1.14332	124	0	0
2026.07.20	14:29:00	1.14332	1.14336	1.14329	1.14335	117	0	0
2026.07.20	14:30:00	1.14335	1.14390	1.14333	1.14362	666	0	0
2026.07.20	14:31:00	1.14362	1.14405	1.14361	1.14384	562	0	0
2026.07.20	14:32:00	1.14384	1.14405	1.14372	1.14390	712	0	0
2026.07.20	14:33:00	1.14390	1.14402	1.14367	1.14368	535	0	0
2026.07.20	14:34:00	1.14368	1.14403	1.14367	1.14385	444	0	0
2026.07.20	14:35:00	1.14385	1.14390	1.14373	1.14376	367	0	0
2026.07.20	14:36:00	1.14376	1.14378	1.14358	1.14358	328	0	0
2026.07.20	14:37:00	1.14358	1.14367	1.14352	1.14362	251	0	0
2026.07.20	14:38:00	1.14362	1.14365	1.14344	1.14348	314	0	0
2026.07.20	14:39:00	1.14348	1.14372	1.14346	1.14361	266	0	0
2026.07.20	14:40:00	1.14362	1.14369	1.14357	1.14358	234	0	0
2026.07.20	14:41:00	1.14358	1.14369	1.14356	1.14369	160	0	0
2026.07.20	14:42:00	1.14369	1.14369	1.14352	1.14358	266	0	0
2026.07.20	14:43:00	1.14358	1.14361	1.14347	1.14356	205	0	0
2026.07.20	14:44:00	1.14356	1.14357	1.14346	1.14352	221	0	0
2026.07.20	14:45:00	1.14352	1.14352	1.14340	1.14343	233	0	0
2026.07.20	14:46:00	1.14345	1.14346	1.14332	1.14340	262	0	0
2026.07.20	14:47:00	1.14341	1.14352	1.14340	1.14341	232	0	0
2026.07.20	14:48:00	1.14341	1.14351	1.14341	1.14347	191	0	0
2026.07.20	14:49:00	1.14346	1.14353	1.14339	1.14341	181	0	0
2026.07.20	14:50:00	1.14340	1.14344	1.14331	1.14332	263	0	0
2026.07.20	14:51:00	1.14332	1.14343	1.14329	1.14342	230	0	0
2026.07.20	14:52:00	1.14342	1.14342	1.14334	1.14337	166	0	0
2026.07.20	14:53:00	1.14337	1.14340	1.14328	1.14330	182	0	0
2026.07.20	14:54:00	1.14330	1.14336	1.14328	1.14332	131	0	0
2026.07.20	14:55:00	1.14332	1.14332	1.14302	1.14308	238	0	0
2026.07.20	14:56:00	1.14308	1.14310	1.14296	1.14296	238	0	0
2026.07.20	14:57:00	1.14296	1.14302	1.14281	1.14282	190	0	0
2026.07.20	14:58:00	1.14282	1.14294	1.14282	1.14290	182	0	0
2026.07.20	14:59:00	1.14292	1.14297	1.14287	1.14294	132	0	0
2026.07.20	15:00:00	1.14294	1.14295	1.14278	1.14282	411	0	0
2026.07.20	15:01:00	1.14283	1.14290	1.14278	1.14289	244	0	0
2026.07.20	15:02:00	1.14290	1.14294	1.14251	1.14255	456	0	0
2026.07.20	15:03:00	1.14255	1.14285	1.14254	1.14277	456	0	0
2026.07.20	15:04:00	1.14277	1.14288	1.14273	1.14288	317	0	0
2026.07.20	15:05:00	1.14287	1.14289	1.14278	1.14284	240	0	0
2026.07.20	15:06:00	1.14284	1.14302	1.14283	1.14295	209	0	0
2026.07.20	15:07:00	1.14294	1.14294	1.14277	1.14278	228	0	0
2026.07.20	15:08:00	1.14278	1.14279	1.14252	1.14252	222	0	0
2026.07.20	15:09:00	1.14252	1.14266	1.14251	1.14257	249	0	0
2026.07.20	15:10:00	1.14257	1.14262	1.14246	1.14251	173	0	0
2026.07.20	15:11:00	1.14252	1.14260	1.14246	1.14248	199	0	0
2026.07.20	15:12:00	1.14248	1.14251	1.14244	1.14248	138	0	0
2026.07.20	15:13:00	1.14248	1.14249	1.14232	1.14233	170	0	0
2026.07.20	15:14:00	1.14233	1.14234	1.14210	1.14224	191	0	0
2026.07.20	15:15:00	1.14224	1.14225	1.14204	1.14204	234	0	0
2026.07.20	15:16:00	1.14204	1.14221	1.14198	1.14219	289	0	0
2026.07.20	15:17:00	1.14219	1.14220	1.14207	1.14211	220	0	0
2026.07.20	15:18:00	1.14211	1.14215	1.14197	1.14209	234	0	0
2026.07.20	15:19:00	1.14209	1.14210	1.14184	1.14193	318	0	0
2026.07.20	15:20:00	1.14193	1.14199	1.14174	1.14186	362	0	0
2026.07.20	15:21:00	1.14186	1.14189	1.14172	1.14176	218	0	0
2026.07.20	15:22:00	1.14176	1.14183	1.14174	1.14182	204	0	0
2026.07.20	15:23:00	1.14182	1.14184	1.14172	1.14181	210	0	0
2026.07.20	15:24:00	1.14181	1.14200	1.14175	1.14197	266	0	0
2026.07.20	15:25:00	1.14197	1.14200	1.14177	1.14188	270	0	0
2026.07.20	15:26:00	1.14188	1.14188	1.14174	1.14179	126	0	0
2026.07.20	15:27:00	1.14178	1.14186	1.14172	1.14185	143	0	0
2026.07.20	15:28:00	1.14185	1.14195	1.14182	1.14189	108	0	0
2026.07.20	15:29:00	1.14189	1.14198	1.14184	1.14192	143	0	0
2026.07.20	15:30:00	1.14192	1.14202	1.14187	1.14202	197	0	0
2026.07.20	15:31:00	1.14202	1.14204	1.14183	1.14187	153	0	0
2026.07.20	15:32:00	1.14187	1.14196	1.14184	1.14188	102	0	0
2026.07.20	15:33:00	1.14188	1.14193	1.14176	1.14176	250	0	0
2026.07.20	15:34:00	1.14176	1.14197	1.14169	1.14195	254	0	0
2026.07.20	15:35:00	1.14195	1.14223	1.14193	1.14218	238	0	0
2026.07.20	15:36:00	1.14218	1.14231	1.14217	1.14223	318	0	0
2026.07.20	15:37:00	1.14222	1.14238	1.14218	1.14237	237	0	0
2026.07.20	15:38:00	1.14237	1.14238	1.14227	1.14228	191	0	0
2026.07.20	15:39:00	1.14228	1.14232	1.14222	1.14223	192	0	0
2026.07.20	15:40:00	1.14223	1.14226	1.14212	1.14213	202	0	0
2026.07.20	15:41:00	1.14213	1.14215	1.14201	1.14210	179	0	0
2026.07.20	15:42:00	1.14211	1.14215	1.14208	1.14210	161	0	0
2026.07.20	15:43:00	1.14211	1.14216	1.14208	1.14214	158	0	0
2026.07.20	15:44:00	1.14214	1.14215	1.14196	1.14198	205	0	0
2026.07.20	15:45:00	1.14198	1.14219	1.14198	1.14215	260	0	0
2026.07.20	15:46:00	1.14215	1.14218	1.14209	1.14211	151	0	0
2026.07.20	15:47:00	1.14211	1.14231	1.14211	1.14230	177	0	0
2026.07.20	15:48:00	1.14230	1.14236	1.14228	1.14232	243	0	0
2026.07.20	15:49:00	1.14232	1.14241	1.14232	1.14240	170	0	0
2026.07.20	15:50:00	1.14240	1.14241	1.14235	1.14239	110	0	0
2026.07.20	15:51:00	1.14240	1.14246	1.14236	1.14239	149	0	0
2026.07.20	15:52:00	1.14238	1.14259	1.14238	1.14249	220	0	0
2026.07.20	15:53:00	1.14249	1.14262	1.14248	1.14261	182	0	0
2026.07.20	15:54:00	1.14260	1.14281	1.14258	1.14261	449	0	0
2026.07.20	15:55:00	1.14262	1.14274	1.14257	1.14258	285	0	0
2026.07.20	15:56:00	1.14258	1.14259	1.14246	1.14246	185	0	0
2026.07.20	15:57:00	1.14247	1.14256	1.14241	1.14242	170	0	0
2026.07.20	15:58:00	1.14242	1.14247	1.14235	1.14238	156	0	0
2026.07.20	15:59:00	1.14238	1.14240	1.14233	1.14239	179	0	0
2026.07.20	16:00:00	1.14239	1.14248	1.14229	1.14234	353	0	0
2026.07.20	16:01:00	1.14234	1.14234	1.14220	1.14225	185	0	0
2026.07.20	16:02:00	1.14225	1.14235	1.14210	1.14211	262	0	0
2026.07.20	16:03:00	1.14211	1.14214	1.14202	1.14205	293	0	0
2026.07.20	16:04:00	1.14206	1.14214	1.14202	1.14206	294	0	0
2026.07.20	16:05:00	1.14206	1.14211	1.14203	1.14203	158	0	0
2026.07.20	16:06:00	1.14203	1.14203	1.14179	1.14190	317	0	0
2026.07.20	16:07:00	1.14190	1.14197	1.14189	1.14192	233	0	0
2026.07.20	16:08:00	1.14192	1.14200	1.14187	1.14193	198	0	0
2026.07.20	16:09:00	1.14194	1.14195	1.14187	1.14195	232	0	0
2026.07.20	16:10:00	1.14195	1.14196	1.14190	1.14194	199	0	0
2026.07.20	16:11:00	1.14194	1.14200	1.14189	1.14197	183	0	0
2026.07.20	16:12:00	1.14197	1.14199	1.14189	1.14195	169	0	0
2026.07.20	16:13:00	1.14195	1.14199	1.14191	1.14196	209	0	0
2026.07.20	16:14:00	1.14196	1.14203	1.14194	1.14196	179	0	0
2026.07.20	16:15:00	1.14196	1.14200	1.14190	1.14192	192	0	0
2026.07.20	16:16:00	1.14192	1.14195	1.14184	1.14189	186	0	0
2026.07.20	16:17:00	1.14190	1.14196	1.14185	1.14189	202	0	0
2026.07.20	16:18:00	1.14189	1.14189	1.14170	1.14170	171	0	0
2026.07.20	16:19:00	1.14170	1.14180	1.14170	1.14176	143	0	0
2026.07.20	16:20:00	1.14176	1.14184	1.14175	1.14181	147	0	0
2026.07.20	16:21:00	1.14181	1.14184	1.14175	1.14184	158	0	0
2026.07.20	16:22:00	1.14184	1.14188	1.14180	1.14185	196	0	0
2026.07.20	16:23:00	1.14185	1.14192	1.14181	1.14186	158	0	0
2026.07.20	16:24:00	1.14186	1.14199	1.14186	1.14198	211	0	0
2026.07.20	16:25:00	1.14198	1.14206	1.14190	1.14193	218	0	0
2026.07.20	16:26:00	1.14193	1.14196	1.14175	1.14176	296	0	0
2026.07.20	16:27:00	1.14176	1.14193	1.14176	1.14193	272	0	0
2026.07.20	16:28:00	1.14193	1.14203	1.14190	1.14201	236	0	0
2026.07.20	16:29:00	1.14201	1.14202	1.14185	1.14192	260	0	0
2026.07.20	16:30:00	1.14192	1.14195	1.14180	1.14186	409	0	0
2026.07.20	16:31:00	1.14186	1.14186	1.14179	1.14183	269	0	0
2026.07.20	16:32:00	1.14183	1.14200	1.14181	1.14197	209	0	0
2026.07.20	16:33:00	1.14197	1.14199	1.14190	1.14192	227	0	0
2026.07.20	16:34:00	1.14191	1.14201	1.14185	1.14185	226	0	0
2026.07.20	16:35:00	1.14186	1.14190	1.14175	1.14177	264	0	0
2026.07.20	16:36:00	1.14177	1.14190	1.14175	1.14180	285	0	0
2026.07.20	16:37:00	1.14178	1.14184	1.14164	1.14173	294	0	0
2026.07.20	16:38:00	1.14173	1.14179	1.14167	1.14174	228	0	0
2026.07.20	16:39:00	1.14173	1.14181	1.14170	1.14172	256	0	0
2026.07.20	16:40:00	1.14172	1.14184	1.14167	1.14167	344	0	0
2026.07.20	16:41:00	1.14167	1.14173	1.14164	1.14168	255	0	0
2026.07.20	16:42:00	1.14168	1.14172	1.14151	1.14166	269	0	0
2026.07.20	16:43:00	1.14166	1.14168	1.14148	1.14148	291	0	0
2026.07.20	16:44:00	1.14148	1.14159	1.14144	1.14151	250	0	0
2026.07.20	16:45:00	1.14151	1.14155	1.14144	1.14152	261	0	0
2026.07.20	16:46:00	1.14152	1.14156	1.14148	1.14154	198	0	0
2026.07.20	16:47:00	1.14154	1.14166	1.14151	1.14161	217	0	0
2026.07.20	16:48:00	1.14161	1.14173	1.14160	1.14173	246	0	0
2026.07.20	16:49:00	1.14173	1.14184	1.14172	1.14178	218	0	0
2026.07.20	16:50:00	1.14178	1.14183	1.14160	1.14164	274	0	0
2026.07.20	16:51:00	1.14164	1.14175	1.14159	1.14171	265	0	0
2026.07.20	16:52:00	1.14171	1.14176	1.14167	1.14175	271	0	0
2026.07.20	16:53:00	1.14175	1.14176	1.14165	1.14172	230	0	0
2026.07.20	16:54:00	1.14172	1.14180	1.14171	1.14173	220	0	0
2026.07.20	16:55:00	1.14173	1.14184	1.14171	1.14174	256	0	0
2026.07.20	16:56:00	1.14173	1.14185	1.14170	1.14183	237	0	0
2026.07.20	16:57:00	1.14183	1.14185	1.14175	1.14177	208	0	0
2026.07.20	16:58:00	1.14177	1.14183	1.14171	1.14171	215	0	0
2026.07.20	16:59:00	1.14171	1.14173	1.14151	1.14152	200	0	0
2026.07.20	17:00:00	1.14151	1.14158	1.14146	1.14151	148	0	0
2026.07.20	17:01:00	1.14151	1.14162	1.14144	1.14160	172	0	0
2026.07.20	17:02:00	1.14162	1.14162	1.14146	1.14158	297	0	0
2026.07.20	17:03:00	1.14156	1.14158	1.14151	1.14153	216	0	0
2026.07.20	17:04:00	1.14154	1.14158	1.14151	1.14154	214	0	0
2026.07.20	17:05:00	1.14154	1.14165	1.14152	1.14153	237	0	0
2026.07.20	17:06:00	1.14153	1.14154	1.14139	1.14142	205	0	0
2026.07.20	17:07:00	1.14142	1.14151	1.14142	1.14148	238	0	0
2026.07.20	17:08:00	1.14148	1.14153	1.14141	1.14143	214	0	0
2026.07.20	17:09:00	1.14143	1.14152	1.14136	1.14136	187	0	0
2026.07.20	17:10:00	1.14138	1.14144	1.14120	1.14141	325	0	0
2026.07.20	17:11:00	1.14141	1.14149	1.14129	1.14130	256	0	0
2026.07.20	17:12:00	1.14130	1.14137	1.14120	1.14134	263	0	0
2026.07.20	17:13:00	1.14134	1.14145	1.14131	1.14145	233	0	0
2026.07.20	17:14:00	1.14145	1.14145	1.14130	1.14143	287	0	0
2026.07.20	17:15:00	1.14145	1.14155	1.14140	1.14147	304	0	0
2026.07.20	17:16:00	1.14147	1.14167	1.14145	1.14167	212	0	0
2026.07.20	17:17:00	1.14168	1.14178	1.14166	1.14172	168	0	0
2026.07.20	17:18:00	1.14171	1.14178	1.14163	1.14167	265	0	0
2026.07.20	17:19:00	1.14167	1.14175	1.14165	1.14168	267	0	0
2026.07.20	17:20:00	1.14168	1.14168	1.14149	1.14150	197	0	0
2026.07.20	17:21:00	1.14150	1.14154	1.14136	1.14140	259	0	0
2026.07.20	17:22:00	1.14140	1.14145	1.14131	1.14136	248	0	0
2026.07.20	17:23:00	1.14136	1.14140	1.14131	1.14137	206	0	0
2026.07.20	17:24:00	1.14137	1.14140	1.14134	1.14138	207	0	0
2026.07.20	17:25:00	1.14138	1.14147	1.14126	1.14142	289	0	0
2026.07.20	17:26:00	1.14142	1.14159	1.14140	1.14155	221	0	0
2026.07.20	17:27:00	1.14155	1.14174	1.14154	1.14169	255	0	0
2026.07.20	17:28:00	1.14169	1.14173	1.14157	1.14159	277	0	0
2026.07.20	17:29:00	1.14159	1.14175	1.14157	1.14164	215	0	0
2026.07.20	17:30:00	1.14164	1.14164	1.14139	1.14142	288	0	0
2026.07.20	17:31:00	1.14142	1.14142	1.14126	1.14128	259	0	0
2026.07.20	17:32:00	1.14128	1.14128	1.14109	1.14111	213	0	0
2026.07.20	17:33:00	1.14111	1.14125	1.14108	1.14118	228	0	0
2026.07.20	17:34:00	1.14117	1.14123	1.14114	1.14121	207	0	0
2026.07.20	17:35:00	1.14121	1.14121	1.14101	1.14107	223	0	0
2026.07.20	17:36:00	1.14107	1.14109	1.14094	1.14101	228	0	0
2026.07.20	17:37:00	1.14101	1.14117	1.14097	1.14111	276	0	0
2026.07.20	17:38:00	1.14111	1.14116	1.14108	1.14112	226	0	0
2026.07.20	17:39:00	1.14113	1.14114	1.14102	1.14104	182	0	0
2026.07.20	17:40:00	1.14104	1.14104	1.14080	1.14082	205	0	0
2026.07.20	17:41:00	1.14082	1.14084	1.14067	1.14072	271	0	0
2026.07.20	17:42:00	1.14072	1.14084	1.14067	1.14073	278	0	0
2026.07.20	17:43:00	1.14073	1.14080	1.14064	1.14066	218	0	0
2026.07.20	17:44:00	1.14066	1.14074	1.14065	1.14065	208	0	0
2026.07.20	17:45:00	1.14065	1.14071	1.14056	1.14067	286	0	0
2026.07.20	17:46:00	1.14067	1.14078	1.14060	1.14077	289	0	0
2026.07.20	17:47:00	1.14077	1.14095	1.14077	1.14085	264	0	0
2026.07.20	17:48:00	1.14085	1.14096	1.14083	1.14096	215	0	0
2026.07.20	17:49:00	1.14096	1.14106	1.14090	1.14098	230	0	0
2026.07.20	17:50:00	1.14098	1.14098	1.14069	1.14082	247	0	0
2026.07.20	17:51:00	1.14083	1.14088	1.14077	1.14086	206	0	0
2026.07.20	17:52:00	1.14086	1.14087	1.14067	1.14067	165	0	0
2026.07.20	17:53:00	1.14068	1.14069	1.14064	1.14067	149	0	0
2026.07.20	17:54:00	1.14068	1.14074	1.14054	1.14055	217	0	0
2026.07.20	17:55:00	1.14055	1.14056	1.14043	1.14047	273	0	0
2026.07.20	17:56:00	1.14047	1.14054	1.14042	1.14051	276	0	0
2026.07.20	17:57:00	1.14051	1.14074	1.14024	1.14073	508	0	0
2026.07.20	17:58:00	1.14073	1.14077	1.14057	1.14065	358	0	0
2026.07.20	17:59:00	1.14065	1.14071	1.14055	1.14067	330	0	0
2026.07.20	18:00:00	1.14067	1.14080	1.14048	1.14078	604	0	0
2026.07.20	18:01:00	1.14078	1.14084	1.14067	1.14083	408	0	0
2026.07.20	18:02:00	1.14083	1.14090	1.14072	1.14074	337	0	0
2026.07.20	18:03:00	1.14074	1.14081	1.14068	1.14072	213	0	0
2026.07.20	18:04:00	1.14072	1.14089	1.14069	1.14088	242	0	0
2026.07.20	18:05:00	1.14088	1.14095	1.14078	1.14085	300	0	0
2026.07.20	18:06:00	1.14085	1.14090	1.14075	1.14081	328	0	0
2026.07.20	18:07:00	1.14081	1.14090	1.14075	1.14085	239	0	0
2026.07.20	18:08:00	1.14086	1.14105	1.14077	1.14099	319	0	0
2026.07.20	18:09:00	1.14099	1.14106	1.14086	1.14098	487	0	0
2026.07.20	18:10:00	1.14098	1.14104	1.14087	1.14088	292	0	0
2026.07.20	18:11:00	1.14087	1.14090	1.14076	1.14085	216	0	0
2026.07.20	18:12:00	1.14085	1.14086	1.14071	1.14074	203	0	0
2026.07.20	18:13:00	1.14074	1.14086	1.14072	1.14084	282	0	0
2026.07.20	18:14:00	1.14084	1.14087	1.14073	1.14075	187	0	0
2026.07.20	18:15:00	1.14076	1.14076	1.14062	1.14067	236	0	0
2026.07.20	18:16:00	1.14067	1.14076	1.14061	1.14072	237	0	0
2026.07.20	18:17:00	1.14072	1.14075	1.14066	1.14071	232	0	0
2026.07.20	18:18:00	1.14071	1.14071	1.14061	1.14062	191	0	0
2026.07.20	18:19:00	1.14062	1.14062	1.14053	1.14060	264	0	0
2026.07.20	18:20:00	1.14060	1.14065	1.14055	1.14056	264	0	0
2026.07.20	18:21:00	1.14056	1.14071	1.14055	1.14067	244	0	0
2026.07.20	18:22:00	1.14067	1.14070	1.14061	1.14066	134	0	0
2026.07.20	18:23:00	1.14066	1.14083	1.14065	1.14078	158	0	0
2026.07.20	18:24:00	1.14078	1.14090	1.14077	1.14089	187	0	0
2026.07.20	18:25:00	1.14089	1.14096	1.14082	1.14092	132	0	0
2026.07.20	18:26:00	1.14092	1.14098	1.14087	1.14094	112	0	0
2026.07.20	18:27:00	1.14094	1.14096	1.14087	1.14091	128	0	0
2026.07.20	18:28:00	1.14090	1.14099	1.14087	1.14096	184	0	0
2026.07.20	18:29:00	1.14096	1.14099	1.14088	1.14094	145	0	0
2026.07.20	18:30:00	1.14094	1.14102	1.14093	1.14100	238	0	0
2026.07.20	18:31:00	1.14100	1.14103	1.14092	1.14094	199	0	0
2026.07.20	18:32:00	1.14095	1.14104	1.14092	1.14100	194	0	0
2026.07.20	18:33:00	1.14100	1.14109	1.14096	1.14103	150	0	0
2026.07.20	18:34:00	1.14103	1.14106	1.14095	1.14099	227	0	0
2026.07.20	18:35:00	1.14099	1.14108	1.14093	1.14105	224	0	0
2026.07.20	18:36:00	1.14105	1.14114	1.14102	1.14110	241	0	0
2026.07.20	18:37:00	1.14110	1.14111	1.14086	1.14090	177	0	0
2026.07.20	18:38:00	1.14090	1.14104	1.14083	1.14104	169	0	0
2026.07.20	18:39:00	1.14103	1.14104	1.14077	1.14087	232	0	0
2026.07.20	18:40:00	1.14087	1.14090	1.14081	1.14082	226	0	0
2026.07.20	18:41:00	1.14082	1.14096	1.14082	1.14082	209	0	0
2026.07.20	18:42:00	1.14082	1.14086	1.14074	1.14080	144	0	0
2026.07.20	18:43:00	1.14080	1.14083	1.14070	1.14078	196	0	0
2026.07.20	18:44:00	1.14078	1.14085	1.14074	1.14083	148	0	0
2026.07.20	18:45:00	1.14083	1.14094	1.14081	1.14094	148	0	0
2026.07.20	18:46:00	1.14094	1.14096	1.14088	1.14092	222	0	0
2026.07.20	18:47:00	1.14094	1.14109	1.14091	1.14104	195	0	0
2026.07.20	18:48:00	1.14105	1.14105	1.14088	1.14096	205	0	0
2026.07.20	18:49:00	1.14096	1.14117	1.14093	1.14112	239	0	0
2026.07.20	18:50:00	1.14112	1.14121	1.14109	1.14117	146	0	0
2026.07.20	18:51:00	1.14117	1.14126	1.14116	1.14118	183	0	0
2026.07.20	18:52:00	1.14118	1.14120	1.14104	1.14107	200	0	0
2026.07.20	18:53:00	1.14107	1.14111	1.14105	1.14109	190	0	0
2026.07.20	18:54:00	1.14109	1.14111	1.14096	1.14102	221	0	0
2026.07.20	18:55:00	1.14102	1.14122	1.14101	1.14120	201	0	0
2026.07.20	18:56:00	1.14120	1.14124	1.14116	1.14118	174	0	0
2026.07.20	18:57:00	1.14118	1.14119	1.14104	1.14111	169	0	0
2026.07.20	18:58:00	1.14111	1.14121	1.14110	1.14118	177	0	0
2026.07.20	18:59:00	1.14118	1.14121	1.14113	1.14113	131	0	0
2026.07.20	19:00:00	1.14113	1.14120	1.14107	1.14115	243	0	0
2026.07.20	19:01:00	1.14115	1.14137	1.14115	1.14131	276	0	0
2026.07.20	19:02:00	1.14131	1.14138	1.14121	1.14138	302	0	0
2026.07.20	19:03:00	1.14138	1.14139	1.14132	1.14138	222	0	0
2026.07.20	19:04:00	1.14138	1.14138	1.14121	1.14125	189	0	0
2026.07.20	19:05:00	1.14125	1.14137	1.14118	1.14135	218	0	0
2026.07.20	19:06:00	1.14135	1.14151	1.14131	1.14150	162	0	0
2026.07.20	19:07:00	1.14150	1.14153	1.14145	1.14150	168	0	0
2026.07.20	19:08:00	1.14150	1.14151	1.14143	1.14149	149	0	0
2026.07.20	19:09:00	1.14149	1.14152	1.14146	1.14150	144	0	0
2026.07.20	19:10:00	1.14150	1.14153	1.14147	1.14150	99	0	0
2026.07.20	19:11:00	1.14150	1.14158	1.14146	1.14155	135	0	0
2026.07.20	19:12:00	1.14155	1.14157	1.14149	1.14155	106	0	0
2026.07.20	19:13:00	1.14155	1.14160	1.14148	1.14149	170	0	0
2026.07.20	19:14:00	1.14149	1.14159	1.14149	1.14157	148	0	0
2026.07.20	19:15:00	1.14157	1.14161	1.14153	1.14159	173	0	0
2026.07.20	19:16:00	1.14159	1.14164	1.14156	1.14163	100	0	0
2026.07.20	19:17:00	1.14163	1.14172	1.14160	1.14172	130	0	0
2026.07.20	19:18:00	1.14172	1.14172	1.14156	1.14163	122	0	0
2026.07.20	19:19:00	1.14163	1.14164	1.14157	1.14160	167	0	0
2026.07.20	19:20:00	1.14160	1.14162	1.14155	1.14161	148	0	0
2026.07.20	19:21:00	1.14161	1.14164	1.14154	1.14156	152	0	0
2026.07.20	19:22:00	1.14156	1.14160	1.14152	1.14159	135	0	0
2026.07.20	19:23:00	1.14160	1.14160	1.14148	1.14151	151	0	0
2026.07.20	19:24:00	1.14152	1.14156	1.14149	1.14153	153	0	0
2026.07.20	19:25:00	1.14153	1.14158	1.14142	1.14154	182	0	0
2026.07.20	19:26:00	1.14154	1.14156	1.14135	1.14136	223	0	0
2026.07.20	19:27:00	1.14136	1.14145	1.14133	1.14144	178	0	0
2026.07.20	19:28:00	1.14144	1.14146	1.14137	1.14141	150	0	0
2026.07.20	19:29:00	1.14141	1.14144	1.14135	1.14140	151	0	0
2026.07.20	19:30:00	1.14141	1.14154	1.14139	1.14153	192	0	0
2026.07.20	19:31:00	1.14153	1.14153	1.14146	1.14150	157	0	0
2026.07.20	19:32:00	1.14151	1.14152	1.14146	1.14151	98	0	0
2026.07.20	19:33:00	1.14151	1.14154	1.14141	1.14142	124	0	0
2026.07.20	19:34:00	1.14142	1.14146	1.14135	1.14136	148	0	0
2026.07.20	19:35:00	1.14136	1.14140	1.14133	1.14137	136	0	0
2026.07.20	19:36:00	1.14137	1.14139	1.14131	1.14133	102	0	0
2026.07.20	19:37:00	1.14133	1.14142	1.14132	1.14138	113	0	0
2026.07.20	19:38:00	1.14137	1.14142	1.14135	1.14140	158	0	0
2026.07.20	19:39:00	1.14140	1.14145	1.14132	1.14132	148	0	0
2026.07.20	19:40:00	1.14132	1.14137	1.14128	1.14131	118	0	0
2026.07.20	19:41:00	1.14130	1.14135	1.14075	1.14114	555	0	0
2026.07.20	19:42:00	1.14113	1.14124	1.14097	1.14104	435	0	0
2026.07.20	19:43:00	1.14104	1.14114	1.14102	1.14105	409	0	0
2026.07.20	19:44:00	1.14105	1.14115	1.14100	1.14111	304	0	0
2026.07.20	19:45:00	1.14111	1.14114	1.14097	1.14100	227	0	0
2026.07.20	19:46:00	1.14100	1.14115	1.14097	1.14112	279	0	0
2026.07.20	19:47:00	1.14112	1.14112	1.14104	1.14108	168	0	0
2026.07.20	19:48:00	1.14108	1.14117	1.14107	1.14112	180	0	0
2026.07.20	19:49:00	1.14112	1.14114	1.14108	1.14110	102	0	0
2026.07.20	19:50:00	1.14110	1.14110	1.14098	1.14100	134	0	0
2026.07.20	19:51:00	1.14103	1.14107	1.14101	1.14103	124	0	0
2026.07.20	19:52:00	1.14103	1.14109	1.14101	1.14107	119	0	0
2026.07.20	19:53:00	1.14107	1.14114	1.14107	1.14111	127	0	0
2026.07.20	19:54:00	1.14111	1.14116	1.14108	1.14111	163	0	0
2026.07.20	19:55:00	1.14111	1.14113	1.14104	1.14113	115	0	0
2026.07.20	19:56:00	1.14113	1.14118	1.14111	1.14112	135	0	0
2026.07.20	19:57:00	1.14111	1.14116	1.14110	1.14116	104	0	0
2026.07.20	19:58:00	1.14116	1.14117	1.14110	1.14111	127	0	0
2026.07.20	19:59:00	1.14111	1.14119	1.14110	1.14115	177	0	0
2026.07.20	20:00:00	1.14115	1.14135	1.14115	1.14129	220	0	0
2026.07.20	20:01:00	1.14128	1.14130	1.14121	1.14123	181	0	0
2026.07.20	20:02:00	1.14123	1.14130	1.14118	1.14128	145	0	0
2026.07.20	20:03:00	1.14129	1.14141	1.14125	1.14129	208	0	0
2026.07.20	20:04:00	1.14129	1.14134	1.14125	1.14126	135	0	0
2026.07.20	20:05:00	1.14126	1.14130	1.14126	1.14127	167	0	0
2026.07.20	20:06:00	1.14127	1.14138	1.14126	1.14132	153	0	0
2026.07.20	20:07:00	1.14132	1.14140	1.14131	1.14137	134	0	0
2026.07.20	20:08:00	1.14137	1.14142	1.14131	1.14141	198	0	0
2026.07.20	20:09:00	1.14141	1.14148	1.14139	1.14147	172	0	0
2026.07.20	20:10:00	1.14147	1.14148	1.14137	1.14140	116	0	0
2026.07.20	20:11:00	1.14140	1.14140	1.14128	1.14132	183	0	0
2026.07.20	20:12:00	1.14132	1.14136	1.14128	1.14134	156	0	0
2026.07.20	20:13:00	1.14134	1.14136	1.14128	1.14129	106	0	0
2026.07.20	20:14:00	1.14129	1.14130	1.14112	1.14118	281	0	0
2026.07.20	20:15:00	1.14117	1.14134	1.14117	1.14130	202	0	0
2026.07.20	20:16:00	1.14130	1.14136	1.14124	1.14133	146	0	0
2026.07.20	20:17:00	1.14133	1.14137	1.14129	1.14134	136	0	0
2026.07.20	20:18:00	1.14134	1.14139	1.14131	1.14138	125	0	0
2026.07.20	20:19:00	1.14138	1.14142	1.14133	1.14140	176	0	0
2026.07.20	20:20:00	1.14139	1.14147	1.14134	1.14140	186	0	0
2026.07.20	20:21:00	1.14140	1.14145	1.14137	1.14144	166	0	0
2026.07.20	20:22:00	1.14144	1.14152	1.14144	1.14147	155	0	0
2026.07.20	20:23:00	1.14146	1.14149	1.14142	1.14146	138	0	0
2026.07.20	20:24:00	1.14146	1.14147	1.14141	1.14144	125	0	0
2026.07.20	20:25:00	1.14144	1.14151	1.14141	1.14150	82	0	0
2026.07.20	20:26:00	1.14150	1.14151	1.14146	1.14151	129	0	0
2026.07.20	20:27:00	1.14151	1.14155	1.14147	1.14154	128	0	0
2026.07.20	20:28:00	1.14154	1.14156	1.14147	1.14151	140	0	0
2026.07.20	20:29:00	1.14150	1.14155	1.14148	1.14149	137	0	0
2026.07.20	20:30:00	1.14149	1.14150	1.14141	1.14143	161	0	0
2026.07.20	20:31:00	1.14143	1.14149	1.14140	1.14145	151	0	0
2026.07.20	20:32:00	1.14146	1.14151	1.14142	1.14150	109	0	0
2026.07.20	20:33:00	1.14150	1.14150	1.14147	1.14149	114	0	0
2026.07.20	20:34:00	1.14149	1.14152	1.14143	1.14144	150	0	0
2026.07.20	20:35:00	1.14144	1.14146	1.14139	1.14139	123	0	0
2026.07.20	20:36:00	1.14139	1.14141	1.14132	1.14133	121	0	0
2026.07.20	20:37:00	1.14133	1.14136	1.14131	1.14133	113	0	0
2026.07.20	20:38:00	1.14133	1.14136	1.14132	1.14133	122	0	0
2026.07.20	20:39:00	1.14134	1.14136	1.14131	1.14132	126	0	0
2026.07.20	20:40:00	1.14132	1.14134	1.14129	1.14133	91	0	0
2026.07.20	20:41:00	1.14133	1.14137	1.14132	1.14133	92	0	0
2026.07.20	20:42:00	1.14133	1.14136	1.14131	1.14135	134	0	0
2026.07.20	20:43:00	1.14135	1.14136	1.14127	1.14130	137	0	0
2026.07.20	20:44:00	1.14130	1.14135	1.14128	1.14134	170	0	0
2026.07.20	20:45:00	1.14133	1.14135	1.14126	1.14129	138	0	0
2026.07.20	20:46:00	1.14130	1.14139	1.14130	1.14135	131	0	0
2026.07.20	20:47:00	1.14135	1.14136	1.14131	1.14134	121	0	0
2026.07.20	20:48:00	1.14134	1.14136	1.14131	1.14135	124	0	0
2026.07.20	20:49:00	1.14134	1.14137	1.14130	1.14137	131	0	0
2026.07.20	20:50:00	1.14137	1.14141	1.14133	1.14137	153	0	0
2026.07.20	20:51:00	1.14137	1.14140	1.14131	1.14140	129	0	0
2026.07.20	20:52:00	1.14140	1.14143	1.14133	1.14134	69	0	0
2026.07.20	20:53:00	1.14134	1.14143	1.14133	1.14140	95	0	0
2026.07.20	20:54:00	1.14140	1.14144	1.14133	1.14137	171	0	0
2026.07.20	20:55:00	1.14137	1.14146	1.14137	1.14142	88	0	0
2026.07.20	20:56:00	1.14142	1.14145	1.14137	1.14139	129	0	0
2026.07.20	20:57:00	1.14138	1.14146	1.14138	1.14143	108	0	0
2026.07.20	20:58:00	1.14143	1.14149	1.14142	1.14143	67	0	0
2026.07.20	20:59:00	1.14143	1.14145	1.14138	1.14139	78	0	0
2026.07.20	21:00:00	1.14139	1.14149	1.14139	1.14147	126	0	0
2026.07.20	21:01:00	1.14147	1.14156	1.14147	1.14155	128	0	0
2026.07.20	21:02:00	1.14156	1.14156	1.14148	1.14150	86	0	0
2026.07.20	21:03:00	1.14150	1.14151	1.14147	1.14149	84	0	0
2026.07.20	21:04:00	1.14149	1.14156	1.14146	1.14152	86	0	0
2026.07.20	21:05:00	1.14152	1.14153	1.14143	1.14150	156	0	0
2026.07.20	21:06:00	1.14149	1.14154	1.14147	1.14154	144	0	0
2026.07.20	21:07:00	1.14154	1.14156	1.14149	1.14154	111	0	0
2026.07.20	21:08:00	1.14154	1.14158	1.14151	1.14156	105	0	0
2026.07.20	21:09:00	1.14156	1.14166	1.14156	1.14162	133	0	0
2026.07.20	21:10:00	1.14162	1.14165	1.14160	1.14163	111	0	0
2026.07.20	21:11:00	1.14163	1.14165	1.14157	1.14162	119	0	0
2026.07.20	21:12:00	1.14162	1.14166	1.14161	1.14163	107	0	0
2026.07.20	21:13:00	1.14162	1.14166	1.14162	1.14165	105	0	0
2026.07.20	21:14:00	1.14165	1.14169	1.14163	1.14169	94	0	0
2026.07.20	21:15:00	1.14169	1.14175	1.14166	1.14173	94	0	0
2026.07.20	21:16:00	1.14174	1.14185	1.14174	1.14181	100	0	0
2026.07.20	21:17:00	1.14181	1.14190	1.14176	1.14184	109	0	0
2026.07.20	21:18:00	1.14184	1.14186	1.14178	1.14183	90	0	0
2026.07.20	21:19:00	1.14183	1.14185	1.14173	1.14182	142	0	0
2026.07.20	21:20:00	1.14182	1.14184	1.14176	1.14178	130	0	0
2026.07.20	21:21:00	1.14178	1.14183	1.14170	1.14179	158	0	0
2026.07.20	21:22:00	1.14180	1.14185	1.14170	1.14170	150	0	0
2026.07.20	21:23:00	1.14171	1.14173	1.14164	1.14171	133	0	0
2026.07.20	21:24:00	1.14171	1.14175	1.14164	1.14166	151	0	0
2026.07.20	21:25:00	1.14164	1.14178	1.14163	1.14172	134	0	0
2026.07.20	21:26:00	1.14172	1.14174	1.14163	1.14169	130	0	0
2026.07.20	21:27:00	1.14169	1.14171	1.14167	1.14169	80	0	0
2026.07.20	21:28:00	1.14169	1.14175	1.14166	1.14169	101	0	0
2026.07.20	21:29:00	1.14169	1.14176	1.14169	1.14172	112	0	0
2026.07.20	21:30:00	1.14172	1.14174	1.14162	1.14163	156	0	0
2026.07.20	21:31:00	1.14162	1.14165	1.14159	1.14162	143	0	0
2026.07.20	21:32:00	1.14162	1.14170	1.14159	1.14163	164	0	0
2026.07.20	21:33:00	1.14163	1.14164	1.14153	1.14156	132	0	0
2026.07.20	21:34:00	1.14156	1.14158	1.14150	1.14153	123	0	0
2026.07.20	21:35:00	1.14152	1.14158	1.14152	1.14157	69	0	0
2026.07.20	21:36:00	1.14157	1.14161	1.14152	1.14158	81	0	0
2026.07.20	21:37:00	1.14158	1.14160	1.14155	1.14156	73	0	0
2026.07.20	21:38:00	1.14156	1.14162	1.14156	1.14156	123	0	0
2026.07.20	21:39:00	1.14156	1.14160	1.14152	1.14156	70	0	0
2026.07.20	21:40:00	1.14157	1.14157	1.14145	1.14147	49	0	0
2026.07.20	21:41:00	1.14147	1.14151	1.14146	1.14147	98	0	0
2026.07.20	21:42:00	1.14147	1.14154	1.14145	1.14148	146	0	0
2026.07.20	21:43:00	1.14148	1.14149	1.14145	1.14148	82	0	0
2026.07.20	21:44:00	1.14148	1.14150	1.14138	1.14141	78	0	0
2026.07.20	21:45:00	1.14141	1.14144	1.14131	1.14138	127	0	0
2026.07.20	21:46:00	1.14138	1.14144	1.14133	1.14143	174	0	0
2026.07.20	21:47:00	1.14143	1.14149	1.14138	1.14143	122	0	0
2026.07.20	21:48:00	1.14143	1.14145	1.14139	1.14141	81	0	0
2026.07.20	21:49:00	1.14142	1.14145	1.14138	1.14142	97	0	0
2026.07.20	21:50:00	1.14142	1.14145	1.14141	1.14143	42	0	0
2026.07.20	21:51:00	1.14143	1.14148	1.14141	1.14141	79	0	0
2026.07.20	21:52:00	1.14141	1.14144	1.14137	1.14142	86	0	0
2026.07.20	21:53:00	1.14142	1.14147	1.14141	1.14143	86	0	0
2026.07.20	21:54:00	1.14143	1.14145	1.14139	1.14142	98	0	0
2026.07.20	21:55:00	1.14142	1.14142	1.14137	1.14138	87	0	0
2026.07.20	21:56:00	1.14138	1.14139	1.14131	1.14134	65	0	0
2026.07.20	21:57:00	1.14134	1.14149	1.14131	1.14145	107	0	0
2026.07.20	21:58:00	1.14143	1.14150	1.14142	1.14149	104	0	0
2026.07.20	21:59:00	1.14149	1.14157	1.14142	1.14153	183	0	0
2026.07.20	22:00:00	1.14153	1.14163	1.14152	1.14160	96	0	0
2026.07.20	22:01:00	1.14160	1.14165	1.14154	1.14158	126	0	0
2026.07.20	22:02:00	1.14158	1.14161	1.14154	1.14159	81	0	0
2026.07.20	22:03:00	1.14159	1.14159	1.14147	1.14156	88	0	0
2026.07.20	22:04:00	1.14156	1.14157	1.14153	1.14154	52	0	0
2026.07.20	22:05:00	1.14154	1.14156	1.14151	1.14156	90	0	0
2026.07.20	22:06:00	1.14156	1.14158	1.14153	1.14156	73	0	0
2026.07.20	22:07:00	1.14156	1.14161	1.14155	1.14161	80	0	0
2026.07.20	22:08:00	1.14161	1.14161	1.14153	1.14154	94	0	0
2026.07.20	22:09:00	1.14154	1.14160	1.14154	1.14160	88	0	0
2026.07.20	22:10:00	1.14159	1.14160	1.14153	1.14155	57	0	0
2026.07.20	22:11:00	1.14155	1.14156	1.14144	1.14146	95	0	0
2026.07.20	22:12:00	1.14144	1.14149	1.14141	1.14144	125	0	0
2026.07.20	22:13:00	1.14144	1.14145	1.14137	1.14143	154	0	0
2026.07.20	22:14:00	1.14143	1.14145	1.14140	1.14143	122	0	0
2026.07.20	22:15:00	1.14143	1.14146	1.14140	1.14142	127	0	0
2026.07.20	22:16:00	1.14142	1.14145	1.14134	1.14136	63	0	0
2026.07.20	22:17:00	1.14137	1.14140	1.14133	1.14138	143	0	0
2026.07.20	22:18:00	1.14139	1.14141	1.14137	1.14140	123	0	0
2026.07.20	22:19:00	1.14140	1.14149	1.14137	1.14147	111	0	0
2026.07.20	22:20:00	1.14147	1.14155	1.14147	1.14153	132	0	0
2026.07.20	22:21:00	1.14153	1.14155	1.14146	1.14147	143	0	0
2026.07.20	22:22:00	1.14147	1.14150	1.14145	1.14147	110	0	0
2026.07.20	22:23:00	1.14147	1.14156	1.14144	1.14156	149	0	0
2026.07.20	22:24:00	1.14157	1.14159	1.14153	1.14155	114	0	0
2026.07.20	22:25:00	1.14155	1.14156	1.14148	1.14150	105	0	0
2026.07.20	22:26:00	1.14150	1.14154	1.14147	1.14149	118	0	0
2026.07.20	22:27:00	1.14148	1.14151	1.14146	1.14148	78	0	0
2026.07.20	22:28:00	1.14148	1.14154	1.14147	1.14150	157	0	0
2026.07.20	22:29:00	1.14150	1.14181	1.14146	1.14174	376	0	0
2026.07.20	22:30:00	1.14174	1.14180	1.14168	1.14171	281	0	0
2026.07.20	22:31:00	1.14171	1.14180	1.14171	1.14176	154	0	0
2026.07.20	22:32:00	1.14176	1.14180	1.14176	1.14178	72	0	0
2026.07.20	22:33:00	1.14178	1.14182	1.14174	1.14174	108	0	0
2026.07.20	22:34:00	1.14174	1.14176	1.14166	1.14166	125	0	0
2026.07.20	22:35:00	1.14165	1.14172	1.14165	1.14167	109	0	0
2026.07.20	22:36:00	1.14166	1.14173	1.14165	1.14170	121	0	0
2026.07.20	22:37:00	1.14168	1.14171	1.14161	1.14162	109	0	0
2026.07.20	22:38:00	1.14162	1.14165	1.14156	1.14162	120	0	0
2026.07.20	22:39:00	1.14162	1.14166	1.14158	1.14165	132	0	0
2026.07.20	22:40:00	1.14166	1.14168	1.14162	1.14167	56	0	0
2026.07.20	22:41:00	1.14167	1.14170	1.14164	1.14165	115	0	0
2026.07.20	22:42:00	1.14165	1.14169	1.14161	1.14162	128	0	0
2026.07.20	22:43:00	1.14162	1.14167	1.14162	1.14164	41	0	0
2026.07.20	22:44:00	1.14164	1.14165	1.14161	1.14161	49	0	0
2026.07.20	22:45:00	1.14161	1.14165	1.14156	1.14156	98	0	0
2026.07.20	22:46:00	1.14156	1.14160	1.14155	1.14157	114	0	0
2026.07.20	22:47:00	1.14157	1.14164	1.14156	1.14162	182	0	0
2026.07.20	22:48:00	1.14162	1.14169	1.14162	1.14166	84	0	0
2026.07.20	22:49:00	1.14166	1.14174	1.14165	1.14174	59	0	0
2026.07.20	22:50:00	1.14174	1.14174	1.14167	1.14171	133	0	0
2026.07.20	22:51:00	1.14171	1.14176	1.14169	1.14174	175	0	0
2026.07.20	22:52:00	1.14173	1.14174	1.14167	1.14167	127	0	0
2026.07.20	22:53:00	1.14169	1.14169	1.14162	1.14162	129	0	0
2026.07.20	22:54:00	1.14162	1.14169	1.14161	1.14166	156	0	0
2026.07.20	22:55:00	1.14166	1.14166	1.14146	1.14149	92	0	0
2026.07.20	22:56:00	1.14149	1.14157	1.14149	1.14157	115	0	0
2026.07.20	22:57:00	1.14157	1.14163	1.14152	1.14161	244	0	0
2026.07.20	22:58:00	1.14160	1.14162	1.14156	1.14159	176	0	0
2026.07.20	22:59:00	1.14159	1.14161	1.14155	1.14156	217	0	0
2026.07.20	23:00:00	1.14156	1.14167	1.14154	1.14164	225	0	0
2026.07.20	23:01:00	1.14164	1.14170	1.14164	1.14166	173	0	0
2026.07.20	23:02:00	1.14166	1.14168	1.14161	1.14162	150	0	0
2026.07.20	23:03:00	1.14161	1.14162	1.14155	1.14156	90	0	0
2026.07.20	23:04:00	1.14156	1.14158	1.14150	1.14156	80	0	0
2026.07.20	23:05:00	1.14155	1.14157	1.14145	1.14145	59	0	0
2026.07.20	23:06:00	1.14146	1.14147	1.14142	1.14147	49	0	0
2026.07.20	23:07:00	1.14147	1.14147	1.14138	1.14140	55	0	0
2026.07.20	23:08:00	1.14140	1.14142	1.14136	1.14136	48	0	0
2026.07.20	23:09:00	1.14136	1.14142	1.14135	1.14142	96	0	0
2026.07.20	23:10:00	1.14142	1.14144	1.14138	1.14143	43	0	0
2026.07.20	23:11:00	1.14143	1.14146	1.14141	1.14141	50	0	0
2026.07.20	23:12:00	1.14141	1.14144	1.14140	1.14141	33	0	0
2026.07.20	23:13:00	1.14141	1.14142	1.14139	1.14139	46	0	0
2026.07.20	23:14:00	1.14139	1.14143	1.14139	1.14141	43	0	0
2026.07.20	23:15:00	1.14141	1.14143	1.14133	1.14134	73	0	0
2026.07.20	23:16:00	1.14134	1.14137	1.14129	1.14132	65	0	0
2026.07.20	23:17:00	1.14132	1.14133	1.14126	1.14128	70	0	0
2026.07.20	23:18:00	1.14128	1.14133	1.14126	1.14129	74	0	0
2026.07.20	23:19:00	1.14131	1.14133	1.14126	1.14132	52	0	0
2026.07.20	23:20:00	1.14132	1.14135	1.14128	1.14130	41	0	0
2026.07.20	23:21:00	1.14130	1.14139	1.14130	1.14137	66	0	0
2026.07.20	23:22:00	1.14137	1.14141	1.14136	1.14138	57	0	0
2026.07.20	23:23:00	1.14139	1.14141	1.14137	1.14140	25	0	0
2026.07.20	23:24:00	1.14140	1.14146	1.14137	1.14143	46	0	0
2026.07.20	23:25:00	1.14143	1.14148	1.14143	1.14147	77	0	0
2026.07.20	23:26:00	1.14147	1.14149	1.14143	1.14144	48	0	0
2026.07.20	23:27:00	1.14144	1.14147	1.14141	1.14147	73	0	0
2026.07.20	23:28:00	1.14147	1.14148	1.14143	1.14144	42	0	0
2026.07.20	23:29:00	1.14144	1.14150	1.14144	1.14146	51	0	0
2026.07.20	23:30:00	1.14146	1.14151	1.14146	1.14146	59	0	0
2026.07.20	23:31:00	1.14146	1.14150	1.14144	1.14150	37	0	0
2026.07.20	23:32:00	1.14150	1.14151	1.14146	1.14148	37	0	0
2026.07.20	23:33:00	1.14148	1.14150	1.14145	1.14146	37	0	0
2026.07.20	23:34:00	1.14146	1.14146	1.14141	1.14142	72	0	0
2026.07.20	23:35:00	1.14142	1.14146	1.14130	1.14131	50	0	0
2026.07.20	23:36:00	1.14130	1.14134	1.14129	1.14132	40	0	0
2026.07.20	23:37:00	1.14132	1.14135	1.14129	1.14135	57	0	0
2026.07.20	23:38:00	1.14135	1.14135	1.14128	1.14132	72	0	0
2026.07.20	23:39:00	1.14132	1.14133	1.14126	1.14129	45	0	0
2026.07.20	23:40:00	1.14129	1.14135	1.14129	1.14133	55	0	0
2026.07.20	23:41:00	1.14133	1.14139	1.14132	1.14137	54	0	0
2026.07.20	23:42:00	1.14137	1.14141	1.14135	1.14140	17	0	0
2026.07.20	23:43:00	1.14140	1.14140	1.14134	1.14135	44	0	0
2026.07.20	23:44:00	1.14135	1.14138	1.14134	1.14134	36	0	0
2026.07.20	23:45:00	1.14134	1.14137	1.14128	1.14135	40	0	0
2026.07.20	23:46:00	1.14135	1.14135	1.14130	1.14134	30	0	0
2026.07.20	23:47:00	1.14134	1.14134	1.14129	1.14134	24	0	0
2026.07.20	23:48:00	1.14134	1.14134	1.14130	1.14132	86	0	0
2026.07.20	23:49:00	1.14131	1.14135	1.14129	1.14133	55	0	0
2026.07.20	23:50:00	1.14133	1.14135	1.14129	1.14133	65	0	0
2026.07.20	23:51:00	1.14133	1.14137	1.14128	1.14137	87	0	0
2026.07.20	23:52:00	1.14137	1.14137	1.14129	1.14133	42	0	0
2026.07.20	23:53:00	1.14133	1.14137	1.14132	1.14136	79	0	0
2026.07.20	23:54:00	1.14136	1.14136	1.14133	1.14136	17	0	0
2026.07.20	23:55:00	1.14136	1.14136	1.14130	1.14131	73	0	0
2026.07.20	23:56:00	1.14131	1.14142	1.14131	1.14141	41	0	0
2026.07.20	23:57:00	1.14141	1.14143	1.14137	1.14141	58	0	0
2026.07.20	23:58:00	1.14141	1.14146	1.14136	1.14137	93	0	0
2026.07.20	23:59:00	1.14137	1.14146	1.14136	1.14141	92	0	0
2026.07.21	00:00:00	1.14136	1.14136	1.14136	1.14136	1	0	25
2026.07.21	00:01:00	1.14136	1.14163	1.14122	1.14124	12	0	0
2026.07.21	00:02:00	1.14123	1.14137	1.14123	1.14136	6	0	0
2026.07.21	00:03:00	1.14137	1.14169	1.14122	1.14123	24	0	0
2026.07.21	00:04:00	1.14131	1.14169	1.14122	1.14136	18	0	0
2026.07.21	00:05:00	1.14136	1.14153	1.14136	1.14151	53	0	7
2026.07.21	00:06:00	1.14151	1.14170	1.14147	1.14170	41	0	4
2026.07.21	00:07:00	1.14170	1.14170	1.14165	1.14165	15	0	11
2026.07.21	00:08:00	1.14165	1.14165	1.14163	1.14163	2	0	5
2026.07.21	00:09:00	1.14163	1.14163	1.14145	1.14145	3	0	3
2026.07.21	00:10:00	1.14145	1.14145	1.14145	1.14145	1	0	3
2026.07.21	00:11:00	1.14145	1.14146	1.14142	1.14145	6	0	3
2026.07.21	00:12:00	1.14145	1.14155	1.14145	1.14154	4	0	0
2026.07.21	00:13:00	1.14154	1.14164	1.14154	1.14163	5	0	0
2026.07.21	00:14:00	1.14163	1.14163	1.14163	1.14163	1	0	3
2026.07.21	00:15:00	1.14163	1.14165	1.14162	1.14164	6	0	4
2026.07.21	00:16:00	1.14164	1.14164	1.14143	1.14143	11	0	0
2026.07.21	00:17:00	1.14143	1.14145	1.14130	1.14134	7	0	0
2026.07.21	00:18:00	1.14134	1.14135	1.14129	1.14135	5	0	0
2026.07.21	00:19:00	1.14135	1.14135	1.14133	1.14133	2	0	1
2026.07.21	00:20:00	1.14133	1.14133	1.14133	1.14133	1	0	3
2026.07.21	00:21:00	1.14133	1.14133	1.14131	1.14131	4	0	0
2026.07.21	00:22:00	1.14131	1.14133	1.14131	1.14131	5	0	0
2026.07.21	00:23:00	1.14131	1.14131	1.14131	1.14131	1	0	0
2026.07.21	00:24:00	1.14131	1.14132	1.14131	1.14132	2	0	0
2026.07.21	00:25:00	1.14132	1.14132	1.14126	1.14126	12	0	0
2026.07.21	00:26:00	1.14126	1.14132	1.14124	1.14130	26	0	0
2026.07.21	00:27:00	1.14130	1.14130	1.14126	1.14130	10	0	0
2026.07.21	00:28:00	1.14130	1.14130	1.14129	1.14129	2	0	0
2026.07.21	00:29:00	1.14129	1.14133	1.14129	1.14130	4	0	1
2026.07.21	00:30:00	1.14130	1.14133	1.14129	1.14133	5	0	0
2026.07.21	00:31:00	1.14132	1.14134	1.14131	1.14131	17	0	0
2026.07.21	00:32:00	1.14131	1.14134	1.14131	1.14134	4	0	0
2026.07.21	00:33:00	1.14134	1.14134	1.14129	1.14130	4	0	0
2026.07.21	00:34:00	1.14130	1.14130	1.14110	1.14111	14	0	0
2026.07.21	00:35:00	1.14111	1.14122	1.14111	1.14113	17	0	0
2026.07.21	00:36:00	1.14113	1.14116	1.14113	1.14115	4	0	0
2026.07.21	00:37:00	1.14115	1.14115	1.14115	1.14115	1	0	2
2026.07.21	00:38:00	1.14115	1.14116	1.14114	1.14115	4	0	0
2026.07.21	00:39:00	1.14115	1.14115	1.14112	1.14112	3	0	0
2026.07.21	00:40:00	1.14112	1.14125	1.14112	1.14123	22	0	0
2026.07.21	00:41:00	1.14123	1.14125	1.14121	1.14125	21	0	0
2026.07.21	00:42:00	1.14126	1.14126	1.14123	1.14125	9	0	0
2026.07.21	00:43:00	1.14125	1.14126	1.14123	1.14123	10	0	0
2026.07.21	00:44:00	1.14123	1.14123	1.14122	1.14122	6	0	0
2026.07.21	00:45:00	1.14122	1.14125	1.14119	1.14120	11	0	0
2026.07.21	00:46:00	1.14120	1.14120	1.14117	1.14118	17	0	0
2026.07.21	00:47:00	1.14118	1.14119	1.14116	1.14118	27	0	0
2026.07.21	00:48:00	1.14118	1.14119	1.14118	1.14119	10	0	0
2026.07.21	00:49:00	1.14119	1.14119	1.14117	1.14118	4	0	0
2026.07.21	00:50:00	1.14118	1.14119	1.14118	1.14119	2	0	0
2026.07.21	00:51:00	1.14119	1.14120	1.14118	1.14119	7	0	0
2026.07.21	00:52:00	1.14119	1.14119	1.14118	1.14119	3	0	0
2026.07.21	00:53:00	1.14119	1.14120	1.14117	1.14119	10	0	0
2026.07.21	00:54:00	1.14119	1.14119	1.14119	1.14119	1	0	0
2026.07.21	00:55:00	1.14119	1.14120	1.14117	1.14119	9	0	0
2026.07.21	00:56:00	1.14119	1.14119	1.14118	1.14119	3	0	0
2026.07.21	00:57:00	1.14119	1.14119	1.14118	1.14118	6	0	0
2026.07.21	00:58:00	1.14118	1.14120	1.14118	1.14118	14	0	0
2026.07.21	00:59:00	1.14118	1.14121	1.14115	1.14120	16	0	0
2026.07.21	01:00:00	1.14116	1.14123	1.14112	1.14113	133	0	0
2026.07.21	01:01:00	1.14112	1.14113	1.14106	1.14108	127	0	0
2026.07.21	01:02:00	1.14108	1.14111	1.14107	1.14109	85	0	0
2026.07.21	01:03:00	1.14109	1.14111	1.14107	1.14108	31	0	0
2026.07.21	01:04:00	1.14108	1.14110	1.14106	1.14108	61	0	0
2026.07.21	01:05:00	1.14108	1.14109	1.14103	1.14103	31	0	0
2026.07.21	01:06:00	1.14103	1.14105	1.14101	1.14102	24	0	0
2026.07.21	01:07:00	1.14102	1.14121	1.14101	1.14120	32	0	0
2026.07.21	01:08:00	1.14121	1.14126	1.14114	1.14117	33	0	0
2026.07.21	01:09:00	1.14117	1.14120	1.14116	1.14117	16	0	0
2026.07.21	01:10:00	1.14117	1.14122	1.14117	1.14120	341	0	0
2026.07.21	01:11:00	1.14119	1.14122	1.14118	1.14119	419	0	0
2026.07.21	01:12:00	1.14119	1.14120	1.14118	1.14120	1042	0	0
2026.07.21	01:13:00	1.14119	1.14121	1.14119	1.14119	205	0	0
2026.07.21	01:14:00	1.14119	1.14120	1.14118	1.14120	804	0	0
2026.07.21	01:15:00	1.14119	1.14121	1.14119	1.14119	47	0	0
2026.07.21	01:16:00	1.14119	1.14122	1.14117	1.14119	39	0	0
2026.07.21	01:17:00	1.14119	1.14121	1.14119	1.14119	29	0	0
2026.07.21	01:18:00	1.14119	1.14122	1.14118	1.14119	64	0	0
2026.07.21	01:19:00	1.14119	1.14121	1.14119	1.14121	29	0	0
2026.07.21	01:20:00	1.14120	1.14127	1.14119	1.14124	47	0	0
2026.07.21	01:21:00	1.14124	1.14127	1.14124	1.14125	27	0	0
2026.07.21	01:22:00	1.14125	1.14126	1.14124	1.14125	25	0	0
2026.07.21	01:23:00	1.14125	1.14127	1.14125	1.14125	47	0	0
2026.07.21	01:24:00	1.14126	1.14127	1.14125	1.14125	37	0	0
2026.07.21	01:25:00	1.14126	1.14128	1.14124	1.14125	35	0	0
2026.07.21	01:26:00	1.14125	1.14126	1.14116	1.14116	54	0	0
2026.07.21	01:27:00	1.14116	1.14121	1.14116	1.14120	66	0	0
2026.07.21	01:28:00	1.14120	1.14121	1.14116	1.14117	73	0	0
2026.07.21	01:29:00	1.14117	1.14121	1.14117	1.14118	48	0	0
2026.07.21	01:30:00	1.14118	1.14123	1.14117	1.14119	33	0	0
2026.07.21	01:31:00	1.14119	1.14122	1.14117	1.14120	26	0	0
2026.07.21	01:32:00	1.14120	1.14122	1.14118	1.14118	60	0	0
2026.07.21	01:33:00	1.14118	1.14122	1.14117	1.14121	68	0	0
2026.07.21	01:34:00	1.14121	1.14122	1.14119	1.14121	23	0	0
2026.07.21	01:35:00	1.14121	1.14121	1.14114	1.14115	56	0	0
2026.07.21	01:36:00	1.14115	1.14119	1.14114	1.14115	32	0	0
2026.07.21	01:37:00	1.14114	1.14120	1.14114	1.14119	30	0	0
2026.07.21	01:38:00	1.14119	1.14123	1.14119	1.14120	32	0	0
2026.07.21	01:39:00	1.14120	1.14123	1.14119	1.14120	39	0	0
2026.07.21	01:40:00	1.14120	1.14122	1.14119	1.14119	24	0	0
2026.07.21	01:41:00	1.14119	1.14122	1.14115	1.14115	73	0	0
2026.07.21	01:42:00	1.14115	1.14118	1.14114	1.14115	23	0	0
2026.07.21	01:43:00	1.14115	1.14119	1.14113	1.14116	52	0	0
2026.07.21	01:44:00	1.14115	1.14121	1.14115	1.14120	60	0	0
2026.07.21	01:45:00	1.14120	1.14138	1.14120	1.14135	137	0	0
2026.07.21	01:46:00	1.14135	1.14139	1.14125	1.14129	126	0	0
2026.07.21	01:47:00	1.14129	1.14131	1.14124	1.14125	54	0	0
2026.07.21	01:48:00	1.14125	1.14132	1.14125	1.14127	57	0	0
2026.07.21	01:49:00	1.14129	1.14131	1.14126	1.14131	75	0	0
2026.07.21	01:50:00	1.14131	1.14131	1.14123	1.14124	75	0	0
2026.07.21	01:51:00	1.14124	1.14130	1.14124	1.14127	96	0	0
2026.07.21	01:52:00	1.14127	1.14132	1.14126	1.14131	68	0	0
2026.07.21	01:53:00	1.14131	1.14133	1.14125	1.14127	82	0	0
2026.07.21	01:54:00	1.14126	1.14134	1.14124	1.14133	48	0	0
2026.07.21	01:55:00	1.14133	1.14135	1.14129	1.14130	37	0	0
2026.07.21	01:56:00	1.14130	1.14132	1.14130	1.14131	14	0	0
2026.07.21	01:57:00	1.14131	1.14131	1.14127	1.14129	51	0	0
2026.07.21	01:58:00	1.14131	1.14132	1.14127	1.14132	30	0	0
2026.07.21	01:59:00	1.14132	1.14134	1.14129	1.14130	58	0	0
2026.07.21	02:00:00	1.14130	1.14134	1.14130	1.14132	76	0	0
2026.07.21	02:01:00	1.14132	1.14132	1.14129	1.14130	45	0	0
2026.07.21	02:02:00	1.14130	1.14134	1.14127	1.14131	75	0	0
2026.07.21	02:03:00	1.14131	1.14131	1.14126	1.14126	60	0	0
2026.07.21	02:04:00	1.14126	1.14129	1.14125	1.14127	33	0	0
2026.07.21	02:05:00	1.14126	1.14127	1.14125	1.14126	27	0	0
2026.07.21	02:06:00	1.14126	1.14128	1.14125	1.14127	21	0	0
2026.07.21	02:07:00	1.14127	1.14129	1.14125	1.14125	42	0	0
2026.07.21	02:08:00	1.14126	1.14133	1.14125	1.14131	73	0	0
2026.07.21	02:09:00	1.14132	1.14133	1.14130	1.14131	56	0	0
2026.07.21	02:10:00	1.14130	1.14133	1.14130	1.14132	69	0	0
2026.07.21	02:11:00	1.14132	1.14134	1.14130	1.14133	55	0	0
2026.07.21	02:12:00	1.14133	1.14138	1.14133	1.14136	62	0	0
2026.07.21	02:13:00	1.14137	1.14137	1.14135	1.14136	42	0	0
2026.07.21	02:14:00	1.14136	1.14138	1.14134	1.14137	44	0	0
2026.07.21	02:15:00	1.14137	1.14142	1.14134	1.14141	45	0	0
2026.07.21	02:16:00	1.14141	1.14141	1.14131	1.14133	77	0	0
2026.07.21	02:17:00	1.14131	1.14137	1.14131	1.14135	46	0	0
2026.07.21	02:18:00	1.14135	1.14138	1.14134	1.14138	45	0	0
2026.07.21	02:19:00	1.14138	1.14138	1.14135	1.14136	24	0	0
2026.07.21	02:20:00	1.14136	1.14138	1.14135	1.14137	44	0	0
2026.07.21	02:21:00	1.14135	1.14137	1.14132	1.14134	48	0	0
2026.07.21	02:22:00	1.14134	1.14134	1.14128	1.14132	85	0	0
2026.07.21	02:23:00	1.14132	1.14133	1.14129	1.14129	34	0	0
2026.07.21	02:24:00	1.14129	1.14132	1.14127	1.14130	50	0	0
2026.07.21	02:25:00	1.14129	1.14132	1.14128	1.14129	52	0	0
2026.07.21	02:26:00	1.14129	1.14133	1.14128	1.14131	48	0	0
2026.07.21	02:27:00	1.14131	1.14133	1.14130	1.14131	54	0	0
2026.07.21	02:28:00	1.14131	1.14133	1.14130	1.14133	3	0	0
2026.07.21	02:29:00	1.14133	1.14133	1.14130	1.14130	18	0	0
2026.07.21	02:30:00	1.14130	1.14133	1.14130	1.14133	29	0	0
2026.07.21	02:31:00	1.14133	1.14134	1.14130	1.14134	21	0	0
2026.07.21	02:32:00	1.14134	1.14134	1.14131	1.14134	27	0	0
2026.07.21	02:33:00	1.14133	1.14138	1.14131	1.14137	36	0	0
2026.07.21	02:34:00	1.14137	1.14138	1.14135	1.14138	39	0	0
2026.07.21	02:35:00	1.14138	1.14138	1.14136	1.14138	10	0	0
2026.07.21	02:36:00	1.14138	1.14138	1.14135	1.14136	28	0	0
2026.07.21	02:37:00	1.14136	1.14136	1.14131	1.14131	28	0	0
2026.07.21	02:38:00	1.14131	1.14134	1.14131	1.14132	20	0	0
2026.07.21	02:39:00	1.14133	1.14134	1.14131	1.14133	61	0	0
2026.07.21	02:40:00	1.14133	1.14133	1.14131	1.14133	17	0	0
2026.07.21	02:41:00	1.14133	1.14134	1.14131	1.14133	25	0	0
2026.07.21	02:42:00	1.14133	1.14134	1.14131	1.14133	10	0	0
2026.07.21	02:43:00	1.14133	1.14133	1.14131	1.14133	9	0	0
2026.07.21	02:44:00	1.14133	1.14133	1.14131	1.14133	21	0	0
2026.07.21	02:45:00	1.14133	1.14133	1.14130	1.14133	58	0	0
2026.07.21	02:46:00	1.14133	1.14138	1.14130	1.14136	71	0	0
2026.07.21	02:47:00	1.14136	1.14138	1.14130	1.14138	127	0	0
2026.07.21	02:48:00	1.14137	1.14138	1.14135	1.14135	42	0	0
2026.07.21	02:49:00	1.14135	1.14139	1.14131	1.14137	82	0	0
2026.07.21	02:50:00	1.14139	1.14141	1.14135	1.14136	64	0	0
2026.07.21	02:51:00	1.14135	1.14141	1.14135	1.14137	43	0	0
2026.07.21	02:52:00	1.14137	1.14141	1.14135	1.14139	96	0	0
2026.07.21	02:53:00	1.14139	1.14139	1.14136	1.14138	28	0	0
2026.07.21	02:54:00	1.14138	1.14146	1.14136	1.14145	88	0	0
2026.07.21	02:55:00	1.14146	1.14147	1.14141	1.14141	68	0	0
2026.07.21	02:56:00	1.14141	1.14148	1.14140	1.14146	71	0	0
2026.07.21	02:57:00	1.14146	1.14150	1.14146	1.14149	40	0	0
2026.07.21	02:58:00	1.14149	1.14155	1.14148	1.14151	47	0	0
2026.07.21	02:59:00	1.14151	1.14162	1.14146	1.14160	147	0	0
2026.07.21	03:00:00	1.14160	1.14180	1.14151	1.14177	276	0	0
2026.07.21	03:01:00	1.14177	1.14183	1.14172	1.14180	138	0	0
2026.07.21	03:02:00	1.14180	1.14182	1.14167	1.14172	157	0	0
2026.07.21	03:03:00	1.14172	1.14185	1.14172	1.14176	203	0	0
2026.07.21	03:04:00	1.14175	1.14177	1.14171	1.14172	163	0	0
2026.07.21	03:05:00	1.14174	1.14175	1.14156	1.14161	167	0	0
2026.07.21	03:06:00	1.14161	1.14163	1.14154	1.14162	159	0	0
2026.07.21	03:07:00	1.14162	1.14163	1.14156	1.14158	93	0	0
2026.07.21	03:08:00	1.14159	1.14164	1.14156	1.14158	122	0	0
2026.07.21	03:09:00	1.14158	1.14173	1.14157	1.14164	163	0	0
2026.07.21	03:10:00	1.14164	1.14165	1.14161	1.14165	150	0	0
2026.07.21	03:11:00	1.14165	1.14170	1.14160	1.14161	127	0	0
2026.07.21	03:12:00	1.14161	1.14163	1.14155	1.14156	92	0	0
2026.07.21	03:13:00	1.14156	1.14163	1.14154	1.14161	153	0	0
2026.07.21	03:14:00	1.14161	1.14163	1.14155	1.14161	167	0	0
2026.07.21	03:15:00	1.14161	1.14164	1.14156	1.14157	115	0	0
2026.07.21	03:16:00	1.14157	1.14159	1.14151	1.14153	93	0	0
2026.07.21	03:17:00	1.14153	1.14155	1.14149	1.14153	118	0	0
2026.07.21	03:18:00	1.14153	1.14155	1.14149	1.14152	101	0	0
2026.07.21	03:19:00	1.14152	1.14155	1.14148	1.14151	87	0	0
2026.07.21	03:20:00	1.14152	1.14154	1.14150	1.14152	71	0	0
2026.07.21	03:21:00	1.14152	1.14154	1.14131	1.14136	124	0	0
2026.07.21	03:22:00	1.14136	1.14140	1.14134	1.14137	85	0	0
2026.07.21	03:23:00	1.14137	1.14137	1.14128	1.14130	112	0	0
2026.07.21	03:24:00	1.14132	1.14135	1.14121	1.14124	104	0	0
2026.07.21	03:25:00	1.14124	1.14131	1.14124	1.14131	129	0	0
2026.07.21	03:26:00	1.14131	1.14133	1.14127	1.14129	45	0	0
2026.07.21	03:27:00	1.14127	1.14130	1.14122	1.14125	48	0	0
2026.07.21	03:28:00	1.14125	1.14131	1.14121	1.14130	94	0	0
2026.07.21	03:29:00	1.14129	1.14130	1.14125	1.14130	54	0	0
2026.07.21	03:30:00	1.14128	1.14129	1.14121	1.14122	87	0	0
2026.07.21	03:31:00	1.14122	1.14125	1.14115	1.14117	129	0	0
2026.07.21	03:32:00	1.14117	1.14120	1.14115	1.14120	65	0	0
2026.07.21	03:33:00	1.14120	1.14123	1.14116	1.14119	70	0	0
2026.07.21	03:34:00	1.14119	1.14124	1.14119	1.14122	60	0	0
2026.07.21	03:35:00	1.14122	1.14130	1.14121	1.14128	78	0	0
2026.07.21	03:36:00	1.14128	1.14129	1.14121	1.14123	92	0	0
2026.07.21	03:37:00	1.14123	1.14124	1.14118	1.14121	102	0	0
2026.07.21	03:38:00	1.14121	1.14124	1.14121	1.14122	49	0	0
2026.07.21	03:39:00	1.14122	1.14124	1.14121	1.14124	57	0	0
2026.07.21	03:40:00	1.14124	1.14129	1.14122	1.14126	82	0	0
2026.07.21	03:41:00	1.14126	1.14137	1.14125	1.14135	87	0	0
2026.07.21	03:42:00	1.14135	1.14142	1.14135	1.14140	115	0	0
2026.07.21	03:43:00	1.14140	1.14142	1.14138	1.14139	73	0	0
2026.07.21	03:44:00	1.14139	1.14144	1.14138	1.14144	72	0	0
2026.07.21	03:45:00	1.14144	1.14148	1.14140	1.14145	118	0	0
2026.07.21	03:46:00	1.14145	1.14152	1.14143	1.14151	174	0	0
2026.07.21	03:47:00	1.14151	1.14157	1.14145	1.14153	143	0	0
2026.07.21	03:48:00	1.14153	1.14163	1.14151	1.14160	103	0	0
2026.07.21	03:49:00	1.14160	1.14160	1.14155	1.14156	82	0	0
2026.07.21	03:50:00	1.14155	1.14160	1.14150	1.14151	149	0	0
2026.07.21	03:51:00	1.14151	1.14153	1.14146	1.14147	101	0	0
2026.07.21	03:52:00	1.14147	1.14153	1.14140	1.14144	123	0	0
2026.07.21	03:53:00	1.14144	1.14157	1.14143	1.14151	194	0	0
2026.07.21	03:54:00	1.14151	1.14155	1.14147	1.14147	176	0	0
2026.07.21	03:55:00	1.14147	1.14156	1.14145	1.14148	184	0	0
2026.07.21	03:56:00	1.14148	1.14153	1.14145	1.14146	145	0	0
2026.07.21	03:57:00	1.14145	1.14152	1.14145	1.14150	130	0	0
2026.07.21	03:58:00	1.14150	1.14152	1.14144	1.14146	144	0	0
2026.07.21	03:59:00	1.14146	1.14146	1.14131	1.14134	219	0	0
2026.07.21	04:00:00	1.14134	1.14135	1.14126	1.14130	236	0	0
2026.07.21	04:01:00	1.14130	1.14132	1.14125	1.14129	143	0	0
2026.07.21	04:02:00	1.14128	1.14132	1.14122	1.14132	125	0	0
2026.07.21	04:03:00	1.14132	1.14140	1.14130	1.14137	129	0	0
2026.07.21	04:04:00	1.14137	1.14141	1.14131	1.14136	140	0	0
2026.07.21	04:05:00	1.14136	1.14149	1.14136	1.14149	153	0	0
2026.07.21	04:06:00	1.14149	1.14152	1.14145	1.14146	155	0	0
2026.07.21	04:07:00	1.14146	1.14149	1.14142	1.14149	151	0	0
2026.07.21	04:08:00	1.14149	1.14154	1.14146	1.14151	124	0	0
2026.07.21	04:09:00	1.14151	1.14156	1.14139	1.14140	166	0	0
2026.07.21	04:10:00	1.14141	1.14149	1.14140	1.14148	105	0	0
2026.07.21	04:11:00	1.14148	1.14151	1.14145	1.14147	63	0	0
2026.07.21	04:12:00	1.14146	1.14148	1.14140	1.14142	86	0	0
2026.07.21	04:13:00	1.14142	1.14143	1.14139	1.14140	60	0	0
2026.07.21	04:14:00	1.14140	1.14140	1.14132	1.14132	85	0	0
2026.07.21	04:15:00	1.14132	1.14138	1.14129	1.14136	138	0	0
2026.07.21	04:16:00	1.14137	1.14145	1.14135	1.14145	111	0	0
2026.07.21	04:17:00	1.14145	1.14149	1.14143	1.14144	95	0	0
2026.07.21	04:18:00	1.14144	1.14148	1.14141	1.14147	178	0	0
2026.07.21	04:19:00	1.14147	1.14168	1.14145	1.14160	237	0	0
2026.07.21	04:20:00	1.14160	1.14164	1.14145	1.14149	259	0	0
2026.07.21	04:21:00	1.14149	1.14150	1.14140	1.14142	263	0	0
2026.07.21	04:22:00	1.14142	1.14147	1.14135	1.14142	150	0	0
2026.07.21	04:23:00	1.14142	1.14144	1.14136	1.14140	115	0	0
2026.07.21	04:24:00	1.14140	1.14143	1.14131	1.14138	133	0	0
2026.07.21	04:25:00	1.14138	1.14139	1.14134	1.14135	110	0	0
2026.07.21	04:26:00	1.14135	1.14137	1.14130	1.14132	132	0	0
2026.07.21	04:27:00	1.14133	1.14138	1.14130	1.14131	103	0	0
2026.07.21	04:28:00	1.14131	1.14143	1.14131	1.14140	103	0	0
2026.07.21	04:29:00	1.14140	1.14154	1.14140	1.14148	232	0	0
2026.07.21	04:30:00	1.14148	1.14161	1.14134	1.14135	233	0	0
2026.07.21	04:31:00	1.14135	1.14144	1.14131	1.14137	182	0	0
2026.07.21	04:32:00	1.14138	1.14142	1.14131	1.14140	129	0	0
2026.07.21	04:33:00	1.14140	1.14145	1.14139	1.14141	162	0	0
2026.07.21	04:34:00	1.14140	1.14153	1.14131	1.14153	129	0	0
2026.07.21	04:35:00	1.14153	1.14156	1.14137	1.14144	150	0	0
2026.07.21	04:36:00	1.14145	1.14147	1.14139	1.14139	149	0	0
2026.07.21	04:37:00	1.14139	1.14141	1.14128	1.14136	151	0	0
2026.07.21	04:38:00	1.14136	1.14137	1.14128	1.14133	114	0	0
2026.07.21	04:39:00	1.14133	1.14135	1.14125	1.14131	158	0	0
2026.07.21	04:40:00	1.14131	1.14144	1.14131	1.14142	150	0	0
2026.07.21	04:41:00	1.14141	1.14155	1.14138	1.14144	156	0	0
2026.07.21	04:42:00	1.14144	1.14161	1.14142	1.14159	117	0	0
2026.07.21	04:43:00	1.14159	1.14163	1.14156	1.14161	141	0	0
2026.07.21	04:44:00	1.14161	1.14163	1.14157	1.14159	122	0	0
2026.07.21	04:45:00	1.14159	1.14159	1.14148	1.14157	190	0	0
2026.07.21	04:46:00	1.14157	1.14162	1.14155	1.14156	111	0	0
2026.07.21	04:47:00	1.14156	1.14162	1.14153	1.14153	143	0	0
2026.07.21	04:48:00	1.14155	1.14158	1.14152	1.14153	113	0	0
2026.07.21	04:49:00	1.14153	1.14163	1.14152	1.14155	89	0	0
2026.07.21	04:50:00	1.14155	1.14156	1.14145	1.14150	129	0	0
2026.07.21	04:51:00	1.14150	1.14153	1.14145	1.14147	156	0	0
2026.07.21	04:52:00	1.14147	1.14152	1.14146	1.14150	180	0	0
2026.07.21	04:53:00	1.14150	1.14150	1.14143	1.14143	102	0	0
2026.07.21	04:54:00	1.14143	1.14153	1.14143	1.14152	109	0	0
2026.07.21	04:55:00	1.14152	1.14155	1.14143	1.14152	113	0	0
2026.07.21	04:56:00	1.14152	1.14156	1.14148	1.14149	148	0	0
2026.07.21	04:57:00	1.14149	1.14152	1.14145	1.14146	146	0	0
2026.07.21	04:58:00	1.14146	1.14149	1.14143	1.14145	105	0	0
2026.07.21	04:59:00	1.14145	1.14149	1.14142	1.14146	103	0	0
2026.07.21	05:00:00	1.14146	1.14158	1.14146	1.14154	142	0	0
2026.07.21	05:01:00	1.14154	1.14154	1.14148	1.14150	141	0	0
2026.07.21	05:02:00	1.14150	1.14155	1.14149	1.14151	143	0	0
2026.07.21	05:03:00	1.14151	1.14159	1.14150	1.14155	134	0	0
2026.07.21	05:04:00	1.14155	1.14156	1.14147	1.14151	96	0	0
2026.07.21	05:05:00	1.14151	1.14160	1.14149	1.14159	148	0	0
2026.07.21	05:06:00	1.14161	1.14163	1.14154	1.14156	177	0	0
2026.07.21	05:07:00	1.14156	1.14158	1.14155	1.14155	64	0	0
2026.07.21	05:08:00	1.14155	1.14160	1.14155	1.14156	56	0	0
2026.07.21	05:09:00	1.14156	1.14156	1.14148	1.14151	54	0	0
2026.07.21	05:10:00	1.14151	1.14156	1.14150	1.14155	85	0	0
2026.07.21	05:11:00	1.14155	1.14157	1.14151	1.14155	82	0	0
2026.07.21	05:12:00	1.14155	1.14156	1.14147	1.14151	90	0	0
2026.07.21	05:13:00	1.14153	1.14159	1.14151	1.14155	106	0	0
2026.07.21	05:14:00	1.14155	1.14156	1.14150	1.14151	86	0	0
2026.07.21	05:15:00	1.14151	1.14152	1.14146	1.14149	142	0	0
2026.07.21	05:16:00	1.14148	1.14150	1.14146	1.14146	118	0	0
2026.07.21	05:17:00	1.14146	1.14149	1.14145	1.14147	60	0	0
2026.07.21	05:18:00	1.14147	1.14149	1.14146	1.14147	66	0	0
2026.07.21	05:19:00	1.14146	1.14147	1.14141	1.14145	118	0	0
2026.07.21	05:20:00	1.14145	1.14147	1.14139	1.14143	109	0	0
2026.07.21	05:21:00	1.14143	1.14145	1.14141	1.14143	97	0	0
2026.07.21	05:22:00	1.14143	1.14151	1.14143	1.14149	152	0	0
2026.07.21	05:23:00	1.14150	1.14160	1.14146	1.14160	112	0	0
2026.07.21	05:24:00	1.14160	1.14164	1.14157	1.14160	128	0	0
2026.07.21	05:25:00	1.14160	1.14163	1.14151	1.14155	127	0	0
2026.07.21	05:26:00	1.14155	1.14157	1.14146	1.14150	122	0	0
2026.07.21	05:27:00	1.14150	1.14150	1.14144	1.14146	97	0	0
2026.07.21	05:28:00	1.14147	1.14148	1.14140	1.14142	103	0	0
2026.07.21	05:29:00	1.14142	1.14143	1.14134	1.14135	68	0	0
2026.07.21	05:30:00	1.14135	1.14144	1.14135	1.14140	141	0	0
2026.07.21	05:31:00	1.14140	1.14143	1.14139	1.14141	69	0	0
2026.07.21	05:32:00	1.14141	1.14145	1.14140	1.14143	128	0	0
2026.07.21	05:33:00	1.14143	1.14147	1.14140	1.14145	128	0	0
2026.07.21	05:34:00	1.14146	1.14147	1.14140	1.14140	77	0	0
2026.07.21	05:35:00	1.14140	1.14144	1.14140	1.14143	75	0	0
2026.07.21	05:36:00	1.14143	1.14154	1.14143	1.14149	147	0	0
2026.07.21	05:37:00	1.14150	1.14151	1.14145	1.14146	76	0	0
2026.07.21	05:38:00	1.14146	1.14148	1.14141	1.14142	71	0	0
2026.07.21	05:39:00	1.14143	1.14145	1.14141	1.14145	102	0	0
2026.07.21	05:40:00	1.14145	1.14147	1.14140	1.14145	159	0	0
2026.07.21	05:41:00	1.14145	1.14145	1.14139	1.14140	52	0	0
2026.07.21	05:42:00	1.14140	1.14142	1.14136	1.14136	135	0	0
2026.07.21	05:43:00	1.14136	1.14139	1.14135	1.14137	54	0	0
2026.07.21	05:44:00	1.14137	1.14138	1.14134	1.14134	61	0	0
2026.07.21	05:45:00	1.14134	1.14134	1.14126	1.14130	80	0	0
2026.07.21	05:46:00	1.14130	1.14131	1.14125	1.14127	60	0	0
2026.07.21	05:47:00	1.14127	1.14131	1.14126	1.14127	79	0	0
2026.07.21	05:48:00	1.14128	1.14131	1.14126	1.14131	72	0	0
2026.07.21	05:49:00	1.14130	1.14131	1.14125	1.14126	52	0	0
2026.07.21	05:50:00	1.14125	1.14126	1.14123	1.14125	46	0	0
2026.07.21	05:51:00	1.14125	1.14127	1.14120	1.14120	48	0	0
2026.07.21	05:52:00	1.14120	1.14121	1.14114	1.14117	88	0	0
2026.07.21	05:53:00	1.14117	1.14119	1.14105	1.14106	82	0	0
2026.07.21	05:54:00	1.14106	1.14111	1.14104	1.14106	107	0	0
2026.07.21	05:55:00	1.14106	1.14115	1.14105	1.14114	71	0	0
2026.07.21	05:56:00	1.14114	1.14118	1.14111	1.14113	127	0	0
2026.07.21	05:57:00	1.14112	1.14117	1.14111	1.14114	105	0	0
2026.07.21	05:58:00	1.14114	1.14117	1.14111	1.14113	88	0	0
2026.07.21	05:59:00	1.14113	1.14116	1.14110	1.14111	95	0	0
2026.07.21	06:00:00	1.14111	1.14127	1.14111	1.14117	208	0	0
2026.07.21	06:01:00	1.14117	1.14121	1.14116	1.14121	96	0	0
2026.07.21	06:02:00	1.14121	1.14123	1.14111	1.14111	96	0	0
2026.07.21	06:03:00	1.14111	1.14112	1.14095	1.14099	122	0	0
2026.07.21	06:04:00	1.14099	1.14099	1.14093	1.14096	100	0	0
2026.07.21	06:05:00	1.14096	1.14098	1.14089	1.14093	113	0	0
2026.07.21	06:06:00	1.14093	1.14096	1.14092	1.14095	56	0	0
2026.07.21	06:07:00	1.14095	1.14098	1.14095	1.14096	38	0	0
2026.07.21	06:08:00	1.14095	1.14098	1.14095	1.14095	40	0	0
2026.07.21	06:09:00	1.14095	1.14103	1.14095	1.14101	56	0	0
2026.07.21	06:10:00	1.14101	1.14108	1.14101	1.14107	66	0	0
2026.07.21	06:11:00	1.14107	1.14109	1.14106	1.14107	67	0	0
2026.07.21	06:12:00	1.14107	1.14110	1.14101	1.14106	68	0	0
2026.07.21	06:13:00	1.14106	1.14109	1.14100	1.14100	80	0	0
2026.07.21	06:14:00	1.14100	1.14101	1.14092	1.14098	77	0	0
2026.07.21	06:15:00	1.14098	1.14103	1.14094	1.14102	141	0	0
2026.07.21	06:16:00	1.14101	1.14104	1.14100	1.14104	97	0	0
2026.07.21	06:17:00	1.14104	1.14104	1.14098	1.14101	115	0	0
2026.07.21	06:18:00	1.14101	1.14108	1.14099	1.14105	88	0	0
2026.07.21	06:19:00	1.14105	1.14110	1.14101	1.14110	60	0	0
2026.07.21	06:20:00	1.14110	1.14114	1.14105	1.14108	147	0	0
2026.07.21	06:21:00	1.14108	1.14119	1.14106	1.14107	135	0	0
2026.07.21	06:22:00	1.14107	1.14110	1.14106	1.14108	69	0	0
2026.07.21	06:23:00	1.14108	1.14110	1.14101	1.14102	132	0	0
2026.07.21	06:24:00	1.14102	1.14111	1.14101	1.14107	60	0	0
2026.07.21	06:25:00	1.14107	1.14109	1.14102	1.14106	85	0	0
2026.07.21	06:26:00	1.14106	1.14110	1.14102	1.14106	79	0	0
2026.07.21	06:27:00	1.14107	1.14112	1.14106	1.14106	96	0	0
2026.07.21	06:28:00	1.14107	1.14110	1.14106	1.14108	82	0	0
2026.07.21	06:29:00	1.14108	1.14113	1.14107	1.14110	62	0	0
2026.07.21	06:30:00	1.14110	1.14119	1.14110	1.14112	107	0	0
2026.07.21	06:31:00	1.14112	1.14119	1.14112	1.14117	67	0	0
2026.07.21	06:32:00	1.14117	1.14124	1.14116	1.14120	98	0	0
2026.07.21	06:33:00	1.14120	1.14127	1.14119	1.14125	87	0	0
2026.07.21	06:34:00	1.14125	1.14128	1.14123	1.14126	39	0	0
2026.07.21	06:35:00	1.14125	1.14128	1.14121	1.14126	102	0	0
2026.07.21	06:36:00	1.14126	1.14127	1.14119	1.14121	166	0	0
2026.07.21	06:37:00	1.14120	1.14123	1.14117	1.14122	86	0	0
2026.07.21	06:38:00	1.14122	1.14123	1.14118	1.14120	77	0	0
2026.07.21	06:39:00	1.14121	1.14127	1.14118	1.14126	96	0	0
2026.07.21	06:40:00	1.14126	1.14131	1.14126	1.14126	103	0	0
2026.07.21	06:41:00	1.14126	1.14129	1.14125	1.14126	65	0	0
2026.07.21	06:42:00	1.14126	1.14127	1.14122	1.14126	63	0	0
2026.07.21	06:43:00	1.14126	1.14132	1.14125	1.14130	90	0	0
2026.07.21	06:44:00	1.14130	1.14133	1.14127	1.14129	93	0	0
2026.07.21	06:45:00	1.14129	1.14134	1.14128	1.14132	94	0	0
2026.07.21	06:46:00	1.14133	1.14137	1.14131	1.14134	77	0	0
2026.07.21	06:47:00	1.14136	1.14144	1.14133	1.14142	50	0	0
2026.07.21	06:48:00	1.14142	1.14155	1.14141	1.14153	86	0	0
2026.07.21	06:49:00	1.14153	1.14155	1.14151	1.14154	60	0	0
2026.07.21	06:50:00	1.14154	1.14155	1.14146	1.14153	91	0	0
2026.07.21	06:51:00	1.14153	1.14154	1.14145	1.14147	151	0	0
2026.07.21	06:52:00	1.14148	1.14149	1.14143	1.14143	73	0	0
2026.07.21	06:53:00	1.14143	1.14145	1.14142	1.14143	87	0	0
2026.07.21	06:54:00	1.14143	1.14144	1.14136	1.14136	62	0	0
2026.07.21	06:55:00	1.14136	1.14138	1.14131	1.14138	72	0	0
2026.07.21	06:56:00	1.14138	1.14140	1.14133	1.14135	98	0	0
2026.07.21	06:57:00	1.14135	1.14138	1.14126	1.14132	100	0	0
2026.07.21	06:58:00	1.14131	1.14135	1.14125	1.14128	56	0	0
2026.07.21	06:59:00	1.14127	1.14128	1.14123	1.14126	93	0	0
2026.07.21	07:00:00	1.14126	1.14129	1.14122	1.14129	108	0	0
2026.07.21	07:01:00	1.14129	1.14133	1.14126	1.14133	102	0	0
2026.07.21	07:02:00	1.14132	1.14133	1.14128	1.14131	113	0	0
2026.07.21	07:03:00	1.14131	1.14131	1.14126	1.14128	75	0	0
2026.07.21	07:04:00	1.14128	1.14131	1.14126	1.14127	40	0	0
2026.07.21	07:05:00	1.14127	1.14134	1.14126	1.14133	88	0	0
2026.07.21	07:06:00	1.14131	1.14144	1.14131	1.14137	171	0	0
2026.07.21	07:07:00	1.14137	1.14138	1.14130	1.14135	61	0	0
2026.07.21	07:08:00	1.14135	1.14142	1.14135	1.14142	56	0	0
2026.07.21	07:09:00	1.14140	1.14144	1.14139	1.14144	52	0	0
2026.07.21	07:10:00	1.14144	1.14146	1.14141	1.14144	97	0	0
2026.07.21	07:11:00	1.14144	1.14146	1.14142	1.14143	67	0	0
2026.07.21	07:12:00	1.14143	1.14149	1.14141	1.14147	72	0	0
2026.07.21	07:13:00	1.14147	1.14154	1.14147	1.14149	79	0	0
2026.07.21	07:14:00	1.14148	1.14152	1.14146	1.14150	111	0	0
2026.07.21	07:15:00	1.14149	1.14154	1.14148	1.14154	85	0	0
2026.07.21	07:16:00	1.14154	1.14155	1.14147	1.14151	51	0	0
2026.07.21	07:17:00	1.14150	1.14151	1.14146	1.14150	76	0	0
2026.07.21	07:18:00	1.14150	1.14159	1.14146	1.14157	83	0	0
2026.07.21	07:19:00	1.14157	1.14158	1.14149	1.14150	34	0	0
2026.07.21	07:20:00	1.14150	1.14157	1.14149	1.14155	32	0	0
2026.07.21	07:21:00	1.14155	1.14155	1.14148	1.14149	30	0	0
2026.07.21	07:22:00	1.14149	1.14149	1.14147	1.14149	29	0	0
2026.07.21	07:23:00	1.14150	1.14155	1.14148	1.14152	70	0	0
2026.07.21	07:24:00	1.14152	1.14156	1.14151	1.14153	73	0	0
2026.07.21	07:25:00	1.14153	1.14155	1.14151	1.14151	34	0	0
2026.07.21	07:26:00	1.14151	1.14154	1.14151	1.14153	30	0	0
2026.07.21	07:27:00	1.14153	1.14155	1.14151	1.14151	72	0	0
2026.07.21	07:28:00	1.14152	1.14156	1.14150	1.14154	62	0	0
2026.07.21	07:29:00	1.14155	1.14156	1.14145	1.14146	84	0	0
2026.07.21	07:30:00	1.14146	1.14150	1.14146	1.14150	84	0	0
2026.07.21	07:31:00	1.14150	1.14159	1.14146	1.14156	80	0	0
2026.07.21	07:32:00	1.14156	1.14160	1.14153	1.14156	70	0	0
2026.07.21	07:33:00	1.14156	1.14157	1.14153	1.14155	37	0	0
2026.07.21	07:34:00	1.14155	1.14157	1.14152	1.14154	69	0	0
2026.07.21	07:35:00	1.14154	1.14160	1.14152	1.14159	88	0	0
2026.07.21	07:36:00	1.14158	1.14160	1.14156	1.14159	102	0	0
2026.07.21	07:37:00	1.14160	1.14163	1.14158	1.14161	72	0	0
2026.07.21	07:38:00	1.14160	1.14162	1.14155	1.14156	92	0	0
2026.07.21	07:39:00	1.14156	1.14162	1.14156	1.14160	100	0	0
2026.07.21	07:40:00	1.14160	1.14165	1.14158	1.14160	79	0	0
2026.07.21	07:41:00	1.14159	1.14160	1.14151	1.14151	74	0	0
2026.07.21	07:42:00	1.14151	1.14168	1.14151	1.14168	104	0	0
2026.07.21	07:43:00	1.14168	1.14169	1.14165	1.14168	63	0	0
2026.07.21	07:44:00	1.14167	1.14168	1.14165	1.14166	38	0	0
2026.07.21	07:45:00	1.14166	1.14168	1.14163	1.14163	68	0	0
2026.07.21	07:46:00	1.14163	1.14166	1.14163	1.14165	67	0	0
2026.07.21	07:47:00	1.14164	1.14172	1.14164	1.14170	100	0	0
2026.07.21	07:48:00	1.14170	1.14170	1.14163	1.14166	67	0	0
2026.07.21	07:49:00	1.14166	1.14169	1.14164	1.14167	51	0	0
2026.07.21	07:50:00	1.14168	1.14169	1.14163	1.14166	87	0	0
2026.07.21	07:51:00	1.14165	1.14167	1.14163	1.14165	48	0	0
2026.07.21	07:52:00	1.14164	1.14175	1.14161	1.14175	98	0	0
2026.07.21	07:53:00	1.14175	1.14175	1.14171	1.14171	109	0	0
2026.07.21	07:54:00	1.14172	1.14174	1.14171	1.14172	46	0	0
2026.07.21	07:55:00	1.14172	1.14180	1.14172	1.14180	64	0	0
2026.07.21	07:56:00	1.14179	1.14180	1.14176	1.14177	81	0	0
2026.07.21	07:57:00	1.14177	1.14182	1.14176	1.14176	90	0	0
2026.07.21	07:58:00	1.14177	1.14180	1.14174	1.14179	137	0	0
2026.07.21	07:59:00	1.14179	1.14182	1.14177	1.14180	84	0	0
2026.07.21	08:00:00	1.14180	1.14180	1.14174	1.14176	135	0	0
2026.07.21	08:01:00	1.14176	1.14177	1.14166	1.14168	85	0	0
2026.07.21	08:02:00	1.14168	1.14180	1.14166	1.14177	94	0	0
2026.07.21	08:03:00	1.14177	1.14177	1.14172	1.14174	78	0	0
2026.07.21	08:04:00	1.14175	1.14179	1.14172	1.14173	66	0	0
2026.07.21	08:05:00	1.14172	1.14175	1.14170	1.14172	54	0	0
2026.07.21	08:06:00	1.14172	1.14174	1.14167	1.14172	87	0	0
2026.07.21	08:07:00	1.14172	1.14178	1.14172	1.14176	94	0	0
2026.07.21	08:08:00	1.14177	1.14185	1.14177	1.14183	107	0	0
2026.07.21	08:09:00	1.14181	1.14194	1.14181	1.14194	153	0	0
2026.07.21	08:10:00	1.14194	1.14194	1.14185	1.14187	108	0	0
2026.07.21	08:11:00	1.14188	1.14188	1.14167	1.14168	151	0	0
2026.07.21	08:12:00	1.14169	1.14173	1.14164	1.14167	192	0	0
2026.07.21	08:13:00	1.14167	1.14167	1.14158	1.14160	89	0	0
2026.07.21	08:14:00	1.14160	1.14163	1.14159	1.14160	65	0	0
2026.07.21	08:15:00	1.14160	1.14173	1.14160	1.14172	84	0	0
2026.07.21	08:16:00	1.14172	1.14173	1.14165	1.14170	108	0	0
2026.07.21	08:17:00	1.14170	1.14174	1.14170	1.14172	54	0	0
2026.07.21	08:18:00	1.14172	1.14177	1.14170	1.14176	125	0	0
2026.07.21	08:19:00	1.14176	1.14178	1.14170	1.14171	84	0	0
2026.07.21	08:20:00	1.14171	1.14178	1.14169	1.14171	130	0	0
2026.07.21	08:21:00	1.14171	1.14175	1.14168	1.14172	119	0	0
2026.07.21	08:22:00	1.14172	1.14178	1.14167	1.14167	97	0	0
2026.07.21	08:23:00	1.14167	1.14169	1.14166	1.14167	20	0	0
2026.07.21	08:24:00	1.14167	1.14169	1.14162	1.14166	89	0	0
2026.07.21	08:25:00	1.14167	1.14172	1.14166	1.14171	91	0	0
2026.07.21	08:26:00	1.14171	1.14176	1.14170	1.14175	122	0	0
2026.07.21	08:27:00	1.14175	1.14175	1.14170	1.14171	79	0	0
2026.07.21	08:28:00	1.14171	1.14175	1.14169	1.14171	84	0	0
2026.07.21	08:29:00	1.14171	1.14175	1.14169	1.14173	106	0	0
2026.07.21	08:30:00	1.14173	1.14184	1.14172	1.14183	126	0	0
2026.07.21	08:31:00	1.14183	1.14187	1.14180	1.14186	113	0	0
2026.07.21	08:32:00	1.14186	1.14189	1.14184	1.14185	58	0	0
2026.07.21	08:33:00	1.14185	1.14194	1.14185	1.14187	95	0	0
2026.07.21	08:34:00	1.14187	1.14190	1.14183	1.14187	131	0	0
2026.07.21	08:35:00	1.14187	1.14190	1.14186	1.14187	105	0	0
2026.07.21	08:36:00	1.14186	1.14194	1.14185	1.14193	41	0	0
2026.07.21	08:37:00	1.14193	1.14193	1.14185	1.14186	131	0	0
2026.07.21	08:38:00	1.14186	1.14197	1.14186	1.14194	73	0	0
2026.07.21	08:39:00	1.14194	1.14199	1.14192	1.14196	104	0	0
2026.07.21	08:40:00	1.14196	1.14203	1.14196	1.14202	85	0	0
2026.07.21	08:41:00	1.14202	1.14209	1.14200	1.14204	131	0	0
2026.07.21	08:42:00	1.14204	1.14214	1.14199	1.14208	130	0	0
2026.07.21	08:43:00	1.14208	1.14214	1.14207	1.14209	84	0	0
2026.07.21	08:44:00	1.14209	1.14219	1.14209	1.14216	112	0	0
2026.07.21	08:45:00	1.14216	1.14217	1.14199	1.14201	145	0	0
2026.07.21	08:46:00	1.14201	1.14204	1.14200	1.14200	133	0	0
2026.07.21	08:47:00	1.14201	1.14202	1.14197	1.14202	43	0	0
2026.07.21	08:48:00	1.14201	1.14203	1.14200	1.14202	151	0	0
2026.07.21	08:49:00	1.14202	1.14202	1.14189	1.14190	111	0	0
2026.07.21	08:50:00	1.14191	1.14193	1.14181	1.14185	108	0	0
2026.07.21	08:51:00	1.14185	1.14193	1.14185	1.14193	71	0	0
2026.07.21	08:52:00	1.14193	1.14202	1.14191	1.14200	107	0	0
2026.07.21	08:53:00	1.14200	1.14201	1.14189	1.14194	80	0	0
2026.07.21	08:54:00	1.14194	1.14196	1.14189	1.14190	101	0	0
2026.07.21	08:55:00	1.14190	1.14190	1.14178	1.14181	82	0	0
2026.07.21	08:56:00	1.14180	1.14181	1.14171	1.14176	37	0	0
2026.07.21	08:57:00	1.14176	1.14179	1.14176	1.14179	38	0	0
2026.07.21	08:58:00	1.14179	1.14185	1.14176	1.14182	55	0	0
2026.07.21	08:59:00	1.14182	1.14184	1.14177	1.14177	77	0	0
2026.07.21	09:00:00	1.14177	1.14191	1.14174	1.14185	141	0	0
2026.07.21	09:01:00	1.14185	1.14192	1.14180	1.14180	121	0	0
2026.07.21	09:02:00	1.14180	1.14187	1.14179	1.14182	57	0	0
2026.07.21	09:03:00	1.14182	1.14201	1.14182	1.14197	152	0	0
2026.07.21	09:04:00	1.14197	1.14205	1.14197	1.14203	224	0	0
2026.07.21	09:05:00	1.14203	1.14204	1.14186	1.14189	140	0	0
2026.07.21	09:06:00	1.14189	1.14195	1.14182	1.14185	172	0	0
2026.07.21	09:07:00	1.14185	1.14190	1.14180	1.14185	168	0	0
2026.07.21	09:08:00	1.14185	1.14190	1.14184	1.14189	105	0	0
2026.07.21	09:09:00	1.14189	1.14197	1.14184	1.14195	199	0	0
2026.07.21	09:10:00	1.14197	1.14199	1.14189	1.14190	142	0	0
2026.07.21	09:11:00	1.14190	1.14192	1.14185	1.14185	134	0	0
2026.07.21	09:12:00	1.14186	1.14197	1.14185	1.14195	101	0	0
2026.07.21	09:13:00	1.14195	1.14197	1.14191	1.14194	134	0	0
2026.07.21	09:14:00	1.14194	1.14197	1.14190	1.14192	80	0	0
2026.07.21	09:15:00	1.14192	1.14194	1.14188	1.14190	131	0	0
2026.07.21	09:16:00	1.14190	1.14193	1.14188	1.14191	102	0	0
2026.07.21	09:17:00	1.14191	1.14201	1.14190	1.14200	113	0	0
2026.07.21	09:18:00	1.14200	1.14202	1.14191	1.14192	90	0	0
2026.07.21	09:19:00	1.14192	1.14199	1.14189	1.14196	93	0	0
2026.07.21	09:20:00	1.14196	1.14196	1.14189	1.14190	88	0	0
2026.07.21	09:21:00	1.14190	1.14200	1.14188	1.14194	132	0	0
2026.07.21	09:22:00	1.14194	1.14202	1.14190	1.14201	116	0	0
2026.07.21	09:23:00	1.14200	1.14219	1.14198	1.14218	168	0	0
2026.07.21	09:24:00	1.14217	1.14220	1.14210	1.14215	184	0	0
2026.07.21	09:25:00	1.14216	1.14221	1.14209	1.14210	182	0	0
2026.07.21	09:26:00	1.14211	1.14213	1.14206	1.14209	143	0	0
2026.07.21	09:27:00	1.14209	1.14211	1.14194	1.14195	168	0	0
2026.07.21	09:28:00	1.14196	1.14202	1.14195	1.14200	110	0	0
2026.07.21	09:29:00	1.14201	1.14207	1.14199	1.14201	100	0	0
2026.07.21	09:30:00	1.14202	1.14206	1.14190	1.14195	127	0	0
2026.07.21	09:31:00	1.14195	1.14202	1.14195	1.14196	133	0	0
2026.07.21	09:32:00	1.14196	1.14203	1.14192	1.14201	103	0	0
2026.07.21	09:33:00	1.14201	1.14206	1.14199	1.14201	109	0	0
2026.07.21	09:34:00	1.14200	1.14203	1.14196	1.14200	135	0	0
2026.07.21	09:35:00	1.14200	1.14207	1.14200	1.14205	92	0	0
2026.07.21	09:36:00	1.14205	1.14212	1.14202	1.14211	142	0	0
2026.07.21	09:37:00	1.14211	1.14224	1.14209	1.14218	150	0	0
2026.07.21	09:38:00	1.14218	1.14218	1.14202	1.14202	237	0	0
2026.07.21	09:39:00	1.14204	1.14207	1.14195	1.14204	141	0	0
2026.07.21	09:40:00	1.14204	1.14207	1.14200	1.14203	112	0	0
2026.07.21	09:41:00	1.14203	1.14215	1.14202	1.14214	121	0	0
2026.07.21	09:42:00	1.14213	1.14223	1.14211	1.14218	196	0	0
2026.07.21	09:43:00	1.14219	1.14227	1.14214	1.14218	202	0	0
2026.07.21	09:44:00	1.14218	1.14224	1.14213	1.14220	133	0	0
2026.07.21	09:45:00	1.14220	1.14227	1.14219	1.14224	103	0	0
2026.07.21	09:46:00	1.14224	1.14227	1.14218	1.14220	109	0	0
2026.07.21	09:47:00	1.14220	1.14228	1.14218	1.14226	103	0	0
2026.07.21	09:48:00	1.14226	1.14234	1.14225	1.14233	130	0	0
2026.07.21	09:49:00	1.14233	1.14238	1.14226	1.14226	176	0	0
2026.07.21	09:50:00	1.14226	1.14229	1.14214	1.14216	201	0	0
2026.07.21	09:51:00	1.14216	1.14222	1.14211	1.14216	149	0	0
2026.07.21	09:52:00	1.14216	1.14216	1.14210	1.14215	147	0	0
2026.07.21	09:53:00	1.14215	1.14215	1.14209	1.14211	136	0	0
2026.07.21	09:54:00	1.14211	1.14214	1.14205	1.14205	126	0	0
2026.07.21	09:55:00	1.14205	1.14214	1.14200	1.14214	191	0	0
2026.07.21	09:56:00	1.14214	1.14229	1.14213	1.14228	187	0	0
2026.07.21	09:57:00	1.14228	1.14229	1.14220	1.14222	285	0	0
2026.07.21	09:58:00	1.14222	1.14229	1.14220	1.14221	246	0	0
2026.07.21	09:59:00	1.14221	1.14226	1.14210	1.14214	241	0	0
2026.07.21	10:00:00	1.14214	1.14238	1.14214	1.14237	347	0	0
2026.07.21	10:01:00	1.14237	1.14244	1.14231	1.14238	347	0	0
2026.07.21	10:02:00	1.14238	1.14244	1.14230	1.14242	263	0	0
2026.07.21	10:03:00	1.14242	1.14259	1.14240	1.14251	224	0	0
2026.07.21	10:04:00	1.14252	1.14258	1.14245	1.14250	225	0	0
2026.07.21	10:05:00	1.14251	1.14257	1.14249	1.14257	175	0	0
2026.07.21	10:06:00	1.14257	1.14268	1.14255	1.14261	152	0	0
2026.07.21	10:07:00	1.14261	1.14261	1.14249	1.14258	114	0	0
2026.07.21	10:08:00	1.14258	1.14260	1.14249	1.14256	127	0	0
2026.07.21	10:09:00	1.14255	1.14257	1.14248	1.14249	144	0	0
2026.07.21	10:10:00	1.14248	1.14248	1.14240	1.14245	179	0	0
2026.07.21	10:11:00	1.14245	1.14247	1.14234	1.14236	115	0	0
2026.07.21	10:12:00	1.14236	1.14236	1.14219	1.14221	185	0	0
2026.07.21	10:13:00	1.14221	1.14230	1.14219	1.14227	213	0	0
2026.07.21	10:14:00	1.14227	1.14235	1.14218	1.14222	224	0	0
2026.07.21	10:15:00	1.14221	1.14228	1.14219	1.14221	178	0	0
2026.07.21	10:16:00	1.14221	1.14229	1.14219	1.14228	159	0	0
2026.07.21	10:17:00	1.14227	1.14234	1.14224	1.14228	163	0	0
2026.07.21	10:18:00	1.14228	1.14258	1.14226	1.14250	297	0	0
2026.07.21	10:19:00	1.14250	1.14262	1.14249	1.14261	257	0	0
2026.07.21	10:20:00	1.14260	1.14276	1.14255	1.14269	273	0	0
2026.07.21	10:21:00	1.14270	1.14277	1.14255	1.14265	254	0	0
2026.07.21	10:22:00	1.14265	1.14276	1.14264	1.14271	192	0	0
2026.07.21	10:23:00	1.14271	1.14272	1.14261	1.14264	141	0	0
2026.07.21	10:24:00	1.14264	1.14269	1.14252	1.14254	189	0	0
2026.07.21	10:25:00	1.14254	1.14258	1.14250	1.14255	159	0	0
2026.07.21	10:26:00	1.14255	1.14265	1.14249	1.14263	201	0	0
2026.07.21	10:27:00	1.14262	1.14265	1.14260	1.14264	126	0	0
2026.07.21	10:28:00	1.14264	1.14269	1.14250	1.14256	201	0	0
2026.07.21	10:29:00	1.14256	1.14261	1.14242	1.14244	213	0	0
2026.07.21	10:30:00	1.14244	1.14246	1.14236	1.14239	225	0	0
2026.07.21	10:31:00	1.14239	1.14240	1.14221	1.14226	168	0	0
2026.07.21	10:32:00	1.14228	1.14240	1.14223	1.14236	170	0	0
2026.07.21	10:33:00	1.14236	1.14248	1.14235	1.14244	141	0	0
2026.07.21	10:34:00	1.14244	1.14251	1.14243	1.14245	158	0	0
2026.07.21	10:35:00	1.14245	1.14248	1.14243	1.14247	144	0	0
2026.07.21	10:36:00	1.14247	1.14250	1.14241	1.14244	171	0	0
2026.07.21	10:37:00	1.14244	1.14246	1.14239	1.14241	108	0	0
2026.07.21	10:38:00	1.14241	1.14249	1.14235	1.14246	123	0	0
2026.07.21	10:39:00	1.14246	1.14248	1.14240	1.14246	136	0	0
2026.07.21	10:40:00	1.14245	1.14248	1.14239	1.14241	186	0	0
2026.07.21	10:41:00	1.14241	1.14253	1.14241	1.14252	109	0	0
2026.07.21	10:42:00	1.14252	1.14252	1.14234	1.14235	132	0	0
2026.07.21	10:43:00	1.14235	1.14239	1.14224	1.14225	150	0	0
2026.07.21	10:44:00	1.14225	1.14229	1.14222	1.14227	168	0	0
2026.07.21	10:45:00	1.14227	1.14232	1.14223	1.14223	181	0	0
2026.07.21	10:46:00	1.14223	1.14230	1.14223	1.14224	175	0	0
2026.07.21	10:47:00	1.14224	1.14231	1.14223	1.14228	137	0	0
2026.07.21	10:48:00	1.14228	1.14231	1.14220	1.14226	177	0	0
2026.07.21	10:49:00	1.14227	1.14232	1.14224	1.14230	178	0	0
2026.07.21	10:50:00	1.14230	1.14232	1.14223	1.14224	147	0	0
2026.07.21	10:51:00	1.14224	1.14229	1.14220	1.14221	167	0	0
2026.07.21	10:52:00	1.14220	1.14224	1.14213	1.14218	255	0	0
2026.07.21	10:53:00	1.14218	1.14219	1.14206	1.14207	191	0	0
2026.07.21	10:54:00	1.14207	1.14216	1.14206	1.14214	218	0	0
2026.07.21	10:55:00	1.14213	1.14219	1.14210	1.14215	230	0	0
2026.07.21	10:56:00	1.14215	1.14228	1.14214	1.14226	285	0	0
2026.07.21	10:57:00	1.14226	1.14233	1.14224	1.14229	183	0	0
2026.07.21	10:58:00	1.14229	1.14237	1.14226	1.14233	157	0	0
2026.07.21	10:59:00	1.14234	1.14234	1.14226	1.14228	80	0	0
2026.07.21	11:00:00	1.14228	1.14236	1.14228	1.14234	85	0	0
2026.07.21	11:01:00	1.14234	1.14239	1.14229	1.14232	110	0	0
2026.07.21	11:02:00	1.14232	1.14234	1.14221	1.14221	192	0	0
2026.07.21	11:03:00	1.14221	1.14224	1.14212	1.14212	182	0	0
2026.07.21	11:04:00	1.14212	1.14226	1.14212	1.14225	219	0	0
2026.07.21	11:05:00	1.14225	1.14232	1.14218	1.14221	220	0	0
2026.07.21	11:06:00	1.14222	1.14232	1.14221	1.14229	178	0	0
2026.07.21	11:07:00	1.14229	1.14240	1.14227	1.14228	214	0	0
2026.07.21	11:08:00	1.14228	1.14236	1.14226	1.14236	177	0	0
2026.07.21	11:09:00	1.14236	1.14237	1.14230	1.14233	173	0	0
2026.07.21	11:10:00	1.14233	1.14235	1.14223	1.14226	195	0	0
2026.07.21	11:11:00	1.14226	1.14236	1.14225	1.14230	230	0	0
2026.07.21	11:12:00	1.14230	1.14231	1.14223	1.14224	127	0	0
2026.07.21	11:13:00	1.14225	1.14239	1.14224	1.14237	135	0	0
2026.07.21	11:14:00	1.14237	1.14239	1.14229	1.14233	184	0	0
2026.07.21	11:15:00	1.14233	1.14233	1.14227	1.14230	155	0	0
2026.07.21	11:16:00	1.14231	1.14233	1.14220	1.14227	161	0	0
2026.07.21	11:17:00	1.14226	1.14243	1.14224	1.14242	159	0	0
2026.07.21	11:18:00	1.14242	1.14245	1.14239	1.14243	157	0	0
2026.07.21	11:19:00	1.14243	1.14256	1.14240	1.14250	198	0	0
2026.07.21	11:20:00	1.14251	1.14254	1.14241	1.14246	233	0	0
2026.07.21	11:21:00	1.14247	1.14263	1.14245	1.14256	189	0	0
2026.07.21	11:22:00	1.14256	1.14258	1.14237	1.14239	232	0	0
2026.07.21	11:23:00	1.14239	1.14244	1.14239	1.14242	156	0	0
2026.07.21	11:24:00	1.14242	1.14249	1.14240	1.14246	133	0	0
2026.07.21	11:25:00	1.14246	1.14254	1.14240	1.14240	231	0	0
2026.07.21	11:26:00	1.14241	1.14249	1.14238	1.14241	136	0	0
2026.07.21	11:27:00	1.14241	1.14245	1.14239	1.14241	129	0	0
2026.07.21	11:28:00	1.14241	1.14244	1.14237	1.14237	126	0	0
2026.07.21	11:29:00	1.14237	1.14239	1.14223	1.14227	195	0	0
2026.07.21	11:30:00	1.14227	1.14228	1.14210	1.14215	175	0	0
2026.07.21	11:31:00	1.14215	1.14224	1.14213	1.14223	195	0	0
2026.07.21	11:32:00	1.14223	1.14227	1.14216	1.14224	94	0	0
2026.07.21	11:33:00	1.14224	1.14228	1.14219	1.14224	112	0	0
2026.07.21	11:34:00	1.14224	1.14225	1.14212	1.14213	131	0	0
2026.07.21	11:35:00	1.14214	1.14217	1.14203	1.14207	169	0	0
2026.07.21	11:36:00	1.14206	1.14206	1.14185	1.14186	162	0	0
2026.07.21	11:37:00	1.14187	1.14207	1.14183	1.14202	205	0	0
2026.07.21	11:38:00	1.14203	1.14227	1.14199	1.14218	182	0	0
2026.07.21	11:39:00	1.14218	1.14223	1.14213	1.14213	175	0	0
2026.07.21	11:40:00	1.14213	1.14218	1.14210	1.14216	161	0	0
2026.07.21	11:41:00	1.14217	1.14227	1.14214	1.14227	140	0	0
2026.07.21	11:42:00	1.14227	1.14233	1.14224	1.14232	138	0	0
2026.07.21	11:43:00	1.14232	1.14235	1.14228	1.14233	114	0	0
2026.07.21	11:44:00	1.14233	1.14234	1.14226	1.14233	133	0	0
2026.07.21	11:45:00	1.14233	1.14237	1.14226	1.14229	105	0	0
2026.07.21	11:46:00	1.14229	1.14235	1.14215	1.14216	191	0	0
2026.07.21	11:47:00	1.14216	1.14218	1.14208	1.14213	123	0	0
2026.07.21	11:48:00	1.14213	1.14217	1.14209	1.14209	113	0	0
2026.07.21	11:49:00	1.14210	1.14222	1.14209	1.14214	142	0	0
2026.07.21	11:50:00	1.14214	1.14223	1.14212	1.14220	96	0	0
2026.07.21	11:51:00	1.14220	1.14226	1.14214	1.14224	158	0	0
2026.07.21	11:52:00	1.14224	1.14231	1.14219	1.14219	124	0	0
2026.07.21	11:53:00	1.14219	1.14224	1.14216	1.14223	152	0	0
2026.07.21	11:54:00	1.14223	1.14223	1.14215	1.14219	161	0	0
2026.07.21	11:55:00	1.14219	1.14219	1.14210	1.14217	172	0	0
2026.07.21	11:56:00	1.14215	1.14219	1.14213	1.14214	96	0	0
2026.07.21	11:57:00	1.14214	1.14214	1.14206	1.14208	109	0	0
2026.07.21	11:58:00	1.14207	1.14215	1.14204	1.14206	115	0	0
2026.07.21	11:59:00	1.14206	1.14214	1.14205	1.14209	136	0	0
2026.07.21	12:00:00	1.14209	1.14217	1.14209	1.14215	88	0	0
2026.07.21	12:01:00	1.14215	1.14223	1.14213	1.14220	43	0	0
2026.07.21	12:02:00	1.14220	1.14222	1.14210	1.14213	76	0	0
2026.07.21	12:03:00	1.14213	1.14232	1.14213	1.14229	171	0	0
2026.07.21	12:04:00	1.14229	1.14233	1.14223	1.14226	137	0	0
2026.07.21	12:05:00	1.14226	1.14232	1.14225	1.14230	147	0	0
2026.07.21	12:06:00	1.14230	1.14234	1.14224	1.14228	173	0	0
2026.07.21	12:07:00	1.14228	1.14228	1.14223	1.14224	123	0	0
2026.07.21	12:08:00	1.14224	1.14234	1.14222	1.14227	116	0	0
2026.07.21	12:09:00	1.14228	1.14231	1.14221	1.14222	138	0	0
2026.07.21	12:10:00	1.14222	1.14224	1.14213	1.14214	129	0	0
2026.07.21	12:11:00	1.14214	1.14217	1.14210	1.14216	103	0	0
2026.07.21	12:12:00	1.14216	1.14222	1.14215	1.14220	166	0	0
2026.07.21	12:13:00	1.14220	1.14227	1.14217	1.14221	158	0	0
2026.07.21	12:14:00	1.14221	1.14228	1.14219	1.14224	138	0	0
2026.07.21	12:15:00	1.14224	1.14228	1.14220	1.14226	161	0	0
2026.07.21	12:16:00	1.14226	1.14237	1.14224	1.14236	161	0	0
2026.07.21	12:17:00	1.14236	1.14249	1.14229	1.14248	209	0	0
2026.07.21	12:18:00	1.14248	1.14250	1.14239	1.14247	185	0	0
2026.07.21	12:19:00	1.14247	1.14251	1.14242	1.14248	122	0	0
2026.07.21	12:20:00	1.14248	1.14252	1.14241	1.14241	181	0	0
2026.07.21	12:21:00	1.14241	1.14247	1.14241	1.14246	95	0	0
2026.07.21	12:22:00	1.14246	1.14247	1.14240	1.14245	118	0	0
2026.07.21	12:23:00	1.14245	1.14246	1.14235	1.14235	131	0	0
2026.07.21	12:24:00	1.14235	1.14238	1.14224	1.14226	135	0	0
2026.07.21	12:25:00	1.14225	1.14231	1.14224	1.14231	113	0	0
2026.07.21	12:26:00	1.14231	1.14233	1.14223	1.14231	148	0	0
2026.07.21	12:27:00	1.14231	1.14232	1.14221	1.14222	137	0	0
2026.07.21	12:28:00	1.14222	1.14229	1.14220	1.14222	140	0	0
2026.07.21	12:29:00	1.14222	1.14222	1.14206	1.14209	178	0	0
2026.07.21	12:30:00	1.14210	1.14218	1.14205	1.14208	127	0	0
2026.07.21	12:31:00	1.14209	1.14228	1.14202	1.14228	193	0	0
2026.07.21	12:32:00	1.14228	1.14232	1.14225	1.14231	136	0	0
2026.07.21	12:33:00	1.14230	1.14232	1.14223	1.14229	161	0	0
2026.07.21	12:34:00	1.14229	1.14234	1.14229	1.14233	113	0	0
2026.07.21	12:35:00	1.14233	1.14235	1.14227	1.14235	63	0	0
2026.07.21	12:36:00	1.14235	1.14237	1.14233	1.14235	86	0	0
2026.07.21	12:37:00	1.14235	1.14263	1.14234	1.14263	171	0	0
2026.07.21	12:38:00	1.14263	1.14287	1.14259	1.14270	304	0	0
2026.07.21	12:39:00	1.14270	1.14270	1.14252	1.14253	187	0	0
2026.07.21	12:40:00	1.14253	1.14255	1.14238	1.14244	150	0	0
2026.07.21	12:41:00	1.14243	1.14246	1.14233	1.14235	150	0	0
2026.07.21	12:42:00	1.14235	1.14246	1.14234	1.14240	200	0	0
2026.07.21	12:43:00	1.14240	1.14246	1.14235	1.14242	132	0	0
2026.07.21	12:44:00	1.14241	1.14245	1.14234	1.14235	156	0	0
2026.07.21	12:45:00	1.14236	1.14236	1.14228	1.14231	117	0	0
2026.07.21	12:46:00	1.14231	1.14246	1.14231	1.14239	150	0	0
2026.07.21	12:47:00	1.14239	1.14246	1.14236	1.14245	88	0	0
2026.07.21	12:48:00	1.14245	1.14247	1.14234	1.14234	113	0	0
2026.07.21	12:49:00	1.14234	1.14248	1.14233	1.14245	152	0	0
2026.07.21	12:50:00	1.14244	1.14250	1.14241	1.14246	125	0	0
2026.07.21	12:51:00	1.14246	1.14256	1.14241	1.14255	139	0	0
2026.07.21	12:52:00	1.14255	1.14256	1.14241	1.14248	200	0	0
2026.07.21	12:53:00	1.14249	1.14252	1.14244	1.14250	121	0	0
2026.07.21	12:54:00	1.14250	1.14252	1.14243	1.14250	117	0	0
2026.07.21	12:55:00	1.14250	1.14252	1.14240	1.14242	157	0	0
2026.07.21	12:56:00	1.14242	1.14248	1.14235	1.14236	143	0	0
2026.07.21	12:57:00	1.14236	1.14242	1.14231	1.14232	144	0	0
2026.07.21	12:58:00	1.14232	1.14236	1.14230	1.14233	135	0	0
2026.07.21	12:59:00	1.14234	1.14234	1.14224	1.14224	97	0	0
2026.07.21	13:00:00	1.14224	1.14230	1.14217	1.14220	219	0	0
2026.07.21	13:01:00	1.14221	1.14236	1.14221	1.14235	143	0	0
2026.07.21	13:02:00	1.14235	1.14246	1.14233	1.14239	279	0	0
2026.07.21	13:03:00	1.14239	1.14245	1.14233	1.14242	87	0	0
2026.07.21	13:04:00	1.14242	1.14242	1.14227	1.14228	99	0	0
2026.07.21	13:05:00	1.14228	1.14231	1.14222	1.14228	97	0	0
2026.07.21	13:06:00	1.14228	1.14235	1.14223	1.14232	121	0	0
2026.07.21	13:07:00	1.14232	1.14233	1.14222	1.14223	93	0	0
2026.07.21	13:08:00	1.14223	1.14233	1.14223	1.14229	96	0	0
2026.07.21	13:09:00	1.14229	1.14242	1.14228	1.14239	101	0	0
2026.07.21	13:10:00	1.14239	1.14264	1.14238	1.14261	320	0	0
2026.07.21	13:11:00	1.14261	1.14278	1.14258	1.14268	382	0	0
2026.07.21	13:12:00	1.14268	1.14271	1.14253	1.14254	231	0	0
2026.07.21	13:13:00	1.14254	1.14258	1.14248	1.14255	191	0	0
2026.07.21	13:14:00	1.14255	1.14256	1.14243	1.14243	155	0	0
2026.07.21	13:15:00	1.14244	1.14252	1.14240	1.14242	159	0	0
2026.07.21	13:16:00	1.14242	1.14254	1.14241	1.14250	180	0	0
2026.07.21	13:17:00	1.14250	1.14253	1.14245	1.14248	97	0	0
2026.07.21	13:18:00	1.14248	1.14253	1.14245	1.14246	138	0	0
2026.07.21	13:19:00	1.14246	1.14249	1.14240	1.14246	97	0	0
2026.07.21	13:20:00	1.14246	1.14251	1.14245	1.14250	113	0	0
2026.07.21	13:21:00	1.14250	1.14251	1.14242	1.14246	96	0	0
2026.07.21	13:22:00	1.14247	1.14256	1.14244	1.14247	131	0	0
2026.07.21	13:23:00	1.14247	1.14252	1.14241	1.14243	140	0	0
2026.07.21	13:24:00	1.14243	1.14254	1.14243	1.14251	110	0	0
2026.07.21	13:25:00	1.14250	1.14259	1.14250	1.14254	94	0	0
2026.07.21	13:26:00	1.14256	1.14258	1.14249	1.14256	132	0	0
2026.07.21	13:27:00	1.14256	1.14257	1.14251	1.14254	160	0	0
2026.07.21	13:28:00	1.14255	1.14272	1.14252	1.14269	120	0	0
2026.07.21	13:29:00	1.14269	1.14276	1.14265	1.14272	156	0	0
2026.07.21	13:30:00	1.14272	1.14274	1.14267	1.14270	141	0	0
2026.07.21	13:31:00	1.14270	1.14277	1.14269	1.14276	97	0	0
2026.07.21	13:32:00	1.14276	1.14277	1.14266	1.14272	113	0	0
2026.07.21	13:33:00	1.14272	1.14277	1.14268	1.14270	112	0	0
2026.07.21	13:34:00	1.14269	1.14278	1.14266	1.14274	159	0	0
2026.07.21	13:35:00	1.14274	1.14284	1.14274	1.14282	118	0	0
2026.07.21	13:36:00	1.14282	1.14287	1.14278	1.14283	195	0	0
2026.07.21	13:37:00	1.14283	1.14285	1.14271	1.14275	182	0	0
2026.07.21	13:38:00	1.14275	1.14278	1.14266	1.14266	104	0	0
2026.07.21	13:39:00	1.14267	1.14269	1.14260	1.14260	136	0	0
2026.07.21	13:40:00	1.14260	1.14263	1.14250	1.14251	136	0	0
2026.07.21	13:41:00	1.14251	1.14252	1.14244	1.14245	159	0	0
2026.07.21	13:42:00	1.14245	1.14255	1.14243	1.14252	141	0	0
2026.07.21	13:43:00	1.14252	1.14254	1.14250	1.14252	83	0	0
2026.07.21	13:44:00	1.14253	1.14253	1.14244	1.14248	97	0	0
2026.07.21	13:45:00	1.14248	1.14248	1.14229	1.14232	107	0	0
2026.07.21	13:46:00	1.14232	1.14234	1.14225	1.14228	110	0	0
2026.07.21	13:47:00	1.14228	1.14232	1.14227	1.14232	127	0	0
2026.07.21	13:48:00	1.14232	1.14232	1.14224	1.14225	114	0	0
2026.07.21	13:49:00	1.14226	1.14232	1.14224	1.14226	132	0	0
2026.07.21	13:50:00	1.14227	1.14228	1.14214	1.14215	139	0	0
2026.07.21	13:51:00	1.14215	1.14217	1.14205	1.14212	162	0	0
2026.07.21	13:52:00	1.14211	1.14224	1.14211	1.14219	123	0	0
2026.07.21	13:53:00	1.14219	1.14224	1.14219	1.14220	174	0	0
2026.07.21	13:54:00	1.14220	1.14224	1.14216	1.14221	178	0	0
2026.07.21	13:55:00	1.14221	1.14228	1.14217	1.14220	216	0	0
2026.07.21	13:56:00	1.14221	1.14227	1.14215	1.14219	147	0	0
2026.07.21	13:57:00	1.14219	1.14222	1.14200	1.14201	158	0	0
2026.07.21	13:58:00	1.14201	1.14211	1.14201	1.14207	275	0	0
2026.07.21	13:59:00	1.14207	1.14212	1.14201	1.14203	258	0	0
2026.07.21	14:00:00	1.14203	1.14213	1.14200	1.14201	289	0	0
2026.07.21	14:01:00	1.14201	1.14212	1.14198	1.14203	252	0	0
2026.07.21	14:02:00	1.14203	1.14210	1.14200	1.14210	263	0	0
2026.07.21	14:03:00	1.14210	1.14211	1.14202	1.14205	202	0	0
2026.07.21	14:04:00	1.14204	1.14207	1.14201	1.14206	149	0	0
2026.07.21	14:05:00	1.14206	1.14212	1.14202	1.14208	241	0	0
2026.07.21	14:06:00	1.14208	1.14212	1.14203	1.14206	233	0	0
2026.07.21	14:07:00	1.14206	1.14208	1.14199	1.14202	218	0	0
2026.07.21	14:08:00	1.14203	1.14210	1.14182	1.14183	259	0	0
2026.07.21	14:09:00	1.14183	1.14184	1.14172	1.14182	232	0	0
2026.07.21	14:10:00	1.14183	1.14183	1.14170	1.14173	218	0	0
2026.07.21	14:11:00	1.14171	1.14182	1.14170	1.14173	215	0	0
2026.07.21	14:12:00	1.14174	1.14190	1.14164	1.14187	238	0	0
2026.07.21	14:13:00	1.14187	1.14194	1.14186	1.14192	227	0	0
2026.07.21	14:14:00	1.14192	1.14205	1.14190	1.14199	269	0	0
2026.07.21	14:15:00	1.14199	1.14204	1.14191	1.14203	243	0	0
2026.07.21	14:16:00	1.14203	1.14208	1.14192	1.14194	295	0	0
2026.07.21	14:17:00	1.14193	1.14213	1.14193	1.14207	229	0	0
2026.07.21	14:18:00	1.14207	1.14217	1.14205	1.14205	118	0	0
2026.07.21	14:19:00	1.14205	1.14206	1.14198	1.14200	110	0	0
2026.07.21	14:20:00	1.14199	1.14202	1.14189	1.14191	128	0	0
2026.07.21	14:21:00	1.14191	1.14193	1.14184	1.14184	113	0	0
2026.07.21	14:22:00	1.14185	1.14195	1.14182	1.14194	99	0	0
2026.07.21	14:23:00	1.14194	1.14197	1.14192	1.14195	73	0	0
2026.07.21	14:24:00	1.14195	1.14207	1.14191	1.14204	157	0	0
2026.07.21	14:25:00	1.14205	1.14205	1.14195	1.14197	136	0	0
2026.07.21	14:26:00	1.14197	1.14211	1.14197	1.14209	139	0	0
2026.07.21	14:27:00	1.14209	1.14212	1.14205	1.14212	107	0	0
2026.07.21	14:28:00	1.14212	1.14214	1.14201	1.14206	131	0	0
2026.07.21	14:29:00	1.14206	1.14209	1.14203	1.14205	107	0	0
2026.07.21	14:30:00	1.14205	1.14222	1.14205	1.14218	120	0	0
2026.07.21	14:31:00	1.14218	1.14219	1.14208	1.14210	93	0	0
2026.07.21	14:32:00	1.14210	1.14217	1.14206	1.14206	160	0	0
2026.07.21	14:33:00	1.14206	1.14213	1.14200	1.14201	86	0	0
2026.07.21	14:34:00	1.14201	1.14209	1.14200	1.14202	144	0	0
2026.07.21	14:35:00	1.14202	1.14218	1.14201	1.14216	119	0	0
2026.07.21	14:36:00	1.14216	1.14226	1.14215	1.14224	140	0	0
2026.07.21	14:37:00	1.14224	1.14229	1.14219	1.14220	141	0	0
2026.07.21	14:38:00	1.14220	1.14222	1.14215	1.14220	124	0	0
2026.07.21	14:39:00	1.14220	1.14230	1.14220	1.14228	158	0	0
2026.07.21	14:40:00	1.14228	1.14229	1.14224	1.14225	86	0	0
2026.07.21	14:41:00	1.14225	1.14227	1.14216	1.14219	88	0	0
2026.07.21	14:42:00	1.14219	1.14220	1.14211	1.14217	94	0	0
2026.07.21	14:43:00	1.14217	1.14224	1.14215	1.14222	203	0	0
2026.07.21	14:44:00	1.14222	1.14228	1.14221	1.14226	151	0	0
2026.07.21	14:45:00	1.14226	1.14227	1.14216	1.14216	220	0	0
2026.07.21	14:46:00	1.14216	1.14218	1.14214	1.14214	159	0	0
2026.07.21	14:47:00	1.14214	1.14220	1.14210	1.14216	155	0	0
2026.07.21	14:48:00	1.14216	1.14217	1.14214	1.14214	199	0	0
2026.07.21	14:49:00	1.14214	1.14222	1.14210	1.14222	154	0	0
2026.07.21	14:50:00	1.14222	1.14227	1.14220	1.14221	188	0	0
2026.07.21	14:51:00	1.14221	1.14221	1.14210	1.14212	185	0	0
2026.07.21	14:52:00	1.14212	1.14213	1.14179	1.14186	215	0	0
2026.07.21	14:53:00	1.14185	1.14193	1.14181	1.14186	201	0	0
2026.07.21	14:54:00	1.14186	1.14190	1.14180	1.14181	153	0	0
2026.07.21	14:55:00	1.14181	1.14189	1.14177	1.14185	216	0	0
2026.07.21	14:56:00	1.14185	1.14188	1.14180	1.14185	156	0	0
2026.07.21	14:57:00	1.14185	1.14187	1.14179	1.14187	112	0	0
2026.07.21	14:58:00	1.14187	1.14195	1.14179	1.14188	249	0	0
2026.07.21	14:59:00	1.14188	1.14193	1.14186	1.14191	134	0	0
2026.07.21	15:00:00	1.14191	1.14206	1.14189	1.14196	276	0	0
2026.07.21	15:01:00	1.14196	1.14199	1.14182	1.14185	154	0	0
2026.07.21	15:02:00	1.14185	1.14189	1.14176	1.14184	175	0	0
2026.07.21	15:03:00	1.14184	1.14188	1.14179	1.14179	95	0	0
2026.07.21	15:04:00	1.14179	1.14181	1.14163	1.14174	193	0	0
2026.07.21	15:05:00	1.14175	1.14183	1.14173	1.14180	159	0	0
2026.07.21	15:06:00	1.14180	1.14186	1.14175	1.14181	172	0	0
2026.07.21	15:07:00	1.14181	1.14197	1.14181	1.14189	85	0	0
2026.07.21	15:08:00	1.14189	1.14203	1.14189	1.14193	177	0	0
2026.07.21	15:09:00	1.14193	1.14197	1.14173	1.14176	190	0	0
2026.07.21	15:10:00	1.14176	1.14177	1.14168	1.14169	141	0	0
2026.07.21	15:11:00	1.14169	1.14173	1.14163	1.14166	120	0	0
2026.07.21	15:12:00	1.14166	1.14181	1.14163	1.14176	136	0	0
2026.07.21	15:13:00	1.14176	1.14178	1.14161	1.14171	140	0	0
2026.07.21	15:14:00	1.14171	1.14173	1.14168	1.14171	124	0	0
2026.07.21	15:15:00	1.14172	1.14175	1.14153	1.14155	206	0	0
2026.07.21	15:16:00	1.14155	1.14173	1.14150	1.14170	314	0	0
2026.07.21	15:17:00	1.14170	1.14175	1.14164	1.14171	241	0	0
2026.07.21	15:18:00	1.14171	1.14178	1.14165	1.14167	186	0	0
2026.07.21	15:19:00	1.14166	1.14178	1.14165	1.14173	183	0	0
2026.07.21	15:20:00	1.14173	1.14178	1.14164	1.14165	187	0	0
2026.07.21	15:21:00	1.14165	1.14174	1.14164	1.14173	158	0	0
2026.07.21	15:22:00	1.14172	1.14177	1.14169	1.14172	215	0	0
2026.07.21	15:23:00	1.14172	1.14177	1.14169	1.14174	165	0	0
2026.07.21	15:24:00	1.14174	1.14177	1.14166	1.14170	180	0	0
2026.07.21	15:25:00	1.14169	1.14169	1.14148	1.14150	285	0	0
2026.07.21	15:26:00	1.14150	1.14173	1.14150	1.14173	188	0	0
2026.07.21	15:27:00	1.14173	1.14175	1.14163	1.14167	172	0	0
2026.07.21	15:28:00	1.14167	1.14167	1.14150	1.14151	191	0	0
2026.07.21	15:29:00	1.14151	1.14159	1.14148	1.14158	201	0	0
2026.07.21	15:30:00	1.14158	1.14177	1.14155	1.14171	290	0	0
2026.07.21	15:31:00	1.14171	1.14174	1.14164	1.14174	186	0	0
2026.07.21	15:32:00	1.14174	1.14187	1.14170	1.14184	296	0	0
2026.07.21	15:33:00	1.14184	1.14189	1.14175	1.14180	261	0	0
2026.07.21	15:34:00	1.14180	1.14188	1.14178	1.14180	211	0	0
2026.07.21	15:35:00	1.14180	1.14184	1.14173	1.14178	201	0	0
2026.07.21	15:36:00	1.14178	1.14178	1.14165	1.14170	162	0	0
2026.07.21	15:37:00	1.14170	1.14172	1.14164	1.14171	112	0	0
2026.07.21	15:38:00	1.14171	1.14175	1.14168	1.14169	110	0	0
2026.07.21	15:39:00	1.14169	1.14172	1.14163	1.14171	181	0	0
2026.07.21	15:40:00	1.14171	1.14173	1.14163	1.14164	103	0	0
2026.07.21	15:41:00	1.14165	1.14167	1.14153	1.14153	148	0	0
2026.07.21	15:42:00	1.14153	1.14158	1.14145	1.14148	249	0	0
2026.07.21	15:43:00	1.14148	1.14161	1.14133	1.14140	360	0	0
2026.07.21	15:44:00	1.14140	1.14159	1.14140	1.14154	279	0	0
2026.07.21	15:45:00	1.14154	1.14166	1.14152	1.14162	234	0	0
2026.07.21	15:46:00	1.14162	1.14165	1.14157	1.14160	175	0	0
2026.07.21	15:47:00	1.14160	1.14175	1.14158	1.14174	156	0	0
2026.07.21	15:48:00	1.14174	1.14178	1.14169	1.14177	171	0	0
2026.07.21	15:49:00	1.14177	1.14185	1.14176	1.14181	121	0	0
2026.07.21	15:50:00	1.14181	1.14183	1.14165	1.14167	175	0	0
2026.07.21	15:51:00	1.14167	1.14171	1.14158	1.14158	199	0	0
2026.07.21	15:52:00	1.14158	1.14167	1.14149	1.14162	318	0	0
2026.07.21	15:53:00	1.14162	1.14171	1.14156	1.14167	249	0	0
2026.07.21	15:54:00	1.14167	1.14176	1.14160	1.14167	213	0	0
2026.07.21	15:55:00	1.14167	1.14169	1.14149	1.14158	233	0	0
2026.07.21	15:56:00	1.14158	1.14166	1.14153	1.14165	171	0	0
2026.07.21	15:57:00	1.14165	1.14178	1.14165	1.14171	196	0	0
2026.07.21	15:58:00	1.14171	1.14173	1.14165	1.14170	160	0	0
2026.07.21	15:59:00	1.14170	1.14175	1.14165	1.14172	142	0	0
2026.07.21	16:00:00	1.14172	1.14177	1.14156	1.14161	270	0	0
2026.07.21	16:01:00	1.14161	1.14164	1.14154	1.14161	194	0	0
2026.07.21	16:02:00	1.14161	1.14162	1.14136	1.14138	231	0	0
2026.07.21	16:03:00	1.14138	1.14157	1.14136	1.14156	176	0	0
2026.07.21	16:04:00	1.14156	1.14167	1.14150	1.14160	155	0	0
2026.07.21	16:05:00	1.14160	1.14175	1.14160	1.14171	196	0	0
2026.07.21	16:06:00	1.14171	1.14174	1.14164	1.14172	144	0	0
2026.07.21	16:07:00	1.14172	1.14173	1.14163	1.14164	153	0	0
2026.07.21	16:08:00	1.14163	1.14173	1.14160	1.14172	207	0	0
2026.07.21	16:09:00	1.14172	1.14173	1.14156	1.14156	219	0	0
2026.07.21	16:10:00	1.14156	1.14174	1.14155	1.14171	130	0	0
2026.07.21	16:11:00	1.14171	1.14181	1.14171	1.14178	120	0	0
2026.07.21	16:12:00	1.14177	1.14177	1.14169	1.14170	158	0	0
2026.07.21	16:13:00	1.14170	1.14173	1.14163	1.14166	180	0	0
2026.07.21	16:14:00	1.14166	1.14173	1.14164	1.14165	110	0	0
2026.07.21	16:15:00	1.14165	1.14167	1.14153	1.14155	162	0	0
2026.07.21	16:16:00	1.14155	1.14155	1.14140	1.14142	256	0	0
2026.07.21	16:17:00	1.14142	1.14143	1.14133	1.14135	176	0	0
2026.07.21	16:18:00	1.14135	1.14142	1.14127	1.14131	174	0	0
2026.07.21	16:19:00	1.14131	1.14137	1.14129	1.14133	157	0	0
2026.07.21	16:20:00	1.14133	1.14137	1.14122	1.14125	110	0	0
2026.07.21	16:21:00	1.14125	1.14141	1.14121	1.14135	118	0	0
2026.07.21	16:22:00	1.14135	1.14138	1.14124	1.14125	170	0	0
2026.07.21	16:23:00	1.14126	1.14126	1.14108	1.14112	179	0	0
2026.07.21	16:24:00	1.14112	1.14115	1.14108	1.14112	165	0	0
2026.07.21	16:25:00	1.14112	1.14114	1.14100	1.14101	235	0	0
2026.07.21	16:26:00	1.14101	1.14105	1.14098	1.14102	143	0	0
2026.07.21	16:27:00	1.14101	1.14107	1.14098	1.14107	149	0	0
2026.07.21	16:28:00	1.14106	1.14107	1.14096	1.14097	138	0	0
2026.07.21	16:29:00	1.14097	1.14108	1.14095	1.14108	224	0	0
2026.07.21	16:30:00	1.14108	1.14121	1.14101	1.14114	329	0	0
2026.07.21	16:31:00	1.14114	1.14122	1.14107	1.14115	284	0	0
2026.07.21	16:32:00	1.14115	1.14137	1.14115	1.14132	384	0	0
2026.07.21	16:33:00	1.14132	1.14136	1.14119	1.14125	316	0	0
2026.07.21	16:34:00	1.14126	1.14130	1.14118	1.14119	212	0	0
2026.07.21	16:35:00	1.14119	1.14119	1.14108	1.14113	359	0	0
2026.07.21	16:36:00	1.14113	1.14115	1.14090	1.14090	289	0	0
2026.07.21	16:37:00	1.14090	1.14095	1.14059	1.14063	285	0	0
2026.07.21	16:38:00	1.14063	1.14082	1.14058	1.14073	282	0	0
2026.07.21	16:39:00	1.14073	1.14080	1.14071	1.14074	263	0	0
2026.07.21	16:40:00	1.14073	1.14088	1.14070	1.14071	268	0	0
2026.07.21	16:41:00	1.14071	1.14074	1.14059	1.14070	405	0	0
2026.07.21	16:42:00	1.14071	1.14079	1.14069	1.14075	285	0	0
2026.07.21	16:43:00	1.14075	1.14078	1.14059	1.14061	316	0	0
2026.07.21	16:44:00	1.14061	1.14066	1.14054	1.14063	301	0	0
2026.07.21	16:45:00	1.14062	1.14070	1.14058	1.14063	299	0	0
2026.07.21	16:46:00	1.14063	1.14075	1.14062	1.14070	338	0	0
2026.07.21	16:47:00	1.14070	1.14083	1.14069	1.14080	333	0	0
2026.07.21	16:48:00	1.14080	1.14114	1.14078	1.14113	335	0	0
2026.07.21	16:49:00	1.14113	1.14127	1.14105	1.14121	330	0	0
2026.07.21	16:50:00	1.14122	1.14124	1.14104	1.14105	289	0	0
2026.07.21	16:51:00	1.14105	1.14110	1.14086	1.14090	310	0	0
2026.07.21	16:52:00	1.14090	1.14102	1.14087	1.14095	350	0	0
2026.07.21	16:53:00	1.14095	1.14108	1.14095	1.14107	275	0	0
2026.07.21	16:54:00	1.14107	1.14115	1.14100	1.14108	329	0	0
2026.07.21	16:55:00	1.14108	1.14117	1.14105	1.14106	278	0	0
2026.07.21	16:56:00	1.14106	1.14117	1.14099	1.14110	288	0	0
2026.07.21	16:57:00	1.14110	1.14121	1.14105	1.14113	346	0	0
2026.07.21	16:58:00	1.14113	1.14116	1.14108	1.14114	262	0	0
2026.07.21	16:59:00	1.14115	1.14121	1.14105	1.14115	263	0	0
2026.07.21	17:00:00	1.14115	1.14125	1.14112	1.14120	326	0	0
2026.07.21	17:01:00	1.14120	1.14130	1.14118	1.14128	212	0	0
2026.07.21	17:02:00	1.14128	1.14131	1.14123	1.14129	226	0	0
2026.07.21	17:03:00	1.14129	1.14152	1.14124	1.14148	314	0	0
2026.07.21	17:04:00	1.14148	1.14152	1.14141	1.14149	231	0	0
2026.07.21	17:05:00	1.14149	1.14158	1.14149	1.14152	280	0	0
2026.07.21	17:06:00	1.14152	1.14163	1.14150	1.14161	229	0	0
2026.07.21	17:07:00	1.14160	1.14163	1.14153	1.14158	245	0	0
2026.07.21	17:08:00	1.14158	1.14164	1.14151	1.14155	234	0	0
2026.07.21	17:09:00	1.14155	1.14172	1.14150	1.14150	255	0	0
2026.07.21	17:10:00	1.14151	1.14164	1.14147	1.14160	215	0	0
2026.07.21	17:11:00	1.14160	1.14165	1.14146	1.14154	196	0	0
2026.07.21	17:12:00	1.14154	1.14173	1.14153	1.14163	259	0	0
2026.07.21	17:13:00	1.14163	1.14189	1.14163	1.14186	299	0	0
2026.07.21	17:14:00	1.14187	1.14196	1.14183	1.14190	243	0	0
2026.07.21	17:15:00	1.14190	1.14190	1.14163	1.14166	215	0	0
2026.07.21	17:16:00	1.14166	1.14168	1.14159	1.14164	176	0	0
2026.07.21	17:17:00	1.14164	1.14177	1.14163	1.14173	208	0	0
2026.07.21	17:18:00	1.14173	1.14175	1.14159	1.14159	172	0	0
2026.07.21	17:19:00	1.14160	1.14163	1.14147	1.14150	104	0	0
2026.07.21	17:20:00	1.14149	1.14157	1.14145	1.14150	269	0	0
2026.07.21	17:21:00	1.14149	1.14156	1.14148	1.14149	252	0	0
2026.07.21	17:22:00	1.14149	1.14156	1.14148	1.14153	197	0	0
2026.07.21	17:23:00	1.14153	1.14156	1.14138	1.14143	192	0	0
2026.07.21	17:24:00	1.14143	1.14144	1.14127	1.14135	215	0	0
2026.07.21	17:25:00	1.14135	1.14145	1.14132	1.14133	225	0	0
2026.07.21	17:26:00	1.14133	1.14135	1.14118	1.14122	215	0	0
2026.07.21	17:27:00	1.14122	1.14125	1.14116	1.14121	166	0	0
2026.07.21	17:28:00	1.14121	1.14127	1.14108	1.14108	187	0	0
2026.07.21	17:29:00	1.14108	1.14113	1.14096	1.14101	215	0	0
2026.07.21	17:30:00	1.14101	1.14112	1.14091	1.14093	351	0	0
2026.07.21	17:31:00	1.14092	1.14096	1.14084	1.14084	153	0	0
2026.07.21	17:32:00	1.14084	1.14096	1.14079	1.14084	193	0	0
2026.07.21	17:33:00	1.14084	1.14084	1.14063	1.14065	282	0	0
2026.07.21	17:34:00	1.14065	1.14076	1.14061	1.14062	252	0	0
2026.07.21	17:35:00	1.14060	1.14068	1.14052	1.14060	242	0	0
2026.07.21	17:36:00	1.14060	1.14065	1.14053	1.14059	250	0	0
2026.07.21	17:37:00	1.14058	1.14067	1.14057	1.14065	196	0	0
2026.07.21	17:38:00	1.14065	1.14066	1.14055	1.14064	207	0	0
2026.07.21	17:39:00	1.14064	1.14064	1.14037	1.14053	309	0	0
2026.07.21	17:40:00	1.14053	1.14070	1.14053	1.14068	306	0	0
2026.07.21	17:41:00	1.14068	1.14071	1.14063	1.14064	168	0	0
2026.07.21	17:42:00	1.14063	1.14076	1.14061	1.14074	223	0	0
2026.07.21	17:43:00	1.14074	1.14086	1.14073	1.14080	241	0	0
2026.07.21	17:44:00	1.14079	1.14085	1.14075	1.14079	183	0	0
2026.07.21	17:45:00	1.14079	1.14082	1.14072	1.14073	202	0	0
2026.07.21	17:46:00	1.14073	1.14077	1.14066	1.14068	135	0	0
2026.07.21	17:47:00	1.14068	1.14069	1.14061	1.14063	165	0	0
2026.07.21	17:48:00	1.14063	1.14090	1.14049	1.14052	457	0	0
2026.07.21	17:49:00	1.14053	1.14064	1.14043	1.14063	329	0	0
2026.07.21	17:50:00	1.14063	1.14063	1.14050	1.14053	168	0	0
2026.07.21	17:51:00	1.14053	1.14056	1.14049	1.14050	125	0	0
2026.07.21	17:52:00	1.14050	1.14053	1.14038	1.14041	219	0	0
2026.07.21	17:53:00	1.14042	1.14045	1.14025	1.14028	265	0	0
2026.07.21	17:54:00	1.14027	1.14051	1.14027	1.14048	382	0	0
2026.07.21	17:55:00	1.14048	1.14072	1.14043	1.14059	544	0	0
2026.07.21	17:56:00	1.14059	1.14071	1.14048	1.14051	414	0	0
2026.07.21	17:57:00	1.14051	1.14068	1.14044	1.14058	405	0	0
2026.07.21	17:58:00	1.14058	1.14064	1.14046	1.14047	353	0	0
2026.07.21	17:59:00	1.14048	1.14063	1.14047	1.14058	305	0	0
2026.07.21	18:00:00	1.14058	1.14061	1.14047	1.14049	361	0	0
2026.07.21	18:01:00	1.14049	1.14051	1.14032	1.14039	305	0	0
2026.07.21	18:02:00	1.14039	1.14051	1.14032	1.14039	326	0	0
2026.07.21	18:03:00	1.14039	1.14050	1.14035	1.14040	273	0	0
2026.07.21	18:04:00	1.14040	1.14050	1.14038	1.14048	196	0	0
2026.07.21	18:05:00	1.14048	1.14060	1.14041	1.14043	292	0	0
2026.07.21	18:06:00	1.14043	1.14045	1.14027	1.14032	222	0	0
2026.07.21	18:07:00	1.14032	1.14040	1.14029	1.14037	220	0	0
2026.07.21	18:08:00	1.14038	1.14044	1.14034	1.14037	185	0	0
2026.07.21	18:09:00	1.14037	1.14045	1.14037	1.14042	178	0	0
2026.07.21	18:10:00	1.14042	1.14064	1.14042	1.14062	165	0	0
2026.07.21	18:11:00	1.14063	1.14064	1.14054	1.14057	209	0	0
2026.07.21	18:12:00	1.14057	1.14059	1.14047	1.14053	192	0	0
2026.07.21	18:13:00	1.14053	1.14056	1.14046	1.14046	169	0	0
2026.07.21	18:14:00	1.14046	1.14056	1.14042	1.14055	168	0	0
2026.07.21	18:15:00	1.14055	1.14079	1.14052	1.14078	204	0	0
2026.07.21	18:16:00	1.14078	1.14079	1.14068	1.14078	190	0	0
2026.07.21	18:17:00	1.14078	1.14086	1.14071	1.14072	196	0	0
2026.07.21	18:18:00	1.14072	1.14083	1.14071	1.14081	229	0	0
2026.07.21	18:19:00	1.14081	1.14090	1.14078	1.14087	150	0	0
2026.07.21	18:20:00	1.14087	1.14106	1.14083	1.14101	250	0	0
2026.07.21	18:21:00	1.14101	1.14111	1.14092	1.14095	421	0	0
2026.07.21	18:22:00	1.14095	1.14099	1.14083	1.14089	177	0	0
2026.07.21	18:23:00	1.14089	1.14089	1.14077	1.14084	244	0	0
2026.07.21	18:24:00	1.14083	1.14098	1.14080	1.14095	167	0	0
2026.07.21	18:25:00	1.14095	1.14102	1.14088	1.14092	205	0	0
2026.07.21	18:26:00	1.14092	1.14099	1.14091	1.14095	133	0	0
2026.07.21	18:27:00	1.14095	1.14112	1.14093	1.14111	162	0	0
2026.07.21	18:28:00	1.14110	1.14116	1.14102	1.14103	186	0	0
2026.07.21	18:29:00	1.14103	1.14106	1.14087	1.14090	169	0	0
2026.07.21	18:30:00	1.14090	1.14105	1.14077	1.14104	368	0	0
2026.07.21	18:31:00	1.14104	1.14105	1.14093	1.14098	161	0	0
2026.07.21	18:32:00	1.14098	1.14106	1.14094	1.14106	138	0	0
2026.07.21	18:33:00	1.14106	1.14107	1.14084	1.14093	279	0	0
2026.07.21	18:34:00	1.14093	1.14110	1.14092	1.14110	181	0	0
2026.07.21	18:35:00	1.14108	1.14110	1.14096	1.14097	141	0	0
2026.07.21	18:36:00	1.14097	1.14109	1.14093	1.14104	197	0	0
2026.07.21	18:37:00	1.14104	1.14105	1.14097	1.14105	129	0	0
2026.07.21	18:38:00	1.14104	1.14116	1.14096	1.14098	176	0	0
2026.07.21	18:39:00	1.14098	1.14102	1.14075	1.14079	229	0	0
2026.07.21	18:40:00	1.14079	1.14085	1.14071	1.14081	225	0	0
2026.07.21	18:41:00	1.14081	1.14084	1.14063	1.14066	230	0	0
2026.07.21	18:42:00	1.14066	1.14074	1.14066	1.14068	125	0	0
2026.07.21	18:43:00	1.14068	1.14073	1.14062	1.14072	139	0	0
2026.07.21	18:44:00	1.14072	1.14073	1.14056	1.14059	197	0	0
2026.07.21	18:45:00	1.14059	1.14066	1.14052	1.14052	168	0	0
2026.07.21	18:46:00	1.14053	1.14066	1.14052	1.14063	114	0	0
2026.07.21	18:47:00	1.14063	1.14063	1.14052	1.14052	98	0	0
2026.07.21	18:48:00	1.14052	1.14054	1.14038	1.14039	124	0	0
2026.07.21	18:49:00	1.14039	1.14046	1.14039	1.14044	137	0	0
2026.07.21	18:50:00	1.14044	1.14056	1.14044	1.14055	169	0	0
2026.07.21	18:51:00	1.14055	1.14056	1.14052	1.14053	90	0	0
2026.07.21	18:52:00	1.14053	1.14062	1.14053	1.14055	96	0	0
2026.07.21	18:53:00	1.14056	1.14060	1.14049	1.14052	118	0	0
2026.07.21	18:54:00	1.14052	1.14064	1.14051	1.14057	157	0	0
2026.07.21	18:55:00	1.14057	1.14061	1.14053	1.14055	106	0	0
2026.07.21	18:56:00	1.14055	1.14060	1.14054	1.14055	119	0	0
2026.07.21	18:57:00	1.14055	1.14065	1.14049	1.14059	147	0	0
2026.07.21	18:58:00	1.14059	1.14071	1.14057	1.14070	84	0	0
2026.07.21	18:59:00	1.14070	1.14075	1.14069	1.14075	97	0	0
2026.07.21	19:00:00	1.14075	1.14078	1.14069	1.14070	132	0	0
2026.07.21	19:01:00	1.14070	1.14077	1.14069	1.14077	136	0	0
2026.07.21	19:02:00	1.14076	1.14082	1.14071	1.14072	142	0	0
2026.07.21	19:03:00	1.14072	1.14074	1.14069	1.14072	83	0	0
2026.07.21	19:04:00	1.14071	1.14088	1.14070	1.14087	126	0	0
2026.07.21	19:05:00	1.14086	1.14091	1.14080	1.14085	106	0	0
2026.07.21	19:06:00	1.14085	1.14091	1.14082	1.14084	101	0	0
2026.07.21	19:07:00	1.14084	1.14089	1.14081	1.14082	74	0	0
2026.07.21	19:08:00	1.14083	1.14086	1.14081	1.14082	144	0	0
2026.07.21	19:09:00	1.14083	1.14096	1.14082	1.14086	107	0	0
2026.07.21	19:10:00	1.14087	1.14098	1.14085	1.14095	141	0	0
2026.07.21	19:11:00	1.14094	1.14096	1.14083	1.14086	97	0	0
2026.07.21	19:12:00	1.14086	1.14086	1.14074	1.14077	88	0	0
2026.07.21	19:13:00	1.14077	1.14083	1.14075	1.14080	124	0	0
2026.07.21	19:14:00	1.14080	1.14082	1.14077	1.14081	97	0	0
2026.07.21	19:15:00	1.14081	1.14082	1.14074	1.14077	111	0	0
2026.07.21	19:16:00	1.14076	1.14087	1.14076	1.14079	96	0	0
2026.07.21	19:17:00	1.14079	1.14087	1.14079	1.14084	57	0	0
2026.07.21	19:18:00	1.14084	1.14085	1.14078	1.14078	73	0	0
2026.07.21	19:19:00	1.14078	1.14081	1.14075	1.14081	98	0	0
2026.07.21	19:20:00	1.14080	1.14081	1.14077	1.14078	85	0	0
2026.07.21	19:21:00	1.14078	1.14086	1.14073	1.14085	111	0	0
2026.07.21	19:22:00	1.14085	1.14092	1.14084	1.14089	68	0	0
2026.07.21	19:23:00	1.14089	1.14090	1.14083	1.14085	69	0	0
2026.07.21	19:24:00	1.14085	1.14089	1.14084	1.14086	81	0	0
2026.07.21	19:25:00	1.14086	1.14087	1.14081	1.14083	97	0	0
2026.07.21	19:26:00	1.14083	1.14087	1.14079	1.14081	112	0	0
2026.07.21	19:27:00	1.14081	1.14081	1.14073	1.14078	104	0	0
2026.07.21	19:28:00	1.14079	1.14085	1.14078	1.14085	104	0	0
2026.07.21	19:29:00	1.14085	1.14089	1.14082	1.14082	62	0	0
2026.07.21	19:30:00	1.14082	1.14082	1.14073	1.14074	183	0	0
2026.07.21	19:31:00	1.14073	1.14077	1.14069	1.14073	114	0	0
2026.07.21	19:32:00	1.14074	1.14090	1.14073	1.14090	106	0	0
2026.07.21	19:33:00	1.14090	1.14094	1.14084	1.14084	71	0	0
2026.07.21	19:34:00	1.14084	1.14090	1.14079	1.14080	107	0	0
2026.07.21	19:35:00	1.14080	1.14084	1.14075	1.14078	132	0	0
2026.07.21	19:36:00	1.14078	1.14082	1.14073	1.14081	102	0	0
2026.07.21	19:37:00	1.14081	1.14086	1.14075	1.14084	96	0	0
2026.07.21	19:38:00	1.14084	1.14087	1.14079	1.14083	82	0	0
2026.07.21	19:39:00	1.14083	1.14088	1.14081	1.14084	78	0	0
2026.07.21	19:40:00	1.14084	1.14099	1.14084	1.14099	81	0	0
2026.07.21	19:41:00	1.14099	1.14103	1.14094	1.14101	100	0	0
2026.07.21	19:42:00	1.14101	1.14106	1.14098	1.14100	162	0	0
2026.07.21	19:43:00	1.14100	1.14109	1.14100	1.14104	145	0	0
2026.07.21	19:44:00	1.14104	1.14106	1.14098	1.14099	89	0	0
2026.07.21	19:45:00	1.14099	1.14102	1.14093	1.14096	133	0	0
2026.07.21	19:46:00	1.14096	1.14099	1.14093	1.14093	120	0	0
2026.07.21	19:47:00	1.14093	1.14096	1.14090	1.14093	110	0	0
2026.07.21	19:48:00	1.14093	1.14096	1.14091	1.14094	103	0	0
2026.07.21	19:49:00	1.14094	1.14098	1.14093	1.14096	106	0	0
2026.07.21	19:50:00	1.14097	1.14098	1.14094	1.14094	127	0	0
2026.07.21	19:51:00	1.14094	1.14095	1.14089	1.14092	79	0	0
2026.07.21	19:52:00	1.14092	1.14093	1.14087	1.14088	56	0	0
2026.07.21	19:53:00	1.14088	1.14090	1.14083	1.14083	61	0	0
2026.07.21	19:54:00	1.14083	1.14085	1.14077	1.14081	68	0	0
2026.07.21	19:55:00	1.14081	1.14094	1.14080	1.14087	97	0	0
2026.07.21	19:56:00	1.14087	1.14088	1.14081	1.14084	81	0	0
2026.07.21	19:57:00	1.14084	1.14087	1.14078	1.14085	76	0	0
2026.07.21	19:58:00	1.14085	1.14088	1.14081	1.14083	81	0	0
2026.07.21	19:59:00	1.14083	1.14085	1.14077	1.14082	133	0	0
2026.07.21	20:00:00	1.14082	1.14091	1.14078	1.14089	161	0	0
2026.07.21	20:01:00	1.14089	1.14094	1.14085	1.14092	150	0	0
2026.07.21	20:02:00	1.14093	1.14094	1.14077	1.14079	140	0	0
2026.07.21	20:03:00	1.14080	1.14082	1.14078	1.14080	84	0	0
2026.07.21	20:04:00	1.14080	1.14088	1.14077	1.14080	90	0	0
2026.07.21	20:05:00	1.14080	1.14081	1.14076	1.14078	124	0	0
2026.07.21	20:06:00	1.14078	1.14084	1.14077	1.14078	97	0	0
2026.07.21	20:07:00	1.14078	1.14081	1.14073	1.14074	98	0	0
2026.07.21	20:08:00	1.14074	1.14082	1.14073	1.14081	98	0	0
2026.07.21	20:09:00	1.14081	1.14082	1.14075	1.14076	79	0	0
2026.07.21	20:10:00	1.14076	1.14084	1.14072	1.14082	122	0	0
2026.07.21	20:11:00	1.14082	1.14086	1.14078	1.14085	47	0	0
2026.07.21	20:12:00	1.14085	1.14091	1.14083	1.14090	81	0	0
2026.07.21	20:13:00	1.14090	1.14092	1.14083	1.14083	118	0	0
2026.07.21	20:14:00	1.14083	1.14095	1.14082	1.14091	117	0	0
2026.07.21	20:15:00	1.14090	1.14092	1.14084	1.14088	96	0	0
2026.07.21	20:16:00	1.14088	1.14088	1.14083	1.14085	51	0	0
2026.07.21	20:17:00	1.14085	1.14087	1.14079	1.14081	90	0	0
2026.07.21	20:18:00	1.14081	1.14089	1.14080	1.14088	85	0	0
2026.07.21	20:19:00	1.14087	1.14090	1.14084	1.14084	60	0	0
2026.07.21	20:20:00	1.14084	1.14090	1.14083	1.14088	70	0	0
2026.07.21	20:21:00	1.14088	1.14091	1.14087	1.14088	46	0	0
2026.07.21	20:22:00	1.14088	1.14091	1.14087	1.14088	56	0	0
2026.07.21	20:23:00	1.14088	1.14089	1.14085	1.14088	53	0	0
2026.07.21	20:24:00	1.14088	1.14095	1.14087	1.14093	57	0	0
2026.07.21	20:25:00	1.14093	1.14097	1.14093	1.14094	91	0	0
2026.07.21	20:26:00	1.14094	1.14095	1.14090	1.14093	86	0	0
2026.07.21	20:27:00	1.14092	1.14097	1.14092	1.14094	78	0	0
2026.07.21	20:28:00	1.14094	1.14097	1.14093	1.14095	49	0	0
2026.07.21	20:29:00	1.14094	1.14105	1.14093	1.14105	84	0	0
2026.07.21	20:30:00	1.14105	1.14107	1.14099	1.14102	74	0	0
2026.07.21	20:31:00	1.14102	1.14103	1.14098	1.14100	95	0	0
2026.07.21	20:32:00	1.14100	1.14103	1.14100	1.14101	37	0	0
2026.07.21	20:33:00	1.14101	1.14103	1.14099	1.14099	28	0	0
2026.07.21	20:34:00	1.14099	1.14100	1.14093	1.14094	50	0	0
2026.07.21	20:35:00	1.14094	1.14096	1.14087	1.14088	39	0	0
2026.07.21	20:36:00	1.14088	1.14090	1.14082	1.14085	94	0	0
2026.07.21	20:37:00	1.14085	1.14086	1.14082	1.14083	69	0	0
2026.07.21	20:38:00	1.14083	1.14086	1.14082	1.14085	64	0	0
2026.07.21	20:39:00	1.14085	1.14087	1.14082	1.14084	63	0	0
2026.07.21	20:40:00	1.14083	1.14083	1.14077	1.14079	75	0	0
2026.07.21	20:41:00	1.14079	1.14079	1.14073	1.14073	24	0	0
2026.07.21	20:42:00	1.14073	1.14076	1.14070	1.14071	36	0	0
2026.07.21	20:43:00	1.14071	1.14080	1.14069	1.14079	63	0	0
2026.07.21	20:44:00	1.14079	1.14080	1.14077	1.14077	45	0	0
2026.07.21	20:45:00	1.14077	1.14079	1.14066	1.14066	45	0	0
2026.07.21	20:46:00	1.14066	1.14072	1.14066	1.14068	57	0	0
2026.07.21	20:47:00	1.14068	1.14071	1.14067	1.14067	64	0	0
2026.07.21	20:48:00	1.14068	1.14070	1.14067	1.14069	51	0	0
2026.07.21	20:49:00	1.14069	1.14076	1.14068	1.14069	109	0	0
2026.07.21	20:50:00	1.14069	1.14075	1.14067	1.14073	79	0	0
2026.07.21	20:51:00	1.14073	1.14081	1.14072	1.14081	61	0	0
2026.07.21	20:52:00	1.14081	1.14081	1.14077	1.14081	87	0	0
2026.07.21	20:53:00	1.14081	1.14085	1.14079	1.14081	83	0	0
2026.07.21	20:54:00	1.14081	1.14082	1.14077	1.14078	37	0	0
2026.07.21	20:55:00	1.14078	1.14080	1.14072	1.14072	67	0	0
2026.07.21	20:56:00	1.14072	1.14076	1.14067	1.14068	87	0	0
2026.07.21	20:57:00	1.14068	1.14073	1.14067	1.14068	106	0	0
2026.07.21	20:58:00	1.14068	1.14071	1.14063	1.14067	149	0	0
2026.07.21	20:59:00	1.14067	1.14070	1.14064	1.14070	119	0	0
2026.07.21	21:00:00	1.14070	1.14071	1.14061	1.14063	113	0	0
2026.07.21	21:01:00	1.14063	1.14066	1.14058	1.14058	91	0	0
2026.07.21	21:02:00	1.14058	1.14063	1.14054	1.14054	119	0	0
2026.07.21	21:03:00	1.14054	1.14055	1.14043	1.14047	154	0	0
2026.07.21	21:04:00	1.14047	1.14047	1.14028	1.14029	247	0	0
2026.07.21	21:05:00	1.14029	1.14036	1.14016	1.14017	289	0	0
2026.07.21	21:06:00	1.14017	1.14030	1.14011	1.14029	269	0	0
2026.07.21	21:07:00	1.14029	1.14031	1.14022	1.14023	143	0	0
2026.07.21	21:08:00	1.14023	1.14031	1.14021	1.14023	220	0	0
2026.07.21	21:09:00	1.14025	1.14037	1.14023	1.14035	152	0	0
2026.07.21	21:10:00	1.14035	1.14044	1.14035	1.14041	126	0	0
2026.07.21	21:11:00	1.14041	1.14045	1.14033	1.14035	143	0	0
2026.07.21	21:12:00	1.14034	1.14038	1.14031	1.14032	74	0	0
2026.07.21	21:13:00	1.14032	1.14035	1.14025	1.14025	134	0	0
2026.07.21	21:14:00	1.14025	1.14026	1.14017	1.14018	78	0	0
2026.07.21	21:15:00	1.14018	1.14019	1.14015	1.14018	89	0	0
2026.07.21	21:16:00	1.14019	1.14019	1.14014	1.14017	107	0	0
2026.07.21	21:17:00	1.14018	1.14019	1.14012	1.14016	127	0	0
2026.07.21	21:18:00	1.14016	1.14019	1.14011	1.14012	110	0	0
2026.07.21	21:19:00	1.14012	1.14013	1.14003	1.14007	116	0	0
2026.07.21	21:20:00	1.14007	1.14007	1.13989	1.14003	166	0	0
2026.07.21	21:21:00	1.14002	1.14003	1.13996	1.13997	83	0	0
2026.07.21	21:22:00	1.13997	1.13998	1.13987	1.13987	110	0	0
2026.07.21	21:23:00	1.13987	1.13996	1.13986	1.13989	126	0	0
2026.07.21	21:24:00	1.13989	1.14005	1.13987	1.14003	174	0	0
2026.07.21	21:25:00	1.14004	1.14023	1.14003	1.14019	208	0	0
2026.07.21	21:26:00	1.14017	1.14023	1.14016	1.14023	92	0	0
2026.07.21	21:27:00	1.14023	1.14034	1.14021	1.14021	169	0	0
2026.07.21	21:28:00	1.14021	1.14025	1.14018	1.14018	98	0	0
2026.07.21	21:29:00	1.14018	1.14029	1.14018	1.14027	122	0	0
2026.07.21	21:30:00	1.14026	1.14030	1.14018	1.14021	108	0	0
2026.07.21	21:31:00	1.14021	1.14026	1.14017	1.14019	102	0	0
2026.07.21	21:32:00	1.14020	1.14023	1.14013	1.14021	117	0	0
2026.07.21	21:33:00	1.14022	1.14024	1.14016	1.14019	80	0	0
2026.07.21	21:34:00	1.14019	1.14020	1.14001	1.14002	115	0	0
2026.07.21	21:35:00	1.14004	1.14004	1.13996	1.13998	128	0	0
2026.07.21	21:36:00	1.13998	1.13999	1.13991	1.13997	107	0	0
2026.07.21	21:37:00	1.13997	1.13999	1.13991	1.13992	91	0	0
2026.07.21	21:38:00	1.13992	1.14001	1.13992	1.13998	78	0	0
2026.07.21	21:39:00	1.13998	1.14004	1.13996	1.14002	142	0	0
2026.07.21	21:40:00	1.14001	1.14005	1.14000	1.14002	173	0	0
2026.07.21	21:41:00	1.14002	1.14005	1.13999	1.14004	187	0	0
2026.07.21	21:42:00	1.14004	1.14015	1.14001	1.14009	142	0	0
2026.07.21	21:43:00	1.14009	1.14014	1.14006	1.14014	88	0	0
2026.07.21	21:44:00	1.14014	1.14016	1.14011	1.14012	78	0	0
2026.07.21	21:45:00	1.14012	1.14016	1.14011	1.14015	71	0	0
2026.07.21	21:46:00	1.14015	1.14026	1.14013	1.14024	85	0	0
2026.07.21	21:47:00	1.14024	1.14024	1.14013	1.14016	75	0	0
2026.07.21	21:48:00	1.14016	1.14018	1.14009	1.14009	40	0	0
2026.07.21	21:49:00	1.14008	1.14016	1.14008	1.14013	96	0	0
2026.07.21	21:50:00	1.14013	1.14016	1.14007	1.14008	85	0	0
2026.07.21	21:51:00	1.14008	1.14020	1.14008	1.14016	70	0	0
2026.07.21	21:52:00	1.14016	1.14019	1.14013	1.14017	71	0	0
2026.07.21	21:53:00	1.14017	1.14025	1.14017	1.14019	65	0	0
2026.07.21	21:54:00	1.14019	1.14021	1.14016	1.14018	99	0	0
2026.07.21	21:55:00	1.14018	1.14023	1.14011	1.14023	109	0	0
2026.07.21	21:56:00	1.14023	1.14024	1.14013	1.14019	139	0	0
2026.07.21	21:57:00	1.14019	1.14021	1.14014	1.14019	124	0	0
2026.07.21	21:58:00	1.14019	1.14026	1.14019	1.14023	88	0	0
2026.07.21	21:59:00	1.14024	1.14031	1.14022	1.14030	149	0	0
2026.07.21	22:00:00	1.14030	1.14042	1.14027	1.14030	175	0	0
2026.07.21	22:01:00	1.14030	1.14031	1.14027	1.14030	81	0	0
2026.07.21	22:02:00	1.14028	1.14032	1.14025	1.14028	141	0	0
2026.07.21	22:03:00	1.14028	1.14031	1.14025	1.14029	95	0	0
2026.07.21	22:04:00	1.14029	1.14031	1.14021	1.14021	131	0	0
2026.07.21	22:05:00	1.14021	1.14026	1.14021	1.14022	62	0	0
2026.07.21	22:06:00	1.14022	1.14027	1.14018	1.14024	130	0	0
2026.07.21	22:07:00	1.14024	1.14026	1.14021	1.14023	87	0	0
2026.07.21	22:08:00	1.14025	1.14029	1.14021	1.14025	95	0	0
2026.07.21	22:09:00	1.14025	1.14030	1.14019	1.14019	87	0	0
2026.07.21	22:10:00	1.14019	1.14019	1.14008	1.14013	141	0	0
2026.07.21	22:11:00	1.14012	1.14028	1.14012	1.14025	147	0	0
2026.07.21	22:12:00	1.14025	1.14031	1.14025	1.14030	42	0	0
2026.07.21	22:13:00	1.14030	1.14031	1.14017	1.14021	98	0	0
2026.07.21	22:14:00	1.14021	1.14021	1.14011	1.14018	133	0	0
2026.07.21	22:15:00	1.14018	1.14024	1.14016	1.14016	77	0	0
2026.07.21	22:16:00	1.14016	1.14023	1.14015	1.14023	141	0	0
2026.07.21	22:17:00	1.14023	1.14025	1.14017	1.14022	71	0	0
2026.07.21	22:18:00	1.14022	1.14024	1.14020	1.14021	69	0	0
2026.07.21	22:19:00	1.14021	1.14025	1.14020	1.14022	49	0	0
2026.07.21	22:20:00	1.14023	1.14031	1.14023	1.14030	110	0	0
2026.07.21	22:21:00	1.14028	1.14030	1.14021	1.14025	92	0	0
2026.07.21	22:22:00	1.14025	1.14031	1.14023	1.14028	76	0	0
2026.07.21	22:23:00	1.14028	1.14038	1.14026	1.14033	129	0	0
2026.07.21	22:24:00	1.14033	1.14038	1.14032	1.14032	114	0	0
2026.07.21	22:25:00	1.14033	1.14040	1.14032	1.14039	77	0	0
2026.07.21	22:26:00	1.14039	1.14041	1.14036	1.14037	123	0	0
2026.07.21	22:27:00	1.14037	1.14040	1.14033	1.14035	115	0	0
2026.07.21	22:28:00	1.14035	1.14036	1.14030	1.14032	87	0	0
2026.07.21	22:29:00	1.14032	1.14033	1.14027	1.14032	88	0	0
2026.07.21	22:30:00	1.14032	1.14034	1.14025	1.14026	86	0	0
2026.07.21	22:31:00	1.14026	1.14031	1.14023	1.14026	133	0	0
2026.07.21	22:32:00	1.14026	1.14029	1.14025	1.14029	86	0	0
2026.07.21	22:33:00	1.14029	1.14030	1.14025	1.14026	72	0	0
2026.07.21	22:34:00	1.14026	1.14035	1.14026	1.14030	63	0	0
2026.07.21	22:35:00	1.14030	1.14030	1.14020	1.14022	94	0	0
2026.07.21	22:36:00	1.14022	1.14025	1.14013	1.14018	119	0	0
2026.07.21	22:37:00	1.14019	1.14019	1.14011	1.14011	113	0	0
2026.07.21	22:38:00	1.14011	1.14011	1.14004	1.14007	80	0	0
2026.07.21	22:39:00	1.14007	1.14013	1.14002	1.14011	108	0	0
2026.07.21	22:40:00	1.14010	1.14019	1.14010	1.14016	98	0	0
2026.07.21	22:41:00	1.14016	1.14020	1.14016	1.14017	61	0	0
2026.07.21	22:42:00	1.14020	1.14020	1.14012	1.14012	42	0	0
2026.07.21	22:43:00	1.14012	1.14017	1.14010	1.14012	88	0	0
2026.07.21	22:44:00	1.14012	1.14015	1.14009	1.14010	112	0	0
2026.07.21	22:45:00	1.14010	1.14015	1.14007	1.14011	127	0	0
2026.07.21	22:46:00	1.14011	1.14015	1.14010	1.14013	58	0	0
2026.07.21	22:47:00	1.14013	1.14014	1.14007	1.14013	110	0	0
2026.07.21	22:48:00	1.14013	1.14015	1.14011	1.14012	77	0	0
2026.07.21	22:49:00	1.14012	1.14023	1.14012	1.14020	72	0	0
2026.07.21	22:50:00	1.14020	1.14027	1.14015	1.14026	161	0	0
2026.07.21	22:51:00	1.14026	1.14030	1.14023	1.14023	96	0	0
2026.07.21	22:52:00	1.14023	1.14030	1.14022	1.14027	82	0	0
2026.07.21	22:53:00	1.14027	1.14031	1.14026	1.14030	69	0	0
2026.07.21	22:54:00	1.14030	1.14031	1.14027	1.14029	54	0	0
2026.07.21	22:55:00	1.14029	1.14029	1.14018	1.14023	89	0	0
2026.07.21	22:56:00	1.14023	1.14026	1.14013	1.14016	173	0	0
2026.07.21	22:57:00	1.14017	1.14025	1.14016	1.14021	170	0	0
2026.07.21	22:58:00	1.14021	1.14021	1.14014	1.14018	212	0	0
2026.07.21	22:59:00	1.14018	1.14018	1.14012	1.14016	226	0	0
2026.07.21	23:00:00	1.14016	1.14017	1.14008	1.14012	156	0	0
2026.07.21	23:01:00	1.14012	1.14014	1.14009	1.14011	120	0	0
2026.07.21	23:02:00	1.14011	1.14024	1.14011	1.14019	141	0	0
2026.07.21	23:03:00	1.14019	1.14024	1.14017	1.14021	100	0	0
2026.07.21	23:04:00	1.14021	1.14029	1.14021	1.14024	146	0	0
2026.07.21	23:05:00	1.14024	1.14032	1.14024	1.14029	105	0	0
2026.07.21	23:06:00	1.14028	1.14029	1.14025	1.14029	56	0	0
2026.07.21	23:07:00	1.14029	1.14030	1.14022	1.14023	76	0	0
2026.07.21	23:08:00	1.14024	1.14026	1.14018	1.14019	76	0	0
2026.07.21	23:09:00	1.14019	1.14020	1.14015	1.14016	38	0	0
2026.07.21	23:10:00	1.14016	1.14019	1.14014	1.14018	50	0	0
2026.07.21	23:11:00	1.14017	1.14017	1.14010	1.14013	72	0	0
2026.07.21	23:12:00	1.14012	1.14015	1.14011	1.14012	35	0	0
2026.07.21	23:13:00	1.14012	1.14018	1.14010	1.14012	37	0	0
2026.07.21	23:14:00	1.14012	1.14012	1.14009	1.14009	24	0	0
2026.07.21	23:15:00	1.14009	1.14011	1.14002	1.14005	63	0	0
2026.07.21	23:16:00	1.14003	1.14006	1.14000	1.14003	49	0	0
2026.07.21	23:17:00	1.14003	1.14003	1.13997	1.14000	46	0	0
2026.07.21	23:18:00	1.14000	1.14005	1.13999	1.13999	46	0	0
2026.07.21	23:19:00	1.13999	1.14002	1.13997	1.13998	58	0	0
2026.07.21	23:20:00	1.13998	1.14000	1.13994	1.13995	13	0	0
2026.07.21	23:21:00	1.13997	1.14004	1.13996	1.14001	65	0	0
2026.07.21	23:22:00	1.14001	1.14007	1.13999	1.14006	62	0	0
2026.07.21	23:23:00	1.14006	1.14007	1.14004	1.14005	17	0	0
2026.07.21	23:24:00	1.14005	1.14008	1.14005	1.14007	35	0	0
2026.07.21	23:25:00	1.14007	1.14008	1.14003	1.14006	82	0	0
2026.07.21	23:26:00	1.14006	1.14008	1.14004	1.14006	33	0	0
2026.07.21	23:27:00	1.14006	1.14008	1.14003	1.14006	58	0	0
2026.07.21	23:28:00	1.14006	1.14006	1.14003	1.14004	43	0	0
2026.07.21	23:29:00	1.14003	1.14015	1.14003	1.14010	74	0	0
2026.07.21	23:30:00	1.14010	1.14014	1.14007	1.14008	41	0	0
2026.07.21	23:31:00	1.14008	1.14014	1.14005	1.14012	80	0	0
2026.07.21	23:32:00	1.14012	1.14014	1.14007	1.14008	49	0	0
2026.07.21	23:33:00	1.14007	1.14010	1.14005	1.14005	44	0	0
2026.07.21	23:34:00	1.14005	1.14009	1.14005	1.14006	46	0	0
2026.07.21	23:35:00	1.14007	1.14010	1.14005	1.14007	55	0	0
2026.07.21	23:36:00	1.14007	1.14010	1.14006	1.14008	47	0	0
2026.07.21	23:37:00	1.14008	1.14009	1.14006	1.14008	24	0	0
2026.07.21	23:38:00	1.14008	1.14010	1.14006	1.14008	24	0	0
2026.07.21	23:39:00	1.14008	1.14009	1.14006	1.14007	26	0	0
2026.07.21	23:40:00	1.14007	1.14011	1.14005	1.14009	69	0	0
2026.07.21	23:41:00	1.14008	1.14011	1.14006	1.14008	31	0	0
2026.07.21	23:42:00	1.14008	1.14011	1.14007	1.14009	36	0	0
2026.07.21	23:43:00	1.14010	1.14010	1.14004	1.14006	43	0	0
2026.07.21	23:44:00	1.14006	1.14013	1.14005	1.14005	42	0	0
2026.07.21	23:45:00	1.14005	1.14010	1.14003	1.14007	70	0	0
2026.07.21	23:46:00	1.14007	1.14008	1.14005	1.14008	60	0	0
2026.07.21	23:47:00	1.14008	1.14012	1.14005	1.14007	75	0	0
2026.07.21	23:48:00	1.14007	1.14008	1.14005	1.14007	35	0	0
2026.07.21	23:49:00	1.14007	1.14012	1.14003	1.14003	209	0	0
2026.07.21	23:50:00	1.14003	1.14008	1.13995	1.13996	114	0	0
2026.07.21	23:51:00	1.13996	1.13999	1.13995	1.13997	81	0	0
2026.07.21	23:52:00	1.13997	1.14000	1.13994	1.13996	61	0	0
2026.07.21	23:53:00	1.13996	1.13998	1.13991	1.13993	52	0	0
2026.07.21	23:54:00	1.13993	1.13994	1.13987	1.13987	62	0	0
2026.07.21	23:55:00	1.13989	1.13992	1.13985	1.13986	78	0	0
2026.07.21	23:56:00	1.13985	1.13987	1.13985	1.13985	43	0	0
2026.07.21	23:57:00	1.13985	1.13986	1.13972	1.13975	71	0	0
2026.07.21	23:58:00	1.13975	1.13979	1.13974	1.13977	106	0	0
2026.07.21	23:59:00	1.13977	1.13985	1.13977	1.13978	82	0	0
2026.07.22	00:00:00	1.13978	1.13978	1.13959	1.13959	4	0	7
2026.07.22	00:01:00	1.13960	1.13967	1.13960	1.13967	8	0	0
2026.07.22	00:02:00	1.13961	1.13974	1.13959	1.13974	14	0	0
2026.07.22	00:03:00	1.13974	1.13974	1.13973	1.13973	2	0	4
2026.07.22	00:04:00	1.13973	1.13977	1.13973	1.13977	3	0	5
2026.07.22	00:05:00	1.13977	1.13990	1.13966	1.13990	22	0	0
2026.07.22	00:06:00	1.13990	1.13990	1.13989	1.13990	9	0	9
2026.07.22	00:07:00	1.13990	1.13991	1.13990	1.13991	2	0	12
2026.07.22	00:08:00	1.13991	1.13991	1.13990	1.13990	2	0	12
2026.07.22	00:09:00	1.13990	1.13992	1.13989	1.13992	6	0	7
2026.07.22	00:10:00	1.13983	1.13983	1.13979	1.13979	29	0	11
2026.07.22	00:11:00	1.13979	1.13980	1.13979	1.13980	2	0	11
2026.07.22	00:12:00	1.13980	1.13985	1.13980	1.13980	3	0	10
2026.07.22	00:13:00	1.13980	1.13985	1.13979	1.13979	4	0	10
2026.07.22	00:14:00	1.13979	1.13979	1.13979	1.13979	1	0	12
2026.07.22	00:15:00	1.13979	1.13979	1.13978	1.13979	3	0	12
2026.07.22	00:16:00	1.13979	1.13979	1.13979	1.13979	1	0	12
2026.07.22	00:17:00	1.13979	1.13979	1.13973	1.13973	6	0	11
2026.07.22	00:18:00	1.13973	1.13973	1.13973	1.13973	1	0	11
2026.07.22	00:19:00	1.13978	1.13978	1.13973	1.13973	2	0	11
2026.07.22	00:20:00	1.13973	1.13978	1.13973	1.13973	3	0	11
2026.07.22	00:21:00	1.13973	1.13978	1.13973	1.13975	9	0	9
2026.07.22	00:22:00	1.13975	1.13976	1.13973	1.13973	5	0	8
2026.07.22	00:23:00	1.13973	1.13973	1.13972	1.13972	2	0	11
2026.07.22	00:24:00	1.13972	1.13973	1.13972	1.13972	3	0	11
2026.07.22	00:25:00	1.13972	1.13972	1.13971	1.13971	2	0	11
2026.07.22	00:26:00	1.13971	1.13971	1.13971	1.13971	1	0	11
2026.07.22	00:27:00	1.13971	1.13976	1.13971	1.13972	4	0	10
2026.07.22	00:28:00	1.13972	1.13972	1.13972	1.13972	1	0	10
2026.07.22	00:29:00	1.13972	1.13972	1.13971	1.13971	2	0	10
2026.07.22	00:30:00	1.13971	1.13995	1.13971	1.13992	24	0	1
2026.07.22	00:31:00	1.13992	1.13992	1.13986	1.13991	20	0	6
2026.07.22	00:32:00	1.13991	1.13991	1.13988	1.13989	5	0	7
2026.07.22	00:33:00	1.13989	1.13989	1.13982	1.13983	12	0	10
2026.07.22	00:34:00	1.13989	1.13989	1.13983	1.13983	2	0	10
2026.07.22	00:35:00	1.13983	1.13993	1.13983	1.13992	16	0	7
2026.07.22	00:36:00	1.13992	1.13994	1.13992	1.13994	3	0	6
2026.07.22	00:37:00	1.13994	1.13994	1.13988	1.13988	4	0	9
2026.07.22	00:38:00	1.13988	1.13997	1.13986	1.13997	7	0	8
2026.07.22	00:39:00	1.13997	1.14004	1.13989	1.13996	14	0	3
2026.07.22	00:40:00	1.13996	1.14014	1.13988	1.14010	18	0	3
2026.07.22	00:41:00	1.14010	1.14011	1.14010	1.14010	5	0	8
2026.07.22	00:42:00	1.14010	1.14015	1.14004	1.14005	15	0	7
2026.07.22	00:43:00	1.14005	1.14010	1.13998	1.14005	21	0	8
2026.07.22	00:44:00	1.14004	1.14009	1.14001	1.14002	13	0	10
2026.07.22	00:45:00	1.14003	1.14009	1.13996	1.13999	8	0	7
2026.07.22	00:46:00	1.13999	1.13999	1.13999	1.13999	1	0	8
2026.07.22	00:47:00	1.13999	1.13999	1.13999	1.13999	1	0	8
2026.07.22	00:48:00	1.13999	1.13999	1.13999	1.13999	1	0	8
2026.07.22	00:49:00	1.13999	1.14004	1.13999	1.13999	3	0	8
2026.07.22	00:50:00	1.13999	1.13999	1.13999	1.13999	1	0	11
2026.07.22	00:51:00	1.13999	1.14002	1.13999	1.14001	3	0	8
2026.07.22	00:52:00	1.14003	1.14005	1.14000	1.14001	7	0	6
2026.07.22	00:53:00	1.14007	1.14007	1.14001	1.14001	4	0	6
2026.07.22	00:54:00	1.14003	1.14007	1.14001	1.14005	5	0	7
2026.07.22	00:55:00	1.14006	1.14006	1.14001	1.14001	9	0	8
2026.07.22	00:56:00	1.14001	1.14007	1.14001	1.14005	6	0	6
2026.07.22	00:57:00	1.14005	1.14006	1.14004	1.14004	6	0	7
2026.07.22	00:58:00	1.14004	1.14007	1.14003	1.14006	7	0	7
2026.07.22	00:59:00	1.14006	1.14007	1.14006	1.14007	2	0	6
2026.07.22	01:00:00	1.14007	1.14012	1.13996	1.13999	99	0	0
2026.07.22	01:01:00	1.13999	1.14000	1.13991	1.13991	42	0	0
2026.07.22	01:02:00	1.13991	1.13997	1.13991	1.13997	33	0	0
2026.07.22	01:03:00	1.13998	1.14002	1.13995	1.13999	51	0	0
2026.07.22	01:04:00	1.13999	1.14001	1.13994	1.13995	39	0	0
2026.07.22	01:05:00	1.13995	1.13998	1.13995	1.13996	11	0	0
2026.07.22	01:06:00	1.13996	1.13996	1.13995	1.13996	3	0	0
2026.07.22	01:07:00	1.13996	1.13996	1.13995	1.13996	25	0	0
2026.07.22	01:08:00	1.13996	1.13996	1.13995	1.13996	5	0	0
2026.07.22	01:09:00	1.13996	1.13998	1.13995	1.13996	21	0	0
2026.07.22	01:10:00	1.13996	1.13997	1.13994	1.13996	15	0	0
2026.07.22	01:11:00	1.13996	1.14001	1.13993	1.13996	528	0	0
2026.07.22	01:12:00	1.13996	1.13997	1.13991	1.13992	127	0	0
2026.07.22	01:13:00	1.13992	1.13997	1.13989	1.13990	155	0	0
2026.07.22	01:14:00	1.13990	1.13994	1.13989	1.13990	55	0	0
2026.07.22	01:15:00	1.13991	1.13992	1.13989	1.13990	32	0	0
2026.07.22	01:16:00	1.13990	1.13991	1.13989	1.13991	20	0	0
2026.07.22	01:17:00	1.13991	1.13992	1.13989	1.13991	63	0	0
2026.07.22	01:18:00	1.13991	1.13992	1.13991	1.13992	28	0	0
2026.07.22	01:19:00	1.13992	1.13992	1.13990	1.13991	39	0	0
2026.07.22	01:20:00	1.13991	1.13995	1.13991	1.13995	57	0	0
2026.07.22	01:21:00	1.13995	1.13998	1.13993	1.13995	66	0	0
2026.07.22	01:22:00	1.13995	1.13998	1.13995	1.13995	16	0	0
2026.07.22	01:23:00	1.13996	1.13998	1.13994	1.13998	29	0	0
2026.07.22	01:24:00	1.13998	1.13998	1.13992	1.13992	61	0	0
2026.07.22	01:25:00	1.13993	1.13996	1.13990	1.13994	32	0	0
2026.07.22	01:26:00	1.13994	1.14006	1.13994	1.14005	93	0	0
2026.07.22	01:27:00	1.14004	1.14006	1.14000	1.14003	93	0	0
2026.07.22	01:28:00	1.14003	1.14006	1.14001	1.14003	95	0	0
2026.07.22	01:29:00	1.14003	1.14004	1.14000	1.14001	72	0	0
2026.07.22	01:30:00	1.14001	1.14004	1.13999	1.14003	90	0	0
2026.07.22	01:31:00	1.14003	1.14003	1.13996	1.13997	72	0	0
2026.07.22	01:32:00	1.13998	1.14000	1.13995	1.13999	59	0	0
2026.07.22	01:33:00	1.13998	1.14004	1.13998	1.14002	37	0	0
2026.07.22	01:34:00	1.14002	1.14005	1.14000	1.14002	35	0	0
2026.07.22	01:35:00	1.14002	1.14004	1.14001	1.14002	53	0	0
2026.07.22	01:36:00	1.14002	1.14005	1.14001	1.14002	43	0	0
2026.07.22	01:37:00	1.14002	1.14004	1.14001	1.14002	20	0	0
2026.07.22	01:38:00	1.14002	1.14006	1.14001	1.14003	69	0	0
2026.07.22	01:39:00	1.14003	1.14005	1.13997	1.13997	87	0	0
2026.07.22	01:40:00	1.13997	1.14002	1.13997	1.13999	81	0	0
2026.07.22	01:41:00	1.14000	1.14003	1.13998	1.14003	55	0	0
2026.07.22	01:42:00	1.14000	1.14003	1.13999	1.14001	55	0	0
2026.07.22	01:43:00	1.14001	1.14004	1.14000	1.14000	47	0	0
2026.07.22	01:44:00	1.14001	1.14003	1.14000	1.14000	29	0	0
2026.07.22	01:45:00	1.14001	1.14003	1.13996	1.13997	69	0	0
2026.07.22	01:46:00	1.13997	1.13997	1.13996	1.13996	8	0	0
2026.07.22	01:47:00	1.13996	1.13997	1.13993	1.13994	39	0	0
2026.07.22	01:48:00	1.13994	1.13997	1.13990	1.13992	88	0	0
2026.07.22	01:49:00	1.13992	1.13998	1.13992	1.13994	48	0	0
2026.07.22	01:50:00	1.13995	1.13997	1.13992	1.13993	42	0	0
2026.07.22	01:51:00	1.13993	1.13997	1.13991	1.13996	74	0	0
2026.07.22	01:52:00	1.13997	1.13998	1.13994	1.13995	63	0	0
2026.07.22	01:53:00	1.13995	1.13998	1.13992	1.13994	49	0	0
2026.07.22	01:54:00	1.13995	1.13995	1.13991	1.13993	46	0	0
2026.07.22	01:55:00	1.13993	1.13995	1.13991	1.13995	69	0	0
2026.07.22	01:56:00	1.13994	1.13995	1.13991	1.13993	39	0	0
2026.07.22	01:57:00	1.13995	1.13996	1.13991	1.13993	46	0	0
2026.07.22	01:58:00	1.13993	1.13996	1.13992	1.13993	43	0	0
2026.07.22	01:59:00	1.13993	1.13996	1.13992	1.13995	28	0	0
2026.07.22	02:00:00	1.13995	1.13998	1.13991	1.13994	80	0	0
2026.07.22	02:01:00	1.13993	1.13994	1.13992	1.13992	61	0	0
2026.07.22	02:02:00	1.13992	1.13994	1.13985	1.13985	63	0	0
2026.07.22	02:03:00	1.13985	1.13989	1.13985	1.13988	19	0	0
2026.07.22	02:04:00	1.13987	1.13989	1.13987	1.13987	44	0	0
2026.07.22	02:05:00	1.13987	1.13989	1.13980	1.13987	38	0	0
2026.07.22	02:06:00	1.13987	1.13989	1.13986	1.13987	20	0	0
2026.07.22	02:07:00	1.13987	1.13992	1.13987	1.13990	39	0	0
2026.07.22	02:08:00	1.13990	1.13996	1.13990	1.13994	26	0	0
2026.07.22	02:09:00	1.13994	1.13994	1.13992	1.13992	4	0	0
2026.07.22	02:10:00	1.13992	1.13993	1.13990	1.13991	21	0	0
2026.07.22	02:11:00	1.13991	1.13992	1.13991	1.13992	10	0	0
2026.07.22	02:12:00	1.13992	1.13992	1.13990	1.13992	11	0	0
2026.07.22	02:13:00	1.13992	1.13994	1.13988	1.13992	25	0	0
2026.07.22	02:14:00	1.13992	1.13996	1.13991	1.13991	28	0	0
2026.07.22	02:15:00	1.13991	1.13996	1.13991	1.13993	38	0	0
2026.07.22	02:16:00	1.13992	1.13995	1.13992	1.13993	32	0	0
2026.07.22	02:17:00	1.13992	1.13994	1.13991	1.13993	10	0	0
2026.07.22	02:18:00	1.13993	1.13998	1.13993	1.13995	30	0	0
2026.07.22	02:19:00	1.13995	1.13998	1.13995	1.13996	14	0	0
2026.07.22	02:20:00	1.13996	1.13996	1.13994	1.13996	8	0	0
2026.07.22	02:21:00	1.13996	1.13996	1.13992	1.13992	13	0	0
2026.07.22	02:22:00	1.13992	1.13994	1.13987	1.13989	17	0	0
2026.07.22	02:23:00	1.13989	1.13994	1.13987	1.13992	24	0	0
2026.07.22	02:24:00	1.13992	1.13994	1.13991	1.13991	42	0	0
2026.07.22	02:25:00	1.13991	1.13994	1.13990	1.13990	15	0	0
2026.07.22	02:26:00	1.13989	1.13993	1.13989	1.13989	27	0	0
2026.07.22	02:27:00	1.13989	1.13993	1.13989	1.13991	25	0	0
2026.07.22	02:28:00	1.13991	1.13997	1.13991	1.13995	34	0	0
2026.07.22	02:29:00	1.13995	1.13996	1.13990	1.13991	20	0	0
2026.07.22	02:30:00	1.13991	1.13995	1.13991	1.13993	28	0	0
2026.07.22	02:31:00	1.13993	1.13996	1.13992	1.13994	26	0	0
2026.07.22	02:32:00	1.13994	1.14000	1.13994	1.13997	36	0	0
2026.07.22	02:33:00	1.13997	1.14000	1.13997	1.13998	24	0	0
2026.07.22	02:34:00	1.13998	1.13998	1.13997	1.13997	14	0	0
2026.07.22	02:35:00	1.13997	1.13999	1.13997	1.13999	11	0	0
2026.07.22	02:36:00	1.13999	1.13999	1.13997	1.13997	16	0	0
2026.07.22	02:37:00	1.13997	1.13999	1.13996	1.13999	8	0	0
2026.07.22	02:38:00	1.13999	1.14004	1.13997	1.14004	26	0	0
2026.07.22	02:39:00	1.14004	1.14005	1.14000	1.14002	43	0	0
2026.07.22	02:40:00	1.14002	1.14004	1.13997	1.13998	59	0	0
2026.07.22	02:41:00	1.13998	1.14003	1.13997	1.14001	40	0	0
2026.07.22	02:42:00	1.14001	1.14004	1.14000	1.14004	39	0	0
2026.07.22	02:43:00	1.14003	1.14005	1.14002	1.14003	22	0	0
2026.07.22	02:44:00	1.14002	1.14010	1.14002	1.14007	66	0	0
2026.07.22	02:45:00	1.14007	1.14009	1.14002	1.14007	50	0	0
2026.07.22	02:46:00	1.14007	1.14009	1.14003	1.14003	40	0	0
2026.07.22	02:47:00	1.14003	1.14008	1.14003	1.14008	37	0	0
2026.07.22	02:48:00	1.14008	1.14008	1.14003	1.14003	23	0	0
2026.07.22	02:49:00	1.14003	1.14005	1.14002	1.14003	12	0	0
2026.07.22	02:50:00	1.14003	1.14005	1.13999	1.14003	35	0	0
2026.07.22	02:51:00	1.14002	1.14006	1.14001	1.14006	27	0	0
2026.07.22	02:52:00	1.14006	1.14022	1.14004	1.14016	76	0	0
2026.07.22	02:53:00	1.14015	1.14019	1.14012	1.14017	63	0	0
2026.07.22	02:54:00	1.14017	1.14022	1.14016	1.14019	75	0	0
2026.07.22	02:55:00	1.14019	1.14025	1.14019	1.14022	70	0	0
2026.07.22	02:56:00	1.14024	1.14026	1.14021	1.14025	74	0	0
2026.07.22	02:57:00	1.14025	1.14025	1.14019	1.14019	63	0	0
2026.07.22	02:58:00	1.14020	1.14023	1.14017	1.14020	77	0	0
2026.07.22	02:59:00	1.14020	1.14025	1.14020	1.14022	75	0	0
2026.07.22	03:00:00	1.14021	1.14029	1.14010	1.14012	236	0	0
2026.07.22	03:01:00	1.14012	1.14025	1.14011	1.14024	150	0	0
2026.07.22	03:02:00	1.14024	1.14033	1.14022	1.14029	100	0	0
2026.07.22	03:03:00	1.14029	1.14038	1.14027	1.14034	169	0	0
2026.07.22	03:04:00	1.14034	1.14042	1.14031	1.14038	146	0	0
2026.07.22	03:05:00	1.14038	1.14042	1.14020	1.14027	149	0	0
2026.07.22	03:06:00	1.14027	1.14035	1.14025	1.14028	179	0	0
2026.07.22	03:07:00	1.14028	1.14032	1.14022	1.14022	103	0	0
2026.07.22	03:08:00	1.14023	1.14026	1.14015	1.14023	184	0	0
2026.07.22	03:09:00	1.14023	1.14032	1.14020	1.14029	170	0	0
2026.07.22	03:10:00	1.14029	1.14034	1.14023	1.14032	167	0	0
2026.07.22	03:11:00	1.14032	1.14038	1.14030	1.14035	88	0	0
2026.07.22	03:12:00	1.14035	1.14038	1.14030	1.14037	148	0	0
2026.07.22	03:13:00	1.14038	1.14038	1.14028	1.14034	138	0	0
2026.07.22	03:14:00	1.14034	1.14041	1.14032	1.14038	131	0	0
2026.07.22	03:15:00	1.14038	1.14040	1.14034	1.14038	222	0	0
2026.07.22	03:16:00	1.14038	1.14053	1.14037	1.14049	200	0	0
2026.07.22	03:17:00	1.14049	1.14050	1.14039	1.14044	134	0	0
2026.07.22	03:18:00	1.14044	1.14053	1.14044	1.14048	187	0	0
2026.07.22	03:19:00	1.14048	1.14059	1.14047	1.14059	188	0	0
2026.07.22	03:20:00	1.14059	1.14063	1.14054	1.14062	147	0	0
2026.07.22	03:21:00	1.14062	1.14073	1.14059	1.14062	195	0	0
2026.07.22	03:22:00	1.14061	1.14067	1.14058	1.14064	164	0	0
2026.07.22	03:23:00	1.14063	1.14069	1.14062	1.14064	102	0	0
2026.07.22	03:24:00	1.14064	1.14068	1.14059	1.14064	121	0	0
2026.07.22	03:25:00	1.14065	1.14069	1.14064	1.14065	122	0	0
2026.07.22	03:26:00	1.14066	1.14070	1.14063	1.14067	104	0	0
2026.07.22	03:27:00	1.14066	1.14069	1.14061	1.14061	121	0	0
2026.07.22	03:28:00	1.14060	1.14070	1.14060	1.14066	144	0	0
2026.07.22	03:29:00	1.14066	1.14070	1.14066	1.14067	165	0	0
2026.07.22	03:30:00	1.14067	1.14073	1.14063	1.14064	224	0	0
2026.07.22	03:31:00	1.14064	1.14065	1.14059	1.14064	177	0	0
2026.07.22	03:32:00	1.14062	1.14064	1.14056	1.14059	184	0	0
2026.07.22	03:33:00	1.14057	1.14068	1.14057	1.14065	170	0	0
2026.07.22	03:34:00	1.14065	1.14066	1.14057	1.14058	148	0	0
2026.07.22	03:35:00	1.14058	1.14062	1.14052	1.14055	121	0	0
2026.07.22	03:36:00	1.14055	1.14056	1.14051	1.14054	124	0	0
2026.07.22	03:37:00	1.14054	1.14059	1.14046	1.14054	225	0	0
2026.07.22	03:38:00	1.14054	1.14055	1.14046	1.14049	146	0	0
2026.07.22	03:39:00	1.14049	1.14049	1.14029	1.14030	166	0	0
2026.07.22	03:40:00	1.14030	1.14036	1.14028	1.14034	139	0	0
2026.07.22	03:41:00	1.14034	1.14035	1.14028	1.14030	116	0	0
2026.07.22	03:42:00	1.14030	1.14035	1.14026	1.14033	144	0	0
2026.07.22	03:43:00	1.14033	1.14034	1.14026	1.14029	124	0	0
2026.07.22	03:44:00	1.14029	1.14036	1.14025	1.14033	173	0	0
2026.07.22	03:45:00	1.14033	1.14038	1.14024	1.14026	189	0	0
2026.07.22	03:46:00	1.14026	1.14035	1.14025	1.14033	131	0	0
2026.07.22	03:47:00	1.14033	1.14038	1.14032	1.14034	60	0	0
2026.07.22	03:48:00	1.14034	1.14038	1.14030	1.14032	115	0	0
2026.07.22	03:49:00	1.14032	1.14035	1.14030	1.14034	107	0	0
2026.07.22	03:50:00	1.14034	1.14035	1.14025	1.14028	103	0	0
2026.07.22	03:51:00	1.14028	1.14039	1.14025	1.14035	117	0	0
2026.07.22	03:52:00	1.14035	1.14039	1.14024	1.14029	153	0	0
2026.07.22	03:53:00	1.14029	1.14037	1.14021	1.14035	176	0	0
2026.07.22	03:54:00	1.14035	1.14038	1.14022	1.14024	254	0	0
2026.07.22	03:55:00	1.14024	1.14027	1.14018	1.14027	142	0	0
2026.07.22	03:56:00	1.14027	1.14027	1.14020	1.14023	78	0	0
2026.07.22	03:57:00	1.14023	1.14030	1.14016	1.14026	136	0	0
2026.07.22	03:58:00	1.14026	1.14044	1.14026	1.14043	126	0	0
2026.07.22	03:59:00	1.14043	1.14045	1.14038	1.14039	176	0	0
2026.07.22	04:00:00	1.14039	1.14054	1.14039	1.14053	314	0	0
2026.07.22	04:01:00	1.14054	1.14066	1.14051	1.14056	213	0	0
2026.07.22	04:02:00	1.14056	1.14059	1.14041	1.14047	164	0	0
2026.07.22	04:03:00	1.14046	1.14050	1.14040	1.14047	155	0	0
2026.07.22	04:04:00	1.14046	1.14056	1.14044	1.14051	146	0	0
2026.07.22	04:05:00	1.14051	1.14067	1.14050	1.14065	148	0	0
2026.07.22	04:06:00	1.14064	1.14068	1.14058	1.14058	112	0	0
2026.07.22	04:07:00	1.14058	1.14063	1.14055	1.14056	80	0	0
2026.07.22	04:08:00	1.14056	1.14064	1.14056	1.14061	131	0	0
2026.07.22	04:09:00	1.14061	1.14065	1.14058	1.14065	95	0	0
2026.07.22	04:10:00	1.14065	1.14066	1.14061	1.14061	82	0	0
2026.07.22	04:11:00	1.14061	1.14062	1.14055	1.14058	133	0	0
2026.07.22	04:12:00	1.14058	1.14065	1.14058	1.14063	72	0	0
2026.07.22	04:13:00	1.14063	1.14063	1.14056	1.14056	106	0	0
2026.07.22	04:14:00	1.14056	1.14062	1.14056	1.14057	133	0	0
2026.07.22	04:15:00	1.14057	1.14064	1.14046	1.14048	144	0	0
2026.07.22	04:16:00	1.14048	1.14052	1.14045	1.14048	103	0	0
2026.07.22	04:17:00	1.14048	1.14050	1.14041	1.14042	57	0	0
2026.07.22	04:18:00	1.14042	1.14045	1.14040	1.14041	61	0	0
2026.07.22	04:19:00	1.14041	1.14045	1.14037	1.14040	67	0	0
2026.07.22	04:20:00	1.14040	1.14050	1.14037	1.14041	117	0	0
2026.07.22	04:21:00	1.14042	1.14044	1.14035	1.14039	98	0	0
2026.07.22	04:22:00	1.14039	1.14041	1.14034	1.14037	103	0	0
2026.07.22	04:23:00	1.14037	1.14040	1.14034	1.14038	104	0	0
2026.07.22	04:24:00	1.14038	1.14039	1.14026	1.14029	88	0	0
2026.07.22	04:25:00	1.14029	1.14035	1.14027	1.14031	121	0	0
2026.07.22	04:26:00	1.14031	1.14033	1.14023	1.14030	156	0	0
2026.07.22	04:27:00	1.14030	1.14036	1.14028	1.14033	93	0	0
2026.07.22	04:28:00	1.14033	1.14033	1.14026	1.14027	93	0	0
2026.07.22	04:29:00	1.14027	1.14038	1.14027	1.14038	94	0	0
2026.07.22	04:30:00	1.14038	1.14039	1.14015	1.14018	193	0	0
2026.07.22	04:31:00	1.14018	1.14024	1.14010	1.14014	173	0	0
2026.07.22	04:32:00	1.14014	1.14015	1.13998	1.14002	194	0	0
2026.07.22	04:33:00	1.14002	1.14005	1.13996	1.13999	111	0	0
2026.07.22	04:34:00	1.13999	1.14001	1.13994	1.14000	134	0	0
2026.07.22	04:35:00	1.14000	1.14002	1.13992	1.13995	111	0	0
2026.07.22	04:36:00	1.13995	1.13997	1.13986	1.13995	170	0	0
2026.07.22	04:37:00	1.13995	1.13998	1.13993	1.13994	137	0	0
2026.07.22	04:38:00	1.13994	1.14009	1.13994	1.14008	147	0	0
2026.07.22	04:39:00	1.14008	1.14009	1.14004	1.14007	135	0	0
2026.07.22	04:40:00	1.14007	1.14009	1.14003	1.14008	112	0	0
2026.07.22	04:41:00	1.14008	1.14008	1.14004	1.14004	110	0	0
2026.07.22	04:42:00	1.14005	1.14010	1.14004	1.14006	99	0	0
2026.07.22	04:43:00	1.14006	1.14013	1.14001	1.14009	147	0	0
2026.07.22	04:44:00	1.14009	1.14013	1.14006	1.14010	127	0	0
2026.07.22	04:45:00	1.14010	1.14020	1.14010	1.14019	100	0	0
2026.07.22	04:46:00	1.14019	1.14026	1.14016	1.14026	97	0	0
2026.07.22	04:47:00	1.14026	1.14028	1.14020	1.14028	160	0	0
2026.07.22	04:48:00	1.14027	1.14029	1.14023	1.14025	87	0	0
2026.07.22	04:49:00	1.14025	1.14025	1.14015	1.14024	159	0	0
2026.07.22	04:50:00	1.14024	1.14024	1.14016	1.14019	129	0	0
2026.07.22	04:51:00	1.14019	1.14029	1.14018	1.14024	75	0	0
2026.07.22	04:52:00	1.14024	1.14028	1.14024	1.14025	99	0	0
2026.07.22	04:53:00	1.14025	1.14028	1.14018	1.14018	81	0	0
2026.07.22	04:54:00	1.14019	1.14025	1.14019	1.14024	74	0	0
2026.07.22	04:55:00	1.14023	1.14028	1.14020	1.14024	111	0	0
2026.07.22	04:56:00	1.14024	1.14026	1.14019	1.14022	119	0	0
2026.07.22	04:57:00	1.14022	1.14031	1.14019	1.14027	91	0	0
2026.07.22	04:58:00	1.14028	1.14030	1.14024	1.14026	128	0	0
2026.07.22	04:59:00	1.14026	1.14032	1.14024	1.14031	96	0	0
2026.07.22	05:00:00	1.14031	1.14036	1.14024	1.14024	161	0	0
2026.07.22	05:01:00	1.14026	1.14028	1.14015	1.14016	193	0	0
2026.07.22	05:02:00	1.14016	1.14023	1.14012	1.14017	166	0	0
2026.07.22	05:03:00	1.14017	1.14023	1.14013	1.14019	128	0	0
2026.07.22	05:04:00	1.14019	1.14024	1.14016	1.14019	113	0	0
2026.07.22	05:05:00	1.14018	1.14019	1.14011	1.14014	93	0	0
2026.07.22	05:06:00	1.14014	1.14018	1.14010	1.14016	80	0	0
2026.07.22	05:07:00	1.14016	1.14024	1.14015	1.14023	92	0	0
2026.07.22	05:08:00	1.14023	1.14026	1.14019	1.14019	122	0	0
2026.07.22	05:09:00	1.14019	1.14032	1.14017	1.14029	138	0	0
2026.07.22	05:10:00	1.14028	1.14043	1.14028	1.14041	147	0	0
2026.07.22	05:11:00	1.14040	1.14051	1.14037	1.14049	98	0	0
2026.07.22	05:12:00	1.14048	1.14050	1.14044	1.14048	82	0	0
2026.07.22	05:13:00	1.14048	1.14049	1.14043	1.14048	35	0	0
2026.07.22	05:14:00	1.14048	1.14050	1.14045	1.14046	78	0	0
2026.07.22	05:15:00	1.14046	1.14049	1.14043	1.14045	112	0	0
2026.07.22	05:16:00	1.14045	1.14049	1.14044	1.14046	120	0	0
2026.07.22	05:17:00	1.14046	1.14049	1.14044	1.14046	88	0	0
2026.07.22	05:18:00	1.14046	1.14049	1.14040	1.14042	95	0	0
2026.07.22	05:19:00	1.14042	1.14044	1.14039	1.14040	57	0	0
2026.07.22	05:20:00	1.14040	1.14048	1.14040	1.14045	92	0	0
2026.07.22	05:21:00	1.14046	1.14048	1.14041	1.14048	59	0	0
2026.07.22	05:22:00	1.14048	1.14062	1.14046	1.14060	93	0	0
2026.07.22	05:23:00	1.14060	1.14061	1.14051	1.14059	129	0	0
2026.07.22	05:24:00	1.14059	1.14065	1.14057	1.14063	73	0	0
2026.07.22	05:25:00	1.14063	1.14071	1.14060	1.14071	92	0	0
2026.07.22	05:26:00	1.14070	1.14078	1.14070	1.14072	110	0	0
2026.07.22	05:27:00	1.14072	1.14083	1.14072	1.14083	126	0	0
2026.07.22	05:28:00	1.14083	1.14103	1.14083	1.14098	111	0	0
2026.07.22	05:29:00	1.14098	1.14099	1.14077	1.14079	159	0	0
2026.07.22	05:30:00	1.14079	1.14081	1.14065	1.14070	211	0	0
2026.07.22	05:31:00	1.14069	1.14078	1.14067	1.14077	125	0	0
2026.07.22	05:32:00	1.14077	1.14084	1.14073	1.14078	173	0	0
2026.07.22	05:33:00	1.14077	1.14084	1.14074	1.14079	113	0	0
2026.07.22	05:34:00	1.14078	1.14081	1.14074	1.14075	78	0	0
2026.07.22	05:35:00	1.14075	1.14077	1.14070	1.14073	138	0	0
2026.07.22	05:36:00	1.14071	1.14073	1.14066	1.14067	98	0	0
2026.07.22	05:37:00	1.14067	1.14070	1.14064	1.14064	133	0	0
2026.07.22	05:38:00	1.14064	1.14068	1.14062	1.14067	90	0	0
2026.07.22	05:39:00	1.14067	1.14069	1.14066	1.14067	69	0	0
2026.07.22	05:40:00	1.14067	1.14073	1.14065	1.14071	107	0	0
2026.07.22	05:41:00	1.14071	1.14074	1.14067	1.14072	152	0	0
2026.07.22	05:42:00	1.14072	1.14082	1.14070	1.14077	99	0	0
2026.07.22	05:43:00	1.14077	1.14079	1.14071	1.14076	139	0	0
2026.07.22	05:44:00	1.14076	1.14077	1.14066	1.14072	112	0	0
2026.07.22	05:45:00	1.14072	1.14075	1.14065	1.14069	107	0	0
2026.07.22	05:46:00	1.14069	1.14073	1.14063	1.14070	137	0	0
2026.07.22	05:47:00	1.14070	1.14070	1.14062	1.14068	99	0	0
2026.07.22	05:48:00	1.14067	1.14068	1.14062	1.14063	78	0	0
2026.07.22	05:49:00	1.14062	1.14064	1.14056	1.14056	65	0	0
2026.07.22	05:50:00	1.14056	1.14058	1.14055	1.14056	91	0	0
2026.07.22	05:51:00	1.14056	1.14063	1.14055	1.14060	72	0	0
2026.07.22	05:52:00	1.14060	1.14065	1.14060	1.14062	45	0	0
2026.07.22	05:53:00	1.14062	1.14068	1.14061	1.14066	108	0	0
2026.07.22	05:54:00	1.14066	1.14070	1.14064	1.14067	100	0	0
2026.07.22	05:55:00	1.14067	1.14087	1.14067	1.14074	115	0	0
2026.07.22	05:56:00	1.14074	1.14075	1.14071	1.14072	90	0	0
2026.07.22	05:57:00	1.14070	1.14074	1.14061	1.14067	144	0	0
2026.07.22	05:58:00	1.14066	1.14069	1.14063	1.14067	115	0	0
2026.07.22	05:59:00	1.14067	1.14068	1.14055	1.14056	93	0	0
2026.07.22	06:00:00	1.14056	1.14073	1.14055	1.14066	160	0	0
2026.07.22	06:01:00	1.14066	1.14070	1.14062	1.14064	94	0	0
2026.07.22	06:02:00	1.14064	1.14068	1.14061	1.14067	103	0	0
2026.07.22	06:03:00	1.14067	1.14069	1.14063	1.14069	91	0	0
2026.07.22	06:04:00	1.14069	1.14069	1.14063	1.14069	102	0	0
2026.07.22	06:05:00	1.14069	1.14069	1.14062	1.14065	139	0	0
2026.07.22	06:06:00	1.14064	1.14074	1.14064	1.14069	133	0	0
2026.07.22	06:07:00	1.14070	1.14075	1.14068	1.14074	128	0	0
2026.07.22	06:08:00	1.14074	1.14074	1.14064	1.14064	107	0	0
2026.07.22	06:09:00	1.14064	1.14066	1.14053	1.14054	88	0	0
2026.07.22	06:10:00	1.14054	1.14062	1.14054	1.14057	118	0	0
2026.07.22	06:11:00	1.14057	1.14059	1.14051	1.14054	81	0	0
2026.07.22	06:12:00	1.14054	1.14054	1.14042	1.14046	83	0	0
2026.07.22	06:13:00	1.14046	1.14055	1.14045	1.14054	124	0	0
2026.07.22	06:14:00	1.14054	1.14058	1.14052	1.14058	52	0	0
2026.07.22	06:15:00	1.14057	1.14068	1.14055	1.14068	117	0	0
2026.07.22	06:16:00	1.14068	1.14070	1.14064	1.14070	159	0	0
2026.07.22	06:17:00	1.14070	1.14070	1.14060	1.14063	48	0	0
2026.07.22	06:18:00	1.14063	1.14069	1.14058	1.14059	101	0	0
2026.07.22	06:19:00	1.14059	1.14064	1.14058	1.14064	82	0	0
2026.07.22	06:20:00	1.14064	1.14070	1.14061	1.14067	89	0	0
2026.07.22	06:21:00	1.14067	1.14070	1.14063	1.14065	105	0	0
2026.07.22	06:22:00	1.14066	1.14070	1.14065	1.14069	62	0	0
2026.07.22	06:23:00	1.14069	1.14071	1.14066	1.14068	122	0	0
2026.07.22	06:24:00	1.14067	1.14070	1.14065	1.14068	54	0	0
2026.07.22	06:25:00	1.14068	1.14073	1.14066	1.14070	104	0	0
2026.07.22	06:26:00	1.14071	1.14078	1.14069	1.14078	85	0	0
2026.07.22	06:27:00	1.14078	1.14081	1.14075	1.14076	57	0	0
2026.07.22	06:28:00	1.14076	1.14081	1.14075	1.14076	73	0	0
2026.07.22	06:29:00	1.14076	1.14080	1.14072	1.14075	79	0	0
2026.07.22	06:30:00	1.14075	1.14079	1.14071	1.14074	122	0	0
2026.07.22	06:31:00	1.14074	1.14078	1.14071	1.14075	167	0	0
2026.07.22	06:32:00	1.14075	1.14077	1.14063	1.14064	98	0	0
2026.07.22	06:33:00	1.14064	1.14067	1.14062	1.14067	105	0	0
2026.07.22	06:34:00	1.14068	1.14070	1.14065	1.14069	56	0	0
2026.07.22	06:35:00	1.14069	1.14071	1.14066	1.14069	86	0	0
2026.07.22	06:36:00	1.14069	1.14070	1.14062	1.14064	85	0	0
2026.07.22	06:37:00	1.14064	1.14065	1.14057	1.14064	67	0	0
2026.07.22	06:38:00	1.14064	1.14066	1.14061	1.14066	37	0	0
2026.07.22	06:39:00	1.14066	1.14070	1.14063	1.14065	70	0	0
2026.07.22	06:40:00	1.14066	1.14069	1.14064	1.14066	94	0	0
2026.07.22	06:41:00	1.14066	1.14068	1.14059	1.14064	48	0	0
2026.07.22	06:42:00	1.14064	1.14067	1.14061	1.14065	47	0	0
2026.07.22	06:43:00	1.14065	1.14065	1.14060	1.14060	54	0	0
2026.07.22	06:44:00	1.14061	1.14065	1.14061	1.14062	62	0	0
2026.07.22	06:45:00	1.14062	1.14069	1.14062	1.14065	102	0	0
2026.07.22	06:46:00	1.14065	1.14072	1.14063	1.14065	59	0	0
2026.07.22	06:47:00	1.14065	1.14068	1.14062	1.14062	50	0	0
2026.07.22	06:48:00	1.14062	1.14065	1.14059	1.14064	80	0	0
2026.07.22	06:49:00	1.14064	1.14066	1.14061	1.14064	67	0	0
2026.07.22	06:50:00	1.14064	1.14066	1.14061	1.14062	74	0	0
2026.07.22	06:51:00	1.14062	1.14064	1.14057	1.14057	74	0	0
2026.07.22	06:52:00	1.14057	1.14066	1.14057	1.14065	53	0	0
2026.07.22	06:53:00	1.14065	1.14068	1.14061	1.14063	60	0	0
2026.07.22	06:54:00	1.14063	1.14065	1.14060	1.14062	45	0	0
2026.07.22	06:55:00	1.14062	1.14070	1.14058	1.14065	139	0	0
2026.07.22	06:56:00	1.14065	1.14070	1.14065	1.14067	45	0	0
2026.07.22	06:57:00	1.14067	1.14074	1.14066	1.14072	115	0	0
2026.07.22	06:58:00	1.14072	1.14075	1.14070	1.14071	60	0	0
2026.07.22	06:59:00	1.14071	1.14076	1.14070	1.14075	35	0	0
2026.07.22	07:00:00	1.14075	1.14077	1.14067	1.14070	81	0	0
2026.07.22	07:01:00	1.14070	1.14071	1.14066	1.14070	45	0	0
2026.07.22	07:02:00	1.14070	1.14075	1.14069	1.14074	36	0	0
2026.07.22	07:03:00	1.14074	1.14074	1.14067	1.14071	80	0	0
2026.07.22	07:04:00	1.14070	1.14073	1.14063	1.14063	96	0	0
2026.07.22	07:05:00	1.14064	1.14074	1.14063	1.14073	173	0	0
2026.07.22	07:06:00	1.14073	1.14073	1.14061	1.14069	104	0	0
2026.07.22	07:07:00	1.14069	1.14070	1.14065	1.14066	67	0	0
2026.07.22	07:08:00	1.14066	1.14069	1.14061	1.14064	67	0	0
2026.07.22	07:09:00	1.14064	1.14068	1.14062	1.14068	59	0	0
2026.07.22	07:10:00	1.14068	1.14068	1.14057	1.14059	77	0	0
2026.07.22	07:11:00	1.14059	1.14060	1.14051	1.14055	118	0	0
2026.07.22	07:12:00	1.14055	1.14055	1.14048	1.14050	96	0	0
2026.07.22	07:13:00	1.14050	1.14064	1.14049	1.14059	117	0	0
2026.07.22	07:14:00	1.14059	1.14062	1.14057	1.14057	77	0	0
2026.07.22	07:15:00	1.14057	1.14071	1.14057	1.14071	73	0	0
2026.07.22	07:16:00	1.14070	1.14070	1.14064	1.14065	28	0	0
2026.07.22	07:17:00	1.14065	1.14067	1.14062	1.14062	48	0	0
2026.07.22	07:18:00	1.14062	1.14067	1.14061	1.14065	23	0	0
2026.07.22	07:19:00	1.14065	1.14065	1.14061	1.14063	29	0	0
2026.07.22	07:20:00	1.14063	1.14068	1.14061	1.14063	69	0	0
2026.07.22	07:21:00	1.14063	1.14064	1.14061	1.14064	29	0	0
2026.07.22	07:22:00	1.14064	1.14065	1.14056	1.14063	71	0	0
2026.07.22	07:23:00	1.14063	1.14067	1.14061	1.14065	43	0	0
2026.07.22	07:24:00	1.14065	1.14070	1.14065	1.14068	85	0	0
2026.07.22	07:25:00	1.14069	1.14070	1.14064	1.14065	82	0	0
2026.07.22	07:26:00	1.14065	1.14067	1.14062	1.14063	64	0	0
2026.07.22	07:27:00	1.14063	1.14074	1.14063	1.14074	41	0	0
2026.07.22	07:28:00	1.14074	1.14075	1.14070	1.14074	40	0	0
2026.07.22	07:29:00	1.14074	1.14075	1.14072	1.14073	49	0	0
2026.07.22	07:30:00	1.14073	1.14075	1.14070	1.14072	104	0	0
2026.07.22	07:31:00	1.14072	1.14075	1.14071	1.14073	60	0	0
2026.07.22	07:32:00	1.14073	1.14075	1.14071	1.14071	75	0	0
2026.07.22	07:33:00	1.14071	1.14079	1.14071	1.14078	66	0	0
2026.07.22	07:34:00	1.14079	1.14079	1.14075	1.14078	78	0	0
2026.07.22	07:35:00	1.14078	1.14078	1.14071	1.14072	46	0	0
2026.07.22	07:36:00	1.14074	1.14078	1.14072	1.14078	52	0	0
2026.07.22	07:37:00	1.14078	1.14078	1.14072	1.14073	54	0	0
2026.07.22	07:38:00	1.14072	1.14075	1.14072	1.14075	53	0	0
2026.07.22	07:39:00	1.14075	1.14077	1.14072	1.14075	61	0	0
2026.07.22	07:40:00	1.14075	1.14079	1.14074	1.14079	67	0	0
2026.07.22	07:41:00	1.14079	1.14085	1.14076	1.14082	91	0	0
2026.07.22	07:42:00	1.14082	1.14086	1.14082	1.14085	56	0	0
2026.07.22	07:43:00	1.14085	1.14085	1.14081	1.14083	42	0	0
2026.07.22	07:44:00	1.14083	1.14086	1.14081	1.14084	31	0	0
2026.07.22	07:45:00	1.14083	1.14084	1.14076	1.14083	83	0	0
2026.07.22	07:46:00	1.14083	1.14084	1.14075	1.14075	36	0	0
2026.07.22	07:47:00	1.14076	1.14078	1.14075	1.14076	23	0	0
2026.07.22	07:48:00	1.14076	1.14080	1.14076	1.14076	35	0	0
2026.07.22	07:49:00	1.14076	1.14079	1.14076	1.14076	56	0	0
2026.07.22	07:50:00	1.14076	1.14080	1.14072	1.14077	51	0	0
2026.07.22	07:51:00	1.14076	1.14080	1.14076	1.14079	36	0	0
2026.07.22	07:52:00	1.14079	1.14080	1.14076	1.14077	37	0	0
2026.07.22	07:53:00	1.14077	1.14079	1.14072	1.14076	64	0	0
2026.07.22	07:54:00	1.14076	1.14079	1.14075	1.14078	52	0	0
2026.07.22	07:55:00	1.14078	1.14080	1.14074	1.14075	97	0	0
2026.07.22	07:56:00	1.14075	1.14080	1.14074	1.14078	81	0	0
2026.07.22	07:57:00	1.14078	1.14080	1.14075	1.14078	63	0	0
2026.07.22	07:58:00	1.14077	1.14084	1.14075	1.14081	86	0	0
2026.07.22	07:59:00	1.14081	1.14085	1.14080	1.14085	85	0	0
2026.07.22	08:00:00	1.14085	1.14086	1.14081	1.14084	81	0	0
2026.07.22	08:01:00	1.14084	1.14084	1.14075	1.14082	108	0	0
2026.07.22	08:02:00	1.14082	1.14090	1.14081	1.14086	99	0	0
2026.07.22	08:03:00	1.14086	1.14096	1.14082	1.14092	93	0	0
2026.07.22	08:04:00	1.14091	1.14095	1.14090	1.14091	72	0	0
2026.07.22	08:05:00	1.14091	1.14094	1.14083	1.14085	128	0	0
2026.07.22	08:06:00	1.14086	1.14091	1.14085	1.14088	82	0	0
2026.07.22	08:07:00	1.14088	1.14094	1.14086	1.14091	70	0	0
2026.07.22	08:08:00	1.14091	1.14091	1.14080	1.14081	108	0	0
2026.07.22	08:09:00	1.14081	1.14083	1.14079	1.14082	47	0	0
2026.07.22	08:10:00	1.14082	1.14088	1.14080	1.14088	55	0	0
2026.07.22	08:11:00	1.14088	1.14092	1.14085	1.14089	100	0	0
2026.07.22	08:12:00	1.14089	1.14095	1.14085	1.14088	168	0	0
2026.07.22	08:13:00	1.14088	1.14089	1.14077	1.14079	69	0	0
2026.07.22	08:14:00	1.14079	1.14083	1.14076	1.14080	88	0	0
2026.07.22	08:15:00	1.14081	1.14083	1.14077	1.14079	117	0	0
2026.07.22	08:16:00	1.14079	1.14079	1.14072	1.14075	112	0	0
2026.07.22	08:17:00	1.14075	1.14076	1.14072	1.14074	74	0	0
2026.07.22	08:18:00	1.14074	1.14081	1.14073	1.14081	67	0	0
2026.07.22	08:19:00	1.14081	1.14085	1.14080	1.14080	128	0	0
2026.07.22	08:20:00	1.14080	1.14084	1.14079	1.14083	102	0	0
2026.07.22	08:21:00	1.14083	1.14092	1.14080	1.14091	86	0	0
2026.07.22	08:22:00	1.14091	1.14097	1.14089	1.14097	99	0	0
2026.07.22	08:23:00	1.14096	1.14097	1.14088	1.14088	159	0	0
2026.07.22	08:24:00	1.14091	1.14092	1.14085	1.14088	124	0	0
2026.07.22	08:25:00	1.14088	1.14089	1.14083	1.14088	75	0	0
2026.07.22	08:26:00	1.14088	1.14089	1.14081	1.14085	67	0	0
2026.07.22	08:27:00	1.14085	1.14088	1.14075	1.14075	113	0	0
2026.07.22	08:28:00	1.14075	1.14078	1.14070	1.14072	127	0	0
2026.07.22	08:29:00	1.14072	1.14077	1.14070	1.14073	109	0	0
2026.07.22	08:30:00	1.14073	1.14075	1.14068	1.14070	189	0	0
2026.07.22	08:31:00	1.14070	1.14074	1.14066	1.14072	125	0	0
2026.07.22	08:32:00	1.14072	1.14074	1.14066	1.14066	138	0	0
2026.07.22	08:33:00	1.14067	1.14068	1.14056	1.14056	112	0	0
2026.07.22	08:34:00	1.14056	1.14063	1.14054	1.14062	130	0	0
2026.07.22	08:35:00	1.14062	1.14065	1.14060	1.14062	89	0	0
2026.07.22	08:36:00	1.14061	1.14070	1.14060	1.14069	97	0	0
2026.07.22	08:37:00	1.14069	1.14071	1.14065	1.14065	74	0	0
2026.07.22	08:38:00	1.14065	1.14070	1.14065	1.14066	55	0	0
2026.07.22	08:39:00	1.14066	1.14071	1.14065	1.14069	82	0	0
2026.07.22	08:40:00	1.14069	1.14070	1.14064	1.14067	74	0	0
2026.07.22	08:41:00	1.14067	1.14070	1.14061	1.14063	105	0	0
2026.07.22	08:42:00	1.14063	1.14064	1.14055	1.14061	108	0	0
2026.07.22	08:43:00	1.14061	1.14067	1.14060	1.14065	91	0	0
2026.07.22	08:44:00	1.14065	1.14076	1.14065	1.14072	144	0	0
2026.07.22	08:45:00	1.14074	1.14074	1.14066	1.14066	118	0	0
2026.07.22	08:46:00	1.14066	1.14068	1.14059	1.14066	112	0	0
2026.07.22	08:47:00	1.14067	1.14069	1.14065	1.14067	126	0	0
2026.07.22	08:48:00	1.14067	1.14068	1.14064	1.14066	135	0	0
2026.07.22	08:49:00	1.14066	1.14069	1.14061	1.14065	102	0	0
2026.07.22	08:50:00	1.14065	1.14067	1.14062	1.14067	154	0	0
2026.07.22	08:51:00	1.14067	1.14077	1.14067	1.14076	152	0	0
2026.07.22	08:52:00	1.14076	1.14077	1.14070	1.14073	124	0	0
2026.07.22	08:53:00	1.14073	1.14080	1.14071	1.14078	205	0	0
2026.07.22	08:54:00	1.14078	1.14085	1.14075	1.14076	130	0	0
2026.07.22	08:55:00	1.14076	1.14083	1.14070	1.14080	175	0	0
2026.07.22	08:56:00	1.14079	1.14083	1.14074	1.14082	175	0	0
2026.07.22	08:57:00	1.14082	1.14085	1.14077	1.14078	86	0	0
2026.07.22	08:58:00	1.14078	1.14091	1.14076	1.14090	75	0	0
2026.07.22	08:59:00	1.14090	1.14097	1.14089	1.14096	102	0	0
2026.07.22	09:00:00	1.14096	1.14109	1.14088	1.14098	294	0	0
2026.07.22	09:01:00	1.14098	1.14115	1.14097	1.14112	116	0	0
2026.07.22	09:02:00	1.14112	1.14129	1.14112	1.14128	133	0	0
2026.07.22	09:03:00	1.14128	1.14139	1.14121	1.14127	184	0	0
2026.07.22	09:04:00	1.14127	1.14129	1.14118	1.14122	169	0	0
2026.07.22	09:05:00	1.14123	1.14123	1.14105	1.14115	207	0	0
2026.07.22	09:06:00	1.14115	1.14118	1.14106	1.14107	130	0	0
2026.07.22	09:07:00	1.14107	1.14112	1.14104	1.14112	159	0	0
2026.07.22	09:08:00	1.14112	1.14112	1.14102	1.14103	149	0	0
2026.07.22	09:09:00	1.14104	1.14108	1.14103	1.14105	143	0	0
2026.07.22	09:10:00	1.14106	1.14107	1.14099	1.14102	117	0	0
2026.07.22	09:11:00	1.14102	1.14118	1.14101	1.14111	160	0	0
2026.07.22	09:12:00	1.14110	1.14124	1.14105	1.14116	141	0	0
2026.07.22	09:13:00	1.14116	1.14123	1.14115	1.14120	137	0	0
2026.07.22	09:14:00	1.14120	1.14125	1.14110	1.14111	199	0	0
2026.07.22	09:15:00	1.14111	1.14113	1.14105	1.14106	132	0	0
2026.07.22	09:16:00	1.14106	1.14117	1.14105	1.14107	185	0	0
2026.07.22	09:17:00	1.14107	1.14113	1.14106	1.14112	131	0	0
2026.07.22	09:18:00	1.14112	1.14113	1.14105	1.14107	200	0	0
2026.07.22	09:19:00	1.14106	1.14117	1.14104	1.14114	278	0	0
2026.07.22	09:20:00	1.14114	1.14122	1.14104	1.14105	221	0	0
2026.07.22	09:21:00	1.14105	1.14112	1.14103	1.14105	170	0	0
2026.07.22	09:22:00	1.14105	1.14124	1.14103	1.14115	166	0	0
2026.07.22	09:23:00	1.14115	1.14121	1.14110	1.14115	153	0	0
2026.07.22	09:24:00	1.14115	1.14118	1.14105	1.14106	216	0	0
2026.07.22	09:25:00	1.14107	1.14108	1.14102	1.14102	169	0	0
2026.07.22	09:26:00	1.14102	1.14104	1.14094	1.14099	211	0	0
2026.07.22	09:27:00	1.14099	1.14101	1.14092	1.14094	176	0	0
2026.07.22	09:28:00	1.14094	1.14095	1.14080	1.14083	195	0	0
2026.07.22	09:29:00	1.14083	1.14085	1.14075	1.14084	245	0	0
2026.07.22	09:30:00	1.14084	1.14091	1.14071	1.14074	238	0	0
2026.07.22	09:31:00	1.14074	1.14091	1.14074	1.14090	122	0	0
2026.07.22	09:32:00	1.14090	1.14106	1.14089	1.14105	166	0	0
2026.07.22	09:33:00	1.14105	1.14107	1.14096	1.14099	142	0	0
2026.07.22	09:34:00	1.14099	1.14113	1.14099	1.14106	198	0	0
2026.07.22	09:35:00	1.14106	1.14116	1.14105	1.14110	157	0	0
2026.07.22	09:36:00	1.14112	1.14113	1.14105	1.14109	157	0	0
2026.07.22	09:37:00	1.14109	1.14109	1.14096	1.14099	140	0	0
2026.07.22	09:38:00	1.14099	1.14100	1.14089	1.14093	140	0	0
2026.07.22	09:39:00	1.14092	1.14097	1.14089	1.14093	153	0	0
2026.07.22	09:40:00	1.14093	1.14096	1.14088	1.14092	126	0	0
2026.07.22	09:41:00	1.14091	1.14119	1.14090	1.14116	111	0	0
2026.07.22	09:42:00	1.14115	1.14116	1.14107	1.14110	94	0	0
2026.07.22	09:43:00	1.14111	1.14116	1.14107	1.14114	122	0	0
2026.07.22	09:44:00	1.14114	1.14115	1.14108	1.14112	85	0	0
2026.07.22	09:45:00	1.14111	1.14124	1.14111	1.14121	127	0	0
2026.07.22	09:46:00	1.14121	1.14121	1.14112	1.14112	105	0	0
2026.07.22	09:47:00	1.14112	1.14117	1.14108	1.14112	104	0	0
2026.07.22	09:48:00	1.14112	1.14112	1.14106	1.14110	79	0	0
2026.07.22	09:49:00	1.14110	1.14119	1.14105	1.14116	82	0	0
2026.07.22	09:50:00	1.14116	1.14118	1.14109	1.14112	122	0	0
2026.07.22	09:51:00	1.14112	1.14118	1.14095	1.14116	167	0	0
2026.07.22	09:52:00	1.14116	1.14121	1.14113	1.14120	77	0	0
2026.07.22	09:53:00	1.14120	1.14121	1.14110	1.14111	98	0	0
2026.07.22	09:54:00	1.14111	1.14113	1.14101	1.14103	141	0	0
2026.07.22	09:55:00	1.14102	1.14102	1.14082	1.14097	226	0	0
2026.07.22	09:56:00	1.14097	1.14104	1.14093	1.14100	140	0	0
2026.07.22	09:57:00	1.14100	1.14103	1.14091	1.14097	172	0	0
2026.07.22	09:58:00	1.14097	1.14112	1.14094	1.14107	195	0	0
2026.07.22	09:59:00	1.14107	1.14123	1.14104	1.14120	202	0	0
2026.07.22	10:00:00	1.14119	1.14124	1.14108	1.14117	307	0	0
2026.07.22	10:01:00	1.14117	1.14119	1.14103	1.14106	207	0	0
2026.07.22	10:02:00	1.14106	1.14109	1.14088	1.14091	229	0	0
2026.07.22	10:03:00	1.14091	1.14099	1.14086	1.14092	198	0	0
2026.07.22	10:04:00	1.14092	1.14103	1.14088	1.14102	141	0	0
2026.07.22	10:05:00	1.14102	1.14104	1.14094	1.14096	163	0	0
2026.07.22	10:06:00	1.14096	1.14101	1.14089	1.14099	176	0	0
2026.07.22	10:07:00	1.14099	1.14113	1.14099	1.14113	138	0	0
2026.07.22	10:08:00	1.14113	1.14119	1.14109	1.14110	148	0	0
2026.07.22	10:09:00	1.14110	1.14122	1.14109	1.14121	109	0	0
2026.07.22	10:10:00	1.14121	1.14125	1.14116	1.14123	128	0	0
2026.07.22	10:11:00	1.14123	1.14123	1.14110	1.14111	145	0	0
2026.07.22	10:12:00	1.14111	1.14123	1.14109	1.14115	99	0	0
2026.07.22	10:13:00	1.14114	1.14116	1.14108	1.14108	101	0	0
2026.07.22	10:14:00	1.14108	1.14131	1.14108	1.14125	116	0	0
2026.07.22	10:15:00	1.14125	1.14127	1.14109	1.14109	181	0	0
2026.07.22	10:16:00	1.14109	1.14119	1.14107	1.14115	181	0	0
2026.07.22	10:17:00	1.14114	1.14118	1.14109	1.14112	168	0	0
2026.07.22	10:18:00	1.14112	1.14133	1.14111	1.14131	134	0	0
2026.07.22	10:19:00	1.14131	1.14139	1.14129	1.14137	163	0	0
2026.07.22	10:20:00	1.14137	1.14147	1.14134	1.14145	132	0	0
2026.07.22	10:21:00	1.14145	1.14151	1.14136	1.14139	162	0	0
2026.07.22	10:22:00	1.14139	1.14142	1.14135	1.14136	180	0	0
2026.07.22	10:23:00	1.14135	1.14138	1.14121	1.14130	146	0	0
2026.07.22	10:24:00	1.14130	1.14132	1.14123	1.14123	189	0	0
2026.07.22	10:25:00	1.14123	1.14132	1.14121	1.14125	153	0	0
2026.07.22	10:26:00	1.14125	1.14131	1.14121	1.14129	137	0	0
2026.07.22	10:27:00	1.14129	1.14138	1.14127	1.14136	157	0	0
2026.07.22	10:28:00	1.14136	1.14137	1.14126	1.14130	178	0	0
2026.07.22	10:29:00	1.14130	1.14134	1.14125	1.14131	163	0	0
2026.07.22	10:30:00	1.14130	1.14185	1.14128	1.14159	782	0	0
2026.07.22	10:31:00	1.14159	1.14179	1.14156	1.14175	391	0	0
2026.07.22	10:32:00	1.14175	1.14175	1.14149	1.14150	257	0	0
2026.07.22	10:33:00	1.14150	1.14157	1.14145	1.14148	192	0	0
2026.07.22	10:34:00	1.14148	1.14151	1.14136	1.14140	223	0	0
2026.07.22	10:35:00	1.14140	1.14143	1.14135	1.14143	157	0	0
2026.07.22	10:36:00	1.14143	1.14152	1.14137	1.14137	149	0	0
2026.07.22	10:37:00	1.14137	1.14144	1.14127	1.14144	248	0	0
2026.07.22	10:38:00	1.14144	1.14144	1.14128	1.14129	244	0	0
2026.07.22	10:39:00	1.14129	1.14132	1.14110	1.14110	218	0	0
2026.07.22	10:40:00	1.14110	1.14114	1.14091	1.14097	211	0	0
2026.07.22	10:41:00	1.14097	1.14098	1.14076	1.14077	204	0	0
2026.07.22	10:42:00	1.14077	1.14080	1.14071	1.14072	186	0	0
2026.07.22	10:43:00	1.14072	1.14078	1.14067	1.14072	143	0	0
2026.07.22	10:44:00	1.14072	1.14076	1.14056	1.14066	150	0	0
2026.07.22	10:45:00	1.14066	1.14070	1.14048	1.14053	189	0	0
2026.07.22	10:46:00	1.14053	1.14056	1.14045	1.14046	177	0	0
2026.07.22	10:47:00	1.14046	1.14049	1.14034	1.14038	151	0	0
2026.07.22	10:48:00	1.14038	1.14061	1.14036	1.14050	268	0	0
2026.07.22	10:49:00	1.14050	1.14058	1.14043	1.14058	161	0	0
2026.07.22	10:50:00	1.14058	1.14068	1.14054	1.14063	233	0	0
2026.07.22	10:51:00	1.14063	1.14072	1.14060	1.14069	216	0	0
2026.07.22	10:52:00	1.14069	1.14069	1.14055	1.14066	141	0	0
2026.07.22	10:53:00	1.14066	1.14091	1.14065	1.14083	228	0	0
2026.07.22	10:54:00	1.14083	1.14101	1.14075	1.14100	205	0	0
2026.07.22	10:55:00	1.14100	1.14100	1.14095	1.14099	135	0	0
2026.07.22	10:56:00	1.14099	1.14110	1.14092	1.14102	207	0	0
2026.07.22	10:57:00	1.14102	1.14113	1.14100	1.14108	194	0	0
2026.07.22	10:58:00	1.14108	1.14108	1.14092	1.14094	214	0	0
2026.07.22	10:59:00	1.14093	1.14097	1.14089	1.14095	189	0	0
2026.07.22	11:00:00	1.14095	1.14104	1.14085	1.14086	371	0	0
2026.07.22	11:01:00	1.14086	1.14092	1.14080	1.14080	230	0	0
2026.07.22	11:02:00	1.14081	1.14085	1.14075	1.14082	200	0	0
2026.07.22	11:03:00	1.14082	1.14091	1.14078	1.14086	161	0	0
2026.07.22	11:04:00	1.14086	1.14098	1.14071	1.14077	254	0	0
2026.07.22	11:05:00	1.14077	1.14078	1.14066	1.14072	176	0	0
2026.07.22	11:06:00	1.14071	1.14082	1.14070	1.14071	195	0	0
2026.07.22	11:07:00	1.14071	1.14075	1.14065	1.14067	240	0	0
2026.07.22	11:08:00	1.14067	1.14076	1.14053	1.14057	231	0	0
2026.07.22	11:09:00	1.14057	1.14073	1.14055	1.14066	260	0	0
2026.07.22	11:10:00	1.14066	1.14074	1.14056	1.14065	214	0	0
2026.07.22	11:11:00	1.14065	1.14070	1.14054	1.14055	190	0	0
2026.07.22	11:12:00	1.14055	1.14072	1.14052	1.14063	188	0	0
2026.07.22	11:13:00	1.14064	1.14075	1.14060	1.14071	230	0	0
2026.07.22	11:14:00	1.14071	1.14074	1.14052	1.14052	185	0	0
2026.07.22	11:15:00	1.14052	1.14055	1.14039	1.14046	199	0	0
2026.07.22	11:16:00	1.14046	1.14059	1.14044	1.14058	186	0	0
2026.07.22	11:17:00	1.14059	1.14069	1.14056	1.14068	142	0	0
2026.07.22	11:18:00	1.14068	1.14068	1.14056	1.14064	154	0	0
2026.07.22	11:19:00	1.14064	1.14070	1.14051	1.14055	128	0	0
2026.07.22	11:20:00	1.14055	1.14065	1.14051	1.14063	126	0	0
2026.07.22	11:21:00	1.14062	1.14069	1.14061	1.14064	102	0	0
2026.07.22	11:22:00	1.14064	1.14075	1.14064	1.14071	128	0	0
2026.07.22	11:23:00	1.14073	1.14086	1.14071	1.14085	122	0	0
2026.07.22	11:24:00	1.14085	1.14091	1.14081	1.14090	101	0	0
2026.07.22	11:25:00	1.14089	1.14090	1.14085	1.14086	145	0	0
2026.07.22	11:26:00	1.14086	1.14099	1.14076	1.14081	177	0	0
2026.07.22	11:27:00	1.14081	1.14084	1.14063	1.14071	210	0	0
2026.07.22	11:28:00	1.14071	1.14083	1.14070	1.14082	191	0	0
2026.07.22	11:29:00	1.14082	1.14086	1.14078	1.14084	187	0	0
2026.07.22	11:30:00	1.14084	1.14104	1.14083	1.14100	247	0	0
2026.07.22	11:31:00	1.14102	1.14118	1.14098	1.14115	251	0	0
2026.07.22	11:32:00	1.14115	1.14120	1.14103	1.14103	209	0	0
2026.07.22	11:33:00	1.14102	1.14108	1.14100	1.14106	226	0	0
2026.07.22	11:34:00	1.14106	1.14114	1.14101	1.14104	177	0	0
2026.07.22	11:35:00	1.14104	1.14110	1.14101	1.14107	233	0	0
2026.07.22	11:36:00	1.14107	1.14111	1.14101	1.14104	211	0	0
2026.07.22	11:37:00	1.14104	1.14109	1.14101	1.14101	202	0	0
2026.07.22	11:38:00	1.14102	1.14117	1.14098	1.14114	137	0	0
2026.07.22	11:39:00	1.14114	1.14115	1.14104	1.14106	94	0	0
2026.07.22	11:40:00	1.14106	1.14116	1.14105	1.14114	158	0	0
2026.07.22	11:41:00	1.14114	1.14126	1.14112	1.14118	206	0	0
2026.07.22	11:42:00	1.14118	1.14118	1.14105	1.14109	201	0	0
2026.07.22	11:43:00	1.14107	1.14116	1.14105	1.14111	237	0	0
2026.07.22	11:44:00	1.14111	1.14125	1.14111	1.14113	148	0	0
2026.07.22	11:45:00	1.14113	1.14118	1.14101	1.14107	224	0	0
2026.07.22	11:46:00	1.14107	1.14124	1.14106	1.14117	205	0	0
2026.07.22	11:47:00	1.14119	1.14123	1.14106	1.14112	199	0	0
2026.07.22	11:48:00	1.14112	1.14112	1.14088	1.14091	135	0	0
2026.07.22	11:49:00	1.14090	1.14098	1.14090	1.14093	140	0	0
2026.07.22	11:50:00	1.14093	1.14095	1.14088	1.14088	148	0	0
2026.07.22	11:51:00	1.14088	1.14092	1.14082	1.14086	166	0	0
2026.07.22	11:52:00	1.14085	1.14095	1.14081	1.14086	171	0	0
2026.07.22	11:53:00	1.14086	1.14095	1.14086	1.14095	132	0	0
2026.07.22	11:54:00	1.14095	1.14095	1.14087	1.14091	133	0	0
2026.07.22	11:55:00	1.14092	1.14095	1.14085	1.14094	134	0	0
2026.07.22	11:56:00	1.14094	1.14100	1.14089	1.14089	146	0	0
2026.07.22	11:57:00	1.14089	1.14099	1.14085	1.14096	144	0	0
2026.07.22	11:58:00	1.14096	1.14106	1.14096	1.14098	167	0	0
2026.07.22	11:59:00	1.14098	1.14104	1.14092	1.14100	136	0	0
2026.07.22	12:00:00	1.14099	1.14113	1.14097	1.14111	240	0	0
2026.07.22	12:01:00	1.14111	1.14119	1.14106	1.14113	188	0	0
2026.07.22	12:02:00	1.14111	1.14114	1.14106	1.14112	141	0	0
2026.07.22	12:03:00	1.14112	1.14117	1.14102	1.14102	220	0	0
2026.07.22	12:04:00	1.14102	1.14116	1.14102	1.14114	215	0	0
2026.07.22	12:05:00	1.14114	1.14114	1.14102	1.14114	178	0	0
2026.07.22	12:06:00	1.14114	1.14115	1.14102	1.14107	106	0	0
2026.07.22	12:07:00	1.14107	1.14122	1.14105	1.14121	157	0	0
2026.07.22	12:08:00	1.14121	1.14124	1.14111	1.14117	196	0	0
2026.07.22	12:09:00	1.14117	1.14120	1.14110	1.14117	160	0	0
2026.07.22	12:10:00	1.14116	1.14120	1.14114	1.14115	179	0	0
2026.07.22	12:11:00	1.14114	1.14120	1.14103	1.14104	188	0	0
2026.07.22	12:12:00	1.14105	1.14106	1.14081	1.14085	177	0	0
2026.07.22	12:13:00	1.14085	1.14104	1.14081	1.14100	177	0	0
2026.07.22	12:14:00	1.14099	1.14103	1.14093	1.14095	146	0	0
2026.07.22	12:15:00	1.14096	1.14096	1.14088	1.14091	117	0	0
2026.07.22	12:16:00	1.14091	1.14095	1.14084	1.14090	156	0	0
2026.07.22	12:17:00	1.14088	1.14095	1.14084	1.14090	145	0	0
2026.07.22	12:18:00	1.14090	1.14098	1.14088	1.14094	157	0	0
2026.07.22	12:19:00	1.14094	1.14099	1.14092	1.14098	175	0	0
2026.07.22	12:20:00	1.14098	1.14103	1.14089	1.14098	199	0	0
2026.07.22	12:21:00	1.14099	1.14099	1.14085	1.14085	167	0	0
2026.07.22	12:22:00	1.14085	1.14091	1.14080	1.14086	156	0	0
2026.07.22	12:23:00	1.14086	1.14091	1.14076	1.14086	208	0	0
2026.07.22	12:24:00	1.14086	1.14093	1.14084	1.14092	84	0	0
2026.07.22	12:25:00	1.14092	1.14098	1.14087	1.14091	112	0	0
2026.07.22	12:26:00	1.14091	1.14095	1.14084	1.14085	112	0	0
2026.07.22	12:27:00	1.14086	1.14093	1.14085	1.14089	155	0	0
2026.07.22	12:28:00	1.14089	1.14096	1.14088	1.14093	142	0	0
2026.07.22	12:29:00	1.14093	1.14095	1.14082	1.14094	176	0	0
2026.07.22	12:30:00	1.14094	1.14098	1.14084	1.14086	242	0	0
2026.07.22	12:31:00	1.14087	1.14095	1.14087	1.14090	154	0	0
2026.07.22	12:32:00	1.14091	1.14110	1.14091	1.14100	185	0	0
2026.07.22	12:33:00	1.14102	1.14121	1.14099	1.14119	210	0	0
2026.07.22	12:34:00	1.14119	1.14135	1.14117	1.14130	195	0	0
2026.07.22	12:35:00	1.14130	1.14131	1.14123	1.14124	165	0	0
2026.07.22	12:36:00	1.14124	1.14130	1.14119	1.14120	193	0	0
2026.07.22	12:37:00	1.14121	1.14128	1.14116	1.14127	157	0	0
2026.07.22	12:38:00	1.14127	1.14128	1.14117	1.14123	173	0	0
2026.07.22	12:39:00	1.14121	1.14123	1.14111	1.14114	144	0	0
2026.07.22	12:40:00	1.14114	1.14119	1.14107	1.14107	213	0	0
2026.07.22	12:41:00	1.14108	1.14110	1.14085	1.14091	239	0	0
2026.07.22	12:42:00	1.14091	1.14094	1.14087	1.14091	164	0	0
2026.07.22	12:43:00	1.14091	1.14097	1.14090	1.14090	160	0	0
2026.07.22	12:44:00	1.14089	1.14092	1.14085	1.14086	96	0	0
2026.07.22	12:45:00	1.14086	1.14095	1.14084	1.14089	139	0	0
2026.07.22	12:46:00	1.14089	1.14092	1.14081	1.14083	125	0	0
2026.07.22	12:47:00	1.14084	1.14095	1.14083	1.14089	222	0	0
2026.07.22	12:48:00	1.14089	1.14090	1.14076	1.14077	183	0	0
2026.07.22	12:49:00	1.14077	1.14080	1.14068	1.14072	173	0	0
2026.07.22	12:50:00	1.14072	1.14073	1.14058	1.14060	135	0	0
2026.07.22	12:51:00	1.14060	1.14066	1.14049	1.14053	197	0	0
2026.07.22	12:52:00	1.14053	1.14059	1.14050	1.14052	202	0	0
2026.07.22	12:53:00	1.14052	1.14057	1.14045	1.14053	223	0	0
2026.07.22	12:54:00	1.14053	1.14064	1.14050	1.14064	183	0	0
2026.07.22	12:55:00	1.14064	1.14069	1.14054	1.14059	194	0	0
2026.07.22	12:56:00	1.14059	1.14064	1.14055	1.14061	230	0	0
2026.07.22	12:57:00	1.14061	1.14061	1.14045	1.14050	147	0	0
2026.07.22	12:58:00	1.14050	1.14053	1.14044	1.14045	128	0	0
2026.07.22	12:59:00	1.14045	1.14051	1.14042	1.14048	142	0	0
2026.07.22	13:00:00	1.14048	1.14055	1.14042	1.14049	193	0	0
2026.07.22	13:01:00	1.14050	1.14057	1.14042	1.14055	155	0	0
2026.07.22	13:02:00	1.14055	1.14060	1.14049	1.14051	183	0	0
2026.07.22	13:03:00	1.14050	1.14051	1.14022	1.14025	197	0	0
2026.07.22	13:04:00	1.14025	1.14027	1.14014	1.14016	102	0	0
2026.07.22	13:05:00	1.14016	1.14021	1.14004	1.14020	156	0	0
2026.07.22	13:06:00	1.14020	1.14025	1.14017	1.14024	118	0	0
2026.07.22	13:07:00	1.14025	1.14033	1.14024	1.14030	127	0	0
2026.07.22	13:08:00	1.14030	1.14035	1.14017	1.14018	152	0	0
2026.07.22	13:09:00	1.14018	1.14020	1.14011	1.14015	119	0	0
2026.07.22	13:10:00	1.14015	1.14024	1.14014	1.14017	195	0	0
2026.07.22	13:11:00	1.14017	1.14027	1.14015	1.14027	198	0	0
2026.07.22	13:12:00	1.14027	1.14035	1.14027	1.14030	176	0	0
2026.07.22	13:13:00	1.14029	1.14036	1.14029	1.14034	117	0	0
2026.07.22	13:14:00	1.14034	1.14041	1.14028	1.14029	200	0	0
2026.07.22	13:15:00	1.14029	1.14033	1.14023	1.14025	159	0	0
2026.07.22	13:16:00	1.14025	1.14037	1.14022	1.14030	198	0	0
2026.07.22	13:17:00	1.14030	1.14043	1.14030	1.14040	126	0	0
2026.07.22	13:18:00	1.14040	1.14052	1.14040	1.14050	125	0	0
2026.07.22	13:19:00	1.14049	1.14061	1.14048	1.14059	100	0	0
2026.07.22	13:20:00	1.14059	1.14070	1.14058	1.14062	242	0	0
2026.07.22	13:21:00	1.14062	1.14068	1.14059	1.14064	131	0	0
2026.07.22	13:22:00	1.14064	1.14069	1.14060	1.14065	143	0	0
2026.07.22	13:23:00	1.14065	1.14071	1.14059	1.14069	207	0	0
2026.07.22	13:24:00	1.14069	1.14077	1.14066	1.14069	226	0	0
2026.07.22	13:25:00	1.14069	1.14069	1.14057	1.14060	189	0	0
2026.07.22	13:26:00	1.14060	1.14065	1.14058	1.14060	194	0	0
2026.07.22	13:27:00	1.14060	1.14063	1.14057	1.14057	120	0	0
2026.07.22	13:28:00	1.14057	1.14062	1.14054	1.14055	190	0	0
2026.07.22	13:29:00	1.14055	1.14058	1.14050	1.14051	156	0	0
2026.07.22	13:30:00	1.14051	1.14056	1.14047	1.14051	78	0	0
2026.07.22	13:31:00	1.14051	1.14053	1.14042	1.14043	118	0	0
2026.07.22	13:32:00	1.14043	1.14054	1.14043	1.14052	101	0	0
2026.07.22	13:33:00	1.14052	1.14057	1.14051	1.14057	122	0	0
2026.07.22	13:34:00	1.14057	1.14063	1.14050	1.14051	121	0	0
2026.07.22	13:35:00	1.14051	1.14051	1.14036	1.14047	144	0	0
2026.07.22	13:36:00	1.14046	1.14058	1.14044	1.14054	139	0	0
2026.07.22	13:37:00	1.14054	1.14057	1.14046	1.14055	121	0	0
2026.07.22	13:38:00	1.14054	1.14060	1.14053	1.14056	82	0	0
2026.07.22	13:39:00	1.14056	1.14058	1.14047	1.14054	161	0	0
2026.07.22	13:40:00	1.14053	1.14054	1.14040	1.14045	161	0	0
2026.07.22	13:41:00	1.14045	1.14048	1.14034	1.14037	170	0	0
2026.07.22	13:42:00	1.14037	1.14042	1.14036	1.14039	122	0	0
2026.07.22	13:43:00	1.14039	1.14043	1.14039	1.14042	85	0	0
2026.07.22	13:44:00	1.14041	1.14054	1.14039	1.14052	109	0	0
2026.07.22	13:45:00	1.14052	1.14055	1.14045	1.14055	168	0	0
2026.07.22	13:46:00	1.14055	1.14057	1.14049	1.14052	167	0	0
2026.07.22	13:47:00	1.14052	1.14060	1.14051	1.14052	165	0	0
2026.07.22	13:48:00	1.14052	1.14063	1.14051	1.14060	171	0	0
2026.07.22	13:49:00	1.14060	1.14063	1.14056	1.14061	187	0	0
2026.07.22	13:50:00	1.14061	1.14070	1.14059	1.14069	100	0	0
2026.07.22	13:51:00	1.14069	1.14069	1.14053	1.14065	181	0	0
2026.07.22	13:52:00	1.14064	1.14072	1.14063	1.14068	135	0	0
2026.07.22	13:53:00	1.14068	1.14071	1.14058	1.14059	186	0	0
2026.07.22	13:54:00	1.14059	1.14061	1.14054	1.14057	149	0	0
2026.07.22	13:55:00	1.14058	1.14067	1.14058	1.14060	239	0	0
2026.07.22	13:56:00	1.14060	1.14065	1.14057	1.14060	139	0	0
2026.07.22	13:57:00	1.14060	1.14061	1.14050	1.14053	137	0	0
2026.07.22	13:58:00	1.14052	1.14068	1.14044	1.14045	185	0	0
2026.07.22	13:59:00	1.14044	1.14046	1.14027	1.14035	154	0	0
2026.07.22	14:00:00	1.14037	1.14041	1.14026	1.14030	182	0	0
2026.07.22	14:01:00	1.14030	1.14045	1.14028	1.14040	163	0	0
2026.07.22	14:02:00	1.14040	1.14043	1.14032	1.14033	234	0	0
2026.07.22	14:03:00	1.14033	1.14051	1.14032	1.14042	253	0	0
2026.07.22	14:04:00	1.14042	1.14046	1.14026	1.14031	164	0	0
2026.07.22	14:05:00	1.14031	1.14041	1.14030	1.14037	161	0	0
2026.07.22	14:06:00	1.14036	1.14043	1.14029	1.14041	156	0	0
2026.07.22	14:07:00	1.14041	1.14042	1.14030	1.14040	154	0	0
2026.07.22	14:08:00	1.14040	1.14041	1.14028	1.14028	134	0	0
2026.07.22	14:09:00	1.14028	1.14046	1.14028	1.14044	107	0	0
2026.07.22	14:10:00	1.14044	1.14047	1.14042	1.14046	134	0	0
2026.07.22	14:11:00	1.14046	1.14047	1.14041	1.14044	101	0	0
2026.07.22	14:12:00	1.14044	1.14050	1.14039	1.14047	145	0	0
2026.07.22	14:13:00	1.14048	1.14051	1.14040	1.14045	196	0	0
2026.07.22	14:14:00	1.14045	1.14048	1.14040	1.14045	175	0	0
2026.07.22	14:15:00	1.14045	1.14062	1.14043	1.14055	141	0	0
2026.07.22	14:16:00	1.14055	1.14065	1.14054	1.14061	113	0	0
2026.07.22	14:17:00	1.14061	1.14063	1.14055	1.14056	140	0	0
2026.07.22	14:18:00	1.14056	1.14063	1.14043	1.14049	155	0	0
2026.07.22	14:19:00	1.14049	1.14050	1.14032	1.14034	156	0	0
2026.07.22	14:20:00	1.14034	1.14048	1.14034	1.14044	118	0	0
2026.07.22	14:21:00	1.14045	1.14050	1.14043	1.14048	133	0	0
2026.07.22	14:22:00	1.14048	1.14056	1.14045	1.14053	110	0	0
2026.07.22	14:23:00	1.14053	1.14055	1.14044	1.14047	115	0	0
2026.07.22	14:24:00	1.14047	1.14051	1.14038	1.14039	73	0	0
2026.07.22	14:25:00	1.14039	1.14040	1.14030	1.14030	123	0	0
2026.07.22	14:26:00	1.14031	1.14032	1.14025	1.14027	153	0	0
2026.07.22	14:27:00	1.14027	1.14035	1.14026	1.14028	115	0	0
2026.07.22	14:28:00	1.14028	1.14043	1.14024	1.14042	145	0	0
2026.07.22	14:29:00	1.14042	1.14048	1.14038	1.14042	145	0	0
2026.07.22	14:30:00	1.14042	1.14048	1.14038	1.14046	153	0	0
2026.07.22	14:31:00	1.14046	1.14057	1.14046	1.14052	168	0	0
2026.07.22	14:32:00	1.14052	1.14063	1.14051	1.14058	157	0	0
2026.07.22	14:33:00	1.14058	1.14061	1.14052	1.14056	131	0	0
2026.07.22	14:34:00	1.14056	1.14058	1.14049	1.14054	140	0	0
2026.07.22	14:35:00	1.14054	1.14062	1.14043	1.14044	159	0	0
2026.07.22	14:36:00	1.14044	1.14052	1.14043	1.14047	135	0	0
2026.07.22	14:37:00	1.14047	1.14055	1.14044	1.14045	158	0	0
2026.07.22	14:38:00	1.14045	1.14061	1.14044	1.14057	172	0	0
2026.07.22	14:39:00	1.14058	1.14067	1.14051	1.14064	168	0	0
2026.07.22	14:40:00	1.14064	1.14067	1.14050	1.14052	167	0	0
2026.07.22	14:41:00	1.14052	1.14059	1.14037	1.14057	437	0	0
2026.07.22	14:42:00	1.14057	1.14059	1.14038	1.14049	308	0	0
2026.07.22	14:43:00	1.14049	1.14052	1.14033	1.14035	432	0	0
2026.07.22	14:44:00	1.14035	1.14059	1.14035	1.14051	197	0	0
2026.07.22	14:45:00	1.14051	1.14057	1.14046	1.14054	167	0	0
2026.07.22	14:46:00	1.14054	1.14057	1.14039	1.14050	244	0	0
2026.07.22	14:47:00	1.14052	1.14075	1.14049	1.14071	255	0	0
2026.07.22	14:48:00	1.14071	1.14073	1.14062	1.14064	219	0	0
2026.07.22	14:49:00	1.14065	1.14072	1.14053	1.14053	210	0	0
2026.07.22	14:50:00	1.14053	1.14059	1.14052	1.14057	198	0	0
2026.07.22	14:51:00	1.14057	1.14062	1.14047	1.14058	259	0	0
2026.07.22	14:52:00	1.14058	1.14058	1.14042	1.14044	173	0	0
2026.07.22	14:53:00	1.14045	1.14054	1.14044	1.14050	130	0	0
2026.07.22	14:54:00	1.14050	1.14056	1.14046	1.14051	146	0	0
2026.07.22	14:55:00	1.14051	1.14054	1.14045	1.14049	192	0	0
2026.07.22	14:56:00	1.14049	1.14063	1.14048	1.14060	255	0	0
2026.07.22	14:57:00	1.14062	1.14066	1.14045	1.14057	281	0	0
2026.07.22	14:58:00	1.14057	1.14068	1.14055	1.14058	196	0	0
2026.07.22	14:59:00	1.14059	1.14073	1.14057	1.14068	150	0	0
2026.07.22	15:00:00	1.14069	1.14080	1.14066	1.14075	304	0	0
2026.07.22	15:01:00	1.14075	1.14091	1.14075	1.14083	276	0	0
2026.07.22	15:02:00	1.14083	1.14095	1.14076	1.14090	224	0	0
2026.07.22	15:03:00	1.14090	1.14091	1.14079	1.14084	179	0	0
2026.07.22	15:04:00	1.14083	1.14088	1.14073	1.14083	164	0	0
2026.07.22	15:05:00	1.14083	1.14104	1.14082	1.14097	216	0	0
2026.07.22	15:06:00	1.14097	1.14101	1.14088	1.14088	177	0	0
2026.07.22	15:07:00	1.14088	1.14095	1.14082	1.14082	272	0	0
2026.07.22	15:08:00	1.14083	1.14090	1.14081	1.14088	211	0	0
2026.07.22	15:09:00	1.14087	1.14090	1.14074	1.14079	218	0	0
2026.07.22	15:10:00	1.14079	1.14091	1.14079	1.14088	187	0	0
2026.07.22	15:11:00	1.14088	1.14104	1.14088	1.14103	169	0	0
2026.07.22	15:12:00	1.14102	1.14105	1.14094	1.14099	194	0	0
2026.07.22	15:13:00	1.14099	1.14109	1.14098	1.14102	210	0	0
2026.07.22	15:14:00	1.14100	1.14116	1.14095	1.14113	182	0	0
2026.07.22	15:15:00	1.14113	1.14117	1.14098	1.14106	215	0	0
2026.07.22	15:16:00	1.14106	1.14107	1.14100	1.14106	152	0	0
2026.07.22	15:17:00	1.14106	1.14108	1.14097	1.14102	167	0	0
2026.07.22	15:18:00	1.14102	1.14110	1.14100	1.14108	277	0	0
2026.07.22	15:19:00	1.14108	1.14118	1.14101	1.14105	188	0	0
2026.07.22	15:20:00	1.14105	1.14110	1.14100	1.14104	182	0	0
2026.07.22	15:21:00	1.14104	1.14105	1.14097	1.14098	213	0	0
2026.07.22	15:22:00	1.14099	1.14108	1.14098	1.14102	184	0	0
2026.07.22	15:23:00	1.14102	1.14102	1.14087	1.14093	197	0	0
2026.07.22	15:24:00	1.14093	1.14100	1.14091	1.14093	164	0	0
2026.07.22	15:25:00	1.14094	1.14103	1.14091	1.14099	203	0	0
2026.07.22	15:26:00	1.14098	1.14100	1.14090	1.14097	159	0	0
2026.07.22	15:27:00	1.14097	1.14104	1.14089	1.14102	198	0	0
2026.07.22	15:28:00	1.14102	1.14108	1.14099	1.14100	178	0	0
2026.07.22	15:29:00	1.14100	1.14104	1.14096	1.14102	188	0	0
2026.07.22	15:30:00	1.14102	1.14116	1.14100	1.14113	285	0	0
2026.07.22	15:31:00	1.14113	1.14118	1.14111	1.14117	184	0	0
2026.07.22	15:32:00	1.14117	1.14120	1.14113	1.14118	177	0	0
2026.07.22	15:33:00	1.14118	1.14133	1.14117	1.14131	150	0	0
2026.07.22	15:34:00	1.14130	1.14138	1.14128	1.14128	191	0	0
2026.07.22	15:35:00	1.14128	1.14134	1.14125	1.14132	174	0	0
2026.07.22	15:36:00	1.14132	1.14139	1.14128	1.14131	218	0	0
2026.07.22	15:37:00	1.14131	1.14135	1.14124	1.14124	186	0	0
2026.07.22	15:38:00	1.14124	1.14132	1.14118	1.14130	203	0	0
2026.07.22	15:39:00	1.14130	1.14132	1.14122	1.14123	148	0	0
2026.07.22	15:40:00	1.14123	1.14123	1.14112	1.14112	155	0	0
2026.07.22	15:41:00	1.14113	1.14118	1.14108	1.14110	184	0	0
2026.07.22	15:42:00	1.14110	1.14123	1.14108	1.14113	202	0	0
2026.07.22	15:43:00	1.14113	1.14117	1.14107	1.14109	141	0	0
2026.07.22	15:44:00	1.14109	1.14115	1.14108	1.14113	162	0	0
2026.07.22	15:45:00	1.14113	1.14113	1.14089	1.14095	251	0	0
2026.07.22	15:46:00	1.14096	1.14103	1.14085	1.14088	189	0	0
2026.07.22	15:47:00	1.14088	1.14089	1.14076	1.14076	145	0	0
2026.07.22	15:48:00	1.14076	1.14083	1.14067	1.14080	297	0	0
2026.07.22	15:49:00	1.14080	1.14088	1.14079	1.14088	176	0	0
2026.07.22	15:50:00	1.14088	1.14098	1.14080	1.14091	212	0	0
2026.07.22	15:51:00	1.14091	1.14097	1.14089	1.14094	129	0	0
2026.07.22	15:52:00	1.14094	1.14109	1.14094	1.14106	204	0	0
2026.07.22	15:53:00	1.14106	1.14111	1.14103	1.14108	94	0	0
2026.07.22	15:54:00	1.14108	1.14110	1.14099	1.14105	135	0	0
2026.07.22	15:55:00	1.14105	1.14107	1.14098	1.14104	119	0	0
2026.07.22	15:56:00	1.14104	1.14104	1.14038	1.14054	262	0	0
2026.07.22	15:57:00	1.14054	1.14085	1.14054	1.14083	471	0	0
2026.07.22	15:58:00	1.14083	1.14091	1.14080	1.14085	251	0	0
2026.07.22	15:59:00	1.14085	1.14095	1.14071	1.14078	245	0	0
2026.07.22	16:00:00	1.14078	1.14088	1.14075	1.14082	260	0	0
2026.07.22	16:01:00	1.14082	1.14089	1.14073	1.14083	273	0	0
2026.07.22	16:02:00	1.14082	1.14107	1.14079	1.14106	266	0	0
2026.07.22	16:03:00	1.14106	1.14114	1.14100	1.14104	285	0	0
2026.07.22	16:04:00	1.14104	1.14107	1.14094	1.14101	227	0	0
2026.07.22	16:05:00	1.14102	1.14106	1.14095	1.14102	217	0	0
2026.07.22	16:06:00	1.14102	1.14107	1.14098	1.14103	166	0	0
2026.07.22	16:07:00	1.14103	1.14111	1.14100	1.14107	196	0	0
2026.07.22	16:08:00	1.14107	1.14118	1.14104	1.14115	170	0	0
2026.07.22	16:09:00	1.14115	1.14125	1.14114	1.14121	125	0	0
2026.07.22	16:10:00	1.14121	1.14125	1.14114	1.14116	181	0	0
2026.07.22	16:11:00	1.14116	1.14123	1.14114	1.14116	162	0	0
2026.07.22	16:12:00	1.14116	1.14116	1.14100	1.14104	156	0	0
2026.07.22	16:13:00	1.14104	1.14108	1.14094	1.14098	115	0	0
2026.07.22	16:14:00	1.14098	1.14103	1.14096	1.14102	146	0	0
2026.07.22	16:15:00	1.14102	1.14102	1.14089	1.14096	141	0	0
2026.07.22	16:16:00	1.14096	1.14102	1.14092	1.14102	113	0	0
2026.07.22	16:17:00	1.14102	1.14110	1.14095	1.14107	218	0	0
2026.07.22	16:18:00	1.14107	1.14107	1.14094	1.14097	206	0	0
2026.07.22	16:19:00	1.14097	1.14127	1.14097	1.14124	245	0	0
2026.07.22	16:20:00	1.14124	1.14127	1.14111	1.14122	243	0	0
2026.07.22	16:21:00	1.14122	1.14148	1.14121	1.14144	197	0	0
2026.07.22	16:22:00	1.14141	1.14153	1.14138	1.14140	227	0	0
2026.07.22	16:23:00	1.14140	1.14159	1.14129	1.14159	197	0	0
2026.07.22	16:24:00	1.14159	1.14161	1.14149	1.14158	209	0	0
2026.07.22	16:25:00	1.14157	1.14166	1.14151	1.14164	251	0	0
2026.07.22	16:26:00	1.14164	1.14170	1.14161	1.14165	237	0	0
2026.07.22	16:27:00	1.14166	1.14167	1.14158	1.14159	152	0	0
2026.07.22	16:28:00	1.14159	1.14161	1.14149	1.14149	170	0	0
2026.07.22	16:29:00	1.14149	1.14157	1.14149	1.14153	245	0	0
2026.07.22	16:30:00	1.14153	1.14181	1.14153	1.14178	242	0	0
2026.07.22	16:31:00	1.14177	1.14213	1.14174	1.14210	300	0	0
2026.07.22	16:32:00	1.14210	1.14218	1.14183	1.14186	280	0	0
2026.07.22	16:33:00	1.14186	1.14189	1.14162	1.14164	194	0	0
2026.07.22	16:34:00	1.14164	1.14168	1.14159	1.14164	251	0	0
2026.07.22	16:35:00	1.14164	1.14169	1.14156	1.14167	234	0	0
2026.07.22	16:36:00	1.14167	1.14193	1.14162	1.14189	281	0	0
2026.07.22	16:37:00	1.14189	1.14192	1.14181	1.14186	262	0	0
2026.07.22	16:38:00	1.14186	1.14188	1.14171	1.14180	271	0	0
2026.07.22	16:39:00	1.14179	1.14181	1.14166	1.14173	209	0	0
2026.07.22	16:40:00	1.14173	1.14177	1.14160	1.14165	286	0	0
2026.07.22	16:41:00	1.14165	1.14189	1.14165	1.14184	312	0	0
2026.07.22	16:42:00	1.14184	1.14191	1.14176	1.14178	246	0	0
2026.07.22	16:43:00	1.14178	1.14192	1.14174	1.14192	235	0	0
2026.07.22	16:44:00	1.14192	1.14193	1.14177	1.14178	202	0	0
2026.07.22	16:45:00	1.14179	1.14185	1.14170	1.14185	209	0	0
2026.07.22	16:46:00	1.14185	1.14185	1.14162	1.14163	291	0	0
2026.07.22	16:47:00	1.14163	1.14168	1.14158	1.14160	271	0	0
2026.07.22	16:48:00	1.14160	1.14165	1.14153	1.14157	302	0	0
2026.07.22	16:49:00	1.14157	1.14162	1.14153	1.14155	230	0	0
2026.07.22	16:50:00	1.14155	1.14156	1.14144	1.14152	237	0	0
2026.07.22	16:51:00	1.14152	1.14157	1.14148	1.14153	237	0	0
2026.07.22	16:52:00	1.14153	1.14176	1.14153	1.14173	301	0	0
2026.07.22	16:53:00	1.14173	1.14173	1.14146	1.14149	293	0	0
2026.07.22	16:54:00	1.14150	1.14168	1.14147	1.14159	264	0	0
2026.07.22	16:55:00	1.14159	1.14162	1.14150	1.14151	249	0	0
2026.07.22	16:56:00	1.14151	1.14156	1.14146	1.14150	187	0	0
2026.07.22	16:57:00	1.14150	1.14151	1.14137	1.14138	252	0	0
2026.07.22	16:58:00	1.14138	1.14140	1.14118	1.14124	292	0	0
2026.07.22	16:59:00	1.14124	1.14149	1.14123	1.14136	294	0	0
2026.07.22	17:00:00	1.14136	1.14154	1.14133	1.14152	335	0	0
2026.07.22	17:01:00	1.14152	1.14155	1.14135	1.14135	310	0	0
2026.07.22	17:02:00	1.14135	1.14143	1.14133	1.14137	256	0	0
2026.07.22	17:03:00	1.14137	1.14153	1.14133	1.14138	213	0	0
2026.07.22	17:04:00	1.14138	1.14147	1.14137	1.14146	237	0	0
2026.07.22	17:05:00	1.14146	1.14150	1.14120	1.14123	334	0	0
2026.07.22	17:06:00	1.14123	1.14136	1.14118	1.14135	230	0	0
2026.07.22	17:07:00	1.14135	1.14137	1.14119	1.14119	224	0	0
2026.07.22	17:08:00	1.14118	1.14124	1.14106	1.14121	272	0	0
2026.07.22	17:09:00	1.14121	1.14127	1.14117	1.14120	146	0	0
2026.07.22	17:10:00	1.14120	1.14125	1.14112	1.14116	138	0	0
2026.07.22	17:11:00	1.14116	1.14132	1.14113	1.14131	186	0	0
2026.07.22	17:12:00	1.14131	1.14153	1.14128	1.14151	161	0	0
2026.07.22	17:13:00	1.14151	1.14175	1.14150	1.14175	173	0	0
2026.07.22	17:14:00	1.14175	1.14177	1.14161	1.14164	189	0	0
2026.07.22	17:15:00	1.14165	1.14168	1.14160	1.14166	193	0	0
2026.07.22	17:16:00	1.14167	1.14186	1.14164	1.14181	270	0	0
2026.07.22	17:17:00	1.14181	1.14182	1.14172	1.14180	268	0	0
2026.07.22	17:18:00	1.14180	1.14182	1.14172	1.14176	281	0	0
2026.07.22	17:19:00	1.14176	1.14181	1.14157	1.14158	290	0	0
2026.07.22	17:20:00	1.14158	1.14175	1.14157	1.14174	251	0	0
2026.07.22	17:21:00	1.14174	1.14175	1.14140	1.14141	246	0	0
2026.07.22	17:22:00	1.14140	1.14145	1.14133	1.14142	259	0	0
2026.07.22	17:23:00	1.14142	1.14142	1.14127	1.14141	321	0	0
2026.07.22	17:24:00	1.14141	1.14146	1.14133	1.14133	206	0	0
2026.07.22	17:25:00	1.14133	1.14140	1.14132	1.14134	233	0	0
2026.07.22	17:26:00	1.14134	1.14137	1.14110	1.14117	303	0	0
2026.07.22	17:27:00	1.14118	1.14130	1.14114	1.14129	221	0	0
2026.07.22	17:28:00	1.14130	1.14132	1.14108	1.14118	251	0	0
2026.07.22	17:29:00	1.14118	1.14125	1.14111	1.14115	292	0	0
2026.07.22	17:30:00	1.14115	1.14118	1.14102	1.14107	324	0	0
2026.07.22	17:31:00	1.14107	1.14110	1.14099	1.14105	228	0	0
2026.07.22	17:32:00	1.14105	1.14135	1.14101	1.14127	234	0	0
2026.07.22	17:33:00	1.14128	1.14130	1.14117	1.14123	197	0	0
2026.07.22	17:34:00	1.14122	1.14132	1.14111	1.14128	186	0	0
2026.07.22	17:35:00	1.14127	1.14133	1.14115	1.14117	210	0	0
2026.07.22	17:36:00	1.14117	1.14125	1.14105	1.14115	249	0	0
2026.07.22	17:37:00	1.14115	1.14119	1.14107	1.14110	231	0	0
2026.07.22	17:38:00	1.14110	1.14114	1.14106	1.14110	215	0	0
2026.07.22	17:39:00	1.14110	1.14124	1.14109	1.14123	191	0	0
2026.07.22	17:40:00	1.14121	1.14129	1.14115	1.14123	239	0	0
2026.07.22	17:41:00	1.14123	1.14127	1.14105	1.14108	204	0	0
2026.07.22	17:42:00	1.14108	1.14114	1.14105	1.14106	262	0	0
2026.07.22	17:43:00	1.14106	1.14116	1.14104	1.14116	216	0	0
2026.07.22	17:44:00	1.14116	1.14119	1.14110	1.14111	164	0	0
2026.07.22	17:45:00	1.14110	1.14125	1.14110	1.14124	286	0	0
2026.07.22	17:46:00	1.14123	1.14125	1.14108	1.14108	198	0	0
2026.07.22	17:47:00	1.14110	1.14119	1.14106	1.14115	185	0	0
2026.07.22	17:48:00	1.14115	1.14125	1.14112	1.14112	261	0	0
2026.07.22	17:49:00	1.14112	1.14120	1.14108	1.14119	204	0	0
2026.07.22	17:50:00	1.14119	1.14121	1.14103	1.14119	311	0	0
2026.07.22	17:51:00	1.14118	1.14122	1.14114	1.14118	224	0	0
2026.07.22	17:52:00	1.14118	1.14132	1.14118	1.14123	231	0	0
2026.07.22	17:53:00	1.14123	1.14132	1.14107	1.14109	292	0	0
2026.07.22	17:54:00	1.14109	1.14125	1.14106	1.14119	236	0	0
2026.07.22	17:55:00	1.14119	1.14122	1.14093	1.14099	253	0	0
2026.07.22	17:56:00	1.14098	1.14101	1.14086	1.14093	237	0	0
2026.07.22	17:57:00	1.14093	1.14100	1.14077	1.14098	360	0	0
2026.07.22	17:58:00	1.14098	1.14115	1.14097	1.14111	382	0	0
2026.07.22	17:59:00	1.14111	1.14114	1.14090	1.14092	267	0	0
2026.07.22	18:00:00	1.14092	1.14100	1.14085	1.14095	404	0	0
2026.07.22	18:01:00	1.14094	1.14098	1.14088	1.14088	222	0	0
2026.07.22	18:02:00	1.14088	1.14100	1.14082	1.14084	289	0	0
2026.07.22	18:03:00	1.14084	1.14113	1.14084	1.14104	295	0	0
2026.07.22	18:04:00	1.14103	1.14111	1.14099	1.14102	237	0	0
2026.07.22	18:05:00	1.14101	1.14115	1.14098	1.14111	223	0	0
2026.07.22	18:06:00	1.14111	1.14111	1.14099	1.14101	177	0	0
2026.07.22	18:07:00	1.14101	1.14111	1.14096	1.14100	157	0	0
2026.07.22	18:08:00	1.14099	1.14109	1.14098	1.14107	185	0	0
2026.07.22	18:09:00	1.14107	1.14114	1.14106	1.14113	136	0	0
2026.07.22	18:10:00	1.14113	1.14115	1.14106	1.14115	172	0	0
2026.07.22	18:11:00	1.14115	1.14116	1.14105	1.14106	145	0	0
2026.07.22	18:12:00	1.14106	1.14113	1.14099	1.14105	160	0	0
2026.07.22	18:13:00	1.14105	1.14114	1.14103	1.14108	121	0	0
2026.07.22	18:14:00	1.14108	1.14111	1.14098	1.14099	166	0	0
2026.07.22	18:15:00	1.14099	1.14105	1.14094	1.14101	153	0	0
2026.07.22	18:16:00	1.14101	1.14110	1.14098	1.14099	121	0	0
2026.07.22	18:17:00	1.14098	1.14106	1.14094	1.14094	137	0	0
2026.07.22	18:18:00	1.14094	1.14096	1.14082	1.14083	148	0	0
2026.07.22	18:19:00	1.14083	1.14092	1.14082	1.14092	113	0	0
2026.07.22	18:20:00	1.14092	1.14101	1.14092	1.14101	156	0	0
2026.07.22	18:21:00	1.14101	1.14105	1.14096	1.14099	126	0	0
2026.07.22	18:22:00	1.14097	1.14116	1.14097	1.14115	205	0	0
2026.07.22	18:23:00	1.14114	1.14126	1.14112	1.14122	115	0	0
2026.07.22	18:24:00	1.14122	1.14132	1.14122	1.14124	133	0	0
2026.07.22	18:25:00	1.14124	1.14130	1.14123	1.14130	109	0	0
2026.07.22	18:26:00	1.14130	1.14136	1.14127	1.14133	132	0	0
2026.07.22	18:27:00	1.14133	1.14135	1.14127	1.14133	94	0	0
2026.07.22	18:28:00	1.14133	1.14136	1.14128	1.14135	121	0	0
2026.07.22	18:29:00	1.14135	1.14141	1.14130	1.14136	163	0	0
2026.07.22	18:30:00	1.14137	1.14140	1.14127	1.14133	232	0	0
2026.07.22	18:31:00	1.14133	1.14135	1.14117	1.14119	185	0	0
2026.07.22	18:32:00	1.14119	1.14120	1.14103	1.14106	180	0	0
2026.07.22	18:33:00	1.14106	1.14113	1.14104	1.14107	119	0	0
2026.07.22	18:34:00	1.14107	1.14108	1.14083	1.14083	227	0	0
2026.07.22	18:35:00	1.14083	1.14103	1.14076	1.14101	274	0	0
2026.07.22	18:36:00	1.14101	1.14105	1.14097	1.14101	148	0	0
2026.07.22	18:37:00	1.14101	1.14105	1.14093	1.14100	181	0	0
2026.07.22	18:38:00	1.14100	1.14100	1.14084	1.14085	153	0	0
2026.07.22	18:39:00	1.14085	1.14087	1.14076	1.14078	124	0	0
2026.07.22	18:40:00	1.14078	1.14086	1.14075	1.14085	228	0	0
2026.07.22	18:41:00	1.14085	1.14101	1.14085	1.14101	222	0	0
2026.07.22	18:42:00	1.14101	1.14104	1.14089	1.14101	178	0	0
2026.07.22	18:43:00	1.14101	1.14104	1.14093	1.14096	179	0	0
2026.07.22	18:44:00	1.14096	1.14104	1.14094	1.14102	126	0	0
2026.07.22	18:45:00	1.14102	1.14105	1.14097	1.14100	179	0	0
2026.07.22	18:46:00	1.14100	1.14104	1.14096	1.14100	212	0	0
2026.07.22	18:47:00	1.14101	1.14116	1.14099	1.14113	186	0	0
2026.07.22	18:48:00	1.14113	1.14120	1.14111	1.14116	195	0	0
2026.07.22	18:49:00	1.14117	1.14131	1.14116	1.14128	183	0	0
2026.07.22	18:50:00	1.14128	1.14136	1.14127	1.14133	161	0	0
2026.07.22	18:51:00	1.14132	1.14132	1.14106	1.14107	190	0	0
2026.07.22	18:52:00	1.14106	1.14122	1.14106	1.14114	161	0	0
2026.07.22	18:53:00	1.14116	1.14120	1.14110	1.14115	151	0	0
2026.07.22	18:54:00	1.14115	1.14125	1.14113	1.14113	163	0	0
2026.07.22	18:55:00	1.14113	1.14113	1.14098	1.14109	171	0	0
2026.07.22	18:56:00	1.14110	1.14113	1.14104	1.14108	189	0	0
2026.07.22	18:57:00	1.14109	1.14130	1.14109	1.14126	207	0	0
2026.07.22	18:58:00	1.14126	1.14130	1.14122	1.14129	127	0	0
2026.07.22	18:59:00	1.14129	1.14140	1.14125	1.14138	179	0	0
2026.07.22	19:00:00	1.14138	1.14142	1.14130	1.14134	184	0	0
2026.07.22	19:01:00	1.14134	1.14138	1.14127	1.14133	116	0	0
2026.07.22	19:02:00	1.14134	1.14134	1.14123	1.14124	108	0	0
2026.07.22	19:03:00	1.14125	1.14133	1.14119	1.14131	131	0	0
2026.07.22	19:04:00	1.14131	1.14133	1.14115	1.14115	166	0	0
2026.07.22	19:05:00	1.14115	1.14120	1.14108	1.14110	134	0	0
2026.07.22	19:06:00	1.14110	1.14118	1.14109	1.14116	128	0	0
2026.07.22	19:07:00	1.14116	1.14120	1.14109	1.14109	143	0	0
2026.07.22	19:08:00	1.14109	1.14112	1.14093	1.14099	197	0	0
2026.07.22	19:09:00	1.14099	1.14105	1.14093	1.14100	100	0	0
2026.07.22	19:10:00	1.14100	1.14102	1.14078	1.14082	207	0	0
2026.07.22	19:11:00	1.14082	1.14084	1.14071	1.14077	163	0	0
2026.07.22	19:12:00	1.14077	1.14078	1.14064	1.14068	154	0	0
2026.07.22	19:13:00	1.14068	1.14078	1.14068	1.14075	116	0	0
2026.07.22	19:14:00	1.14075	1.14082	1.14070	1.14073	183	0	0
2026.07.22	19:15:00	1.14074	1.14085	1.14073	1.14079	168	0	0
2026.07.22	19:16:00	1.14079	1.14083	1.14062	1.14064	182	0	0
2026.07.22	19:17:00	1.14064	1.14072	1.14062	1.14069	172	0	0
2026.07.22	19:18:00	1.14069	1.14078	1.14065	1.14074	187	0	0
2026.07.22	19:19:00	1.14074	1.14082	1.14074	1.14082	126	0	0
2026.07.22	19:20:00	1.14082	1.14082	1.14075	1.14079	132	0	0
2026.07.22	19:21:00	1.14079	1.14083	1.14077	1.14080	151	0	0
2026.07.22	19:22:00	1.14079	1.14096	1.14077	1.14094	195	0	0
2026.07.22	19:23:00	1.14094	1.14101	1.14089	1.14095	150	0	0
2026.07.22	19:24:00	1.14095	1.14111	1.14093	1.14109	169	0	0
2026.07.22	19:25:00	1.14109	1.14111	1.14098	1.14100	126	0	0
2026.07.22	19:26:00	1.14100	1.14109	1.14094	1.14106	205	0	0
2026.07.22	19:27:00	1.14106	1.14115	1.14103	1.14114	148	0	0
2026.07.22	19:28:00	1.14114	1.14119	1.14106	1.14109	131	0	0
2026.07.22	19:29:00	1.14109	1.14112	1.14103	1.14110	122	0	0
2026.07.22	19:30:00	1.14110	1.14121	1.14108	1.14120	177	0	0
2026.07.22	19:31:00	1.14120	1.14124	1.14105	1.14111	204	0	0
2026.07.22	19:32:00	1.14111	1.14114	1.14103	1.14105	97	0	0
2026.07.22	19:33:00	1.14105	1.14108	1.14090	1.14097	190	0	0
2026.07.22	19:34:00	1.14097	1.14100	1.14089	1.14090	134	0	0
2026.07.22	19:35:00	1.14090	1.14095	1.14078	1.14083	198	0	0
2026.07.22	19:36:00	1.14083	1.14103	1.14083	1.14099	144	0	0
2026.07.22	19:37:00	1.14099	1.14104	1.14092	1.14096	124	0	0
2026.07.22	19:38:00	1.14096	1.14097	1.14089	1.14090	105	0	0
2026.07.22	19:39:00	1.14090	1.14093	1.14077	1.14077	142	0	0
2026.07.22	19:40:00	1.14078	1.14089	1.14075	1.14086	136	0	0
2026.07.22	19:41:00	1.14085	1.14091	1.14083	1.14084	86	0	0
2026.07.22	19:42:00	1.14084	1.14086	1.14079	1.14082	148	0	0
2026.07.22	19:43:00	1.14082	1.14086	1.14078	1.14079	140	0	0
2026.07.22	19:44:00	1.14078	1.14090	1.14078	1.14088	92	0	0
2026.07.22	19:45:00	1.14088	1.14089	1.14076	1.14076	110	0	0
2026.07.22	19:46:00	1.14076	1.14083	1.14076	1.14083	72	0	0
2026.07.22	19:47:00	1.14083	1.14086	1.14080	1.14082	78	0	0
2026.07.22	19:48:00	1.14082	1.14087	1.14079	1.14079	108	0	0
2026.07.22	19:49:00	1.14079	1.14092	1.14079	1.14091	110	0	0
2026.07.22	19:50:00	1.14091	1.14095	1.14088	1.14094	127	0	0
2026.07.22	19:51:00	1.14094	1.14094	1.14088	1.14088	79	0	0
2026.07.22	19:52:00	1.14088	1.14091	1.14087	1.14089	53	0	0
2026.07.22	19:53:00	1.14089	1.14092	1.14089	1.14090	65	0	0
2026.07.22	19:54:00	1.14090	1.14093	1.14087	1.14092	50	0	0
2026.07.22	19:55:00	1.14092	1.14098	1.14090	1.14096	121	0	0
2026.07.22	19:56:00	1.14096	1.14096	1.14091	1.14092	47	0	0
2026.07.22	19:57:00	1.14092	1.14097	1.14088	1.14092	109	0	0
2026.07.22	19:58:00	1.14092	1.14098	1.14090	1.14095	102	0	0
2026.07.22	19:59:00	1.14095	1.14102	1.14091	1.14092	140	0	0
2026.07.22	20:00:00	1.14092	1.14104	1.14087	1.14101	184	0	0
2026.07.22	20:01:00	1.14101	1.14105	1.14096	1.14096	101	0	0
2026.07.22	20:02:00	1.14096	1.14097	1.14088	1.14091	144	0	0
2026.07.22	20:03:00	1.14092	1.14104	1.14088	1.14102	119	0	0
2026.07.22	20:04:00	1.14102	1.14107	1.14100	1.14106	120	0	0
2026.07.22	20:05:00	1.14106	1.14114	1.14102	1.14108	98	0	0
2026.07.22	20:06:00	1.14108	1.14111	1.14105	1.14105	75	0	0
2026.07.22	20:07:00	1.14105	1.14110	1.14103	1.14105	90	0	0
2026.07.22	20:08:00	1.14105	1.14110	1.14104	1.14109	105	0	0
2026.07.22	20:09:00	1.14109	1.14112	1.14107	1.14111	68	0	0
2026.07.22	20:10:00	1.14111	1.14118	1.14111	1.14114	108	0	0
2026.07.22	20:11:00	1.14113	1.14117	1.14111	1.14112	72	0	0
2026.07.22	20:12:00	1.14113	1.14121	1.14112	1.14116	102	0	0
2026.07.22	20:13:00	1.14116	1.14127	1.14115	1.14121	92	0	0
2026.07.22	20:14:00	1.14121	1.14124	1.14113	1.14113	107	0	0
2026.07.22	20:15:00	1.14113	1.14126	1.14113	1.14125	156	0	0
2026.07.22	20:16:00	1.14125	1.14127	1.14122	1.14126	85	0	0
2026.07.22	20:17:00	1.14126	1.14126	1.14120	1.14124	53	0	0
2026.07.22	20:18:00	1.14124	1.14128	1.14120	1.14123	121	0	0
2026.07.22	20:19:00	1.14123	1.14125	1.14107	1.14111	291	0	0
2026.07.22	20:20:00	1.14111	1.14116	1.14107	1.14113	221	0	0
2026.07.22	20:21:00	1.14113	1.14123	1.14108	1.14109	260	0	0
2026.07.22	20:22:00	1.14109	1.14116	1.14108	1.14116	175	0	0
2026.07.22	20:23:00	1.14116	1.14125	1.14116	1.14125	86	0	0
2026.07.22	20:24:00	1.14125	1.14127	1.14114	1.14115	76	0	0
2026.07.22	20:25:00	1.14115	1.14122	1.14112	1.14121	98	0	0
2026.07.22	20:26:00	1.14120	1.14124	1.14119	1.14123	72	0	0
2026.07.22	20:27:00	1.14122	1.14125	1.14118	1.14119	110	0	0
2026.07.22	20:28:00	1.14119	1.14126	1.14116	1.14121	130	0	0
2026.07.22	20:29:00	1.14120	1.14121	1.14111	1.14114	160	0	0
2026.07.22	20:30:00	1.14114	1.14114	1.14108	1.14110	107	0	0
2026.07.22	20:31:00	1.14112	1.14112	1.14107	1.14109	60	0	0
2026.07.22	20:32:00	1.14109	1.14117	1.14109	1.14114	86	0	0
2026.07.22	20:33:00	1.14116	1.14116	1.14106	1.14111	146	0	0
2026.07.22	20:34:00	1.14110	1.14111	1.14097	1.14100	91	0	0
2026.07.22	20:35:00	1.14100	1.14102	1.14097	1.14098	82	0	0
2026.07.22	20:36:00	1.14098	1.14101	1.14093	1.14096	143	0	0
2026.07.22	20:37:00	1.14096	1.14097	1.14093	1.14095	81	0	0
2026.07.22	20:38:00	1.14095	1.14101	1.14093	1.14093	67	0	0
2026.07.22	20:39:00	1.14093	1.14093	1.14083	1.14089	121	0	0
2026.07.22	20:40:00	1.14091	1.14092	1.14084	1.14088	125	0	0
2026.07.22	20:41:00	1.14088	1.14090	1.14082	1.14083	101	0	0
2026.07.22	20:42:00	1.14083	1.14087	1.14080	1.14087	137	0	0
2026.07.22	20:43:00	1.14085	1.14097	1.14084	1.14096	99	0	0
2026.07.22	20:44:00	1.14096	1.14103	1.14094	1.14098	123	0	0
2026.07.22	20:45:00	1.14098	1.14102	1.14093	1.14093	106	0	0
2026.07.22	20:46:00	1.14094	1.14101	1.14093	1.14098	87	0	0
2026.07.22	20:47:00	1.14098	1.14102	1.14096	1.14100	112	0	0
2026.07.22	20:48:00	1.14099	1.14104	1.14097	1.14100	79	0	0
2026.07.22	20:49:00	1.14100	1.14107	1.14098	1.14103	76	0	0
2026.07.22	20:50:00	1.14103	1.14106	1.14102	1.14104	57	0	0
2026.07.22	20:51:00	1.14104	1.14110	1.14104	1.14107	83	0	0
2026.07.22	20:52:00	1.14107	1.14112	1.14103	1.14110	100	0	0
2026.07.22	20:53:00	1.14109	1.14114	1.14103	1.14107	138	0	0
2026.07.22	20:54:00	1.14107	1.14108	1.14098	1.14100	167	0	0
2026.07.22	20:55:00	1.14099	1.14101	1.14093	1.14101	135	0	0
2026.07.22	20:56:00	1.14101	1.14101	1.14091	1.14092	155	0	0
2026.07.22	20:57:00	1.14092	1.14102	1.14088	1.14099	141	0	0
2026.07.22	20:58:00	1.14099	1.14105	1.14098	1.14101	167	0	0
2026.07.22	20:59:00	1.14101	1.14104	1.14099	1.14100	107	0	0
2026.07.22	21:00:00	1.14100	1.14105	1.14092	1.14094	151	0	0
2026.07.22	21:01:00	1.14094	1.14097	1.14088	1.14090	186	0	0
2026.07.22	21:02:00	1.14089	1.14105	1.14089	1.14105	108	0	0
2026.07.22	21:03:00	1.14105	1.14108	1.14097	1.14099	131	0	0
2026.07.22	21:04:00	1.14098	1.14100	1.14093	1.14095	56	0	0
2026.07.22	21:05:00	1.14095	1.14098	1.14090	1.14094	127	0	0
2026.07.22	21:06:00	1.14094	1.14096	1.14091	1.14095	59	0	0
2026.07.22	21:07:00	1.14095	1.14098	1.14091	1.14093	88	0	0
2026.07.22	21:08:00	1.14093	1.14095	1.14083	1.14086	78	0	0
2026.07.22	21:09:00	1.14086	1.14089	1.14083	1.14084	86	0	0
2026.07.22	21:10:00	1.14084	1.14088	1.14080	1.14084	94	0	0
2026.07.22	21:11:00	1.14084	1.14089	1.14083	1.14088	62	0	0
2026.07.22	21:12:00	1.14088	1.14088	1.14083	1.14084	31	0	0
2026.07.22	21:13:00	1.14084	1.14091	1.14083	1.14090	88	0	0
2026.07.22	21:14:00	1.14090	1.14090	1.14086	1.14088	48	0	0
2026.07.22	21:15:00	1.14088	1.14091	1.14085	1.14088	73	0	0
2026.07.22	21:16:00	1.14088	1.14091	1.14083	1.14087	115	0	0
2026.07.22	21:17:00	1.14088	1.14096	1.14084	1.14084	121	0	0
2026.07.22	21:18:00	1.14084	1.14091	1.14084	1.14089	82	0	0
2026.07.22	21:19:00	1.14089	1.14096	1.14088	1.14095	62	0	0
2026.07.22	21:20:00	1.14095	1.14105	1.14089	1.14101	107	0	0
2026.07.22	21:21:00	1.14101	1.14104	1.14095	1.14097	109	0	0
2026.07.22	21:22:00	1.14097	1.14105	1.14097	1.14102	84	0	0
2026.07.22	21:23:00	1.14102	1.14107	1.14102	1.14103	100	0	0
2026.07.22	21:24:00	1.14103	1.14107	1.14099	1.14101	80	0	0
2026.07.22	21:25:00	1.14101	1.14107	1.14098	1.14101	89	0	0
2026.07.22	21:26:00	1.14101	1.14108	1.14101	1.14103	94	0	0
2026.07.22	21:27:00	1.14102	1.14105	1.14097	1.14100	103	0	0
2026.07.22	21:28:00	1.14099	1.14104	1.14098	1.14103	121	0	0
2026.07.22	21:29:00	1.14103	1.14105	1.14098	1.14103	72	0	0
2026.07.22	21:30:00	1.14103	1.14104	1.14090	1.14098	176	0	0
2026.07.22	21:31:00	1.14098	1.14098	1.14092	1.14093	69	0	0
2026.07.22	21:32:00	1.14093	1.14096	1.14092	1.14094	74	0	0
2026.07.22	21:33:00	1.14094	1.14101	1.14093	1.14098	63	0	0
2026.07.22	21:34:00	1.14098	1.14100	1.14096	1.14099	56	0	0
2026.07.22	21:35:00	1.14099	1.14103	1.14094	1.14101	125	0	0
2026.07.22	21:36:00	1.14101	1.14105	1.14098	1.14105	103	0	0
2026.07.22	21:37:00	1.14106	1.14108	1.14100	1.14103	125	0	0
2026.07.22	21:38:00	1.14103	1.14105	1.14100	1.14102	83	0	0
2026.07.22	21:39:00	1.14102	1.14112	1.14100	1.14108	118	0	0
2026.07.22	21:40:00	1.14110	1.14111	1.14098	1.14099	123	0	0
2026.07.22	21:41:00	1.14099	1.14101	1.14092	1.14095	138	0	0
2026.07.22	21:42:00	1.14095	1.14098	1.14090	1.14090	129	0	0
2026.07.22	21:43:00	1.14090	1.14095	1.14090	1.14093	89	0	0
2026.07.22	21:44:00	1.14095	1.14095	1.14090	1.14092	95	0	0
2026.07.22	21:45:00	1.14092	1.14094	1.14090	1.14094	96	0	0
2026.07.22	21:46:00	1.14094	1.14100	1.14091	1.14095	124	0	0
2026.07.22	21:47:00	1.14095	1.14098	1.14091	1.14095	153	0	0
2026.07.22	21:48:00	1.14095	1.14101	1.14093	1.14098	149	0	0
2026.07.22	21:49:00	1.14098	1.14101	1.14096	1.14098	99	0	0
2026.07.22	21:50:00	1.14098	1.14105	1.14096	1.14101	110	0	0
2026.07.22	21:51:00	1.14101	1.14104	1.14092	1.14100	120	0	0
2026.07.22	21:52:00	1.14098	1.14102	1.14096	1.14097	130	0	0
2026.07.22	21:53:00	1.14097	1.14105	1.14097	1.14105	85	0	0
2026.07.22	21:54:00	1.14105	1.14110	1.14103	1.14105	63	0	0
2026.07.22	21:55:00	1.14105	1.14109	1.14103	1.14106	106	0	0
2026.07.22	21:56:00	1.14105	1.14111	1.14104	1.14105	91	0	0
2026.07.22	21:57:00	1.14105	1.14112	1.14103	1.14110	106	0	0
2026.07.22	21:58:00	1.14110	1.14113	1.14103	1.14106	107	0	0
2026.07.22	21:59:00	1.14106	1.14111	1.14103	1.14110	119	0	0
2026.07.22	22:00:00	1.14110	1.14115	1.14108	1.14114	123	0	0
2026.07.22	22:01:00	1.14114	1.14121	1.14103	1.14110	141	0	0
2026.07.22	22:02:00	1.14110	1.14116	1.14108	1.14113	105	0	0
2026.07.22	22:03:00	1.14113	1.14122	1.14113	1.14118	134	0	0
2026.07.22	22:04:00	1.14118	1.14120	1.14113	1.14117	118	0	0
2026.07.22	22:05:00	1.14117	1.14125	1.14117	1.14119	94	0	0
2026.07.22	22:06:00	1.14118	1.14121	1.14116	1.14118	75	0	0
2026.07.22	22:07:00	1.14118	1.14121	1.14108	1.14108	79	0	0
2026.07.22	22:08:00	1.14108	1.14111	1.14107	1.14107	65	0	0
2026.07.22	22:09:00	1.14107	1.14110	1.14103	1.14103	88	0	0
2026.07.22	22:10:00	1.14103	1.14106	1.14102	1.14104	86	0	0
2026.07.22	22:11:00	1.14104	1.14106	1.14102	1.14103	41	0	0
2026.07.22	22:12:00	1.14103	1.14106	1.14098	1.14100	68	0	0
2026.07.22	22:13:00	1.14100	1.14103	1.14098	1.14098	73	0	0
2026.07.22	22:14:00	1.14098	1.14102	1.14096	1.14097	41	0	0
2026.07.22	22:15:00	1.14097	1.14102	1.14096	1.14101	120	0	0
2026.07.22	22:16:00	1.14101	1.14109	1.14101	1.14107	57	0	0
2026.07.22	22:17:00	1.14107	1.14110	1.14106	1.14108	49	0	0
2026.07.22	22:18:00	1.14108	1.14111	1.14106	1.14108	65	0	0
2026.07.22	22:19:00	1.14108	1.14111	1.14106	1.14111	74	0	0
2026.07.22	22:20:00	1.14111	1.14112	1.14108	1.14111	64	0	0
2026.07.22	22:21:00	1.14111	1.14112	1.14107	1.14112	53	0	0
2026.07.22	22:22:00	1.14112	1.14114	1.14109	1.14114	52	0	0
2026.07.22	22:23:00	1.14114	1.14119	1.14113	1.14115	65	0	0
2026.07.22	22:24:00	1.14115	1.14117	1.14113	1.14113	59	0	0
2026.07.22	22:25:00	1.14113	1.14116	1.14108	1.14111	96	0	0
2026.07.22	22:26:00	1.14111	1.14116	1.14110	1.14113	85	0	0
2026.07.22	22:27:00	1.14113	1.14113	1.14107	1.14107	95	0	0
2026.07.22	22:28:00	1.14107	1.14113	1.14107	1.14109	65	0	0
2026.07.22	22:29:00	1.14109	1.14113	1.14108	1.14110	25	0	0
2026.07.22	22:30:00	1.14110	1.14112	1.14104	1.14107	81	0	0
2026.07.22	22:31:00	1.14107	1.14108	1.14105	1.14105	43	0	0
2026.07.22	22:32:00	1.14105	1.14111	1.14105	1.14108	75	0	0
2026.07.22	22:33:00	1.14110	1.14111	1.14107	1.14110	46	0	0
2026.07.22	22:34:00	1.14110	1.14110	1.14102	1.14107	89	0	0
2026.07.22	22:35:00	1.14107	1.14113	1.14107	1.14112	61	0	0
2026.07.22	22:36:00	1.14111	1.14112	1.14106	1.14108	63	0	0
2026.07.22	22:37:00	1.14108	1.14109	1.14105	1.14106	46	0	0
2026.07.22	22:38:00	1.14106	1.14108	1.14102	1.14105	73	0	0
2026.07.22	22:39:00	1.14105	1.14109	1.14103	1.14108	84	0	0
2026.07.22	22:40:00	1.14108	1.14111	1.14106	1.14109	95	0	0
2026.07.22	22:41:00	1.14110	1.14113	1.14107	1.14111	101	0	0
2026.07.22	22:42:00	1.14110	1.14113	1.14108	1.14111	84	0	0
2026.07.22	22:43:00	1.14111	1.14115	1.14110	1.14114	105	0	0
2026.07.22	22:44:00	1.14114	1.14114	1.14111	1.14111	49	0	0
2026.07.22	22:45:00	1.14112	1.14123	1.14112	1.14120	113	0	0
2026.07.22	22:46:00	1.14120	1.14120	1.14115	1.14117	63	0	0
2026.07.22	22:47:00	1.14117	1.14119	1.14108	1.14108	69	0	0
2026.07.22	22:48:00	1.14108	1.14110	1.14106	1.14109	57	0	0
2026.07.22	22:49:00	1.14109	1.14111	1.14108	1.14109	75	0	0
2026.07.22	22:50:00	1.14109	1.14111	1.14107	1.14108	90	0	0
2026.07.22	22:51:00	1.14108	1.14111	1.14102	1.14103	110	0	0
2026.07.22	22:52:00	1.14103	1.14110	1.14103	1.14108	75	0	0
2026.07.22	22:53:00	1.14108	1.14112	1.14107	1.14108	63	0	0
2026.07.22	22:54:00	1.14108	1.14108	1.14099	1.14103	102	0	0
2026.07.22	22:55:00	1.14103	1.14104	1.14092	1.14097	188	0	0
2026.07.22	22:56:00	1.14096	1.14111	1.14096	1.14109	193	0	0
2026.07.22	22:57:00	1.14109	1.14110	1.14097	1.14106	198	0	0
2026.07.22	22:58:00	1.14105	1.14110	1.14103	1.14109	164	0	0
2026.07.22	22:59:00	1.14110	1.14117	1.14108	1.14114	299	0	0
2026.07.22	23:00:00	1.14114	1.14116	1.14105	1.14107	155	0	0
2026.07.22	23:01:00	1.14107	1.14127	1.14107	1.14126	251	0	0
2026.07.22	23:02:00	1.14126	1.14128	1.14113	1.14119	341	0	0
2026.07.22	23:03:00	1.14119	1.14119	1.14111	1.14115	176	0	0
2026.07.22	23:04:00	1.14116	1.14116	1.14107	1.14109	210	0	0
2026.07.22	23:05:00	1.14108	1.14116	1.14105	1.14113	162	0	0
2026.07.22	23:06:00	1.14113	1.14118	1.14111	1.14114	85	0	0
2026.07.22	23:07:00	1.14114	1.14125	1.14112	1.14124	114	0	0
2026.07.22	23:08:00	1.14124	1.14126	1.14120	1.14126	56	0	0
2026.07.22	23:09:00	1.14126	1.14127	1.14120	1.14121	44	0	0
2026.07.22	23:10:00	1.14121	1.14125	1.14117	1.14118	42	0	0
2026.07.22	23:11:00	1.14117	1.14120	1.14115	1.14118	80	0	0
2026.07.22	23:12:00	1.14118	1.14120	1.14115	1.14117	51	0	0
2026.07.22	23:13:00	1.14117	1.14125	1.14116	1.14125	73	0	0
2026.07.22	23:14:00	1.14125	1.14125	1.14116	1.14116	36	0	0
2026.07.22	23:15:00	1.14116	1.14119	1.14115	1.14116	55	0	0
2026.07.22	23:16:00	1.14116	1.14121	1.14114	1.14119	61	0	0
2026.07.22	23:17:00	1.14119	1.14121	1.14114	1.14116	58	0	0
2026.07.22	23:18:00	1.14116	1.14121	1.14116	1.14121	38	0	0
2026.07.22	23:19:00	1.14120	1.14121	1.14118	1.14118	32	0	0
2026.07.22	23:20:00	1.14119	1.14119	1.14115	1.14115	41	0	0
2026.07.22	23:21:00	1.14115	1.14121	1.14115	1.14120	49	0	0
2026.07.22	23:22:00	1.14120	1.14125	1.14119	1.14123	61	0	0
2026.07.22	23:23:00	1.14123	1.14127	1.14121	1.14122	51	0	0
2026.07.22	23:24:00	1.14122	1.14125	1.14117	1.14118	94	0	0
2026.07.22	23:25:00	1.14117	1.14121	1.14116	1.14117	42	0	0
2026.07.22	23:26:00	1.14117	1.14121	1.14116	1.14117	66	0	0
2026.07.22	23:27:00	1.14118	1.14120	1.14117	1.14118	51	0	0
2026.07.22	23:28:00	1.14118	1.14124	1.14117	1.14121	60	0	0
2026.07.22	23:29:00	1.14121	1.14122	1.14114	1.14115	35	0	0
2026.07.22	23:30:00	1.14115	1.14120	1.14112	1.14116	89	0	0
2026.07.22	23:31:00	1.14116	1.14121	1.14112	1.14115	48	0	0
2026.07.22	23:32:00	1.14113	1.14117	1.14111	1.14116	55	0	0
2026.07.22	23:33:00	1.14113	1.14117	1.14107	1.14110	77	0	0
2026.07.22	23:34:00	1.14110	1.14113	1.14108	1.14110	53	0	0
2026.07.22	23:35:00	1.14111	1.14111	1.14107	1.14110	93	0	0
2026.07.22	23:36:00	1.14110	1.14118	1.14108	1.14118	94	0	0
2026.07.22	23:37:00	1.14118	1.14122	1.14115	1.14120	43	0	0
2026.07.22	23:38:00	1.14120	1.14121	1.14115	1.14115	68	0	0
2026.07.22	23:39:00	1.14115	1.14120	1.14115	1.14118	24	0	0
2026.07.22	23:40:00	1.14118	1.14125	1.14117	1.14121	69	0	0
2026.07.22	23:41:00	1.14121	1.14126	1.14119	1.14126	62	0	0
2026.07.22	23:42:00	1.14126	1.14126	1.14122	1.14124	60	0	0
2026.07.22	23:43:00	1.14124	1.14126	1.14121	1.14126	50	0	0
2026.07.22	23:44:00	1.14125	1.14126	1.14122	1.14122	60	0	0
2026.07.22	23:45:00	1.14122	1.14126	1.14119	1.14121	49	0	0
2026.07.22	23:46:00	1.14121	1.14122	1.14119	1.14120	67	0	0
2026.07.22	23:47:00	1.14120	1.14124	1.14120	1.14120	38	0	0
2026.07.22	23:48:00	1.14120	1.14125	1.14120	1.14124	73	0	0
2026.07.22	23:49:00	1.14123	1.14125	1.14112	1.14114	90	0	0
2026.07.22	23:50:00	1.14114	1.14120	1.14113	1.14116	152	0	0
2026.07.22	23:51:00	1.14117	1.14120	1.14116	1.14118	68	0	0
2026.07.22	23:52:00	1.14118	1.14123	1.14117	1.14117	93	0	0
2026.07.22	23:53:00	1.14117	1.14118	1.14115	1.14117	68	0	0
2026.07.22	23:54:00	1.14116	1.14121	1.14116	1.14119	62	0	0
2026.07.22	23:55:00	1.14119	1.14120	1.14115	1.14118	51	0	0
2026.07.22	23:56:00	1.14118	1.14123	1.14116	1.14123	41	0	0
2026.07.22	23:57:00	1.14123	1.14124	1.14116	1.14123	118	0	0
2026.07.22	23:58:00	1.14123	1.14126	1.14116	1.14119	139	0	0
2026.07.22	23:59:00	1.14119	1.14124	1.14117	1.14117	81	0	0
2026.07.23	00:00:00	1.14108	1.14108	1.14036	1.14079	6	0	4
2026.07.23	00:01:00	1.14099	1.14103	1.14099	1.14103	2	0	1
2026.07.23	00:02:00	1.14103	1.14103	1.14103	1.14103	1	0	2
2026.07.23	00:03:00	1.14103	1.14107	1.14103	1.14106	10	0	0
2026.07.23	00:04:00	1.14106	1.14106	1.14106	1.14106	1	0	8
2026.07.23	00:05:00	1.14106	1.14106	1.14082	1.14102	62	0	0
2026.07.23	00:06:00	1.14102	1.14102	1.14100	1.14100	4	0	0
2026.07.23	00:07:00	1.14100	1.14100	1.14100	1.14100	1	0	0
2026.07.23	00:08:00	1.14100	1.14101	1.14100	1.14101	2	0	0
2026.07.23	00:09:00	1.14101	1.14101	1.14099	1.14099	3	0	0
2026.07.23	00:10:00	1.14102	1.14103	1.14101	1.14103	4	0	0
2026.07.23	00:11:00	1.14103	1.14104	1.14100	1.14103	20	0	0
2026.07.23	00:12:00	1.14103	1.14103	1.14102	1.14102	6	0	0
2026.07.23	00:13:00	1.14102	1.14103	1.14099	1.14103	5	0	0
2026.07.23	00:14:00	1.14103	1.14103	1.14103	1.14103	1	0	0
2026.07.23	00:15:00	1.14103	1.14104	1.14100	1.14102	11	0	0
2026.07.23	00:16:00	1.14102	1.14105	1.14102	1.14105	4	0	0
2026.07.23	00:17:00	1.14105	1.14105	1.14104	1.14105	3	0	0
2026.07.23	00:18:00	1.14105	1.14105	1.14101	1.14104	10	0	0
2026.07.23	00:19:00	1.14104	1.14104	1.14073	1.14073	40	0	0
2026.07.23	00:20:00	1.14073	1.14090	1.14073	1.14090	15	0	0
2026.07.23	00:21:00	1.14090	1.14090	1.14082	1.14088	6	0	0
2026.07.23	00:22:00	1.14088	1.14097	1.14087	1.14097	8	0	0
2026.07.23	00:23:00	1.14097	1.14097	1.14088	1.14088	4	0	0
2026.07.23	00:24:00	1.14088	1.14090	1.14088	1.14089	4	0	0
2026.07.23	00:25:00	1.14089	1.14090	1.14088	1.14088	4	0	0
2026.07.23	00:26:00	1.14088	1.14089	1.14085	1.14085	4	0	0
2026.07.23	00:27:00	1.14085	1.14085	1.14081	1.14083	7	0	0
2026.07.23	00:28:00	1.14083	1.14086	1.14083	1.14083	9	0	0
2026.07.23	00:29:00	1.14083	1.14086	1.14079	1.14086	15	0	0
2026.07.23	00:30:00	1.14086	1.14089	1.14083	1.14089	7	0	0
2026.07.23	00:31:00	1.14089	1.14089	1.14088	1.14088	2	0	8
2026.07.23	00:32:00	1.14088	1.14098	1.14082	1.14082	10	0	0
2026.07.23	00:33:00	1.14082	1.14083	1.14082	1.14082	3	0	6
2026.07.23	00:34:00	1.14082	1.14095	1.14082	1.14082	7	0	0
2026.07.23	00:35:00	1.14082	1.14082	1.14079	1.14080	4	0	8
2026.07.23	00:36:00	1.14080	1.14086	1.14080	1.14081	6	0	0
2026.07.23	00:37:00	1.14081	1.14081	1.14076	1.14079	7	0	0
2026.07.23	00:38:00	1.14079	1.14079	1.14079	1.14079	1	0	7
2026.07.23	00:39:00	1.14079	1.14085	1.14074	1.14079	11	0	0
2026.07.23	00:40:00	1.14079	1.14079	1.14074	1.14076	15	0	0
2026.07.23	00:41:00	1.14076	1.14078	1.14076	1.14076	5	0	0
2026.07.23	00:42:00	1.14076	1.14079	1.14076	1.14079	10	0	0
2026.07.23	00:43:00	1.14079	1.14079	1.14075	1.14078	11	0	0
2026.07.23	00:44:00	1.14078	1.14078	1.14072	1.14072	11	0	0
2026.07.23	00:45:00	1.14072	1.14073	1.14072	1.14073	2	0	4
2026.07.23	00:46:00	1.14073	1.14082	1.14071	1.14071	9	0	0
2026.07.23	00:47:00	1.14071	1.14071	1.14069	1.14069	3	0	0
2026.07.23	00:48:00	1.14069	1.14083	1.14069	1.14079	11	0	0
2026.07.23	00:49:00	1.14079	1.14079	1.14077	1.14078	5	0	3
2026.07.23	00:50:00	1.14078	1.14089	1.14077	1.14084	24	0	0
2026.07.23	00:51:00	1.14084	1.14084	1.14079	1.14084	16	0	0
2026.07.23	00:52:00	1.14084	1.14090	1.14079	1.14083	18	0	11
2026.07.23	00:53:00	1.14083	1.14088	1.14081	1.14082	16	0	10
2026.07.23	00:54:00	1.14082	1.14089	1.14082	1.14083	4	0	11
2026.07.23	00:55:00	1.14083	1.14083	1.14078	1.14080	24	0	5
2026.07.23	00:56:00	1.14080	1.14085	1.14078	1.14082	27	0	0
2026.07.23	00:57:00	1.14082	1.14082	1.14080	1.14080	9	0	11
2026.07.23	00:58:00	1.14080	1.14087	1.14077	1.14082	29	0	3
2026.07.23	00:59:00	1.14082	1.14088	1.14081	1.14087	18	0	0
2026.07.23	01:00:00	1.14087	1.14095	1.14079	1.14085	132	0	0
2026.07.23	01:01:00	1.14085	1.14095	1.14085	1.14093	101	0	0
2026.07.23	01:02:00	1.14093	1.14093	1.14074	1.14081	77	0	0
2026.07.23	01:03:00	1.14081	1.14087	1.14077	1.14086	61	0	0
2026.07.23	01:04:00	1.14086	1.14087	1.14077	1.14082	78	0	0
2026.07.23	01:05:00	1.14082	1.14090	1.14082	1.14088	95	0	0
2026.07.23	01:06:00	1.14088	1.14093	1.14085	1.14086	36	0	0
2026.07.23	01:07:00	1.14086	1.14089	1.14085	1.14085	35	0	0
2026.07.23	01:08:00	1.14086	1.14089	1.14082	1.14084	99	0	0
2026.07.23	01:09:00	1.14084	1.14084	1.14080	1.14081	32	0	0
2026.07.23	01:10:00	1.14081	1.14081	1.14071	1.14076	74	0	0
2026.07.23	01:11:00	1.14076	1.14079	1.14073	1.14074	24	0	0
2026.07.23	01:12:00	1.14074	1.14076	1.14073	1.14073	42	0	0
2026.07.23	01:13:00	1.14074	1.14077	1.14074	1.14076	21	0	0
2026.07.23	01:14:00	1.14076	1.14080	1.14074	1.14079	31	0	0
2026.07.23	01:15:00	1.14080	1.14084	1.14078	1.14080	44	0	0
2026.07.23	01:16:00	1.14080	1.14082	1.14075	1.14076	35	0	0
2026.07.23	01:17:00	1.14076	1.14076	1.14072	1.14076	63	0	0
2026.07.23	01:18:00	1.14075	1.14077	1.14074	1.14076	41	0	0
2026.07.23	01:19:00	1.14076	1.14080	1.14075	1.14075	36	0	0
2026.07.23	01:20:00	1.14075	1.14077	1.14074	1.14076	44	0	0
2026.07.23	01:21:00	1.14076	1.14077	1.14075	1.14075	47	0	0
2026.07.23	01:22:00	1.14075	1.14078	1.14075	1.14076	42	0	0
2026.07.23	01:23:00	1.14077	1.14081	1.14077	1.14079	45	0	0
2026.07.23	01:24:00	1.14079	1.14079	1.14076	1.14078	66	0	0
2026.07.23	01:25:00	1.14078	1.14081	1.14074	1.14078	88	0	0
2026.07.23	01:26:00	1.14078	1.14082	1.14077	1.14081	41	0	0
2026.07.23	01:27:00	1.14080	1.14082	1.14077	1.14080	67	0	0
2026.07.23	01:28:00	1.14079	1.14081	1.14075	1.14076	75	0	0
2026.07.23	01:29:00	1.14076	1.14080	1.14075	1.14079	56	0	0
2026.07.23	01:30:00	1.14079	1.14082	1.14077	1.14080	102	0	0
2026.07.23	01:31:00	1.14080	1.14081	1.14077	1.14079	88	0	0
2026.07.23	01:32:00	1.14079	1.14081	1.14076	1.14079	92	0	0
2026.07.23	01:33:00	1.14079	1.14083	1.14078	1.14080	61	0	0
2026.07.23	01:34:00	1.14080	1.14081	1.14075	1.14076	65	0	0
2026.07.23	01:35:00	1.14076	1.14079	1.14072	1.14076	63	0	0
2026.07.23	01:36:00	1.14076	1.14076	1.14074	1.14075	16	0	0
2026.07.23	01:37:00	1.14075	1.14076	1.14072	1.14073	54	0	0
2026.07.23	01:38:00	1.14073	1.14075	1.14070	1.14070	65	0	0
2026.07.23	01:39:00	1.14070	1.14074	1.14067	1.14068	49	0	0
2026.07.23	01:40:00	1.14068	1.14071	1.14064	1.14065	62	0	0
2026.07.23	01:41:00	1.14065	1.14066	1.14059	1.14063	84	0	0
2026.07.23	01:42:00	1.14065	1.14066	1.14061	1.14066	79	0	0
2026.07.23	01:43:00	1.14066	1.14066	1.14061	1.14061	58	0	0
2026.07.23	01:44:00	1.14062	1.14065	1.14060	1.14064	60	0	0
2026.07.23	01:45:00	1.14064	1.14065	1.14060	1.14063	47	0	0
2026.07.23	01:46:00	1.14063	1.14067	1.14061	1.14063	78	0	0
2026.07.23	01:47:00	1.14063	1.14066	1.14062	1.14065	56	0	0
2026.07.23	01:48:00	1.14065	1.14068	1.14062	1.14065	64	0	0
2026.07.23	01:49:00	1.14065	1.14069	1.14064	1.14068	36	0	0
2026.07.23	01:50:00	1.14068	1.14072	1.14064	1.14066	75	0	0
2026.07.23	01:51:00	1.14066	1.14071	1.14066	1.14070	80	0	0
2026.07.23	01:52:00	1.14070	1.14073	1.14068	1.14070	42	0	0
2026.07.23	01:53:00	1.14070	1.14075	1.14068	1.14073	55	0	0
2026.07.23	01:54:00	1.14073	1.14082	1.14072	1.14078	71	0	0
2026.07.23	01:55:00	1.14079	1.14083	1.14078	1.14078	51	0	0
2026.07.23	01:56:00	1.14079	1.14084	1.14075	1.14077	72	0	0
2026.07.23	01:57:00	1.14077	1.14080	1.14075	1.14075	82	0	0
2026.07.23	01:58:00	1.14076	1.14078	1.14075	1.14078	64	0	0
2026.07.23	01:59:00	1.14078	1.14083	1.14074	1.14081	101	0	0
2026.07.23	02:00:00	1.14081	1.14092	1.14081	1.14084	87	0	0
2026.07.23	02:01:00	1.14084	1.14092	1.14083	1.14089	35	0	0
2026.07.23	02:02:00	1.14090	1.14093	1.14088	1.14090	54	0	0
2026.07.23	02:03:00	1.14090	1.14093	1.14089	1.14091	28	0	0
2026.07.23	02:04:00	1.14091	1.14092	1.14085	1.14089	53	0	0
2026.07.23	02:05:00	1.14089	1.14089	1.14084	1.14089	22	0	0
2026.07.23	02:06:00	1.14089	1.14091	1.14087	1.14091	28	0	0
2026.07.23	02:07:00	1.14091	1.14091	1.14088	1.14090	30	0	0
2026.07.23	02:08:00	1.14090	1.14091	1.14086	1.14088	63	0	0
2026.07.23	02:09:00	1.14088	1.14089	1.14084	1.14085	22	0	0
2026.07.23	02:10:00	1.14085	1.14088	1.14082	1.14082	67	0	0
2026.07.23	02:11:00	1.14082	1.14088	1.14082	1.14085	39	0	0
2026.07.23	02:12:00	1.14085	1.14089	1.14085	1.14087	36	0	0
2026.07.23	02:13:00	1.14087	1.14099	1.14086	1.14098	61	0	0
2026.07.23	02:14:00	1.14098	1.14098	1.14091	1.14094	52	0	0
2026.07.23	02:15:00	1.14094	1.14096	1.14088	1.14091	46	0	0
2026.07.23	02:16:00	1.14090	1.14092	1.14088	1.14089	35	0	0
2026.07.23	02:17:00	1.14090	1.14099	1.14090	1.14096	65	0	0
2026.07.23	02:18:00	1.14098	1.14104	1.14097	1.14100	62	0	0
2026.07.23	02:19:00	1.14099	1.14102	1.14097	1.14100	56	0	0
2026.07.23	02:20:00	1.14100	1.14105	1.14099	1.14102	33	0	0
2026.07.23	02:21:00	1.14104	1.14104	1.14100	1.14101	28	0	0
2026.07.23	02:22:00	1.14101	1.14103	1.14100	1.14101	20	0	0
2026.07.23	02:23:00	1.14101	1.14102	1.14097	1.14097	23	0	0
2026.07.23	02:24:00	1.14097	1.14099	1.14096	1.14096	14	0	0
2026.07.23	02:25:00	1.14096	1.14102	1.14095	1.14097	38	0	0
2026.07.23	02:26:00	1.14097	1.14099	1.14096	1.14098	26	0	0
2026.07.23	02:27:00	1.14099	1.14099	1.14095	1.14097	20	0	0
2026.07.23	02:28:00	1.14096	1.14103	1.14095	1.14101	33	0	0
2026.07.23	02:29:00	1.14101	1.14103	1.14100	1.14101	38	0	0
2026.07.23	02:30:00	1.14101	1.14103	1.14099	1.14101	35	0	0
2026.07.23	02:31:00	1.14101	1.14103	1.14099	1.14100	16	0	0
2026.07.23	02:32:00	1.14100	1.14104	1.14099	1.14104	32	0	0
2026.07.23	02:33:00	1.14104	1.14109	1.14104	1.14105	41	0	0
2026.07.23	02:34:00	1.14106	1.14106	1.14103	1.14104	11	0	0
2026.07.23	02:35:00	1.14104	1.14107	1.14104	1.14106	26	0	0
2026.07.23	02:36:00	1.14106	1.14107	1.14105	1.14105	12	0	0
2026.07.23	02:37:00	1.14105	1.14107	1.14105	1.14105	17	0	0
2026.07.23	02:38:00	1.14105	1.14105	1.14103	1.14104	29	0	0
2026.07.23	02:39:00	1.14104	1.14104	1.14101	1.14103	11	0	0
2026.07.23	02:40:00	1.14103	1.14104	1.14100	1.14101	43	0	0
2026.07.23	02:41:00	1.14101	1.14103	1.14098	1.14098	46	0	0
2026.07.23	02:42:00	1.14098	1.14103	1.14097	1.14100	59	0	0
2026.07.23	02:43:00	1.14100	1.14109	1.14100	1.14106	49	0	0
2026.07.23	02:44:00	1.14107	1.14114	1.14106	1.14109	46	0	0
2026.07.23	02:45:00	1.14109	1.14114	1.14100	1.14114	134	0	0
2026.07.23	02:46:00	1.14114	1.14114	1.14107	1.14110	112	0	0
2026.07.23	02:47:00	1.14110	1.14113	1.14109	1.14110	47	0	0
2026.07.23	02:48:00	1.14110	1.14115	1.14109	1.14114	48	0	0
2026.07.23	02:49:00	1.14113	1.14113	1.14109	1.14109	36	0	0
2026.07.23	02:50:00	1.14109	1.14110	1.14104	1.14108	72	0	0
2026.07.23	02:51:00	1.14108	1.14109	1.14105	1.14108	89	0	0
2026.07.23	02:52:00	1.14108	1.14110	1.14105	1.14106	80	0	0
2026.07.23	02:53:00	1.14106	1.14107	1.14103	1.14105	50	0	0
2026.07.23	02:54:00	1.14105	1.14108	1.14104	1.14106	23	0	0
2026.07.23	02:55:00	1.14106	1.14113	1.14105	1.14109	74	0	0
2026.07.23	02:56:00	1.14109	1.14115	1.14109	1.14115	126	0	0
2026.07.23	02:57:00	1.14114	1.14115	1.14110	1.14114	98	0	0
2026.07.23	02:58:00	1.14114	1.14119	1.14112	1.14114	170	0	0
2026.07.23	02:59:00	1.14114	1.14117	1.14111	1.14114	127	0	0
2026.07.23	03:00:00	1.14114	1.14132	1.14114	1.14128	311	0	0
2026.07.23	03:01:00	1.14128	1.14138	1.14118	1.14133	255	0	0
2026.07.23	03:02:00	1.14133	1.14137	1.14128	1.14131	172	0	0
2026.07.23	03:03:00	1.14131	1.14136	1.14131	1.14131	165	0	0
2026.07.23	03:04:00	1.14131	1.14137	1.14130	1.14133	124	0	0
2026.07.23	03:05:00	1.14133	1.14134	1.14128	1.14133	109	0	0
2026.07.23	03:06:00	1.14132	1.14134	1.14129	1.14134	58	0	0
2026.07.23	03:07:00	1.14134	1.14134	1.14126	1.14128	138	0	0
2026.07.23	03:08:00	1.14128	1.14134	1.14127	1.14132	131	0	0
2026.07.23	03:09:00	1.14132	1.14134	1.14123	1.14126	113	0	0
2026.07.23	03:10:00	1.14126	1.14128	1.14119	1.14120	111	0	0
2026.07.23	03:11:00	1.14120	1.14126	1.14120	1.14124	84	0	0
2026.07.23	03:12:00	1.14124	1.14126	1.14119	1.14121	92	0	0
2026.07.23	03:13:00	1.14121	1.14123	1.14111	1.14114	48	0	0
2026.07.23	03:14:00	1.14114	1.14116	1.14111	1.14113	69	0	0
2026.07.23	03:15:00	1.14113	1.14114	1.14111	1.14112	89	0	0
2026.07.23	03:16:00	1.14111	1.14113	1.14105	1.14112	113	0	0
2026.07.23	03:17:00	1.14113	1.14120	1.14110	1.14115	126	0	0
2026.07.23	03:18:00	1.14115	1.14117	1.14110	1.14113	88	0	0
2026.07.23	03:19:00	1.14113	1.14114	1.14109	1.14112	65	0	0
2026.07.23	03:20:00	1.14112	1.14118	1.14109	1.14115	92	0	0
2026.07.23	03:21:00	1.14115	1.14118	1.14113	1.14116	114	0	0
2026.07.23	03:22:00	1.14116	1.14135	1.14116	1.14133	133	0	0
2026.07.23	03:23:00	1.14133	1.14134	1.14124	1.14125	90	0	0
2026.07.23	03:24:00	1.14123	1.14138	1.14121	1.14138	143	0	0
2026.07.23	03:25:00	1.14138	1.14142	1.14135	1.14139	105	0	0
2026.07.23	03:26:00	1.14140	1.14140	1.14133	1.14136	128	0	0
2026.07.23	03:27:00	1.14136	1.14142	1.14131	1.14131	89	0	0
2026.07.23	03:28:00	1.14131	1.14132	1.14124	1.14125	86	0	0
2026.07.23	03:29:00	1.14125	1.14127	1.14117	1.14119	134	0	0
2026.07.23	03:30:00	1.14119	1.14127	1.14118	1.14125	66	0	0
2026.07.23	03:31:00	1.14125	1.14126	1.14119	1.14123	89	0	0
2026.07.23	03:32:00	1.14123	1.14125	1.14119	1.14123	92	0	0
2026.07.23	03:33:00	1.14123	1.14127	1.14120	1.14124	100	0	0
2026.07.23	03:34:00	1.14124	1.14128	1.14121	1.14125	92	0	0
2026.07.23	03:35:00	1.14125	1.14132	1.14123	1.14129	103	0	0
2026.07.23	03:36:00	1.14130	1.14133	1.14128	1.14131	103	0	0
2026.07.23	03:37:00	1.14129	1.14134	1.14129	1.14132	60	0	0
2026.07.23	03:38:00	1.14132	1.14134	1.14129	1.14130	62	0	0
2026.07.23	03:39:00	1.14129	1.14130	1.14123	1.14129	84	0	0
2026.07.23	03:40:00	1.14129	1.14132	1.14125	1.14128	162	0	0
2026.07.23	03:41:00	1.14128	1.14136	1.14128	1.14136	82	0	0
2026.07.23	03:42:00	1.14136	1.14139	1.14132	1.14137	84	0	0
2026.07.23	03:43:00	1.14137	1.14138	1.14134	1.14137	54	0	0
2026.07.23	03:44:00	1.14136	1.14140	1.14134	1.14135	52	0	0
2026.07.23	03:45:00	1.14134	1.14143	1.14131	1.14143	148	0	0
2026.07.23	03:46:00	1.14143	1.14145	1.14132	1.14133	127	0	0
2026.07.23	03:47:00	1.14133	1.14136	1.14131	1.14134	85	0	0
2026.07.23	03:48:00	1.14135	1.14137	1.14126	1.14128	89	0	0
2026.07.23	03:49:00	1.14128	1.14131	1.14121	1.14126	119	0	0
2026.07.23	03:50:00	1.14126	1.14128	1.14121	1.14124	76	0	0
2026.07.23	03:51:00	1.14124	1.14129	1.14120	1.14124	124	0	0
2026.07.23	03:52:00	1.14125	1.14125	1.14120	1.14123	80	0	0
2026.07.23	03:53:00	1.14123	1.14127	1.14117	1.14123	104	0	0
2026.07.23	03:54:00	1.14123	1.14146	1.14121	1.14144	243	0	0
2026.07.23	03:55:00	1.14144	1.14149	1.14141	1.14149	118	0	0
2026.07.23	03:56:00	1.14149	1.14149	1.14136	1.14144	85	0	0
2026.07.23	03:57:00	1.14143	1.14150	1.14139	1.14149	90	0	0
2026.07.23	03:58:00	1.14149	1.14164	1.14149	1.14164	137	0	0
2026.07.23	03:59:00	1.14164	1.14177	1.14162	1.14174	174	0	0
2026.07.23	04:00:00	1.14174	1.14194	1.14174	1.14192	230	0	0
2026.07.23	04:01:00	1.14192	1.14205	1.14190	1.14198	250	0	0
2026.07.23	04:02:00	1.14198	1.14198	1.14185	1.14191	161	0	0
2026.07.23	04:03:00	1.14191	1.14193	1.14175	1.14182	195	0	0
2026.07.23	04:04:00	1.14182	1.14185	1.14174	1.14176	106	0	0
2026.07.23	04:05:00	1.14176	1.14187	1.14175	1.14185	140	0	0
2026.07.23	04:06:00	1.14185	1.14185	1.14170	1.14173	117	0	0
2026.07.23	04:07:00	1.14173	1.14187	1.14171	1.14185	115	0	0
2026.07.23	04:08:00	1.14185	1.14189	1.14181	1.14181	97	0	0
2026.07.23	04:09:00	1.14181	1.14186	1.14180	1.14185	78	0	0
2026.07.23	04:10:00	1.14185	1.14189	1.14173	1.14174	157	0	0
2026.07.23	04:11:00	1.14174	1.14182	1.14174	1.14181	96	0	0
2026.07.23	04:12:00	1.14181	1.14187	1.14180	1.14187	92	0	0
2026.07.23	04:13:00	1.14187	1.14187	1.14180	1.14182	95	0	0
2026.07.23	04:14:00	1.14182	1.14182	1.14171	1.14174	137	0	0
2026.07.23	04:15:00	1.14174	1.14181	1.14166	1.14176	185	0	0
2026.07.23	04:16:00	1.14176	1.14182	1.14172	1.14176	147	0	0
2026.07.23	04:17:00	1.14177	1.14179	1.14170	1.14177	144	0	0
2026.07.23	04:18:00	1.14177	1.14183	1.14176	1.14180	130	0	0
2026.07.23	04:19:00	1.14180	1.14180	1.14173	1.14175	150	0	0
2026.07.23	04:20:00	1.14175	1.14175	1.14167	1.14174	96	0	0
2026.07.23	04:21:00	1.14173	1.14179	1.14173	1.14177	121	0	0
2026.07.23	04:22:00	1.14177	1.14181	1.14174	1.14178	100	0	0
2026.07.23	04:23:00	1.14178	1.14186	1.14177	1.14185	85	0	0
2026.07.23	04:24:00	1.14185	1.14186	1.14176	1.14177	99	0	0
2026.07.23	04:25:00	1.14177	1.14179	1.14174	1.14178	70	0	0
2026.07.23	04:26:00	1.14178	1.14184	1.14175	1.14181	41	0	0
2026.07.23	04:27:00	1.14181	1.14189	1.14181	1.14183	76	0	0
2026.07.23	04:28:00	1.14183	1.14183	1.14177	1.14179	43	0	0
2026.07.23	04:29:00	1.14179	1.14179	1.14173	1.14175	88	0	0
2026.07.23	04:30:00	1.14175	1.14196	1.14173	1.14176	345	0	0
2026.07.23	04:31:00	1.14176	1.14187	1.14173	1.14178	182	0	0
2026.07.23	04:32:00	1.14178	1.14192	1.14174	1.14190	175	0	0
2026.07.23	04:33:00	1.14192	1.14197	1.14187	1.14194	235	0	0
2026.07.23	04:34:00	1.14194	1.14201	1.14190	1.14199	224	0	0
2026.07.23	04:35:00	1.14199	1.14204	1.14193	1.14202	178	0	0
2026.07.23	04:36:00	1.14202	1.14203	1.14190	1.14198	214	0	0
2026.07.23	04:37:00	1.14199	1.14203	1.14184	1.14187	173	0	0
2026.07.23	04:38:00	1.14187	1.14188	1.14179	1.14179	181	0	0
2026.07.23	04:39:00	1.14179	1.14185	1.14173	1.14177	163	0	0
2026.07.23	04:40:00	1.14177	1.14195	1.14169	1.14192	197	0	0
2026.07.23	04:41:00	1.14192	1.14202	1.14189	1.14198	153	0	0
2026.07.23	04:42:00	1.14198	1.14200	1.14189	1.14194	165	0	0
2026.07.23	04:43:00	1.14194	1.14195	1.14185	1.14186	168	0	0
2026.07.23	04:44:00	1.14186	1.14190	1.14175	1.14175	158	0	0
2026.07.23	04:45:00	1.14175	1.14179	1.14169	1.14174	172	0	0
2026.07.23	04:46:00	1.14174	1.14178	1.14165	1.14168	172	0	0
2026.07.23	04:47:00	1.14168	1.14171	1.14165	1.14165	130	0	0
2026.07.23	04:48:00	1.14165	1.14169	1.14160	1.14164	166	0	0
2026.07.23	04:49:00	1.14163	1.14173	1.14161	1.14171	170	0	0
2026.07.23	04:50:00	1.14171	1.14178	1.14166	1.14178	149	0	0
2026.07.23	04:51:00	1.14176	1.14181	1.14168	1.14170	197	0	0
2026.07.23	04:52:00	1.14170	1.14175	1.14161	1.14175	182	0	0
2026.07.23	04:53:00	1.14175	1.14177	1.14170	1.14173	155	0	0
2026.07.23	04:54:00	1.14172	1.14180	1.14170	1.14174	145	0	0
2026.07.23	04:55:00	1.14174	1.14177	1.14170	1.14171	203	0	0
2026.07.23	04:56:00	1.14171	1.14175	1.14165	1.14171	135	0	0
2026.07.23	04:57:00	1.14170	1.14177	1.14160	1.14166	189	0	0
2026.07.23	04:58:00	1.14166	1.14170	1.14163	1.14167	135	0	0
2026.07.23	04:59:00	1.14167	1.14167	1.14161	1.14165	146	0	0
2026.07.23	05:00:00	1.14165	1.14173	1.14161	1.14167	168	0	0
2026.07.23	05:01:00	1.14167	1.14175	1.14165	1.14175	180	0	0
2026.07.23	05:02:00	1.14175	1.14180	1.14173	1.14177	141	0	0
2026.07.23	05:03:00	1.14176	1.14179	1.14174	1.14176	105	0	0
2026.07.23	05:04:00	1.14176	1.14179	1.14174	1.14179	98	0	0
2026.07.23	05:05:00	1.14178	1.14181	1.14169	1.14180	161	0	0
2026.07.23	05:06:00	1.14180	1.14184	1.14173	1.14176	91	0	0
2026.07.23	05:07:00	1.14176	1.14182	1.14174	1.14180	74	0	0
2026.07.23	05:08:00	1.14179	1.14183	1.14178	1.14181	116	0	0
2026.07.23	05:09:00	1.14180	1.14189	1.14179	1.14182	96	0	0
2026.07.23	05:10:00	1.14182	1.14183	1.14179	1.14179	52	0	0
2026.07.23	05:11:00	1.14179	1.14181	1.14174	1.14179	88	0	0
2026.07.23	05:12:00	1.14179	1.14180	1.14173	1.14175	78	0	0
2026.07.23	05:13:00	1.14175	1.14187	1.14174	1.14185	113	0	0
2026.07.23	05:14:00	1.14184	1.14188	1.14180	1.14182	86	0	0
2026.07.23	05:15:00	1.14183	1.14188	1.14180	1.14184	126	0	0
2026.07.23	05:16:00	1.14184	1.14187	1.14180	1.14184	149	0	0
2026.07.23	05:17:00	1.14184	1.14187	1.14180	1.14182	119	0	0
2026.07.23	05:18:00	1.14182	1.14188	1.14178	1.14184	161	0	0
2026.07.23	05:19:00	1.14184	1.14189	1.14183	1.14186	63	0	0
2026.07.23	05:20:00	1.14186	1.14190	1.14185	1.14188	77	0	0
2026.07.23	05:21:00	1.14188	1.14189	1.14184	1.14188	128	0	0
2026.07.23	05:22:00	1.14188	1.14193	1.14184	1.14189	83	0	0
2026.07.23	05:23:00	1.14188	1.14203	1.14185	1.14200	87	0	0
2026.07.23	05:24:00	1.14200	1.14206	1.14200	1.14203	66	0	0
2026.07.23	05:25:00	1.14203	1.14204	1.14197	1.14202	80	0	0
2026.07.23	05:26:00	1.14202	1.14205	1.14199	1.14200	60	0	0
2026.07.23	05:27:00	1.14201	1.14203	1.14195	1.14198	66	0	0
2026.07.23	05:28:00	1.14198	1.14203	1.14196	1.14196	76	0	0
2026.07.23	05:29:00	1.14196	1.14205	1.14196	1.14204	73	0	0
2026.07.23	05:30:00	1.14204	1.14217	1.14203	1.14214	153	0	0
2026.07.23	05:31:00	1.14215	1.14219	1.14211	1.14217	153	0	0
2026.07.23	05:32:00	1.14218	1.14220	1.14210	1.14216	112	0	0
2026.07.23	05:33:00	1.14216	1.14231	1.14215	1.14231	164	0	0
2026.07.23	05:34:00	1.14231	1.14241	1.14229	1.14233	145	0	0
2026.07.23	05:35:00	1.14233	1.14239	1.14230	1.14237	141	0	0
2026.07.23	05:36:00	1.14235	1.14248	1.14234	1.14244	133	0	0
2026.07.23	05:37:00	1.14244	1.14249	1.14235	1.14242	119	0	0
2026.07.23	05:38:00	1.14242	1.14245	1.14235	1.14237	94	0	0
2026.07.23	05:39:00	1.14237	1.14243	1.14236	1.14242	43	0	0
2026.07.23	05:40:00	1.14242	1.14248	1.14240	1.14244	79	0	0
2026.07.23	05:41:00	1.14244	1.14254	1.14244	1.14254	98	0	0
2026.07.23	05:42:00	1.14254	1.14258	1.14253	1.14258	58	0	0
2026.07.23	05:43:00	1.14258	1.14262	1.14254	1.14256	92	0	0
2026.07.23	05:44:00	1.14256	1.14260	1.14250	1.14255	94	0	0
2026.07.23	05:45:00	1.14255	1.14260	1.14254	1.14258	78	0	0
2026.07.23	05:46:00	1.14258	1.14278	1.14255	1.14272	165	0	0
2026.07.23	05:47:00	1.14272	1.14273	1.14261	1.14266	100	0	0
2026.07.23	05:48:00	1.14266	1.14272	1.14260	1.14268	107	0	0
2026.07.23	05:49:00	1.14269	1.14270	1.14262	1.14263	82	0	0
2026.07.23	05:50:00	1.14262	1.14269	1.14261	1.14267	114	0	0
2026.07.23	05:51:00	1.14267	1.14269	1.14257	1.14268	125	0	0
2026.07.23	05:52:00	1.14268	1.14269	1.14257	1.14263	91	0	0
2026.07.23	05:53:00	1.14263	1.14267	1.14263	1.14266	72	0	0
2026.07.23	05:54:00	1.14267	1.14268	1.14263	1.14266	62	0	0
2026.07.23	05:55:00	1.14266	1.14272	1.14265	1.14267	63	0	0
2026.07.23	05:56:00	1.14267	1.14268	1.14263	1.14266	96	0	0
2026.07.23	05:57:00	1.14266	1.14273	1.14264	1.14271	67	0	0
2026.07.23	05:58:00	1.14271	1.14279	1.14271	1.14276	93	0	0
2026.07.23	05:59:00	1.14276	1.14284	1.14275	1.14275	106	0	0
2026.07.23	06:00:00	1.14275	1.14294	1.14275	1.14288	140	0	0
2026.07.23	06:01:00	1.14288	1.14288	1.14280	1.14283	140	0	0
2026.07.23	06:02:00	1.14283	1.14286	1.14279	1.14280	107	0	0
2026.07.23	06:03:00	1.14280	1.14282	1.14270	1.14271	141	0	0
2026.07.23	06:04:00	1.14271	1.14273	1.14265	1.14265	113	0	0
2026.07.23	06:05:00	1.14265	1.14270	1.14261	1.14269	127	0	0
2026.07.23	06:06:00	1.14269	1.14270	1.14265	1.14266	81	0	0
2026.07.23	06:07:00	1.14266	1.14267	1.14256	1.14262	159	0	0
2026.07.23	06:08:00	1.14262	1.14264	1.14258	1.14262	91	0	0
2026.07.23	06:09:00	1.14261	1.14269	1.14260	1.14269	79	0	0
2026.07.23	06:10:00	1.14269	1.14271	1.14261	1.14263	56	0	0
2026.07.23	06:11:00	1.14263	1.14265	1.14260	1.14265	87	0	0
2026.07.23	06:12:00	1.14265	1.14265	1.14252	1.14255	134	0	0
2026.07.23	06:13:00	1.14255	1.14256	1.14245	1.14251	118	0	0
2026.07.23	06:14:00	1.14251	1.14251	1.14235	1.14235	173	0	0
2026.07.23	06:15:00	1.14235	1.14241	1.14232	1.14240	154	0	0
2026.07.23	06:16:00	1.14240	1.14258	1.14240	1.14256	153	0	0
2026.07.23	06:17:00	1.14256	1.14267	1.14254	1.14265	142	0	0
2026.07.23	06:18:00	1.14265	1.14268	1.14257	1.14260	130	0	0
2026.07.23	06:19:00	1.14260	1.14270	1.14259	1.14270	107	0	0
2026.07.23	06:20:00	1.14270	1.14272	1.14265	1.14270	183	0	0
2026.07.23	06:21:00	1.14269	1.14276	1.14269	1.14274	32	0	0
2026.07.23	06:22:00	1.14274	1.14280	1.14270	1.14278	129	0	0
2026.07.23	06:23:00	1.14278	1.14279	1.14274	1.14279	102	0	0
2026.07.23	06:24:00	1.14279	1.14283	1.14274	1.14283	75	0	0
2026.07.23	06:25:00	1.14283	1.14283	1.14275	1.14278	100	0	0
2026.07.23	06:26:00	1.14278	1.14281	1.14274	1.14279	44	0	0
2026.07.23	06:27:00	1.14279	1.14282	1.14276	1.14279	97	0	0
2026.07.23	06:28:00	1.14279	1.14289	1.14276	1.14288	101	0	0
2026.07.23	06:29:00	1.14288	1.14290	1.14282	1.14288	83	0	0
2026.07.23	06:30:00	1.14287	1.14288	1.14282	1.14283	125	0	0
2026.07.23	06:31:00	1.14283	1.14286	1.14278	1.14279	121	0	0
2026.07.23	06:32:00	1.14279	1.14284	1.14277	1.14282	61	0	0
2026.07.23	06:33:00	1.14282	1.14287	1.14280	1.14284	67	0	0
2026.07.23	06:34:00	1.14284	1.14297	1.14283	1.14294	118	0	0
2026.07.23	06:35:00	1.14294	1.14294	1.14289	1.14293	114	0	0
2026.07.23	06:36:00	1.14293	1.14294	1.14290	1.14292	51	0	0
2026.07.23	06:37:00	1.14292	1.14298	1.14291	1.14295	56	0	0
2026.07.23	06:38:00	1.14294	1.14299	1.14292	1.14297	102	0	0
2026.07.23	06:39:00	1.14298	1.14301	1.14294	1.14297	97	0	0
2026.07.23	06:40:00	1.14297	1.14299	1.14294	1.14296	113	0	0
2026.07.23	06:41:00	1.14296	1.14302	1.14294	1.14300	93	0	0
2026.07.23	06:42:00	1.14300	1.14301	1.14294	1.14296	122	0	0
2026.07.23	06:43:00	1.14296	1.14300	1.14294	1.14295	150	0	0
2026.07.23	06:44:00	1.14295	1.14301	1.14293	1.14298	101	0	0
2026.07.23	06:45:00	1.14298	1.14305	1.14296	1.14303	146	0	0
2026.07.23	06:46:00	1.14303	1.14307	1.14291	1.14293	118	0	0
2026.07.23	06:47:00	1.14293	1.14295	1.14291	1.14292	117	0	0
2026.07.23	06:48:00	1.14292	1.14297	1.14286	1.14292	168	0	0
2026.07.23	06:49:00	1.14292	1.14299	1.14290	1.14299	148	0	0
2026.07.23	06:50:00	1.14299	1.14301	1.14295	1.14298	131	0	0
2026.07.23	06:51:00	1.14298	1.14299	1.14295	1.14296	189	0	0
2026.07.23	06:52:00	1.14296	1.14299	1.14295	1.14298	141	0	0
2026.07.23	06:53:00	1.14298	1.14299	1.14295	1.14297	112	0	0
2026.07.23	06:54:00	1.14296	1.14298	1.14293	1.14298	92	0	0
2026.07.23	06:55:00	1.14297	1.14301	1.14293	1.14296	155	0	0
2026.07.23	06:56:00	1.14296	1.14302	1.14296	1.14298	97	0	0
2026.07.23	06:57:00	1.14298	1.14305	1.14297	1.14298	99	0	0
2026.07.23	06:58:00	1.14298	1.14300	1.14294	1.14295	86	0	0
2026.07.23	06:59:00	1.14295	1.14296	1.14289	1.14291	96	0	0
2026.07.23	07:00:00	1.14291	1.14295	1.14283	1.14289	196	0	0
2026.07.23	07:01:00	1.14289	1.14293	1.14288	1.14292	109	0	0
2026.07.23	07:02:00	1.14292	1.14296	1.14290	1.14292	141	0	0
2026.07.23	07:03:00	1.14292	1.14294	1.14290	1.14292	104	0	0
2026.07.23	07:04:00	1.14292	1.14297	1.14290	1.14292	108	0	0
2026.07.23	07:05:00	1.14292	1.14294	1.14289	1.14292	124	0	0
2026.07.23	07:06:00	1.14292	1.14300	1.14286	1.14299	147	0	0
2026.07.23	07:07:00	1.14299	1.14312	1.14296	1.14311	134	0	0
2026.07.23	07:08:00	1.14311	1.14344	1.14310	1.14343	263	0	0
2026.07.23	07:09:00	1.14341	1.14344	1.14334	1.14343	170	0	0
2026.07.23	07:10:00	1.14343	1.14350	1.14341	1.14347	140	0	0
2026.07.23	07:11:00	1.14347	1.14351	1.14343	1.14346	169	0	0
2026.07.23	07:12:00	1.14346	1.14352	1.14343	1.14351	100	0	0
2026.07.23	07:13:00	1.14351	1.14357	1.14340	1.14343	163	0	0
2026.07.23	07:14:00	1.14344	1.14346	1.14333	1.14340	166	0	0
2026.07.23	07:15:00	1.14340	1.14343	1.14332	1.14335	164	0	0
2026.07.23	07:16:00	1.14335	1.14343	1.14333	1.14339	189	0	0
2026.07.23	07:17:00	1.14339	1.14342	1.14312	1.14318	154	0	0
2026.07.23	07:18:00	1.14317	1.14318	1.14308	1.14310	116	0	0
2026.07.23	07:19:00	1.14310	1.14313	1.14307	1.14308	86	0	0
2026.07.23	07:20:00	1.14308	1.14313	1.14306	1.14310	51	0	0
2026.07.23	07:21:00	1.14310	1.14318	1.14310	1.14318	47	0	0
2026.07.23	07:22:00	1.14318	1.14321	1.14314	1.14318	79	0	0
2026.07.23	07:23:00	1.14318	1.14327	1.14316	1.14323	75	0	0
2026.07.23	07:24:00	1.14323	1.14328	1.14321	1.14325	96	0	0
2026.07.23	07:25:00	1.14325	1.14338	1.14323	1.14338	90	0	0
2026.07.23	07:26:00	1.14338	1.14340	1.14333	1.14337	112	0	0
2026.07.23	07:27:00	1.14337	1.14343	1.14335	1.14342	152	0	0
2026.07.23	07:28:00	1.14342	1.14345	1.14339	1.14344	152	0	0
2026.07.23	07:29:00	1.14344	1.14351	1.14341	1.14349	143	0	0
2026.07.23	07:30:00	1.14349	1.14355	1.14345	1.14347	203	0	0
2026.07.23	07:31:00	1.14346	1.14349	1.14339	1.14348	147	0	0
2026.07.23	07:32:00	1.14348	1.14357	1.14345	1.14355	144	0	0
2026.07.23	07:33:00	1.14355	1.14358	1.14351	1.14352	67	0	0
2026.07.23	07:34:00	1.14352	1.14352	1.14347	1.14349	50	0	0
2026.07.23	07:35:00	1.14347	1.14349	1.14342	1.14346	108	0	0
2026.07.23	07:36:00	1.14346	1.14347	1.14343	1.14344	37	0	0
2026.07.23	07:37:00	1.14344	1.14347	1.14343	1.14343	78	0	0
2026.07.23	07:38:00	1.14343	1.14346	1.14338	1.14338	60	0	0
2026.07.23	07:39:00	1.14338	1.14338	1.14335	1.14336	55	0	0
2026.07.23	07:40:00	1.14336	1.14338	1.14326	1.14327	57	0	0
2026.07.23	07:41:00	1.14327	1.14327	1.14321	1.14324	54	0	0
2026.07.23	07:42:00	1.14324	1.14328	1.14324	1.14327	56	0	0
2026.07.23	07:43:00	1.14327	1.14327	1.14323	1.14324	44	0	0
2026.07.23	07:44:00	1.14324	1.14329	1.14319	1.14319	66	0	0
2026.07.23	07:45:00	1.14319	1.14322	1.14318	1.14322	40	0	0
2026.07.23	07:46:00	1.14322	1.14326	1.14318	1.14318	75	0	0
2026.07.23	07:47:00	1.14318	1.14343	1.14318	1.14343	106	0	0
2026.07.23	07:48:00	1.14343	1.14343	1.14326	1.14329	103	0	0
2026.07.23	07:49:00	1.14329	1.14329	1.14320	1.14324	84	0	0
2026.07.23	07:50:00	1.14324	1.14329	1.14319	1.14324	87	0	0
2026.07.23	07:51:00	1.14323	1.14329	1.14319	1.14320	121	0	0
2026.07.23	07:52:00	1.14321	1.14324	1.14320	1.14320	123	0	0
2026.07.23	07:53:00	1.14320	1.14323	1.14319	1.14320	84	0	0
2026.07.23	07:54:00	1.14320	1.14323	1.14314	1.14317	152	0	0
2026.07.23	07:55:00	1.14317	1.14324	1.14312	1.14313	121	0	0
2026.07.23	07:56:00	1.14313	1.14313	1.14297	1.14303	133	0	0
2026.07.23	07:57:00	1.14303	1.14313	1.14302	1.14313	114	0	0
2026.07.23	07:58:00	1.14313	1.14327	1.14310	1.14325	81	0	0
2026.07.23	07:59:00	1.14325	1.14329	1.14324	1.14326	84	0	0
2026.07.23	08:00:00	1.14326	1.14337	1.14325	1.14335	169	0	0
2026.07.23	08:01:00	1.14334	1.14349	1.14330	1.14338	141	0	0
2026.07.23	08:02:00	1.14338	1.14351	1.14337	1.14345	112	0	0
2026.07.23	08:03:00	1.14345	1.14347	1.14333	1.14335	97	0	0
2026.07.23	08:04:00	1.14335	1.14339	1.14333	1.14338	97	0	0
2026.07.23	08:05:00	1.14338	1.14345	1.14332	1.14335	128	0	0
2026.07.23	08:06:00	1.14335	1.14337	1.14330	1.14330	61	0	0
2026.07.23	08:07:00	1.14331	1.14347	1.14330	1.14343	101	0	0
2026.07.23	08:08:00	1.14343	1.14346	1.14340	1.14342	67	0	0
2026.07.23	08:09:00	1.14342	1.14344	1.14339	1.14340	67	0	0
2026.07.23	08:10:00	1.14340	1.14347	1.14340	1.14345	80	0	0
2026.07.23	08:11:00	1.14346	1.14347	1.14337	1.14339	100	0	0
2026.07.23	08:12:00	1.14339	1.14340	1.14333	1.14338	90	0	0
2026.07.23	08:13:00	1.14337	1.14338	1.14333	1.14335	73	0	0
2026.07.23	08:14:00	1.14335	1.14337	1.14324	1.14324	103	0	0
2026.07.23	08:15:00	1.14324	1.14326	1.14307	1.14310	125	0	0
2026.07.23	08:16:00	1.14310	1.14311	1.14303	1.14310	92	0	0
2026.07.23	08:17:00	1.14310	1.14310	1.14300	1.14304	90	0	0
2026.07.23	08:18:00	1.14304	1.14307	1.14302	1.14304	46	0	0
2026.07.23	08:19:00	1.14304	1.14304	1.14299	1.14303	68	0	0
2026.07.23	08:20:00	1.14303	1.14310	1.14299	1.14308	106	0	0
2026.07.23	08:21:00	1.14308	1.14311	1.14302	1.14303	70	0	0
2026.07.23	08:22:00	1.14303	1.14307	1.14293	1.14294	125	0	0
2026.07.23	08:23:00	1.14294	1.14295	1.14286	1.14288	78	0	0
2026.07.23	08:24:00	1.14288	1.14297	1.14287	1.14295	107	0	0
2026.07.23	08:25:00	1.14295	1.14299	1.14292	1.14293	66	0	0
2026.07.23	08:26:00	1.14293	1.14297	1.14292	1.14297	89	0	0
2026.07.23	08:27:00	1.14297	1.14301	1.14293	1.14300	102	0	0
2026.07.23	08:28:00	1.14300	1.14302	1.14297	1.14298	70	0	0
2026.07.23	08:29:00	1.14299	1.14307	1.14299	1.14306	99	0	0
2026.07.23	08:30:00	1.14306	1.14307	1.14296	1.14297	162	0	0
2026.07.23	08:31:00	1.14297	1.14301	1.14292	1.14297	91	0	0
2026.07.23	08:32:00	1.14297	1.14298	1.14289	1.14295	85	0	0
2026.07.23	08:33:00	1.14295	1.14299	1.14293	1.14297	78	0	0
2026.07.23	08:34:00	1.14297	1.14302	1.14297	1.14297	115	0	0
2026.07.23	08:35:00	1.14297	1.14300	1.14289	1.14294	85	0	0
2026.07.23	08:36:00	1.14293	1.14307	1.14291	1.14306	76	0	0
2026.07.23	08:37:00	1.14306	1.14308	1.14298	1.14303	72	0	0
2026.07.23	08:38:00	1.14303	1.14311	1.14303	1.14306	66	0	0
2026.07.23	08:39:00	1.14306	1.14306	1.14296	1.14298	110	0	0
2026.07.23	08:40:00	1.14298	1.14302	1.14290	1.14296	113	0	0
2026.07.23	08:41:00	1.14296	1.14302	1.14293	1.14295	73	0	0
2026.07.23	08:42:00	1.14295	1.14297	1.14292	1.14293	48	0	0
2026.07.23	08:43:00	1.14293	1.14301	1.14292	1.14293	100	0	0
2026.07.23	08:44:00	1.14294	1.14302	1.14294	1.14300	74	0	0
2026.07.23	08:45:00	1.14300	1.14306	1.14300	1.14301	43	0	0
2026.07.23	08:46:00	1.14301	1.14308	1.14298	1.14302	81	0	0
2026.07.23	08:47:00	1.14302	1.14305	1.14300	1.14302	56	0	0
2026.07.23	08:48:00	1.14303	1.14305	1.14299	1.14304	50	0	0
2026.07.23	08:49:00	1.14304	1.14307	1.14298	1.14298	57	0	0
2026.07.23	08:50:00	1.14298	1.14299	1.14293	1.14296	71	0	0
2026.07.23	08:51:00	1.14296	1.14296	1.14293	1.14295	63	0	0
2026.07.23	08:52:00	1.14295	1.14299	1.14294	1.14296	100	0	0
2026.07.23	08:53:00	1.14296	1.14299	1.14294	1.14296	59	0	0
2026.07.23	08:54:00	1.14296	1.14300	1.14293	1.14295	67	0	0
2026.07.23	08:55:00	1.14295	1.14314	1.14293	1.14313	117	0	0
2026.07.23	08:56:00	1.14313	1.14318	1.14299	1.14307	146	0	0
2026.07.23	08:57:00	1.14307	1.14307	1.14299	1.14303	74	0	0
2026.07.23	08:58:00	1.14303	1.14309	1.14301	1.14304	95	0	0
2026.07.23	08:59:00	1.14304	1.14306	1.14297	1.14299	66	0	0
2026.07.23	09:00:00	1.14299	1.14319	1.14292	1.14308	312	0	0
2026.07.23	09:01:00	1.14308	1.14318	1.14307	1.14313	210	0	0
2026.07.23	09:02:00	1.14314	1.14323	1.14307	1.14310	201	0	0
2026.07.23	09:03:00	1.14309	1.14320	1.14309	1.14318	141	0	0
2026.07.23	09:04:00	1.14318	1.14331	1.14303	1.14307	216	0	0
2026.07.23	09:05:00	1.14308	1.14314	1.14306	1.14310	149	0	0
2026.07.23	09:06:00	1.14310	1.14310	1.14294	1.14304	160	0	0
2026.07.23	09:07:00	1.14304	1.14305	1.14283	1.14288	134	0	0
2026.07.23	09:08:00	1.14288	1.14296	1.14285	1.14294	159	0	0
2026.07.23	09:09:00	1.14294	1.14298	1.14288	1.14289	159	0	0
2026.07.23	09:10:00	1.14289	1.14307	1.14288	1.14304	150	0	0
2026.07.23	09:11:00	1.14305	1.14314	1.14303	1.14308	112	0	0
2026.07.23	09:12:00	1.14308	1.14315	1.14299	1.14304	166	0	0
2026.07.23	09:13:00	1.14304	1.14315	1.14303	1.14313	131	0	0
2026.07.23	09:14:00	1.14313	1.14318	1.14313	1.14315	54	0	0
2026.07.23	09:15:00	1.14315	1.14319	1.14312	1.14312	186	0	0
2026.07.23	09:16:00	1.14314	1.14316	1.14308	1.14313	195	0	0
2026.07.23	09:17:00	1.14313	1.14313	1.14302	1.14305	220	0	0
2026.07.23	09:18:00	1.14304	1.14310	1.14297	1.14303	211	0	0
2026.07.23	09:19:00	1.14302	1.14311	1.14290	1.14292	236	0	0
2026.07.23	09:20:00	1.14292	1.14294	1.14287	1.14290	133	0	0
2026.07.23	09:21:00	1.14290	1.14299	1.14290	1.14299	78	0	0
2026.07.23	09:22:00	1.14299	1.14302	1.14293	1.14298	68	0	0
2026.07.23	09:23:00	1.14298	1.14301	1.14294	1.14296	75	0	0
2026.07.23	09:24:00	1.14296	1.14297	1.14293	1.14296	71	0	0
2026.07.23	09:25:00	1.14296	1.14296	1.14284	1.14287	93	0	0
2026.07.23	09:26:00	1.14287	1.14290	1.14277	1.14289	139	0	0
2026.07.23	09:27:00	1.14289	1.14290	1.14284	1.14290	77	0	0
2026.07.23	09:28:00	1.14290	1.14290	1.14279	1.14281	106	0	0
2026.07.23	09:29:00	1.14281	1.14288	1.14277	1.14286	125	0	0
2026.07.23	09:30:00	1.14286	1.14288	1.14271	1.14283	184	0	0
2026.07.23	09:31:00	1.14283	1.14283	1.14271	1.14273	162	0	0
2026.07.23	09:32:00	1.14273	1.14277	1.14265	1.14272	167	0	0
2026.07.23	09:33:00	1.14272	1.14274	1.14269	1.14273	99	0	0
2026.07.23	09:34:00	1.14273	1.14274	1.14266	1.14271	141	0	0
2026.07.23	09:35:00	1.14271	1.14272	1.14259	1.14265	89	0	0
2026.07.23	09:36:00	1.14265	1.14268	1.14262	1.14268	65	0	0
2026.07.23	09:37:00	1.14268	1.14276	1.14266	1.14270	89	0	0
2026.07.23	09:38:00	1.14270	1.14270	1.14258	1.14265	113	0	0
2026.07.23	09:39:00	1.14265	1.14267	1.14253	1.14256	119	0	0
2026.07.23	09:40:00	1.14256	1.14263	1.14254	1.14256	107	0	0
2026.07.23	09:41:00	1.14255	1.14257	1.14245	1.14256	141	0	0
2026.07.23	09:42:00	1.14256	1.14263	1.14252	1.14255	197	0	0
2026.07.23	09:43:00	1.14256	1.14266	1.14255	1.14266	121	0	0
2026.07.23	09:44:00	1.14266	1.14273	1.14263	1.14265	161	0	0
2026.07.23	09:45:00	1.14266	1.14272	1.14260	1.14268	147	0	0
2026.07.23	09:46:00	1.14268	1.14273	1.14265	1.14272	142	0	0
2026.07.23	09:47:00	1.14272	1.14274	1.14268	1.14272	156	0	0
2026.07.23	09:48:00	1.14272	1.14277	1.14270	1.14276	86	0	0
2026.07.23	09:49:00	1.14276	1.14281	1.14273	1.14276	123	0	0
2026.07.23	09:50:00	1.14276	1.14278	1.14269	1.14273	172	0	0
2026.07.23	09:51:00	1.14273	1.14276	1.14268	1.14273	143	0	0
2026.07.23	09:52:00	1.14275	1.14275	1.14265	1.14269	143	0	0
2026.07.23	09:53:00	1.14268	1.14272	1.14259	1.14263	132	0	0
2026.07.23	09:54:00	1.14263	1.14265	1.14255	1.14259	169	0	0
2026.07.23	09:55:00	1.14259	1.14261	1.14238	1.14247	196	0	0
2026.07.23	09:56:00	1.14247	1.14252	1.14242	1.14247	141	0	0
2026.07.23	09:57:00	1.14247	1.14250	1.14240	1.14250	116	0	0
2026.07.23	09:58:00	1.14251	1.14252	1.14243	1.14246	208	0	0
2026.07.23	09:59:00	1.14248	1.14260	1.14247	1.14254	172	0	0
2026.07.23	10:00:00	1.14254	1.14258	1.14241	1.14253	309	0	0
2026.07.23	10:01:00	1.14254	1.14267	1.14253	1.14257	314	0	0
2026.07.23	10:02:00	1.14256	1.14256	1.14243	1.14249	274	0	0
2026.07.23	10:03:00	1.14249	1.14252	1.14229	1.14234	319	0	0
2026.07.23	10:04:00	1.14234	1.14236	1.14220	1.14220	254	0	0
2026.07.23	10:05:00	1.14220	1.14237	1.14220	1.14229	210	0	0
2026.07.23	10:06:00	1.14229	1.14235	1.14229	1.14229	223	0	0
2026.07.23	10:07:00	1.14229	1.14243	1.14227	1.14230	186	0	0
2026.07.23	10:08:00	1.14230	1.14233	1.14225	1.14230	131	0	0
2026.07.23	10:09:00	1.14230	1.14237	1.14228	1.14237	195	0	0
2026.07.23	10:10:00	1.14237	1.14254	1.14229	1.14254	197	0	0
2026.07.23	10:11:00	1.14254	1.14254	1.14238	1.14240	217	0	0
2026.07.23	10:12:00	1.14239	1.14251	1.14237	1.14250	320	0	0
2026.07.23	10:13:00	1.14250	1.14260	1.14244	1.14251	260	0	0
2026.07.23	10:14:00	1.14251	1.14271	1.14248	1.14270	197	0	0
2026.07.23	10:15:00	1.14269	1.14273	1.14265	1.14270	203	0	0
2026.07.23	10:16:00	1.14270	1.14271	1.14265	1.14270	180	0	0
2026.07.23	10:17:00	1.14270	1.14271	1.14262	1.14266	183	0	0
2026.07.23	10:18:00	1.14266	1.14269	1.14256	1.14263	209	0	0
2026.07.23	10:19:00	1.14263	1.14277	1.14263	1.14271	148	0	0
2026.07.23	10:20:00	1.14271	1.14271	1.14262	1.14266	131	0	0
2026.07.23	10:21:00	1.14266	1.14270	1.14259	1.14266	133	0	0
2026.07.23	10:22:00	1.14266	1.14273	1.14262	1.14264	161	0	0
2026.07.23	10:23:00	1.14264	1.14265	1.14252	1.14254	198	0	0
2026.07.23	10:24:00	1.14254	1.14256	1.14238	1.14240	142	0	0
2026.07.23	10:25:00	1.14240	1.14257	1.14240	1.14255	171	0	0
2026.07.23	10:26:00	1.14255	1.14261	1.14253	1.14255	121	0	0
2026.07.23	10:27:00	1.14255	1.14257	1.14241	1.14243	132	0	0
2026.07.23	10:28:00	1.14243	1.14251	1.14238	1.14248	153	0	0
2026.07.23	10:29:00	1.14249	1.14261	1.14247	1.14256	187	0	0
2026.07.23	10:30:00	1.14256	1.14261	1.14252	1.14258	164	0	0
2026.07.23	10:31:00	1.14258	1.14258	1.14248	1.14251	117	0	0
2026.07.23	10:32:00	1.14250	1.14262	1.14249	1.14262	193	0	0
2026.07.23	10:33:00	1.14262	1.14276	1.14259	1.14268	167	0	0
2026.07.23	10:34:00	1.14268	1.14270	1.14262	1.14267	152	0	0
2026.07.23	10:35:00	1.14267	1.14271	1.14259	1.14267	125	0	0
2026.07.23	10:36:00	1.14267	1.14267	1.14260	1.14262	119	0	0
2026.07.23	10:37:00	1.14263	1.14270	1.14258	1.14268	114	0	0
2026.07.23	10:38:00	1.14267	1.14268	1.14254	1.14258	128	0	0
2026.07.23	10:39:00	1.14258	1.14260	1.14251	1.14255	208	0	0
2026.07.23	10:40:00	1.14255	1.14263	1.14254	1.14262	125	0	0
2026.07.23	10:41:00	1.14262	1.14262	1.14249	1.14253	111	0	0
2026.07.23	10:42:00	1.14253	1.14260	1.14242	1.14243	173	0	0
2026.07.23	10:43:00	1.14243	1.14244	1.14223	1.14232	266	0	0
2026.07.23	10:44:00	1.14232	1.14232	1.14222	1.14226	172	0	0
2026.07.23	10:45:00	1.14226	1.14232	1.14217	1.14227	235	0	0
2026.07.23	10:46:00	1.14227	1.14227	1.14208	1.14209	302	0	0
2026.07.23	10:47:00	1.14209	1.14221	1.14197	1.14212	249	0	0
2026.07.23	10:48:00	1.14212	1.14233	1.14209	1.14231	197	0	0
2026.07.23	10:49:00	1.14232	1.14240	1.14225	1.14237	220	0	0
2026.07.23	10:50:00	1.14237	1.14256	1.14231	1.14250	252	0	0
2026.07.23	10:51:00	1.14250	1.14257	1.14248	1.14249	198	0	0
2026.07.23	10:52:00	1.14249	1.14249	1.14237	1.14242	210	0	0
2026.07.23	10:53:00	1.14242	1.14242	1.14229	1.14231	164	0	0
2026.07.23	10:54:00	1.14230	1.14232	1.14222	1.14226	224	0	0
2026.07.23	10:55:00	1.14226	1.14243	1.14218	1.14241	318	0	0
2026.07.23	10:56:00	1.14240	1.14253	1.14237	1.14247	356	0	0
2026.07.23	10:57:00	1.14247	1.14257	1.14240	1.14246	253	0	0
2026.07.23	10:58:00	1.14246	1.14252	1.14244	1.14247	174	0	0
2026.07.23	10:59:00	1.14246	1.14249	1.14242	1.14244	187	0	0
2026.07.23	11:00:00	1.14245	1.14253	1.14238	1.14243	283	0	0
2026.07.23	11:01:00	1.14243	1.14248	1.14229	1.14233	264	0	0
2026.07.23	11:02:00	1.14234	1.14239	1.14230	1.14235	217	0	0
2026.07.23	11:03:00	1.14234	1.14241	1.14225	1.14226	228	0	0
2026.07.23	11:04:00	1.14226	1.14234	1.14223	1.14225	207	0	0
2026.07.23	11:05:00	1.14225	1.14225	1.14213	1.14214	177	0	0
2026.07.23	11:06:00	1.14215	1.14226	1.14214	1.14224	112	0	0
2026.07.23	11:07:00	1.14224	1.14242	1.14224	1.14238	256	0	0
2026.07.23	11:08:00	1.14238	1.14240	1.14228	1.14230	203	0	0
2026.07.23	11:09:00	1.14230	1.14235	1.14223	1.14230	243	0	0
2026.07.23	11:10:00	1.14230	1.14235	1.14227	1.14230	123	0	0
2026.07.23	11:11:00	1.14230	1.14232	1.14224	1.14231	121	0	0
2026.07.23	11:12:00	1.14230	1.14231	1.14220	1.14222	151	0	0
2026.07.23	11:13:00	1.14223	1.14224	1.14200	1.14201	160	0	0
2026.07.23	11:14:00	1.14202	1.14205	1.14193	1.14194	120	0	0
2026.07.23	11:15:00	1.14194	1.14196	1.14189	1.14192	163	0	0
2026.07.23	11:16:00	1.14192	1.14192	1.14169	1.14172	238	0	0
2026.07.23	11:17:00	1.14172	1.14184	1.14167	1.14180	172	0	0
2026.07.23	11:18:00	1.14179	1.14182	1.14168	1.14170	136	0	0
2026.07.23	11:19:00	1.14170	1.14179	1.14169	1.14172	179	0	0
2026.07.23	11:20:00	1.14173	1.14186	1.14169	1.14183	184	0	0
2026.07.23	11:21:00	1.14183	1.14186	1.14170	1.14180	239	0	0
2026.07.23	11:22:00	1.14180	1.14191	1.14178	1.14180	179	0	0
2026.07.23	11:23:00	1.14180	1.14185	1.14170	1.14182	158	0	0
2026.07.23	11:24:00	1.14182	1.14183	1.14167	1.14171	164	0	0
2026.07.23	11:25:00	1.14171	1.14177	1.14168	1.14168	148	0	0
2026.07.23	11:26:00	1.14168	1.14172	1.14158	1.14172	194	0	0
2026.07.23	11:27:00	1.14171	1.14172	1.14162	1.14163	156	0	0
2026.07.23	11:28:00	1.14163	1.14166	1.14158	1.14162	153	0	0
2026.07.23	11:29:00	1.14162	1.14173	1.14159	1.14172	170	0	0
2026.07.23	11:30:00	1.14172	1.14172	1.14158	1.14161	175	0	0
2026.07.23	11:31:00	1.14161	1.14162	1.14143	1.14144	167	0	0
2026.07.23	11:32:00	1.14144	1.14147	1.14128	1.14134	224	0	0
2026.07.23	11:33:00	1.14134	1.14145	1.14123	1.14142	225	0	0
2026.07.23	11:34:00	1.14142	1.14142	1.14124	1.14124	224	0	0
2026.07.23	11:35:00	1.14124	1.14136	1.14124	1.14127	202	0	0
2026.07.23	11:36:00	1.14127	1.14130	1.14114	1.14114	192	0	0
2026.07.23	11:37:00	1.14114	1.14120	1.14098	1.14102	180	0	0
2026.07.23	11:38:00	1.14102	1.14117	1.14099	1.14116	235	0	0
2026.07.23	11:39:00	1.14116	1.14120	1.14096	1.14101	250	0	0
2026.07.23	11:40:00	1.14103	1.14107	1.14091	1.14093	264	0	0
2026.07.23	11:41:00	1.14094	1.14104	1.14092	1.14092	225	0	0
2026.07.23	11:42:00	1.14092	1.14093	1.14070	1.14076	231	0	0
2026.07.23	11:43:00	1.14076	1.14097	1.14076	1.14088	323	0	0
2026.07.23	11:44:00	1.14088	1.14097	1.14081	1.14093	272	0	0
2026.07.23	11:45:00	1.14093	1.14099	1.14090	1.14098	208	0	0
2026.07.23	11:46:00	1.14098	1.14103	1.14090	1.14096	262	0	0
2026.07.23	11:47:00	1.14096	1.14107	1.14094	1.14104	181	0	0
2026.07.23	11:48:00	1.14104	1.14107	1.14097	1.14103	180	0	0
2026.07.23	11:49:00	1.14102	1.14105	1.14085	1.14089	180	0	0
2026.07.23	11:50:00	1.14089	1.14105	1.14085	1.14104	217	0	0
2026.07.23	11:51:00	1.14104	1.14115	1.14102	1.14113	196	0	0
2026.07.23	11:52:00	1.14113	1.14116	1.14100	1.14108	298	0	0
2026.07.23	11:53:00	1.14108	1.14113	1.14100	1.14110	180	0	0
2026.07.23	11:54:00	1.14110	1.14119	1.14105	1.14116	159	0	0
2026.07.23	11:55:00	1.14117	1.14120	1.14112	1.14118	153	0	0
2026.07.23	11:56:00	1.14118	1.14121	1.14110	1.14119	123	0	0
2026.07.23	11:57:00	1.14119	1.14120	1.14108	1.14114	250	0	0
2026.07.23	11:58:00	1.14114	1.14117	1.14106	1.14109	206	0	0
2026.07.23	11:59:00	1.14109	1.14111	1.14104	1.14105	174	0	0
2026.07.23	12:00:00	1.14105	1.14110	1.14100	1.14110	238	0	0
2026.07.23	12:01:00	1.14110	1.14134	1.14110	1.14132	211	0	0
2026.07.23	12:02:00	1.14132	1.14132	1.14117	1.14129	157	0	0
2026.07.23	12:03:00	1.14129	1.14150	1.14127	1.14145	313	0	0
2026.07.23	12:04:00	1.14145	1.14150	1.14140	1.14149	176	0	0
2026.07.23	12:05:00	1.14149	1.14154	1.14145	1.14147	196	0	0
2026.07.23	12:06:00	1.14147	1.14153	1.14141	1.14144	199	0	0
2026.07.23	12:07:00	1.14144	1.14145	1.14134	1.14135	151	0	0
2026.07.23	12:08:00	1.14135	1.14141	1.14127	1.14135	133	0	0
2026.07.23	12:09:00	1.14135	1.14139	1.14132	1.14136	132	0	0
2026.07.23	12:10:00	1.14135	1.14142	1.14131	1.14137	132	0	0
2026.07.23	12:11:00	1.14137	1.14140	1.14123	1.14124	153	0	0
2026.07.23	12:12:00	1.14124	1.14132	1.14116	1.14120	160	0	0
2026.07.23	12:13:00	1.14120	1.14123	1.14115	1.14116	135	0	0
2026.07.23	12:14:00	1.14116	1.14119	1.14107	1.14107	124	0	0
2026.07.23	12:15:00	1.14106	1.14125	1.14106	1.14124	154	0	0
2026.07.23	12:16:00	1.14124	1.14130	1.14120	1.14128	122	0	0
2026.07.23	12:17:00	1.14128	1.14131	1.14127	1.14128	37	0	0
2026.07.23	12:18:00	1.14129	1.14133	1.14116	1.14120	182	0	0
2026.07.23	12:19:00	1.14120	1.14127	1.14114	1.14122	127	0	0
2026.07.23	12:20:00	1.14122	1.14123	1.14111	1.14121	167	0	0
2026.07.23	12:21:00	1.14121	1.14122	1.14107	1.14108	117	0	0
2026.07.23	12:22:00	1.14108	1.14117	1.14108	1.14111	101	0	0
2026.07.23	12:23:00	1.14111	1.14120	1.14111	1.14119	98	0	0
2026.07.23	12:24:00	1.14119	1.14128	1.14116	1.14116	141	0	0
2026.07.23	12:25:00	1.14116	1.14123	1.14115	1.14118	130	0	0
2026.07.23	12:26:00	1.14117	1.14119	1.14107	1.14110	125	0	0
2026.07.23	12:27:00	1.14110	1.14111	1.14106	1.14107	120	0	0
2026.07.23	12:28:00	1.14107	1.14114	1.14097	1.14107	163	0	0
2026.07.23	12:29:00	1.14107	1.14107	1.14097	1.14102	145	0	0
2026.07.23	12:30:00	1.14102	1.14112	1.14096	1.14105	209	0	0
2026.07.23	12:31:00	1.14105	1.14115	1.14098	1.14112	163	0	0
2026.07.23	12:32:00	1.14112	1.14113	1.14101	1.14108	189	0	0
2026.07.23	12:33:00	1.14108	1.14111	1.14102	1.14105	153	0	0
2026.07.23	12:34:00	1.14104	1.14110	1.14100	1.14109	190	0	0
2026.07.23	12:35:00	1.14109	1.14120	1.14105	1.14117	171	0	0
2026.07.23	12:36:00	1.14117	1.14119	1.14110	1.14115	150	0	0
2026.07.23	12:37:00	1.14115	1.14125	1.14110	1.14112	167	0	0
2026.07.23	12:38:00	1.14112	1.14118	1.14106	1.14116	162	0	0
2026.07.23	12:39:00	1.14116	1.14119	1.14105	1.14118	182	0	0
2026.07.23	12:40:00	1.14118	1.14118	1.14109	1.14117	183	0	0
2026.07.23	12:41:00	1.14118	1.14119	1.14108	1.14113	191	0	0
2026.07.23	12:42:00	1.14113	1.14129	1.14111	1.14128	144	0	0
2026.07.23	12:43:00	1.14128	1.14138	1.14126	1.14137	197	0	0
2026.07.23	12:44:00	1.14137	1.14146	1.14137	1.14143	162	0	0
2026.07.23	12:45:00	1.14142	1.14149	1.14134	1.14137	157	0	0
2026.07.23	12:46:00	1.14137	1.14137	1.14124	1.14126	108	0	0
2026.07.23	12:47:00	1.14126	1.14130	1.14117	1.14117	69	0	0
2026.07.23	12:48:00	1.14117	1.14129	1.14117	1.14126	124	0	0
2026.07.23	12:49:00	1.14126	1.14129	1.14121	1.14125	132	0	0
2026.07.23	12:50:00	1.14125	1.14127	1.14120	1.14124	69	0	0
2026.07.23	12:51:00	1.14125	1.14126	1.14118	1.14120	88	0	0
2026.07.23	12:52:00	1.14120	1.14127	1.14115	1.14126	88	0	0
2026.07.23	12:53:00	1.14126	1.14134	1.14124	1.14131	126	0	0
2026.07.23	12:54:00	1.14131	1.14139	1.14130	1.14136	141	0	0
2026.07.23	12:55:00	1.14137	1.14144	1.14137	1.14140	210	0	0
2026.07.23	12:56:00	1.14140	1.14140	1.14127	1.14133	214	0	0
2026.07.23	12:57:00	1.14132	1.14138	1.14126	1.14132	193	0	0
2026.07.23	12:58:00	1.14131	1.14138	1.14130	1.14131	156	0	0
2026.07.23	12:59:00	1.14131	1.14133	1.14122	1.14132	203	0	0
2026.07.23	13:00:00	1.14132	1.14135	1.14120	1.14122	143	0	0
2026.07.23	13:01:00	1.14122	1.14129	1.14120	1.14123	143	0	0
2026.07.23	13:02:00	1.14123	1.14130	1.14120	1.14130	156	0	0
2026.07.23	13:03:00	1.14130	1.14133	1.14120	1.14122	173	0	0
2026.07.23	13:04:00	1.14122	1.14125	1.14116	1.14119	172	0	0
2026.07.23	13:05:00	1.14119	1.14129	1.14116	1.14116	207	0	0
2026.07.23	13:06:00	1.14116	1.14116	1.14102	1.14102	169	0	0
2026.07.23	13:07:00	1.14102	1.14107	1.14096	1.14106	154	0	0
2026.07.23	13:08:00	1.14107	1.14107	1.14096	1.14101	264	0	0
2026.07.23	13:09:00	1.14101	1.14105	1.14100	1.14103	191	0	0
2026.07.23	13:10:00	1.14102	1.14105	1.14095	1.14099	194	0	0
2026.07.23	13:11:00	1.14099	1.14108	1.14098	1.14105	128	0	0
2026.07.23	13:12:00	1.14103	1.14108	1.14100	1.14102	120	0	0
2026.07.23	13:13:00	1.14103	1.14104	1.14092	1.14092	203	0	0
2026.07.23	13:14:00	1.14092	1.14104	1.14086	1.14102	160	0	0
2026.07.23	13:15:00	1.14102	1.14107	1.14101	1.14102	137	0	0
2026.07.23	13:16:00	1.14102	1.14103	1.14095	1.14099	87	0	0
2026.07.23	13:17:00	1.14099	1.14100	1.14089	1.14097	173	0	0
2026.07.23	13:18:00	1.14097	1.14105	1.14095	1.14096	191	0	0
2026.07.23	13:19:00	1.14096	1.14100	1.14075	1.14075	172	0	0
2026.07.23	13:20:00	1.14075	1.14083	1.14069	1.14080	281	0	0
2026.07.23	13:21:00	1.14080	1.14084	1.14065	1.14072	260	0	0
2026.07.23	13:22:00	1.14072	1.14077	1.14066	1.14074	190	0	0
2026.07.23	13:23:00	1.14074	1.14079	1.14058	1.14066	152	0	0
2026.07.23	13:24:00	1.14066	1.14071	1.14060	1.14069	178	0	0
2026.07.23	13:25:00	1.14070	1.14082	1.14070	1.14076	165	0	0
2026.07.23	13:26:00	1.14077	1.14079	1.14068	1.14072	150	0	0
2026.07.23	13:27:00	1.14072	1.14075	1.14071	1.14071	95	0	0
2026.07.23	13:28:00	1.14071	1.14081	1.14071	1.14077	137	0	0
2026.07.23	13:29:00	1.14077	1.14083	1.14077	1.14078	133	0	0
2026.07.23	13:30:00	1.14078	1.14101	1.14073	1.14093	287	0	0
2026.07.23	13:31:00	1.14093	1.14095	1.14066	1.14066	242	0	0
2026.07.23	13:32:00	1.14066	1.14089	1.14065	1.14080	243	0	0
2026.07.23	13:33:00	1.14080	1.14084	1.14076	1.14083	164	0	0
2026.07.23	13:34:00	1.14083	1.14085	1.14075	1.14076	196	0	0
2026.07.23	13:35:00	1.14077	1.14089	1.14072	1.14079	229	0	0
2026.07.23	13:36:00	1.14079	1.14083	1.14065	1.14069	168	0	0
2026.07.23	13:37:00	1.14069	1.14085	1.14067	1.14085	157	0	0
2026.07.23	13:38:00	1.14085	1.14085	1.14078	1.14079	115	0	0
2026.07.23	13:39:00	1.14079	1.14088	1.14074	1.14085	105	0	0
2026.07.23	13:40:00	1.14085	1.14087	1.14069	1.14075	117	0	0
2026.07.23	13:41:00	1.14075	1.14077	1.14065	1.14069	118	0	0
2026.07.23	13:42:00	1.14069	1.14070	1.14063	1.14069	144	0	0
2026.07.23	13:43:00	1.14069	1.14072	1.14065	1.14066	144	0	0
2026.07.23	13:44:00	1.14066	1.14072	1.14063	1.14068	157	0	0
2026.07.23	13:45:00	1.14068	1.14071	1.14043	1.14043	170	0	0
2026.07.23	13:46:00	1.14043	1.14052	1.14037	1.14040	200	0	0
2026.07.23	13:47:00	1.14040	1.14045	1.14036	1.14043	211	0	0
2026.07.23	13:48:00	1.14043	1.14049	1.14039	1.14043	193	0	0
2026.07.23	13:49:00	1.14043	1.14051	1.14037	1.14049	214	0	0
2026.07.23	13:50:00	1.14049	1.14051	1.14042	1.14043	141	0	0
2026.07.23	13:51:00	1.14043	1.14043	1.14031	1.14032	157	0	0
2026.07.23	13:52:00	1.14032	1.14055	1.14032	1.14052	239	0	0
2026.07.23	13:53:00	1.14052	1.14054	1.14043	1.14047	212	0	0
2026.07.23	13:54:00	1.14047	1.14079	1.14046	1.14076	238	0	0
2026.07.23	13:55:00	1.14076	1.14084	1.14064	1.14068	326	0	0
2026.07.23	13:56:00	1.14068	1.14075	1.14065	1.14066	182	0	0
2026.07.23	13:57:00	1.14065	1.14066	1.14044	1.14047	227	0	0
2026.07.23	13:58:00	1.14047	1.14053	1.14043	1.14044	225	0	0
2026.07.23	13:59:00	1.14044	1.14049	1.14039	1.14045	220	0	0
2026.07.23	14:00:00	1.14045	1.14047	1.14034	1.14038	238	0	0
2026.07.23	14:01:00	1.14038	1.14038	1.14024	1.14026	254	0	0
2026.07.23	14:02:00	1.14026	1.14043	1.14024	1.14036	233	0	0
2026.07.23	14:03:00	1.14036	1.14042	1.14034	1.14036	208	0	0
2026.07.23	14:04:00	1.14036	1.14043	1.14034	1.14041	172	0	0
2026.07.23	14:05:00	1.14041	1.14041	1.14029	1.14035	180	0	0
2026.07.23	14:06:00	1.14034	1.14037	1.14025	1.14030	142	0	0
2026.07.23	14:07:00	1.14030	1.14040	1.14026	1.14036	202	0	0
2026.07.23	14:08:00	1.14036	1.14050	1.14030	1.14046	169	0	0
2026.07.23	14:09:00	1.14046	1.14049	1.14040	1.14045	131	0	0
2026.07.23	14:10:00	1.14045	1.14048	1.14041	1.14046	106	0	0
2026.07.23	14:11:00	1.14046	1.14052	1.14039	1.14044	162	0	0
2026.07.23	14:12:00	1.14044	1.14049	1.14041	1.14047	136	0	0
2026.07.23	14:13:00	1.14046	1.14054	1.14041	1.14044	248	0	0
2026.07.23	14:14:00	1.14044	1.14068	1.14044	1.14059	210	0	0
2026.07.23	14:15:00	1.14059	1.14062	1.14042	1.14046	204	0	0
2026.07.23	14:16:00	1.14046	1.14048	1.14034	1.14034	210	0	0
2026.07.23	14:17:00	1.14034	1.14037	1.14029	1.14031	184	0	0
2026.07.23	14:18:00	1.14031	1.14035	1.14023	1.14032	214	0	0
2026.07.23	14:19:00	1.14032	1.14034	1.14024	1.14028	180	0	0
2026.07.23	14:20:00	1.14028	1.14028	1.14012	1.14015	168	0	0
2026.07.23	14:21:00	1.14015	1.14023	1.14014	1.14018	200	0	0
2026.07.23	14:22:00	1.14018	1.14018	1.14003	1.14006	174	0	0
2026.07.23	14:23:00	1.14005	1.14007	1.13999	1.14000	185	0	0
2026.07.23	14:24:00	1.14000	1.14006	1.13988	1.13996	241	0	0
2026.07.23	14:25:00	1.13996	1.14001	1.13990	1.13999	213	0	0
2026.07.23	14:26:00	1.13999	1.14006	1.13994	1.14002	194	0	0
2026.07.23	14:27:00	1.14002	1.14004	1.13986	1.13989	224	0	0
2026.07.23	14:28:00	1.13988	1.13994	1.13974	1.13979	261	0	0
2026.07.23	14:29:00	1.13979	1.13986	1.13971	1.13980	265	0	0
2026.07.23	14:30:00	1.13978	1.13988	1.13971	1.13972	271	0	0
2026.07.23	14:31:00	1.13972	1.13978	1.13953	1.13959	223	0	0
2026.07.23	14:32:00	1.13960	1.13962	1.13940	1.13944	284	0	0
2026.07.23	14:33:00	1.13944	1.13948	1.13907	1.13908	295	0	0
2026.07.23	14:34:00	1.13908	1.13923	1.13907	1.13918	263	0	0
2026.07.23	14:35:00	1.13917	1.13918	1.13866	1.13878	391	0	0
2026.07.23	14:36:00	1.13878	1.13897	1.13872	1.13884	380	0	0
2026.07.23	14:37:00	1.13884	1.13886	1.13868	1.13874	355	0	0
2026.07.23	14:38:00	1.13874	1.13879	1.13860	1.13874	354	0	0
2026.07.23	14:39:00	1.13874	1.13883	1.13864	1.13868	314	0	0
2026.07.23	14:40:00	1.13868	1.13874	1.13853	1.13854	222	0	0
2026.07.23	14:41:00	1.13854	1.13858	1.13833	1.13849	471	0	0
2026.07.23	14:42:00	1.13849	1.13870	1.13846	1.13861	359	0	0
2026.07.23	14:43:00	1.13861	1.13864	1.13851	1.13857	312	0	0
2026.07.23	14:44:00	1.13857	1.13877	1.13857	1.13873	245	0	0
2026.07.23	14:45:00	1.13874	1.13912	1.13873	1.13908	410	0	0
2026.07.23	14:46:00	1.13908	1.13910	1.13885	1.13893	273	0	0
2026.07.23	14:47:00	1.13893	1.13915	1.13891	1.13909	268	0	0
2026.07.23	14:48:00	1.13909	1.13925	1.13907	1.13912	277	0	0
2026.07.23	14:49:00	1.13912	1.13919	1.13905	1.13913	263	0	0
2026.07.23	14:50:00	1.13913	1.13926	1.13911	1.13922	241	0	0
2026.07.23	14:51:00	1.13921	1.13929	1.13920	1.13923	221	0	0
2026.07.23	14:52:00	1.13924	1.13964	1.13921	1.13938	220	0	0
2026.07.23	14:53:00	1.13938	1.13947	1.13925	1.13929	309	0	0
2026.07.23	14:54:00	1.13929	1.13943	1.13923	1.13924	234	0	0
2026.07.23	14:55:00	1.13924	1.13936	1.13915	1.13930	219	0	0
2026.07.23	14:56:00	1.13930	1.13935	1.13923	1.13934	165	0	0
2026.07.23	14:57:00	1.13934	1.13949	1.13931	1.13940	238	0	0
2026.07.23	14:58:00	1.13940	1.13952	1.13940	1.13949	178	0	0
2026.07.23	14:59:00	1.13949	1.13953	1.13942	1.13948	166	0	0
2026.07.23	15:00:00	1.13948	1.13950	1.13926	1.13926	265	0	0
2026.07.23	15:01:00	1.13926	1.13930	1.13911	1.13914	236	0	0
2026.07.23	15:02:00	1.13914	1.13925	1.13900	1.13905	278	0	0
2026.07.23	15:03:00	1.13904	1.13913	1.13903	1.13906	196	0	0
2026.07.23	15:04:00	1.13906	1.13918	1.13903	1.13918	184	0	0
2026.07.23	15:05:00	1.13918	1.13925	1.13906	1.13912	203	0	0
2026.07.23	15:06:00	1.13911	1.13919	1.13905	1.13913	229	0	0
2026.07.23	15:07:00	1.13913	1.13918	1.13909	1.13915	172	0	0
2026.07.23	15:08:00	1.13915	1.13928	1.13915	1.13927	175	0	0
2026.07.23	15:09:00	1.13927	1.13934	1.13920	1.13925	207	0	0
2026.07.23	15:10:00	1.13925	1.13935	1.13924	1.13935	173	0	0
2026.07.23	15:11:00	1.13935	1.13946	1.13931	1.13936	188	0	0
2026.07.23	15:12:00	1.13936	1.13943	1.13935	1.13939	51	0	0
2026.07.23	15:13:00	1.13939	1.13952	1.13937	1.13950	182	0	0
2026.07.23	15:14:00	1.13950	1.13952	1.13943	1.13946	239	0	0
2026.07.23	15:15:00	1.13946	1.13959	1.13893	1.13899	270	0	0
2026.07.23	15:16:00	1.13899	1.13906	1.13863	1.13883	216	0	0
2026.07.23	15:17:00	1.13884	1.13885	1.13860	1.13861	238	0	0
2026.07.23	15:18:00	1.13861	1.13876	1.13859	1.13876	222	0	0
2026.07.23	15:19:00	1.13875	1.13877	1.13858	1.13869	262	0	0
2026.07.23	15:20:00	1.13868	1.13868	1.13841	1.13848	282	0	0
2026.07.23	15:21:00	1.13848	1.13858	1.13839	1.13842	270	0	0
2026.07.23	15:22:00	1.13840	1.13842	1.13830	1.13835	314	0	0
2026.07.23	15:23:00	1.13834	1.13844	1.13827	1.13834	266	0	0
2026.07.23	15:24:00	1.13834	1.13838	1.13809	1.13825	279	0	0
2026.07.23	15:25:00	1.13825	1.13827	1.13811	1.13827	355	0	0
2026.07.23	15:26:00	1.13827	1.13832	1.13822	1.13832	179	0	0
2026.07.23	15:27:00	1.13832	1.13863	1.13829	1.13858	168	0	0
2026.07.23	15:28:00	1.13858	1.13865	1.13852	1.13860	172	0	0
2026.07.23	15:29:00	1.13860	1.13864	1.13848	1.13849	182	0	0
2026.07.23	15:30:00	1.13849	1.13849	1.13820	1.13837	304	0	0
2026.07.23	15:31:00	1.13837	1.13848	1.13834	1.13836	125	0	0
2026.07.23	15:32:00	1.13836	1.13847	1.13829	1.13830	160	0	0
2026.07.23	15:33:00	1.13830	1.13851	1.13828	1.13849	257	0	0
2026.07.23	15:34:00	1.13849	1.13857	1.13834	1.13847	258	0	0
2026.07.23	15:35:00	1.13847	1.13854	1.13837	1.13842	267	0	0
2026.07.23	15:36:00	1.13843	1.13843	1.13809	1.13810	325	0	0
2026.07.23	15:37:00	1.13810	1.13817	1.13800	1.13806	329	0	0
2026.07.23	15:38:00	1.13806	1.13815	1.13798	1.13810	356	0	0
2026.07.23	15:39:00	1.13810	1.13823	1.13804	1.13821	306	0	0
2026.07.23	15:40:00	1.13821	1.13821	1.13803	1.13807	299	0	0
2026.07.23	15:41:00	1.13807	1.13810	1.13795	1.13807	343	0	0
2026.07.23	15:42:00	1.13807	1.13809	1.13775	1.13776	441	0	0
2026.07.23	15:43:00	1.13775	1.13785	1.13769	1.13782	390	0	0
2026.07.23	15:44:00	1.13783	1.13812	1.13782	1.13783	264	0	0
2026.07.23	15:45:00	1.13784	1.13785	1.13779	1.13779	104	0	0
2026.07.23	15:46:00	1.13779	1.13799	1.13772	1.13794	269	0	0
2026.07.23	15:47:00	1.13795	1.13795	1.13772	1.13774	333	0	0
2026.07.23	15:48:00	1.13774	1.13779	1.13757	1.13774	312	0	0
2026.07.23	15:49:00	1.13774	1.13808	1.13773	1.13800	360	0	0
2026.07.23	15:50:00	1.13800	1.13800	1.13776	1.13782	251	0	0
2026.07.23	15:51:00	1.13782	1.13799	1.13780	1.13792	248	0	0
2026.07.23	15:52:00	1.13792	1.13798	1.13780	1.13792	263	0	0
2026.07.23	15:53:00	1.13791	1.13810	1.13789	1.13805	333	0	0
2026.07.23	15:54:00	1.13805	1.13821	1.13800	1.13819	274	0	0
2026.07.23	15:55:00	1.13820	1.13830	1.13815	1.13830	281	0	0
2026.07.23	15:56:00	1.13830	1.13845	1.13829	1.13841	188	0	0
2026.07.23	15:57:00	1.13841	1.13857	1.13840	1.13857	226	0	0
2026.07.23	15:58:00	1.13857	1.13859	1.13843	1.13851	237	0	0
2026.07.23	15:59:00	1.13851	1.13852	1.13838	1.13852	291	0	0
2026.07.23	16:00:00	1.13851	1.13864	1.13828	1.13835	358	0	0
2026.07.23	16:01:00	1.13835	1.13835	1.13810	1.13815	329	0	0
2026.07.23	16:02:00	1.13815	1.13820	1.13799	1.13804	346	0	0
2026.07.23	16:03:00	1.13804	1.13814	1.13795	1.13813	243	0	0
2026.07.23	16:04:00	1.13813	1.13818	1.13800	1.13807	254	0	0
2026.07.23	16:05:00	1.13807	1.13817	1.13782	1.13784	321	0	0
2026.07.23	16:06:00	1.13784	1.13787	1.13752	1.13757	494	0	0
2026.07.23	16:07:00	1.13757	1.13760	1.13741	1.13745	353	0	0
2026.07.23	16:08:00	1.13745	1.13772	1.13739	1.13771	412	0	0
2026.07.23	16:09:00	1.13771	1.13777	1.13738	1.13746	404	0	0
2026.07.23	16:10:00	1.13746	1.13754	1.13740	1.13746	348	0	0
2026.07.23	16:11:00	1.13746	1.13746	1.13723	1.13726	329	0	0
2026.07.23	16:12:00	1.13726	1.13729	1.13703	1.13708	472	0	0
2026.07.23	16:13:00	1.13708	1.13710	1.13681	1.13703	378	0	0
2026.07.23	16:14:00	1.13703	1.13703	1.13682	1.13689	338	0	0
2026.07.23	16:15:00	1.13689	1.13705	1.13683	1.13693	356	0	0
2026.07.23	16:16:00	1.13693	1.13715	1.13693	1.13715	370	0	0
2026.07.23	16:17:00	1.13714	1.13725	1.13707	1.13724	257	0	0
2026.07.23	16:18:00	1.13723	1.13723	1.13704	1.13716	281	0	0
2026.07.23	16:19:00	1.13717	1.13733	1.13710	1.13722	306	0	0
2026.07.23	16:20:00	1.13722	1.13739	1.13719	1.13730	296	0	0
2026.07.23	16:21:00	1.13730	1.13746	1.13730	1.13743	314	0	0
2026.07.23	16:22:00	1.13743	1.13752	1.13740	1.13742	188	0	0
2026.07.23	16:23:00	1.13742	1.13743	1.13724	1.13733	314	0	0
2026.07.23	16:24:00	1.13733	1.13747	1.13728	1.13745	350	0	0
2026.07.23	16:25:00	1.13745	1.13753	1.13740	1.13751	246	0	0
2026.07.23	16:26:00	1.13751	1.13754	1.13734	1.13749	263	0	0
2026.07.23	16:27:00	1.13749	1.13784	1.13746	1.13783	223	0	0
2026.07.23	16:28:00	1.13783	1.13789	1.13776	1.13784	260	0	0
2026.07.23	16:29:00	1.13784	1.13789	1.13780	1.13784	234	0	0
2026.07.23	16:30:00	1.13784	1.13797	1.13774	1.13782	444	0	0
2026.07.23	16:31:00	1.13781	1.13796	1.13774	1.13791	338	0	0
2026.07.23	16:32:00	1.13791	1.13817	1.13790	1.13812	354	0	0
2026.07.23	16:33:00	1.13812	1.13819	1.13801	1.13814	337	0	0
2026.07.23	16:34:00	1.13814	1.13824	1.13809	1.13822	253	0	0
2026.07.23	16:35:00	1.13822	1.13839	1.13818	1.13828	459	0	0
2026.07.23	16:36:00	1.13828	1.13842	1.13821	1.13832	387	0	0
2026.07.23	16:37:00	1.13832	1.13858	1.13831	1.13841	415	0	0
2026.07.23	16:38:00	1.13841	1.13849	1.13826	1.13836	407	0	0
2026.07.23	16:39:00	1.13836	1.13837	1.13810	1.13823	329	0	0
2026.07.23	16:40:00	1.13823	1.13823	1.13806	1.13809	371	0	0
2026.07.23	16:41:00	1.13809	1.13834	1.13806	1.13833	324	0	0
2026.07.23	16:42:00	1.13832	1.13833	1.13820	1.13829	288	0	0
2026.07.23	16:43:00	1.13829	1.13831	1.13815	1.13816	329	0	0
2026.07.23	16:44:00	1.13815	1.13824	1.13784	1.13786	419	0	0
2026.07.23	16:45:00	1.13786	1.13789	1.13770	1.13775	394	0	0
2026.07.23	16:46:00	1.13775	1.13787	1.13770	1.13770	307	0	0
2026.07.23	16:47:00	1.13770	1.13773	1.13759	1.13770	300	0	0
2026.07.23	16:48:00	1.13770	1.13777	1.13759	1.13776	338	0	0
2026.07.23	16:49:00	1.13776	1.13794	1.13768	1.13794	360	0	0
2026.07.23	16:50:00	1.13795	1.13796	1.13782	1.13789	253	0	0
2026.07.23	16:51:00	1.13789	1.13794	1.13775	1.13783	357	0	0
2026.07.23	16:52:00	1.13783	1.13783	1.13763	1.13776	353	0	0
2026.07.23	16:53:00	1.13776	1.13782	1.13762	1.13781	322	0	0
2026.07.23	16:54:00	1.13781	1.13782	1.13766	1.13779	303	0	0
2026.07.23	16:55:00	1.13778	1.13792	1.13759	1.13759	441	0	0
2026.07.23	16:56:00	1.13759	1.13776	1.13753	1.13755	342	0	0
2026.07.23	16:57:00	1.13755	1.13771	1.13752	1.13752	338	0	0
2026.07.23	16:58:00	1.13752	1.13758	1.13745	1.13750	278	0	0
2026.07.23	16:59:00	1.13750	1.13753	1.13722	1.13726	275	0	0
2026.07.23	17:00:00	1.13726	1.13762	1.13726	1.13750	268	0	0
2026.07.23	17:01:00	1.13750	1.13750	1.13727	1.13730	276	0	0
2026.07.23	17:02:00	1.13731	1.13739	1.13708	1.13709	405	0	0
2026.07.23	17:03:00	1.13709	1.13710	1.13697	1.13704	336	0	0
2026.07.23	17:04:00	1.13704	1.13715	1.13693	1.13694	395	0	0
2026.07.23	17:05:00	1.13694	1.13712	1.13694	1.13708	394	0	0
2026.07.23	17:06:00	1.13708	1.13726	1.13703	1.13721	403	0	0
2026.07.23	17:07:00	1.13721	1.13731	1.13713	1.13726	320	0	0
2026.07.23	17:08:00	1.13726	1.13727	1.13689	1.13689	310	0	0
2026.07.23	17:09:00	1.13689	1.13702	1.13676	1.13700	447	0	0
2026.07.23	17:10:00	1.13700	1.13716	1.13690	1.13691	429	0	0
2026.07.23	17:11:00	1.13691	1.13701	1.13684	1.13696	359	0	0
2026.07.23	17:12:00	1.13694	1.13710	1.13687	1.13707	455	0	0
2026.07.23	17:13:00	1.13707	1.13723	1.13703	1.13716	433	0	0
2026.07.23	17:14:00	1.13716	1.13724	1.13706	1.13716	412	0	0
2026.07.23	17:15:00	1.13716	1.13719	1.13704	1.13709	276	0	0
2026.07.23	17:16:00	1.13709	1.13725	1.13698	1.13700	333	0	0
2026.07.23	17:17:00	1.13699	1.13726	1.13685	1.13696	535	0	0
2026.07.23	17:18:00	1.13696	1.13696	1.13663	1.13666	423	0	0
2026.07.23	17:19:00	1.13666	1.13668	1.13647	1.13655	288	0	0
2026.07.23	17:20:00	1.13655	1.13657	1.13639	1.13646	328	0	0
2026.07.23	17:21:00	1.13646	1.13671	1.13644	1.13667	433	0	0
2026.07.23	17:22:00	1.13667	1.13670	1.13654	1.13669	310	0	0
2026.07.23	17:23:00	1.13668	1.13686	1.13655	1.13660	282	0	0
2026.07.23	17:24:00	1.13661	1.13691	1.13661	1.13689	308	0	0
2026.07.23	17:25:00	1.13689	1.13697	1.13677	1.13694	388	0	0
2026.07.23	17:26:00	1.13695	1.13704	1.13683	1.13699	334	0	0
2026.07.23	17:27:00	1.13699	1.13703	1.13683	1.13685	309	0	0
2026.07.23	17:28:00	1.13685	1.13704	1.13684	1.13696	318	0	0
2026.07.23	17:29:00	1.13694	1.13706	1.13686	1.13703	356	0	0
2026.07.23	17:30:00	1.13703	1.13714	1.13695	1.13701	337	0	0
2026.07.23	17:31:00	1.13700	1.13718	1.13694	1.13697	295	0	0
2026.07.23	17:32:00	1.13697	1.13702	1.13688	1.13696	277	0	0
2026.07.23	17:33:00	1.13697	1.13728	1.13694	1.13722	285	0	0
2026.07.23	17:34:00	1.13722	1.13723	1.13701	1.13711	282	0	0
2026.07.23	17:35:00	1.13711	1.13713	1.13696	1.13706	305	0	0
2026.07.23	17:36:00	1.13706	1.13707	1.13695	1.13695	333	0	0
2026.07.23	17:37:00	1.13695	1.13721	1.13695	1.13717	288	0	0
2026.07.23	17:38:00	1.13717	1.13722	1.13710	1.13720	300	0	0
2026.07.23	17:39:00	1.13719	1.13738	1.13719	1.13729	229	0	0
2026.07.23	17:40:00	1.13728	1.13737	1.13722	1.13725	297	0	0
2026.07.23	17:41:00	1.13725	1.13731	1.13705	1.13705	292	0	0
2026.07.23	17:42:00	1.13705	1.13709	1.13687	1.13694	277	0	0
2026.07.23	17:43:00	1.13694	1.13698	1.13684	1.13687	267	0	0
2026.07.23	17:44:00	1.13687	1.13688	1.13674	1.13677	247	0	0
2026.07.23	17:45:00	1.13677	1.13691	1.13670	1.13685	304	0	0
2026.07.23	17:46:00	1.13686	1.13698	1.13683	1.13689	257	0	0
2026.07.23	17:47:00	1.13690	1.13698	1.13685	1.13688	212	0	0
2026.07.23	17:48:00	1.13689	1.13697	1.13678	1.13679	263	0	0
2026.07.23	17:49:00	1.13678	1.13686	1.13659	1.13660	324	0	0
2026.07.23	17:50:00	1.13660	1.13677	1.13659	1.13670	297	0	0
2026.07.23	17:51:00	1.13670	1.13676	1.13652	1.13652	271	0	0
2026.07.23	17:52:00	1.13652	1.13672	1.13644	1.13667	315	0	0
2026.07.23	17:53:00	1.13667	1.13668	1.13653	1.13653	263	0	0
2026.07.23	17:54:00	1.13653	1.13660	1.13647	1.13648	276	0	0
2026.07.23	17:55:00	1.13650	1.13682	1.13646	1.13680	389	0	0
2026.07.23	17:56:00	1.13680	1.13683	1.13658	1.13665	343	0	0
2026.07.23	17:57:00	1.13665	1.13692	1.13664	1.13685	426	0	0
2026.07.23	17:58:00	1.13685	1.13712	1.13685	1.13712	424	0	0
2026.07.23	17:59:00	1.13712	1.13717	1.13704	1.13715	362	0	0
2026.07.23	18:00:00	1.13715	1.13719	1.13704	1.13712	543	0	0
2026.07.23	18:01:00	1.13713	1.13723	1.13710	1.13711	468	0	0
2026.07.23	18:02:00	1.13711	1.13741	1.13711	1.13720	457	0	0
2026.07.23	18:03:00	1.13720	1.13746	1.13718	1.13737	339	0	0
2026.07.23	18:04:00	1.13738	1.13743	1.13734	1.13742	171	0	0
2026.07.23	18:05:00	1.13742	1.13755	1.13732	1.13747	250	0	0
2026.07.23	18:06:00	1.13747	1.13753	1.13733	1.13736	257	0	0
2026.07.23	18:07:00	1.13736	1.13745	1.13734	1.13737	220	0	0
2026.07.23	18:08:00	1.13737	1.13740	1.13713	1.13715	308	0	0
2026.07.23	18:09:00	1.13715	1.13718	1.13704	1.13707	291	0	0
2026.07.23	18:10:00	1.13707	1.13716	1.13706	1.13710	282	0	0
2026.07.23	18:11:00	1.13710	1.13715	1.13702	1.13712	254	0	0
2026.07.23	18:12:00	1.13713	1.13720	1.13705	1.13720	292	0	0
2026.07.23	18:13:00	1.13721	1.13737	1.13718	1.13733	275	0	0
2026.07.23	18:14:00	1.13733	1.13743	1.13728	1.13736	260	0	0
2026.07.23	18:15:00	1.13736	1.13746	1.13727	1.13743	286	0	0
2026.07.23	18:16:00	1.13743	1.13753	1.13734	1.13734	305	0	0
2026.07.23	18:17:00	1.13735	1.13754	1.13733	1.13754	305	0	0
2026.07.23	18:18:00	1.13753	1.13757	1.13730	1.13733	250	0	0
2026.07.23	18:19:00	1.13733	1.13737	1.13717	1.13719	284	0	0
2026.07.23	18:20:00	1.13719	1.13728	1.13715	1.13718	254	0	0
2026.07.23	18:21:00	1.13718	1.13728	1.13700	1.13704	339	0	0
2026.07.23	18:22:00	1.13704	1.13723	1.13680	1.13689	559	0	0
2026.07.23	18:23:00	1.13689	1.13712	1.13683	1.13705	541	0	0
2026.07.23	18:24:00	1.13705	1.13713	1.13702	1.13704	308	0	0
2026.07.23	18:25:00	1.13705	1.13725	1.13700	1.13716	223	0	0
2026.07.23	18:26:00	1.13716	1.13721	1.13706	1.13717	311	0	0
2026.07.23	18:27:00	1.13717	1.13733	1.13713	1.13728	248	0	0
2026.07.23	18:28:00	1.13728	1.13736	1.13717	1.13735	284	0	0
2026.07.23	18:29:00	1.13735	1.13735	1.13709	1.13713	235	0	0
2026.07.23	18:30:00	1.13713	1.13713	1.13698	1.13699	407	0	0
2026.07.23	18:31:00	1.13701	1.13702	1.13687	1.13695	384	0	0
2026.07.23	18:32:00	1.13695	1.13699	1.13667	1.13676	351	0	0
2026.07.23	18:33:00	1.13676	1.13684	1.13670	1.13680	291	0	0
2026.07.23	18:34:00	1.13680	1.13684	1.13672	1.13683	298	0	0
2026.07.23	18:35:00	1.13683	1.13692	1.13667	1.13668	302	0	0
2026.07.23	18:36:00	1.13668	1.13681	1.13659	1.13676	294	0	0
2026.07.23	18:37:00	1.13676	1.13718	1.13674	1.13704	526	0	0
2026.07.23	18:38:00	1.13704	1.13737	1.13704	1.13735	301	0	0
2026.07.23	18:39:00	1.13735	1.13743	1.13725	1.13736	366	0	0
2026.07.23	18:40:00	1.13736	1.13749	1.13729	1.13739	379	0	0
2026.07.23	18:41:00	1.13739	1.13763	1.13738	1.13752	298	0	0
2026.07.23	18:42:00	1.13752	1.13755	1.13744	1.13750	282	0	0
2026.07.23	18:43:00	1.13751	1.13755	1.13739	1.13743	194	0	0
2026.07.23	18:44:00	1.13743	1.13745	1.13728	1.13733	291	0	0
2026.07.23	18:45:00	1.13734	1.13737	1.13721	1.13728	207	0	0
2026.07.23	18:46:00	1.13729	1.13732	1.13716	1.13720	277	0	0
2026.07.23	18:47:00	1.13720	1.13722	1.13709	1.13716	199	0	0
2026.07.23	18:48:00	1.13716	1.13732	1.13716	1.13725	172	0	0
2026.07.23	18:49:00	1.13725	1.13733	1.13722	1.13729	182	0	0
2026.07.23	18:50:00	1.13729	1.13737	1.13718	1.13719	227	0	0
2026.07.23	18:51:00	1.13719	1.13725	1.13714	1.13722	203	0	0
2026.07.23	18:52:00	1.13722	1.13727	1.13712	1.13724	222	0	0
2026.07.23	18:53:00	1.13724	1.13737	1.13724	1.13736	294	0	0
2026.07.23	18:54:00	1.13736	1.13749	1.13735	1.13746	247	0	0
2026.07.23	18:55:00	1.13746	1.13756	1.13745	1.13750	259	0	0
2026.07.23	18:56:00	1.13750	1.13756	1.13712	1.13713	339	0	0
2026.07.23	18:57:00	1.13713	1.13718	1.13705	1.13713	253	0	0
2026.07.23	18:58:00	1.13713	1.13721	1.13712	1.13717	165	0	0
2026.07.23	18:59:00	1.13717	1.13728	1.13715	1.13726	153	0	0
2026.07.23	19:00:00	1.13727	1.13744	1.13724	1.13739	320	0	0
2026.07.23	19:01:00	1.13740	1.13746	1.13729	1.13743	283	0	0
2026.07.23	19:02:00	1.13743	1.13760	1.13742	1.13760	201	0	0
2026.07.23	19:03:00	1.13760	1.13761	1.13749	1.13753	248	0	0
2026.07.23	19:04:00	1.13753	1.13759	1.13740	1.13743	242	0	0
2026.07.23	19:05:00	1.13743	1.13746	1.13729	1.13733	237	0	0
2026.07.23	19:06:00	1.13734	1.13751	1.13732	1.13742	232	0	0
2026.07.23	19:07:00	1.13742	1.13747	1.13738	1.13746	164	0	0
2026.07.23	19:08:00	1.13746	1.13749	1.13743	1.13744	112	0	0
2026.07.23	19:09:00	1.13745	1.13748	1.13733	1.13734	146	0	0
2026.07.23	19:10:00	1.13734	1.13747	1.13734	1.13747	148	0	0
2026.07.23	19:11:00	1.13747	1.13767	1.13746	1.13766	241	0	0
2026.07.23	19:12:00	1.13766	1.13767	1.13754	1.13764	179	0	0
2026.07.23	19:13:00	1.13764	1.13779	1.13764	1.13769	215	0	0
2026.07.23	19:14:00	1.13769	1.13779	1.13768	1.13773	212	0	0
2026.07.23	19:15:00	1.13773	1.13786	1.13757	1.13773	290	0	0
2026.07.23	19:16:00	1.13773	1.13777	1.13759	1.13759	206	0	0
2026.07.23	19:17:00	1.13761	1.13772	1.13758	1.13771	139	0	0
2026.07.23	19:18:00	1.13771	1.13771	1.13751	1.13753	138	0	0
2026.07.23	19:19:00	1.13752	1.13753	1.13728	1.13738	190	0	0
2026.07.23	19:20:00	1.13738	1.13757	1.13738	1.13753	182	0	0
2026.07.23	19:21:00	1.13754	1.13756	1.13747	1.13748	250	0	0
2026.07.23	19:22:00	1.13747	1.13751	1.13736	1.13740	199	0	0
2026.07.23	19:23:00	1.13740	1.13756	1.13739	1.13752	219	0	0
2026.07.23	19:24:00	1.13752	1.13756	1.13746	1.13750	197	0	0
2026.07.23	19:25:00	1.13750	1.13762	1.13747	1.13760	168	0	0
2026.07.23	19:26:00	1.13760	1.13767	1.13760	1.13764	190	0	0
2026.07.23	19:27:00	1.13765	1.13781	1.13763	1.13771	241	0	0
2026.07.23	19:28:00	1.13772	1.13777	1.13769	1.13776	159	0	0
2026.07.23	19:29:00	1.13776	1.13785	1.13769	1.13784	169	0	0
2026.07.23	19:30:00	1.13784	1.13797	1.13782	1.13793	252	0	0
2026.07.23	19:31:00	1.13793	1.13797	1.13790	1.13790	196	0	0
2026.07.23	19:32:00	1.13790	1.13790	1.13777	1.13788	212	0	0
2026.07.23	19:33:00	1.13788	1.13791	1.13773	1.13776	216	0	0
2026.07.23	19:34:00	1.13776	1.13783	1.13774	1.13778	147	0	0
2026.07.23	19:35:00	1.13778	1.13785	1.13773	1.13782	222	0	0
2026.07.23	19:36:00	1.13782	1.13783	1.13760	1.13766	191	0	0
2026.07.23	19:37:00	1.13766	1.13767	1.13759	1.13766	197	0	0
2026.07.23	19:38:00	1.13766	1.13772	1.13760	1.13770	200	0	0
2026.07.23	19:39:00	1.13769	1.13774	1.13764	1.13769	275	0	0
2026.07.23	19:40:00	1.13769	1.13775	1.13763	1.13766	227	0	0
2026.07.23	19:41:00	1.13767	1.13768	1.13758	1.13762	174	0	0
2026.07.23	19:42:00	1.13762	1.13786	1.13762	1.13783	205	0	0
2026.07.23	19:43:00	1.13783	1.13796	1.13783	1.13787	229	0	0
2026.07.23	19:44:00	1.13787	1.13790	1.13781	1.13785	207	0	0
2026.07.23	19:45:00	1.13786	1.13790	1.13781	1.13784	241	0	0
2026.07.23	19:46:00	1.13787	1.13787	1.13776	1.13778	205	0	0
2026.07.23	19:47:00	1.13778	1.13781	1.13767	1.13776	198	0	0
2026.07.23	19:48:00	1.13778	1.13782	1.13773	1.13780	167	0	0
2026.07.23	19:49:00	1.13779	1.13794	1.13778	1.13790	141	0	0
2026.07.23	19:50:00	1.13790	1.13792	1.13783	1.13786	189	0	0
2026.07.23	19:51:00	1.13786	1.13797	1.13786	1.13794	176	0	0
2026.07.23	19:52:00	1.13794	1.13801	1.13788	1.13789	194	0	0
2026.07.23	19:53:00	1.13790	1.13796	1.13783	1.13795	152	0	0
2026.07.23	19:54:00	1.13795	1.13801	1.13783	1.13787	192	0	0
2026.07.23	19:55:00	1.13787	1.13797	1.13787	1.13793	146	0	0
2026.07.23	19:56:00	1.13793	1.13797	1.13786	1.13792	192	0	0
2026.07.23	19:57:00	1.13791	1.13803	1.13790	1.13802	208	0	0
2026.07.23	19:58:00	1.13802	1.13803	1.13793	1.13796	134	0	0
2026.07.23	19:59:00	1.13796	1.13804	1.13796	1.13800	179	0	0
2026.07.23	20:00:00	1.13800	1.13806	1.13796	1.13802	266	0	0
2026.07.23	20:01:00	1.13802	1.13804	1.13796	1.13801	230	0	0
2026.07.23	20:02:00	1.13801	1.13806	1.13782	1.13793	385	0	0
2026.07.23	20:03:00	1.13793	1.13811	1.13792	1.13811	263	0	0
2026.07.23	20:04:00	1.13811	1.13811	1.13792	1.13793	208	0	0
2026.07.23	20:05:00	1.13794	1.13807	1.13793	1.13803	205	0	0
2026.07.23	20:06:00	1.13803	1.13807	1.13790	1.13792	255	0	0
2026.07.23	20:07:00	1.13792	1.13797	1.13784	1.13790	207	0	0
2026.07.23	20:08:00	1.13790	1.13790	1.13774	1.13774	187	0	0
2026.07.23	20:09:00	1.13773	1.13785	1.13769	1.13785	203	0	0
2026.07.23	20:10:00	1.13784	1.13784	1.13774	1.13780	195	0	0
2026.07.23	20:11:00	1.13780	1.13780	1.13767	1.13775	199	0	0
2026.07.23	20:12:00	1.13775	1.13780	1.13772	1.13773	241	0	0
2026.07.23	20:13:00	1.13773	1.13780	1.13771	1.13771	160	0	0
2026.07.23	20:14:00	1.13771	1.13778	1.13767	1.13769	154	0	0
2026.07.23	20:15:00	1.13769	1.13773	1.13761	1.13772	229	0	0
2026.07.23	20:16:00	1.13772	1.13777	1.13769	1.13775	157	0	0
2026.07.23	20:17:00	1.13775	1.13783	1.13771	1.13778	242	0	0
2026.07.23	20:18:00	1.13777	1.13785	1.13775	1.13777	195	0	0
2026.07.23	20:19:00	1.13775	1.13780	1.13773	1.13777	200	0	0
2026.07.23	20:20:00	1.13778	1.13785	1.13773	1.13785	163	0	0
2026.07.23	20:21:00	1.13784	1.13786	1.13773	1.13774	146	0	0
2026.07.23	20:22:00	1.13775	1.13776	1.13770	1.13774	215	0	0
2026.07.23	20:23:00	1.13774	1.13774	1.13763	1.13764	183	0	0
2026.07.23	20:24:00	1.13764	1.13769	1.13764	1.13768	113	0	0
2026.07.23	20:25:00	1.13768	1.13773	1.13759	1.13759	208	0	0
2026.07.23	20:26:00	1.13759	1.13763	1.13757	1.13761	129	0	0
2026.07.23	20:27:00	1.13761	1.13765	1.13755	1.13762	192	0	0
2026.07.23	20:28:00	1.13762	1.13771	1.13758	1.13770	226	0	0
2026.07.23	20:29:00	1.13770	1.13771	1.13758	1.13760	219	0	0
2026.07.23	20:30:00	1.13760	1.13763	1.13752	1.13759	230	0	0
2026.07.23	20:31:00	1.13759	1.13759	1.13745	1.13748	214	0	0
2026.07.23	20:32:00	1.13748	1.13759	1.13748	1.13753	148	0	0
2026.07.23	20:33:00	1.13754	1.13761	1.13754	1.13756	123	0	0
2026.07.23	20:34:00	1.13756	1.13758	1.13748	1.13754	202	0	0
2026.07.23	20:35:00	1.13754	1.13755	1.13742	1.13744	198	0	0
2026.07.23	20:36:00	1.13744	1.13752	1.13744	1.13749	211	0	0
2026.07.23	20:37:00	1.13748	1.13752	1.13746	1.13751	141	0	0
2026.07.23	20:38:00	1.13751	1.13756	1.13748	1.13752	175	0	0
2026.07.23	20:39:00	1.13753	1.13757	1.13748	1.13757	196	0	0
2026.07.23	20:40:00	1.13757	1.13758	1.13745	1.13750	195	0	0
2026.07.23	20:41:00	1.13750	1.13752	1.13744	1.13748	189	0	0
2026.07.23	20:42:00	1.13747	1.13751	1.13747	1.13749	116	0	0
2026.07.23	20:43:00	1.13749	1.13751	1.13741	1.13742	174	0	0
2026.07.23	20:44:00	1.13742	1.13744	1.13738	1.13739	147	0	0
2026.07.23	20:45:00	1.13739	1.13744	1.13734	1.13739	211	0	0
2026.07.23	20:46:00	1.13739	1.13748	1.13731	1.13744	183	0	0
2026.07.23	20:47:00	1.13744	1.13748	1.13738	1.13746	168	0	0
2026.07.23	20:48:00	1.13746	1.13747	1.13735	1.13741	140	0	0
2026.07.23	20:49:00	1.13741	1.13742	1.13736	1.13738	99	0	0
2026.07.23	20:50:00	1.13738	1.13744	1.13734	1.13743	151	0	0
2026.07.23	20:51:00	1.13743	1.13749	1.13742	1.13744	115	0	0
2026.07.23	20:52:00	1.13744	1.13750	1.13743	1.13749	101	0	0
2026.07.23	20:53:00	1.13749	1.13752	1.13744	1.13745	114	0	0
2026.07.23	20:54:00	1.13745	1.13750	1.13743	1.13744	131	0	0
2026.07.23	20:55:00	1.13744	1.13746	1.13737	1.13737	158	0	0
2026.07.23	20:56:00	1.13738	1.13738	1.13727	1.13729	168	0	0
2026.07.23	20:57:00	1.13729	1.13731	1.13716	1.13721	120	0	0
2026.07.23	20:58:00	1.13721	1.13725	1.13719	1.13723	144	0	0
2026.07.23	20:59:00	1.13723	1.13724	1.13713	1.13714	167	0	0
2026.07.23	21:00:00	1.13714	1.13724	1.13711	1.13720	223	0	0
2026.07.23	21:01:00	1.13720	1.13720	1.13712	1.13715	240	0	0
2026.07.23	21:02:00	1.13715	1.13722	1.13712	1.13721	146	0	0
2026.07.23	21:03:00	1.13721	1.13731	1.13720	1.13731	194	0	0
2026.07.23	21:04:00	1.13730	1.13731	1.13722	1.13724	193	0	0
2026.07.23	21:05:00	1.13724	1.13730	1.13722	1.13728	124	0	0
2026.07.23	21:06:00	1.13728	1.13737	1.13728	1.13736	113	0	0
2026.07.23	21:07:00	1.13736	1.13737	1.13732	1.13733	115	0	0
2026.07.23	21:08:00	1.13733	1.13746	1.13733	1.13742	133	0	0
2026.07.23	21:09:00	1.13742	1.13747	1.13738	1.13740	112	0	0
2026.07.23	21:10:00	1.13740	1.13741	1.13733	1.13736	236	0	0
2026.07.23	21:11:00	1.13736	1.13750	1.13736	1.13744	150	0	0
2026.07.23	21:12:00	1.13744	1.13750	1.13742	1.13750	102	0	0
2026.07.23	21:13:00	1.13749	1.13752	1.13745	1.13747	123	0	0
2026.07.23	21:14:00	1.13747	1.13750	1.13739	1.13742	161	0	0
2026.07.23	21:15:00	1.13742	1.13747	1.13738	1.13747	156	0	0
2026.07.23	21:16:00	1.13747	1.13755	1.13744	1.13753	117	0	0
2026.07.23	21:17:00	1.13753	1.13755	1.13728	1.13731	162	0	0
2026.07.23	21:18:00	1.13731	1.13735	1.13727	1.13728	151	0	0
2026.07.23	21:19:00	1.13728	1.13736	1.13728	1.13733	160	0	0
2026.07.23	21:20:00	1.13733	1.13737	1.13730	1.13731	134	0	0
2026.07.23	21:21:00	1.13732	1.13733	1.13727	1.13731	185	0	0
2026.07.23	21:22:00	1.13730	1.13732	1.13727	1.13730	107	0	0
2026.07.23	21:23:00	1.13730	1.13734	1.13727	1.13730	149	0	0
2026.07.23	21:24:00	1.13730	1.13734	1.13729	1.13732	167	0	0
2026.07.23	21:25:00	1.13732	1.13736	1.13729	1.13736	134	0	0
2026.07.23	21:26:00	1.13736	1.13743	1.13733	1.13737	126	0	0
2026.07.23	21:27:00	1.13737	1.13744	1.13735	1.13739	150	0	0
2026.07.23	21:28:00	1.13739	1.13747	1.13739	1.13745	190	0	0
2026.07.23	21:29:00	1.13744	1.13756	1.13744	1.13751	154	0	0
2026.07.23	21:30:00	1.13751	1.13762	1.13748	1.13762	166	0	0
2026.07.23	21:31:00	1.13762	1.13764	1.13753	1.13758	161	0	0
2026.07.23	21:32:00	1.13758	1.13761	1.13753	1.13753	89	0	0
2026.07.23	21:33:00	1.13753	1.13759	1.13752	1.13756	141	0	0
2026.07.23	21:34:00	1.13755	1.13758	1.13751	1.13757	117	0	0
2026.07.23	21:35:00	1.13757	1.13759	1.13753	1.13756	109	0	0
2026.07.23	21:36:00	1.13755	1.13759	1.13750	1.13753	121	0	0
2026.07.23	21:37:00	1.13753	1.13756	1.13745	1.13747	146	0	0
2026.07.23	21:38:00	1.13747	1.13753	1.13744	1.13750	117	0	0
2026.07.23	21:39:00	1.13750	1.13750	1.13745	1.13749	146	0	0
2026.07.23	21:40:00	1.13749	1.13749	1.13742	1.13746	137	0	0
2026.07.23	21:41:00	1.13746	1.13747	1.13739	1.13746	113	0	0
2026.07.23	21:42:00	1.13746	1.13749	1.13738	1.13738	124	0	0
2026.07.23	21:43:00	1.13740	1.13744	1.13738	1.13741	103	0	0
2026.07.23	21:44:00	1.13741	1.13746	1.13738	1.13746	71	0	0
2026.07.23	21:45:00	1.13746	1.13747	1.13740	1.13743	95	0	0
2026.07.23	21:46:00	1.13743	1.13748	1.13743	1.13744	91	0	0
2026.07.23	21:47:00	1.13744	1.13753	1.13743	1.13750	42	0	0
2026.07.23	21:48:00	1.13750	1.13755	1.13748	1.13751	146	0	0
2026.07.23	21:49:00	1.13752	1.13753	1.13747	1.13751	92	0	0
2026.07.23	21:50:00	1.13751	1.13753	1.13745	1.13752	123	0	0
2026.07.23	21:51:00	1.13752	1.13752	1.13747	1.13750	137	0	0
2026.07.23	21:52:00	1.13750	1.13752	1.13748	1.13751	95	0	0
2026.07.23	21:53:00	1.13750	1.13752	1.13746	1.13748	117	0	0
2026.07.23	21:54:00	1.13748	1.13751	1.13745	1.13747	88	0	0
2026.07.23	21:55:00	1.13748	1.13762	1.13743	1.13760	158	0	0
2026.07.23	21:56:00	1.13758	1.13762	1.13751	1.13757	132	0	0
2026.07.23	21:57:00	1.13757	1.13758	1.13749	1.13749	158	0	0
2026.07.23	21:58:00	1.13749	1.13753	1.13747	1.13750	123	0	0
2026.07.23	21:59:00	1.13750	1.13765	1.13748	1.13763	187	0	0
2026.07.23	22:00:00	1.13762	1.13782	1.13762	1.13769	298	0	0
2026.07.23	22:01:00	1.13769	1.13773	1.13758	1.13760	176	0	0
2026.07.23	22:02:00	1.13761	1.13766	1.13758	1.13764	89	0	0
2026.07.23	22:03:00	1.13764	1.13767	1.13760	1.13760	64	0	0
2026.07.23	22:04:00	1.13760	1.13766	1.13757	1.13764	108	0	0
2026.07.23	22:05:00	1.13764	1.13766	1.13759	1.13763	65	0	0
2026.07.23	22:06:00	1.13762	1.13764	1.13762	1.13763	8	0	0
2026.07.23	22:07:00	1.13763	1.13764	1.13762	1.13764	10	0	0
2026.07.23	22:08:00	1.13764	1.13766	1.13755	1.13755	48	0	0
2026.07.23	22:09:00	1.13757	1.13758	1.13753	1.13757	46	0	0
2026.07.23	22:10:00	1.13757	1.13762	1.13754	1.13761	84	0	0
2026.07.23	22:11:00	1.13761	1.13764	1.13759	1.13762	31	0	0
2026.07.23	22:12:00	1.13762	1.13762	1.13758	1.13759	76	0	0
2026.07.23	22:13:00	1.13759	1.13759	1.13750	1.13752	65	0	0
2026.07.23	22:14:00	1.13752	1.13756	1.13750	1.13752	72	0	0
2026.07.23	22:15:00	1.13752	1.13755	1.13750	1.13751	86	0	0
2026.07.23	22:16:00	1.13751	1.13759	1.13751	1.13753	106	0	0
2026.07.23	22:17:00	1.13753	1.13757	1.13749	1.13749	132	0	0
2026.07.23	22:18:00	1.13749	1.13754	1.13744	1.13744	118	0	0
2026.07.23	22:19:00	1.13744	1.13747	1.13740	1.13740	126	0	0
2026.07.23	22:20:00	1.13740	1.13745	1.13739	1.13741	143	0	0
2026.07.23	22:21:00	1.13742	1.13747	1.13740	1.13743	163	0	0
2026.07.23	22:22:00	1.13743	1.13745	1.13737	1.13740	128	0	0
2026.07.23	22:23:00	1.13740	1.13746	1.13738	1.13744	178	0	0
2026.07.23	22:24:00	1.13744	1.13748	1.13743	1.13745	162	0	0
2026.07.23	22:25:00	1.13745	1.13752	1.13744	1.13749	154	0	0
2026.07.23	22:26:00	1.13748	1.13751	1.13747	1.13748	95	0	0
2026.07.23	22:27:00	1.13748	1.13756	1.13748	1.13756	140	0	0
2026.07.23	22:28:00	1.13756	1.13766	1.13755	1.13763	178	0	0
2026.07.23	22:29:00	1.13763	1.13771	1.13762	1.13769	149	0	0
2026.07.23	22:30:00	1.13769	1.13800	1.13769	1.13787	419	0	0
2026.07.23	22:31:00	1.13787	1.13789	1.13777	1.13778	233	0	0
2026.07.23	22:32:00	1.13778	1.13784	1.13777	1.13784	164	0	0
2026.07.23	22:33:00	1.13784	1.13785	1.13772	1.13775	160	0	0
2026.07.23	22:34:00	1.13775	1.13780	1.13770	1.13773	160	0	0
2026.07.23	22:35:00	1.13773	1.13778	1.13772	1.13774	119	0	0
2026.07.23	22:36:00	1.13774	1.13776	1.13770	1.13773	117	0	0
2026.07.23	22:37:00	1.13773	1.13778	1.13769	1.13769	133	0	0
2026.07.23	22:38:00	1.13769	1.13773	1.13768	1.13769	78	0	0
2026.07.23	22:39:00	1.13768	1.13776	1.13768	1.13772	114	0	0
2026.07.23	22:40:00	1.13772	1.13775	1.13768	1.13769	107	0	0
2026.07.23	22:41:00	1.13769	1.13771	1.13767	1.13768	96	0	0
2026.07.23	22:42:00	1.13768	1.13770	1.13758	1.13761	105	0	0
2026.07.23	22:43:00	1.13761	1.13766	1.13761	1.13763	84	0	0
2026.07.23	22:44:00	1.13763	1.13766	1.13759	1.13760	104	0	0
2026.07.23	22:45:00	1.13759	1.13765	1.13758	1.13759	167	0	0
2026.07.23	22:46:00	1.13759	1.13760	1.13752	1.13753	90	0	0
2026.07.23	22:47:00	1.13753	1.13762	1.13750	1.13758	91	0	0
2026.07.23	22:48:00	1.13757	1.13761	1.13756	1.13758	92	0	0
2026.07.23	22:49:00	1.13758	1.13763	1.13757	1.13761	124	0	0
2026.07.23	22:50:00	1.13762	1.13773	1.13762	1.13769	215	0	0
2026.07.23	22:51:00	1.13769	1.13780	1.13768	1.13776	120	0	0
2026.07.23	22:52:00	1.13776	1.13780	1.13770	1.13776	174	0	0
2026.07.23	22:53:00	1.13775	1.13779	1.13773	1.13774	187	0	0
2026.07.23	22:54:00	1.13775	1.13781	1.13773	1.13778	211	0	0
2026.07.23	22:55:00	1.13779	1.13781	1.13771	1.13772	207	0	0
2026.07.23	22:56:00	1.13772	1.13780	1.13771	1.13779	157	0	0
2026.07.23	22:57:00	1.13779	1.13788	1.13778	1.13787	207	0	0
2026.07.23	22:58:00	1.13787	1.13787	1.13776	1.13780	210	0	0
2026.07.23	22:59:00	1.13780	1.13783	1.13775	1.13775	170	0	0
2026.07.23	23:00:00	1.13776	1.13790	1.13775	1.13786	280	0	0
2026.07.23	23:01:00	1.13789	1.13791	1.13784	1.13788	178	0	0
2026.07.23	23:02:00	1.13788	1.13796	1.13788	1.13790	149	0	0
2026.07.23	23:03:00	1.13790	1.13795	1.13786	1.13787	136	0	0
2026.07.23	23:04:00	1.13788	1.13794	1.13786	1.13790	134	0	0
2026.07.23	23:05:00	1.13790	1.13795	1.13788	1.13788	123	0	0
2026.07.23	23:06:00	1.13788	1.13789	1.13784	1.13786	131	0	0
2026.07.23	23:07:00	1.13786	1.13787	1.13785	1.13786	47	0	0
2026.07.23	23:08:00	1.13786	1.13790	1.13785	1.13790	54	0	0
2026.07.23	23:09:00	1.13790	1.13791	1.13785	1.13790	97	0	0
2026.07.23	23:10:00	1.13790	1.13791	1.13788	1.13791	56	0	0
2026.07.23	23:11:00	1.13791	1.13791	1.13780	1.13783	87	0	0
2026.07.23	23:12:00	1.13784	1.13785	1.13780	1.13783	68	0	0
2026.07.23	23:13:00	1.13783	1.13785	1.13777	1.13781	119	0	0
2026.07.23	23:14:00	1.13781	1.13785	1.13778	1.13781	86	0	0
2026.07.23	23:15:00	1.13781	1.13784	1.13774	1.13778	93	0	0
2026.07.23	23:16:00	1.13778	1.13779	1.13776	1.13777	50	0	0
2026.07.23	23:17:00	1.13777	1.13778	1.13776	1.13778	22	0	0
2026.07.23	23:18:00	1.13777	1.13778	1.13772	1.13773	98	0	0
2026.07.23	23:19:00	1.13773	1.13776	1.13770	1.13775	100	0	0
2026.07.23	23:20:00	1.13775	1.13781	1.13774	1.13774	46	0	0
2026.07.23	23:21:00	1.13774	1.13777	1.13773	1.13776	27	0	0
2026.07.23	23:22:00	1.13777	1.13780	1.13774	1.13778	44	0	0
2026.07.23	23:23:00	1.13780	1.13781	1.13777	1.13778	39	0	0
2026.07.23	23:24:00	1.13778	1.13780	1.13774	1.13779	30	0	0
2026.07.23	23:25:00	1.13778	1.13785	1.13777	1.13784	58	0	0
2026.07.23	23:26:00	1.13783	1.13785	1.13777	1.13778	37	0	0
2026.07.23	23:27:00	1.13778	1.13783	1.13778	1.13783	53	0	0
2026.07.23	23:28:00	1.13783	1.13786	1.13780	1.13783	56	0	0
2026.07.23	23:29:00	1.13782	1.13793	1.13781	1.13792	110	0	0
2026.07.23	23:30:00	1.13792	1.13801	1.13792	1.13797	98	0	0
2026.07.23	23:31:00	1.13797	1.13799	1.13787	1.13790	94	0	0
2026.07.23	23:32:00	1.13790	1.13793	1.13784	1.13785	82	0	0
2026.07.23	23:33:00	1.13785	1.13785	1.13776	1.13776	59	0	0
2026.07.23	23:34:00	1.13776	1.13779	1.13776	1.13776	50	0	0
2026.07.23	23:35:00	1.13776	1.13777	1.13768	1.13770	55	0	0
2026.07.23	23:36:00	1.13770	1.13775	1.13769	1.13771	52	0	0
2026.07.23	23:37:00	1.13771	1.13776	1.13771	1.13774	47	0	0
2026.07.23	23:38:00	1.13774	1.13777	1.13770	1.13773	61	0	0
2026.07.23	23:39:00	1.13774	1.13776	1.13771	1.13771	32	0	0
2026.07.23	23:40:00	1.13771	1.13771	1.13767	1.13768	22	0	0
2026.07.23	23:41:00	1.13768	1.13774	1.13768	1.13772	18	0	0
2026.07.23	23:42:00	1.13772	1.13774	1.13768	1.13772	73	0	0
2026.07.23	23:43:00	1.13772	1.13775	1.13771	1.13773	41	0	0
2026.07.23	23:44:00	1.13773	1.13780	1.13771	1.13777	55	0	0
2026.07.23	23:45:00	1.13777	1.13781	1.13777	1.13779	51	0	0
2026.07.23	23:46:00	1.13779	1.13783	1.13778	1.13779	62	0	0
2026.07.23	23:47:00	1.13779	1.13781	1.13777	1.13780	55	0	0
2026.07.23	23:48:00	1.13780	1.13781	1.13774	1.13778	68	0	0
2026.07.23	23:49:00	1.13777	1.13778	1.13772	1.13774	69	0	0
2026.07.23	23:50:00	1.13775	1.13775	1.13768	1.13769	40	0	0
2026.07.23	23:51:00	1.13769	1.13774	1.13767	1.13770	60	0	0
2026.07.23	23:52:00	1.13770	1.13772	1.13765	1.13766	55	0	0
2026.07.23	23:53:00	1.13766	1.13771	1.13766	1.13769	59	0	0
2026.07.23	23:54:00	1.13769	1.13774	1.13768	1.13771	54	0	0
2026.07.23	23:55:00	1.13771	1.13777	1.13771	1.13773	167	0	0
2026.07.23	23:56:00	1.13773	1.13775	1.13770	1.13772	52	0	0
2026.07.23	23:57:00	1.13772	1.13780	1.13770	1.13778	126	0	0
2026.07.23	23:58:00	1.13778	1.13778	1.13769	1.13776	157	0	0
2026.07.23	23:59:00	1.13776	1.13776	1.13767	1.13769	45	0	0
2026.07.24	00:00:00	1.13750	1.13750	1.13742	1.13749	12	0	17
2026.07.24	00:01:00	1.13731	1.13739	1.13730	1.13737	13	0	0
2026.07.24	00:02:00	1.13737	1.13737	1.13732	1.13734	20	0	0
2026.07.24	00:03:00	1.13735	1.13737	1.13735	1.13737	3	0	0
2026.07.24	00:04:00	1.13738	1.13738	1.13732	1.13737	15	0	0
2026.07.24	00:05:00	1.13737	1.13741	1.13734	1.13739	7	0	0
2026.07.24	00:06:00	1.13739	1.13739	1.13738	1.13738	2	0	0
2026.07.24	00:07:00	1.13738	1.13774	1.13737	1.13748	29	0	0
2026.07.24	00:08:00	1.13748	1.13753	1.13740	1.13753	5	0	0
2026.07.24	00:09:00	1.13753	1.13753	1.13752	1.13752	2	0	1
2026.07.24	00:10:00	1.13752	1.13770	1.13752	1.13753	20	0	2
2026.07.24	00:11:00	1.13753	1.13759	1.13753	1.13753	3	0	12
2026.07.24	00:12:00	1.13753	1.13770	1.13752	1.13760	14	0	2
2026.07.24	00:13:00	1.13760	1.13768	1.13760	1.13764	10	0	8
2026.07.24	00:14:00	1.13764	1.13764	1.13764	1.13764	1	0	12
2026.07.24	00:15:00	1.13764	1.13770	1.13762	1.13762	6	0	10
2026.07.24	00:16:00	1.13762	1.13762	1.13758	1.13758	3	0	11
2026.07.24	00:17:00	1.13758	1.13758	1.13758	1.13758	1	0	11
2026.07.24	00:18:00	1.13758	1.13764	1.13758	1.13758	5	0	11
2026.07.24	00:19:00	1.13758	1.13758	1.13758	1.13758	1	0	11
2026.07.24	00:20:00	1.13764	1.13775	1.13758	1.13775	5	0	0
2026.07.24	00:21:00	1.13758	1.13776	1.13758	1.13776	5	0	0
2026.07.24	00:22:00	1.13776	1.13776	1.13759	1.13759	10	0	0
2026.07.24	00:23:00	1.13759	1.13764	1.13758	1.13758	6	0	11
2026.07.24	00:24:00	1.13758	1.13776	1.13758	1.13776	2	0	0
2026.07.24	00:25:00	1.13776	1.13776	1.13776	1.13776	1	0	0
2026.07.24	00:26:00	1.13746	1.13776	1.13746	1.13776	3	0	0
2026.07.24	00:27:00	1.13746	1.13778	1.13746	1.13776	3	0	0
2026.07.24	00:28:00	1.13776	1.13780	1.13776	1.13777	4	0	0
2026.07.24	00:29:00	1.13777	1.13777	1.13771	1.13771	7	0	0
2026.07.24	00:30:00	1.13771	1.13772	1.13768	1.13772	3	0	0
2026.07.24	00:31:00	1.13772	1.13772	1.13772	1.13772	1	0	2
2026.07.24	00:32:00	1.13772	1.13772	1.13772	1.13772	1	0	5
2026.07.24	00:33:00	1.13772	1.13774	1.13772	1.13774	2	0	0
2026.07.24	00:34:00	1.13774	1.13779	1.13773	1.13776	16	0	0
2026.07.24	00:35:00	1.13776	1.13776	1.13770	1.13771	9	0	0
2026.07.24	00:36:00	1.13771	1.13771	1.13766	1.13767	11	0	0
2026.07.24	00:37:00	1.13767	1.13767	1.13766	1.13767	3	0	0
2026.07.24	00:38:00	1.13767	1.13767	1.13763	1.13763	8	0	0
2026.07.24	00:39:00	1.13763	1.13766	1.13763	1.13764	6	0	0
2026.07.24	00:40:00	1.13764	1.13765	1.13763	1.13765	6	0	0
2026.07.24	00:41:00	1.13765	1.13766	1.13764	1.13766	12	0	0
2026.07.24	00:42:00	1.13766	1.13766	1.13763	1.13766	7	0	0
2026.07.24	00:43:00	1.13766	1.13789	1.13764	1.13786	17	0	0
2026.07.24	00:44:00	1.13786	1.13790	1.13776	1.13780	29	0	2
2026.07.24	00:45:00	1.13780	1.13793	1.13780	1.13788	25	0	0
2026.07.24	00:46:00	1.13788	1.13798	1.13786	1.13793	18	0	0
2026.07.24	00:47:00	1.13793	1.13794	1.13793	1.13794	2	0	1
2026.07.24	00:48:00	1.13794	1.13796	1.13794	1.13796	2	0	0
2026.07.24	00:49:00	1.13796	1.13796	1.13783	1.13785	17	0	0
2026.07.24	00:50:00	1.13785	1.13787	1.13785	1.13786	3	0	0
2026.07.24	00:51:00	1.13787	1.13787	1.13785	1.13785	13	0	4
2026.07.24	00:52:00	1.13785	1.13787	1.13784	1.13785	9	0	5
2026.07.24	00:53:00	1.13785	1.13785	1.13784	1.13784	2	0	6
2026.07.24	00:54:00	1.13784	1.13787	1.13782	1.13783	7	0	5
2026.07.24	00:55:00	1.13783	1.13802	1.13783	1.13797	25	0	0
2026.07.24	00:56:00	1.13797	1.13797	1.13795	1.13797	5	0	4
2026.07.24	00:57:00	1.13797	1.13798	1.13784	1.13789	30	0	0
2026.07.24	00:58:00	1.13790	1.13791	1.13746	1.13757	48	0	0
2026.07.24	00:59:00	1.13757	1.13762	1.13756	1.13761	33	0	0
2026.07.24	01:00:00	1.13761	1.13790	1.13761	1.13776	98	0	0
2026.07.24	01:01:00	1.13776	1.13781	1.13775	1.13780	26	0	0
2026.07.24	01:02:00	1.13780	1.13784	1.13777	1.13780	33	0	0
2026.07.24	01:03:00	1.13779	1.13780	1.13779	1.13779	39	0	0
2026.07.24	01:04:00	1.13779	1.13781	1.13779	1.13781	25	0	0
2026.07.24	01:05:00	1.13782	1.13792	1.13779	1.13791	68	0	0
2026.07.24	01:06:00	1.13791	1.13791	1.13787	1.13790	32	0	0
2026.07.24	01:07:00	1.13790	1.13791	1.13787	1.13790	21	0	0
2026.07.24	01:08:00	1.13790	1.13791	1.13787	1.13789	19	0	0
2026.07.24	01:09:00	1.13790	1.13791	1.13782	1.13783	27	0	0
2026.07.24	01:10:00	1.13782	1.13782	1.13778	1.13782	35	0	0
2026.07.24	01:11:00	1.13782	1.13783	1.13777	1.13781	509	0	0
2026.07.24	01:12:00	1.13781	1.13782	1.13778	1.13781	103	0	0
2026.07.24	01:13:00	1.13779	1.13782	1.13779	1.13779	31	0	0
2026.07.24	01:14:00	1.13779	1.13783	1.13779	1.13780	25	0	0
2026.07.24	01:15:00	1.13779	1.13782	1.13779	1.13779	46	0	0
2026.07.24	01:16:00	1.13780	1.13781	1.13779	1.13781	36	0	0
2026.07.24	01:17:00	1.13781	1.13783	1.13778	1.13780	46	0	0
2026.07.24	01:18:00	1.13780	1.13782	1.13778	1.13780	31	0	0
2026.07.24	01:19:00	1.13779	1.13782	1.13778	1.13779	37	0	0
2026.07.24	01:20:00	1.13779	1.13781	1.13779	1.13780	30	0	0
2026.07.24	01:21:00	1.13780	1.13783	1.13779	1.13779	44	0	0
2026.07.24	01:22:00	1.13779	1.13782	1.13779	1.13781	64	0	0
2026.07.24	01:23:00	1.13780	1.13793	1.13780	1.13790	107	0	0
2026.07.24	01:24:00	1.13790	1.13796	1.13789	1.13795	82	0	0
2026.07.24	01:25:00	1.13795	1.13795	1.13789	1.13791	45	0	0
2026.07.24	01:26:00	1.13791	1.13791	1.13781	1.13783	76	0	0
2026.07.24	01:27:00	1.13783	1.13786	1.13783	1.13786	47	0	0
2026.07.24	01:28:00	1.13785	1.13786	1.13776	1.13779	78	0	0
2026.07.24	01:29:00	1.13779	1.13780	1.13776	1.13779	32	0	0
2026.07.24	01:30:00	1.13779	1.13780	1.13773	1.13775	92	0	0
2026.07.24	01:31:00	1.13775	1.13777	1.13772	1.13773	119	0	0
2026.07.24	01:32:00	1.13774	1.13775	1.13771	1.13773	52	0	0
2026.07.24	01:33:00	1.13773	1.13775	1.13770	1.13774	85	0	0
2026.07.24	01:34:00	1.13773	1.13781	1.13773	1.13779	59	0	0
2026.07.24	01:35:00	1.13779	1.13782	1.13777	1.13779	75	0	0
2026.07.24	01:36:00	1.13779	1.13782	1.13778	1.13780	45	0	0
2026.07.24	01:37:00	1.13780	1.13783	1.13777	1.13781	51	0	0
2026.07.24	01:38:00	1.13780	1.13785	1.13777	1.13783	80	0	0
2026.07.24	01:39:00	1.13782	1.13783	1.13779	1.13780	73	0	0
2026.07.24	01:40:00	1.13781	1.13783	1.13777	1.13781	82	0	0
2026.07.24	01:41:00	1.13780	1.13782	1.13778	1.13781	38	0	0
2026.07.24	01:42:00	1.13782	1.13786	1.13779	1.13784	79	0	0
2026.07.24	01:43:00	1.13784	1.13788	1.13783	1.13784	57	0	0
2026.07.24	01:44:00	1.13785	1.13785	1.13783	1.13784	37	0	0
2026.07.24	01:45:00	1.13784	1.13787	1.13783	1.13785	39	0	0
2026.07.24	01:46:00	1.13785	1.13791	1.13784	1.13791	78	0	0
2026.07.24	01:47:00	1.13791	1.13791	1.13787	1.13788	10	0	0
2026.07.24	01:48:00	1.13787	1.13790	1.13786	1.13788	38	0	0
2026.07.24	01:49:00	1.13787	1.13790	1.13787	1.13788	17	0	0
2026.07.24	01:50:00	1.13788	1.13790	1.13787	1.13789	35	0	0
2026.07.24	01:51:00	1.13788	1.13795	1.13787	1.13793	70	0	0
2026.07.24	01:52:00	1.13793	1.13794	1.13792	1.13793	19	0	0
2026.07.24	01:53:00	1.13793	1.13796	1.13793	1.13795	36	0	0
2026.07.24	01:54:00	1.13795	1.13799	1.13793	1.13794	55	0	0
2026.07.24	01:55:00	1.13794	1.13796	1.13793	1.13796	38	0	0
2026.07.24	01:56:00	1.13795	1.13796	1.13793	1.13794	20	0	0
2026.07.24	01:57:00	1.13795	1.13800	1.13793	1.13798	57	0	0
2026.07.24	01:58:00	1.13798	1.13801	1.13797	1.13797	50	0	0
2026.07.24	01:59:00	1.13797	1.13800	1.13794	1.13794	47	0	0
2026.07.24	02:00:00	1.13794	1.13800	1.13794	1.13796	88	0	0
2026.07.24	02:01:00	1.13796	1.13800	1.13795	1.13796	29	0	0
2026.07.24	02:02:00	1.13796	1.13800	1.13796	1.13799	34	0	0
2026.07.24	02:03:00	1.13799	1.13799	1.13793	1.13795	34	0	0
2026.07.24	02:04:00	1.13795	1.13797	1.13788	1.13788	71	0	0
2026.07.24	02:05:00	1.13788	1.13791	1.13788	1.13789	81	0	0
2026.07.24	02:06:00	1.13788	1.13791	1.13788	1.13788	48	0	0
2026.07.24	02:07:00	1.13788	1.13792	1.13788	1.13791	41	0	0
2026.07.24	02:08:00	1.13791	1.13791	1.13789	1.13789	46	0	0
2026.07.24	02:09:00	1.13791	1.13791	1.13789	1.13789	32	0	0
2026.07.24	02:10:00	1.13789	1.13791	1.13788	1.13789	24	0	0
2026.07.24	02:11:00	1.13789	1.13794	1.13788	1.13792	47	0	0
2026.07.24	02:12:00	1.13792	1.13792	1.13788	1.13790	23	0	0
2026.07.24	02:13:00	1.13790	1.13790	1.13788	1.13790	21	0	0
2026.07.24	02:14:00	1.13790	1.13790	1.13787	1.13788	32	0	0
2026.07.24	02:15:00	1.13788	1.13792	1.13787	1.13792	35	0	0
2026.07.24	02:16:00	1.13790	1.13792	1.13789	1.13789	78	0	0
2026.07.24	02:17:00	1.13789	1.13791	1.13789	1.13791	24	0	0
2026.07.24	02:18:00	1.13791	1.13791	1.13789	1.13790	3	0	0
2026.07.24	02:19:00	1.13791	1.13791	1.13790	1.13791	11	0	0
2026.07.24	02:20:00	1.13791	1.13794	1.13791	1.13793	17	0	0
2026.07.24	02:21:00	1.13793	1.13794	1.13792	1.13793	12	0	0
2026.07.24	02:22:00	1.13793	1.13794	1.13791	1.13792	38	0	0
2026.07.24	02:23:00	1.13793	1.13793	1.13788	1.13789	24	0	0
2026.07.24	02:24:00	1.13789	1.13792	1.13789	1.13790	42	0	0
2026.07.24	02:25:00	1.13790	1.13793	1.13789	1.13792	53	0	0
2026.07.24	02:26:00	1.13792	1.13793	1.13789	1.13790	18	0	0
2026.07.24	02:27:00	1.13790	1.13792	1.13789	1.13790	27	0	0
2026.07.24	02:28:00	1.13790	1.13792	1.13790	1.13791	20	0	0
2026.07.24	02:29:00	1.13792	1.13792	1.13789	1.13790	13	0	0
2026.07.24	02:30:00	1.13790	1.13792	1.13788	1.13790	24	0	0
2026.07.24	02:31:00	1.13790	1.13792	1.13788	1.13790	21	0	0
2026.07.24	02:32:00	1.13790	1.13791	1.13788	1.13789	12	0	0
2026.07.24	02:33:00	1.13789	1.13797	1.13789	1.13796	39	0	0
2026.07.24	02:34:00	1.13796	1.13800	1.13791	1.13794	77	0	0
2026.07.24	02:35:00	1.13794	1.13794	1.13787	1.13789	88	0	0
2026.07.24	02:36:00	1.13789	1.13790	1.13787	1.13788	35	0	0
2026.07.24	02:37:00	1.13788	1.13791	1.13787	1.13790	36	0	0
2026.07.24	02:38:00	1.13790	1.13790	1.13787	1.13787	38	0	0
2026.07.24	02:39:00	1.13787	1.13790	1.13786	1.13788	78	0	0
2026.07.24	02:40:00	1.13788	1.13790	1.13766	1.13768	188	0	0
2026.07.24	02:41:00	1.13767	1.13770	1.13763	1.13763	104	0	0
2026.07.24	02:42:00	1.13764	1.13775	1.13764	1.13774	140	0	0
2026.07.24	02:43:00	1.13774	1.13775	1.13771	1.13772	64	0	0
2026.07.24	02:44:00	1.13772	1.13775	1.13771	1.13773	68	0	0
2026.07.24	02:45:00	1.13773	1.13789	1.13771	1.13788	249	0	0
2026.07.24	02:46:00	1.13787	1.13791	1.13779	1.13779	123	0	0
2026.07.24	02:47:00	1.13779	1.13783	1.13778	1.13780	99	0	0
2026.07.24	02:48:00	1.13780	1.13782	1.13777	1.13779	71	0	0
2026.07.24	02:49:00	1.13779	1.13779	1.13776	1.13776	70	0	0
2026.07.24	02:50:00	1.13777	1.13780	1.13774	1.13775	112	0	0
2026.07.24	02:51:00	1.13774	1.13777	1.13772	1.13774	71	0	0
2026.07.24	02:52:00	1.13775	1.13777	1.13761	1.13763	121	0	0
2026.07.24	02:53:00	1.13763	1.13769	1.13758	1.13763	148	0	0
2026.07.24	02:54:00	1.13761	1.13763	1.13756	1.13759	150	0	0
2026.07.24	02:55:00	1.13759	1.13764	1.13758	1.13763	85	0	0
2026.07.24	02:56:00	1.13763	1.13765	1.13759	1.13764	84	0	0
2026.07.24	02:57:00	1.13764	1.13772	1.13762	1.13770	117	0	0
2026.07.24	02:58:00	1.13771	1.13774	1.13766	1.13769	177	0	0
2026.07.24	02:59:00	1.13768	1.13770	1.13761	1.13766	167	0	0
2026.07.24	03:00:00	1.13766	1.13772	1.13751	1.13756	425	0	0
2026.07.24	03:01:00	1.13756	1.13764	1.13752	1.13759	262	0	0
2026.07.24	03:02:00	1.13759	1.13763	1.13753	1.13757	265	0	0
2026.07.24	03:03:00	1.13757	1.13789	1.13756	1.13778	352	0	0
2026.07.24	03:04:00	1.13778	1.13780	1.13766	1.13769	153	0	0
2026.07.24	03:05:00	1.13769	1.13775	1.13758	1.13774	247	0	0
2026.07.24	03:06:00	1.13774	1.13785	1.13767	1.13782	191	0	0
2026.07.24	03:07:00	1.13782	1.13795	1.13777	1.13792	204	0	0
2026.07.24	03:08:00	1.13792	1.13805	1.13792	1.13797	185	0	0
2026.07.24	03:09:00	1.13797	1.13805	1.13793	1.13797	160	0	0
2026.07.24	03:10:00	1.13798	1.13804	1.13793	1.13801	198	0	0
2026.07.24	03:11:00	1.13801	1.13803	1.13793	1.13798	197	0	0
2026.07.24	03:12:00	1.13798	1.13805	1.13792	1.13805	169	0	0
2026.07.24	03:13:00	1.13805	1.13805	1.13794	1.13796	145	0	0
2026.07.24	03:14:00	1.13796	1.13798	1.13785	1.13789	213	0	0
2026.07.24	03:15:00	1.13789	1.13795	1.13785	1.13790	173	0	0
2026.07.24	03:16:00	1.13788	1.13794	1.13783	1.13792	143	0	0
2026.07.24	03:17:00	1.13792	1.13795	1.13783	1.13785	163	0	0
2026.07.24	03:18:00	1.13787	1.13791	1.13782	1.13787	180	0	0
2026.07.24	03:19:00	1.13787	1.13791	1.13784	1.13790	132	0	0
2026.07.24	03:20:00	1.13790	1.13791	1.13783	1.13791	117	0	0
2026.07.24	03:21:00	1.13790	1.13795	1.13786	1.13789	146	0	0
2026.07.24	03:22:00	1.13789	1.13795	1.13783	1.13794	99	0	0
2026.07.24	03:23:00	1.13794	1.13804	1.13792	1.13800	182	0	0
2026.07.24	03:24:00	1.13800	1.13803	1.13794	1.13798	158	0	0
2026.07.24	03:25:00	1.13798	1.13801	1.13795	1.13799	63	0	0
2026.07.24	03:26:00	1.13799	1.13800	1.13787	1.13790	151	0	0
2026.07.24	03:27:00	1.13790	1.13793	1.13787	1.13792	152	0	0
2026.07.24	03:28:00	1.13793	1.13798	1.13791	1.13794	134	0	0
2026.07.24	03:29:00	1.13794	1.13800	1.13791	1.13797	109	0	0
2026.07.24	03:30:00	1.13797	1.13798	1.13790	1.13794	167	0	0
2026.07.24	03:31:00	1.13794	1.13798	1.13789	1.13797	179	0	0
2026.07.24	03:32:00	1.13798	1.13798	1.13792	1.13794	94	0	0
2026.07.24	03:33:00	1.13794	1.13795	1.13790	1.13795	111	0	0
2026.07.24	03:34:00	1.13795	1.13795	1.13783	1.13787	117	0	0
2026.07.24	03:35:00	1.13787	1.13790	1.13784	1.13787	93	0	0
2026.07.24	03:36:00	1.13787	1.13793	1.13784	1.13789	73	0	0
2026.07.24	03:37:00	1.13789	1.13792	1.13784	1.13786	78	0	0
2026.07.24	03:38:00	1.13785	1.13787	1.13782	1.13786	49	0	0
2026.07.24	03:39:00	1.13786	1.13786	1.13780	1.13782	81	0	0
2026.07.24	03:40:00	1.13782	1.13783	1.13773	1.13778	143	0	0
2026.07.24	03:41:00	1.13778	1.13779	1.13773	1.13774	131	0	0
2026.07.24	03:42:00	1.13774	1.13782	1.13773	1.13778	88	0	0
2026.07.24	03:43:00	1.13777	1.13780	1.13770	1.13774	193	0	0
2026.07.24	03:44:00	1.13774	1.13776	1.13770	1.13775	141	0	0
2026.07.24	03:45:00	1.13775	1.13775	1.13765	1.13767	194	0	0
2026.07.24	03:46:00	1.13767	1.13775	1.13767	1.13775	131	0	0
2026.07.24	03:47:00	1.13775	1.13781	1.13771	1.13777	131	0	0
2026.07.24	03:48:00	1.13777	1.13783	1.13776	1.13780	77	0	0
2026.07.24	03:49:00	1.13780	1.13781	1.13776	1.13778	79	0	0
2026.07.24	03:50:00	1.13779	1.13785	1.13773	1.13785	98	0	0
2026.07.24	03:51:00	1.13785	1.13789	1.13782	1.13787	136	0	0
2026.07.24	03:52:00	1.13786	1.13788	1.13780	1.13786	117	0	0
2026.07.24	03:53:00	1.13786	1.13791	1.13777	1.13779	215	0	0
2026.07.24	03:54:00	1.13779	1.13788	1.13776	1.13783	251	0	0
2026.07.24	03:55:00	1.13783	1.13802	1.13780	1.13802	223	0	0
2026.07.24	03:56:00	1.13802	1.13809	1.13798	1.13801	149	0	0
2026.07.24	03:57:00	1.13801	1.13819	1.13799	1.13817	229	0	0
2026.07.24	03:58:00	1.13817	1.13831	1.13817	1.13831	223	0	0
2026.07.24	03:59:00	1.13831	1.13842	1.13829	1.13842	190	0	0
2026.07.24	04:00:00	1.13842	1.13856	1.13834	1.13849	387	0	0
2026.07.24	04:01:00	1.13849	1.13864	1.13848	1.13859	282	0	0
2026.07.24	04:02:00	1.13859	1.13861	1.13846	1.13852	246	0	0
2026.07.24	04:03:00	1.13853	1.13853	1.13842	1.13846	136	0	0
2026.07.24	04:04:00	1.13846	1.13850	1.13840	1.13845	108	0	0
2026.07.24	04:05:00	1.13845	1.13845	1.13833	1.13836	137	0	0
2026.07.24	04:06:00	1.13836	1.13837	1.13824	1.13832	237	0	0
2026.07.24	04:07:00	1.13831	1.13837	1.13828	1.13831	100	0	0
2026.07.24	04:08:00	1.13831	1.13840	1.13828	1.13839	163	0	0
2026.07.24	04:09:00	1.13839	1.13839	1.13830	1.13833	88	0	0
2026.07.24	04:10:00	1.13833	1.13836	1.13830	1.13832	97	0	0
2026.07.24	04:11:00	1.13832	1.13834	1.13829	1.13832	84	0	0
2026.07.24	04:12:00	1.13832	1.13842	1.13829	1.13842	142	0	0
2026.07.24	04:13:00	1.13842	1.13846	1.13838	1.13838	186	0	0
2026.07.24	04:14:00	1.13838	1.13842	1.13837	1.13841	175	0	0
2026.07.24	04:15:00	1.13841	1.13842	1.13834	1.13835	120	0	0
2026.07.24	04:16:00	1.13835	1.13842	1.13831	1.13836	153	0	0
2026.07.24	04:17:00	1.13835	1.13842	1.13833	1.13837	71	0	0
2026.07.24	04:18:00	1.13837	1.13850	1.13837	1.13850	102	0	0
2026.07.24	04:19:00	1.13850	1.13856	1.13849	1.13854	128	0	0
2026.07.24	04:20:00	1.13854	1.13855	1.13848	1.13853	103	0	0
2026.07.24	04:21:00	1.13853	1.13857	1.13850	1.13854	147	0	0
2026.07.24	04:22:00	1.13854	1.13854	1.13848	1.13848	109	0	0
2026.07.24	04:23:00	1.13850	1.13857	1.13845	1.13856	151	0	0
2026.07.24	04:24:00	1.13856	1.13861	1.13854	1.13857	70	0	0
2026.07.24	04:25:00	1.13857	1.13857	1.13845	1.13847	125	0	0
2026.07.24	04:26:00	1.13846	1.13847	1.13828	1.13829	149	0	0
2026.07.24	04:27:00	1.13829	1.13840	1.13828	1.13838	127	0	0
2026.07.24	04:28:00	1.13837	1.13837	1.13825	1.13826	192	0	0
2026.07.24	04:29:00	1.13826	1.13830	1.13819	1.13820	185	0	0
2026.07.24	04:30:00	1.13819	1.13823	1.13817	1.13820	248	0	0
2026.07.24	04:31:00	1.13820	1.13829	1.13818	1.13822	205	0	0
2026.07.24	04:32:00	1.13823	1.13826	1.13822	1.13825	109	0	0
2026.07.24	04:33:00	1.13825	1.13840	1.13823	1.13840	137	0	0
2026.07.24	04:34:00	1.13840	1.13848	1.13837	1.13844	154	0	0
2026.07.24	04:35:00	1.13843	1.13847	1.13840	1.13845	107	0	0
2026.07.24	04:36:00	1.13843	1.13851	1.13843	1.13851	105	0	0
2026.07.24	04:37:00	1.13851	1.13856	1.13844	1.13853	121	0	0
2026.07.24	04:38:00	1.13853	1.13861	1.13851	1.13858	164	0	0
2026.07.24	04:39:00	1.13858	1.13859	1.13844	1.13848	190	0	0
2026.07.24	04:40:00	1.13848	1.13860	1.13846	1.13855	190	0	0
2026.07.24	04:41:00	1.13855	1.13865	1.13846	1.13862	223	0	0
2026.07.24	04:42:00	1.13862	1.13865	1.13860	1.13862	103	0	0
2026.07.24	04:43:00	1.13862	1.13863	1.13854	1.13860	115	0	0
2026.07.24	04:44:00	1.13860	1.13863	1.13855	1.13862	136	0	0
2026.07.24	04:45:00	1.13861	1.13862	1.13857	1.13858	134	0	0
2026.07.24	04:46:00	1.13858	1.13862	1.13857	1.13859	101	0	0
2026.07.24	04:47:00	1.13859	1.13863	1.13857	1.13858	129	0	0
2026.07.24	04:48:00	1.13858	1.13867	1.13857	1.13865	112	0	0
2026.07.24	04:49:00	1.13865	1.13873	1.13862	1.13871	106	0	0
2026.07.24	04:50:00	1.13871	1.13872	1.13856	1.13857	128	0	0
2026.07.24	04:51:00	1.13857	1.13866	1.13853	1.13862	160	0	0
2026.07.24	04:52:00	1.13862	1.13867	1.13856	1.13861	112	0	0
2026.07.24	04:53:00	1.13861	1.13867	1.13856	1.13858	149	0	0
2026.07.24	04:54:00	1.13858	1.13868	1.13858	1.13864	103	0	0
2026.07.24	04:55:00	1.13865	1.13867	1.13846	1.13847	163	0	0
2026.07.24	04:56:00	1.13847	1.13851	1.13841	1.13843	114	0	0
2026.07.24	04:57:00	1.13843	1.13845	1.13834	1.13841	158	0	0
2026.07.24	04:58:00	1.13841	1.13842	1.13834	1.13836	208	0	0
2026.07.24	04:59:00	1.13836	1.13841	1.13834	1.13841	139	0	0
2026.07.24	05:00:00	1.13841	1.13850	1.13838	1.13844	239	0	0
2026.07.24	05:01:00	1.13844	1.13846	1.13842	1.13842	127	0	0
2026.07.24	05:02:00	1.13842	1.13845	1.13832	1.13836	176	0	0
2026.07.24	05:03:00	1.13836	1.13848	1.13833	1.13847	113	0	0
2026.07.24	05:04:00	1.13847	1.13848	1.13840	1.13843	96	0	0
2026.07.24	05:05:00	1.13843	1.13843	1.13836	1.13837	118	0	0
2026.07.24	05:06:00	1.13838	1.13841	1.13835	1.13840	82	0	0
2026.07.24	05:07:00	1.13840	1.13845	1.13837	1.13840	144	0	0
2026.07.24	05:08:00	1.13840	1.13840	1.13834	1.13834	93	0	0
2026.07.24	05:09:00	1.13836	1.13840	1.13829	1.13834	103	0	0
2026.07.24	05:10:00	1.13834	1.13838	1.13831	1.13836	147	0	0
2026.07.24	05:11:00	1.13835	1.13837	1.13833	1.13835	115	0	0
2026.07.24	05:12:00	1.13835	1.13843	1.13832	1.13841	135	0	0
2026.07.24	05:13:00	1.13841	1.13845	1.13841	1.13844	65	0	0
2026.07.24	05:14:00	1.13843	1.13850	1.13843	1.13849	130	0	0
2026.07.24	05:15:00	1.13849	1.13852	1.13845	1.13848	114	0	0
2026.07.24	05:16:00	1.13848	1.13849	1.13838	1.13839	45	0	0
2026.07.24	05:17:00	1.13840	1.13844	1.13834	1.13843	80	0	0
2026.07.24	05:18:00	1.13843	1.13846	1.13842	1.13843	72	0	0
2026.07.24	05:19:00	1.13843	1.13844	1.13839	1.13842	67	0	0
2026.07.24	05:20:00	1.13842	1.13857	1.13842	1.13855	82	0	0
2026.07.24	05:21:00	1.13855	1.13858	1.13848	1.13850	94	0	0
2026.07.24	05:22:00	1.13850	1.13851	1.13838	1.13840	103	0	0
2026.07.24	05:23:00	1.13840	1.13843	1.13838	1.13841	112	0	0
2026.07.24	05:24:00	1.13841	1.13844	1.13838	1.13842	93	0	0
2026.07.24	05:25:00	1.13841	1.13842	1.13837	1.13841	82	0	0
2026.07.24	05:26:00	1.13841	1.13842	1.13837	1.13842	74	0	0
2026.07.24	05:27:00	1.13841	1.13845	1.13840	1.13845	29	0	0
2026.07.24	05:28:00	1.13845	1.13851	1.13839	1.13839	133	0	0
2026.07.24	05:29:00	1.13839	1.13846	1.13838	1.13846	97	0	0
2026.07.24	05:30:00	1.13845	1.13866	1.13842	1.13864	152	0	0
2026.07.24	05:31:00	1.13863	1.13876	1.13861	1.13875	106	0	0
2026.07.24	05:32:00	1.13875	1.13877	1.13867	1.13875	130	0	0
2026.07.24	05:33:00	1.13875	1.13875	1.13864	1.13865	88	0	0
2026.07.24	05:34:00	1.13865	1.13871	1.13864	1.13867	71	0	0
2026.07.24	05:35:00	1.13867	1.13867	1.13862	1.13865	52	0	0
2026.07.24	05:36:00	1.13865	1.13867	1.13863	1.13863	46	0	0
2026.07.24	05:37:00	1.13863	1.13866	1.13859	1.13865	91	0	0
2026.07.24	05:38:00	1.13865	1.13866	1.13855	1.13855	67	0	0
2026.07.24	05:39:00	1.13855	1.13857	1.13849	1.13850	102	0	0
2026.07.24	05:40:00	1.13850	1.13856	1.13850	1.13852	87	0	0
2026.07.24	05:41:00	1.13852	1.13857	1.13850	1.13850	88	0	0
2026.07.24	05:42:00	1.13850	1.13851	1.13847	1.13850	71	0	0
2026.07.24	05:43:00	1.13850	1.13852	1.13847	1.13850	61	0	0
2026.07.24	05:44:00	1.13850	1.13851	1.13844	1.13847	89	0	0
2026.07.24	05:45:00	1.13847	1.13852	1.13844	1.13848	105	0	0
2026.07.24	05:46:00	1.13848	1.13853	1.13843	1.13845	89	0	0
2026.07.24	05:47:00	1.13845	1.13846	1.13836	1.13837	76	0	0
2026.07.24	05:48:00	1.13837	1.13837	1.13823	1.13827	155	0	0
2026.07.24	05:49:00	1.13827	1.13832	1.13819	1.13821	186	0	0
2026.07.24	05:50:00	1.13821	1.13836	1.13821	1.13829	148	0	0
2026.07.24	05:51:00	1.13829	1.13832	1.13826	1.13828	187	0	0
2026.07.24	05:52:00	1.13828	1.13828	1.13819	1.13822	151	0	0
2026.07.24	05:53:00	1.13822	1.13826	1.13821	1.13824	118	0	0
2026.07.24	05:54:00	1.13823	1.13827	1.13817	1.13821	172	0	0
2026.07.24	05:55:00	1.13821	1.13827	1.13817	1.13822	173	0	0
2026.07.24	05:56:00	1.13824	1.13829	1.13822	1.13824	113	0	0
2026.07.24	05:57:00	1.13824	1.13829	1.13820	1.13826	151	0	0
2026.07.24	05:58:00	1.13826	1.13830	1.13818	1.13820	99	0	0
2026.07.24	05:59:00	1.13820	1.13821	1.13808	1.13808	132	0	0
2026.07.24	06:00:00	1.13808	1.13816	1.13805	1.13814	139	0	0
2026.07.24	06:01:00	1.13814	1.13815	1.13802	1.13806	141	0	0
2026.07.24	06:02:00	1.13806	1.13806	1.13802	1.13806	130	0	0
2026.07.24	06:03:00	1.13806	1.13807	1.13801	1.13804	164	0	0
2026.07.24	06:04:00	1.13804	1.13807	1.13801	1.13803	91	0	0
2026.07.24	06:05:00	1.13803	1.13807	1.13802	1.13804	124	0	0
2026.07.24	06:06:00	1.13804	1.13807	1.13803	1.13804	123	0	0
2026.07.24	06:07:00	1.13804	1.13810	1.13801	1.13801	75	0	0
2026.07.24	06:08:00	1.13801	1.13806	1.13798	1.13802	122	0	0
2026.07.24	06:09:00	1.13803	1.13804	1.13792	1.13795	131	0	0
2026.07.24	06:10:00	1.13795	1.13796	1.13781	1.13781	182	0	0
2026.07.24	06:11:00	1.13781	1.13785	1.13777	1.13785	139	0	0
2026.07.24	06:12:00	1.13785	1.13790	1.13782	1.13784	81	0	0
2026.07.24	06:13:00	1.13784	1.13791	1.13783	1.13787	129	0	0
2026.07.24	06:14:00	1.13787	1.13788	1.13783	1.13785	104	0	0
2026.07.24	06:15:00	1.13785	1.13794	1.13784	1.13791	100	0	0
2026.07.24	06:16:00	1.13791	1.13792	1.13787	1.13792	101	0	0
2026.07.24	06:17:00	1.13792	1.13794	1.13788	1.13791	98	0	0
2026.07.24	06:18:00	1.13791	1.13796	1.13788	1.13789	105	0	0
2026.07.24	06:19:00	1.13789	1.13792	1.13782	1.13784	162	0	0
2026.07.24	06:20:00	1.13784	1.13786	1.13779	1.13782	85	0	0
2026.07.24	06:21:00	1.13782	1.13791	1.13782	1.13791	93	0	0
2026.07.24	06:22:00	1.13790	1.13792	1.13786	1.13786	66	0	0
2026.07.24	06:23:00	1.13788	1.13788	1.13782	1.13786	94	0	0
2026.07.24	06:24:00	1.13786	1.13786	1.13778	1.13780	109	0	0
2026.07.24	06:25:00	1.13780	1.13791	1.13778	1.13790	166	0	0
2026.07.24	06:26:00	1.13790	1.13792	1.13785	1.13791	113	0	0
2026.07.24	06:27:00	1.13791	1.13796	1.13789	1.13792	142	0	0
2026.07.24	06:28:00	1.13792	1.13795	1.13785	1.13788	135	0	0
2026.07.24	06:29:00	1.13788	1.13791	1.13787	1.13791	84	0	0
2026.07.24	06:30:00	1.13791	1.13810	1.13788	1.13810	151	0	0
2026.07.24	06:31:00	1.13810	1.13816	1.13805	1.13812	102	0	0
2026.07.24	06:32:00	1.13812	1.13812	1.13806	1.13809	101	0	0
2026.07.24	06:33:00	1.13809	1.13813	1.13808	1.13811	124	0	0
2026.07.24	06:34:00	1.13811	1.13817	1.13808	1.13816	95	0	0
2026.07.24	06:35:00	1.13816	1.13825	1.13815	1.13824	103	0	0
2026.07.24	06:36:00	1.13824	1.13825	1.13817	1.13817	86	0	0
2026.07.24	06:37:00	1.13817	1.13820	1.13809	1.13816	113	0	0
2026.07.24	06:38:00	1.13814	1.13821	1.13812	1.13820	74	0	0
2026.07.24	06:39:00	1.13820	1.13821	1.13812	1.13812	82	0	0
2026.07.24	06:40:00	1.13813	1.13820	1.13812	1.13820	104	0	0
2026.07.24	06:41:00	1.13820	1.13821	1.13817	1.13820	80	0	0
2026.07.24	06:42:00	1.13820	1.13826	1.13818	1.13825	71	0	0
2026.07.24	06:43:00	1.13825	1.13825	1.13817	1.13820	78	0	0
2026.07.24	06:44:00	1.13820	1.13824	1.13817	1.13822	79	0	0
2026.07.24	06:45:00	1.13822	1.13823	1.13814	1.13817	160	0	0
2026.07.24	06:46:00	1.13817	1.13820	1.13815	1.13818	54	0	0
2026.07.24	06:47:00	1.13818	1.13818	1.13813	1.13813	47	0	0
2026.07.24	06:48:00	1.13813	1.13817	1.13808	1.13811	98	0	0
2026.07.24	06:49:00	1.13811	1.13814	1.13808	1.13812	72	0	0
2026.07.24	06:50:00	1.13812	1.13820	1.13809	1.13818	125	0	0
2026.07.24	06:51:00	1.13818	1.13819	1.13814	1.13815	87	0	0
2026.07.24	06:52:00	1.13817	1.13820	1.13815	1.13817	65	0	0
2026.07.24	06:53:00	1.13819	1.13826	1.13817	1.13826	70	0	0
2026.07.24	06:54:00	1.13825	1.13826	1.13817	1.13819	46	0	0
2026.07.24	06:55:00	1.13819	1.13819	1.13810	1.13812	102	0	0
2026.07.24	06:56:00	1.13812	1.13813	1.13806	1.13808	69	0	0
2026.07.24	06:57:00	1.13808	1.13817	1.13807	1.13812	130	0	0
2026.07.24	06:58:00	1.13812	1.13825	1.13812	1.13822	122	0	0
2026.07.24	06:59:00	1.13822	1.13826	1.13820	1.13825	83	0	0
2026.07.24	07:00:00	1.13825	1.13828	1.13820	1.13827	175	0	0
2026.07.24	07:01:00	1.13827	1.13830	1.13822	1.13828	91	0	0
2026.07.24	07:02:00	1.13829	1.13831	1.13824	1.13828	75	0	0
2026.07.24	07:03:00	1.13826	1.13828	1.13824	1.13827	68	0	0
2026.07.24	07:04:00	1.13827	1.13836	1.13823	1.13830	103	0	0
2026.07.24	07:05:00	1.13830	1.13834	1.13827	1.13832	170	0	0
2026.07.24	07:06:00	1.13832	1.13836	1.13826	1.13828	136	0	0
2026.07.24	07:07:00	1.13828	1.13830	1.13821	1.13830	95	0	0
2026.07.24	07:08:00	1.13830	1.13830	1.13824	1.13827	105	0	0
2026.07.24	07:09:00	1.13827	1.13835	1.13826	1.13833	93	0	0
2026.07.24	07:10:00	1.13833	1.13836	1.13832	1.13835	103	0	0
2026.07.24	07:11:00	1.13835	1.13835	1.13823	1.13824	144	0	0
2026.07.24	07:12:00	1.13824	1.13832	1.13822	1.13831	115	0	0
2026.07.24	07:13:00	1.13831	1.13836	1.13828	1.13832	78	0	0
2026.07.24	07:14:00	1.13832	1.13837	1.13830	1.13835	109	0	0
2026.07.24	07:15:00	1.13835	1.13836	1.13833	1.13836	45	0	0
2026.07.24	07:16:00	1.13836	1.13841	1.13833	1.13841	71	0	0
2026.07.24	07:17:00	1.13841	1.13841	1.13835	1.13838	57	0	0
2026.07.24	07:18:00	1.13838	1.13840	1.13825	1.13825	115	0	0
2026.07.24	07:19:00	1.13825	1.13830	1.13825	1.13829	45	0	0
2026.07.24	07:20:00	1.13829	1.13832	1.13826	1.13831	118	0	0
2026.07.24	07:21:00	1.13831	1.13832	1.13827	1.13829	89	0	0
2026.07.24	07:22:00	1.13829	1.13831	1.13823	1.13825	129	0	0
2026.07.24	07:23:00	1.13825	1.13826	1.13823	1.13824	80	0	0
2026.07.24	07:24:00	1.13824	1.13826	1.13812	1.13814	105	0	0
2026.07.24	07:25:00	1.13814	1.13814	1.13807	1.13808	166	0	0
2026.07.24	07:26:00	1.13808	1.13812	1.13807	1.13811	151	0	0
2026.07.24	07:27:00	1.13811	1.13815	1.13809	1.13811	154	0	0
2026.07.24	07:28:00	1.13811	1.13813	1.13807	1.13811	131	0	0
2026.07.24	07:29:00	1.13810	1.13811	1.13807	1.13807	166	0	0
2026.07.24	07:30:00	1.13808	1.13815	1.13805	1.13814	112	0	0
2026.07.24	07:31:00	1.13814	1.13816	1.13806	1.13808	125	0	0
2026.07.24	07:32:00	1.13808	1.13810	1.13800	1.13802	124	0	0
2026.07.24	07:33:00	1.13804	1.13806	1.13802	1.13803	104	0	0
2026.07.24	07:34:00	1.13803	1.13806	1.13802	1.13806	68	0	0
2026.07.24	07:35:00	1.13806	1.13809	1.13803	1.13806	151	0	0
2026.07.24	07:36:00	1.13806	1.13808	1.13802	1.13805	117	0	0
2026.07.24	07:37:00	1.13805	1.13806	1.13801	1.13802	60	0	0
2026.07.24	07:38:00	1.13802	1.13804	1.13800	1.13801	59	0	0
2026.07.24	07:39:00	1.13801	1.13806	1.13798	1.13805	119	0	0
2026.07.24	07:40:00	1.13806	1.13806	1.13799	1.13799	60	0	0
2026.07.24	07:41:00	1.13799	1.13799	1.13782	1.13782	199	0	0
2026.07.24	07:42:00	1.13782	1.13788	1.13782	1.13784	109	0	0
2026.07.24	07:43:00	1.13784	1.13787	1.13782	1.13783	82	0	0
2026.07.24	07:44:00	1.13783	1.13783	1.13778	1.13778	123	0	0
2026.07.24	07:45:00	1.13778	1.13786	1.13775	1.13784	144	0	0
2026.07.24	07:46:00	1.13784	1.13786	1.13777	1.13779	94	0	0
2026.07.24	07:47:00	1.13779	1.13779	1.13774	1.13775	74	0	0
2026.07.24	07:48:00	1.13775	1.13780	1.13771	1.13774	105	0	0
2026.07.24	07:49:00	1.13774	1.13775	1.13769	1.13772	49	0	0
2026.07.24	07:50:00	1.13772	1.13775	1.13767	1.13770	129	0	0
2026.07.24	07:51:00	1.13770	1.13773	1.13768	1.13769	108	0	0
2026.07.24	07:52:00	1.13769	1.13776	1.13767	1.13775	92	0	0
2026.07.24	07:53:00	1.13776	1.13777	1.13772	1.13775	116	0	0
2026.07.24	07:54:00	1.13775	1.13781	1.13772	1.13772	137	0	0
2026.07.24	07:55:00	1.13773	1.13779	1.13772	1.13777	125	0	0
2026.07.24	07:56:00	1.13777	1.13782	1.13776	1.13778	103	0	0
2026.07.24	07:57:00	1.13778	1.13787	1.13777	1.13785	134	0	0
2026.07.24	07:58:00	1.13786	1.13790	1.13781	1.13786	87	0	0
2026.07.24	07:59:00	1.13786	1.13795	1.13785	1.13792	138	0	0
2026.07.24	08:00:00	1.13791	1.13800	1.13787	1.13787	158	0	0
2026.07.24	08:01:00	1.13787	1.13791	1.13783	1.13787	106	0	0
2026.07.24	08:02:00	1.13787	1.13794	1.13786	1.13791	60	0	0
2026.07.24	08:03:00	1.13792	1.13798	1.13791	1.13795	163	0	0
2026.07.24	08:04:00	1.13795	1.13799	1.13793	1.13797	83	0	0
2026.07.24	08:05:00	1.13797	1.13802	1.13796	1.13797	67	0	0
2026.07.24	08:06:00	1.13797	1.13805	1.13794	1.13801	102	0	0
2026.07.24	08:07:00	1.13799	1.13809	1.13798	1.13802	203	0	0
2026.07.24	08:08:00	1.13802	1.13803	1.13801	1.13802	31	0	0
2026.07.24	08:09:00	1.13802	1.13807	1.13800	1.13805	53	0	0
2026.07.24	08:10:00	1.13804	1.13814	1.13803	1.13807	138	0	0
2026.07.24	08:11:00	1.13807	1.13811	1.13803	1.13809	115	0	0
2026.07.24	08:12:00	1.13809	1.13809	1.13798	1.13802	126	0	0
2026.07.24	08:13:00	1.13802	1.13806	1.13802	1.13802	146	0	0
2026.07.24	08:14:00	1.13802	1.13805	1.13797	1.13803	76	0	0
2026.07.24	08:15:00	1.13803	1.13808	1.13802	1.13803	77	0	0
2026.07.24	08:16:00	1.13803	1.13810	1.13802	1.13808	80	0	0
2026.07.24	08:17:00	1.13807	1.13812	1.13807	1.13811	58	0	0
2026.07.24	08:18:00	1.13811	1.13816	1.13809	1.13812	131	0	0
2026.07.24	08:19:00	1.13811	1.13816	1.13810	1.13812	83	0	0
2026.07.24	08:20:00	1.13812	1.13819	1.13811	1.13816	75	0	0
2026.07.24	08:21:00	1.13816	1.13825	1.13816	1.13823	96	0	0
2026.07.24	08:22:00	1.13823	1.13823	1.13813	1.13818	116	0	0
2026.07.24	08:23:00	1.13818	1.13821	1.13815	1.13817	97	0	0
2026.07.24	08:24:00	1.13817	1.13823	1.13816	1.13816	57	0	0
2026.07.24	08:25:00	1.13816	1.13825	1.13815	1.13822	80	0	0
2026.07.24	08:26:00	1.13822	1.13825	1.13820	1.13820	80	0	0
2026.07.24	08:27:00	1.13820	1.13825	1.13817	1.13817	119	0	0
2026.07.24	08:28:00	1.13818	1.13820	1.13816	1.13817	66	0	0
2026.07.24	08:29:00	1.13816	1.13821	1.13816	1.13818	91	0	0
2026.07.24	08:30:00	1.13818	1.13825	1.13816	1.13820	175	0	0
2026.07.24	08:31:00	1.13823	1.13835	1.13820	1.13833	89	0	0
2026.07.24	08:32:00	1.13833	1.13835	1.13820	1.13821	111	0	0
2026.07.24	08:33:00	1.13821	1.13824	1.13819	1.13823	91	0	0
2026.07.24	08:34:00	1.13823	1.13824	1.13812	1.13823	102	0	0
2026.07.24	08:35:00	1.13823	1.13824	1.13816	1.13821	81	0	0
2026.07.24	08:36:00	1.13821	1.13826	1.13812	1.13814	100	0	0
2026.07.24	08:37:00	1.13814	1.13820	1.13812	1.13818	113	0	0
2026.07.24	08:38:00	1.13818	1.13824	1.13816	1.13823	83	0	0
2026.07.24	08:39:00	1.13823	1.13823	1.13816	1.13818	97	0	0
2026.07.24	08:40:00	1.13818	1.13819	1.13815	1.13816	82	0	0
2026.07.24	08:41:00	1.13816	1.13825	1.13815	1.13823	94	0	0
2026.07.24	08:42:00	1.13823	1.13824	1.13813	1.13815	86	0	0
2026.07.24	08:43:00	1.13815	1.13816	1.13809	1.13814	91	0	0
2026.07.24	08:44:00	1.13814	1.13817	1.13804	1.13810	103	0	0
2026.07.24	08:45:00	1.13810	1.13810	1.13801	1.13803	111	0	0
2026.07.24	08:46:00	1.13803	1.13807	1.13802	1.13803	124	0	0
2026.07.24	08:47:00	1.13803	1.13810	1.13803	1.13809	114	0	0
2026.07.24	08:48:00	1.13809	1.13815	1.13807	1.13812	63	0	0
2026.07.24	08:49:00	1.13812	1.13812	1.13807	1.13810	83	0	0
2026.07.24	08:50:00	1.13810	1.13810	1.13802	1.13802	86	0	0
2026.07.24	08:51:00	1.13802	1.13805	1.13790	1.13792	90	0	0
2026.07.24	08:52:00	1.13792	1.13795	1.13779	1.13783	163	0	0
2026.07.24	08:53:00	1.13782	1.13786	1.13782	1.13783	67	0	0
2026.07.24	08:54:00	1.13783	1.13791	1.13782	1.13784	89	0	0
2026.07.24	08:55:00	1.13784	1.13792	1.13767	1.13767	156	0	0
2026.07.24	08:56:00	1.13767	1.13787	1.13764	1.13775	177	0	0
2026.07.24	08:57:00	1.13775	1.13779	1.13771	1.13779	100	0	0
2026.07.24	08:58:00	1.13779	1.13781	1.13775	1.13776	106	0	0
2026.07.24	08:59:00	1.13776	1.13779	1.13774	1.13778	81	0	0
2026.07.24	09:00:00	1.13778	1.13791	1.13776	1.13791	86	0	0
2026.07.24	09:01:00	1.13791	1.13796	1.13778	1.13778	87	0	0
2026.07.24	09:02:00	1.13778	1.13789	1.13773	1.13789	164	0	0
2026.07.24	09:03:00	1.13789	1.13789	1.13778	1.13778	113	0	0
2026.07.24	09:04:00	1.13778	1.13784	1.13776	1.13779	151	0	0
2026.07.24	09:05:00	1.13779	1.13787	1.13778	1.13782	200	0	0
2026.07.24	09:06:00	1.13782	1.13795	1.13782	1.13785	281	0	0
2026.07.24	09:07:00	1.13784	1.13789	1.13777	1.13780	116	0	0
2026.07.24	09:08:00	1.13780	1.13794	1.13776	1.13787	226	0	0
2026.07.24	09:09:00	1.13787	1.13791	1.13783	1.13789	210	0	0
2026.07.24	09:10:00	1.13789	1.13799	1.13786	1.13789	220	0	0
2026.07.24	09:11:00	1.13789	1.13790	1.13783	1.13788	90	0	0
2026.07.24	09:12:00	1.13787	1.13790	1.13776	1.13787	155	0	0
2026.07.24	09:13:00	1.13787	1.13791	1.13777	1.13789	165	0	0
2026.07.24	09:14:00	1.13790	1.13800	1.13787	1.13800	197	0	0
2026.07.24	09:15:00	1.13800	1.13811	1.13798	1.13808	202	0	0
2026.07.24	09:16:00	1.13808	1.13815	1.13800	1.13813	177	0	0
2026.07.24	09:17:00	1.13813	1.13823	1.13809	1.13822	136	0	0
2026.07.24	09:18:00	1.13822	1.13832	1.13818	1.13831	107	0	0
2026.07.24	09:19:00	1.13832	1.13837	1.13830	1.13834	107	0	0
2026.07.24	09:20:00	1.13834	1.13842	1.13833	1.13837	129	0	0
2026.07.24	09:21:00	1.13837	1.13843	1.13832	1.13838	161	0	0
2026.07.24	09:22:00	1.13838	1.13850	1.13837	1.13850	120	0	0
2026.07.24	09:23:00	1.13850	1.13853	1.13844	1.13849	154	0	0
2026.07.24	09:24:00	1.13850	1.13856	1.13848	1.13853	117	0	0
2026.07.24	09:25:00	1.13853	1.13858	1.13847	1.13854	141	0	0
2026.07.24	09:26:00	1.13854	1.13866	1.13847	1.13862	190	0	0
2026.07.24	09:27:00	1.13862	1.13864	1.13848	1.13854	107	0	0
2026.07.24	09:28:00	1.13854	1.13857	1.13846	1.13851	169	0	0
2026.07.24	09:29:00	1.13851	1.13862	1.13848	1.13856	182	0	0
2026.07.24	09:30:00	1.13856	1.13861	1.13852	1.13854	143	0	0
2026.07.24	09:31:00	1.13854	1.13860	1.13847	1.13847	132	0	0
2026.07.24	09:32:00	1.13847	1.13850	1.13836	1.13847	241	0	0
2026.07.24	09:33:00	1.13847	1.13857	1.13847	1.13853	164	0	0
2026.07.24	09:34:00	1.13853	1.13866	1.13851	1.13864	184	0	0
2026.07.24	09:35:00	1.13864	1.13865	1.13854	1.13857	160	0	0
2026.07.24	09:36:00	1.13857	1.13862	1.13852	1.13853	208	0	0
2026.07.24	09:37:00	1.13853	1.13865	1.13851	1.13860	204	0	0
2026.07.24	09:38:00	1.13860	1.13866	1.13857	1.13862	212	0	0
2026.07.24	09:39:00	1.13862	1.13865	1.13852	1.13857	184	0	0
2026.07.24	09:40:00	1.13858	1.13861	1.13845	1.13850	225	0	0
2026.07.24	09:41:00	1.13850	1.13851	1.13839	1.13848	212	0	0
2026.07.24	09:42:00	1.13847	1.13857	1.13842	1.13853	175	0	0
2026.07.24	09:43:00	1.13853	1.13857	1.13845	1.13845	172	0	0
2026.07.24	09:44:00	1.13845	1.13845	1.13834	1.13838	146	0	0
2026.07.24	09:45:00	1.13838	1.13852	1.13837	1.13848	148	0	0
2026.07.24	09:46:00	1.13847	1.13857	1.13847	1.13850	170	0	0
2026.07.24	09:47:00	1.13850	1.13855	1.13843	1.13852	153	0	0
2026.07.24	09:48:00	1.13852	1.13855	1.13838	1.13840	140	0	0
2026.07.24	09:49:00	1.13841	1.13847	1.13838	1.13845	183	0	0
2026.07.24	09:50:00	1.13845	1.13852	1.13843	1.13848	177	0	0
2026.07.24	09:51:00	1.13848	1.13852	1.13832	1.13837	157	0	0
2026.07.24	09:52:00	1.13837	1.13844	1.13832	1.13840	201	0	0
2026.07.24	09:53:00	1.13839	1.13857	1.13839	1.13855	199	0	0
2026.07.24	09:54:00	1.13855	1.13856	1.13834	1.13835	279	0	0
2026.07.24	09:55:00	1.13835	1.13855	1.13831	1.13852	269	0	0
2026.07.24	09:56:00	1.13852	1.13858	1.13848	1.13855	227	0	0
2026.07.24	09:57:00	1.13855	1.13855	1.13840	1.13847	238	0	0
2026.07.24	09:58:00	1.13847	1.13856	1.13847	1.13853	140	0	0
2026.07.24	09:59:00	1.13853	1.13871	1.13852	1.13869	335	0	0
2026.07.24	10:00:00	1.13869	1.13880	1.13864	1.13880	327	0	0
2026.07.24	10:01:00	1.13880	1.13882	1.13864	1.13868	292	0	0
2026.07.24	10:02:00	1.13868	1.13880	1.13867	1.13875	293	0	0
2026.07.24	10:03:00	1.13875	1.13894	1.13865	1.13892	290	0	0
2026.07.24	10:04:00	1.13894	1.13894	1.13883	1.13885	236	0	0
2026.07.24	10:05:00	1.13885	1.13898	1.13882	1.13895	196	0	0
2026.07.24	10:06:00	1.13895	1.13896	1.13883	1.13891	219	0	0
2026.07.24	10:07:00	1.13890	1.13903	1.13888	1.13900	182	0	0
2026.07.24	10:08:00	1.13900	1.13917	1.13898	1.13916	192	0	0
2026.07.24	10:09:00	1.13916	1.13938	1.13916	1.13936	231	0	0
2026.07.24	10:10:00	1.13936	1.13941	1.13930	1.13940	173	0	0
2026.07.24	10:11:00	1.13940	1.13949	1.13934	1.13947	131	0	0
2026.07.24	10:12:00	1.13947	1.13960	1.13947	1.13954	126	0	0
2026.07.24	10:13:00	1.13953	1.13959	1.13943	1.13946	211	0	0
2026.07.24	10:14:00	1.13946	1.13950	1.13936	1.13938	231	0	0
2026.07.24	10:15:00	1.13936	1.13958	1.13935	1.13937	202	0	0
2026.07.24	10:16:00	1.13937	1.13940	1.13919	1.13926	208	0	0
2026.07.24	10:17:00	1.13926	1.13928	1.13907	1.13909	221	0	0
2026.07.24	10:18:00	1.13909	1.13926	1.13902	1.13926	230	0	0
2026.07.24	10:19:00	1.13926	1.13931	1.13917	1.13924	227	0	0
2026.07.24	10:20:00	1.13923	1.13931	1.13923	1.13928	136	0	0
2026.07.24	10:21:00	1.13929	1.13946	1.13926	1.13945	155	0	0
2026.07.24	10:22:00	1.13945	1.13950	1.13932	1.13941	227	0	0
2026.07.24	10:23:00	1.13941	1.13950	1.13935	1.13944	181	0	0
2026.07.24	10:24:00	1.13944	1.13966	1.13943	1.13964	246	0	0
2026.07.24	10:25:00	1.13964	1.13976	1.13963	1.13976	155	0	0
2026.07.24	10:26:00	1.13976	1.13986	1.13969	1.13979	242	0	0
2026.07.24	10:27:00	1.13979	1.13996	1.13979	1.13986	174	0	0
2026.07.24	10:28:00	1.13986	1.13997	1.13981	1.13994	150	0	0
2026.07.24	10:29:00	1.13994	1.13994	1.13970	1.13973	216	0	0
2026.07.24	10:30:00	1.13973	1.13998	1.13973	1.13985	168	0	0
2026.07.24	10:31:00	1.13985	1.14011	1.13983	1.13990	219	0	0
2026.07.24	10:32:00	1.13990	1.13994	1.13972	1.13979	264	0	0
2026.07.24	10:33:00	1.13979	1.13983	1.13963	1.13964	297	0	0
2026.07.24	10:34:00	1.13963	1.13976	1.13960	1.13971	264	0	0
2026.07.24	10:35:00	1.13971	1.13976	1.13957	1.13960	238	0	0
2026.07.24	10:36:00	1.13959	1.13967	1.13947	1.13948	233	0	0
2026.07.24	10:37:00	1.13948	1.13951	1.13929	1.13933	141	0	0
2026.07.24	10:38:00	1.13933	1.13935	1.13919	1.13923	167	0	0
2026.07.24	10:39:00	1.13923	1.13925	1.13911	1.13917	156	0	0
2026.07.24	10:40:00	1.13917	1.13919	1.13911	1.13915	107	0	0
2026.07.24	10:41:00	1.13915	1.13918	1.13905	1.13908	169	0	0
2026.07.24	10:42:00	1.13907	1.13908	1.13897	1.13903	146	0	0
2026.07.24	10:43:00	1.13903	1.13922	1.13902	1.13922	190	0	0
2026.07.24	10:44:00	1.13922	1.13936	1.13922	1.13927	167	0	0
2026.07.24	10:45:00	1.13928	1.13929	1.13910	1.13910	121	0	0
2026.07.24	10:46:00	1.13910	1.13911	1.13906	1.13908	125	0	0
2026.07.24	10:47:00	1.13908	1.13917	1.13903	1.13914	137	0	0
2026.07.24	10:48:00	1.13914	1.13921	1.13903	1.13909	222	0	0
2026.07.24	10:49:00	1.13909	1.13916	1.13905	1.13914	159	0	0
2026.07.24	10:50:00	1.13914	1.13920	1.13906	1.13908	197	0	0
2026.07.24	10:51:00	1.13908	1.13915	1.13899	1.13908	178	0	0
2026.07.24	10:52:00	1.13908	1.13915	1.13906	1.13907	122	0	0
2026.07.24	10:53:00	1.13907	1.13912	1.13902	1.13912	119	0	0
2026.07.24	10:54:00	1.13912	1.13922	1.13912	1.13918	131	0	0
2026.07.24	10:55:00	1.13918	1.13925	1.13914	1.13923	172	0	0
2026.07.24	10:56:00	1.13923	1.13928	1.13915	1.13918	174	0	0
2026.07.24	10:57:00	1.13918	1.13923	1.13914	1.13914	93	0	0
2026.07.24	10:58:00	1.13914	1.13917	1.13901	1.13901	148	0	0
2026.07.24	10:59:00	1.13901	1.13904	1.13893	1.13899	166	0	0
2026.07.24	11:00:00	1.13899	1.13903	1.13896	1.13897	111	0	0
2026.07.24	11:01:00	1.13897	1.13906	1.13883	1.13886	171	0	0
2026.07.24	11:02:00	1.13886	1.13893	1.13882	1.13882	186	0	0
2026.07.24	11:03:00	1.13882	1.13882	1.13872	1.13877	196	0	0
2026.07.24	11:04:00	1.13877	1.13885	1.13871	1.13872	95	0	0
2026.07.24	11:05:00	1.13872	1.13875	1.13859	1.13865	224	0	0
2026.07.24	11:06:00	1.13864	1.13873	1.13859	1.13870	172	0	0
2026.07.24	11:07:00	1.13870	1.13875	1.13862	1.13874	187	0	0
2026.07.24	11:08:00	1.13874	1.13879	1.13871	1.13872	184	0	0
2026.07.24	11:09:00	1.13872	1.13878	1.13869	1.13877	150	0	0
2026.07.24	11:10:00	1.13877	1.13889	1.13876	1.13882	205	0	0
2026.07.24	11:11:00	1.13882	1.13892	1.13881	1.13884	170	0	0
2026.07.24	11:12:00	1.13884	1.13884	1.13875	1.13878	105	0	0
2026.07.24	11:13:00	1.13878	1.13885	1.13872	1.13874	93	0	0
2026.07.24	11:14:00	1.13874	1.13883	1.13872	1.13882	194	0	0
2026.07.24	11:15:00	1.13882	1.13882	1.13872	1.13878	178	0	0
2026.07.24	11:16:00	1.13878	1.13885	1.13871	1.13885	128	0	0
2026.07.24	11:17:00	1.13885	1.13885	1.13866	1.13867	139	0	0
2026.07.24	11:18:00	1.13867	1.13868	1.13847	1.13848	178	0	0
2026.07.24	11:19:00	1.13848	1.13861	1.13848	1.13860	143	0	0
2026.07.24	11:20:00	1.13860	1.13860	1.13836	1.13847	179	0	0
2026.07.24	11:21:00	1.13847	1.13847	1.13836	1.13838	175	0	0
2026.07.24	11:22:00	1.13838	1.13854	1.13838	1.13852	147	0	0
2026.07.24	11:23:00	1.13852	1.13867	1.13849	1.13861	176	0	0
2026.07.24	11:24:00	1.13861	1.13864	1.13849	1.13850	95	0	0
2026.07.24	11:25:00	1.13850	1.13851	1.13843	1.13848	171	0	0
2026.07.24	11:26:00	1.13848	1.13871	1.13844	1.13857	215	0	0
2026.07.24	11:27:00	1.13857	1.13860	1.13852	1.13858	76	0	0
2026.07.24	11:28:00	1.13858	1.13860	1.13845	1.13850	148	0	0
2026.07.24	11:29:00	1.13850	1.13882	1.13848	1.13876	326	0	0
2026.07.24	11:30:00	1.13876	1.13879	1.13863	1.13870	277	0	0
2026.07.24	11:31:00	1.13870	1.13874	1.13860	1.13869	181	0	0
2026.07.24	11:32:00	1.13869	1.13876	1.13863	1.13869	187	0	0
2026.07.24	11:33:00	1.13869	1.13878	1.13864	1.13867	242	0	0
2026.07.24	11:34:00	1.13866	1.13867	1.13856	1.13858	164	0	0
2026.07.24	11:35:00	1.13857	1.13863	1.13851	1.13855	143	0	0
2026.07.24	11:36:00	1.13855	1.13868	1.13854	1.13867	188	0	0
2026.07.24	11:37:00	1.13868	1.13873	1.13853	1.13858	179	0	0
2026.07.24	11:38:00	1.13858	1.13862	1.13847	1.13854	237	0	0
2026.07.24	11:39:00	1.13854	1.13874	1.13854	1.13867	196	0	0
2026.07.24	11:40:00	1.13867	1.13876	1.13864	1.13871	201	0	0
2026.07.24	11:41:00	1.13871	1.13872	1.13860	1.13863	176	0	0
2026.07.24	11:42:00	1.13863	1.13867	1.13853	1.13854	201	0	0
2026.07.24	11:43:00	1.13854	1.13866	1.13852	1.13863	219	0	0
2026.07.24	11:44:00	1.13863	1.13865	1.13857	1.13858	172	0	0
2026.07.24	11:45:00	1.13858	1.13863	1.13845	1.13845	177	0	0
2026.07.24	11:46:00	1.13845	1.13847	1.13833	1.13838	156	0	0
2026.07.24	11:47:00	1.13838	1.13839	1.13823	1.13826	164	0	0
2026.07.24	11:48:00	1.13826	1.13831	1.13820	1.13828	295	0	0
2026.07.24	11:49:00	1.13828	1.13830	1.13815	1.13815	192	0	0
2026.07.24	11:50:00	1.13815	1.13826	1.13813	1.13821	218	0	0
2026.07.24	11:51:00	1.13820	1.13831	1.13817	1.13827	228	0	0
2026.07.24	11:52:00	1.13826	1.13832	1.13817	1.13820	258	0	0
2026.07.24	11:53:00	1.13819	1.13833	1.13819	1.13829	198	0	0
2026.07.24	11:54:00	1.13829	1.13841	1.13825	1.13836	270	0	0
2026.07.24	11:55:00	1.13836	1.13838	1.13825	1.13825	209	0	0
2026.07.24	11:56:00	1.13825	1.13831	1.13824	1.13825	158	0	0
2026.07.24	11:57:00	1.13825	1.13832	1.13817	1.13819	307	0	0
2026.07.24	11:58:00	1.13819	1.13832	1.13818	1.13829	173	0	0
2026.07.24	11:59:00	1.13831	1.13839	1.13829	1.13835	188	0	0
2026.07.24	12:00:00	1.13835	1.13842	1.13826	1.13836	191	0	0
2026.07.24	12:01:00	1.13835	1.13844	1.13832	1.13837	233	0	0
2026.07.24	12:02:00	1.13837	1.13850	1.13836	1.13845	203	0	0
2026.07.24	12:03:00	1.13845	1.13846	1.13834	1.13840	165	0	0
2026.07.24	12:04:00	1.13840	1.13842	1.13824	1.13828	229	0	0
2026.07.24	12:05:00	1.13828	1.13839	1.13826	1.13835	130	0	0
2026.07.24	12:06:00	1.13835	1.13848	1.13834	1.13846	105	0	0
2026.07.24	12:07:00	1.13846	1.13853	1.13839	1.13852	152	0	0
2026.07.24	12:08:00	1.13854	1.13854	1.13846	1.13853	70	0	0
2026.07.24	12:09:00	1.13853	1.13867	1.13853	1.13867	104	0	0
2026.07.24	12:10:00	1.13867	1.13867	1.13854	1.13859	138	0	0
2026.07.24	12:11:00	1.13859	1.13861	1.13844	1.13853	165	0	0
2026.07.24	12:12:00	1.13853	1.13862	1.13852	1.13858	140	0	0
2026.07.24	12:13:00	1.13857	1.13863	1.13854	1.13862	122	0	0
2026.07.24	12:14:00	1.13861	1.13861	1.13849	1.13852	133	0	0
2026.07.24	12:15:00	1.13851	1.13854	1.13836	1.13837	135	0	0
2026.07.24	12:16:00	1.13839	1.13863	1.13839	1.13861	220	0	0
2026.07.24	12:17:00	1.13860	1.13870	1.13860	1.13862	138	0	0
2026.07.24	12:18:00	1.13863	1.13871	1.13858	1.13860	191	0	0
2026.07.24	12:19:00	1.13859	1.13871	1.13852	1.13869	155	0	0
2026.07.24	12:20:00	1.13869	1.13870	1.13850	1.13851	227	0	0
2026.07.24	12:21:00	1.13851	1.13853	1.13845	1.13847	178	0	0
2026.07.24	12:22:00	1.13846	1.13849	1.13838	1.13841	176	0	0
2026.07.24	12:23:00	1.13841	1.13842	1.13833	1.13840	159	0	0
2026.07.24	12:24:00	1.13840	1.13848	1.13834	1.13845	147	0	0
2026.07.24	12:25:00	1.13845	1.13857	1.13844	1.13852	145	0	0
2026.07.24	12:26:00	1.13852	1.13858	1.13849	1.13852	129	0	0
2026.07.24	12:27:00	1.13852	1.13868	1.13850	1.13867	164	0	0
2026.07.24	12:28:00	1.13867	1.13874	1.13863	1.13874	215	0	0
2026.07.24	12:29:00	1.13874	1.13878	1.13867	1.13870	215	0	0
2026.07.24	12:30:00	1.13870	1.13875	1.13857	1.13869	177	0	0
2026.07.24	12:31:00	1.13868	1.13871	1.13863	1.13867	131	0	0
2026.07.24	12:32:00	1.13866	1.13875	1.13860	1.13863	124	0	0
2026.07.24	12:33:00	1.13863	1.13868	1.13858	1.13862	176	0	0
2026.07.24	12:34:00	1.13862	1.13869	1.13859	1.13862	195	0	0
2026.07.24	12:35:00	1.13862	1.13864	1.13857	1.13859	144	0	0
2026.07.24	12:36:00	1.13859	1.13864	1.13857	1.13860	167	0	0
2026.07.24	12:37:00	1.13860	1.13868	1.13856	1.13864	167	0	0
2026.07.24	12:38:00	1.13864	1.13869	1.13848	1.13856	190	0	0
2026.07.24	12:39:00	1.13854	1.13856	1.13845	1.13849	99	0	0
2026.07.24	12:40:00	1.13850	1.13851	1.13835	1.13836	89	0	0
2026.07.24	12:41:00	1.13836	1.13850	1.13836	1.13848	169	0	0
2026.07.24	12:42:00	1.13847	1.13855	1.13844	1.13853	173	0	0
2026.07.24	12:43:00	1.13853	1.13867	1.13851	1.13860	163	0	0
2026.07.24	12:44:00	1.13859	1.13870	1.13856	1.13861	176	0	0
2026.07.24	12:45:00	1.13861	1.13863	1.13853	1.13855	167	0	0
2026.07.24	12:46:00	1.13855	1.13864	1.13854	1.13863	111	0	0
2026.07.24	12:47:00	1.13864	1.13872	1.13864	1.13864	117	0	0
2026.07.24	12:48:00	1.13864	1.13868	1.13859	1.13861	150	0	0
2026.07.24	12:49:00	1.13861	1.13872	1.13855	1.13858	162	0	0
2026.07.24	12:50:00	1.13858	1.13869	1.13855	1.13866	239	0	0
2026.07.24	12:51:00	1.13866	1.13871	1.13859	1.13860	129	0	0
2026.07.24	12:52:00	1.13860	1.13872	1.13857	1.13868	169	0	0
2026.07.24	12:53:00	1.13868	1.13872	1.13854	1.13861	207	0	0
2026.07.24	12:54:00	1.13860	1.13875	1.13860	1.13869	205	0	0
2026.07.24	12:55:00	1.13870	1.13873	1.13865	1.13867	116	0	0
2026.07.24	12:56:00	1.13867	1.13873	1.13865	1.13868	125	0	0
2026.07.24	12:57:00	1.13868	1.13877	1.13865	1.13874	211	0	0
2026.07.24	12:58:00	1.13874	1.13883	1.13872	1.13883	181	0	0
2026.07.24	12:59:00	1.13883	1.13893	1.13877	1.13891	190	0	0
2026.07.24	13:00:00	1.13891	1.13895	1.13885	1.13886	165	0	0
2026.07.24	13:01:00	1.13886	1.13888	1.13873	1.13880	166	0	0
2026.07.24	13:02:00	1.13881	1.13897	1.13877	1.13897	172	0	0
2026.07.24	13:03:00	1.13897	1.13907	1.13895	1.13905	104	0	0
2026.07.24	13:04:00	1.13905	1.13908	1.13901	1.13901	111	0	0
2026.07.24	13:05:00	1.13901	1.13902	1.13890	1.13890	81	0	0
2026.07.24	13:06:00	1.13890	1.13897	1.13889	1.13889	133	0	0
2026.07.24	13:07:00	1.13889	1.13889	1.13877	1.13885	157	0	0
2026.07.24	13:08:00	1.13885	1.13887	1.13878	1.13880	144	0	0
2026.07.24	13:09:00	1.13880	1.13895	1.13880	1.13892	137	0	0
2026.07.24	13:10:00	1.13892	1.13899	1.13890	1.13898	111	0	0
2026.07.24	13:11:00	1.13898	1.13898	1.13883	1.13883	120	0	0
2026.07.24	13:12:00	1.13883	1.13888	1.13880	1.13887	105	0	0
2026.07.24	13:13:00	1.13888	1.13888	1.13876	1.13878	111	0	0
2026.07.24	13:14:00	1.13877	1.13885	1.13876	1.13880	84	0	0
2026.07.24	13:15:00	1.13880	1.13883	1.13875	1.13881	105	0	0
2026.07.24	13:16:00	1.13881	1.13888	1.13879	1.13886	100	0	0
2026.07.24	13:17:00	1.13886	1.13894	1.13885	1.13891	128	0	0
2026.07.24	13:18:00	1.13892	1.13899	1.13885	1.13886	170	0	0
2026.07.24	13:19:00	1.13885	1.13895	1.13884	1.13895	82	0	0
2026.07.24	13:20:00	1.13894	1.13906	1.13887	1.13904	161	0	0
2026.07.24	13:21:00	1.13902	1.13909	1.13900	1.13909	121	0	0
2026.07.24	13:22:00	1.13909	1.13912	1.13901	1.13911	123	0	0
2026.07.24	13:23:00	1.13911	1.13917	1.13909	1.13913	127	0	0
2026.07.24	13:24:00	1.13913	1.13916	1.13909	1.13916	80	0	0
2026.07.24	13:25:00	1.13915	1.13918	1.13910	1.13915	159	0	0
2026.07.24	13:26:00	1.13916	1.13923	1.13911	1.13920	212	0	0
2026.07.24	13:27:00	1.13920	1.13928	1.13919	1.13924	199	0	0
2026.07.24	13:28:00	1.13924	1.13931	1.13916	1.13916	255	0	0
2026.07.24	13:29:00	1.13916	1.13918	1.13899	1.13900	214	0	0
2026.07.24	13:30:00	1.13900	1.13905	1.13896	1.13902	170	0	0
2026.07.24	13:31:00	1.13902	1.13917	1.13902	1.13906	123	0	0
2026.07.24	13:32:00	1.13906	1.13917	1.13905	1.13916	129	0	0
2026.07.24	13:33:00	1.13916	1.13919	1.13907	1.13909	69	0	0
2026.07.24	13:34:00	1.13909	1.13915	1.13908	1.13909	121	0	0
2026.07.24	13:35:00	1.13909	1.13912	1.13902	1.13905	131	0	0
2026.07.24	13:36:00	1.13905	1.13912	1.13904	1.13910	105	0	0
2026.07.24	13:37:00	1.13910	1.13913	1.13908	1.13909	96	0	0
2026.07.24	13:38:00	1.13909	1.13916	1.13904	1.13909	110	0	0
2026.07.24	13:39:00	1.13909	1.13910	1.13895	1.13896	118	0	0
2026.07.24	13:40:00	1.13896	1.13896	1.13877	1.13881	118	0	0
2026.07.24	13:41:00	1.13881	1.13888	1.13877	1.13884	105	0	0
2026.07.24	13:42:00	1.13884	1.13885	1.13879	1.13884	128	0	0
2026.07.24	13:43:00	1.13885	1.13886	1.13875	1.13876	77	0	0
2026.07.24	13:44:00	1.13876	1.13880	1.13869	1.13871	99	0	0
2026.07.24	13:45:00	1.13871	1.13880	1.13865	1.13876	131	0	0
2026.07.24	13:46:00	1.13876	1.13877	1.13863	1.13867	78	0	0
2026.07.24	13:47:00	1.13867	1.13875	1.13867	1.13873	93	0	0
2026.07.24	13:48:00	1.13873	1.13881	1.13864	1.13868	152	0	0
2026.07.24	13:49:00	1.13868	1.13868	1.13861	1.13866	83	0	0
2026.07.24	13:50:00	1.13866	1.13867	1.13854	1.13858	123	0	0
2026.07.24	13:51:00	1.13858	1.13868	1.13858	1.13859	122	0	0
2026.07.24	13:52:00	1.13859	1.13859	1.13845	1.13848	132	0	0
2026.07.24	13:53:00	1.13848	1.13849	1.13828	1.13834	152	0	0
2026.07.24	13:54:00	1.13834	1.13838	1.13822	1.13824	183	0	0
2026.07.24	13:55:00	1.13825	1.13830	1.13817	1.13828	228	0	0
2026.07.24	13:56:00	1.13828	1.13829	1.13818	1.13819	134	0	0
2026.07.24	13:57:00	1.13818	1.13825	1.13809	1.13822	244	0	0
2026.07.24	13:58:00	1.13822	1.13844	1.13822	1.13839	261	0	0
2026.07.24	13:59:00	1.13839	1.13842	1.13830	1.13830	158	0	0
2026.07.24	14:00:00	1.13830	1.13833	1.13822	1.13826	283	0	0
2026.07.24	14:01:00	1.13826	1.13829	1.13815	1.13828	335	0	0
2026.07.24	14:02:00	1.13828	1.13843	1.13825	1.13837	245	0	0
2026.07.24	14:03:00	1.13837	1.13845	1.13832	1.13843	163	0	0
2026.07.24	14:04:00	1.13843	1.13851	1.13839	1.13846	184	0	0
2026.07.24	14:05:00	1.13846	1.13857	1.13844	1.13844	180	0	0
2026.07.24	14:06:00	1.13845	1.13848	1.13835	1.13839	192	0	0
2026.07.24	14:07:00	1.13839	1.13846	1.13835	1.13839	144	0	0
2026.07.24	14:08:00	1.13840	1.13844	1.13837	1.13841	154	0	0
2026.07.24	14:09:00	1.13841	1.13856	1.13838	1.13853	151	0	0
2026.07.24	14:10:00	1.13853	1.13860	1.13853	1.13860	108	0	0
2026.07.24	14:11:00	1.13860	1.13860	1.13852	1.13855	170	0	0
2026.07.24	14:12:00	1.13855	1.13863	1.13855	1.13862	93	0	0
2026.07.24	14:13:00	1.13862	1.13864	1.13856	1.13858	179	0	0
2026.07.24	14:14:00	1.13858	1.13883	1.13858	1.13881	174	0	0
2026.07.24	14:15:00	1.13881	1.13883	1.13871	1.13878	193	0	0
2026.07.24	14:16:00	1.13877	1.13879	1.13873	1.13875	124	0	0
2026.07.24	14:17:00	1.13875	1.13875	1.13866	1.13875	150	0	0
2026.07.24	14:18:00	1.13876	1.13877	1.13866	1.13868	136	0	0
2026.07.24	14:19:00	1.13868	1.13869	1.13856	1.13858	119	0	0
2026.07.24	14:20:00	1.13858	1.13863	1.13851	1.13855	109	0	0
2026.07.24	14:21:00	1.13855	1.13855	1.13847	1.13854	133	0	0
2026.07.24	14:22:00	1.13854	1.13864	1.13849	1.13851	144	0	0
2026.07.24	14:23:00	1.13852	1.13856	1.13850	1.13851	132	0	0
2026.07.24	14:24:00	1.13851	1.13854	1.13845	1.13845	78	0	0
2026.07.24	14:25:00	1.13846	1.13850	1.13842	1.13844	153	0	0
2026.07.24	14:26:00	1.13845	1.13850	1.13842	1.13842	148	0	0
2026.07.24	14:27:00	1.13842	1.13854	1.13841	1.13850	182	0	0
2026.07.24	14:28:00	1.13850	1.13852	1.13838	1.13839	183	0	0
2026.07.24	14:29:00	1.13840	1.13840	1.13821	1.13823	137	0	0
2026.07.24	14:30:00	1.13822	1.13827	1.13812	1.13812	187	0	0
2026.07.24	14:31:00	1.13812	1.13823	1.13812	1.13821	166	0	0
2026.07.24	14:32:00	1.13821	1.13829	1.13818	1.13822	113	0	0
2026.07.24	14:33:00	1.13822	1.13825	1.13816	1.13817	100	0	0
2026.07.24	14:34:00	1.13817	1.13822	1.13815	1.13820	128	0	0
2026.07.24	14:35:00	1.13820	1.13822	1.13807	1.13809	161	0	0
2026.07.24	14:36:00	1.13809	1.13816	1.13806	1.13816	147	0	0
2026.07.24	14:37:00	1.13816	1.13818	1.13811	1.13812	103	0	0
2026.07.24	14:38:00	1.13811	1.13812	1.13796	1.13796	114	0	0
2026.07.24	14:39:00	1.13796	1.13802	1.13795	1.13796	113	0	0
2026.07.24	14:40:00	1.13796	1.13798	1.13782	1.13795	160	0	0
2026.07.24	14:41:00	1.13795	1.13800	1.13791	1.13798	170	0	0
2026.07.24	14:42:00	1.13798	1.13798	1.13789	1.13792	171	0	0
2026.07.24	14:43:00	1.13791	1.13794	1.13785	1.13787	111	0	0
2026.07.24	14:44:00	1.13787	1.13800	1.13786	1.13798	112	0	0
2026.07.24	14:45:00	1.13798	1.13812	1.13798	1.13805	188	0	0
2026.07.24	14:46:00	1.13805	1.13811	1.13798	1.13807	221	0	0
2026.07.24	14:47:00	1.13807	1.13807	1.13792	1.13799	195	0	0
2026.07.24	14:48:00	1.13799	1.13800	1.13794	1.13794	128	0	0
2026.07.24	14:49:00	1.13795	1.13802	1.13790	1.13799	171	0	0
2026.07.24	14:50:00	1.13799	1.13802	1.13789	1.13792	156	0	0
2026.07.24	14:51:00	1.13792	1.13795	1.13771	1.13774	138	0	0
2026.07.24	14:52:00	1.13774	1.13774	1.13757	1.13760	228	0	0
2026.07.24	14:53:00	1.13760	1.13766	1.13756	1.13757	169	0	0
2026.07.24	14:54:00	1.13757	1.13765	1.13756	1.13765	143	0	0
2026.07.24	14:55:00	1.13765	1.13765	1.13744	1.13747	198	0	0
2026.07.24	14:56:00	1.13747	1.13750	1.13734	1.13735	244	0	0
2026.07.24	14:57:00	1.13735	1.13738	1.13716	1.13718	328	0	0
2026.07.24	14:58:00	1.13718	1.13763	1.13712	1.13753	579	0	0
2026.07.24	14:59:00	1.13752	1.13764	1.13741	1.13747	537	0	0
2026.07.24	15:00:00	1.13746	1.13760	1.13741	1.13757	375	0	0
2026.07.24	15:01:00	1.13757	1.13768	1.13732	1.13737	412	0	0
2026.07.24	15:02:00	1.13738	1.13748	1.13732	1.13743	232	0	0
2026.07.24	15:03:00	1.13743	1.13743	1.13720	1.13724	218	0	0
2026.07.24	15:04:00	1.13724	1.13734	1.13718	1.13732	211	0	0
2026.07.24	15:05:00	1.13732	1.13742	1.13723	1.13742	160	0	0
2026.07.24	15:06:00	1.13742	1.13751	1.13741	1.13748	220	0	0
2026.07.24	15:07:00	1.13748	1.13754	1.13739	1.13751	193	0	0
2026.07.24	15:08:00	1.13751	1.13762	1.13746	1.13760	158	0	0
2026.07.24	15:09:00	1.13759	1.13778	1.13759	1.13772	257	0	0
2026.07.24	15:10:00	1.13772	1.13776	1.13758	1.13774	222	0	0
2026.07.24	15:11:00	1.13774	1.13784	1.13773	1.13773	176	0	0
2026.07.24	15:12:00	1.13773	1.13775	1.13770	1.13771	135	0	0
2026.07.24	15:13:00	1.13771	1.13774	1.13763	1.13768	149	0	0
2026.07.24	15:14:00	1.13768	1.13779	1.13767	1.13776	142	0	0
2026.07.24	15:15:00	1.13776	1.13778	1.13758	1.13762	147	0	0
2026.07.24	15:16:00	1.13762	1.13775	1.13758	1.13773	148	0	0
2026.07.24	15:17:00	1.13773	1.13774	1.13767	1.13773	136	0	0
2026.07.24	15:18:00	1.13773	1.13776	1.13767	1.13770	132	0	0
2026.07.24	15:19:00	1.13770	1.13780	1.13767	1.13768	149	0	0
2026.07.24	15:20:00	1.13768	1.13768	1.13752	1.13764	238	0	0
2026.07.24	15:21:00	1.13764	1.13767	1.13759	1.13759	132	0	0
2026.07.24	15:22:00	1.13759	1.13760	1.13747	1.13749	200	0	0
2026.07.24	15:23:00	1.13749	1.13762	1.13747	1.13760	143	0	0
2026.07.24	15:24:00	1.13760	1.13767	1.13753	1.13756	149	0	0
2026.07.24	15:25:00	1.13756	1.13758	1.13725	1.13746	244	0	0
2026.07.24	15:26:00	1.13746	1.13751	1.13742	1.13746	123	0	0
2026.07.24	15:27:00	1.13746	1.13752	1.13741	1.13743	137	0	0
2026.07.24	15:28:00	1.13743	1.13750	1.13737	1.13749	73	0	0
2026.07.24	15:29:00	1.13749	1.13756	1.13740	1.13743	156	0	0
2026.07.24	15:30:00	1.13743	1.13762	1.13742	1.13754	197	0	0
2026.07.24	15:31:00	1.13754	1.13757	1.13742	1.13745	173	0	0
2026.07.24	15:32:00	1.13745	1.13745	1.13727	1.13728	152	0	0
2026.07.24	15:33:00	1.13728	1.13731	1.13711	1.13713	164	0	0
2026.07.24	15:34:00	1.13713	1.13717	1.13702	1.13703	194	0	0
2026.07.24	15:35:00	1.13702	1.13725	1.13702	1.13720	217	0	0
2026.07.24	15:36:00	1.13720	1.13727	1.13710	1.13710	169	0	0
2026.07.24	15:37:00	1.13710	1.13727	1.13706	1.13719	201	0	0
2026.07.24	15:38:00	1.13719	1.13729	1.13717	1.13721	166	0	0
2026.07.24	15:39:00	1.13721	1.13727	1.13719	1.13720	146	0	0
2026.07.24	15:40:00	1.13720	1.13721	1.13713	1.13715	153	0	0
2026.07.24	15:41:00	1.13715	1.13717	1.13688	1.13688	169	0	0
2026.07.24	15:42:00	1.13688	1.13693	1.13677	1.13679	243	0	0
2026.07.24	15:43:00	1.13678	1.13685	1.13674	1.13680	200	0	0
2026.07.24	15:44:00	1.13681	1.13689	1.13674	1.13682	178	0	0
2026.07.24	15:45:00	1.13682	1.13710	1.13680	1.13709	232	0	0
2026.07.24	15:46:00	1.13709	1.13717	1.13702	1.13702	218	0	0
2026.07.24	15:47:00	1.13702	1.13702	1.13676	1.13690	268	0	0
2026.07.24	15:48:00	1.13690	1.13691	1.13677	1.13682	198	0	0
2026.07.24	15:49:00	1.13682	1.13692	1.13681	1.13688	117	0	0
2026.07.24	15:50:00	1.13688	1.13693	1.13682	1.13684	168	0	0
2026.07.24	15:51:00	1.13684	1.13692	1.13682	1.13682	114	0	0
2026.07.24	15:52:00	1.13682	1.13690	1.13677	1.13686	150	0	0
2026.07.24	15:53:00	1.13686	1.13705	1.13686	1.13693	195	0	0
2026.07.24	15:54:00	1.13693	1.13697	1.13688	1.13697	108	0	0
2026.07.24	15:55:00	1.13697	1.13699	1.13690	1.13693	162	0	0
2026.07.24	15:56:00	1.13693	1.13700	1.13683	1.13686	177	0	0
2026.07.24	15:57:00	1.13685	1.13690	1.13674	1.13683	188	0	0
2026.07.24	15:58:00	1.13683	1.13695	1.13679	1.13694	178	0	0
2026.07.24	15:59:00	1.13703	1.13707	1.13698	1.13703	112	0	0
2026.07.24	16:02:00	1.13682	1.13684	1.13681	1.13683	32	0	0
2026.07.24	16:03:00	1.13683	1.13694	1.13679	1.13692	210	0	0
2026.07.24	16:04:00	1.13692	1.13700	1.13679	1.13681	220	0	0
2026.07.24	16:05:00	1.13681	1.13686	1.13667	1.13668	143	0	0
2026.07.24	16:06:00	1.13668	1.13680	1.13662	1.13678	238	0	0
2026.07.24	16:07:00	1.13678	1.13680	1.13666	1.13670	219	0	0
2026.07.24	16:08:00	1.13670	1.13676	1.13666	1.13675	210	0	0
2026.07.24	16:09:00	1.13675	1.13681	1.13667	1.13668	157	0	0
2026.07.24	16:10:00	1.13668	1.13671	1.13648	1.13658	178	0	0
2026.07.24	16:11:00	1.13658	1.13678	1.13652	1.13673	274	0	0
2026.07.24	16:12:00	1.13673	1.13726	1.13673	1.13722	338	0	0
2026.07.24	16:13:00	1.13722	1.13723	1.13708	1.13722	220	0	0
2026.07.24	16:14:00	1.13722	1.13726	1.13703	1.13703	248	0	0
2026.07.24	16:15:00	1.13703	1.13709	1.13692	1.13700	272	0	0
2026.07.24	16:16:00	1.13700	1.13717	1.13698	1.13712	221	0	0
2026.07.24	16:17:00	1.13712	1.13726	1.13709	1.13721	234	0	0
2026.07.24	16:18:00	1.13721	1.13726	1.13714	1.13719	289	0	0
2026.07.24	16:19:00	1.13719	1.13727	1.13719	1.13723	155	0	0
2026.07.24	16:20:00	1.13720	1.13727	1.13710	1.13724	285	0	0
2026.07.24	16:21:00	1.13723	1.13741	1.13718	1.13740	290	0	0
2026.07.24	16:22:00	1.13740	1.13741	1.13702	1.13710	334	0	0
2026.07.24	16:23:00	1.13710	1.13724	1.13708	1.13719	214	0	0
2026.07.24	16:24:00	1.13719	1.13722	1.13712	1.13715	248	0	0
2026.07.24	16:25:00	1.13715	1.13721	1.13697	1.13697	245	0	0
2026.07.24	16:26:00	1.13697	1.13710	1.13692	1.13707	224	0	0
2026.07.24	16:27:00	1.13707	1.13713	1.13703	1.13711	278	0	0
2026.07.24	16:28:00	1.13710	1.13711	1.13697	1.13703	274	0	0
2026.07.24	16:29:00	1.13703	1.13711	1.13701	1.13706	320	0	0
2026.07.24	16:30:00	1.13706	1.13711	1.13695	1.13697	369	0	0
2026.07.24	16:31:00	1.13697	1.13703	1.13692	1.13698	273	0	0
2026.07.24	16:32:00	1.13698	1.13701	1.13679	1.13680	305	0	0
2026.07.24	16:33:00	1.13680	1.13699	1.13676	1.13692	264	0	0
2026.07.24	16:34:00	1.13692	1.13695	1.13686	1.13687	231	0	0
2026.07.24	16:35:00	1.13687	1.13696	1.13681	1.13696	398	0	0
2026.07.24	16:36:00	1.13696	1.13696	1.13686	1.13688	347	0	0
2026.07.24	16:37:00	1.13688	1.13710	1.13687	1.13709	287	0	0
2026.07.24	16:38:00	1.13709	1.13721	1.13706	1.13721	284	0	0
2026.07.24	16:39:00	1.13720	1.13727	1.13713	1.13727	334	0	0
2026.07.24	16:40:00	1.13727	1.13731	1.13717	1.13724	371	0	0
2026.07.24	16:41:00	1.13724	1.13735	1.13721	1.13733	267	0	0
2026.07.24	16:42:00	1.13734	1.13736	1.13725	1.13733	250	0	0
2026.07.24	16:43:00	1.13733	1.13734	1.13717	1.13718	180	0	0
2026.07.24	16:44:00	1.13718	1.13725	1.13716	1.13717	191	0	0
2026.07.24	16:45:00	1.13718	1.13718	1.13699	1.13712	227	0	0
2026.07.24	16:46:00	1.13712	1.13720	1.13706	1.13717	147	0	0
2026.07.24	16:47:00	1.13716	1.13716	1.13701	1.13702	216	0	0
2026.07.24	16:48:00	1.13701	1.13712	1.13696	1.13699	287	0	0
2026.07.24	16:49:00	1.13698	1.13705	1.13697	1.13702	279	0	0
2026.07.24	16:50:00	1.13702	1.13703	1.13687	1.13702	361	0	0
2026.07.24	16:51:00	1.13702	1.13715	1.13699	1.13712	314	0	0
2026.07.24	16:52:00	1.13712	1.13722	1.13704	1.13717	345	0	0
2026.07.24	16:53:00	1.13717	1.13723	1.13712	1.13717	221	0	0
2026.07.24	16:54:00	1.13716	1.13733	1.13716	1.13733	321	0	0
2026.07.24	16:55:00	1.13733	1.13739	1.13718	1.13736	322	0	0
2026.07.24	16:56:00	1.13736	1.13764	1.13733	1.13764	269	0	0
2026.07.24	16:57:00	1.13763	1.13763	1.13752	1.13762	280	0	0
2026.07.24	16:58:00	1.13762	1.13767	1.13758	1.13763	281	0	0
2026.07.24	16:59:00	1.13763	1.13768	1.13758	1.13766	131	0	0
2026.07.24	17:00:00	1.13766	1.13795	1.13762	1.13795	211	0	0
2026.07.24	17:01:00	1.13795	1.13795	1.13773	1.13784	232	0	0
2026.07.24	17:02:00	1.13784	1.13791	1.13781	1.13782	301	0	0
2026.07.24	17:03:00	1.13782	1.13785	1.13766	1.13766	243	0	0
2026.07.24	17:04:00	1.13766	1.13770	1.13760	1.13760	253	0	0
2026.07.24	17:05:00	1.13760	1.13767	1.13735	1.13736	259	0	0
2026.07.24	17:06:00	1.13736	1.13737	1.13722	1.13727	238	0	0
2026.07.24	17:07:00	1.13727	1.13735	1.13722	1.13722	221	0	0
2026.07.24	17:08:00	1.13722	1.13733	1.13713	1.13713	233	0	0
2026.07.24	17:09:00	1.13713	1.13739	1.13704	1.13736	324	0	0
2026.07.24	17:10:00	1.13736	1.13751	1.13732	1.13748	373	0	0
2026.07.24	17:11:00	1.13748	1.13749	1.13727	1.13730	373	0	0
2026.07.24	17:12:00	1.13730	1.13730	1.13716	1.13720	211	0	0
2026.07.24	17:13:00	1.13719	1.13740	1.13712	1.13737	265	0	0
2026.07.24	17:14:00	1.13737	1.13751	1.13716	1.13720	309	0	0
2026.07.24	17:15:00	1.13720	1.13737	1.13720	1.13730	247	0	0
2026.07.24	17:16:00	1.13729	1.13744	1.13726	1.13743	203	0	0
2026.07.24	17:17:00	1.13743	1.13749	1.13738	1.13743	238	0	0
2026.07.24	17:18:00	1.13743	1.13743	1.13726	1.13727	290	0	0
2026.07.24	17:19:00	1.13727	1.13734	1.13720	1.13730	232	0	0
2026.07.24	17:20:00	1.13730	1.13741	1.13728	1.13735	320	0	0
2026.07.24	17:21:00	1.13735	1.13745	1.13726	1.13737	290	0	0
2026.07.24	17:22:00	1.13737	1.13745	1.13731	1.13744	308	0	0
2026.07.24	17:23:00	1.13743	1.13756	1.13743	1.13751	316	0	0
2026.07.24	17:24:00	1.13750	1.13765	1.13747	1.13753	352	0	0
2026.07.24	17:25:00	1.13753	1.13774	1.13753	1.13769	248	0	0
2026.07.24	17:26:00	1.13769	1.13785	1.13767	1.13769	322	0	0
2026.07.24	17:27:00	1.13769	1.13771	1.13753	1.13754	263	0	0
2026.07.24	17:28:00	1.13754	1.13766	1.13752	1.13765	251	0	0
2026.07.24	17:29:00	1.13765	1.13767	1.13753	1.13754	293	0	0
2026.07.24	17:30:00	1.13754	1.13766	1.13747	1.13765	244	0	0
2026.07.24	17:31:00	1.13765	1.13771	1.13762	1.13770	207	0	0
2026.07.24	17:32:00	1.13769	1.13781	1.13765	1.13778	237	0	0
2026.07.24	17:33:00	1.13779	1.13782	1.13772	1.13777	194	0	0
2026.07.24	17:34:00	1.13777	1.13790	1.13775	1.13787	183	0	0
2026.07.24	17:35:00	1.13788	1.13792	1.13779	1.13786	225	0	0
2026.07.24	17:36:00	1.13786	1.13790	1.13776	1.13786	248	0	0
2026.07.24	17:37:00	1.13786	1.13790	1.13777	1.13780	168	0	0
2026.07.24	17:38:00	1.13780	1.13785	1.13774	1.13777	160	0	0
2026.07.24	17:39:00	1.13777	1.13787	1.13763	1.13766	174	0	0
2026.07.24	17:40:00	1.13765	1.13773	1.13762	1.13769	170	0	0
2026.07.24	17:41:00	1.13769	1.13776	1.13761	1.13773	142	0	0
2026.07.24	17:42:00	1.13773	1.13776	1.13768	1.13776	138	0	0
2026.07.24	17:43:00	1.13774	1.13775	1.13763	1.13765	184	0	0
2026.07.24	17:44:00	1.13765	1.13772	1.13757	1.13762	251	0	0
2026.07.24	17:45:00	1.13762	1.13771	1.13758	1.13768	188	0	0
2026.07.24	17:46:00	1.13768	1.13783	1.13763	1.13783	227	0	0
2026.07.24	17:47:00	1.13783	1.13785	1.13767	1.13770	263	0	0
2026.07.24	17:48:00	1.13770	1.13780	1.13768	1.13777	206	0	0
2026.07.24	17:49:00	1.13777	1.13789	1.13770	1.13785	256	0	0
2026.07.24	17:50:00	1.13785	1.13790	1.13776	1.13785	318	0	0
2026.07.24	17:51:00	1.13785	1.13785	1.13759	1.13763	396	0	0
2026.07.24	17:52:00	1.13763	1.13774	1.13761	1.13768	280	0	0
2026.07.24	17:53:00	1.13768	1.13769	1.13749	1.13750	218	0	0
2026.07.24	17:54:00	1.13750	1.13778	1.13750	1.13770	256	0	0
2026.07.24	17:55:00	1.13770	1.13791	1.13768	1.13785	334	0	0
2026.07.24	17:56:00	1.13785	1.13797	1.13778	1.13796	233	0	0
2026.07.24	17:57:00	1.13796	1.13809	1.13788	1.13792	491	0	0
2026.07.24	17:58:00	1.13793	1.13803	1.13788	1.13799	434	0	0
2026.07.24	17:59:00	1.13799	1.13799	1.13779	1.13781	342	0	0
2026.07.24	18:00:00	1.13781	1.13789	1.13770	1.13782	450	0	0
2026.07.24	18:01:00	1.13781	1.13795	1.13777	1.13793	397	0	0
2026.07.24	18:02:00	1.13793	1.13804	1.13788	1.13800	315	0	0
2026.07.24	18:03:00	1.13801	1.13801	1.13780	1.13782	209	0	0
2026.07.24	18:04:00	1.13782	1.13800	1.13773	1.13792	218	0	0
2026.07.24	18:05:00	1.13792	1.13810	1.13791	1.13810	198	0	0
2026.07.24	18:06:00	1.13810	1.13815	1.13796	1.13797	288	0	0
2026.07.24	18:07:00	1.13799	1.13814	1.13787	1.13812	252	0	0
2026.07.24	18:08:00	1.13811	1.13818	1.13810	1.13812	139	0	0
2026.07.24	18:09:00	1.13813	1.13836	1.13812	1.13829	150	0	0
2026.07.24	18:10:00	1.13829	1.13876	1.13828	1.13870	359	0	0
2026.07.24	18:11:00	1.13870	1.13893	1.13861	1.13868	627	0	0
2026.07.24	18:12:00	1.13867	1.13872	1.13858	1.13860	371	0	0
2026.07.24	18:13:00	1.13860	1.13864	1.13844	1.13856	369	0	0
2026.07.24	18:14:00	1.13856	1.13887	1.13851	1.13872	466	0	0
2026.07.24	18:15:00	1.13872	1.13908	1.13864	1.13898	422	0	0
2026.07.24	18:16:00	1.13898	1.13906	1.13889	1.13892	548	0	0
2026.07.24	18:17:00	1.13892	1.13901	1.13882	1.13888	458	0	0
2026.07.24	18:18:00	1.13888	1.13900	1.13871	1.13878	330	0	0
2026.07.24	18:19:00	1.13878	1.13879	1.13852	1.13860	349	0	0
2026.07.24	18:20:00	1.13858	1.13875	1.13858	1.13866	276	0	0
2026.07.24	18:21:00	1.13866	1.13875	1.13857	1.13858	235	0	0
2026.07.24	18:22:00	1.13858	1.13860	1.13851	1.13856	164	0	0
2026.07.24	18:23:00	1.13855	1.13866	1.13854	1.13862	252	0	0
2026.07.24	18:24:00	1.13862	1.13865	1.13852	1.13855	277	0	0
2026.07.24	18:25:00	1.13855	1.13867	1.13852	1.13862	264	0	0
2026.07.24	18:26:00	1.13862	1.13870	1.13854	1.13854	305	0	0
2026.07.24	18:27:00	1.13854	1.13863	1.13847	1.13853	282	0	0
2026.07.24	18:28:00	1.13853	1.13870	1.13853	1.13857	276	0	0
2026.07.24	18:29:00	1.13857	1.13861	1.13843	1.13847	301	0	0
2026.07.24	18:30:00	1.13847	1.13851	1.13837	1.13843	311	0	0
2026.07.24	18:31:00	1.13843	1.13858	1.13841	1.13857	181	0	0
2026.07.24	18:32:00	1.13856	1.13871	1.13855	1.13863	222	0	0
2026.07.24	18:33:00	1.13863	1.13872	1.13859	1.13868	227	0	0
2026.07.24	18:34:00	1.13868	1.13873	1.13851	1.13853	307	0	0
2026.07.24	18:35:00	1.13852	1.13861	1.13845	1.13848	218	0	0
2026.07.24	18:36:00	1.13848	1.13856	1.13847	1.13853	204	0	0
2026.07.24	18:37:00	1.13853	1.13866	1.13847	1.13866	250	0	0
2026.07.24	18:38:00	1.13866	1.13880	1.13866	1.13877	264	0	0
2026.07.24	18:39:00	1.13878	1.13893	1.13877	1.13891	178	0	0
2026.07.24	18:40:00	1.13891	1.13894	1.13881	1.13892	220	0	0
2026.07.24	18:41:00	1.13892	1.13895	1.13866	1.13882	374	0	0
2026.07.24	18:42:00	1.13882	1.13883	1.13871	1.13873	190	0	0
2026.07.24	18:43:00	1.13873	1.13874	1.13839	1.13847	272	0	0
2026.07.24	18:44:00	1.13847	1.13855	1.13844	1.13846	188	0	0
2026.07.24	18:45:00	1.13846	1.13865	1.13846	1.13857	211	0	0
2026.07.24	18:46:00	1.13857	1.13860	1.13852	1.13853	145	0	0
2026.07.24	18:47:00	1.13853	1.13856	1.13847	1.13853	158	0	0
2026.07.24	18:48:00	1.13853	1.13853	1.13843	1.13848	181	0	0
2026.07.24	18:49:00	1.13847	1.13855	1.13845	1.13854	170	0	0
2026.07.24	18:50:00	1.13854	1.13866	1.13854	1.13861	209	0	0
2026.07.24	18:51:00	1.13861	1.13867	1.13858	1.13859	159	0	0
2026.07.24	18:52:00	1.13858	1.13865	1.13843	1.13844	206	0	0
2026.07.24	18:53:00	1.13844	1.13862	1.13844	1.13859	156	0	0
2026.07.24	18:54:00	1.13860	1.13862	1.13847	1.13847	145	0	0
2026.07.24	18:55:00	1.13847	1.13852	1.13843	1.13847	165	0	0
2026.07.24	18:56:00	1.13847	1.13852	1.13845	1.13848	129	0	0
2026.07.24	18:57:00	1.13848	1.13850	1.13841	1.13842	125	0	0
2026.07.24	18:58:00	1.13842	1.13844	1.13825	1.13833	148	0	0
2026.07.24	18:59:00	1.13833	1.13856	1.13832	1.13848	249	0	0
2026.07.24	19:00:00	1.13848	1.13848	1.13823	1.13825	201	0	0
2026.07.24	19:01:00	1.13825	1.13830	1.13821	1.13827	168	0	0
2026.07.24	19:02:00	1.13827	1.13830	1.13816	1.13819	115	0	0
2026.07.24	19:03:00	1.13819	1.13827	1.13817	1.13824	153	0	0
2026.07.24	19:04:00	1.13824	1.13832	1.13824	1.13827	78	0	0
2026.07.24	19:05:00	1.13827	1.13831	1.13817	1.13818	112	0	0
2026.07.24	19:06:00	1.13817	1.13830	1.13817	1.13827	158	0	0
2026.07.24	19:07:00	1.13827	1.13835	1.13822	1.13828	135	0	0
2026.07.24	19:08:00	1.13828	1.13847	1.13827	1.13845	150	0	0
2026.07.24	19:09:00	1.13845	1.13855	1.13843	1.13844	120	0	0
2026.07.24	19:10:00	1.13844	1.13849	1.13838	1.13847	134	0	0
2026.07.24	19:11:00	1.13848	1.13855	1.13842	1.13854	174	0	0
2026.07.24	19:12:00	1.13854	1.13860	1.13851	1.13857	111	0	0
2026.07.24	19:13:00	1.13857	1.13859	1.13853	1.13857	138	0	0
2026.07.24	19:14:00	1.13857	1.13860	1.13851	1.13852	153	0	0
2026.07.24	19:15:00	1.13852	1.13862	1.13848	1.13859	188	0	0
2026.07.24	19:16:00	1.13861	1.13862	1.13852	1.13858	177	0	0
2026.07.24	19:17:00	1.13858	1.13866	1.13855	1.13857	109	0	0
2026.07.24	19:18:00	1.13857	1.13859	1.13848	1.13848	119	0	0
2026.07.24	19:19:00	1.13848	1.13855	1.13847	1.13853	114	0	0
2026.07.24	19:20:00	1.13853	1.13856	1.13847	1.13853	172	0	0
2026.07.24	19:21:00	1.13852	1.13852	1.13837	1.13842	119	0	0
2026.07.24	19:22:00	1.13842	1.13845	1.13840	1.13842	50	0	0
2026.07.24	19:23:00	1.13842	1.13842	1.13827	1.13827	78	0	0
2026.07.24	19:24:00	1.13828	1.13838	1.13828	1.13834	90	0	0
2026.07.24	19:25:00	1.13834	1.13834	1.13818	1.13826	129	0	0
2026.07.24	19:26:00	1.13826	1.13834	1.13824	1.13830	134	0	0
2026.07.24	19:27:00	1.13830	1.13831	1.13824	1.13828	128	0	0
2026.07.24	19:28:00	1.13828	1.13834	1.13827	1.13831	73	0	0
2026.07.24	19:29:00	1.13831	1.13836	1.13828	1.13834	143	0	0
2026.07.24	19:30:00	1.13834	1.13834	1.13813	1.13814	192	0	0
2026.07.24	19:31:00	1.13814	1.13830	1.13813	1.13829	209	0	0
2026.07.24	19:32:00	1.13831	1.13834	1.13822	1.13825	265	0	0
2026.07.24	19:33:00	1.13823	1.13836	1.13823	1.13834	173	0	0
2026.07.24	19:34:00	1.13834	1.13840	1.13832	1.13834	196	0	0
2026.07.24	19:35:00	1.13835	1.13839	1.13823	1.13824	201	0	0
2026.07.24	19:36:00	1.13824	1.13826	1.13814	1.13815	192	0	0
2026.07.24	19:37:00	1.13815	1.13822	1.13812	1.13821	133	0	0
2026.07.24	19:38:00	1.13822	1.13824	1.13807	1.13808	140	0	0
2026.07.24	19:39:00	1.13808	1.13813	1.13802	1.13806	82	0	0
2026.07.24	19:40:00	1.13806	1.13807	1.13798	1.13803	166	0	0
2026.07.24	19:41:00	1.13803	1.13810	1.13800	1.13807	129	0	0
2026.07.24	19:42:00	1.13807	1.13813	1.13804	1.13804	110	0	0
2026.07.24	19:43:00	1.13805	1.13807	1.13802	1.13803	129	0	0
2026.07.24	19:44:00	1.13803	1.13807	1.13794	1.13806	251	0	0
2026.07.24	19:45:00	1.13805	1.13807	1.13798	1.13800	284	0	0
2026.07.24	19:46:00	1.13800	1.13803	1.13793	1.13799	278	0	0
2026.07.24	19:47:00	1.13799	1.13801	1.13787	1.13792	174	0	0
2026.07.24	19:48:00	1.13792	1.13795	1.13787	1.13788	138	0	0
2026.07.24	19:49:00	1.13787	1.13795	1.13785	1.13793	299	0	0
2026.07.24	19:50:00	1.13793	1.13793	1.13785	1.13789	121	0	0
2026.07.24	19:51:00	1.13789	1.13794	1.13784	1.13787	232	0	0
2026.07.24	19:52:00	1.13787	1.13790	1.13786	1.13787	69	0	0
2026.07.24	19:53:00	1.13787	1.13793	1.13787	1.13788	91	0	0
2026.07.24	19:54:00	1.13788	1.13796	1.13788	1.13793	183	0	0
2026.07.24	19:55:00	1.13793	1.13807	1.13792	1.13802	157	0	0
2026.07.24	19:56:00	1.13801	1.13804	1.13792	1.13793	128	0	0
2026.07.24	19:57:00	1.13793	1.13795	1.13785	1.13789	137	0	0
2026.07.24	19:58:00	1.13789	1.13790	1.13783	1.13783	91	0	0
2026.07.24	19:59:00	1.13784	1.13788	1.13777	1.13778	120	0	0
2026.07.24	20:00:00	1.13778	1.13779	1.13771	1.13772	168	0	0
2026.07.24	20:01:00	1.13772	1.13778	1.13768	1.13776	159	0	0
2026.07.24	20:02:00	1.13776	1.13780	1.13772	1.13773	169	0	0
2026.07.24	20:03:00	1.13773	1.13777	1.13767	1.13772	108	0	0
2026.07.24	20:04:00	1.13771	1.13772	1.13763	1.13765	119	0	0
2026.07.24	20:05:00	1.13765	1.13767	1.13756	1.13758	121	0	0
2026.07.24	20:06:00	1.13757	1.13760	1.13741	1.13747	339	0	0
2026.07.24	20:07:00	1.13747	1.13749	1.13726	1.13727	249	0	0
2026.07.24	20:08:00	1.13727	1.13730	1.13703	1.13721	343	0	0
2026.07.24	20:09:00	1.13721	1.13729	1.13714	1.13723	134	0	0
2026.07.24	20:10:00	1.13723	1.13725	1.13712	1.13715	272	0	0
2026.07.24	20:11:00	1.13714	1.13723	1.13708	1.13721	249	0	0
2026.07.24	20:12:00	1.13721	1.13721	1.13703	1.13714	203	0	0
2026.07.24	20:13:00	1.13714	1.13720	1.13712	1.13718	110	0	0
2026.07.24	20:14:00	1.13718	1.13722	1.13712	1.13713	131	0	0
2026.07.24	20:15:00	1.13714	1.13726	1.13711	1.13725	88	0	0
2026.07.24	20:16:00	1.13725	1.13725	1.13710	1.13713	110	0	0
2026.07.24	20:17:00	1.13713	1.13722	1.13712	1.13718	169	0	0
2026.07.24	20:18:00	1.13718	1.13722	1.13702	1.13702	227	0	0
2026.07.24	20:19:00	1.13701	1.13706	1.13698	1.13698	145	0	0
2026.07.24	20:20:00	1.13699	1.13702	1.13696	1.13697	97	0	0
2026.07.24	20:21:00	1.13697	1.13702	1.13693	1.13700	132	0	0
2026.07.24	20:22:00	1.13699	1.13700	1.13691	1.13694	127	0	0
2026.07.24	20:23:00	1.13694	1.13694	1.13686	1.13691	94	0	0
2026.07.24	20:24:00	1.13692	1.13705	1.13691	1.13699	170	0	0
2026.07.24	20:25:00	1.13699	1.13707	1.13697	1.13707	91	0	0
2026.07.24	20:26:00	1.13707	1.13714	1.13705	1.13714	141	0	0
2026.07.24	20:27:00	1.13714	1.13717	1.13710	1.13714	151	0	0
2026.07.24	20:28:00	1.13714	1.13720	1.13711	1.13716	144	0	0
2026.07.24	20:29:00	1.13714	1.13720	1.13713	1.13720	121	0	0
2026.07.24	20:30:00	1.13720	1.13727	1.13717	1.13723	149	0	0
2026.07.24	20:31:00	1.13722	1.13726	1.13721	1.13724	153	0	0
2026.07.24	20:32:00	1.13724	1.13727	1.13718	1.13723	137	0	0
2026.07.24	20:33:00	1.13723	1.13726	1.13722	1.13722	96	0	0
2026.07.24	20:34:00	1.13722	1.13723	1.13709	1.13713	137	0	0
2026.07.24	20:35:00	1.13713	1.13715	1.13696	1.13699	193	0	0
2026.07.24	20:36:00	1.13699	1.13702	1.13695	1.13699	146	0	0
2026.07.24	20:37:00	1.13699	1.13703	1.13696	1.13702	119	0	0
2026.07.24	20:38:00	1.13702	1.13705	1.13693	1.13693	92	0	0
2026.07.24	20:39:00	1.13693	1.13698	1.13692	1.13696	67	0	0
2026.07.24	20:40:00	1.13696	1.13698	1.13693	1.13695	67	0	0
2026.07.24	20:41:00	1.13694	1.13694	1.13683	1.13692	144	0	0
2026.07.24	20:42:00	1.13692	1.13700	1.13691	1.13699	109	0	0
2026.07.24	20:43:00	1.13699	1.13700	1.13683	1.13692	118	0	0
2026.07.24	20:44:00	1.13692	1.13700	1.13691	1.13692	122	0	0
2026.07.24	20:45:00	1.13692	1.13696	1.13690	1.13695	102	0	0
2026.07.24	20:46:00	1.13695	1.13695	1.13687	1.13692	126	0	0
2026.07.24	20:47:00	1.13692	1.13694	1.13685	1.13685	125	0	0
2026.07.24	20:48:00	1.13686	1.13691	1.13682	1.13686	107	0	0
2026.07.24	20:49:00	1.13686	1.13695	1.13684	1.13685	90	0	0
2026.07.24	20:50:00	1.13684	1.13688	1.13682	1.13687	97	0	0
2026.07.24	20:51:00	1.13687	1.13689	1.13676	1.13677	76	0	0
2026.07.24	20:52:00	1.13677	1.13679	1.13675	1.13678	51	0	0
2026.07.24	20:53:00	1.13677	1.13684	1.13677	1.13682	52	0	0
2026.07.24	20:54:00	1.13682	1.13687	1.13681	1.13687	78	0	0
2026.07.24	20:55:00	1.13687	1.13697	1.13687	1.13696	67	0	0
2026.07.24	20:56:00	1.13696	1.13704	1.13696	1.13702	87	0	0
2026.07.24	20:57:00	1.13702	1.13702	1.13692	1.13697	120	0	0
2026.07.24	20:58:00	1.13697	1.13699	1.13693	1.13693	95	0	0
2026.07.24	20:59:00	1.13693	1.13697	1.13692	1.13695	66	0	0
2026.07.24	21:00:00	1.13696	1.13700	1.13693	1.13697	97	0	0
2026.07.24	21:01:00	1.13697	1.13699	1.13692	1.13695	103	0	0
2026.07.24	21:02:00	1.13695	1.13698	1.13682	1.13683	108	0	0
2026.07.24	21:03:00	1.13683	1.13684	1.13678	1.13680	102	0	0
2026.07.24	21:04:00	1.13680	1.13689	1.13679	1.13688	106	0	0
2026.07.24	21:05:00	1.13688	1.13694	1.13685	1.13692	118	0	0
2026.07.24	21:06:00	1.13692	1.13695	1.13687	1.13691	72	0	0
2026.07.24	21:07:00	1.13693	1.13695	1.13690	1.13693	94	0	0
2026.07.24	21:08:00	1.13693	1.13699	1.13690	1.13696	105	0	0
2026.07.24	21:09:00	1.13697	1.13704	1.13696	1.13704	123	0	0
2026.07.24	21:10:00	1.13704	1.13707	1.13701	1.13704	137	0	0
2026.07.24	21:11:00	1.13704	1.13705	1.13699	1.13702	114	0	0
2026.07.24	21:12:00	1.13702	1.13706	1.13701	1.13705	111	0	0
2026.07.24	21:13:00	1.13705	1.13706	1.13697	1.13703	125	0	0
2026.07.24	21:14:00	1.13702	1.13705	1.13695	1.13697	103	0	0
2026.07.24	21:15:00	1.13697	1.13706	1.13697	1.13702	92	0	0
2026.07.24	21:16:00	1.13703	1.13709	1.13701	1.13707	134	0	0
2026.07.24	21:17:00	1.13709	1.13713	1.13706	1.13707	111	0	0
2026.07.24	21:18:00	1.13707	1.13711	1.13701	1.13703	109	0	0
2026.07.24	21:19:00	1.13703	1.13704	1.13696	1.13697	82	0	0
2026.07.24	21:20:00	1.13698	1.13700	1.13687	1.13688	156	0	0
2026.07.24	21:21:00	1.13688	1.13690	1.13678	1.13680	179	0	0
2026.07.24	21:22:00	1.13680	1.13688	1.13677	1.13688	148	0	0
2026.07.24	21:23:00	1.13688	1.13690	1.13686	1.13687	198	0	0
2026.07.24	21:24:00	1.13688	1.13694	1.13686	1.13693	140	0	0
2026.07.24	21:25:00	1.13693	1.13699	1.13691	1.13698	140	0	0
2026.07.24	21:26:00	1.13698	1.13698	1.13692	1.13694	112	0	0
2026.07.24	21:27:00	1.13694	1.13696	1.13692	1.13694	102	0	0
2026.07.24	21:28:00	1.13694	1.13696	1.13691	1.13694	95	0	0
2026.07.24	21:29:00	1.13696	1.13697	1.13687	1.13691	150	0	0
2026.07.24	21:30:00	1.13691	1.13697	1.13690	1.13694	131	0	0
2026.07.24	21:31:00	1.13694	1.13700	1.13690	1.13691	154	0	0
2026.07.24	21:32:00	1.13691	1.13697	1.13688	1.13688	113	0	0
2026.07.24	21:33:00	1.13688	1.13690	1.13681	1.13682	121	0	0
2026.07.24	21:34:00	1.13682	1.13684	1.13676	1.13677	152	0	0
2026.07.24	21:35:00	1.13677	1.13684	1.13673	1.13682	162	0	0
2026.07.24	21:36:00	1.13682	1.13687	1.13675	1.13679	208	0	0
2026.07.24	21:37:00	1.13680	1.13690	1.13679	1.13687	138	0	0
2026.07.24	21:38:00	1.13687	1.13693	1.13686	1.13692	107	0	0
2026.07.24	21:39:00	1.13691	1.13693	1.13684	1.13686	129	0	0
2026.07.24	21:40:00	1.13686	1.13688	1.13679	1.13681	97	0	0
2026.07.24	21:41:00	1.13681	1.13685	1.13677	1.13682	103	0	0
2026.07.24	21:42:00	1.13682	1.13690	1.13680	1.13688	88	0	0
2026.07.24	21:43:00	1.13688	1.13692	1.13685	1.13688	142	0	0
2026.07.24	21:44:00	1.13688	1.13691	1.13687	1.13688	76	0	0
2026.07.24	21:45:00	1.13688	1.13695	1.13687	1.13695	111	0	0
2026.07.24	21:46:00	1.13695	1.13702	1.13693	1.13696	84	0	0
2026.07.24	21:47:00	1.13697	1.13706	1.13696	1.13706	109	0	0
2026.07.24	21:48:00	1.13705	1.13708	1.13697	1.13699	109	0	0
2026.07.24	21:49:00	1.13698	1.13701	1.13692	1.13697	107	0	0
2026.07.24	21:50:00	1.13697	1.13698	1.13693	1.13697	146	0	0
2026.07.24	21:51:00	1.13695	1.13700	1.13692	1.13699	131	0	0
2026.07.24	21:52:00	1.13698	1.13699	1.13697	1.13697	66	0	0
2026.07.24	21:53:00	1.13697	1.13700	1.13693	1.13693	145	0	0
2026.07.24	21:54:00	1.13693	1.13699	1.13692	1.13693	97	0	0
2026.07.24	21:55:00	1.13693	1.13696	1.13692	1.13693	45	0	0
2026.07.24	21:56:00	1.13694	1.13701	1.13693	1.13699	105	0	0
2026.07.24	21:57:00	1.13700	1.13701	1.13693	1.13697	92	0	0
2026.07.24	21:58:00	1.13696	1.13704	1.13696	1.13698	114	0	0
2026.07.24	21:59:00	1.13698	1.13701	1.13697	1.13699	126	0	0
2026.07.24	22:00:00	1.13698	1.13711	1.13698	1.13705	255	0	0
2026.07.24	22:01:00	1.13705	1.13710	1.13703	1.13703	155	0	0
2026.07.24	22:02:00	1.13703	1.13710	1.13699	1.13708	160	0	0
2026.07.24	22:03:00	1.13708	1.13713	1.13699	1.13701	163	0	0
2026.07.24	22:04:00	1.13701	1.13704	1.13697	1.13703	109	0	0
2026.07.24	22:05:00	1.13703	1.13704	1.13699	1.13703	65	0	0
2026.07.24	22:06:00	1.13703	1.13704	1.13697	1.13701	101	0	0
2026.07.24	22:07:00	1.13701	1.13704	1.13698	1.13702	197	0	0
2026.07.24	22:08:00	1.13702	1.13709	1.13701	1.13708	161	0	0
2026.07.24	22:09:00	1.13708	1.13709	1.13703	1.13704	142	0	0
2026.07.24	22:10:00	1.13705	1.13709	1.13703	1.13704	125	0	0
2026.07.24	22:11:00	1.13704	1.13708	1.13703	1.13707	120	0	0
2026.07.24	22:12:00	1.13707	1.13714	1.13705	1.13712	113	0	0
2026.07.24	22:13:00	1.13712	1.13712	1.13702	1.13704	153	0	0
2026.07.24	22:14:00	1.13704	1.13705	1.13701	1.13703	106	0	0
2026.07.24	22:15:00	1.13704	1.13705	1.13701	1.13703	142	0	0
2026.07.24	22:16:00	1.13703	1.13705	1.13697	1.13705	222	0	0
2026.07.24	22:17:00	1.13705	1.13707	1.13702	1.13706	162	0	0
2026.07.24	22:18:00	1.13706	1.13706	1.13698	1.13701	150	0	0
2026.07.24	22:19:00	1.13701	1.13704	1.13699	1.13704	120	0	0
2026.07.24	22:20:00	1.13704	1.13707	1.13701	1.13706	107	0	0
2026.07.24	22:21:00	1.13706	1.13707	1.13702	1.13705	141	0	0
2026.07.24	22:22:00	1.13705	1.13707	1.13698	1.13699	95	0	0
2026.07.24	22:23:00	1.13699	1.13700	1.13696	1.13698	110	0	0
2026.07.24	22:24:00	1.13699	1.13699	1.13687	1.13690	137	0	0
2026.07.24	22:25:00	1.13690	1.13692	1.13680	1.13686	163	0	0
2026.07.24	22:26:00	1.13685	1.13690	1.13680	1.13681	115	0	0
2026.07.24	22:27:00	1.13680	1.13686	1.13680	1.13684	124	0	0
2026.07.24	22:28:00	1.13684	1.13688	1.13682	1.13685	95	0	0
2026.07.24	22:29:00	1.13685	1.13688	1.13682	1.13685	107	0	0
2026.07.24	22:30:00	1.13686	1.13690	1.13682	1.13686	118	0	0
2026.07.24	22:31:00	1.13686	1.13690	1.13681	1.13685	129	0	0
2026.07.24	22:32:00	1.13685	1.13692	1.13685	1.13688	197	0	0
2026.07.24	22:33:00	1.13688	1.13702	1.13688	1.13696	247	0	0
2026.07.24	22:34:00	1.13696	1.13696	1.13690	1.13690	98	0	0
2026.07.24	22:35:00	1.13690	1.13706	1.13689	1.13693	236	0	0
2026.07.24	22:36:00	1.13693	1.13695	1.13689	1.13691	143	0	0
2026.07.24	22:37:00	1.13691	1.13719	1.13690	1.13712	240	0	0
2026.07.24	22:38:00	1.13712	1.13723	1.13712	1.13720	182	0	0
2026.07.24	22:39:00	1.13720	1.13722	1.13711	1.13716	176	0	0
2026.07.24	22:40:00	1.13716	1.13719	1.13710	1.13712	123	0	0
2026.07.24	22:41:00	1.13712	1.13720	1.13712	1.13718	113	0	0
2026.07.24	22:42:00	1.13718	1.13723	1.13714	1.13722	107	0	0
2026.07.24	22:43:00	1.13722	1.13723	1.13718	1.13723	108	0	0
2026.07.24	22:44:00	1.13721	1.13723	1.13711	1.13714	72	0	0
2026.07.24	22:45:00	1.13714	1.13718	1.13712	1.13714	155	0	0
2026.07.24	22:46:00	1.13715	1.13715	1.13707	1.13710	142	0	0
2026.07.24	22:47:00	1.13710	1.13711	1.13702	1.13705	135	0	0
2026.07.24	22:48:00	1.13706	1.13710	1.13704	1.13708	105	0	0
2026.07.24	22:49:00	1.13708	1.13712	1.13706	1.13710	107	0	0
2026.07.24	22:50:00	1.13710	1.13714	1.13705	1.13707	107	0	0
2026.07.24	22:51:00	1.13707	1.13709	1.13705	1.13708	79	0	0
2026.07.24	22:52:00	1.13708	1.13709	1.13702	1.13703	89	0	0
2026.07.24	22:53:00	1.13703	1.13707	1.13702	1.13706	79	0	0
2026.07.24	22:54:00	1.13706	1.13711	1.13703	1.13707	65	0	0
2026.07.24	22:55:00	1.13707	1.13708	1.13701	1.13702	81	0	0
2026.07.24	22:56:00	1.13702	1.13711	1.13702	1.13708	98	0	0
2026.07.24	22:57:00	1.13708	1.13710	1.13702	1.13707	168	0	0
2026.07.24	22:58:00	1.13707	1.13707	1.13702	1.13703	104	0	0
2026.07.24	22:59:00	1.13703	1.13706	1.13699	1.13701	182	0	0
2026.07.24	23:00:00	1.13701	1.13704	1.13698	1.13702	184	0	0
2026.07.24	23:01:00	1.13702	1.13707	1.13700	1.13706	149	0	0
2026.07.24	23:02:00	1.13706	1.13706	1.13701	1.13703	98	0	0
2026.07.24	23:03:00	1.13703	1.13707	1.13700	1.13703	113	0	0
2026.07.24	23:04:00	1.13703	1.13706	1.13700	1.13705	72	0	0
2026.07.24	23:05:00	1.13705	1.13706	1.13698	1.13705	105	0	0
2026.07.24	23:06:00	1.13705	1.13706	1.13697	1.13699	86	0	0
2026.07.24	23:07:00	1.13699	1.13699	1.13696	1.13697	13	0	0
2026.07.24	23:08:00	1.13697	1.13700	1.13696	1.13698	47	0	0
2026.07.24	23:09:00	1.13698	1.13701	1.13696	1.13698	48	0	0
2026.07.24	23:10:00	1.13698	1.13700	1.13696	1.13698	21	0	0
2026.07.24	23:11:00	1.13698	1.13699	1.13696	1.13698	43	0	0
2026.07.24	23:12:00	1.13698	1.13699	1.13697	1.13697	12	0	0
2026.07.24	23:13:00	1.13697	1.13698	1.13697	1.13697	11	0	0
2026.07.24	23:14:00	1.13697	1.13699	1.13697	1.13698	18	0	0
2026.07.24	23:15:00	1.13699	1.13699	1.13691	1.13691	55	0	0
2026.07.24	23:16:00	1.13691	1.13694	1.13688	1.13688	24	0	0
2026.07.24	23:17:00	1.13688	1.13691	1.13688	1.13689	22	0	0
2026.07.24	23:18:00	1.13689	1.13691	1.13689	1.13689	11	0	0
2026.07.24	23:19:00	1.13689	1.13690	1.13687	1.13688	13	0	0
2026.07.24	23:20:00	1.13688	1.13691	1.13685	1.13688	58	0	0
