<DATE>	<TIME>	<OPEN>	<HIGH>	<LOW>	<CLOSE>	<TICKVOL>	<VOL>	<SPREAD>
2026.07.20	01:00:00	4000.49	4006.17	3964.89	4001.19	729	0	89
2026.07.20	01:01:00	4001.19	4003.30	3997.03	3997.74	221	0	90
2026.07.20	01:02:00	3997.74	4002.10	3996.73	3998.91	264	0	110
2026.07.20	01:03:00	3998.65	4000.03	3996.62	3997.95	213	0	80
2026.07.20	01:04:00	3997.95	3999.05	3994.09	3996.09	187	0	65
2026.07.20	01:05:00	3996.25	4002.07	3996.01	4000.47	241	0	19
2026.07.20	01:06:00	4000.39	4000.39	3998.29	3999.29	183	0	47
2026.07.20	01:07:00	3999.22	3999.57	3996.44	3997.69	210	0	32
2026.07.20	01:08:00	3997.69	3998.21	3994.44	3995.52	165	0	47
2026.07.20	01:09:00	3995.51	3998.15	3995.12	3997.29	125	0	32
2026.07.20	01:10:00	3997.29	3997.96	3996.10	3996.26	93	0	47
2026.07.20	01:11:00	3996.94	3997.61	3995.97	3996.66	120	0	40
2026.07.20	01:12:00	3996.73	3997.37	3995.88	3996.98	126	0	30
2026.07.20	01:13:00	3996.98	3997.70	3996.19	3996.83	180	0	41
2026.07.20	01:14:00	3996.81	3996.93	3995.81	3996.51	135	0	40
2026.07.20	01:15:00	3996.16	3998.06	3995.52	3996.55	297	0	30
2026.07.20	01:16:00	3996.55	3998.65	3996.27	3997.87	237	0	30
2026.07.20	01:17:00	3997.87	3998.27	3996.72	3996.76	163	0	38
2026.07.20	01:18:00	3996.95	3997.82	3996.23	3997.53	146	0	36
2026.07.20	01:19:00	3997.96	3999.77	3997.66	3999.57	184	0	31
2026.07.20	01:20:00	3999.57	3999.71	3997.48	3999.53	200	0	34
2026.07.20	01:21:00	3999.53	4000.05	3998.26	3998.76	223	0	41
2026.07.20	01:22:00	3998.96	4000.30	3997.99	3998.56	229	0	23
2026.07.20	01:23:00	3998.56	3998.77	3996.96	3997.15	184	0	22
2026.07.20	01:24:00	3997.15	3998.26	3996.80	3998.02	236	0	27
2026.07.20	01:25:00	3997.74	3997.95	3996.34	3996.67	150	0	40
2026.07.20	01:26:00	3996.67	3996.67	3995.42	3995.69	180	0	38
2026.07.20	01:27:00	3995.69	3996.17	3995.08	3995.60	225	0	15
2026.07.20	01:28:00	3995.38	3996.15	3995.25	3995.33	156	0	35
2026.07.20	01:29:00	3995.33	3995.45	3994.65	3994.92	186	0	37
2026.07.20	01:30:00	3994.92	3995.61	3993.24	3994.71	389	0	22
2026.07.20	01:31:00	3994.69	3996.75	3994.69	3996.51	264	0	31
2026.07.20	01:32:00	3996.51	3996.92	3994.92	3996.75	296	0	35
2026.07.20	01:33:00	3996.75	3998.09	3996.60	3997.95	188	0	33
2026.07.20	01:34:00	3997.92	3999.02	3997.48	3998.05	290	0	25
2026.07.20	01:35:00	3998.01	3998.80	3997.26	3997.28	206	0	33
2026.07.20	01:36:00	3997.25	3998.00	3996.46	3997.09	189	0	21
2026.07.20	01:37:00	3997.14	3997.20	3996.45	3996.60	153	0	35
2026.07.20	01:38:00	3996.60	3996.99	3996.45	3996.51	117	0	35
2026.07.20	01:39:00	3996.51	3997.42	3996.51	3996.99	116	0	35
2026.07.20	01:40:00	3996.99	3997.62	3996.50	3997.21	141	0	35
2026.07.20	01:41:00	3997.21	3998.94	3996.87	3998.88	251	0	20
2026.07.20	01:42:00	3998.84	3999.25	3997.12	3997.69	191	0	18
2026.07.20	01:43:00	3997.66	3998.11	3996.61	3997.10	164	0	34
2026.07.20	01:44:00	3997.10	3998.03	3996.48	3996.74	112	0	35
2026.07.20	01:45:00	3996.74	3997.11	3995.84	3996.70	112	0	25
2026.07.20	01:46:00	3996.70	3997.65	3996.57	3996.57	145	0	35
2026.07.20	01:47:00	3996.57	3996.83	3996.03	3996.52	143	0	35
2026.07.20	01:48:00	3996.52	3998.36	3996.52	3997.19	153	0	23
2026.07.20	01:49:00	3997.19	3997.73	3997.17	3997.36	114	0	32
2026.07.20	01:50:00	3997.36	3997.60	3996.74	3997.47	144	0	24
2026.07.20	01:51:00	3997.40	3998.11	3997.09	3997.39	138	0	31
2026.07.20	01:52:00	3997.39	3997.39	3996.56	3996.81	123	0	31
2026.07.20	01:53:00	3996.89	3997.77	3996.45	3997.25	159	0	30
2026.07.20	01:54:00	3997.25	3997.27	3996.65	3996.91	106	0	27
2026.07.20	01:55:00	3996.89	3998.29	3996.73	3998.24	178	0	22
2026.07.20	01:56:00	3998.24	3998.39	3996.52	3996.70	149	0	29
2026.07.20	01:57:00	3996.70	3996.98	3995.77	3995.93	134	0	31
2026.07.20	01:58:00	3995.93	3996.39	3995.44	3996.11	119	0	24
2026.07.20	01:59:00	3996.09	3996.09	3994.59	3994.70	124	0	33
2026.07.20	02:00:00	3994.92	3995.56	3992.08	3992.23	417	0	22
2026.07.20	02:01:00	3992.24	3992.86	3991.51	3992.27	262	0	33
2026.07.20	02:02:00	3992.21	3993.50	3992.21	3993.10	177	0	32
2026.07.20	02:03:00	3993.10	3995.14	3992.99	3993.61	189	0	24
2026.07.20	02:04:00	3993.69	3995.44	3993.35	3994.85	152	0	33
2026.07.20	02:05:00	3994.91	3995.07	3994.07	3994.11	150	0	35
2026.07.20	02:06:00	3994.22	3995.23	3993.52	3994.85	150	0	35
2026.07.20	02:07:00	3994.85	3994.94	3993.95	3994.02	100	0	31
2026.07.20	02:08:00	3994.02	3994.31	3993.37	3993.49	176	0	29
2026.07.20	02:09:00	3993.51	3994.47	3993.05	3994.42	148	0	24
2026.07.20	02:10:00	3994.42	3994.42	3993.57	3993.94	177	0	19
2026.07.20	02:11:00	3993.97	3994.50	3992.92	3993.17	144	0	19
2026.07.20	02:12:00	3993.17	3993.38	3990.96	3991.63	183	0	26
2026.07.20	02:13:00	3991.63	3992.38	3990.82	3991.09	193	0	30
2026.07.20	02:14:00	3991.09	3991.39	3990.55	3990.97	243	0	29
2026.07.20	02:15:00	3990.99	3993.92	3990.99	3992.82	247	0	27
2026.07.20	02:16:00	3992.85	3992.91	3992.51	3992.69	147	0	28
2026.07.20	02:17:00	3992.70	3992.70	3991.38	3991.38	204	0	20
2026.07.20	02:18:00	3991.38	3991.94	3991.19	3991.43	152	0	28
2026.07.20	02:19:00	3991.43	3991.75	3990.82	3991.27	142	0	30
2026.07.20	02:20:00	3991.27	3991.34	3990.51	3991.13	125	0	32
2026.07.20	02:21:00	3991.19	3991.51	3990.54	3991.18	108	0	13
2026.07.20	02:22:00	3991.32	3991.52	3991.09	3991.34	83	0	35
2026.07.20	02:23:00	3991.36	3992.06	3990.86	3992.03	109	0	35
2026.07.20	02:24:00	3992.03	3993.34	3991.84	3993.18	141	0	29
2026.07.20	02:25:00	3993.24	3993.81	3993.11	3993.14	116	0	30
2026.07.20	02:26:00	3993.17	3993.60	3992.58	3992.70	134	0	33
2026.07.20	02:27:00	3992.70	3992.94	3992.03	3992.10	110	0	34
2026.07.20	02:28:00	3992.10	3992.55	3991.94	3992.39	77	0	33
2026.07.20	02:29:00	3992.39	3993.39	3992.35	3993.10	129	0	32
2026.07.20	02:30:00	3993.10	3993.32	3992.62	3992.68	106	0	30
2026.07.20	02:31:00	3992.68	3993.63	3992.22	3993.57	102	0	31
2026.07.20	02:32:00	3993.57	3993.99	3993.16	3993.29	111	0	31
2026.07.20	02:33:00	3993.29	3993.91	3992.38	3992.45	129	0	29
2026.07.20	02:34:00	3992.45	3994.17	3991.92	3994.04	164	0	24
2026.07.20	02:35:00	3994.04	3994.32	3992.12	3993.25	169	0	20
2026.07.20	02:36:00	3993.25	3994.04	3993.14	3993.28	136	0	24
2026.07.20	02:37:00	3993.20	3993.33	3991.20	3992.51	224	0	30
2026.07.20	02:38:00	3992.51	3993.53	3992.51	3993.34	147	0	30
2026.07.20	02:39:00	3993.34	3994.00	3992.83	3993.25	170	0	29
2026.07.20	02:40:00	3993.25	3993.49	3991.13	3991.22	191	0	24
2026.07.20	02:41:00	3991.22	3991.35	3989.85	3990.48	191	0	11
2026.07.20	02:42:00	3990.54	3991.34	3990.11	3991.24	232	0	22
2026.07.20	02:43:00	3991.24	3992.59	3990.13	3992.26	243	0	27
2026.07.20	02:44:00	3992.26	3993.05	3991.78	3992.35	171	0	33
2026.07.20	02:45:00	3992.35	3993.47	3989.52	3990.51	411	0	28
2026.07.20	02:46:00	3990.21	3990.95	3989.20	3990.23	426	0	17
2026.07.20	02:47:00	3990.21	3991.14	3989.99	3990.31	315	0	29
2026.07.20	02:48:00	3990.31	3992.20	3990.31	3991.91	353	0	28
2026.07.20	02:49:00	3991.93	3991.96	3990.92	3991.36	308	0	14
2026.07.20	02:50:00	3991.36	3992.87	3991.36	3992.74	367	0	27
2026.07.20	02:51:00	3992.72	3995.55	3992.60	3994.67	365	0	16
2026.07.20	02:52:00	3994.67	3996.12	3993.79	3994.43	458	0	8
2026.07.20	02:53:00	3994.44	3995.29	3993.44	3993.96	405	0	23
2026.07.20	02:54:00	3993.90	3994.04	3992.35	3993.16	376	0	22
2026.07.20	02:55:00	3993.16	3994.43	3992.68	3994.24	248	0	25
2026.07.20	02:56:00	3994.40	3995.18	3993.74	3994.54	383	0	25
2026.07.20	02:57:00	3994.54	3994.89	3993.97	3994.84	305	0	24
2026.07.20	02:58:00	3994.84	3995.19	3994.53	3994.74	325	0	23
2026.07.20	02:59:00	3994.76	3995.65	3994.57	3995.46	345	0	15
2026.07.20	03:00:00	3995.42	3995.83	3988.92	3988.93	699	0	6
2026.07.20	03:01:00	3989.10	3989.15	3983.49	3983.70	592	0	7
2026.07.20	03:02:00	3983.43	3986.67	3982.51	3984.96	669	0	8
2026.07.20	03:03:00	3985.00	3986.37	3984.29	3986.09	476	0	17
2026.07.20	03:04:00	3986.09	3987.58	3985.21	3987.23	336	0	19
2026.07.20	03:05:00	3987.24	3988.40	3986.17	3988.15	343	0	13
2026.07.20	03:06:00	3988.51	3990.61	3988.29	3989.89	500	0	18
2026.07.20	03:07:00	3989.89	3991.65	3988.50	3989.29	612	0	19
2026.07.20	03:08:00	3989.32	3990.88	3988.55	3990.64	420	0	19
2026.07.20	03:09:00	3990.64	3990.75	3988.10	3988.43	522	0	19
2026.07.20	03:10:00	3988.41	3989.01	3987.48	3988.95	537	0	9
2026.07.20	03:11:00	3988.76	3992.17	3988.76	3990.26	511	0	12
2026.07.20	03:12:00	3990.33	3991.73	3990.18	3991.28	440	0	7
2026.07.20	03:13:00	3991.28	3998.79	3991.28	3997.76	639	0	6
2026.07.20	03:14:00	3997.70	3997.70	3995.77	3996.07	571	0	10
2026.07.20	03:15:00	3996.11	3997.19	3993.35	3997.07	592	0	8
2026.07.20	03:16:00	3996.99	3997.22	3995.43	3995.79	477	0	18
2026.07.20	03:17:00	3995.77	3999.16	3995.44	3998.57	469	0	8
2026.07.20	03:18:00	3998.57	3998.62	3995.99	3997.18	466	0	12
2026.07.20	03:19:00	3997.05	4000.24	3996.96	3999.98	459	0	18
2026.07.20	03:20:00	3999.99	4002.85	3998.85	4002.10	569	0	12
2026.07.20	03:21:00	4002.04	4005.63	4001.63	4002.56	654	0	8
2026.07.20	03:22:00	4002.50	4002.94	4000.16	4000.52	502	0	9
2026.07.20	03:23:00	4000.43	4002.26	4000.12	4002.18	498	0	21
2026.07.20	03:24:00	4002.19	4002.75	4001.23	4002.62	528	0	25
2026.07.20	03:25:00	4002.54	4002.95	4001.24	4001.41	521	0	25
2026.07.20	03:26:00	4001.42	4003.32	4001.05	4002.92	514	0	23
2026.07.20	03:27:00	4002.96	4003.83	4001.17	4003.81	426	0	25
2026.07.20	03:28:00	4003.88	4005.36	4003.26	4003.93	449	0	24
2026.07.20	03:29:00	4003.93	4004.96	4003.38	4003.78	394	0	14
2026.07.20	03:30:00	4003.77	4003.94	3998.51	3999.09	518	0	22
2026.07.20	03:31:00	3999.09	4000.78	3998.75	3999.72	523	0	25
2026.07.20	03:32:00	3999.72	4000.65	3999.26	4000.07	403	0	28
2026.07.20	03:33:00	4000.07	4002.27	3999.71	4001.97	404	0	28
2026.07.20	03:34:00	4001.97	4003.54	4001.28	4002.14	459	0	26
2026.07.20	03:35:00	4002.03	4007.22	4001.16	4005.99	538	0	17
2026.07.20	03:36:00	4005.74	4005.89	4002.34	4003.02	502	0	20
2026.07.20	03:37:00	4002.80	4004.28	4002.45	4003.72	442	0	15
2026.07.20	03:38:00	4003.72	4003.84	4000.65	4001.02	418	0	17
2026.07.20	03:39:00	4001.02	4001.47	3999.82	3999.83	405	0	27
2026.07.20	03:40:00	3999.85	4001.39	3999.50	4001.13	433	0	26
2026.07.20	03:41:00	4001.13	4002.48	4000.85	4002.20	467	0	25
2026.07.20	03:42:00	4002.20	4003.52	4001.86	4003.11	373	0	26
2026.07.20	03:43:00	4003.12	4003.40	4001.31	4001.39	424	0	26
2026.07.20	03:44:00	4001.39	4001.48	3998.39	3998.66	462	0	8
2026.07.20	03:45:00	3998.66	4002.63	3998.65	4001.84	453	0	13
2026.07.20	03:46:00	4001.84	4002.19	4001.13	4002.04	347	0	25
2026.07.20	03:47:00	4002.04	4002.97	4000.83	4000.91	392	0	8
2026.07.20	03:48:00	4000.91	4001.59	4000.10	4000.84	385	0	24
2026.07.20	03:49:00	4000.82	4001.27	3999.40	3999.65	413	0	23
2026.07.20	03:50:00	3999.61	4000.15	3999.38	3999.68	299	0	11
2026.07.20	03:51:00	3999.67	4000.81	3999.51	4000.62	317	0	23
2026.07.20	03:52:00	4000.63	4000.65	3998.73	3998.88	380	0	12
2026.07.20	03:53:00	3998.88	4000.36	3998.49	4000.25	378	0	22
2026.07.20	03:54:00	4000.24	4002.30	4000.07	4001.77	403	0	14
2026.07.20	03:55:00	4001.79	4003.72	4001.48	4002.59	434	0	18
2026.07.20	03:56:00	4002.55	4002.55	4000.98	4001.64	444	0	22
2026.07.20	03:57:00	4001.71	4002.85	4001.35	4002.68	399	0	23
2026.07.20	03:58:00	4002.68	4002.68	4000.21	4000.46	450	0	8
2026.07.20	03:59:00	4000.60	4010.13	4000.50	4008.63	683	0	8
2026.07.20	04:00:00	4008.60	4012.34	4006.53	4008.80	968	0	8
2026.07.20	04:01:00	4009.00	4014.23	4005.59	4014.23	891	0	12
2026.07.20	04:02:00	4014.07	4015.73	4012.80	4015.04	832	0	12
2026.07.20	04:03:00	4015.04	4015.99	4012.47	4014.63	754	0	9
2026.07.20	04:04:00	4014.57	4015.15	4010.52	4013.81	713	0	21
2026.07.20	04:05:00	4013.91	4016.32	4013.91	4014.97	638	0	9
2026.07.20	04:06:00	4014.98	4015.11	4010.34	4012.78	662	0	15
2026.07.20	04:07:00	4012.58	4012.88	4010.73	4011.08	667	0	9
2026.07.20	04:08:00	4011.10	4012.82	4010.14	4012.69	652	0	22
2026.07.20	04:09:00	4012.72	4016.83	4012.56	4016.56	662	0	17
2026.07.20	04:10:00	4016.56	4018.98	4015.99	4018.83	702	0	9
2026.07.20	04:11:00	4018.85	4020.90	4013.30	4013.81	687	0	8
2026.07.20	04:12:00	4013.81	4013.81	4010.55	4012.42	573	0	15
2026.07.20	04:13:00	4012.41	4012.90	4010.77	4010.91	547	0	11
2026.07.20	04:14:00	4010.89	4010.99	4009.12	4010.06	635	0	20
2026.07.20	04:15:00	4010.07	4010.29	4007.23	4008.76	727	0	8
2026.07.20	04:16:00	4008.66	4010.07	4008.09	4009.99	675	0	10
2026.07.20	04:17:00	4009.99	4009.99	4007.83	4008.26	565	0	13
2026.07.20	04:18:00	4008.18	4009.14	4005.22	4005.57	670	0	10
2026.07.20	04:19:00	4005.55	4005.92	4003.78	4004.37	653	0	18
2026.07.20	04:20:00	4004.37	4004.97	4002.49	4003.91	724	0	8
2026.07.20	04:21:00	4003.90	4004.70	4000.33	4001.07	713	0	8
2026.07.20	04:22:00	4001.07	4003.60	4000.63	4003.19	675	0	11
2026.07.20	04:23:00	4003.00	4003.24	4000.78	4002.40	548	0	16
2026.07.20	04:24:00	4002.40	4002.60	3999.73	4000.67	606	0	21
2026.07.20	04:25:00	4000.64	4003.58	3999.67	4003.45	598	0	9
2026.07.20	04:26:00	4003.45	4004.44	4002.61	4004.05	382	0	7
2026.07.20	04:27:00	4003.92	4003.92	4001.50	4001.62	363	0	16
2026.07.20	04:28:00	4001.62	4001.89	4000.38	4000.67	420	0	24
2026.07.20	04:29:00	4000.74	4003.20	4000.74	4003.01	498	0	21
2026.07.20	04:30:00	4003.05	4005.04	4002.52	4002.95	702	0	22
2026.07.20	04:31:00	4002.95	4004.86	4002.31	4004.07	675	0	17
2026.07.20	04:32:00	4004.09	4005.23	4002.28	4004.02	697	0	18
2026.07.20	04:33:00	4004.02	4005.69	4003.72	4004.60	650	0	20
2026.07.20	04:34:00	4004.60	4004.76	4003.37	4004.18	499	0	21
2026.07.20	04:35:00	4004.15	4004.59	4001.03	4001.36	480	0	24
2026.07.20	04:36:00	4001.36	4002.51	4001.09	4002.47	487	0	8
2026.07.20	04:37:00	4002.47	4004.46	4002.33	4003.35	547	0	8
2026.07.20	04:38:00	4003.37	4003.46	4000.59	4000.67	607	0	24
2026.07.20	04:39:00	4000.61	4002.10	4000.35	4002.00	504	0	8
2026.07.20	04:40:00	4002.03	4002.26	4000.51	4001.62	534	0	22
2026.07.20	04:41:00	4001.65	4002.85	4000.29	4001.07	581	0	10
2026.07.20	04:42:00	4001.07	4001.12	3999.29	3999.96	630	0	12
2026.07.20	04:43:00	3999.92	3999.92	3995.42	3997.52	692	0	12
2026.07.20	04:44:00	3997.40	3998.00	3996.86	3997.04	546	0	20
2026.07.20	04:45:00	3997.03	4002.77	3996.96	4002.41	581	0	9
2026.07.20	04:46:00	4002.34	4002.99	4000.66	4000.94	528	0	9
2026.07.20	04:47:00	4000.98	4001.90	4000.16	4001.44	504	0	12
2026.07.20	04:48:00	4001.44	4003.69	4000.69	4003.39	530	0	14
2026.07.20	04:49:00	4003.58	4004.39	4003.04	4003.88	574	0	19
2026.07.20	04:50:00	4003.85	4003.96	4000.26	4000.54	515	0	20
2026.07.20	04:51:00	4000.54	4000.75	3999.79	4000.47	504	0	15
2026.07.20	04:52:00	4000.48	4001.01	3997.83	3998.69	606	0	20
2026.07.20	04:53:00	3998.69	3999.30	3998.03	3998.05	402	0	6
2026.07.20	04:54:00	3998.15	3999.09	3997.62	3998.54	554	0	14
2026.07.20	04:55:00	3998.54	3999.51	3998.31	3998.50	529	0	18
2026.07.20	04:56:00	3998.50	3999.54	3998.15	3999.35	559	0	15
2026.07.20	04:57:00	3999.35	4002.08	3998.90	4001.42	562	0	14
2026.07.20	04:58:00	4001.42	4001.93	4000.92	4001.59	485	0	11
2026.07.20	04:59:00	4001.62	4004.06	4001.60	4002.09	489	0	13
2026.07.20	05:00:00	4002.05	4003.06	4001.28	4001.78	629	0	9
2026.07.20	05:01:00	4001.78	4003.83	4001.70	4003.63	649	0	20
2026.07.20	05:02:00	4003.63	4007.09	4003.31	4006.83	735	0	9
2026.07.20	05:03:00	4006.83	4008.89	4006.46	4008.12	618	0	11
2026.07.20	05:04:00	4008.10	4009.84	4007.09	4008.32	606	0	12
2026.07.20	05:05:00	4008.34	4008.77	4005.01	4005.41	569	0	9
2026.07.20	05:06:00	4005.42	4007.00	4004.52	4006.94	455	0	12
2026.07.20	05:07:00	4007.00	4007.47	4004.70	4005.22	595	0	18
2026.07.20	05:08:00	4005.24	4006.48	4004.69	4005.73	528	0	15
2026.07.20	05:09:00	4005.86	4008.21	4005.55	4007.37	569	0	20
2026.07.20	05:10:00	4007.34	4007.73	4005.00	4005.25	487	0	19
2026.07.20	05:11:00	4005.28	4007.49	4004.97	4006.47	590	0	18
2026.07.20	05:12:00	4006.45	4007.02	4005.58	4006.22	497	0	9
2026.07.20	05:13:00	4006.22	4006.45	4005.35	4006.29	505	0	10
2026.07.20	05:14:00	4006.29	4006.57	4005.51	4006.21	502	0	14
2026.07.20	05:15:00	4006.21	4006.76	4003.92	4004.69	436	0	15
2026.07.20	05:16:00	4004.69	4005.99	4004.60	4005.83	340	0	15
2026.07.20	05:17:00	4005.94	4005.94	4005.12	4005.19	301	0	19
2026.07.20	05:18:00	4005.19	4005.60	4004.25	4004.34	302	0	19
2026.07.20	05:19:00	4004.36	4004.63	4004.23	4004.51	311	0	17
2026.07.20	05:20:00	4004.53	4007.13	4004.53	4006.05	456	0	13
2026.07.20	05:21:00	4006.12	4006.84	4006.12	4006.57	306	0	22
2026.07.20	05:22:00	4006.57	4007.53	4006.24	4007.29	360	0	9
2026.07.20	05:23:00	4007.29	4007.80	4006.91	4007.48	305	0	21
2026.07.20	05:24:00	4007.48	4008.11	4007.11	4007.34	368	0	8
2026.07.20	05:25:00	4007.34	4008.81	4007.32	4007.33	392	0	11
2026.07.20	05:26:00	4007.40	4007.67	4006.23	4006.57	399	0	11
2026.07.20	05:27:00	4006.56	4007.66	4006.20	4007.62	364	0	9
2026.07.20	05:28:00	4007.62	4008.74	4007.11	4008.14	419	0	15
2026.07.20	05:29:00	4008.14	4008.58	4006.66	4006.81	331	0	14
2026.07.20	05:30:00	4006.84	4008.45	4006.02	4007.94	634	0	8
2026.07.20	05:31:00	4007.96	4007.98	4005.91	4007.69	644	0	9
2026.07.20	05:32:00	4007.74	4011.34	4007.31	4011.32	676	0	9
2026.07.20	05:33:00	4011.29	4012.86	4011.23	4011.25	575	0	7
2026.07.20	05:34:00	4011.24	4011.48	4010.26	4010.48	527	0	20
2026.07.20	05:35:00	4010.46	4013.02	4010.41	4012.91	586	0	24
2026.07.20	05:36:00	4012.90	4013.43	4012.00	4012.60	596	0	17
2026.07.20	05:37:00	4012.59	4012.95	4010.64	4010.91	554	0	18
2026.07.20	05:38:00	4010.91	4014.24	4010.70	4013.36	636	0	12
2026.07.20	05:39:00	4013.36	4013.61	4012.12	4013.18	570	0	8
2026.07.20	05:40:00	4013.15	4013.18	4009.32	4011.04	513	0	16
2026.07.20	05:41:00	4011.04	4012.86	4011.03	4012.07	551	0	16
2026.07.20	05:42:00	4012.05	4015.74	4012.05	4014.63	538	0	20
2026.07.20	05:43:00	4014.63	4016.11	4013.89	4016.11	532	0	20
2026.07.20	05:44:00	4016.11	4016.12	4014.15	4014.78	507	0	17
2026.07.20	05:45:00	4014.84	4016.42	4013.80	4015.80	528	0	11
2026.07.20	05:46:00	4015.79	4018.43	4015.79	4016.63	620	0	16
2026.07.20	05:47:00	4016.63	4018.71	4016.29	4018.25	519	0	15
2026.07.20	05:48:00	4018.25	4028.74	4017.78	4026.37	588	0	7
2026.07.20	05:49:00	4026.39	4026.41	4023.37	4024.94	503	0	16
2026.07.20	05:50:00	4024.94	4026.61	4022.97	4023.79	436	0	13
2026.07.20	05:51:00	4023.79	4024.55	4020.86	4021.73	459	0	20
2026.07.20	05:52:00	4021.75	4022.20	4020.79	4021.58	414	0	10
2026.07.20	05:53:00	4021.57	4025.77	4021.50	4024.41	578	0	20
2026.07.20	05:54:00	4024.36	4024.86	4022.57	4022.83	489	0	8
2026.07.20	05:55:00	4022.83	4023.98	4021.30	4021.56	446	0	9
2026.07.20	05:56:00	4021.54	4023.42	4021.19	4023.15	497	0	14
2026.07.20	05:57:00	4023.16	4023.42	4021.95	4022.58	458	0	11
2026.07.20	05:58:00	4022.54	4023.69	4022.06	4023.35	457	0	9
2026.07.20	05:59:00	4023.48	4023.89	4021.77	4021.81	464	0	23
2026.07.20	06:00:00	4021.62	4022.71	4020.34	4022.37	544	0	17
2026.07.20	06:01:00	4022.39	4022.60	4020.72	4021.99	477	0	18
2026.07.20	06:02:00	4021.99	4022.73	4020.05	4021.95	533	0	15
2026.07.20	06:03:00	4021.88	4022.13	4020.83	4020.94	521	0	17
2026.07.20	06:04:00	4020.92	4022.01	4020.30	4021.09	513	0	22
2026.07.20	06:05:00	4021.11	4021.80	4019.66	4019.71	536	0	16
2026.07.20	06:06:00	4019.74	4021.07	4018.93	4019.15	533	0	10
2026.07.20	06:07:00	4019.15	4019.68	4018.47	4019.34	507	0	11
2026.07.20	06:08:00	4019.37	4020.95	4018.95	4020.53	464	0	12
2026.07.20	06:09:00	4020.48	4021.33	4020.18	4020.43	465	0	18
2026.07.20	06:10:00	4020.41	4021.98	4020.10	4021.71	565	0	8
2026.07.20	06:11:00	4021.70	4022.05	4021.03	4021.12	421	0	19
2026.07.20	06:12:00	4021.12	4022.50	4020.30	4022.27	451	0	8
2026.07.20	06:13:00	4022.27	4023.79	4021.88	4022.03	551	0	8
2026.07.20	06:14:00	4022.03	4024.51	4022.02	4024.06	455	0	22
2026.07.20	06:15:00	4024.07	4025.93	4023.20	4025.45	591	0	12
2026.07.20	06:16:00	4025.43	4026.10	4024.95	4025.43	558	0	11
2026.07.20	06:17:00	4025.45	4025.91	4024.92	4025.57	448	0	21
2026.07.20	06:18:00	4025.63	4025.83	4024.52	4025.43	500	0	22
2026.07.20	06:19:00	4025.43	4026.06	4024.49	4025.28	477	0	21
2026.07.20	06:20:00	4025.32	4026.35	4024.86	4026.12	542	0	22
2026.07.20	06:21:00	4026.12	4026.75	4025.28	4025.87	547	0	10
2026.07.20	06:22:00	4025.87	4026.38	4025.19	4025.60	527	0	18
2026.07.20	06:23:00	4025.59	4025.66	4024.16	4024.97	487	0	8
2026.07.20	06:24:00	4024.94	4025.97	4024.58	4025.45	431	0	13
2026.07.20	06:25:00	4025.45	4025.61	4023.54	4023.60	423	0	10
2026.07.20	06:26:00	4023.60	4024.36	4022.98	4022.98	343	0	9
2026.07.20	06:27:00	4023.06	4023.53	4022.50	4022.53	315	0	16
2026.07.20	06:28:00	4022.51	4023.74	4021.55	4023.32	405	0	16
2026.07.20	06:29:00	4023.32	4023.65	4021.63	4022.08	393	0	21
2026.07.20	06:30:00	4022.07	4024.22	4021.77	4024.14	415	0	14
2026.07.20	06:31:00	4024.14	4024.83	4020.64	4020.74	423	0	10
2026.07.20	06:32:00	4020.78	4021.34	4019.57	4019.74	297	0	13
2026.07.20	06:33:00	4019.74	4019.95	4018.78	4019.22	285	0	21
2026.07.20	06:34:00	4019.22	4020.68	4018.83	4020.08	294	0	9
2026.07.20	06:35:00	4020.09	4022.40	4018.67	4022.00	329	0	8
2026.07.20	06:36:00	4021.82	4023.63	4020.68	4023.50	328	0	16
2026.07.20	06:37:00	4023.51	4025.53	4023.41	4024.43	313	0	11
2026.07.20	06:38:00	4024.43	4024.77	4023.36	4023.50	254	0	21
2026.07.20	06:39:00	4023.52	4025.38	4023.45	4024.75	205	0	13
2026.07.20	06:40:00	4024.73	4025.60	4024.53	4024.79	335	0	20
2026.07.20	06:41:00	4024.89	4025.25	4024.46	4025.19	306	0	20
2026.07.20	06:42:00	4025.17	4026.99	4025.16	4026.77	258	0	10
2026.07.20	06:43:00	4026.77	4027.93	4026.46	4026.87	299	0	11
2026.07.20	06:44:00	4026.89	4027.21	4026.43	4027.15	280	0	22
2026.07.20	06:45:00	4027.21	4027.77	4027.02	4027.37	247	0	15
2026.07.20	06:46:00	4027.37	4027.61	4026.49	4026.55	307	0	22
2026.07.20	06:47:00	4026.55	4027.18	4026.43	4026.92	309	0	22
2026.07.20	06:48:00	4026.93	4027.11	4026.26	4026.54	324	0	21
2026.07.20	06:49:00	4026.54	4026.90	4025.82	4025.94	265	0	19
2026.07.20	06:50:00	4025.92	4027.20	4025.83	4026.89	280	0	18
2026.07.20	06:51:00	4026.87	4027.39	4026.55	4026.77	275	0	18
2026.07.20	06:52:00	4026.77	4026.78	4025.72	4026.01	265	0	16
2026.07.20	06:53:00	4025.97	4026.22	4025.10	4025.12	291	0	21
2026.07.20	06:54:00	4025.12	4025.25	4024.42	4024.61	320	0	20
2026.07.20	06:55:00	4024.61	4024.79	4022.95	4023.20	393	0	17
2026.07.20	06:56:00	4023.26	4023.90	4023.09	4023.43	230	0	12
2026.07.20	06:57:00	4023.33	4023.64	4022.96	4023.14	266	0	16
2026.07.20	06:58:00	4023.14	4023.42	4022.63	4022.76	247	0	20
2026.07.20	06:59:00	4022.90	4024.15	4022.80	4024.06	311	0	10
2026.07.20	07:00:00	4024.03	4025.24	4023.84	4024.82	317	0	7
2026.07.20	07:01:00	4024.82	4025.86	4024.71	4025.09	203	0	8
2026.07.20	07:02:00	4025.11	4026.72	4024.94	4026.59	170	0	7
2026.07.20	07:03:00	4026.59	4026.60	4024.97	4025.49	277	0	12
2026.07.20	07:04:00	4025.49	4026.27	4025.04	4025.92	214	0	12
2026.07.20	07:05:00	4025.92	4026.48	4025.32	4026.31	220	0	10
2026.07.20	07:06:00	4026.33	4026.33	4025.48	4025.48	197	0	19
2026.07.20	07:07:00	4025.43	4025.48	4024.00	4024.69	260	0	17
2026.07.20	07:08:00	4024.69	4025.30	4024.39	4024.99	192	0	19
2026.07.20	07:09:00	4025.09	4025.09	4024.09	4024.15	239	0	19
2026.07.20	07:10:00	4024.15	4024.84	4024.05	4024.53	179	0	18
2026.07.20	07:11:00	4024.51	4024.55	4023.75	4023.79	179	0	19
2026.07.20	07:12:00	4023.80	4023.88	4022.68	4022.71	216	0	19
2026.07.20	07:13:00	4022.71	4022.75	4021.90	4022.32	272	0	12
2026.07.20	07:14:00	4022.43	4022.43	4021.39	4021.47	206	0	20
2026.07.20	07:15:00	4021.47	4023.51	4021.45	4023.06	175	0	12
2026.07.20	07:16:00	4023.07	4023.17	4022.43	4023.11	164	0	16
2026.07.20	07:17:00	4023.15	4023.47	4022.21	4022.39	268	0	16
2026.07.20	07:18:00	4022.39	4023.05	4022.39	4022.74	180	0	19
2026.07.20	07:19:00	4022.74	4023.44	4022.65	4023.26	207	0	19
2026.07.20	07:20:00	4023.27	4024.27	4022.83	4024.10	284	0	19
2026.07.20	07:21:00	4024.08	4024.28	4023.30	4023.35	196	0	20
2026.07.20	07:22:00	4023.31	4023.31	4021.51	4021.92	291	0	19
2026.07.20	07:23:00	4022.01	4022.71	4021.99	4022.13	203	0	19
2026.07.20	07:24:00	4022.18	4022.56	4021.37	4021.39	191	0	20
2026.07.20	07:25:00	4021.38	4022.75	4021.38	4022.73	217	0	14
2026.07.20	07:26:00	4022.73	4023.92	4022.66	4023.61	284	0	13
2026.07.20	07:27:00	4023.61	4024.23	4023.32	4024.16	215	0	13
2026.07.20	07:28:00	4024.18	4024.62	4023.97	4024.57	171	0	18
2026.07.20	07:29:00	4024.56	4025.47	4024.51	4025.27	180	0	18
2026.07.20	07:30:00	4025.27	4025.44	4022.64	4023.62	273	0	10
2026.07.20	07:31:00	4023.55	4025.15	4023.55	4024.59	216	0	20
2026.07.20	07:32:00	4024.59	4025.01	4023.13	4023.20	248	0	8
2026.07.20	07:33:00	4023.20	4024.32	4022.18	4022.44	309	0	14
2026.07.20	07:34:00	4022.44	4023.78	4022.11	4023.66	245	0	23
2026.07.20	07:35:00	4023.66	4023.72	4022.57	4022.88	200	0	24
2026.07.20	07:36:00	4022.88	4023.08	4022.40	4022.66	205	0	23
2026.07.20	07:37:00	4022.65	4023.07	4022.53	4022.71	185	0	22
2026.07.20	07:38:00	4022.71	4023.84	4022.43	4023.83	218	0	21
2026.07.20	07:39:00	4023.82	4024.43	4023.22	4023.26	229	0	21
2026.07.20	07:40:00	4023.27	4023.73	4022.89	4023.09	274	0	20
2026.07.20	07:41:00	4023.09	4023.58	4022.60	4022.60	176	0	20
2026.07.20	07:42:00	4022.66	4023.50	4022.44	4023.04	246	0	19
2026.07.20	07:43:00	4023.04	4023.14	4022.62	4022.65	150	0	20
2026.07.20	07:44:00	4022.74	4023.44	4022.74	4022.95	138	0	19
2026.07.20	07:45:00	4022.99	4022.99	4020.49	4020.75	323	0	12
2026.07.20	07:46:00	4020.91	4020.92	4019.29	4020.63	246	0	17
2026.07.20	07:47:00	4020.61	4021.05	4020.36	4020.81	317	0	20
2026.07.20	07:48:00	4020.78	4020.94	4019.98	4020.32	252	0	19
2026.07.20	07:49:00	4020.32	4020.32	4019.55	4020.08	210	0	20
2026.07.20	07:50:00	4020.04	4022.14	4019.97	4020.91	231	0	19
2026.07.20	07:51:00	4020.95	4021.34	4020.38	4021.00	298	0	14
2026.07.20	07:52:00	4021.00	4021.02	4019.38	4020.85	243	0	16
2026.07.20	07:53:00	4020.83	4021.46	4020.28	4021.15	182	0	18
2026.07.20	07:54:00	4021.09	4021.47	4021.04	4021.26	105	0	19
2026.07.20	07:55:00	4021.25	4021.88	4018.40	4019.11	276	0	9
2026.07.20	07:56:00	4019.07	4019.73	4019.04	4019.35	270	0	19
2026.07.20	07:57:00	4019.36	4019.57	4018.95	4019.16	161	0	17
2026.07.20	07:58:00	4019.10	4019.40	4018.67	4019.04	203	0	13
2026.07.20	07:59:00	4019.04	4019.07	4018.44	4018.89	206	0	17
2026.07.20	08:00:00	4018.97	4021.13	4018.96	4020.92	373	0	16
2026.07.20	08:01:00	4020.92	4021.08	4019.87	4020.42	277	0	18
2026.07.20	08:02:00	4020.41	4020.47	4019.84	4020.03	170	0	17
2026.07.20	08:03:00	4020.04	4020.04	4018.26	4018.58	248	0	8
2026.07.20	08:04:00	4018.58	4018.61	4016.88	4017.80	287	0	9
2026.07.20	08:05:00	4017.80	4018.39	4017.77	4018.06	214	0	20
2026.07.20	08:06:00	4018.06	4019.11	4017.53	4019.08	286	0	15
2026.07.20	08:07:00	4019.26	4019.26	4017.57	4017.86	217	0	11
2026.07.20	08:08:00	4017.88	4018.22	4015.99	4016.57	307	0	18
2026.07.20	08:09:00	4016.55	4016.85	4015.35	4015.78	234	0	18
2026.07.20	08:10:00	4015.77	4016.04	4014.32	4014.44	341	0	8
2026.07.20	08:11:00	4014.46	4015.25	4013.39	4013.65	294	0	18
2026.07.20	08:12:00	4013.79	4014.23	4011.86	4012.01	310	0	12
2026.07.20	08:13:00	4012.23	4013.88	4011.77	4013.78	347	0	12
2026.07.20	08:14:00	4013.86	4014.49	4013.44	4013.77	302	0	14
2026.07.20	08:15:00	4013.75	4014.93	4013.68	4014.26	348	0	20
2026.07.20	08:16:00	4014.26	4014.80	4014.01	4014.68	254	0	12
2026.07.20	08:17:00	4014.65	4014.65	4013.31	4013.64	297	0	15
2026.07.20	08:18:00	4013.63	4013.75	4012.78	4013.11	260	0	15
2026.07.20	08:19:00	4013.04	4013.87	4012.95	4013.55	219	0	8
2026.07.20	08:20:00	4013.54	4013.55	4011.58	4011.97	264	0	7
2026.07.20	08:21:00	4011.93	4012.90	4011.28	4012.51	369	0	10
2026.07.20	08:22:00	4012.51	4012.60	4012.09	4012.55	189	0	18
2026.07.20	08:23:00	4012.54	4012.85	4011.37	4011.95	284	0	19
2026.07.20	08:24:00	4011.94	4012.16	4011.29	4012.06	255	0	20
2026.07.20	08:25:00	4012.06	4012.28	4010.37	4012.16	447	0	19
2026.07.20	08:26:00	4012.14	4012.50	4011.62	4012.36	278	0	9
2026.07.20	08:27:00	4012.38	4013.25	4012.03	4012.38	254	0	15
2026.07.20	08:28:00	4012.38	4012.82	4011.92	4011.94	217	0	18
2026.07.20	08:29:00	4011.96	4011.96	4009.89	4010.94	311	0	18
2026.07.20	08:30:00	4010.94	4014.51	4010.02	4013.46	738	0	15
2026.07.20	08:31:00	4013.46	4013.46	4010.30	4011.31	532	0	8
2026.07.20	08:32:00	4011.18	4012.53	4010.16	4012.41	367	0	8
2026.07.20	08:33:00	4012.41	4013.06	4011.55	4012.12	435	0	10
2026.07.20	08:34:00	4012.11	4012.66	4010.22	4010.95	505	0	15
2026.07.20	08:35:00	4010.96	4011.18	4007.92	4008.13	513	0	11
2026.07.20	08:36:00	4008.13	4010.23	4007.84	4009.77	342	0	21
2026.07.20	08:37:00	4009.77	4010.80	4009.26	4010.36	368	0	20
2026.07.20	08:38:00	4010.38	4010.91	4009.99	4010.64	397	0	24
2026.07.20	08:39:00	4010.66	4011.01	4009.25	4010.19	459	0	11
2026.07.20	08:40:00	4010.20	4012.59	4009.92	4012.37	482	0	20
2026.07.20	08:41:00	4012.39	4012.39	4011.27	4011.77	494	0	20
2026.07.20	08:42:00	4011.74	4011.92	4010.61	4010.77	430	0	21
2026.07.20	08:43:00	4010.77	4011.09	4009.05	4010.28	526	0	18
2026.07.20	08:44:00	4010.31	4010.96	4009.84	4009.88	411	0	19
2026.07.20	08:45:00	4009.90	4010.40	4008.74	4009.66	580	0	19
2026.07.20	08:46:00	4009.70	4009.77	4008.26	4008.96	475	0	18
2026.07.20	08:47:00	4008.96	4010.22	4008.80	4010.15	533	0	21
2026.07.20	08:48:00	4010.14	4010.45	4008.47	4008.76	428	0	10
2026.07.20	08:49:00	4008.75	4009.11	4005.61	4005.79	582	0	12
2026.07.20	08:50:00	4005.77	4008.14	4005.44	4007.52	437	0	12
2026.07.20	08:51:00	4007.51	4007.55	4005.55	4005.80	436	0	16
2026.07.20	08:52:00	4005.72	4008.16	4005.31	4008.11	498	0	13
2026.07.20	08:53:00	4008.06	4008.47	4007.48	4008.28	452	0	22
2026.07.20	08:54:00	4008.28	4008.99	4007.37	4007.42	385	0	17
2026.07.20	08:55:00	4007.42	4008.88	4007.19	4008.85	403	0	9
2026.07.20	08:56:00	4008.88	4010.84	4008.62	4010.34	476	0	19
2026.07.20	08:57:00	4010.32	4010.35	4008.76	4009.12	355	0	21
2026.07.20	08:58:00	4009.12	4009.50	4008.55	4008.99	280	0	12
2026.07.20	08:59:00	4008.99	4009.88	4008.16	4008.61	322	0	15
2026.07.20	09:00:00	4008.58	4011.43	4008.58	4010.83	412	0	22
2026.07.20	09:01:00	4010.85	4011.53	4010.21	4011.32	414	0	24
2026.07.20	09:02:00	4011.32	4011.56	4010.52	4011.09	412	0	11
2026.07.20	09:03:00	4011.11	4011.70	4010.61	4010.98	438	0	12
2026.07.20	09:04:00	4010.99	4011.58	4010.12	4010.44	514	0	11
2026.07.20	09:05:00	4010.39	4010.46	4006.83	4008.78	463	0	8
2026.07.20	09:06:00	4008.80	4010.26	4008.61	4010.25	333	0	19
2026.07.20	09:07:00	4010.24	4010.43	4009.50	4009.79	400	0	16
2026.07.20	09:08:00	4009.79	4011.54	4009.75	4011.53	494	0	13
2026.07.20	09:09:00	4011.40	4011.76	4009.34	4009.69	369	0	8
2026.07.20	09:10:00	4009.70	4010.16	4009.03	4009.32	414	0	15
2026.07.20	09:11:00	4009.32	4009.64	4008.58	4009.00	298	0	20
2026.07.20	09:12:00	4008.98	4009.30	4008.05	4009.28	349	0	16
2026.07.20	09:13:00	4009.28	4009.28	4007.44	4007.52	359	0	14
2026.07.20	09:14:00	4007.50	4008.34	4006.68	4007.41	406	0	13
2026.07.20	09:15:00	4007.20	4008.51	4006.28	4007.13	392	0	21
2026.07.20	09:16:00	4007.18	4009.32	4006.95	4008.24	442	0	20
2026.07.20	09:17:00	4008.24	4008.76	4007.64	4007.78	396	0	15
2026.07.20	09:18:00	4007.78	4008.43	4007.33	4007.96	477	0	13
2026.07.20	09:19:00	4007.96	4009.50	4007.29	4008.92	458	0	8
2026.07.20	09:20:00	4008.89	4009.49	4008.30	4009.25	473	0	20
2026.07.20	09:21:00	4009.23	4009.57	4006.91	4006.96	478	0	21
2026.07.20	09:22:00	4006.93	4008.26	4006.85	4008.26	389	0	11
2026.07.20	09:23:00	4008.24	4009.38	4007.93	4008.66	416	0	15
2026.07.20	09:24:00	4008.57	4008.94	4007.93	4008.34	365	0	18
2026.07.20	09:25:00	4008.31	4008.58	4007.12	4007.81	440	0	17
2026.07.20	09:26:00	4007.81	4008.04	4005.80	4006.50	420	0	19
2026.07.20	09:27:00	4006.51	4006.60	4004.51	4005.33	498	0	10
2026.07.20	09:28:00	4005.38	4005.58	4003.88	4004.05	420	0	9
2026.07.20	09:29:00	4004.02	4005.67	4003.91	4004.83	405	0	18
2026.07.20	09:30:00	4004.83	4005.56	4004.54	4005.20	400	0	18
2026.07.20	09:31:00	4005.19	4005.61	4004.21	4005.18	565	0	8
2026.07.20	09:32:00	4005.16	4005.41	4002.90	4003.24	474	0	10
2026.07.20	09:33:00	4003.22	4004.65	4002.77	4004.51	488	0	19
2026.07.20	09:34:00	4004.51	4005.13	4004.24	4004.80	384	0	23
2026.07.20	09:35:00	4004.83	4004.91	4003.39	4003.96	430	0	22
2026.07.20	09:36:00	4003.96	4004.58	4003.55	4004.27	378	0	23
2026.07.20	09:37:00	4004.28	4004.64	4003.21	4004.61	419	0	7
2026.07.20	09:38:00	4004.61	4005.07	4003.64	4004.07	436	0	22
2026.07.20	09:39:00	4004.08	4004.94	4003.80	4004.58	386	0	19
2026.07.20	09:40:00	4004.56	4005.72	4004.53	4005.53	368	0	21
2026.07.20	09:41:00	4005.53	4006.53	4004.56	4005.76	475	0	8
2026.07.20	09:42:00	4005.76	4006.20	4004.12	4004.95	351	0	8
2026.07.20	09:43:00	4004.95	4005.20	4003.96	4004.11	365	0	22
2026.07.20	09:44:00	4004.20	4005.07	4003.88	4004.81	311	0	21
2026.07.20	09:45:00	4004.81	4006.79	4004.75	4006.68	393	0	13
2026.07.20	09:46:00	4006.68	4007.27	4006.38	4007.06	341	0	22
2026.07.20	09:47:00	4007.06	4007.56	4005.98	4006.38	351	0	12
2026.07.20	09:48:00	4006.33	4006.88	4005.70	4006.87	323	0	14
2026.07.20	09:49:00	4006.88	4007.28	4006.03	4006.16	349	0	13
2026.07.20	09:50:00	4006.16	4007.55	4006.08	4007.05	372	0	15
2026.07.20	09:51:00	4007.05	4007.20	4006.21	4006.29	274	0	16
2026.07.20	09:52:00	4006.30	4006.38	4005.15	4005.35	406	0	11
2026.07.20	09:53:00	4005.34	4005.51	4003.22	4003.95	394	0	21
2026.07.20	09:54:00	4003.93	4005.78	4003.87	4005.28	373	0	19
2026.07.20	09:55:00	4005.25	4005.82	4005.03	4005.27	353	0	19
2026.07.20	09:56:00	4005.28	4005.59	4004.44	4005.39	328	0	21
2026.07.20	09:57:00	4005.39	4005.61	4004.76	4004.91	343	0	22
2026.07.20	09:58:00	4004.89	4004.89	4003.12	4003.61	406	0	19
2026.07.20	09:59:00	4003.61	4004.15	4003.23	4003.84	319	0	20
2026.07.20	10:00:00	4003.84	4004.26	4002.02	4003.63	527	0	17
2026.07.20	10:01:00	4003.67	4006.57	4003.67	4005.51	518	0	8
2026.07.20	10:02:00	4005.48	4006.00	4005.03	4005.29	281	0	17
2026.07.20	10:03:00	4005.29	4005.51	4004.55	4005.03	349	0	19
2026.07.20	10:04:00	4005.03	4005.97	4004.92	4005.23	320	0	20
2026.07.20	10:05:00	4005.23	4006.06	4004.88	4005.78	352	0	21
2026.07.20	10:06:00	4005.78	4006.66	4005.32	4005.54	343	0	8
2026.07.20	10:07:00	4005.50	4006.90	4005.50	4006.62	332	0	16
2026.07.20	10:08:00	4006.62	4006.62	4005.66	4005.81	273	0	16
2026.07.20	10:09:00	4005.81	4005.84	4005.00	4005.47	319	0	17
2026.07.20	10:10:00	4005.48	4005.85	4004.43	4005.29	363	0	10
2026.07.20	10:11:00	4005.28	4005.42	4003.83	4004.06	372	0	14
2026.07.20	10:12:00	4004.07	4004.43	4003.71	4003.88	342	0	9
2026.07.20	10:13:00	4003.89	4004.22	4003.21	4003.30	329	0	14
2026.07.20	10:14:00	4003.19	4004.70	4003.09	4004.26	395	0	20
2026.07.20	10:15:00	4004.27	4004.61	4004.04	4004.53	273	0	21
2026.07.20	10:16:00	4004.55	4004.59	4002.61	4003.29	339	0	13
2026.07.20	10:17:00	4003.27	4003.79	4002.69	4002.71	329	0	15
2026.07.20	10:18:00	4002.45	4004.13	4002.20	4003.73	341	0	19
2026.07.20	10:19:00	4003.72	4004.10	4003.60	4003.78	231	0	18
2026.07.20	10:20:00	4003.80	4004.18	4003.10	4003.27	315	0	18
2026.07.20	10:21:00	4003.27	4004.20	4003.11	4003.42	371	0	15
2026.07.20	10:22:00	4003.41	4007.08	4003.07	4007.01	569	0	8
2026.07.20	10:23:00	4006.94	4006.94	4004.79	4006.32	569	0	18
2026.07.20	10:24:00	4006.28	4008.73	4006.01	4008.55	511	0	9
2026.07.20	10:25:00	4008.50	4008.50	4004.11	4004.46	395	0	8
2026.07.20	10:26:00	4004.46	4006.11	4004.15	4005.42	280	0	22
2026.07.20	10:27:00	4005.54	4006.05	4003.73	4004.35	346	0	19
2026.07.20	10:28:00	4004.35	4004.91	4003.43	4004.68	357	0	22
2026.07.20	10:29:00	4004.68	4006.71	4004.66	4006.71	336	0	16
2026.07.20	10:30:00	4006.63	4011.52	4006.48	4007.92	640	0	8
2026.07.20	10:31:00	4007.71	4009.60	4006.86	4008.28	367	0	8
2026.07.20	10:32:00	4008.28	4009.60	4007.73	4009.56	334	0	10
2026.07.20	10:33:00	4009.56	4012.80	4009.56	4011.82	490	0	10
2026.07.20	10:34:00	4011.78	4013.50	4011.28	4012.93	539	0	11
2026.07.20	10:35:00	4012.94	4015.26	4012.89	4014.88	572	0	8
2026.07.20	10:36:00	4014.88	4017.57	4014.17	4016.68	491	0	8
2026.07.20	10:37:00	4016.69	4016.99	4014.19	4014.42	435	0	19
2026.07.20	10:38:00	4014.42	4016.18	4013.17	4015.92	567	0	8
2026.07.20	10:39:00	4015.92	4018.06	4015.92	4016.39	467	0	9
2026.07.20	10:40:00	4016.39	4019.04	4015.98	4019.03	450	0	18
2026.07.20	10:41:00	4019.08	4019.29	4016.71	4016.78	562	0	15
2026.07.20	10:42:00	4016.76	4020.38	4016.53	4019.34	576	0	8
2026.07.20	10:43:00	4019.32	4020.67	4018.50	4018.69	526	0	7
2026.07.20	10:44:00	4018.77	4021.04	4018.72	4021.01	534	0	10
2026.07.20	10:45:00	4021.03	4021.52	4018.85	4020.80	514	0	10
2026.07.20	10:46:00	4020.80	4021.78	4020.14	4020.20	390	0	17
2026.07.20	10:47:00	4020.44	4020.91	4018.21	4018.24	473	0	8
2026.07.20	10:48:00	4018.29	4018.32	4016.41	4017.01	484	0	10
2026.07.20	10:49:00	4017.04	4018.20	4016.40	4017.87	514	0	18
2026.07.20	10:50:00	4017.87	4017.87	4016.38	4016.71	478	0	15
2026.07.20	10:51:00	4016.71	4017.73	4015.77	4017.56	429	0	12
2026.07.20	10:52:00	4017.55	4018.59	4017.55	4018.00	344	0	17
2026.07.20	10:53:00	4018.03	4018.05	4017.17	4017.29	339	0	18
2026.07.20	10:54:00	4017.29	4017.64	4016.84	4017.28	278	0	19
2026.07.20	10:55:00	4017.28	4018.32	4016.88	4017.61	319	0	13
2026.07.20	10:56:00	4017.61	4019.09	4017.60	4018.76	415	0	9
2026.07.20	10:57:00	4018.65	4019.03	4017.03	4017.46	323	0	19
2026.07.20	10:58:00	4017.49	4018.20	4017.24	4018.09	352	0	8
2026.07.20	10:59:00	4018.04	4018.10	4016.70	4017.14	298	0	16
2026.07.20	11:00:00	4017.28	4022.60	4017.07	4022.56	557	0	8
2026.07.20	11:01:00	4022.56	4023.47	4020.89	4020.89	480	0	12
2026.07.20	11:02:00	4020.88	4024.56	4020.35	4023.87	462	0	16
2026.07.20	11:03:00	4023.86	4024.68	4022.84	4024.50	483	0	16
2026.07.20	11:04:00	4024.50	4025.49	4022.75	4023.39	540	0	8
2026.07.20	11:05:00	4023.33	4023.42	4020.69	4020.90	443	0	13
2026.07.20	11:06:00	4020.90	4021.39	4019.56	4019.59	487	0	18
2026.07.20	11:07:00	4019.61	4020.36	4019.01	4019.66	549	0	20
2026.07.20	11:08:00	4019.85	4020.10	4018.53	4019.13	428	0	10
2026.07.20	11:09:00	4019.14	4020.24	4019.04	4019.88	370	0	14
2026.07.20	11:10:00	4019.86	4020.05	4019.20	4019.84	397	0	11
2026.07.20	11:11:00	4019.79	4020.57	4019.55	4020.50	364	0	17
2026.07.20	11:12:00	4020.49	4021.70	4020.21	4021.39	435	0	18
2026.07.20	11:13:00	4021.39	4022.32	4020.41	4022.23	400	0	17
2026.07.20	11:14:00	4022.23	4024.66	4022.23	4023.93	363	0	15
2026.07.20	11:15:00	4023.93	4024.98	4023.54	4024.93	448	0	18
2026.07.20	11:16:00	4024.95	4027.44	4024.95	4027.42	468	0	16
2026.07.20	11:17:00	4027.42	4028.19	4024.99	4025.18	416	0	9
2026.07.20	11:18:00	4025.16	4026.29	4024.73	4026.14	432	0	10
2026.07.20	11:19:00	4026.16	4027.16	4025.05	4025.17	406	0	13
2026.07.20	11:20:00	4025.16	4025.29	4023.49	4023.86	562	0	8
2026.07.20	11:21:00	4023.85	4024.51	4023.78	4023.91	474	0	9
2026.07.20	11:22:00	4023.91	4025.15	4023.15	4023.22	489	0	16
2026.07.20	11:23:00	4023.25	4024.75	4023.05	4023.71	360	0	22
2026.07.20	11:24:00	4023.73	4030.62	4023.73	4029.17	474	0	8
2026.07.20	11:25:00	4029.17	4029.48	4026.34	4026.35	343	0	9
2026.07.20	11:26:00	4026.60	4026.78	4025.42	4025.50	348	0	9
2026.07.20	11:27:00	4025.50	4025.97	4023.66	4024.02	365	0	7
2026.07.20	11:28:00	4024.04	4024.12	4022.60	4022.94	321	0	10
2026.07.20	11:29:00	4022.93	4023.17	4021.73	4021.91	410	0	10
2026.07.20	11:30:00	4021.86	4022.12	4018.90	4019.69	569	0	9
2026.07.20	11:31:00	4019.69	4020.47	4019.08	4019.52	436	0	12
2026.07.20	11:32:00	4019.53	4021.20	4019.06	4020.84	429	0	9
2026.07.20	11:33:00	4020.73	4021.21	4020.32	4021.04	378	0	7
2026.07.20	11:34:00	4021.12	4021.95	4019.86	4021.78	359	0	8
2026.07.20	11:35:00	4021.78	4021.83	4020.02	4021.32	415	0	10
2026.07.20	11:36:00	4021.32	4022.91	4020.99	4022.72	444	0	8
2026.07.20	11:37:00	4022.74	4023.60	4022.13	4023.58	439	0	9
2026.07.20	11:38:00	4023.57	4024.43	4023.34	4024.03	275	0	18
2026.07.20	11:39:00	4024.03	4024.17	4023.00	4024.07	290	0	11
2026.07.20	11:40:00	4024.08	4024.30	4023.72	4024.17	285	0	9
2026.07.20	11:41:00	4024.17	4024.87	4023.86	4023.98	294	0	9
2026.07.20	11:42:00	4024.07	4024.31	4022.57	4022.81	343	0	18
2026.07.20	11:43:00	4022.86	4023.16	4021.90	4022.03	352	0	15
2026.07.20	11:44:00	4022.04	4022.34	4021.50	4021.80	387	0	20
2026.07.20	11:45:00	4021.95	4022.07	4020.44	4020.54	291	0	19
2026.07.20	11:46:00	4020.54	4021.90	4020.02	4021.71	294	0	17
2026.07.20	11:47:00	4021.60	4022.55	4021.38	4022.06	236	0	12
2026.07.20	11:48:00	4022.07	4022.28	4021.00	4022.09	241	0	9
2026.07.20	11:49:00	4022.09	4022.89	4021.71	4022.01	331	0	8
2026.07.20	11:50:00	4022.01	4022.36	4020.24	4020.29	448	0	9
2026.07.20	11:51:00	4020.26	4020.26	4018.72	4019.25	370	0	11
2026.07.20	11:52:00	4019.23	4019.38	4018.01	4018.18	307	0	19
2026.07.20	11:53:00	4018.17	4018.74	4017.50	4018.55	311	0	16
2026.07.20	11:54:00	4018.49	4019.13	4017.95	4018.87	339	0	19
2026.07.20	11:55:00	4018.87	4020.33	4018.87	4020.08	308	0	11
2026.07.20	11:56:00	4020.05	4020.48	4019.55	4019.77	243	0	15
2026.07.20	11:57:00	4019.78	4020.17	4018.52	4019.16	256	0	12
2026.07.20	11:58:00	4019.16	4019.64	4019.09	4019.37	210	0	14
2026.07.20	11:59:00	4019.36	4019.77	4018.68	4019.00	239	0	9
2026.07.20	12:00:00	4018.97	4020.25	4018.28	4020.11	452	0	17
2026.07.20	12:01:00	4020.10	4020.62	4019.55	4020.20	290	0	19
2026.07.20	12:02:00	4020.20	4020.39	4019.03	4019.19	344	0	12
2026.07.20	12:03:00	4019.17	4019.95	4018.66	4018.86	325	0	13
2026.07.20	12:04:00	4018.81	4018.99	4018.25	4018.49	300	0	11
2026.07.20	12:05:00	4018.49	4018.91	4016.68	4016.85	448	0	17
2026.07.20	12:06:00	4016.80	4017.01	4015.21	4016.15	436	0	13
2026.07.20	12:07:00	4016.13	4016.90	4016.01	4016.86	294	0	8
2026.07.20	12:08:00	4016.89	4019.71	4016.89	4019.24	295	0	20
2026.07.20	12:09:00	4019.20	4019.24	4017.80	4017.91	342	0	8
2026.07.20	12:10:00	4017.88	4019.35	4017.88	4018.79	334	0	12
2026.07.20	12:11:00	4018.77	4019.51	4018.69	4019.35	200	0	17
2026.07.20	12:12:00	4019.31	4020.24	4018.69	4020.24	225	0	10
2026.07.20	12:13:00	4020.24	4021.02	4020.13	4020.48	232	0	11
2026.07.20	12:14:00	4020.50	4020.89	4019.20	4019.42	321	0	13
2026.07.20	12:15:00	4019.33	4021.38	4019.33	4020.88	346	0	20
2026.07.20	12:16:00	4020.89	4021.24	4020.28	4021.17	208	0	14
2026.07.20	12:17:00	4021.18	4022.06	4021.18	4021.72	305	0	13
2026.07.20	12:18:00	4021.69	4022.07	4020.93	4021.01	355	0	19
2026.07.20	12:19:00	4020.98	4021.00	4019.59	4019.61	341	0	15
2026.07.20	12:20:00	4019.61	4020.01	4019.26	4019.71	232	0	20
2026.07.20	12:21:00	4019.71	4020.44	4019.35	4020.16	247	0	13
2026.07.20	12:22:00	4020.15	4020.15	4019.05	4019.74	220	0	12
2026.07.20	12:23:00	4019.75	4020.31	4019.38	4020.23	312	0	14
2026.07.20	12:24:00	4020.23	4020.82	4019.55	4019.87	309	0	13
2026.07.20	12:25:00	4019.84	4019.94	4018.58	4019.27	293	0	16
2026.07.20	12:26:00	4019.27	4019.75	4018.47	4018.89	260	0	8
2026.07.20	12:27:00	4018.90	4019.29	4016.22	4016.68	258	0	14
2026.07.20	12:28:00	4016.67	4017.37	4016.52	4017.25	218	0	22
2026.07.20	12:29:00	4017.25	4017.26	4015.55	4016.43	274	0	11
2026.07.20	12:30:00	4016.42	4017.24	4015.16	4015.65	416	0	8
2026.07.20	12:31:00	4015.67	4015.98	4014.72	4015.86	349	0	8
2026.07.20	12:32:00	4015.85	4016.33	4015.18	4016.21	330	0	8
2026.07.20	12:33:00	4016.31	4018.73	4016.19	4018.11	386	0	8
2026.07.20	12:34:00	4018.09	4018.30	4017.34	4018.30	283	0	11
2026.07.20	12:35:00	4018.30	4020.04	4018.16	4019.91	261	0	11
2026.07.20	12:36:00	4019.89	4020.52	4018.09	4018.52	274	0	8
2026.07.20	12:37:00	4018.52	4019.21	4018.45	4018.86	185	0	11
2026.07.20	12:38:00	4018.88	4019.34	4018.53	4018.90	283	0	19
2026.07.20	12:39:00	4018.90	4020.03	4018.71	4020.03	263	0	11
2026.07.20	12:40:00	4020.02	4020.06	4018.94	4019.92	301	0	18
2026.07.20	12:41:00	4019.90	4020.95	4019.90	4020.34	270	0	22
2026.07.20	12:42:00	4020.34	4020.81	4020.05	4020.64	286	0	21
2026.07.20	12:43:00	4020.62	4020.95	4019.23	4019.36	295	0	8
2026.07.20	12:44:00	4019.36	4019.78	4019.09	4019.19	295	0	22
2026.07.20	12:45:00	4019.18	4019.22	4018.05	4018.91	257	0	10
2026.07.20	12:46:00	4018.93	4019.07	4017.55	4018.29	362	0	11
2026.07.20	12:47:00	4018.29	4020.61	4018.07	4020.60	282	0	14
2026.07.20	12:48:00	4020.60	4021.39	4019.97	4020.71	325	0	19
2026.07.20	12:49:00	4020.82	4023.28	4020.78	4022.75	320	0	8
2026.07.20	12:50:00	4022.75	4022.93	4019.43	4019.63	255	0	8
2026.07.20	12:51:00	4019.63	4019.81	4018.93	4019.18	313	0	14
2026.07.20	12:52:00	4019.18	4021.40	4019.07	4021.12	347	0	8
2026.07.20	12:53:00	4021.13	4021.28	4020.19	4020.36	300	0	16
2026.07.20	12:54:00	4020.38	4021.37	4020.36	4020.44	204	0	15
2026.07.20	12:55:00	4020.44	4020.51	4018.81	4018.81	216	0	13
2026.07.20	12:56:00	4018.81	4020.17	4018.81	4019.76	283	0	16
2026.07.20	12:57:00	4019.74	4019.76	4019.34	4019.47	293	0	22
2026.07.20	12:58:00	4019.46	4020.58	4019.46	4020.37	283	0	10
2026.07.20	12:59:00	4020.37	4021.28	4020.16	4021.22	232	0	15
2026.07.20	13:00:00	4021.22	4021.38	4019.34	4019.37	336	0	16
2026.07.20	13:01:00	4019.37	4019.44	4018.19	4019.09	332	0	11
2026.07.20	13:02:00	4019.11	4019.63	4018.84	4019.19	259	0	12
2026.07.20	13:03:00	4019.18	4019.62	4018.89	4019.52	223	0	10
2026.07.20	13:04:00	4019.54	4021.19	4019.21	4020.34	392	0	10
2026.07.20	13:05:00	4020.34	4021.58	4020.22	4021.56	251	0	16
2026.07.20	13:06:00	4021.57	4021.61	4020.41	4020.43	276	0	12
2026.07.20	13:07:00	4020.44	4020.86	4019.79	4019.99	219	0	19
2026.07.20	13:08:00	4019.99	4020.33	4019.73	4020.02	199	0	18
2026.07.20	13:09:00	4020.04	4020.61	4020.03	4020.37	148	0	14
2026.07.20	13:10:00	4020.46	4021.15	4019.98	4020.97	228	0	15
2026.07.20	13:11:00	4021.02	4021.79	4020.59	4020.80	302	0	9
2026.07.20	13:12:00	4020.80	4020.80	4020.00	4020.60	290	0	13
2026.07.20	13:13:00	4020.63	4021.43	4020.56	4021.37	193	0	18
2026.07.20	13:14:00	4021.39	4021.42	4020.43	4020.76	177	0	17
2026.07.20	13:15:00	4020.76	4021.45	4019.63	4020.47	236	0	15
2026.07.20	13:16:00	4020.47	4021.38	4020.15	4020.95	149	0	12
2026.07.20	13:17:00	4020.87	4020.91	4018.71	4019.04	218	0	10
2026.07.20	13:18:00	4019.04	4019.64	4018.91	4019.45	180	0	20
2026.07.20	13:19:00	4019.46	4019.86	4019.08	4019.33	204	0	18
2026.07.20	13:20:00	4019.33	4022.35	4019.32	4022.33	231	0	16
2026.07.20	13:21:00	4022.32	4022.61	4021.80	4022.26	306	0	12
2026.07.20	13:22:00	4022.26	4022.68	4021.73	4022.35	295	0	14
2026.07.20	13:23:00	4022.35	4023.03	4021.96	4022.24	230	0	11
2026.07.20	13:24:00	4022.24	4022.69	4021.45	4021.47	298	0	13
2026.07.20	13:25:00	4021.46	4022.23	4021.04	4021.20	359	0	12
2026.07.20	13:26:00	4021.20	4023.31	4021.20	4022.88	333	0	17
2026.07.20	13:27:00	4022.88	4022.98	4022.35	4022.63	211	0	19
2026.07.20	13:28:00	4022.66	4023.22	4022.33	4023.22	143	0	12
2026.07.20	13:29:00	4023.22	4023.22	4021.85	4021.87	219	0	16
2026.07.20	13:30:00	4021.85	4023.11	4021.68	4022.27	347	0	8
2026.07.20	13:31:00	4022.29	4022.60	4021.42	4021.86	285	0	12
2026.07.20	13:32:00	4021.90	4022.47	4021.80	4021.95	257	0	16
2026.07.20	13:33:00	4021.95	4024.18	4021.71	4023.57	320	0	8
2026.07.20	13:34:00	4023.57	4023.95	4022.71	4022.77	167	0	9
2026.07.20	13:35:00	4022.80	4022.87	4021.99	4022.39	303	0	18
2026.07.20	13:36:00	4022.39	4022.61	4021.66	4022.17	263	0	17
2026.07.20	13:37:00	4022.14	4022.35	4021.54	4022.04	322	0	20
2026.07.20	13:38:00	4022.06	4022.30	4021.19	4021.63	266	0	20
2026.07.20	13:39:00	4021.63	4022.54	4021.55	4022.37	175	0	14
2026.07.20	13:40:00	4022.38	4022.41	4021.48	4022.01	276	0	17
2026.07.20	13:41:00	4021.97	4023.11	4021.83	4022.22	234	0	18
2026.07.20	13:42:00	4022.23	4022.64	4021.83	4022.48	184	0	10
2026.07.20	13:43:00	4022.48	4022.56	4021.92	4022.24	174	0	11
2026.07.20	13:44:00	4022.24	4022.67	4021.98	4022.09	245	0	18
2026.07.20	13:45:00	4022.23	4022.39	4021.76	4022.36	259	0	15
2026.07.20	13:46:00	4022.38	4022.81	4021.24	4021.49	265	0	18
2026.07.20	13:47:00	4021.49	4021.68	4021.13	4021.42	198	0	19
2026.07.20	13:48:00	4021.41	4021.88	4021.04	4021.76	255	0	16
2026.07.20	13:49:00	4021.76	4021.82	4021.00	4021.24	264	0	14
2026.07.20	13:50:00	4021.34	4022.75	4020.84	4022.73	297	0	13
2026.07.20	13:51:00	4022.72	4023.79	4022.62	4023.73	271	0	20
2026.07.20	13:52:00	4023.60	4023.90	4022.74	4023.06	250	0	15
2026.07.20	13:53:00	4023.04	4024.60	4022.99	4024.53	289	0	14
2026.07.20	13:54:00	4024.53	4025.65	4024.48	4024.62	268	0	15
2026.07.20	13:55:00	4024.67	4025.00	4023.06	4023.57	261	0	16
2026.07.20	13:56:00	4023.57	4023.83	4022.48	4022.67	202	0	21
2026.07.20	13:57:00	4022.71	4024.87	4022.71	4024.72	238	0	10
2026.07.20	13:58:00	4024.72	4024.82	4022.84	4023.30	321	0	8
2026.07.20	13:59:00	4023.30	4024.45	4023.26	4024.16	218	0	9
2026.07.20	14:00:00	4024.16	4026.03	4023.49	4025.38	566	0	10
2026.07.20	14:01:00	4025.36	4027.31	4024.91	4026.03	548	0	11
2026.07.20	14:02:00	4026.03	4026.23	4023.98	4023.98	370	0	10
2026.07.20	14:03:00	4023.98	4024.19	4022.87	4023.87	336	0	9
2026.07.20	14:04:00	4023.90	4025.07	4023.01	4024.38	392	0	8
2026.07.20	14:05:00	4024.39	4025.35	4023.76	4024.32	327	0	8
2026.07.20	14:06:00	4024.32	4024.66	4023.00	4023.11	360	0	12
2026.07.20	14:07:00	4023.11	4023.88	4022.75	4022.89	320	0	15
2026.07.20	14:08:00	4022.84	4023.93	4022.53	4023.65	290	0	8
2026.07.20	14:09:00	4023.68	4024.09	4022.53	4022.73	314	0	15
2026.07.20	14:10:00	4022.72	4022.88	4022.12	4022.32	307	0	14
2026.07.20	14:11:00	4022.32	4022.41	4021.10	4021.45	446	0	9
2026.07.20	14:12:00	4021.45	4021.52	4019.71	4020.65	416	0	8
2026.07.20	14:13:00	4020.65	4021.82	4020.21	4021.57	383	0	11
2026.07.20	14:14:00	4021.55	4022.33	4021.21	4022.00	247	0	10
2026.07.20	14:15:00	4022.22	4023.93	4022.08	4022.62	303	0	8
2026.07.20	14:16:00	4022.62	4023.02	4022.41	4022.52	274	0	15
2026.07.20	14:17:00	4022.54	4022.77	4021.72	4021.97	242	0	18
2026.07.20	14:18:00	4021.92	4022.65	4021.54	4021.78	242	0	16
2026.07.20	14:19:00	4021.86	4023.25	4021.60	4023.25	377	0	10
2026.07.20	14:20:00	4023.18	4023.18	4021.90	4021.93	254	0	11
2026.07.20	14:21:00	4021.93	4021.99	4021.38	4021.41	241	0	17
2026.07.20	14:22:00	4021.42	4021.70	4021.11	4021.69	210	0	19
2026.07.20	14:23:00	4021.69	4022.16	4021.34	4021.36	291	0	12
2026.07.20	14:24:00	4021.45	4021.86	4021.37	4021.60	225	0	19
2026.07.20	14:25:00	4021.53	4021.59	4020.16	4021.00	332	0	14
2026.07.20	14:26:00	4021.00	4021.32	4019.95	4020.40	388	0	8
2026.07.20	14:27:00	4020.44	4023.68	4020.17	4023.31	290	0	8
2026.07.20	14:28:00	4023.30	4023.35	4021.75	4022.20	246	0	10
2026.07.20	14:29:00	4022.20	4022.68	4022.04	4022.21	285	0	18
2026.07.20	14:30:00	4022.21	4037.10	4021.46	4029.86	925	0	7
2026.07.20	14:31:00	4029.83	4035.24	4027.44	4031.13	894	0	7
2026.07.20	14:32:00	4031.29	4036.60	4029.49	4034.26	878	0	7
2026.07.20	14:33:00	4034.26	4035.60	4031.98	4034.46	784	0	8
2026.07.20	14:34:00	4034.46	4040.66	4033.74	4036.83	876	0	8
2026.07.20	14:35:00	4036.82	4037.62	4031.26	4032.09	760	0	8
2026.07.20	14:36:00	4032.09	4032.84	4030.25	4030.65	732	0	15
2026.07.20	14:37:00	4030.67	4032.06	4029.27	4031.46	641	0	21
2026.07.20	14:38:00	4031.39	4031.95	4029.40	4031.71	670	0	9
2026.07.20	14:39:00	4031.72	4034.27	4031.26	4032.46	589	0	12
2026.07.20	14:40:00	4032.46	4033.31	4031.94	4032.25	496	0	8
2026.07.20	14:41:00	4032.25	4033.32	4030.67	4032.36	509	0	13
2026.07.20	14:42:00	4032.36	4032.39	4029.22	4030.00	658	0	8
2026.07.20	14:43:00	4030.04	4031.08	4029.49	4029.87	584	0	8
2026.07.20	14:44:00	4029.87	4032.51	4029.79	4032.47	435	0	9
2026.07.20	14:45:00	4032.48	4032.48	4029.50	4029.67	500	0	12
2026.07.20	14:46:00	4029.70	4030.24	4028.27	4028.83	575	0	8
2026.07.20	14:47:00	4028.79	4030.07	4027.97	4028.93	487	0	10
2026.07.20	14:48:00	4028.91	4029.19	4027.22	4027.61	497	0	8
2026.07.20	14:49:00	4027.68	4028.38	4026.56	4027.62	419	0	9
2026.07.20	14:50:00	4027.70	4027.70	4025.64	4025.98	530	0	10
2026.07.20	14:51:00	4025.98	4028.36	4025.39	4027.98	529	0	8
2026.07.20	14:52:00	4027.98	4028.51	4027.00	4027.34	481	0	15
2026.07.20	14:53:00	4027.32	4027.77	4026.42	4027.52	511	0	8
2026.07.20	14:54:00	4027.52	4028.11	4027.00	4027.84	385	0	12
2026.07.20	14:55:00	4027.85	4028.69	4026.26	4027.38	531	0	7
2026.07.20	14:56:00	4027.41	4027.65	4026.83	4027.03	264	0	11
2026.07.20	14:57:00	4027.03	4027.88	4026.86	4026.97	353	0	13
2026.07.20	14:58:00	4026.95	4027.39	4026.71	4027.35	388	0	13
2026.07.20	14:59:00	4027.17	4027.22	4024.91	4025.23	426	0	21
2026.07.20	15:00:00	4025.23	4025.23	4018.29	4019.06	798	0	8
2026.07.20	15:01:00	4019.09	4021.11	4019.09	4019.74	533	0	7
2026.07.20	15:02:00	4019.73	4020.82	4012.35	4015.02	839	0	8
2026.07.20	15:03:00	4015.02	4016.54	4012.18	4014.13	806	0	7
2026.07.20	15:04:00	4014.20	4016.61	4012.71	4014.28	617	0	8
2026.07.20	15:05:00	4014.28	4016.97	4014.09	4016.61	527	0	8
2026.07.20	15:06:00	4016.61	4017.43	4015.64	4015.66	365	0	13
2026.07.20	15:07:00	4015.66	4015.70	4013.35	4014.95	409	0	19
2026.07.20	15:08:00	4014.87	4015.16	4012.69	4014.82	357	0	20
2026.07.20	15:09:00	4014.72	4016.41	4014.63	4015.94	361	0	36
2026.07.20	15:10:00	4015.94	4016.84	4014.16	4015.75	386	0	8
2026.07.20	15:11:00	4015.80	4016.45	4013.49	4015.58	264	0	16
2026.07.20	15:12:00	4015.87	4015.87	4014.20	4015.19	261	0	16
2026.07.20	15:13:00	4015.20	4015.36	4011.40	4012.66	349	0	8
2026.07.20	15:14:00	4012.66	4013.05	4011.35	4012.67	338	0	12
2026.07.20	15:15:00	4012.67	4014.07	4009.96	4011.07	550	0	8
2026.07.20	15:16:00	4011.07	4013.00	4010.23	4011.98	505	0	8
2026.07.20	15:17:00	4011.98	4013.06	4011.79	4012.01	361	0	8
2026.07.20	15:18:00	4011.96	4014.88	4011.96	4014.16	395	0	8
2026.07.20	15:19:00	4014.19	4014.67	4012.73	4013.68	496	0	9
2026.07.20	15:20:00	4013.68	4013.68	4009.72	4011.98	458	0	8
2026.07.20	15:21:00	4011.98	4012.05	4008.97	4008.97	489	0	8
2026.07.20	15:22:00	4008.99	4009.78	4008.08	4009.19	601	0	8
2026.07.20	15:23:00	4009.20	4009.97	4007.60	4009.14	466	0	8
2026.07.20	15:24:00	4009.14	4010.30	4006.76	4007.82	518	0	9
2026.07.20	15:25:00	4007.82	4009.23	4006.96	4008.99	521	0	8
2026.07.20	15:26:00	4008.98	4011.60	4008.25	4011.12	449	0	12
2026.07.20	15:27:00	4010.97	4013.25	4010.10	4011.51	298	0	11
2026.07.20	15:28:00	4011.52	4012.25	4010.86	4011.75	341	0	20
2026.07.20	15:29:00	4011.75	4012.90	4011.32	4012.85	304	0	20
2026.07.20	15:30:00	4012.87	4013.80	4012.05	4013.63	489	0	10
2026.07.20	15:31:00	4013.61	4014.05	4012.12	4012.57	450	0	16
2026.07.20	15:32:00	4012.57	4013.74	4011.07	4013.60	409	0	9
2026.07.20	15:33:00	4013.58	4013.58	4012.20	4013.15	501	0	14
2026.07.20	15:34:00	4013.11	4013.45	4012.09	4012.71	520	0	8
2026.07.20	15:35:00	4012.71	4014.75	4012.23	4014.48	587	0	20
2026.07.20	15:36:00	4014.51	4014.51	4011.80	4012.41	476	0	8
2026.07.20	15:37:00	4012.36	4013.21	4012.16	4013.09	436	0	19
2026.07.20	15:38:00	4013.13	4013.72	4012.14	4012.42	287	0	20
2026.07.20	15:39:00	4012.46	4013.12	4011.78	4011.84	341	0	8
2026.07.20	15:40:00	4011.84	4011.84	4009.87	4010.16	470	0	12
2026.07.20	15:41:00	4010.14	4011.50	4009.36	4010.83	430	0	8
2026.07.20	15:42:00	4010.83	4011.01	4007.01	4008.11	523	0	8
2026.07.20	15:43:00	4008.13	4008.60	4006.45	4008.57	455	0	8
2026.07.20	15:44:00	4008.57	4010.13	4006.49	4009.93	553	0	9
2026.07.20	15:45:00	4009.90	4012.43	4008.85	4012.14	573	0	8
2026.07.20	15:46:00	4012.12	4014.14	4011.59	4013.43	477	0	9
2026.07.20	15:47:00	4013.52	4015.16	4013.11	4014.74	592	0	7
2026.07.20	15:48:00	4014.80	4015.71	4013.83	4014.48	569	0	8
2026.07.20	15:49:00	4014.35	4014.53	4011.72	4011.92	477	0	9
2026.07.20	15:50:00	4011.91	4011.91	4009.86	4010.69	472	0	16
2026.07.20	15:51:00	4010.69	4011.27	4010.05	4010.30	342	0	18
2026.07.20	15:52:00	4010.30	4011.47	4009.85	4009.91	334	0	8
2026.07.20	15:53:00	4009.91	4010.61	4009.56	4010.34	428	0	14
2026.07.20	15:54:00	4010.25	4012.10	4008.99	4009.30	566	0	9
2026.07.20	15:55:00	4009.30	4010.47	4009.02	4009.65	522	0	9
2026.07.20	15:56:00	4009.63	4009.83	4008.21	4009.09	538	0	11
2026.07.20	15:57:00	4009.08	4009.85	4008.89	4009.49	402	0	9
2026.07.20	15:58:00	4009.48	4010.12	4008.28	4008.65	444	0	8
2026.07.20	15:59:00	4008.65	4009.05	4007.88	4007.97	455	0	8
2026.07.20	16:00:00	4007.96	4012.25	4007.90	4011.73	810	0	8
2026.07.20	16:01:00	4011.72	4011.84	4010.00	4010.65	683	0	9
2026.07.20	16:02:00	4010.73	4013.83	4010.73	4011.35	637	0	8
2026.07.20	16:03:00	4011.40	4012.00	4010.60	4011.50	732	0	8
2026.07.20	16:04:00	4011.51	4012.97	4010.80	4012.52	620	0	8
2026.07.20	16:05:00	4012.52	4012.93	4011.31	4011.65	593	0	17
2026.07.20	16:06:00	4011.66	4012.12	4009.28	4009.81	620	0	7
2026.07.20	16:07:00	4009.79	4010.02	4008.51	4009.83	486	0	13
2026.07.20	16:08:00	4009.84	4010.46	4009.18	4009.53	519	0	12
2026.07.20	16:09:00	4009.49	4009.95	4008.30	4008.52	566	0	17
2026.07.20	16:10:00	4008.50	4009.35	4007.76	4008.17	538	0	13
2026.07.20	16:11:00	4008.26	4009.80	4007.94	4009.11	581	0	12
2026.07.20	16:12:00	4009.11	4010.64	4007.92	4010.20	553	0	16
2026.07.20	16:13:00	4010.20	4011.11	4008.86	4008.86	502	0	17
2026.07.20	16:14:00	4008.82	4009.24	4008.39	4008.73	462	0	19
2026.07.20	16:15:00	4008.66	4009.29	4006.86	4008.78	462	0	7
2026.07.20	16:16:00	4008.81	4011.73	4008.31	4011.34	339	0	8
2026.07.20	16:17:00	4011.35	4011.75	4009.06	4009.38	465	0	13
2026.07.20	16:18:00	4009.32	4009.62	4007.54	4008.90	371	0	12
2026.07.20	16:19:00	4008.92	4010.23	4008.89	4010.06	332	0	13
2026.07.20	16:20:00	4010.09	4012.61	4009.86	4012.12	362	0	8
2026.07.20	16:21:00	4012.12	4012.38	4010.39	4010.61	309	0	11
2026.07.20	16:22:00	4010.61	4011.48	4010.42	4010.56	406	0	13
2026.07.20	16:23:00	4010.59	4011.10	4009.12	4010.86	453	0	9
2026.07.20	16:24:00	4010.94	4012.36	4010.86	4011.95	555	0	13
2026.07.20	16:25:00	4011.84	4012.49	4011.12	4011.83	536	0	10
2026.07.20	16:26:00	4011.82	4012.00	4009.57	4009.97	549	0	8
2026.07.20	16:27:00	4009.97	4011.15	4009.54	4010.06	536	0	11
2026.07.20	16:28:00	4010.07	4010.82	4009.64	4010.02	607	0	12
2026.07.20	16:29:00	4010.02	4010.43	4007.72	4008.47	696	0	12
2026.07.20	16:30:00	4008.56	4010.96	4008.03	4010.88	857	0	10
2026.07.20	16:31:00	4010.88	4013.54	4010.49	4013.29	806	0	13
2026.07.20	16:32:00	4013.31	4014.91	4012.65	4013.36	637	0	10
2026.07.20	16:33:00	4013.36	4014.42	4012.56	4013.56	714	0	12
2026.07.20	16:34:00	4013.38	4015.55	4013.08	4013.75	682	0	14
2026.07.20	16:35:00	4013.63	4014.18	4008.42	4010.75	606	0	7
2026.07.20	16:36:00	4010.72	4012.40	4009.89	4010.39	555	0	7
2026.07.20	16:37:00	4010.32	4011.58	4009.63	4011.43	618	0	8
2026.07.20	16:38:00	4011.43	4013.69	4011.42	4012.52	709	0	20
2026.07.20	16:39:00	4012.45	4014.31	4012.30	4014.16	645	0	12
2026.07.20	16:40:00	4014.19	4016.73	4013.51	4016.12	700	0	8
2026.07.20	16:41:00	4016.00	4017.32	4014.42	4015.21	654	0	18
2026.07.20	16:42:00	4015.09	4015.58	4012.88	4014.89	659	0	7
2026.07.20	16:43:00	4014.85	4015.25	4013.09	4013.09	667	0	10
2026.07.20	16:44:00	4013.02	4013.64	4012.31	4013.00	688	0	9
2026.07.20	16:45:00	4013.00	4013.38	4010.61	4010.61	778	0	8
2026.07.20	16:46:00	4010.61	4011.91	4010.05	4011.43	605	0	7
2026.07.20	16:47:00	4011.43	4011.83	4010.19	4011.08	678	0	10
2026.07.20	16:48:00	4011.07	4011.60	4009.22	4009.78	711	0	17
2026.07.20	16:49:00	4009.78	4012.17	4009.48	4010.85	656	0	13
2026.07.20	16:50:00	4010.85	4013.30	4008.15	4009.39	716	0	8
2026.07.20	16:51:00	4009.38	4011.12	4009.05	4011.02	613	0	13
2026.07.20	16:52:00	4010.97	4011.15	4009.41	4010.40	686	0	8
2026.07.20	16:53:00	4010.36	4010.60	4007.11	4008.50	686	0	8
2026.07.20	16:54:00	4008.40	4010.79	4008.28	4010.05	592	0	13
2026.07.20	16:55:00	4010.03	4011.92	4009.41	4009.52	696	0	10
2026.07.20	16:56:00	4009.46	4010.33	4008.46	4009.85	685	0	7
2026.07.20	16:57:00	4009.74	4010.19	4008.96	4010.01	441	0	7
2026.07.20	16:58:00	4010.03	4010.04	4005.70	4006.49	536	0	8
2026.07.20	16:59:00	4006.49	4007.59	4005.60	4005.67	502	0	14
2026.07.20	17:00:00	4005.71	4007.74	4003.16	4004.83	690	0	10
2026.07.20	17:01:00	4004.80	4006.34	4003.27	4005.97	613	0	7
2026.07.20	17:02:00	4005.93	4005.96	4001.11	4002.99	753	0	10
2026.07.20	17:03:00	4002.97	4005.88	4002.86	4003.50	714	0	14
2026.07.20	17:04:00	4003.52	4004.88	4003.42	4003.89	623	0	11
2026.07.20	17:05:00	4003.91	4005.60	4003.42	4003.90	567	0	7
2026.07.20	17:06:00	4003.89	4005.14	4002.42	4004.56	667	0	7
2026.07.20	17:07:00	4004.56	4005.72	4002.90	4004.53	674	0	19
2026.07.20	17:08:00	4004.55	4004.62	4003.16	4003.31	690	0	10
2026.07.20	17:09:00	4003.47	4003.68	4000.58	4000.85	692	0	9
2026.07.20	17:10:00	4000.85	4001.37	3998.41	4001.11	712	0	10
2026.07.20	17:11:00	4001.05	4001.32	3999.34	3999.42	624	0	9
2026.07.20	17:12:00	3999.44	4001.30	3999.19	4000.58	684	0	15
2026.07.20	17:13:00	4000.56	4002.05	4000.28	4000.91	721	0	9
2026.07.20	17:14:00	4000.91	4001.22	3998.25	3998.72	687	0	7
2026.07.20	17:15:00	3998.80	4001.60	3998.33	4000.73	700	0	16
2026.07.20	17:16:00	4000.73	4000.97	3999.27	3999.72	679	0	10
2026.07.20	17:17:00	3999.83	4001.76	3999.83	4001.63	640	0	9
2026.07.20	17:18:00	4001.63	4001.99	4000.66	4001.46	614	0	10
2026.07.20	17:19:00	4001.47	4003.05	4000.77	4002.14	714	0	9
2026.07.20	17:20:00	4002.20	4002.21	3998.71	3999.01	690	0	8
2026.07.20	17:21:00	3999.05	3999.85	3998.21	3999.72	736	0	7
2026.07.20	17:22:00	3999.70	4001.20	3999.13	4001.05	677	0	10
2026.07.20	17:23:00	4001.05	4002.56	4000.23	4002.41	610	0	10
2026.07.20	17:24:00	4002.41	4002.95	4002.18	4002.73	640	0	10
2026.07.20	17:25:00	4002.73	4004.61	4002.45	4004.45	640	0	12
2026.07.20	17:26:00	4004.45	4006.06	4003.54	4006.02	634	0	14
2026.07.20	17:27:00	4006.04	4006.24	4004.54	4004.83	623	0	10
2026.07.20	17:28:00	4004.91	4005.74	4004.54	4005.50	599	0	17
2026.07.20	17:29:00	4005.51	4006.76	4005.29	4006.74	544	0	10
2026.07.20	17:30:00	4006.75	4008.06	4005.99	4007.14	706	0	13
2026.07.20	17:31:00	4007.14	4008.24	4006.37	4007.59	491	0	17
2026.07.20	17:32:00	4007.59	4007.88	4006.63	4007.35	661	0	16
2026.07.20	17:33:00	4007.34	4008.52	4007.14	4008.08	610	0	7
2026.07.20	17:34:00	4008.09	4009.76	4008.04	4009.62	694	0	13
2026.07.20	17:35:00	4009.65	4009.67	4007.80	4008.84	500	0	7
2026.07.20	17:36:00	4008.84	4009.63	4007.40	4007.59	543	0	13
2026.07.20	17:37:00	4007.61	4009.12	4007.01	4009.06	516	0	9
2026.07.20	17:38:00	4009.01	4010.02	4008.17	4008.83	544	0	8
2026.07.20	17:39:00	4008.83	4010.43	4008.75	4009.79	451	0	8
2026.07.20	17:40:00	4009.79	4010.86	4009.15	4009.77	500	0	8
2026.07.20	17:41:00	4009.77	4010.06	4008.56	4009.40	522	0	14
2026.07.20	17:42:00	4009.39	4009.66	4008.64	4008.91	476	0	11
2026.07.20	17:43:00	4008.91	4009.81	4007.06	4007.28	535	0	16
2026.07.20	17:44:00	4007.31	4008.00	4006.99	4007.33	527	0	17
2026.07.20	17:45:00	4007.36	4010.29	4006.76	4009.93	579	0	14
2026.07.20	17:46:00	4009.95	4012.44	4009.58	4012.40	666	0	8
2026.07.20	17:47:00	4012.40	4013.04	4011.45	4011.66	603	0	11
2026.07.20	17:48:00	4011.66	4012.34	4010.77	4011.45	599	0	15
2026.07.20	17:49:00	4011.45	4013.63	4010.90	4012.86	637	0	8
2026.07.20	17:50:00	4012.84	4013.20	4011.54	4012.33	581	0	14
2026.07.20	17:51:00	4012.33	4012.76	4010.43	4010.76	516	0	8
2026.07.20	17:52:00	4010.91	4011.29	4009.16	4009.63	523	0	9
2026.07.20	17:53:00	4009.65	4010.68	4009.49	4010.52	491	0	18
2026.07.20	17:54:00	4010.52	4010.56	4008.03	4008.10	509	0	11
2026.07.20	17:55:00	4008.10	4008.15	4006.83	4007.58	640	0	11
2026.07.20	17:56:00	4007.58	4007.94	4006.45	4006.65	638	0	12
2026.07.20	17:57:00	4006.66	4007.77	4005.25	4007.65	691	0	11
2026.07.20	17:58:00	4007.60	4008.11	4005.42	4005.56	716	0	9
2026.07.20	17:59:00	4005.58	4006.54	4005.10	4006.15	535	0	14
2026.07.20	18:00:00	4006.29	4007.63	4004.39	4006.86	781	0	10
2026.07.20	18:01:00	4006.98	4009.63	4005.78	4009.61	805	0	12
2026.07.20	18:02:00	4009.61	4010.39	4009.09	4010.24	746	0	15
2026.07.20	18:03:00	4010.24	4010.84	4009.00	4009.47	579	0	15
2026.07.20	18:04:00	4009.48	4010.35	4008.36	4009.34	643	0	12
2026.07.20	18:05:00	4009.34	4010.06	4006.77	4007.23	717	0	20
2026.07.20	18:06:00	4007.23	4008.79	4007.03	4008.75	623	0	21
2026.07.20	18:07:00	4008.74	4009.38	4008.29	4009.19	589	0	20
2026.07.20	18:08:00	4009.20	4014.00	4008.85	4012.90	606	0	8
2026.07.20	18:09:00	4012.89	4019.34	4012.23	4019.29	764	0	8
2026.07.20	18:10:00	4019.29	4019.30	4015.18	4015.32	661	0	9
2026.07.20	18:11:00	4015.33	4015.84	4013.09	4013.50	617	0	9
2026.07.20	18:12:00	4013.51	4014.22	4012.30	4013.43	574	0	7
2026.07.20	18:13:00	4013.43	4016.00	4012.61	4015.28	674	0	8
2026.07.20	18:14:00	4015.25	4015.32	4012.92	4014.11	634	0	21
2026.07.20	18:15:00	4014.10	4015.46	4012.49	4013.72	635	0	9
2026.07.20	18:16:00	4013.77	4014.39	4012.89	4013.76	561	0	14
2026.07.20	18:17:00	4013.78	4014.10	4011.24	4012.31	592	0	9
2026.07.20	18:18:00	4012.31	4013.13	4011.90	4012.32	549	0	9
2026.07.20	18:19:00	4012.15	4012.96	4011.72	4012.32	485	0	8
2026.07.20	18:20:00	4012.31	4012.36	4010.97	4011.36	571	0	8
2026.07.20	18:21:00	4011.36	4012.64	4011.13	4012.60	470	0	8
2026.07.20	18:22:00	4012.60	4013.64	4012.60	4013.57	512	0	8
2026.07.20	18:23:00	4013.55	4014.82	4013.07	4013.45	497	0	8
2026.07.20	18:24:00	4013.48	4015.01	4013.03	4015.01	506	0	12
2026.07.20	18:25:00	4015.14	4016.06	4014.93	4015.89	511	0	12
2026.07.20	18:26:00	4015.89	4016.05	4014.70	4015.39	566	0	8
2026.07.20	18:27:00	4015.38	4016.07	4015.20	4015.70	435	0	10
2026.07.20	18:28:00	4015.71	4016.43	4015.19	4015.36	452	0	13
2026.07.20	18:29:00	4015.36	4016.61	4015.11	4016.40	413	0	9
2026.07.20	18:30:00	4016.43	4016.76	4015.15	4015.65	614	0	10
2026.07.20	18:31:00	4015.64	4016.17	4014.69	4014.96	449	0	17
2026.07.20	18:32:00	4015.01	4016.08	4014.57	4014.79	476	0	14
2026.07.20	18:33:00	4014.85	4015.12	4013.36	4013.86	515	0	13
2026.07.20	18:34:00	4013.85	4013.85	4012.56	4013.25	580	0	8
2026.07.20	18:35:00	4013.11	4013.76	4012.26	4013.40	575	0	11
2026.07.20	18:36:00	4013.34	4014.02	4012.56	4013.51	499	0	13
2026.07.20	18:37:00	4013.50	4014.47	4011.64	4011.73	555	0	14
2026.07.20	18:38:00	4011.73	4012.16	4010.56	4011.41	595	0	7
2026.07.20	18:39:00	4011.39	4011.61	4010.22	4011.26	538	0	14
2026.07.20	18:40:00	4011.02	4011.41	4010.31	4010.34	468	0	13
2026.07.20	18:41:00	4010.31	4011.97	4010.31	4010.76	538	0	12
2026.07.20	18:42:00	4010.70	4011.23	4010.31	4011.08	541	0	16
2026.07.20	18:43:00	4011.12	4012.19	4010.71	4011.28	497	0	20
2026.07.20	18:44:00	4011.27	4012.98	4011.09	4012.93	400	0	18
2026.07.20	18:45:00	4012.93	4013.01	4011.96	4012.45	442	0	20
2026.07.20	18:46:00	4012.46	4015.12	4012.35	4014.68	435	0	13
2026.07.20	18:47:00	4014.68	4015.12	4013.67	4013.90	470	0	18
2026.07.20	18:48:00	4013.90	4013.94	4013.05	4013.33	444	0	9
2026.07.20	18:49:00	4013.34	4015.13	4013.07	4014.71	426	0	11
2026.07.20	18:50:00	4014.71	4015.79	4014.64	4014.85	479	0	11
2026.07.20	18:51:00	4014.91	4016.43	4014.85	4015.65	485	0	8
2026.07.20	18:52:00	4015.63	4015.70	4014.66	4015.03	376	0	10
2026.07.20	18:53:00	4015.03	4015.55	4014.62	4015.36	422	0	14
2026.07.20	18:54:00	4015.39	4015.77	4014.18	4014.34	498	0	20
2026.07.20	18:55:00	4014.34	4015.07	4014.18	4014.87	384	0	20
2026.07.20	18:56:00	4014.87	4015.10	4014.43	4014.85	369	0	19
2026.07.20	18:57:00	4014.83	4015.08	4012.77	4012.90	459	0	13
2026.07.20	18:58:00	4012.84	4013.85	4012.79	4013.13	331	0	12
2026.07.20	18:59:00	4013.13	4013.56	4011.76	4011.83	390	0	12
2026.07.20	19:00:00	4011.83	4012.59	4011.19	4012.14	507	0	8
2026.07.20	19:01:00	4012.17	4013.71	4011.67	4013.14	518	0	8
2026.07.20	19:02:00	4013.11	4014.46	4012.40	4014.46	531	0	13
2026.07.20	19:03:00	4014.46	4015.95	4014.20	4015.27	431	0	17
2026.07.20	19:04:00	4015.27	4015.57	4014.99	4015.48	317	0	17
2026.07.20	19:05:00	4015.47	4017.00	4015.07	4016.43	399	0	18
2026.07.20	19:06:00	4016.60	4017.96	4016.11	4017.93	444	0	18
2026.07.20	19:07:00	4017.78	4018.37	4017.38	4017.96	460	0	16
2026.07.20	19:08:00	4017.98	4018.10	4016.19	4017.05	406	0	18
2026.07.20	19:09:00	4016.97	4017.54	4016.77	4017.40	293	0	17
2026.07.20	19:10:00	4017.40	4018.28	4017.04	4017.33	372	0	18
2026.07.20	19:11:00	4017.33	4017.40	4015.64	4016.04	389	0	18
2026.07.20	19:12:00	4016.06	4016.20	4014.92	4015.36	299	0	18
2026.07.20	19:13:00	4015.41	4015.95	4013.46	4013.52	324	0	10
2026.07.20	19:14:00	4013.42	4013.73	4012.60	4013.60	368	0	17
2026.07.20	19:15:00	4013.60	4013.86	4012.09	4012.09	369	0	18
2026.07.20	19:16:00	4012.09	4013.73	4012.09	4012.97	415	0	18
2026.07.20	19:17:00	4013.02	4014.37	4012.79	4014.35	416	0	18
2026.07.20	19:18:00	4014.34	4014.38	4013.22	4013.27	386	0	18
2026.07.20	19:19:00	4013.29	4013.34	4011.94	4012.26	382	0	19
2026.07.20	19:20:00	4012.23	4012.62	4011.87	4012.25	288	0	18
2026.07.20	19:21:00	4012.28	4012.73	4011.86	4012.61	345	0	19
2026.07.20	19:22:00	4012.61	4012.61	4011.58	4011.66	282	0	20
2026.07.20	19:23:00	4011.77	4012.28	4011.64	4012.08	306	0	20
2026.07.20	19:24:00	4012.08	4012.08	4011.65	4012.06	288	0	18
2026.07.20	19:25:00	4012.05	4012.40	4010.68	4012.35	452	0	19
2026.07.20	19:26:00	4012.35	4012.75	4011.96	4012.25	344	0	20
2026.07.20	19:27:00	4012.26	4013.40	4011.90	4012.39	497	0	19
2026.07.20	19:28:00	4012.43	4012.61	4011.95	4012.13	307	0	16
2026.07.20	19:29:00	4012.12	4012.78	4011.90	4012.49	357	0	18
2026.07.20	19:30:00	4012.52	4012.72	4009.84	4010.31	506	0	19
2026.07.20	19:31:00	4010.33	4011.73	4009.96	4011.25	496	0	19
2026.07.20	19:32:00	4011.11	4011.88	4010.64	4011.87	484	0	16
2026.07.20	19:33:00	4011.87	4011.87	4010.10	4010.42	438	0	12
2026.07.20	19:34:00	4010.41	4010.51	4009.32	4009.43	451	0	20
2026.07.20	19:35:00	4009.42	4011.17	4009.27	4010.06	516	0	19
2026.07.20	19:36:00	4010.05	4010.44	4009.81	4010.24	421	0	19
2026.07.20	19:37:00	4010.24	4011.44	4010.03	4011.25	412	0	18
2026.07.20	19:38:00	4011.25	4011.66	4010.97	4011.30	343	0	17
2026.07.20	19:39:00	4011.30	4012.10	4011.18	4012.00	321	0	17
2026.07.20	19:40:00	4012.02	4012.40	4011.70	4012.33	311	0	16
2026.07.20	19:41:00	4012.34	4012.34	4001.38	4005.35	706	0	7
2026.07.20	19:42:00	4005.42	4009.06	4004.95	4008.66	772	0	14
2026.07.20	19:43:00	4008.66	4009.61	4007.42	4008.54	505	0	14
2026.07.20	19:44:00	4008.64	4009.76	4008.07	4009.57	404	0	10
2026.07.20	19:45:00	4009.58	4009.84	4007.02	4008.22	519	0	10
2026.07.20	19:46:00	4008.24	4010.40	4007.91	4010.35	432	0	8
2026.07.20	19:47:00	4010.37	4010.37	4008.52	4008.69	493	0	18
2026.07.20	19:48:00	4008.73	4009.87	4008.31	4009.22	325	0	22
2026.07.20	19:49:00	4009.21	4009.52	4008.61	4008.78	334	0	22
2026.07.20	19:50:00	4008.71	4008.87	4006.96	4008.19	434	0	8
2026.07.20	19:51:00	4008.19	4008.99	4007.57	4007.80	472	0	17
2026.07.20	19:52:00	4007.80	4009.00	4007.66	4008.36	324	0	8
2026.07.20	19:53:00	4008.48	4008.71	4007.98	4008.65	241	0	14
2026.07.20	19:54:00	4008.65	4009.00	4007.98	4008.20	302	0	9
2026.07.20	19:55:00	4008.20	4008.95	4007.78	4008.93	446	0	16
2026.07.20	19:56:00	4008.92	4008.92	4007.92	4007.96	236	0	9
2026.07.20	19:57:00	4007.96	4009.49	4007.96	4009.42	296	0	16
2026.07.20	19:58:00	4009.44	4010.52	4007.94	4009.13	314	0	11
2026.07.20	19:59:00	4009.13	4010.40	4009.03	4009.79	284	0	21
2026.07.20	20:00:00	4009.79	4012.04	4009.74	4011.83	437	0	22
2026.07.20	20:01:00	4011.83	4011.89	4010.52	4011.08	397	0	21
2026.07.20	20:02:00	4011.08	4011.67	4010.11	4011.67	336	0	7
2026.07.20	20:03:00	4011.72	4012.37	4011.68	4011.68	353	0	15
2026.07.20	20:04:00	4011.66	4011.75	4010.89	4011.16	303	0	17
2026.07.20	20:05:00	4011.04	4011.15	4010.03	4010.93	273	0	18
2026.07.20	20:06:00	4010.98	4011.74	4010.76	4011.04	317	0	19
2026.07.20	20:07:00	4011.06	4011.44	4010.38	4010.70	252	0	20
2026.07.20	20:08:00	4010.68	4011.03	4010.29	4011.01	234	0	19
2026.07.20	20:09:00	4011.00	4012.04	4011.00	4011.79	260	0	15
2026.07.20	20:10:00	4011.76	4012.10	4010.90	4011.71	300	0	19
2026.07.20	20:11:00	4011.73	4011.73	4010.57	4011.22	290	0	18
2026.07.20	20:12:00	4011.21	4011.48	4010.22	4010.82	283	0	18
2026.07.20	20:13:00	4010.82	4011.35	4010.20	4010.77	280	0	18
2026.07.20	20:14:00	4010.77	4010.84	4009.53	4010.07	427	0	15
2026.07.20	20:15:00	4010.12	4010.16	4008.79	4009.68	443	0	19
2026.07.20	20:16:00	4009.68	4010.94	4009.16	4010.75	340	0	16
2026.07.20	20:17:00	4010.78	4011.22	4010.45	4010.72	289	0	18
2026.07.20	20:18:00	4010.73	4011.27	4010.64	4011.20	279	0	18
2026.07.20	20:19:00	4011.20	4011.59	4009.99	4010.47	299	0	14
2026.07.20	20:20:00	4010.47	4010.75	4009.82	4010.67	364	0	18
2026.07.20	20:21:00	4010.67	4012.33	4010.50	4012.08	352	0	17
2026.07.20	20:22:00	4012.05	4013.03	4011.72	4011.83	405	0	17
2026.07.20	20:23:00	4011.83	4012.07	4010.71	4011.15	353	0	18
2026.07.20	20:24:00	4011.18	4011.53	4010.22	4011.33	511	0	18
2026.07.20	20:25:00	4011.33	4012.09	4011.09	4012.09	290	0	18
2026.07.20	20:26:00	4012.09	4012.75	4011.71	4012.61	296	0	18
2026.07.20	20:27:00	4012.73	4012.83	4011.88	4012.62	322	0	19
2026.07.20	20:28:00	4012.60	4012.74	4011.30	4011.33	383	0	18
2026.07.20	20:29:00	4011.37	4012.60	4010.76	4012.12	610	0	13
2026.07.20	20:30:00	4012.12	4012.56	4010.79	4011.19	396	0	18
2026.07.20	20:31:00	4011.19	4011.91	4010.64	4011.26	349	0	18
2026.07.20	20:32:00	4011.24	4011.85	4010.93	4011.65	329	0	19
2026.07.20	20:33:00	4011.66	4012.31	4011.09	4012.08	382	0	19
2026.07.20	20:34:00	4012.06	4013.00	4011.96	4012.12	282	0	19
2026.07.20	20:35:00	4012.10	4012.39	4011.89	4012.11	306	0	19
2026.07.20	20:36:00	4012.12	4012.63	4011.60	4012.48	315	0	18
2026.07.20	20:37:00	4012.45	4012.51	4011.76	4011.76	276	0	18
2026.07.20	20:38:00	4011.76	4012.17	4011.75	4011.96	220	0	15
2026.07.20	20:39:00	4011.97	4012.22	4009.74	4009.95	316	0	9
2026.07.20	20:40:00	4009.92	4010.32	4009.64	4009.85	304	0	15
2026.07.20	20:41:00	4009.87	4010.19	4009.62	4009.90	340	0	18
2026.07.20	20:42:00	4009.90	4010.52	4009.69	4010.19	281	0	16
2026.07.20	20:43:00	4010.14	4010.15	4008.46	4008.99	367	0	16
2026.07.20	20:44:00	4008.99	4009.04	4007.68	4008.02	293	0	18
2026.07.20	20:45:00	4008.02	4008.02	4006.81	4007.51	342	0	8
2026.07.20	20:46:00	4007.52	4007.81	4006.95	4007.04	350	0	10
2026.07.20	20:47:00	4007.07	4007.33	4006.36	4007.07	319	0	19
2026.07.20	20:48:00	4007.09	4007.88	4006.96	4007.39	324	0	18
2026.07.20	20:49:00	4007.37	4007.51	4005.45	4005.83	354	0	14
2026.07.20	20:50:00	4005.77	4005.99	4004.14	4004.37	429	0	18
2026.07.20	20:51:00	4004.35	4004.79	4003.82	4004.32	438	0	16
2026.07.20	20:52:00	4004.31	4004.89	4003.84	4003.91	324	0	15
2026.07.20	20:53:00	4003.91	4005.73	4003.84	4005.39	386	0	13
2026.07.20	20:54:00	4005.39	4005.53	4004.62	4004.76	334	0	14
2026.07.20	20:55:00	4004.78	4005.56	4004.69	4005.32	255	0	14
2026.07.20	20:56:00	4005.26	4005.26	4004.18	4004.56	350	0	10
2026.07.20	20:57:00	4004.57	4005.01	4004.19	4004.76	314	0	18
2026.07.20	20:58:00	4004.75	4005.00	4003.85	4004.01	283	0	13
2026.07.20	20:59:00	4004.02	4005.49	4003.75	4005.19	321	0	18
2026.07.20	21:00:00	4005.23	4008.11	4005.22	4007.90	412	0	15
2026.07.20	21:01:00	4007.92	4008.89	4007.78	4008.77	440	0	19
2026.07.20	21:02:00	4008.77	4008.83	4007.01	4007.31	367	0	19
2026.07.20	21:03:00	4007.32	4007.49	4006.61	4007.03	362	0	18
2026.07.20	21:04:00	4007.05	4007.48	4006.80	4007.46	271	0	18
2026.07.20	21:05:00	4007.45	4008.57	4007.19	4008.09	355	0	18
2026.07.20	21:06:00	4008.09	4008.11	4007.80	4008.01	247	0	15
2026.07.20	21:07:00	4007.98	4008.43	4007.93	4008.30	246	0	16
2026.07.20	21:08:00	4008.31	4009.28	4008.16	4008.94	233	0	16
2026.07.20	21:09:00	4008.94	4009.88	4008.28	4009.58	227	0	13
2026.07.20	21:10:00	4009.58	4010.81	4009.52	4010.69	293	0	16
2026.07.20	21:11:00	4010.65	4010.75	4008.99	4009.24	270	0	16
2026.07.20	21:12:00	4009.29	4009.39	4008.28	4008.69	288	0	16
2026.07.20	21:13:00	4008.67	4009.47	4008.67	4008.87	250	0	17
2026.07.20	21:14:00	4008.87	4009.13	4008.51	4008.79	215	0	16
2026.07.20	21:15:00	4008.79	4010.23	4008.77	4010.06	289	0	16
2026.07.20	21:16:00	4010.09	4010.50	4009.72	4010.04	295	0	16
2026.07.20	21:17:00	4010.03	4011.64	4009.67	4011.42	371	0	8
2026.07.20	21:18:00	4011.43	4011.82	4008.72	4009.25	376	0	10
2026.07.20	21:19:00	4009.25	4009.28	4007.36	4007.98	365	0	14
2026.07.20	21:20:00	4007.99	4008.26	4007.59	4007.88	267	0	18
2026.07.20	21:21:00	4007.88	4008.30	4005.60	4007.41	400	0	8
2026.07.20	21:22:00	4007.34	4007.71	4004.26	4004.43	541	0	18
2026.07.20	21:23:00	4004.45	4005.68	4003.20	4005.27	491	0	11
2026.07.20	21:24:00	4005.23	4005.36	4004.34	4005.00	404	0	20
2026.07.20	21:25:00	4004.99	4006.79	4004.25	4006.72	458	0	12
2026.07.20	21:26:00	4006.73	4007.11	4005.87	4006.22	449	0	17
2026.07.20	21:27:00	4006.29	4006.38	4005.51	4006.27	352	0	21
2026.07.20	21:28:00	4006.25	4006.62	4005.80	4006.46	320	0	20
2026.07.20	21:29:00	4006.46	4007.38	4006.46	4006.65	369	0	15
2026.07.20	21:30:00	4006.74	4007.13	4005.98	4006.31	379	0	8
2026.07.20	21:31:00	4006.31	4006.31	4005.36	4005.77	425	0	20
2026.07.20	21:32:00	4005.75	4006.21	4005.28	4006.12	405	0	18
2026.07.20	21:33:00	4006.15	4006.57	4004.73	4005.17	394	0	10
2026.07.20	21:34:00	4005.17	4005.21	4004.29	4004.95	467	0	21
2026.07.20	21:35:00	4004.94	4006.07	4004.93	4005.90	379	0	21
2026.07.20	21:36:00	4005.92	4006.67	4005.30	4006.17	334	0	21
2026.07.20	21:37:00	4006.11	4006.56	4005.90	4006.10	263	0	18
2026.07.20	21:38:00	4006.10	4006.72	4006.02	4006.32	230	0	20
2026.07.20	21:39:00	4006.33	4006.47	4005.56	4006.44	288	0	21
2026.07.20	21:40:00	4006.44	4006.80	4006.13	4006.21	273	0	21
2026.07.20	21:41:00	4006.21	4006.71	4005.57	4006.40	295	0	18
2026.07.20	21:42:00	4006.40	4006.93	4005.88	4006.82	352	0	19
2026.07.20	21:43:00	4006.82	4006.83	4005.98	4006.69	340	0	16
2026.07.20	21:44:00	4006.67	4007.49	4006.40	4006.40	372	0	20
2026.07.20	21:45:00	4006.38	4007.41	4005.32	4007.40	427	0	20
2026.07.20	21:46:00	4007.25	4008.20	4006.26	4007.97	456	0	16
2026.07.20	21:47:00	4007.99	4008.76	4007.70	4008.32	401	0	19
2026.07.20	21:48:00	4008.32	4008.35	4007.64	4007.97	369	0	19
2026.07.20	21:49:00	4007.87	4008.57	4007.78	4007.92	306	0	19
2026.07.20	21:50:00	4007.92	4008.51	4007.59	4008.10	329	0	18
2026.07.20	21:51:00	4008.10	4008.72	4006.87	4007.02	348	0	19
2026.07.20	21:52:00	4007.07	4007.40	4006.85	4007.00	240	0	20
2026.07.20	21:53:00	4007.00	4007.48	4006.95	4007.31	209	0	20
2026.07.20	21:54:00	4007.36	4007.87	4007.09	4007.49	287	0	19
2026.07.20	21:55:00	4007.49	4007.59	4006.26	4006.41	269	0	19
2026.07.20	21:56:00	4006.41	4006.86	4005.79	4006.58	248	0	18
2026.07.20	21:57:00	4006.57	4007.80	4006.36	4006.89	370	0	13
2026.07.20	21:58:00	4006.89	4007.12	4006.23	4006.78	321	0	9
2026.07.20	21:59:00	4006.81	4007.52	4006.79	4007.29	318	0	10
2026.07.20	22:00:00	4007.31	4007.63	4006.66	4007.58	434	0	19
2026.07.20	22:01:00	4007.59	4008.04	4006.98	4007.33	406	0	18
2026.07.20	22:02:00	4007.33	4007.44	4006.59	4006.61	301	0	18
2026.07.20	22:03:00	4006.61	4006.67	4005.80	4005.82	347	0	18
2026.07.20	22:04:00	4005.81	4005.94	4004.75	4005.74	247	0	12
2026.07.20	22:05:00	4005.76	4005.79	4004.84	4004.99	304	0	19
2026.07.20	22:06:00	4005.00	4005.56	4004.66	4005.56	339	0	20
2026.07.20	22:07:00	4005.56	4006.03	4005.30	4005.59	258	0	14
2026.07.20	22:08:00	4005.57	4006.04	4005.28	4005.77	289	0	19
2026.07.20	22:09:00	4005.76	4006.89	4005.76	4006.51	276	0	19
2026.07.20	22:10:00	4006.51	4007.44	4006.45	4007.22	275	0	19
2026.07.20	22:11:00	4007.22	4007.22	4005.41	4005.68	343	0	16
2026.07.20	22:12:00	4005.68	4005.88	4005.35	4005.45	253	0	18
2026.07.20	22:13:00	4005.41	4005.42	4004.38	4004.51	354	0	18
2026.07.20	22:14:00	4004.49	4005.16	4004.38	4004.64	272	0	13
2026.07.20	22:15:00	4004.64	4006.84	4004.32	4006.49	392	0	17
2026.07.20	22:16:00	4006.35	4007.09	4006.35	4006.75	309	0	16
2026.07.20	22:17:00	4006.80	4007.22	4005.84	4005.94	380	0	16
2026.07.20	22:18:00	4005.94	4007.45	4005.85	4007.38	269	0	16
2026.07.20	22:19:00	4007.37	4008.37	4007.37	4008.26	261	0	17
2026.07.20	22:20:00	4008.26	4009.70	4008.25	4009.56	312	0	17
2026.07.20	22:21:00	4009.56	4010.15	4009.50	4009.57	262	0	18
2026.07.20	22:22:00	4009.57	4010.22	4009.57	4009.87	240	0	18
2026.07.20	22:23:00	4009.85	4009.87	4008.09	4008.68	338	0	14
2026.07.20	22:24:00	4008.68	4008.84	4007.84	4007.96	233	0	17
2026.07.20	22:25:00	4007.85	4007.85	4007.00	4007.75	302	0	17
2026.07.20	22:26:00	4007.80	4007.80	4007.24	4007.36	196	0	16
2026.07.20	22:27:00	4007.36	4007.49	4007.02	4007.45	213	0	17
2026.07.20	22:28:00	4007.45	4007.65	4007.09	4007.14	230	0	17
2026.07.20	22:29:00	4007.14	4012.93	4006.84	4012.86	562	0	8
2026.07.20	22:30:00	4012.97	4017.96	4011.90	4012.11	575	0	8
2026.07.20	22:31:00	4012.10	4014.87	4011.86	4014.45	354	0	12
2026.07.20	22:32:00	4014.65	4015.15	4013.96	4014.69	345	0	19
2026.07.20	22:33:00	4014.69	4015.20	4013.74	4014.52	293	0	19
2026.07.20	22:34:00	4014.50	4015.82	4013.65	4013.75	374	0	19
2026.07.20	22:35:00	4013.66	4014.10	4012.64	4012.90	426	0	18
2026.07.20	22:36:00	4012.90	4012.90	4010.71	4010.81	422	0	16
2026.07.20	22:37:00	4010.81	4011.15	4009.71	4010.71	371	0	18
2026.07.20	22:38:00	4010.71	4011.92	4010.16	4011.36	382	0	18
2026.07.20	22:39:00	4011.31	4011.45	4010.86	4010.93	342	0	19
2026.07.20	22:40:00	4010.98	4010.99	4009.85	4010.09	370	0	19
2026.07.20	22:41:00	4010.09	4010.56	4009.83	4010.07	324	0	19
2026.07.20	22:42:00	4010.06	4010.96	4009.35	4009.59	280	0	7
2026.07.20	22:43:00	4009.61	4010.22	4007.93	4008.08	347	0	7
2026.07.20	22:44:00	4008.07	4008.49	4005.21	4005.76	372	0	7
2026.07.20	22:45:00	4005.74	4006.78	4005.50	4005.90	499	0	12
2026.07.20	22:46:00	4005.90	4008.85	4005.87	4008.79	357	0	10
2026.07.20	22:47:00	4008.79	4009.02	4008.47	4008.93	213	0	17
2026.07.20	22:48:00	4008.90	4009.90	4007.86	4008.12	258	0	12
2026.07.20	22:49:00	4008.19	4009.23	4007.64	4008.87	342	0	12
2026.07.20	22:50:00	4008.64	4010.03	4008.10	4009.47	498	0	8
2026.07.20	22:51:00	4009.49	4009.65	4008.62	4009.54	290	0	8
2026.07.20	22:52:00	4009.54	4009.68	4008.77	4008.92	210	0	8
2026.07.20	22:53:00	4008.92	4009.82	4008.26	4009.37	261	0	19
2026.07.20	22:54:00	4009.33	4009.79	4008.91	4009.55	298	0	17
2026.07.20	22:55:00	4009.62	4009.69	4006.64	4006.99	371	0	15
2026.07.20	22:56:00	4006.96	4008.16	4006.78	4008.04	290	0	20
2026.07.20	22:57:00	4008.04	4008.09	4006.79	4006.79	348	0	18
2026.07.20	22:58:00	4006.79	4007.36	4006.15	4007.07	330	0	20
2026.07.20	22:59:00	4007.07	4007.48	4005.87	4006.79	517	0	15
2026.07.21	01:00:00	4004.66	4009.39	4004.51	4009.31	126	0	98
2026.07.21	01:01:00	4006.95	4009.21	4006.95	4008.92	47	0	99
2026.07.21	01:02:00	4008.92	4009.15	4008.46	4008.81	49	0	94
2026.07.21	01:03:00	4008.81	4009.11	4008.49	4009.01	20	0	83
2026.07.21	01:04:00	4009.01	4009.21	4007.61	4007.71	29	0	51
2026.07.21	01:05:00	4007.95	4008.09	4006.50	4007.20	109	0	25
2026.07.21	01:06:00	4007.18	4007.26	4006.20	4006.53	64	0	16
2026.07.21	01:07:00	4006.55	4007.43	4006.47	4007.09	71	0	30
2026.07.21	01:08:00	4007.09	4007.22	4006.42	4006.94	36	0	36
2026.07.21	01:09:00	4006.94	4007.66	4005.63	4006.16	92	0	30
2026.07.21	01:10:00	4006.00	4007.65	4006.00	4007.09	79	0	45
2026.07.21	01:11:00	4007.37	4007.41	4006.50	4006.53	52	0	37
2026.07.21	01:12:00	4006.53	4006.72	4005.96	4006.20	43	0	34
2026.07.21	01:13:00	4006.20	4006.74	4006.01	4006.68	57	0	43
2026.07.21	01:14:00	4006.68	4006.99	4006.24	4006.91	63	0	42
2026.07.21	01:15:00	4006.94	4007.01	4005.95	4006.08	106	0	39
2026.07.21	01:16:00	4006.03	4006.95	4006.03	4006.76	75	0	38
2026.07.21	01:17:00	4006.73	4006.93	4006.43	4006.43	64	0	36
2026.07.21	01:18:00	4006.43	4007.29	4006.43	4007.05	59	0	45
2026.07.21	01:19:00	4007.04	4007.18	4006.68	4007.06	51	0	47
2026.07.21	01:20:00	4007.06	4007.07	4005.10	4005.43	120	0	13
2026.07.21	01:21:00	4005.43	4006.54	4005.12	4005.48	201	0	9
2026.07.21	01:22:00	4005.45	4006.11	4005.16	4005.74	146	0	13
2026.07.21	01:23:00	4005.77	4007.78	4005.47	4006.98	185	0	18
2026.07.21	01:24:00	4006.98	4008.43	4006.58	4007.98	196	0	17
2026.07.21	01:25:00	4007.95	4009.96	4007.95	4008.93	195	0	11
2026.07.21	01:26:00	4008.90	4010.37	4008.31	4009.31	161	0	16
2026.07.21	01:27:00	4009.31	4009.42	4007.70	4008.76	141	0	24
2026.07.21	01:28:00	4008.76	4009.96	4008.64	4009.49	75	0	31
2026.07.21	01:29:00	4009.55	4010.69	4009.15	4009.75	112	0	24
2026.07.21	01:30:00	4009.75	4009.78	4008.01	4009.26	74	0	17
2026.07.21	01:31:00	4009.26	4009.26	4008.42	4008.57	19	0	42
2026.07.21	01:32:00	4008.61	4009.07	4007.69	4008.85	106	0	22
2026.07.21	01:33:00	4008.85	4009.09	4007.97	4008.08	97	0	29
2026.07.21	01:34:00	4008.08	4008.22	4006.81	4008.22	184	0	12
2026.07.21	01:35:00	4008.20	4008.20	4006.39	4007.18	213	0	12
2026.07.21	01:36:00	4007.35	4007.98	4005.63	4007.28	201	0	8
2026.07.21	01:37:00	4007.53	4008.30	4007.53	4007.81	80	0	10
2026.07.21	01:38:00	4007.88	4008.28	4006.00	4006.15	169	0	18
2026.07.21	01:39:00	4006.50	4008.54	4006.04	4007.87	136	0	14
2026.07.21	01:40:00	4007.87	4007.96	4006.10	4006.44	113	0	10
2026.07.21	01:41:00	4006.47	4006.55	4003.99	4004.16	256	0	9
2026.07.21	01:42:00	4004.18	4004.68	4002.74	4004.34	116	0	19
2026.07.21	01:43:00	4004.28	4004.88	4003.11	4004.65	113	0	9
2026.07.21	01:44:00	4004.61	4004.94	4003.89	4004.03	140	0	26
2026.07.21	01:45:00	4004.03	4008.32	4003.52	4004.54	261	0	32
2026.07.21	01:46:00	4004.57	4005.03	4002.60	4003.04	157	0	17
2026.07.21	01:47:00	4003.08	4004.00	4002.47	4002.74	172	0	31
2026.07.21	01:48:00	4002.62	4003.21	4002.21	4002.40	72	0	41
2026.07.21	01:49:00	4002.40	4003.44	4001.63	4001.63	82	0	26
2026.07.21	01:50:00	4001.75	4001.78	4000.28	4000.78	175	0	26
2026.07.21	01:51:00	4000.78	4001.49	4000.55	4000.58	118	0	13
2026.07.21	01:52:00	4000.58	4002.25	4000.58	4001.79	146	0	15
2026.07.21	01:53:00	4001.79	4002.70	4001.55	4002.21	151	0	23
2026.07.21	01:54:00	4002.23	4002.96	3999.84	4000.79	285	0	20
2026.07.21	01:55:00	4000.81	4001.33	3999.70	4001.01	185	0	8
2026.07.21	01:56:00	4001.02	4001.31	4000.23	4000.51	180	0	21
2026.07.21	01:57:00	4000.51	4000.95	3999.81	4000.58	193	0	13
2026.07.21	01:58:00	4000.58	4002.08	4000.57	4002.08	234	0	9
2026.07.21	01:59:00	4002.10	4002.74	4000.40	4000.40	199	0	8
2026.07.21	02:00:00	4000.61	4001.64	4000.13	4000.84	190	0	31
2026.07.21	02:01:00	4000.92	4002.00	4000.67	4001.91	146	0	32
2026.07.21	02:02:00	4002.60	4004.25	4002.34	4003.54	296	0	14
2026.07.21	02:03:00	4003.63	4004.67	4003.22	4004.20	133	0	33
2026.07.21	02:04:00	4004.20	4005.20	4003.85	4004.37	124	0	24
2026.07.21	02:05:00	4004.24	4006.22	4004.17	4006.02	172	0	38
2026.07.21	02:06:00	4006.09	4007.82	4005.66	4007.69	222	0	22
2026.07.21	02:07:00	4007.69	4008.96	4007.41	4008.92	256	0	12
2026.07.21	02:08:00	4008.97	4009.82	4007.58	4008.75	229	0	28
2026.07.21	02:09:00	4008.78	4009.27	4008.65	4008.76	82	0	37
2026.07.21	02:10:00	4008.76	4008.80	4000.78	4001.17	305	0	8
2026.07.21	02:11:00	4000.95	4002.41	4000.37	4000.88	234	0	17
2026.07.21	02:12:00	4001.32	4004.66	4001.23	4004.10	190	0	21
2026.07.21	02:13:00	4004.10	4004.22	4002.00	4002.70	166	0	17
2026.07.21	02:14:00	4002.25	4003.16	4001.70	4002.98	88	0	29
2026.07.21	02:15:00	4003.04	4006.01	4002.97	4005.09	209	0	16
2026.07.21	02:16:00	4005.19	4005.32	4004.65	4004.69	84	0	31
2026.07.21	02:17:00	4004.74	4005.40	4004.69	4005.15	103	0	33
2026.07.21	02:18:00	4005.20	4006.71	4004.72	4006.50	108	0	18
2026.07.21	02:19:00	4006.49	4007.25	4006.29	4006.32	142	0	33
2026.07.21	02:20:00	4006.32	4006.37	4005.57	4006.09	86	0	33
2026.07.21	02:21:00	4006.12	4006.54	4005.83	4006.10	75	0	32
2026.07.21	02:22:00	4006.10	4006.76	4005.15	4005.72	178	0	26
2026.07.21	02:23:00	4005.80	4006.07	4004.71	4005.34	165	0	23
2026.07.21	02:24:00	4005.34	4005.52	4003.60	4004.77	224	0	24
2026.07.21	02:25:00	4004.77	4004.77	4003.52	4003.84	156	0	25
2026.07.21	02:26:00	4003.85	4005.00	4003.40	4004.62	131	0	29
2026.07.21	02:27:00	4004.74	4004.74	4003.42	4003.53	128	0	30
2026.07.21	02:28:00	4003.56	4004.67	4003.51	4003.86	110	0	29
2026.07.21	02:29:00	4003.84	4004.53	4003.39	4003.58	85	0	28
2026.07.21	02:30:00	4003.35	4004.71	4003.35	4004.38	81	0	32
2026.07.21	02:31:00	4004.38	4004.82	4003.87	4003.94	110	0	28
2026.07.21	02:32:00	4003.94	4005.89	4003.68	4005.75	143	0	30
2026.07.21	02:33:00	4005.78	4007.59	4005.09	4007.59	165	0	21
2026.07.21	02:34:00	4007.63	4007.82	4005.82	4006.07	222	0	16
2026.07.21	02:35:00	4006.05	4007.42	4005.94	4007.22	110	0	21
2026.07.21	02:36:00	4007.21	4007.61	4007.19	4007.55	60	0	20
2026.07.21	02:37:00	4007.55	4007.62	4006.75	4006.78	88	0	20
2026.07.21	02:38:00	4006.69	4006.72	4005.83	4006.07	79	0	25
2026.07.21	02:39:00	4006.15	4006.16	4004.54	4005.05	157	0	9
2026.07.21	02:40:00	4005.05	4006.10	4003.84	4004.54	152	0	8
2026.07.21	02:41:00	4004.53	4006.81	4004.30	4006.81	183	0	9
2026.07.21	02:42:00	4006.80	4007.86	4006.40	4006.81	192	0	30
2026.07.21	02:43:00	4006.71	4007.76	4006.54	4007.76	172	0	28
2026.07.21	02:44:00	4007.74	4008.53	4006.91	4007.39	221	0	26
2026.07.21	02:45:00	4007.38	4007.58	4004.20	4005.89	298	0	22
2026.07.21	02:46:00	4005.89	4006.99	4005.50	4005.64	203	0	33
2026.07.21	02:47:00	4005.64	4007.98	4005.06	4007.48	274	0	22
2026.07.21	02:48:00	4007.48	4007.59	4006.64	4006.67	138	0	33
2026.07.21	02:49:00	4006.64	4006.99	4006.36	4006.85	130	0	35
2026.07.21	02:50:00	4006.90	4007.23	4006.27	4006.32	170	0	35
2026.07.21	02:51:00	4006.32	4006.71	4005.79	4005.97	187	0	28
2026.07.21	02:52:00	4005.86	4008.02	4005.86	4007.66	217	0	28
2026.07.21	02:53:00	4007.63	4007.89	4006.84	4006.93	147	0	33
2026.07.21	02:54:00	4006.93	4007.91	4006.75	4007.77	144	0	28
2026.07.21	02:55:00	4007.74	4008.49	4007.14	4007.43	232	0	33
2026.07.21	02:56:00	4007.43	4008.31	4007.16	4008.28	206	0	34
2026.07.21	02:57:00	4008.28	4009.05	4008.21	4008.63	323	0	22
2026.07.21	02:58:00	4008.65	4009.01	4008.35	4008.61	222	0	27
2026.07.21	02:59:00	4008.57	4010.37	4007.94	4009.87	348	0	20
2026.07.21	03:00:00	4009.87	4010.16	4003.48	4005.20	550	0	9
2026.07.21	03:01:00	4005.20	4006.45	4004.27	4006.00	384	0	35
2026.07.21	03:02:00	4006.16	4006.60	4003.60	4004.08	393	0	21
2026.07.21	03:03:00	4004.08	4006.04	4003.97	4004.82	458	0	30
2026.07.21	03:04:00	4004.82	4005.34	4004.04	4005.01	326	0	14
2026.07.21	03:05:00	4005.01	4008.45	4005.01	4007.18	433	0	21
2026.07.21	03:06:00	4007.21	4007.74	4005.72	4006.60	358	0	30
2026.07.21	03:07:00	4006.43	4007.41	4004.48	4005.87	403	0	39
2026.07.21	03:08:00	4005.78	4006.11	4004.73	4005.98	424	0	30
2026.07.21	03:09:00	4006.03	4007.92	4005.84	4007.45	470	0	30
2026.07.21	03:10:00	4007.48	4008.23	4006.94	4007.38	481	0	34
2026.07.21	03:11:00	4007.32	4009.69	4006.65	4007.97	403	0	38
2026.07.21	03:12:00	4007.91	4010.28	4007.59	4010.04	444	0	36
2026.07.21	03:13:00	4010.04	4012.56	4008.44	4011.82	582	0	9
2026.07.21	03:14:00	4011.84	4012.16	4010.20	4010.47	395	0	33
2026.07.21	03:15:00	4010.45	4011.22	4009.23	4010.19	417	0	31
2026.07.21	03:16:00	4009.69	4010.10	4007.65	4009.49	381	0	35
2026.07.21	03:17:00	4009.49	4011.97	4009.02	4011.46	440	0	39
2026.07.21	03:18:00	4011.66	4012.81	4010.43	4011.42	430	0	35
2026.07.21	03:19:00	4011.42	4016.03	4011.10	4015.50	454	0	8
2026.07.21	03:20:00	4015.56	4016.57	4013.81	4013.89	408	0	35
2026.07.21	03:21:00	4013.89	4015.38	4013.01	4014.35	386	0	31
2026.07.21	03:22:00	4014.35	4015.01	4013.24	4013.60	253	0	23
2026.07.21	03:23:00	4013.52	4015.35	4012.90	4015.23	395	0	34
2026.07.21	03:24:00	4015.20	4017.57	4014.98	4017.19	409	0	29
2026.07.21	03:25:00	4017.17	4018.43	4016.02	4017.18	392	0	10
2026.07.21	03:26:00	4017.27	4017.78	4015.09	4016.13	369	0	13
2026.07.21	03:27:00	4016.13	4017.49	4015.66	4017.23	298	0	17
2026.07.21	03:28:00	4017.23	4017.44	4015.73	4015.90	274	0	29
2026.07.21	03:29:00	4015.84	4016.01	4014.30	4014.88	199	0	32
2026.07.21	03:30:00	4014.88	4015.27	4014.14	4014.65	208	0	32
2026.07.21	03:31:00	4014.62	4016.19	4014.02	4014.58	284	0	27
2026.07.21	03:32:00	4014.42	4015.58	4014.42	4015.53	220	0	32
2026.07.21	03:33:00	4015.48	4016.84	4015.03	4015.67	333	0	28
2026.07.21	03:34:00	4015.67	4017.90	4015.48	4017.28	252	0	35
2026.07.21	03:35:00	4017.17	4018.59	4016.47	4018.09	326	0	30
2026.07.21	03:36:00	4018.09	4021.94	4017.94	4019.33	442	0	28
2026.07.21	03:37:00	4019.33	4019.49	4018.17	4018.68	290	0	34
2026.07.21	03:38:00	4018.68	4018.96	4017.55	4018.76	273	0	15
2026.07.21	03:39:00	4018.76	4019.74	4018.44	4018.90	261	0	25
2026.07.21	03:40:00	4018.94	4019.09	4018.14	4018.78	209	0	36
2026.07.21	03:41:00	4018.69	4022.07	4018.04	4021.63	298	0	27
2026.07.21	03:42:00	4021.63	4023.70	4021.63	4022.84	391	0	13
2026.07.21	03:43:00	4022.84	4023.08	4021.06	4021.20	284	0	11
2026.07.21	03:44:00	4021.20	4022.44	4021.14	4022.33	215	0	35
2026.07.21	03:45:00	4022.29	4023.80	4022.18	4023.16	355	0	31
2026.07.21	03:46:00	4023.16	4023.21	4021.71	4022.81	292	0	24
2026.07.21	03:47:00	4022.72	4024.42	4022.72	4023.52	260	0	33
2026.07.21	03:48:00	4023.52	4024.21	4022.06	4024.21	277	0	35
2026.07.21	03:49:00	4024.23	4024.99	4023.99	4024.50	256	0	35
2026.07.21	03:50:00	4024.45	4024.80	4023.59	4024.32	299	0	22
2026.07.21	03:51:00	4024.30	4025.61	4023.56	4025.16	290	0	21
2026.07.21	03:52:00	4025.20	4025.51	4024.36	4024.71	254	0	30
2026.07.21	03:53:00	4024.73	4026.31	4024.68	4025.87	242	0	25
2026.07.21	03:54:00	4025.84	4027.04	4024.19	4024.52	365	0	8
2026.07.21	03:55:00	4024.52	4024.54	4023.01	4023.45	268	0	23
2026.07.21	03:56:00	4023.43	4025.04	4023.37	4024.67	253	0	15
2026.07.21	03:57:00	4024.62	4024.92	4023.66	4024.63	296	0	18
2026.07.21	03:58:00	4024.56	4025.02	4024.01	4024.74	259	0	17
2026.07.21	03:59:00	4024.72	4026.45	4024.52	4024.76	301	0	7
2026.07.21	04:00:00	4024.78	4025.75	4018.40	4021.23	770	0	10
2026.07.21	04:01:00	4021.23	4025.21	4021.15	4023.20	646	0	22
2026.07.21	04:02:00	4023.11	4024.50	4021.43	4022.83	557	0	9
2026.07.21	04:03:00	4022.83	4023.17	4021.31	4022.39	450	0	17
2026.07.21	04:04:00	4022.39	4023.87	4020.95	4023.56	476	0	20
2026.07.21	04:05:00	4023.57	4028.08	4023.55	4027.05	531	0	17
2026.07.21	04:06:00	4027.16	4028.96	4026.82	4027.33	422	0	14
2026.07.21	04:07:00	4027.48	4027.67	4026.16	4027.58	452	0	13
2026.07.21	04:08:00	4027.61	4028.61	4027.17	4028.37	434	0	20
2026.07.21	04:09:00	4028.42	4029.00	4026.60	4027.37	453	0	7
2026.07.21	04:10:00	4027.39	4028.90	4026.73	4027.34	611	0	14
2026.07.21	04:11:00	4027.36	4028.80	4027.00	4027.45	604	0	22
2026.07.21	04:12:00	4027.29	4028.19	4026.48	4027.46	504	0	20
2026.07.21	04:13:00	4027.39	4029.05	4026.60	4028.23	565	0	7
2026.07.21	04:14:00	4028.23	4030.01	4027.75	4028.69	496	0	8
2026.07.21	04:15:00	4028.69	4029.07	4026.83	4028.61	415	0	12
2026.07.21	04:16:00	4028.61	4031.28	4027.07	4028.94	459	0	9
2026.07.21	04:17:00	4028.94	4030.37	4027.43	4028.54	500	0	14
2026.07.21	04:18:00	4028.58	4031.65	4028.58	4030.66	450	0	8
2026.07.21	04:19:00	4030.66	4035.64	4028.21	4034.31	562	0	8
2026.07.21	04:20:00	4034.02	4034.11	4031.72	4033.16	497	0	13
2026.07.21	04:21:00	4033.18	4033.58	4031.21	4031.22	370	0	8
2026.07.21	04:22:00	4031.21	4031.53	4029.88	4030.00	312	0	7
2026.07.21	04:23:00	4030.08	4030.22	4025.99	4026.10	376	0	7
2026.07.21	04:24:00	4026.10	4028.97	4026.06	4028.07	354	0	12
2026.07.21	04:25:00	4028.06	4029.72	4027.54	4029.45	400	0	11
2026.07.21	04:26:00	4029.13	4031.56	4028.99	4031.05	374	0	15
2026.07.21	04:27:00	4031.05	4031.69	4028.47	4028.76	452	0	8
2026.07.21	04:28:00	4028.76	4030.35	4028.59	4029.49	343	0	23
2026.07.21	04:29:00	4029.49	4030.23	4027.62	4028.13	385	0	8
2026.07.21	04:30:00	4028.13	4029.80	4027.30	4027.50	488	0	19
2026.07.21	04:31:00	4027.50	4030.54	4026.84	4029.75	261	0	14
2026.07.21	04:32:00	4029.75	4030.09	4028.47	4029.85	250	0	12
2026.07.21	04:33:00	4029.85	4030.26	4026.72	4028.47	413	0	8
2026.07.21	04:34:00	4028.47	4030.82	4028.20	4030.17	369	0	15
2026.07.21	04:35:00	4030.17	4030.90	4028.11	4028.17	443	0	11
2026.07.21	04:36:00	4028.17	4030.00	4028.00	4028.75	336	0	23
2026.07.21	04:37:00	4028.65	4029.06	4026.54	4026.54	447	0	20
2026.07.21	04:38:00	4026.35	4026.97	4024.83	4025.62	494	0	8
2026.07.21	04:39:00	4025.62	4025.73	4023.14	4023.70	335	0	12
2026.07.21	04:40:00	4023.70	4025.44	4023.40	4025.20	282	0	13
2026.07.21	04:41:00	4025.20	4025.64	4024.18	4025.13	367	0	19
2026.07.21	04:42:00	4025.10	4025.74	4024.68	4025.61	265	0	11
2026.07.21	04:43:00	4025.45	4026.28	4024.90	4026.23	285	0	18
2026.07.21	04:44:00	4026.18	4026.28	4024.29	4024.33	211	0	21
2026.07.21	04:45:00	4024.23	4024.92	4022.56	4023.40	303	0	20
2026.07.21	04:46:00	4023.40	4024.40	4022.73	4024.18	364	0	22
2026.07.21	04:47:00	4024.18	4025.54	4024.07	4024.45	323	0	8
2026.07.21	04:48:00	4024.45	4026.70	4024.45	4025.91	340	0	27
2026.07.21	04:49:00	4025.93	4026.42	4025.48	4025.63	186	0	36
2026.07.21	04:50:00	4025.66	4026.23	4024.82	4025.79	312	0	35
2026.07.21	04:51:00	4025.54	4026.30	4025.02	4025.89	267	0	10
2026.07.21	04:52:00	4025.92	4027.99	4025.92	4026.69	367	0	14
2026.07.21	04:53:00	4026.67	4026.99	4025.58	4026.11	275	0	17
2026.07.21	04:54:00	4026.11	4028.26	4026.11	4028.05	312	0	23
2026.07.21	04:55:00	4028.03	4028.03	4024.89	4025.87	279	0	19
2026.07.21	04:56:00	4025.90	4025.95	4022.45	4023.53	345	0	11
2026.07.21	04:57:00	4023.53	4023.76	4022.90	4023.45	139	0	32
2026.07.21	04:58:00	4023.45	4023.53	4021.31	4021.42	245	0	29
2026.07.21	04:59:00	4021.39	4023.54	4021.38	4023.13	276	0	9
2026.07.21	05:00:00	4023.11	4024.27	4022.51	4023.00	298	0	25
2026.07.21	05:01:00	4022.99	4024.18	4022.60	4023.14	309	0	11
2026.07.21	05:02:00	4023.20	4023.75	4021.97	4022.73	292	0	8
2026.07.21	05:03:00	4022.73	4024.25	4022.68	4023.98	269	0	19
2026.07.21	05:04:00	4023.98	4023.98	4022.29	4022.67	279	0	20
2026.07.21	05:05:00	4022.67	4024.24	4022.28	4023.16	297	0	14
2026.07.21	05:06:00	4023.16	4026.18	4023.01	4025.94	376	0	13
2026.07.21	05:07:00	4025.97	4026.51	4025.46	4025.57	326	0	15
2026.07.21	05:08:00	4025.51	4026.30	4025.48	4025.80	226	0	26
2026.07.21	05:09:00	4025.82	4026.07	4025.08	4025.86	226	0	17
2026.07.21	05:10:00	4025.86	4026.61	4023.54	4023.95	317	0	17
2026.07.21	05:11:00	4023.95	4025.76	4023.80	4025.70	311	0	12
2026.07.21	05:12:00	4025.73	4025.94	4024.28	4024.48	247	0	28
2026.07.21	05:13:00	4024.48	4025.18	4023.82	4023.92	264	0	21
2026.07.21	05:14:00	4023.92	4024.46	4023.21	4024.34	220	0	26
2026.07.21	05:15:00	4024.34	4025.17	4024.00	4024.65	185	0	22
2026.07.21	05:16:00	4024.65	4025.32	4024.15	4024.40	213	0	20
2026.07.21	05:17:00	4024.40	4024.95	4024.31	4024.53	151	0	28
2026.07.21	05:18:00	4024.55	4024.73	4022.92	4023.63	171	0	29
2026.07.21	05:19:00	4023.58	4023.58	4021.84	4022.43	190	0	26
2026.07.21	05:20:00	4022.43	4024.13	4021.94	4023.89	228	0	25
2026.07.21	05:21:00	4023.89	4025.47	4023.39	4025.13	248	0	10
2026.07.21	05:22:00	4025.17	4027.18	4024.98	4027.13	276	0	20
2026.07.21	05:23:00	4027.12	4028.53	4026.59	4027.09	200	0	15
2026.07.21	05:24:00	4027.10	4028.56	4027.07	4028.01	172	0	29
2026.07.21	05:25:00	4028.04	4028.36	4025.76	4026.52	289	0	14
2026.07.21	05:26:00	4026.49	4026.96	4025.63	4026.70	228	0	22
2026.07.21	05:27:00	4027.11	4027.11	4025.38	4026.54	263	0	23
2026.07.21	05:28:00	4026.54	4028.11	4025.84	4027.94	251	0	20
2026.07.21	05:29:00	4027.94	4029.95	4027.86	4028.71	262	0	9
2026.07.21	05:30:00	4028.70	4032.19	4027.88	4031.95	610	0	7
2026.07.21	05:31:00	4031.99	4032.49	4029.92	4030.39	442	0	20
2026.07.21	05:32:00	4030.36	4031.83	4030.31	4031.65	421	0	17
2026.07.21	05:33:00	4031.65	4032.21	4030.17	4030.69	257	0	21
2026.07.21	05:34:00	4030.67	4031.67	4030.10	4030.45	344	0	17
2026.07.21	05:35:00	4030.47	4032.35	4029.99	4032.34	489	0	8
2026.07.21	05:36:00	4032.84	4045.18	4032.53	4039.37	728	0	8
2026.07.21	05:37:00	4039.34	4039.34	4036.32	4036.75	552	0	22
2026.07.21	05:38:00	4036.67	4038.23	4035.40	4037.59	446	0	26
2026.07.21	05:39:00	4037.56	4038.64	4035.86	4037.09	518	0	17
2026.07.21	05:40:00	4037.08	4039.94	4036.48	4038.63	446	0	18
2026.07.21	05:41:00	4038.61	4040.25	4037.72	4039.35	422	0	7
2026.07.21	05:42:00	4039.26	4040.13	4037.38	4037.51	415	0	30
2026.07.21	05:43:00	4037.51	4038.92	4036.56	4036.97	330	0	31
2026.07.21	05:44:00	4036.89	4037.50	4035.06	4035.63	344	0	19
2026.07.21	05:45:00	4035.61	4036.06	4035.04	4035.95	275	0	25
2026.07.21	05:46:00	4035.97	4036.12	4034.90	4035.36	274	0	21
2026.07.21	05:47:00	4035.33	4036.22	4035.14	4035.25	244	0	29
2026.07.21	05:48:00	4035.23	4035.60	4034.61	4034.61	259	0	18
2026.07.21	05:49:00	4034.61	4034.89	4033.96	4034.10	302	0	15
2026.07.21	05:50:00	4034.10	4034.89	4033.57	4033.72	257	0	19
2026.07.21	05:51:00	4033.69	4034.56	4033.03	4033.07	284	0	23
2026.07.21	05:52:00	4033.19	4033.54	4030.91	4032.66	397	0	11
2026.07.21	05:53:00	4032.62	4033.66	4032.40	4032.83	258	0	23
2026.07.21	05:54:00	4032.76	4033.84	4032.48	4033.30	315	0	20
2026.07.21	05:55:00	4033.31	4034.99	4032.83	4034.92	301	0	13
2026.07.21	05:56:00	4034.92	4036.65	4034.45	4036.06	271	0	17
2026.07.21	05:57:00	4036.06	4036.98	4035.55	4036.88	296	0	21
2026.07.21	05:58:00	4036.73	4038.05	4036.51	4036.74	378	0	16
2026.07.21	05:59:00	4036.82	4038.45	4036.81	4037.98	410	0	8
2026.07.21	06:00:00	4037.99	4039.97	4037.72	4039.32	441	0	11
2026.07.21	06:01:00	4039.25	4041.08	4039.23	4040.35	406	0	13
2026.07.21	06:02:00	4040.38	4042.18	4040.06	4041.23	388	0	20
2026.07.21	06:03:00	4041.27	4041.27	4039.02	4039.45	377	0	12
2026.07.21	06:04:00	4039.42	4040.63	4039.35	4040.59	361	0	9
2026.07.21	06:05:00	4040.59	4041.45	4039.77	4040.74	326	0	13
2026.07.21	06:06:00	4040.74	4041.40	4039.99	4041.40	274	0	17
2026.07.21	06:07:00	4041.40	4042.32	4039.65	4039.77	253	0	9
2026.07.21	06:08:00	4039.77	4040.46	4038.03	4039.97	298	0	19
2026.07.21	06:09:00	4040.13	4040.97	4039.62	4040.75	275	0	19
2026.07.21	06:10:00	4040.75	4041.40	4040.07	4040.78	279	0	23
2026.07.21	06:11:00	4040.78	4041.44	4040.02	4040.37	212	0	18
2026.07.21	06:12:00	4040.37	4040.81	4039.31	4039.44	271	0	20
2026.07.21	06:13:00	4039.44	4040.18	4038.91	4039.01	294	0	24
2026.07.21	06:14:00	4038.87	4038.87	4037.64	4037.96	227	0	20
2026.07.21	06:15:00	4037.96	4037.99	4036.70	4037.58	252	0	19
2026.07.21	06:16:00	4037.58	4038.63	4037.42	4038.61	280	0	20
2026.07.21	06:17:00	4038.61	4038.61	4037.41	4037.51	239	0	18
2026.07.21	06:18:00	4037.49	4038.03	4037.30	4037.77	263	0	17
2026.07.21	06:19:00	4037.77	4037.96	4036.78	4037.31	202	0	20
2026.07.21	06:20:00	4037.29	4038.80	4037.01	4038.23	257	0	23
2026.07.21	06:21:00	4038.39	4040.06	4037.58	4037.67	322	0	22
2026.07.21	06:22:00	4037.67	4039.41	4037.52	4038.81	244	0	15
2026.07.21	06:23:00	4038.81	4039.38	4038.23	4039.27	354	0	15
2026.07.21	06:24:00	4039.31	4041.97	4039.14	4041.81	535	0	24
2026.07.21	06:25:00	4041.81	4042.63	4041.31	4042.00	429	0	20
2026.07.21	06:26:00	4042.01	4049.22	4041.78	4047.62	565	0	7
2026.07.21	06:27:00	4047.67	4051.25	4045.84	4046.09	472	0	11
2026.07.21	06:28:00	4046.04	4046.86	4044.77	4045.85	380	0	14
2026.07.21	06:29:00	4045.86	4048.43	4045.22	4047.43	267	0	7
2026.07.21	06:30:00	4047.43	4049.58	4046.93	4048.58	326	0	13
2026.07.21	06:31:00	4048.51	4048.53	4045.08	4045.18	279	0	11
2026.07.21	06:32:00	4045.24	4045.99	4044.67	4045.06	272	0	17
2026.07.21	06:33:00	4045.05	4045.67	4044.76	4044.80	209	0	11
2026.07.21	06:34:00	4044.82	4045.29	4044.66	4044.80	192	0	14
2026.07.21	06:35:00	4044.72	4044.99	4043.54	4043.91	212	0	9
2026.07.21	06:36:00	4043.89	4044.50	4042.71	4043.54	222	0	19
2026.07.21	06:37:00	4043.51	4043.92	4043.00	4043.71	240	0	12
2026.07.21	06:38:00	4043.71	4045.12	4043.71	4044.37	172	0	22
2026.07.21	06:39:00	4044.37	4044.80	4043.98	4044.26	161	0	8
2026.07.21	06:40:00	4044.18	4044.38	4043.40	4043.59	160	0	8
2026.07.21	06:41:00	4043.61	4043.86	4043.16	4043.26	157	0	16
2026.07.21	06:42:00	4043.26	4043.58	4042.55	4042.94	129	0	19
2026.07.21	06:43:00	4042.84	4042.93	4042.02	4042.11	164	0	12
2026.07.21	06:44:00	4042.11	4042.65	4041.73	4041.81	139	0	33
2026.07.21	06:45:00	4041.79	4043.09	4041.72	4042.78	213	0	12
2026.07.21	06:46:00	4042.76	4043.65	4042.06	4042.64	169	0	29
2026.07.21	06:47:00	4042.61	4043.51	4042.59	4043.09	204	0	22
2026.07.21	06:48:00	4043.11	4044.79	4042.97	4044.78	250	0	25
2026.07.21	06:49:00	4044.78	4045.56	4044.55	4045.38	208	0	23
2026.07.21	06:50:00	4045.40	4046.18	4044.81	4046.18	188	0	24
2026.07.21	06:51:00	4046.15	4046.92	4045.07	4046.56	195	0	10
2026.07.21	06:52:00	4046.53	4046.66	4045.87	4046.08	165	0	30
2026.07.21	06:53:00	4046.11	4046.33	4045.50	4045.51	125	0	31
2026.07.21	06:54:00	4045.49	4046.13	4045.41	4045.56	150	0	14
2026.07.21	06:55:00	4045.54	4047.07	4045.27	4046.62	183	0	8
2026.07.21	06:56:00	4046.61	4046.85	4045.62	4046.05	167	0	25
2026.07.21	06:57:00	4046.03	4046.33	4045.58	4046.17	163	0	22
2026.07.21	06:58:00	4046.15	4046.96	4046.00	4046.28	173	0	21
2026.07.21	06:59:00	4046.28	4047.44	4046.06	4046.88	195	0	18
2026.07.21	07:00:00	4046.87	4048.58	4046.87	4048.05	306	0	7
2026.07.21	07:01:00	4048.05	4050.14	4047.54	4047.82	260	0	15
2026.07.21	07:02:00	4047.95	4048.21	4046.97	4047.66	117	0	23
2026.07.21	07:03:00	4047.69	4048.37	4047.05	4047.24	132	0	26
2026.07.21	07:04:00	4047.24	4048.32	4047.13	4047.95	120	0	23
2026.07.21	07:05:00	4047.95	4050.07	4047.55	4049.74	247	0	28
2026.07.21	07:06:00	4049.74	4051.86	4047.44	4047.95	444	0	9
2026.07.21	07:07:00	4047.95	4048.00	4047.02	4047.87	177	0	13
2026.07.21	07:08:00	4047.77	4049.19	4047.41	4048.57	171	0	20
2026.07.21	07:09:00	4048.57	4049.74	4048.41	4048.56	225	0	27
2026.07.21	07:10:00	4048.57	4048.59	4045.93	4045.95	250	0	16
2026.07.21	07:11:00	4045.99	4046.24	4045.56	4045.82	214	0	25
2026.07.21	07:12:00	4045.84	4046.11	4045.73	4045.96	114	0	23
2026.07.21	07:13:00	4045.98	4046.69	4045.70	4046.20	142	0	21
2026.07.21	07:14:00	4046.07	4046.72	4045.78	4045.88	124	0	15
2026.07.21	07:15:00	4045.92	4046.25	4044.46	4045.85	189	0	29
2026.07.21	07:16:00	4046.06	4046.34	4045.78	4046.32	96	0	30
2026.07.21	07:17:00	4046.34	4046.39	4045.49	4045.52	113	0	30
2026.07.21	07:18:00	4045.63	4045.66	4044.57	4044.81	163	0	30
2026.07.21	07:19:00	4044.87	4044.88	4043.77	4043.90	167	0	23
2026.07.21	07:20:00	4043.90	4046.73	4043.90	4046.43	207	0	19
2026.07.21	07:21:00	4046.42	4046.61	4045.42	4045.54	128	0	27
2026.07.21	07:22:00	4045.56	4045.56	4044.31	4044.69	118	0	30
2026.07.21	07:23:00	4044.71	4045.28	4044.62	4045.15	91	0	27
2026.07.21	07:24:00	4045.13	4045.50	4044.79	4044.91	107	0	31
2026.07.21	07:25:00	4044.91	4045.32	4044.34	4044.49	133	0	9
2026.07.21	07:26:00	4044.57	4044.66	4043.91	4044.02	142	0	29
2026.07.21	07:27:00	4044.06	4044.32	4043.64	4043.95	136	0	10
2026.07.21	07:28:00	4043.95	4044.74	4043.85	4044.52	99	0	21
2026.07.21	07:29:00	4044.52	4044.73	4044.00	4044.59	142	0	23
2026.07.21	07:30:00	4044.60	4045.41	4044.17	4045.08	141	0	24
2026.07.21	07:31:00	4045.06	4045.93	4045.06	4045.28	131	0	15
2026.07.21	07:32:00	4045.28	4045.53	4044.93	4045.17	143	0	26
2026.07.21	07:33:00	4045.17	4045.84	4044.95	4045.20	96	0	13
2026.07.21	07:34:00	4045.23	4045.64	4045.10	4045.60	123	0	12
2026.07.21	07:35:00	4045.48	4046.06	4045.08	4045.78	170	0	11
2026.07.21	07:36:00	4045.78	4045.78	4045.14	4045.17	145	0	10
2026.07.21	07:37:00	4045.17	4046.51	4045.15	4046.35	149	0	25
2026.07.21	07:38:00	4046.54	4046.55	4045.98	4046.14	123	0	15
2026.07.21	07:39:00	4046.16	4046.49	4046.00	4046.02	155	0	22
2026.07.21	07:40:00	4045.99	4046.23	4045.60	4045.77	106	0	24
2026.07.21	07:41:00	4045.73	4045.88	4045.02	4045.17	137	0	26
2026.07.21	07:42:00	4045.17	4047.55	4045.01	4047.33	192	0	15
2026.07.21	07:43:00	4047.31	4047.42	4046.56	4047.01	167	0	22
2026.07.21	07:44:00	4047.01	4047.14	4046.59	4047.14	112	0	23
2026.07.21	07:45:00	4047.12	4047.19	4045.50	4045.94	150	0	22
2026.07.21	07:46:00	4045.92	4046.81	4045.58	4046.39	102	0	27
2026.07.21	07:47:00	4046.43	4047.56	4046.43	4047.30	126	0	19
2026.07.21	07:48:00	4047.28	4047.69	4046.72	4046.78	120	0	12
2026.07.21	07:49:00	4046.80	4046.89	4046.37	4046.44	85	0	22
2026.07.21	07:50:00	4046.44	4046.44	4045.68	4045.83	135	0	22
2026.07.21	07:51:00	4045.83	4045.93	4045.42	4045.69	89	0	24
2026.07.21	07:52:00	4045.67	4047.11	4045.49	4047.05	92	0	15
2026.07.21	07:53:00	4047.05	4047.30	4046.54	4046.73	148	0	19
2026.07.21	07:54:00	4046.71	4047.36	4046.57	4047.24	126	0	20
2026.07.21	07:55:00	4047.26	4047.70	4046.72	4047.63	98	0	26
2026.07.21	07:56:00	4047.86	4048.55	4047.14	4048.26	149	0	23
2026.07.21	07:57:00	4048.26	4048.90	4048.13	4048.59	124	0	27
2026.07.21	07:58:00	4048.59	4049.07	4048.32	4049.05	161	0	31
2026.07.21	07:59:00	4049.05	4049.75	4048.24	4049.55	166	0	29
2026.07.21	08:00:00	4049.53	4050.37	4048.72	4049.87	208	0	21
2026.07.21	08:01:00	4049.87	4049.87	4048.34	4048.41	208	0	22
2026.07.21	08:02:00	4048.53	4049.19	4048.28	4048.85	173	0	16
2026.07.21	08:03:00	4048.85	4049.16	4048.41	4048.43	117	0	33
2026.07.21	08:04:00	4048.43	4049.11	4048.43	4048.49	153	0	24
2026.07.21	08:05:00	4048.47	4048.51	4047.46	4048.00	186	0	15
2026.07.21	08:06:00	4047.93	4048.13	4046.97	4047.17	222	0	14
2026.07.21	08:07:00	4047.17	4049.76	4046.22	4049.11	184	0	19
2026.07.21	08:08:00	4049.11	4049.93	4048.42	4048.56	148	0	27
2026.07.21	08:09:00	4048.53	4050.35	4048.33	4050.17	221	0	24
2026.07.21	08:10:00	4050.20	4050.46	4049.42	4049.52	209	0	26
2026.07.21	08:11:00	4049.45	4049.74	4048.21	4048.32	175	0	14
2026.07.21	08:12:00	4048.32	4050.06	4048.11	4049.66	236	0	8
2026.07.21	08:13:00	4049.66	4051.33	4049.44	4051.19	289	0	16
2026.07.21	08:14:00	4051.18	4051.70	4051.03	4051.46	230	0	15
2026.07.21	08:15:00	4051.37	4053.67	4050.59	4050.86	273	0	9
2026.07.21	08:16:00	4050.86	4051.10	4049.61	4049.64	200	0	20
2026.07.21	08:17:00	4049.64	4050.03	4048.95	4049.78	208	0	27
2026.07.21	08:18:00	4049.80	4050.38	4048.93	4050.16	178	0	24
2026.07.21	08:19:00	4050.20	4050.69	4049.71	4050.37	164	0	31
2026.07.21	08:20:00	4050.37	4050.41	4048.12	4048.25	205	0	23
2026.07.21	08:21:00	4048.25	4049.62	4048.00	4049.15	171	0	9
2026.07.21	08:22:00	4049.13	4049.44	4048.86	4049.09	116	0	22
2026.07.21	08:23:00	4049.09	4049.36	4048.56	4048.96	118	0	28
2026.07.21	08:24:00	4048.94	4051.42	4048.86	4051.01	235	0	21
2026.07.21	08:25:00	4051.01	4055.13	4050.93	4054.80	343	0	14
2026.07.21	08:26:00	4054.78	4056.34	4054.51	4055.32	261	0	16
2026.07.21	08:27:00	4055.06	4055.83	4053.30	4053.57	301	0	21
2026.07.21	08:28:00	4053.57	4054.48	4053.49	4053.56	179	0	19
2026.07.21	08:29:00	4053.80	4055.19	4053.57	4054.49	191	0	22
2026.07.21	08:30:00	4054.46	4057.87	4054.46	4057.31	583	0	13
2026.07.21	08:31:00	4057.33	4057.53	4056.20	4056.74	335	0	31
2026.07.21	08:32:00	4056.74	4057.81	4055.50	4057.23	350	0	22
2026.07.21	08:33:00	4057.17	4060.48	4057.17	4058.49	511	0	14
2026.07.21	08:34:00	4058.49	4059.92	4058.13	4059.63	289	0	14
2026.07.21	08:35:00	4059.64	4061.10	4059.26	4060.41	361	0	20
2026.07.21	08:36:00	4060.37	4061.74	4060.00	4061.29	266	0	15
2026.07.21	08:37:00	4061.29	4061.84	4058.86	4058.93	260	0	17
2026.07.21	08:38:00	4058.96	4059.91	4058.81	4059.54	217	0	14
2026.07.21	08:39:00	4059.54	4061.40	4059.47	4061.15	264	0	13
2026.07.21	08:40:00	4061.15	4063.88	4060.21	4063.30	485	0	19
2026.07.21	08:41:00	4063.30	4064.98	4063.11	4064.22	481	0	20
2026.07.21	08:42:00	4064.22	4065.98	4063.39	4064.03	413	0	8
2026.07.21	08:43:00	4064.03	4066.39	4063.73	4065.39	396	0	13
2026.07.21	08:44:00	4065.26	4066.25	4064.00	4065.87	403	0	8
2026.07.21	08:45:00	4066.24	4066.32	4063.80	4064.66	330	0	15
2026.07.21	08:46:00	4064.66	4067.71	4064.65	4067.49	361	0	9
2026.07.21	08:47:00	4067.51	4067.91	4064.53	4066.16	336	0	8
2026.07.21	08:48:00	4066.16	4067.18	4065.53	4066.59	321	0	9
2026.07.21	08:49:00	4066.68	4066.90	4065.20	4065.96	300	0	18
2026.07.21	08:50:00	4065.96	4066.47	4064.72	4065.24	373	0	20
2026.07.21	08:51:00	4065.24	4065.30	4062.87	4063.52	375	0	8
2026.07.21	08:52:00	4063.45	4064.00	4062.24	4063.51	359	0	12
2026.07.21	08:53:00	4063.51	4063.88	4062.94	4063.27	315	0	22
2026.07.21	08:54:00	4063.27	4063.73	4062.35	4062.84	283	0	18
2026.07.21	08:55:00	4062.84	4063.96	4062.48	4063.77	275	0	22
2026.07.21	08:56:00	4063.82	4064.65	4063.08	4063.35	216	0	16
2026.07.21	08:57:00	4063.36	4063.40	4062.18	4062.27	175	0	25
2026.07.21	08:58:00	4062.27	4062.75	4061.36	4062.03	200	0	25
2026.07.21	08:59:00	4062.03	4062.38	4061.24	4061.38	157	0	24
2026.07.21	09:00:00	4061.33	4064.26	4061.31	4063.75	381	0	16
2026.07.21	09:01:00	4063.75	4064.25	4063.17	4063.95	228	0	29
2026.07.21	09:02:00	4064.05	4065.59	4063.76	4064.86	343	0	12
2026.07.21	09:03:00	4064.86	4066.43	4064.72	4066.29	321	0	8
2026.07.21	09:04:00	4066.29	4066.51	4064.63	4065.28	331	0	22
2026.07.21	09:05:00	4065.29	4066.24	4063.97	4064.91	365	0	13
2026.07.21	09:06:00	4064.85	4065.23	4063.98	4064.54	307	0	23
2026.07.21	09:07:00	4064.54	4065.82	4064.29	4064.62	262	0	11
2026.07.21	09:08:00	4064.62	4066.27	4064.30	4065.84	325	0	14
2026.07.21	09:09:00	4065.98	4067.75	4065.87	4067.72	352	0	15
2026.07.21	09:10:00	4067.72	4068.18	4066.77	4067.36	396	0	18
2026.07.21	09:11:00	4067.36	4070.62	4066.67	4070.06	375	0	14
2026.07.21	09:12:00	4070.06	4070.90	4069.55	4069.81	318	0	9
2026.07.21	09:13:00	4069.87	4072.46	4069.40	4070.79	374	0	9
2026.07.21	09:14:00	4070.76	4071.91	4070.66	4071.28	330	0	10
2026.07.21	09:15:00	4071.28	4072.33	4070.58	4070.58	314	0	17
2026.07.21	09:16:00	4070.37	4072.62	4070.23	4071.03	383	0	20
2026.07.21	09:17:00	4071.03	4071.03	4068.52	4070.21	350	0	9
2026.07.21	09:18:00	4070.21	4070.80	4068.32	4069.95	251	0	14
2026.07.21	09:19:00	4070.00	4071.68	4070.00	4071.46	199	0	10
2026.07.21	09:20:00	4071.46	4072.67	4069.80	4070.01	274	0	10
2026.07.21	09:21:00	4069.98	4071.56	4069.79	4071.10	226	0	17
2026.07.21	09:22:00	4071.10	4073.48	4070.49	4072.38	247	0	17
2026.07.21	09:23:00	4072.38	4073.39	4071.91	4073.17	314	0	20
2026.07.21	09:24:00	4073.17	4074.37	4072.23	4073.58	341	0	9
2026.07.21	09:25:00	4073.41	4074.16	4072.56	4072.56	286	0	23
2026.07.21	09:26:00	4072.59	4072.87	4071.75	4072.16	281	0	25
2026.07.21	09:27:00	4072.16	4072.26	4071.06	4072.03	242	0	21
2026.07.21	09:28:00	4072.03	4072.48	4071.12	4071.51	204	0	20
2026.07.21	09:29:00	4071.58	4072.74	4071.43	4072.40	283	0	12
2026.07.21	09:30:00	4072.45	4073.16	4071.81	4072.55	363	0	21
2026.07.21	09:31:00	4072.60	4073.76	4072.14	4072.29	360	0	18
2026.07.21	09:32:00	4072.29	4074.58	4072.26	4073.97	304	0	26
2026.07.21	09:33:00	4073.96	4074.09	4072.35	4072.65	274	0	25
2026.07.21	09:34:00	4072.64	4073.12	4071.91	4072.53	348	0	20
2026.07.21	09:35:00	4072.53	4074.82	4072.41	4073.35	410	0	7
2026.07.21	09:36:00	4073.35	4076.02	4072.44	4074.10	385	0	13
2026.07.21	09:37:00	4074.10	4075.04	4073.61	4074.39	203	0	26
2026.07.21	09:38:00	4074.39	4074.73	4073.11	4074.32	250	0	18
2026.07.21	09:39:00	4074.32	4074.53	4073.41	4074.31	246	0	13
2026.07.21	09:40:00	4074.34	4075.45	4073.83	4073.86	229	0	19
2026.07.21	09:41:00	4073.86	4079.40	4073.75	4078.84	381	0	8
2026.07.21	09:42:00	4078.76	4080.57	4077.68	4077.92	450	0	8
2026.07.21	09:43:00	4077.93	4078.21	4076.77	4078.03	313	0	24
2026.07.21	09:44:00	4077.99	4078.44	4076.64	4076.93	258	0	9
2026.07.21	09:45:00	4076.93	4078.98	4076.85	4078.90	375	0	17
2026.07.21	09:46:00	4078.90	4079.17	4077.92	4079.08	257	0	19
2026.07.21	09:47:00	4079.08	4080.25	4078.20	4079.38	335	0	8
2026.07.21	09:48:00	4079.36	4082.81	4079.36	4081.81	432	0	29
2026.07.21	09:49:00	4082.05	4084.13	4081.96	4082.92	416	0	22
2026.07.21	09:50:00	4082.92	4083.32	4079.69	4079.78	313	0	20
2026.07.21	09:51:00	4079.85	4080.58	4079.33	4079.52	163	0	26
2026.07.21	09:52:00	4079.57	4080.83	4079.06	4080.52	298	0	19
2026.07.21	09:53:00	4080.52	4080.62	4079.66	4079.78	289	0	33
2026.07.21	09:54:00	4080.00	4080.75	4079.92	4080.06	228	0	15
2026.07.21	09:55:00	4080.06	4080.15	4078.93	4079.65	291	0	21
2026.07.21	09:56:00	4079.68	4080.57	4079.18	4080.22	260	0	15
2026.07.21	09:57:00	4080.22	4080.29	4078.86	4079.07	244	0	27
2026.07.21	09:58:00	4079.14	4079.48	4078.49	4079.02	253	0	24
2026.07.21	09:59:00	4079.02	4079.42	4078.23	4078.39	242	0	22
2026.07.21	10:00:00	4078.44	4080.14	4077.50	4077.50	326	0	9
2026.07.21	10:01:00	4077.64	4079.52	4077.50	4078.35	257	0	8
2026.07.21	10:02:00	4078.35	4079.00	4077.70	4078.28	229	0	26
2026.07.21	10:03:00	4078.28	4079.25	4077.84	4077.99	261	0	23
2026.07.21	10:04:00	4077.90	4078.17	4077.07	4077.36	206	0	12
2026.07.21	10:05:00	4077.27	4077.86	4075.86	4075.99	294	0	22
2026.07.21	10:06:00	4075.93	4077.99	4075.93	4077.28	266	0	21
2026.07.21	10:07:00	4077.35	4077.46	4076.35	4076.83	233	0	24
2026.07.21	10:08:00	4076.83	4077.71	4075.85	4076.18	259	0	15
2026.07.21	10:09:00	4076.19	4076.20	4074.60	4074.60	310	0	16
2026.07.21	10:10:00	4074.90	4075.35	4074.28	4074.33	251	0	20
2026.07.21	10:11:00	4074.44	4074.70	4072.34	4072.84	304	0	16
2026.07.21	10:12:00	4072.88	4073.59	4071.58	4071.69	321	0	19
2026.07.21	10:13:00	4071.80	4072.85	4071.75	4072.37	311	0	16
2026.07.21	10:14:00	4072.39	4073.04	4071.91	4072.00	235	0	17
2026.07.21	10:15:00	4072.00	4073.23	4070.93	4070.99	267	0	8
2026.07.21	10:16:00	4071.10	4072.54	4070.99	4072.01	228	0	8
2026.07.21	10:17:00	4072.03	4072.23	4071.65	4072.13	206	0	14
2026.07.21	10:18:00	4072.05	4073.06	4071.69	4071.70	192	0	8
2026.07.21	10:19:00	4071.76	4073.45	4071.66	4073.34	212	0	22
2026.07.21	10:20:00	4073.32	4073.32	4071.46	4071.54	223	0	22
2026.07.21	10:21:00	4071.62	4071.87	4070.78	4071.26	145	0	29
2026.07.21	10:22:00	4071.29	4072.51	4071.27	4071.87	159	0	20
2026.07.21	10:23:00	4071.87	4071.94	4070.44	4071.19	196	0	12
2026.07.21	10:24:00	4071.19	4071.75	4070.48	4070.58	158	0	13
2026.07.21	10:25:00	4070.62	4071.11	4069.85	4069.85	306	0	8
2026.07.21	10:26:00	4069.85	4070.15	4069.55	4069.64	211	0	18
2026.07.21	10:27:00	4069.65	4069.91	4068.23	4068.61	228	0	15
2026.07.21	10:28:00	4068.59	4070.30	4068.59	4070.11	214	0	7
2026.07.21	10:29:00	4070.10	4070.52	4069.44	4069.51	238	0	22
2026.07.21	10:30:00	4069.48	4069.54	4068.06	4068.06	267	0	13
2026.07.21	10:31:00	4068.06	4068.75	4067.59	4067.94	188	0	18
2026.07.21	10:32:00	4067.90	4070.60	4067.80	4070.56	257	0	8
2026.07.21	10:33:00	4070.60	4072.63	4070.58	4071.90	289	0	8
2026.07.21	10:34:00	4071.88	4073.75	4071.83	4073.27	220	0	18
2026.07.21	10:35:00	4073.31	4074.63	4073.25	4074.53	261	0	14
2026.07.21	10:36:00	4074.53	4075.34	4073.26	4074.17	236	0	16
2026.07.21	10:37:00	4074.19	4074.28	4072.67	4072.73	157	0	12
2026.07.21	10:38:00	4072.72	4073.93	4072.49	4073.71	208	0	13
2026.07.21	10:39:00	4073.71	4074.16	4072.84	4073.01	194	0	21
2026.07.21	10:40:00	4072.99	4073.74	4072.92	4073.10	196	0	17
2026.07.21	10:41:00	4073.12	4073.90	4072.07	4073.88	148	0	19
2026.07.21	10:42:00	4074.04	4074.11	4072.40	4072.82	230	0	14
2026.07.21	10:43:00	4072.82	4073.04	4071.97	4072.12	211	0	22
2026.07.21	10:44:00	4072.14	4072.21	4071.20	4071.41	155	0	18
2026.07.21	10:45:00	4071.46	4072.56	4071.01	4071.52	223	0	9
2026.07.21	10:46:00	4071.54	4071.84	4070.66	4070.74	243	0	20
2026.07.21	10:47:00	4070.74	4071.29	4070.11	4071.29	191	0	14
2026.07.21	10:48:00	4071.38	4071.90	4070.29	4071.76	185	0	20
2026.07.21	10:49:00	4071.75	4072.03	4071.19	4071.46	161	0	22
2026.07.21	10:50:00	4071.49	4072.06	4071.25	4071.80	169	0	21
2026.07.21	10:51:00	4071.85	4071.92	4070.93	4071.45	192	0	22
2026.07.21	10:52:00	4071.38	4071.60	4070.53	4071.08	187	0	24
2026.07.21	10:53:00	4071.06	4071.07	4070.32	4070.57	146	0	19
2026.07.21	10:54:00	4070.57	4071.92	4070.36	4070.40	202	0	9
2026.07.21	10:55:00	4070.40	4070.90	4069.73	4070.63	224	0	21
2026.07.21	10:56:00	4070.50	4071.34	4070.02	4071.15	246	0	14
2026.07.21	10:57:00	4070.91	4071.06	4069.73	4070.23	216	0	15
2026.07.21	10:58:00	4070.28	4070.71	4070.15	4070.71	201	0	9
2026.07.21	10:59:00	4070.71	4071.75	4070.44	4071.28	165	0	20
2026.07.21	11:00:00	4071.26	4072.48	4069.21	4069.57	324	0	8
2026.07.21	11:01:00	4069.53	4069.53	4068.02	4068.37	246	0	21
2026.07.21	11:02:00	4068.39	4069.84	4066.22	4067.07	408	0	7
2026.07.21	11:03:00	4067.07	4068.66	4066.33	4066.33	274	0	19
2026.07.21	11:04:00	4066.43	4067.47	4065.99	4066.14	297	0	14
2026.07.21	11:05:00	4066.14	4068.89	4065.98	4068.38	274	0	9
2026.07.21	11:06:00	4068.38	4069.59	4068.05	4069.59	233	0	19
2026.07.21	11:07:00	4069.57	4069.65	4066.62	4066.87	308	0	19
2026.07.21	11:08:00	4066.87	4068.22	4065.42	4066.39	282	0	7
2026.07.21	11:09:00	4066.39	4066.75	4065.85	4066.58	290	0	27
2026.07.21	11:10:00	4066.58	4067.23	4066.19	4067.22	180	0	29
2026.07.21	11:11:00	4067.20	4068.12	4065.68	4067.18	304	0	24
2026.07.21	11:12:00	4067.20	4067.48	4066.62	4067.10	230	0	19
2026.07.21	11:13:00	4067.10	4067.95	4066.97	4067.89	186	0	21
2026.07.21	11:14:00	4067.89	4068.46	4067.33	4067.93	267	0	8
2026.07.21	11:15:00	4067.93	4068.61	4067.15	4067.81	294	0	8
2026.07.21	11:16:00	4067.87	4068.10	4067.31	4067.73	233	0	23
2026.07.21	11:17:00	4067.79	4067.82	4066.55	4067.24	180	0	24
2026.07.21	11:18:00	4067.24	4067.39	4066.02	4066.22	196	0	23
2026.07.21	11:19:00	4066.22	4067.16	4066.08	4066.88	204	0	19
2026.07.21	11:20:00	4066.88	4066.97	4064.89	4064.97	256	0	8
2026.07.21	11:21:00	4064.97	4064.97	4064.32	4064.79	199	0	16
2026.07.21	11:22:00	4064.79	4065.05	4064.08	4064.22	184	0	21
2026.07.21	11:23:00	4064.22	4064.32	4063.26	4063.93	259	0	18
2026.07.21	11:24:00	4063.92	4063.92	4063.02	4063.88	236	0	15
2026.07.21	11:25:00	4063.86	4064.40	4063.31	4063.70	197	0	8
2026.07.21	11:26:00	4063.70	4064.08	4063.13	4063.25	193	0	23
2026.07.21	11:27:00	4063.25	4064.46	4062.92	4064.38	236	0	20
2026.07.21	11:28:00	4064.41	4064.73	4063.14	4063.47	229	0	17
2026.07.21	11:29:00	4063.45	4063.76	4062.82	4063.57	299	0	11
2026.07.21	11:30:00	4063.55	4064.07	4062.44	4063.29	331	0	10
2026.07.21	11:31:00	4063.29	4064.37	4063.29	4063.67	324	0	16
2026.07.21	11:32:00	4063.70	4065.06	4063.11	4064.49	258	0	10
2026.07.21	11:33:00	4064.37	4064.90	4063.62	4064.42	198	0	17
2026.07.21	11:34:00	4064.42	4064.42	4061.79	4062.56	249	0	17
2026.07.21	11:35:00	4062.66	4063.55	4061.81	4062.97	271	0	24
2026.07.21	11:36:00	4062.97	4063.02	4060.79	4060.99	247	0	11
2026.07.21	11:37:00	4060.99	4062.54	4060.99	4062.08	210	0	18
2026.07.21	11:38:00	4062.14	4062.37	4061.80	4062.32	163	0	18
2026.07.21	11:39:00	4062.32	4062.50	4061.48	4062.32	168	0	18
2026.07.21	11:40:00	4062.32	4063.86	4062.19	4063.57	188	0	19
2026.07.21	11:41:00	4063.57	4063.99	4063.47	4063.81	207	0	13
2026.07.21	11:42:00	4063.79	4063.79	4062.36	4062.42	211	0	19
2026.07.21	11:43:00	4062.39	4063.12	4062.35	4062.83	192	0	16
2026.07.21	11:44:00	4062.87	4062.91	4062.02	4062.18	200	0	10
2026.07.21	11:45:00	4062.24	4062.43	4060.97	4061.20	220	0	24
2026.07.21	11:46:00	4061.22	4061.27	4060.42	4060.58	182	0	28
2026.07.21	11:47:00	4060.54	4060.88	4060.15	4060.26	187	0	26
2026.07.21	11:48:00	4060.41	4060.58	4059.17	4059.89	258	0	16
2026.07.21	11:49:00	4059.89	4060.26	4059.68	4060.07	161	0	28
2026.07.21	11:50:00	4060.14	4060.55	4059.20	4059.56	240	0	25
2026.07.21	11:51:00	4059.58	4061.47	4059.15	4061.03	214	0	13
2026.07.21	11:52:00	4061.01	4063.44	4060.97	4062.73	284	0	18
2026.07.21	11:53:00	4062.69	4062.80	4061.67	4061.70	242	0	24
2026.07.21	11:54:00	4061.70	4062.01	4061.03	4061.12	167	0	23
2026.07.21	11:55:00	4061.12	4062.07	4060.17	4061.86	220	0	8
2026.07.21	11:56:00	4061.83	4062.77	4061.83	4062.50	166	0	24
2026.07.21	11:57:00	4062.48	4062.58	4061.15	4061.57	104	0	28
2026.07.21	11:58:00	4061.58	4062.81	4061.49	4062.23	86	0	11
2026.07.21	11:59:00	4062.25	4063.59	4062.25	4062.78	125	0	27
2026.07.21	12:00:00	4062.82	4064.10	4062.82	4063.19	209	0	18
2026.07.21	12:01:00	4063.17	4064.30	4063.03	4063.99	131	0	15
2026.07.21	12:02:00	4063.97	4065.30	4063.57	4065.09	104	0	26
2026.07.21	12:03:00	4065.10	4065.80	4064.49	4065.50	243	0	14
2026.07.21	12:04:00	4065.48	4066.64	4065.34	4065.95	231	0	22
2026.07.21	12:05:00	4065.87	4065.95	4064.16	4065.23	244	0	16
2026.07.21	12:06:00	4065.27	4066.16	4064.25	4064.73	219	0	25
2026.07.21	12:07:00	4064.71	4064.89	4063.68	4064.09	201	0	17
2026.07.21	12:08:00	4064.09	4066.35	4063.79	4065.98	240	0	8
2026.07.21	12:09:00	4065.98	4066.74	4065.59	4065.96	227	0	25
2026.07.21	12:10:00	4066.00	4066.28	4065.21	4065.21	206	0	30
2026.07.21	12:11:00	4065.21	4065.48	4065.02	4065.18	150	0	25
2026.07.21	12:12:00	4065.18	4065.60	4065.15	4065.17	122	0	25
2026.07.21	12:13:00	4065.16	4065.63	4064.93	4064.99	152	0	15
2026.07.21	12:14:00	4065.01	4065.40	4064.64	4065.11	141	0	27
2026.07.21	12:15:00	4065.23	4066.24	4064.65	4066.21	160	0	27
2026.07.21	12:16:00	4066.16	4066.70	4065.70	4066.07	167	0	19
2026.07.21	12:17:00	4066.00	4066.38	4064.92	4066.28	280	0	13
2026.07.21	12:18:00	4066.36	4066.46	4065.64	4065.97	244	0	20
2026.07.21	12:19:00	4065.86	4066.72	4065.51	4066.39	180	0	12
2026.07.21	12:20:00	4066.39	4067.96	4066.39	4066.77	366	0	20
2026.07.21	12:21:00	4066.77	4066.85	4065.07	4066.51	236	0	26
2026.07.21	12:22:00	4066.53	4067.59	4066.02	4067.25	272	0	17
2026.07.21	12:23:00	4067.28	4068.22	4066.37	4066.45	329	0	18
2026.07.21	12:24:00	4066.45	4067.07	4065.95	4067.04	252	0	9
2026.07.21	12:25:00	4067.03	4068.23	4066.98	4068.22	261	0	20
2026.07.21	12:26:00	4068.22	4068.42	4065.82	4065.82	214	0	20
2026.07.21	12:27:00	4065.77	4065.79	4064.25	4064.99	278	0	18
2026.07.21	12:28:00	4064.95	4065.12	4063.35	4063.51	191	0	13
2026.07.21	12:29:00	4063.54	4064.00	4062.51	4062.73	213	0	20
2026.07.21	12:30:00	4062.73	4065.52	4062.15	4062.73	314	0	10
2026.07.21	12:31:00	4062.73	4063.73	4061.68	4063.16	262	0	24
2026.07.21	12:32:00	4063.21	4063.79	4062.97	4063.34	180	0	30
2026.07.21	12:33:00	4063.34	4064.53	4062.49	4064.39	198	0	13
2026.07.21	12:34:00	4064.39	4064.70	4063.03	4063.03	177	0	23
2026.07.21	12:35:00	4063.01	4063.40	4062.24	4062.72	177	0	21
2026.07.21	12:36:00	4062.74	4062.89	4062.34	4062.52	187	0	21
2026.07.21	12:37:00	4062.53	4063.92	4061.89	4063.87	183	0	10
2026.07.21	12:38:00	4063.92	4064.10	4063.33	4063.34	214	0	22
2026.07.21	12:39:00	4063.17	4063.22	4061.71	4062.48	176	0	19
2026.07.21	12:40:00	4062.50	4062.84	4062.01	4062.40	167	0	21
2026.07.21	12:41:00	4062.40	4062.50	4061.62	4061.64	174	0	27
2026.07.21	12:42:00	4061.64	4061.89	4060.95	4061.38	172	0	24
2026.07.21	12:43:00	4061.37	4062.21	4061.06	4062.09	168	0	26
2026.07.21	12:44:00	4062.09	4062.79	4061.79	4062.37	131	0	29
2026.07.21	12:45:00	4062.37	4063.35	4062.12	4063.25	191	0	15
2026.07.21	12:46:00	4063.27	4065.29	4062.92	4064.67	199	0	8
2026.07.21	12:47:00	4064.65	4064.76	4063.91	4064.73	176	0	21
2026.07.21	12:48:00	4064.73	4066.25	4064.14	4066.23	175	0	26
2026.07.21	12:49:00	4066.23	4066.97	4065.97	4066.33	232	0	28
2026.07.21	12:50:00	4066.40	4066.40	4064.51	4064.64	205	0	14
2026.07.21	12:51:00	4064.66	4068.02	4064.41	4067.64	251	0	8
2026.07.21	12:52:00	4067.64	4068.15	4067.02	4067.93	282	0	28
2026.07.21	12:53:00	4067.94	4069.40	4067.83	4069.10	260	0	11
2026.07.21	12:54:00	4069.03	4069.66	4068.91	4069.18	188	0	16
2026.07.21	12:55:00	4069.27	4069.27	4067.80	4068.36	191	0	10
2026.07.21	12:56:00	4068.36	4069.15	4068.17	4068.79	217	0	27
2026.07.21	12:57:00	4068.78	4068.94	4066.91	4067.44	168	0	18
2026.07.21	12:58:00	4067.44	4068.13	4066.97	4068.03	203	0	20
2026.07.21	12:59:00	4068.03	4068.08	4065.61	4065.91	160	0	25
2026.07.21	13:00:00	4065.79	4067.19	4065.54	4065.85	240	0	11
2026.07.21	13:01:00	4065.87	4066.91	4065.85	4066.90	209	0	16
2026.07.21	13:02:00	4066.92	4068.10	4066.65	4067.72	297	0	8
2026.07.21	13:03:00	4067.70	4067.86	4066.11	4066.17	208	0	21
2026.07.21	13:04:00	4066.15	4066.15	4063.62	4063.96	257	0	11
2026.07.21	13:05:00	4063.94	4064.23	4063.50	4063.51	217	0	20
2026.07.21	13:06:00	4063.53	4063.74	4063.18	4063.29	192	0	29
2026.07.21	13:07:00	4063.34	4063.49	4062.82	4063.17	144	0	26
2026.07.21	13:08:00	4063.17	4063.35	4062.55	4062.68	202	0	24
2026.07.21	13:09:00	4062.71	4063.23	4061.45	4061.47	212	0	13
2026.07.21	13:10:00	4061.47	4064.97	4060.84	4064.57	531	0	8
2026.07.21	13:11:00	4064.57	4068.40	4064.19	4068.21	661	0	8
2026.07.21	13:12:00	4068.23	4068.23	4065.92	4066.31	413	0	10
2026.07.21	13:13:00	4066.34	4067.42	4066.21	4066.84	293	0	29
2026.07.21	13:14:00	4066.84	4067.28	4065.75	4066.16	197	0	27
2026.07.21	13:15:00	4066.18	4066.69	4064.74	4065.44	331	0	20
2026.07.21	13:16:00	4065.44	4067.27	4065.32	4066.45	326	0	10
2026.07.21	13:17:00	4066.41	4066.98	4065.85	4066.91	188	0	24
2026.07.21	13:18:00	4066.91	4068.22	4066.83	4067.67	255	0	14
2026.07.21	13:19:00	4067.76	4068.13	4067.28	4067.30	287	0	21
2026.07.21	13:20:00	4067.30	4067.76	4067.07	4067.65	246	0	27
2026.07.21	13:21:00	4067.65	4068.16	4066.93	4067.91	243	0	29
2026.07.21	13:22:00	4067.91	4068.37	4067.36	4067.48	286	0	24
2026.07.21	13:23:00	4067.57	4068.56	4067.22	4068.23	195	0	21
2026.07.21	13:24:00	4068.12	4069.12	4067.23	4067.27	225	0	23
2026.07.21	13:25:00	4067.27	4068.99	4067.10	4068.71	205	0	10
2026.07.21	13:26:00	4068.68	4069.25	4068.07	4068.81	218	0	17
2026.07.21	13:27:00	4068.99	4069.14	4067.61	4067.68	181	0	16
2026.07.21	13:28:00	4067.68	4068.11	4067.17	4067.48	153	0	20
2026.07.21	13:29:00	4067.48	4067.70	4066.12	4066.66	225	0	20
2026.07.21	13:30:00	4066.78	4067.64	4066.67	4067.32	221	0	20
2026.07.21	13:31:00	4067.32	4068.11	4067.32	4067.75	167	0	20
2026.07.21	13:32:00	4067.56	4067.79	4066.53	4067.78	186	0	30
2026.07.21	13:33:00	4067.93	4068.22	4067.07	4067.18	211	0	28
2026.07.21	13:34:00	4067.18	4068.39	4067.12	4068.18	208	0	17
2026.07.21	13:35:00	4068.18	4069.01	4067.99	4068.05	234	0	23
2026.07.21	13:36:00	4068.00	4069.98	4067.97	4069.34	291	0	16
2026.07.21	13:37:00	4069.34	4070.06	4068.67	4070.06	229	0	24
2026.07.21	13:38:00	4070.04	4070.09	4069.04	4069.08	171	0	30
2026.07.21	13:39:00	4069.08	4069.77	4068.55	4068.79	219	0	10
2026.07.21	13:40:00	4068.79	4068.79	4066.84	4067.56	223	0	18
2026.07.21	13:41:00	4067.56	4068.19	4067.34	4068.09	177	0	27
2026.07.21	13:42:00	4068.11	4068.32	4067.18	4067.31	175	0	13
2026.07.21	13:43:00	4067.33	4067.85	4067.31	4067.61	161	0	24
2026.07.21	13:44:00	4067.63	4067.82	4066.70	4066.95	124	0	21
2026.07.21	13:45:00	4067.07	4068.51	4066.75	4068.08	176	0	25
2026.07.21	13:46:00	4068.08	4068.42	4066.59	4066.59	260	0	13
2026.07.21	13:47:00	4066.59	4066.60	4063.70	4064.23	297	0	8
2026.07.21	13:48:00	4064.17	4064.33	4062.88	4063.60	216	0	11
2026.07.21	13:49:00	4063.60	4064.25	4062.91	4062.97	163	0	11
2026.07.21	13:50:00	4063.18	4064.24	4062.89	4063.30	229	0	8
2026.07.21	13:51:00	4063.30	4063.68	4062.87	4063.68	217	0	10
2026.07.21	13:52:00	4063.68	4065.59	4063.51	4065.11	179	0	19
2026.07.21	13:53:00	4065.13	4066.26	4065.13	4065.64	184	0	27
2026.07.21	13:54:00	4065.68	4065.91	4064.73	4064.77	175	0	26
2026.07.21	13:55:00	4064.77	4065.13	4063.96	4064.38	240	0	13
2026.07.21	13:56:00	4064.36	4064.85	4064.07	4064.84	160	0	17
2026.07.21	13:57:00	4064.84	4064.88	4062.38	4062.62	243	0	9
2026.07.21	13:58:00	4062.71	4063.81	4062.48	4062.77	214	0	10
2026.07.21	13:59:00	4062.76	4063.09	4062.56	4062.90	190	0	13
2026.07.21	14:00:00	4062.87	4063.69	4060.90	4060.90	303	0	9
2026.07.21	14:01:00	4060.91	4061.22	4059.98	4061.00	328	0	10
2026.07.21	14:02:00	4061.00	4061.93	4060.71	4060.84	227	0	22
2026.07.21	14:03:00	4060.86	4060.90	4059.30	4059.94	243	0	25
2026.07.21	14:04:00	4059.94	4060.06	4056.15	4056.65	339	0	14
2026.07.21	14:05:00	4056.65	4058.61	4056.63	4058.30	245	0	9
2026.07.21	14:06:00	4058.29	4058.95	4057.21	4057.26	239	0	20
2026.07.21	14:07:00	4057.23	4057.26	4055.56	4055.92	254	0	8
2026.07.21	14:08:00	4055.92	4057.01	4055.92	4056.74	195	0	28
2026.07.21	14:09:00	4056.72	4056.72	4055.41	4056.07	249	0	18
2026.07.21	14:10:00	4056.05	4057.28	4055.90	4056.71	193	0	18
2026.07.21	14:11:00	4056.93	4058.33	4056.83	4058.20	162	0	13
2026.07.21	14:12:00	4058.20	4059.04	4057.63	4058.32	251	0	15
2026.07.21	14:13:00	4058.32	4058.75	4057.69	4057.82	206	0	20
2026.07.21	14:14:00	4057.82	4058.62	4057.77	4058.51	207	0	21
2026.07.21	14:15:00	4058.48	4059.65	4058.37	4059.16	206	0	17
2026.07.21	14:16:00	4059.16	4059.43	4058.61	4058.61	197	0	23
2026.07.21	14:17:00	4058.51	4059.09	4058.43	4058.44	215	0	19
2026.07.21	14:18:00	4058.41	4059.53	4058.41	4058.76	166	0	27
2026.07.21	14:19:00	4058.76	4059.03	4057.92	4058.03	200	0	10
2026.07.21	14:20:00	4058.06	4058.25	4056.48	4056.99	279	0	18
2026.07.21	14:21:00	4056.99	4057.08	4056.23	4056.61	215	0	13
2026.07.21	14:22:00	4056.59	4057.82	4056.19	4057.75	171	0	19
2026.07.21	14:23:00	4057.75	4058.46	4057.74	4058.31	145	0	21
2026.07.21	14:24:00	4058.35	4059.36	4058.33	4059.33	192	0	22
2026.07.21	14:25:00	4059.33	4059.50	4057.18	4057.60	204	0	9
2026.07.21	14:26:00	4057.58	4058.38	4057.58	4058.25	183	0	16
2026.07.21	14:27:00	4058.25	4059.50	4057.71	4059.33	314	0	13
2026.07.21	14:28:00	4059.34	4059.72	4059.33	4059.45	132	0	9
2026.07.21	14:29:00	4059.49	4059.75	4057.96	4058.01	199	0	8
2026.07.21	14:30:00	4058.12	4059.62	4057.77	4059.33	266	0	13
2026.07.21	14:31:00	4059.33	4059.37	4057.99	4058.49	211	0	19
2026.07.21	14:32:00	4058.49	4059.04	4058.06	4058.12	237	0	17
2026.07.21	14:33:00	4058.05	4058.87	4057.95	4058.75	218	0	22
2026.07.21	14:34:00	4058.75	4059.09	4058.67	4058.78	117	0	27
2026.07.21	14:35:00	4058.96	4059.68	4058.64	4059.68	192	0	20
2026.07.21	14:36:00	4059.68	4060.78	4059.47	4060.35	158	0	11
2026.07.21	14:37:00	4060.12	4060.36	4059.70	4060.23	236	0	24
2026.07.21	14:38:00	4060.15	4060.54	4059.64	4060.11	186	0	18
2026.07.21	14:39:00	4060.11	4061.13	4059.69	4059.91	290	0	8
2026.07.21	14:40:00	4059.91	4060.07	4057.99	4058.03	283	0	21
2026.07.21	14:41:00	4058.03	4058.81	4057.03	4057.03	228	0	12
2026.07.21	14:42:00	4057.03	4057.36	4055.66	4055.79	215	0	15
2026.07.21	14:43:00	4055.79	4056.49	4055.43	4056.44	176	0	24
2026.07.21	14:44:00	4056.41	4056.61	4055.72	4056.01	196	0	21
2026.07.21	14:45:00	4055.87	4057.05	4054.36	4054.38	184	0	9
2026.07.21	14:46:00	4054.50	4055.19	4054.33	4055.04	174	0	23
2026.07.21	14:47:00	4055.10	4057.39	4055.10	4056.98	211	0	12
2026.07.21	14:48:00	4056.99	4057.19	4056.28	4056.28	121	0	16
2026.07.21	14:49:00	4056.28	4057.84	4056.26	4057.83	137	0	28
2026.07.21	14:50:00	4057.61	4058.36	4057.58	4058.30	216	0	13
2026.07.21	14:51:00	4058.24	4058.30	4057.12	4057.19	143	0	16
2026.07.21	14:52:00	4057.18	4057.34	4055.63	4055.88	231	0	20
2026.07.21	14:53:00	4055.88	4056.53	4055.86	4056.39	144	0	16
2026.07.21	14:54:00	4056.37	4056.78	4055.99	4056.45	139	0	28
2026.07.21	14:55:00	4056.48	4056.67	4056.00	4056.60	161	0	27
2026.07.21	14:56:00	4056.60	4057.03	4056.25	4056.47	173	0	23
2026.07.21	14:57:00	4056.50	4056.55	4054.97	4055.16	151	0	19
2026.07.21	14:58:00	4055.16	4056.13	4055.00	4056.00	187	0	10
2026.07.21	14:59:00	4056.00	4056.34	4055.59	4055.96	159	0	25
2026.07.21	15:00:00	4056.06	4058.76	4055.80	4057.66	366	0	19
2026.07.21	15:01:00	4057.71	4057.83	4056.22	4056.41	334	0	18
2026.07.21	15:02:00	4056.39	4057.80	4055.62	4057.63	325	0	25
2026.07.21	15:03:00	4057.63	4058.64	4057.55	4058.37	233	0	18
2026.07.21	15:04:00	4058.37	4058.70	4057.82	4058.27	290	0	8
2026.07.21	15:05:00	4058.29	4059.03	4058.08	4058.89	299	0	10
2026.07.21	15:06:00	4058.94	4060.19	4058.13	4060.16	331	0	8
2026.07.21	15:07:00	4060.18	4060.96	4059.94	4060.00	364	0	10
2026.07.21	15:08:00	4060.11	4060.41	4059.26	4059.26	253	0	10
2026.07.21	15:09:00	4059.26	4059.34	4058.19	4058.60	281	0	14
2026.07.21	15:10:00	4058.60	4058.60	4056.24	4056.98	356	0	8
2026.07.21	15:11:00	4056.96	4057.78	4056.82	4057.30	238	0	24
2026.07.21	15:12:00	4057.30	4058.95	4057.29	4058.80	222	0	24
2026.07.21	15:13:00	4058.82	4059.70	4058.39	4058.92	199	0	8
2026.07.21	15:14:00	4058.92	4059.40	4058.45	4059.31	195	0	9
2026.07.21	15:15:00	4059.31	4059.67	4056.49	4056.65	241	0	12
2026.07.21	15:16:00	4056.65	4057.58	4055.73	4057.44	411	0	8
2026.07.21	15:17:00	4057.44	4060.19	4057.17	4059.71	294	0	12
2026.07.21	15:18:00	4059.67	4060.12	4058.73	4058.89	321	0	10
2026.07.21	15:19:00	4058.89	4059.51	4058.37	4059.02	273	0	17
2026.07.21	15:20:00	4059.01	4061.19	4057.97	4058.40	443	0	8
2026.07.21	15:21:00	4058.34	4060.61	4057.76	4060.55	270	0	12
2026.07.21	15:22:00	4060.53	4060.73	4059.09	4059.13	320	0	9
2026.07.21	15:23:00	4059.11	4062.38	4058.62	4062.22	344	0	8
2026.07.21	15:24:00	4062.21	4065.72	4061.60	4065.10	401	0	8
2026.07.21	15:25:00	4065.10	4065.21	4060.84	4060.84	492	0	21
2026.07.21	15:26:00	4060.83	4063.28	4060.83	4063.21	398	0	10
2026.07.21	15:27:00	4063.21	4063.21	4061.44	4061.73	319	0	25
2026.07.21	15:28:00	4061.74	4062.16	4060.65	4061.10	394	0	19
2026.07.21	15:29:00	4061.10	4062.26	4060.90	4061.50	301	0	10
2026.07.21	15:30:00	4061.56	4063.57	4060.94	4062.00	428	0	8
2026.07.21	15:31:00	4061.94	4062.44	4060.68	4062.12	351	0	11
2026.07.21	15:32:00	4062.12	4062.27	4061.22	4062.03	356	0	11
2026.07.21	15:33:00	4062.03	4063.69	4061.01	4061.29	361	0	18
2026.07.21	15:34:00	4061.24	4061.60	4059.03	4059.37	447	0	8
2026.07.21	15:35:00	4059.37	4059.48	4055.68	4056.22	452	0	9
2026.07.21	15:36:00	4056.24	4057.08	4055.40	4055.42	334	0	12
2026.07.21	15:37:00	4055.63	4055.76	4053.66	4055.39	415	0	9
2026.07.21	15:38:00	4055.39	4055.62	4053.92	4054.61	325	0	8
2026.07.21	15:39:00	4054.66	4055.79	4054.29	4055.04	253	0	8
2026.07.21	15:40:00	4055.04	4056.14	4054.06	4055.09	266	0	13
2026.07.21	15:41:00	4055.12	4055.27	4052.92	4054.37	325	0	8
2026.07.21	15:42:00	4054.46	4055.24	4054.05	4054.77	276	0	8
2026.07.21	15:43:00	4054.77	4055.70	4051.05	4052.04	427	0	8
2026.07.21	15:44:00	4052.04	4054.25	4050.98	4053.89	485	0	21
2026.07.21	15:45:00	4053.89	4055.93	4053.84	4055.32	334	0	12
2026.07.21	15:46:00	4055.42	4055.95	4053.56	4054.19	239	0	14
2026.07.21	15:47:00	4054.22	4057.55	4054.22	4057.50	222	0	14
2026.07.21	15:48:00	4057.48	4060.83	4057.26	4060.25	361	0	8
2026.07.21	15:49:00	4060.24	4062.10	4059.91	4059.99	316	0	10
2026.07.21	15:50:00	4060.01	4060.06	4057.55	4058.25	369	0	14
2026.07.21	15:51:00	4058.09	4059.11	4057.15	4057.41	402	0	12
2026.07.21	15:52:00	4057.49	4057.83	4056.15	4056.58	344	0	8
2026.07.21	15:53:00	4056.58	4056.59	4055.31	4056.23	245	0	16
2026.07.21	15:54:00	4056.23	4056.47	4055.44	4055.63	330	0	13
2026.07.21	15:55:00	4055.65	4055.65	4053.04	4053.49	356	0	24
2026.07.21	15:56:00	4053.47	4053.96	4052.77	4053.68	237	0	9
2026.07.21	15:57:00	4053.66	4055.25	4052.90	4054.61	265	0	15
2026.07.21	15:58:00	4054.61	4055.40	4053.72	4054.01	260	0	25
2026.07.21	15:59:00	4053.93	4055.88	4053.30	4053.81	320	0	8
2026.07.21	16:00:00	4053.79	4058.71	4053.72	4058.08	647	0	8
2026.07.21	16:01:00	4058.08	4060.00	4057.95	4059.21	452	0	11
2026.07.21	16:02:00	4059.21	4060.18	4058.69	4059.07	481	0	11
2026.07.21	16:03:00	4059.06	4060.38	4057.18	4057.90	481	0	12
2026.07.21	16:04:00	4057.79	4058.02	4055.88	4056.94	583	0	16
2026.07.21	16:05:00	4056.97	4059.87	4056.97	4059.03	394	0	15
2026.07.21	16:06:00	4059.02	4059.75	4058.13	4059.08	427	0	8
2026.07.21	16:07:00	4059.10	4060.34	4058.37	4059.22	441	0	14
2026.07.21	16:08:00	4059.22	4060.07	4058.40	4059.50	386	0	8
2026.07.21	16:09:00	4059.48	4059.78	4057.10	4057.45	357	0	10
2026.07.21	16:10:00	4057.45	4058.85	4057.20	4057.88	429	0	7
2026.07.21	16:11:00	4057.88	4058.90	4057.63	4057.98	260	0	11
2026.07.21	16:12:00	4058.01	4058.54	4057.53	4057.67	253	0	18
2026.07.21	16:13:00	4057.67	4058.23	4056.73	4057.53	321	0	11
2026.07.21	16:14:00	4057.50	4060.31	4057.50	4059.74	328	0	19
2026.07.21	16:15:00	4059.74	4061.62	4058.77	4060.28	376	0	12
2026.07.21	16:16:00	4060.20	4060.20	4056.77	4056.79	388	0	8
2026.07.21	16:17:00	4056.83	4057.21	4055.51	4055.75	438	0	8
2026.07.21	16:18:00	4055.73	4056.55	4054.57	4055.76	375	0	8
2026.07.21	16:19:00	4055.75	4056.46	4054.89	4055.77	429	0	8
2026.07.21	16:20:00	4055.77	4057.11	4055.16	4055.48	360	0	22
2026.07.21	16:21:00	4055.48	4056.59	4053.31	4056.10	340	0	12
2026.07.21	16:22:00	4056.10	4057.39	4055.95	4056.23	292	0	8
2026.07.21	16:23:00	4056.17	4056.83	4053.67	4054.05	423	0	10
2026.07.21	16:24:00	4054.07	4054.46	4051.68	4052.53	468	0	10
2026.07.21	16:25:00	4052.53	4054.61	4052.42	4053.52	449	0	12
2026.07.21	16:26:00	4053.56	4054.09	4052.74	4052.97	338	0	8
2026.07.21	16:27:00	4052.96	4053.43	4051.60	4053.22	485	0	8
2026.07.21	16:28:00	4053.25	4053.47	4050.73	4051.19	498	0	7
2026.07.21	16:29:00	4051.22	4051.71	4050.30	4050.88	537	0	9
2026.07.21	16:30:00	4050.84	4052.85	4050.01	4051.32	719	0	9
2026.07.21	16:31:00	4051.41	4051.76	4047.62	4047.84	704	0	8
2026.07.21	16:32:00	4048.00	4053.75	4047.88	4053.70	691	0	7
2026.07.21	16:33:00	4053.87	4055.96	4052.43	4053.75	673	0	7
2026.07.21	16:34:00	4053.75	4057.32	4053.75	4055.91	573	0	10
2026.07.21	16:35:00	4055.79	4057.41	4055.13	4056.35	708	0	14
2026.07.21	16:36:00	4056.35	4057.32	4054.60	4054.62	636	0	7
2026.07.21	16:37:00	4054.62	4055.01	4050.96	4051.69	677	0	9
2026.07.21	16:38:00	4051.69	4053.36	4051.38	4052.82	691	0	10
2026.07.21	16:39:00	4052.82	4053.67	4051.93	4052.77	520	0	20
2026.07.21	16:40:00	4052.75	4053.64	4050.23	4051.79	677	0	11
2026.07.21	16:41:00	4051.71	4052.02	4049.39	4050.02	653	0	10
2026.07.21	16:42:00	4049.75	4050.78	4047.57	4048.13	692	0	8
2026.07.21	16:43:00	4048.13	4048.98	4046.07	4046.23	610	0	8
2026.07.21	16:44:00	4046.22	4047.06	4044.61	4046.37	638	0	8
2026.07.21	16:45:00	4046.40	4047.18	4044.44	4045.78	656	0	8
2026.07.21	16:46:00	4045.98	4047.30	4045.37	4046.76	528	0	10
2026.07.21	16:47:00	4046.77	4047.62	4045.20	4045.84	519	0	10
2026.07.21	16:48:00	4045.85	4048.82	4044.79	4048.69	591	0	8
2026.07.21	16:49:00	4048.73	4050.44	4048.55	4050.39	620	0	10
2026.07.21	16:50:00	4050.41	4051.72	4049.19	4049.33	568	0	8
2026.07.21	16:51:00	4049.33	4050.48	4046.40	4046.63	513	0	9
2026.07.21	16:52:00	4046.45	4049.54	4046.17	4049.49	569	0	20
2026.07.21	16:53:00	4049.49	4051.75	4048.38	4051.73	486	0	21
2026.07.21	16:54:00	4051.73	4052.73	4051.18	4052.18	487	0	7
2026.07.21	16:55:00	4052.18	4052.89	4050.98	4051.32	489	0	10
2026.07.21	16:56:00	4051.39	4051.60	4049.68	4050.64	532	0	17
2026.07.21	16:57:00	4050.49	4051.57	4050.23	4051.33	509	0	19
2026.07.21	16:58:00	4051.38	4052.87	4050.60	4052.77	530	0	16
2026.07.21	16:59:00	4052.77	4053.43	4051.80	4053.12	481	0	15
2026.07.21	17:00:00	4053.13	4054.57	4052.15	4053.08	617	0	9
2026.07.21	17:01:00	4053.08	4053.87	4051.61	4053.61	474	0	8
2026.07.21	17:02:00	4053.61	4054.27	4051.93	4052.99	519	0	9
2026.07.21	17:03:00	4053.15	4055.85	4052.79	4055.44	513	0	10
2026.07.21	17:04:00	4055.43	4056.67	4054.83	4056.38	472	0	8
2026.07.21	17:05:00	4056.31	4057.38	4055.87	4057.33	511	0	11
2026.07.21	17:06:00	4057.33	4059.40	4057.26	4058.51	612	0	11
2026.07.21	17:07:00	4058.53	4058.64	4054.84	4055.85	496	0	21
2026.07.21	17:08:00	4055.93	4056.39	4054.44	4054.88	504	0	22
2026.07.21	17:09:00	4054.92	4056.46	4054.43	4054.90	514	0	17
2026.07.21	17:10:00	4054.86	4060.03	4054.86	4059.79	626	0	15
2026.07.21	17:11:00	4059.73	4060.67	4058.91	4059.96	569	0	15
2026.07.21	17:12:00	4059.94	4065.05	4059.94	4062.50	701	0	8
2026.07.21	17:13:00	4062.43	4065.86	4062.09	4065.69	601	0	8
2026.07.21	17:14:00	4065.66	4065.89	4063.57	4065.88	561	0	11
2026.07.21	17:15:00	4065.78	4065.84	4062.68	4063.66	563	0	10
2026.07.21	17:16:00	4063.65	4063.91	4061.30	4061.83	442	0	10
2026.07.21	17:17:00	4061.84	4063.96	4060.88	4063.88	454	0	12
2026.07.21	17:18:00	4063.88	4067.64	4063.36	4066.89	645	0	16
2026.07.21	17:19:00	4066.89	4067.34	4063.38	4064.01	648	0	11
2026.07.21	17:20:00	4063.99	4064.02	4062.50	4062.93	624	0	19
2026.07.21	17:21:00	4062.97	4065.11	4062.29	4063.14	613	0	17
2026.07.21	17:22:00	4063.17	4063.73	4061.09	4062.61	641	0	8
2026.07.21	17:23:00	4062.61	4064.85	4062.61	4064.63	532	0	8
2026.07.21	17:24:00	4064.63	4065.01	4063.24	4064.87	542	0	11
2026.07.21	17:25:00	4064.85	4068.01	4064.01	4066.70	591	0	10
2026.07.21	17:26:00	4066.70	4067.41	4066.02	4066.92	471	0	17
2026.07.21	17:27:00	4066.94	4067.70	4065.34	4066.61	507	0	10
2026.07.21	17:28:00	4066.65	4068.07	4066.55	4067.67	551	0	8
2026.07.21	17:29:00	4067.67	4069.42	4067.26	4069.40	533	0	11
2026.07.21	17:30:00	4069.38	4073.68	4068.93	4072.48	646	0	8
2026.07.21	17:31:00	4072.45	4073.02	4070.50	4071.73	648	0	12
2026.07.21	17:32:00	4071.75	4072.30	4069.29	4069.92	579	0	12
2026.07.21	17:33:00	4069.92	4070.77	4068.78	4068.94	519	0	8
2026.07.21	17:34:00	4068.92	4069.06	4066.72	4066.77	569	0	8
2026.07.21	17:35:00	4066.79	4067.29	4064.76	4065.58	633	0	11
2026.07.21	17:36:00	4065.58	4066.40	4064.75	4065.10	572	0	9
2026.07.21	17:37:00	4065.10	4065.10	4063.66	4063.99	478	0	19
2026.07.21	17:38:00	4064.04	4064.29	4062.24	4063.53	545	0	21
2026.07.21	17:39:00	4063.36	4064.62	4062.46	4064.52	530	0	16
2026.07.21	17:40:00	4064.58	4065.31	4063.76	4065.06	474	0	23
2026.07.21	17:41:00	4065.02	4065.02	4062.75	4063.04	519	0	15
2026.07.21	17:42:00	4062.94	4065.47	4062.83	4064.57	549	0	12
2026.07.21	17:43:00	4064.57	4067.05	4064.56	4066.56	554	0	17
2026.07.21	17:44:00	4066.56	4067.91	4065.98	4067.45	382	0	19
2026.07.21	17:45:00	4067.45	4068.24	4066.96	4067.12	524	0	14
2026.07.21	17:46:00	4067.13	4068.17	4067.03	4067.28	529	0	13
2026.07.21	17:47:00	4067.26	4067.45	4066.23	4067.09	562	0	14
2026.07.21	17:48:00	4067.09	4070.48	4066.84	4068.59	634	0	7
2026.07.21	17:49:00	4068.59	4069.68	4068.25	4069.53	321	0	8
2026.07.21	17:50:00	4069.60	4070.31	4068.24	4069.07	476	0	13
2026.07.21	17:51:00	4069.07	4069.40	4067.70	4068.16	470	0	14
2026.07.21	17:52:00	4068.21	4070.69	4067.45	4069.87	518	0	8
2026.07.21	17:53:00	4069.81	4070.01	4066.61	4066.86	644	0	14
2026.07.21	17:54:00	4066.87	4069.35	4066.83	4068.97	601	0	10
2026.07.21	17:55:00	4069.00	4070.48	4068.66	4069.66	647	0	8
2026.07.21	17:56:00	4069.70	4070.24	4069.17	4069.29	518	0	8
2026.07.21	17:57:00	4069.31	4070.42	4068.41	4069.74	421	0	8
2026.07.21	17:58:00	4069.75	4070.31	4067.55	4067.71	434	0	10
2026.07.21	17:59:00	4067.64	4068.74	4067.25	4068.32	362	0	8
2026.07.21	18:00:00	4068.32	4070.91	4068.16	4069.90	584	0	13
2026.07.21	18:01:00	4069.90	4070.30	4067.91	4068.52	498	0	9
2026.07.21	18:02:00	4068.50	4069.91	4067.79	4069.07	531	0	8
2026.07.21	18:03:00	4069.15	4069.32	4067.71	4069.30	540	0	12
2026.07.21	18:04:00	4069.26	4069.51	4068.01	4068.26	423	0	17
2026.07.21	18:05:00	4068.26	4068.28	4065.52	4067.03	561	0	15
2026.07.21	18:06:00	4067.05	4067.58	4066.19	4066.89	400	0	17
2026.07.21	18:07:00	4066.93	4068.93	4066.59	4067.44	407	0	23
2026.07.21	18:08:00	4067.37	4068.02	4066.44	4067.90	438	0	19
2026.07.21	18:09:00	4067.92	4070.30	4067.55	4069.12	464	0	8
2026.07.21	18:10:00	4069.16	4073.77	4069.08	4073.41	492	0	8
2026.07.21	18:11:00	4073.34	4073.70	4070.42	4071.71	516	0	10
2026.07.21	18:12:00	4071.64	4072.49	4070.93	4072.04	419	0	8
2026.07.21	18:13:00	4072.04	4072.86	4071.30	4071.46	373	0	8
2026.07.21	18:14:00	4071.46	4073.58	4071.35	4073.22	437	0	8
2026.07.21	18:15:00	4073.22	4076.25	4073.12	4075.95	539	0	10
2026.07.21	18:16:00	4075.97	4076.23	4075.18	4075.78	400	0	14
2026.07.21	18:17:00	4075.76	4078.55	4075.71	4077.91	473	0	8
2026.07.21	18:18:00	4077.91	4077.93	4076.51	4076.93	412	0	12
2026.07.21	18:19:00	4076.93	4077.76	4075.94	4077.06	472	0	7
2026.07.21	18:20:00	4077.08	4078.45	4075.44	4078.09	554	0	8
2026.07.21	18:21:00	4077.95	4079.09	4075.85	4076.16	608	0	7
2026.07.21	18:22:00	4076.17	4076.97	4075.77	4076.45	500	0	16
2026.07.21	18:23:00	4076.45	4077.40	4075.95	4076.04	497	0	8
2026.07.21	18:24:00	4076.04	4078.32	4075.98	4078.08	493	0	9
2026.07.21	18:25:00	4078.11	4078.32	4076.58	4077.12	502	0	7
2026.07.21	18:26:00	4077.13	4077.56	4075.67	4076.69	476	0	14
2026.07.21	18:27:00	4076.64	4077.12	4076.45	4076.82	395	0	8
2026.07.21	18:28:00	4076.84	4078.09	4076.82	4077.55	422	0	8
2026.07.21	18:29:00	4077.53	4077.57	4076.43	4076.80	416	0	12
2026.07.21	18:30:00	4076.80	4077.60	4075.94	4077.31	554	0	10
2026.07.21	18:31:00	4077.31	4078.93	4077.11	4078.20	470	0	9
2026.07.21	18:32:00	4078.20	4081.52	4077.81	4081.26	541	0	11
2026.07.21	18:33:00	4081.21	4082.83	4077.38	4077.98	611	0	7
2026.07.21	18:34:00	4077.98	4081.33	4077.82	4081.10	476	0	12
2026.07.21	18:35:00	4081.10	4081.18	4078.64	4079.69	411	0	13
2026.07.21	18:36:00	4079.62	4082.86	4078.92	4082.52	417	0	16
2026.07.21	18:37:00	4082.52	4083.41	4081.04	4081.94	422	0	18
2026.07.21	18:38:00	4081.92	4082.03	4081.21	4081.88	403	0	13
2026.07.21	18:39:00	4081.88	4082.13	4080.10	4080.33	475	0	12
2026.07.21	18:40:00	4080.33	4080.85	4078.46	4079.52	428	0	16
2026.07.21	18:41:00	4079.68	4080.30	4077.66	4077.97	411	0	9
2026.07.21	18:42:00	4078.00	4078.43	4077.76	4078.18	343	0	11
2026.07.21	18:43:00	4078.20	4078.38	4077.52	4077.93	393	0	12
2026.07.21	18:44:00	4077.93	4078.06	4075.39	4075.65	351	0	14
2026.07.21	18:45:00	4075.84	4075.97	4074.39	4074.54	279	0	12
2026.07.21	18:46:00	4074.55	4075.73	4074.50	4075.67	231	0	16
2026.07.21	18:47:00	4075.51	4075.54	4074.12	4074.59	344	0	17
2026.07.21	18:48:00	4074.47	4074.95	4073.57	4073.88	312	0	9
2026.07.21	18:49:00	4073.86	4075.20	4072.05	4073.05	330	0	8
2026.07.21	18:50:00	4073.12	4075.59	4073.09	4075.17	296	0	18
2026.07.21	18:51:00	4075.17	4075.48	4074.32	4075.20	178	0	21
2026.07.21	18:52:00	4075.22	4077.62	4075.07	4076.37	316	0	8
2026.07.21	18:53:00	4076.37	4078.11	4076.37	4077.61	218	0	12
2026.07.21	18:54:00	4077.61	4077.90	4076.44	4076.73	252	0	24
2026.07.21	18:55:00	4076.73	4076.77	4075.25	4075.57	349	0	11
2026.07.21	18:56:00	4075.59	4076.30	4075.59	4075.89	199	0	25
2026.07.21	18:57:00	4075.95	4076.02	4075.18	4075.35	243	0	24
2026.07.21	18:58:00	4075.33	4075.35	4074.04	4074.83	255	0	9
2026.07.21	18:59:00	4074.74	4074.87	4073.66	4074.14	324	0	19
2026.07.21	19:00:00	4074.01	4075.99	4073.53	4075.63	342	0	18
2026.07.21	19:01:00	4075.65	4075.89	4075.22	4075.70	335	0	14
2026.07.21	19:02:00	4075.70	4076.07	4075.04	4075.19	296	0	12
2026.07.21	19:03:00	4075.19	4076.69	4074.77	4076.67	244	0	14
2026.07.21	19:04:00	4076.68	4077.82	4076.68	4077.82	317	0	14
2026.07.21	19:05:00	4077.75	4077.89	4076.52	4076.77	322	0	11
2026.07.21	19:06:00	4076.77	4077.71	4076.45	4077.39	202	0	15
2026.07.21	19:07:00	4077.31	4077.75	4076.50	4077.53	200	0	18
2026.07.21	19:08:00	4077.57	4077.83	4077.03	4077.33	239	0	14
2026.07.21	19:09:00	4077.33	4078.05	4076.79	4077.06	214	0	22
2026.07.21	19:10:00	4077.06	4077.75	4076.38	4076.75	309	0	7
2026.07.21	19:11:00	4076.75	4077.52	4076.40	4077.28	352	0	24
2026.07.21	19:12:00	4077.23	4077.48	4076.85	4077.17	208	0	26
2026.07.21	19:13:00	4077.19	4079.11	4077.17	4078.62	261	0	15
2026.07.21	19:14:00	4078.62	4079.17	4077.82	4078.45	333	0	10
2026.07.21	19:15:00	4078.43	4078.54	4078.04	4078.21	254	0	20
2026.07.21	19:16:00	4078.12	4078.55	4077.71	4077.85	252	0	17
2026.07.21	19:17:00	4077.86	4078.46	4077.44	4078.21	224	0	18
2026.07.21	19:18:00	4078.14	4078.49	4077.41	4077.47	252	0	12
2026.07.21	19:19:00	4077.47	4078.16	4076.63	4077.35	313	0	8
2026.07.21	19:20:00	4077.35	4077.69	4076.17	4076.39	285	0	11
2026.07.21	19:21:00	4076.36	4077.52	4076.16	4077.51	332	0	7
2026.07.21	19:22:00	4077.53	4077.68	4076.83	4077.28	294	0	10
2026.07.21	19:23:00	4077.28	4077.34	4076.23	4076.69	254	0	8
2026.07.21	19:24:00	4076.66	4078.16	4076.66	4077.99	305	0	13
2026.07.21	19:25:00	4077.99	4078.10	4076.71	4076.74	232	0	16
2026.07.21	19:26:00	4076.74	4076.74	4074.98	4075.04	189	0	14
2026.07.21	19:27:00	4075.03	4075.57	4073.91	4074.81	273	0	11
2026.07.21	19:28:00	4074.81	4075.32	4074.53	4075.01	190	0	14
2026.07.21	19:29:00	4075.07	4075.85	4074.76	4075.64	170	0	11
2026.07.21	19:30:00	4075.66	4075.93	4074.59	4075.61	296	0	16
2026.07.21	19:31:00	4075.52	4076.27	4074.85	4075.26	205	0	17
2026.07.21	19:32:00	4075.15	4075.95	4074.67	4075.65	176	0	26
2026.07.21	19:33:00	4075.65	4076.27	4075.33	4075.92	191	0	16
2026.07.21	19:34:00	4075.92	4076.21	4075.50	4075.62	174	0	24
2026.07.21	19:35:00	4075.62	4075.93	4074.63	4075.27	158	0	25
2026.07.21	19:36:00	4075.32	4075.74	4072.56	4073.02	278	0	11
2026.07.21	19:37:00	4073.02	4073.10	4070.95	4072.66	288	0	23
2026.07.21	19:38:00	4072.66	4073.72	4072.55	4073.72	148	0	24
2026.07.21	19:39:00	4073.62	4074.30	4073.33	4074.16	145	0	26
2026.07.21	19:40:00	4074.06	4075.11	4073.89	4074.65	277	0	17
2026.07.21	19:41:00	4074.65	4075.09	4073.35	4073.50	239	0	24
2026.07.21	19:42:00	4073.48	4073.97	4072.51	4072.65	254	0	23
2026.07.21	19:43:00	4072.68	4073.11	4071.79	4071.90	268	0	23
2026.07.21	19:44:00	4071.92	4072.12	4071.41	4072.02	229	0	22
2026.07.21	19:45:00	4072.02	4072.66	4071.00	4072.07	303	0	14
2026.07.21	19:46:00	4072.02	4072.17	4071.15	4071.30	334	0	12
2026.07.21	19:47:00	4071.26	4071.45	4069.81	4071.11	396	0	12
2026.07.21	19:48:00	4071.08	4072.01	4070.27	4071.73	325	0	9
2026.07.21	19:49:00	4071.73	4072.58	4071.73	4072.35	238	0	12
2026.07.21	19:50:00	4072.17	4072.95	4072.06	4072.49	203	0	16
2026.07.21	19:51:00	4072.50	4072.86	4071.55	4072.86	226	0	17
2026.07.21	19:52:00	4072.93	4073.27	4072.66	4072.95	186	0	16
2026.07.21	19:53:00	4072.95	4073.17	4072.21	4072.56	157	0	13
2026.07.21	19:54:00	4072.56	4072.97	4072.08	4072.76	148	0	19
2026.07.21	19:55:00	4072.76	4073.10	4071.53	4071.67	154	0	22
2026.07.21	19:56:00	4071.67	4071.94	4071.07	4071.76	182	0	15
2026.07.21	19:57:00	4071.92	4072.28	4071.42	4071.54	176	0	21
2026.07.21	19:58:00	4071.67	4071.75	4071.02	4071.59	115	0	15
2026.07.21	19:59:00	4071.57	4072.11	4070.96	4071.41	255	0	17
2026.07.21	20:00:00	4071.41	4072.23	4070.75	4070.78	262	0	11
2026.07.21	20:01:00	4070.78	4071.54	4070.58	4071.04	204	0	21
2026.07.21	20:02:00	4071.04	4071.29	4069.90	4070.02	186	0	12
2026.07.21	20:03:00	4069.89	4070.20	4069.14	4069.84	227	0	13
2026.07.21	20:04:00	4069.84	4070.62	4069.63	4070.36	179	0	12
2026.07.21	20:05:00	4070.34	4071.93	4069.80	4071.57	248	0	18
2026.07.21	20:06:00	4071.56	4071.74	4070.91	4071.05	219	0	19
2026.07.21	20:07:00	4071.05	4071.11	4070.23	4070.66	178	0	11
2026.07.21	20:08:00	4070.66	4072.48	4070.61	4071.64	225	0	11
2026.07.21	20:09:00	4071.33	4071.90	4071.25	4071.41	162	0	18
2026.07.21	20:10:00	4071.41	4071.90	4070.91	4071.12	196	0	22
2026.07.21	20:11:00	4071.12	4071.31	4069.85	4071.26	194	0	14
2026.07.21	20:12:00	4071.15	4071.47	4070.63	4071.09	151	0	21
2026.07.21	20:13:00	4071.09	4071.82	4070.93	4071.40	158	0	23
2026.07.21	20:14:00	4071.40	4072.52	4070.32	4070.39	207	0	8
2026.07.21	20:15:00	4070.47	4070.95	4070.11	4070.38	177	0	24
2026.07.21	20:16:00	4070.38	4070.47	4069.03	4069.38	276	0	19
2026.07.21	20:17:00	4069.31	4070.00	4069.17	4069.36	186	0	18
2026.07.21	20:18:00	4069.36	4070.01	4069.28	4069.61	153	0	26
2026.07.21	20:19:00	4069.61	4069.83	4068.95	4069.04	142	0	18
2026.07.21	20:20:00	4069.02	4070.74	4068.83	4070.70	195	0	18
2026.07.21	20:21:00	4070.70	4071.05	4070.25	4071.05	224	0	14
2026.07.21	20:22:00	4071.07	4071.27	4070.52	4070.67	191	0	12
2026.07.21	20:23:00	4070.65	4071.08	4070.56	4070.98	198	0	8
2026.07.21	20:24:00	4070.95	4071.90	4070.93	4071.32	421	0	8
2026.07.21	20:25:00	4071.19	4072.36	4071.16	4071.85	253	0	9
2026.07.21	20:26:00	4071.79	4071.89	4071.20	4071.31	188	0	12
2026.07.21	20:27:00	4071.39	4071.51	4070.94	4071.32	157	0	12
2026.07.21	20:28:00	4071.31	4071.51	4070.90	4071.49	160	0	13
2026.07.21	20:29:00	4071.55	4072.75	4071.48	4072.21	468	0	11
2026.07.21	20:30:00	4072.19	4072.27	4070.95	4071.40	223	0	22
2026.07.21	20:31:00	4071.40	4071.40	4070.59	4071.34	160	0	19
2026.07.21	20:32:00	4071.31	4071.89	4070.72	4070.79	163	0	13
2026.07.21	20:33:00	4070.82	4070.87	4069.60	4069.93	138	0	15
2026.07.21	20:34:00	4069.92	4070.39	4069.62	4070.33	183	0	14
2026.07.21	20:35:00	4070.33	4070.33	4069.16	4069.68	158	0	22
2026.07.21	20:36:00	4069.67	4069.76	4068.90	4069.42	174	0	15
2026.07.21	20:37:00	4069.45	4070.04	4069.10	4070.03	147	0	19
2026.07.21	20:38:00	4069.81	4070.00	4069.40	4069.96	141	0	22
2026.07.21	20:39:00	4069.94	4070.08	4069.24	4069.24	79	0	25
2026.07.21	20:40:00	4069.24	4069.54	4067.57	4067.62	270	0	18
2026.07.21	20:41:00	4067.74	4067.77	4066.93	4067.27	167	0	21
2026.07.21	20:42:00	4067.27	4067.57	4066.70	4066.97	172	0	15
2026.07.21	20:43:00	4066.95	4068.19	4066.83	4068.03	186	0	8
2026.07.21	20:44:00	4068.03	4068.25	4067.54	4068.08	184	0	17
2026.07.21	20:45:00	4068.04	4068.18	4066.77	4066.90	154	0	12
2026.07.21	20:46:00	4066.95	4067.44	4066.73	4067.21	257	0	8
2026.07.21	20:47:00	4067.14	4067.42	4066.86	4067.33	181	0	9
2026.07.21	20:48:00	4067.31	4067.84	4067.22	4067.79	118	0	17
2026.07.21	20:49:00	4067.82	4068.06	4067.01	4067.07	178	0	23
2026.07.21	20:50:00	4067.07	4067.52	4066.76	4066.91	123	0	25
2026.07.21	20:51:00	4066.91	4067.24	4066.91	4067.15	137	0	28
2026.07.21	20:52:00	4067.16	4067.60	4067.06	4067.56	124	0	27
2026.07.21	20:53:00	4067.58	4068.03	4067.43	4067.81	132	0	24
2026.07.21	20:54:00	4067.81	4067.94	4067.54	4067.82	100	0	22
2026.07.21	20:55:00	4067.81	4068.19	4067.57	4068.08	131	0	26
2026.07.21	20:56:00	4068.09	4068.26	4067.26	4067.33	184	0	21
2026.07.21	20:57:00	4067.33	4067.46	4066.79	4067.44	184	0	17
2026.07.21	20:58:00	4067.45	4067.71	4067.05	4067.69	136	0	25
2026.07.21	20:59:00	4067.69	4068.65	4067.69	4068.65	98	0	20
2026.07.21	21:00:00	4068.67	4068.96	4068.19	4068.52	208	0	12
2026.07.21	21:01:00	4068.50	4068.66	4067.97	4068.20	165	0	19
2026.07.21	21:02:00	4068.20	4069.57	4068.17	4069.33	201	0	18
2026.07.21	21:03:00	4069.33	4069.33	4068.08	4068.90	168	0	20
2026.07.21	21:04:00	4068.90	4069.16	4067.74	4067.82	210	0	22
2026.07.21	21:05:00	4067.84	4068.91	4067.74	4068.35	317	0	19
2026.07.21	21:06:00	4068.35	4069.02	4067.63	4068.95	243	0	23
2026.07.21	21:07:00	4068.99	4070.34	4068.88	4070.08	198	0	24
2026.07.21	21:08:00	4070.08	4071.10	4070.08	4070.66	173	0	17
2026.07.21	21:09:00	4070.66	4072.01	4070.59	4071.76	184	0	21
2026.07.21	21:10:00	4071.76	4071.90	4071.22	4071.29	186	0	25
2026.07.21	21:11:00	4071.45	4072.14	4071.28	4072.12	205	0	25
2026.07.21	21:12:00	4072.12	4072.22	4071.70	4071.71	178	0	18
2026.07.21	21:13:00	4071.70	4071.96	4071.45	4071.52	190	0	16
2026.07.21	21:14:00	4071.52	4072.17	4071.36	4071.48	264	0	17
2026.07.21	21:15:00	4071.39	4072.15	4071.14	4072.15	340	0	14
2026.07.21	21:16:00	4072.14	4072.20	4071.53	4071.91	295	0	12
2026.07.21	21:17:00	4071.91	4073.82	4071.77	4073.77	274	0	16
2026.07.21	21:18:00	4073.77	4073.83	4073.18	4073.39	184	0	19
2026.07.21	21:19:00	4073.36	4073.60	4073.07	4073.25	231	0	19
2026.07.21	21:20:00	4073.25	4073.83	4072.39	4073.83	279	0	20
2026.07.21	21:21:00	4073.78	4074.11	4073.26	4073.39	254	0	21
2026.07.21	21:22:00	4073.39	4075.35	4073.39	4075.21	300	0	19
2026.07.21	21:23:00	4075.40	4078.44	4075.30	4078.36	381	0	12
2026.07.21	21:24:00	4078.38	4081.69	4078.34	4081.21	306	0	9
2026.07.21	21:25:00	4081.11	4086.21	4081.09	4086.05	579	0	8
2026.07.21	21:26:00	4086.05	4086.29	4085.01	4085.61	429	0	8
2026.07.21	21:27:00	4085.61	4087.14	4083.85	4084.51	450	0	9
2026.07.21	21:28:00	4084.50	4085.16	4083.93	4084.26	322	0	16
2026.07.21	21:29:00	4084.26	4084.80	4083.15	4083.72	260	0	20
2026.07.21	21:30:00	4083.72	4084.46	4082.74	4082.83	235	0	20
2026.07.21	21:31:00	4082.83	4082.88	4081.08	4082.38	303	0	14
2026.07.21	21:32:00	4082.38	4084.44	4081.69	4084.44	211	0	25
2026.07.21	21:33:00	4084.39	4085.25	4083.82	4085.06	282	0	20
2026.07.21	21:34:00	4085.06	4085.61	4084.12	4084.55	227	0	15
2026.07.21	21:35:00	4084.47	4085.28	4083.22	4083.36	248	0	17
2026.07.21	21:36:00	4083.38	4083.55	4082.50	4082.64	165	0	19
2026.07.21	21:37:00	4082.64	4082.74	4081.40	4081.78	229	0	20
2026.07.21	21:38:00	4081.79	4082.54	4081.72	4082.17	181	0	24
2026.07.21	21:39:00	4082.17	4082.93	4082.17	4082.70	225	0	20
2026.07.21	21:40:00	4082.60	4082.92	4081.76	4082.40	217	0	23
2026.07.21	21:41:00	4082.37	4083.22	4082.14	4082.36	205	0	24
2026.07.21	21:42:00	4082.40	4083.01	4081.96	4082.88	205	0	18
2026.07.21	21:43:00	4082.82	4083.94	4082.48	4083.73	232	0	13
2026.07.21	21:44:00	4083.74	4083.76	4082.22	4082.22	182	0	21
2026.07.21	21:45:00	4082.29	4082.53	4081.96	4082.00	147	0	20
2026.07.21	21:46:00	4082.00	4082.25	4081.49	4082.07	182	0	15
2026.07.21	21:47:00	4082.01	4082.06	4080.41	4080.64	218	0	18
2026.07.21	21:48:00	4080.64	4081.10	4080.23	4080.73	205	0	16
2026.07.21	21:49:00	4080.74	4081.17	4080.54	4080.78	162	0	15
2026.07.21	21:50:00	4080.76	4080.92	4079.94	4080.25	165	0	16
2026.07.21	21:51:00	4080.23	4080.34	4079.15	4079.21	193	0	13
2026.07.21	21:52:00	4079.37	4081.29	4079.37	4081.14	253	0	19
2026.07.21	21:53:00	4081.14	4081.22	4080.28	4080.88	161	0	19
2026.07.21	21:54:00	4080.92	4081.43	4080.84	4080.95	120	0	24
2026.07.21	21:55:00	4080.95	4083.09	4080.93	4083.08	200	0	13
2026.07.21	21:56:00	4083.04	4083.34	4082.37	4082.87	181	0	26
2026.07.21	21:57:00	4082.87	4082.94	4082.13	4082.15	159	0	21
2026.07.21	21:58:00	4082.17	4082.22	4081.83	4081.95	87	0	21
2026.07.21	21:59:00	4081.95	4082.35	4081.70	4082.15	223	0	14
2026.07.21	22:00:00	4082.17	4083.73	4082.17	4083.16	346	0	8
2026.07.21	22:01:00	4083.11	4083.51	4082.51	4083.47	272	0	18
2026.07.21	22:02:00	4083.35	4085.19	4083.27	4084.87	341	0	23
2026.07.21	22:03:00	4084.79	4085.12	4084.21	4085.12	236	0	22
2026.07.21	22:04:00	4085.14	4085.27	4084.29	4084.30	246	0	20
2026.07.21	22:05:00	4084.26	4084.78	4083.24	4083.27	246	0	14
2026.07.21	22:06:00	4083.36	4085.68	4083.36	4084.92	244	0	10
2026.07.21	22:07:00	4084.92	4084.92	4082.62	4082.77	242	0	21
2026.07.21	22:08:00	4082.74	4082.74	4081.81	4082.38	237	0	18
2026.07.21	22:09:00	4082.38	4082.97	4081.29	4081.35	179	0	21
2026.07.21	22:10:00	4081.29	4081.42	4080.00	4080.80	294	0	12
2026.07.21	22:11:00	4080.58	4081.44	4080.00	4080.08	300	0	18
2026.07.21	22:12:00	4080.08	4081.75	4080.08	4081.51	164	0	17
2026.07.21	22:13:00	4081.51	4081.51	4080.31	4080.86	201	0	8
2026.07.21	22:14:00	4080.86	4081.01	4080.37	4080.82	242	0	20
2026.07.21	22:15:00	4080.84	4082.16	4080.84	4082.01	217	0	20
2026.07.21	22:16:00	4081.88	4082.26	4081.26	4082.23	208	0	19
2026.07.21	22:17:00	4082.23	4082.29	4081.44	4082.15	244	0	10
2026.07.21	22:18:00	4082.16	4084.06	4082.16	4083.81	238	0	10
2026.07.21	22:19:00	4083.81	4083.81	4083.25	4083.55	228	0	14
2026.07.21	22:20:00	4083.62	4084.05	4083.39	4083.81	184	0	13
2026.07.21	22:21:00	4083.81	4083.87	4082.93	4083.16	196	0	17
2026.07.21	22:22:00	4083.17	4083.75	4083.03	4083.65	169	0	17
2026.07.21	22:23:00	4083.53	4083.66	4082.37	4083.18	242	0	9
2026.07.21	22:24:00	4083.30	4084.52	4083.30	4083.75	221	0	20
2026.07.21	22:25:00	4083.77	4084.40	4083.58	4084.31	212	0	20
2026.07.21	22:26:00	4084.21	4084.44	4083.55	4084.37	207	0	22
2026.07.21	22:27:00	4084.37	4085.22	4084.24	4084.41	302	0	10
2026.07.21	22:28:00	4084.46	4085.29	4083.86	4085.05	238	0	13
2026.07.21	22:29:00	4085.05	4085.05	4083.69	4084.02	209	0	11
2026.07.21	22:30:00	4084.11	4085.08	4083.99	4084.35	226	0	17
2026.07.21	22:31:00	4084.36	4084.83	4083.36	4083.97	315	0	16
2026.07.21	22:32:00	4083.97	4084.35	4083.49	4083.59	187	0	16
2026.07.21	22:33:00	4083.57	4084.01	4083.12	4083.87	288	0	15
2026.07.21	22:34:00	4083.87	4084.07	4083.50	4083.51	179	0	19
2026.07.21	22:35:00	4083.54	4083.57	4082.17	4082.61	234	0	15
2026.07.21	22:36:00	4082.62	4083.06	4081.90	4082.75	218	0	17
2026.07.21	22:37:00	4082.75	4083.26	4082.44	4082.63	126	0	8
2026.07.21	22:38:00	4082.60	4082.61	4082.03	4082.23	152	0	21
2026.07.21	22:39:00	4082.37	4083.21	4082.37	4082.59	244	0	22
2026.07.21	22:40:00	4082.61	4083.33	4082.41	4083.30	190	0	19
2026.07.21	22:41:00	4083.30	4084.47	4083.30	4084.38	189	0	20
2026.07.21	22:42:00	4084.38	4084.44	4083.15	4083.35	218	0	20
2026.07.21	22:43:00	4083.35	4084.04	4083.11	4083.52	219	0	10
2026.07.21	22:44:00	4083.52	4083.94	4083.11	4083.38	172	0	20
2026.07.21	22:45:00	4083.40	4083.65	4082.83	4082.91	207	0	14
2026.07.21	22:46:00	4082.90	4083.78	4082.88	4083.50	195	0	18
2026.07.21	22:47:00	4083.49	4085.34	4083.35	4085.10	271	0	8
2026.07.21	22:48:00	4084.94	4084.97	4083.55	4084.39	238	0	11
2026.07.21	22:49:00	4084.30	4084.81	4084.28	4084.69	178	0	13
2026.07.21	22:50:00	4084.70	4085.28	4084.19	4084.70	365	0	16
2026.07.21	22:51:00	4084.78	4085.28	4084.25	4084.59	314	0	16
2026.07.21	22:52:00	4084.61	4084.95	4084.02	4084.10	268	0	17
2026.07.21	22:53:00	4084.10	4084.58	4083.57	4083.79	269	0	13
2026.07.21	22:54:00	4083.83	4084.17	4083.45	4084.15	148	0	12
2026.07.21	22:55:00	4084.17	4084.29	4083.38	4084.06	166	0	13
2026.07.21	22:56:00	4084.06	4084.23	4083.64	4083.80	148	0	18
2026.07.21	22:57:00	4083.80	4085.17	4083.80	4084.92	272	0	11
2026.07.21	22:58:00	4084.93	4085.09	4084.02	4084.72	416	0	7
2026.07.21	22:59:00	4084.72	4085.29	4084.20	4084.40	408	0	8
2026.07.22	01:00:00	4076.59	4080.53	4076.55	4079.33	89	0	115
2026.07.22	01:01:00	4079.46	4079.46	4078.23	4078.71	84	0	109
2026.07.22	01:02:00	4078.73	4079.41	4078.73	4078.99	65	0	84
2026.07.22	01:03:00	4078.99	4079.09	4078.12	4078.69	52	0	54
2026.07.22	01:04:00	4078.69	4078.99	4078.12	4078.29	26	0	79
2026.07.22	01:05:00	4078.63	4079.71	4078.58	4078.87	93	0	15
2026.07.22	01:06:00	4078.91	4078.98	4077.77	4078.48	94	0	22
2026.07.22	01:07:00	4078.48	4078.52	4077.59	4077.64	68	0	29
2026.07.22	01:08:00	4077.64	4078.30	4076.91	4078.12	100	0	18
2026.07.22	01:09:00	4078.16	4078.91	4077.69	4077.89	128	0	20
2026.07.22	01:10:00	4077.95	4078.16	4077.60	4077.83	36	0	15
2026.07.22	01:11:00	4077.83	4078.88	4077.41	4078.88	81	0	23
2026.07.22	01:12:00	4078.85	4078.89	4078.43	4078.46	64	0	18
2026.07.22	01:13:00	4078.49	4078.78	4077.63	4077.88	108	0	27
2026.07.22	01:14:00	4077.91	4079.30	4077.87	4078.99	86	0	20
2026.07.22	01:15:00	4078.91	4080.35	4078.20	4079.91	166	0	27
2026.07.22	01:16:00	4079.76	4080.23	4079.29	4079.79	169	0	36
2026.07.22	01:17:00	4079.75	4080.84	4079.54	4080.34	131	0	21
2026.07.22	01:18:00	4080.34	4080.56	4079.64	4080.43	80	0	28
2026.07.22	01:19:00	4080.45	4080.68	4079.72	4080.10	66	0	24
2026.07.22	01:20:00	4080.17	4081.05	4080.17	4081.00	91	0	20
2026.07.22	01:21:00	4081.03	4082.17	4080.97	4081.97	124	0	8
2026.07.22	01:22:00	4081.94	4082.02	4081.31	4081.46	109	0	30
2026.07.22	01:23:00	4081.46	4081.81	4081.46	4081.79	68	0	31
2026.07.22	01:24:00	4081.71	4081.71	4080.54	4080.62	98	0	20
2026.07.22	01:25:00	4080.65	4081.62	4080.54	4081.57	91	0	26
2026.07.22	01:26:00	4081.60	4082.19	4081.47	4081.94	127	0	9
2026.07.22	01:27:00	4081.89	4082.37	4081.83	4081.84	92	0	27
2026.07.22	01:28:00	4081.84	4082.90	4081.51	4082.06	156	0	8
2026.07.22	01:29:00	4082.06	4083.02	4081.95	4082.85	141	0	8
2026.07.22	01:30:00	4082.85	4084.43	4082.51	4083.53	194	0	8
2026.07.22	01:31:00	4083.45	4085.04	4083.34	4083.86	156	0	8
2026.07.22	01:32:00	4083.60	4084.57	4082.94	4083.88	136	0	9
2026.07.22	01:33:00	4083.88	4084.57	4083.82	4084.32	59	0	27
2026.07.22	01:34:00	4084.32	4084.45	4083.28	4083.78	96	0	26
2026.07.22	01:35:00	4083.78	4084.03	4082.70	4083.00	118	0	17
2026.07.22	01:36:00	4082.97	4084.08	4082.91	4083.99	91	0	35
2026.07.22	01:37:00	4083.96	4084.41	4083.50	4084.35	103	0	25
2026.07.22	01:38:00	4084.34	4084.98	4084.31	4084.71	103	0	37
2026.07.22	01:39:00	4084.71	4084.83	4083.90	4084.41	82	0	34
2026.07.22	01:40:00	4084.38	4084.74	4084.02	4084.41	110	0	23
2026.07.22	01:41:00	4084.41	4084.41	4083.92	4084.23	61	0	28
2026.07.22	01:42:00	4084.20	4084.99	4084.13	4084.85	68	0	17
2026.07.22	01:43:00	4084.83	4084.84	4084.06	4084.24	62	0	25
2026.07.22	01:44:00	4084.28	4084.38	4083.83	4083.95	81	0	12
2026.07.22	01:45:00	4083.90	4084.35	4082.87	4083.28	130	0	28
2026.07.22	01:46:00	4083.31	4083.75	4082.77	4082.89	107	0	20
2026.07.22	01:47:00	4082.89	4082.97	4081.65	4082.48	184	0	21
2026.07.22	01:48:00	4082.46	4082.68	4081.74	4082.14	195	0	13
2026.07.22	01:49:00	4082.17	4082.30	4081.05	4081.07	88	0	20
2026.07.22	01:50:00	4081.16	4082.04	4080.67	4080.67	119	0	14
2026.07.22	01:51:00	4080.96	4081.00	4079.95	4080.40	159	0	24
2026.07.22	01:52:00	4080.35	4080.41	4079.07	4079.13	182	0	9
2026.07.22	01:53:00	4079.11	4079.50	4078.16	4079.50	143	0	14
2026.07.22	01:54:00	4079.53	4080.03	4078.50	4079.66	173	0	10
2026.07.22	01:55:00	4079.65	4080.93	4079.57	4080.70	105	0	33
2026.07.22	01:56:00	4080.68	4081.11	4080.53	4080.91	67	0	14
2026.07.22	01:57:00	4080.91	4080.93	4080.11	4080.37	74	0	32
2026.07.22	01:58:00	4080.38	4081.27	4080.33	4080.40	98	0	27
2026.07.22	01:59:00	4080.44	4081.04	4080.38	4080.40	78	0	18
2026.07.22	02:00:00	4080.40	4080.98	4079.45	4079.83	159	0	10
2026.07.22	02:01:00	4079.83	4080.51	4079.53	4080.45	109	0	32
2026.07.22	02:02:00	4080.47	4081.32	4079.96	4080.16	121	0	27
2026.07.22	02:03:00	4080.18	4081.15	4080.10	4081.11	69	0	28
2026.07.22	02:04:00	4081.11	4081.28	4080.28	4080.44	132	0	28
2026.07.22	02:05:00	4080.44	4081.39	4080.29	4081.35	71	0	28
2026.07.22	02:06:00	4081.39	4081.83	4080.00	4080.81	128	0	27
2026.07.22	02:07:00	4080.85	4081.02	4080.44	4080.55	85	0	27
2026.07.22	02:08:00	4080.59	4081.25	4080.59	4080.81	62	0	28
2026.07.22	02:09:00	4080.81	4081.22	4080.76	4081.10	57	0	31
2026.07.22	02:10:00	4081.10	4081.28	4080.55	4080.91	71	0	21
2026.07.22	02:11:00	4080.89	4081.00	4080.24	4081.00	69	0	10
2026.07.22	02:12:00	4081.03	4081.66	4080.99	4081.49	86	0	30
2026.07.22	02:13:00	4081.55	4081.92	4081.09	4081.23	77	0	28
2026.07.22	02:14:00	4081.25	4081.36	4081.18	4081.26	53	0	34
2026.07.22	02:15:00	4081.26	4081.98	4080.81	4081.18	90	0	17
2026.07.22	02:16:00	4081.18	4081.55	4081.18	4081.45	57	0	30
2026.07.22	02:17:00	4081.41	4081.48	4081.35	4081.46	29	0	28
2026.07.22	02:18:00	4081.46	4082.37	4081.37	4082.24	67	0	29
2026.07.22	02:19:00	4082.21	4082.48	4081.89	4082.34	79	0	30
2026.07.22	02:20:00	4082.24	4082.35	4081.62	4081.66	52	0	30
2026.07.22	02:21:00	4081.45	4081.62	4081.41	4081.43	37	0	30
2026.07.22	02:22:00	4081.45	4081.53	4081.09	4081.53	43	0	26
2026.07.22	02:23:00	4081.55	4082.22	4081.51	4082.12	63	0	29
2026.07.22	02:24:00	4082.12	4082.30	4082.05	4082.12	47	0	30
2026.07.22	02:25:00	4082.10	4082.27	4081.70	4081.76	49	0	28
2026.07.22	02:26:00	4081.74	4081.97	4081.44	4081.94	62	0	29
2026.07.22	02:27:00	4081.96	4082.47	4081.50	4081.71	78	0	27
2026.07.22	02:28:00	4081.71	4082.06	4081.71	4081.98	72	0	25
2026.07.22	02:29:00	4081.98	4082.13	4080.95	4081.12	93	0	22
2026.07.22	02:30:00	4081.13	4081.31	4080.53	4080.79	105	0	8
2026.07.22	02:31:00	4080.83	4081.45	4080.82	4081.41	56	0	8
2026.07.22	02:32:00	4081.41	4081.68	4081.20	4081.32	56	0	24
2026.07.22	02:33:00	4081.30	4081.37	4080.99	4081.01	31	0	15
2026.07.22	02:34:00	4081.01	4081.01	4080.49	4080.62	50	0	16
2026.07.22	02:35:00	4080.55	4080.69	4080.42	4080.48	51	0	23
2026.07.22	02:36:00	4080.51	4081.53	4080.51	4081.36	66	0	7
2026.07.22	02:37:00	4081.36	4081.38	4080.88	4081.27	46	0	23
2026.07.22	02:38:00	4081.29	4081.83	4081.29	4081.76	71	0	23
2026.07.22	02:39:00	4081.73	4082.05	4081.63	4081.91	87	0	18
2026.07.22	02:40:00	4081.92	4082.34	4081.57	4081.85	126	0	12
2026.07.22	02:41:00	4081.85	4081.98	4080.94	4081.00	86	0	29
2026.07.22	02:42:00	4081.00	4081.00	4079.81	4079.96	106	0	18
2026.07.22	02:43:00	4080.00	4080.22	4079.44	4079.75	107	0	25
2026.07.22	02:44:00	4079.75	4080.42	4079.16	4080.41	106	0	19
2026.07.22	02:45:00	4080.40	4082.71	4079.53	4082.50	227	0	9
2026.07.22	02:46:00	4082.50	4083.03	4079.33	4080.13	178	0	15
2026.07.22	02:47:00	4080.13	4081.47	4080.13	4081.42	93	0	28
2026.07.22	02:48:00	4081.40	4081.46	4080.61	4080.70	76	0	28
2026.07.22	02:49:00	4080.75	4081.05	4080.72	4080.76	61	0	21
2026.07.22	02:50:00	4080.76	4081.17	4080.17	4080.90	43	0	43
2026.07.22	02:51:00	4080.85	4081.07	4080.13	4080.13	32	0	44
2026.07.22	02:52:00	4080.13	4081.02	4080.13	4080.49	62	0	40
2026.07.22	02:53:00	4080.51	4080.63	4080.17	4080.63	59	0	43
2026.07.22	02:54:00	4080.63	4080.66	4080.06	4080.35	81	0	34
2026.07.22	02:55:00	4080.36	4081.04	4080.31	4080.56	189	0	30
2026.07.22	02:56:00	4080.56	4080.65	4080.13	4080.25	93	0	24
2026.07.22	02:57:00	4080.25	4080.63	4079.19	4079.67	209	0	13
2026.07.22	02:58:00	4079.72	4080.37	4079.68	4080.34	163	0	24
2026.07.22	02:59:00	4080.36	4080.88	4080.28	4080.56	141	0	23
2026.07.22	03:00:00	4080.55	4081.87	4076.62	4077.05	645	0	10
2026.07.22	03:01:00	4077.05	4077.92	4076.63	4077.92	376	0	11
2026.07.22	03:02:00	4077.89	4079.75	4077.49	4079.64	373	0	10
2026.07.22	03:03:00	4079.64	4080.49	4078.96	4079.92	406	0	8
2026.07.22	03:04:00	4079.96	4082.80	4079.75	4082.70	375	0	21
2026.07.22	03:05:00	4082.72	4083.53	4081.33	4081.84	366	0	10
2026.07.22	03:06:00	4081.83	4086.19	4081.72	4085.93	419	0	11
2026.07.22	03:07:00	4085.93	4090.08	4085.29	4088.70	422	0	9
2026.07.22	03:08:00	4088.70	4089.00	4086.58	4087.08	430	0	13
2026.07.22	03:09:00	4087.08	4089.13	4086.11	4088.10	404	0	8
2026.07.22	03:10:00	4088.03	4090.52	4087.49	4089.04	365	0	9
2026.07.22	03:11:00	4089.02	4090.81	4088.73	4090.71	301	0	21
2026.07.22	03:12:00	4090.68	4092.13	4090.02	4091.60	375	0	22
2026.07.22	03:13:00	4091.60	4092.34	4090.54	4091.68	333	0	20
2026.07.22	03:14:00	4091.65	4092.72	4091.19	4092.17	392	0	9
2026.07.22	03:15:00	4092.16	4093.58	4092.16	4093.06	442	0	8
2026.07.22	03:16:00	4093.06	4094.46	4092.76	4094.35	484	0	23
2026.07.22	03:17:00	4094.35	4098.02	4094.31	4096.53	538	0	8
2026.07.22	03:18:00	4096.53	4096.78	4094.22	4094.73	372	0	22
2026.07.22	03:19:00	4094.73	4095.71	4094.67	4095.45	231	0	7
2026.07.22	03:20:00	4095.45	4097.20	4095.36	4097.03	308	0	11
2026.07.22	03:21:00	4097.03	4097.52	4094.97	4094.98	375	0	11
2026.07.22	03:22:00	4094.89	4096.19	4092.67	4094.75	325	0	8
2026.07.22	03:23:00	4094.74	4097.65	4094.41	4096.93	400	0	17
2026.07.22	03:24:00	4096.90	4097.52	4096.62	4097.11	392	0	13
2026.07.22	03:25:00	4097.14	4098.00	4096.69	4097.17	447	0	14
2026.07.22	03:26:00	4097.17	4098.69	4097.03	4097.65	470	0	15
2026.07.22	03:27:00	4097.65	4097.78	4096.75	4097.45	371	0	8
2026.07.22	03:28:00	4097.54	4098.56	4097.14	4097.37	367	0	7
2026.07.22	03:29:00	4097.37	4098.23	4096.65	4098.05	319	0	17
2026.07.22	03:30:00	4098.08	4102.36	4096.70	4096.92	433	0	8
2026.07.22	03:31:00	4097.04	4097.21	4092.19	4095.10	577	0	14
2026.07.22	03:32:00	4095.09	4095.10	4091.63	4092.07	233	0	15
2026.07.22	03:33:00	4091.94	4093.31	4090.89	4091.05	334	0	11
2026.07.22	03:34:00	4091.05	4091.89	4090.18	4091.41	368	0	24
2026.07.22	03:35:00	4091.39	4091.70	4089.62	4091.65	215	0	14
2026.07.22	03:36:00	4091.61	4093.20	4091.38	4092.83	239	0	19
2026.07.22	03:37:00	4092.83	4095.58	4092.63	4093.91	345	0	8
2026.07.22	03:38:00	4093.91	4097.15	4093.76	4096.60	380	0	8
2026.07.22	03:39:00	4096.60	4096.71	4094.63	4094.74	454	0	24
2026.07.22	03:40:00	4094.74	4094.81	4092.50	4094.08	296	0	9
2026.07.22	03:41:00	4093.96	4094.65	4093.35	4094.02	266	0	26
2026.07.22	03:42:00	4094.02	4095.13	4093.75	4094.58	272	0	24
2026.07.22	03:43:00	4094.58	4094.94	4091.89	4092.21	304	0	15
2026.07.22	03:44:00	4092.05	4093.49	4091.63	4092.75	328	0	13
2026.07.22	03:45:00	4092.75	4093.65	4092.61	4092.74	439	0	17
2026.07.22	03:46:00	4092.74	4093.23	4091.44	4092.66	503	0	18
2026.07.22	03:47:00	4092.98	4093.87	4092.28	4093.87	322	0	17
2026.07.22	03:48:00	4093.87	4097.07	4093.71	4096.56	431	0	8
2026.07.22	03:49:00	4096.56	4099.35	4095.89	4096.43	344	0	8
2026.07.22	03:50:00	4096.42	4097.25	4094.51	4094.98	265	0	27
2026.07.22	03:51:00	4094.98	4095.94	4094.42	4095.28	259	0	21
2026.07.22	03:52:00	4095.28	4095.67	4093.75	4093.99	330	0	24
2026.07.22	03:53:00	4093.99	4094.77	4093.67	4094.48	323	0	20
2026.07.22	03:54:00	4094.44	4094.44	4093.40	4094.00	389	0	25
2026.07.22	03:55:00	4094.00	4094.57	4093.31	4094.55	321	0	12
2026.07.22	03:56:00	4094.55	4094.99	4093.74	4093.78	370	0	27
2026.07.22	03:57:00	4093.75	4095.12	4093.10	4095.10	414	0	17
2026.07.22	03:58:00	4095.07	4096.77	4094.34	4096.55	460	0	11
2026.07.22	03:59:00	4096.55	4097.53	4096.33	4097.42	422	0	24
2026.07.22	04:00:00	4097.44	4109.06	4096.72	4107.64	880	0	7
2026.07.22	04:01:00	4107.45	4108.58	4105.07	4105.10	611	0	9
2026.07.22	04:02:00	4105.10	4107.14	4103.21	4105.85	491	0	8
2026.07.22	04:03:00	4105.90	4108.49	4103.87	4107.93	534	0	10
2026.07.22	04:04:00	4107.93	4113.38	4106.89	4110.51	688	0	9
2026.07.22	04:05:00	4110.58	4113.70	4109.96	4113.15	586	0	10
2026.07.22	04:06:00	4113.15	4115.60	4112.95	4114.99	671	0	8
2026.07.22	04:07:00	4114.99	4115.86	4114.07	4114.46	524	0	8
2026.07.22	04:08:00	4114.46	4117.39	4114.26	4115.68	652	0	7
2026.07.22	04:09:00	4115.74	4116.34	4112.77	4115.89	605	0	9
2026.07.22	04:10:00	4115.86	4117.90	4115.40	4115.82	570	0	8
2026.07.22	04:11:00	4115.82	4116.19	4113.50	4113.94	490	0	8
2026.07.22	04:12:00	4113.94	4118.11	4113.77	4117.38	569	0	15
2026.07.22	04:13:00	4117.34	4118.28	4116.47	4117.01	505	0	9
2026.07.22	04:14:00	4117.12	4121.46	4116.98	4121.24	707	0	13
2026.07.22	04:15:00	4121.19	4121.62	4116.95	4117.78	522	0	14
2026.07.22	04:16:00	4117.78	4118.82	4115.27	4115.57	572	0	9
2026.07.22	04:17:00	4115.57	4115.91	4112.87	4113.41	499	0	7
2026.07.22	04:18:00	4113.41	4113.51	4111.94	4112.73	368	0	8
2026.07.22	04:19:00	4112.72	4114.17	4112.00	4112.81	478	0	17
2026.07.22	04:20:00	4112.75	4115.46	4112.48	4115.45	688	0	20
2026.07.22	04:21:00	4115.26	4115.83	4114.55	4114.96	627	0	8
2026.07.22	04:22:00	4114.77	4115.13	4112.84	4113.93	481	0	12
2026.07.22	04:23:00	4113.90	4114.42	4111.72	4112.23	520	0	12
2026.07.22	04:24:00	4112.31	4113.13	4111.69	4112.44	503	0	10
2026.07.22	04:25:00	4112.42	4114.37	4112.15	4114.15	552	0	13
2026.07.22	04:26:00	4114.16	4115.12	4113.37	4115.06	636	0	15
2026.07.22	04:27:00	4115.05	4116.14	4114.29	4115.87	555	0	17
2026.07.22	04:28:00	4115.85	4116.70	4114.96	4115.83	509	0	11
2026.07.22	04:29:00	4115.83	4116.62	4115.41	4115.52	437	0	15
2026.07.22	04:30:00	4115.54	4115.62	4113.83	4114.78	643	0	10
2026.07.22	04:31:00	4114.80	4115.59	4112.95	4113.87	548	0	10
2026.07.22	04:32:00	4113.90	4114.38	4112.86	4114.19	487	0	8
2026.07.22	04:33:00	4114.19	4115.99	4113.88	4115.25	619	0	13
2026.07.22	04:34:00	4115.23	4117.18	4114.67	4116.68	568	0	15
2026.07.22	04:35:00	4116.69	4118.56	4115.74	4117.50	620	0	12
2026.07.22	04:36:00	4117.49	4118.12	4115.61	4115.61	493	0	20
2026.07.22	04:37:00	4115.60	4117.65	4115.60	4116.50	514	0	12
2026.07.22	04:38:00	4116.50	4117.63	4114.72	4117.55	564	0	8
2026.07.22	04:39:00	4117.55	4121.40	4117.36	4119.54	570	0	11
2026.07.22	04:40:00	4119.57	4119.96	4118.43	4118.83	447	0	16
2026.07.22	04:41:00	4118.83	4119.42	4118.06	4119.15	540	0	15
2026.07.22	04:42:00	4119.15	4122.13	4119.13	4121.73	597	0	13
2026.07.22	04:43:00	4121.75	4122.89	4121.17	4122.08	558	0	9
2026.07.22	04:44:00	4122.03	4122.45	4121.11	4121.67	503	0	8
2026.07.22	04:45:00	4121.67	4123.64	4121.56	4122.36	388	0	8
2026.07.22	04:46:00	4122.36	4123.70	4122.26	4122.59	309	0	7
2026.07.22	04:47:00	4122.60	4123.62	4121.98	4123.62	341	0	8
2026.07.22	04:48:00	4123.64	4123.64	4121.49	4121.53	497	0	8
2026.07.22	04:49:00	4121.54	4121.62	4118.65	4119.78	582	0	16
2026.07.22	04:50:00	4119.77	4119.97	4118.29	4118.82	589	0	14
2026.07.22	04:51:00	4118.94	4119.84	4118.28	4119.54	458	0	19
2026.07.22	04:52:00	4119.55	4120.62	4118.63	4120.62	492	0	23
2026.07.22	04:53:00	4120.62	4121.16	4118.64	4119.00	476	0	7
2026.07.22	04:54:00	4119.00	4120.83	4119.00	4119.42	498	0	23
2026.07.22	04:55:00	4119.46	4119.59	4117.36	4117.36	509	0	11
2026.07.22	04:56:00	4117.49	4119.67	4117.26	4119.62	500	0	13
2026.07.22	04:57:00	4119.52	4120.92	4118.93	4120.79	367	0	8
2026.07.22	04:58:00	4120.79	4122.96	4120.50	4120.65	364	0	11
2026.07.22	04:59:00	4120.65	4122.15	4120.62	4122.10	387	0	16
2026.07.22	05:00:00	4122.10	4122.70	4120.91	4121.54	608	0	13
2026.07.22	05:01:00	4121.57	4122.60	4120.92	4121.71	519	0	13
2026.07.22	05:02:00	4121.67	4122.64	4121.35	4121.82	505	0	17
2026.07.22	05:03:00	4121.84	4122.11	4119.51	4119.54	361	0	11
2026.07.22	05:04:00	4119.53	4122.40	4119.42	4121.79	319	0	12
2026.07.22	05:05:00	4121.79	4122.12	4119.22	4119.67	477	0	8
2026.07.22	05:06:00	4119.58	4120.69	4119.54	4119.79	432	0	22
2026.07.22	05:07:00	4119.81	4120.83	4118.74	4120.56	372	0	10
2026.07.22	05:08:00	4120.56	4121.46	4119.90	4120.02	412	0	13
2026.07.22	05:09:00	4120.01	4121.53	4119.55	4121.51	418	0	9
2026.07.22	05:10:00	4121.51	4123.43	4120.87	4122.10	372	0	8
2026.07.22	05:11:00	4122.09	4122.57	4121.74	4122.34	441	0	19
2026.07.22	05:12:00	4122.37	4122.37	4120.45	4120.99	438	0	15
2026.07.22	05:13:00	4121.00	4122.21	4120.33	4121.89	393	0	15
2026.07.22	05:14:00	4121.91	4122.50	4121.80	4121.87	287	0	24
2026.07.22	05:15:00	4121.91	4122.76	4121.71	4122.37	311	0	14
2026.07.22	05:16:00	4122.37	4123.35	4121.74	4123.01	278	0	10
2026.07.22	05:17:00	4123.01	4125.05	4120.94	4121.12	488	0	9
2026.07.22	05:18:00	4121.26	4121.84	4120.53	4120.87	358	0	25
2026.07.22	05:19:00	4120.89	4120.91	4119.84	4120.39	416	0	9
2026.07.22	05:20:00	4120.38	4122.89	4120.25	4121.99	332	0	18
2026.07.22	05:21:00	4121.86	4123.73	4121.39	4123.63	342	0	8
2026.07.22	05:22:00	4123.56	4125.07	4123.48	4125.06	314	0	8
2026.07.22	05:23:00	4125.06	4125.57	4124.51	4124.96	231	0	16
2026.07.22	05:24:00	4125.00	4125.00	4123.76	4124.78	274	0	15
2026.07.22	05:25:00	4124.80	4125.25	4123.90	4124.68	335	0	22
2026.07.22	05:26:00	4124.68	4125.08	4123.99	4124.92	413	0	8
2026.07.22	05:27:00	4124.92	4125.54	4124.28	4125.22	414	0	20
2026.07.22	05:28:00	4125.21	4125.97	4124.82	4125.68	204	0	14
2026.07.22	05:29:00	4125.68	4125.72	4124.02	4124.17	238	0	15
2026.07.22	05:30:00	4124.18	4125.22	4122.12	4124.32	481	0	8
2026.07.22	05:31:00	4124.26	4126.15	4123.61	4125.51	381	0	8
2026.07.22	05:32:00	4125.47	4129.28	4125.47	4129.05	479	0	8
2026.07.22	05:33:00	4129.16	4130.29	4128.57	4128.92	478	0	13
2026.07.22	05:34:00	4128.84	4130.35	4127.90	4130.20	397	0	9
2026.07.22	05:35:00	4130.17	4130.32	4126.83	4127.16	435	0	7
2026.07.22	05:36:00	4127.25	4128.71	4126.62	4127.62	395	0	14
2026.07.22	05:37:00	4127.57	4128.86	4125.94	4126.10	413	0	9
2026.07.22	05:38:00	4126.10	4126.13	4124.38	4125.04	374	0	17
2026.07.22	05:39:00	4124.24	4125.95	4124.24	4124.51	375	0	25
2026.07.22	05:40:00	4124.48	4128.06	4124.38	4127.24	504	0	8
2026.07.22	05:41:00	4127.44	4129.32	4126.88	4127.41	494	0	8
2026.07.22	05:42:00	4127.41	4127.60	4126.28	4126.34	277	0	18
2026.07.22	05:43:00	4126.34	4126.50	4125.21	4126.35	356	0	12
2026.07.22	05:44:00	4126.35	4128.59	4126.22	4128.21	343	0	10
2026.07.22	05:45:00	4128.21	4128.78	4127.50	4128.33	453	0	11
2026.07.22	05:46:00	4128.45	4130.51	4128.09	4129.08	475	0	12
2026.07.22	05:47:00	4129.01	4129.18	4127.70	4127.83	391	0	24
2026.07.22	05:48:00	4127.83	4129.21	4127.55	4128.46	461	0	23
2026.07.22	05:49:00	4128.46	4128.91	4127.84	4128.33	275	0	25
2026.07.22	05:50:00	4128.32	4128.55	4127.24	4127.35	369	0	16
2026.07.22	05:51:00	4127.66	4127.82	4126.12	4126.87	470	0	23
2026.07.22	05:52:00	4126.87	4127.42	4126.39	4127.38	347	0	10
2026.07.22	05:53:00	4127.38	4128.13	4126.26	4128.11	430	0	11
2026.07.22	05:54:00	4128.10	4129.13	4128.05	4128.30	406	0	10
2026.07.22	05:55:00	4128.30	4128.77	4127.72	4127.87	441	0	18
2026.07.22	05:56:00	4127.87	4128.13	4127.03	4127.15	381	0	14
2026.07.22	05:57:00	4127.15	4127.75	4126.69	4127.49	310	0	11
2026.07.22	05:58:00	4127.46	4129.33	4127.40	4129.26	377	0	10
2026.07.22	05:59:00	4129.26	4130.87	4128.78	4130.36	417	0	8
2026.07.22	06:00:00	4130.49	4131.30	4129.11	4130.43	521	0	8
2026.07.22	06:01:00	4130.45	4131.10	4129.80	4130.48	459	0	23
2026.07.22	06:02:00	4130.48	4132.02	4130.45	4131.94	422	0	17
2026.07.22	06:03:00	4131.94	4132.74	4131.69	4132.51	346	0	17
2026.07.22	06:04:00	4132.51	4133.49	4131.94	4133.39	374	0	18
2026.07.22	06:05:00	4133.40	4134.54	4132.42	4134.38	436	0	8
2026.07.22	06:06:00	4134.38	4137.44	4134.36	4137.08	514	0	19
2026.07.22	06:07:00	4137.08	4140.42	4136.76	4140.04	565	0	9
2026.07.22	06:08:00	4140.04	4140.62	4137.74	4138.13	517	0	8
2026.07.22	06:09:00	4138.22	4138.40	4136.81	4137.33	438	0	12
2026.07.22	06:10:00	4137.36	4138.40	4137.26	4137.76	339	0	15
2026.07.22	06:11:00	4137.76	4138.04	4136.52	4136.52	384	0	15
2026.07.22	06:12:00	4136.52	4136.55	4134.88	4135.94	277	0	11
2026.07.22	06:13:00	4135.95	4137.86	4135.77	4137.56	275	0	8
2026.07.22	06:14:00	4137.54	4137.66	4136.57	4137.20	265	0	24
2026.07.22	06:15:00	4137.20	4139.27	4136.64	4139.24	441	0	13
2026.07.22	06:16:00	4139.22	4139.72	4138.34	4138.55	420	0	8
2026.07.22	06:17:00	4138.57	4139.05	4138.08	4139.05	342	0	11
2026.07.22	06:18:00	4139.01	4139.81	4137.99	4138.29	322	0	8
2026.07.22	06:19:00	4138.29	4139.19	4138.21	4138.97	208	0	8
2026.07.22	06:20:00	4138.97	4140.43	4138.13	4140.43	306	0	18
2026.07.22	06:21:00	4140.19	4140.41	4139.03	4140.21	304	0	12
2026.07.22	06:22:00	4140.21	4140.79	4139.70	4140.38	297	0	17
2026.07.22	06:23:00	4140.32	4141.62	4139.18	4140.92	383	0	8
2026.07.22	06:24:00	4141.10	4141.15	4138.67	4138.90	333	0	12
2026.07.22	06:25:00	4138.83	4139.34	4138.41	4139.01	443	0	20
2026.07.22	06:26:00	4138.66	4139.26	4138.17	4139.23	346	0	11
2026.07.22	06:27:00	4139.23	4139.82	4138.65	4138.75	330	0	14
2026.07.22	06:28:00	4138.77	4139.03	4136.93	4136.97	362	0	10
2026.07.22	06:29:00	4136.96	4138.45	4136.96	4138.17	376	0	8
2026.07.22	06:30:00	4138.16	4138.21	4137.04	4137.22	325	0	8
2026.07.22	06:31:00	4137.29	4137.65	4136.36	4136.37	339	0	10
2026.07.22	06:32:00	4136.50	4136.76	4134.73	4135.11	412	0	9
2026.07.22	06:33:00	4135.19	4135.48	4134.75	4134.80	285	0	8
2026.07.22	06:34:00	4134.81	4135.59	4134.60	4135.05	247	0	12
2026.07.22	06:35:00	4135.04	4135.27	4133.19	4133.61	143	0	29
2026.07.22	06:36:00	4133.74	4133.84	4133.15	4133.15	100	0	33
2026.07.22	06:37:00	4133.12	4134.23	4132.53	4134.20	176	0	25
2026.07.22	06:38:00	4134.20	4135.71	4133.88	4135.32	163	0	14
2026.07.22	06:39:00	4135.30	4135.39	4133.30	4133.59	233	0	15
2026.07.22	06:40:00	4133.54	4133.61	4132.87	4133.11	238	0	11
2026.07.22	06:41:00	4133.13	4133.60	4132.47	4133.37	270	0	23
2026.07.22	06:42:00	4133.39	4134.36	4132.86	4133.36	263	0	8
2026.07.22	06:43:00	4133.40	4134.03	4132.43	4133.69	269	0	8
2026.07.22	06:44:00	4133.72	4134.06	4133.31	4133.48	230	0	9
2026.07.22	06:45:00	4133.52	4134.36	4132.97	4133.14	310	0	7
2026.07.22	06:46:00	4132.96	4133.62	4132.48	4132.83	301	0	8
2026.07.22	06:47:00	4132.85	4134.12	4132.84	4134.01	276	0	12
2026.07.22	06:48:00	4133.98	4134.16	4132.71	4132.73	237	0	9
2026.07.22	06:49:00	4132.73	4132.86	4132.20	4132.69	223	0	13
2026.07.22	06:50:00	4132.68	4132.74	4131.92	4132.19	197	0	17
2026.07.22	06:51:00	4132.27	4132.68	4131.69	4131.89	279	0	8
2026.07.22	06:52:00	4131.91	4132.27	4131.09	4131.23	268	0	8
2026.07.22	06:53:00	4131.24	4131.57	4130.71	4130.95	255	0	8
2026.07.22	06:54:00	4131.00	4131.31	4130.64	4131.08	217	0	18
2026.07.22	06:55:00	4131.08	4131.55	4130.77	4131.08	247	0	23
2026.07.22	06:56:00	4131.08	4131.25	4130.42	4130.50	184	0	20
2026.07.22	06:57:00	4130.50	4131.72	4129.94	4131.15	239	0	16
2026.07.22	06:58:00	4131.16	4131.61	4130.85	4131.26	267	0	16
2026.07.22	06:59:00	4131.29	4131.35	4130.72	4130.84	196	0	18
2026.07.22	07:00:00	4130.84	4131.19	4129.81	4129.91	329	0	17
2026.07.22	07:01:00	4129.99	4131.01	4129.98	4130.59	247	0	11
2026.07.22	07:02:00	4130.59	4130.69	4128.12	4128.90	354	0	21
2026.07.22	07:03:00	4128.88	4128.88	4127.00	4127.25	377	0	8
2026.07.22	07:04:00	4127.31	4128.57	4126.43	4128.28	268	0	10
2026.07.22	07:05:00	4128.28	4129.82	4128.28	4129.57	234	0	16
2026.07.22	07:06:00	4129.58	4130.47	4129.15	4130.30	221	0	18
2026.07.22	07:07:00	4130.28	4130.28	4128.94	4129.14	178	0	11
2026.07.22	07:08:00	4129.15	4129.61	4128.39	4128.42	210	0	9
2026.07.22	07:09:00	4128.40	4128.54	4127.58	4128.00	241	0	8
2026.07.22	07:10:00	4128.00	4128.44	4127.50	4127.70	278	0	9
2026.07.22	07:11:00	4127.70	4127.89	4126.80	4126.93	240	0	8
2026.07.22	07:12:00	4126.93	4127.34	4126.47	4126.48	288	0	13
2026.07.22	07:13:00	4126.44	4127.82	4126.21	4127.59	231	0	17
2026.07.22	07:14:00	4127.59	4127.62	4126.38	4126.92	207	0	8
2026.07.22	07:15:00	4126.92	4128.30	4126.84	4128.11	217	0	16
2026.07.22	07:16:00	4128.11	4129.59	4128.05	4128.63	232	0	16
2026.07.22	07:17:00	4128.63	4128.70	4128.15	4128.21	186	0	17
2026.07.22	07:18:00	4128.31	4128.76	4128.10	4128.54	160	0	21
2026.07.22	07:19:00	4128.56	4128.61	4127.99	4128.01	184	0	25
2026.07.22	07:20:00	4127.94	4128.41	4127.82	4128.35	216	0	13
2026.07.22	07:21:00	4128.32	4128.71	4127.57	4128.63	205	0	19
2026.07.22	07:22:00	4128.63	4129.07	4128.18	4128.89	202	0	21
2026.07.22	07:23:00	4128.91	4129.35	4128.80	4129.24	142	0	18
2026.07.22	07:24:00	4129.22	4129.31	4128.52	4128.76	203	0	17
2026.07.22	07:25:00	4128.76	4128.84	4128.05	4128.24	195	0	12
2026.07.22	07:26:00	4128.19	4128.71	4127.89	4128.20	198	0	20
2026.07.22	07:27:00	4128.19	4128.54	4127.51	4127.89	233	0	17
2026.07.22	07:28:00	4127.82	4128.41	4127.82	4128.21	147	0	23
2026.07.22	07:29:00	4128.21	4128.91	4127.88	4128.75	161	0	27
2026.07.22	07:30:00	4128.75	4128.97	4128.03	4128.21	249	0	24
2026.07.22	07:31:00	4128.21	4129.01	4128.17	4128.61	175	0	23
2026.07.22	07:32:00	4128.60	4128.60	4126.86	4126.90	141	0	22
2026.07.22	07:33:00	4126.96	4127.09	4125.97	4126.39	153	0	19
2026.07.22	07:34:00	4126.37	4126.71	4124.93	4126.68	332	0	15
2026.07.22	07:35:00	4126.68	4126.72	4125.86	4126.19	242	0	9
2026.07.22	07:36:00	4126.18	4126.46	4125.79	4126.39	174	0	9
2026.07.22	07:37:00	4126.39	4126.51	4125.36	4125.38	289	0	9
2026.07.22	07:38:00	4125.37	4126.50	4124.60	4126.45	234	0	19
2026.07.22	07:39:00	4126.48	4126.80	4125.97	4126.19	121	0	21
2026.07.22	07:40:00	4126.19	4126.91	4126.17	4126.46	148	0	24
2026.07.22	07:41:00	4126.46	4127.25	4126.45	4126.99	176	0	16
2026.07.22	07:42:00	4126.97	4127.46	4126.38	4126.97	192	0	24
2026.07.22	07:43:00	4126.97	4127.20	4126.53	4126.68	188	0	19
2026.07.22	07:44:00	4126.71	4127.61	4126.68	4127.26	252	0	13
2026.07.22	07:45:00	4127.26	4127.55	4126.79	4127.52	267	0	14
2026.07.22	07:46:00	4127.53	4127.63	4126.24	4126.46	240	0	19
2026.07.22	07:47:00	4126.44	4126.51	4125.32	4125.70	266	0	14
2026.07.22	07:48:00	4125.87	4126.18	4125.69	4125.97	228	0	17
2026.07.22	07:49:00	4126.01	4126.29	4125.67	4126.23	207	0	25
2026.07.22	07:50:00	4126.23	4126.74	4125.68	4126.40	187	0	8
2026.07.22	07:51:00	4126.43	4126.97	4125.45	4125.66	203	0	8
2026.07.22	07:52:00	4125.64	4125.71	4125.24	4125.70	237	0	15
2026.07.22	07:53:00	4125.70	4125.71	4125.16	4125.45	212	0	17
2026.07.22	07:54:00	4125.46	4126.01	4125.45	4125.93	201	0	24
2026.07.22	07:55:00	4125.93	4126.23	4125.37	4126.01	179	0	19
2026.07.22	07:56:00	4126.04	4126.39	4125.52	4126.34	227	0	25
2026.07.22	07:57:00	4126.36	4127.18	4126.03	4126.84	249	0	12
2026.07.22	07:58:00	4126.82	4127.05	4126.53	4126.78	143	0	13
2026.07.22	07:59:00	4126.87	4127.17	4126.33	4126.98	157	0	21
2026.07.22	08:00:00	4127.00	4127.03	4125.87	4126.25	307	0	23
2026.07.22	08:01:00	4126.17	4127.83	4125.96	4127.56	284	0	23
2026.07.22	08:02:00	4127.54	4128.22	4127.26	4127.83	258	0	21
2026.07.22	08:03:00	4127.83	4129.23	4127.34	4128.22	223	0	17
2026.07.22	08:04:00	4128.18	4128.73	4127.83	4128.34	198	0	19
2026.07.22	08:05:00	4128.34	4128.47	4127.88	4128.15	200	0	17
2026.07.22	08:06:00	4128.15	4128.46	4127.87	4128.42	267	0	19
2026.07.22	08:07:00	4128.42	4129.12	4127.95	4128.81	254	0	18
2026.07.22	08:08:00	4128.85	4128.85	4128.04	4128.05	230	0	20
2026.07.22	08:09:00	4127.93	4127.93	4126.44	4127.14	244	0	14
2026.07.22	08:10:00	4127.12	4128.96	4127.02	4128.90	276	0	12
2026.07.22	08:11:00	4128.90	4129.95	4128.71	4128.75	198	0	10
2026.07.22	08:12:00	4128.73	4128.77	4128.02	4128.12	144	0	19
2026.07.22	08:13:00	4128.12	4128.59	4127.80	4127.88	195	0	24
2026.07.22	08:14:00	4127.89	4128.50	4127.81	4128.48	176	0	21
2026.07.22	08:15:00	4128.46	4128.65	4127.14	4127.45	255	0	11
2026.07.22	08:16:00	4127.44	4127.46	4123.59	4123.96	408	0	9
2026.07.22	08:17:00	4124.03	4124.81	4123.11	4124.27	382	0	8
2026.07.22	08:18:00	4124.31	4125.21	4123.48	4123.82	287	0	19
2026.07.22	08:19:00	4123.82	4124.52	4123.49	4124.01	321	0	14
2026.07.22	08:20:00	4124.01	4124.26	4123.12	4123.59	302	0	23
2026.07.22	08:21:00	4123.59	4124.61	4123.54	4124.07	245	0	21
2026.07.22	08:22:00	4124.09	4124.58	4123.66	4124.55	231	0	16
2026.07.22	08:23:00	4124.56	4124.74	4123.98	4124.35	217	0	20
2026.07.22	08:24:00	4124.30	4124.48	4124.01	4124.31	193	0	16
2026.07.22	08:25:00	4124.31	4124.71	4123.34	4124.69	255	0	15
2026.07.22	08:26:00	4124.69	4126.38	4124.25	4125.67	245	0	8
2026.07.22	08:27:00	4125.68	4125.84	4124.57	4124.83	278	0	17
2026.07.22	08:28:00	4124.77	4124.90	4123.65	4123.79	335	0	16
2026.07.22	08:29:00	4123.83	4124.75	4123.58	4123.69	230	0	25
2026.07.22	08:30:00	4123.72	4128.40	4122.95	4127.21	605	0	12
2026.07.22	08:31:00	4127.25	4128.78	4126.18	4128.09	554	0	8
2026.07.22	08:32:00	4128.09	4128.68	4127.25	4127.72	411	0	16
2026.07.22	08:33:00	4127.69	4128.31	4126.12	4126.68	476	0	16
2026.07.22	08:34:00	4126.71	4127.89	4125.97	4127.50	514	0	17
2026.07.22	08:35:00	4127.50	4130.25	4127.15	4128.64	497	0	15
2026.07.22	08:36:00	4128.59	4129.86	4128.26	4129.57	371	0	23
2026.07.22	08:37:00	4129.59	4131.85	4129.43	4131.51	418	0	10
2026.07.22	08:38:00	4131.51	4133.95	4131.15	4132.30	413	0	9
2026.07.22	08:39:00	4132.47	4132.91	4131.66	4132.52	377	0	14
2026.07.22	08:40:00	4132.51	4133.15	4130.64	4131.58	390	0	9
2026.07.22	08:41:00	4131.58	4132.98	4131.05	4131.50	487	0	9
2026.07.22	08:42:00	4131.50	4132.37	4130.08	4132.16	408	0	10
2026.07.22	08:43:00	4132.18	4132.37	4130.97	4132.03	364	0	8
2026.07.22	08:44:00	4132.05	4133.18	4131.89	4132.41	358	0	10
2026.07.22	08:45:00	4132.44	4132.44	4130.13	4131.57	404	0	11
2026.07.22	08:46:00	4131.62	4132.34	4130.95	4132.13	442	0	18
2026.07.22	08:47:00	4132.07	4133.20	4131.74	4131.98	499	0	20
2026.07.22	08:48:00	4131.96	4132.28	4130.99	4132.18	507	0	15
2026.07.22	08:49:00	4132.15	4132.46	4131.22	4131.92	370	0	25
2026.07.22	08:50:00	4131.92	4132.38	4131.13	4132.23	364	0	22
2026.07.22	08:51:00	4132.25	4132.85	4131.74	4131.78	408	0	19
2026.07.22	08:52:00	4131.85	4132.84	4131.08	4132.66	371	0	22
2026.07.22	08:53:00	4132.65	4132.65	4131.30	4131.71	327	0	16
2026.07.22	08:54:00	4131.73	4131.96	4129.06	4129.52	410	0	23
2026.07.22	08:55:00	4129.54	4130.40	4129.09	4129.13	436	0	16
2026.07.22	08:56:00	4129.13	4129.59	4128.47	4128.92	425	0	29
2026.07.22	08:57:00	4129.00	4129.42	4128.75	4128.75	236	0	21
2026.07.22	08:58:00	4128.79	4130.32	4127.82	4130.28	249	0	18
2026.07.22	08:59:00	4130.28	4131.43	4130.26	4130.98	201	0	10
2026.07.22	09:00:00	4130.98	4134.59	4130.91	4133.82	423	0	8
2026.07.22	09:01:00	4133.82	4134.13	4132.32	4132.84	409	0	15
2026.07.22	09:02:00	4132.88	4133.68	4132.70	4132.98	364	0	21
2026.07.22	09:03:00	4132.98	4135.09	4132.98	4134.32	499	0	16
2026.07.22	09:04:00	4134.32	4135.26	4134.06	4134.23	421	0	13
2026.07.22	09:05:00	4134.24	4134.24	4132.03	4132.74	477	0	16
2026.07.22	09:06:00	4132.70	4133.03	4130.87	4131.39	391	0	7
2026.07.22	09:07:00	4131.37	4132.60	4131.26	4132.06	237	0	14
2026.07.22	09:08:00	4132.04	4132.19	4130.77	4131.38	331	0	18
2026.07.22	09:09:00	4131.38	4131.44	4130.47	4130.66	329	0	22
2026.07.22	09:10:00	4130.72	4131.59	4130.53	4131.15	278	0	8
2026.07.22	09:11:00	4131.15	4132.35	4131.13	4131.58	284	0	9
2026.07.22	09:12:00	4131.58	4131.72	4130.98	4131.55	276	0	16
2026.07.22	09:13:00	4131.56	4132.01	4129.75	4129.89	342	0	9
2026.07.22	09:14:00	4129.95	4130.67	4129.35	4129.79	316	0	15
2026.07.22	09:15:00	4129.76	4129.85	4129.11	4129.67	308	0	9
2026.07.22	09:16:00	4129.67	4131.89	4129.67	4129.83	335	0	9
2026.07.22	09:17:00	4129.93	4131.62	4129.85	4130.97	214	0	22
2026.07.22	09:18:00	4130.97	4131.61	4130.84	4131.50	303	0	17
2026.07.22	09:19:00	4131.59	4131.66	4129.35	4130.39	332	0	19
2026.07.22	09:20:00	4130.39	4130.62	4129.39	4129.78	272	0	17
2026.07.22	09:21:00	4129.78	4129.79	4128.70	4129.28	277	0	14
2026.07.22	09:22:00	4129.27	4130.67	4129.26	4129.82	330	0	13
2026.07.22	09:23:00	4129.71	4129.83	4125.83	4125.97	514	0	8
2026.07.22	09:24:00	4125.98	4126.47	4124.26	4125.07	440	0	11
2026.07.22	09:25:00	4125.02	4125.29	4121.13	4122.01	464	0	10
2026.07.22	09:26:00	4122.00	4122.33	4116.83	4116.86	547	0	12
2026.07.22	09:27:00	4116.86	4117.75	4115.55	4116.60	523	0	9
2026.07.22	09:28:00	4116.66	4118.06	4113.80	4116.54	560	0	16
2026.07.22	09:29:00	4116.58	4117.41	4116.17	4117.32	459	0	18
2026.07.22	09:30:00	4117.39	4119.24	4115.29	4115.75	527	0	8
2026.07.22	09:31:00	4115.65	4116.36	4114.55	4116.32	468	0	12
2026.07.22	09:32:00	4116.34	4117.30	4115.29	4116.72	584	0	9
2026.07.22	09:33:00	4116.67	4117.64	4116.03	4117.04	467	0	21
2026.07.22	09:34:00	4117.04	4119.27	4116.74	4119.24	486	0	9
2026.07.22	09:35:00	4119.28	4120.00	4118.91	4119.46	375	0	14
2026.07.22	09:36:00	4119.45	4119.98	4118.14	4119.88	366	0	14
2026.07.22	09:37:00	4119.88	4120.30	4116.45	4117.19	459	0	17
2026.07.22	09:38:00	4117.17	4118.92	4116.60	4116.78	390	0	10
2026.07.22	09:39:00	4116.81	4117.98	4116.67	4117.34	334	0	8
2026.07.22	09:40:00	4117.34	4118.75	4117.10	4118.14	328	0	13
2026.07.22	09:41:00	4118.15	4118.84	4117.44	4118.63	308	0	8
2026.07.22	09:42:00	4118.63	4118.69	4116.98	4117.93	290	0	10
2026.07.22	09:43:00	4117.90	4120.15	4117.87	4120.05	344	0	10
2026.07.22	09:44:00	4120.15	4120.16	4118.76	4118.76	268	0	13
2026.07.22	09:45:00	4118.71	4120.32	4118.32	4120.32	364	0	8
2026.07.22	09:46:00	4120.32	4120.70	4119.10	4119.32	274	0	8
2026.07.22	09:47:00	4119.32	4120.19	4118.31	4119.34	427	0	7
2026.07.22	09:48:00	4119.38	4119.44	4118.52	4118.67	308	0	8
2026.07.22	09:49:00	4118.76	4118.82	4116.99	4117.64	376	0	8
2026.07.22	09:50:00	4117.63	4117.64	4115.24	4115.89	431	0	9
2026.07.22	09:51:00	4115.91	4116.07	4114.23	4115.17	346	0	18
2026.07.22	09:52:00	4115.23	4116.45	4115.02	4116.32	357	0	25
2026.07.22	09:53:00	4116.32	4116.68	4115.82	4116.55	288	0	28
2026.07.22	09:54:00	4116.58	4116.78	4115.50	4116.41	381	0	8
2026.07.22	09:55:00	4116.38	4117.03	4115.60	4116.60	431	0	11
2026.07.22	09:56:00	4116.66	4116.76	4115.54	4116.18	347	0	14
2026.07.22	09:57:00	4116.18	4116.35	4113.25	4114.58	351	0	12
2026.07.22	09:58:00	4114.57	4115.47	4114.10	4115.15	276	0	13
2026.07.22	09:59:00	4115.14	4116.64	4115.01	4116.32	385	0	16
2026.07.22	10:00:00	4116.31	4117.31	4114.72	4116.32	534	0	12
2026.07.22	10:01:00	4116.35	4116.36	4113.98	4114.37	516	0	19
2026.07.22	10:02:00	4114.37	4114.67	4113.47	4114.60	428	0	9
2026.07.22	10:03:00	4114.60	4114.97	4114.11	4114.31	340	0	15
2026.07.22	10:04:00	4114.30	4115.15	4111.77	4112.50	387	0	8
2026.07.22	10:05:00	4112.80	4114.56	4112.44	4113.21	371	0	12
2026.07.22	10:06:00	4113.15	4114.32	4112.31	4114.05	495	0	10
2026.07.22	10:07:00	4114.05	4115.47	4113.89	4115.43	383	0	15
2026.07.22	10:08:00	4115.43	4115.63	4113.21	4113.30	368	0	8
2026.07.22	10:09:00	4113.32	4113.85	4112.54	4113.40	371	0	10
2026.07.22	10:10:00	4113.40	4114.46	4113.20	4113.83	361	0	7
2026.07.22	10:11:00	4113.85	4113.94	4112.42	4113.11	363	0	11
2026.07.22	10:12:00	4113.24	4116.19	4112.87	4115.91	489	0	8
2026.07.22	10:13:00	4115.91	4116.37	4114.79	4115.21	295	0	9
2026.07.22	10:14:00	4115.29	4116.44	4114.56	4116.39	334	0	9
2026.07.22	10:15:00	4116.17	4117.28	4115.91	4116.68	304	0	7
2026.07.22	10:16:00	4116.68	4118.39	4116.53	4116.66	296	0	8
2026.07.22	10:17:00	4116.62	4118.22	4116.37	4118.12	275	0	8
2026.07.22	10:18:00	4118.12	4118.99	4117.89	4118.91	321	0	8
2026.07.22	10:19:00	4118.91	4119.06	4118.30	4118.84	253	0	14
2026.07.22	10:20:00	4118.85	4119.88	4118.66	4119.40	279	0	14
2026.07.22	10:21:00	4119.36	4122.49	4119.21	4120.98	348	0	7
2026.07.22	10:22:00	4120.96	4121.01	4119.50	4119.79	250	0	18
2026.07.22	10:23:00	4119.78	4119.99	4119.28	4119.44	235	0	8
2026.07.22	10:24:00	4119.44	4119.47	4117.86	4117.86	347	0	10
2026.07.22	10:25:00	4117.84	4119.00	4117.70	4118.93	329	0	13
2026.07.22	10:26:00	4118.93	4119.74	4118.49	4119.19	399	0	19
2026.07.22	10:27:00	4119.14	4119.62	4118.49	4119.47	285	0	15
2026.07.22	10:28:00	4119.47	4120.06	4119.19	4119.50	282	0	15
2026.07.22	10:29:00	4119.50	4119.95	4119.05	4119.64	264	0	13
2026.07.22	10:30:00	4119.55	4123.08	4119.54	4120.11	586	0	8
2026.07.22	10:31:00	4120.09	4120.59	4119.37	4120.17	370	0	21
2026.07.22	10:32:00	4120.20	4120.21	4118.97	4119.00	312	0	25
2026.07.22	10:33:00	4119.00	4119.58	4118.17	4118.56	312	0	16
2026.07.22	10:34:00	4118.56	4119.29	4118.19	4118.19	377	0	7
2026.07.22	10:35:00	4118.19	4118.39	4117.54	4117.62	362	0	20
2026.07.22	10:36:00	4117.64	4118.22	4117.15	4117.26	418	0	21
2026.07.22	10:37:00	4117.24	4117.65	4116.74	4117.50	375	0	22
2026.07.22	10:38:00	4117.47	4117.99	4116.27	4116.37	361	0	17
2026.07.22	10:39:00	4116.44	4116.86	4114.91	4114.93	406	0	14
2026.07.22	10:40:00	4114.93	4115.27	4113.13	4113.36	385	0	14
2026.07.22	10:41:00	4113.38	4113.52	4111.22	4111.77	500	0	12
2026.07.22	10:42:00	4111.77	4112.47	4111.06	4111.11	380	0	13
2026.07.22	10:43:00	4111.09	4113.08	4110.87	4113.05	366	0	14
2026.07.22	10:44:00	4113.03	4113.83	4111.63	4112.26	444	0	21
2026.07.22	10:45:00	4112.24	4113.19	4111.32	4112.11	329	0	8
2026.07.22	10:46:00	4111.97	4112.26	4109.62	4110.80	379	0	8
2026.07.22	10:47:00	4110.82	4111.84	4109.98	4110.68	400	0	24
2026.07.22	10:48:00	4110.70	4113.65	4110.62	4111.37	416	0	7
2026.07.22	10:49:00	4111.37	4111.43	4109.91	4110.17	404	0	17
2026.07.22	10:50:00	4110.15	4110.74	4109.60	4110.58	421	0	26
2026.07.22	10:51:00	4110.58	4111.25	4110.39	4110.90	360	0	20
2026.07.22	10:52:00	4110.87	4111.14	4109.76	4110.53	400	0	8
2026.07.22	10:53:00	4110.53	4113.32	4110.28	4113.30	425	0	8
2026.07.22	10:54:00	4113.28	4114.11	4112.81	4114.06	354	0	12
2026.07.22	10:55:00	4114.03	4114.37	4112.35	4112.65	437	0	8
2026.07.22	10:56:00	4112.75	4113.66	4112.65	4113.29	352	0	26
2026.07.22	10:57:00	4113.31	4113.51	4112.61	4112.72	395	0	15
2026.07.22	10:58:00	4112.60	4112.61	4109.27	4109.61	444	0	8
2026.07.22	10:59:00	4109.61	4110.62	4109.20	4110.56	364	0	8
2026.07.22	11:00:00	4110.58	4113.47	4110.58	4113.47	632	0	13
2026.07.22	11:01:00	4113.48	4113.48	4111.22	4112.03	548	0	8
2026.07.22	11:02:00	4112.01	4112.24	4110.50	4111.80	436	0	16
2026.07.22	11:03:00	4111.80	4113.25	4111.35	4112.95	434	0	23
2026.07.22	11:04:00	4113.00	4115.27	4112.85	4114.98	415	0	22
2026.07.22	11:05:00	4114.86	4115.29	4113.91	4114.61	441	0	16
2026.07.22	11:06:00	4114.57	4115.67	4113.54	4113.63	430	0	13
2026.07.22	11:07:00	4113.63	4115.29	4113.53	4114.95	398	0	9
2026.07.22	11:08:00	4114.92	4115.86	4114.57	4115.27	421	0	16
2026.07.22	11:09:00	4115.30	4115.59	4114.18	4114.50	457	0	15
2026.07.22	11:10:00	4114.50	4114.91	4112.77	4112.84	496	0	9
2026.07.22	11:11:00	4112.84	4113.40	4112.35	4112.78	398	0	12
2026.07.22	11:12:00	4112.76	4114.31	4112.67	4114.08	436	0	17
2026.07.22	11:13:00	4114.08	4116.07	4114.00	4115.22	402	0	12
2026.07.22	11:14:00	4115.20	4115.63	4114.09	4114.66	328	0	19
2026.07.22	11:15:00	4114.67	4114.88	4113.35	4114.56	448	0	19
2026.07.22	11:16:00	4114.55	4114.89	4113.92	4114.26	394	0	19
2026.07.22	11:17:00	4114.30	4114.78	4113.89	4114.43	499	0	18
2026.07.22	11:18:00	4114.42	4115.40	4113.64	4115.29	419	0	18
2026.07.22	11:19:00	4115.29	4115.49	4114.44	4114.81	429	0	11
2026.07.22	11:20:00	4114.91	4116.06	4114.79	4115.73	422	0	12
2026.07.22	11:21:00	4115.73	4117.18	4115.56	4116.84	373	0	8
2026.07.22	11:22:00	4116.86	4117.64	4116.65	4117.23	367	0	8
2026.07.22	11:23:00	4117.32	4117.83	4117.17	4117.54	227	0	14
2026.07.22	11:24:00	4117.55	4117.55	4116.02	4116.85	363	0	16
2026.07.22	11:25:00	4116.83	4117.60	4116.68	4117.47	355	0	16
2026.07.22	11:26:00	4117.47	4117.69	4116.12	4116.33	397	0	10
2026.07.22	11:27:00	4116.33	4116.89	4115.35	4115.65	404	0	8
2026.07.22	11:28:00	4115.76	4117.37	4115.73	4116.90	405	0	8
2026.07.22	11:29:00	4116.85	4117.47	4116.38	4117.47	488	0	13
2026.07.22	11:30:00	4117.46	4118.03	4116.49	4117.71	597	0	10
2026.07.22	11:31:00	4117.71	4119.11	4117.44	4118.79	369	0	18
2026.07.22	11:32:00	4118.67	4118.80	4117.40	4117.47	300	0	16
2026.07.22	11:33:00	4117.36	4118.89	4117.22	4118.17	322	0	9
2026.07.22	11:34:00	4118.10	4118.35	4116.95	4117.91	375	0	8
2026.07.22	11:35:00	4117.91	4118.36	4117.39	4118.08	388	0	8
2026.07.22	11:36:00	4118.08	4118.52	4117.61	4118.34	359	0	9
2026.07.22	11:37:00	4118.34	4118.56	4117.53	4117.55	315	0	9
2026.07.22	11:38:00	4117.53	4117.67	4116.90	4117.11	346	0	8
2026.07.22	11:39:00	4117.11	4118.24	4116.58	4116.73	377	0	9
2026.07.22	11:40:00	4116.75	4117.41	4116.54	4116.96	387	0	18
2026.07.22	11:41:00	4116.96	4117.40	4116.45	4116.48	313	0	11
2026.07.22	11:42:00	4116.44	4116.52	4115.28	4116.11	375	0	12
2026.07.22	11:43:00	4116.11	4116.14	4115.19	4115.39	310	0	10
2026.07.22	11:44:00	4115.39	4115.58	4114.09	4114.53	368	0	8
2026.07.22	11:45:00	4114.67	4115.97	4114.37	4115.43	336	0	10
2026.07.22	11:46:00	4115.46	4116.30	4113.64	4113.85	424	0	8
2026.07.22	11:47:00	4113.85	4114.28	4113.33	4114.02	427	0	10
2026.07.22	11:48:00	4114.04	4114.26	4113.53	4113.72	341	0	8
2026.07.22	11:49:00	4113.72	4114.91	4113.34	4114.64	390	0	13
2026.07.22	11:50:00	4114.64	4115.08	4114.30	4114.31	413	0	15
2026.07.22	11:51:00	4114.29	4114.90	4113.62	4114.68	410	0	17
2026.07.22	11:52:00	4114.71	4115.73	4114.31	4115.44	300	0	8
2026.07.22	11:53:00	4115.44	4117.55	4115.39	4117.52	325	0	14
2026.07.22	11:54:00	4117.52	4117.76	4116.84	4117.52	382	0	20
2026.07.22	11:55:00	4117.54	4119.21	4117.53	4118.17	304	0	10
2026.07.22	11:56:00	4118.16	4120.16	4118.02	4118.72	270	0	8
2026.07.22	11:57:00	4118.69	4118.94	4117.55	4118.52	318	0	11
2026.07.22	11:58:00	4118.52	4119.07	4118.22	4118.48	247	0	11
2026.07.22	11:59:00	4118.45	4118.79	4117.46	4118.31	276	0	14
2026.07.22	12:00:00	4118.29	4119.43	4117.74	4119.11	427	0	13
2026.07.22	12:01:00	4119.14	4120.50	4118.94	4119.12	357	0	9
2026.07.22	12:02:00	4119.22	4120.52	4119.09	4119.53	352	0	7
2026.07.22	12:03:00	4119.55	4120.25	4119.37	4120.00	322	0	8
2026.07.22	12:04:00	4120.00	4120.00	4119.21	4119.91	368	0	9
2026.07.22	12:05:00	4119.89	4120.07	4118.45	4119.56	345	0	8
2026.07.22	12:06:00	4119.53	4119.81	4117.95	4118.68	253	0	9
2026.07.22	12:07:00	4118.54	4122.21	4118.37	4121.69	380	0	10
2026.07.22	12:08:00	4121.79	4121.85	4120.16	4120.49	273	0	15
2026.07.22	12:09:00	4120.49	4120.68	4119.85	4119.95	310	0	20
2026.07.22	12:10:00	4119.98	4120.70	4119.57	4120.56	262	0	8
2026.07.22	12:11:00	4120.55	4121.87	4120.38	4121.66	317	0	15
2026.07.22	12:12:00	4121.65	4121.65	4120.20	4121.07	340	0	8
2026.07.22	12:13:00	4121.09	4122.20	4120.94	4121.38	333	0	10
2026.07.22	12:14:00	4121.38	4121.77	4121.10	4121.69	276	0	18
2026.07.22	12:15:00	4121.82	4121.82	4119.67	4120.15	322	0	18
2026.07.22	12:16:00	4120.11	4120.74	4119.94	4120.39	296	0	17
2026.07.22	12:17:00	4120.34	4121.03	4120.34	4120.51	303	0	16
2026.07.22	12:18:00	4120.51	4121.99	4120.51	4121.45	321	0	8
2026.07.22	12:19:00	4121.47	4122.22	4121.47	4122.19	383	0	16
2026.07.22	12:20:00	4122.21	4122.32	4121.08	4122.02	363	0	15
2026.07.22	12:21:00	4122.02	4122.07	4119.33	4119.50	423	0	16
2026.07.22	12:22:00	4119.50	4121.16	4119.40	4121.02	291	0	14
2026.07.22	12:23:00	4121.02	4121.02	4120.14	4120.55	305	0	23
2026.07.22	12:24:00	4120.46	4120.90	4120.00	4120.69	274	0	14
2026.07.22	12:25:00	4120.67	4121.30	4120.35	4120.85	239	0	20
2026.07.22	12:26:00	4120.85	4120.98	4119.85	4120.04	262	0	7
2026.07.22	12:27:00	4120.04	4120.92	4120.00	4120.23	348	0	15
2026.07.22	12:28:00	4120.23	4120.23	4119.10	4119.86	342	0	14
2026.07.22	12:29:00	4119.88	4119.98	4117.88	4118.72	317	0	8
2026.07.22	12:30:00	4118.59	4121.63	4116.92	4118.21	517	0	8
2026.07.22	12:31:00	4118.21	4118.77	4117.73	4118.21	314	0	8
2026.07.22	12:32:00	4118.23	4118.48	4117.66	4117.96	311	0	23
2026.07.22	12:33:00	4118.09	4118.66	4117.40	4117.80	317	0	8
2026.07.22	12:34:00	4117.95	4118.48	4116.30	4117.29	411	0	14
2026.07.22	12:35:00	4117.25	4118.03	4117.16	4117.23	366	0	21
2026.07.22	12:36:00	4117.22	4118.75	4117.10	4117.69	433	0	18
2026.07.22	12:37:00	4117.72	4117.79	4115.67	4116.77	380	0	9
2026.07.22	12:38:00	4116.77	4116.96	4115.91	4116.12	265	0	20
2026.07.22	12:39:00	4116.08	4116.13	4114.30	4114.47	412	0	18
2026.07.22	12:40:00	4114.47	4117.42	4114.32	4116.78	315	0	14
2026.07.22	12:41:00	4116.78	4117.88	4116.13	4117.88	243	0	16
2026.07.22	12:42:00	4117.88	4118.60	4117.50	4118.01	318	0	13
2026.07.22	12:43:00	4118.04	4118.90	4117.60	4117.87	387	0	15
2026.07.22	12:44:00	4117.87	4117.93	4115.81	4116.01	326	0	13
2026.07.22	12:45:00	4115.99	4116.65	4115.69	4115.78	303	0	17
2026.07.22	12:46:00	4115.78	4116.64	4115.78	4116.62	194	0	13
2026.07.22	12:47:00	4116.74	4117.41	4116.72	4117.39	262	0	14
2026.07.22	12:48:00	4117.32	4117.32	4116.56	4116.76	286	0	13
2026.07.22	12:49:00	4116.76	4117.39	4116.59	4116.88	225	0	18
2026.07.22	12:50:00	4116.94	4117.26	4116.46	4117.11	295	0	24
2026.07.22	12:51:00	4117.11	4117.66	4115.89	4115.96	341	0	10
2026.07.22	12:52:00	4116.06	4116.15	4115.14	4115.80	349	0	20
2026.07.22	12:53:00	4115.80	4116.16	4113.33	4113.37	354	0	17
2026.07.22	12:54:00	4113.41	4115.16	4113.16	4115.16	331	0	8
2026.07.22	12:55:00	4115.08	4116.92	4115.03	4116.92	263	0	8
2026.07.22	12:56:00	4116.92	4117.86	4116.87	4117.37	309	0	13
2026.07.22	12:57:00	4117.30	4117.48	4114.53	4114.92	351	0	13
2026.07.22	12:58:00	4114.90	4115.10	4114.53	4114.80	277	0	13
2026.07.22	12:59:00	4114.80	4115.06	4114.11	4115.00	345	0	24
2026.07.22	13:00:00	4114.99	4117.16	4114.75	4117.08	375	0	20
2026.07.22	13:01:00	4117.07	4117.39	4116.10	4117.18	301	0	17
2026.07.22	13:02:00	4117.21	4120.00	4117.09	4118.95	375	0	8
2026.07.22	13:03:00	4118.95	4119.00	4116.51	4116.65	424	0	8
2026.07.22	13:04:00	4116.63	4116.69	4116.17	4116.32	219	0	17
2026.07.22	13:05:00	4116.32	4117.17	4115.92	4116.88	328	0	13
2026.07.22	13:06:00	4116.93	4117.32	4115.95	4117.11	373	0	7
2026.07.22	13:07:00	4117.09	4117.83	4116.86	4117.14	395	0	9
2026.07.22	13:08:00	4117.21	4117.71	4116.33	4116.70	374	0	14
2026.07.22	13:09:00	4116.73	4116.73	4116.08	4116.15	242	0	19
2026.07.22	13:10:00	4116.14	4117.12	4115.98	4117.05	369	0	7
2026.07.22	13:11:00	4117.05	4117.82	4116.82	4117.27	353	0	17
2026.07.22	13:12:00	4117.23	4117.54	4116.89	4117.20	304	0	24
2026.07.22	13:13:00	4117.20	4118.17	4117.01	4117.69	277	0	10
2026.07.22	13:14:00	4117.70	4118.02	4117.36	4117.46	262	0	11
2026.07.22	13:15:00	4117.46	4118.46	4117.46	4118.39	333	0	21
2026.07.22	13:16:00	4118.40	4118.40	4116.42	4117.07	314	0	9
2026.07.22	13:17:00	4117.03	4118.75	4116.78	4118.13	256	0	11
2026.07.22	13:18:00	4118.04	4119.07	4117.95	4119.04	297	0	8
2026.07.22	13:19:00	4119.04	4119.29	4117.48	4117.51	298	0	17
2026.07.22	13:20:00	4117.49	4121.22	4117.49	4119.80	587	0	8
2026.07.22	13:21:00	4119.78	4120.44	4119.44	4119.64	328	0	23
2026.07.22	13:22:00	4119.60	4120.11	4119.18	4119.61	330	0	18
2026.07.22	13:23:00	4119.59	4119.66	4118.69	4119.60	246	0	16
2026.07.22	13:24:00	4119.64	4121.74	4119.62	4121.42	455	0	22
2026.07.22	13:25:00	4121.54	4121.71	4120.40	4120.66	342	0	16
2026.07.22	13:26:00	4120.69	4121.17	4120.01	4120.47	337	0	20
2026.07.22	13:27:00	4120.49	4120.98	4120.19	4120.38	288	0	14
2026.07.22	13:28:00	4120.42	4120.50	4118.90	4119.21	291	0	15
2026.07.22	13:29:00	4119.21	4119.74	4119.09	4119.22	297	0	25
2026.07.22	13:30:00	4119.22	4119.91	4118.68	4119.39	307	0	24
2026.07.22	13:31:00	4119.35	4119.37	4118.30	4118.58	297	0	20
2026.07.22	13:32:00	4118.58	4118.80	4117.84	4118.41	317	0	14
2026.07.22	13:33:00	4118.41	4119.06	4118.36	4119.04	232	0	26
2026.07.22	13:34:00	4119.02	4119.20	4118.45	4118.77	313	0	25
2026.07.22	13:35:00	4118.74	4119.09	4117.35	4117.40	404	0	9
2026.07.22	13:36:00	4117.40	4118.12	4117.00	4117.92	275	0	18
2026.07.22	13:37:00	4117.94	4118.20	4117.59	4118.08	229	0	27
2026.07.22	13:38:00	4118.08	4118.55	4117.41	4117.60	229	0	15
2026.07.22	13:39:00	4117.62	4117.86	4116.71	4117.04	288	0	19
2026.07.22	13:40:00	4117.02	4117.50	4115.89	4117.32	260	0	19
2026.07.22	13:41:00	4117.32	4117.70	4116.43	4116.60	287	0	18
2026.07.22	13:42:00	4116.60	4117.20	4116.53	4116.73	204	0	20
2026.07.22	13:43:00	4116.84	4117.54	4116.52	4116.93	213	0	15
2026.07.22	13:44:00	4116.83	4117.28	4116.68	4117.07	212	0	22
2026.07.22	13:45:00	4117.07	4117.45	4116.23	4117.32	281	0	19
2026.07.22	13:46:00	4117.36	4117.45	4116.79	4116.92	241	0	18
2026.07.22	13:47:00	4116.90	4117.25	4116.87	4116.95	205	0	25
2026.07.22	13:48:00	4116.92	4117.94	4116.59	4117.78	298	0	18
2026.07.22	13:49:00	4117.74	4119.01	4117.54	4118.91	331	0	21
2026.07.22	13:50:00	4118.91	4119.99	4118.75	4119.99	310	0	23
2026.07.22	13:51:00	4120.05	4120.26	4119.15	4119.19	322	0	23
2026.07.22	13:52:00	4119.21	4119.77	4119.04	4119.30	254	0	20
2026.07.22	13:53:00	4119.33	4119.35	4117.99	4117.99	245	0	23
2026.07.22	13:54:00	4118.04	4118.45	4117.95	4118.16	227	0	23
2026.07.22	13:55:00	4118.15	4118.19	4117.16	4117.21	226	0	13
2026.07.22	13:56:00	4117.21	4117.52	4117.01	4117.31	229	0	24
2026.07.22	13:57:00	4117.37	4117.48	4116.13	4116.69	209	0	15
2026.07.22	13:58:00	4116.69	4118.28	4116.69	4117.24	186	0	22
2026.07.22	13:59:00	4117.24	4117.69	4116.98	4117.46	158	0	14
2026.07.22	14:00:00	4117.46	4118.10	4116.59	4116.74	254	0	15
2026.07.22	14:01:00	4116.77	4117.66	4116.41	4116.49	308	0	23
2026.07.22	14:02:00	4116.49	4116.49	4115.19	4116.23	349	0	10
2026.07.22	14:03:00	4116.29	4117.61	4116.29	4117.58	375	0	22
2026.07.22	14:04:00	4117.58	4117.90	4116.86	4117.01	292	0	18
2026.07.22	14:05:00	4116.94	4117.93	4116.92	4117.41	282	0	9
2026.07.22	14:06:00	4117.44	4118.40	4117.29	4118.04	318	0	19
2026.07.22	14:07:00	4118.04	4118.23	4116.59	4117.10	292	0	16
2026.07.22	14:08:00	4117.09	4117.10	4116.09	4116.85	300	0	25
2026.07.22	14:09:00	4116.79	4118.75	4116.77	4118.72	298	0	14
2026.07.22	14:10:00	4118.75	4118.95	4117.98	4118.38	263	0	20
2026.07.22	14:11:00	4118.48	4118.76	4118.25	4118.40	148	0	19
2026.07.22	14:12:00	4118.40	4120.92	4118.40	4120.15	322	0	11
2026.07.22	14:13:00	4120.15	4120.15	4119.11	4119.47	259	0	20
2026.07.22	14:14:00	4119.51	4119.51	4118.68	4119.04	218	0	17
2026.07.22	14:15:00	4119.04	4119.54	4118.74	4119.46	143	0	14
2026.07.22	14:16:00	4119.46	4121.44	4118.54	4121.24	219	0	8
2026.07.22	14:17:00	4121.24	4122.98	4120.85	4122.44	225	0	8
2026.07.22	14:18:00	4122.44	4122.79	4121.04	4121.75	218	0	12
2026.07.22	14:19:00	4121.73	4121.89	4120.98	4121.01	242	0	16
2026.07.22	14:20:00	4120.99	4121.95	4120.50	4121.90	278	0	13
2026.07.22	14:21:00	4121.97	4122.19	4120.81	4121.93	251	0	8
2026.07.22	14:22:00	4121.90	4122.65	4121.14	4121.18	252	0	11
2026.07.22	14:23:00	4121.18	4121.36	4120.74	4121.09	241	0	17
2026.07.22	14:24:00	4121.10	4121.12	4120.19	4120.51	215	0	20
2026.07.22	14:25:00	4120.51	4120.83	4119.28	4119.28	302	0	19
2026.07.22	14:26:00	4119.35	4119.44	4117.42	4117.45	291	0	12
2026.07.22	14:27:00	4117.45	4118.73	4117.45	4118.06	309	0	15
2026.07.22	14:28:00	4118.06	4118.63	4118.02	4118.61	240	0	16
2026.07.22	14:29:00	4118.63	4119.03	4118.35	4118.62	219	0	22
2026.07.22	14:30:00	4118.62	4119.38	4118.22	4118.87	302	0	12
2026.07.22	14:31:00	4118.85	4119.70	4118.64	4119.67	271	0	13
2026.07.22	14:32:00	4119.67	4119.97	4119.41	4119.56	201	0	15
2026.07.22	14:33:00	4119.58	4120.55	4119.49	4119.76	304	0	12
2026.07.22	14:34:00	4119.76	4120.05	4119.32	4119.84	217	0	10
2026.07.22	14:35:00	4119.84	4119.88	4117.88	4118.23	352	0	8
2026.07.22	14:36:00	4118.22	4118.89	4118.21	4118.79	237	0	17
2026.07.22	14:37:00	4118.76	4119.01	4117.13	4117.99	338	0	10
2026.07.22	14:38:00	4118.01	4118.77	4117.79	4118.55	258	0	7
2026.07.22	14:39:00	4118.56	4118.67	4118.16	4118.65	385	0	17
2026.07.22	14:40:00	4118.71	4119.20	4115.23	4116.70	310	0	8
2026.07.22	14:41:00	4116.69	4117.60	4114.85	4117.32	694	0	10
2026.07.22	14:42:00	4117.30	4117.61	4114.55	4116.16	503	0	8
2026.07.22	14:43:00	4116.14	4116.43	4112.49	4113.41	668	0	8
2026.07.22	14:44:00	4113.46	4116.23	4113.43	4115.15	559	0	12
2026.07.22	14:45:00	4115.14	4117.00	4114.71	4116.13	511	0	17
2026.07.22	14:46:00	4116.15	4116.30	4114.90	4116.23	313	0	8
2026.07.22	14:47:00	4116.25	4118.70	4115.86	4118.52	475	0	8
2026.07.22	14:48:00	4118.51	4119.69	4118.46	4119.09	303	0	18
2026.07.22	14:49:00	4119.18	4120.28	4119.08	4120.25	307	0	22
2026.07.22	14:50:00	4120.24	4120.32	4118.99	4119.46	325	0	18
2026.07.22	14:51:00	4119.48	4121.39	4119.48	4120.29	452	0	16
2026.07.22	14:52:00	4120.31	4120.38	4118.64	4119.13	286	0	8
2026.07.22	14:53:00	4119.13	4119.26	4118.02	4119.12	272	0	22
2026.07.22	14:54:00	4119.21	4120.52	4118.75	4119.71	265	0	11
2026.07.22	14:55:00	4119.96	4120.28	4119.49	4119.65	298	0	15
2026.07.22	14:56:00	4119.63	4121.40	4119.56	4121.31	285	0	11
2026.07.22	14:57:00	4121.38	4122.71	4121.37	4122.58	301	0	20
2026.07.22	14:58:00	4122.58	4123.00	4122.16	4122.34	301	0	18
2026.07.22	14:59:00	4122.35	4122.83	4122.33	4122.58	263	0	15
2026.07.22	15:00:00	4122.57	4126.03	4121.79	4124.80	598	0	8
2026.07.22	15:01:00	4124.87	4126.48	4124.36	4125.99	497	0	10
2026.07.22	15:02:00	4125.96	4125.96	4123.76	4124.59	412	0	8
2026.07.22	15:03:00	4124.58	4126.16	4124.47	4125.71	401	0	8
2026.07.22	15:04:00	4125.71	4125.76	4124.01	4125.26	354	0	13
2026.07.22	15:05:00	4125.25	4126.22	4124.21	4125.87	519	0	12
2026.07.22	15:06:00	4125.87	4127.00	4124.88	4125.14	495	0	12
2026.07.22	15:07:00	4125.16	4125.92	4123.90	4123.96	402	0	8
2026.07.22	15:08:00	4124.06	4124.57	4123.52	4124.21	443	0	17
2026.07.22	15:09:00	4124.21	4125.18	4123.88	4124.79	439	0	19
2026.07.22	15:10:00	4124.79	4125.75	4124.34	4125.25	460	0	20
2026.07.22	15:11:00	4125.25	4125.35	4124.37	4124.50	375	0	9
2026.07.22	15:12:00	4124.50	4125.66	4123.49	4125.62	386	0	12
2026.07.22	15:13:00	4125.62	4126.47	4125.46	4125.87	282	0	11
2026.07.22	15:14:00	4125.82	4127.33	4124.82	4126.98	405	0	8
2026.07.22	15:15:00	4127.09	4127.62	4125.18	4126.04	388	0	14
2026.07.22	15:16:00	4126.04	4126.47	4125.51	4126.00	349	0	13
2026.07.22	15:17:00	4125.91	4126.25	4124.70	4126.12	364	0	9
2026.07.22	15:18:00	4126.12	4127.71	4125.96	4127.17	431	0	15
2026.07.22	15:19:00	4127.19	4127.19	4125.28	4125.91	376	0	8
2026.07.22	15:20:00	4125.94	4129.76	4125.52	4129.15	588	0	13
2026.07.22	15:21:00	4129.29	4129.32	4127.05	4128.57	447	0	8
2026.07.22	15:22:00	4128.53	4130.08	4128.11	4128.22	523	0	9
2026.07.22	15:23:00	4128.12	4128.99	4127.24	4128.93	463	0	11
2026.07.22	15:24:00	4128.87	4130.09	4128.65	4129.50	448	0	19
2026.07.22	15:25:00	4129.47	4130.43	4128.64	4129.16	430	0	16
2026.07.22	15:26:00	4129.08	4129.83	4128.89	4129.31	339	0	9
2026.07.22	15:27:00	4129.32	4130.89	4128.42	4130.85	403	0	8
2026.07.22	15:28:00	4130.85	4132.75	4130.55	4132.28	437	0	16
2026.07.22	15:29:00	4132.27	4133.12	4131.35	4132.61	443	0	9
2026.07.22	15:30:00	4132.57	4134.34	4131.90	4132.54	591	0	8
2026.07.22	15:31:00	4132.49	4132.52	4129.92	4130.06	467	0	10
2026.07.22	15:32:00	4130.08	4131.19	4129.05	4129.20	462	0	20
2026.07.22	15:33:00	4129.16	4129.70	4128.60	4129.40	362	0	8
2026.07.22	15:34:00	4129.37	4129.94	4127.24	4127.54	342	0	16
2026.07.22	15:35:00	4127.55	4127.94	4126.70	4127.34	472	0	14
2026.07.22	15:36:00	4127.35	4127.43	4125.66	4126.60	440	0	14
2026.07.22	15:37:00	4126.60	4126.92	4124.66	4124.72	404	0	8
2026.07.22	15:38:00	4124.70	4127.01	4124.69	4126.62	521	0	9
2026.07.22	15:39:00	4126.62	4128.27	4126.19	4127.02	423	0	8
2026.07.22	15:40:00	4127.04	4127.82	4126.43	4127.65	436	0	8
2026.07.22	15:41:00	4127.65	4127.89	4126.44	4127.24	442	0	15
2026.07.22	15:42:00	4127.25	4127.37	4125.50	4125.55	413	0	7
2026.07.22	15:43:00	4125.49	4128.25	4125.37	4127.28	458	0	11
2026.07.22	15:44:00	4127.31	4128.42	4127.15	4127.18	429	0	8
2026.07.22	15:45:00	4127.20	4127.60	4124.52	4124.75	536	0	9
2026.07.22	15:46:00	4124.76	4125.43	4121.76	4121.78	420	0	8
2026.07.22	15:47:00	4121.72	4122.95	4120.34	4122.29	504	0	12
2026.07.22	15:48:00	4122.31	4122.34	4120.11	4120.22	444	0	11
2026.07.22	15:49:00	4120.22	4120.78	4118.71	4118.79	424	0	13
2026.07.22	15:50:00	4118.79	4119.66	4118.42	4119.13	453	0	15
2026.07.22	15:51:00	4119.16	4119.49	4118.28	4118.53	312	0	18
2026.07.22	15:52:00	4118.53	4119.27	4117.65	4118.99	452	0	17
2026.07.22	15:53:00	4119.00	4119.22	4117.46	4117.46	335	0	10
2026.07.22	15:54:00	4117.54	4118.55	4116.74	4118.00	378	0	17
2026.07.22	15:55:00	4117.98	4118.14	4116.30	4118.05	336	0	20
2026.07.22	15:56:00	4118.07	4118.30	4106.52	4110.23	423	0	8
2026.07.22	15:57:00	4110.33	4114.30	4108.72	4113.89	669	0	8
2026.07.22	15:58:00	4113.89	4115.17	4113.11	4113.76	418	0	9
2026.07.22	15:59:00	4113.75	4115.25	4111.86	4112.81	455	0	7
2026.07.22	16:00:00	4112.95	4118.61	4112.64	4118.61	664	0	8
2026.07.22	16:01:00	4118.65	4120.44	4116.89	4117.02	477	0	8
2026.07.22	16:02:00	4116.99	4119.93	4116.82	4119.05	490	0	17
2026.07.22	16:03:00	4119.05	4119.53	4116.92	4118.45	503	0	15
2026.07.22	16:04:00	4118.47	4119.85	4117.26	4119.26	466	0	14
2026.07.22	16:05:00	4119.27	4119.27	4117.38	4118.66	542	0	14
2026.07.22	16:06:00	4118.69	4119.92	4118.16	4118.93	328	0	8
2026.07.22	16:07:00	4118.93	4119.11	4117.38	4117.98	494	0	24
2026.07.22	16:08:00	4118.00	4119.45	4117.91	4119.35	347	0	11
2026.07.22	16:09:00	4119.38	4121.26	4119.24	4121.08	474	0	10
2026.07.22	16:10:00	4121.11	4122.55	4120.37	4122.55	377	0	25
2026.07.22	16:11:00	4122.53	4124.72	4122.53	4123.14	507	0	8
2026.07.22	16:12:00	4123.14	4124.13	4122.85	4123.51	315	0	7
2026.07.22	16:13:00	4123.51	4124.40	4123.40	4123.75	316	0	20
2026.07.22	16:14:00	4123.75	4125.81	4123.43	4125.67	289	0	12
2026.07.22	16:15:00	4125.56	4126.31	4124.95	4125.90	443	0	10
2026.07.22	16:16:00	4125.88	4125.94	4125.19	4125.85	409	0	15
2026.07.22	16:17:00	4125.87	4127.01	4125.58	4125.70	471	0	8
2026.07.22	16:18:00	4125.68	4127.38	4125.20	4127.30	455	0	19
2026.07.22	16:19:00	4127.31	4131.38	4127.16	4130.64	529	0	8
2026.07.22	16:20:00	4130.75	4130.77	4129.04	4129.12	538	0	22
2026.07.22	16:21:00	4129.12	4130.97	4128.49	4130.93	381	0	17
2026.07.22	16:22:00	4130.95	4131.96	4130.54	4131.94	412	0	16
2026.07.22	16:23:00	4131.94	4133.72	4130.51	4133.52	474	0	10
2026.07.22	16:24:00	4133.47	4133.90	4132.29	4133.53	432	0	19
2026.07.22	16:25:00	4133.52	4133.98	4131.38	4132.72	556	0	12
2026.07.22	16:26:00	4132.77	4133.89	4132.13	4133.08	455	0	10
2026.07.22	16:27:00	4133.08	4133.95	4132.88	4133.73	352	0	16
2026.07.22	16:28:00	4133.76	4134.91	4131.45	4131.79	507	0	8
2026.07.22	16:29:00	4131.70	4132.19	4131.25	4131.65	309	0	9
2026.07.22	16:30:00	4131.78	4138.10	4131.78	4137.10	877	0	8
2026.07.22	16:31:00	4137.19	4144.47	4136.76	4140.83	808	0	8
2026.07.22	16:32:00	4140.83	4143.07	4139.89	4142.78	615	0	8
2026.07.22	16:33:00	4142.72	4146.81	4141.57	4143.21	642	0	7
2026.07.22	16:34:00	4143.19	4143.33	4141.06	4142.22	560	0	15
2026.07.22	16:35:00	4142.21	4142.79	4138.50	4140.64	782	0	9
2026.07.22	16:36:00	4140.64	4143.56	4139.20	4141.63	717	0	12
2026.07.22	16:37:00	4141.60	4141.84	4139.57	4141.36	635	0	11
2026.07.22	16:38:00	4141.38	4141.58	4139.06	4140.25	717	0	8
2026.07.22	16:39:00	4140.27	4145.54	4140.25	4144.31	743	0	7
2026.07.22	16:40:00	4144.32	4144.86	4140.84	4142.15	694	0	8
2026.07.22	16:41:00	4142.13	4143.13	4141.62	4142.44	696	0	10
2026.07.22	16:42:00	4142.39	4143.60	4141.30	4141.63	758	0	8
2026.07.22	16:43:00	4141.65	4145.97	4141.34	4145.76	776	0	8
2026.07.22	16:44:00	4145.76	4145.91	4142.02	4142.70	690	0	9
2026.07.22	16:45:00	4142.79	4146.27	4142.53	4146.02	782	0	8
2026.07.22	16:46:00	4146.01	4148.46	4145.15	4145.79	732	0	7
2026.07.22	16:47:00	4145.81	4146.85	4144.48	4146.15	659	0	9
2026.07.22	16:48:00	4146.16	4149.72	4145.76	4148.54	687	0	8
2026.07.22	16:49:00	4148.53	4148.87	4146.22	4146.22	577	0	8
2026.07.22	16:50:00	4146.30	4147.70	4145.13	4146.32	665	0	7
2026.07.22	16:51:00	4146.32	4147.70	4143.88	4144.46	709	0	16
2026.07.22	16:52:00	4144.50	4147.99	4144.44	4147.68	770	0	8
2026.07.22	16:53:00	4147.72	4148.15	4145.64	4145.84	729	0	8
2026.07.22	16:54:00	4145.84	4146.34	4144.17	4145.62	646	0	8
2026.07.22	16:55:00	4145.59	4146.47	4144.88	4145.15	671	0	13
2026.07.22	16:56:00	4145.12	4147.21	4144.54	4146.98	615	0	9
2026.07.22	16:57:00	4146.98	4149.69	4146.69	4149.60	603	0	10
2026.07.22	16:58:00	4149.59	4153.39	4149.51	4152.61	773	0	8
2026.07.22	16:59:00	4152.61	4155.81	4152.37	4154.43	801	0	7
2026.07.22	17:00:00	4154.61	4156.56	4153.24	4155.82	827	0	8
2026.07.22	17:01:00	4155.81	4161.35	4155.22	4160.88	755	0	8
2026.07.22	17:02:00	4160.86	4162.32	4159.77	4160.08	709	0	7
2026.07.22	17:03:00	4160.08	4161.51	4158.72	4160.78	709	0	8
2026.07.22	17:04:00	4160.82	4163.42	4156.50	4156.50	832	0	8
2026.07.22	17:05:00	4156.37	4157.14	4154.81	4154.98	690	0	8
2026.07.22	17:06:00	4155.01	4155.16	4153.25	4155.01	703	0	8
2026.07.22	17:07:00	4155.05	4157.66	4154.76	4156.93	604	0	8
2026.07.22	17:08:00	4156.90	4157.35	4154.71	4156.95	752	0	8
2026.07.22	17:09:00	4156.92	4158.95	4156.30	4156.61	621	0	7
2026.07.22	17:10:00	4156.63	4157.53	4155.39	4156.84	669	0	8
2026.07.22	17:11:00	4156.84	4158.93	4156.40	4157.64	648	0	13
2026.07.22	17:12:00	4157.63	4157.96	4156.43	4156.59	590	0	8
2026.07.22	17:13:00	4156.59	4158.10	4156.03	4157.34	659	0	9
2026.07.22	17:14:00	4157.34	4158.06	4156.15	4156.54	712	0	10
2026.07.22	17:15:00	4156.54	4156.58	4152.13	4152.96	721	0	8
2026.07.22	17:16:00	4152.94	4153.37	4151.61	4152.48	676	0	10
2026.07.22	17:17:00	4152.57	4152.94	4150.42	4152.16	774	0	8
2026.07.22	17:18:00	4152.18	4152.35	4149.46	4150.45	733	0	7
2026.07.22	17:19:00	4150.44	4152.27	4148.81	4149.03	643	0	10
2026.07.22	17:20:00	4149.06	4152.63	4148.64	4152.19	662	0	11
2026.07.22	17:21:00	4152.18	4152.61	4150.53	4150.83	678	0	11
2026.07.22	17:22:00	4150.84	4152.07	4150.37	4151.88	638	0	8
2026.07.22	17:23:00	4151.95	4151.95	4148.55	4150.02	668	0	14
2026.07.22	17:24:00	4150.01	4150.74	4148.73	4149.82	728	0	9
2026.07.22	17:25:00	4149.84	4150.43	4148.65	4148.82	625	0	11
2026.07.22	17:26:00	4148.82	4148.87	4144.34	4145.82	636	0	8
2026.07.22	17:27:00	4146.00	4147.84	4145.84	4146.51	645	0	8
2026.07.22	17:28:00	4146.30	4147.41	4145.54	4146.07	649	0	8
2026.07.22	17:29:00	4146.02	4147.03	4145.32	4146.34	667	0	15
2026.07.22	17:30:00	4146.38	4148.36	4146.18	4147.61	755	0	12
2026.07.22	17:31:00	4147.49	4150.90	4147.10	4150.62	723	0	17
2026.07.22	17:32:00	4150.69	4152.54	4149.96	4151.90	650	0	10
2026.07.22	17:33:00	4151.89	4151.89	4148.63	4148.89	597	0	15
2026.07.22	17:34:00	4148.82	4150.98	4148.64	4150.58	742	0	14
2026.07.22	17:35:00	4150.56	4151.75	4150.09	4150.68	690	0	17
2026.07.22	17:36:00	4150.73	4151.14	4148.72	4150.23	775	0	15
2026.07.22	17:37:00	4150.25	4151.82	4149.96	4150.80	755	0	9
2026.07.22	17:38:00	4150.80	4151.96	4150.06	4151.42	787	0	10
2026.07.22	17:39:00	4151.43	4151.95	4150.90	4151.94	586	0	10
2026.07.22	17:40:00	4151.90	4152.89	4150.86	4151.46	675	0	9
2026.07.22	17:41:00	4151.44	4151.77	4147.56	4147.85	731	0	16
2026.07.22	17:42:00	4147.89	4151.88	4147.50	4151.71	684	0	16
2026.07.22	17:43:00	4151.71	4151.95	4150.57	4151.86	635	0	14
2026.07.22	17:44:00	4151.86	4152.52	4150.51	4150.70	568	0	11
2026.07.22	17:45:00	4150.89	4152.82	4150.69	4151.76	657	0	8
2026.07.22	17:46:00	4151.75	4152.40	4150.27	4150.44	685	0	7
2026.07.22	17:47:00	4150.42	4150.81	4147.99	4148.56	664	0	8
2026.07.22	17:48:00	4148.49	4149.85	4148.48	4149.65	625	0	16
2026.07.22	17:49:00	4149.65	4149.65	4145.54	4148.16	707	0	10
2026.07.22	17:50:00	4148.20	4148.52	4146.35	4147.07	714	0	8
2026.07.22	17:51:00	4147.07	4147.86	4146.08	4147.75	691	0	8
2026.07.22	17:52:00	4147.74	4148.85	4147.23	4147.64	574	0	8
2026.07.22	17:53:00	4147.66	4148.73	4147.02	4147.39	605	0	8
2026.07.22	17:54:00	4147.41	4148.69	4146.91	4147.72	622	0	7
2026.07.22	17:55:00	4147.74	4147.80	4144.07	4145.43	713	0	8
2026.07.22	17:56:00	4145.41	4146.17	4144.86	4145.54	669	0	12
2026.07.22	17:57:00	4145.56	4148.60	4145.37	4148.56	657	0	13
2026.07.22	17:58:00	4148.56	4149.36	4148.19	4149.27	539	0	9
2026.07.22	17:59:00	4149.67	4149.88	4148.28	4148.45	506	0	9
2026.07.22	18:00:00	4148.43	4152.12	4148.43	4151.91	718	0	7
2026.07.22	18:01:00	4151.98	4152.35	4150.96	4151.29	679	0	16
2026.07.22	18:02:00	4151.26	4152.94	4150.98	4152.90	665	0	10
2026.07.22	18:03:00	4152.95	4154.28	4152.88	4153.72	653	0	9
2026.07.22	18:04:00	4153.72	4155.11	4153.33	4154.62	536	0	11
2026.07.22	18:05:00	4154.61	4155.60	4154.21	4154.63	541	0	10
2026.07.22	18:06:00	4154.65	4155.04	4153.65	4154.47	610	0	8
2026.07.22	18:07:00	4154.45	4156.33	4153.91	4155.59	669	0	8
2026.07.22	18:08:00	4155.62	4155.62	4154.69	4155.35	651	0	9
2026.07.22	18:09:00	4155.35	4155.65	4154.44	4154.79	580	0	11
2026.07.22	18:10:00	4154.79	4155.21	4154.15	4155.19	522	0	8
2026.07.22	18:11:00	4155.22	4156.84	4154.82	4156.65	501	0	13
2026.07.22	18:12:00	4156.63	4157.19	4156.10	4157.07	557	0	15
2026.07.22	18:13:00	4157.26	4157.88	4156.63	4157.88	427	0	19
2026.07.22	18:14:00	4157.88	4158.46	4157.35	4157.47	512	0	18
2026.07.22	18:15:00	4157.49	4157.62	4155.54	4155.71	521	0	14
2026.07.22	18:16:00	4155.68	4156.16	4155.03	4155.96	301	0	8
2026.07.22	18:17:00	4155.97	4156.59	4153.43	4153.49	310	0	9
2026.07.22	18:18:00	4153.45	4154.46	4153.23	4153.94	382	0	12
2026.07.22	18:19:00	4153.94	4155.69	4153.94	4155.00	504	0	16
2026.07.22	18:20:00	4155.06	4156.81	4154.23	4156.81	482	0	8
2026.07.22	18:21:00	4156.83	4157.19	4155.89	4156.00	411	0	11
2026.07.22	18:22:00	4155.99	4158.12	4155.94	4157.59	436	0	18
2026.07.22	18:23:00	4157.57	4161.16	4157.41	4160.88	433	0	10
2026.07.22	18:24:00	4160.90	4161.42	4159.72	4159.78	392	0	10
2026.07.22	18:25:00	4159.78	4160.30	4159.04	4159.45	437	0	13
2026.07.22	18:26:00	4159.45	4159.73	4158.79	4159.41	406	0	12
2026.07.22	18:27:00	4159.43	4159.56	4158.00	4158.38	443	0	15
2026.07.22	18:28:00	4158.43	4158.61	4156.39	4157.45	461	0	14
2026.07.22	18:29:00	4157.46	4157.87	4156.90	4157.12	393	0	21
2026.07.22	18:30:00	4157.12	4158.23	4156.12	4157.89	522	0	8
2026.07.22	18:31:00	4157.90	4158.37	4157.19	4157.57	449	0	10
2026.07.22	18:32:00	4157.57	4158.77	4157.40	4158.57	502	0	14
2026.07.22	18:33:00	4158.52	4158.70	4156.47	4157.37	468	0	8
2026.07.22	18:34:00	4157.44	4158.02	4156.54	4156.79	417	0	10
2026.07.22	18:35:00	4156.74	4158.14	4156.74	4157.98	499	0	17
2026.07.22	18:36:00	4157.98	4159.10	4157.31	4158.70	478	0	8
2026.07.22	18:37:00	4158.71	4158.84	4156.70	4157.70	445	0	9
2026.07.22	18:38:00	4157.73	4157.94	4155.62	4156.30	502	0	9
2026.07.22	18:39:00	4156.30	4157.33	4155.54	4157.33	505	0	8
2026.07.22	18:40:00	4157.48	4159.72	4157.14	4159.57	591	0	7
2026.07.22	18:41:00	4159.61	4160.93	4159.25	4159.76	503	0	9
2026.07.22	18:42:00	4159.75	4160.61	4159.59	4160.50	405	0	16
2026.07.22	18:43:00	4160.53	4160.81	4158.94	4159.78	472	0	8
2026.07.22	18:44:00	4159.81	4160.49	4159.31	4159.94	429	0	10
2026.07.22	18:45:00	4159.96	4160.92	4159.53	4160.61	511	0	12
2026.07.22	18:46:00	4160.60	4160.60	4158.93	4159.04	448	0	11
2026.07.22	18:47:00	4159.07	4159.78	4158.54	4159.68	432	0	13
2026.07.22	18:48:00	4159.81	4161.18	4159.64	4160.87	398	0	10
2026.07.22	18:49:00	4160.89	4165.18	4160.82	4164.38	617	0	8
2026.07.22	18:50:00	4164.42	4165.23	4163.75	4164.11	599	0	9
2026.07.22	18:51:00	4164.10	4165.31	4163.55	4164.70	575	0	9
2026.07.22	18:52:00	4164.73	4166.00	4164.37	4164.97	455	0	12
2026.07.22	18:53:00	4165.00	4165.77	4164.09	4165.08	343	0	15
2026.07.22	18:54:00	4165.10	4165.14	4162.35	4162.53	491	0	9
2026.07.22	18:55:00	4162.51	4162.51	4161.43	4162.02	553	0	12
2026.07.22	18:56:00	4162.02	4162.35	4158.49	4159.45	594	0	10
2026.07.22	18:57:00	4159.45	4159.86	4158.40	4159.83	578	0	12
2026.07.22	18:58:00	4159.80	4160.41	4159.46	4159.64	404	0	17
2026.07.22	18:59:00	4159.60	4160.07	4158.28	4159.37	418	0	15
2026.07.22	19:00:00	4159.39	4159.48	4157.85	4158.63	466	0	14
2026.07.22	19:01:00	4158.62	4158.62	4156.74	4157.66	539	0	9
2026.07.22	19:02:00	4157.75	4157.75	4156.03	4156.55	457	0	14
2026.07.22	19:03:00	4156.60	4158.00	4156.22	4157.80	616	0	9
2026.07.22	19:04:00	4157.81	4158.02	4156.39	4156.71	441	0	12
2026.07.22	19:05:00	4156.71	4158.06	4156.23	4158.06	483	0	14
2026.07.22	19:06:00	4158.06	4159.19	4157.89	4158.78	486	0	12
2026.07.22	19:07:00	4158.79	4158.92	4158.22	4158.32	414	0	13
2026.07.22	19:08:00	4158.28	4158.37	4157.06	4157.37	387	0	12
2026.07.22	19:09:00	4157.37	4157.80	4156.67	4156.79	352	0	19
2026.07.22	19:10:00	4156.79	4156.85	4154.56	4155.43	464	0	12
2026.07.22	19:11:00	4155.44	4155.78	4154.40	4154.56	352	0	11
2026.07.22	19:12:00	4154.58	4155.18	4153.92	4153.94	389	0	8
2026.07.22	19:13:00	4153.92	4154.92	4153.12	4154.92	372	0	13
2026.07.22	19:14:00	4154.91	4155.10	4153.73	4154.38	350	0	8
2026.07.22	19:15:00	4154.40	4155.03	4153.95	4154.73	334	0	21
2026.07.22	19:16:00	4154.73	4155.14	4152.78	4153.04	341	0	18
2026.07.22	19:17:00	4153.02	4153.65	4151.17	4153.50	416	0	8
2026.07.22	19:18:00	4153.39	4154.75	4153.31	4154.55	271	0	8
2026.07.22	19:19:00	4154.57	4155.39	4154.56	4154.97	322	0	23
2026.07.22	19:20:00	4154.95	4155.55	4154.33	4154.47	345	0	20
2026.07.22	19:21:00	4154.47	4154.98	4154.13	4154.50	362	0	26
2026.07.22	19:22:00	4154.48	4154.63	4153.16	4153.23	356	0	13
2026.07.22	19:23:00	4153.21	4153.57	4152.96	4153.04	295	0	11
2026.07.22	19:24:00	4153.04	4153.30	4152.16	4152.49	347	0	7
2026.07.22	19:25:00	4152.50	4152.65	4150.01	4150.56	398	0	7
2026.07.22	19:26:00	4150.54	4150.58	4148.76	4149.29	331	0	8
2026.07.22	19:27:00	4149.31	4150.72	4149.22	4150.32	273	0	11
2026.07.22	19:28:00	4150.30	4150.37	4147.87	4148.66	268	0	8
2026.07.22	19:29:00	4148.64	4149.28	4148.05	4149.14	173	0	19
2026.07.22	19:30:00	4149.10	4150.54	4148.72	4149.72	255	0	8
2026.07.22	19:31:00	4149.69	4150.49	4147.91	4148.24	276	0	13
2026.07.22	19:32:00	4148.24	4148.61	4146.88	4147.56	262	0	9
2026.07.22	19:33:00	4147.58	4147.84	4146.21	4146.90	270	0	12
2026.07.22	19:34:00	4146.90	4147.51	4146.02	4146.15	238	0	13
2026.07.22	19:35:00	4146.15	4148.05	4145.21	4145.92	275	0	10
2026.07.22	19:36:00	4145.94	4145.94	4144.80	4145.22	220	0	13
2026.07.22	19:37:00	4145.22	4147.11	4144.32	4147.11	275	0	14
2026.07.22	19:38:00	4147.09	4147.95	4146.23	4146.84	348	0	14
2026.07.22	19:39:00	4146.71	4149.06	4146.71	4148.43	350	0	15
2026.07.22	19:40:00	4148.41	4150.15	4148.13	4150.11	334	0	23
2026.07.22	19:41:00	4150.15	4151.35	4150.12	4150.43	375	0	20
2026.07.22	19:42:00	4150.35	4150.78	4149.24	4149.71	381	0	22
2026.07.22	19:43:00	4149.58	4150.01	4147.76	4147.79	380	0	12
2026.07.22	19:44:00	4147.71	4147.94	4146.47	4147.02	492	0	9
2026.07.22	19:45:00	4147.12	4148.51	4145.80	4146.06	535	0	13
2026.07.22	19:46:00	4146.08	4147.32	4145.74	4146.74	466	0	13
2026.07.22	19:47:00	4146.75	4147.05	4146.15	4146.56	353	0	7
2026.07.22	19:48:00	4146.55	4146.94	4146.10	4146.63	326	0	17
2026.07.22	19:49:00	4146.70	4147.51	4146.32	4147.00	329	0	12
2026.07.22	19:50:00	4146.92	4147.18	4145.56	4146.63	364	0	14
2026.07.22	19:51:00	4146.62	4146.82	4144.49	4145.20	458	0	18
2026.07.22	19:52:00	4145.21	4146.27	4144.65	4146.04	337	0	19
2026.07.22	19:53:00	4146.04	4147.05	4145.56	4147.01	361	0	18
2026.07.22	19:54:00	4147.01	4147.33	4146.47	4146.71	375	0	19
2026.07.22	19:55:00	4146.72	4146.95	4145.88	4146.78	376	0	11
2026.07.22	19:56:00	4146.78	4146.78	4146.01	4146.66	318	0	10
2026.07.22	19:57:00	4146.65	4148.68	4146.38	4148.30	358	0	8
2026.07.22	19:58:00	4148.37	4148.97	4147.93	4148.24	308	0	15
2026.07.22	19:59:00	4148.21	4148.33	4146.58	4146.79	248	0	16
2026.07.22	20:00:00	4146.79	4147.80	4146.02	4147.57	378	0	8
2026.07.22	20:01:00	4147.60	4147.76	4145.10	4145.12	406	0	22
2026.07.22	20:02:00	4145.07	4145.85	4144.39	4145.53	425	0	23
2026.07.22	20:03:00	4145.51	4146.58	4145.34	4146.44	387	0	17
2026.07.22	20:04:00	4146.44	4147.14	4145.63	4146.99	410	0	15
2026.07.22	20:05:00	4146.99	4147.30	4146.16	4146.24	351	0	17
2026.07.22	20:06:00	4146.21	4146.26	4144.24	4145.94	434	0	8
2026.07.22	20:07:00	4145.97	4146.56	4145.49	4145.88	305	0	20
2026.07.22	20:08:00	4145.83	4145.92	4142.96	4144.03	482	0	19
2026.07.22	20:09:00	4144.03	4144.57	4143.49	4144.34	397	0	7
2026.07.22	20:10:00	4144.30	4144.65	4144.04	4144.07	278	0	8
2026.07.22	20:11:00	4144.07	4144.99	4143.16	4144.22	385	0	9
2026.07.22	20:12:00	4144.22	4144.78	4143.99	4144.67	276	0	12
2026.07.22	20:13:00	4144.67	4145.67	4144.54	4144.92	343	0	17
2026.07.22	20:14:00	4144.93	4145.88	4144.56	4145.34	373	0	14
2026.07.22	20:15:00	4145.22	4145.86	4144.69	4145.19	413	0	18
2026.07.22	20:16:00	4145.28	4145.76	4143.75	4144.62	346	0	7
2026.07.22	20:17:00	4144.62	4144.80	4142.94	4143.52	424	0	20
2026.07.22	20:18:00	4143.62	4144.61	4143.41	4143.48	385	0	14
2026.07.22	20:19:00	4143.48	4143.68	4142.77	4142.99	376	0	13
2026.07.22	20:20:00	4142.95	4144.47	4142.66	4144.44	417	0	11
2026.07.22	20:21:00	4144.44	4144.64	4143.36	4143.49	351	0	13
2026.07.22	20:22:00	4143.47	4144.84	4143.47	4144.81	320	0	21
2026.07.22	20:23:00	4144.81	4145.59	4144.42	4145.25	352	0	11
2026.07.22	20:24:00	4145.23	4145.67	4143.41	4143.58	464	0	10
2026.07.22	20:25:00	4143.56	4144.50	4143.20	4144.45	369	0	12
2026.07.22	20:26:00	4144.50	4144.97	4143.82	4144.59	287	0	12
2026.07.22	20:27:00	4144.57	4146.10	4144.56	4145.59	284	0	15
2026.07.22	20:28:00	4145.58	4146.20	4144.96	4145.96	334	0	8
2026.07.22	20:29:00	4145.93	4147.09	4145.36	4146.04	627	0	8
2026.07.22	20:30:00	4146.06	4146.06	4144.30	4145.05	389	0	11
2026.07.22	20:31:00	4145.04	4146.08	4144.55	4146.03	303	0	19
2026.07.22	20:32:00	4146.05	4147.53	4146.05	4147.29	346	0	8
2026.07.22	20:33:00	4147.27	4147.30	4146.56	4146.63	341	0	20
2026.07.22	20:34:00	4146.66	4147.09	4144.74	4144.79	306	0	9
2026.07.22	20:35:00	4144.80	4145.75	4144.77	4145.01	349	0	20
2026.07.22	20:36:00	4145.00	4145.00	4141.91	4142.55	445	0	15
2026.07.22	20:37:00	4142.60	4142.67	4142.00	4142.31	286	0	11
2026.07.22	20:38:00	4142.36	4142.86	4139.99	4140.48	400	0	13
2026.07.22	20:39:00	4140.59	4140.67	4138.81	4138.98	464	0	16
2026.07.22	20:40:00	4139.01	4139.78	4138.35	4139.02	463	0	17
2026.07.22	20:41:00	4138.98	4139.43	4138.38	4139.25	380	0	19
2026.07.22	20:42:00	4139.39	4140.66	4139.18	4140.62	325	0	22
2026.07.22	20:43:00	4140.59	4140.94	4140.22	4140.78	331	0	24
2026.07.22	20:44:00	4140.86	4141.39	4140.35	4140.55	340	0	17
2026.07.22	20:45:00	4140.57	4141.85	4140.38	4141.20	262	0	10
2026.07.22	20:46:00	4141.21	4141.92	4140.90	4141.77	209	0	18
2026.07.22	20:47:00	4141.79	4141.79	4141.09	4141.68	313	0	12
2026.07.22	20:48:00	4141.72	4141.85	4140.57	4141.55	291	0	16
2026.07.22	20:49:00	4141.49	4143.43	4141.49	4143.16	344	0	16
2026.07.22	20:50:00	4143.16	4143.56	4142.69	4143.29	255	0	8
2026.07.22	20:51:00	4143.29	4143.71	4142.96	4142.98	244	0	10
2026.07.22	20:52:00	4143.08	4143.43	4142.17	4143.42	285	0	9
2026.07.22	20:53:00	4143.43	4143.73	4142.95	4143.34	275	0	9
2026.07.22	20:54:00	4143.31	4143.36	4142.62	4142.67	357	0	13
2026.07.22	20:55:00	4142.65	4142.65	4141.08	4142.64	405	0	12
2026.07.22	20:56:00	4142.68	4142.89	4142.26	4142.68	258	0	11
2026.07.22	20:57:00	4142.68	4143.17	4142.58	4143.06	185	0	20
2026.07.22	20:58:00	4143.02	4143.37	4142.51	4142.53	281	0	19
2026.07.22	20:59:00	4142.52	4143.04	4142.08	4142.37	212	0	11
2026.07.22	21:00:00	4142.35	4142.73	4140.56	4141.24	480	0	10
2026.07.22	21:01:00	4141.24	4141.24	4136.76	4136.86	489	0	8
2026.07.22	21:02:00	4136.97	4138.46	4136.97	4137.51	390	0	14
2026.07.22	21:03:00	4137.51	4138.22	4137.23	4137.72	387	0	9
2026.07.22	21:04:00	4137.74	4137.83	4136.62	4137.61	420	0	9
2026.07.22	21:05:00	4137.63	4139.27	4137.37	4139.13	253	0	18
2026.07.22	21:06:00	4139.00	4139.68	4137.58	4139.33	282	0	9
2026.07.22	21:07:00	4139.33	4141.15	4139.07	4140.99	328	0	16
2026.07.22	21:08:00	4141.02	4141.46	4140.57	4140.59	313	0	16
2026.07.22	21:09:00	4140.58	4140.58	4139.18	4139.22	363	0	21
2026.07.22	21:10:00	4139.19	4140.53	4138.66	4139.81	413	0	17
2026.07.22	21:11:00	4139.81	4140.07	4139.10	4139.15	354	0	23
2026.07.22	21:12:00	4139.13	4139.19	4137.49	4137.95	340	0	8
2026.07.22	21:13:00	4137.95	4138.97	4137.94	4138.64	254	0	16
2026.07.22	21:14:00	4138.63	4138.97	4137.90	4138.09	370	0	21
2026.07.22	21:15:00	4138.05	4138.31	4137.49	4137.76	338	0	20
2026.07.22	21:16:00	4137.77	4137.92	4136.61	4137.43	456	0	8
2026.07.22	21:17:00	4137.52	4138.82	4137.52	4138.32	300	0	16
2026.07.22	21:18:00	4138.32	4139.10	4138.31	4138.89	247	0	22
2026.07.22	21:19:00	4138.84	4138.98	4137.87	4138.80	313	0	17
2026.07.22	21:20:00	4138.82	4139.40	4138.14	4139.29	396	0	10
2026.07.22	21:21:00	4139.31	4139.72	4137.00	4137.09	470	0	16
2026.07.22	21:22:00	4137.08	4137.23	4135.18	4135.42	444	0	13
2026.07.22	21:23:00	4135.48	4135.99	4135.08	4135.98	365	0	18
2026.07.22	21:24:00	4135.98	4137.09	4135.86	4136.66	354	0	22
2026.07.22	21:25:00	4136.66	4136.81	4135.65	4136.46	340	0	19
2026.07.22	21:26:00	4136.46	4136.74	4136.13	4136.29	259	0	19
2026.07.22	21:27:00	4136.30	4136.63	4135.45	4136.40	321	0	20
2026.07.22	21:28:00	4136.39	4136.69	4135.02	4135.29	487	0	15
2026.07.22	21:29:00	4135.28	4135.52	4134.65	4135.14	431	0	14
2026.07.22	21:30:00	4135.13	4135.54	4133.49	4134.53	623	0	8
2026.07.22	21:31:00	4134.53	4134.63	4133.09	4133.92	397	0	18
2026.07.22	21:32:00	4133.92	4134.40	4133.21	4133.68	385	0	18
2026.07.22	21:33:00	4133.68	4135.59	4133.53	4134.46	418	0	8
2026.07.22	21:34:00	4134.48	4134.56	4131.86	4132.76	420	0	18
2026.07.22	21:35:00	4132.76	4134.52	4132.60	4134.51	354	0	8
2026.07.22	21:36:00	4134.49	4135.50	4134.19	4135.48	419	0	8
2026.07.22	21:37:00	4135.49	4135.89	4135.20	4135.80	322	0	16
2026.07.22	21:38:00	4135.84	4136.12	4135.06	4135.09	288	0	17
2026.07.22	21:39:00	4135.09	4135.95	4135.09	4135.77	274	0	18
2026.07.22	21:40:00	4135.76	4136.19	4134.04	4134.57	408	0	8
2026.07.22	21:41:00	4134.56	4135.23	4133.77	4135.14	521	0	8
2026.07.22	21:42:00	4135.13	4135.35	4134.24	4134.79	457	0	8
2026.07.22	21:43:00	4134.79	4135.94	4134.70	4135.86	323	0	7
2026.07.22	21:44:00	4135.85	4136.26	4135.44	4135.81	294	0	7
2026.07.22	21:45:00	4135.87	4136.76	4135.28	4136.70	386	0	10
2026.07.22	21:46:00	4136.69	4138.09	4136.54	4137.79	368	0	8
2026.07.22	21:47:00	4137.79	4138.06	4137.41	4137.59	273	0	7
2026.07.22	21:48:00	4137.47	4138.32	4137.36	4138.12	311	0	7
2026.07.22	21:49:00	4138.08	4138.24	4137.00	4137.53	368	0	8
2026.07.22	21:50:00	4137.53	4137.99	4137.40	4137.75	343	0	10
2026.07.22	21:51:00	4137.76	4138.83	4137.73	4138.43	373	0	13
2026.07.22	21:52:00	4138.42	4138.49	4137.87	4138.31	275	0	20
2026.07.22	21:53:00	4138.28	4138.45	4137.65	4137.79	252	0	14
2026.07.22	21:54:00	4137.81	4138.34	4137.45	4137.54	315	0	9
2026.07.22	21:55:00	4137.53	4137.91	4137.09	4137.77	300	0	15
2026.07.22	21:56:00	4137.78	4138.03	4136.73	4137.28	296	0	19
2026.07.22	21:57:00	4137.26	4137.37	4137.05	4137.36	203	0	18
2026.07.22	21:58:00	4137.40	4137.40	4136.13	4136.20	211	0	19
2026.07.22	21:59:00	4136.22	4136.38	4135.85	4136.02	291	0	17
2026.07.22	22:00:00	4135.90	4136.12	4135.07	4135.16	394	0	18
2026.07.22	22:01:00	4135.16	4135.26	4133.03	4133.36	465	0	17
2026.07.22	22:02:00	4133.39	4133.90	4133.20	4133.50	339	0	17
2026.07.22	22:03:00	4133.48	4134.56	4133.45	4134.54	398	0	15
2026.07.22	22:04:00	4134.55	4135.20	4134.43	4134.94	330	0	18
2026.07.22	22:05:00	4134.98	4136.81	4134.98	4136.39	413	0	11
2026.07.22	22:06:00	4136.37	4136.77	4136.12	4136.59	291	0	17
2026.07.22	22:07:00	4136.56	4137.17	4135.90	4136.02	341	0	14
2026.07.22	22:08:00	4136.01	4136.63	4135.53	4135.80	278	0	18
2026.07.22	22:09:00	4135.80	4136.12	4135.45	4135.58	213	0	19
2026.07.22	22:10:00	4135.52	4135.80	4135.01	4135.03	217	0	17
2026.07.22	22:11:00	4135.03	4135.14	4134.56	4135.03	256	0	14
2026.07.22	22:12:00	4135.01	4135.30	4134.73	4134.87	198	0	18
2026.07.22	22:13:00	4134.99	4135.51	4134.28	4134.41	238	0	8
2026.07.22	22:14:00	4134.43	4134.67	4134.00	4134.04	145	0	12
2026.07.22	22:15:00	4134.04	4134.57	4133.18	4134.30	347	0	9
2026.07.22	22:16:00	4134.34	4135.40	4134.34	4135.29	287	0	11
2026.07.22	22:17:00	4135.29	4135.45	4134.11	4134.22	305	0	8
2026.07.22	22:18:00	4134.22	4134.26	4133.37	4133.74	269	0	15
2026.07.22	22:19:00	4133.74	4134.34	4133.69	4134.22	209	0	16
2026.07.22	22:20:00	4134.23	4134.27	4133.48	4133.49	283	0	8
2026.07.22	22:21:00	4133.25	4133.53	4131.63	4132.29	299	0	8
2026.07.22	22:22:00	4132.29	4133.35	4132.13	4133.30	264	0	14
2026.07.22	22:23:00	4133.33	4134.94	4133.33	4134.56	347	0	12
2026.07.22	22:24:00	4134.55	4134.86	4134.16	4134.21	243	0	12
2026.07.22	22:25:00	4134.19	4134.70	4133.24	4133.40	320	0	8
2026.07.22	22:26:00	4133.40	4134.21	4133.24	4133.65	330	0	12
2026.07.22	22:27:00	4133.64	4133.71	4132.51	4133.05	350	0	10
2026.07.22	22:28:00	4133.00	4134.54	4132.99	4134.25	238	0	8
2026.07.22	22:29:00	4134.17	4134.99	4133.71	4134.42	155	0	10
2026.07.22	22:30:00	4134.36	4134.43	4132.58	4132.77	357	0	10
2026.07.22	22:31:00	4132.77	4133.42	4132.60	4133.26	267	0	9
2026.07.22	22:32:00	4133.26	4134.04	4133.22	4133.39	250	0	8
2026.07.22	22:33:00	4133.39	4135.55	4133.39	4134.70	185	0	10
2026.07.22	22:34:00	4134.73	4136.18	4134.14	4135.62	239	0	10
2026.07.22	22:35:00	4135.60	4136.07	4135.07	4135.86	206	0	10
2026.07.22	22:36:00	4135.86	4135.92	4134.26	4134.51	260	0	8
2026.07.22	22:37:00	4134.51	4134.65	4133.57	4134.51	243	0	11
2026.07.22	22:38:00	4134.52	4135.09	4134.27	4134.68	223	0	19
2026.07.22	22:39:00	4134.68	4134.68	4133.99	4134.49	226	0	13
2026.07.22	22:40:00	4134.47	4134.76	4134.12	4134.66	212	0	8
2026.07.22	22:41:00	4134.66	4135.29	4134.34	4135.27	258	0	13
2026.07.22	22:42:00	4135.27	4135.59	4135.01	4135.21	266	0	10
2026.07.22	22:43:00	4135.22	4135.96	4135.07	4135.81	289	0	9
2026.07.22	22:44:00	4135.77	4135.81	4133.61	4133.88	300	0	8
2026.07.22	22:45:00	4133.87	4134.49	4133.31	4133.49	398	0	8
2026.07.22	22:46:00	4133.45	4134.27	4133.19	4133.65	337	0	17
2026.07.22	22:47:00	4133.66	4134.43	4133.52	4134.08	285	0	13
2026.07.22	22:48:00	4134.11	4134.72	4133.59	4134.60	272	0	18
2026.07.22	22:49:00	4134.64	4135.12	4134.60	4135.06	281	0	17
2026.07.22	22:50:00	4135.12	4135.31	4133.33	4133.48	397	0	8
2026.07.22	22:51:00	4133.46	4133.74	4132.21	4132.88	358	0	11
2026.07.22	22:52:00	4132.79	4133.16	4131.66	4132.70	317	0	11
2026.07.22	22:53:00	4132.70	4132.75	4131.21	4131.88	312	0	10
2026.07.22	22:54:00	4131.88	4131.88	4128.89	4130.51	426	0	8
2026.07.22	22:55:00	4130.52	4131.44	4129.88	4131.17	414	0	16
2026.07.22	22:56:00	4131.17	4131.67	4130.27	4130.97	336	0	12
2026.07.22	22:57:00	4130.96	4131.77	4130.43	4130.90	385	0	11
2026.07.22	22:58:00	4130.87	4132.16	4130.71	4132.09	342	0	11
2026.07.22	22:59:00	4132.16	4132.91	4131.39	4131.84	411	0	11
2026.07.23	01:00:00	4123.93	4123.93	4087.25	4116.91	259	0	21
2026.07.23	01:01:00	4116.91	4123.72	4116.88	4119.98	381	0	86
2026.07.23	01:02:00	4119.90	4121.08	4116.61	4119.62	348	0	23
2026.07.23	01:03:00	4119.68	4122.75	4118.73	4118.77	258	0	30
2026.07.23	01:04:00	4119.24	4120.66	4117.29	4120.49	123	0	24
2026.07.23	01:05:00	4120.82	4122.42	4119.46	4121.32	288	0	22
2026.07.23	01:06:00	4121.54	4124.51	4121.11	4122.79	120	0	23
2026.07.23	01:07:00	4122.74	4125.62	4121.12	4123.62	166	0	15
2026.07.23	01:08:00	4123.62	4124.07	4121.54	4121.57	101	0	8
2026.07.23	01:09:00	4121.57	4123.28	4121.57	4123.17	76	0	9
2026.07.23	01:10:00	4123.21	4123.28	4121.68	4121.74	125	0	15
2026.07.23	01:11:00	4121.74	4122.84	4121.23	4122.65	86	0	12
2026.07.23	01:12:00	4122.71	4123.31	4121.52	4121.61	105	0	8
2026.07.23	01:13:00	4121.72	4122.74	4120.99	4122.65	95	0	40
2026.07.23	01:14:00	4122.70	4123.62	4122.62	4123.62	96	0	35
2026.07.23	01:15:00	4124.02	4124.94	4123.08	4124.23	213	0	35
2026.07.23	01:16:00	4124.23	4125.28	4123.37	4123.37	150	0	25
2026.07.23	01:17:00	4123.31	4123.97	4120.69	4120.98	276	0	20
2026.07.23	01:18:00	4121.21	4122.10	4120.70	4121.07	260	0	16
2026.07.23	01:19:00	4121.32	4125.02	4120.77	4123.95	274	0	14
2026.07.23	01:20:00	4123.78	4125.94	4122.89	4125.28	372	0	8
2026.07.23	01:21:00	4125.31	4125.41	4122.58	4122.58	280	0	8
2026.07.23	01:22:00	4122.56	4122.71	4122.00	4122.46	198	0	8
2026.07.23	01:23:00	4122.55	4124.77	4122.55	4123.93	218	0	9
2026.07.23	01:24:00	4123.93	4123.93	4122.62	4122.96	158	0	8
2026.07.23	01:25:00	4122.98	4125.80	4122.68	4125.04	348	0	8
2026.07.23	01:26:00	4125.04	4128.09	4124.94	4127.94	282	0	9
2026.07.23	01:27:00	4127.94	4127.95	4127.07	4127.46	187	0	8
2026.07.23	01:28:00	4127.48	4128.81	4126.41	4126.43	226	0	7
2026.07.23	01:29:00	4126.86	4128.73	4126.55	4128.65	199	0	9
2026.07.23	01:30:00	4128.68	4129.82	4128.50	4128.78	254	0	9
2026.07.23	01:31:00	4128.72	4129.03	4127.10	4127.46	227	0	12
2026.07.23	01:32:00	4127.30	4127.41	4126.07	4126.84	225	0	8
2026.07.23	01:33:00	4126.86	4127.36	4126.22	4126.82	162	0	10
2026.07.23	01:34:00	4126.79	4126.84	4125.58	4125.68	168	0	8
2026.07.23	01:35:00	4125.68	4126.06	4124.01	4126.06	226	0	17
2026.07.23	01:36:00	4126.08	4126.55	4125.11	4125.23	282	0	12
2026.07.23	01:37:00	4125.25	4127.98	4124.37	4127.49	259	0	13
2026.07.23	01:38:00	4127.49	4127.98	4126.12	4126.36	269	0	9
2026.07.23	01:39:00	4126.36	4127.24	4125.48	4125.52	248	0	8
2026.07.23	01:40:00	4125.55	4126.05	4121.60	4121.91	283	0	8
2026.07.23	01:41:00	4121.91	4123.50	4119.91	4122.73	387	0	12
2026.07.23	01:42:00	4122.67	4123.68	4122.58	4123.23	217	0	11
2026.07.23	01:43:00	4123.22	4123.48	4122.32	4122.34	125	0	19
2026.07.23	01:44:00	4122.28	4123.04	4120.80	4121.50	222	0	13
2026.07.23	01:45:00	4121.43	4122.17	4120.59	4121.96	221	0	15
2026.07.23	01:46:00	4121.97	4123.21	4121.36	4122.04	263	0	10
2026.07.23	01:47:00	4122.06	4124.48	4121.86	4124.10	197	0	8
2026.07.23	01:48:00	4124.10	4124.73	4124.03	4124.56	158	0	7
2026.07.23	01:49:00	4124.46	4125.62	4124.41	4124.61	231	0	13
2026.07.23	01:50:00	4124.55	4124.92	4121.10	4122.63	297	0	10
2026.07.23	01:51:00	4122.69	4125.37	4121.91	4125.35	302	0	8
2026.07.23	01:52:00	4125.35	4125.95	4124.08	4125.48	322	0	8
2026.07.23	01:53:00	4125.45	4126.01	4124.18	4124.44	371	0	8
2026.07.23	01:54:00	4124.44	4124.47	4123.00	4123.47	299	0	8
2026.07.23	01:55:00	4123.52	4124.68	4121.91	4123.21	289	0	8
2026.07.23	01:56:00	4123.21	4126.70	4122.53	4123.21	327	0	17
2026.07.23	01:57:00	4123.26	4123.89	4122.38	4123.62	252	0	10
2026.07.23	01:58:00	4123.76	4124.30	4122.27	4122.93	281	0	7
2026.07.23	01:59:00	4122.93	4123.98	4120.68	4121.65	361	0	8
2026.07.23	02:00:00	4121.65	4122.39	4117.65	4118.83	413	0	12
2026.07.23	02:01:00	4118.85	4121.94	4117.40	4120.17	364	0	17
2026.07.23	02:02:00	4120.14	4122.85	4118.34	4121.14	341	0	25
2026.07.23	02:03:00	4121.24	4121.24	4117.13	4118.36	299	0	25
2026.07.23	02:04:00	4118.34	4118.62	4117.39	4118.57	227	0	28
2026.07.23	02:05:00	4118.57	4119.10	4117.33	4117.56	174	0	27
2026.07.23	02:06:00	4117.58	4117.60	4116.79	4117.32	246	0	14
2026.07.23	02:07:00	4117.20	4118.13	4116.45	4117.81	245	0	11
2026.07.23	02:08:00	4117.83	4118.94	4117.48	4118.45	323	0	13
2026.07.23	02:09:00	4118.43	4118.68	4117.99	4118.23	225	0	17
2026.07.23	02:10:00	4118.23	4118.82	4116.59	4117.19	259	0	7
2026.07.23	02:11:00	4117.19	4118.37	4116.93	4116.93	294	0	8
2026.07.23	02:12:00	4117.04	4118.82	4116.80	4118.61	342	0	19
2026.07.23	02:13:00	4118.61	4124.74	4118.61	4124.72	350	0	22
2026.07.23	02:14:00	4124.71	4124.71	4122.57	4123.90	206	0	22
2026.07.23	02:15:00	4123.86	4124.11	4120.78	4121.46	269	0	23
2026.07.23	02:16:00	4121.28	4121.64	4119.77	4121.19	219	0	30
2026.07.23	02:17:00	4121.18	4122.35	4121.13	4121.68	179	0	30
2026.07.23	02:18:00	4121.68	4122.54	4121.38	4121.44	136	0	31
2026.07.23	02:19:00	4121.46	4121.46	4119.85	4120.47	132	0	30
2026.07.23	02:20:00	4120.43	4121.02	4119.34	4120.99	188	0	30
2026.07.23	02:21:00	4121.12	4122.16	4120.08	4120.38	150	0	31
2026.07.23	02:22:00	4120.35	4121.37	4120.35	4120.50	77	0	24
2026.07.23	02:23:00	4120.46	4120.72	4120.32	4120.41	92	0	31
2026.07.23	02:24:00	4120.43	4120.70	4120.30	4120.66	37	0	31
2026.07.23	02:25:00	4120.66	4120.74	4119.53	4119.60	103	0	27
2026.07.23	02:26:00	4119.61	4122.53	4119.33	4120.80	228	0	16
2026.07.23	02:27:00	4120.80	4121.50	4119.58	4119.67	129	0	28
2026.07.23	02:28:00	4119.68	4120.43	4119.15	4120.02	266	0	21
2026.07.23	02:29:00	4120.02	4120.95	4119.62	4119.95	190	0	9
2026.07.23	02:30:00	4120.00	4120.14	4119.18	4119.48	120	0	8
2026.07.23	02:31:00	4119.48	4120.06	4119.08	4119.82	140	0	28
2026.07.23	02:32:00	4119.82	4120.33	4119.29	4120.16	123	0	17
2026.07.23	02:33:00	4120.16	4122.50	4119.90	4121.11	191	0	14
2026.07.23	02:34:00	4121.11	4121.15	4120.40	4120.50	108	0	28
2026.07.23	02:35:00	4120.47	4120.53	4119.89	4120.06	141	0	28
2026.07.23	02:36:00	4120.35	4122.36	4120.35	4121.19	191	0	23
2026.07.23	02:37:00	4121.16	4123.52	4121.16	4122.90	211	0	24
2026.07.23	02:38:00	4122.99	4123.12	4122.31	4122.43	115	0	32
2026.07.23	02:39:00	4122.43	4123.66	4121.41	4121.52	179	0	11
2026.07.23	02:40:00	4121.53	4122.32	4121.48	4122.20	112	0	30
2026.07.23	02:41:00	4122.23	4122.23	4121.49	4122.01	118	0	31
2026.07.23	02:42:00	4121.94	4122.42	4121.13	4121.66	176	0	32
2026.07.23	02:43:00	4121.66	4124.54	4121.66	4124.19	193	0	18
2026.07.23	02:44:00	4124.23	4124.23	4122.64	4123.63	173	0	21
2026.07.23	02:45:00	4123.58	4126.04	4122.89	4126.00	341	0	12
2026.07.23	02:46:00	4125.87	4129.57	4124.91	4129.47	372	0	9
2026.07.23	02:47:00	4129.47	4130.38	4128.90	4130.00	268	0	11
2026.07.23	02:48:00	4130.00	4131.64	4129.43	4131.54	234	0	29
2026.07.23	02:49:00	4131.25	4131.33	4129.53	4129.75	245	0	31
2026.07.23	02:50:00	4129.65	4130.21	4129.07	4129.50	222	0	20
2026.07.23	02:51:00	4129.50	4129.96	4128.68	4129.83	331	0	18
2026.07.23	02:52:00	4129.85	4130.95	4129.49	4130.82	446	0	9
2026.07.23	02:53:00	4130.80	4130.91	4129.59	4129.78	484	0	15
2026.07.23	02:54:00	4129.77	4131.75	4128.93	4131.28	477	0	9
2026.07.23	02:55:00	4131.29	4132.40	4130.73	4132.15	432	0	18
2026.07.23	02:56:00	4132.14	4133.24	4132.07	4133.03	459	0	17
2026.07.23	02:57:00	4133.03	4133.16	4132.05	4133.07	332	0	15
2026.07.23	02:58:00	4132.96	4133.39	4132.17	4132.51	451	0	22
2026.07.23	02:59:00	4132.58	4134.32	4132.36	4133.35	389	0	18
2026.07.23	03:00:00	4133.42	4134.42	4132.04	4132.30	721	0	11
2026.07.23	03:01:00	4132.19	4132.31	4129.27	4130.27	564	0	18
2026.07.23	03:02:00	4130.23	4131.22	4128.26	4129.67	485	0	9
2026.07.23	03:03:00	4129.65	4130.84	4128.14	4128.40	422	0	10
2026.07.23	03:04:00	4128.38	4130.87	4128.37	4130.69	387	0	16
2026.07.23	03:05:00	4130.69	4131.12	4129.23	4129.66	326	0	26
2026.07.23	03:06:00	4129.66	4130.54	4128.59	4129.27	358	0	18
2026.07.23	03:07:00	4129.26	4129.28	4128.13	4128.43	373	0	21
2026.07.23	03:08:00	4128.43	4128.75	4127.13	4128.09	334	0	16
2026.07.23	03:09:00	4128.09	4129.55	4128.09	4128.90	277	0	13
2026.07.23	03:10:00	4128.92	4128.93	4127.09	4127.55	256	0	22
2026.07.23	03:11:00	4127.52	4128.03	4126.34	4127.48	334	0	17
2026.07.23	03:12:00	4127.48	4127.49	4126.10	4126.99	324	0	12
2026.07.23	03:13:00	4126.98	4127.55	4126.18	4126.24	319	0	17
2026.07.23	03:14:00	4126.24	4127.15	4126.21	4126.79	234	0	16
2026.07.23	03:15:00	4126.79	4128.40	4126.68	4127.28	329	0	19
2026.07.23	03:16:00	4127.27	4128.50	4126.66	4128.20	369	0	10
2026.07.23	03:17:00	4128.18	4129.21	4127.62	4127.91	359	0	23
2026.07.23	03:18:00	4127.81	4128.07	4127.00	4128.05	293	0	10
2026.07.23	03:19:00	4128.06	4128.47	4127.41	4128.26	271	0	24
2026.07.23	03:20:00	4128.26	4129.09	4127.54	4128.62	407	0	20
2026.07.23	03:21:00	4128.64	4128.86	4127.70	4128.40	313	0	24
2026.07.23	03:22:00	4128.43	4130.64	4128.12	4130.62	364	0	23
2026.07.23	03:23:00	4130.62	4132.29	4130.54	4131.10	463	0	23
2026.07.23	03:24:00	4131.12	4133.06	4130.81	4132.84	418	0	14
2026.07.23	03:25:00	4132.89	4133.25	4132.13	4132.46	422	0	21
2026.07.23	03:26:00	4132.47	4133.12	4132.10	4132.94	326	0	22
2026.07.23	03:27:00	4132.93	4134.68	4132.29	4133.35	364	0	15
2026.07.23	03:28:00	4133.32	4133.48	4131.17	4131.20	312	0	10
2026.07.23	03:29:00	4131.18	4131.51	4128.89	4129.20	385	0	12
2026.07.23	03:30:00	4129.13	4130.00	4128.08	4129.91	367	0	10
2026.07.23	03:31:00	4129.94	4130.06	4128.95	4129.52	281	0	12
2026.07.23	03:32:00	4129.52	4131.50	4129.05	4131.49	300	0	23
2026.07.23	03:33:00	4131.49	4131.71	4130.17	4130.58	302	0	17
2026.07.23	03:34:00	4130.61	4131.32	4129.32	4130.24	365	0	16
2026.07.23	03:35:00	4130.27	4131.41	4129.80	4130.74	362	0	17
2026.07.23	03:36:00	4130.77	4132.31	4130.68	4131.91	252	0	9
2026.07.23	03:37:00	4131.91	4132.31	4131.53	4131.97	242	0	9
2026.07.23	03:38:00	4131.97	4132.18	4130.55	4130.73	282	0	15
2026.07.23	03:39:00	4130.64	4130.70	4127.74	4128.39	320	0	13
2026.07.23	03:40:00	4128.39	4129.02	4127.67	4127.98	405	0	15
2026.07.23	03:41:00	4127.98	4129.07	4127.90	4128.80	313	0	12
2026.07.23	03:42:00	4128.81	4128.99	4127.11	4127.83	363	0	13
2026.07.23	03:43:00	4127.83	4128.12	4127.45	4127.79	251	0	23
2026.07.23	03:44:00	4127.77	4128.40	4127.70	4127.70	159	0	23
2026.07.23	03:45:00	4127.72	4130.06	4127.51	4129.96	472	0	20
2026.07.23	03:46:00	4129.97	4130.10	4128.33	4128.94	327	0	22
2026.07.23	03:47:00	4128.92	4128.94	4127.53	4127.54	294	0	8
2026.07.23	03:48:00	4127.58	4127.67	4126.89	4127.48	265	0	23
2026.07.23	03:49:00	4127.48	4127.78	4126.92	4127.12	234	0	19
2026.07.23	03:50:00	4127.15	4127.72	4125.62	4125.62	266	0	15
2026.07.23	03:51:00	4125.62	4126.16	4125.00	4125.58	420	0	18
2026.07.23	03:52:00	4125.58	4126.42	4125.20	4126.23	309	0	15
2026.07.23	03:53:00	4126.23	4127.55	4125.96	4127.52	263	0	15
2026.07.23	03:54:00	4127.52	4129.43	4127.40	4129.02	327	0	9
2026.07.23	03:55:00	4128.99	4129.85	4128.32	4128.60	376	0	23
2026.07.23	03:56:00	4128.62	4128.68	4127.52	4128.15	360	0	21
2026.07.23	03:57:00	4128.15	4129.18	4127.93	4129.18	255	0	16
2026.07.23	03:58:00	4129.18	4129.76	4129.02	4129.53	346	0	22
2026.07.23	03:59:00	4129.46	4133.32	4129.46	4132.14	499	0	16
2026.07.23	04:00:00	4132.11	4138.79	4131.89	4137.48	859	0	8
2026.07.23	04:01:00	4137.47	4138.96	4136.98	4137.52	732	0	8
2026.07.23	04:02:00	4137.52	4138.06	4133.36	4133.78	698	0	8
2026.07.23	04:03:00	4133.78	4133.85	4129.78	4132.79	762	0	11
2026.07.23	04:04:00	4132.78	4133.43	4130.84	4132.99	675	0	11
2026.07.23	04:05:00	4132.93	4134.66	4131.94	4134.66	627	0	13
2026.07.23	04:06:00	4134.60	4134.68	4131.09	4131.41	685	0	10
2026.07.23	04:07:00	4131.41	4133.03	4130.97	4132.93	609	0	18
2026.07.23	04:08:00	4132.95	4132.98	4130.68	4130.75	504	0	8
2026.07.23	04:09:00	4130.75	4133.73	4130.53	4133.72	473	0	13
2026.07.23	04:10:00	4133.69	4135.04	4131.91	4133.16	651	0	11
2026.07.23	04:11:00	4133.16	4135.26	4133.10	4135.25	513	0	22
2026.07.23	04:12:00	4135.25	4137.27	4134.37	4136.52	562	0	7
2026.07.23	04:13:00	4136.52	4137.11	4135.65	4136.09	544	0	16
2026.07.23	04:14:00	4136.11	4136.44	4134.03	4134.64	570	0	9
2026.07.23	04:15:00	4134.56	4136.12	4133.63	4135.56	563	0	8
2026.07.23	04:16:00	4135.55	4137.53	4134.96	4137.45	487	0	7
2026.07.23	04:17:00	4137.43	4137.76	4134.90	4135.55	434	0	8
2026.07.23	04:18:00	4135.58	4136.78	4134.30	4136.21	465	0	8
2026.07.23	04:19:00	4136.21	4137.31	4135.52	4135.90	391	0	9
2026.07.23	04:20:00	4135.90	4135.97	4134.83	4135.81	426	0	10
2026.07.23	04:21:00	4135.82	4138.53	4135.73	4137.70	468	0	8
2026.07.23	04:22:00	4137.91	4139.12	4136.95	4139.04	505	0	8
2026.07.23	04:23:00	4139.02	4140.09	4138.47	4138.58	540	0	14
2026.07.23	04:24:00	4138.58	4139.59	4137.48	4137.70	572	0	10
2026.07.23	04:25:00	4137.68	4138.44	4136.66	4137.91	466	0	8
2026.07.23	04:26:00	4137.92	4139.78	4137.72	4139.10	257	0	8
2026.07.23	04:27:00	4139.11	4141.03	4138.41	4138.59	398	0	8
2026.07.23	04:28:00	4138.59	4138.65	4136.80	4137.26	406	0	8
2026.07.23	04:29:00	4137.26	4138.03	4136.73	4137.46	353	0	8
2026.07.23	04:30:00	4137.48	4139.26	4128.86	4129.69	778	0	8
2026.07.23	04:31:00	4129.69	4132.44	4129.63	4131.06	623	0	8
2026.07.23	04:32:00	4130.93	4134.24	4130.54	4133.72	608	0	18
2026.07.23	04:33:00	4133.93	4134.65	4131.84	4134.35	665	0	24
2026.07.23	04:34:00	4134.37	4135.41	4133.12	4133.22	608	0	8
2026.07.23	04:35:00	4133.23	4133.75	4129.30	4130.61	676	0	8
2026.07.23	04:36:00	4130.63	4130.94	4126.30	4126.48	692	0	13
2026.07.23	04:37:00	4126.48	4126.99	4123.04	4125.43	750	0	8
2026.07.23	04:38:00	4125.41	4125.67	4123.72	4124.42	621	0	10
2026.07.23	04:39:00	4124.42	4125.80	4122.88	4123.09	662	0	11
2026.07.23	04:40:00	4123.07	4125.78	4122.96	4125.60	684	0	11
2026.07.23	04:41:00	4125.60	4126.21	4124.29	4126.02	582	0	10
2026.07.23	04:42:00	4125.98	4127.55	4125.22	4125.40	592	0	9
2026.07.23	04:43:00	4125.40	4125.78	4124.33	4125.53	614	0	9
2026.07.23	04:44:00	4125.54	4125.89	4121.41	4121.52	526	0	8
2026.07.23	04:45:00	4121.49	4123.49	4121.12	4123.18	566	0	8
2026.07.23	04:46:00	4123.20	4123.66	4120.67	4120.84	572	0	8
2026.07.23	04:47:00	4120.84	4122.10	4120.38	4120.40	629	0	16
2026.07.23	04:48:00	4120.40	4120.81	4117.99	4118.65	600	0	9
2026.07.23	04:49:00	4118.68	4121.78	4118.63	4121.56	529	0	8
2026.07.23	04:50:00	4121.57	4122.45	4120.52	4122.15	601	0	11
2026.07.23	04:51:00	4122.15	4122.43	4120.60	4120.87	522	0	11
2026.07.23	04:52:00	4120.88	4122.39	4120.64	4121.87	520	0	18
2026.07.23	04:53:00	4121.65	4121.65	4118.20	4118.30	590	0	16
2026.07.23	04:54:00	4118.27	4119.23	4117.90	4118.67	556	0	13
2026.07.23	04:55:00	4118.67	4118.82	4117.43	4118.27	553	0	9
2026.07.23	04:56:00	4118.29	4119.13	4114.21	4114.44	617	0	8
2026.07.23	04:57:00	4114.41	4118.05	4114.25	4116.02	682	0	8
2026.07.23	04:58:00	4116.23	4117.92	4115.16	4117.79	508	0	8
2026.07.23	04:59:00	4117.96	4118.34	4117.28	4117.85	380	0	8
2026.07.23	05:00:00	4117.84	4118.75	4117.54	4117.71	495	0	8
2026.07.23	05:01:00	4117.72	4118.83	4116.19	4118.04	459	0	9
2026.07.23	05:02:00	4118.01	4118.08	4115.13	4115.68	434	0	9
2026.07.23	05:03:00	4115.65	4115.77	4113.65	4114.02	538	0	13
2026.07.23	05:04:00	4114.02	4114.99	4112.88	4113.82	534	0	12
2026.07.23	05:05:00	4113.84	4114.60	4112.11	4113.71	621	0	10
2026.07.23	05:06:00	4113.71	4115.56	4113.32	4115.12	469	0	14
2026.07.23	05:07:00	4115.10	4116.90	4114.78	4116.63	552	0	21
2026.07.23	05:08:00	4116.61	4116.63	4113.73	4114.27	418	0	15
2026.07.23	05:09:00	4114.25	4114.63	4113.40	4114.19	427	0	14
2026.07.23	05:10:00	4114.20	4116.38	4114.07	4116.07	376	0	10
2026.07.23	05:11:00	4115.99	4117.10	4114.99	4116.49	401	0	9
2026.07.23	05:12:00	4116.46	4117.64	4116.27	4117.24	375	0	8
2026.07.23	05:13:00	4117.18	4118.47	4116.73	4117.76	388	0	8
2026.07.23	05:14:00	4117.72	4117.75	4116.47	4117.67	437	0	16
2026.07.23	05:15:00	4117.75	4118.08	4114.83	4114.92	403	0	10
2026.07.23	05:16:00	4114.84	4116.38	4114.84	4115.77	348	0	22
2026.07.23	05:17:00	4115.73	4116.53	4114.25	4114.31	386	0	14
2026.07.23	05:18:00	4114.26	4115.17	4113.14	4115.02	305	0	9
2026.07.23	05:19:00	4115.03	4116.69	4114.59	4114.79	373	0	10
2026.07.23	05:20:00	4114.79	4115.73	4114.26	4114.81	360	0	16
2026.07.23	05:21:00	4114.82	4116.32	4114.50	4115.79	378	0	12
2026.07.23	05:22:00	4115.79	4116.98	4115.59	4115.82	323	0	14
2026.07.23	05:23:00	4115.82	4117.24	4113.46	4115.43	459	0	8
2026.07.23	05:24:00	4115.51	4116.77	4115.12	4116.29	329	0	20
2026.07.23	05:25:00	4116.27	4116.79	4114.53	4115.35	406	0	9
2026.07.23	05:26:00	4115.39	4116.15	4114.09	4116.15	404	0	9
2026.07.23	05:27:00	4116.20	4116.53	4114.73	4115.50	388	0	17
2026.07.23	05:28:00	4115.50	4117.08	4115.13	4116.05	367	0	16
2026.07.23	05:29:00	4116.05	4116.28	4115.66	4116.25	300	0	15
2026.07.23	05:30:00	4116.28	4119.44	4115.27	4118.87	698	0	7
2026.07.23	05:31:00	4118.87	4119.12	4117.04	4117.34	525	0	19
2026.07.23	05:32:00	4117.32	4118.56	4115.13	4115.47	520	0	10
2026.07.23	05:33:00	4115.52	4116.73	4113.79	4114.59	624	0	8
2026.07.23	05:34:00	4114.69	4117.03	4114.63	4116.46	423	0	9
2026.07.23	05:35:00	4116.46	4117.54	4115.00	4115.08	513	0	9
2026.07.23	05:36:00	4115.03	4117.20	4114.83	4116.75	558	0	14
2026.07.23	05:37:00	4116.75	4117.73	4116.37	4116.50	452	0	13
2026.07.23	05:38:00	4116.43	4116.82	4115.64	4116.70	495	0	22
2026.07.23	05:39:00	4116.54	4118.90	4116.24	4118.74	405	0	16
2026.07.23	05:40:00	4118.92	4119.61	4118.30	4118.55	460	0	14
2026.07.23	05:41:00	4118.54	4120.07	4117.86	4119.54	538	0	10
2026.07.23	05:42:00	4119.49	4120.25	4119.23	4119.37	439	0	13
2026.07.23	05:43:00	4119.37	4121.70	4119.36	4121.25	481	0	9
2026.07.23	05:44:00	4121.23	4122.30	4121.03	4122.15	446	0	8
2026.07.23	05:45:00	4122.16	4125.39	4122.10	4124.24	579	0	8
2026.07.23	05:46:00	4124.16	4125.44	4123.38	4125.12	587	0	9
2026.07.23	05:47:00	4125.13	4125.57	4124.51	4125.04	529	0	8
2026.07.23	05:48:00	4125.09	4125.20	4123.28	4124.32	451	0	10
2026.07.23	05:49:00	4124.35	4124.78	4122.57	4122.68	481	0	7
2026.07.23	05:50:00	4122.55	4123.01	4121.30	4122.34	399	0	8
2026.07.23	05:51:00	4122.43	4125.69	4121.97	4125.69	488	0	8
2026.07.23	05:52:00	4125.63	4125.99	4124.44	4125.01	402	0	8
2026.07.23	05:53:00	4125.02	4128.62	4125.02	4126.37	489	0	8
2026.07.23	05:54:00	4126.39	4126.91	4125.05	4125.26	379	0	11
2026.07.23	05:55:00	4125.37	4126.30	4124.95	4126.28	356	0	12
2026.07.23	05:56:00	4126.33	4126.69	4125.94	4126.31	282	0	14
2026.07.23	05:57:00	4126.31	4127.48	4126.20	4127.32	340	0	15
2026.07.23	05:58:00	4127.31	4128.54	4127.13	4127.96	356	0	8
2026.07.23	05:59:00	4127.96	4128.14	4127.19	4128.05	376	0	10
2026.07.23	06:00:00	4128.10	4129.09	4127.28	4128.12	487	0	8
2026.07.23	06:01:00	4128.23	4128.32	4126.63	4127.15	425	0	23
2026.07.23	06:02:00	4127.17	4127.90	4126.95	4127.86	291	0	13
2026.07.23	06:03:00	4127.86	4128.26	4125.93	4126.31	360	0	10
2026.07.23	06:04:00	4126.46	4127.12	4126.17	4126.18	415	0	13
2026.07.23	06:05:00	4126.20	4126.34	4124.97	4125.14	432	0	20
2026.07.23	06:06:00	4125.13	4127.61	4125.06	4126.88	427	0	7
2026.07.23	06:07:00	4126.85	4127.05	4125.96	4126.55	475	0	22
2026.07.23	06:08:00	4126.55	4126.77	4125.22	4125.49	361	0	12
2026.07.23	06:09:00	4125.53	4125.98	4124.46	4125.06	450	0	7
2026.07.23	06:10:00	4125.05	4125.92	4123.97	4125.16	455	0	12
2026.07.23	06:11:00	4125.17	4126.09	4124.66	4125.91	398	0	12
2026.07.23	06:12:00	4125.91	4125.91	4124.68	4124.83	312	0	13
2026.07.23	06:13:00	4124.83	4125.89	4124.83	4125.81	335	0	8
2026.07.23	06:14:00	4125.81	4127.53	4125.21	4127.34	352	0	8
2026.07.23	06:15:00	4127.34	4127.72	4126.60	4127.34	273	0	8
2026.07.23	06:16:00	4127.34	4129.13	4126.96	4128.70	328	0	8
2026.07.23	06:17:00	4128.70	4129.82	4128.70	4129.09	324	0	8
2026.07.23	06:18:00	4129.06	4130.90	4128.88	4130.42	274	0	8
2026.07.23	06:19:00	4130.42	4131.18	4129.70	4131.06	352	0	8
2026.07.23	06:20:00	4131.06	4131.55	4130.61	4131.48	377	0	9
2026.07.23	06:21:00	4131.48	4132.03	4131.12	4131.30	327	0	7
2026.07.23	06:22:00	4131.28	4133.03	4131.12	4132.63	353	0	10
2026.07.23	06:23:00	4132.63	4132.70	4132.12	4132.53	361	0	8
2026.07.23	06:24:00	4132.54	4132.95	4131.47	4132.62	397	0	12
2026.07.23	06:25:00	4132.62	4132.62	4130.95	4131.03	430	0	13
2026.07.23	06:26:00	4131.00	4131.85	4130.94	4131.37	326	0	13
2026.07.23	06:27:00	4131.37	4131.37	4129.73	4129.84	396	0	14
2026.07.23	06:28:00	4129.84	4130.57	4129.45	4130.55	291	0	13
2026.07.23	06:29:00	4130.55	4130.78	4130.14	4130.54	353	0	10
2026.07.23	06:30:00	4130.53	4130.55	4128.25	4130.01	430	0	10
2026.07.23	06:31:00	4129.92	4130.35	4129.06	4129.06	313	0	17
2026.07.23	06:32:00	4129.06	4129.75	4129.04	4129.45	270	0	15
2026.07.23	06:33:00	4129.45	4129.84	4129.30	4129.58	260	0	21
2026.07.23	06:34:00	4129.55	4130.34	4129.35	4130.27	344	0	13
2026.07.23	06:35:00	4130.27	4130.34	4129.73	4130.34	253	0	20
2026.07.23	06:36:00	4130.32	4131.10	4129.14	4129.37	280	0	20
2026.07.23	06:37:00	4129.43	4129.54	4128.59	4128.87	303	0	20
2026.07.23	06:38:00	4128.89	4129.30	4128.67	4129.07	234	0	21
2026.07.23	06:39:00	4129.07	4129.46	4128.55	4129.39	224	0	20
2026.07.23	06:40:00	4129.28	4129.90	4129.18	4129.42	219	0	14
2026.07.23	06:41:00	4129.26	4130.28	4128.96	4129.30	313	0	17
2026.07.23	06:42:00	4129.31	4129.74	4126.55	4126.55	349	0	8
2026.07.23	06:43:00	4126.62	4127.46	4125.75	4126.87	375	0	14
2026.07.23	06:44:00	4126.92	4129.15	4126.41	4128.75	299	0	8
2026.07.23	06:45:00	4128.80	4128.83	4127.69	4127.93	247	0	21
2026.07.23	06:46:00	4127.93	4128.38	4126.26	4126.36	284	0	18
2026.07.23	06:47:00	4126.36	4126.48	4125.47	4125.67	353	0	9
2026.07.23	06:48:00	4125.67	4125.76	4125.11	4125.25	322	0	22
2026.07.23	06:49:00	4125.32	4125.79	4125.08	4125.48	271	0	23
2026.07.23	06:50:00	4125.51	4125.95	4125.08	4125.56	239	0	19
2026.07.23	06:51:00	4125.54	4125.78	4124.98	4125.05	228	0	22
2026.07.23	06:52:00	4125.05	4125.81	4124.97	4125.68	245	0	15
2026.07.23	06:53:00	4125.71	4125.86	4125.27	4125.81	137	0	22
2026.07.23	06:54:00	4125.81	4126.13	4125.38	4125.79	179	0	21
2026.07.23	06:55:00	4125.77	4125.89	4125.28	4125.51	195	0	21
2026.07.23	06:56:00	4125.50	4125.58	4124.23	4124.45	300	0	17
2026.07.23	06:57:00	4124.45	4126.15	4124.43	4125.66	285	0	17
2026.07.23	06:58:00	4125.66	4125.85	4125.00	4125.06	204	0	20
2026.07.23	06:59:00	4125.05	4125.05	4124.12	4124.74	268	0	8
2026.07.23	07:00:00	4124.60	4125.20	4123.93	4124.15	289	0	13
2026.07.23	07:01:00	4124.15	4124.71	4124.15	4124.52	210	0	17
2026.07.23	07:02:00	4124.53	4125.05	4124.04	4124.30	204	0	13
2026.07.23	07:03:00	4124.30	4124.48	4122.79	4122.93	258	0	10
2026.07.23	07:04:00	4122.92	4123.77	4122.59	4123.74	241	0	22
2026.07.23	07:05:00	4123.75	4123.76	4122.51	4123.10	328	0	14
2026.07.23	07:06:00	4123.14	4123.31	4122.53	4123.28	236	0	9
2026.07.23	07:07:00	4123.27	4124.72	4123.02	4124.48	292	0	20
2026.07.23	07:08:00	4124.51	4125.65	4124.50	4125.53	381	0	8
2026.07.23	07:09:00	4125.55	4125.62	4124.77	4125.30	361	0	12
2026.07.23	07:10:00	4125.34	4125.72	4124.03	4124.43	359	0	13
2026.07.23	07:11:00	4124.49	4125.03	4124.01	4124.13	308	0	22
2026.07.23	07:12:00	4124.15	4125.31	4123.96	4125.31	325	0	17
2026.07.23	07:13:00	4125.31	4127.09	4125.31	4127.06	425	0	21
2026.07.23	07:14:00	4127.06	4127.70	4126.74	4127.68	358	0	8
2026.07.23	07:15:00	4127.68	4128.35	4127.23	4127.61	416	0	8
2026.07.23	07:16:00	4127.60	4127.96	4126.25	4126.31	399	0	18
2026.07.23	07:17:00	4126.31	4126.71	4125.23	4125.65	280	0	21
2026.07.23	07:18:00	4125.63	4125.92	4125.02	4125.88	256	0	21
2026.07.23	07:19:00	4125.96	4126.33	4125.12	4125.40	302	0	14
2026.07.23	07:20:00	4125.42	4126.58	4125.40	4126.19	270	0	15
2026.07.23	07:21:00	4126.19	4127.61	4126.07	4127.48	231	0	15
2026.07.23	07:22:00	4127.48	4129.11	4127.31	4129.10	246	0	10
2026.07.23	07:23:00	4129.09	4129.27	4128.34	4128.72	338	0	12
2026.07.23	07:24:00	4128.74	4128.81	4127.77	4128.11	242	0	18
2026.07.23	07:25:00	4128.11	4129.13	4127.62	4128.67	337	0	9
2026.07.23	07:26:00	4128.67	4129.04	4128.20	4128.74	282	0	16
2026.07.23	07:27:00	4128.74	4128.83	4128.47	4128.70	247	0	22
2026.07.23	07:28:00	4128.69	4128.75	4128.05	4128.22	191	0	22
2026.07.23	07:29:00	4128.22	4129.86	4127.23	4129.80	327	0	21
2026.07.23	07:30:00	4129.75	4130.49	4127.49	4127.81	361	0	8
2026.07.23	07:31:00	4127.81	4128.05	4125.81	4126.14	304	0	8
2026.07.23	07:32:00	4126.23	4126.48	4125.61	4126.18	350	0	22
2026.07.23	07:33:00	4126.16	4126.92	4125.74	4126.16	392	0	14
2026.07.23	07:34:00	4126.15	4127.25	4126.03	4126.92	176	0	21
2026.07.23	07:35:00	4126.91	4127.23	4126.42	4126.75	259	0	19
2026.07.23	07:36:00	4126.86	4127.32	4126.66	4127.23	281	0	22
2026.07.23	07:37:00	4127.23	4127.39	4126.94	4127.15	169	0	9
2026.07.23	07:38:00	4127.17	4127.30	4126.37	4126.85	295	0	8
2026.07.23	07:39:00	4126.86	4127.16	4125.70	4125.79	216	0	10
2026.07.23	07:40:00	4125.79	4125.84	4124.62	4124.67	261	0	9
2026.07.23	07:41:00	4124.66	4125.19	4123.63	4123.79	230	0	8
2026.07.23	07:42:00	4123.78	4124.13	4123.38	4123.94	330	0	8
2026.07.23	07:43:00	4123.94	4123.97	4123.48	4123.80	159	0	8
2026.07.23	07:44:00	4123.80	4124.17	4123.13	4123.15	244	0	8
2026.07.23	07:45:00	4123.19	4123.34	4121.51	4123.12	319	0	11
2026.07.23	07:46:00	4123.15	4123.78	4122.97	4123.25	296	0	15
2026.07.23	07:47:00	4123.25	4124.33	4123.11	4124.28	191	0	13
2026.07.23	07:48:00	4124.23	4124.23	4121.88	4122.70	310	0	19
2026.07.23	07:49:00	4122.70	4122.72	4121.81	4121.86	316	0	20
2026.07.23	07:50:00	4121.90	4122.67	4121.76	4122.17	202	0	13
2026.07.23	07:51:00	4122.18	4122.40	4121.61	4121.70	214	0	13
2026.07.23	07:52:00	4121.72	4121.98	4120.28	4120.28	238	0	21
2026.07.23	07:53:00	4120.28	4121.16	4120.12	4121.01	265	0	22
2026.07.23	07:54:00	4121.01	4121.52	4120.53	4120.79	293	0	14
2026.07.23	07:55:00	4120.77	4121.16	4120.20	4120.29	265	0	21
2026.07.23	07:56:00	4120.29	4120.58	4119.94	4120.51	226	0	21
2026.07.23	07:57:00	4120.58	4121.12	4120.13	4121.11	213	0	21
2026.07.23	07:58:00	4121.13	4121.50	4120.69	4121.40	248	0	14
2026.07.23	07:59:00	4121.22	4121.57	4121.06	4121.21	243	0	21
2026.07.23	08:00:00	4121.20	4122.62	4120.86	4121.25	461	0	8
2026.07.23	08:01:00	4121.24	4122.23	4119.97	4120.52	311	0	8
2026.07.23	08:02:00	4120.51	4120.99	4119.86	4120.68	356	0	19
2026.07.23	08:03:00	4120.68	4120.93	4119.52	4120.01	340	0	16
2026.07.23	08:04:00	4119.99	4120.41	4119.43	4120.40	302	0	19
2026.07.23	08:05:00	4120.40	4121.07	4120.39	4120.55	301	0	22
2026.07.23	08:06:00	4120.64	4121.55	4120.35	4121.43	183	0	12
2026.07.23	08:07:00	4121.43	4123.82	4121.41	4123.37	314	0	21
2026.07.23	08:08:00	4123.39	4124.24	4123.09	4123.80	333	0	10
2026.07.23	08:09:00	4123.80	4124.33	4123.13	4124.19	270	0	18
2026.07.23	08:10:00	4124.17	4124.54	4123.73	4124.12	380	0	20
2026.07.23	08:11:00	4124.11	4124.83	4123.76	4124.43	309	0	9
2026.07.23	08:12:00	4124.44	4124.69	4123.45	4124.55	321	0	15
2026.07.23	08:13:00	4124.52	4124.79	4124.03	4124.41	216	0	21
2026.07.23	08:14:00	4124.43	4124.98	4124.30	4124.37	226	0	22
2026.07.23	08:15:00	4124.37	4124.37	4121.92	4122.75	328	0	16
2026.07.23	08:16:00	4122.75	4122.75	4121.62	4122.02	295	0	16
2026.07.23	08:17:00	4122.02	4122.47	4121.50	4122.36	212	0	23
2026.07.23	08:18:00	4122.34	4123.27	4121.72	4122.98	266	0	16
2026.07.23	08:19:00	4123.01	4123.14	4121.20	4122.06	297	0	13
2026.07.23	08:20:00	4122.06	4122.48	4121.67	4122.32	289	0	19
2026.07.23	08:21:00	4122.32	4122.39	4121.89	4121.97	201	0	17
2026.07.23	08:22:00	4121.95	4122.81	4120.99	4121.08	285	0	19
2026.07.23	08:23:00	4121.08	4121.09	4119.76	4120.17	332	0	14
2026.07.23	08:24:00	4120.06	4121.58	4119.85	4121.43	342	0	10
2026.07.23	08:25:00	4121.43	4121.96	4121.14	4121.39	327	0	21
2026.07.23	08:26:00	4121.37	4123.01	4121.33	4123.01	364	0	8
2026.07.23	08:27:00	4123.01	4123.46	4122.76	4123.23	312	0	22
2026.07.23	08:28:00	4123.23	4123.62	4123.04	4123.18	252	0	16
2026.07.23	08:29:00	4123.20	4125.63	4123.16	4125.63	285	0	9
2026.07.23	08:30:00	4125.63	4128.28	4123.35	4127.73	718	0	13
2026.07.23	08:31:00	4127.74	4128.46	4126.74	4128.04	567	0	15
2026.07.23	08:32:00	4128.02	4128.02	4124.70	4125.73	534	0	7
2026.07.23	08:33:00	4125.72	4127.56	4125.47	4127.12	469	0	15
2026.07.23	08:34:00	4127.14	4128.06	4126.92	4127.54	358	0	8
2026.07.23	08:35:00	4127.52	4128.11	4126.29	4127.42	479	0	17
2026.07.23	08:36:00	4127.42	4128.10	4127.21	4127.30	369	0	15
2026.07.23	08:37:00	4127.22	4128.49	4126.46	4127.20	368	0	13
2026.07.23	08:38:00	4127.23	4127.90	4126.76	4126.90	301	0	9
2026.07.23	08:39:00	4126.97	4127.41	4126.14	4126.26	384	0	8
2026.07.23	08:40:00	4126.24	4126.88	4124.79	4125.48	525	0	14
2026.07.23	08:41:00	4125.43	4126.45	4124.57	4125.86	426	0	9
2026.07.23	08:42:00	4125.86	4126.12	4124.88	4125.40	459	0	15
2026.07.23	08:43:00	4125.41	4126.18	4124.91	4125.40	448	0	14
2026.07.23	08:44:00	4125.39	4127.75	4125.38	4127.65	448	0	10
2026.07.23	08:45:00	4127.67	4128.60	4127.09	4127.67	421	0	9
2026.07.23	08:46:00	4127.66	4129.54	4127.57	4129.53	444	0	8
2026.07.23	08:47:00	4129.42	4130.51	4128.76	4129.05	477	0	13
2026.07.23	08:48:00	4129.05	4129.05	4126.45	4126.73	513	0	21
2026.07.23	08:49:00	4126.73	4127.07	4126.12	4126.56	371	0	9
2026.07.23	08:50:00	4126.63	4126.66	4124.09	4124.42	505	0	9
2026.07.23	08:51:00	4124.42	4125.30	4124.08	4125.30	446	0	13
2026.07.23	08:52:00	4125.35	4127.56	4124.98	4127.08	376	0	8
2026.07.23	08:53:00	4127.06	4127.16	4126.10	4126.41	351	0	14
2026.07.23	08:54:00	4126.41	4126.78	4125.13	4125.23	423	0	17
2026.07.23	08:55:00	4125.22	4125.34	4122.27	4122.76	452	0	12
2026.07.23	08:56:00	4122.76	4123.02	4121.11	4121.65	431	0	10
2026.07.23	08:57:00	4121.65	4121.65	4120.61	4121.20	414	0	14
2026.07.23	08:58:00	4121.09	4122.60	4121.09	4122.42	430	0	8
2026.07.23	08:59:00	4122.38	4124.36	4122.28	4124.05	356	0	8
2026.07.23	09:00:00	4124.01	4127.57	4124.01	4127.02	512	0	9
2026.07.23	09:01:00	4127.00	4128.17	4125.93	4126.32	513	0	17
2026.07.23	09:02:00	4126.30	4126.64	4123.33	4124.71	599	0	10
2026.07.23	09:03:00	4124.74	4126.21	4124.40	4125.71	567	0	9
2026.07.23	09:04:00	4125.68	4125.98	4123.87	4124.05	648	0	8
2026.07.23	09:05:00	4124.04	4124.84	4122.26	4123.22	709	0	8
2026.07.23	09:06:00	4123.20	4123.48	4122.09	4122.65	512	0	10
2026.07.23	09:07:00	4122.65	4122.65	4121.08	4122.33	507	0	23
2026.07.23	09:08:00	4122.31	4122.79	4121.80	4122.63	477	0	14
2026.07.23	09:09:00	4122.63	4124.09	4122.29	4122.42	570	0	12
2026.07.23	09:10:00	4122.42	4123.96	4122.33	4123.79	415	0	19
2026.07.23	09:11:00	4123.82	4124.23	4123.25	4123.69	387	0	15
2026.07.23	09:12:00	4123.87	4124.42	4121.76	4123.28	541	0	13
2026.07.23	09:13:00	4123.28	4123.77	4122.92	4123.58	365	0	23
2026.07.23	09:14:00	4123.60	4123.97	4122.91	4123.19	362	0	17
2026.07.23	09:15:00	4123.19	4123.66	4122.43	4123.28	380	0	17
2026.07.23	09:16:00	4123.26	4124.27	4122.82	4124.02	364	0	10
2026.07.23	09:17:00	4124.02	4125.72	4123.58	4125.29	302	0	10
2026.07.23	09:18:00	4125.29	4126.62	4125.29	4126.12	287	0	9
2026.07.23	09:19:00	4126.04	4127.74	4126.04	4126.89	402	0	9
2026.07.23	09:20:00	4126.91	4127.21	4125.09	4125.19	438	0	17
2026.07.23	09:21:00	4125.20	4126.16	4124.83	4125.31	435	0	16
2026.07.23	09:22:00	4125.31	4125.33	4123.36	4124.25	403	0	17
2026.07.23	09:23:00	4124.25	4124.95	4123.75	4124.45	330	0	15
2026.07.23	09:24:00	4124.49	4125.11	4124.43	4124.81	237	0	19
2026.07.23	09:25:00	4124.81	4124.87	4123.10	4123.20	355	0	15
2026.07.23	09:26:00	4123.13	4123.15	4122.35	4122.83	272	0	23
2026.07.23	09:27:00	4122.81	4123.85	4121.25	4123.62	463	0	9
2026.07.23	09:28:00	4123.63	4123.72	4122.04	4122.05	436	0	12
2026.07.23	09:29:00	4122.04	4122.37	4121.23	4122.07	567	0	12
2026.07.23	09:30:00	4122.07	4123.01	4121.39	4122.66	557	0	10
2026.07.23	09:31:00	4122.68	4122.93	4120.94	4121.02	433	0	14
2026.07.23	09:32:00	4121.02	4122.05	4120.54	4121.31	441	0	19
2026.07.23	09:33:00	4121.12	4121.94	4120.85	4121.81	401	0	10
2026.07.23	09:34:00	4121.81	4122.74	4120.67	4122.40	516	0	9
2026.07.23	09:35:00	4122.36	4123.16	4122.07	4122.21	398	0	8
2026.07.23	09:36:00	4122.21	4123.18	4122.20	4122.74	434	0	9
2026.07.23	09:37:00	4122.73	4123.85	4122.57	4123.18	391	0	10
2026.07.23	09:38:00	4123.15	4123.24	4121.36	4122.78	470	0	16
2026.07.23	09:39:00	4122.81	4123.00	4120.73	4120.78	413	0	11
2026.07.23	09:40:00	4120.80	4120.83	4117.95	4117.99	515	0	7
2026.07.23	09:41:00	4118.02	4118.67	4116.91	4118.67	537	0	8
2026.07.23	09:42:00	4118.80	4119.50	4118.34	4118.73	454	0	20
2026.07.23	09:43:00	4118.72	4120.65	4118.50	4120.65	363	0	21
2026.07.23	09:44:00	4120.53	4121.41	4119.74	4119.96	377	0	17
2026.07.23	09:45:00	4119.97	4121.99	4119.05	4121.49	485	0	9
2026.07.23	09:46:00	4121.47	4121.88	4120.88	4121.35	327	0	8
2026.07.23	09:47:00	4121.34	4121.87	4120.62	4120.78	280	0	8
2026.07.23	09:48:00	4120.79	4121.73	4120.40	4121.66	319	0	8
2026.07.23	09:49:00	4121.66	4122.32	4121.49	4121.70	325	0	9
2026.07.23	09:50:00	4121.65	4121.99	4121.26	4121.95	332	0	14
2026.07.23	09:51:00	4121.95	4122.02	4121.05	4121.07	342	0	17
2026.07.23	09:52:00	4121.07	4121.22	4119.71	4120.67	400	0	12
2026.07.23	09:53:00	4120.70	4121.23	4120.27	4120.95	349	0	16
2026.07.23	09:54:00	4120.93	4121.15	4119.60	4120.21	415	0	11
2026.07.23	09:55:00	4120.22	4120.43	4119.30	4119.62	353	0	18
2026.07.23	09:56:00	4119.64	4120.32	4119.32	4119.54	343	0	12
2026.07.23	09:57:00	4119.57	4120.05	4119.29	4119.54	306	0	15
2026.07.23	09:58:00	4119.58	4119.68	4117.70	4118.12	581	0	10
2026.07.23	09:59:00	4118.11	4119.12	4117.98	4118.51	313	0	8
2026.07.23	10:00:00	4118.52	4119.40	4116.00	4117.39	686	0	8
2026.07.23	10:01:00	4117.57	4117.97	4113.90	4114.44	639	0	9
2026.07.23	10:02:00	4114.44	4115.90	4114.10	4115.60	502	0	8
2026.07.23	10:03:00	4115.62	4116.27	4115.14	4115.81	536	0	11
2026.07.23	10:04:00	4115.81	4116.59	4113.91	4115.26	561	0	11
2026.07.23	10:05:00	4115.27	4116.30	4114.78	4115.68	560	0	13
2026.07.23	10:06:00	4115.69	4115.79	4113.01	4113.24	493	0	9
2026.07.23	10:07:00	4113.24	4113.74	4111.59	4112.18	573	0	9
2026.07.23	10:08:00	4112.16	4113.00	4111.47	4111.97	458	0	13
2026.07.23	10:09:00	4112.04	4112.21	4109.46	4110.46	556	0	16
2026.07.23	10:10:00	4110.47	4110.49	4106.58	4106.86	536	0	8
2026.07.23	10:11:00	4106.85	4107.04	4104.99	4105.13	496	0	9
2026.07.23	10:12:00	4105.13	4105.48	4101.93	4102.98	618	0	8
2026.07.23	10:13:00	4102.99	4104.21	4102.03	4103.23	640	0	15
2026.07.23	10:14:00	4103.22	4107.39	4102.65	4106.69	600	0	19
2026.07.23	10:15:00	4106.68	4108.37	4106.51	4107.92	466	0	15
2026.07.23	10:16:00	4107.93	4111.84	4106.84	4111.71	445	0	9
2026.07.23	10:17:00	4111.71	4112.03	4109.10	4110.33	527	0	8
2026.07.23	10:18:00	4110.40	4111.28	4108.37	4109.77	458	0	7
2026.07.23	10:19:00	4109.77	4111.27	4108.84	4109.47	396	0	8
2026.07.23	10:20:00	4109.47	4109.83	4107.81	4108.84	502	0	8
2026.07.23	10:21:00	4108.74	4109.63	4108.04	4108.84	495	0	8
2026.07.23	10:22:00	4108.99	4109.72	4107.82	4108.63	554	0	10
2026.07.23	10:23:00	4108.63	4109.34	4107.79	4108.44	465	0	12
2026.07.23	10:24:00	4108.46	4108.56	4105.50	4105.67	427	0	9
2026.07.23	10:25:00	4105.67	4109.37	4105.67	4109.11	558	0	12
2026.07.23	10:26:00	4109.08	4110.14	4108.32	4110.10	406	0	7
2026.07.23	10:27:00	4110.13	4110.59	4109.50	4109.54	451	0	18
2026.07.23	10:28:00	4109.54	4109.55	4107.64	4107.78	429	0	14
2026.07.23	10:29:00	4107.80	4108.91	4107.59	4108.39	456	0	11
2026.07.23	10:30:00	4108.39	4108.81	4103.60	4103.68	550	0	22
2026.07.23	10:31:00	4103.68	4104.64	4102.88	4103.16	522	0	11
2026.07.23	10:32:00	4103.17	4103.85	4102.06	4103.62	471	0	14
2026.07.23	10:33:00	4103.61	4106.53	4103.38	4106.53	454	0	12
2026.07.23	10:34:00	4106.54	4106.57	4105.01	4105.21	387	0	15
2026.07.23	10:35:00	4105.26	4105.60	4102.07	4103.42	471	0	8
2026.07.23	10:36:00	4103.35	4104.90	4103.11	4104.61	397	0	20
2026.07.23	10:37:00	4104.62	4104.71	4102.72	4103.28	391	0	8
2026.07.23	10:38:00	4103.27	4103.95	4100.41	4101.57	454	0	8
2026.07.23	10:39:00	4101.57	4101.87	4099.41	4100.73	393	0	7
2026.07.23	10:40:00	4100.73	4102.00	4100.06	4101.14	350	0	8
2026.07.23	10:41:00	4101.14	4101.86	4099.41	4099.45	390	0	9
2026.07.23	10:42:00	4099.45	4100.04	4093.81	4094.09	553	0	8
2026.07.23	10:43:00	4094.13	4096.29	4091.25	4096.17	580	0	8
2026.07.23	10:44:00	4096.15	4096.66	4094.60	4095.48	442	0	8
2026.07.23	10:45:00	4095.53	4096.82	4094.42	4095.08	524	0	19
2026.07.23	10:46:00	4095.08	4095.09	4092.24	4094.75	480	0	9
2026.07.23	10:47:00	4094.72	4094.81	4091.12	4092.15	549	0	8
2026.07.23	10:48:00	4092.13	4095.30	4091.67	4095.19	569	0	8
2026.07.23	10:49:00	4095.19	4095.25	4091.73	4093.06	483	0	12
2026.07.23	10:50:00	4093.06	4094.83	4091.28	4094.81	478	0	8
2026.07.23	10:51:00	4094.79	4095.11	4093.09	4093.09	468	0	7
2026.07.23	10:52:00	4093.19	4094.12	4092.26	4092.71	492	0	8
2026.07.23	10:53:00	4092.71	4092.85	4089.98	4091.35	424	0	8
2026.07.23	10:54:00	4091.17	4094.03	4090.94	4093.36	571	0	7
2026.07.23	10:55:00	4093.43	4096.80	4092.16	4095.70	577	0	8
2026.07.23	10:56:00	4095.72	4096.04	4094.15	4095.81	578	0	8
2026.07.23	10:57:00	4095.84	4096.94	4094.13	4094.13	531	0	8
2026.07.23	10:58:00	4094.16	4095.17	4093.29	4094.11	576	0	9
2026.07.23	10:59:00	4094.05	4095.42	4094.05	4095.38	462	0	14
2026.07.23	11:00:00	4095.37	4097.33	4092.29	4092.35	631	0	8
2026.07.23	11:01:00	4092.35	4092.45	4090.08	4090.75	557	0	7
2026.07.23	11:02:00	4090.75	4092.76	4090.67	4091.85	535	0	10
2026.07.23	11:03:00	4091.85	4094.49	4091.25	4093.14	492	0	7
2026.07.23	11:04:00	4093.16	4093.29	4090.73	4092.54	399	0	8
2026.07.23	11:05:00	4092.67	4093.65	4092.22	4093.28	495	0	9
2026.07.23	11:06:00	4093.28	4094.10	4092.82	4093.11	419	0	8
2026.07.23	11:07:00	4093.09	4095.91	4093.09	4095.54	443	0	8
2026.07.23	11:08:00	4095.40	4095.49	4093.64	4093.89	346	0	10
2026.07.23	11:09:00	4093.94	4096.18	4093.36	4096.08	289	0	8
2026.07.23	11:10:00	4096.07	4097.73	4094.68	4094.83	484	0	12
2026.07.23	11:11:00	4094.83	4095.00	4093.76	4094.78	441	0	16
2026.07.23	11:12:00	4094.77	4095.87	4094.23	4094.71	456	0	10
2026.07.23	11:13:00	4094.68	4094.69	4092.99	4093.21	413	0	11
2026.07.23	11:14:00	4093.21	4093.54	4090.23	4091.46	456	0	7
2026.07.23	11:15:00	4091.45	4092.46	4091.39	4091.75	449	0	11
2026.07.23	11:16:00	4091.75	4092.46	4090.46	4092.05	548	0	13
2026.07.23	11:17:00	4092.01	4092.40	4091.30	4092.13	379	0	18
2026.07.23	11:18:00	4092.13	4092.21	4090.50	4091.47	360	0	10
2026.07.23	11:19:00	4091.47	4091.51	4089.47	4089.68	432	0	11
2026.07.23	11:20:00	4089.64	4091.05	4089.48	4090.58	399	0	10
2026.07.23	11:21:00	4090.71	4090.73	4088.38	4089.36	398	0	8
2026.07.23	11:22:00	4089.33	4091.58	4089.24	4091.24	243	0	8
2026.07.23	11:23:00	4091.24	4091.55	4089.57	4090.07	294	0	8
2026.07.23	11:24:00	4090.07	4091.17	4089.62	4090.60	400	0	9
2026.07.23	11:25:00	4090.55	4090.81	4090.04	4090.20	306	0	14
2026.07.23	11:26:00	4090.18	4091.28	4088.98	4091.19	413	0	13
2026.07.23	11:27:00	4091.19	4091.34	4090.61	4091.12	274	0	8
2026.07.23	11:28:00	4091.21	4092.04	4090.17	4090.55	378	0	11
2026.07.23	11:29:00	4090.55	4092.09	4090.29	4091.91	468	0	14
2026.07.23	11:30:00	4091.83	4091.83	4090.35	4090.94	441	0	13
2026.07.23	11:31:00	4090.91	4091.38	4089.87	4090.69	415	0	12
2026.07.23	11:32:00	4090.69	4090.83	4089.96	4090.39	498	0	16
2026.07.23	11:33:00	4090.39	4091.85	4089.93	4091.79	364	0	14
2026.07.23	11:34:00	4091.84	4093.42	4091.30	4092.66	328	0	8
2026.07.23	11:35:00	4092.47	4093.70	4091.10	4091.48	376	0	7
2026.07.23	11:36:00	4091.66	4092.97	4091.34	4092.70	298	0	19
2026.07.23	11:37:00	4092.67	4092.91	4090.99	4091.26	281	0	18
2026.07.23	11:38:00	4091.26	4092.25	4090.67	4092.24	372	0	9
2026.07.23	11:39:00	4092.24	4092.81	4091.64	4091.98	365	0	8
2026.07.23	11:40:00	4091.98	4092.25	4090.19	4090.34	416	0	14
2026.07.23	11:41:00	4090.29	4091.40	4089.01	4089.13	441	0	9
2026.07.23	11:42:00	4089.17	4090.87	4088.58	4090.87	407	0	7
2026.07.23	11:43:00	4090.89	4092.60	4090.89	4091.33	458	0	8
2026.07.23	11:44:00	4091.34	4092.66	4090.80	4092.42	400	0	12
2026.07.23	11:45:00	4092.42	4092.42	4090.92	4091.15	288	0	8
2026.07.23	11:46:00	4091.14	4091.65	4090.71	4091.37	366	0	10
2026.07.23	11:47:00	4091.35	4091.49	4089.44	4089.44	427	0	8
2026.07.23	11:48:00	4089.48	4089.75	4087.02	4088.90	410	0	11
2026.07.23	11:49:00	4088.96	4090.92	4088.85	4089.48	444	0	11
2026.07.23	11:50:00	4089.46	4090.36	4088.15	4090.12	433	0	7
2026.07.23	11:51:00	4090.12	4090.81	4089.63	4090.44	322	0	9
2026.07.23	11:52:00	4090.34	4090.55	4088.63	4088.64	384	0	16
2026.07.23	11:53:00	4088.64	4090.94	4088.60	4090.74	371	0	12
2026.07.23	11:54:00	4090.68	4093.00	4090.34	4092.87	351	0	13
2026.07.23	11:55:00	4092.85	4093.36	4092.60	4093.34	365	0	9
2026.07.23	11:56:00	4093.34	4094.21	4092.65	4094.20	336	0	9
2026.07.23	11:57:00	4094.23	4094.47	4093.55	4094.31	322	0	8
2026.07.23	11:58:00	4094.32	4094.82	4093.31	4093.40	291	0	9
2026.07.23	11:59:00	4093.40	4093.99	4093.18	4093.41	301	0	8
2026.07.23	12:00:00	4093.38	4094.16	4092.64	4093.01	479	0	11
2026.07.23	12:01:00	4093.01	4095.43	4092.91	4095.09	395	0	8
2026.07.23	12:02:00	4095.11	4096.39	4094.57	4095.78	447	0	9
2026.07.23	12:03:00	4095.78	4099.06	4095.20	4097.64	666	0	8
2026.07.23	12:04:00	4097.64	4099.37	4097.06	4099.11	612	0	9
2026.07.23	12:05:00	4099.11	4099.11	4097.49	4098.26	450	0	10
2026.07.23	12:06:00	4098.17	4098.54	4097.17	4097.68	466	0	10
2026.07.23	12:07:00	4097.68	4098.33	4096.62	4097.34	431	0	9
2026.07.23	12:08:00	4097.32	4098.01	4096.75	4097.62	388	0	12
2026.07.23	12:09:00	4097.62	4098.03	4096.70	4096.99	404	0	8
2026.07.23	12:10:00	4096.98	4098.10	4096.84	4098.04	404	0	12
2026.07.23	12:11:00	4098.05	4098.61	4097.91	4098.18	337	0	17
2026.07.23	12:12:00	4098.18	4098.22	4097.05	4097.11	388	0	18
2026.07.23	12:13:00	4097.04	4098.00	4096.70	4097.34	343	0	13
2026.07.23	12:14:00	4097.37	4097.75	4094.73	4094.86	440	0	16
2026.07.23	12:15:00	4094.86	4095.68	4094.70	4095.59	370	0	9
2026.07.23	12:16:00	4095.51	4095.52	4094.42	4095.07	365	0	15
2026.07.23	12:17:00	4094.99	4095.93	4093.97	4095.86	367	0	10
2026.07.23	12:18:00	4095.84	4096.06	4094.82	4094.82	359	0	22
2026.07.23	12:19:00	4094.85	4097.07	4094.53	4096.82	390	0	8
2026.07.23	12:20:00	4096.82	4096.82	4094.23	4094.71	347	0	11
2026.07.23	12:21:00	4094.71	4095.34	4093.81	4093.95	404	0	9
2026.07.23	12:22:00	4094.04	4094.88	4093.62	4093.83	381	0	8
2026.07.23	12:23:00	4093.83	4094.25	4093.30	4093.74	312	0	8
2026.07.23	12:24:00	4093.67	4094.75	4093.06	4093.38	408	0	13
2026.07.23	12:25:00	4093.36	4094.20	4091.77	4092.40	394	0	8
2026.07.23	12:26:00	4092.38	4092.41	4090.21	4090.26	371	0	11
2026.07.23	12:27:00	4090.24	4090.65	4089.37	4090.12	404	0	15
2026.07.23	12:28:00	4090.11	4091.84	4090.11	4091.31	398	0	8
2026.07.23	12:29:00	4091.31	4091.71	4089.89	4091.41	306	0	10
2026.07.23	12:30:00	4091.44	4091.55	4089.04	4089.88	501	0	8
2026.07.23	12:31:00	4089.88	4090.19	4088.58	4088.71	340	0	12
2026.07.23	12:32:00	4088.75	4089.73	4088.64	4089.73	269	0	13
2026.07.23	12:33:00	4089.73	4091.93	4089.53	4090.81	411	0	15
2026.07.23	12:34:00	4090.81	4092.26	4089.89	4092.03	427	0	9
2026.07.23	12:35:00	4092.05	4092.11	4091.10	4091.65	304	0	21
2026.07.23	12:36:00	4091.65	4092.73	4091.37	4092.21	311	0	23
2026.07.23	12:37:00	4092.06	4092.46	4090.72	4090.84	362	0	8
2026.07.23	12:38:00	4090.84	4092.09	4090.66	4091.69	270	0	19
2026.07.23	12:39:00	4091.70	4092.06	4091.17	4091.96	283	0	16
2026.07.23	12:40:00	4091.76	4091.76	4090.77	4091.23	360	0	19
2026.07.23	12:41:00	4091.23	4091.82	4090.36	4091.75	288	0	8
2026.07.23	12:42:00	4091.72	4092.27	4091.25	4092.25	260	0	10
2026.07.23	12:43:00	4092.24	4093.15	4091.87	4092.20	347	0	13
2026.07.23	12:44:00	4092.20	4092.81	4091.59	4091.86	369	0	8
2026.07.23	12:45:00	4091.86	4094.21	4091.86	4093.98	331	0	16
2026.07.23	12:46:00	4093.98	4093.98	4091.78	4092.21	329	0	20
2026.07.23	12:47:00	4092.37	4092.77	4091.87	4091.94	248	0	16
2026.07.23	12:48:00	4091.86	4093.26	4091.37	4092.86	298	0	14
2026.07.23	12:49:00	4092.86	4093.88	4092.86	4093.35	348	0	16
2026.07.23	12:50:00	4093.35	4093.35	4091.83	4092.60	292	0	15
2026.07.23	12:51:00	4092.52	4092.54	4090.69	4090.88	391	0	13
2026.07.23	12:52:00	4090.83	4091.83	4089.75	4091.64	397	0	9
2026.07.23	12:53:00	4091.58	4093.36	4091.58	4092.99	406	0	8
2026.07.23	12:54:00	4092.95	4093.92	4092.49	4092.79	340	0	8
2026.07.23	12:55:00	4092.81	4093.02	4091.62	4092.12	347	0	8
2026.07.23	12:56:00	4092.13	4092.22	4091.09	4091.18	349	0	8
2026.07.23	12:57:00	4091.29	4091.73	4089.06	4089.27	317	0	7
2026.07.23	12:58:00	4089.27	4089.99	4088.41	4088.75	200	0	14
2026.07.23	12:59:00	4088.65	4089.88	4088.34	4089.86	342	0	12
2026.07.23	13:00:00	4089.82	4091.03	4088.77	4089.31	510	0	13
2026.07.23	13:01:00	4089.31	4090.66	4088.03	4090.29	406	0	9
2026.07.23	13:02:00	4090.29	4091.62	4090.05	4090.62	349	0	16
2026.07.23	13:03:00	4090.65	4091.17	4090.22	4090.47	321	0	23
2026.07.23	13:04:00	4090.35	4091.04	4089.79	4090.64	394	0	16
2026.07.23	13:05:00	4090.60	4091.09	4090.18	4090.51	365	0	18
2026.07.23	13:06:00	4090.51	4091.17	4088.48	4090.35	485	0	8
2026.07.23	13:07:00	4090.36	4091.29	4089.58	4090.73	413	0	17
2026.07.23	13:08:00	4090.84	4091.21	4089.02	4089.12	461	0	14
2026.07.23	13:09:00	4089.05	4089.14	4087.93	4088.95	378	0	10
2026.07.23	13:10:00	4088.93	4089.42	4088.15	4088.70	409	0	10
2026.07.23	13:11:00	4088.71	4089.82	4088.70	4089.35	295	0	9
2026.07.23	13:12:00	4089.29	4091.26	4089.23	4091.26	292	0	21
2026.07.23	13:13:00	4091.28	4091.56	4089.68	4089.73	290	0	11
2026.07.23	13:14:00	4089.71	4091.19	4089.65	4090.83	379	0	12
2026.07.23	13:15:00	4090.83	4091.41	4090.14	4090.87	332	0	17
2026.07.23	13:16:00	4090.87	4092.49	4090.23	4090.97	368	0	11
2026.07.23	13:17:00	4090.96	4091.68	4090.64	4091.42	321	0	11
2026.07.23	13:18:00	4091.42	4092.42	4090.84	4091.99	353	0	16
2026.07.23	13:19:00	4091.97	4092.00	4088.66	4088.74	390	0	14
2026.07.23	13:20:00	4088.74	4089.15	4087.95	4088.36	398	0	8
2026.07.23	13:21:00	4088.36	4088.66	4085.88	4087.57	445	0	9
2026.07.23	13:22:00	4087.58	4088.23	4087.37	4087.39	336	0	22
2026.07.23	13:23:00	4087.41	4088.15	4086.30	4086.71	387	0	16
2026.07.23	13:24:00	4086.68	4087.67	4086.38	4087.62	383	0	16
2026.07.23	13:25:00	4087.66	4088.97	4087.29	4088.76	358	0	14
2026.07.23	13:26:00	4088.76	4089.24	4088.14	4088.38	310	0	11
2026.07.23	13:27:00	4088.29	4089.40	4088.10	4088.43	282	0	8
2026.07.23	13:28:00	4088.43	4088.91	4088.20	4088.78	264	0	16
2026.07.23	13:29:00	4088.79	4090.42	4088.53	4089.85	283	0	19
2026.07.23	13:30:00	4089.88	4092.82	4089.14	4091.68	551	0	8
2026.07.23	13:31:00	4091.71	4092.47	4091.47	4091.56	369	0	8
2026.07.23	13:32:00	4091.60	4091.88	4089.08	4089.25	404	0	22
2026.07.23	13:33:00	4089.38	4090.38	4088.97	4089.58	283	0	22
2026.07.23	13:34:00	4089.50	4089.63	4086.54	4087.29	396	0	10
2026.07.23	13:35:00	4087.14	4088.73	4086.72	4088.71	489	0	8
2026.07.23	13:36:00	4088.70	4089.94	4088.26	4088.72	391	0	7
2026.07.23	13:37:00	4088.74	4090.06	4088.43	4089.95	277	0	12
2026.07.23	13:38:00	4089.95	4090.20	4088.99	4089.18	278	0	9
2026.07.23	13:39:00	4089.28	4090.05	4089.06	4089.92	228	0	8
2026.07.23	13:40:00	4089.86	4089.86	4087.35	4088.33	301	0	8
2026.07.23	13:41:00	4088.34	4088.99	4087.69	4088.19	231	0	8
2026.07.23	13:42:00	4088.19	4089.72	4088.09	4088.88	362	0	8
2026.07.23	13:43:00	4088.87	4089.31	4088.46	4088.49	340	0	10
2026.07.23	13:44:00	4088.46	4089.66	4088.22	4089.34	282	0	8
2026.07.23	13:45:00	4089.30	4089.38	4087.52	4087.58	304	0	11
2026.07.23	13:46:00	4087.59	4088.04	4087.21	4087.68	347	0	8
2026.07.23	13:47:00	4087.68	4089.75	4087.56	4089.73	252	0	8
2026.07.23	13:48:00	4089.73	4091.60	4089.46	4090.91	348	0	8
2026.07.23	13:49:00	4091.01	4093.56	4090.83	4093.42	291	0	7
2026.07.23	13:50:00	4093.36	4093.80	4092.80	4093.22	266	0	14
2026.07.23	13:51:00	4093.21	4094.01	4092.49	4092.84	408	0	7
2026.07.23	13:52:00	4092.98	4094.04	4092.52	4093.92	444	0	8
2026.07.23	13:53:00	4093.90	4093.90	4091.64	4091.91	395	0	17
2026.07.23	13:54:00	4091.91	4094.26	4091.88	4093.92	367	0	15
2026.07.23	13:55:00	4093.91	4094.78	4093.74	4093.93	386	0	13
2026.07.23	13:56:00	4093.86	4095.28	4093.86	4094.24	338	0	9
2026.07.23	13:57:00	4094.21	4094.33	4091.96	4091.97	321	0	11
2026.07.23	13:58:00	4091.97	4093.32	4091.97	4092.85	297	0	18
2026.07.23	13:59:00	4092.85	4093.38	4092.08	4093.13	297	0	8
2026.07.23	14:00:00	4093.13	4093.81	4091.89	4092.48	563	0	17
2026.07.23	14:01:00	4092.38	4093.08	4091.71	4091.73	567	0	11
2026.07.23	14:02:00	4091.76	4092.87	4091.39	4092.67	452	0	17
2026.07.23	14:03:00	4092.67	4092.85	4090.95	4090.95	416	0	8
2026.07.23	14:04:00	4090.55	4092.05	4090.51	4092.03	402	0	11
2026.07.23	14:05:00	4092.02	4092.22	4090.39	4091.20	381	0	14
2026.07.23	14:06:00	4091.20	4091.20	4089.13	4089.51	435	0	20
2026.07.23	14:07:00	4089.48	4091.49	4088.99	4090.11	388	0	14
2026.07.23	14:08:00	4090.14	4091.23	4089.74	4090.78	364	0	11
2026.07.23	14:09:00	4090.78	4090.96	4088.42	4088.63	426	0	10
2026.07.23	14:10:00	4088.61	4088.95	4087.82	4088.16	339	0	14
2026.07.23	14:11:00	4088.14	4089.08	4087.08	4088.83	449	0	14
2026.07.23	14:12:00	4088.83	4089.56	4088.04	4088.04	349	0	12
2026.07.23	14:13:00	4088.03	4088.41	4086.96	4087.15	430	0	9
2026.07.23	14:14:00	4087.15	4088.40	4087.11	4087.69	359	0	8
2026.07.23	14:15:00	4087.71	4089.22	4085.91	4086.02	367	0	8
2026.07.23	14:16:00	4086.13	4086.84	4085.06	4086.84	468	0	14
2026.07.23	14:17:00	4086.85	4086.87	4084.40	4085.15	438	0	15
2026.07.23	14:18:00	4085.16	4087.12	4084.72	4087.10	405	0	8
2026.07.23	14:19:00	4087.09	4087.26	4085.17	4085.59	397	0	8
2026.07.23	14:20:00	4085.58	4085.99	4083.84	4085.08	455	0	9
2026.07.23	14:21:00	4085.00	4086.88	4084.94	4086.43	470	0	11
2026.07.23	14:22:00	4086.41	4086.43	4084.01	4084.27	490	0	8
2026.07.23	14:23:00	4084.21	4084.32	4081.27	4081.64	498	0	8
2026.07.23	14:24:00	4081.63	4084.09	4080.90	4083.97	453	0	8
2026.07.23	14:25:00	4083.99	4084.90	4083.22	4084.61	434	0	8
2026.07.23	14:26:00	4084.59	4085.00	4083.89	4084.11	404	0	14
2026.07.23	14:27:00	4084.13	4084.54	4082.16	4082.49	499	0	11
2026.07.23	14:28:00	4082.49	4083.31	4081.90	4082.39	454	0	8
2026.07.23	14:29:00	4082.42	4084.50	4081.48	4084.33	494	0	13
2026.07.23	14:30:00	4084.34	4084.35	4082.44	4082.44	425	0	8
2026.07.23	14:31:00	4082.46	4083.68	4081.15	4081.28	532	0	8
2026.07.23	14:32:00	4081.28	4082.17	4079.34	4080.02	599	0	8
2026.07.23	14:33:00	4080.16	4082.16	4079.87	4080.22	504	0	10
2026.07.23	14:34:00	4080.22	4081.12	4079.84	4080.83	446	0	14
2026.07.23	14:35:00	4080.83	4080.83	4079.18	4079.68	632	0	8
2026.07.23	14:36:00	4079.71	4082.38	4079.66	4081.48	543	0	11
2026.07.23	14:37:00	4081.48	4082.61	4081.09	4081.87	502	0	11
2026.07.23	14:38:00	4081.85	4083.32	4080.17	4080.43	561	0	7
2026.07.23	14:39:00	4080.43	4081.51	4079.31	4079.31	528	0	14
2026.07.23	14:40:00	4079.16	4079.57	4075.70	4075.90	565	0	8
2026.07.23	14:41:00	4075.88	4076.34	4073.03	4074.85	643	0	8
2026.07.23	14:42:00	4074.85	4078.99	4074.85	4077.78	554	0	11
2026.07.23	14:43:00	4077.78	4078.18	4076.01	4076.52	620	0	15
2026.07.23	14:44:00	4076.44	4078.89	4076.40	4078.62	506	0	20
2026.07.23	14:45:00	4078.61	4081.88	4077.79	4080.90	659	0	12
2026.07.23	14:46:00	4080.94	4081.35	4079.41	4080.33	453	0	19
2026.07.23	14:47:00	4080.34	4081.03	4079.05	4080.95	419	0	7
2026.07.23	14:48:00	4081.02	4081.61	4080.22	4081.61	555	0	10
2026.07.23	14:49:00	4081.65	4082.22	4081.01	4081.77	466	0	11
2026.07.23	14:50:00	4081.70	4083.40	4081.48	4083.23	606	0	8
2026.07.23	14:51:00	4083.22	4084.20	4082.99	4084.05	437	0	15
2026.07.23	14:52:00	4084.02	4089.23	4083.54	4085.76	542	0	8
2026.07.23	14:53:00	4085.68	4086.18	4083.97	4084.36	599	0	19
2026.07.23	14:54:00	4084.36	4085.34	4084.07	4084.56	493	0	16
2026.07.23	14:55:00	4084.50	4084.65	4083.57	4083.58	384	0	16
2026.07.23	14:56:00	4083.54	4084.43	4083.43	4084.01	376	0	18
2026.07.23	14:57:00	4083.99	4084.44	4083.01	4083.51	370	0	10
2026.07.23	14:58:00	4083.50	4085.91	4083.50	4085.61	450	0	11
2026.07.23	14:59:00	4085.61	4086.25	4085.45	4085.64	262	0	9
2026.07.23	15:00:00	4085.65	4085.94	4083.14	4083.39	553	0	9
2026.07.23	15:01:00	4083.45	4083.67	4082.13	4082.63	511	0	11
2026.07.23	15:02:00	4082.63	4083.26	4082.23	4082.74	411	0	8
2026.07.23	15:03:00	4082.74	4083.18	4082.19	4082.53	411	0	9
2026.07.23	15:04:00	4082.53	4083.31	4082.29	4083.31	348	0	18
2026.07.23	15:05:00	4083.55	4085.43	4082.90	4083.61	536	0	11
2026.07.23	15:06:00	4083.61	4083.97	4082.11	4082.30	512	0	8
2026.07.23	15:07:00	4082.31	4083.31	4081.88	4083.10	418	0	14
2026.07.23	15:08:00	4083.12	4084.20	4082.65	4083.39	422	0	8
2026.07.23	15:09:00	4083.37	4084.22	4083.03	4083.09	284	0	15
2026.07.23	15:10:00	4083.10	4085.17	4083.10	4085.04	360	0	11
2026.07.23	15:11:00	4085.04	4085.40	4084.15	4085.12	418	0	7
2026.07.23	15:12:00	4085.10	4085.17	4082.85	4083.43	263	0	10
2026.07.23	15:13:00	4083.43	4083.68	4081.79	4082.07	273	0	12
2026.07.23	15:14:00	4082.05	4082.17	4081.20	4081.43	253	0	9
2026.07.23	15:15:00	4081.44	4083.18	4079.46	4079.88	549	0	7
2026.07.23	15:16:00	4079.88	4080.84	4072.67	4076.56	602	0	8
2026.07.23	15:17:00	4076.47	4078.09	4075.25	4075.73	730	0	7
2026.07.23	15:18:00	4075.71	4076.52	4074.64	4076.25	648	0	8
2026.07.23	15:19:00	4076.23	4078.99	4075.84	4077.85	478	0	8
2026.07.23	15:20:00	4077.67	4077.83	4073.03	4074.75	705	0	7
2026.07.23	15:21:00	4074.84	4078.30	4074.73	4077.56	668	0	8
2026.07.23	15:22:00	4077.55	4077.59	4075.75	4077.16	630	0	12
2026.07.23	15:23:00	4077.16	4077.44	4075.29	4076.27	573	0	13
2026.07.23	15:24:00	4076.21	4076.28	4070.29	4071.67	660	0	7
2026.07.23	15:25:00	4071.74	4074.09	4071.08	4074.09	654	0	7
2026.07.23	15:26:00	4073.92	4074.55	4072.85	4073.97	446	0	7
2026.07.23	15:27:00	4073.97	4077.24	4073.93	4076.31	376	0	11
2026.07.23	15:28:00	4076.34	4076.66	4075.10	4075.11	398	0	9
2026.07.23	15:29:00	4075.20	4076.48	4074.49	4074.66	423	0	9
2026.07.23	15:30:00	4074.14	4074.14	4069.44	4071.04	528	0	10
2026.07.23	15:31:00	4071.04	4071.08	4067.54	4069.47	438	0	15
2026.07.23	15:32:00	4069.47	4072.40	4069.24	4070.53	400	0	7
2026.07.23	15:33:00	4070.53	4072.64	4068.95	4072.42	461	0	8
2026.07.23	15:34:00	4072.42	4074.96	4071.58	4074.72	596	0	8
2026.07.23	15:35:00	4074.68	4074.78	4071.89	4073.10	583	0	8
2026.07.23	15:36:00	4073.10	4073.14	4066.77	4067.29	683	0	8
2026.07.23	15:37:00	4067.24	4067.83	4064.18	4066.16	673	0	8
2026.07.23	15:38:00	4066.16	4070.00	4066.11	4069.24	621	0	13
2026.07.23	15:39:00	4069.24	4073.48	4068.84	4073.25	615	0	8
2026.07.23	15:40:00	4073.17	4073.18	4070.49	4071.97	554	0	8
2026.07.23	15:41:00	4071.98	4072.51	4070.86	4071.38	590	0	7
2026.07.23	15:42:00	4071.35	4071.58	4066.81	4067.15	721	0	12
2026.07.23	15:43:00	4067.09	4069.23	4066.14	4069.23	709	0	11
2026.07.23	15:44:00	4069.26	4071.75	4068.54	4068.94	649	0	8
2026.07.23	15:45:00	4068.94	4069.19	4064.58	4065.32	704	0	7
2026.07.23	15:46:00	4065.32	4067.34	4063.37	4067.11	723	0	7
2026.07.23	15:47:00	4067.17	4067.72	4065.60	4066.10	705	0	8
2026.07.23	15:48:00	4065.91	4066.36	4062.90	4063.28	594	0	8
2026.07.23	15:49:00	4063.28	4066.20	4063.14	4065.92	606	0	8
2026.07.23	15:50:00	4065.86	4067.06	4064.09	4065.14	653	0	7
2026.07.23	15:51:00	4065.05	4068.17	4064.94	4067.64	643	0	12
2026.07.23	15:52:00	4067.61	4067.61	4064.13	4064.77	657	0	8
2026.07.23	15:53:00	4064.75	4067.01	4064.68	4066.30	599	0	7
2026.07.23	15:54:00	4066.30	4066.32	4062.03	4064.09	653	0	8
2026.07.23	15:55:00	4064.05	4064.26	4062.97	4063.46	578	0	8
2026.07.23	15:56:00	4063.57	4065.84	4063.04	4065.77	602	0	7
2026.07.23	15:57:00	4065.78	4066.75	4064.58	4065.84	610	0	7
2026.07.23	15:58:00	4065.82	4066.40	4064.21	4065.27	596	0	9
2026.07.23	15:59:00	4065.22	4065.23	4060.97	4061.73	612	0	8
2026.07.23	16:00:00	4061.73	4063.49	4060.56	4061.93	913	0	8
2026.07.23	16:01:00	4061.97	4061.97	4054.58	4055.92	842	0	8
2026.07.23	16:02:00	4055.98	4060.24	4055.79	4058.30	863	0	8
2026.07.23	16:03:00	4058.34	4058.67	4054.42	4056.20	848	0	12
2026.07.23	16:04:00	4056.18	4057.08	4054.48	4055.46	819	0	8
2026.07.23	16:05:00	4055.52	4057.09	4052.32	4052.94	847	0	8
2026.07.23	16:06:00	4052.94	4053.86	4046.65	4048.01	945	0	8
2026.07.23	16:07:00	4047.98	4049.42	4046.00	4049.26	842	0	8
2026.07.23	16:08:00	4049.25	4050.02	4044.80	4046.37	908	0	8
2026.07.23	16:09:00	4046.36	4049.36	4045.59	4046.95	784	0	9
2026.07.23	16:10:00	4046.93	4047.32	4040.35	4040.78	913	0	8
2026.07.23	16:11:00	4040.88	4044.36	4040.74	4043.99	874	0	10
2026.07.23	16:12:00	4043.95	4044.93	4041.46	4043.90	841	0	8
2026.07.23	16:13:00	4043.90	4044.52	4041.10	4043.11	869	0	8
2026.07.23	16:14:00	4043.05	4043.08	4040.68	4040.92	817	0	8
2026.07.23	16:15:00	4040.93	4043.53	4040.76	4041.82	846	0	8
2026.07.23	16:16:00	4041.91	4043.40	4040.62	4043.40	856	0	9
2026.07.23	16:17:00	4043.28	4045.80	4041.21	4045.66	863	0	8
2026.07.23	16:18:00	4045.66	4046.46	4044.39	4046.40	831	0	8
2026.07.23	16:19:00	4046.39	4049.55	4046.20	4048.96	888	0	9
2026.07.23	16:20:00	4048.93	4052.07	4048.53	4050.86	727	0	7
2026.07.23	16:21:00	4050.86	4052.53	4050.06	4052.16	680	0	9
2026.07.23	16:22:00	4052.28	4053.20	4050.85	4052.27	505	0	8
2026.07.23	16:23:00	4052.22	4054.29	4052.08	4054.16	494	0	8
2026.07.23	16:24:00	4054.10	4054.17	4051.45	4051.52	633	0	12
2026.07.23	16:25:00	4051.59	4053.86	4051.59	4053.60	597	0	8
2026.07.23	16:26:00	4053.60	4054.19	4051.87	4053.57	529	0	8
2026.07.23	16:27:00	4053.59	4054.60	4052.65	4054.46	700	0	12
2026.07.23	16:28:00	4054.44	4058.00	4054.44	4057.35	688	0	8
2026.07.23	16:29:00	4057.35	4059.02	4055.72	4058.62	698	0	8
2026.07.23	16:30:00	4058.62	4063.12	4058.31	4061.12	894	0	7
2026.07.23	16:31:00	4061.12	4063.09	4059.67	4063.00	909	0	7
2026.07.23	16:32:00	4063.01	4066.19	4061.35	4065.63	825	0	8
2026.07.23	16:33:00	4065.61	4067.29	4064.17	4066.15	764	0	10
2026.07.23	16:34:00	4066.14	4067.06	4062.21	4063.23	787	0	8
2026.07.23	16:35:00	4063.22	4064.58	4062.29	4062.65	864	0	8
2026.07.23	16:36:00	4062.61	4062.65	4059.45	4059.87	884	0	10
2026.07.23	16:37:00	4059.88	4061.48	4059.25	4059.71	778	0	9
2026.07.23	16:38:00	4059.67	4061.23	4057.61	4058.14	626	0	9
2026.07.23	16:39:00	4058.14	4058.55	4055.49	4056.67	776	0	12
2026.07.23	16:40:00	4056.65	4057.52	4055.35	4055.84	826	0	7
2026.07.23	16:41:00	4055.87	4059.12	4055.46	4059.02	789	0	13
2026.07.23	16:42:00	4059.03	4061.04	4057.61	4060.86	847	0	8
2026.07.23	16:43:00	4060.92	4062.24	4059.90	4060.82	824	0	13
2026.07.23	16:44:00	4060.82	4061.40	4055.81	4056.30	821	0	8
2026.07.23	16:45:00	4056.33	4056.94	4053.58	4055.25	909	0	7
2026.07.23	16:46:00	4055.30	4056.65	4053.17	4054.25	854	0	7
2026.07.23	16:47:00	4054.31	4054.78	4052.78	4054.65	804	0	9
2026.07.23	16:48:00	4054.55	4054.98	4049.93	4050.49	838	0	8
2026.07.23	16:49:00	4050.49	4052.83	4050.32	4052.82	753	0	8
2026.07.23	16:50:00	4052.83	4055.36	4051.73	4054.12	707	0	13
2026.07.23	16:51:00	4054.12	4054.74	4052.99	4054.28	696	0	8
2026.07.23	16:52:00	4054.24	4055.04	4051.85	4054.84	804	0	12
2026.07.23	16:53:00	4054.81	4057.97	4053.57	4057.76	759	0	8
2026.07.23	16:54:00	4057.79	4058.95	4054.90	4056.28	796	0	13
2026.07.23	16:55:00	4056.24	4057.61	4054.07	4054.77	785	0	8
2026.07.23	16:56:00	4054.89	4056.44	4051.75	4051.84	809	0	7
2026.07.23	16:57:00	4051.82	4052.05	4046.70	4046.99	790	0	12
2026.07.23	16:58:00	4047.11	4047.61	4045.28	4046.29	803	0	8
2026.07.23	16:59:00	4046.30	4047.33	4042.68	4043.28	646	0	11
2026.07.23	17:00:00	4043.24	4050.71	4043.24	4050.30	842	0	7
2026.07.23	17:01:00	4050.30	4050.64	4046.75	4047.13	729	0	8
2026.07.23	17:02:00	4047.13	4049.51	4044.73	4045.17	882	0	7
2026.07.23	17:03:00	4045.20	4046.13	4043.35	4044.82	861	0	8
2026.07.23	17:04:00	4044.82	4045.43	4042.82	4043.87	876	0	11
2026.07.23	17:05:00	4043.95	4045.92	4042.27	4045.73	887	0	13
2026.07.23	17:06:00	4045.74	4045.85	4043.09	4044.78	828	0	8
2026.07.23	17:07:00	4044.76	4045.91	4040.67	4042.90	832	0	7
2026.07.23	17:08:00	4042.90	4042.91	4040.11	4040.39	683	0	8
2026.07.23	17:09:00	4040.39	4045.65	4040.14	4045.53	678	0	7
2026.07.23	17:10:00	4045.61	4047.63	4042.90	4043.26	719	0	9
2026.07.23	17:11:00	4043.29	4046.34	4041.79	4046.23	763	0	10
2026.07.23	17:12:00	4046.36	4047.85	4044.93	4047.81	771	0	8
2026.07.23	17:13:00	4047.81	4049.35	4045.69	4048.93	704	0	10
2026.07.23	17:14:00	4048.93	4051.30	4046.82	4047.93	781	0	8
2026.07.23	17:15:00	4047.92	4050.13	4045.27	4046.46	822	0	7
2026.07.23	17:16:00	4046.35	4049.62	4046.35	4048.42	803	0	7
2026.07.23	17:17:00	4048.43	4049.36	4046.41	4048.87	844	0	8
2026.07.23	17:18:00	4048.89	4048.89	4043.46	4043.64	831	0	9
2026.07.23	17:19:00	4043.57	4044.32	4042.25	4044.07	663	0	8
2026.07.23	17:20:00	4044.07	4044.90	4042.81	4044.14	711	0	13
2026.07.23	17:21:00	4044.16	4047.26	4043.90	4046.80	781	0	11
2026.07.23	17:22:00	4046.68	4049.93	4046.50	4049.54	756	0	8
2026.07.23	17:23:00	4049.52	4051.43	4048.81	4049.19	836	0	8
2026.07.23	17:24:00	4049.16	4052.31	4048.48	4052.12	695	0	8
2026.07.23	17:25:00	4052.12	4054.86	4051.20	4054.50	669	0	8
2026.07.23	17:26:00	4054.50	4054.56	4052.12	4054.18	672	0	8
2026.07.23	17:27:00	4054.29	4055.12	4052.10	4052.38	716	0	8
2026.07.23	17:28:00	4052.38	4054.11	4052.28	4053.30	786	0	12
2026.07.23	17:29:00	4053.28	4056.87	4052.68	4056.37	742	0	8
2026.07.23	17:30:00	4056.35	4057.68	4054.67	4056.07	707	0	8
2026.07.23	17:31:00	4055.97	4057.99	4055.20	4055.48	742	0	10
2026.07.23	17:32:00	4055.48	4055.93	4051.67	4052.50	731	0	7
2026.07.23	17:33:00	4052.46	4054.39	4052.42	4053.66	695	0	16
2026.07.23	17:34:00	4053.60	4054.93	4053.11	4054.45	750	0	8
2026.07.23	17:35:00	4054.50	4055.39	4051.68	4054.42	774	0	8
2026.07.23	17:36:00	4054.40	4057.44	4053.95	4056.97	707	0	8
2026.07.23	17:37:00	4056.90	4060.70	4056.48	4059.45	748	0	8
2026.07.23	17:38:00	4059.49	4059.55	4056.01	4058.16	770	0	15
2026.07.23	17:39:00	4058.16	4059.40	4057.33	4058.93	639	0	13
2026.07.23	17:40:00	4059.01	4059.82	4057.98	4058.16	748	0	12
2026.07.23	17:41:00	4058.17	4058.70	4056.97	4057.87	783	0	20
2026.07.23	17:42:00	4057.86	4058.34	4056.84	4057.67	583	0	8
2026.07.23	17:43:00	4057.67	4057.86	4056.44	4056.92	613	0	11
2026.07.23	17:44:00	4056.89	4057.69	4055.90	4057.00	725	0	14
2026.07.23	17:45:00	4056.98	4059.55	4056.03	4059.33	759	0	8
2026.07.23	17:46:00	4059.34	4061.31	4059.16	4060.39	636	0	8
2026.07.23	17:47:00	4060.39	4060.96	4059.19	4060.25	697	0	15
2026.07.23	17:48:00	4060.32	4061.66	4059.48	4059.64	699	0	8
2026.07.23	17:49:00	4059.62	4060.24	4058.19	4059.06	760	0	8
2026.07.23	17:50:00	4059.12	4060.31	4058.13	4059.24	753	0	11
2026.07.23	17:51:00	4059.24	4059.39	4056.99	4057.54	724	0	9
2026.07.23	17:52:00	4057.54	4059.77	4057.16	4059.69	703	0	14
2026.07.23	17:53:00	4059.57	4060.25	4058.96	4059.34	639	0	18
2026.07.23	17:54:00	4059.34	4059.98	4056.66	4056.88	695	0	10
2026.07.23	17:55:00	4056.85	4058.78	4056.55	4058.08	648	0	17
2026.07.23	17:56:00	4058.15	4059.23	4056.66	4057.16	619	0	11
2026.07.23	17:57:00	4057.16	4059.37	4057.06	4059.30	701	0	10
2026.07.23	17:58:00	4059.27	4060.08	4057.64	4058.13	578	0	8
2026.07.23	17:59:00	4058.08	4059.25	4057.42	4057.83	627	0	9
2026.07.23	18:00:00	4057.86	4059.46	4057.04	4058.60	746	0	7
2026.07.23	18:01:00	4058.57	4058.62	4056.79	4057.27	733	0	9
2026.07.23	18:02:00	4057.28	4059.15	4056.88	4057.12	794	0	11
2026.07.23	18:03:00	4057.14	4059.21	4056.50	4057.22	740	0	19
2026.07.23	18:04:00	4057.23	4057.23	4055.47	4056.70	684	0	17
2026.07.23	18:05:00	4056.70	4056.91	4055.10	4055.55	659	0	8
2026.07.23	18:06:00	4055.54	4055.80	4054.03	4054.53	629	0	8
2026.07.23	18:07:00	4054.62	4057.39	4054.62	4057.01	644	0	8
2026.07.23	18:08:00	4057.05	4057.64	4054.83	4055.41	691	0	8
2026.07.23	18:09:00	4055.40	4056.77	4051.54	4052.06	722	0	9
2026.07.23	18:10:00	4052.07	4052.18	4049.44	4051.17	663	0	8
2026.07.23	18:11:00	4051.17	4052.23	4050.40	4051.95	526	0	8
2026.07.23	18:12:00	4051.98	4053.21	4051.32	4052.76	583	0	8
2026.07.23	18:13:00	4052.74	4054.05	4051.07	4051.23	724	0	8
2026.07.23	18:14:00	4051.23	4052.14	4049.94	4051.40	758	0	11
2026.07.23	18:15:00	4051.42	4053.30	4050.27	4052.54	802	0	13
2026.07.23	18:16:00	4052.54	4054.93	4052.20	4053.65	777	0	11
2026.07.23	18:17:00	4053.65	4056.79	4053.65	4056.13	766	0	16
2026.07.23	18:18:00	4056.09	4056.09	4052.69	4052.93	684	0	8
2026.07.23	18:19:00	4052.92	4053.42	4051.66	4052.61	745	0	8
2026.07.23	18:20:00	4052.59	4053.44	4051.22	4051.58	754	0	7
2026.07.23	18:21:00	4051.56	4053.07	4051.39	4051.70	665	0	7
2026.07.23	18:22:00	4051.60	4053.52	4045.31	4048.06	777	0	7
2026.07.23	18:23:00	4048.13	4050.45	4047.10	4048.79	816	0	8
2026.07.23	18:24:00	4048.79	4050.55	4048.79	4050.07	751	0	8
2026.07.23	18:25:00	4050.04	4050.71	4049.17	4049.89	694	0	14
2026.07.23	18:26:00	4049.89	4050.26	4047.87	4049.30	564	0	10
2026.07.23	18:27:00	4049.27	4050.29	4048.72	4049.45	502	0	8
2026.07.23	18:28:00	4049.45	4049.61	4047.57	4047.67	656	0	8
2026.07.23	18:29:00	4047.69	4049.01	4046.26	4046.98	680	0	10
2026.07.23	18:30:00	4046.99	4047.03	4044.59	4044.95	800	0	7
2026.07.23	18:31:00	4045.07	4046.50	4043.75	4044.05	735	0	8
2026.07.23	18:32:00	4044.05	4044.65	4042.78	4043.81	783	0	9
2026.07.23	18:33:00	4043.81	4046.11	4042.26	4045.15	732	0	7
2026.07.23	18:34:00	4045.15	4045.88	4043.87	4045.83	721	0	21
2026.07.23	18:35:00	4045.89	4048.33	4045.63	4047.51	730	0	8
2026.07.23	18:36:00	4047.54	4049.34	4047.04	4049.23	754	0	10
2026.07.23	18:37:00	4049.21	4051.10	4046.66	4048.00	795	0	7
2026.07.23	18:38:00	4048.02	4049.64	4047.74	4048.94	787	0	16
2026.07.23	18:39:00	4049.01	4049.87	4048.39	4049.23	763	0	16
2026.07.23	18:40:00	4049.12	4050.41	4049.09	4049.60	645	0	22
2026.07.23	18:41:00	4049.61	4053.16	4049.47	4051.95	703	0	8
2026.07.23	18:42:00	4051.98	4052.64	4051.11	4051.66	666	0	16
2026.07.23	18:43:00	4051.67	4052.22	4049.72	4049.75	629	0	9
2026.07.23	18:44:00	4049.74	4050.49	4047.99	4048.11	618	0	11
2026.07.23	18:45:00	4048.08	4049.87	4047.21	4049.37	720	0	12
2026.07.23	18:46:00	4049.35	4050.63	4048.87	4050.04	472	0	8
2026.07.23	18:47:00	4050.05	4050.93	4049.59	4049.79	517	0	9
2026.07.23	18:48:00	4049.82	4051.04	4049.80	4050.04	591	0	16
2026.07.23	18:49:00	4050.01	4050.17	4048.73	4049.42	485	0	10
2026.07.23	18:50:00	4049.40	4049.93	4048.75	4049.41	531	0	18
2026.07.23	18:51:00	4049.39	4049.53	4046.82	4047.49	528	0	17
2026.07.23	18:52:00	4047.49	4048.26	4046.96	4047.71	512	0	14
2026.07.23	18:53:00	4047.63	4049.15	4047.12	4048.97	586	0	16
2026.07.23	18:54:00	4048.98	4050.90	4048.96	4050.33	631	0	8
2026.07.23	18:55:00	4050.33	4050.63	4049.96	4050.11	389	0	7
2026.07.23	18:56:00	4050.14	4050.61	4048.34	4048.51	546	0	7
2026.07.23	18:57:00	4048.53	4048.81	4046.71	4046.99	479	0	12
2026.07.23	18:58:00	4046.99	4048.23	4046.98	4048.02	336	0	14
2026.07.23	18:59:00	4048.04	4049.08	4047.12	4048.66	448	0	9
2026.07.23	19:00:00	4048.66	4049.70	4048.61	4049.68	607	0	15
2026.07.23	19:01:00	4049.77	4049.96	4048.50	4049.96	581	0	19
2026.07.23	19:02:00	4049.96	4050.78	4049.81	4050.49	398	0	7
2026.07.23	19:03:00	4050.46	4050.63	4049.70	4049.75	496	0	8
2026.07.23	19:04:00	4049.75	4050.05	4048.47	4048.49	544	0	19
2026.07.23	19:05:00	4048.51	4049.29	4047.55	4047.57	568	0	18
2026.07.23	19:06:00	4047.55	4050.28	4047.33	4048.85	614	0	8
2026.07.23	19:07:00	4048.85	4049.18	4048.14	4048.48	534	0	14
2026.07.23	19:08:00	4048.51	4049.52	4048.43	4049.18	453	0	8
2026.07.23	19:09:00	4049.20	4049.39	4048.43	4048.59	456	0	14
2026.07.23	19:10:00	4048.56	4049.10	4047.93	4048.82	413	0	13
2026.07.23	19:11:00	4048.82	4050.02	4048.48	4049.84	476	0	8
2026.07.23	19:12:00	4049.89	4050.31	4048.90	4049.00	378	0	16
2026.07.23	19:13:00	4049.00	4050.37	4048.97	4049.40	434	0	10
2026.07.23	19:14:00	4049.41	4050.76	4049.41	4050.20	211	0	7
2026.07.23	19:15:00	4050.16	4050.71	4048.59	4049.19	547	0	8
2026.07.23	19:16:00	4049.16	4049.32	4047.91	4048.23	455	0	19
2026.07.23	19:17:00	4048.25	4048.77	4047.72	4048.24	386	0	11
2026.07.23	19:18:00	4048.01	4048.40	4047.78	4048.12	364	0	18
2026.07.23	19:19:00	4048.12	4048.29	4045.76	4046.46	441	0	14
2026.07.23	19:20:00	4046.50	4049.62	4046.46	4049.52	419	0	20
2026.07.23	19:21:00	4049.56	4049.83	4048.95	4049.24	471	0	19
2026.07.23	19:22:00	4049.21	4050.66	4049.03	4050.48	392	0	8
2026.07.23	19:23:00	4050.48	4050.81	4050.01	4050.48	288	0	7
2026.07.23	19:24:00	4050.48	4051.60	4048.41	4048.62	428	0	7
2026.07.23	19:25:00	4048.62	4049.40	4048.33	4049.39	455	0	10
2026.07.23	19:26:00	4049.41	4049.91	4048.78	4049.76	405	0	13
2026.07.23	19:27:00	4049.81	4050.46	4049.47	4050.12	434	0	17
2026.07.23	19:28:00	4050.13	4050.60	4049.97	4050.50	249	0	8
2026.07.23	19:29:00	4050.51	4051.47	4050.03	4050.04	265	0	8
2026.07.23	19:30:00	4050.03	4050.71	4049.93	4050.41	417	0	7
2026.07.23	19:31:00	4050.41	4050.61	4049.89	4050.27	323	0	8
2026.07.23	19:32:00	4050.21	4050.45	4049.65	4049.65	504	0	16
2026.07.23	19:33:00	4049.69	4050.21	4049.08	4049.10	387	0	17
2026.07.23	19:34:00	4049.13	4049.61	4048.03	4048.24	428	0	18
2026.07.23	19:35:00	4048.26	4049.42	4047.23	4049.04	526	0	14
2026.07.23	19:36:00	4049.07	4049.10	4048.01	4048.41	519	0	19
2026.07.23	19:37:00	4048.21	4048.28	4047.02	4048.03	449	0	15
2026.07.23	19:38:00	4048.04	4050.40	4047.86	4050.29	507	0	9
2026.07.23	19:39:00	4050.29	4050.69	4050.04	4050.40	419	0	7
2026.07.23	19:40:00	4050.40	4051.06	4049.83	4049.93	391	0	7
2026.07.23	19:41:00	4049.93	4050.14	4049.18	4050.09	448	0	18
2026.07.23	19:42:00	4050.08	4050.53	4049.94	4050.33	300	0	11
2026.07.23	19:43:00	4050.27	4050.56	4050.21	4050.47	170	0	11
2026.07.23	19:44:00	4050.47	4050.65	4049.79	4049.85	240	0	8
2026.07.23	19:45:00	4049.86	4051.02	4049.60	4050.70	400	0	7
2026.07.23	19:46:00	4050.71	4050.74	4049.81	4049.96	439	0	10
2026.07.23	19:47:00	4049.92	4050.52	4049.51	4050.26	433	0	13
2026.07.23	19:48:00	4050.28	4050.67	4049.15	4049.56	377	0	15
2026.07.23	19:49:00	4049.56	4049.77	4048.83	4049.15	367	0	17
2026.07.23	19:50:00	4049.15	4049.25	4048.04	4048.38	423	0	15
2026.07.23	19:51:00	4048.38	4049.25	4048.04	4048.88	409	0	13
2026.07.23	19:52:00	4048.88	4049.75	4048.64	4049.23	429	0	18
2026.07.23	19:53:00	4049.25	4049.68	4048.85	4049.06	356	0	17
2026.07.23	19:54:00	4049.03	4049.69	4048.78	4049.02	424	0	10
2026.07.23	19:55:00	4049.03	4050.74	4049.03	4050.46	467	0	8
2026.07.23	19:56:00	4050.46	4050.74	4050.02	4050.45	315	0	8
2026.07.23	19:57:00	4050.45	4051.73	4050.31	4051.67	418	0	8
2026.07.23	19:58:00	4051.66	4051.66	4050.80	4051.01	386	0	16
2026.07.23	19:59:00	4051.01	4051.78	4050.93	4051.46	338	0	11
2026.07.23	20:00:00	4051.52	4051.85	4050.61	4051.36	527	0	15
2026.07.23	20:01:00	4051.37	4054.60	4051.27	4053.87	528	0	8
2026.07.23	20:02:00	4053.88	4054.15	4050.75	4052.43	640	0	8
2026.07.23	20:03:00	4052.46	4053.64	4052.45	4053.20	506	0	13
2026.07.23	20:04:00	4053.25	4053.25	4051.25	4051.59	485	0	12
2026.07.23	20:05:00	4051.59	4053.15	4051.50	4052.75	481	0	8
2026.07.23	20:06:00	4052.76	4053.19	4050.40	4050.58	580	0	8
2026.07.23	20:07:00	4050.58	4050.61	4048.97	4049.03	411	0	14
2026.07.23	20:08:00	4049.03	4049.70	4047.84	4048.28	473	0	16
2026.07.23	20:09:00	4048.27	4048.33	4046.88	4048.04	458	0	11
2026.07.23	20:10:00	4048.03	4049.48	4047.65	4048.90	595	0	18
2026.07.23	20:11:00	4048.91	4048.91	4047.19	4047.87	516	0	14
2026.07.23	20:12:00	4047.87	4048.15	4047.24	4047.52	453	0	18
2026.07.23	20:13:00	4047.51	4048.67	4047.45	4047.80	425	0	16
2026.07.23	20:14:00	4047.85	4048.44	4046.87	4047.25	446	0	7
2026.07.23	20:15:00	4047.25	4048.82	4046.72	4048.80	518	0	18
2026.07.23	20:16:00	4048.79	4049.71	4048.23	4049.16	466	0	11
2026.07.23	20:17:00	4049.16	4049.60	4046.86	4047.15	497	0	13
2026.07.23	20:18:00	4047.25	4048.21	4047.00	4047.55	436	0	13
2026.07.23	20:19:00	4047.55	4047.76	4046.09	4046.58	380	0	15
2026.07.23	20:20:00	4046.54	4048.83	4046.54	4048.82	614	0	12
2026.07.23	20:21:00	4048.86	4050.55	4048.83	4049.17	617	0	18
2026.07.23	20:22:00	4049.17	4049.19	4048.04	4048.63	495	0	8
2026.07.23	20:23:00	4048.62	4049.50	4047.76	4049.33	417	0	15
2026.07.23	20:24:00	4049.36	4049.84	4048.06	4048.80	493	0	14
2026.07.23	20:25:00	4048.80	4049.78	4048.30	4048.33	440	0	19
2026.07.23	20:26:00	4048.33	4048.83	4047.52	4047.94	415	0	11
2026.07.23	20:27:00	4047.96	4048.60	4046.70	4047.73	406	0	9
2026.07.23	20:28:00	4047.72	4048.87	4047.19	4048.33	403	0	13
2026.07.23	20:29:00	4048.03	4049.06	4046.91	4047.26	722	0	13
2026.07.23	20:30:00	4047.27	4048.13	4046.77	4048.10	560	0	14
2026.07.23	20:31:00	4048.09	4049.19	4047.26	4047.96	568	0	12
2026.07.23	20:32:00	4047.96	4048.82	4047.53	4047.82	548	0	10
2026.07.23	20:33:00	4047.85	4048.70	4047.60	4047.62	471	0	18
2026.07.23	20:34:00	4047.62	4048.36	4047.44	4047.45	483	0	13
2026.07.23	20:35:00	4047.46	4047.50	4044.44	4045.02	463	0	10
2026.07.23	20:36:00	4045.03	4045.84	4044.63	4044.86	536	0	18
2026.07.23	20:37:00	4044.85	4045.88	4044.82	4045.20	390	0	8
2026.07.23	20:38:00	4045.26	4046.20	4044.92	4045.07	417	0	14
2026.07.23	20:39:00	4045.09	4045.78	4044.23	4044.82	408	0	8
2026.07.23	20:40:00	4044.82	4045.48	4041.92	4042.59	453	0	8
2026.07.23	20:41:00	4042.58	4044.88	4042.43	4044.75	578	0	11
2026.07.23	20:42:00	4044.74	4045.27	4043.85	4044.27	486	0	19
2026.07.23	20:43:00	4044.27	4045.35	4044.27	4044.55	546	0	15
2026.07.23	20:44:00	4044.48	4044.53	4042.75	4042.88	439	0	19
2026.07.23	20:45:00	4042.87	4044.33	4042.16	4043.79	637	0	18
2026.07.23	20:46:00	4043.79	4044.12	4043.05	4043.70	575	0	16
2026.07.23	20:47:00	4043.69	4044.24	4043.36	4043.61	410	0	11
2026.07.23	20:48:00	4043.61	4043.87	4042.66	4043.61	391	0	13
2026.07.23	20:49:00	4043.52	4044.31	4043.34	4044.24	363	0	19
2026.07.23	20:50:00	4044.15	4044.25	4043.17	4043.96	459	0	17
2026.07.23	20:51:00	4043.94	4044.02	4043.26	4043.65	493	0	16
2026.07.23	20:52:00	4043.66	4043.73	4042.58	4042.87	422	0	15
2026.07.23	20:53:00	4042.90	4043.21	4041.98	4042.88	466	0	8
2026.07.23	20:54:00	4042.88	4043.67	4042.47	4043.07	415	0	14
2026.07.23	20:55:00	4043.06	4043.53	4042.91	4043.44	373	0	19
2026.07.23	20:56:00	4043.45	4043.49	4042.28	4042.45	474	0	15
2026.07.23	20:57:00	4042.45	4043.27	4041.86	4042.39	475	0	12
2026.07.23	20:58:00	4042.37	4042.99	4042.32	4042.75	369	0	18
2026.07.23	20:59:00	4042.75	4042.78	4041.63	4041.83	461	0	13
2026.07.23	21:00:00	4041.83	4043.09	4040.67	4043.05	637	0	8
2026.07.23	21:01:00	4043.07	4043.17	4041.70	4042.27	552	0	13
2026.07.23	21:02:00	4042.25	4042.92	4041.94	4042.78	531	0	16
2026.07.23	21:03:00	4042.80	4043.35	4042.58	4043.07	541	0	20
2026.07.23	21:04:00	4043.06	4043.25	4041.63	4041.77	524	0	10
2026.07.23	21:05:00	4041.76	4042.50	4040.79	4041.87	575	0	8
2026.07.23	21:06:00	4041.90	4043.92	4041.64	4043.46	528	0	13
2026.07.23	21:07:00	4043.43	4043.45	4042.60	4043.02	367	0	21
2026.07.23	21:08:00	4043.01	4044.18	4042.70	4043.82	489	0	20
2026.07.23	21:09:00	4043.81	4044.17	4043.19	4043.27	411	0	20
2026.07.23	21:10:00	4043.24	4043.94	4042.65	4043.16	514	0	14
2026.07.23	21:11:00	4043.18	4044.20	4042.31	4043.15	484	0	16
2026.07.23	21:12:00	4043.16	4043.70	4042.92	4043.55	465	0	17
2026.07.23	21:13:00	4043.62	4043.62	4042.28	4042.57	547	0	10
2026.07.23	21:14:00	4042.39	4043.36	4041.47	4041.88	473	0	12
2026.07.23	21:15:00	4041.86	4042.18	4040.86	4042.01	489	0	9
2026.07.23	21:16:00	4042.01	4043.26	4041.91	4043.13	532	0	9
2026.07.23	21:17:00	4043.16	4043.84	4042.59	4043.01	562	0	17
2026.07.23	21:18:00	4042.92	4044.71	4042.55	4044.01	513	0	18
2026.07.23	21:19:00	4043.95	4044.09	4042.78	4043.01	424	0	16
2026.07.23	21:20:00	4042.96	4043.55	4042.57	4042.85	477	0	15
2026.07.23	21:21:00	4042.88	4043.26	4041.51	4041.52	563	0	20
2026.07.23	21:22:00	4041.27	4041.83	4040.88	4040.92	413	0	8
2026.07.23	21:23:00	4040.90	4041.88	4040.68	4041.64	416	0	8
2026.07.23	21:24:00	4041.64	4042.54	4041.60	4041.92	501	0	17
2026.07.23	21:25:00	4041.93	4042.25	4041.23	4042.00	518	0	17
2026.07.23	21:26:00	4042.01	4043.61	4042.01	4043.19	529	0	15
2026.07.23	21:27:00	4043.19	4045.03	4043.06	4043.71	486	0	10
2026.07.23	21:28:00	4043.71	4045.14	4043.69	4045.14	526	0	7
2026.07.23	21:29:00	4045.05	4045.13	4044.47	4044.55	455	0	8
2026.07.23	21:30:00	4044.47	4047.19	4044.45	4047.13	504	0	8
2026.07.23	21:31:00	4047.16	4048.39	4046.45	4046.56	631	0	8
2026.07.23	21:32:00	4046.57	4046.74	4045.51	4045.63	429	0	8
2026.07.23	21:33:00	4045.41	4046.24	4045.34	4045.82	397	0	8
2026.07.23	21:34:00	4045.86	4046.11	4044.90	4045.46	344	0	8
2026.07.23	21:35:00	4045.46	4045.62	4044.44	4045.61	410	0	9
2026.07.23	21:36:00	4045.60	4046.64	4045.60	4046.50	390	0	11
2026.07.23	21:37:00	4046.51	4046.88	4045.09	4045.90	386	0	8
2026.07.23	21:38:00	4045.91	4046.16	4045.30	4045.40	306	0	7
2026.07.23	21:39:00	4045.41	4045.71	4044.65	4045.36	343	0	8
2026.07.23	21:40:00	4045.28	4045.53	4044.92	4045.49	363	0	10
2026.07.23	21:41:00	4045.49	4045.98	4045.11	4045.92	422	0	11
2026.07.23	21:42:00	4045.92	4046.15	4045.63	4045.82	362	0	8
2026.07.23	21:43:00	4045.82	4046.77	4045.78	4046.12	429	0	9
2026.07.23	21:44:00	4046.11	4046.65	4045.15	4046.50	414	0	10
2026.07.23	21:45:00	4046.51	4047.34	4046.49	4046.79	492	0	8
2026.07.23	21:46:00	4046.80	4047.32	4046.70	4047.12	368	0	8
2026.07.23	21:47:00	4047.13	4048.19	4046.99	4048.11	424	0	9
2026.07.23	21:48:00	4048.09	4048.40	4047.66	4047.81	379	0	7
2026.07.23	21:49:00	4047.80	4048.04	4047.10	4047.34	383	0	9
2026.07.23	21:50:00	4047.34	4047.49	4046.42	4046.77	424	0	8
2026.07.23	21:51:00	4046.77	4047.04	4046.09	4046.86	396	0	10
2026.07.23	21:52:00	4046.86	4047.15	4046.70	4046.96	342	0	11
2026.07.23	21:53:00	4046.96	4047.03	4046.23	4046.31	327	0	9
2026.07.23	21:54:00	4046.27	4046.68	4045.82	4046.21	365	0	8
2026.07.23	21:55:00	4046.23	4046.87	4045.97	4046.78	295	0	7
2026.07.23	21:56:00	4046.78	4047.03	4046.25	4046.58	234	0	7
2026.07.23	21:57:00	4046.55	4046.62	4045.36	4045.56	203	0	7
2026.07.23	21:58:00	4045.58	4045.81	4044.58	4045.39	296	0	7
2026.07.23	21:59:00	4045.32	4046.43	4045.12	4046.06	304	0	7
2026.07.23	22:00:00	4046.12	4048.55	4046.03	4047.76	423	0	7
2026.07.23	22:01:00	4047.67	4048.15	4047.54	4047.82	208	0	7
2026.07.23	22:02:00	4047.86	4047.89	4046.80	4047.68	128	0	8
2026.07.23	22:03:00	4047.68	4047.68	4046.36	4046.41	123	0	11
2026.07.23	22:04:00	4046.36	4046.47	4044.90	4045.06	235	0	8
2026.07.23	22:05:00	4045.17	4045.78	4044.99	4045.65	255	0	9
2026.07.23	22:06:00	4045.66	4046.13	4045.58	4045.86	159	0	12
2026.07.23	22:07:00	4045.85	4045.98	4045.42	4045.65	113	0	9
2026.07.23	22:08:00	4045.68	4045.90	4044.82	4045.37	282	0	9
2026.07.23	22:09:00	4045.37	4045.46	4043.42	4043.42	286	0	9
2026.07.23	22:10:00	4043.44	4043.76	4042.86	4043.62	291	0	14
2026.07.23	22:11:00	4043.62	4044.27	4043.51	4044.19	273	0	33
2026.07.23	22:12:00	4044.19	4044.30	4043.11	4043.46	178	0	25
2026.07.23	22:13:00	4043.46	4043.48	4042.86	4043.12	221	0	37
2026.07.23	22:14:00	4043.12	4043.41	4042.84	4043.08	249	0	34
2026.07.23	22:15:00	4043.07	4045.08	4042.94	4044.71	422	0	18
2026.07.23	22:16:00	4044.75	4045.94	4044.66	4045.02	408	0	17
2026.07.23	22:17:00	4045.03	4045.44	4044.85	4045.29	341	0	17
2026.07.23	22:18:00	4045.30	4045.37	4044.63	4044.95	245	0	17
2026.07.23	22:19:00	4044.93	4045.47	4044.93	4045.04	256	0	17
2026.07.23	22:20:00	4045.04	4046.11	4044.98	4045.97	292	0	18
2026.07.23	22:21:00	4045.97	4047.11	4045.97	4046.94	316	0	17
2026.07.23	22:22:00	4046.99	4047.45	4046.31	4046.63	368	0	13
2026.07.23	22:23:00	4046.63	4047.38	4046.25	4047.07	294	0	17
2026.07.23	22:24:00	4047.16	4048.42	4047.16	4048.02	237	0	13
2026.07.23	22:25:00	4048.04	4049.22	4047.99	4048.09	312	0	15
2026.07.23	22:26:00	4048.09	4048.24	4047.36	4047.44	212	0	11
2026.07.23	22:27:00	4047.40	4048.34	4047.22	4048.18	204	0	15
2026.07.23	22:28:00	4048.19	4048.71	4047.03	4047.18	331	0	10
2026.07.23	22:29:00	4047.18	4048.38	4047.12	4048.24	227	0	14
2026.07.23	22:30:00	4048.24	4050.99	4048.03	4049.82	511	0	8
2026.07.23	22:31:00	4049.73	4049.77	4047.53	4047.57	432	0	15
2026.07.23	22:32:00	4047.56	4047.83	4047.02	4047.68	411	0	11
2026.07.23	22:33:00	4047.62	4047.79	4045.82	4046.57	322	0	18
2026.07.23	22:34:00	4046.55	4047.63	4046.55	4047.37	349	0	18
2026.07.23	22:35:00	4047.18	4047.92	4046.92	4047.01	341	0	18
2026.07.23	22:36:00	4047.00	4047.61	4046.83	4047.46	317	0	17
2026.07.23	22:37:00	4047.46	4048.03	4047.46	4047.52	309	0	16
2026.07.23	22:38:00	4047.28	4047.75	4047.15	4047.23	306	0	15
2026.07.23	22:39:00	4047.25	4048.31	4047.21	4047.96	248	0	15
2026.07.23	22:40:00	4047.95	4048.06	4046.99	4047.26	341	0	16
2026.07.23	22:41:00	4047.26	4048.27	4047.24	4047.84	346	0	16
2026.07.23	22:42:00	4047.84	4047.88	4046.92	4047.00	429	0	15
2026.07.23	22:43:00	4047.00	4047.19	4046.48	4046.61	324	0	10
2026.07.23	22:44:00	4046.59	4046.66	4045.83	4045.84	360	0	16
2026.07.23	22:45:00	4045.85	4046.23	4045.46	4046.01	407	0	17
2026.07.23	22:46:00	4046.01	4046.11	4045.22	4045.33	268	0	18
2026.07.23	22:47:00	4045.36	4046.78	4044.89	4046.78	319	0	18
2026.07.23	22:48:00	4046.78	4046.85	4045.55	4045.57	261	0	14
2026.07.23	22:49:00	4045.56	4046.35	4045.41	4046.14	276	0	16
2026.07.23	22:50:00	4046.25	4047.88	4046.25	4047.22	556	0	14
2026.07.23	22:51:00	4047.22	4049.90	4047.13	4049.88	437	0	10
2026.07.23	22:52:00	4049.87	4050.18	4048.92	4050.18	475	0	14
2026.07.23	22:53:00	4050.22	4050.25	4049.27	4049.47	373	0	15
2026.07.23	22:54:00	4049.43	4050.44	4049.32	4050.43	429	0	8
2026.07.23	22:55:00	4050.49	4050.78	4049.87	4050.14	428	0	8
2026.07.23	22:56:00	4050.14	4050.47	4049.59	4050.22	240	0	13
2026.07.23	22:57:00	4050.25	4050.71	4049.82	4050.64	311	0	10
2026.07.23	22:58:00	4050.64	4051.19	4049.68	4050.21	420	0	8
2026.07.23	22:59:00	4050.21	4050.72	4049.44	4049.66	381	0	8
2026.07.24	01:00:00	4032.03	4050.31	4032.03	4048.81	138	0	36
2026.07.24	01:01:00	4048.75	4049.31	4048.11	4049.11	74	0	96
2026.07.24	01:02:00	4049.11	4049.31	4048.99	4049.11	64	0	95
2026.07.24	01:03:00	4049.11	4049.41	4048.60	4048.64	50	0	65
2026.07.24	01:04:00	4048.64	4049.31	4048.21	4048.56	54	0	69
2026.07.24	01:05:00	4048.90	4049.31	4048.72	4049.11	35	0	16
2026.07.24	01:06:00	4049.06	4049.63	4048.72	4049.13	63	0	19
2026.07.24	01:07:00	4049.27	4049.97	4049.14	4049.97	53	0	24
2026.07.24	01:08:00	4049.95	4050.41	4049.21	4049.29	90	0	23
2026.07.24	01:09:00	4049.31	4049.42	4048.59	4049.02	51	0	31
2026.07.24	01:10:00	4049.02	4049.36	4049.02	4049.31	23	0	32
2026.07.24	01:11:00	4049.31	4049.43	4048.99	4049.34	42	0	30
2026.07.24	01:12:00	4049.37	4049.48	4049.30	4049.38	28	0	31
2026.07.24	01:13:00	4049.38	4049.40	4048.95	4049.04	40	0	32
2026.07.24	01:14:00	4049.04	4049.30	4048.79	4048.92	33	0	36
2026.07.24	01:15:00	4049.18	4049.60	4049.18	4049.57	35	0	38
2026.07.24	01:16:00	4049.57	4049.72	4049.21	4049.70	38	0	33
2026.07.24	01:17:00	4049.68	4049.68	4049.23	4049.38	34	0	31
2026.07.24	01:18:00	4049.40	4049.69	4049.40	4049.67	12	0	37
2026.07.24	01:19:00	4049.67	4049.88	4049.46	4049.64	33	0	31
2026.07.24	01:20:00	4049.64	4049.64	4049.46	4049.49	22	0	30
2026.07.24	01:21:00	4049.49	4050.05	4049.49	4049.98	33	0	28
2026.07.24	01:22:00	4049.96	4050.11	4049.46	4049.91	42	0	28
2026.07.24	01:23:00	4049.94	4050.12	4049.82	4049.89	74	0	23
2026.07.24	01:24:00	4049.89	4050.34	4049.83	4050.03	65	0	15
2026.07.24	01:25:00	4050.04	4050.04	4049.76	4049.84	42	0	18
2026.07.24	01:26:00	4049.84	4050.03	4049.44	4049.47	56	0	21
2026.07.24	01:27:00	4049.45	4049.85	4049.32	4049.56	73	0	20
2026.07.24	01:28:00	4049.56	4049.56	4049.29	4049.42	51	0	17
2026.07.24	01:29:00	4049.48	4049.98	4049.38	4049.88	51	0	15
2026.07.24	01:30:00	4049.93	4050.08	4049.69	4049.88	68	0	24
2026.07.24	01:31:00	4049.85	4050.17	4049.82	4050.14	39	0	26
2026.07.24	01:32:00	4050.14	4050.45	4049.91	4050.33	63	0	9
2026.07.24	01:33:00	4050.43	4050.43	4050.03	4050.03	29	0	14
2026.07.24	01:34:00	4050.03	4050.25	4049.83	4050.24	45	0	19
2026.07.24	01:35:00	4050.24	4050.33	4050.05	4050.11	33	0	9
2026.07.24	01:36:00	4050.11	4050.21	4049.90	4050.12	34	0	13
2026.07.24	01:37:00	4050.05	4050.12	4049.64	4049.84	35	0	16
2026.07.24	01:38:00	4049.86	4050.36	4049.82	4050.31	53	0	10
2026.07.24	01:39:00	4049.95	4050.12	4049.76	4049.76	50	0	21
2026.07.24	01:40:00	4049.76	4050.02	4049.45	4049.47	48	0	27
2026.07.24	01:41:00	4049.55	4050.14	4049.49	4049.92	57	0	14
2026.07.24	01:42:00	4049.84	4050.23	4049.24	4049.61	91	0	16
2026.07.24	01:43:00	4049.81	4049.95	4048.79	4048.81	110	0	15
2026.07.24	01:44:00	4048.87	4049.39	4048.77	4049.39	37	0	29
2026.07.24	01:45:00	4049.35	4049.58	4049.35	4049.56	36	0	28
2026.07.24	01:46:00	4049.53	4049.94	4049.53	4049.86	87	0	16
2026.07.24	01:47:00	4049.86	4049.86	4049.40	4049.59	50	0	15
2026.07.24	01:48:00	4049.57	4049.73	4048.83	4049.61	55	0	25
2026.07.24	01:49:00	4049.54	4049.67	4048.50	4048.67	56	0	8
2026.07.24	01:50:00	4048.67	4050.47	4048.65	4049.96	114	0	14
2026.07.24	01:51:00	4049.96	4050.01	4049.44	4049.79	53	0	21
2026.07.24	01:52:00	4049.71	4049.99	4049.71	4049.98	40	0	28
2026.07.24	01:53:00	4049.98	4050.00	4049.91	4049.97	25	0	28
2026.07.24	01:54:00	4050.01	4050.06	4049.82	4049.87	40	0	21
2026.07.24	01:55:00	4049.87	4050.13	4049.84	4049.94	37	0	25
2026.07.24	01:56:00	4049.94	4050.08	4049.77	4050.03	30	0	11
2026.07.24	01:57:00	4049.92	4050.11	4048.57	4049.12	113	0	9
2026.07.24	01:58:00	4049.15	4049.64	4049.15	4049.45	51	0	26
2026.07.24	01:59:00	4049.45	4049.56	4049.19	4049.55	40	0	25
2026.07.24	02:00:00	4049.55	4049.57	4049.42	4049.52	53	0	28
2026.07.24	02:01:00	4049.51	4049.82	4049.48	4049.59	60	0	28
2026.07.24	02:02:00	4049.59	4049.80	4049.30	4049.42	63	0	29
2026.07.24	02:03:00	4049.39	4049.42	4048.80	4049.13	79	0	28
2026.07.24	02:04:00	4049.05	4049.28	4048.69	4048.77	69	0	29
2026.07.24	02:05:00	4048.77	4049.24	4048.76	4048.99	67	0	22
2026.07.24	02:06:00	4048.99	4049.02	4048.69	4048.69	23	0	28
2026.07.24	02:07:00	4048.75	4048.75	4047.92	4048.02	87	0	20
2026.07.24	02:08:00	4048.00	4048.20	4047.66	4048.00	108	0	29
2026.07.24	02:09:00	4048.00	4048.51	4047.95	4048.29	70	0	22
2026.07.24	02:10:00	4048.38	4048.45	4047.59	4048.13	59	0	17
2026.07.24	02:11:00	4048.15	4048.15	4047.38	4047.56	98	0	24
2026.07.24	02:12:00	4047.58	4047.72	4047.42	4047.61	62	0	26
2026.07.24	02:13:00	4047.61	4047.83	4047.41	4047.83	44	0	28
2026.07.24	02:14:00	4047.83	4048.65	4047.36	4048.45	100	0	17
2026.07.24	02:15:00	4048.46	4049.15	4048.46	4048.69	87	0	22
2026.07.24	02:16:00	4048.69	4048.98	4048.56	4048.70	71	0	28
2026.07.24	02:17:00	4048.70	4048.77	4047.99	4048.40	91	0	18
2026.07.24	02:18:00	4048.40	4048.56	4047.91	4048.03	84	0	21
2026.07.24	02:19:00	4048.03	4048.09	4047.22	4047.30	84	0	27
2026.07.24	02:20:00	4047.30	4048.31	4047.13	4048.10	98	0	8
2026.07.24	02:21:00	4048.10	4048.97	4048.10	4048.92	89	0	27
2026.07.24	02:22:00	4048.92	4049.01	4048.56	4048.97	45	0	27
2026.07.24	02:23:00	4048.97	4049.00	4048.46	4048.57	44	0	32
2026.07.24	02:24:00	4048.59	4049.22	4048.55	4049.19	38	0	33
2026.07.24	02:25:00	4049.19	4049.86	4049.11	4049.64	73	0	19
2026.07.24	02:26:00	4049.64	4049.66	4049.06	4049.16	44	0	23
2026.07.24	02:27:00	4049.17	4049.17	4048.78	4048.95	51	0	27
2026.07.24	02:28:00	4048.92	4049.65	4048.84	4049.10	56	0	32
2026.07.24	02:29:00	4049.14	4049.32	4048.81	4049.13	54	0	20
2026.07.24	02:30:00	4049.10	4049.79	4049.02	4049.33	63	0	32
2026.07.24	02:31:00	4049.33	4049.50	4049.13	4049.43	30	0	32
2026.07.24	02:32:00	4049.43	4050.26	4049.43	4049.62	62	0	27
2026.07.24	02:33:00	4049.61	4050.61	4049.61	4050.25	112	0	14
2026.07.24	02:34:00	4050.25	4050.73	4049.89	4050.55	162	0	8
2026.07.24	02:35:00	4050.46	4050.46	4049.10	4049.21	97	0	15
2026.07.24	02:36:00	4049.22	4049.34	4048.74	4048.77	70	0	27
2026.07.24	02:37:00	4048.74	4049.45	4048.73	4049.33	66	0	11
2026.07.24	02:38:00	4049.33	4050.18	4048.81	4049.50	133	0	8
2026.07.24	02:39:00	4049.50	4049.60	4048.33	4048.37	127	0	25
2026.07.24	02:40:00	4048.37	4048.43	4046.93	4047.48	223	0	15
2026.07.24	02:41:00	4047.48	4048.43	4047.48	4048.06	145	0	29
2026.07.24	02:42:00	4048.06	4048.20	4047.35	4047.87	150	0	29
2026.07.24	02:43:00	4047.87	4048.00	4047.55	4047.64	92	0	30
2026.07.24	02:44:00	4047.69	4048.54	4047.61	4048.21	108	0	29
2026.07.24	02:45:00	4048.22	4048.69	4047.18	4047.46	420	0	21
2026.07.24	02:46:00	4047.41	4047.87	4046.96	4047.23	170	0	25
2026.07.24	02:47:00	4047.15	4048.09	4047.05	4047.88	177	0	12
2026.07.24	02:48:00	4047.85	4049.67	4047.60	4049.50	184	0	22
2026.07.24	02:49:00	4049.54	4049.57	4048.41	4048.48	121	0	29
2026.07.24	02:50:00	4048.46	4048.85	4047.98	4048.09	124	0	29
2026.07.24	02:51:00	4048.09	4048.23	4047.90	4048.09	90	0	29
2026.07.24	02:52:00	4048.12	4048.96	4048.02	4048.82	128	0	20
2026.07.24	02:53:00	4048.82	4049.49	4048.26	4048.44	142	0	29
2026.07.24	02:54:00	4048.44	4048.44	4047.18	4047.58	151	0	29
2026.07.24	02:55:00	4047.58	4048.13	4046.89	4047.68	146	0	27
2026.07.24	02:56:00	4047.68	4047.94	4047.42	4047.72	160	0	29
2026.07.24	02:57:00	4047.81	4048.30	4047.75	4048.01	154	0	24
2026.07.24	02:58:00	4048.03	4048.14	4047.76	4047.83	138	0	27
2026.07.24	02:59:00	4047.83	4047.86	4046.56	4047.02	209	0	17
2026.07.24	03:00:00	4047.01	4049.41	4046.72	4048.23	467	0	21
2026.07.24	03:01:00	4048.26	4049.34	4048.09	4049.08	345	0	23
2026.07.24	03:02:00	4049.12	4049.96	4048.08	4048.91	329	0	20
2026.07.24	03:03:00	4048.91	4049.55	4048.35	4048.79	351	0	17
2026.07.24	03:04:00	4048.79	4048.81	4047.07	4047.17	336	0	24
2026.07.24	03:05:00	4047.17	4047.44	4045.86	4046.86	373	0	24
2026.07.24	03:06:00	4046.78	4047.04	4045.69	4046.09	449	0	27
2026.07.24	03:07:00	4046.09	4046.09	4044.90	4045.87	339	0	23
2026.07.24	03:08:00	4045.85	4045.96	4044.98	4045.38	309	0	11
2026.07.24	03:09:00	4045.40	4046.54	4044.82	4045.63	245	0	17
2026.07.24	03:10:00	4045.66	4046.51	4043.71	4044.34	314	0	23
2026.07.24	03:11:00	4044.24	4044.51	4043.44	4043.60	270	0	21
2026.07.24	03:12:00	4043.60	4044.33	4043.04	4044.08	260	0	28
2026.07.24	03:13:00	4044.09	4044.29	4043.35	4043.61	315	0	22
2026.07.24	03:14:00	4043.61	4043.63	4041.16	4041.61	351	0	19
2026.07.24	03:15:00	4041.51	4042.21	4041.19	4041.68	293	0	21
2026.07.24	03:16:00	4041.61	4043.85	4041.39	4043.85	285	0	15
2026.07.24	03:17:00	4043.87	4044.07	4042.50	4043.11	195	0	20
2026.07.24	03:18:00	4043.12	4045.04	4043.04	4044.69	263	0	26
2026.07.24	03:19:00	4044.64	4045.03	4042.89	4043.02	219	0	27
2026.07.24	03:20:00	4043.02	4044.25	4042.80	4044.25	192	0	28
2026.07.24	03:21:00	4044.19	4045.98	4043.29	4045.11	345	0	28
2026.07.24	03:22:00	4045.11	4046.26	4044.88	4046.10	261	0	8
2026.07.24	03:23:00	4046.08	4048.04	4045.80	4046.95	361	0	23
2026.07.24	03:24:00	4046.95	4047.25	4045.97	4046.10	237	0	28
2026.07.24	03:25:00	4046.10	4046.89	4045.46	4045.61	253	0	25
2026.07.24	03:26:00	4045.61	4045.70	4044.88	4045.17	198	0	23
2026.07.24	03:27:00	4045.23	4045.80	4044.00	4045.00	285	0	11
2026.07.24	03:28:00	4045.00	4045.58	4044.44	4044.64	206	0	20
2026.07.24	03:29:00	4044.64	4046.63	4044.57	4046.55	256	0	14
2026.07.24	03:30:00	4046.55	4047.16	4046.10	4046.20	212	0	14
2026.07.24	03:31:00	4046.20	4046.83	4045.82	4046.50	139	0	35
2026.07.24	03:32:00	4046.50	4046.50	4045.66	4046.37	120	0	39
2026.07.24	03:33:00	4046.37	4047.29	4046.12	4047.08	148	0	32
2026.07.24	03:34:00	4047.08	4047.17	4044.85	4046.10	238	0	10
2026.07.24	03:35:00	4046.08	4046.56	4045.21	4045.57	246	0	28
2026.07.24	03:36:00	4045.63	4048.31	4045.52	4048.31	271	0	25
2026.07.24	03:37:00	4048.30	4049.63	4047.71	4049.04	235	0	14
2026.07.24	03:38:00	4048.97	4049.58	4048.76	4049.32	200	0	24
2026.07.24	03:39:00	4049.26	4049.93	4048.50	4048.51	184	0	15
2026.07.24	03:40:00	4048.51	4049.08	4047.92	4048.46	207	0	23
2026.07.24	03:41:00	4048.46	4048.94	4047.53	4047.78	207	0	20
2026.07.24	03:42:00	4047.80	4049.41	4047.65	4049.27	181	0	27
2026.07.24	03:43:00	4049.25	4050.12	4049.09	4049.59	246	0	9
2026.07.24	03:44:00	4049.59	4050.09	4048.89	4049.13	219	0	20
2026.07.24	03:45:00	4049.20	4049.69	4048.95	4049.50	211	0	22
2026.07.24	03:46:00	4049.48	4049.90	4048.83	4049.64	243	0	12
2026.07.24	03:47:00	4049.64	4050.63	4049.34	4049.95	200	0	19
2026.07.24	03:48:00	4049.88	4050.02	4049.52	4049.70	185	0	27
2026.07.24	03:49:00	4049.66	4049.72	4048.76	4048.80	145	0	19
2026.07.24	03:50:00	4048.85	4049.62	4048.58	4049.57	128	0	24
2026.07.24	03:51:00	4049.57	4049.99	4048.85	4048.88	209	0	17
2026.07.24	03:52:00	4048.81	4049.23	4048.49	4049.17	185	0	14
2026.07.24	03:53:00	4049.17	4049.33	4048.58	4048.59	183	0	14
2026.07.24	03:54:00	4048.59	4049.18	4048.37	4048.95	197	0	27
2026.07.24	03:55:00	4048.99	4049.72	4048.68	4049.54	225	0	23
2026.07.24	03:56:00	4049.57	4049.86	4048.97	4049.82	152	0	9
2026.07.24	03:57:00	4049.87	4050.18	4049.39	4050.12	224	0	9
2026.07.24	03:58:00	4050.12	4050.81	4049.16	4049.52	238	0	7
2026.07.24	03:59:00	4049.52	4050.82	4049.36	4049.70	332	0	9
2026.07.24	04:00:00	4049.65	4050.15	4046.29	4047.38	596	0	19
2026.07.24	04:01:00	4047.44	4048.04	4042.87	4044.74	609	0	13
2026.07.24	04:02:00	4044.74	4044.80	4041.33	4042.54	631	0	10
2026.07.24	04:03:00	4042.54	4043.20	4041.53	4041.84	472	0	18
2026.07.24	04:04:00	4041.88	4044.37	4040.04	4043.86	567	0	8
2026.07.24	04:05:00	4043.86	4044.69	4043.15	4043.56	325	0	26
2026.07.24	04:06:00	4043.56	4044.35	4041.85	4042.78	415	0	27
2026.07.24	04:07:00	4042.74	4043.67	4042.14	4042.70	365	0	9
2026.07.24	04:08:00	4042.71	4043.85	4041.88	4043.55	335	0	12
2026.07.24	04:09:00	4043.51	4044.05	4042.46	4043.05	344	0	22
2026.07.24	04:10:00	4043.05	4044.67	4042.24	4042.27	376	0	8
2026.07.24	04:11:00	4042.25	4043.24	4041.40	4041.40	318	0	19
2026.07.24	04:12:00	4041.40	4041.86	4040.30	4041.82	445	0	7
2026.07.24	04:13:00	4041.92	4041.92	4041.14	4041.66	281	0	19
2026.07.24	04:14:00	4041.66	4042.53	4041.39	4042.42	378	0	27
2026.07.24	04:15:00	4042.40	4043.52	4041.47	4042.99	358	0	8
2026.07.24	04:16:00	4043.00	4045.90	4042.75	4043.38	544	0	7
2026.07.24	04:17:00	4043.38	4044.35	4043.03	4043.31	382	0	26
2026.07.24	04:18:00	4043.31	4044.39	4042.64	4044.31	344	0	27
2026.07.24	04:19:00	4044.31	4045.21	4044.23	4044.80	324	0	18
2026.07.24	04:20:00	4044.80	4044.80	4042.75	4043.80	353	0	18
2026.07.24	04:21:00	4043.80	4044.03	4041.93	4042.16	361	0	21
2026.07.24	04:22:00	4042.12	4043.67	4041.90	4042.60	444	0	25
2026.07.24	04:23:00	4042.58	4044.10	4042.22	4043.87	269	0	22
2026.07.24	04:24:00	4043.89	4045.35	4043.43	4045.00	359	0	9
2026.07.24	04:25:00	4044.98	4045.51	4044.42	4045.18	397	0	17
2026.07.24	04:26:00	4045.18	4045.80	4043.38	4043.59	426	0	16
2026.07.24	04:27:00	4043.59	4045.61	4043.50	4045.30	285	0	19
2026.07.24	04:28:00	4045.26	4045.26	4043.91	4043.94	267	0	28
2026.07.24	04:29:00	4043.94	4044.27	4042.72	4042.72	266	0	9
2026.07.24	04:30:00	4042.73	4043.19	4041.64	4042.18	402	0	24
2026.07.24	04:31:00	4042.16	4043.81	4041.55	4041.97	400	0	21
2026.07.24	04:32:00	4042.01	4042.81	4041.85	4042.45	296	0	23
2026.07.24	04:33:00	4042.45	4045.08	4042.11	4044.73	307	0	11
2026.07.24	04:34:00	4044.71	4044.83	4043.64	4043.80	374	0	15
2026.07.24	04:35:00	4043.79	4044.10	4042.01	4042.47	380	0	15
2026.07.24	04:36:00	4042.47	4043.53	4042.34	4043.52	307	0	21
2026.07.24	04:37:00	4043.48	4044.36	4042.64	4043.54	348	0	18
2026.07.24	04:38:00	4043.49	4045.03	4042.92	4044.55	318	0	18
2026.07.24	04:39:00	4044.53	4044.80	4043.18	4043.44	332	0	21
2026.07.24	04:40:00	4043.42	4045.05	4043.36	4044.79	338	0	23
2026.07.24	04:41:00	4044.81	4046.02	4044.57	4045.85	320	0	22
2026.07.24	04:42:00	4045.83	4047.90	4045.65	4047.17	400	0	12
2026.07.24	04:43:00	4047.12	4047.79	4046.70	4047.64	349	0	11
2026.07.24	04:44:00	4047.68	4050.36	4047.46	4049.94	394	0	7
2026.07.24	04:45:00	4049.94	4049.98	4048.79	4049.30	353	0	23
2026.07.24	04:46:00	4049.26	4050.13	4049.01	4049.22	373	0	13
2026.07.24	04:47:00	4049.24	4049.28	4048.07	4048.34	296	0	12
2026.07.24	04:48:00	4048.35	4048.57	4047.93	4048.46	232	0	18
2026.07.24	04:49:00	4048.46	4048.97	4047.87	4047.87	269	0	28
2026.07.24	04:50:00	4047.88	4047.88	4045.82	4046.13	402	0	18
2026.07.24	04:51:00	4046.13	4046.60	4045.62	4046.28	256	0	24
2026.07.24	04:52:00	4046.28	4047.47	4044.95	4047.16	347	0	8
2026.07.24	04:53:00	4047.05	4047.56	4045.48	4045.86	292	0	10
2026.07.24	04:54:00	4045.92	4046.70	4045.60	4046.03	255	0	17
2026.07.24	04:55:00	4046.00	4046.35	4044.38	4044.95	350	0	15
2026.07.24	04:56:00	4044.94	4045.28	4044.34	4044.51	325	0	26
2026.07.24	04:57:00	4044.42	4044.61	4042.60	4043.53	365	0	21
2026.07.24	04:58:00	4043.49	4043.49	4041.39	4042.47	285	0	11
2026.07.24	04:59:00	4042.47	4043.73	4042.38	4043.58	158	0	11
2026.07.24	05:00:00	4043.58	4044.64	4043.37	4044.09	295	0	16
2026.07.24	05:01:00	4044.09	4045.21	4043.58	4045.10	226	0	19
2026.07.24	05:02:00	4044.93	4045.11	4044.13	4044.91	287	0	26
2026.07.24	05:03:00	4044.91	4045.10	4044.25	4044.73	331	0	27
2026.07.24	05:04:00	4044.72	4045.02	4042.33	4042.55	416	0	22
2026.07.24	05:05:00	4042.53	4043.20	4040.92	4042.52	424	0	8
2026.07.24	05:06:00	4042.52	4043.54	4041.89	4043.01	191	0	19
2026.07.24	05:07:00	4042.97	4044.15	4042.81	4044.02	175	0	10
2026.07.24	05:08:00	4044.00	4044.07	4042.96	4043.35	158	0	19
2026.07.24	05:09:00	4043.35	4044.85	4043.05	4044.85	170	0	18
2026.07.24	05:10:00	4044.85	4045.46	4043.89	4044.48	233	0	16
2026.07.24	05:11:00	4044.44	4045.24	4043.99	4044.79	211	0	16
2026.07.24	05:12:00	4044.82	4045.19	4044.65	4044.86	182	0	24
2026.07.24	05:13:00	4044.86	4045.80	4044.74	4045.30	238	0	18
2026.07.24	05:14:00	4045.34	4045.85	4045.01	4045.68	261	0	25
2026.07.24	05:15:00	4045.65	4045.86	4044.63	4045.47	252	0	10
2026.07.24	05:16:00	4045.47	4045.70	4045.10	4045.10	133	0	24
2026.07.24	05:17:00	4045.13	4046.08	4044.82	4045.29	168	0	21
2026.07.24	05:18:00	4045.29	4045.44	4044.84	4045.12	177	0	27
2026.07.24	05:19:00	4045.18	4045.66	4044.85	4044.91	117	0	25
2026.07.24	05:20:00	4044.92	4045.42	4044.37	4045.36	174	0	25
2026.07.24	05:21:00	4045.36	4045.58	4043.88	4044.02	159	0	18
2026.07.24	05:22:00	4044.02	4044.26	4042.68	4042.80	182	0	20
2026.07.24	05:23:00	4042.75	4045.38	4042.61	4044.97	202	0	17
2026.07.24	05:24:00	4044.97	4046.33	4044.78	4046.33	143	0	28
2026.07.24	05:25:00	4046.33	4046.57	4045.84	4046.11	168	0	16
2026.07.24	05:26:00	4046.03	4046.27	4045.71	4046.26	126	0	20
2026.07.24	05:27:00	4046.26	4047.90	4046.23	4047.90	205	0	16
2026.07.24	05:28:00	4047.90	4048.32	4046.59	4046.59	211	0	18
2026.07.24	05:29:00	4046.59	4046.62	4046.05	4046.50	157	0	21
2026.07.24	05:30:00	4046.50	4047.26	4045.04	4046.51	414	0	16
2026.07.24	05:31:00	4046.29	4048.11	4045.83	4047.49	231	0	13
2026.07.24	05:32:00	4047.49	4047.74	4046.03	4046.86	218	0	19
2026.07.24	05:33:00	4046.86	4046.88	4044.31	4044.75	211	0	11
2026.07.24	05:34:00	4044.77	4044.77	4043.76	4044.20	242	0	14
2026.07.24	05:35:00	4044.14	4044.82	4043.67	4044.29	221	0	10
2026.07.24	05:36:00	4044.31	4044.44	4042.88	4043.14	264	0	11
2026.07.24	05:37:00	4043.17	4043.70	4042.14	4042.93	346	0	23
2026.07.24	05:38:00	4042.92	4043.01	4042.23	4042.23	194	0	20
2026.07.24	05:39:00	4042.20	4042.42	4041.27	4042.36	331	0	12
2026.07.24	05:40:00	4042.36	4043.83	4042.32	4043.19	180	0	19
2026.07.24	05:41:00	4043.12	4043.59	4041.86	4042.53	230	0	18
2026.07.24	05:42:00	4042.51	4043.10	4041.34	4041.75	240	0	18
2026.07.24	05:43:00	4041.68	4042.09	4041.45	4041.92	212	0	13
2026.07.24	05:44:00	4041.92	4042.08	4041.42	4041.68	162	0	14
2026.07.24	05:45:00	4041.68	4041.74	4040.27	4040.47	296	0	8
2026.07.24	05:46:00	4040.46	4041.78	4040.33	4041.09	258	0	8
2026.07.24	05:47:00	4041.07	4041.34	4035.26	4035.40	313	0	8
2026.07.24	05:48:00	4035.48	4037.40	4028.07	4030.47	728	0	7
2026.07.24	05:49:00	4030.53	4031.77	4026.22	4026.24	621	0	7
2026.07.24	05:50:00	4026.24	4030.55	4025.79	4029.22	564	0	8
2026.07.24	05:51:00	4029.22	4030.25	4027.62	4028.87	520	0	7
2026.07.24	05:52:00	4028.87	4029.19	4026.78	4028.46	431	0	11
2026.07.24	05:53:00	4028.47	4030.19	4027.68	4028.62	430	0	12
2026.07.24	05:54:00	4028.63	4029.13	4025.28	4025.28	368	0	9
2026.07.24	05:55:00	4025.28	4026.62	4023.90	4024.06	513	0	9
2026.07.24	05:56:00	4024.06	4027.28	4023.99	4026.33	404	0	14
2026.07.24	05:57:00	4026.33	4027.43	4025.64	4026.15	326	0	15
2026.07.24	05:58:00	4026.13	4026.54	4023.12	4024.43	444	0	21
2026.07.24	05:59:00	4024.43	4024.75	4022.93	4024.35	365	0	17
2026.07.24	06:00:00	4024.35	4025.62	4023.13	4025.37	368	0	19
2026.07.24	06:01:00	4025.37	4025.91	4023.32	4023.86	333	0	14
2026.07.24	06:02:00	4023.86	4024.75	4023.31	4024.23	306	0	8
2026.07.24	06:03:00	4024.13	4025.97	4022.98	4025.68	377	0	8
2026.07.24	06:04:00	4025.67	4027.34	4025.51	4026.69	364	0	8
2026.07.24	06:05:00	4026.64	4027.97	4026.44	4027.75	290	0	14
2026.07.24	06:06:00	4027.62	4028.65	4026.86	4027.44	247	0	11
2026.07.24	06:07:00	4027.47	4028.27	4026.79	4027.78	293	0	17
2026.07.24	06:08:00	4027.82	4028.90	4027.34	4028.31	344	0	17
2026.07.24	06:09:00	4028.22	4028.41	4026.50	4026.81	252	0	17
2026.07.24	06:10:00	4026.81	4027.90	4026.14	4026.68	231	0	15
2026.07.24	06:11:00	4026.63	4028.38	4025.89	4028.36	285	0	23
2026.07.24	06:12:00	4028.41	4030.37	4028.41	4030.23	312	0	22
2026.07.24	06:13:00	4030.26	4032.27	4030.26	4031.05	302	0	12
2026.07.24	06:14:00	4031.05	4032.14	4031.05	4031.72	248	0	17
2026.07.24	06:15:00	4031.70	4033.66	4031.47	4032.30	313	0	13
2026.07.24	06:16:00	4032.31	4032.79	4031.67	4032.18	252	0	13
2026.07.24	06:17:00	4032.18	4032.56	4031.50	4031.92	226	0	20
2026.07.24	06:18:00	4031.96	4032.42	4031.44	4031.51	228	0	11
2026.07.24	06:19:00	4031.51	4031.95	4028.93	4029.19	359	0	14
2026.07.24	06:20:00	4029.19	4029.43	4028.05	4029.26	249	0	19
2026.07.24	06:21:00	4029.26	4031.36	4028.97	4031.23	239	0	23
2026.07.24	06:22:00	4031.23	4031.77	4029.96	4030.14	286	0	17
2026.07.24	06:23:00	4030.12	4030.23	4029.55	4029.81	257	0	26
2026.07.24	06:24:00	4029.84	4031.03	4029.76	4030.25	237	0	25
2026.07.24	06:25:00	4030.25	4031.19	4029.50	4030.07	292	0	8
2026.07.24	06:26:00	4030.07	4030.22	4028.39	4029.79	348	0	17
2026.07.24	06:27:00	4030.02	4030.84	4029.70	4030.60	279	0	16
2026.07.24	06:28:00	4030.60	4030.68	4029.24	4029.40	182	0	28
2026.07.24	06:29:00	4029.48	4030.41	4029.10	4030.38	259	0	9
2026.07.24	06:30:00	4030.39	4033.28	4030.35	4032.99	324	0	8
2026.07.24	06:31:00	4033.13	4033.13	4031.90	4032.38	191	0	15
2026.07.24	06:32:00	4032.37	4032.37	4030.94	4031.36	131	0	17
2026.07.24	06:33:00	4031.33	4031.82	4030.91	4031.09	149	0	17
2026.07.24	06:34:00	4031.09	4032.30	4030.70	4032.01	214	0	20
2026.07.24	06:35:00	4031.99	4032.79	4031.88	4032.59	293	0	20
2026.07.24	06:36:00	4032.63	4032.63	4031.24	4031.59	156	0	15
2026.07.24	06:37:00	4031.59	4032.05	4030.95	4031.68	166	0	12
2026.07.24	06:38:00	4031.64	4032.27	4031.02	4032.23	173	0	20
2026.07.24	06:39:00	4032.23	4032.93	4031.34	4031.48	115	0	12
2026.07.24	06:40:00	4031.48	4032.84	4031.44	4032.70	151	0	15
2026.07.24	06:41:00	4032.71	4032.83	4032.10	4032.23	102	0	16
2026.07.24	06:42:00	4032.23	4032.60	4031.95	4032.35	101	0	15
2026.07.24	06:43:00	4032.32	4032.47	4030.81	4031.06	121	0	18
2026.07.24	06:44:00	4031.10	4032.03	4031.00	4031.56	151	0	19
2026.07.24	06:45:00	4031.54	4031.54	4029.79	4030.15	206	0	18
2026.07.24	06:46:00	4030.13	4031.04	4030.09	4030.78	198	0	16
2026.07.24	06:47:00	4030.80	4031.33	4030.46	4030.99	136	0	27
2026.07.24	06:48:00	4030.97	4031.64	4030.73	4031.59	148	0	26
2026.07.24	06:49:00	4031.59	4032.05	4031.46	4031.53	82	0	27
2026.07.24	06:50:00	4031.51	4031.63	4030.22	4030.35	178	0	16
2026.07.24	06:51:00	4030.32	4032.13	4030.27	4031.64	163	0	14
2026.07.24	06:52:00	4031.67	4031.85	4030.96	4030.99	153	0	10
2026.07.24	06:53:00	4030.99	4031.12	4030.25	4030.72	150	0	16
2026.07.24	06:54:00	4030.69	4030.90	4029.71	4029.72	124	0	22
2026.07.24	06:55:00	4029.72	4029.72	4028.52	4028.83	164	0	26
2026.07.24	06:56:00	4028.85	4029.11	4028.46	4028.76	151	0	28
2026.07.24	06:57:00	4028.72	4028.99	4028.45	4028.84	135	0	21
2026.07.24	06:58:00	4028.91	4029.12	4028.37	4029.10	132	0	23
2026.07.24	06:59:00	4029.10	4029.81	4029.05	4029.29	174	0	23
2026.07.24	07:00:00	4029.18	4029.71	4028.11	4028.16	232	0	8
2026.07.24	07:01:00	4028.26	4028.95	4027.80	4028.28	124	0	10
2026.07.24	07:02:00	4028.28	4029.37	4028.16	4028.98	148	0	19
2026.07.24	07:03:00	4028.98	4029.52	4028.83	4029.45	91	0	28
2026.07.24	07:04:00	4029.45	4029.52	4028.53	4029.29	170	0	18
2026.07.24	07:05:00	4029.29	4030.23	4029.01	4029.09	222	0	23
2026.07.24	07:06:00	4029.09	4030.08	4028.92	4029.09	167	0	28
2026.07.24	07:07:00	4029.09	4029.36	4028.61	4029.35	190	0	23
2026.07.24	07:08:00	4029.35	4029.35	4028.16	4028.32	161	0	22
2026.07.24	07:09:00	4028.32	4029.52	4028.32	4029.22	153	0	28
2026.07.24	07:10:00	4029.22	4029.28	4028.05	4028.17	110	0	23
2026.07.24	07:11:00	4028.17	4028.17	4027.31	4027.31	147	0	26
2026.07.24	07:12:00	4027.31	4028.77	4026.98	4028.48	148	0	8
2026.07.24	07:13:00	4028.48	4029.02	4028.23	4028.28	113	0	28
2026.07.24	07:14:00	4028.32	4028.71	4028.09	4028.13	151	0	17
2026.07.24	07:15:00	4028.11	4028.81	4028.11	4028.55	94	0	27
2026.07.24	07:16:00	4028.55	4028.85	4028.31	4028.65	106	0	26
2026.07.24	07:17:00	4028.62	4028.62	4027.67	4028.30	132	0	24
2026.07.24	07:18:00	4028.30	4028.37	4027.59	4027.91	151	0	25
2026.07.24	07:19:00	4027.91	4028.57	4027.88	4028.48	125	0	15
2026.07.24	07:20:00	4028.48	4028.93	4027.85	4028.45	163	0	24
2026.07.24	07:21:00	4028.45	4029.03	4028.04	4028.97	102	0	25
2026.07.24	07:22:00	4028.95	4029.52	4028.43	4029.44	198	0	15
2026.07.24	07:23:00	4029.47	4029.69	4029.17	4029.65	126	0	19
2026.07.24	07:24:00	4029.63	4030.06	4029.20	4029.35	191	0	26
2026.07.24	07:25:00	4029.39	4029.81	4029.28	4029.72	161	0	25
2026.07.24	07:26:00	4029.69	4030.28	4029.44	4029.84	157	0	19
2026.07.24	07:27:00	4029.92	4030.23	4029.38	4029.51	148	0	25
2026.07.24	07:28:00	4029.47	4030.15	4029.30	4029.34	132	0	22
2026.07.24	07:29:00	4029.34	4029.86	4029.31	4029.75	109	0	25
2026.07.24	07:30:00	4029.74	4030.18	4029.61	4030.04	108	0	22
2026.07.24	07:31:00	4030.18	4030.34	4029.83	4030.11	89	0	21
2026.07.24	07:32:00	4030.11	4030.11	4029.35	4029.35	81	0	21
2026.07.24	07:33:00	4029.35	4029.53	4029.07	4029.17	60	0	25
2026.07.24	07:34:00	4029.17	4029.25	4028.57	4028.90	98	0	28
2026.07.24	07:35:00	4028.90	4029.86	4028.55	4028.59	129	0	23
2026.07.24	07:36:00	4028.53	4028.72	4027.48	4027.54	126	0	23
2026.07.24	07:37:00	4027.54	4027.97	4027.09	4027.67	132	0	14
2026.07.24	07:38:00	4027.67	4027.70	4027.11	4027.49	90	0	27
2026.07.24	07:39:00	4027.49	4027.66	4027.08	4027.32	127	0	21
2026.07.24	07:40:00	4027.35	4027.54	4026.24	4026.69	194	0	24
2026.07.24	07:41:00	4026.68	4026.86	4026.31	4026.64	124	0	20
2026.07.24	07:42:00	4026.76	4026.79	4026.11	4026.76	115	0	14
2026.07.24	07:43:00	4026.76	4027.00	4026.39	4026.39	109	0	23
2026.07.24	07:44:00	4026.40	4027.13	4025.90	4026.79	146	0	16
2026.07.24	07:45:00	4026.79	4026.93	4026.48	4026.93	106	0	20
2026.07.24	07:46:00	4026.93	4027.09	4025.49	4026.07	134	0	18
2026.07.24	07:47:00	4026.06	4026.31	4025.66	4026.05	101	0	24
2026.07.24	07:48:00	4026.01	4027.16	4025.94	4027.15	112	0	20
2026.07.24	07:49:00	4027.10	4027.14	4026.62	4026.89	47	0	15
2026.07.24	07:50:00	4026.89	4027.27	4026.26	4026.39	84	0	13
2026.07.24	07:51:00	4026.39	4026.42	4025.91	4026.21	87	0	25
2026.07.24	07:52:00	4026.33	4026.75	4026.15	4026.74	74	0	16
2026.07.24	07:53:00	4026.79	4027.06	4026.64	4026.96	86	0	12
2026.07.24	07:54:00	4026.96	4027.20	4026.71	4026.71	86	0	19
2026.07.24	07:55:00	4026.74	4027.10	4026.64	4026.69	90	0	20
2026.07.24	07:56:00	4026.69	4027.13	4026.60	4026.98	67	0	19
2026.07.24	07:57:00	4026.98	4028.75	4026.90	4028.21	106	0	18
2026.07.24	07:58:00	4028.18	4028.53	4027.23	4027.23	138	0	8
2026.07.24	07:59:00	4027.23	4027.89	4026.97	4027.00	104	0	10
2026.07.24	08:00:00	4027.00	4027.87	4026.21	4026.67	208	0	8
2026.07.24	08:01:00	4026.67	4027.04	4026.39	4026.65	88	0	22
2026.07.24	08:02:00	4026.68	4026.75	4025.70	4025.74	141	0	23
2026.07.24	08:03:00	4025.71	4027.72	4025.20	4027.56	261	0	8
2026.07.24	08:04:00	4027.56	4028.69	4027.21	4028.61	116	0	12
2026.07.24	08:05:00	4028.65	4029.64	4028.65	4029.45	98	0	20
2026.07.24	08:06:00	4029.45	4029.86	4028.46	4028.77	134	0	11
2026.07.24	08:07:00	4028.77	4029.05	4027.98	4028.12	120	0	17
2026.07.24	08:08:00	4028.17	4028.20	4027.70	4028.02	87	0	14
2026.07.24	08:09:00	4027.95	4029.39	4027.64	4028.96	195	0	13
2026.07.24	08:10:00	4029.00	4032.18	4028.96	4031.52	218	0	11
2026.07.24	08:11:00	4031.52	4032.02	4030.26	4030.41	211	0	11
2026.07.24	08:12:00	4030.38	4030.50	4029.32	4029.92	233	0	23
2026.07.24	08:13:00	4029.90	4030.40	4029.33	4029.64	181	0	23
2026.07.24	08:14:00	4029.64	4029.79	4027.23	4027.56	252	0	7
2026.07.24	08:15:00	4027.38	4027.76	4026.91	4027.27	185	0	24
2026.07.24	08:16:00	4027.27	4027.42	4025.52	4026.10	242	0	14
2026.07.24	08:17:00	4026.15	4027.00	4026.07	4026.69	166	0	22
2026.07.24	08:18:00	4026.69	4027.14	4022.33	4022.91	370	0	8
2026.07.24	08:19:00	4023.00	4024.47	4022.55	4024.27	234	0	15
2026.07.24	08:20:00	4024.46	4024.99	4024.16	4024.51	239	0	19
2026.07.24	08:21:00	4024.41	4026.54	4024.30	4026.52	202	0	8
2026.07.24	08:22:00	4026.53	4027.90	4026.41	4027.52	165	0	10
2026.07.24	08:23:00	4027.60	4029.67	4027.58	4029.37	162	0	14
2026.07.24	08:24:00	4029.36	4029.81	4027.35	4027.37	156	0	10
2026.07.24	08:25:00	4027.37	4027.45	4026.34	4027.19	151	0	10
2026.07.24	08:26:00	4027.19	4027.74	4027.00	4027.38	131	0	8
2026.07.24	08:27:00	4027.38	4027.66	4025.28	4025.59	147	0	13
2026.07.24	08:28:00	4025.56	4026.54	4025.56	4025.92	181	0	21
2026.07.24	08:29:00	4025.92	4026.24	4025.92	4026.16	122	0	27
2026.07.24	08:30:00	4026.14	4028.89	4025.63	4027.61	592	0	9
2026.07.24	08:31:00	4027.65	4029.14	4027.29	4029.08	319	0	9
2026.07.24	08:32:00	4029.05	4029.55	4027.82	4029.20	419	0	9
2026.07.24	08:33:00	4029.20	4029.47	4028.03	4029.14	343	0	13
2026.07.24	08:34:00	4029.08	4031.50	4028.56	4031.19	418	0	13
2026.07.24	08:35:00	4031.34	4031.49	4029.11	4029.92	354	0	8
2026.07.24	08:36:00	4029.92	4030.34	4029.10	4029.10	296	0	13
2026.07.24	08:37:00	4028.97	4029.02	4027.64	4027.95	298	0	11
2026.07.24	08:38:00	4027.95	4028.68	4027.13	4027.33	348	0	20
2026.07.24	08:39:00	4027.39	4027.39	4024.85	4026.07	388	0	16
2026.07.24	08:40:00	4026.07	4026.76	4025.53	4025.66	297	0	12
2026.07.24	08:41:00	4025.76	4028.07	4025.58	4028.05	282	0	22
2026.07.24	08:42:00	4028.05	4028.45	4026.40	4027.04	322	0	14
2026.07.24	08:43:00	4027.07	4027.08	4023.94	4025.94	366	0	8
2026.07.24	08:44:00	4025.82	4026.09	4024.02	4024.74	370	0	20
2026.07.24	08:45:00	4024.68	4027.51	4024.53	4027.20	289	0	9
2026.07.24	08:46:00	4027.22	4027.79	4026.80	4026.83	288	0	9
2026.07.24	08:47:00	4026.88	4029.01	4026.75	4028.58	297	0	17
2026.07.24	08:48:00	4028.77	4028.94	4028.06	4028.34	282	0	25
2026.07.24	08:49:00	4028.32	4028.41	4027.67	4028.03	183	0	20
2026.07.24	08:50:00	4028.04	4029.22	4027.34	4027.36	338	0	26
2026.07.24	08:51:00	4027.36	4027.76	4025.57	4025.65	329	0	22
2026.07.24	08:52:00	4025.65	4025.65	4023.83	4024.98	343	0	13
2026.07.24	08:53:00	4024.98	4025.40	4024.46	4024.71	283	0	19
2026.07.24	08:54:00	4024.68	4025.47	4022.71	4023.46	345	0	17
2026.07.24	08:55:00	4023.37	4023.37	4021.90	4022.19	344	0	17
2026.07.24	08:56:00	4022.19	4023.93	4022.04	4023.39	214	0	12
2026.07.24	08:57:00	4023.39	4023.48	4021.82	4022.62	263	0	19
2026.07.24	08:58:00	4022.62	4022.64	4022.03	4022.30	203	0	22
2026.07.24	08:59:00	4022.33	4023.13	4022.10	4023.04	180	0	9
2026.07.24	09:00:00	4023.03	4024.71	4022.89	4024.57	426	0	8
2026.07.24	09:01:00	4024.77	4025.36	4024.11	4024.79	210	0	8
2026.07.24	09:02:00	4024.79	4025.84	4024.46	4025.71	205	0	7
2026.07.24	09:03:00	4025.72	4025.72	4023.59	4023.82	223	0	8
2026.07.24	09:04:00	4023.84	4025.71	4023.82	4025.14	265	0	10
2026.07.24	09:05:00	4025.25	4026.09	4024.76	4025.19	322	0	7
2026.07.24	09:06:00	4025.18	4026.28	4024.59	4026.19	324	0	8
2026.07.24	09:07:00	4026.19	4026.54	4025.48	4026.10	129	0	8
2026.07.24	09:08:00	4025.86	4027.39	4025.59	4027.27	210	0	8
2026.07.24	09:09:00	4027.27	4027.44	4026.68	4027.20	190	0	7
2026.07.24	09:10:00	4027.20	4028.35	4026.99	4027.53	309	0	9
2026.07.24	09:11:00	4027.55	4028.04	4026.62	4027.73	228	0	8
2026.07.24	09:12:00	4027.73	4030.70	4027.48	4030.66	279	0	8
2026.07.24	09:13:00	4030.66	4031.35	4029.51	4030.43	289	0	7
2026.07.24	09:14:00	4030.43	4031.29	4030.15	4030.93	273	0	8
2026.07.24	09:15:00	4030.94	4031.50	4030.20	4030.62	291	0	7
2026.07.24	09:16:00	4030.62	4030.92	4029.09	4030.38	313	0	17
2026.07.24	09:17:00	4030.39	4030.88	4029.27	4030.34	320	0	23
2026.07.24	09:18:00	4030.32	4030.34	4029.47	4030.19	249	0	21
2026.07.24	09:19:00	4030.35	4034.02	4030.17	4033.93	384	0	10
2026.07.24	09:20:00	4033.88	4035.84	4033.39	4035.26	389	0	11
2026.07.24	09:21:00	4035.34	4036.54	4035.05	4035.30	319	0	17
2026.07.24	09:22:00	4035.29	4035.79	4034.19	4035.68	315	0	19
2026.07.24	09:23:00	4035.68	4036.20	4034.73	4036.06	310	0	12
2026.07.24	09:24:00	4036.06	4036.96	4035.70	4036.07	364	0	11
2026.07.24	09:25:00	4036.07	4037.74	4035.74	4036.97	323	0	15
2026.07.24	09:26:00	4036.94	4038.94	4036.50	4038.94	229	0	9
2026.07.24	09:27:00	4038.94	4038.94	4036.48	4036.48	268	0	19
2026.07.24	09:28:00	4036.45	4036.57	4035.11	4035.53	281	0	23
2026.07.24	09:29:00	4035.59	4036.70	4035.14	4036.56	248	0	17
2026.07.24	09:30:00	4036.56	4036.57	4033.12	4033.63	315	0	13
2026.07.24	09:31:00	4033.63	4035.28	4033.33	4035.05	328	0	19
2026.07.24	09:32:00	4035.05	4035.63	4034.58	4035.04	412	0	18
2026.07.24	09:33:00	4035.05	4035.59	4034.10	4034.96	276	0	15
2026.07.24	09:34:00	4035.05	4035.14	4034.08	4034.46	243	0	18
2026.07.24	09:35:00	4034.48	4036.25	4034.35	4035.12	291	0	21
2026.07.24	09:36:00	4035.12	4035.80	4034.73	4035.71	282	0	18
2026.07.24	09:37:00	4035.71	4036.29	4035.11	4035.45	308	0	8
2026.07.24	09:38:00	4035.43	4037.16	4035.27	4035.62	354	0	11
2026.07.24	09:39:00	4035.62	4036.04	4034.53	4035.44	303	0	19
2026.07.24	09:40:00	4035.44	4035.83	4033.94	4034.73	310	0	11
2026.07.24	09:41:00	4034.77	4036.19	4034.49	4035.75	284	0	9
2026.07.24	09:42:00	4035.73	4036.73	4035.42	4035.51	259	0	17
2026.07.24	09:43:00	4035.51	4035.67	4034.01	4034.33	335	0	8
2026.07.24	09:44:00	4034.32	4034.33	4033.51	4033.85	225	0	16
2026.07.24	09:45:00	4033.83	4036.93	4033.62	4036.34	315	0	9
2026.07.24	09:46:00	4036.34	4036.83	4035.82	4035.87	260	0	19
2026.07.24	09:47:00	4035.93	4036.34	4035.39	4036.11	250	0	22
2026.07.24	09:48:00	4036.06	4036.11	4033.94	4034.51	316	0	19
2026.07.24	09:49:00	4034.51	4034.97	4033.79	4033.85	259	0	13
2026.07.24	09:50:00	4033.85	4034.46	4033.13	4034.19	319	0	24
2026.07.24	09:51:00	4034.35	4034.56	4032.11	4032.63	307	0	19
2026.07.24	09:52:00	4032.63	4033.16	4031.52	4032.10	255	0	18
2026.07.24	09:53:00	4032.10	4033.52	4032.09	4033.40	262	0	8
2026.07.24	09:54:00	4033.40	4035.69	4033.03	4035.28	232	0	10
2026.07.24	09:55:00	4035.28	4036.74	4035.01	4036.37	280	0	8
2026.07.24	09:56:00	4036.24	4037.23	4035.71	4037.04	333	0	11
2026.07.24	09:57:00	4037.04	4037.24	4036.16	4036.30	313	0	18
2026.07.24	09:58:00	4036.34	4037.88	4036.34	4037.56	315	0	8
2026.07.24	09:59:00	4037.57	4038.66	4035.44	4035.59	405	0	9
2026.07.24	10:00:00	4035.60	4038.42	4034.90	4038.21	454	0	10
2026.07.24	10:01:00	4038.25	4038.40	4037.12	4037.71	385	0	17
2026.07.24	10:02:00	4037.69	4039.44	4037.33	4039.27	431	0	8
2026.07.24	10:03:00	4039.31	4039.31	4036.53	4038.38	429	0	9
2026.07.24	10:04:00	4038.38	4040.17	4038.08	4038.44	374	0	7
2026.07.24	10:05:00	4038.44	4040.48	4038.28	4039.65	363	0	7
2026.07.24	10:06:00	4039.63	4042.44	4038.61	4042.07	350	0	7
2026.07.24	10:07:00	4042.09	4042.45	4041.11	4042.16	389	0	11
2026.07.24	10:08:00	4042.12	4043.35	4041.56	4043.32	321	0	9
2026.07.24	10:09:00	4043.26	4045.74	4043.19	4045.58	354	0	8
2026.07.24	10:10:00	4045.58	4047.40	4045.58	4046.26	335	0	10
2026.07.24	10:11:00	4046.26	4046.41	4045.07	4045.31	341	0	14
2026.07.24	10:12:00	4045.18	4047.03	4044.79	4046.10	306	0	8
2026.07.24	10:13:00	4045.99	4047.06	4045.82	4046.64	279	0	8
2026.07.24	10:14:00	4046.68	4046.77	4045.18	4045.41	269	0	15
2026.07.24	10:15:00	4045.41	4046.05	4044.00	4044.71	378	0	8
2026.07.24	10:16:00	4044.71	4046.05	4043.91	4045.64	298	0	9
2026.07.24	10:17:00	4045.64	4045.80	4043.91	4045.38	349	0	14
2026.07.24	10:18:00	4045.42	4046.21	4044.78	4046.00	340	0	8
2026.07.24	10:19:00	4045.98	4047.55	4045.80	4047.27	345	0	9
2026.07.24	10:20:00	4047.19	4047.93	4046.70	4047.20	266	0	8
2026.07.24	10:21:00	4047.03	4048.92	4045.85	4048.92	284	0	8
2026.07.24	10:22:00	4048.89	4048.97	4047.65	4048.72	296	0	12
2026.07.24	10:23:00	4048.67	4048.67	4047.09	4047.17	305	0	18
2026.07.24	10:24:00	4047.17	4048.75	4047.12	4048.07	276	0	19
2026.07.24	10:25:00	4048.07	4049.59	4047.57	4049.56	308	0	10
2026.07.24	10:26:00	4049.54	4050.14	4048.82	4048.96	315	0	18
2026.07.24	10:27:00	4048.94	4050.69	4048.87	4050.01	318	0	12
2026.07.24	10:28:00	4049.97	4050.58	4049.04	4050.30	300	0	16
2026.07.24	10:29:00	4050.28	4050.28	4048.22	4048.72	250	0	21
2026.07.24	10:30:00	4048.70	4050.17	4048.69	4050.09	364	0	10
2026.07.24	10:31:00	4050.09	4051.44	4049.12	4049.19	428	0	10
2026.07.24	10:32:00	4049.19	4049.92	4047.75	4048.85	364	0	8
2026.07.24	10:33:00	4048.76	4051.08	4048.61	4050.68	287	0	8
2026.07.24	10:34:00	4050.68	4053.53	4050.68	4053.53	341	0	8
2026.07.24	10:35:00	4053.58	4053.61	4051.27	4051.30	269	0	8
2026.07.24	10:36:00	4051.32	4051.94	4050.60	4050.74	364	0	8
2026.07.24	10:37:00	4050.78	4050.96	4049.35	4049.75	221	0	12
2026.07.24	10:38:00	4049.65	4050.08	4048.65	4048.74	294	0	12
2026.07.24	10:39:00	4048.74	4048.74	4046.47	4046.87	255	0	15
2026.07.24	10:40:00	4046.87	4047.71	4046.79	4047.18	209	0	7
2026.07.24	10:41:00	4047.18	4047.48	4046.91	4046.96	198	0	16
2026.07.24	10:42:00	4046.97	4047.20	4046.41	4046.61	216	0	14
2026.07.24	10:43:00	4046.55	4046.73	4045.68	4046.61	232	0	19
2026.07.24	10:44:00	4046.61	4048.73	4046.61	4048.40	338	0	13
2026.07.24	10:45:00	4048.29	4048.45	4047.11	4047.88	314	0	9
2026.07.24	10:46:00	4047.86	4048.36	4047.57	4047.94	244	0	11
2026.07.24	10:47:00	4047.97	4048.22	4047.26	4047.81	236	0	14
2026.07.24	10:48:00	4047.86	4048.08	4046.42	4046.79	232	0	24
2026.07.24	10:49:00	4046.86	4047.46	4045.98	4047.22	290	0	8
2026.07.24	10:50:00	4047.26	4048.32	4047.21	4047.29	202	0	14
2026.07.24	10:51:00	4047.37	4047.84	4046.95	4047.54	217	0	9
2026.07.24	10:52:00	4047.49	4047.98	4046.77	4047.14	253	0	9
2026.07.24	10:53:00	4047.15	4048.61	4047.08	4047.98	243	0	12
2026.07.24	10:54:00	4047.98	4048.41	4047.69	4047.72	224	0	21
2026.07.24	10:55:00	4047.75	4049.06	4047.75	4048.46	262	0	23
2026.07.24	10:56:00	4048.46	4048.78	4047.60	4048.16	191	0	10
2026.07.24	10:57:00	4048.18	4049.63	4048.01	4049.35	172	0	15
2026.07.24	10:58:00	4049.35	4049.42	4048.09	4048.36	190	0	19
2026.07.24	10:59:00	4048.25	4048.91	4047.84	4048.40	209	0	19
2026.07.24	11:00:00	4048.36	4048.94	4047.45	4048.69	221	0	11
2026.07.24	11:01:00	4048.68	4049.09	4047.71	4048.00	209	0	8
2026.07.24	11:02:00	4048.00	4048.27	4047.14	4047.19	399	0	18
2026.07.24	11:03:00	4047.20	4047.36	4046.49	4047.06	355	0	25
2026.07.24	11:04:00	4047.09	4047.63	4046.92	4047.40	267	0	23
2026.07.24	11:05:00	4047.40	4047.43	4045.30	4045.51	326	0	25
2026.07.24	11:06:00	4045.43	4046.15	4045.17	4045.67	274	0	13
2026.07.24	11:07:00	4045.65	4046.66	4045.39	4046.52	238	0	24
2026.07.24	11:08:00	4046.50	4047.40	4046.12	4046.86	295	0	19
2026.07.24	11:09:00	4046.86	4047.84	4046.75	4047.45	284	0	19
2026.07.24	11:10:00	4047.54	4047.73	4046.67	4046.99	303	0	8
2026.07.24	11:11:00	4047.01	4047.66	4046.81	4047.04	336	0	15
2026.07.24	11:12:00	4047.06	4047.06	4045.61	4046.06	246	0	20
2026.07.24	11:13:00	4046.06	4046.74	4046.01	4046.37	266	0	27
2026.07.24	11:14:00	4046.41	4047.26	4046.40	4046.80	256	0	22
2026.07.24	11:15:00	4046.83	4046.83	4045.99	4046.37	277	0	19
2026.07.24	11:16:00	4046.29	4047.61	4046.00	4047.58	228	0	21
2026.07.24	11:17:00	4047.56	4047.79	4045.97	4045.97	291	0	17
2026.07.24	11:18:00	4045.97	4046.82	4045.02	4045.10	248	0	11
2026.07.24	11:19:00	4045.10	4046.85	4045.08	4046.67	238	0	19
2026.07.24	11:20:00	4046.67	4047.57	4046.04	4047.57	355	0	14
2026.07.24	11:21:00	4047.55	4048.10	4046.29	4046.71	281	0	17
2026.07.24	11:22:00	4046.71	4047.86	4046.70	4047.48	245	0	20
2026.07.24	11:23:00	4047.48	4048.02	4046.90	4047.10	272	0	20
2026.07.24	11:24:00	4047.18	4047.62	4046.36	4046.80	218	0	26
2026.07.24	11:25:00	4046.75	4046.96	4046.00	4046.75	197	0	20
2026.07.24	11:26:00	4046.73	4048.72	4046.73	4048.24	330	0	12
2026.07.24	11:27:00	4048.26	4049.40	4048.12	4048.81	267	0	23
2026.07.24	11:28:00	4048.83	4049.34	4048.20	4048.54	302	0	12
2026.07.24	11:29:00	4048.51	4052.47	4048.51	4052.47	397	0	19
2026.07.24	11:30:00	4052.33	4052.44	4050.73	4052.07	278	0	20
2026.07.24	11:31:00	4052.05	4052.18	4050.24	4050.99	309	0	22
2026.07.24	11:32:00	4050.98	4051.16	4050.50	4050.69	260	0	24
2026.07.24	11:33:00	4050.71	4051.55	4050.57	4051.29	312	0	19
2026.07.24	11:34:00	4051.21	4051.42	4049.84	4049.87	204	0	27
2026.07.24	11:35:00	4049.91	4050.36	4048.66	4049.58	233	0	22
2026.07.24	11:36:00	4049.58	4052.26	4049.58	4051.76	303	0	10
2026.07.24	11:37:00	4051.74	4052.23	4051.51	4051.79	207	0	26
2026.07.24	11:38:00	4051.79	4052.57	4051.79	4052.04	264	0	22
2026.07.24	11:39:00	4051.96	4053.07	4051.96	4052.59	264	0	12
2026.07.24	11:40:00	4052.58	4053.86	4052.55	4053.68	265	0	14
2026.07.24	11:41:00	4053.68	4054.04	4052.67	4053.31	238	0	21
2026.07.24	11:42:00	4053.31	4054.80	4053.27	4054.76	195	0	11
2026.07.24	11:43:00	4054.76	4055.40	4054.02	4055.40	220	0	8
2026.07.24	11:44:00	4055.40	4055.52	4054.61	4054.66	229	0	9
2026.07.24	11:45:00	4054.66	4054.99	4053.58	4053.65	258	0	8
2026.07.24	11:46:00	4053.46	4053.56	4052.25	4053.38	256	0	9
2026.07.24	11:47:00	4053.40	4054.01	4052.36	4052.79	222	0	8
2026.07.24	11:48:00	4052.70	4053.27	4052.29	4053.23	193	0	12
2026.07.24	11:49:00	4053.23	4054.87	4052.88	4054.66	169	0	8
2026.07.24	11:50:00	4054.66	4055.51	4054.23	4054.68	292	0	11
2026.07.24	11:51:00	4054.68	4056.20	4054.18	4056.03	297	0	17
2026.07.24	11:52:00	4056.03	4056.49	4055.66	4056.49	267	0	11
2026.07.24	11:53:00	4056.49	4057.10	4055.96	4056.28	230	0	16
2026.07.24	11:54:00	4056.30	4056.48	4055.83	4056.26	185	0	20
2026.07.24	11:55:00	4056.27	4056.98	4056.04	4056.64	196	0	10
2026.07.24	11:56:00	4056.56	4057.61	4056.00	4056.81	200	0	19
2026.07.24	11:57:00	4056.79	4057.06	4056.55	4056.95	184	0	17
2026.07.24	11:58:00	4056.95	4057.11	4056.40	4056.55	198	0	14
2026.07.24	11:59:00	4056.49	4058.65	4056.49	4057.43	272	0	10
2026.07.24	12:00:00	4057.50	4058.95	4057.06	4058.93	249	0	22
2026.07.24	12:01:00	4058.95	4059.41	4057.88	4058.90	285	0	13
2026.07.24	12:02:00	4058.92	4060.76	4058.36	4059.51	378	0	8
2026.07.24	12:03:00	4059.56	4059.76	4056.71	4058.09	297	0	15
2026.07.24	12:04:00	4058.10	4058.11	4055.82	4056.55	210	0	10
2026.07.24	12:05:00	4056.56	4056.56	4055.41	4055.53	153	0	16
2026.07.24	12:06:00	4055.67	4056.17	4055.03	4055.80	214	0	13
2026.07.24	12:07:00	4055.80	4056.56	4055.35	4056.56	243	0	16
2026.07.24	12:08:00	4056.56	4056.62	4055.77	4056.27	133	0	19
2026.07.24	12:09:00	4056.25	4057.49	4056.12	4057.44	222	0	8
2026.07.24	12:10:00	4057.41	4057.87	4056.01	4056.01	216	0	19
2026.07.24	12:11:00	4056.01	4056.60	4054.80	4054.88	230	0	21
2026.07.24	12:12:00	4054.91	4054.91	4053.19	4053.73	293	0	12
2026.07.24	12:13:00	4053.88	4054.43	4053.39	4054.19	149	0	21
2026.07.24	12:14:00	4054.10	4054.27	4053.81	4054.03	126	0	23
2026.07.24	12:15:00	4054.09	4054.53	4053.24	4053.36	213	0	19
2026.07.24	12:16:00	4053.36	4054.67	4053.30	4054.61	133	0	26
2026.07.24	12:17:00	4054.50	4055.29	4054.47	4054.57	207	0	18
2026.07.24	12:18:00	4054.64	4056.66	4054.48	4054.48	230	0	8
2026.07.24	12:19:00	4054.45	4055.86	4053.30	4054.95	166	0	8
2026.07.24	12:20:00	4054.90	4055.08	4053.68	4054.13	210	0	23
2026.07.24	12:21:00	4054.14	4054.58	4053.91	4054.51	231	0	27
2026.07.24	12:22:00	4054.59	4054.60	4053.28	4053.63	209	0	12
2026.07.24	12:23:00	4053.68	4055.16	4053.54	4054.95	205	0	12
2026.07.24	12:24:00	4054.93	4055.00	4054.12	4054.66	176	0	23
2026.07.24	12:25:00	4054.66	4055.67	4054.48	4055.34	175	0	24
2026.07.24	12:26:00	4055.34	4055.98	4055.31	4055.42	199	0	8
2026.07.24	12:27:00	4055.42	4055.62	4054.34	4054.83	205	0	20
2026.07.24	12:28:00	4054.83	4055.05	4053.92	4054.42	230	0	19
2026.07.24	12:29:00	4054.43	4054.60	4052.44	4052.97	274	0	8
2026.07.24	12:30:00	4052.94	4053.32	4051.57	4052.49	255	0	8
2026.07.24	12:31:00	4052.49	4052.91	4052.22	4052.38	216	0	24
2026.07.24	12:32:00	4052.46	4053.48	4052.46	4053.05	224	0	18
2026.07.24	12:33:00	4053.05	4054.13	4053.03	4053.97	211	0	8
2026.07.24	12:34:00	4053.95	4054.54	4053.23	4053.82	156	0	17
2026.07.24	12:35:00	4053.82	4054.25	4053.46	4053.55	147	0	19
2026.07.24	12:36:00	4053.53	4054.69	4053.48	4053.88	150	0	20
2026.07.24	12:37:00	4053.88	4054.73	4053.69	4054.68	164	0	24
2026.07.24	12:38:00	4054.68	4055.17	4054.15	4054.50	163	0	22
2026.07.24	12:39:00	4054.48	4054.96	4054.22	4054.96	169	0	19
2026.07.24	12:40:00	4054.92	4055.11	4053.96	4054.71	193	0	13
2026.07.24	12:41:00	4054.71	4055.36	4054.46	4055.28	141	0	22
2026.07.24	12:42:00	4055.26	4056.23	4055.25	4055.80	179	0	8
2026.07.24	12:43:00	4055.80	4055.94	4054.49	4054.57	159	0	22
2026.07.24	12:44:00	4054.56	4055.96	4054.48	4055.60	159	0	22
2026.07.24	12:45:00	4055.60	4056.19	4055.39	4055.53	222	0	21
2026.07.24	12:46:00	4055.52	4055.72	4055.12	4055.18	157	0	20
2026.07.24	12:47:00	4055.20	4055.92	4055.13	4055.50	179	0	17
2026.07.24	12:48:00	4055.52	4055.64	4054.97	4055.28	152	0	25
2026.07.24	12:49:00	4055.29	4055.74	4055.11	4055.16	144	0	26
2026.07.24	12:50:00	4055.19	4055.59	4054.76	4054.90	218	0	22
2026.07.24	12:51:00	4054.84	4055.12	4054.60	4054.90	129	0	24
2026.07.24	12:52:00	4054.92	4057.05	4054.75	4057.05	180	0	14
2026.07.24	12:53:00	4057.00	4058.31	4055.91	4058.07	229	0	11
2026.07.24	12:54:00	4058.07	4058.27	4057.32	4058.15	147	0	22
2026.07.24	12:55:00	4058.15	4058.80	4058.10	4058.66	220	0	23
2026.07.24	12:56:00	4058.66	4059.23	4058.63	4059.23	149	0	27
2026.07.24	12:57:00	4059.22	4059.22	4058.48	4059.06	175	0	15
2026.07.24	12:58:00	4059.04	4059.56	4058.78	4059.43	203	0	19
2026.07.24	12:59:00	4059.40	4059.83	4059.02	4059.74	238	0	18
2026.07.24	13:00:00	4059.79	4060.24	4059.18	4059.49	245	0	12
2026.07.24	13:01:00	4059.52	4059.56	4058.51	4059.19	191	0	21
2026.07.24	13:02:00	4059.15	4060.04	4058.85	4059.46	219	0	18
2026.07.24	13:03:00	4059.34	4060.26	4059.34	4060.02	148	0	20
2026.07.24	13:04:00	4059.97	4061.44	4059.69	4059.69	149	0	10
2026.07.24	13:05:00	4059.69	4060.01	4058.97	4059.71	132	0	15
2026.07.24	13:06:00	4059.61	4060.15	4059.16	4059.39	187	0	10
2026.07.24	13:07:00	4059.37	4059.48	4058.71	4059.11	186	0	22
2026.07.24	13:08:00	4059.11	4059.91	4058.67	4059.43	213	0	21
2026.07.24	13:09:00	4059.43	4060.43	4059.43	4060.32	194	0	26
2026.07.24	13:10:00	4060.36	4060.53	4058.35	4058.82	141	0	9
2026.07.24	13:11:00	4058.82	4059.43	4058.19	4059.14	155	0	18
2026.07.24	13:12:00	4059.14	4059.31	4058.19	4058.22	211	0	18
2026.07.24	13:13:00	4058.22	4058.96	4058.11	4058.21	142	0	23
2026.07.24	13:14:00	4058.20	4058.84	4057.61	4058.10	152	0	18
2026.07.24	13:15:00	4058.10	4059.10	4057.42	4059.06	173	0	25
2026.07.24	13:16:00	4059.02	4059.85	4058.87	4059.49	157	0	26
2026.07.24	13:17:00	4059.49	4061.30	4059.49	4060.63	157	0	20
2026.07.24	13:18:00	4060.63	4061.83	4059.99	4060.25	201	0	14
2026.07.24	13:19:00	4060.24	4060.36	4059.43	4059.57	138	0	16
2026.07.24	13:20:00	4059.57	4059.75	4059.13	4059.63	169	0	9
2026.07.24	13:21:00	4059.62	4059.91	4059.20	4059.29	137	0	22
2026.07.24	13:22:00	4059.28	4060.57	4059.25	4060.57	182	0	22
2026.07.24	13:23:00	4060.61	4061.15	4060.34	4060.87	178	0	8
2026.07.24	13:24:00	4060.80	4061.08	4060.26	4060.31	121	0	19
2026.07.24	13:25:00	4060.30	4060.42	4059.80	4059.81	178	0	23
2026.07.24	13:26:00	4059.82	4061.55	4059.73	4060.67	216	0	8
2026.07.24	13:27:00	4060.69	4063.50	4060.61	4063.29	237	0	26
2026.07.24	13:28:00	4063.24	4063.68	4063.06	4063.21	267	0	23
2026.07.24	13:29:00	4063.21	4063.62	4061.99	4062.00	192	0	9
2026.07.24	13:30:00	4061.97	4063.58	4061.84	4063.58	184	0	15
2026.07.24	13:31:00	4063.58	4063.82	4063.39	4063.48	160	0	25
2026.07.24	13:32:00	4063.48	4063.48	4062.73	4063.35	163	0	14
2026.07.24	13:33:00	4063.36	4063.82	4061.99	4062.16	152	0	21
2026.07.24	13:34:00	4062.14	4062.21	4061.30	4061.55	163	0	21
2026.07.24	13:35:00	4061.53	4061.63	4060.66	4061.15	111	0	9
2026.07.24	13:36:00	4061.15	4061.36	4060.89	4061.07	137	0	14
2026.07.24	13:37:00	4061.07	4061.63	4060.70	4061.33	147	0	18
2026.07.24	13:38:00	4061.32	4061.33	4060.72	4060.73	96	0	18
2026.07.24	13:39:00	4060.73	4060.84	4060.00	4060.02	136	0	15
2026.07.24	13:40:00	4060.00	4060.08	4059.12	4059.33	152	0	10
2026.07.24	13:41:00	4059.39	4059.69	4058.99	4059.44	122	0	19
2026.07.24	13:42:00	4059.50	4059.72	4059.07	4059.17	175	0	22
2026.07.24	13:43:00	4059.14	4059.33	4058.63	4059.00	159	0	20
2026.07.24	13:44:00	4059.06	4059.10	4058.08	4058.33	142	0	13
2026.07.24	13:45:00	4058.52	4059.05	4058.21	4058.94	150	0	21
2026.07.24	13:46:00	4058.94	4058.94	4058.11	4058.30	153	0	24
2026.07.24	13:47:00	4058.30	4059.09	4058.13	4058.98	143	0	26
2026.07.24	13:48:00	4058.94	4058.94	4057.79	4058.04	198	0	14
2026.07.24	13:49:00	4057.97	4058.94	4057.58	4058.77	151	0	8
2026.07.24	13:50:00	4058.78	4059.28	4058.46	4058.91	193	0	20
2026.07.24	13:51:00	4058.91	4059.44	4058.75	4059.27	177	0	10
2026.07.24	13:52:00	4059.25	4059.44	4058.74	4058.99	187	0	13
2026.07.24	13:53:00	4058.99	4059.41	4057.05	4057.24	181	0	8
2026.07.24	13:54:00	4057.20	4058.74	4057.18	4057.72	187	0	13
2026.07.24	13:55:00	4057.76	4058.65	4057.29	4058.65	190	0	10
2026.07.24	13:56:00	4058.63	4058.86	4058.47	4058.75	134	0	17
2026.07.24	13:57:00	4058.73	4059.60	4058.61	4059.57	145	0	20
2026.07.24	13:58:00	4059.65	4060.26	4059.65	4060.14	130	0	8
2026.07.24	13:59:00	4060.13	4060.24	4060.00	4060.04	104	0	8
2026.07.24	14:00:00	4060.03	4060.34	4058.54	4058.82	240	0	9
2026.07.24	14:01:00	4058.82	4060.94	4058.75	4060.93	307	0	9
2026.07.24	14:02:00	4060.97	4061.29	4059.14	4059.41	213	0	13
2026.07.24	14:03:00	4059.41	4062.68	4059.34	4062.65	267	0	17
2026.07.24	14:04:00	4062.63	4062.77	4061.93	4062.22	186	0	16
2026.07.24	14:05:00	4062.22	4063.38	4062.09	4062.74	190	0	16
2026.07.24	14:06:00	4062.77	4062.80	4061.73	4061.91	152	0	24
2026.07.24	14:07:00	4061.91	4062.56	4061.01	4061.45	189	0	10
2026.07.24	14:08:00	4061.44	4061.72	4060.93	4061.16	180	0	25
2026.07.24	14:09:00	4061.16	4061.31	4060.46	4061.05	133	0	23
2026.07.24	14:10:00	4061.05	4061.07	4060.43	4060.60	95	0	19
2026.07.24	14:11:00	4060.67	4061.00	4060.28	4060.87	88	0	21
2026.07.24	14:12:00	4060.88	4060.94	4060.66	4060.78	74	0	26
2026.07.24	14:13:00	4060.78	4060.85	4060.38	4060.68	145	0	25
2026.07.24	14:14:00	4060.68	4061.29	4060.59	4061.24	133	0	24
2026.07.24	14:15:00	4061.34	4061.70	4060.82	4061.59	175	0	25
2026.07.24	14:16:00	4061.38	4061.55	4060.99	4061.29	147	0	23
2026.07.24	14:17:00	4061.29	4061.78	4060.63	4060.74	147	0	17
2026.07.24	14:18:00	4060.74	4060.94	4060.42	4060.85	151	0	23
2026.07.24	14:19:00	4060.83	4061.55	4059.95	4061.17	166	0	20
2026.07.24	14:20:00	4061.17	4061.26	4060.47	4060.67	186	0	25
2026.07.24	14:21:00	4060.82	4060.91	4060.32	4060.63	139	0	24
2026.07.24	14:22:00	4060.63	4060.84	4060.46	4060.54	119	0	24
2026.07.24	14:23:00	4060.54	4061.76	4060.27	4061.70	122	0	9
2026.07.24	14:24:00	4061.69	4061.92	4061.42	4061.45	108	0	22
2026.07.24	14:25:00	4061.45	4061.65	4060.61	4060.63	134	0	23
2026.07.24	14:26:00	4060.59	4060.59	4059.07	4059.19	177	0	15
2026.07.24	14:27:00	4059.19	4059.80	4059.15	4059.52	197	0	24
2026.07.24	14:28:00	4059.51	4060.13	4059.43	4059.70	181	0	24
2026.07.24	14:29:00	4059.72	4059.74	4059.05	4059.05	151	0	20
2026.07.24	14:30:00	4059.08	4059.54	4057.96	4058.64	189	0	8
2026.07.24	14:31:00	4058.71	4059.37	4058.12	4058.74	233	0	24
2026.07.24	14:32:00	4058.74	4060.22	4058.58	4060.03	198	0	24
2026.07.24	14:33:00	4060.04	4060.34	4059.48	4059.71	184	0	25
2026.07.24	14:34:00	4059.69	4060.35	4059.55	4059.83	226	0	17
2026.07.24	14:35:00	4059.81	4059.86	4058.06	4058.37	234	0	15
2026.07.24	14:36:00	4058.39	4059.92	4058.36	4059.89	283	0	19
2026.07.24	14:37:00	4059.91	4059.92	4058.07	4058.44	202	0	23
2026.07.24	14:38:00	4058.42	4058.61	4057.53	4057.67	194	0	24
2026.07.24	14:39:00	4057.67	4057.82	4056.65	4057.12	164	0	16
2026.07.24	14:40:00	4057.12	4057.34	4056.35	4056.93	169	0	20
2026.07.24	14:41:00	4057.02	4057.85	4056.85	4057.23	195	0	10
2026.07.24	14:42:00	4057.21	4057.26	4056.16	4056.49	146	0	12
2026.07.24	14:43:00	4056.49	4056.67	4055.58	4055.72	180	0	12
2026.07.24	14:44:00	4055.72	4056.10	4055.18	4055.24	183	0	22
2026.07.24	14:45:00	4055.24	4056.62	4055.24	4056.49	190	0	13
2026.07.24	14:46:00	4056.42	4056.77	4055.37	4055.53	186	0	19
2026.07.24	14:47:00	4055.58	4055.63	4055.13	4055.34	191	0	19
2026.07.24	14:48:00	4055.34	4055.48	4053.70	4054.14	139	0	15
2026.07.24	14:49:00	4054.14	4055.21	4054.03	4055.19	182	0	19
2026.07.24	14:50:00	4055.17	4055.22	4053.66	4054.40	194	0	21
2026.07.24	14:51:00	4054.42	4054.62	4054.12	4054.27	165	0	24
2026.07.24	14:52:00	4054.26	4054.27	4053.24	4053.45	189	0	23
2026.07.24	14:53:00	4053.55	4053.57	4052.73	4052.93	134	0	19
2026.07.24	14:54:00	4052.94	4053.16	4052.50	4052.64	139	0	18
2026.07.24	14:55:00	4052.67	4053.04	4052.20	4052.64	169	0	18
2026.07.24	14:56:00	4052.70	4053.15	4051.82	4051.82	191	0	18
2026.07.24	14:57:00	4051.91	4052.19	4051.46	4051.46	279	0	22
2026.07.24	14:58:00	4051.44	4058.16	4051.35	4057.72	515	0	7
2026.07.24	14:59:00	4057.62	4061.48	4056.98	4057.75	771	0	11
2026.07.24	15:00:00	4057.73	4058.52	4055.63	4056.99	542	0	8
2026.07.24	15:01:00	4057.04	4057.14	4053.74	4053.95	375	0	24
2026.07.24	15:02:00	4053.95	4054.41	4052.27	4053.34	392	0	17
2026.07.24	15:03:00	4053.34	4054.68	4053.32	4054.33	332	0	14
2026.07.24	15:04:00	4054.38	4055.14	4053.50	4054.08	351	0	7
2026.07.24	15:05:00	4054.08	4054.14	4052.53	4054.02	351	0	16
2026.07.24	15:06:00	4054.03	4055.40	4053.86	4054.82	364	0	25
2026.07.24	15:07:00	4054.79	4055.88	4054.47	4055.85	392	0	9
2026.07.24	15:08:00	4055.83	4056.35	4054.95	4056.10	376	0	8
2026.07.24	15:09:00	4056.09	4058.33	4056.09	4056.79	399	0	11
2026.07.24	15:10:00	4056.79	4056.79	4055.52	4056.15	274	0	10
2026.07.24	15:11:00	4056.16	4057.38	4056.05	4056.22	372	0	19
2026.07.24	15:12:00	4056.24	4057.09	4055.95	4056.12	306	0	26
2026.07.24	15:13:00	4056.08	4056.38	4055.58	4055.73	264	0	14
2026.07.24	15:14:00	4055.75	4057.16	4055.57	4056.58	342	0	14
2026.07.24	15:15:00	4056.55	4056.80	4055.67	4056.35	349	0	9
2026.07.24	15:16:00	4056.39	4057.65	4056.09	4057.27	283	0	23
2026.07.24	15:17:00	4057.27	4057.38	4056.21	4056.86	237	0	18
2026.07.24	15:18:00	4056.86	4057.46	4056.57	4056.93	290	0	24
2026.07.24	15:19:00	4056.89	4057.49	4055.72	4056.81	373	0	20
2026.07.24	15:20:00	4056.56	4056.56	4055.10	4055.86	442	0	13
2026.07.24	15:21:00	4055.76	4056.37	4055.43	4055.59	262	0	25
2026.07.24	15:22:00	4055.60	4056.00	4054.73	4055.68	230	0	17
2026.07.24	15:23:00	4055.66	4057.88	4055.60	4057.60	278	0	13
2026.07.24	15:24:00	4057.58	4058.26	4057.13	4058.20	213	0	19
2026.07.24	15:25:00	4058.22	4059.69	4055.81	4058.10	232	0	7
2026.07.24	15:26:00	4058.25	4058.25	4057.30	4057.75	151	0	24
2026.07.24	15:27:00	4057.81	4060.06	4057.81	4059.30	160	0	10
2026.07.24	15:28:00	4059.29	4059.65	4058.12	4059.24	134	0	19
2026.07.24	15:29:00	4059.15	4059.98	4058.83	4059.58	272	0	23
2026.07.24	15:30:00	4059.43	4059.59	4057.33	4058.89	413	0	8
2026.07.24	15:31:00	4058.89	4058.89	4056.45	4056.56	314	0	23
2026.07.24	15:32:00	4056.58	4057.61	4056.28	4056.94	305	0	12
2026.07.24	15:33:00	4057.05	4057.89	4056.44	4057.64	301	0	13
2026.07.24	15:34:00	4057.68	4059.31	4057.16	4057.16	375	0	8
2026.07.24	15:35:00	4057.18	4058.21	4056.53	4058.20	352	0	11
2026.07.24	15:36:00	4058.21	4058.21	4056.31	4056.86	320	0	16
2026.07.24	15:37:00	4056.86	4057.38	4056.55	4056.86	289	0	17
2026.07.24	15:38:00	4056.83	4056.85	4055.06	4055.70	394	0	11
2026.07.24	15:39:00	4055.83	4056.91	4055.51	4055.63	335	0	17
2026.07.24	15:40:00	4055.58	4056.83	4055.58	4055.91	314	0	17
2026.07.24	15:41:00	4055.88	4055.92	4052.99	4053.10	419	0	21
2026.07.24	15:42:00	4053.11	4053.25	4051.96	4052.92	380	0	14
2026.07.24	15:43:00	4052.89	4053.51	4052.55	4053.30	297	0	25
2026.07.24	15:44:00	4053.30	4055.57	4052.98	4055.08	352	0	18
2026.07.24	15:45:00	4055.08	4056.19	4054.78	4055.74	298	0	18
2026.07.24	15:46:00	4055.83	4056.34	4053.08	4053.36	331	0	15
2026.07.24	15:47:00	4053.36	4053.36	4051.64	4052.38	311	0	12
2026.07.24	15:48:00	4052.47	4053.72	4052.29	4053.57	290	0	12
2026.07.24	15:49:00	4053.59	4054.04	4053.15	4054.04	191	0	16
2026.07.24	15:50:00	4054.04	4054.73	4053.87	4054.03	235	0	13
2026.07.24	15:51:00	4054.04	4055.43	4053.80	4054.62	340	0	11
2026.07.24	15:52:00	4054.59	4055.05	4053.94	4054.87	321	0	19
2026.07.24	15:53:00	4054.88	4055.76	4054.61	4055.08	277	0	16
2026.07.24	15:54:00	4055.00	4055.18	4054.40	4055.13	157	0	19
2026.07.24	15:55:00	4055.04	4055.33	4053.87	4054.02	226	0	22
2026.07.24	15:56:00	4054.02	4054.24	4051.83	4051.92	317	0	23
2026.07.24	15:57:00	4052.01	4052.71	4051.70	4052.32	192	0	9
2026.07.24	15:58:00	4052.31	4053.47	4052.20	4052.78	220	0	17
2026.07.24	15:59:00	4053.89	4054.64	4053.73	4054.56	84	0	8
2026.07.24	16:02:00	4054.15	4054.30	4053.86	4054.09	36	0	26
2026.07.24	16:03:00	4054.09	4054.50	4051.49	4053.11	449	0	15
2026.07.24	16:04:00	4053.11	4053.70	4052.12	4052.14	421	0	23
2026.07.24	16:05:00	4052.14	4053.08	4050.06	4050.51	473	0	11
2026.07.24	16:06:00	4050.48	4050.50	4048.68	4048.97	515	0	10
2026.07.24	16:07:00	4049.08	4049.10	4047.09	4047.80	479	0	20
2026.07.24	16:08:00	4047.78	4047.89	4046.42	4047.46	437	0	9
2026.07.24	16:09:00	4047.58	4047.66	4045.82	4046.48	466	0	13
2026.07.24	16:10:00	4046.48	4047.21	4044.65	4047.20	396	0	7
2026.07.24	16:11:00	4047.16	4047.16	4045.62	4046.94	452	0	21
2026.07.24	16:12:00	4046.93	4049.56	4046.88	4049.25	506	0	8
2026.07.24	16:13:00	4049.25	4049.64	4047.04	4047.93	465	0	8
2026.07.24	16:14:00	4048.04	4048.45	4046.87	4048.09	336	0	12
2026.07.24	16:15:00	4047.99	4048.44	4045.93	4046.38	355	0	13
2026.07.24	16:16:00	4046.45	4047.03	4045.27	4046.03	384	0	18
2026.07.24	16:17:00	4046.02	4046.78	4045.34	4046.40	367	0	15
2026.07.24	16:18:00	4046.40	4046.41	4044.85	4045.07	292	0	8
2026.07.24	16:19:00	4045.07	4046.20	4044.87	4046.19	306	0	16
2026.07.24	16:20:00	4046.21	4047.55	4045.61	4046.24	419	0	14
2026.07.24	16:21:00	4046.21	4048.14	4046.12	4048.04	390	0	22
2026.07.24	16:22:00	4047.98	4049.31	4047.16	4047.48	251	0	9
2026.07.24	16:23:00	4047.48	4047.95	4047.07	4047.74	246	0	15
2026.07.24	16:24:00	4047.71	4047.97	4046.29	4046.83	379	0	15
2026.07.24	16:25:00	4046.87	4048.31	4046.18	4046.55	376	0	15
2026.07.24	16:26:00	4046.60	4046.98	4045.78	4046.97	298	0	19
2026.07.24	16:27:00	4046.97	4048.54	4046.82	4048.18	399	0	18
2026.07.24	16:28:00	4048.12	4048.43	4047.47	4047.75	382	0	17
2026.07.24	16:29:00	4047.73	4048.30	4046.25	4046.32	411	0	15
2026.07.24	16:30:00	4046.30	4047.52	4044.61	4046.64	649	0	8
2026.07.24	16:31:00	4046.67	4049.95	4045.53	4049.61	489	0	9
2026.07.24	16:32:00	4049.63	4050.25	4047.14	4047.45	532	0	14
2026.07.24	16:33:00	4047.45	4050.11	4047.05	4049.91	565	0	19
2026.07.24	16:34:00	4049.92	4050.14	4047.49	4049.29	608	0	14
2026.07.24	16:35:00	4049.31	4052.01	4049.12	4051.93	693	0	18
2026.07.24	16:36:00	4051.93	4052.07	4050.12	4051.64	539	0	17
2026.07.24	16:37:00	4051.64	4055.37	4051.53	4054.59	562	0	14
2026.07.24	16:38:00	4054.59	4055.98	4054.43	4055.75	509	0	18
2026.07.24	16:39:00	4055.73	4056.74	4054.88	4056.12	624	0	9
2026.07.24	16:40:00	4056.12	4056.60	4054.12	4054.31	642	0	7
2026.07.24	16:41:00	4054.29	4055.01	4053.22	4054.14	650	0	10
2026.07.24	16:42:00	4054.15	4054.29	4051.22	4052.23	456	0	13
2026.07.24	16:43:00	4052.25	4053.13	4051.35	4051.57	400	0	19
2026.07.24	16:44:00	4051.53	4052.43	4051.24	4052.06	204	0	17
2026.07.24	16:45:00	4052.07	4052.78	4048.20	4052.74	348	0	8
2026.07.24	16:46:00	4052.76	4055.81	4052.52	4055.78	413	0	16
2026.07.24	16:47:00	4055.78	4056.40	4054.92	4055.93	658	0	15
2026.07.24	16:48:00	4055.95	4059.76	4054.74	4059.66	726	0	7
2026.07.24	16:49:00	4059.54	4060.80	4057.20	4058.22	560	0	18
2026.07.24	16:50:00	4058.17	4059.76	4056.91	4058.64	729	0	7
2026.07.24	16:51:00	4058.64	4059.01	4056.21	4056.21	735	0	20
2026.07.24	16:52:00	4056.23	4058.31	4055.81	4058.12	615	0	14
2026.07.24	16:53:00	4058.14	4058.71	4056.90	4057.61	658	0	22
2026.07.24	16:54:00	4057.73	4061.03	4057.31	4059.63	641	0	8
2026.07.24	16:55:00	4059.59	4059.77	4056.85	4058.03	579	0	7
2026.07.24	16:56:00	4058.03	4060.50	4057.87	4059.72	722	0	8
2026.07.24	16:57:00	4059.72	4059.82	4058.16	4059.64	420	0	7
2026.07.24	16:58:00	4059.79	4066.51	4059.07	4066.51	527	0	7
2026.07.24	16:59:00	4066.51	4068.59	4065.40	4067.24	540	0	19
2026.07.24	17:00:00	4067.24	4070.01	4066.16	4070.01	630	0	12
2026.07.24	17:01:00	4069.87	4069.87	4064.00	4065.52	426	0	8
2026.07.24	17:02:00	4065.60	4067.81	4065.11	4066.43	560	0	7
2026.07.24	17:03:00	4066.43	4067.72	4064.51	4064.64	569	0	8
2026.07.24	17:04:00	4064.92	4065.17	4062.51	4062.61	569	0	8
2026.07.24	17:05:00	4062.78	4064.67	4062.76	4063.54	662	0	8
2026.07.24	17:06:00	4063.64	4064.02	4060.17	4060.45	698	0	9
2026.07.24	17:07:00	4060.44	4060.56	4057.17	4058.14	724	0	7
2026.07.24	17:08:00	4058.08	4060.46	4058.03	4058.99	670	0	8
2026.07.24	17:09:00	4059.03	4062.60	4058.20	4062.33	446	0	8
2026.07.24	17:10:00	4062.33	4063.76	4061.26	4062.06	715	0	11
2026.07.24	17:11:00	4062.07	4062.10	4060.01	4061.40	617	0	7
2026.07.24	17:12:00	4061.39	4061.77	4059.32	4059.41	643	0	8
2026.07.24	17:13:00	4059.41	4061.38	4059.30	4060.34	620	0	8
2026.07.24	17:14:00	4060.32	4062.08	4058.68	4058.71	661	0	8
2026.07.24	17:15:00	4058.71	4060.35	4057.83	4058.63	637	0	7
2026.07.24	17:16:00	4058.66	4059.42	4058.10	4058.71	534	0	18
2026.07.24	17:17:00	4058.71	4058.72	4055.90	4057.40	542	0	7
2026.07.24	17:18:00	4057.38	4057.89	4056.15	4057.08	497	0	9
2026.07.24	17:19:00	4057.08	4058.43	4056.22	4058.08	472	0	17
2026.07.24	17:20:00	4058.08	4058.92	4056.79	4058.90	534	0	12
2026.07.24	17:21:00	4058.87	4061.32	4057.87	4060.84	646	0	8
2026.07.24	17:22:00	4060.87	4062.07	4060.66	4062.01	756	0	10
2026.07.24	17:23:00	4062.04	4063.51	4061.33	4062.48	647	0	8
2026.07.24	17:24:00	4062.48	4064.79	4062.48	4064.71	586	0	7
2026.07.24	17:25:00	4064.71	4066.82	4064.69	4066.23	610	0	9
2026.07.24	17:26:00	4066.22	4069.27	4065.77	4068.36	668	0	8
2026.07.24	17:27:00	4068.42	4068.46	4064.37	4065.68	701	0	8
2026.07.24	17:28:00	4065.68	4065.98	4064.87	4065.59	623	0	7
2026.07.24	17:29:00	4065.60	4066.61	4065.32	4066.05	644	0	13
2026.07.24	17:30:00	4066.09	4067.14	4064.73	4065.58	705	0	13
2026.07.24	17:31:00	4065.58	4066.93	4065.29	4066.75	606	0	16
2026.07.24	17:32:00	4066.75	4067.66	4065.20	4066.73	625	0	23
2026.07.24	17:33:00	4066.93	4068.06	4065.96	4066.03	632	0	9
2026.07.24	17:34:00	4066.01	4066.13	4064.40	4064.60	508	0	12
2026.07.24	17:35:00	4064.84	4066.73	4064.75	4066.14	585	0	10
2026.07.24	17:36:00	4066.14	4066.43	4064.15	4064.24	489	0	8
2026.07.24	17:37:00	4064.22	4064.38	4062.41	4062.48	615	0	8
2026.07.24	17:38:00	4062.62	4063.32	4061.72	4061.82	575	0	8
2026.07.24	17:39:00	4061.82	4062.59	4059.85	4060.54	523	0	13
2026.07.24	17:40:00	4060.53	4061.23	4060.11	4061.19	481	0	9
2026.07.24	17:41:00	4061.21	4062.40	4060.41	4062.03	508	0	9
2026.07.24	17:42:00	4062.03	4062.03	4059.20	4059.78	580	0	17
2026.07.24	17:43:00	4059.79	4062.05	4059.28	4061.77	594	0	19
2026.07.24	17:44:00	4061.59	4062.25	4060.09	4060.28	577	0	8
2026.07.24	17:45:00	4060.28	4060.97	4058.95	4058.99	611	0	11
2026.07.24	17:46:00	4058.99	4061.40	4058.45	4061.40	507	0	8
2026.07.24	17:47:00	4061.40	4061.78	4059.46	4059.55	541	0	9
2026.07.24	17:48:00	4059.53	4061.30	4059.53	4060.57	507	0	18
2026.07.24	17:49:00	4060.58	4063.58	4059.84	4063.08	619	0	8
2026.07.24	17:50:00	4063.07	4064.79	4062.91	4064.00	484	0	10
2026.07.24	17:51:00	4063.98	4064.09	4062.86	4063.51	401	0	11
2026.07.24	17:52:00	4063.47	4063.49	4061.36	4061.57	584	0	12
2026.07.24	17:53:00	4061.54	4062.53	4061.40	4061.47	581	0	15
2026.07.24	17:54:00	4061.52	4062.11	4061.07	4061.63	492	0	13
2026.07.24	17:55:00	4061.64	4062.22	4061.29	4061.65	538	0	12
2026.07.24	17:56:00	4061.63	4064.35	4061.50	4064.22	574	0	13
2026.07.24	17:57:00	4064.22	4066.42	4064.13	4065.67	668	0	9
2026.07.24	17:58:00	4065.76	4065.76	4064.56	4065.00	506	0	13
2026.07.24	17:59:00	4064.97	4065.19	4063.11	4063.33	533	0	12
2026.07.24	18:00:00	4063.34	4064.18	4061.89	4064.16	627	0	13
2026.07.24	18:01:00	4064.30	4065.87	4063.85	4065.85	523	0	11
2026.07.24	18:02:00	4065.87	4067.01	4065.43	4065.82	588	0	9
2026.07.24	18:03:00	4065.82	4066.28	4064.80	4064.95	619	0	8
2026.07.24	18:04:00	4064.93	4064.93	4063.36	4063.91	534	0	8
2026.07.24	18:05:00	4063.96	4064.69	4063.59	4064.68	480	0	14
2026.07.24	18:06:00	4064.70	4064.70	4061.97	4062.11	553	0	13
2026.07.24	18:07:00	4062.13	4062.77	4061.80	4062.22	560	0	23
2026.07.24	18:08:00	4062.19	4063.22	4062.19	4062.67	501	0	20
2026.07.24	18:09:00	4062.69	4063.91	4062.65	4063.25	441	0	24
2026.07.24	18:10:00	4063.28	4072.16	4063.10	4070.55	612	0	7
2026.07.24	18:11:00	4070.42	4074.62	4068.48	4069.25	828	0	8
2026.07.24	18:12:00	4069.26	4070.74	4067.04	4067.29	690	0	15
2026.07.24	18:13:00	4067.23	4069.98	4066.70	4069.57	680	0	7
2026.07.24	18:14:00	4069.43	4076.50	4069.26	4074.65	784	0	8
2026.07.24	18:15:00	4074.60	4079.70	4071.81	4078.62	848	0	8
2026.07.24	18:16:00	4078.44	4079.54	4075.56	4077.52	644	0	8
2026.07.24	18:17:00	4077.52	4079.97	4077.34	4078.67	586	0	13
2026.07.24	18:18:00	4078.51	4080.12	4076.30	4079.00	697	0	8
2026.07.24	18:19:00	4079.04	4081.37	4075.22	4077.02	739	0	8
2026.07.24	18:20:00	4077.16	4082.04	4076.61	4081.46	632	0	14
2026.07.24	18:21:00	4081.44	4081.68	4076.76	4077.22	676	0	8
2026.07.24	18:22:00	4077.28	4077.46	4074.06	4074.06	452	0	8
2026.07.24	18:23:00	4074.27	4074.98	4073.48	4074.37	451	0	13
2026.07.24	18:24:00	4074.34	4074.98	4072.61	4074.01	537	0	8
2026.07.24	18:25:00	4073.92	4075.53	4073.82	4074.35	432	0	16
2026.07.24	18:26:00	4074.35	4074.37	4072.96	4073.09	440	0	8
2026.07.24	18:27:00	4073.07	4074.62	4072.38	4074.01	527	0	15
2026.07.24	18:28:00	4074.01	4077.09	4073.82	4075.70	565	0	8
2026.07.24	18:29:00	4075.68	4075.76	4074.16	4075.00	590	0	8
2026.07.24	18:30:00	4075.04	4075.74	4073.89	4074.05	639	0	7
2026.07.24	18:31:00	4074.03	4076.68	4073.97	4076.55	497	0	8
2026.07.24	18:32:00	4076.56	4076.77	4074.44	4075.14	530	0	13
2026.07.24	18:33:00	4075.07	4076.22	4074.51	4075.20	425	0	18
2026.07.24	18:34:00	4075.22	4075.83	4073.92	4074.07	438	0	21
2026.07.24	18:35:00	4074.07	4075.10	4073.69	4074.08	462	0	10
2026.07.24	18:36:00	4074.11	4075.68	4073.51	4075.59	492	0	10
2026.07.24	18:37:00	4075.57	4078.10	4075.12	4078.02	519	0	10
2026.07.24	18:38:00	4078.04	4078.79	4077.21	4077.76	412	0	13
2026.07.24	18:39:00	4077.77	4078.88	4077.52	4077.88	344	0	7
2026.07.24	18:40:00	4077.88	4079.58	4077.55	4079.20	394	0	13
2026.07.24	18:41:00	4079.18	4079.18	4074.38	4076.27	509	0	7
2026.07.24	18:42:00	4076.29	4076.63	4074.00	4074.04	478	0	8
2026.07.24	18:43:00	4074.06	4074.78	4071.65	4072.58	584	0	13
2026.07.24	18:44:00	4072.55	4073.67	4071.91	4072.04	499	0	8
2026.07.24	18:45:00	4072.04	4073.52	4071.37	4072.34	522	0	13
2026.07.24	18:46:00	4072.33	4072.74	4070.98	4071.00	467	0	22
2026.07.24	18:47:00	4071.08	4072.96	4070.96	4071.34	322	0	10
2026.07.24	18:48:00	4071.51	4072.75	4071.02	4072.29	352	0	13
2026.07.24	18:49:00	4072.29	4073.03	4071.76	4072.84	337	0	24
2026.07.24	18:50:00	4072.87	4074.32	4072.73	4073.71	392	0	20
2026.07.24	18:51:00	4073.73	4074.33	4073.63	4073.97	304	0	21
2026.07.24	18:52:00	4073.93	4075.35	4073.84	4074.45	411	0	16
2026.07.24	18:53:00	4074.45	4075.90	4074.13	4075.61	342	0	23
2026.07.24	18:54:00	4075.73	4076.16	4074.67	4075.22	322	0	23
2026.07.24	18:55:00	4075.22	4077.10	4074.91	4075.99	424	0	21
2026.07.24	18:56:00	4076.03	4076.85	4075.88	4076.46	349	0	26
2026.07.24	18:57:00	4076.42	4076.46	4075.27	4075.92	310	0	22
2026.07.24	18:58:00	4076.11	4077.06	4075.92	4076.65	333	0	15
2026.07.24	18:59:00	4076.63	4077.81	4076.48	4077.38	433	0	17
2026.07.24	19:00:00	4077.43	4077.48	4075.02	4075.60	464	0	13
2026.07.24	19:01:00	4075.58	4077.03	4075.19	4076.99	448	0	20
2026.07.24	19:02:00	4076.94	4077.20	4075.75	4076.06	408	0	20
2026.07.24	19:03:00	4076.04	4076.83	4075.62	4076.18	329	0	10
2026.07.24	19:04:00	4076.15	4077.41	4075.98	4076.58	287	0	18
2026.07.24	19:05:00	4076.56	4076.81	4075.09	4075.10	363	0	13
2026.07.24	19:06:00	4075.10	4075.92	4075.09	4075.42	313	0	20
2026.07.24	19:07:00	4075.53	4076.73	4075.27	4076.27	310	0	8
2026.07.24	19:08:00	4076.42	4077.51	4076.18	4076.89	263	0	10
2026.07.24	19:09:00	4076.87	4077.06	4076.06	4076.11	233	0	14
2026.07.24	19:10:00	4076.09	4077.06	4075.77	4075.81	320	0	17
2026.07.24	19:11:00	4075.84	4076.84	4075.32	4075.57	276	0	9
2026.07.24	19:12:00	4075.57	4076.48	4075.12	4075.35	299	0	8
2026.07.24	19:13:00	4075.35	4075.40	4074.45	4074.70	275	0	12
2026.07.24	19:14:00	4074.65	4075.38	4074.44	4074.87	249	0	24
2026.07.24	19:15:00	4074.87	4075.92	4074.85	4075.49	347	0	20
2026.07.24	19:16:00	4075.51	4075.53	4074.00	4074.20	272	0	12
2026.07.24	19:17:00	4074.24	4074.77	4073.82	4074.52	279	0	13
2026.07.24	19:18:00	4074.52	4075.81	4074.36	4075.21	340	0	20
2026.07.24	19:19:00	4075.21	4075.38	4074.56	4074.80	231	0	15
2026.07.24	19:20:00	4074.77	4074.99	4073.77	4074.98	291	0	15
2026.07.24	19:21:00	4074.99	4075.25	4074.26	4075.25	272	0	19
2026.07.24	19:22:00	4075.32	4075.34	4074.47	4075.29	200	0	19
2026.07.24	19:23:00	4075.29	4076.53	4075.04	4076.31	368	0	12
2026.07.24	19:24:00	4076.31	4077.69	4076.29	4077.34	308	0	13
2026.07.24	19:25:00	4077.35	4077.63	4076.90	4077.57	346	0	19
2026.07.24	19:26:00	4077.56	4078.16	4077.21	4077.83	295	0	17
2026.07.24	19:27:00	4077.84	4077.93	4076.63	4076.78	276	0	18
2026.07.24	19:28:00	4076.79	4076.86	4073.40	4073.95	309	0	16
2026.07.24	19:29:00	4073.97	4074.52	4073.71	4073.71	176	0	16
2026.07.24	19:30:00	4073.68	4074.02	4070.19	4070.95	466	0	8
2026.07.24	19:31:00	4070.95	4072.84	4070.94	4072.61	438	0	8
2026.07.24	19:32:00	4072.59	4072.85	4071.74	4072.17	342	0	9
2026.07.24	19:33:00	4072.17	4073.00	4071.69	4071.97	287	0	14
2026.07.24	19:34:00	4071.99	4072.52	4071.84	4072.36	242	0	21
2026.07.24	19:35:00	4072.36	4072.36	4070.96	4071.04	289	0	18
2026.07.24	19:36:00	4071.02	4071.75	4070.38	4070.49	299	0	25
2026.07.24	19:37:00	4070.49	4070.52	4069.10	4070.35	363	0	17
2026.07.24	19:38:00	4070.30	4070.31	4067.47	4068.07	424	0	16
2026.07.24	19:39:00	4067.98	4068.80	4067.61	4068.00	302	0	15
2026.07.24	19:40:00	4068.02	4068.19	4067.43	4067.53	323	0	20
2026.07.24	19:41:00	4067.56	4067.84	4066.62	4067.56	362	0	17
2026.07.24	19:42:00	4067.63	4067.80	4066.86	4067.24	248	0	23
2026.07.24	19:43:00	4067.29	4068.83	4066.95	4067.72	283	0	17
2026.07.24	19:44:00	4067.74	4067.74	4066.99	4067.67	281	0	21
2026.07.24	19:45:00	4067.67	4067.68	4066.05	4066.11	345	0	8
2026.07.24	19:46:00	4066.08	4067.38	4065.92	4067.29	290	0	25
2026.07.24	19:47:00	4067.29	4067.62	4065.26	4066.35	299	0	7
2026.07.24	19:48:00	4066.23	4066.23	4064.22	4064.65	314	0	11
2026.07.24	19:49:00	4064.59	4065.24	4064.25	4065.24	270	0	23
2026.07.24	19:50:00	4065.24	4065.24	4064.30	4064.86	216	0	17
2026.07.24	19:51:00	4065.06	4065.29	4064.11	4065.06	226	0	21
2026.07.24	19:52:00	4065.15	4065.38	4064.49	4064.59	179	0	18
2026.07.24	19:53:00	4064.58	4064.92	4064.24	4064.39	215	0	19
2026.07.24	19:54:00	4064.42	4065.93	4064.39	4065.69	194	0	22
2026.07.24	19:55:00	4065.67	4066.61	4065.41	4066.08	258	0	17
2026.07.24	19:56:00	4066.11	4066.71	4065.57	4066.10	240	0	23
2026.07.24	19:57:00	4066.06	4067.24	4066.01	4067.19	252	0	24
2026.07.24	19:58:00	4067.21	4067.28	4066.71	4067.19	209	0	20
2026.07.24	19:59:00	4067.15	4067.64	4066.88	4066.98	220	0	24
2026.07.24	20:00:00	4067.00	4067.87	4066.66	4067.12	332	0	17
2026.07.24	20:01:00	4067.19	4067.85	4067.01	4067.79	259	0	24
2026.07.24	20:02:00	4067.86	4068.19	4067.50	4067.92	258	0	23
2026.07.24	20:03:00	4067.92	4068.27	4067.48	4067.93	229	0	20
2026.07.24	20:04:00	4067.98	4068.36	4067.70	4067.88	207	0	22
2026.07.24	20:05:00	4067.85	4067.95	4065.94	4065.96	255	0	16
2026.07.24	20:06:00	4065.98	4066.27	4063.88	4064.77	468	0	8
2026.07.24	20:07:00	4064.78	4065.98	4064.78	4065.16	309	0	14
2026.07.24	20:08:00	4065.16	4065.81	4064.03	4065.26	411	0	19
2026.07.24	20:09:00	4065.28	4065.89	4064.68	4065.75	320	0	19
2026.07.24	20:10:00	4065.77	4066.15	4065.33	4065.59	316	0	19
2026.07.24	20:11:00	4065.66	4065.90	4064.91	4065.65	343	0	15
2026.07.24	20:12:00	4065.65	4065.70	4062.85	4063.30	333	0	8
2026.07.24	20:13:00	4063.30	4064.12	4063.20	4063.84	274	0	8
2026.07.24	20:14:00	4063.83	4064.30	4063.53	4064.15	238	0	23
2026.07.24	20:15:00	4064.14	4064.64	4063.82	4064.19	245	0	25
2026.07.24	20:16:00	4064.18	4064.32	4063.77	4063.99	292	0	22
2026.07.24	20:17:00	4063.97	4064.68	4063.52	4064.65	327	0	23
2026.07.24	20:18:00	4064.65	4066.55	4064.60	4065.63	367	0	9
2026.07.24	20:19:00	4065.64	4066.92	4065.64	4066.75	190	0	21
2026.07.24	20:20:00	4066.74	4066.92	4065.96	4066.17	281	0	18
2026.07.24	20:21:00	4066.17	4066.66	4066.02	4066.10	306	0	21
2026.07.24	20:22:00	4066.07	4066.83	4065.78	4066.11	321	0	13
2026.07.24	20:23:00	4066.13	4066.28	4065.35	4065.50	321	0	16
2026.07.24	20:24:00	4065.49	4068.77	4065.33	4068.69	493	0	10
2026.07.24	20:25:00	4068.68	4068.72	4067.21	4067.92	247	0	15
2026.07.24	20:26:00	4067.98	4068.86	4067.62	4068.79	200	0	9
2026.07.24	20:27:00	4068.74	4069.83	4068.36	4069.01	221	0	9
2026.07.24	20:28:00	4068.97	4069.04	4067.66	4068.00	235	0	23
2026.07.24	20:29:00	4067.99	4068.61	4067.33	4068.34	504	0	13
2026.07.24	20:30:00	4068.31	4069.84	4067.43	4069.49	329	0	13
2026.07.24	20:31:00	4069.47	4069.68	4069.22	4069.32	183	0	22
2026.07.24	20:32:00	4069.34	4069.42	4068.23	4068.91	164	0	18
2026.07.24	20:33:00	4068.90	4069.77	4068.71	4069.31	178	0	19
2026.07.24	20:34:00	4069.29	4069.45	4068.34	4068.50	207	0	20
2026.07.24	20:35:00	4068.44	4068.87	4067.83	4068.07	267	0	10
2026.07.24	20:36:00	4068.08	4068.55	4067.88	4068.27	184	0	11
2026.07.24	20:37:00	4068.17	4068.85	4067.86	4067.92	245	0	14
2026.07.24	20:38:00	4067.92	4068.53	4067.60	4067.90	210	0	11
2026.07.24	20:39:00	4067.88	4068.69	4067.73	4068.06	261	0	13
2026.07.24	20:40:00	4068.04	4068.86	4067.42	4068.29	215	0	19
2026.07.24	20:41:00	4068.28	4068.28	4067.38	4068.14	216	0	17
2026.07.24	20:42:00	4068.16	4068.32	4067.90	4068.16	138	0	17
2026.07.24	20:43:00	4068.14	4068.50	4066.56	4067.05	220	0	19
2026.07.24	20:44:00	4067.03	4067.28	4066.10	4066.52	258	0	17
2026.07.24	20:45:00	4066.49	4066.49	4065.65	4066.37	154	0	12
2026.07.24	20:46:00	4066.36	4067.27	4065.92	4066.67	221	0	17
2026.07.24	20:47:00	4066.67	4066.94	4065.63	4065.78	182	0	22
2026.07.24	20:48:00	4065.77	4065.96	4064.65	4065.28	210	0	16
2026.07.24	20:49:00	4065.31	4066.13	4065.29	4066.08	164	0	19
2026.07.24	20:50:00	4066.10	4066.82	4065.78	4066.50	287	0	16
2026.07.24	20:51:00	4066.51	4066.92	4064.94	4065.04	234	0	18
2026.07.24	20:52:00	4065.06	4065.06	4063.36	4063.72	218	0	14
2026.07.24	20:53:00	4063.80	4064.13	4063.16	4063.26	181	0	19
2026.07.24	20:54:00	4063.27	4063.56	4063.03	4063.43	206	0	20
2026.07.24	20:55:00	4063.41	4064.73	4063.41	4064.66	190	0	23
2026.07.24	20:56:00	4064.76	4065.22	4064.27	4064.57	263	0	19
2026.07.24	20:57:00	4064.59	4064.96	4064.03	4064.67	257	0	19
2026.07.24	20:58:00	4064.67	4064.98	4064.67	4064.84	176	0	16
2026.07.24	20:59:00	4064.80	4064.97	4063.30	4063.34	224	0	13
2026.07.24	21:00:00	4063.38	4064.06	4063.17	4063.95	251	0	19
2026.07.24	21:01:00	4064.00	4064.13	4062.77	4063.26	243	0	8
2026.07.24	21:02:00	4063.26	4063.56	4062.69	4062.78	187	0	15
2026.07.24	21:03:00	4062.77	4062.79	4061.26	4061.77	251	0	13
2026.07.24	21:04:00	4061.77	4063.06	4061.60	4062.89	160	0	20
2026.07.24	21:05:00	4062.89	4064.44	4062.82	4064.38	218	0	13
2026.07.24	21:06:00	4064.34	4064.51	4063.37	4063.54	142	0	20
2026.07.24	21:07:00	4063.12	4063.37	4062.76	4063.27	178	0	23
2026.07.24	21:08:00	4063.22	4063.44	4062.85	4062.94	194	0	17
2026.07.24	21:09:00	4062.94	4063.43	4062.80	4063.08	200	0	17
2026.07.24	21:10:00	4063.10	4063.49	4062.62	4063.21	192	0	9
2026.07.24	21:11:00	4063.29	4063.29	4061.87	4062.36	183	0	14
2026.07.24	21:12:00	4062.40	4062.82	4062.20	4062.50	210	0	15
2026.07.24	21:13:00	4062.48	4062.86	4062.20	4062.24	197	0	23
2026.07.24	21:14:00	4062.20	4062.24	4061.33	4061.62	213	0	18
2026.07.24	21:15:00	4061.63	4062.76	4061.48	4062.68	166	0	19
2026.07.24	21:16:00	4062.66	4062.92	4062.20	4062.56	187	0	21
2026.07.24	21:17:00	4062.56	4062.94	4061.48	4061.48	186	0	15
2026.07.24	21:18:00	4061.55	4061.85	4060.37	4060.68	241	0	19
2026.07.24	21:19:00	4060.71	4060.77	4060.04	4060.26	206	0	13
2026.07.24	21:20:00	4060.23	4060.68	4058.64	4059.12	263	0	18
2026.07.24	21:21:00	4059.16	4059.24	4058.33	4058.78	306	0	16
2026.07.24	21:22:00	4058.79	4059.11	4057.11	4057.25	335	0	8
2026.07.24	21:23:00	4057.25	4058.17	4056.59	4058.03	277	0	15
2026.07.24	21:24:00	4058.04	4058.24	4057.17	4057.54	260	0	19
2026.07.24	21:25:00	4057.48	4058.35	4055.47	4056.54	327	0	16
2026.07.24	21:26:00	4056.57	4056.73	4055.99	4056.45	203	0	20
2026.07.24	21:27:00	4056.39	4056.73	4056.12	4056.17	203	0	21
2026.07.24	21:28:00	4056.23	4056.70	4055.13	4055.58	328	0	18
2026.07.24	21:29:00	4055.58	4056.30	4054.89	4055.27	376	0	11
2026.07.24	21:30:00	4055.33	4056.09	4055.03	4055.93	290	0	22
2026.07.24	21:31:00	4055.93	4056.18	4053.75	4053.97	239	0	22
2026.07.24	21:32:00	4053.77	4054.85	4053.41	4054.19	266	0	22
2026.07.24	21:33:00	4054.14	4054.68	4052.80	4052.85	186	0	14
2026.07.24	21:34:00	4052.85	4054.28	4052.42	4054.26	277	0	8
2026.07.24	21:35:00	4054.23	4054.34	4053.29	4054.08	247	0	23
2026.07.24	21:36:00	4054.17	4056.44	4054.17	4055.33	460	0	18
2026.07.24	21:37:00	4055.39	4056.03	4055.22	4055.49	335	0	15
2026.07.24	21:38:00	4055.49	4057.11	4055.26	4056.89	256	0	9
2026.07.24	21:39:00	4056.89	4056.94	4054.45	4055.63	298	0	8
2026.07.24	21:40:00	4055.63	4055.63	4054.08	4054.40	251	0	17
2026.07.24	21:41:00	4054.42	4054.67	4053.50	4053.51	213	0	9
2026.07.24	21:42:00	4053.51	4053.51	4051.89	4053.10	330	0	19
2026.07.24	21:43:00	4053.17	4053.20	4051.29	4051.49	287	0	15
2026.07.24	21:44:00	4051.62	4052.31	4051.10	4052.07	237	0	13
2026.07.24	21:45:00	4052.08	4053.66	4051.76	4053.65	257	0	21
2026.07.24	21:46:00	4053.68	4054.77	4053.68	4054.49	247	0	20
2026.07.24	21:47:00	4054.49	4055.20	4054.36	4054.96	192	0	17
2026.07.24	21:48:00	4054.96	4054.99	4053.37	4053.38	195	0	18
2026.07.24	21:49:00	4053.36	4054.01	4053.35	4053.54	161	0	19
2026.07.24	21:50:00	4053.57	4054.32	4052.91	4054.14	257	0	13
2026.07.24	21:51:00	4054.13	4055.44	4054.00	4055.28	293	0	16
2026.07.24	21:52:00	4055.23	4055.89	4054.61	4054.68	169	0	18
2026.07.24	21:53:00	4054.68	4054.91	4054.21	4054.62	173	0	17
2026.07.24	21:54:00	4054.62	4054.72	4054.05	4054.26	158	0	19
2026.07.24	21:55:00	4054.34	4055.09	4053.95	4055.09	201	0	16
2026.07.24	21:56:00	4055.10	4055.22	4054.36	4054.81	203	0	20
2026.07.24	21:57:00	4054.79	4055.29	4054.76	4055.10	198	0	11
2026.07.24	21:58:00	4055.11	4055.19	4054.75	4054.83	227	0	19
2026.07.24	21:59:00	4054.81	4054.89	4054.25	4054.37	164	0	15
2026.07.24	22:00:00	4054.38	4054.90	4052.23	4052.66	464	0	16
2026.07.24	22:01:00	4052.80	4053.91	4052.65	4052.70	405	0	16
2026.07.24	22:02:00	4052.77	4055.75	4052.21	4055.36	474	0	11
2026.07.24	22:03:00	4055.20	4055.96	4054.74	4055.77	306	0	18
2026.07.24	22:04:00	4055.77	4056.37	4054.53	4054.53	264	0	18
2026.07.24	22:05:00	4054.55	4054.68	4054.17	4054.62	120	0	21
2026.07.24	22:06:00	4054.38	4054.64	4053.37	4053.65	229	0	17
2026.07.24	22:07:00	4053.44	4053.75	4052.50	4053.05	330	0	16
2026.07.24	22:08:00	4052.98	4054.01	4052.86	4053.69	232	0	23
2026.07.24	22:09:00	4053.73	4053.81	4052.88	4052.90	261	0	16
2026.07.24	22:10:00	4052.90	4053.08	4052.44	4052.79	358	0	18
2026.07.24	22:11:00	4052.78	4054.45	4052.62	4054.15	242	0	18
2026.07.24	22:12:00	4054.15	4054.84	4054.02	4054.04	197	0	19
2026.07.24	22:13:00	4053.92	4054.13	4052.97	4053.39	309	0	19
2026.07.24	22:14:00	4053.39	4053.53	4052.13	4052.32	281	0	19
2026.07.24	22:15:00	4052.34	4052.38	4050.12	4050.48	393	0	7
2026.07.24	22:16:00	4050.47	4050.96	4049.58	4050.91	328	0	14
2026.07.24	22:17:00	4050.93	4051.38	4050.38	4051.28	231	0	13
2026.07.24	22:18:00	4051.28	4051.67	4050.84	4051.19	220	0	17
2026.07.24	22:19:00	4051.17	4051.45	4049.93	4050.75	225	0	7
2026.07.24	22:20:00	4050.76	4050.89	4050.03	4050.27	250	0	17
2026.07.24	22:21:00	4050.29	4051.17	4049.98	4050.80	257	0	21
2026.07.24	22:22:00	4050.78	4051.00	4049.94	4050.71	232	0	8
2026.07.24	22:23:00	4050.67	4050.71	4049.83	4049.93	168	0	8
2026.07.24	22:24:00	4049.90	4050.14	4049.48	4049.59	291	0	20
2026.07.24	22:25:00	4049.56	4050.65	4049.16	4050.64	276	0	22
2026.07.24	22:26:00	4050.66	4051.13	4050.41	4050.55	281	0	12
2026.07.24	22:27:00	4050.58	4050.97	4050.44	4050.77	245	0	24
2026.07.24	22:28:00	4050.79	4051.40	4050.65	4051.40	181	0	23
2026.07.24	22:29:00	4051.40	4051.86	4051.20	4051.50	213	0	23
2026.07.24	22:30:00	4051.46	4051.86	4051.30	4051.68	277	0	8
2026.07.24	22:31:00	4051.72	4052.27	4051.29	4051.53	258	0	22
2026.07.24	22:32:00	4051.57	4053.09	4051.54	4052.93	242	0	16
2026.07.24	22:33:00	4052.86	4054.44	4052.74	4053.62	463	0	8
2026.07.24	22:34:00	4053.63	4054.29	4053.46	4054.07	246	0	23
2026.07.24	22:35:00	4053.91	4055.81	4053.62	4055.45	527	0	7
2026.07.24	22:36:00	4055.44	4055.71	4053.90	4054.13	394	0	23
2026.07.24	22:37:00	4054.10	4056.44	4054.10	4055.63	366	0	13
2026.07.24	22:38:00	4055.62	4055.70	4054.63	4055.37	331	0	9
2026.07.24	22:39:00	4055.36	4056.15	4054.87	4055.43	352	0	13
2026.07.24	22:40:00	4055.40	4057.92	4055.17	4057.81	372	0	18
2026.07.24	22:41:00	4057.79	4057.84	4056.54	4056.69	222	0	22
2026.07.24	22:42:00	4056.69	4057.57	4056.42	4057.51	182	0	24
2026.07.24	22:43:00	4057.55	4057.69	4056.63	4057.11	196	0	9
2026.07.24	22:44:00	4057.09	4057.09	4056.11	4056.77	167	0	19
2026.07.24	22:45:00	4056.86	4057.34	4056.79	4057.20	203	0	21
2026.07.24	22:46:00	4057.20	4057.37	4055.93	4056.01	207	0	23
2026.07.24	22:47:00	4056.03	4056.72	4055.44	4055.59	289	0	19
2026.07.24	22:48:00	4055.65	4056.01	4055.12	4055.27	173	0	18
2026.07.24	22:49:00	4055.27	4055.38	4054.79	4055.16	173	0	14
2026.07.24	22:50:00	4055.24	4055.53	4053.59	4054.02	380	0	8
2026.07.24	22:51:00	4054.06	4054.70	4053.87	4054.57	235	0	15
2026.07.24	22:52:00	4054.42	4054.42	4053.95	4054.16	141	0	20
2026.07.24	22:53:00	4054.19	4055.29	4054.14	4055.07	156	0	17
2026.07.24	22:54:00	4055.04	4055.61	4054.74	4055.29	253	0	8
2026.07.24	22:55:00	4055.46	4055.46	4053.43	4053.89	470	0	8
2026.07.24	22:56:00	4053.93	4054.80	4052.92	4053.25	327	0	8
2026.07.24	22:57:00	4053.24	4053.31	4052.78	4052.96	360	0	18
2026.07.24	22:58:00	4052.98	4053.82	4052.67	4053.58	210	0	18
2026.07.24	22:59:00	4053.58	4054.29	4053.52	4053.67	363	0	17
