<DATE>	<TIME>	<OPEN>	<HIGH>	<LOW>	<CLOSE>	<TICKVOL>	<VOL>	<SPREAD>
2025.12.29	00:00:00	0.66953	0.67083	0.66950	0.67081	571	0	30
2025.12.29	01:00:00	0.67072	0.67156	0.67069	0.67141	1047	0	0
2025.12.29	02:00:00	0.67141	0.67182	0.67135	0.67155	1439	0	8
2025.12.29	03:00:00	0.67156	0.67220	0.67147	0.67187	1745	0	8
2025.12.29	04:00:00	0.67187	0.67235	0.67146	0.67218	1282	0	8
2025.12.29	05:00:00	0.67218	0.67270	0.67201	0.67246	822	0	8
2025.12.29	06:00:00	0.67247	0.67256	0.67206	0.67212	686	0	0
2025.12.29	07:00:00	0.67211	0.67233	0.67148	0.67151	1065	0	8
2025.12.29	08:00:00	0.67150	0.67177	0.67106	0.67146	1210	0	5
2025.12.29	09:00:00	0.67147	0.67215	0.67117	0.67119	1684	0	4
2025.12.29	10:00:00	0.67109	0.67118	0.67007	0.67032	1948	0	4
2025.12.29	11:00:00	0.67033	0.67048	0.66931	0.66993	1880	0	4
2025.12.29	12:00:00	0.66993	0.67056	0.66993	0.66997	1361	0	4
2025.12.29	13:00:00	0.66996	0.67005	0.66945	0.66949	1363	0	4
2025.12.29	14:00:00	0.66948	0.66959	0.66828	0.66893	1509	0	4
2025.12.29	15:00:00	0.66894	0.66955	0.66881	0.66935	2102	0	4
2025.12.29	16:00:00	0.66934	0.67030	0.66865	0.66936	3031	0	4
2025.12.29	17:00:00	0.66936	0.66996	0.66849	0.66955	3361	0	4
2025.12.29	18:00:00	0.66956	0.66985	0.66877	0.66898	2355	0	4
2025.12.29	19:00:00	0.66896	0.66908	0.66864	0.66884	1510	0	5
2025.12.29	20:00:00	0.66883	0.66928	0.66872	0.66880	1176	0	5
2025.12.29	21:00:00	0.66880	0.66973	0.66867	0.66959	992	0	5
2025.12.29	22:00:00	0.66958	0.66965	0.66905	0.66918	877	0	5
2025.12.29	23:00:00	0.66911	0.66943	0.66902	0.66928	539	0	0
2025.12.30	00:00:00	0.66919	0.66928	0.66892	0.66921	507	0	21
2025.12.30	01:00:00	0.66929	0.66952	0.66919	0.66946	554	0	0
2025.12.30	02:00:00	0.66946	0.66961	0.66932	0.66953	880	0	8
2025.12.30	03:00:00	0.66952	0.67039	0.66916	0.67038	1422	0	8
2025.12.30	04:00:00	0.67039	0.67059	0.66965	0.67038	1186	0	0
2025.12.30	05:00:00	0.67039	0.67084	0.67015	0.67055	934	0	8
2025.12.30	06:00:00	0.67054	0.67108	0.67054	0.67098	629	0	0
2025.12.30	07:00:00	0.67100	0.67147	0.67084	0.67134	988	0	8
2025.12.30	08:00:00	0.67134	0.67176	0.67126	0.67163	1110	0	5
2025.12.30	09:00:00	0.67163	0.67163	0.67058	0.67064	1191	0	4
2025.12.30	10:00:00	0.67065	0.67092	0.67022	0.67054	1344	0	4
2025.12.30	11:00:00	0.67054	0.67101	0.67043	0.67044	1157	0	4
2025.12.30	12:00:00	0.67042	0.67119	0.67042	0.67078	997	0	4
2025.12.30	13:00:00	0.67078	0.67088	0.66987	0.67002	948	0	4
2025.12.30	14:00:00	0.67005	0.67032	0.66982	0.67016	1195	0	4
2025.12.30	15:00:00	0.67015	0.67051	0.66921	0.66941	1935	0	4
2025.12.30	16:00:00	0.66939	0.67009	0.66933	0.66998	2078	0	4
2025.12.30	17:00:00	0.66998	0.67016	0.66876	0.67004	2237	0	4
2025.12.30	18:00:00	0.67004	0.67022	0.66957	0.67011	2009	0	4
2025.12.30	19:00:00	0.67011	0.67033	0.66990	0.67027	1235	0	5
2025.12.30	20:00:00	0.67028	0.67037	0.66970	0.66979	1027	0	5
2025.12.30	21:00:00	0.66977	0.66991	0.66929	0.66955	1084	0	5
2025.12.30	22:00:00	0.66956	0.66976	0.66926	0.66928	978	0	5
2025.12.30	23:00:00	0.66921	0.66959	0.66921	0.66955	470	0	0
2025.12.31	00:00:00	0.66911	0.66955	0.66897	0.66938	367	0	18
2025.12.31	01:00:00	0.66948	0.66985	0.66932	0.66956	482	0	1
2025.12.31	02:00:00	0.66956	0.66991	0.66944	0.66986	739	0	8
2025.12.31	03:00:00	0.66987	0.67010	0.66934	0.66939	1477	0	8
2025.12.31	04:00:00	0.66938	0.66981	0.66906	0.66956	1482	0	8
2025.12.31	05:00:00	0.66956	0.66982	0.66935	0.66956	912	0	8
2025.12.31	06:00:00	0.66952	0.66969	0.66909	0.66913	679	0	0
2025.12.31	07:00:00	0.66913	0.66942	0.66877	0.66896	993	0	0
2025.12.31	08:00:00	0.66895	0.66898	0.66848	0.66883	924	0	5
2025.12.31	09:00:00	0.66884	0.66903	0.66820	0.66879	1223	0	4
2025.12.31	10:00:00	0.66879	0.66893	0.66805	0.66814	1478	0	4
2025.12.31	11:00:00	0.66814	0.66864	0.66801	0.66832	1198	0	4
2025.12.31	12:00:00	0.66831	0.66851	0.66755	0.66789	1465	0	4
2025.12.31	13:00:00	0.66789	0.66876	0.66784	0.66854	1052	0	4
2025.12.31	14:00:00	0.66854	0.66898	0.66843	0.66872	1230	0	4
2025.12.31	15:00:00	0.66872	0.66876	0.66796	0.66831	1834	0	4
2025.12.31	16:00:00	0.66831	0.66835	0.66725	0.66733	2450	0	4
2025.12.31	17:00:00	0.66732	0.66732	0.66596	0.66680	2829	0	4
2025.12.31	18:00:00	0.66683	0.66731	0.66637	0.66677	1890	0	4
2025.12.31	19:00:00	0.66676	0.66724	0.66661	0.66715	1558	0	5
2025.12.31	20:00:00	0.66716	0.66738	0.66680	0.66712	1467	0	5
2025.12.31	21:00:00	0.66716	0.66743	0.66704	0.66723	1272	0	5
2025.12.31	22:00:00	0.66724	0.66747	0.66707	0.66728	1225	0	5
2025.12.31	23:00:00	0.66723	0.66740	0.66706	0.66722	814	0	0
2026.01.02	00:00:00	0.66696	0.66730	0.66604	0.66645	322	0	39
2026.01.02	01:00:00	0.66651	0.66797	0.66651	0.66781	643	0	0
2026.01.02	02:00:00	0.66783	0.66869	0.66761	0.66856	872	0	8
2026.01.02	03:00:00	0.66854	0.66945	0.66854	0.66925	1363	0	8
2026.01.02	04:00:00	0.66925	0.66952	0.66906	0.66946	1086	0	8
2026.01.02	05:00:00	0.66945	0.67018	0.66945	0.66979	887	0	8
2026.01.02	06:00:00	0.66981	0.67004	0.66939	0.66975	791	0	0
2026.01.02	07:00:00	0.66975	0.66990	0.66943	0.66956	773	0	8
2026.01.02	08:00:00	0.66951	0.66968	0.66922	0.66940	769	0	5
2026.01.02	09:00:00	0.66939	0.66970	0.66889	0.66959	1375	0	4
2026.01.02	10:00:00	0.66958	0.67069	0.66955	0.67022	2005	0	4
2026.01.02	11:00:00	0.67018	0.67069	0.66978	0.66987	1403	0	4
2026.01.02	12:00:00	0.66988	0.66998	0.66927	0.66976	1156	0	4
2026.01.02	13:00:00	0.66976	0.66982	0.66881	0.66907	952	0	4
2026.01.02	14:00:00	0.66907	0.66950	0.66882	0.66915	940	0	4
2026.01.02	15:00:00	0.66916	0.66954	0.66866	0.66878	1612	0	4
2026.01.02	16:00:00	0.66879	0.66947	0.66872	0.66928	2305	0	4
2026.01.02	17:00:00	0.66927	0.66969	0.66863	0.66876	3601	0	4
2026.01.02	18:00:00	0.66873	0.66894	0.66793	0.66827	3173	0	4
2026.01.02	19:00:00	0.66826	0.66898	0.66809	0.66848	2170	0	5
2026.01.02	20:00:00	0.66847	0.66857	0.66772	0.66796	1697	0	5
2026.01.02	21:00:00	0.66797	0.66896	0.66791	0.66885	1697	0	5
2026.01.02	22:00:00	0.66886	0.66949	0.66866	0.66945	1287	0	5
2026.01.02	23:00:00	0.66939	0.66975	0.66900	0.66909	683	0	0
2026.01.05	00:00:00	0.66764	0.66911	0.66754	0.66837	1197	0	30
2026.01.05	01:00:00	0.66845	0.66929	0.66797	0.66833	1210	0	0
2026.01.05	02:00:00	0.66834	0.66865	0.66771	0.66779	1633	0	8
2026.01.05	03:00:00	0.66778	0.66887	0.66750	0.66811	2450	0	8
2026.01.05	04:00:00	0.66812	0.66873	0.66743	0.66831	1888	0	8
2026.01.05	05:00:00	0.66830	0.66834	0.66706	0.66707	1478	0	8
2026.01.05	06:00:00	0.66707	0.66735	0.66646	0.66710	1202	0	8
2026.01.05	07:00:00	0.66710	0.66757	0.66681	0.66751	1044	0	8
2026.01.05	08:00:00	0.66752	0.66810	0.66710	0.66806	1126	0	5
2026.01.05	09:00:00	0.66806	0.66823	0.66719	0.66765	1432	0	4
2026.01.05	10:00:00	0.66762	0.66820	0.66707	0.66763	1741	0	4
2026.01.05	11:00:00	0.66764	0.66798	0.66727	0.66754	1563	0	4
2026.01.05	12:00:00	0.66755	0.66861	0.66751	0.66847	1752	0	4
2026.01.05	13:00:00	0.66846	0.66884	0.66826	0.66839	1618	0	4
2026.01.05	14:00:00	0.66839	0.66868	0.66780	0.66782	1569	0	4
2026.01.05	15:00:00	0.66781	0.66784	0.66629	0.66772	2514	0	4
2026.01.05	16:00:00	0.66772	0.66914	0.66768	0.66889	3264	0	4
2026.01.05	17:00:00	0.66903	0.67111	0.66899	0.67078	3220	0	4
2026.01.05	18:00:00	0.67077	0.67188	0.67077	0.67168	2328	0	4
2026.01.05	19:00:00	0.67168	0.67178	0.67112	0.67120	1715	0	5
2026.01.05	20:00:00	0.67119	0.67138	0.67108	0.67134	1160	0	5
2026.01.05	21:00:00	0.67133	0.67165	0.67126	0.67159	1270	0	5
2026.01.05	22:00:00	0.67161	0.67170	0.67143	0.67155	1182	0	5
2026.01.05	23:00:00	0.67148	0.67171	0.67130	0.67138	513	0	0
2026.01.06	00:00:00	0.67118	0.67152	0.67100	0.67144	420	0	21
2026.01.06	01:00:00	0.67154	0.67154	0.67112	0.67128	525	0	0
2026.01.06	02:00:00	0.67128	0.67137	0.67081	0.67098	1097	0	8
2026.01.06	03:00:00	0.67097	0.67160	0.67029	0.67151	1805	0	8
2026.01.06	04:00:00	0.67153	0.67235	0.67131	0.67227	1377	0	8
2026.01.06	05:00:00	0.67229	0.67245	0.67181	0.67218	1016	0	0
2026.01.06	06:00:00	0.67217	0.67253	0.67212	0.67245	786	0	8
2026.01.06	07:00:00	0.67245	0.67314	0.67239	0.67266	1084	0	8
2026.01.06	08:00:00	0.67267	0.67390	0.67250	0.67366	1286	0	5
2026.01.06	09:00:00	0.67365	0.67390	0.67282	0.67308	1297	0	4
2026.01.06	10:00:00	0.67307	0.67358	0.67213	0.67233	1910	0	4
2026.01.06	11:00:00	0.67233	0.67248	0.67162	0.67170	1865	0	4
2026.01.06	12:00:00	0.67167	0.67229	0.67157	0.67167	1344	0	4
2026.01.06	13:00:00	0.67166	0.67193	0.67118	0.67177	1031	0	4
2026.01.06	14:00:00	0.67178	0.67225	0.67154	0.67169	1177	0	4
2026.01.06	15:00:00	0.67170	0.67274	0.67156	0.67266	1789	0	4
2026.01.06	16:00:00	0.67266	0.67358	0.67233	0.67314	2424	0	4
2026.01.06	17:00:00	0.67315	0.67318	0.67198	0.67297	2700	0	4
2026.01.06	18:00:00	0.67296	0.67326	0.67230	0.67307	1936	0	4
2026.01.06	19:00:00	0.67306	0.67363	0.67304	0.67354	1252	0	5
2026.01.06	20:00:00	0.67353	0.67372	0.67336	0.67353	1084	0	5
2026.01.06	21:00:00	0.67352	0.67354	0.67308	0.67322	865	0	5
2026.01.06	22:00:00	0.67321	0.67415	0.67321	0.67386	824	0	5
2026.01.06	23:00:00	0.67378	0.67404	0.67371	0.67380	441	0	0
2026.01.07	00:00:00	0.67352	0.67389	0.67338	0.67389	515	0	17
2026.01.07	01:00:00	0.67396	0.67411	0.67341	0.67344	587	0	0
2026.01.07	02:00:00	0.67345	0.67409	0.67167	0.67341	1870	0	8
2026.01.07	03:00:00	0.67342	0.67513	0.67269	0.67472	2186	0	8
2026.01.07	04:00:00	0.67471	0.67522	0.67436	0.67473	1312	0	8
2026.01.07	05:00:00	0.67473	0.67587	0.67470	0.67567	992	0	8
2026.01.07	06:00:00	0.67565	0.67662	0.67564	0.67597	922	0	8
2026.01.07	07:00:00	0.67594	0.67609	0.67487	0.67521	966	0	8
2026.01.07	08:00:00	0.67522	0.67560	0.67485	0.67510	1189	0	5
2026.01.07	09:00:00	0.67509	0.67510	0.67371	0.67398	1285	0	4
2026.01.07	10:00:00	0.67394	0.67403	0.67356	0.67385	1321	0	4
2026.01.07	11:00:00	0.67384	0.67396	0.67347	0.67379	1027	0	4
2026.01.07	12:00:00	0.67378	0.67410	0.67347	0.67376	1073	0	4
2026.01.07	13:00:00	0.67376	0.67412	0.67366	0.67385	884	0	4
2026.01.07	14:00:00	0.67386	0.67409	0.67298	0.67326	1187	0	4
2026.01.07	15:00:00	0.67326	0.67395	0.67274	0.67392	1860	0	4
2026.01.07	16:00:00	0.67390	0.67460	0.67360	0.67415	2428	0	4
2026.01.07	17:00:00	0.67396	0.67425	0.67230	0.67272	3171	0	4
2026.01.07	18:00:00	0.67274	0.67291	0.67219	0.67266	1749	0	4
2026.01.07	19:00:00	0.67266	0.67315	0.67260	0.67287	1217	0	5
2026.01.07	20:00:00	0.67285	0.67335	0.67275	0.67313	1083	0	5
2026.01.07	21:00:00	0.67314	0.67321	0.67264	0.67276	1349	0	5
2026.01.07	22:00:00	0.67277	0.67286	0.67208	0.67209	1231	0	5
2026.01.07	23:00:00	0.67202	0.67206	0.67175	0.67200	483	0	8
2026.01.08	00:00:00	0.67196	0.67230	0.67193	0.67224	322	0	21
2026.01.08	01:00:00	0.67233	0.67239	0.67204	0.67216	383	0	0
2026.01.08	02:00:00	0.67216	0.67233	0.67164	0.67196	626	0	0
2026.01.08	03:00:00	0.67195	0.67251	0.67186	0.67238	1240	0	8
2026.01.08	04:00:00	0.67239	0.67241	0.67109	0.67115	1535	0	8
2026.01.08	05:00:00	0.67116	0.67138	0.67093	0.67127	1020	0	8
2026.01.08	06:00:00	0.67127	0.67141	0.67054	0.67060	696	0	8
2026.01.08	07:00:00	0.67059	0.67060	0.67003	0.67033	1192	0	8
2026.01.08	08:00:00	0.67033	0.67033	0.66903	0.67007	1697	0	5
2026.01.08	09:00:00	0.67007	0.67034	0.66954	0.66962	1320	0	4
2026.01.08	10:00:00	0.66963	0.67040	0.66940	0.66962	1520	0	4
2026.01.08	11:00:00	0.66962	0.66997	0.66892	0.66930	1252	0	4
2026.01.08	12:00:00	0.66928	0.66988	0.66905	0.66986	1006	0	4
2026.01.08	13:00:00	0.66983	0.67003	0.66953	0.66970	819	0	4
2026.01.08	14:00:00	0.66969	0.66993	0.66928	0.66970	1028	0	4
2026.01.08	15:00:00	0.66972	0.66990	0.66891	0.66925	1486	0	4
2026.01.08	16:00:00	0.66924	0.66929	0.66816	0.66906	2493	0	4
2026.01.08	17:00:00	0.66902	0.67008	0.66879	0.66981	2495	0	4
2026.01.08	18:00:00	0.66982	0.66986	0.66882	0.66932	2010	0	4
2026.01.08	19:00:00	0.66930	0.66954	0.66884	0.66948	1336	0	5
2026.01.08	20:00:00	0.66947	0.66951	0.66891	0.66894	1133	0	5
2026.01.08	21:00:00	0.66893	0.66938	0.66883	0.66930	901	0	5
2026.01.08	22:00:00	0.66931	0.66982	0.66930	0.66970	752	0	5
2026.01.08	23:00:00	0.66964	0.67005	0.66949	0.66982	622	0	8
2026.01.09	00:00:00	0.66977	0.67027	0.66953	0.67014	579	0	21
2026.01.09	01:00:00	0.67032	0.67038	0.66971	0.66984	528	0	0
2026.01.09	02:00:00	0.66983	0.66992	0.66945	0.66956	768	0	8
2026.01.09	03:00:00	0.66957	0.66974	0.66881	0.66924	1404	0	8
2026.01.09	04:00:00	0.66925	0.66969	0.66924	0.66946	1087	0	8
2026.01.09	05:00:00	0.66947	0.66953	0.66909	0.66940	881	0	8
2026.01.09	06:00:00	0.66940	0.66978	0.66924	0.66967	717	0	8
2026.01.09	07:00:00	0.66967	0.66980	0.66930	0.66945	956	0	8
2026.01.09	08:00:00	0.66945	0.66963	0.66896	0.66898	894	0	5
2026.01.09	09:00:00	0.66897	0.66898	0.66795	0.66817	1028	0	4
2026.01.09	10:00:00	0.66818	0.66831	0.66761	0.66815	1327	0	4
2026.01.09	11:00:00	0.66818	0.66856	0.66795	0.66807	898	0	4
2026.01.09	12:00:00	0.66809	0.66830	0.66777	0.66796	884	0	4
2026.01.09	13:00:00	0.66795	0.66854	0.66792	0.66825	779	0	4
2026.01.09	14:00:00	0.66826	0.66835	0.66738	0.66755	1147	0	4
2026.01.09	15:00:00	0.66755	0.67031	0.66670	0.66896	3557	0	4
2026.01.09	16:00:00	0.66896	0.66944	0.66760	0.66811	3995	0	4
2026.01.09	17:00:00	0.66808	0.66876	0.66634	0.66805	3802	0	4
2026.01.09	18:00:00	0.66802	0.66853	0.66751	0.66817	2023	0	4
2026.01.09	19:00:00	0.66816	0.66839	0.66794	0.66813	1198	0	5
2026.01.09	20:00:00	0.66812	0.66887	0.66807	0.66853	1129	0	5
2026.01.09	21:00:00	0.66852	0.66871	0.66837	0.66862	862	0	5
2026.01.09	22:00:00	0.66866	0.66898	0.66865	0.66895	586	0	5
2026.01.09	23:00:00	0.66888	0.66906	0.66827	0.66833	628	0	7
2026.01.12	00:00:00	0.66756	0.66852	0.66746	0.66851	530	0	30
2026.01.12	01:00:00	0.66864	0.66884	0.66834	0.66857	889	0	0
2026.01.12	02:00:00	0.66860	0.67024	0.66836	0.67021	1653	0	8
2026.01.12	03:00:00	0.67020	0.67067	0.66952	0.66975	2071	0	8
2026.01.12	04:00:00	0.66972	0.67015	0.66936	0.66942	1186	0	8
2026.01.12	05:00:00	0.66943	0.66984	0.66943	0.66981	824	0	8
2026.01.12	06:00:00	0.66983	0.66989	0.66917	0.66951	640	0	8
2026.01.12	07:00:00	0.66953	0.66995	0.66949	0.66979	840	0	8
2026.01.12	08:00:00	0.66978	0.67002	0.66950	0.66997	782	0	5
2026.01.12	09:00:00	0.66996	0.67080	0.66972	0.67053	1065	0	4
2026.01.12	10:00:00	0.67053	0.67115	0.67019	0.67046	1355	0	4
2026.01.12	11:00:00	0.67046	0.67123	0.67021	0.67059	1043	0	4
2026.01.12	12:00:00	0.67067	0.67111	0.67035	0.67110	843	0	4
2026.01.12	13:00:00	0.67111	0.67116	0.67048	0.67053	834	0	4
2026.01.12	14:00:00	0.67053	0.67106	0.67033	0.67098	990	0	4
2026.01.12	15:00:00	0.67098	0.67173	0.67093	0.67156	1652	0	4
2026.01.12	16:00:00	0.67157	0.67159	0.67033	0.67099	2218	0	4
2026.01.12	17:00:00	0.67100	0.67201	0.67060	0.67191	1739	0	4
2026.01.12	18:00:00	0.67191	0.67224	0.67141	0.67152	1407	0	4
2026.01.12	19:00:00	0.67152	0.67180	0.67118	0.67141	1112	0	5
2026.01.12	20:00:00	0.67141	0.67148	0.67102	0.67119	911	0	5
2026.01.12	21:00:00	0.67116	0.67150	0.67101	0.67144	747	0	5
2026.01.12	22:00:00	0.67144	0.67147	0.67118	0.67131	628	0	5
2026.01.12	23:00:00	0.67124	0.67151	0.67077	0.67093	629	0	0
2026.01.13	00:00:00	0.67085	0.67114	0.67073	0.67075	450	0	20
2026.01.13	01:00:00	0.67080	0.67111	0.67060	0.67076	691	0	8
2026.01.13	02:00:00	0.67076	0.67104	0.67058	0.67103	744	0	8
2026.01.13	03:00:00	0.67104	0.67146	0.67076	0.67100	1501	0	8
2026.01.13	04:00:00	0.67098	0.67165	0.67096	0.67113	1094	0	8
2026.01.13	05:00:00	0.67112	0.67132	0.67079	0.67101	816	0	8
2026.01.13	06:00:00	0.67102	0.67126	0.67075	0.67109	638	0	0
2026.01.13	07:00:00	0.67108	0.67111	0.67064	0.67088	910	0	8
2026.01.13	08:00:00	0.67086	0.67094	0.67033	0.67082	902	0	5
2026.01.13	09:00:00	0.67080	0.67083	0.67014	0.67047	963	0	4
2026.01.13	10:00:00	0.67046	0.67075	0.66990	0.67015	975	0	4
2026.01.13	11:00:00	0.67016	0.67080	0.67016	0.67053	869	0	4
2026.01.13	12:00:00	0.67051	0.67064	0.66973	0.66988	779	0	4
2026.01.13	13:00:00	0.66988	0.67049	0.66968	0.67036	553	0	4
2026.01.13	14:00:00	0.67035	0.67048	0.66987	0.66999	737	0	4
2026.01.13	15:00:00	0.66998	0.67275	0.66968	0.67093	3174	0	4
2026.01.13	16:00:00	0.67092	0.67147	0.66958	0.66979	3104	0	4
2026.01.13	17:00:00	0.66979	0.66982	0.66775	0.66863	2720	0	4
2026.01.13	18:00:00	0.66862	0.66874	0.66729	0.66830	1703	0	4
2026.01.13	19:00:00	0.66827	0.66850	0.66779	0.66812	1374	0	5
2026.01.13	20:00:00	0.66812	0.66855	0.66770	0.66822	1511	0	5
2026.01.13	21:00:00	0.66822	0.66836	0.66780	0.66817	1287	0	5
2026.01.13	22:00:00	0.66817	0.66832	0.66781	0.66822	1071	0	5
2026.01.13	23:00:00	0.66815	0.66824	0.66795	0.66800	474	0	8
2026.01.14	00:00:00	0.66804	0.66873	0.66796	0.66871	470	0	18
2026.01.14	01:00:00	0.66878	0.66887	0.66827	0.66829	552	0	0
2026.01.14	02:00:00	0.66827	0.66844	0.66793	0.66800	811	0	8
2026.01.14	03:00:00	0.66802	0.66830	0.66763	0.66815	1284	0	8
2026.01.14	04:00:00	0.66815	0.66939	0.66813	0.66918	1210	0	8
2026.01.14	05:00:00	0.66918	0.67002	0.66912	0.66987	1069	0	8
2026.01.14	06:00:00	0.66987	0.66998	0.66953	0.66962	602	0	8
2026.01.14	07:00:00	0.66962	0.66985	0.66933	0.66937	1047	0	8
2026.01.14	08:00:00	0.66940	0.67005	0.66919	0.66996	1149	0	5
2026.01.14	09:00:00	0.67000	0.67025	0.66935	0.66952	912	0	4
2026.01.14	10:00:00	0.66951	0.66956	0.66859	0.66942	1413	0	4
2026.01.14	11:00:00	0.66945	0.66979	0.66909	0.66952	1014	0	4
2026.01.14	12:00:00	0.66953	0.66957	0.66825	0.66844	1225	0	4
2026.01.14	13:00:00	0.66843	0.66850	0.66793	0.66819	920	0	4
2026.01.14	14:00:00	0.66819	0.66848	0.66773	0.66847	1169	0	4
2026.01.14	15:00:00	0.66847	0.66849	0.66748	0.66795	1808	0	4
2026.01.14	16:00:00	0.66795	0.66874	0.66780	0.66831	2955	0	4
2026.01.14	17:00:00	0.66831	0.66892	0.66756	0.66832	3035	0	4
2026.01.14	18:00:00	0.66833	0.66886	0.66760	0.66771	1978	0	4
2026.01.14	19:00:00	0.66771	0.66802	0.66726	0.66732	1623	0	5
2026.01.14	20:00:00	0.66733	0.66795	0.66728	0.66777	1317	0	5
2026.01.14	21:00:00	0.66777	0.66804	0.66762	0.66794	1313	0	5
2026.01.14	22:00:00	0.66793	0.66860	0.66778	0.66835	1763	0	5
2026.01.14	23:00:00	0.66831	0.66852	0.66789	0.66820	764	0	7
2026.01.15	00:00:00	0.66785	0.66837	0.66766	0.66820	644	0	21
2026.01.15	01:00:00	0.66826	0.66848	0.66760	0.66811	1029	0	8
2026.01.15	02:00:00	0.66810	0.66856	0.66797	0.66842	914	0	8
2026.01.15	03:00:00	0.66840	0.66854	0.66756	0.66807	1781	0	8
2026.01.15	04:00:00	0.66808	0.66815	0.66754	0.66759	1253	0	8
2026.01.15	05:00:00	0.66760	0.66765	0.66674	0.66713	1141	0	8
2026.01.15	06:00:00	0.66714	0.66758	0.66700	0.66742	627	0	1
2026.01.15	07:00:00	0.66743	0.66795	0.66720	0.66758	990	0	8
2026.01.15	08:00:00	0.66759	0.66840	0.66751	0.66810	1241	0	5
2026.01.15	09:00:00	0.66811	0.66853	0.66796	0.66822	1087	0	4
2026.01.15	10:00:00	0.66823	0.66916	0.66796	0.66908	1154	0	4
2026.01.15	11:00:00	0.66909	0.66992	0.66907	0.66955	1111	0	4
2026.01.15	12:00:00	0.66956	0.67010	0.66938	0.66979	870	0	4
2026.01.15	13:00:00	0.66979	0.67001	0.66959	0.66964	844	0	4
2026.01.15	14:00:00	0.66963	0.66984	0.66893	0.66893	752	0	4
2026.01.15	15:00:00	0.66855	0.66871	0.66762	0.66777	1489	0	4
2026.01.15	16:00:00	0.66779	0.66884	0.66746	0.66838	2083	0	4
2026.01.15	17:00:00	0.66838	0.66996	0.66837	0.66992	2186	0	4
2026.01.15	18:00:00	0.66991	0.67095	0.66985	0.67042	1620	0	4
2026.01.15	19:00:00	0.67036	0.67083	0.67023	0.67040	1240	0	5
2026.01.15	20:00:00	0.67039	0.67082	0.67039	0.67057	1029	0	5
2026.01.15	21:00:00	0.67057	0.67070	0.67009	0.67022	1278	0	5
2026.01.15	22:00:00	0.67023	0.67023	0.66957	0.66970	1186	0	5
2026.01.15	23:00:00	0.66966	0.67000	0.66956	0.66982	504	0	0
2026.01.16	00:00:00	0.66952	0.66999	0.66952	0.66987	419	0	21
2026.01.16	01:00:00	0.66987	0.67019	0.66978	0.67005	491	0	8
2026.01.16	02:00:00	0.67004	0.67021	0.66964	0.66972	706	0	0
2026.01.16	03:00:00	0.66971	0.67038	0.66964	0.66971	1412	0	8
2026.01.16	04:00:00	0.66970	0.67021	0.66944	0.66988	1138	0	8
2026.01.16	05:00:00	0.66989	0.67055	0.66986	0.67037	760	0	8
2026.01.16	06:00:00	0.67037	0.67068	0.67024	0.67052	456	0	8
2026.01.16	07:00:00	0.67051	0.67053	0.66996	0.67010	600	0	8
2026.01.16	08:00:00	0.67010	0.67025	0.66959	0.66992	710	0	5
2026.01.16	09:00:00	0.66993	0.67031	0.66977	0.67001	894	0	4
2026.01.16	10:00:00	0.67005	0.67057	0.67005	0.67018	1086	0	4
2026.01.16	11:00:00	0.67015	0.67049	0.67006	0.67020	806	0	4
2026.01.16	12:00:00	0.67020	0.67098	0.67005	0.67058	810	0	4
2026.01.16	13:00:00	0.67059	0.67087	0.67030	0.67035	759	0	4
2026.01.16	14:00:00	0.67035	0.67065	0.66980	0.66999	1056	0	4
2026.01.16	15:00:00	0.66997	0.67011	0.66903	0.66937	1327	0	4
2026.01.16	16:00:00	0.66936	0.66947	0.66845	0.66867	1567	0	4
2026.01.16	17:00:00	0.66868	0.66948	0.66712	0.66798	2922	0	4
2026.01.16	18:00:00	0.66798	0.66863	0.66791	0.66814	1726	0	4
2026.01.16	19:00:00	0.66814	0.66834	0.66783	0.66810	1145	0	5
2026.01.16	20:00:00	0.66809	0.66850	0.66799	0.66827	635	0	5
2026.01.16	21:00:00	0.66817	0.66865	0.66801	0.66840	769	0	5
2026.01.16	22:00:00	0.66840	0.66856	0.66822	0.66847	708	0	5
2026.01.16	23:00:00	0.66840	0.66844	0.66781	0.66789	652	0	0
2026.01.19	00:00:00	0.66720	0.66743	0.66687	0.66699	565	0	18
2026.01.19	01:00:00	0.66709	0.66902	0.66683	0.66871	1977	0	8
2026.01.19	02:00:00	0.66870	0.66941	0.66758	0.66914	2008	0	8
2026.01.19	03:00:00	0.66913	0.66948	0.66814	0.66828	1737	0	8
2026.01.19	04:00:00	0.66827	0.66861	0.66773	0.66841	1112	0	0
2026.01.19	05:00:00	0.66844	0.66895	0.66829	0.66875	873	0	8
2026.01.19	06:00:00	0.66877	0.66927	0.66861	0.66908	698	0	8
2026.01.19	07:00:00	0.66908	0.67009	0.66892	0.66953	937	0	8
2026.01.19	08:00:00	0.66954	0.66976	0.66928	0.66942	842	0	5
2026.01.19	09:00:00	0.66942	0.66990	0.66878	0.66895	1308	0	4
2026.01.19	10:00:00	0.66897	0.66983	0.66897	0.66953	1548	0	4
2026.01.19	11:00:00	0.66952	0.66975	0.66889	0.66962	1403	0	4
2026.01.19	12:00:00	0.66962	0.67059	0.66961	0.66997	990	0	4
2026.01.19	13:00:00	0.66997	0.67039	0.66982	0.67021	892	0	4
2026.01.19	14:00:00	0.67021	0.67059	0.67005	0.67030	846	0	4
2026.01.19	15:00:00	0.67030	0.67077	0.67028	0.67058	975	0	4
2026.01.19	16:00:00	0.67058	0.67103	0.67017	0.67086	1051	0	4
2026.01.19	17:00:00	0.67085	0.67143	0.67079	0.67115	1168	0	4
2026.01.19	18:00:00	0.67115	0.67159	0.67095	0.67147	844	0	4
2026.01.19	19:00:00	0.67149	0.67169	0.67131	0.67165	503	0	5
2026.01.19	20:00:00	0.67164	0.67174	0.67125	0.67135	297	0	5
2026.01.19	21:00:00	0.67126	0.67153	0.67125	0.67133	278	0	0
2026.01.19	22:00:00	0.67136	0.67150	0.67118	0.67142	292	0	0
2026.01.19	23:00:00	0.67135	0.67150	0.67107	0.67131	425	0	0
2026.01.20	00:00:00	0.67076	0.67148	0.67060	0.67126	393	0	21
2026.01.20	01:00:00	0.67134	0.67140	0.67085	0.67089	443	0	0
2026.01.20	02:00:00	0.67090	0.67124	0.67068	0.67095	884	0	0
2026.01.20	03:00:00	0.67095	0.67126	0.67064	0.67105	1428	0	8
2026.01.20	04:00:00	0.67104	0.67173	0.67077	0.67155	1045	0	8
2026.01.20	05:00:00	0.67155	0.67281	0.67154	0.67273	1051	0	8
2026.01.20	06:00:00	0.67273	0.67386	0.67263	0.67375	851	0	8
2026.01.20	07:00:00	0.67374	0.67412	0.67351	0.67351	1125	0	8
2026.01.20	08:00:00	0.67349	0.67392	0.67279	0.67309	1446	0	5
2026.01.20	09:00:00	0.67309	0.67443	0.67290	0.67435	1628	0	4
2026.01.20	10:00:00	0.67436	0.67469	0.67321	0.67357	2504	0	4
2026.01.20	11:00:00	0.67361	0.67386	0.67231	0.67283	2160	0	4
2026.01.20	12:00:00	0.67283	0.67346	0.67258	0.67319	1719	0	4
2026.01.20	13:00:00	0.67320	0.67390	0.67284	0.67355	1392	0	4
2026.01.20	14:00:00	0.67354	0.67379	0.67281	0.67308	1422	0	4
2026.01.20	15:00:00	0.67311	0.67374	0.67247	0.67295	2988	0	4
2026.01.20	16:00:00	0.67295	0.67362	0.67259	0.67331	3789	0	4
2026.01.20	17:00:00	0.67331	0.67453	0.67281	0.67410	3217	0	4
2026.01.20	18:00:00	0.67410	0.67451	0.67386	0.67416	2243	0	4
2026.01.20	19:00:00	0.67415	0.67448	0.67377	0.67386	1801	0	5
2026.01.20	20:00:00	0.67385	0.67423	0.67322	0.67350	1568	0	5
2026.01.20	21:00:00	0.67348	0.67358	0.67314	0.67319	1537	0	5
2026.01.20	22:00:00	0.67318	0.67358	0.67307	0.67349	1497	0	5
2026.01.20	23:00:00	0.67343	0.67370	0.67339	0.67362	539	0	5
2026.01.21	00:00:00	0.67315	0.67339	0.67273	0.67325	532	0	21
2026.01.21	01:00:00	0.67332	0.67348	0.67304	0.67310	623	0	0
2026.01.21	02:00:00	0.67312	0.67334	0.67296	0.67319	860	0	8
2026.01.21	03:00:00	0.67320	0.67433	0.67302	0.67428	1459	0	8
2026.01.21	04:00:00	0.67428	0.67430	0.67346	0.67353	1047	0	0
2026.01.21	05:00:00	0.67355	0.67378	0.67307	0.67318	1069	0	8
2026.01.21	06:00:00	0.67317	0.67331	0.67270	0.67319	860	0	0
2026.01.21	07:00:00	0.67318	0.67383	0.67306	0.67359	952	0	8
2026.01.21	08:00:00	0.67358	0.67530	0.67346	0.67497	1052	0	5
2026.01.21	09:00:00	0.67497	0.67558	0.67458	0.67519	1359	0	4
2026.01.21	10:00:00	0.67517	0.67583	0.67467	0.67524	1465	0	4
2026.01.21	11:00:00	0.67523	0.67568	0.67465	0.67475	1202	0	4
2026.01.21	12:00:00	0.67475	0.67485	0.67432	0.67465	1168	0	4
2026.01.21	13:00:00	0.67465	0.67519	0.67446	0.67500	1181	0	4
2026.01.21	14:00:00	0.67503	0.67682	0.67491	0.67670	1766	0	4
2026.01.21	15:00:00	0.67670	0.67736	0.67629	0.67704	1894	0	4
2026.01.21	16:00:00	0.67703	0.67736	0.67609	0.67723	3727	0	4
2026.01.21	17:00:00	0.67722	0.67778	0.67632	0.67700	2860	0	4
2026.01.21	18:00:00	0.67700	0.67743	0.67595	0.67624	2598	0	4
2026.01.21	19:00:00	0.67624	0.67647	0.67528	0.67596	2687	0	5
2026.01.21	20:00:00	0.67596	0.67614	0.67541	0.67599	1990	0	5
2026.01.21	21:00:00	0.67598	0.67643	0.67563	0.67627	3054	0	5
2026.01.21	22:00:00	0.67627	0.67628	0.67549	0.67615	2123	0	5
2026.01.21	23:00:00	0.67610	0.67639	0.67597	0.67614	682	0	6
2026.01.22	00:00:00	0.67579	0.67610	0.67561	0.67571	752	0	21
2026.01.22	01:00:00	0.67582	0.67599	0.67535	0.67540	612	0	0
2026.01.22	02:00:00	0.67540	0.67909	0.67530	0.67877	1787	0	8
2026.01.22	03:00:00	0.67876	0.67989	0.67859	0.67964	2045	0	8
2026.01.22	04:00:00	0.67963	0.67996	0.67904	0.67959	1149	0	8
2026.01.22	05:00:00	0.67960	0.68061	0.67959	0.68051	1036	0	8
2026.01.22	06:00:00	0.68051	0.68097	0.68029	0.68043	799	0	8
2026.01.22	07:00:00	0.68042	0.68066	0.67999	0.68046	1153	0	8
2026.01.22	08:00:00	0.68047	0.68066	0.67986	0.68057	1140	0	5
2026.01.22	09:00:00	0.68056	0.68115	0.68019	0.68041	1281	0	4
2026.01.22	10:00:00	0.68040	0.68047	0.67964	0.68009	1501	0	4
2026.01.22	11:00:00	0.68008	0.68103	0.67996	0.68022	1168	0	4
2026.01.22	12:00:00	0.68022	0.68052	0.67951	0.68026	1016	0	4
2026.01.22	13:00:00	0.68027	0.68049	0.67986	0.68023	1461	0	4
2026.01.22	14:00:00	0.68023	0.68097	0.68019	0.68065	1104	0	4
2026.01.22	15:00:00	0.68065	0.68157	0.68056	0.68141	1665	0	4
2026.01.22	16:00:00	0.68142	0.68207	0.68114	0.68132	2176	0	4
2026.01.22	17:00:00	0.68133	0.68259	0.68101	0.68257	2243	0	4
2026.01.22	18:00:00	0.68258	0.68369	0.68243	0.68333	1683	0	4
2026.01.22	19:00:00	0.68331	0.68404	0.68294	0.68395	1415	0	5
2026.01.22	20:00:00	0.68394	0.68442	0.68372	0.68427	889	0	5
2026.01.22	21:00:00	0.68426	0.68440	0.68389	0.68392	861	0	5
2026.01.22	22:00:00	0.68392	0.68406	0.68368	0.68376	748	0	5
2026.01.22	23:00:00	0.68369	0.68426	0.68368	0.68401	667	0	0
2026.01.23	00:00:00	0.68386	0.68408	0.68365	0.68392	340	0	19
2026.01.23	01:00:00	0.68398	0.68414	0.68379	0.68386	474	0	0
2026.01.23	02:00:00	0.68385	0.68451	0.68384	0.68417	798	0	8
2026.01.23	03:00:00	0.68418	0.68523	0.68418	0.68441	1637	0	8
2026.01.23	04:00:00	0.68440	0.68449	0.68385	0.68399	1117	0	8
2026.01.23	05:00:00	0.68400	0.68432	0.68361	0.68430	863	0	8
2026.01.23	06:00:00	0.68431	0.68494	0.68385	0.68489	760	0	0
2026.01.23	07:00:00	0.68489	0.68501	0.68450	0.68480	983	0	8
2026.01.23	08:00:00	0.68480	0.68541	0.68454	0.68495	1141	0	5
2026.01.23	09:00:00	0.68493	0.68506	0.68407	0.68431	1531	0	4
2026.01.23	10:00:00	0.68431	0.68494	0.68373	0.68477	1680	0	4
2026.01.23	11:00:00	0.68477	0.68510	0.68388	0.68401	1301	0	4
2026.01.23	12:00:00	0.68400	0.68463	0.68336	0.68463	955	0	4
2026.01.23	13:00:00	0.68464	0.68542	0.68438	0.68512	1087	0	4
2026.01.23	14:00:00	0.68512	0.68650	0.68503	0.68639	1226	0	4
2026.01.23	15:00:00	0.68639	0.68666	0.68495	0.68501	1358	0	4
2026.01.23	16:00:00	0.68501	0.68632	0.68477	0.68628	1627	0	4
2026.01.23	17:00:00	0.68632	0.68740	0.68625	0.68717	1684	0	4
2026.01.23	18:00:00	0.68717	0.68810	0.68646	0.68758	1695	0	4
2026.01.23	19:00:00	0.68758	0.68913	0.68744	0.68826	2232	0	5
2026.01.23	20:00:00	0.68826	0.68854	0.68739	0.68809	2092	0	5
2026.01.23	21:00:00	0.68809	0.68883	0.68808	0.68860	1443	0	5
2026.01.23	22:00:00	0.68860	0.68954	0.68848	0.68935	1274	0	5
2026.01.23	23:00:00	0.68927	0.68985	0.68922	0.68924	833	0	8
2026.01.26	00:00:00	0.69203	0.69307	0.69107	0.69305	1542	0	26
2026.01.26	01:00:00	0.69313	0.69313	0.69091	0.69132	1955	0	8
2026.01.26	02:00:00	0.69132	0.69193	0.69053	0.69184	2153	0	8
2026.01.26	03:00:00	0.69185	0.69251	0.69144	0.69191	2365	0	8
2026.01.26	04:00:00	0.69186	0.69286	0.69156	0.69189	1880	0	8
2026.01.26	05:00:00	0.69190	0.69212	0.69099	0.69127	1241	0	8
2026.01.26	06:00:00	0.69117	0.69171	0.69086	0.69136	1116	0	8
2026.01.26	07:00:00	0.69136	0.69184	0.69100	0.69136	1046	0	8
2026.01.26	08:00:00	0.69136	0.69212	0.69076	0.69123	1359	0	5
2026.01.26	09:00:00	0.69123	0.69194	0.69087	0.69111	1683	0	4
2026.01.26	10:00:00	0.69112	0.69244	0.69099	0.69216	2092	0	4
2026.01.26	11:00:00	0.69218	0.69266	0.69168	0.69213	1761	0	4
2026.01.26	12:00:00	0.69213	0.69276	0.69208	0.69211	1485	0	4
2026.01.26	13:00:00	0.69212	0.69217	0.69144	0.69206	1163	0	4
2026.01.26	14:00:00	0.69206	0.69263	0.69137	0.69152	1301	0	4
2026.01.26	15:00:00	0.69151	0.69180	0.69070	0.69168	1743	0	4
2026.01.26	16:00:00	0.69169	0.69396	0.69147	0.69387	2256	0	4
2026.01.26	17:00:00	0.69387	0.69398	0.69278	0.69393	2167	0	4
2026.01.26	18:00:00	0.69390	0.69391	0.69248	0.69323	1962	0	4
2026.01.26	19:00:00	0.69323	0.69409	0.69276	0.69337	1574	0	5
2026.01.26	20:00:00	0.69337	0.69378	0.69303	0.69303	1421	0	5
2026.01.26	21:00:00	0.69301	0.69309	0.69163	0.69189	1452	0	5
2026.01.26	22:00:00	0.69185	0.69200	0.69163	0.69169	1019	0	5
2026.01.26	23:00:00	0.69170	0.69192	0.69152	0.69156	825	0	6
2026.01.27	00:00:00	0.69096	0.69140	0.69072	0.69091	702	0	19
2026.01.27	01:00:00	0.69101	0.69161	0.69091	0.69126	686	0	0
2026.01.27	02:00:00	0.69127	0.69165	0.69064	0.69082	1157	0	8
2026.01.27	03:00:00	0.69082	0.69195	0.69074	0.69170	1484	0	8
2026.01.27	04:00:00	0.69170	0.69282	0.69160	0.69228	1285	0	8
2026.01.27	05:00:00	0.69229	0.69231	0.69120	0.69147	1128	0	8
2026.01.27	06:00:00	0.69147	0.69178	0.69065	0.69107	1042	0	8
2026.01.27	07:00:00	0.69105	0.69141	0.69066	0.69132	977	0	8
2026.01.27	08:00:00	0.69132	0.69192	0.69119	0.69163	961	0	5
2026.01.27	09:00:00	0.69162	0.69222	0.69134	0.69148	1285	0	4
2026.01.27	10:00:00	0.69147	0.69157	0.69015	0.69085	1594	0	4
2026.01.27	11:00:00	0.69084	0.69279	0.69075	0.69268	1429	0	4
2026.01.27	12:00:00	0.69267	0.69313	0.69200	0.69278	1521	0	4
2026.01.27	13:00:00	0.69277	0.69327	0.69270	0.69318	996	0	4
2026.01.27	14:00:00	0.69318	0.69473	0.69304	0.69454	1889	0	4
2026.01.27	15:00:00	0.69454	0.69522	0.69401	0.69445	2313	0	4
2026.01.27	16:00:00	0.69445	0.69651	0.69430	0.69593	2984	0	4
2026.01.27	17:00:00	0.69594	0.69740	0.69594	0.69645	3111	0	4
2026.01.27	18:00:00	0.69645	0.69822	0.69644	0.69772	2083	0	4
2026.01.27	19:00:00	0.69773	0.69794	0.69702	0.69776	1973	0	5
2026.01.27	20:00:00	0.69778	0.69815	0.69718	0.69761	1654	0	5
2026.01.27	21:00:00	0.69758	0.69819	0.69756	0.69790	1248	0	5
2026.01.27	22:00:00	0.69786	0.70163	0.69752	0.70058	3323	0	5
2026.01.27	23:00:00	0.70049	0.70147	0.70003	0.70111	2313	0	10
2026.01.28	00:00:00	0.70087	0.70107	0.70062	0.70087	483	0	8
2026.01.28	01:00:00	0.70087	0.70100	0.69943	0.69968	1102	0	8
2026.01.28	02:00:00	0.69970	0.70227	0.69891	0.69986	3401	0	8
2026.01.28	03:00:00	0.69988	0.70004	0.69829	0.69852	2847	0	8
2026.01.28	04:00:00	0.69853	0.69950	0.69792	0.69936	1845	0	8
2026.01.28	05:00:00	0.69937	0.69981	0.69882	0.69895	1240	0	8
2026.01.28	06:00:00	0.69892	0.69943	0.69845	0.69931	965	0	8
2026.01.28	07:00:00	0.69933	0.70030	0.69863	0.70026	1784	0	8
2026.01.28	08:00:00	0.70026	0.70114	0.69983	0.69997	1882	0	5
2026.01.28	09:00:00	0.69997	0.70199	0.69967	0.69983	2313	0	4
2026.01.28	10:00:00	0.69990	0.70112	0.69892	0.69940	2617	0	4
2026.01.28	11:00:00	0.69942	0.70043	0.69892	0.70016	1971	0	4
2026.01.28	12:00:00	0.70017	0.70146	0.69981	0.70082	1697	0	4
2026.01.28	13:00:00	0.70082	0.70087	0.69949	0.70020	1647	0	4
2026.01.28	14:00:00	0.70014	0.70083	0.69974	0.70025	1748	0	4
2026.01.28	15:00:00	0.70026	0.70029	0.69920	0.69964	2054	0	4
2026.01.28	16:00:00	0.69967	0.70082	0.69937	0.69990	2442	0	4
2026.01.28	17:00:00	0.69990	0.70061	0.69763	0.69987	5072	0	4
2026.01.28	18:00:00	0.69988	0.70023	0.69832	0.69918	2769	0	4
2026.01.28	19:00:00	0.69918	0.70025	0.69870	0.69997	1986	0	5
2026.01.28	20:00:00	0.69997	0.70013	0.69852	0.69905	1871	0	5
2026.01.28	21:00:00	0.69907	0.70132	0.69792	0.70089	4778	0	5
2026.01.28	22:00:00	0.70090	0.70315	0.70085	0.70270	2279	0	5
2026.01.28	23:00:00	0.70263	0.70427	0.70247	0.70399	1521	0	8
2026.01.29	00:00:00	0.70297	0.70388	0.70258	0.70373	972	0	21
2026.01.29	01:00:00	0.70378	0.70498	0.70308	0.70394	1601	0	8
2026.01.29	02:00:00	0.70394	0.70481	0.70312	0.70351	2337	0	8
2026.01.29	03:00:00	0.70351	0.70351	0.70216	0.70282	2546	0	8
2026.01.29	04:00:00	0.70282	0.70499	0.70201	0.70471	2156	0	8
2026.01.29	05:00:00	0.70472	0.70790	0.70464	0.70788	2437	0	8
2026.01.29	06:00:00	0.70789	0.70917	0.70736	0.70905	1918	0	8
2026.01.29	07:00:00	0.70904	0.70939	0.70828	0.70871	1818	0	8
2026.01.29	08:00:00	0.70870	0.70887	0.70769	0.70817	1830	0	5
2026.01.29	09:00:00	0.70812	0.70862	0.70632	0.70691	1945	0	4
2026.01.29	10:00:00	0.70688	0.70770	0.70517	0.70597	2537	0	4
2026.01.29	11:00:00	0.70597	0.70687	0.70524	0.70563	1973	0	4
2026.01.29	12:00:00	0.70562	0.70564	0.70306	0.70318	1893	0	4
2026.01.29	13:00:00	0.70319	0.70405	0.70263	0.70385	1840	0	4
2026.01.29	14:00:00	0.70384	0.70608	0.70366	0.70606	1507	0	4
2026.01.29	15:00:00	0.70604	0.70711	0.70572	0.70646	2919	0	4
2026.01.29	16:00:00	0.70648	0.70826	0.70591	0.70604	4143	0	4
2026.01.29	17:00:00	0.70604	0.70617	0.69692	0.69771	9010	0	4
2026.01.29	18:00:00	0.69770	0.70181	0.69765	0.70092	6227	0	4
2026.01.29	19:00:00	0.70094	0.70378	0.70089	0.70185	4545	0	5
2026.01.29	20:00:00	0.70182	0.70378	0.70138	0.70311	3452	0	5
2026.01.29	21:00:00	0.70312	0.70366	0.70255	0.70255	2763	0	5
2026.01.29	22:00:00	0.70256	0.70480	0.70230	0.70449	2008	0	5
2026.01.29	23:00:00	0.70438	0.70533	0.70424	0.70486	1313	0	8
2026.01.30	00:00:00	0.70438	0.70518	0.70421	0.70496	447	0	21
2026.01.30	01:00:00	0.70502	0.70553	0.70409	0.70470	1263	0	8
2026.01.30	02:00:00	0.70470	0.70530	0.70251	0.70251	2564	0	8
2026.01.30	03:00:00	0.70251	0.70279	0.70051	0.70059	4171	0	8
2026.01.30	04:00:00	0.70059	0.70069	0.69766	0.70053	4855	0	8
2026.01.30	05:00:00	0.70059	0.70076	0.69896	0.69975	2672	0	8
2026.01.30	06:00:00	0.69972	0.70089	0.69956	0.70035	1687	0	8
2026.01.30	07:00:00	0.70025	0.70081	0.69930	0.69987	1902	0	8
2026.01.30	08:00:00	0.69986	0.70055	0.69821	0.69827	2466	0	5
2026.01.30	09:00:00	0.69832	0.70032	0.69832	0.69982	2670	0	4
2026.01.30	10:00:00	0.69983	0.70092	0.69874	0.70038	2801	0	4
2026.01.30	11:00:00	0.70043	0.70117	0.69685	0.69763	3270	0	4
2026.01.30	12:00:00	0.69758	0.70004	0.69758	0.69955	2674	0	4
2026.01.30	13:00:00	0.69956	0.70244	0.69955	0.70227	2477	0	4
2026.01.30	14:00:00	0.70227	0.70321	0.70023	0.70049	2716	0	4
2026.01.30	15:00:00	0.70047	0.70191	0.69864	0.69911	4187	0	4
2026.01.30	16:00:00	0.69911	0.70261	0.69910	0.70119	4819	0	4
2026.01.30	17:00:00	0.70118	0.70261	0.70004	0.70046	5810	0	4
2026.01.30	18:00:00	0.70043	0.70053	0.69870	0.69933	4426	0	4
2026.01.30	19:00:00	0.69932	0.69939	0.69675	0.69723	4960	0	5
2026.01.30	20:00:00	0.69722	0.69801	0.69397	0.69785	5843	0	5
2026.01.30	21:00:00	0.69784	0.69866	0.69684	0.69724	4301	0	5
2026.01.30	22:00:00	0.69726	0.69726	0.69619	0.69628	3042	0	5
2026.01.30	23:00:00	0.69617	0.69665	0.69583	0.69583	1694	0	18
2026.02.02	00:00:00	0.69464	0.69527	0.69384	0.69385	955	0	30
2026.02.02	01:00:00	0.69387	0.69524	0.69198	0.69429	4230	0	8
2026.02.02	02:00:00	0.69428	0.69709	0.69428	0.69647	4276	0	8
2026.02.02	03:00:00	0.69647	0.69656	0.69415	0.69634	5107	0	8
2026.02.02	04:00:00	0.69637	0.69681	0.69432	0.69446	4000	0	8
2026.02.02	05:00:00	0.69445	0.69541	0.69374	0.69408	3542	0	8
2026.02.02	06:00:00	0.69409	0.69458	0.69299	0.69410	3119	0	8
2026.02.02	07:00:00	0.69409	0.69418	0.69132	0.69252	3258	0	8
2026.02.02	08:00:00	0.69254	0.69299	0.69082	0.69237	3746	0	5
2026.02.02	09:00:00	0.69237	0.69460	0.69226	0.69422	3187	0	4
2026.02.02	10:00:00	0.69424	0.69598	0.69374	0.69473	3257	0	4
2026.02.02	11:00:00	0.69471	0.69652	0.69389	0.69637	3116	0	4
2026.02.02	12:00:00	0.69637	0.69686	0.69477	0.69561	2519	0	4
2026.02.02	13:00:00	0.69562	0.69708	0.69547	0.69567	2264	0	4
2026.02.02	14:00:00	0.69566	0.69662	0.69514	0.69589	2833	0	4
2026.02.02	15:00:00	0.69589	0.69593	0.69400	0.69475	4229	0	4
2026.02.02	16:00:00	0.69475	0.69678	0.69393	0.69606	4586	0	4
2026.02.02	17:00:00	0.69574	0.69668	0.69424	0.69445	5637	0	4
2026.02.02	18:00:00	0.69445	0.69663	0.69404	0.69587	3901	0	4
2026.02.02	19:00:00	0.69585	0.69639	0.69501	0.69520	2767	0	5
2026.02.02	20:00:00	0.69521	0.69521	0.69359	0.69389	2109	0	5
2026.02.02	21:00:00	0.69388	0.69472	0.69349	0.69445	1720	0	5
2026.02.02	22:00:00	0.69445	0.69520	0.69415	0.69504	1924	0	5
2026.02.02	23:00:00	0.69500	0.69531	0.69462	0.69470	834	0	8
2026.02.03	00:00:00	0.69478	0.69508	0.69428	0.69484	676	0	8
2026.02.03	01:00:00	0.69482	0.69576	0.69460	0.69576	1056	0	8
2026.02.03	02:00:00	0.69575	0.69693	0.69564	0.69678	1606	0	8
2026.02.03	03:00:00	0.69674	0.69782	0.69628	0.69764	2338	0	8
2026.02.03	04:00:00	0.69775	0.69784	0.69567	0.69616	1985	0	8
2026.02.03	05:00:00	0.69615	0.70260	0.69599	0.70226	3677	0	8
2026.02.03	06:00:00	0.70232	0.70324	0.70010	0.70078	2660	0	8
2026.02.03	07:00:00	0.70076	0.70156	0.70022	0.70052	2370	0	8
2026.02.03	08:00:00	0.70062	0.70205	0.70018	0.70168	2613	0	5
2026.02.03	09:00:00	0.70179	0.70505	0.70138	0.70418	2732	0	4
2026.02.03	10:00:00	0.70426	0.70445	0.70284	0.70292	2564	0	4
2026.02.03	11:00:00	0.70295	0.70318	0.70040	0.70056	2618	0	4
2026.02.03	12:00:00	0.70054	0.70138	0.70021	0.70022	1684	0	4
2026.02.03	13:00:00	0.70023	0.70099	0.69968	0.69996	1625	0	4
2026.02.03	14:00:00	0.69987	0.70139	0.69983	0.70114	1810	0	4
2026.02.03	15:00:00	0.70113	0.70157	0.70048	0.70083	2467	0	4
2026.02.03	16:00:00	0.70082	0.70082	0.69900	0.69906	3444	0	4
2026.02.03	17:00:00	0.69907	0.70152	0.69802	0.70132	4410	0	4
2026.02.03	18:00:00	0.70141	0.70245	0.70100	0.70189	3348	0	4
2026.02.03	19:00:00	0.70189	0.70205	0.70064	0.70103	3389	0	5
2026.02.03	20:00:00	0.70102	0.70195	0.69984	0.69984	3013	0	5
2026.02.03	21:00:00	0.69975	0.70110	0.69930	0.70069	3530	0	5
2026.02.03	22:00:00	0.70069	0.70233	0.70023	0.70200	2167	0	5
2026.02.03	23:00:00	0.70205	0.70261	0.70197	0.70214	1132	0	8
2026.02.04	00:00:00	0.70142	0.70205	0.70109	0.70182	714	0	8
2026.02.04	01:00:00	0.70186	0.70225	0.70139	0.70224	938	0	8
2026.02.04	02:00:00	0.70225	0.70254	0.70153	0.70180	1469	0	8
2026.02.04	03:00:00	0.70181	0.70360	0.70164	0.70282	2637	0	8
2026.02.04	04:00:00	0.70282	0.70356	0.70133	0.70172	1991	0	8
2026.02.04	05:00:00	0.70174	0.70225	0.70135	0.70208	1567	0	8
2026.02.04	06:00:00	0.70207	0.70241	0.70177	0.70231	865	0	8
2026.02.04	07:00:00	0.70231	0.70323	0.70218	0.70291	1062	0	8
2026.02.04	08:00:00	0.70286	0.70338	0.70258	0.70321	1392	0	5
2026.02.04	09:00:00	0.70322	0.70358	0.70237	0.70333	1464	0	4
2026.02.04	10:00:00	0.70326	0.70430	0.70295	0.70360	1913	0	4
2026.02.04	11:00:00	0.70362	0.70401	0.70143	0.70195	1998	0	4
2026.02.04	12:00:00	0.70195	0.70249	0.70155	0.70191	1591	0	4
2026.02.04	13:00:00	0.70191	0.70230	0.70099	0.70206	1443	0	4
2026.02.04	14:00:00	0.70208	0.70341	0.70195	0.70290	1436	0	4
2026.02.04	15:00:00	0.70285	0.70355	0.70226	0.70330	2561	0	4
2026.02.04	16:00:00	0.70326	0.70336	0.70102	0.70102	4556	0	4
2026.02.04	17:00:00	0.70103	0.70204	0.69960	0.69984	6397	0	4
2026.02.04	18:00:00	0.69982	0.69989	0.69808	0.69942	4070	0	4
2026.02.04	19:00:00	0.69951	0.70029	0.69723	0.69789	4433	0	5
2026.02.04	20:00:00	0.69791	0.69863	0.69708	0.69800	3659	0	5
2026.02.04	21:00:00	0.69800	0.69998	0.69736	0.69977	3158	0	5
2026.02.04	22:00:00	0.69978	0.69994	0.69921	0.69956	1822	0	5
2026.02.04	23:00:00	0.69957	0.69997	0.69926	0.69973	951	0	0
2026.02.05	00:00:00	0.69901	0.69994	0.69901	0.69977	342	0	8
2026.02.05	01:00:00	0.69978	0.69992	0.69926	0.69934	932	0	8
2026.02.05	02:00:00	0.69934	0.70069	0.69930	0.70037	1246	0	8
2026.02.05	03:00:00	0.70038	0.70070	0.69950	0.69975	2440	0	8
2026.02.05	04:00:00	0.69974	0.69975	0.69575	0.69609	3996	0	8
2026.02.05	05:00:00	0.69605	0.69756	0.69585	0.69644	3456	0	8
2026.02.05	06:00:00	0.69645	0.69742	0.69630	0.69692	1517	0	8
2026.02.05	07:00:00	0.69691	0.69731	0.69625	0.69718	1682	0	8
2026.02.05	08:00:00	0.69718	0.69790	0.69680	0.69783	1764	0	5
2026.02.05	09:00:00	0.69772	0.69856	0.69744	0.69768	1896	0	4
2026.02.05	10:00:00	0.69769	0.69907	0.69742	0.69770	2217	0	4
2026.02.05	11:00:00	0.69771	0.69779	0.69643	0.69661	2333	0	4
2026.02.05	12:00:00	0.69662	0.69761	0.69644	0.69744	1595	0	4
2026.02.05	13:00:00	0.69744	0.69852	0.69728	0.69786	1540	0	4
2026.02.05	14:00:00	0.69797	0.69852	0.69621	0.69691	3934	0	4
2026.02.05	15:00:00	0.69690	0.69810	0.69663	0.69678	3950	0	4
2026.02.05	16:00:00	0.69677	0.69825	0.69584	0.69736	5431	0	4
2026.02.05	17:00:00	0.69729	0.69771	0.69397	0.69529	6415	0	4
2026.02.05	18:00:00	0.69527	0.69763	0.69470	0.69725	4636	0	4
2026.02.05	19:00:00	0.69724	0.69800	0.69616	0.69716	3819	0	5
2026.02.05	20:00:00	0.69716	0.69750	0.69561	0.69593	2801	0	5
2026.02.05	21:00:00	0.69592	0.69708	0.69584	0.69592	2337	0	5
2026.02.05	22:00:00	0.69581	0.69669	0.69419	0.69424	2290	0	5
2026.02.05	23:00:00	0.69421	0.69456	0.69264	0.69270	1565	0	8
2026.02.06	00:00:00	0.69234	0.69317	0.69234	0.69277	651	0	8
2026.02.06	01:00:00	0.69282	0.69295	0.69121	0.69163	1683	0	8
2026.02.06	02:00:00	0.69162	0.69227	0.68972	0.69215	2908	0	8
2026.02.06	03:00:00	0.69216	0.69375	0.69106	0.69349	3653	0	8
2026.02.06	04:00:00	0.69350	0.69468	0.69347	0.69368	2638	0	8
2026.02.06	05:00:00	0.69367	0.69417	0.69324	0.69408	1929	0	8
2026.02.06	06:00:00	0.69407	0.69450	0.69362	0.69429	1433	0	8
2026.02.06	07:00:00	0.69429	0.69549	0.69401	0.69544	1942	0	8
2026.02.06	08:00:00	0.69545	0.69638	0.69534	0.69583	1787	0	5
2026.02.06	09:00:00	0.69591	0.69606	0.69515	0.69582	1563	0	4
2026.02.06	10:00:00	0.69582	0.69661	0.69529	0.69629	2190	0	4
2026.02.06	11:00:00	0.69629	0.69780	0.69596	0.69749	2024	0	4
2026.02.06	12:00:00	0.69749	0.69778	0.69668	0.69736	1309	0	4
2026.02.06	13:00:00	0.69736	0.69875	0.69714	0.69844	1479	0	4
2026.02.06	14:00:00	0.69843	0.69874	0.69789	0.69828	1384	0	4
2026.02.06	15:00:00	0.69830	0.69942	0.69820	0.69931	2380	0	4
2026.02.06	16:00:00	0.69931	0.70129	0.69898	0.70087	3489	0	4
2026.02.06	17:00:00	0.70087	0.70132	0.69988	0.70056	4284	0	4
2026.02.06	18:00:00	0.70057	0.70200	0.70051	0.70121	2414	0	4
2026.02.06	19:00:00	0.70123	0.70250	0.70113	0.70201	1843	0	5
2026.02.06	20:00:00	0.70200	0.70245	0.70170	0.70175	1122	0	5
2026.02.06	21:00:00	0.70176	0.70195	0.70133	0.70166	1008	0	5
2026.02.06	22:00:00	0.70166	0.70204	0.70151	0.70178	1019	0	5
2026.02.06	23:00:00	0.70179	0.70226	0.70109	0.70110	1022	0	8
2026.02.09	00:00:00	0.70073	0.70213	0.70023	0.70158	686	0	30
2026.02.09	01:00:00	0.70165	0.70379	0.70157	0.70359	1934	0	8
2026.02.09	02:00:00	0.70358	0.70358	0.70219	0.70236	1964	0	8
2026.02.09	03:00:00	0.70236	0.70262	0.70151	0.70187	2069	0	8
2026.02.09	04:00:00	0.70186	0.70335	0.70170	0.70261	1605	0	8
2026.02.09	05:00:00	0.70262	0.70317	0.70199	0.70209	1158	0	8
2026.02.09	06:00:00	0.70210	0.70254	0.70202	0.70231	827	0	8
2026.02.09	07:00:00	0.70232	0.70303	0.70217	0.70287	928	0	1
2026.02.09	08:00:00	0.70288	0.70399	0.70228	0.70380	2092	0	5
2026.02.09	09:00:00	0.70379	0.70430	0.70284	0.70329	1874	0	4
2026.02.09	10:00:00	0.70327	0.70391	0.70260	0.70373	1982	0	4
2026.02.09	11:00:00	0.70378	0.70456	0.70308	0.70329	1430	0	4
2026.02.09	12:00:00	0.70328	0.70347	0.70136	0.70205	1863	0	4
2026.02.09	13:00:00	0.70202	0.70387	0.70168	0.70353	1599	0	4
2026.02.09	14:00:00	0.70352	0.70494	0.70352	0.70494	1565	0	4
2026.02.09	15:00:00	0.70494	0.70622	0.70485	0.70557	2569	0	4
2026.02.09	16:00:00	0.70558	0.70804	0.70554	0.70799	3595	0	4
2026.02.09	17:00:00	0.70799	0.70921	0.70756	0.70878	2754	0	4
2026.02.09	18:00:00	0.70878	0.70912	0.70812	0.70858	1842	0	4
2026.02.09	19:00:00	0.70858	0.70898	0.70837	0.70871	1222	0	5
2026.02.09	20:00:00	0.70872	0.70950	0.70828	0.70930	1670	0	5
2026.02.09	21:00:00	0.70930	0.70986	0.70898	0.70961	1048	0	5
2026.02.09	22:00:00	0.70960	0.70973	0.70912	0.70933	974	0	5
2026.02.09	23:00:00	0.70927	0.70938	0.70885	0.70926	686	0	8
2026.02.10	00:00:00	0.70894	0.70938	0.70835	0.70878	624	0	21
2026.02.10	01:00:00	0.70889	0.70922	0.70827	0.70834	910	0	1
2026.02.10	02:00:00	0.70831	0.70858	0.70757	0.70795	1167	0	8
2026.02.10	03:00:00	0.70797	0.70886	0.70758	0.70873	1949	0	8
2026.02.10	04:00:00	0.70874	0.70904	0.70800	0.70861	1607	0	8
2026.02.10	05:00:00	0.70861	0.70867	0.70743	0.70751	1217	0	8
2026.02.10	06:00:00	0.70751	0.70792	0.70712	0.70730	831	0	8
2026.02.10	07:00:00	0.70730	0.70756	0.70687	0.70723	971	0	8
2026.02.10	08:00:00	0.70721	0.70724	0.70637	0.70681	1117	0	5
2026.02.10	09:00:00	0.70685	0.70736	0.70641	0.70714	1139	0	4
2026.02.10	10:00:00	0.70708	0.70760	0.70671	0.70712	1521	0	4
2026.02.10	11:00:00	0.70713	0.70809	0.70698	0.70735	1139	0	4
2026.02.10	12:00:00	0.70734	0.70763	0.70685	0.70739	1005	0	1
2026.02.10	13:00:00	0.70739	0.70754	0.70706	0.70737	989	0	4
2026.02.10	14:00:00	0.70737	0.70776	0.70641	0.70697	1390	0	4
2026.02.10	15:00:00	0.70694	0.70797	0.70661	0.70747	2184	0	4
2026.02.10	16:00:00	0.70750	0.70907	0.70680	0.70836	3255	0	4
2026.02.10	17:00:00	0.70838	0.70883	0.70716	0.70850	3272	0	4
2026.02.10	18:00:00	0.70849	0.70865	0.70692	0.70703	2689	0	4
2026.02.10	19:00:00	0.70701	0.70774	0.70676	0.70738	1527	0	5
2026.02.10	20:00:00	0.70737	0.70747	0.70657	0.70712	1739	0	5
2026.02.10	21:00:00	0.70711	0.70797	0.70684	0.70791	1099	0	5
2026.02.10	22:00:00	0.70788	0.70802	0.70728	0.70734	1173	0	5
2026.02.10	23:00:00	0.70728	0.70746	0.70709	0.70739	645	0	7
2026.02.11	00:00:00	0.70728	0.70749	0.70612	0.70692	425	0	21
2026.02.11	01:00:00	0.70699	0.70745	0.70699	0.70732	561	0	8
2026.02.11	02:00:00	0.70733	0.70851	0.70721	0.70817	1125	0	8
2026.02.11	03:00:00	0.70813	0.70982	0.70802	0.70947	1482	0	8
2026.02.11	04:00:00	0.70947	0.71240	0.70931	0.71190	1926	0	8
2026.02.11	05:00:00	0.71187	0.71275	0.71132	0.71253	1406	0	8
2026.02.11	06:00:00	0.71254	0.71277	0.71106	0.71112	968	0	1
2026.02.11	07:00:00	0.71111	0.71162	0.71083	0.71157	1141	0	8
2026.02.11	08:00:00	0.71158	0.71207	0.71033	0.71071	1391	0	5
2026.02.11	09:00:00	0.71069	0.71102	0.71022	0.71081	1205	0	4
2026.02.11	10:00:00	0.71081	0.71128	0.70979	0.71116	1289	0	4
2026.02.11	11:00:00	0.71119	0.71168	0.71078	0.71138	1320	0	4
2026.02.11	12:00:00	0.71137	0.71241	0.71088	0.71195	1336	0	4
2026.02.11	13:00:00	0.71196	0.71224	0.71108	0.71111	1445	0	4
2026.02.11	14:00:00	0.71111	0.71136	0.71064	0.71106	1507	0	4
2026.02.11	15:00:00	0.71107	0.71194	0.70713	0.71143	5111	0	4
2026.02.11	16:00:00	0.71141	0.71361	0.71110	0.71263	5866	0	4
2026.02.11	17:00:00	0.71265	0.71299	0.70917	0.71081	6125	0	4
2026.02.11	18:00:00	0.71081	0.71283	0.70999	0.71280	3571	0	4
2026.02.11	19:00:00	0.71280	0.71420	0.71208	0.71388	2958	0	5
2026.02.11	20:00:00	0.71388	0.71424	0.71256	0.71333	2540	0	5
2026.02.11	21:00:00	0.71331	0.71385	0.71286	0.71300	1834	0	5
2026.02.11	22:00:00	0.71299	0.71304	0.71236	0.71237	1293	0	5
2026.02.11	23:00:00	0.71231	0.71274	0.71209	0.71265	748	0	1
2026.02.12	00:00:00	0.71223	0.71299	0.71191	0.71264	541	0	19
2026.02.12	01:00:00	0.71267	0.71303	0.71206	0.71241	920	0	8
2026.02.12	02:00:00	0.71240	0.71368	0.71186	0.71363	1302	0	8
2026.02.12	03:00:00	0.71362	0.71466	0.71317	0.71431	1899	0	8
2026.02.12	04:00:00	0.71437	0.71472	0.71311	0.71355	1424	0	8
2026.02.12	05:00:00	0.71355	0.71409	0.71261	0.71295	1343	0	8
2026.02.12	06:00:00	0.71294	0.71367	0.71119	0.71143	1307	0	8
2026.02.12	07:00:00	0.71145	0.71250	0.71114	0.71250	1205	0	8
2026.02.12	08:00:00	0.71251	0.71256	0.71045	0.71100	1899	0	5
2026.02.12	09:00:00	0.71102	0.71230	0.71092	0.71196	1354	0	4
2026.02.12	10:00:00	0.71206	0.71234	0.71079	0.71166	1730	0	4
2026.02.12	11:00:00	0.71167	0.71229	0.71148	0.71229	1293	0	4
2026.02.12	12:00:00	0.71229	0.71285	0.71172	0.71229	1001	0	4
2026.02.12	13:00:00	0.71229	0.71301	0.71188	0.71290	984	0	4
2026.02.12	14:00:00	0.71290	0.71315	0.71171	0.71215	1557	0	4
2026.02.12	15:00:00	0.71214	0.71410	0.71189	0.71404	2139	0	4
2026.02.12	16:00:00	0.71406	0.71448	0.71194	0.71232	3513	0	4
2026.02.12	17:00:00	0.71232	0.71337	0.71162	0.71336	3805	0	4
2026.02.12	18:00:00	0.71336	0.71336	0.70838	0.70952	6544	0	4
2026.02.12	19:00:00	0.70960	0.70969	0.70843	0.70856	4820	0	5
2026.02.12	20:00:00	0.70852	0.70935	0.70758	0.70902	3673	0	5
2026.02.12	21:00:00	0.70901	0.70987	0.70877	0.70962	2452	0	5
2026.02.12	22:00:00	0.70960	0.70983	0.70845	0.70865	1948	0	5
2026.02.12	23:00:00	0.70865	0.70905	0.70847	0.70901	739	0	8
2026.02.13	00:00:00	0.70861	0.70928	0.70831	0.70878	913	0	8
2026.02.13	01:00:00	0.70865	0.70922	0.70835	0.70868	1017	0	8
2026.02.13	02:00:00	0.70867	0.70928	0.70799	0.70827	1483	0	8
2026.02.13	03:00:00	0.70826	0.70974	0.70823	0.70880	2031	0	8
2026.02.13	04:00:00	0.70883	0.70927	0.70850	0.70900	1458	0	8
2026.02.13	05:00:00	0.70901	0.70919	0.70804	0.70833	1077	0	8
2026.02.13	06:00:00	0.70833	0.70909	0.70786	0.70831	979	0	8
2026.02.13	07:00:00	0.70830	0.70889	0.70662	0.70687	1836	0	8
2026.02.13	08:00:00	0.70697	0.70712	0.70505	0.70561	1748	0	5
2026.02.13	09:00:00	0.70561	0.70618	0.70435	0.70596	1718	0	4
2026.02.13	10:00:00	0.70596	0.70771	0.70596	0.70758	2052	0	4
2026.02.13	11:00:00	0.70758	0.70796	0.70684	0.70711	1542	0	4
2026.02.13	12:00:00	0.70710	0.70729	0.70601	0.70620	1331	0	4
2026.02.13	13:00:00	0.70617	0.70636	0.70457	0.70498	1830	0	4
2026.02.13	14:00:00	0.70500	0.70558	0.70441	0.70526	1978	0	4
2026.02.13	15:00:00	0.70532	0.70750	0.70466	0.70683	4540	0	4
2026.02.13	16:00:00	0.70682	0.70806	0.70475	0.70502	5981	0	4
2026.02.13	17:00:00	0.70504	0.70784	0.70499	0.70607	6601	0	4
2026.02.13	18:00:00	0.70604	0.70720	0.70569	0.70669	3458	0	4
2026.02.13	19:00:00	0.70672	0.70813	0.70662	0.70770	2471	0	5
2026.02.13	20:00:00	0.70770	0.70856	0.70725	0.70803	2336	0	5
2026.02.13	21:00:00	0.70803	0.70846	0.70700	0.70717	2146	0	5
2026.02.13	22:00:00	0.70717	0.70756	0.70645	0.70740	2298	0	5
2026.02.13	23:00:00	0.70741	0.70770	0.70671	0.70677	753	0	5
2026.02.16	00:00:00	0.70545	0.70667	0.70545	0.70652	685	0	27
2026.02.16	01:00:00	0.70663	0.70715	0.70639	0.70707	1016	0	8
2026.02.16	02:00:00	0.70711	0.70783	0.70679	0.70774	1327	0	8
2026.02.16	03:00:00	0.70775	0.70855	0.70730	0.70840	1272	0	8
2026.02.16	04:00:00	0.70840	0.70862	0.70791	0.70826	1209	0	8
2026.02.16	05:00:00	0.70827	0.70870	0.70786	0.70841	973	0	8
2026.02.16	06:00:00	0.70842	0.70876	0.70808	0.70856	861	0	8
2026.02.16	07:00:00	0.70855	0.70895	0.70830	0.70869	782	0	0
2026.02.16	08:00:00	0.70867	0.70949	0.70855	0.70880	764	0	5
2026.02.16	09:00:00	0.70880	0.70913	0.70827	0.70879	968	0	4
2026.02.16	10:00:00	0.70880	0.70969	0.70823	0.70941	1631	0	4
2026.02.16	11:00:00	0.70940	0.70961	0.70808	0.70829	1143	0	4
2026.02.16	12:00:00	0.70834	0.70888	0.70804	0.70863	1078	0	4
2026.02.16	13:00:00	0.70863	0.70863	0.70768	0.70835	960	0	4
2026.02.16	14:00:00	0.70835	0.70856	0.70806	0.70856	871	0	4
2026.02.16	15:00:00	0.70856	0.70883	0.70796	0.70835	1098	0	4
2026.02.16	16:00:00	0.70835	0.70872	0.70711	0.70770	1493	0	4
2026.02.16	17:00:00	0.70772	0.70791	0.70673	0.70680	1265	0	4
2026.02.16	18:00:00	0.70680	0.70752	0.70669	0.70730	1006	0	4
2026.02.16	19:00:00	0.70729	0.70752	0.70714	0.70729	544	0	1
2026.02.16	20:00:00	0.70728	0.70755	0.70719	0.70732	305	0	0
2026.02.16	21:00:00	0.70728	0.70756	0.70724	0.70751	257	0	0
2026.02.16	22:00:00	0.70756	0.70767	0.70731	0.70749	253	0	0
2026.02.16	23:00:00	0.70753	0.70754	0.70697	0.70712	352	0	0
2026.02.17	00:00:00	0.70668	0.70757	0.70665	0.70730	471	0	8
2026.02.17	01:00:00	0.70730	0.70742	0.70701	0.70716	536	0	8
2026.02.17	02:00:00	0.70721	0.70759	0.70639	0.70645	1222	0	8
2026.02.17	03:00:00	0.70659	0.70725	0.70560	0.70587	1740	0	8
2026.02.17	04:00:00	0.70585	0.70630	0.70512	0.70585	1378	0	8
2026.02.17	05:00:00	0.70586	0.70588	0.70461	0.70552	1526	0	8
2026.02.17	06:00:00	0.70552	0.70676	0.70536	0.70671	918	0	8
2026.02.17	07:00:00	0.70671	0.70690	0.70559	0.70614	1683	0	8
2026.02.17	08:00:00	0.70615	0.70686	0.70615	0.70674	1018	0	5
2026.02.17	09:00:00	0.70673	0.70673	0.70537	0.70636	1563	0	4
2026.02.17	10:00:00	0.70634	0.70697	0.70629	0.70675	1887	0	4
2026.02.17	11:00:00	0.70675	0.70734	0.70658	0.70719	1464	0	4
2026.02.17	12:00:00	0.70717	0.70770	0.70641	0.70652	1413	0	4
2026.02.17	13:00:00	0.70652	0.70690	0.70586	0.70619	1696	0	4
2026.02.17	14:00:00	0.70620	0.70659	0.70524	0.70536	1512	0	4
2026.02.17	15:00:00	0.70538	0.70601	0.70418	0.70453	2782	0	4
2026.02.17	16:00:00	0.70452	0.70598	0.70369	0.70379	4923	0	4
2026.02.17	17:00:00	0.70380	0.70484	0.70282	0.70436	5600	0	4
2026.02.17	18:00:00	0.70437	0.70677	0.70429	0.70634	3949	0	4
2026.02.17	19:00:00	0.70634	0.70690	0.70559	0.70653	2976	0	5
2026.02.17	20:00:00	0.70656	0.70896	0.70634	0.70867	2493	0	5
2026.02.17	21:00:00	0.70868	0.70896	0.70801	0.70821	1603	0	5
2026.02.17	22:00:00	0.70821	0.70847	0.70801	0.70823	1268	0	5
2026.02.17	23:00:00	0.70824	0.70856	0.70805	0.70849	573	0	1
2026.02.18	00:00:00	0.70704	0.70863	0.70704	0.70863	366	0	8
2026.02.18	01:00:00	0.70864	0.70876	0.70805	0.70808	786	0	8
2026.02.18	02:00:00	0.70809	0.70846	0.70760	0.70769	1217	0	8
2026.02.18	03:00:00	0.70767	0.70784	0.70718	0.70760	1539	0	8
2026.02.18	04:00:00	0.70759	0.70770	0.70665	0.70681	1076	0	8
2026.02.18	05:00:00	0.70675	0.70715	0.70647	0.70682	904	0	8
2026.02.18	06:00:00	0.70682	0.70725	0.70658	0.70682	872	0	8
2026.02.18	07:00:00	0.70681	0.70711	0.70656	0.70687	575	0	8
2026.02.18	08:00:00	0.70687	0.70732	0.70645	0.70709	721	0	5
2026.02.18	09:00:00	0.70708	0.70741	0.70630	0.70691	1073	0	4
2026.02.18	10:00:00	0.70693	0.70759	0.70676	0.70706	1509	0	4
2026.02.18	11:00:00	0.70706	0.70802	0.70693	0.70781	1148	0	4
2026.02.18	12:00:00	0.70781	0.70810	0.70713	0.70733	951	0	4
2026.02.18	13:00:00	0.70733	0.70749	0.70683	0.70718	799	0	4
2026.02.18	14:00:00	0.70721	0.70781	0.70682	0.70705	1344	0	4
2026.02.18	15:00:00	0.70705	0.70757	0.70564	0.70567	1713	0	4
2026.02.18	16:00:00	0.70563	0.70653	0.70504	0.70623	3339	0	4
2026.02.18	17:00:00	0.70624	0.70740	0.70613	0.70714	2579	0	4
2026.02.18	18:00:00	0.70714	0.70774	0.70635	0.70640	1810	0	4
2026.02.18	19:00:00	0.70641	0.70672	0.70581	0.70643	1443	0	5
2026.02.18	20:00:00	0.70643	0.70663	0.70467	0.70500	1749	0	5
2026.02.18	21:00:00	0.70499	0.70535	0.70343	0.70382	2446	0	5
2026.02.18	22:00:00	0.70382	0.70435	0.70353	0.70406	1391	0	5
2026.02.18	23:00:00	0.70407	0.70434	0.70397	0.70420	482	0	8
2026.02.19	00:00:00	0.70411	0.70456	0.70375	0.70456	502	0	8
2026.02.19	01:00:00	0.70456	0.70467	0.70423	0.70433	609	0	8
2026.02.19	02:00:00	0.70434	0.70543	0.70385	0.70465	1605	0	8
2026.02.19	03:00:00	0.70463	0.70675	0.70463	0.70659	1633	0	8
2026.02.19	04:00:00	0.70659	0.70702	0.70602	0.70684	1148	0	8
2026.02.19	05:00:00	0.70685	0.70714	0.70621	0.70632	996	0	8
2026.02.19	06:00:00	0.70633	0.70647	0.70487	0.70509	980	0	8
2026.02.19	07:00:00	0.70510	0.70547	0.70445	0.70539	943	0	0
2026.02.19	08:00:00	0.70538	0.70673	0.70505	0.70661	945	0	5
2026.02.19	09:00:00	0.70670	0.70752	0.70641	0.70735	1093	0	4
2026.02.19	10:00:00	0.70735	0.70802	0.70648	0.70693	1598	0	4
2026.02.19	11:00:00	0.70692	0.70753	0.70573	0.70602	1689	0	4
2026.02.19	12:00:00	0.70597	0.70633	0.70495	0.70540	1668	0	4
2026.02.19	13:00:00	0.70536	0.70607	0.70422	0.70461	1399	0	4
2026.02.19	14:00:00	0.70461	0.70555	0.70424	0.70474	1549	0	4
2026.02.19	15:00:00	0.70474	0.70542	0.70370	0.70529	2403	0	4
2026.02.19	16:00:00	0.70524	0.70534	0.70235	0.70357	3827	0	4
2026.02.19	17:00:00	0.70355	0.70678	0.70311	0.70571	4715	0	4
2026.02.19	18:00:00	0.70572	0.70607	0.70471	0.70489	2941	0	4
2026.02.19	19:00:00	0.70481	0.70565	0.70435	0.70493	2425	0	5
2026.02.19	20:00:00	0.70494	0.70576	0.70463	0.70553	2049	0	5
2026.02.19	21:00:00	0.70555	0.70576	0.70426	0.70476	1837	0	5
2026.02.19	22:00:00	0.70477	0.70557	0.70476	0.70552	1312	0	5
2026.02.19	23:00:00	0.70552	0.70602	0.70542	0.70572	742	0	0
2026.02.20	00:00:00	0.70528	0.70585	0.70496	0.70585	558	0	8
2026.02.20	01:00:00	0.70585	0.70618	0.70537	0.70561	776	0	8
2026.02.20	02:00:00	0.70560	0.70582	0.70506	0.70544	1064	0	8
2026.02.20	03:00:00	0.70546	0.70566	0.70220	0.70316	2045	0	8
2026.02.20	04:00:00	0.70316	0.70346	0.70146	0.70218	2078	0	8
2026.02.20	05:00:00	0.70219	0.70321	0.70219	0.70288	1157	0	8
2026.02.20	06:00:00	0.70288	0.70360	0.70279	0.70314	927	0	8
2026.02.20	07:00:00	0.70313	0.70439	0.70313	0.70429	1168	0	8
2026.02.20	08:00:00	0.70429	0.70478	0.70402	0.70476	1090	0	5
2026.02.20	09:00:00	0.70479	0.70539	0.70400	0.70410	1537	0	4
2026.02.20	10:00:00	0.70410	0.70561	0.70382	0.70552	1897	0	4
2026.02.20	11:00:00	0.70552	0.70670	0.70539	0.70586	1580	0	4
2026.02.20	12:00:00	0.70587	0.70613	0.70529	0.70542	1280	0	4
2026.02.20	13:00:00	0.70538	0.70556	0.70466	0.70468	1300	0	4
2026.02.20	14:00:00	0.70466	0.70513	0.70412	0.70436	1609	0	4
2026.02.20	15:00:00	0.70433	0.70560	0.70396	0.70527	2659	0	4
2026.02.20	16:00:00	0.70527	0.70607	0.70395	0.70601	3710	0	4
2026.02.20	17:00:00	0.70603	0.70887	0.70451	0.70853	9040	0	4
2026.02.20	18:00:00	0.70853	0.70901	0.70681	0.70813	4863	0	4
2026.02.20	19:00:00	0.70815	0.70819	0.70599	0.70756	4213	0	5
2026.02.20	20:00:00	0.70756	0.70938	0.70681	0.70858	4815	0	5
2026.02.20	21:00:00	0.70860	0.70892	0.70761	0.70787	2472	0	5
2026.02.20	22:00:00	0.70794	0.70841	0.70774	0.70825	1585	0	5
2026.02.20	23:00:00	0.70826	0.70865	0.70789	0.70790	953	0	8
2026.02.23	00:00:00	0.70721	0.70872	0.70682	0.70793	837	0	30
2026.02.23	01:00:00	0.70805	0.71116	0.70793	0.71115	2136	0	8
2026.02.23	02:00:00	0.71115	0.71115	0.70856	0.70915	2485	0	8
2026.02.23	03:00:00	0.70916	0.70921	0.70755	0.70801	3089	0	8
2026.02.23	04:00:00	0.70800	0.70812	0.70688	0.70734	2152	0	8
2026.02.23	05:00:00	0.70733	0.70758	0.70666	0.70698	1320	0	8
2026.02.23	06:00:00	0.70699	0.70715	0.70664	0.70701	1015	0	8
2026.02.23	07:00:00	0.70700	0.70744	0.70655	0.70728	1112	0	8
2026.02.23	08:00:00	0.70731	0.70818	0.70701	0.70806	985	0	5
2026.02.23	09:00:00	0.70806	0.70838	0.70738	0.70809	1397	0	4
2026.02.23	10:00:00	0.70809	0.70884	0.70731	0.70823	2018	0	4
2026.02.23	11:00:00	0.70823	0.70907	0.70820	0.70834	1455	0	4
2026.02.23	12:00:00	0.70834	0.70843	0.70739	0.70775	1132	0	4
2026.02.23	13:00:00	0.70775	0.70795	0.70687	0.70706	1052	0	4
2026.02.23	14:00:00	0.70706	0.70708	0.70559	0.70641	1533	0	4
2026.02.23	15:00:00	0.70641	0.70706	0.70619	0.70675	1752	0	4
2026.02.23	16:00:00	0.70675	0.70818	0.70675	0.70778	3261	0	4
2026.02.23	17:00:00	0.70778	0.70815	0.70594	0.70604	3679	0	4
2026.02.23	18:00:00	0.70603	0.70673	0.70491	0.70597	3320	0	4
2026.02.23	19:00:00	0.70597	0.70639	0.70478	0.70582	2185	0	5
2026.02.23	20:00:00	0.70583	0.70666	0.70573	0.70592	1708	0	5
2026.02.23	21:00:00	0.70590	0.70616	0.70531	0.70546	1287	0	5
2026.02.23	22:00:00	0.70545	0.70577	0.70516	0.70568	1051	0	5
2026.02.23	23:00:00	0.70563	0.70595	0.70545	0.70546	542	0	1
2026.02.24	00:00:00	0.70485	0.70581	0.70480	0.70558	539	0	20
2026.02.24	01:00:00	0.70567	0.70625	0.70547	0.70589	694	0	0
2026.02.24	02:00:00	0.70589	0.70656	0.70567	0.70623	1155	0	8
2026.02.24	03:00:00	0.70622	0.70626	0.70475	0.70583	2729	0	8
2026.02.24	04:00:00	0.70583	0.70706	0.70559	0.70695	1545	0	8
2026.02.24	05:00:00	0.70694	0.70726	0.70621	0.70657	1101	0	8
2026.02.24	06:00:00	0.70656	0.70656	0.70571	0.70595	822	0	8
2026.02.24	07:00:00	0.70595	0.70650	0.70559	0.70645	1055	0	8
2026.02.24	08:00:00	0.70646	0.70684	0.70625	0.70657	951	0	5
2026.02.24	09:00:00	0.70656	0.70730	0.70604	0.70673	1909	0	4
2026.02.24	10:00:00	0.70674	0.70692	0.70596	0.70632	1873	0	4
2026.02.24	11:00:00	0.70631	0.70706	0.70622	0.70636	1398	0	4
2026.02.24	12:00:00	0.70636	0.70655	0.70539	0.70546	944	0	4
2026.02.24	13:00:00	0.70549	0.70554	0.70436	0.70470	850	0	4
2026.02.24	14:00:00	0.70468	0.70492	0.70370	0.70424	1377	0	4
2026.02.24	15:00:00	0.70426	0.70457	0.70315	0.70349	2002	0	4
2026.02.24	16:00:00	0.70343	0.70444	0.70260	0.70372	3194	0	4
2026.02.24	17:00:00	0.70373	0.70589	0.70340	0.70526	3748	0	4
2026.02.24	18:00:00	0.70527	0.70687	0.70519	0.70655	2260	0	4
2026.02.24	19:00:00	0.70655	0.70700	0.70618	0.70651	1285	0	5
2026.02.24	20:00:00	0.70651	0.70660	0.70604	0.70612	961	0	5
2026.02.24	21:00:00	0.70611	0.70634	0.70571	0.70603	940	0	5
2026.02.24	22:00:00	0.70603	0.70647	0.70569	0.70600	907	0	5
2026.02.24	23:00:00	0.70595	0.70596	0.70557	0.70570	548	0	1
2026.02.25	00:00:00	0.70564	0.70615	0.70563	0.70597	602	0	21
2026.02.25	01:00:00	0.70604	0.70620	0.70578	0.70585	608	0	8
2026.02.25	02:00:00	0.70586	0.70827	0.70564	0.70759	1766	0	8
2026.02.25	03:00:00	0.70759	0.70849	0.70731	0.70771	2325	0	8
2026.02.25	04:00:00	0.70770	0.70954	0.70769	0.70950	1913	0	8
2026.02.25	05:00:00	0.70951	0.71055	0.70865	0.71000	2461	0	8
2026.02.25	06:00:00	0.70999	0.71087	0.70972	0.71067	1221	0	8
2026.02.25	07:00:00	0.71066	0.71112	0.71041	0.71098	1300	0	8
2026.02.25	08:00:00	0.71096	0.71155	0.71060	0.71127	1416	0	5
2026.02.25	09:00:00	0.71126	0.71168	0.71031	0.71032	1443	0	4
2026.02.25	10:00:00	0.71032	0.71084	0.70954	0.70965	1587	0	4
2026.02.25	11:00:00	0.70963	0.71019	0.70846	0.70863	1589	0	4
2026.02.25	12:00:00	0.70863	0.70908	0.70809	0.70830	1173	0	4
2026.02.25	13:00:00	0.70828	0.70829	0.70729	0.70806	910	0	4
2026.02.25	14:00:00	0.70806	0.70924	0.70796	0.70922	1227	0	4
2026.02.25	15:00:00	0.70922	0.70971	0.70879	0.70890	1755	0	4
2026.02.25	16:00:00	0.70888	0.70990	0.70877	0.70921	2430	0	4
2026.02.25	17:00:00	0.70922	0.71084	0.70915	0.71083	2784	0	4
2026.02.25	18:00:00	0.71082	0.71164	0.71070	0.71140	1728	0	4
2026.02.25	19:00:00	0.71139	0.71245	0.71136	0.71182	1299	0	5
2026.02.25	20:00:00	0.71183	0.71204	0.71157	0.71193	769	0	5
2026.02.25	21:00:00	0.71193	0.71244	0.71183	0.71222	762	0	5
2026.02.25	22:00:00	0.71222	0.71239	0.71183	0.71200	785	0	5
2026.02.25	23:00:00	0.71194	0.71256	0.71182	0.71228	733	0	1
2026.02.26	00:00:00	0.71164	0.71224	0.71147	0.71202	593	0	21
2026.02.26	01:00:00	0.71210	0.71228	0.71166	0.71201	861	0	1
2026.02.26	02:00:00	0.71201	0.71287	0.71183	0.71287	997	0	8
2026.02.26	03:00:00	0.71285	0.71366	0.71250	0.71315	2256	0	8
2026.02.26	04:00:00	0.71314	0.71330	0.71132	0.71220	1743	0	8
2026.02.26	05:00:00	0.71221	0.71286	0.71200	0.71228	1118	0	8
2026.02.26	06:00:00	0.71229	0.71284	0.71199	0.71249	913	0	8
2026.02.26	07:00:00	0.71248	0.71353	0.71233	0.71328	1313	0	8
2026.02.26	08:00:00	0.71328	0.71355	0.71271	0.71288	1506	0	5
2026.02.26	09:00:00	0.71290	0.71312	0.71202	0.71220	1630	0	4
2026.02.26	10:00:00	0.71219	0.71234	0.71103	0.71128	1865	0	4
2026.02.26	11:00:00	0.71128	0.71223	0.71126	0.71179	1265	0	4
2026.02.26	12:00:00	0.71178	0.71194	0.71115	0.71132	970	0	4
2026.02.26	13:00:00	0.71131	0.71195	0.71099	0.71100	985	0	4
2026.02.26	14:00:00	0.71107	0.71216	0.71084	0.71198	1175	0	4
2026.02.26	15:00:00	0.71198	0.71236	0.71103	0.71111	1911	0	4
2026.02.26	16:00:00	0.71110	0.71114	0.71018	0.71046	3522	0	4
2026.02.26	17:00:00	0.71044	0.71062	0.70671	0.70993	5469	0	4
2026.02.26	18:00:00	0.70993	0.70997	0.70845	0.70904	3290	0	4
2026.02.26	19:00:00	0.70904	0.70923	0.70727	0.70776	2164	0	5
2026.02.26	20:00:00	0.70775	0.70999	0.70742	0.70962	2393	0	5
2026.02.26	21:00:00	0.70965	0.71089	0.70955	0.71089	1312	0	5
2026.02.27	03:00:00	0.71043	0.71077	0.70986	0.71043	1612	0	8
2026.02.27	04:00:00	0.71043	0.71184	0.71023	0.71180	1674	0	8
2026.02.27	05:00:00	0.71181	0.71216	0.71150	0.71175	1192	0	8
2026.02.27	06:00:00	0.71174	0.71250	0.71169	0.71240	966	0	8
2026.02.27	07:00:00	0.71240	0.71313	0.71223	0.71257	1265	0	8
2026.02.27	08:00:00	0.71256	0.71280	0.71185	0.71246	1641	0	5
2026.02.27	09:00:00	0.71246	0.71272	0.71193	0.71236	1526	0	4
2026.02.27	10:00:00	0.71237	0.71279	0.71127	0.71137	1789	0	4
2026.02.27	11:00:00	0.71128	0.71188	0.71115	0.71131	1733	0	4
2026.02.27	12:00:00	0.71131	0.71142	0.71014	0.71093	1420	0	4
2026.02.27	13:00:00	0.71094	0.71118	0.71036	0.71068	1504	0	4
2026.02.27	14:00:00	0.71068	0.71147	0.71028	0.71048	1633	0	4
2026.02.27	15:00:00	0.71047	0.71082	0.70857	0.70970	3500	0	4
2026.02.27	16:00:00	0.70973	0.71159	0.70956	0.71056	4042	0	4
2026.02.27	17:00:00	0.71055	0.71323	0.71042	0.71255	4498	0	4
2026.02.27	18:00:00	0.71255	0.71307	0.71175	0.71206	3112	0	4
2026.02.27	19:00:00	0.71206	0.71268	0.71122	0.71154	2502	0	5
2026.02.27	20:00:00	0.71153	0.71179	0.71112	0.71168	1937	0	5
2026.02.27	21:00:00	0.71167	0.71204	0.71108	0.71140	1584	0	5
2026.02.27	22:00:00	0.71140	0.71222	0.71135	0.71169	1403	0	5
2026.02.27	23:00:00	0.71161	0.71168	0.71108	0.71134	1321	0	0
2026.03.02	00:00:00	0.70324	0.70618	0.70314	0.70508	1688	0	30
2026.03.02	01:00:00	0.70521	0.70853	0.70483	0.70557	3956	0	8
2026.03.02	02:00:00	0.70559	0.70846	0.70521	0.70835	3637	0	8
2026.03.02	03:00:00	0.70834	0.71092	0.70830	0.71063	4830	0	8
2026.03.02	04:00:00	0.71062	0.71085	0.70936	0.71057	3043	0	8
2026.03.02	05:00:00	0.71058	0.71167	0.71041	0.71088	2295	0	8
2026.03.02	06:00:00	0.71087	0.71125	0.70924	0.70937	2153	0	8
2026.03.02	07:00:00	0.70936	0.70951	0.70765	0.70776	2228	0	8
2026.03.02	08:00:00	0.70776	0.70818	0.70631	0.70670	3142	0	5
2026.03.02	09:00:00	0.70670	0.70702	0.70482	0.70582	3441	0	4
2026.03.02	10:00:00	0.70583	0.70701	0.70444	0.70672	4130	0	4
2026.03.02	11:00:00	0.70671	0.70912	0.70649	0.70779	3131	0	4
2026.03.02	12:00:00	0.70779	0.70970	0.70778	0.70884	2788	0	4
2026.03.02	13:00:00	0.70885	0.70911	0.70787	0.70834	2418	0	4
2026.03.02	14:00:00	0.70837	0.70850	0.70561	0.70591	2819	0	4
2026.03.02	15:00:00	0.70588	0.70736	0.70553	0.70569	3636	0	4
2026.03.02	16:00:00	0.70566	0.70834	0.70512	0.70766	5496	0	4
2026.03.02	17:00:00	0.70744	0.70878	0.70565	0.70582	5822	0	4
2026.03.02	18:00:00	0.70579	0.70707	0.70525	0.70659	4349	0	4
2026.03.02	19:00:00	0.70657	0.70837	0.70634	0.70834	2819	0	5
2026.03.02	20:00:00	0.70834	0.70840	0.70756	0.70818	2008	0	5
2026.03.02	21:00:00	0.70817	0.71057	0.70814	0.71035	1893	0	5
2026.03.02	22:00:00	0.71036	0.71036	0.70713	0.70863	4511	0	5
2026.03.02	23:00:00	0.70852	0.70941	0.70852	0.70934	1204	0	8
2026.03.03	00:00:00	0.70865	0.71022	0.70853	0.70989	1171	0	17
2026.03.03	01:00:00	0.70995	0.71075	0.70978	0.71021	1138	0	8
2026.03.03	02:00:00	0.71020	0.71038	0.70944	0.71001	1821	0	8
2026.03.03	03:00:00	0.71001	0.71227	0.70983	0.70997	3769	0	8
2026.03.03	04:00:00	0.70996	0.71097	0.70864	0.71039	4086	0	8
2026.03.03	05:00:00	0.71040	0.71134	0.70974	0.71085	2697	0	8
2026.03.03	06:00:00	0.71085	0.71137	0.71022	0.71032	1986	0	8
2026.03.03	07:00:00	0.71032	0.71099	0.70849	0.70884	3235	0	8
2026.03.03	08:00:00	0.70883	0.70926	0.70788	0.70916	3296	0	5
2026.03.03	09:00:00	0.70918	0.70973	0.70764	0.70781	3363	0	4
2026.03.03	10:00:00	0.70780	0.70818	0.70506	0.70537	4454	0	4
2026.03.03	11:00:00	0.70544	0.70656	0.70385	0.70400	4533	0	4
2026.03.03	12:00:00	0.70405	0.70466	0.70146	0.70229	4268	0	4
2026.03.03	13:00:00	0.70229	0.70290	0.70082	0.70256	5088	0	4
2026.03.03	14:00:00	0.70255	0.70450	0.70205	0.70312	4695	0	4
2026.03.03	15:00:00	0.70308	0.70324	0.70002	0.70109	4662	0	4
2026.03.03	16:00:00	0.70109	0.70154	0.69728	0.69757	6638	0	4
2026.03.03	17:00:00	0.69753	0.69970	0.69437	0.69954	9049	0	4
2026.03.03	18:00:00	0.69954	0.70289	0.69913	0.70248	7476	0	0
2026.03.03	19:00:00	0.70251	0.70293	0.70103	0.70213	6348	0	4
2026.03.03	20:00:00	0.70214	0.70500	0.70199	0.70435	4458	0	5
2026.03.03	21:00:00	0.70434	0.70575	0.70288	0.70424	5764	0	5
2026.03.03	22:00:00	0.70426	0.70530	0.70367	0.70432	3914	0	5
2026.03.03	23:00:00	0.70424	0.70436	0.70329	0.70333	1305	0	9
2026.03.04	00:00:00	0.70366	0.70386	0.70276	0.70364	2084	0	21
2026.03.04	01:00:00	0.70370	0.70452	0.70332	0.70380	1632	0	8
2026.03.04	02:00:00	0.70380	0.70387	0.70031	0.70113	3892	0	8
2026.03.04	03:00:00	0.70117	0.70181	0.69861	0.70045	6002	0	8
2026.03.04	04:00:00	0.70048	0.70222	0.70032	0.70094	4721	0	8
2026.03.04	05:00:00	0.70093	0.70121	0.69908	0.70071	4011	0	8
2026.03.04	06:00:00	0.70072	0.70138	0.69838	0.69933	3745	0	8
2026.03.04	07:00:00	0.69934	0.70061	0.69920	0.70000	4387	0	8
2026.03.04	08:00:00	0.70000	0.70244	0.69917	0.70203	3401	0	5
2026.03.04	09:00:00	0.70203	0.70432	0.70190	0.70304	3409	0	4
2026.03.04	10:00:00	0.70304	0.70342	0.70151	0.70205	4710	0	4
2026.03.04	11:00:00	0.70202	0.70446	0.70124	0.70379	3931	0	4
2026.03.04	12:00:00	0.70379	0.70725	0.70378	0.70456	5477	0	4
2026.03.04	13:00:00	0.70455	0.70594	0.70442	0.70496	3554	0	4
2026.03.04	14:00:00	0.70497	0.70647	0.70375	0.70418	4134	0	4
2026.03.04	15:00:00	0.70416	0.70614	0.70416	0.70539	5111	0	4
2026.03.04	16:00:00	0.70539	0.70575	0.70334	0.70466	6099	0	4
2026.03.04	17:00:00	0.70450	0.70718	0.70419	0.70713	6079	0	4
2026.03.04	18:00:00	0.70713	0.70758	0.70615	0.70706	3993	0	4
2026.03.04	19:00:00	0.70706	0.70763	0.70612	0.70707	3186	0	5
2026.03.04	20:00:00	0.70707	0.70741	0.70603	0.70699	2432	0	5
2026.03.04	21:00:00	0.70700	0.70831	0.70700	0.70820	1830	0	5
2026.03.04	22:00:00	0.70819	0.70834	0.70746	0.70776	2082	0	5
2026.03.04	23:00:00	0.70768	0.70797	0.70739	0.70753	1083	0	8
2026.03.05	00:00:00	0.70735	0.70778	0.70721	0.70731	430	0	14
2026.03.05	01:00:00	0.70734	0.70791	0.70734	0.70758	1057	0	8
2026.03.05	02:00:00	0.70757	0.70858	0.70720	0.70844	1791	0	8
2026.03.05	03:00:00	0.70842	0.70891	0.70630	0.70641	4153	0	8
2026.03.05	04:00:00	0.70640	0.70730	0.70589	0.70705	3464	0	8
2026.03.05	05:00:00	0.70708	0.70747	0.70488	0.70521	3104	0	8
2026.03.05	06:00:00	0.70519	0.70565	0.70476	0.70527	2209	0	8
2026.03.05	07:00:00	0.70527	0.70561	0.70387	0.70396	2680	0	8
2026.03.05	08:00:00	0.70396	0.70513	0.70277	0.70472	3719	0	5
2026.03.05	09:00:00	0.70475	0.70517	0.70300	0.70350	2902	0	4
2026.03.05	10:00:00	0.70350	0.70358	0.70109	0.70300	3958	0	4
2026.03.05	11:00:00	0.70295	0.70700	0.70279	0.70452	6071	0	4
2026.03.05	12:00:00	0.70449	0.70500	0.70394	0.70462	3228	0	4
2026.03.05	13:00:00	0.70463	0.70581	0.70432	0.70486	2556	0	4
2026.03.05	14:00:00	0.70486	0.70571	0.70415	0.70504	2944	0	4
2026.03.05	15:00:00	0.70503	0.70520	0.70240	0.70296	4188	0	4
2026.03.05	16:00:00	0.70293	0.70391	0.70158	0.70369	5378	0	4
2026.03.05	17:00:00	0.70372	0.70450	0.70028	0.70124	6217	0	4
2026.03.05	18:00:00	0.70124	0.70135	0.69842	0.70038	5715	0	4
2026.03.05	19:00:00	0.70038	0.70099	0.69775	0.69839	5306	0	5
2026.03.05	20:00:00	0.69837	0.69923	0.69762	0.69877	5235	0	5
2026.03.05	21:00:00	0.69877	0.69906	0.69739	0.69814	3710	0	5
2026.03.05	22:00:00	0.69816	0.70140	0.69775	0.70108	4823	0	5
2026.03.05	23:00:00	0.70102	0.70112	0.70056	0.70060	1276	0	0
2026.03.06	00:00:00	0.70050	0.70105	0.70032	0.70060	345	0	21
2026.03.06	01:00:00	0.70071	0.70132	0.70057	0.70094	1093	0	8
2026.03.06	02:00:00	0.70094	0.70233	0.70079	0.70206	1779	0	8
2026.03.06	03:00:00	0.70206	0.70342	0.70180	0.70311	3529	0	8
2026.03.06	04:00:00	0.70312	0.70391	0.70312	0.70354	2345	0	8
2026.03.06	05:00:00	0.70352	0.70407	0.70345	0.70389	2063	0	8
2026.03.06	06:00:00	0.70389	0.70401	0.70273	0.70281	1406	0	8
2026.03.06	07:00:00	0.70281	0.70376	0.70265	0.70280	2079	0	8
2026.03.06	08:00:00	0.70279	0.70407	0.70276	0.70388	2086	0	5
2026.03.06	09:00:00	0.70390	0.70472	0.70346	0.70438	2033	0	0
2026.03.06	10:00:00	0.70438	0.70460	0.70305	0.70384	5766	0	0
2026.03.06	11:00:00	0.70384	0.70387	0.69972	0.69993	8770	0	0
2026.03.06	12:00:00	0.69993	0.70125	0.69983	0.70099	6157	0	0
2026.03.06	13:00:00	0.70100	0.70164	0.69902	0.69931	6919	0	0
2026.03.06	14:00:00	0.69931	0.70099	0.69878	0.70004	7249	0	0
2026.03.06	15:00:00	0.70004	0.70263	0.69812	0.69836	17843	0	0
2026.03.06	16:00:00	0.69839	0.69961	0.69769	0.69903	22936	0	0
2026.03.06	17:00:00	0.69902	0.70216	0.69901	0.70041	21439	0	0
2026.03.06	18:00:00	0.70041	0.70294	0.70034	0.70219	14033	0	0
2026.03.06	19:00:00	0.70219	0.70263	0.70090	0.70099	11583	0	0
2026.03.06	20:00:00	0.70099	0.70307	0.70093	0.70194	11834	0	0
2026.03.06	21:00:00	0.70194	0.70285	0.70159	0.70253	7843	0	0
2026.03.06	22:00:00	0.70252	0.70298	0.70133	0.70219	12134	0	0
2026.03.06	23:00:00	0.70219	0.70302	0.70203	0.70297	4441	0	0
2026.03.09	00:00:00	0.69849	0.69916	0.69766	0.69803	9508	0	0
2026.03.09	01:00:00	0.69803	0.69852	0.69634	0.69686	7431	0	0
2026.03.09	02:00:00	0.69686	0.69759	0.69563	0.69635	9405	0	0
2026.03.09	03:00:00	0.69635	0.69766	0.69561	0.69667	13949	0	0
2026.03.09	04:00:00	0.69667	0.69970	0.69667	0.69957	12944	0	0
2026.03.09	05:00:00	0.69957	0.69999	0.69822	0.69911	9368	0	0
2026.03.09	06:00:00	0.69911	0.69994	0.69885	0.69921	5397	0	0
2026.03.09	07:00:00	0.69921	0.70220	0.69870	0.70129	10749	0	0
2026.03.09	08:00:00	0.70130	0.70157	0.69975	0.69981	8375	0	0
2026.03.09	09:00:00	0.69981	0.70129	0.69935	0.70096	9360	0	0
2026.03.09	10:00:00	0.70096	0.70123	0.69815	0.69927	13629	0	0
2026.03.09	11:00:00	0.69927	0.70333	0.69879	0.70154	14018	0	0
2026.03.09	12:00:00	0.70154	0.70219	0.70071	0.70159	16183	0	0
2026.03.09	13:00:00	0.70163	0.70257	0.70114	0.70138	15867	0	0
2026.03.09	14:00:00	0.70138	0.70221	0.70069	0.70110	16490	0	0
2026.03.09	15:00:00	0.70110	0.70351	0.70110	0.70265	29807	0	0
2026.03.09	16:00:00	0.70265	0.70439	0.70127	0.70347	37844	0	0
2026.03.09	17:00:00	0.70344	0.70496	0.70340	0.70443	23686	0	0
2026.03.09	18:00:00	0.70444	0.70576	0.70421	0.70508	19577	0	0
2026.03.09	19:00:00	0.70508	0.70512	0.70336	0.70342	13104	0	0
2026.03.09	20:00:00	0.70342	0.70455	0.70335	0.70420	10986	0	0
2026.03.09	21:00:00	0.70420	0.70787	0.70404	0.70693	27666	0	0
2026.03.09	22:00:00	0.70693	0.70788	0.70632	0.70712	8105	0	0
2026.03.09	23:00:00	0.70713	0.70783	0.70572	0.70758	550	0	0
2026.03.10	00:00:00	0.70759	0.70823	0.70688	0.70734	5684	0	0
2026.03.10	01:00:00	0.70735	0.70806	0.70649	0.70679	6324	0	0
2026.03.10	02:00:00	0.70679	0.70769	0.70611	0.70697	14038	0	0
2026.03.10	03:00:00	0.70697	0.70765	0.70592	0.70711	17613	0	0
2026.03.10	04:00:00	0.70712	0.70761	0.70555	0.70580	11695	0	0
2026.03.10	05:00:00	0.70580	0.70642	0.70532	0.70590	13262	0	0
2026.03.10	06:00:00	0.70590	0.70632	0.70557	0.70613	8945	0	0
2026.03.10	07:00:00	0.70613	0.70767	0.70591	0.70764	9451	0	0
2026.03.10	08:00:00	0.70764	0.70987	0.70747	0.70932	11126	0	0
2026.03.10	09:00:00	0.70932	0.71196	0.70903	0.71132	15181	0	0
2026.03.10	10:00:00	0.71132	0.71163	0.70935	0.70956	16449	0	0
2026.03.10	11:00:00	0.70955	0.71181	0.70944	0.71125	12218	0	0
2026.03.10	12:00:00	0.71124	0.71200	0.70987	0.71106	14357	0	0
2026.03.10	13:00:00	0.71106	0.71250	0.71073	0.71201	14586	0	0
2026.03.10	14:00:00	0.71202	0.71212	0.71044	0.71150	18323	0	0
2026.03.10	15:00:00	0.71150	0.71267	0.71089	0.71142	26271	0	0
2026.03.10	16:00:00	0.71142	0.71475	0.71080	0.71463	25983	0	0
2026.03.10	17:00:00	0.71461	0.71544	0.71408	0.71494	21297	0	0
2026.03.10	18:00:00	0.71494	0.71527	0.71375	0.71499	16779	0	0
2026.03.10	19:00:00	0.71499	0.71686	0.71478	0.71557	18675	0	0
2026.03.10	20:00:00	0.71557	0.71568	0.71232	0.71328	32173	0	0
2026.03.10	21:00:00	0.71328	0.71360	0.71152	0.71195	22457	0	0
2026.03.10	22:00:00	0.71195	0.71230	0.71149	0.71169	4388	0	0
2026.03.10	23:00:00	0.71161	0.71235	0.71138	0.71140	842	0	0
2026.03.11	00:00:00	0.71140	0.71187	0.71124	0.71157	2199	0	0
2026.03.11	01:00:00	0.71158	0.71214	0.71146	0.71193	3053	0	0
2026.03.11	02:00:00	0.71193	0.71369	0.71164	0.71300	10963	0	0
2026.03.11	03:00:00	0.71300	0.71505	0.71271	0.71499	12613	0	0
2026.03.11	04:00:00	0.71499	0.71748	0.71432	0.71639	9857	0	0
2026.03.11	05:00:00	0.71639	0.71751	0.71607	0.71738	7956	0	0
2026.03.11	06:00:00	0.71738	0.71857	0.71707	0.71819	7019	0	0
2026.03.11	07:00:00	0.71819	0.71834	0.71663	0.71737	8022	0	0
2026.03.11	08:00:00	0.71737	0.71805	0.71687	0.71732	9135	0	0
2026.03.11	09:00:00	0.71732	0.71812	0.71554	0.71637	16252	0	0
2026.03.11	10:00:00	0.71637	0.71746	0.71524	0.71612	15875	0	0
2026.03.11	11:00:00	0.71612	0.71631	0.71436	0.71467	15298	0	0
2026.03.11	12:00:00	0.71467	0.71648	0.71465	0.71625	11501	0	0
2026.03.11	13:00:00	0.71624	0.71719	0.71574	0.71580	13105	0	0
2026.03.11	14:00:00	0.71583	0.71683	0.71431	0.71463	19349	0	0
2026.03.11	15:00:00	0.71463	0.71687	0.71455	0.71678	23797	0	0
2026.03.11	16:00:00	0.71678	0.71875	0.71643	0.71790	33204	0	0
2026.03.11	17:00:00	0.71790	0.71820	0.71492	0.71494	22698	0	0
2026.03.11	18:00:00	0.71494	0.71596	0.71451	0.71530	17022	0	0
2026.03.11	19:00:00	0.71530	0.71568	0.71378	0.71449	16729	0	0
2026.03.11	20:00:00	0.71449	0.71536	0.71367	0.71495	12279	0	0
2026.03.11	21:00:00	0.71494	0.71565	0.71441	0.71562	6093	0	0
2026.03.11	22:00:00	0.71562	0.71569	0.71480	0.71480	2424	0	0
2026.03.11	23:00:00	0.71483	0.71566	0.71480	0.71503	1046	0	0
2026.03.12	00:00:00	0.71504	0.71540	0.71332	0.71351	4233	0	0
2026.03.12	01:00:00	0.71351	0.71364	0.71252	0.71289	7030	0	0
2026.03.12	02:00:00	0.71289	0.71465	0.71235	0.71454	10124	0	0
2026.03.12	03:00:00	0.71454	0.71610	0.71397	0.71506	10635	0	0
2026.03.12	04:00:00	0.71506	0.71561	0.71295	0.71348	9916	0	0
2026.03.12	05:00:00	0.71348	0.71376	0.71280	0.71367	7847	0	0
2026.03.12	06:00:00	0.71367	0.71375	0.71231	0.71238	5317	0	0
2026.03.12	07:00:00	0.71238	0.71346	0.71199	0.71228	10626	0	0
2026.03.12	08:00:00	0.71228	0.71297	0.71111	0.71250	8769	0	0
2026.03.12	09:00:00	0.71250	0.71366	0.71205	0.71347	9314	0	0
2026.03.12	10:00:00	0.71347	0.71456	0.71305	0.71345	11349	0	0
2026.03.12	11:00:00	0.71345	0.71396	0.71232	0.71372	9118	0	0
2026.03.12	12:00:00	0.71372	0.71387	0.71280	0.71342	8366	0	0
2026.03.12	13:00:00	0.71342	0.71483	0.71322	0.71367	9209	0	0
2026.03.12	14:00:00	0.71367	0.71375	0.71239	0.71308	12683	0	0
2026.03.12	15:00:00	0.71308	0.71355	0.70946	0.70966	27598	0	0
2026.03.12	16:00:00	0.70967	0.71069	0.70815	0.70902	29219	0	0
2026.03.12	17:00:00	0.70902	0.70971	0.70721	0.70884	30976	0	0
2026.03.12	18:00:00	0.70885	0.71006	0.70757	0.70876	26859	0	0
2026.03.12	19:00:00	0.70876	0.70970	0.70813	0.70844	17475	0	0
2026.03.12	20:00:00	0.70843	0.70884	0.70767	0.70804	12436	0	0
2026.03.12	21:00:00	0.70804	0.70843	0.70774	0.70776	9598	0	0
2026.03.12	22:00:00	0.70776	0.70801	0.70724	0.70725	2991	0	0
2026.03.12	23:00:00	0.70736	0.70790	0.70726	0.70727	504	0	0
2026.03.13	00:00:00	0.70727	0.70798	0.70715	0.70791	2310	0	0
2026.03.13	01:00:00	0.70791	0.70809	0.70733	0.70761	3824	0	0
2026.03.13	02:00:00	0.70761	0.70870	0.70713	0.70844	8738	0	0
2026.03.13	03:00:00	0.70844	0.70925	0.70789	0.70818	9963	0	0
2026.03.13	04:00:00	0.70818	0.70892	0.70717	0.70773	8800	0	0
2026.03.13	05:00:00	0.70772	0.70795	0.70607	0.70709	8119	0	0
2026.03.13	06:00:00	0.70708	0.70716	0.70590	0.70627	6243	0	0
2026.03.13	07:00:00	0.70627	0.70672	0.70588	0.70627	6712	0	0
2026.03.13	08:00:00	0.70626	0.70648	0.70370	0.70380	9859	0	0
2026.03.13	09:00:00	0.70380	0.70403	0.70210	0.70263	13765	0	0
2026.03.13	10:00:00	0.70263	0.70388	0.70157	0.70373	16173	0	0
2026.03.13	11:00:00	0.70373	0.70486	0.70345	0.70357	14258	0	0
2026.03.13	12:00:00	0.70357	0.70487	0.70349	0.70389	13041	0	0
2026.03.13	13:00:00	0.70390	0.70501	0.70318	0.70494	14440	0	0
2026.03.13	14:00:00	0.70496	0.70629	0.70434	0.70562	18613	0	0
2026.03.13	15:00:00	0.70562	0.70580	0.70381	0.70494	24003	0	0
2026.03.13	16:00:00	0.70493	0.70529	0.70203	0.70240	27260	0	0
2026.03.13	17:00:00	0.70240	0.70289	0.70019	0.70020	25070	0	0
2026.03.13	18:00:00	0.70020	0.70127	0.69992	0.70056	21752	0	0
2026.03.13	19:00:00	0.70056	0.70137	0.70014	0.70032	15026	0	0
2026.03.13	20:00:00	0.70032	0.70089	0.69976	0.70038	11177	0	0
2026.03.13	21:00:00	0.70038	0.70045	0.69901	0.69906	8403	0	0
2026.03.13	22:00:00	0.69905	0.69915	0.69787	0.69787	4166	0	0
2026.03.16	00:00:00	0.69961	0.69984	0.69855	0.69955	6024	0	0
2026.03.16	01:00:00	0.69955	0.70065	0.69922	0.70046	7907	0	0
2026.03.16	02:00:00	0.70046	0.70187	0.70042	0.70154	10569	0	0
2026.03.16	03:00:00	0.70154	0.70190	0.69965	0.70125	13574	0	0
2026.03.16	04:00:00	0.70125	0.70138	0.70068	0.70070	9286	0	0
2026.03.16	05:00:00	0.70070	0.70143	0.70047	0.70104	5730	0	0
2026.03.16	06:00:00	0.70104	0.70122	0.70037	0.70039	3270	0	0
2026.03.16	07:00:00	0.70039	0.70184	0.70039	0.70143	6462	0	0
2026.03.16	08:00:00	0.70142	0.70211	0.70111	0.70178	7742	0	0
2026.03.16	09:00:00	0.70178	0.70220	0.70055	0.70127	10442	0	0
2026.03.16	10:00:00	0.70127	0.70224	0.70068	0.70218	15313	0	0
2026.03.16	11:00:00	0.70218	0.70277	0.70160	0.70243	11922	0	0
2026.03.16	12:00:00	0.70244	0.70506	0.70225	0.70501	11617	0	0
2026.03.16	13:00:00	0.70499	0.70542	0.70468	0.70501	9695	0	0
2026.03.16	14:00:00	0.70500	0.70585	0.70495	0.70502	11103	0	0
2026.03.16	15:00:00	0.70502	0.70730	0.70501	0.70719	15665	0	0
2026.03.16	16:00:00	0.70719	0.70759	0.70534	0.70625	18324	0	0
2026.03.16	17:00:00	0.70625	0.70650	0.70497	0.70548	15703	0	0
2026.03.16	18:00:00	0.70548	0.70605	0.70444	0.70535	16876	0	0
2026.03.16	19:00:00	0.70535	0.70636	0.70521	0.70548	12397	0	0
2026.03.16	20:00:00	0.70548	0.70789	0.70548	0.70750	9812	0	0
2026.03.16	21:00:00	0.70752	0.70827	0.70686	0.70730	9838	0	0
2026.03.16	22:00:00	0.70730	0.70745	0.70671	0.70671	2177	0	4
2026.03.16	23:00:00	0.70672	0.70746	0.70631	0.70671	499	0	5
2026.03.17	00:00:00	0.70671	0.70721	0.70642	0.70650	1685	0	0
2026.03.17	01:00:00	0.70650	0.70692	0.70622	0.70669	2034	0	4
2026.03.17	02:00:00	0.70669	0.70673	0.70591	0.70619	6870	0	1
2026.03.17	03:00:00	0.70619	0.70812	0.70606	0.70809	9436	0	0
2026.03.17	04:00:00	0.70809	0.70859	0.70753	0.70755	5724	0	0
2026.03.17	05:00:00	0.70755	0.70946	0.70488	0.70661	11646	0	0
2026.03.17	06:00:00	0.70660	0.70799	0.70599	0.70726	7375	0	0
2026.03.17	07:00:00	0.70726	0.70895	0.70666	0.70670	9607	0	0
2026.03.17	08:00:00	0.70670	0.70718	0.70551	0.70712	13060	0	0
2026.03.17	09:00:00	0.70712	0.70738	0.70631	0.70669	8917	0	0
2026.03.17	10:00:00	0.70669	0.70836	0.70604	0.70830	12872	0	0
2026.03.17	11:00:00	0.70830	0.70907	0.70791	0.70891	4130	0	0
2026.03.17	12:00:00	0.70891	0.70905	0.70793	0.70849	3972	0	0
2026.03.17	13:00:00	0.70847	0.70902	0.70790	0.70794	3764	0	0
2026.03.17	14:00:00	0.70794	0.70976	0.70770	0.70973	4890	0	0
2026.03.17	15:00:00	0.70974	0.71182	0.70967	0.71110	7628	0	0
2026.03.17	16:00:00	0.71109	0.71156	0.70993	0.71022	8171	0	0
2026.03.17	17:00:00	0.71022	0.71042	0.70847	0.70994	8464	0	0
2026.03.17	18:00:00	0.70994	0.71067	0.70931	0.71022	7403	0	0
2026.03.17	19:00:00	0.71023	0.71131	0.71017	0.71118	4815	0	0
2026.03.17	20:00:00	0.71120	0.71153	0.71033	0.71046	3635	0	1
2026.03.17	21:00:00	0.71046	0.71057	0.71013	0.71042	2495	0	1
2026.03.17	22:00:00	0.71039	0.71070	0.70998	0.70999	1029	0	6
2026.03.17	23:00:00	0.71000	0.71051	0.70894	0.70997	605	0	11
2026.03.18	00:00:00	0.70996	0.71085	0.70992	0.71069	1565	0	0
2026.03.18	01:00:00	0.71069	0.71091	0.71041	0.71081	1822	0	5
2026.03.18	02:00:00	0.71081	0.71137	0.71033	0.71063	4142	0	0
2026.03.18	03:00:00	0.71063	0.71180	0.71063	0.71124	3709	0	1
2026.03.18	04:00:00	0.71124	0.71135	0.70995	0.71011	2776	0	1
2026.03.18	05:00:00	0.71011	0.71117	0.70992	0.71113	1951	0	3
2026.03.18	06:00:00	0.71113	0.71175	0.71076	0.71142	2001	0	0
2026.03.18	07:00:00	0.71144	0.71193	0.71119	0.71181	1844	0	0
2026.03.18	08:00:00	0.71181	0.71233	0.71150	0.71184	2471	0	0
2026.03.18	09:00:00	0.71184	0.71209	0.71094	0.71124	2291	0	0
2026.03.18	10:00:00	0.71124	0.71130	0.71005	0.71082	3479	0	0
2026.03.18	11:00:00	0.71082	0.71133	0.71025	0.71123	2694	0	0
2026.03.18	12:00:00	0.71123	0.71127	0.71030	0.71035	2409	0	0
2026.03.18	13:00:00	0.71035	0.71100	0.70911	0.70998	5353	0	0
2026.03.18	14:00:00	0.70998	0.71006	0.70575	0.70577	10373	0	0
2026.03.18	15:00:00	0.70577	0.70668	0.70452	0.70662	11156	0	0
2026.03.18	16:00:00	0.70662	0.70773	0.70582	0.70767	9749	0	0
2026.03.18	17:00:00	0.70767	0.70887	0.70741	0.70765	7195	0	0
2026.03.18	18:00:00	0.70765	0.70849	0.70744	0.70805	5542	0	0
2026.03.18	19:00:00	0.70805	0.70831	0.70731	0.70809	4555	0	0
2026.03.18	20:00:00	0.70809	0.70907	0.70502	0.70515	11090	0	0
2026.03.18	21:00:00	0.70515	0.70555	0.70338	0.70359	7297	0	0
2026.03.18	22:00:00	0.70359	0.70371	0.70177	0.70193	2631	0	1
2026.03.18	23:00:00	0.70192	0.70358	0.70192	0.70316	1311	0	18
2026.03.19	00:00:00	0.70316	0.70333	0.70205	0.70235	2486	0	2
2026.03.19	01:00:00	0.70234	0.70297	0.70214	0.70288	2548	0	0
2026.03.19	02:00:00	0.70288	0.70441	0.70264	0.70441	6275	0	0
2026.03.19	03:00:00	0.70441	0.70470	0.70371	0.70420	5835	0	1
2026.03.19	04:00:00	0.70420	0.70552	0.70334	0.70450	6178	0	0
2026.03.19	05:00:00	0.70450	0.70531	0.70439	0.70461	2686	0	1
2026.03.19	06:00:00	0.70459	0.70463	0.70362	0.70374	2403	0	3
2026.03.19	07:00:00	0.70377	0.70429	0.70308	0.70330	3263	0	0
2026.03.19	08:00:00	0.70332	0.70435	0.70309	0.70380	4891	0	0
2026.03.19	09:00:00	0.70381	0.70448	0.70231	0.70261	6853	0	0
2026.03.19	10:00:00	0.70261	0.70411	0.70231	0.70368	8511	0	0
2026.03.19	11:00:00	0.70368	0.70633	0.70368	0.70578	11877	0	0
2026.03.19	12:00:00	0.70578	0.70578	0.70480	0.70507	7071	0	0
2026.03.19	13:00:00	0.70507	0.70540	0.70337	0.70427	5156	0	0
2026.03.19	14:00:00	0.70426	0.70428	0.70108	0.70188	11129	0	0
2026.03.19	15:00:00	0.70188	0.70426	0.69993	0.70393	17148	0	0
2026.03.19	16:00:00	0.70393	0.70565	0.70297	0.70453	16441	0	0
2026.03.19	17:00:00	0.70450	0.70605	0.70268	0.70353	13321	0	0
2026.03.19	18:00:00	0.70352	0.70547	0.70335	0.70469	12102	0	0
2026.03.19	19:00:00	0.70469	0.70603	0.70376	0.70557	7184	0	0
2026.03.19	20:00:00	0.70557	0.70749	0.70506	0.70749	5369	0	0
2026.03.19	21:00:00	0.70752	0.71088	0.70752	0.70845	15311	0	0
2026.03.19	22:00:00	0.70845	0.70880	0.70815	0.70833	1859	0	2
2026.03.19	23:00:00	0.70832	0.70898	0.70809	0.70851	900	0	21
2026.03.20	00:00:00	0.70851	0.70918	0.70813	0.70820	1873	0	2
2026.03.20	01:00:00	0.70820	0.70887	0.70777	0.70797	2341	0	2
2026.03.20	02:00:00	0.70797	0.70834	0.70727	0.70821	3933	0	2
2026.03.20	03:00:00	0.70821	0.70920	0.70801	0.70837	5544	0	0
2026.03.20	04:00:00	0.70839	0.70895	0.70805	0.70879	3443	0	3
2026.03.20	05:00:00	0.70879	0.70883	0.70787	0.70818	3119	0	3
2026.03.20	06:00:00	0.70818	0.70894	0.70784	0.70874	1762	0	0
2026.03.20	07:00:00	0.70877	0.70955	0.70836	0.70838	3238	0	0
2026.03.20	08:00:00	0.70838	0.70916	0.70773	0.70796	3140	0	0
2026.03.20	09:00:00	0.70796	0.70970	0.70747	0.70907	4651	0	0
2026.03.20	10:00:00	0.70910	0.70947	0.70833	0.70861	5621	0	0
2026.03.20	11:00:00	0.70861	0.70871	0.70629	0.70647	6103	0	0
2026.03.20	12:00:00	0.70647	0.70667	0.70522	0.70652	7198	0	0
2026.03.20	13:00:00	0.70652	0.70836	0.70634	0.70793	6022	0	0
2026.03.20	14:00:00	0.70793	0.70869	0.70714	0.70742	7446	0	0
2026.03.20	15:00:00	0.70742	0.70755	0.70420	0.70428	10434	0	0
2026.03.20	16:00:00	0.70428	0.70479	0.70261	0.70348	11844	0	0
2026.03.20	17:00:00	0.70347	0.70530	0.70303	0.70320	11349	0	0
2026.03.20	18:00:00	0.70320	0.70486	0.70309	0.70385	9086	0	0
2026.03.20	19:00:00	0.70387	0.70437	0.70299	0.70341	9353	0	0
2026.03.20	20:00:00	0.70342	0.70362	0.70088	0.70102	8979	0	0
2026.03.20	21:00:00	0.70102	0.70216	0.70051	0.70169	7483	0	0
2026.03.20	22:00:00	0.70165	0.70247	0.70143	0.70204	3586	0	0
2026.03.23	00:00:00	0.69944	0.70121	0.69944	0.70065	3786	0	0
2026.03.23	01:00:00	0.70065	0.70130	0.70055	0.70095	4216	0	3
2026.03.23	02:00:00	0.70095	0.70150	0.69877	0.69942	9345	0	0
2026.03.23	03:00:00	0.69942	0.70089	0.69872	0.69942	11539	0	0
2026.03.23	04:00:00	0.69942	0.70002	0.69755	0.69810	7298	0	1
2026.03.23	05:00:00	0.69811	0.69863	0.69766	0.69809	5180	0	1
2026.03.23	06:00:00	0.69809	0.69850	0.69766	0.69789	3729	0	0
2026.03.23	07:00:00	0.69791	0.69818	0.69598	0.69620	4553	0	0
2026.03.23	08:00:00	0.69619	0.69629	0.69521	0.69561	7206	0	0
2026.03.23	09:00:00	0.69559	0.69649	0.69496	0.69533	8136	0	0
2026.03.23	10:00:00	0.69533	0.69762	0.69530	0.69667	9707	0	0
2026.03.23	11:00:00	0.69667	0.69687	0.69390	0.69424	8656	0	0
2026.03.23	12:00:00	0.69424	0.69444	0.69106	0.69226	8670	0	0
2026.03.23	13:00:00	0.69227	0.70433	0.69227	0.69854	26739	0	0
2026.03.23	14:00:00	0.69854	0.70337	0.69729	0.70301	20712	0	0
2026.03.23	15:00:00	0.70301	0.70332	0.69979	0.70293	19794	0	0
2026.03.23	16:00:00	0.70293	0.70623	0.70241	0.70464	17228	0	0
2026.03.23	17:00:00	0.70464	0.70590	0.69913	0.69928	16183	0	0
2026.03.23	18:00:00	0.69928	0.70099	0.69827	0.70035	15016	0	0
2026.03.23	19:00:00	0.70037	0.70267	0.70002	0.70135	10980	0	0
2026.03.23	20:00:00	0.70135	0.70290	0.70026	0.70264	10219	0	0
2026.03.23	21:00:00	0.70263	0.70273	0.70086	0.70111	5638	0	0
2026.03.23	22:00:00	0.70107	0.70128	0.70068	0.70068	1779	0	6
2026.03.23	23:00:00	0.70067	0.70145	0.70002	0.70028	596	0	10
2026.03.24	00:00:00	0.70028	0.70241	0.70004	0.70175	2210	0	0
2026.03.24	01:00:00	0.70176	0.70177	0.70041	0.70079	3255	0	0
2026.03.24	02:00:00	0.70079	0.70085	0.69683	0.69867	10321	0	0
2026.03.24	03:00:00	0.69867	0.69936	0.69662	0.69694	11065	0	0
2026.03.24	04:00:00	0.69694	0.69802	0.69641	0.69679	9467	0	0
2026.03.24	05:00:00	0.69679	0.69746	0.69646	0.69675	5314	0	1
2026.03.24	06:00:00	0.69675	0.69689	0.69593	0.69657	4055	0	0
2026.03.24	07:00:00	0.69661	0.69706	0.69551	0.69663	6494	0	0
2026.03.24	08:00:00	0.69663	0.69870	0.69643	0.69867	6225	0	0
2026.03.24	09:00:00	0.69867	0.70148	0.69807	0.69892	9335	0	0
2026.03.24	10:00:00	0.69892	0.69900	0.69593	0.69629	10433	0	0
2026.03.24	11:00:00	0.69629	0.69743	0.69532	0.69728	7937	0	0
2026.03.24	12:00:00	0.69728	0.69784	0.69645	0.69761	6858	0	0
2026.03.24	13:00:00	0.69761	0.69802	0.69566	0.69690	7554	0	0
2026.03.24	14:00:00	0.69690	0.69709	0.69513	0.69563	8360	0	0
2026.03.24	15:00:00	0.69562	0.69635	0.69448	0.69630	13844	0	0
2026.03.24	16:00:00	0.69630	0.69888	0.69581	0.69660	14880	0	0
2026.03.24	17:00:00	0.69660	0.69743	0.69593	0.69640	12646	0	0
2026.03.24	18:00:00	0.69640	0.69742	0.69592	0.69651	9205	0	0
2026.03.24	19:00:00	0.69651	0.69661	0.69381	0.69523	12523	0	0
2026.03.24	20:00:00	0.69523	0.69749	0.69472	0.69660	9830	0	0
2026.03.24	21:00:00	0.69660	0.69775	0.69660	0.69683	5981	0	1
2026.03.24	22:00:00	0.69679	0.70131	0.69660	0.69924	10740	0	0
2026.03.24	23:00:00	0.69923	0.69949	0.69829	0.69934	1482	0	3
2026.03.25	00:00:00	0.69934	0.69988	0.69910	0.69984	3107	0	2
2026.03.25	01:00:00	0.69984	0.70008	0.69897	0.69943	3289	0	0
2026.03.25	02:00:00	0.69943	0.70034	0.69820	0.69947	7161	0	0
2026.03.25	03:00:00	0.69947	0.69986	0.69809	0.69814	7888	0	0
2026.03.25	04:00:00	0.69815	0.69829	0.69711	0.69722	5297	0	3
2026.03.25	05:00:00	0.69722	0.69774	0.69692	0.69768	3688	0	3
2026.03.25	06:00:00	0.69768	0.69800	0.69728	0.69738	2566	0	2
2026.03.25	07:00:00	0.69741	0.69772	0.69697	0.69711	3415	0	0
2026.03.25	08:00:00	0.69711	0.69756	0.69670	0.69719	3098	0	0
2026.03.25	09:00:00	0.69719	0.69775	0.69610	0.69669	4559	0	0
2026.03.25	10:00:00	0.69669	0.69896	0.69633	0.69805	7770	0	0
2026.03.25	11:00:00	0.69805	0.69851	0.69611	0.69687	5299	0	0
2026.03.25	12:00:00	0.69687	0.69736	0.69593	0.69670	4334	0	0
2026.03.25	13:00:00	0.69670	0.69732	0.69583	0.69665	4756	0	0
2026.03.25	14:00:00	0.69664	0.69728	0.69506	0.69591	8563	0	0
2026.03.25	15:00:00	0.69591	0.69687	0.69466	0.69476	9237	0	0
2026.03.25	16:00:00	0.69476	0.69696	0.69426	0.69663	10270	0	0
2026.03.25	17:00:00	0.69663	0.69711	0.69470	0.69609	9968	0	0
2026.03.25	18:00:00	0.69609	0.69666	0.69533	0.69594	8516	0	0
2026.03.25	19:00:00	0.69594	0.69706	0.69561	0.69619	6001	0	0
2026.03.25	20:00:00	0.69619	0.69655	0.69459	0.69515	5518	0	0
2026.03.25	21:00:00	0.69515	0.69518	0.69455	0.69487	4562	0	0
2026.03.25	22:00:00	0.69484	0.69490	0.69440	0.69440	1440	0	6
2026.03.25	23:00:00	0.69438	0.69492	0.69438	0.69458	578	0	13
2026.03.26	00:00:00	0.69450	0.69515	0.69398	0.69463	1543	0	0
2026.03.26	01:00:00	0.69463	0.69470	0.69387	0.69423	1741	0	3
2026.03.26	02:00:00	0.69423	0.69481	0.69363	0.69377	3749	0	1
2026.03.26	03:00:00	0.69377	0.69450	0.69376	0.69423	4417	0	0
2026.03.26	04:00:00	0.69423	0.69443	0.69316	0.69358	3638	0	0
2026.03.26	05:00:00	0.69358	0.69520	0.69357	0.69502	2789	0	2
2026.03.26	06:00:00	0.69502	0.69566	0.69482	0.69536	2121	0	1
2026.03.26	07:00:00	0.69539	0.69560	0.69471	0.69474	3201	0	0
2026.03.26	08:00:00	0.69474	0.69530	0.69422	0.69522	3843	0	0
2026.03.26	09:00:00	0.69522	0.69524	0.69385	0.69389	3729	0	0
2026.03.26	10:00:00	0.69389	0.69434	0.69319	0.69425	4900	0	0
2026.03.26	11:00:00	0.69425	0.69441	0.69295	0.69364	4947	0	0
2026.03.26	12:00:00	0.69364	0.69411	0.69316	0.69334	4324	0	0
2026.03.26	13:00:00	0.69334	0.69351	0.69093	0.69099	3583	0	0
2026.03.26	14:00:00	0.69099	0.69195	0.69011	0.69041	5226	0	0
2026.03.26	15:00:00	0.69041	0.69289	0.69040	0.69241	9116	0	0
2026.03.26	16:00:00	0.69241	0.69288	0.69071	0.69155	11625	0	0
2026.03.26	17:00:00	0.69155	0.69223	0.69045	0.69109	8610	0	0
2026.03.26	18:00:00	0.69109	0.69130	0.68960	0.68989	5882	0	0
2026.03.26	19:00:00	0.68989	0.69029	0.68849	0.68849	4424	0	0
2026.03.26	20:00:00	0.68849	0.68945	0.68849	0.68944	4092	0	0
2026.03.26	21:00:00	0.68944	0.68949	0.68763	0.68769	3955	0	0
2026.03.26	22:00:00	0.68765	0.69182	0.68751	0.68817	8485	0	0
2026.03.26	23:00:00	0.68815	0.68916	0.68768	0.68877	982	0	10
2026.03.27	00:00:00	0.68878	0.68934	0.68856	0.68925	1881	0	3
2026.03.27	01:00:00	0.68925	0.68951	0.68852	0.68858	1841	0	5
2026.03.27	02:00:00	0.68859	0.68914	0.68722	0.68744	4633	0	2
2026.03.27	03:00:00	0.68744	0.68885	0.68715	0.68880	4528	0	2
2026.03.27	04:00:00	0.68883	0.68957	0.68873	0.68924	3255	0	0
2026.03.27	05:00:00	0.68924	0.69055	0.68906	0.69048	2727	0	1
2026.03.27	06:00:00	0.69047	0.69115	0.69027	0.69098	2068	0	3
2026.03.27	07:00:00	0.69101	0.69119	0.68969	0.68978	3084	0	0
2026.03.27	08:00:00	0.68978	0.69049	0.68938	0.68995	2912	0	0
2026.03.27	09:00:00	0.68997	0.69010	0.68823	0.68894	3743	0	0
2026.03.27	10:00:00	0.68894	0.68994	0.68832	0.68962	5678	0	0
2026.03.27	11:00:00	0.68962	0.69009	0.68864	0.68936	4682	0	0
2026.03.27	12:00:00	0.68936	0.69016	0.68883	0.68931	4525	0	0
2026.03.27	13:00:00	0.68931	0.68973	0.68875	0.68880	4333	0	0
2026.03.27	14:00:00	0.68880	0.68897	0.68809	0.68867	4862	0	0
2026.03.27	15:00:00	0.68867	0.68975	0.68766	0.68856	8376	0	0
2026.03.27	16:00:00	0.68856	0.68973	0.68833	0.68894	9522	0	0
2026.03.27	17:00:00	0.68894	0.69019	0.68843	0.68880	9063	0	0
2026.03.27	18:00:00	0.68880	0.68920	0.68790	0.68837	6123	0	0
2026.03.27	19:00:00	0.68837	0.68945	0.68642	0.68684	6002	0	0
2026.03.27	20:00:00	0.68684	0.68766	0.68652	0.68721	4275	0	0
2026.03.27	21:00:00	0.68721	0.68750	0.68674	0.68732	3786	0	1
2026.03.27	22:00:00	0.68732	0.68797	0.68643	0.68651	3981	0	0
2026.03.30	00:00:00	0.68597	0.68684	0.68517	0.68653	632	0	0
2026.03.30	01:00:00	0.68653	0.68678	0.68460	0.68495	3633	0	0
2026.03.30	02:00:00	0.68495	0.68545	0.68458	0.68499	4269	0	0
2026.03.30	03:00:00	0.68499	0.68594	0.68423	0.68525	8581	0	0
2026.03.30	04:00:00	0.68525	0.68620	0.68484	0.68522	6327	0	0
2026.03.30	05:00:00	0.68522	0.68620	0.68502	0.68566	4356	0	0
2026.03.30	06:00:00	0.68566	0.68719	0.68554	0.68690	3536	0	0
2026.03.30	07:00:00	0.68690	0.68734	0.68652	0.68664	2064	0	3
2026.03.30	08:00:00	0.68667	0.68722	0.68634	0.68686	3088	0	0
2026.03.30	09:00:00	0.68686	0.68742	0.68616	0.68617	3387	0	0
2026.03.30	10:00:00	0.68617	0.68642	0.68479	0.68508	4159	0	0
2026.03.30	11:00:00	0.68509	0.68610	0.68481	0.68536	4020	0	0
2026.03.30	12:00:00	0.68536	0.68581	0.68472	0.68571	3440	0	0
2026.03.30	13:00:00	0.68571	0.68625	0.68548	0.68562	2705	0	0
2026.03.30	14:00:00	0.68562	0.68696	0.68538	0.68594	5688	0	0
2026.03.30	15:00:00	0.68594	0.68656	0.68550	0.68619	4365	0	0
2026.03.30	16:00:00	0.68619	0.68655	0.68418	0.68428	7191	0	0
2026.03.30	17:00:00	0.68428	0.68551	0.68331	0.68550	9373	0	0
2026.03.30	18:00:00	0.68550	0.68603	0.68439	0.68569	7307	0	0
2026.03.30	19:00:00	0.68568	0.68577	0.68497	0.68558	4931	0	0
2026.03.30	20:00:00	0.68558	0.68613	0.68513	0.68542	4501	0	0
2026.03.30	21:00:00	0.68541	0.68582	0.68505	0.68523	3326	0	0
2026.03.30	22:00:00	0.68521	0.68529	0.68416	0.68495	4126	0	1
2026.03.30	23:00:00	0.68495	0.68529	0.68468	0.68522	1044	0	2
2026.03.31	00:00:00	0.68487	0.68529	0.68337	0.68499	708	0	12
2026.03.31	01:00:00	0.68499	0.68543	0.68498	0.68527	1280	0	5
2026.03.31	02:00:00	0.68527	0.68527	0.68422	0.68448	1966	0	5
2026.03.31	03:00:00	0.68448	0.68639	0.68337	0.68566	8845	0	0
2026.03.31	04:00:00	0.68566	0.68745	0.68533	0.68664	9241	0	0
2026.03.31	05:00:00	0.68664	0.68690	0.68577	0.68577	5606	0	0
2026.03.31	06:00:00	0.68577	0.68597	0.68452	0.68485	4054	0	2
2026.03.31	07:00:00	0.68484	0.68535	0.68434	0.68435	2760	0	0
2026.03.31	08:00:00	0.68438	0.68564	0.68385	0.68507	3909	0	0
2026.03.31	09:00:00	0.68507	0.68543	0.68442	0.68533	4540	0	0
2026.03.31	10:00:00	0.68534	0.68674	0.68436	0.68662	5114	0	0
2026.03.31	11:00:00	0.68662	0.68690	0.68555	0.68610	4487	0	0
2026.03.31	12:00:00	0.68610	0.68668	0.68544	0.68553	3881	0	0
2026.03.31	13:00:00	0.68553	0.68570	0.68500	0.68509	2965	0	0
2026.03.31	14:00:00	0.68509	0.68862	0.68498	0.68827	7774	0	0
2026.03.31	15:00:00	0.68827	0.68903	0.68729	0.68760	8326	0	0
2026.03.31	16:00:00	0.68760	0.68868	0.68708	0.68836	7280	0	0
2026.03.31	17:00:00	0.68836	0.68861	0.68351	0.68487	10523	0	0
2026.03.31	18:00:00	0.68487	0.68670	0.68486	0.68537	10447	0	0
2026.03.31	19:00:00	0.68537	0.68985	0.68523	0.68851	12978	0	0
2026.03.31	20:00:00	0.68851	0.68996	0.68818	0.68832	13603	0	0
2026.03.31	21:00:00	0.68832	0.68962	0.68824	0.68900	7221	0	0
2026.03.31	22:00:00	0.68900	0.69008	0.68855	0.68993	5765	0	0
2026.03.31	23:00:00	0.68993	0.69033	0.68969	0.68993	2084	0	0
2026.04.01	00:00:00	0.68964	0.69021	0.68870	0.69002	598	0	7
2026.04.01	01:00:00	0.69004	0.69041	0.68965	0.69024	1510	0	3
2026.04.01	02:00:00	0.69023	0.69209	0.69012	0.69198	1726	0	3
2026.04.01	03:00:00	0.69197	0.69298	0.69150	0.69268	4565	0	0
2026.04.01	04:00:00	0.69268	0.69275	0.69102	0.69141	6425	0	0
2026.04.01	05:00:00	0.69141	0.69195	0.69106	0.69111	3653	0	2
2026.04.01	06:00:00	0.69110	0.69120	0.69002	0.69039	2783	0	0
2026.04.01	07:00:00	0.69039	0.69061	0.68993	0.69024	1921	0	2
2026.04.01	08:00:00	0.69024	0.69154	0.69012	0.69054	3747	0	0
2026.04.01	09:00:00	0.69054	0.69454	0.69031	0.69450	6487	0	0
2026.04.01	10:00:00	0.69450	0.69468	0.69258	0.69284	7102	0	0
2026.04.01	11:00:00	0.69284	0.69526	0.69251	0.69407	6689	0	0
2026.04.01	12:00:00	0.69407	0.69456	0.69342	0.69417	4933	0	0
2026.04.01	13:00:00	0.69417	0.69477	0.69386	0.69442	3918	0	0
2026.04.01	14:00:00	0.69442	0.69591	0.69425	0.69543	3387	0	0
2026.04.01	15:00:00	0.69543	0.69632	0.69364	0.69407	7734	0	0
2026.04.01	16:00:00	0.69407	0.69555	0.69332	0.69435	10837	0	0
2026.04.01	17:00:00	0.69435	0.69506	0.69332	0.69432	10853	0	0
2026.04.01	18:00:00	0.69432	0.69487	0.69336	0.69436	6562	0	0
2026.04.01	19:00:00	0.69436	0.69469	0.69346	0.69462	4854	0	0
2026.04.01	20:00:00	0.69462	0.69508	0.69313	0.69315	4501	0	0
2026.04.01	21:00:00	0.69315	0.69320	0.69126	0.69162	7252	0	0
2026.04.01	22:00:00	0.69163	0.69279	0.69144	0.69228	5171	0	0
2026.04.01	23:00:00	0.69228	0.69289	0.69221	0.69276	1125	0	4
2026.04.02	00:00:00	0.69212	0.69285	0.69118	0.69275	1699	0	8
2026.04.02	01:00:00	0.69274	0.69284	0.69217	0.69243	1443	0	2
2026.04.02	02:00:00	0.69243	0.69278	0.69207	0.69227	1492	0	4
2026.04.02	03:00:00	0.69227	0.69344	0.69191	0.69303	5651	0	1
2026.04.02	04:00:00	0.69303	0.69407	0.68786	0.68846	19175	0	0
2026.04.02	05:00:00	0.68846	0.68951	0.68803	0.68869	7814	0	0
2026.04.02	06:00:00	0.68869	0.68903	0.68814	0.68828	4327	0	1
2026.04.02	07:00:00	0.68828	0.68834	0.68735	0.68783	3233	0	2
2026.04.02	08:00:00	0.68786	0.68816	0.68661	0.68667	3466	0	0
2026.04.02	09:00:00	0.68667	0.68755	0.68659	0.68749	4780	0	0
2026.04.02	10:00:00	0.68749	0.68846	0.68716	0.68845	4644	0	0
2026.04.02	11:00:00	0.68845	0.68856	0.68731	0.68747	3707	0	0
2026.04.02	12:00:00	0.68747	0.68787	0.68669	0.68761	3245	0	0
2026.04.02	13:00:00	0.68760	0.68768	0.68633	0.68633	3363	0	0
2026.04.02	14:00:00	0.68633	0.68669	0.68597	0.68659	3607	0	0
2026.04.02	15:00:00	0.68659	0.68867	0.68650	0.68813	5834	0	0
2026.04.02	16:00:00	0.68813	0.68953	0.68757	0.68946	8784	0	0
2026.04.02	17:00:00	0.68947	0.69154	0.68896	0.69118	13004	0	0
2026.04.02	18:00:00	0.69118	0.69180	0.69039	0.69097	10588	0	0
2026.04.02	19:00:00	0.69097	0.69174	0.69046	0.69090	7034	0	0
2026.04.02	20:00:00	0.69090	0.69152	0.69039	0.69058	4763	0	0
2026.04.02	21:00:00	0.69058	0.69104	0.69027	0.69057	3896	0	0
2026.04.02	22:00:00	0.69057	0.69113	0.69037	0.69066	3229	0	0
2026.04.02	23:00:00	0.69062	0.69124	0.69045	0.69095	1247	0	7
2026.04.03	00:00:00	0.68805	0.69083	0.68805	0.69018	1706	0	37
2026.04.03	01:00:00	0.69017	0.69106	0.69017	0.69102	508	0	4
2026.04.03	02:00:00	0.69102	0.69127	0.69101	0.69103	333	0	5
2026.04.03	03:00:00	0.69104	0.69156	0.69104	0.69126	1143	0	3
2026.04.03	04:00:00	0.69126	0.69131	0.69080	0.69086	957	0	5
2026.04.03	05:00:00	0.69086	0.69108	0.69047	0.69073	898	0	2
2026.04.03	06:00:00	0.69073	0.69088	0.69050	0.69064	465	0	3
2026.04.03	07:00:00	0.69064	0.69071	0.69042	0.69060	535	0	5
2026.04.03	08:00:00	0.69063	0.69084	0.69033	0.69084	656	0	0
2026.04.03	09:00:00	0.69084	0.69103	0.69057	0.69098	780	0	0
2026.04.03	10:00:00	0.69097	0.69150	0.69081	0.69086	952	0	0
2026.04.03	11:00:00	0.69086	0.69096	0.69049	0.69087	749	0	0
2026.04.03	12:00:00	0.69087	0.69098	0.69051	0.69064	790	0	0
2026.04.03	13:00:00	0.69064	0.69087	0.69036	0.69066	848	0	0
2026.04.03	14:00:00	0.69066	0.69096	0.69053	0.69075	1033	0	0
2026.04.03	15:00:00	0.69075	0.69109	0.68948	0.68996	3837	0	0
2026.04.03	16:00:00	0.68996	0.69062	0.68988	0.69033	1463	0	0
2026.04.03	17:00:00	0.69033	0.69036	0.68919	0.68931	992	0	0
2026.04.03	18:00:00	0.68931	0.68951	0.68909	0.68922	1979	0	2
2026.04.03	19:00:00	0.68922	0.68952	0.68902	0.68911	2625	0	0
2026.04.03	20:00:00	0.68911	0.68945	0.68880	0.68925	2362	0	0
2026.04.03	21:00:00	0.68925	0.68928	0.68882	0.68896	1996	0	0
2026.04.03	22:00:00	0.68896	0.68919	0.68849	0.68857	2106	0	0
2026.04.03	23:00:00	0.68857	0.68969	0.68801	0.68945	1083	0	0
2026.04.06	00:00:00	0.68780	0.68857	0.68779	0.68851	1923	0	17
2026.04.06	01:00:00	0.68851	0.68898	0.68757	0.68881	4246	0	0
2026.04.06	02:00:00	0.68881	0.68903	0.68836	0.68844	1604	0	2
2026.04.06	03:00:00	0.68843	0.68956	0.68840	0.68948	3010	0	3
2026.04.06	04:00:00	0.68948	0.68975	0.68914	0.68942	2344	0	4
2026.04.06	05:00:00	0.68942	0.69162	0.68942	0.69041	4360	0	1
2026.04.06	06:00:00	0.69041	0.69056	0.69005	0.69027	3348	0	1
2026.04.06	07:00:00	0.69026	0.69096	0.69019	0.69089	2138	0	5
2026.04.06	08:00:00	0.69091	0.69126	0.69071	0.69074	1844	0	1
2026.04.06	09:00:00	0.69075	0.69179	0.69053	0.69133	3030	0	0
2026.04.06	10:00:00	0.69133	0.69330	0.69079	0.69288	3947	0	0
2026.04.06	11:00:00	0.69288	0.69349	0.69255	0.69306	3948	0	0
2026.04.06	12:00:00	0.69306	0.69361	0.69243	0.69252	3430	0	0
2026.04.06	13:00:00	0.69252	0.69318	0.69187	0.69272	3310	0	0
2026.04.06	14:00:00	0.69272	0.69316	0.69223	0.69284	2748	0	0
2026.04.06	15:00:00	0.69284	0.69306	0.69226	0.69282	2750	0	1
2026.04.06	16:00:00	0.69282	0.69335	0.69245	0.69308	4977	0	0
2026.04.06	17:00:00	0.69309	0.69379	0.69176	0.69214	8934	0	0
2026.04.06	18:00:00	0.69214	0.69216	0.69113	0.69179	5335	0	0
2026.04.06	19:00:00	0.69179	0.69197	0.69134	0.69158	3463	0	0
2026.04.06	20:00:00	0.69158	0.69192	0.69057	0.69142	4850	0	0
2026.04.06	21:00:00	0.69144	0.69246	0.69131	0.69195	4397	0	0
2026.04.06	22:00:00	0.69195	0.69218	0.69171	0.69191	2484	0	2
2026.04.06	23:00:00	0.69186	0.69196	0.69169	0.69172	950	0	6
2026.04.07	00:00:00	0.69146	0.69200	0.69118	0.69173	492	0	19
2026.04.07	01:00:00	0.69173	0.69226	0.69138	0.69147	1373	0	2
2026.04.07	02:00:00	0.69147	0.69169	0.69132	0.69159	879	0	5
2026.04.07	03:00:00	0.69159	0.69221	0.69108	0.69110	3428	0	0
2026.04.07	04:00:00	0.69110	0.69176	0.68983	0.69019	5400	0	1
2026.04.07	05:00:00	0.69020	0.69090	0.68980	0.69075	3111	0	3
2026.04.07	06:00:00	0.69075	0.69133	0.69061	0.69110	1846	0	0
2026.04.07	07:00:00	0.69110	0.69195	0.69082	0.69170	2313	0	0
2026.04.07	08:00:00	0.69173	0.69180	0.69089	0.69158	2576	0	0
2026.04.07	09:00:00	0.69158	0.69218	0.69148	0.69189	3467	0	0
2026.04.07	10:00:00	0.69189	0.69197	0.69096	0.69156	3849	0	0
2026.04.07	11:00:00	0.69156	0.69486	0.69148	0.69457	7687	0	0
2026.04.07	12:00:00	0.69457	0.69466	0.69389	0.69402	3983	0	0
2026.04.07	13:00:00	0.69402	0.69433	0.69243	0.69290	7713	0	0
2026.04.07	14:00:00	0.69290	0.69373	0.69253	0.69361	4133	0	0
2026.04.07	15:00:00	0.69361	0.69467	0.69290	0.69376	6250	0	0
2026.04.07	16:00:00	0.69376	0.69403	0.69279	0.69287	7602	0	0
2026.04.07	17:00:00	0.69287	0.69518	0.69244	0.69375	8983	0	0
2026.04.07	18:00:00	0.69375	0.69472	0.69276	0.69429	7021	0	0
2026.04.07	19:00:00	0.69429	0.69522	0.69401	0.69460	6207	0	0
2026.04.07	20:00:00	0.69459	0.69582	0.69438	0.69538	5021	0	0
2026.04.07	21:00:00	0.69537	0.69575	0.69445	0.69468	3426	0	0
2026.04.07	22:00:00	0.69468	0.69734	0.69444	0.69704	8684	0	0
2026.04.07	23:00:00	0.69700	0.69781	0.69685	0.69756	3882	0	1
2026.04.08	00:00:00	0.69756	0.69804	0.69603	0.69715	1999	0	21
2026.04.08	01:00:00	0.69714	0.70509	0.69654	0.70480	10870	0	0
2026.04.08	02:00:00	0.70482	0.70769	0.70421	0.70759	11147	0	0
2026.04.08	03:00:00	0.70761	0.70843	0.70483	0.70529	10151	0	0
2026.04.08	04:00:00	0.70529	0.70723	0.70519	0.70638	7614	0	1
2026.04.08	05:00:00	0.70636	0.70704	0.70494	0.70523	5126	0	1
2026.04.08	06:00:00	0.70524	0.70543	0.70423	0.70523	4197	0	1
2026.04.08	07:00:00	0.70523	0.70684	0.70519	0.70669	3691	0	1
2026.04.08	08:00:00	0.70669	0.70832	0.70616	0.70711	4566	0	0
2026.04.08	09:00:00	0.70711	0.70797	0.70620	0.70715	6467	0	0
2026.04.08	10:00:00	0.70714	0.70718	0.70556	0.70607	6126	0	0
2026.04.08	11:00:00	0.70606	0.70628	0.70324	0.70443	5352	0	0
2026.04.08	12:00:00	0.70443	0.70496	0.70334	0.70350	4347	0	0
2026.04.08	13:00:00	0.70349	0.70441	0.70334	0.70384	3250	0	0
2026.04.08	14:00:00	0.70384	0.70566	0.70328	0.70540	4765	0	0
2026.04.08	15:00:00	0.70540	0.70736	0.70444	0.70706	7882	0	0
2026.04.08	16:00:00	0.70706	0.70781	0.70486	0.70552	9626	0	0
2026.04.08	17:00:00	0.70552	0.70612	0.70434	0.70587	11361	0	0
2026.04.08	18:00:00	0.70587	0.70636	0.70497	0.70605	8029	0	0
2026.04.08	19:00:00	0.70605	0.70622	0.70518	0.70604	5240	0	0
2026.04.08	20:00:00	0.70604	0.70626	0.70452	0.70529	4581	0	0
2026.04.08	21:00:00	0.70529	0.70578	0.70314	0.70319	6639	0	0
2026.04.08	22:00:00	0.70319	0.70542	0.70284	0.70526	5137	0	0
2026.04.08	23:00:00	0.70522	0.70538	0.70429	0.70431	1808	0	6
2026.04.09	00:00:00	0.70297	0.70478	0.70296	0.70451	895	0	16
2026.04.09	01:00:00	0.70451	0.70472	0.70423	0.70459	1328	0	5
2026.04.09	02:00:00	0.70459	0.70473	0.70381	0.70384	1497	0	5
2026.04.09	03:00:00	0.70383	0.70390	0.70295	0.70348	4158	0	4
2026.04.09	04:00:00	0.70348	0.70370	0.70245	0.70336	4219	0	2
2026.04.09	05:00:00	0.70336	0.70406	0.70293	0.70376	2982	0	1
2026.04.09	06:00:00	0.70376	0.70412	0.70348	0.70396	2240	0	3
2026.04.09	07:00:00	0.70396	0.70459	0.70391	0.70398	1856	0	0
2026.04.09	08:00:00	0.70399	0.70449	0.70333	0.70345	2400	0	0
2026.04.09	09:00:00	0.70345	0.70405	0.70316	0.70402	3678	0	0
2026.04.09	10:00:00	0.70402	0.70413	0.70265	0.70287	3779	0	0
2026.04.09	11:00:00	0.70287	0.70314	0.70225	0.70266	3113	0	0
2026.04.09	12:00:00	0.70266	0.70334	0.70220	0.70325	2492	0	0
2026.04.09	13:00:00	0.70325	0.70353	0.70294	0.70295	2527	0	1
2026.04.09	14:00:00	0.70295	0.70456	0.70288	0.70455	3223	0	0
2026.04.09	15:00:00	0.70455	0.70459	0.70336	0.70410	4232	0	0
2026.04.09	16:00:00	0.70411	0.70581	0.70394	0.70507	5115	0	0
2026.04.09	17:00:00	0.70507	0.70608	0.70460	0.70600	6995	0	0
2026.04.09	18:00:00	0.70599	0.70860	0.70534	0.70854	9253	0	0
2026.04.09	19:00:00	0.70854	0.70923	0.70823	0.70856	5617	0	0
2026.04.09	20:00:00	0.70856	0.70947	0.70839	0.70898	4773	0	0
2026.04.09	21:00:00	0.70898	0.70900	0.70728	0.70780	5402	0	0
2026.04.09	22:00:00	0.70780	0.70863	0.70774	0.70848	3005	0	0
2026.04.09	23:00:00	0.70849	0.70857	0.70816	0.70823	1352	0	0
2026.04.10	00:00:00	0.70743	0.70845	0.70717	0.70809	1769	0	15
2026.04.10	01:00:00	0.70809	0.70856	0.70780	0.70791	1613	0	4
2026.04.10	02:00:00	0.70791	0.70795	0.70739	0.70745	1047	0	7
2026.04.10	03:00:00	0.70746	0.70754	0.70698	0.70752	2854	0	4
2026.04.10	04:00:00	0.70752	0.70827	0.70718	0.70757	2767	0	3
2026.04.10	05:00:00	0.70757	0.70782	0.70680	0.70686	2565	0	1
2026.04.10	06:00:00	0.70686	0.70716	0.70664	0.70693	1632	0	2
2026.04.10	07:00:00	0.70693	0.70708	0.70649	0.70665	1346	0	3
2026.04.10	08:00:00	0.70668	0.70709	0.70643	0.70705	1683	0	0
2026.04.10	09:00:00	0.70705	0.70729	0.70611	0.70623	2665	0	0
2026.04.10	10:00:00	0.70623	0.70659	0.70534	0.70548	3071	0	0
2026.04.10	11:00:00	0.70548	0.70646	0.70536	0.70580	2846	0	1
2026.04.10	12:00:00	0.70580	0.70707	0.70567	0.70675	4202	0	0
2026.04.10	13:00:00	0.70675	0.70695	0.70632	0.70679	2696	0	0
2026.04.10	14:00:00	0.70679	0.70723	0.70669	0.70715	2094	0	0
2026.04.10	15:00:00	0.70715	0.70829	0.70711	0.70761	4706	0	0
2026.04.10	16:00:00	0.70761	0.70877	0.70734	0.70780	5566	0	0
2026.04.10	17:00:00	0.70781	0.70937	0.70765	0.70832	6106	0	0
2026.04.10	18:00:00	0.70832	0.70889	0.70751	0.70764	4936	0	0
2026.04.10	19:00:00	0.70764	0.70766	0.70648	0.70711	3430	0	0
2026.04.10	20:00:00	0.70711	0.70768	0.70677	0.70740	2352	0	0
2026.04.10	21:00:00	0.70740	0.70820	0.70695	0.70788	2445	0	0
2026.04.10	22:00:00	0.70789	0.70801	0.70764	0.70766	1530	0	1
2026.04.10	23:00:00	0.70761	0.70777	0.70518	0.70645	2449	0	0
2026.04.13	00:00:00	0.69838	0.70127	0.69828	0.70090	777	0	7
2026.04.13	01:00:00	0.70090	0.70215	0.70020	0.70201	4770	0	0
2026.04.13	02:00:00	0.70200	0.70213	0.70119	0.70189	2187	0	0
2026.04.13	03:00:00	0.70190	0.70334	0.70164	0.70334	3676	0	0
2026.04.13	04:00:00	0.70334	0.70421	0.70272	0.70332	3577	0	0
2026.04.13	05:00:00	0.70332	0.70383	0.70307	0.70364	1881	0	2
2026.04.13	06:00:00	0.70364	0.70388	0.70316	0.70378	1843	0	1
2026.04.13	07:00:00	0.70378	0.70405	0.70357	0.70363	1543	0	2
2026.04.13	08:00:00	0.70366	0.70430	0.70343	0.70393	1975	0	0
2026.04.13	09:00:00	0.70393	0.70445	0.70389	0.70445	2678	0	0
2026.04.13	10:00:00	0.70445	0.70587	0.70445	0.70562	3011	0	0
2026.04.13	11:00:00	0.70562	0.70585	0.70505	0.70521	3042	0	0
2026.04.13	12:00:00	0.70521	0.70551	0.70450	0.70465	2151	0	0
2026.04.13	13:00:00	0.70465	0.70512	0.70449	0.70501	1815	0	2
2026.04.13	14:00:00	0.70501	0.70555	0.70343	0.70350	3029	0	0
2026.04.13	15:00:00	0.70350	0.70452	0.70292	0.70437	3790	0	0
2026.04.13	16:00:00	0.70437	0.70624	0.70418	0.70571	6514	0	0
2026.04.13	17:00:00	0.70571	0.70701	0.70561	0.70651	6329	0	0
2026.04.13	18:00:00	0.70651	0.70666	0.70555	0.70617	4708	0	0
2026.04.13	19:00:00	0.70618	0.70841	0.70573	0.70811	6790	0	0
2026.04.13	20:00:00	0.70811	0.70909	0.70810	0.70885	2608	0	0
2026.04.13	21:00:00	0.70885	0.71002	0.70874	0.70991	2288	0	0
2026.04.13	22:00:00	0.70992	0.71004	0.70940	0.70965	2036	0	2
2026.04.13	23:00:00	0.70965	0.70984	0.70927	0.70935	1356	0	4
2026.04.14	00:00:00	0.70935	0.70970	0.70891	0.70928	706	0	12
2026.04.14	01:00:00	0.70927	0.71011	0.70925	0.70998	1021	0	3
2026.04.14	02:00:00	0.70998	0.71020	0.70966	0.70985	1018	0	4
2026.04.14	03:00:00	0.70986	0.70988	0.70864	0.70899	2647	0	0
2026.04.14	04:00:00	0.70899	0.70909	0.70782	0.70789	2512	0	0
2026.04.14	05:00:00	0.70789	0.70855	0.70782	0.70819	1869	0	0
2026.04.14	06:00:00	0.70819	0.70871	0.70811	0.70841	1388	0	2
2026.04.14	07:00:00	0.70841	0.70906	0.70835	0.70878	1262	0	1
2026.04.14	08:00:00	0.70881	0.70891	0.70785	0.70811	1878	0	0
2026.04.14	09:00:00	0.70811	0.70934	0.70770	0.70925	2685	0	0
2026.04.14	10:00:00	0.70925	0.71041	0.70924	0.70962	4591	0	0
2026.04.14	11:00:00	0.70962	0.71074	0.70934	0.71042	2949	0	0
2026.04.14	12:00:00	0.71042	0.71144	0.71037	0.71131	2508	0	0
2026.04.14	13:00:00	0.71131	0.71225	0.71130	0.71190	2869	0	0
2026.04.14	14:00:00	0.71190	0.71301	0.71183	0.71262	2751	0	0
2026.04.14	15:00:00	0.71262	0.71365	0.71203	0.71360	4318	0	0
2026.04.14	16:00:00	0.71361	0.71395	0.71297	0.71375	5303	0	0
2026.04.14	17:00:00	0.71376	0.71478	0.71364	0.71423	4860	0	0
2026.04.14	18:00:00	0.71423	0.71423	0.71304	0.71304	4632	0	0
2026.04.14	19:00:00	0.71304	0.71320	0.71278	0.71291	2363	0	1
2026.04.14	20:00:00	0.71291	0.71352	0.71270	0.71323	2128	0	1
2026.04.14	21:00:00	0.71324	0.71338	0.71241	0.71267	2911	0	0
2026.04.14	22:00:00	0.71267	0.71289	0.71252	0.71261	1842	0	1
2026.04.14	23:00:00	0.71259	0.71271	0.71251	0.71255	1091	0	5
2026.04.15	00:00:00	0.71210	0.71253	0.70998	0.71244	1392	0	9
2026.04.15	01:00:00	0.71248	0.71280	0.71242	0.71276	1189	0	5
2026.04.15	02:00:00	0.71276	0.71325	0.71269	0.71283	1355	0	3
2026.04.15	03:00:00	0.71283	0.71294	0.71223	0.71252	2592	0	0
2026.04.15	04:00:00	0.71252	0.71288	0.71219	0.71267	2921	0	3
2026.04.15	05:00:00	0.71268	0.71306	0.71226	0.71291	2012	0	4
2026.04.15	06:00:00	0.71291	0.71322	0.71263	0.71301	1332	0	3
2026.04.15	07:00:00	0.71300	0.71337	0.71297	0.71325	954	0	2
2026.04.15	08:00:00	0.71328	0.71439	0.71327	0.71376	2630	0	0
2026.04.15	09:00:00	0.71376	0.71429	0.71363	0.71366	2541	0	0
2026.04.15	10:00:00	0.71367	0.71479	0.71360	0.71427	3147	0	1
2026.04.15	11:00:00	0.71427	0.71476	0.71402	0.71437	2099	0	1
2026.04.15	12:00:00	0.71437	0.71454	0.71323	0.71434	3375	0	0
2026.04.15	13:00:00	0.71434	0.71478	0.71296	0.71373	4155	0	0
2026.04.15	14:00:00	0.71373	0.71450	0.71340	0.71404	3294	0	0
2026.04.15	15:00:00	0.71404	0.71413	0.71338	0.71386	3174	0	0
2026.04.15	16:00:00	0.71386	0.71490	0.71386	0.71453	4655	0	0
2026.04.15	17:00:00	0.71453	0.71626	0.71443	0.71557	4758	0	0
2026.04.15	18:00:00	0.71557	0.71667	0.71539	0.71598	4587	0	0
2026.04.15	19:00:00	0.71597	0.71683	0.71589	0.71662	3143	0	0
2026.04.15	20:00:00	0.71661	0.71678	0.71608	0.71649	2088	0	1
2026.04.15	21:00:00	0.71649	0.71752	0.71636	0.71746	2485	0	0
2026.04.15	22:00:00	0.71745	0.71776	0.71716	0.71738	1597	0	1
2026.04.15	23:00:00	0.71735	0.71737	0.71687	0.71697	880	0	6
2026.04.16	00:00:00	0.71532	0.71714	0.71532	0.71679	537	0	21
2026.04.16	01:00:00	0.71679	0.71731	0.71673	0.71723	976	0	7
2026.04.16	02:00:00	0.71723	0.71756	0.71698	0.71749	937	0	6
2026.04.16	03:00:00	0.71749	0.71774	0.71695	0.71757	2240	0	4
2026.04.16	04:00:00	0.71757	0.71783	0.71624	0.71764	3227	0	0
2026.04.16	05:00:00	0.71764	0.71926	0.71750	0.71891	2996	0	2
2026.04.16	06:00:00	0.71891	0.71971	0.71882	0.71916	2637	0	2
2026.04.16	07:00:00	0.71916	0.71951	0.71875	0.71883	1486	0	4
2026.04.16	08:00:00	0.71886	0.71910	0.71832	0.71877	1897	0	0
2026.04.16	09:00:00	0.71877	0.71905	0.71775	0.71882	3340	0	0
2026.04.16	10:00:00	0.71882	0.71909	0.71824	0.71830	3692	0	0
2026.04.16	11:00:00	0.71830	0.71842	0.71687	0.71742	3414	0	0
2026.04.16	12:00:00	0.71742	0.71756	0.71661	0.71689	2026	0	0
2026.04.16	13:00:00	0.71689	0.71703	0.71640	0.71670	1893	0	0
2026.04.16	14:00:00	0.71670	0.71749	0.71667	0.71735	2438	0	0
2026.04.16	15:00:00	0.71735	0.71749	0.71661	0.71719	2994	0	0
2026.04.16	16:00:00	0.71719	0.71775	0.71662	0.71720	4756	0	0
2026.04.16	17:00:00	0.71720	0.71781	0.71609	0.71625	6224	0	0
2026.04.16	18:00:00	0.71625	0.71719	0.71609	0.71692	4759	0	0
2026.04.16	19:00:00	0.71692	0.71748	0.71531	0.71587	4318	0	0
2026.04.16	20:00:00	0.71587	0.71590	0.71520	0.71563	3453	0	0
2026.04.16	21:00:00	0.71563	0.71613	0.71547	0.71574	3400	0	0
2026.04.16	22:00:00	0.71574	0.71633	0.71571	0.71611	1705	0	1
2026.04.16	23:00:00	0.71606	0.71628	0.71588	0.71615	894	0	7
2026.04.17	00:00:00	0.71584	0.71602	0.71504	0.71559	1295	0	18
2026.04.17	01:00:00	0.71559	0.71625	0.71559	0.71620	977	0	6
2026.04.17	02:00:00	0.71620	0.71644	0.71577	0.71582	951	0	6
2026.04.17	03:00:00	0.71582	0.71647	0.71536	0.71606	2567	0	3
2026.04.17	04:00:00	0.71606	0.71647	0.71582	0.71616	2438	0	3
2026.04.17	05:00:00	0.71616	0.71634	0.71601	0.71616	1543	0	1
2026.04.17	06:00:00	0.71616	0.71661	0.71590	0.71646	1153	0	3
2026.04.17	07:00:00	0.71646	0.71691	0.71643	0.71681	961	0	4
2026.04.17	08:00:00	0.71681	0.71709	0.71658	0.71684	1533	0	1
2026.04.17	09:00:00	0.71684	0.71699	0.71612	0.71613	2667	0	0
2026.04.17	10:00:00	0.71613	0.71724	0.71608	0.71719	2395	0	1
2026.04.17	11:00:00	0.71721	0.71809	0.71691	0.71795	2064	0	0
2026.04.17	12:00:00	0.71795	0.71823	0.71705	0.71723	2210	0	0
2026.04.17	13:00:00	0.71723	0.71746	0.71701	0.71706	1540	0	0
2026.04.17	14:00:00	0.71706	0.71760	0.71668	0.71726	1556	0	0
2026.04.17	15:00:00	0.71726	0.72115	0.71715	0.72112	7229	0	0
2026.04.17	16:00:00	0.72113	0.72218	0.72040	0.72106	13273	0	0
2026.04.17	17:00:00	0.72106	0.72139	0.72003	0.72015	8030	0	0
2026.04.17	18:00:00	0.72015	0.72020	0.71854	0.71902	6813	0	0
2026.04.17	19:00:00	0.71902	0.71930	0.71845	0.71882	3076	0	0
2026.04.17	20:00:00	0.71882	0.71882	0.71762	0.71857	4200	0	0
2026.04.17	21:00:00	0.71857	0.71862	0.71700	0.71731	3907	0	0
2026.04.17	22:00:00	0.71731	0.71775	0.71692	0.71703	2407	0	1
2026.04.17	23:00:00	0.71700	0.71722	0.71645	0.71691	1680	0	0
2026.04.20	00:00:00	0.71206	0.71319	0.71158	0.71170	690	0	5
2026.04.20	01:00:00	0.71175	0.71420	0.71161	0.71409	3138	0	0
2026.04.20	02:00:00	0.71408	0.71442	0.71304	0.71342	2938	0	2
2026.04.20	03:00:00	0.71342	0.71500	0.71317	0.71493	4344	0	2
2026.04.20	04:00:00	0.71493	0.71544	0.71458	0.71482	3423	0	0
2026.04.20	05:00:00	0.71483	0.71573	0.71461	0.71540	2068	0	1
2026.04.20	06:00:00	0.71540	0.71582	0.71523	0.71536	1605	0	2
2026.04.20	07:00:00	0.71535	0.71568	0.71511	0.71554	1416	0	2
2026.04.20	08:00:00	0.71556	0.71564	0.71424	0.71472	2406	0	0
2026.04.20	09:00:00	0.71472	0.71560	0.71421	0.71560	3785	0	0
2026.04.20	10:00:00	0.71560	0.71653	0.71424	0.71477	4942	0	0
2026.04.20	11:00:00	0.71477	0.71524	0.71462	0.71493	3728	0	0
2026.04.20	12:00:00	0.71493	0.71578	0.71492	0.71578	2868	0	0
2026.04.20	13:00:00	0.71578	0.71612	0.71530	0.71565	2153	0	0
2026.04.20	14:00:00	0.71565	0.71642	0.71525	0.71613	2784	0	1
2026.04.20	15:00:00	0.71613	0.71629	0.71536	0.71582	3262	0	2
2026.04.20	16:00:00	0.71582	0.71704	0.71550	0.71688	5738	0	0
2026.04.20	17:00:00	0.71688	0.71698	0.71540	0.71628	6723	0	0
2026.04.20	18:00:00	0.71628	0.71773	0.71583	0.71739	5518	0	0
2026.04.20	19:00:00	0.71739	0.71765	0.71693	0.71726	2795	0	0
2026.04.20	20:00:00	0.71726	0.71764	0.71701	0.71743	2441	0	0
2026.04.20	21:00:00	0.71743	0.71791	0.71731	0.71750	2206	0	0
2026.04.20	22:00:00	0.71750	0.71797	0.71747	0.71791	1171	0	2
2026.04.20	23:00:00	0.71788	0.71796	0.71764	0.71775	1092	0	5
2026.04.21	00:00:00	0.71755	0.71776	0.71656	0.71721	375	0	14
2026.04.21	01:00:00	0.71741	0.71819	0.71733	0.71818	1349	0	0
2026.04.21	02:00:00	0.71818	0.71822	0.71731	0.71733	1187	0	4
2026.04.21	03:00:00	0.71734	0.71771	0.71686	0.71735	2946	0	0
2026.04.21	04:00:00	0.71735	0.71818	0.71720	0.71746	2335	0	4
2026.04.21	05:00:00	0.71746	0.71763	0.71695	0.71730	1509	0	3
2026.04.21	06:00:00	0.71731	0.71736	0.71644	0.71663	1571	0	3
2026.04.21	07:00:00	0.71663	0.71674	0.71649	0.71660	971	0	3
2026.04.21	08:00:00	0.71663	0.71727	0.71660	0.71660	1545	0	0
2026.04.21	09:00:00	0.71660	0.71672	0.71590	0.71630	2138	0	0
2026.04.21	10:00:00	0.71629	0.71655	0.71527	0.71527	3014	0	0
2026.04.21	11:00:00	0.71527	0.71575	0.71434	0.71554	3778	0	1
2026.04.21	12:00:00	0.71553	0.71554	0.71488	0.71519	2298	0	0
2026.04.21	13:00:00	0.71519	0.71587	0.71507	0.71581	1632	0	0
2026.04.21	14:00:00	0.71581	0.71658	0.71517	0.71651	2403	0	0
2026.04.21	15:00:00	0.71651	0.71659	0.71516	0.71599	3885	0	0
2026.04.21	16:00:00	0.71599	0.71760	0.71595	0.71748	4595	0	0
2026.04.21	17:00:00	0.71748	0.71859	0.71653	0.71662	5628	0	0
2026.04.21	18:00:00	0.71662	0.71725	0.71536	0.71625	6362	0	0
2026.04.21	19:00:00	0.71625	0.71678	0.71503	0.71504	3780	0	0
2026.04.21	20:00:00	0.71504	0.71636	0.71307	0.71522	7463	0	0
2026.04.21	21:00:00	0.71522	0.71564	0.71423	0.71527	4924	0	0
2026.04.21	22:00:00	0.71527	0.71618	0.71299	0.71355	8685	0	0
2026.04.21	23:00:00	0.71350	0.71626	0.71336	0.71526	5248	0	0
2026.04.22	00:00:00	0.71485	0.71545	0.71446	0.71505	638	0	15
2026.04.22	01:00:00	0.71506	0.71546	0.71503	0.71508	925	0	4
2026.04.22	02:00:00	0.71508	0.71568	0.71502	0.71553	978	0	4
2026.04.22	03:00:00	0.71553	0.71634	0.71553	0.71604	3048	0	4
2026.04.22	04:00:00	0.71604	0.71628	0.71557	0.71583	2857	0	2
2026.04.22	05:00:00	0.71583	0.71633	0.71546	0.71551	2306	0	4
2026.04.22	06:00:00	0.71551	0.71606	0.71526	0.71543	1708	0	4
2026.04.22	07:00:00	0.71543	0.71602	0.71540	0.71564	1426	0	0
2026.04.22	08:00:00	0.71567	0.71762	0.71564	0.71696	3425	0	0
2026.04.22	09:00:00	0.71696	0.71733	0.71652	0.71681	2682	0	0
2026.04.22	10:00:00	0.71681	0.71708	0.71602	0.71686	3126	0	0
2026.04.22	11:00:00	0.71686	0.71728	0.71623	0.71648	3248	0	0
2026.04.22	12:00:00	0.71648	0.71682	0.71591	0.71618	2503	0	0
2026.04.22	13:00:00	0.71618	0.71647	0.71564	0.71620	2411	0	0
2026.04.22	14:00:00	0.71619	0.71625	0.71497	0.71527	2891	0	0
2026.04.22	15:00:00	0.71527	0.71573	0.71461	0.71480	3288	0	0
2026.04.22	16:00:00	0.71481	0.71654	0.71464	0.71650	5933	0	0
2026.04.22	17:00:00	0.71651	0.71697	0.71578	0.71598	5048	0	0
2026.04.22	18:00:00	0.71598	0.71638	0.71561	0.71606	4420	0	0
2026.04.22	19:00:00	0.71607	0.71627	0.71556	0.71578	3038	0	0
2026.04.22	20:00:00	0.71578	0.71650	0.71569	0.71608	3262	0	0
2026.04.22	21:00:00	0.71608	0.71621	0.71565	0.71590	1779	0	1
2026.04.22	22:00:00	0.71590	0.71612	0.71555	0.71588	2041	0	1
2026.04.22	23:00:00	0.71584	0.71609	0.71565	0.71607	1124	0	4
2026.04.23	00:00:00	0.71493	0.71589	0.71493	0.71576	541	0	22
2026.04.23	01:00:00	0.71578	0.71606	0.71564	0.71576	721	0	4
2026.04.23	02:00:00	0.71576	0.71591	0.71563	0.71572	702	0	7
2026.04.23	03:00:00	0.71572	0.71663	0.71363	0.71619	8817	0	0
2026.04.23	04:00:00	0.71619	0.71626	0.71518	0.71561	4866	0	0
2026.04.23	05:00:00	0.71562	0.71567	0.71425	0.71451	4707	0	3
2026.04.23	06:00:00	0.71451	0.71487	0.71363	0.71399	4565	0	2
2026.04.23	07:00:00	0.71399	0.71483	0.71380	0.71478	2133	0	2
2026.04.23	08:00:00	0.71480	0.71554	0.71468	0.71543	2404	0	1
2026.04.23	09:00:00	0.71543	0.71562	0.71498	0.71519	2367	0	1
2026.04.23	10:00:00	0.71519	0.71578	0.71476	0.71574	3498	0	0
2026.04.23	11:00:00	0.71573	0.71581	0.71501	0.71536	3324	0	0
2026.04.23	12:00:00	0.71535	0.71539	0.71455	0.71473	3528	0	0
2026.04.23	13:00:00	0.71472	0.71488	0.71327	0.71358	3769	0	0
2026.04.23	14:00:00	0.71358	0.71544	0.71335	0.71502	4088	0	0
2026.04.23	15:00:00	0.71502	0.71546	0.71384	0.71459	6195	0	0
2026.04.23	16:00:00	0.71459	0.71528	0.71369	0.71465	5525	0	0
2026.04.23	17:00:00	0.71466	0.71632	0.71414	0.71607	6364	0	0
2026.04.23	18:00:00	0.71606	0.71629	0.71513	0.71551	6036	0	0
2026.04.23	19:00:00	0.71551	0.71569	0.71518	0.71549	3384	0	2
2026.04.23	20:00:00	0.71549	0.71563	0.71109	0.71415	13109	0	0
2026.04.23	21:00:00	0.71418	0.71500	0.71345	0.71359	8455	0	0
2026.04.23	22:00:00	0.71359	0.71366	0.71265	0.71331	4481	0	0
2026.04.23	23:00:00	0.71331	0.71331	0.71238	0.71272	1708	0	4
2026.04.24	00:00:00	0.71257	0.71303	0.71212	0.71303	484	0	12
2026.04.24	01:00:00	0.71303	0.71328	0.71283	0.71326	688	0	3
2026.04.24	02:00:00	0.71326	0.71332	0.71282	0.71287	1004	0	3
2026.04.24	03:00:00	0.71288	0.71350	0.71269	0.71319	3366	0	1
2026.04.24	04:00:00	0.71319	0.71356	0.71269	0.71327	3868	0	3
2026.04.24	05:00:00	0.71327	0.71330	0.71201	0.71213	2936	0	4
2026.04.24	06:00:00	0.71213	0.71229	0.71143	0.71188	2782	0	3
2026.04.24	07:00:00	0.71188	0.71268	0.71163	0.71243	1978	0	0
2026.04.24	08:00:00	0.71246	0.71291	0.71205	0.71265	2092	0	0
2026.04.24	09:00:00	0.71266	0.71299	0.71198	0.71240	2564	0	1
2026.04.24	10:00:00	0.71240	0.71342	0.71199	0.71335	2043	0	0
2026.04.24	11:00:00	0.71335	0.71377	0.71276	0.71321	3849	0	0
2026.04.24	12:00:00	0.71321	0.71338	0.71264	0.71300	2909	0	0
2026.04.24	13:00:00	0.71300	0.71365	0.71283	0.71343	1878	0	2
2026.04.24	14:00:00	0.71343	0.71518	0.71330	0.71440	6170	0	0
2026.04.24	15:00:00	0.71440	0.71473	0.71304	0.71353	3920	0	0
2026.04.24	16:00:00	0.71353	0.71403	0.71256	0.71351	5620	0	0
2026.04.24	17:00:00	0.71351	0.71466	0.71278	0.71394	6944	0	0
2026.04.24	18:00:00	0.71393	0.71553	0.71362	0.71527	5487	0	0
2026.04.24	19:00:00	0.71527	0.71534	0.71457	0.71513	3289	0	1
2026.04.24	20:00:00	0.71514	0.71550	0.71485	0.71487	2579	0	0
2026.04.24	21:00:00	0.71487	0.71526	0.71459	0.71510	2022	0	1
2026.04.24	22:00:00	0.71510	0.71540	0.71500	0.71512	1379	0	2
2026.04.24	23:00:00	0.71508	0.71529	0.71446	0.71488	2216	0	0
2026.04.27	00:00:00	0.71315	0.71421	0.71305	0.71409	556	0	0
2026.04.27	01:00:00	0.71409	0.71464	0.71383	0.71444	1152	0	5
2026.04.27	02:00:00	0.71444	0.71463	0.71418	0.71419	1003	0	4
2026.04.27	03:00:00	0.71418	0.71572	0.71418	0.71571	2670	0	0
2026.04.27	04:00:00	0.71571	0.71694	0.71571	0.71677	4862	0	0
2026.04.27	05:00:00	0.71677	0.71747	0.71635	0.71715	2273	0	1
2026.04.27	06:00:00	0.71715	0.71770	0.71715	0.71734	1588	0	3
2026.04.27	07:00:00	0.71734	0.71744	0.71661	0.71676	1416	0	1
2026.04.27	08:00:00	0.71679	0.71688	0.71639	0.71644	1682	0	1
2026.04.27	09:00:00	0.71644	0.71660	0.71572	0.71648	2677	0	0
2026.04.27	10:00:00	0.71648	0.71782	0.71646	0.71768	3317	0	0
2026.04.27	11:00:00	0.71768	0.71898	0.71737	0.71879	3392	0	0
2026.04.27	12:00:00	0.71879	0.71902	0.71826	0.71847	1621	0	0
2026.04.27	13:00:00	0.71847	0.71884	0.71834	0.71870	1602	0	0
2026.04.27	14:00:00	0.71870	0.71875	0.71824	0.71849	1975	0	1
2026.04.27	15:00:00	0.71849	0.71956	0.71849	0.71877	3628	0	0
2026.04.27	16:00:00	0.71877	0.71945	0.71826	0.71883	5468	0	0
2026.04.27	17:00:00	0.71884	0.71998	0.71858	0.71928	5242	0	0
2026.04.27	18:00:00	0.71928	0.71937	0.71866	0.71921	3622	0	0
2026.04.27	19:00:00	0.71921	0.71935	0.71882	0.71896	1722	0	0
2026.04.27	20:00:00	0.71896	0.71937	0.71843	0.71889	2045	0	0
2026.04.27	21:00:00	0.71889	0.71902	0.71850	0.71861	1535	0	0
2026.04.27	22:00:00	0.71861	0.71892	0.71849	0.71861	1106	0	1
2026.04.27	23:00:00	0.71859	0.71870	0.71846	0.71848	634	0	7
2026.04.28	00:00:00	0.71749	0.71853	0.71749	0.71845	122	0	21
2026.04.28	01:00:00	0.71845	0.71881	0.71841	0.71864	817	0	3
2026.04.28	02:00:00	0.71864	0.71902	0.71860	0.71901	661	0	7
2026.04.28	03:00:00	0.71901	0.71943	0.71872	0.71906	2940	0	2
2026.04.28	04:00:00	0.71906	0.71912	0.71770	0.71784	3309	0	2
2026.04.28	05:00:00	0.71784	0.71804	0.71735	0.71769	2562	0	0
2026.04.28	06:00:00	0.71769	0.71847	0.71759	0.71843	2660	0	2
2026.04.28	07:00:00	0.71842	0.71859	0.71815	0.71821	1362	0	3
2026.04.28	08:00:00	0.71822	0.71837	0.71729	0.71765	2459	0	2
2026.04.28	09:00:00	0.71765	0.71777	0.71621	0.71637	4167	0	0
2026.04.28	10:00:00	0.71637	0.71797	0.71631	0.71780	4444	0	0
2026.04.28	11:00:00	0.71780	0.71809	0.71710	0.71780	4404	0	0
2026.04.28	12:00:00	0.71780	0.71780	0.71676	0.71748	3765	0	0
2026.04.28	13:00:00	0.71747	0.71763	0.71633	0.71644	3809	0	0
2026.04.28	14:00:00	0.71644	0.71669	0.71518	0.71536	4977	0	0
2026.04.28	15:00:00	0.71537	0.71657	0.71508	0.71650	5769	0	0
2026.04.28	16:00:00	0.71650	0.71756	0.71601	0.71707	5758	0	0
2026.04.28	17:00:00	0.71707	0.71761	0.71614	0.71673	6933	0	0
2026.04.28	18:00:00	0.71672	0.71803	0.71664	0.71799	5447	0	1
2026.04.28	19:00:00	0.71799	0.71824	0.71752	0.71808	3245	0	0
2026.04.28	20:00:00	0.71808	0.71858	0.71771	0.71848	2051	0	2
2026.04.28	21:00:00	0.71849	0.71869	0.71824	0.71834	1997	0	0
2026.04.28	22:00:00	0.71834	0.71855	0.71789	0.71800	1466	0	0
2026.04.28	23:00:00	0.71796	0.71826	0.71794	0.71814	664	0	8
2026.04.29	00:00:00	0.71683	0.71824	0.71679	0.71801	570	0	6
2026.04.29	01:00:00	0.71801	0.71842	0.71797	0.71816	508	0	5
2026.04.29	02:00:00	0.71816	0.71863	0.71811	0.71863	803	0	6
2026.04.29	03:00:00	0.71863	0.71893	0.71846	0.71857	2144	0	3
2026.04.29	04:00:00	0.71857	0.71858	0.71666	0.71694	6279	0	0
2026.04.29	05:00:00	0.71694	0.71761	0.71592	0.71596	3874	0	2
2026.04.29	06:00:00	0.71596	0.71657	0.71596	0.71610	2184	0	3
2026.04.29	07:00:00	0.71612	0.71643	0.71599	0.71628	1313	0	3
2026.04.29	08:00:00	0.71631	0.71640	0.71599	0.71605	1789	0	0
2026.04.29	09:00:00	0.71605	0.71630	0.71542	0.71600	2498	0	0
2026.04.29	10:00:00	0.71600	0.71667	0.71566	0.71632	3794	0	0
2026.04.29	11:00:00	0.71632	0.71655	0.71546	0.71555	3817	0	0
2026.04.29	12:00:00	0.71555	0.71587	0.71488	0.71501	2482	0	0
2026.04.29	13:00:00	0.71501	0.71610	0.71489	0.71593	1957	0	0
2026.04.29	14:00:00	0.71593	0.71600	0.71555	0.71586	2482	0	0
2026.04.29	15:00:00	0.71586	0.71661	0.71545	0.71552	3326	0	0
2026.04.29	16:00:00	0.71552	0.71598	0.71262	0.71285	6206	0	0
2026.04.29	17:00:00	0.71285	0.71457	0.71232	0.71412	5933	0	0
2026.04.29	18:00:00	0.71412	0.71428	0.71185	0.71287	6056	0	0
2026.04.29	19:00:00	0.71287	0.71370	0.71256	0.71268	4840	0	0
2026.04.29	20:00:00	0.71268	0.71334	0.71228	0.71311	3275	0	0
2026.04.29	21:00:00	0.71311	0.71317	0.71015	0.71138	9953	0	0
2026.04.29	22:00:00	0.71138	0.71199	0.71064	0.71169	4448	0	0
2026.04.29	23:00:00	0.71165	0.71196	0.71114	0.71149	2941	0	1
2026.04.30	00:00:00	0.71018	0.71155	0.71018	0.71128	358	0	13
2026.04.30	01:00:00	0.71128	0.71211	0.71123	0.71183	1801	0	0
2026.04.30	02:00:00	0.71183	0.71282	0.71180	0.71275	1306	0	0
2026.04.30	03:00:00	0.71275	0.71325	0.71212	0.71212	3944	0	2
2026.04.30	04:00:00	0.71212	0.71274	0.71177	0.71252	3872	0	1
2026.04.30	05:00:00	0.71252	0.71285	0.71169	0.71259	4632	0	0
2026.04.30	06:00:00	0.71259	0.71303	0.71246	0.71251	2805	0	3
2026.04.30	07:00:00	0.71251	0.71258	0.71150	0.71153	3722	0	2
2026.04.30	08:00:00	0.71156	0.71231	0.71108	0.71127	2817	0	0
2026.04.30	09:00:00	0.71127	0.71224	0.71099	0.71186	4179	0	0
2026.04.30	10:00:00	0.71185	0.71307	0.71181	0.71280	4385	0	0
2026.04.30	11:00:00	0.71280	0.71396	0.71273	0.71296	5036	0	0
2026.04.30	12:00:00	0.71296	0.71475	0.71271	0.71449	5760	0	0
2026.04.30	13:00:00	0.71449	0.71576	0.71402	0.71572	7163	0	0
2026.04.30	14:00:00	0.71572	0.71669	0.71526	0.71534	7211	0	0
2026.04.30	15:00:00	0.71534	0.71562	0.71445	0.71497	6506	0	0
2026.04.30	16:00:00	0.71497	0.71685	0.71494	0.71621	7629	0	0
2026.04.30	17:00:00	0.71621	0.71915	0.71609	0.71881	9502	0	0
2026.04.30	18:00:00	0.71881	0.71912	0.71820	0.71827	6544	0	0
2026.04.30	19:00:00	0.71827	0.71904	0.71778	0.71821	3580	0	0
2026.04.30	20:00:00	0.71822	0.71882	0.71804	0.71840	2969	0	0
2026.04.30	21:00:00	0.71840	0.72004	0.71840	0.71984	2497	0	0
2026.04.30	22:00:00	0.71984	0.72029	0.71969	0.71972	2243	0	0
2026.04.30	23:00:00	0.71968	0.72029	0.71957	0.72003	1913	0	1
2026.05.01	00:00:00	0.71982	0.71995	0.71866	0.71980	217	0	3
2026.05.01	01:00:00	0.71984	0.72014	0.71963	0.71992	1117	0	2
2026.05.01	02:00:00	0.71992	0.72044	0.71991	0.72000	1561	0	1
2026.05.01	03:00:00	0.72001	0.72025	0.71950	0.72004	3213	0	4
2026.05.01	04:00:00	0.72004	0.72025	0.71959	0.72014	2209	0	3
2026.05.01	05:00:00	0.72014	0.72048	0.71950	0.71991	1778	0	3
2026.05.01	06:00:00	0.71991	0.72029	0.71941	0.71953	1688	0	5
2026.05.01	07:00:00	0.71953	0.71956	0.71893	0.71905	1807	0	0
2026.05.01	08:00:00	0.71908	0.71936	0.71886	0.71893	1480	0	0
2026.05.01	09:00:00	0.71893	0.71997	0.71861	0.71955	3819	0	0
2026.05.01	10:00:00	0.71955	0.72029	0.71929	0.71953	4027	0	0
2026.05.01	11:00:00	0.71953	0.71986	0.71910	0.71949	3097	0	0
2026.05.01	12:00:00	0.71949	0.71957	0.71833	0.71851	2404	0	0
2026.05.01	13:00:00	0.71852	0.71921	0.71842	0.71902	1949	0	1
2026.05.01	14:00:00	0.71902	0.71999	0.71898	0.71965	2296	0	0
2026.05.01	15:00:00	0.71965	0.72084	0.71942	0.72022	4585	0	0
2026.05.01	16:00:00	0.72020	0.72148	0.71999	0.72128	5486	0	0
2026.05.01	17:00:00	0.72129	0.72278	0.72121	0.72164	7939	0	0
2026.05.01	18:00:00	0.72164	0.72234	0.72132	0.72173	5923	0	0
2026.05.01	19:00:00	0.72173	0.72211	0.72106	0.72113	4705	0	0
2026.05.01	20:00:00	0.72113	0.72156	0.72074	0.72102	3003	0	0
2026.05.01	21:00:00	0.72102	0.72110	0.72019	0.72093	3403	0	0
2026.05.01	22:00:00	0.72093	0.72104	0.72045	0.72048	2437	0	1
2026.05.01	23:00:00	0.72045	0.72056	0.71940	0.71960	1760	0	4
2026.05.04	00:00:00	0.72001	0.72186	0.71982	0.72179	305	0	10
2026.05.04	01:00:00	0.72176	0.72200	0.72100	0.72140	1819	0	3
2026.05.04	02:00:00	0.72140	0.72141	0.72084	0.72089	1168	0	5
2026.05.04	03:00:00	0.72090	0.72126	0.72054	0.72089	3813	0	3
2026.05.04	04:00:00	0.72089	0.72093	0.72004	0.72086	3838	0	2
2026.05.04	05:00:00	0.72086	0.72094	0.72012	0.72079	2426	0	2
2026.05.04	06:00:00	0.72079	0.72170	0.72046	0.72134	3632	0	1
2026.05.04	07:00:00	0.72134	0.72139	0.72062	0.72073	2068	0	3
2026.05.04	08:00:00	0.72073	0.72099	0.72027	0.72077	2104	0	1
2026.05.04	09:00:00	0.72077	0.72094	0.71935	0.71982	3511	0	0
2026.05.04	10:00:00	0.71982	0.71982	0.71885	0.71911	4102	0	0
2026.05.04	11:00:00	0.71910	0.71983	0.71877	0.71946	3404	0	0
2026.05.04	12:00:00	0.71946	0.71996	0.71942	0.71967	2604	0	1
2026.05.04	13:00:00	0.71967	0.71967	0.71679	0.71847	9932	0	0
2026.05.04	14:00:00	0.71846	0.71885	0.71756	0.71784	4574	0	0
2026.05.04	15:00:00	0.71784	0.71916	0.71781	0.71874	3834	0	0
2026.05.04	16:00:00	0.71874	0.71950	0.71774	0.71859	5588	0	0
2026.05.04	17:00:00	0.71859	0.71911	0.71819	0.71843	4952	0	0
2026.05.04	18:00:00	0.71844	0.71887	0.71620	0.71656	8777	0	0
2026.05.04	19:00:00	0.71656	0.71685	0.71532	0.71574	6750	0	0
2026.05.04	20:00:00	0.71574	0.71724	0.71571	0.71690	4031	0	0
2026.05.04	21:00:00	0.71690	0.71730	0.71649	0.71724	2437	0	0
2026.05.04	22:00:00	0.71724	0.71747	0.71679	0.71714	2578	0	0
2026.05.04	23:00:00	0.71710	0.71710	0.71641	0.71654	1066	0	5
2026.05.05	00:00:00	0.71647	0.71675	0.71510	0.71662	180	0	10
2026.05.05	01:00:00	0.71662	0.71680	0.71652	0.71669	654	0	4
2026.05.05	02:00:00	0.71669	0.71683	0.71663	0.71667	936	0	7
2026.05.05	03:00:00	0.71667	0.71710	0.71575	0.71594	2848	0	1
2026.05.05	04:00:00	0.71594	0.71597	0.71525	0.71565	2731	0	1
2026.05.05	05:00:00	0.71565	0.71644	0.71561	0.71596	1826	0	1
2026.05.05	06:00:00	0.71596	0.71609	0.71523	0.71527	1286	0	4
2026.05.05	07:00:00	0.71527	0.71704	0.71510	0.71511	3208	0	0
2026.05.05	08:00:00	0.71513	0.71541	0.71356	0.71393	4331	0	0
2026.05.05	09:00:00	0.71393	0.71483	0.71387	0.71435	3698	0	0
2026.05.05	10:00:00	0.71436	0.71582	0.71427	0.71519	3621	0	0
2026.05.05	11:00:00	0.71519	0.71636	0.71517	0.71574	3108	0	0
2026.05.05	12:00:00	0.71573	0.71645	0.71533	0.71636	2992	0	1
2026.05.05	13:00:00	0.71636	0.71739	0.71609	0.71678	2201	0	0
2026.05.05	14:00:00	0.71678	0.71743	0.71628	0.71720	2940	0	0
2026.05.05	15:00:00	0.71720	0.71826	0.71670	0.71751	4167	0	0
2026.05.05	16:00:00	0.71751	0.71855	0.71751	0.71802	4424	0	0
2026.05.05	17:00:00	0.71802	0.71886	0.71750	0.71883	6304	0	0
2026.05.05	18:00:00	0.71883	0.71976	0.71866	0.71942	3862	0	0
2026.05.05	19:00:00	0.71942	0.71953	0.71864	0.71870	2423	0	0
2026.05.05	20:00:00	0.71870	0.71911	0.71847	0.71873	1894	0	1
2026.05.05	21:00:00	0.71873	0.71902	0.71867	0.71877	1205	0	0
2026.05.05	22:00:00	0.71877	0.71884	0.71812	0.71829	1227	0	2
2026.05.05	23:00:00	0.71825	0.71841	0.71811	0.71819	758	0	7
2026.05.06	00:00:00	0.71794	0.71824	0.71600	0.71820	632	0	14
2026.05.06	01:00:00	0.71820	0.72003	0.71812	0.71960	2211	0	0
2026.05.06	02:00:00	0.71960	0.72078	0.71941	0.72027	3066	0	0
2026.05.06	03:00:00	0.72028	0.72236	0.72018	0.72233	5772	0	0
2026.05.06	04:00:00	0.72233	0.72337	0.72203	0.72285	5395	0	1
2026.05.06	05:00:00	0.72285	0.72339	0.72275	0.72336	3653	0	3
2026.05.06	06:00:00	0.72336	0.72419	0.72316	0.72319	3190	0	3
2026.05.06	07:00:00	0.72319	0.72504	0.72307	0.72439	5505	0	0
2026.05.06	08:00:00	0.72439	0.72495	0.72425	0.72479	3323	0	1
2026.05.06	09:00:00	0.72479	0.72494	0.72408	0.72487	3385	0	0
2026.05.06	10:00:00	0.72487	0.72503	0.72332	0.72419	4225	0	0
2026.05.06	11:00:00	0.72419	0.72675	0.72326	0.72602	5452	0	0
2026.05.06	12:00:00	0.72602	0.72639	0.72507	0.72618	6011	0	0
2026.05.06	13:00:00	0.72618	0.72774	0.72515	0.72686	6100	0	0
2026.05.06	14:00:00	0.72686	0.72686	0.72485	0.72504	6974	0	0
2026.05.06	15:00:00	0.72504	0.72505	0.72317	0.72376	6885	0	0
2026.05.06	16:00:00	0.72376	0.72411	0.72288	0.72344	6797	0	0
2026.05.06	17:00:00	0.72344	0.72475	0.72293	0.72397	6476	0	0
2026.05.06	18:00:00	0.72397	0.72403	0.72327	0.72337	4158	0	0
2026.05.06	19:00:00	0.72337	0.72337	0.72240	0.72267	3125	0	0
2026.05.06	20:00:00	0.72267	0.72346	0.72257	0.72320	2144	0	0
2026.05.06	21:00:00	0.72320	0.72389	0.72319	0.72369	2388	0	0
2026.05.06	22:00:00	0.72369	0.72413	0.72361	0.72377	1827	0	1
2026.05.06	23:00:00	0.72373	0.72379	0.72345	0.72367	1259	0	7
2026.05.07	00:00:00	0.72250	0.72394	0.72249	0.72383	1175	0	3
2026.05.07	01:00:00	0.72383	0.72386	0.72356	0.72373	749	0	4
2026.05.07	02:00:00	0.72373	0.72387	0.72339	0.72346	831	0	4
2026.05.07	03:00:00	0.72346	0.72398	0.72317	0.72353	3909	0	1
2026.05.07	04:00:00	0.72353	0.72483	0.72313	0.72447	4111	0	3
2026.05.07	05:00:00	0.72446	0.72463	0.72394	0.72427	2534	0	3
2026.05.07	06:00:00	0.72427	0.72445	0.72395	0.72417	1819	0	4
2026.05.07	07:00:00	0.72417	0.72502	0.72411	0.72470	2054	0	3
2026.05.07	08:00:00	0.72473	0.72507	0.72460	0.72465	1678	0	1
2026.05.07	09:00:00	0.72465	0.72566	0.72405	0.72506	3318	0	0
2026.05.07	10:00:00	0.72506	0.72636	0.72499	0.72617	4896	0	0
2026.05.07	11:00:00	0.72618	0.72641	0.72569	0.72587	3455	0	0
2026.05.07	12:00:00	0.72587	0.72620	0.72536	0.72602	2398	0	0
2026.05.07	13:00:00	0.72602	0.72636	0.72555	0.72557	2303	0	0
2026.05.07	14:00:00	0.72559	0.72589	0.72517	0.72583	2578	0	0
2026.05.07	15:00:00	0.72583	0.72599	0.72503	0.72525	3174	0	0
2026.05.07	16:00:00	0.72525	0.72547	0.72448	0.72483	5136	0	0
2026.05.07	17:00:00	0.72483	0.72581	0.72425	0.72579	4659	0	0
2026.05.07	18:00:00	0.72579	0.72581	0.72388	0.72395	4830	0	0
2026.05.07	19:00:00	0.72395	0.72426	0.72327	0.72384	4683	0	0
2026.05.07	20:00:00	0.72384	0.72415	0.72247	0.72342	5665	0	0
2026.05.07	21:00:00	0.72342	0.72359	0.72205	0.72298	4367	0	0
2026.05.07	22:00:00	0.72298	0.72317	0.72143	0.72146	4666	0	0
2026.05.07	23:00:00	0.72141	0.72273	0.72041	0.72047	3521	0	0
2026.05.08	00:00:00	0.72055	0.72122	0.72009	0.72044	469	0	16
2026.05.08	01:00:00	0.72044	0.72081	0.72005	0.72025	2021	0	0
2026.05.08	02:00:00	0.72025	0.72088	0.72025	0.72078	1184	0	3
2026.05.08	03:00:00	0.72079	0.72116	0.71997	0.72071	4375	0	0
2026.05.08	04:00:00	0.72071	0.72144	0.72069	0.72100	3797	0	3
2026.05.08	05:00:00	0.72100	0.72135	0.72035	0.72101	4129	0	0
2026.05.08	06:00:00	0.72101	0.72207	0.72093	0.72147	2706	0	0
2026.05.08	07:00:00	0.72147	0.72217	0.72133	0.72202	2368	0	3
2026.05.08	08:00:00	0.72205	0.72264	0.72175	0.72233	2462	0	0
2026.05.08	09:00:00	0.72233	0.72305	0.72219	0.72262	3383	0	0
2026.05.08	10:00:00	0.72262	0.72271	0.72213	0.72238	3482	0	0
2026.05.08	11:00:00	0.72238	0.72362	0.72221	0.72343	3434	0	0
2026.05.08	12:00:00	0.72344	0.72411	0.72305	0.72337	2804	0	0
2026.05.08	13:00:00	0.72338	0.72413	0.72327	0.72364	2204	0	0
2026.05.08	14:00:00	0.72364	0.72398	0.72315	0.72356	2459	0	1
2026.05.08	15:00:00	0.72356	0.72489	0.72275	0.72382	6090	0	0
2026.05.08	16:00:00	0.72382	0.72482	0.72288	0.72431	6307	0	0
2026.05.08	17:00:00	0.72431	0.72457	0.72358	0.72435	5053	0	0
2026.05.08	18:00:00	0.72435	0.72462	0.72367	0.72415	4488	0	0
2026.05.08	19:00:00	0.72415	0.72463	0.72401	0.72404	2433	0	0
2026.05.08	20:00:00	0.72404	0.72449	0.72400	0.72425	1760	0	2
2026.05.08	21:00:00	0.72425	0.72477	0.72404	0.72421	2301	0	0
2026.05.08	22:00:00	0.72421	0.72480	0.72417	0.72462	2241	0	0
2026.05.08	23:00:00	0.72459	0.72486	0.72406	0.72460	1425	0	0
2026.05.11	00:00:00	0.72161	0.72246	0.72160	0.72189	456	0	7
2026.05.11	01:00:00	0.72189	0.72345	0.72188	0.72333	1414	0	0
2026.05.11	02:00:00	0.72333	0.72378	0.72324	0.72337	1493	0	5
2026.05.11	03:00:00	0.72337	0.72399	0.72321	0.72375	3639	0	0
2026.05.11	04:00:00	0.72376	0.72391	0.72274	0.72331	4216	0	2
2026.05.11	05:00:00	0.72331	0.72373	0.72295	0.72296	2202	0	3
2026.05.11	06:00:00	0.72295	0.72321	0.72280	0.72287	1694	0	4
2026.05.11	07:00:00	0.72287	0.72289	0.72248	0.72268	1426	0	4
2026.05.11	08:00:00	0.72271	0.72320	0.72264	0.72295	1772	0	0
2026.05.11	09:00:00	0.72296	0.72426	0.72285	0.72410	2804	0	1
2026.05.11	10:00:00	0.72410	0.72421	0.72361	0.72403	2635	0	0
2026.05.11	11:00:00	0.72403	0.72476	0.72382	0.72382	2298	0	0
2026.05.11	12:00:00	0.72382	0.72412	0.72361	0.72364	1586	0	0
2026.05.11	13:00:00	0.72364	0.72441	0.72354	0.72425	1968	0	1
2026.05.11	14:00:00	0.72425	0.72484	0.72395	0.72430	2141	0	0
2026.05.11	15:00:00	0.72430	0.72454	0.72375	0.72432	3271	0	1
2026.05.11	16:00:00	0.72432	0.72571	0.72427	0.72542	3875	0	0
2026.05.11	17:00:00	0.72542	0.72593	0.72496	0.72557	4176	0	0
2026.05.11	18:00:00	0.72557	0.72595	0.72535	0.72575	2797	0	1
2026.05.11	19:00:00	0.72574	0.72579	0.72467	0.72505	2310	0	0
2026.05.11	20:00:00	0.72505	0.72544	0.72474	0.72523	2332	0	2
2026.05.11	21:00:00	0.72523	0.72554	0.72486	0.72487	1523	0	1
2026.05.11	22:00:00	0.72487	0.72503	0.72472	0.72489	1374	0	2
2026.05.11	23:00:00	0.72489	0.72497	0.72437	0.72489	832	0	2
2026.05.12	00:00:00	0.72457	0.72499	0.72430	0.72489	560	0	12
2026.05.12	01:00:00	0.72489	0.72515	0.72481	0.72493	773	0	7
2026.05.12	02:00:00	0.72493	0.72506	0.72445	0.72452	1003	0	7
2026.05.12	03:00:00	0.72453	0.72454	0.72327	0.72344	2945	0	3
2026.05.12	04:00:00	0.72344	0.72376	0.72219	0.72312	4432	0	2
2026.05.12	05:00:00	0.72312	0.72365	0.72289	0.72348	2755	0	3
2026.05.12	06:00:00	0.72348	0.72355	0.72281	0.72288	1809	0	3
2026.05.12	07:00:00	0.72288	0.72350	0.72287	0.72315	1531	0	3
2026.05.12	08:00:00	0.72318	0.72349	0.72263	0.72300	2453	0	0
2026.05.12	09:00:00	0.72299	0.72313	0.72109	0.72123	4233	0	0
2026.05.12	10:00:00	0.72123	0.72218	0.72086	0.72171	4077	0	0
2026.05.12	11:00:00	0.72172	0.72225	0.72126	0.72175	3645	0	0
2026.05.12	12:00:00	0.72176	0.72254	0.72144	0.72232	3175	0	0
2026.05.12	13:00:00	0.72232	0.72270	0.72217	0.72244	2141	0	1
2026.05.12	14:00:00	0.72244	0.72314	0.72202	0.72284	2924	0	0
2026.05.12	15:00:00	0.72285	0.72329	0.72170	0.72307	4329	0	0
2026.05.12	16:00:00	0.72307	0.72319	0.72145	0.72175	5808	0	0
2026.05.12	17:00:00	0.72176	0.72308	0.72171	0.72301	6440	0	0
2026.05.12	18:00:00	0.72301	0.72321	0.72143	0.72223	5470	0	0
2026.05.12	19:00:00	0.72223	0.72257	0.72142	0.72154	3194	0	0
2026.05.12	20:00:00	0.72154	0.72256	0.72153	0.72254	2656	0	0
2026.05.12	21:00:00	0.72253	0.72366	0.72229	0.72347	3232	0	0
2026.05.12	22:00:00	0.72347	0.72417	0.72337	0.72387	1895	0	0
2026.05.12	23:00:00	0.72383	0.72400	0.72363	0.72392	904	0	7
2026.05.13	00:00:00	0.72379	0.72424	0.72349	0.72378	333	0	12
2026.05.13	01:00:00	0.72378	0.72415	0.72374	0.72396	594	0	8
2026.05.13	02:00:00	0.72396	0.72410	0.72364	0.72368	927	0	5
2026.05.13	03:00:00	0.72368	0.72400	0.72322	0.72362	2873	0	4
2026.05.13	04:00:00	0.72362	0.72472	0.72302	0.72436	3445	0	2
2026.05.13	05:00:00	0.72435	0.72456	0.72382	0.72384	2011	0	2
2026.05.13	06:00:00	0.72384	0.72385	0.72313	0.72349	2153	0	2
2026.05.13	07:00:00	0.72349	0.72360	0.72312	0.72346	1354	0	4
2026.05.13	08:00:00	0.72346	0.72398	0.72341	0.72396	2109	0	0
2026.05.13	09:00:00	0.72397	0.72427	0.72326	0.72358	2721	0	0
2026.05.13	10:00:00	0.72358	0.72397	0.72329	0.72338	2651	0	0
2026.05.13	11:00:00	0.72338	0.72423	0.72328	0.72410	2459	0	1
2026.05.13	12:00:00	0.72410	0.72448	0.72350	0.72447	2299	0	1
2026.05.13	13:00:00	0.72447	0.72489	0.72408	0.72479	2610	0	0
2026.05.13	14:00:00	0.72479	0.72533	0.72456	0.72499	1973	0	0
2026.05.13	15:00:00	0.72499	0.72523	0.72357	0.72416	4098	0	0
2026.05.13	16:00:00	0.72416	0.72484	0.72398	0.72466	5132	0	0
2026.05.13	17:00:00	0.72467	0.72576	0.72447	0.72570	4705	0	0
2026.05.13	18:00:00	0.72570	0.72716	0.72550	0.72619	3553	0	1
2026.05.13	19:00:00	0.72619	0.72693	0.72599	0.72601	3107	0	0
2026.05.13	20:00:00	0.72601	0.72641	0.72561	0.72564	1648	0	0
2026.05.13	21:00:00	0.72565	0.72618	0.72517	0.72571	2863	0	0
2026.05.13	22:00:00	0.72571	0.72593	0.72529	0.72529	1696	0	0
2026.05.13	23:00:00	0.72527	0.72590	0.72502	0.72573	1048	0	2
2026.05.14	00:00:00	0.72554	0.72570	0.72523	0.72546	559	0	11
2026.05.14	01:00:00	0.72544	0.72603	0.72544	0.72593	560	0	5
2026.05.14	02:00:00	0.72593	0.72602	0.72516	0.72536	1223	0	3
2026.05.14	03:00:00	0.72536	0.72569	0.72480	0.72509	3165	0	3
2026.05.14	04:00:00	0.72509	0.72516	0.72448	0.72455	3029	0	2
2026.05.14	05:00:00	0.72455	0.72525	0.72433	0.72517	2264	0	1
2026.05.14	06:00:00	0.72517	0.72537	0.72473	0.72509	2079	0	3
2026.05.14	07:00:00	0.72509	0.72595	0.72505	0.72560	1864	0	3
2026.05.14	08:00:00	0.72564	0.72627	0.72525	0.72556	2805	0	0
2026.05.14	09:00:00	0.72556	0.72642	0.72555	0.72609	2607	0	0
2026.05.14	10:00:00	0.72609	0.72614	0.72405	0.72422	3304	0	0
2026.05.14	11:00:00	0.72422	0.72537	0.72414	0.72523	3216	0	1
2026.05.14	12:00:00	0.72522	0.72538	0.72419	0.72460	2545	0	0
2026.05.14	13:00:00	0.72460	0.72497	0.72384	0.72427	2861	0	0
2026.05.14	14:00:00	0.72427	0.72450	0.72382	0.72389	2100	0	1
2026.05.14	15:00:00	0.72388	0.72431	0.72346	0.72347	2533	0	1
2026.05.14	16:00:00	0.72347	0.72362	0.72197	0.72205	5022	0	0
2026.05.14	17:00:00	0.72205	0.72317	0.72194	0.72279	4819	0	0
2026.05.14	18:00:00	0.72279	0.72279	0.72219	0.72240	3271	0	1
2026.05.14	19:00:00	0.72239	0.72245	0.72158	0.72211	3257	0	1
2026.05.14	20:00:00	0.72211	0.72267	0.72203	0.72232	3175	0	0
2026.05.14	21:00:00	0.72232	0.72254	0.72185	0.72246	2234	0	1
2026.05.14	22:00:00	0.72246	0.72259	0.72176	0.72198	1791	0	1
2026.05.14	23:00:00	0.72198	0.72209	0.72180	0.72197	806	0	4
2026.05.15	00:00:00	0.72197	0.72211	0.72155	0.72204	493	0	11
2026.05.15	01:00:00	0.72204	0.72224	0.72192	0.72217	746	0	1
2026.05.15	02:00:00	0.72217	0.72219	0.72128	0.72133	1280	0	7
2026.05.15	03:00:00	0.72134	0.72180	0.72008	0.72054	3661	0	3
2026.05.15	04:00:00	0.72054	0.72070	0.71867	0.71871	5677	0	0
2026.05.15	05:00:00	0.71871	0.71994	0.71846	0.71927	4140	0	3
2026.05.15	06:00:00	0.71926	0.71954	0.71890	0.71931	2590	0	4
2026.05.15	07:00:00	0.71931	0.71934	0.71806	0.71808	2124	0	0
2026.05.15	08:00:00	0.71810	0.71814	0.71557	0.71586	5084	0	0
2026.05.15	09:00:00	0.71586	0.71689	0.71570	0.71600	5215	0	0
2026.05.15	10:00:00	0.71600	0.71766	0.71573	0.71669	4216	0	0
2026.05.15	11:00:00	0.71671	0.71683	0.71547	0.71567	4316	0	0
2026.05.15	12:00:00	0.71568	0.71569	0.71397	0.71472	4902	0	0
2026.05.15	13:00:00	0.71472	0.71800	0.71466	0.71722	5200	0	0
2026.05.15	14:00:00	0.71722	0.71735	0.71504	0.71521	3235	0	0
2026.05.15	15:00:00	0.71517	0.71547	0.71435	0.71530	4242	0	0
2026.05.15	16:00:00	0.71530	0.71576	0.71433	0.71471	6215	0	0
2026.05.15	17:00:00	0.71471	0.71661	0.71447	0.71542	7100	0	0
2026.05.15	18:00:00	0.71542	0.71568	0.71461	0.71503	5409	0	0
2026.05.15	19:00:00	0.71503	0.71590	0.71481	0.71564	3455	0	2
2026.05.15	20:00:00	0.71564	0.71633	0.71552	0.71585	2442	0	1
2026.05.15	21:00:00	0.71585	0.71597	0.71478	0.71530	3066	0	0
2026.05.15	22:00:00	0.71532	0.71535	0.71478	0.71495	2764	0	1
2026.05.15	23:00:00	0.71491	0.71492	0.71411	0.71471	1614	0	0
2026.05.18	00:00:00	0.71396	0.71536	0.71396	0.71483	893	0	8
2026.05.18	01:00:00	0.71482	0.71534	0.71467	0.71495	1561	0	0
2026.05.18	02:00:00	0.71495	0.71509	0.71272	0.71292	3071	0	3
2026.05.18	03:00:00	0.71292	0.71317	0.71183	0.71243	6698	0	0
2026.05.18	04:00:00	0.71243	0.71315	0.71198	0.71281	6511	0	1
2026.05.18	05:00:00	0.71281	0.71319	0.71221	0.71245	3704	0	3
2026.05.18	06:00:00	0.71246	0.71345	0.71240	0.71340	3041	0	3
2026.05.18	07:00:00	0.71339	0.71375	0.71301	0.71310	2342	0	4
2026.05.18	08:00:00	0.71313	0.71354	0.71264	0.71317	3577	0	1
2026.05.18	09:00:00	0.71317	0.71490	0.71305	0.71489	3788	0	0
2026.05.18	10:00:00	0.71489	0.71580	0.71431	0.71518	3951	0	0
2026.05.18	11:00:00	0.71519	0.71648	0.71479	0.71583	3870	0	0
2026.05.18	12:00:00	0.71583	0.71614	0.71546	0.71554	2838	0	1
2026.05.18	13:00:00	0.71554	0.71565	0.71479	0.71485	2407	0	0
2026.05.18	14:00:00	0.71485	0.71683	0.71461	0.71601	5370	0	0
2026.05.18	15:00:00	0.71601	0.71843	0.71586	0.71784	5165	0	0
2026.05.18	16:00:00	0.71784	0.71808	0.71666	0.71732	6287	0	0
2026.05.18	17:00:00	0.71732	0.71737	0.71565	0.71587	6762	0	0
2026.05.18	18:00:00	0.71587	0.71611	0.71484	0.71587	6199	0	0
2026.05.18	19:00:00	0.71587	0.71659	0.71536	0.71618	4463	0	0
2026.05.18	20:00:00	0.71618	0.71655	0.71591	0.71629	2797	0	1
2026.05.18	21:00:00	0.71629	0.71634	0.71483	0.71486	3376	0	0
2026.05.18	22:00:00	0.71486	0.71746	0.71476	0.71681	6211	0	0
2026.05.18	23:00:00	0.71681	0.71714	0.71663	0.71681	950	0	4
2026.05.19	00:00:00	0.71654	0.71698	0.71483	0.71682	668	0	23
2026.05.19	01:00:00	0.71682	0.71726	0.71681	0.71721	937	0	5
2026.05.19	02:00:00	0.71721	0.71763	0.71697	0.71698	1290	0	0
2026.05.19	03:00:00	0.71700	0.71723	0.71500	0.71507	4344	0	2
2026.05.19	04:00:00	0.71506	0.71524	0.71392	0.71449	4958	0	0
2026.05.19	05:00:00	0.71449	0.71449	0.71357	0.71412	3836	0	2
2026.05.19	06:00:00	0.71412	0.71445	0.71360	0.71367	2680	0	3
2026.05.19	07:00:00	0.71370	0.71382	0.71271	0.71290	2523	0	4
2026.05.19	08:00:00	0.71293	0.71342	0.71247	0.71323	3722	0	0
2026.05.19	09:00:00	0.71323	0.71365	0.71293	0.71339	3410	0	0
2026.05.19	10:00:00	0.71339	0.71363	0.71251	0.71252	3349	0	0
2026.05.19	11:00:00	0.71251	0.71258	0.71145	0.71175	3525	0	0
2026.05.19	12:00:00	0.71175	0.71175	0.71085	0.71152	3619	0	0
2026.05.19	13:00:00	0.71152	0.71215	0.71085	0.71164	3658	0	0
2026.05.19	14:00:00	0.71164	0.71213	0.71143	0.71169	3012	0	0
2026.05.19	15:00:00	0.71169	0.71229	0.71139	0.71145	3684	0	0
2026.05.19	16:00:00	0.71145	0.71149	0.71004	0.71093	7183	0	0
2026.05.19	17:00:00	0.71093	0.71120	0.70794	0.70847	8209	0	0
2026.05.19	18:00:00	0.70847	0.71011	0.70821	0.70996	5087	0	1
2026.05.19	19:00:00	0.70996	0.71125	0.70955	0.71109	4167	0	0
2026.05.19	20:00:00	0.71109	0.71162	0.71104	0.71124	2630	0	0
2026.05.19	21:00:00	0.71125	0.71149	0.71056	0.71063	2740	0	0
2026.05.19	22:00:00	0.71062	0.71108	0.71052	0.71088	2195	0	1
2026.05.19	23:00:00	0.71083	0.71086	0.71049	0.71068	839	0	6
2026.05.20	00:00:00	0.71037	0.71083	0.71037	0.71071	287	0	12
2026.05.20	01:00:00	0.71071	0.71079	0.71046	0.71069	785	0	6
2026.05.20	02:00:00	0.71069	0.71124	0.71035	0.71035	1186	0	5
2026.05.20	03:00:00	0.71036	0.71041	0.70917	0.70920	5376	0	2
2026.05.20	04:00:00	0.70920	0.71021	0.70865	0.71010	5969	0	3
2026.05.20	05:00:00	0.71010	0.71066	0.70915	0.70953	4463	0	1
2026.05.20	06:00:00	0.70953	0.71056	0.70933	0.71026	2936	0	4
2026.05.20	07:00:00	0.71026	0.71092	0.70976	0.70993	2228	0	4
2026.05.20	08:00:00	0.70996	0.71058	0.70972	0.71022	2983	0	1
2026.05.20	09:00:00	0.71022	0.71124	0.71001	0.71049	3508	0	0
2026.05.20	10:00:00	0.71048	0.71133	0.71030	0.71069	2929	0	1
2026.05.20	11:00:00	0.71069	0.71161	0.71047	0.71115	3598	0	0
2026.05.20	12:00:00	0.71115	0.71154	0.71086	0.71124	1966	0	0
2026.05.20	13:00:00	0.71124	0.71260	0.71120	0.71248	1970	0	1
2026.05.20	14:00:00	0.71248	0.71348	0.71219	0.71275	2232	0	0
2026.05.20	15:00:00	0.71275	0.71326	0.71229	0.71242	2481	0	0
2026.05.20	16:00:00	0.71242	0.71291	0.71186	0.71211	4573	0	0
2026.05.20	17:00:00	0.71211	0.71554	0.71149	0.71531	9837	0	0
2026.05.20	18:00:00	0.71531	0.71743	0.71466	0.71505	8702	0	0
2026.05.20	19:00:00	0.71505	0.71612	0.71489	0.71544	4843	0	0
2026.05.20	20:00:00	0.71544	0.71579	0.71515	0.71520	3644	0	0
2026.05.20	21:00:00	0.71521	0.71618	0.71493	0.71577	2637	0	0
2026.05.20	22:00:00	0.71577	0.71621	0.71566	0.71588	1955	0	0
2026.05.20	23:00:00	0.71583	0.71585	0.71514	0.71514	1696	0	5
2026.05.21	00:00:00	0.71480	0.71557	0.71443	0.71537	561	0	10
2026.05.21	01:00:00	0.71537	0.71541	0.71491	0.71518	1042	0	3
2026.05.21	02:00:00	0.71518	0.71522	0.71484	0.71488	802	0	6
2026.05.21	03:00:00	0.71490	0.71498	0.71439	0.71475	3204	0	2
2026.05.21	04:00:00	0.71475	0.71564	0.71105	0.71189	5423	0	0
2026.05.21	05:00:00	0.71190	0.71241	0.70994	0.71071	5470	0	0
2026.05.21	06:00:00	0.71071	0.71194	0.71067	0.71186	2433	0	1
2026.05.21	07:00:00	0.71185	0.71297	0.71180	0.71267	1914	0	2
2026.05.21	08:00:00	0.71270	0.71290	0.71157	0.71243	3311	0	0
2026.05.21	09:00:00	0.71242	0.71278	0.71083	0.71131	3865	0	0
2026.05.21	10:00:00	0.71131	0.71216	0.71079	0.71184	5531	0	0
2026.05.21	11:00:00	0.71183	0.71395	0.71159	0.71316	6101	0	0
2026.05.21	12:00:00	0.71316	0.71422	0.71307	0.71356	3407	0	0
2026.05.21	13:00:00	0.71356	0.71394	0.71173	0.71244	6831	0	0
2026.05.21	14:00:00	0.71244	0.71378	0.71237	0.71255	4351	0	0
2026.05.21	15:00:00	0.71255	0.71332	0.71221	0.71251	5577	0	0
2026.05.21	16:00:00	0.71251	0.71344	0.71162	0.71307	6967	0	0
2026.05.21	17:00:00	0.71307	0.71375	0.71221	0.71360	6121	0	0
2026.05.21	18:00:00	0.71359	0.71364	0.71229	0.71325	5592	0	0
2026.05.21	19:00:00	0.71325	0.71390	0.71324	0.71367	3992	0	0
2026.05.21	20:00:00	0.71367	0.71684	0.71348	0.71627	7776	0	0
2026.05.21	21:00:00	0.71627	0.71668	0.71431	0.71471	6358	0	0
2026.05.21	22:00:00	0.71472	0.71579	0.71456	0.71544	3527	0	0
2026.05.21	23:00:00	0.71539	0.71551	0.71481	0.71488	981	0	6
2026.05.22	00:00:00	0.71469	0.71510	0.71422	0.71470	745	0	16
2026.05.22	01:00:00	0.71470	0.71523	0.71462	0.71508	638	0	0
2026.05.22	02:00:00	0.71508	0.71514	0.71456	0.71473	986	0	6
2026.05.22	03:00:00	0.71474	0.71476	0.71400	0.71408	2852	0	3
2026.05.22	04:00:00	0.71408	0.71438	0.71353	0.71365	2916	0	2
2026.05.22	05:00:00	0.71365	0.71432	0.71364	0.71393	1839	0	4
2026.05.22	06:00:00	0.71393	0.71402	0.71341	0.71395	1630	0	4
2026.05.22	07:00:00	0.71395	0.71417	0.71379	0.71402	1088	0	4
2026.05.22	08:00:00	0.71405	0.71461	0.71365	0.71376	2047	0	2
2026.05.22	09:00:00	0.71376	0.71406	0.71317	0.71359	2937	0	0
2026.05.22	10:00:00	0.71360	0.71360	0.71271	0.71343	2564	0	0
2026.05.22	11:00:00	0.71342	0.71441	0.71300	0.71334	3640	0	0
2026.05.22	12:00:00	0.71333	0.71338	0.71244	0.71289	2875	0	0
2026.05.22	13:00:00	0.71289	0.71323	0.71225	0.71250	2438	0	0
2026.05.22	14:00:00	0.71250	0.71259	0.71196	0.71215	2422	0	0
2026.05.22	15:00:00	0.71215	0.71338	0.71195	0.71316	4261	0	0
2026.05.22	16:00:00	0.71316	0.71427	0.71230	0.71292	5730	0	0
2026.05.22	17:00:00	0.71291	0.71293	0.71162	0.71267	5600	0	0
2026.05.22	18:00:00	0.71267	0.71334	0.71246	0.71307	4091	0	1
2026.05.22	19:00:00	0.71307	0.71366	0.71285	0.71351	2803	0	0
2026.05.22	20:00:00	0.71351	0.71423	0.71331	0.71376	3890	0	0
2026.05.22	21:00:00	0.71376	0.71404	0.71342	0.71380	2342	0	0
2026.05.22	22:00:00	0.71381	0.71387	0.71310	0.71319	2154	0	0
2026.05.22	23:00:00	0.71314	0.71319	0.71217	0.71268	1805	0	0
2026.05.25	00:00:00	0.71547	0.71567	0.71532	0.71540	344	0	8
2026.05.25	01:00:00	0.71540	0.71608	0.71535	0.71575	2452	0	1
2026.05.25	02:00:00	0.71575	0.71613	0.71558	0.71563	1211	0	5
2026.05.25	03:00:00	0.71563	0.71648	0.71536	0.71583	2669	0	3
2026.05.25	04:00:00	0.71583	0.71724	0.71578	0.71657	3075	0	1
2026.05.25	05:00:00	0.71657	0.71712	0.71628	0.71638	1518	0	3
2026.05.25	06:00:00	0.71638	0.71658	0.71597	0.71608	1517	0	3
2026.05.25	07:00:00	0.71608	0.71705	0.71605	0.71686	1111	0	3
2026.05.25	08:00:00	0.71689	0.71715	0.71641	0.71652	1334	0	1
2026.05.25	09:00:00	0.71652	0.71682	0.71641	0.71660	1707	0	0
2026.05.25	10:00:00	0.71660	0.71664	0.71520	0.71604	2889	0	0
2026.05.25	11:00:00	0.71604	0.71673	0.71580	0.71667	1696	0	1
2026.05.25	12:00:00	0.71667	0.71696	0.71656	0.71668	924	0	1
2026.05.25	13:00:00	0.71667	0.71693	0.71654	0.71662	975	0	0
2026.05.25	14:00:00	0.71662	0.71751	0.71641	0.71694	1495	0	0
2026.05.25	15:00:00	0.71694	0.71743	0.71680	0.71697	2157	0	0
2026.05.25	16:00:00	0.71696	0.71726	0.71669	0.71687	1750	0	0
2026.05.25	17:00:00	0.71687	0.71788	0.71687	0.71781	1621	0	0
2026.05.25	18:00:00	0.71781	0.71818	0.71725	0.71727	1962	0	0
2026.05.25	19:00:00	0.71727	0.71738	0.71701	0.71733	1006	0	0
2026.05.25	20:00:00	0.71733	0.71767	0.71728	0.71753	561	0	1
2026.05.25	21:00:00	0.71754	0.71757	0.71738	0.71751	343	0	2
2026.05.25	22:00:00	0.71751	0.71763	0.71748	0.71756	274	0	2
2026.05.25	23:00:00	0.71752	0.71761	0.71734	0.71742	327	0	6
2026.05.26	00:00:00	0.71651	0.71733	0.71651	0.71695	1099	0	12
2026.05.26	01:00:00	0.71695	0.71742	0.71692	0.71730	834	0	2
2026.05.26	02:00:00	0.71731	0.71751	0.71672	0.71675	939	0	7
2026.05.26	03:00:00	0.71675	0.71703	0.71635	0.71701	2551	0	2
2026.05.26	04:00:00	0.71701	0.71708	0.71611	0.71648	3241	0	0
2026.05.26	05:00:00	0.71648	0.71666	0.71619	0.71655	1646	0	3
2026.05.26	06:00:00	0.71655	0.71720	0.71651	0.71705	1344	0	3
2026.05.26	07:00:00	0.71705	0.71713	0.71604	0.71604	1321	0	5
2026.05.26	08:00:00	0.71607	0.71616	0.71564	0.71595	1730	0	1
2026.05.26	09:00:00	0.71594	0.71689	0.71584	0.71650	2352	0	0
2026.05.26	10:00:00	0.71650	0.71654	0.71551	0.71636	3817	0	0
2026.05.26	11:00:00	0.71635	0.71671	0.71600	0.71637	2683	0	1
2026.05.26	12:00:00	0.71637	0.71652	0.71589	0.71639	2510	0	0
2026.05.26	13:00:00	0.71638	0.71680	0.71599	0.71655	2475	0	0
2026.05.26	14:00:00	0.71655	0.71688	0.71609	0.71641	2784	0	0
2026.05.26	15:00:00	0.71640	0.71687	0.71618	0.71679	2526	0	0
2026.05.26	16:00:00	0.71679	0.71763	0.71626	0.71687	3862	0	0
2026.05.26	17:00:00	0.71692	0.71737	0.71651	0.71678	4324	0	0
2026.05.26	18:00:00	0.71678	0.71681	0.71581	0.71604	4119	0	1
2026.05.26	19:00:00	0.71604	0.71667	0.71600	0.71628	2537	0	0
2026.05.26	20:00:00	0.71628	0.71647	0.71608	0.71622	1897	0	1
2026.05.26	21:00:00	0.71621	0.71688	0.71615	0.71679	1716	0	1
2026.05.26	22:00:00	0.71679	0.71700	0.71660	0.71686	1458	0	0
2026.05.26	23:00:00	0.71686	0.71692	0.71656	0.71665	534	0	2
2026.05.27	00:00:00	0.71636	0.71705	0.71621	0.71673	1678	0	19
2026.05.27	01:00:00	0.71672	0.71683	0.71656	0.71669	823	0	9
2026.05.27	02:00:00	0.71669	0.71741	0.71668	0.71702	1539	0	3
2026.05.27	03:00:00	0.71703	0.71792	0.71682	0.71752	3364	0	3
2026.05.27	04:00:00	0.71752	0.71782	0.71523	0.71555	4384	0	0
2026.05.27	05:00:00	0.71556	0.71652	0.71547	0.71615	5587	0	1
2026.05.27	06:00:00	0.71615	0.71670	0.71569	0.71594	4076	0	0
2026.05.27	07:00:00	0.71594	0.71636	0.71572	0.71606	3557	0	3
2026.05.27	08:00:00	0.71609	0.71625	0.71545	0.71546	2343	0	0
2026.05.27	09:00:00	0.71546	0.71560	0.71459	0.71462	2982	0	0
2026.05.27	10:00:00	0.71462	0.71499	0.71375	0.71382	2870	0	0
2026.05.27	11:00:00	0.71382	0.71422	0.71356	0.71414	2746	0	0
2026.05.27	12:00:00	0.71414	0.71460	0.71395	0.71422	1848	0	0
2026.05.27	13:00:00	0.71422	0.71448	0.71319	0.71339	2155	0	0
2026.05.27	14:00:00	0.71343	0.71363	0.71285	0.71323	2415	0	0
2026.05.27	15:00:00	0.71323	0.71494	0.71236	0.71338	6550	0	0
2026.05.27	16:00:00	0.71338	0.71388	0.71305	0.71375	5630	0	0
2026.05.27	17:00:00	0.71374	0.71422	0.71246	0.71271	6822	0	0
2026.05.27	18:00:00	0.71271	0.71391	0.71259	0.71354	4686	0	0
2026.05.27	19:00:00	0.71354	0.71407	0.71313	0.71390	2383	0	0
2026.05.27	20:00:00	0.71390	0.71394	0.71319	0.71353	2478	0	0
2026.05.27	21:00:00	0.71353	0.71396	0.71331	0.71389	1661	0	1
2026.05.27	22:00:00	0.71389	0.71422	0.71380	0.71416	1386	0	0
2026.05.27	23:00:00	0.71413	0.71421	0.71400	0.71405	754	0	9
2026.05.28	00:00:00	0.71279	0.71408	0.71279	0.71372	1818	0	1
2026.05.28	01:00:00	0.71373	0.71426	0.71368	0.71413	871	0	2
2026.05.28	02:00:00	0.71413	0.71442	0.71318	0.71324	2802	0	3
2026.05.28	03:00:00	0.71325	0.71353	0.71278	0.71311	5716	0	0
2026.05.28	04:00:00	0.71311	0.71328	0.71177	0.71188	5597	0	1
2026.05.28	05:00:00	0.71188	0.71254	0.71179	0.71241	3796	0	1
2026.05.28	06:00:00	0.71241	0.71276	0.70989	0.71015	6913	0	2
2026.05.28	07:00:00	0.71015	0.71048	0.70973	0.71039	5582	0	0
2026.05.28	08:00:00	0.71042	0.71204	0.71015	0.71162	3142	0	0
2026.05.28	09:00:00	0.71162	0.71261	0.71156	0.71202	2700	0	1
2026.05.28	10:00:00	0.71202	0.71271	0.71177	0.71217	3959	0	0
2026.05.28	11:00:00	0.71217	0.71237	0.71136	0.71173	2974	0	0
2026.05.28	12:00:00	0.71173	0.71244	0.71166	0.71202	2089	0	0
2026.05.28	13:00:00	0.71201	0.71232	0.71082	0.71120	2612	0	0
2026.05.28	14:00:00	0.71120	0.71189	0.71116	0.71179	2683	0	0
2026.05.28	15:00:00	0.71179	0.71330	0.71175	0.71317	3464	0	0
2026.05.28	16:00:00	0.71317	0.71363	0.71252	0.71274	4258	0	0
2026.05.28	17:00:00	0.71274	0.71557	0.71251	0.71483	8538	0	0
2026.05.28	18:00:00	0.71483	0.71618	0.71482	0.71578	4046	0	0
2026.05.28	19:00:00	0.71578	0.71695	0.71562	0.71680	2824	0	0
2026.05.28	20:00:00	0.71680	0.71685	0.71638	0.71652	1590	0	0
2026.05.28	21:00:00	0.71652	0.71677	0.71602	0.71628	1856	0	0
2026.05.28	22:00:00	0.71628	0.71663	0.71613	0.71616	1436	0	1
2026.05.28	23:00:00	0.71616	0.71628	0.71604	0.71624	993	0	2
2026.05.29	00:00:00	0.71599	0.71624	0.71495	0.71624	1887	0	19
2026.05.29	01:00:00	0.71622	0.71642	0.71613	0.71620	950	0	7
2026.05.29	02:00:00	0.71620	0.71647	0.71606	0.71628	2876	0	4
2026.05.29	03:00:00	0.71629	0.71669	0.71581	0.71598	4634	0	3
2026.05.29	04:00:00	0.71598	0.71652	0.71560	0.71603	5511	0	3
2026.05.29	05:00:00	0.71604	0.71631	0.71558	0.71570	3958	0	2
2026.05.29	06:00:00	0.71570	0.71574	0.71529	0.71541	3848	0	4
2026.05.29	07:00:00	0.71541	0.71634	0.71540	0.71630	3332	0	4
2026.05.29	08:00:00	0.71632	0.71672	0.71622	0.71633	1694	0	1
2026.05.29	09:00:00	0.71633	0.71672	0.71568	0.71607	2762	0	0
2026.05.29	10:00:00	0.71607	0.71644	0.71520	0.71607	3100	0	0
2026.05.29	11:00:00	0.71607	0.71607	0.71490	0.71527	2641	0	0
2026.05.29	12:00:00	0.71527	0.71573	0.71507	0.71553	2526	0	1
2026.05.29	13:00:00	0.71552	0.71582	0.71524	0.71576	1730	0	0
2026.05.29	14:00:00	0.71576	0.71698	0.71572	0.71697	2185	0	0
2026.05.29	15:00:00	0.71697	0.71790	0.71674	0.71790	3127	0	0
2026.05.29	16:00:00	0.71790	0.71901	0.71779	0.71877	3804	0	0
2026.05.29	17:00:00	0.71877	0.71977	0.71757	0.71939	6903	0	0
2026.05.29	18:00:00	0.71939	0.72004	0.71887	0.71897	6592	0	0
2026.05.29	19:00:00	0.71897	0.71918	0.71857	0.71887	3377	0	0
2026.05.29	20:00:00	0.71887	0.71894	0.71818	0.71819	2214	0	0
2026.05.29	21:00:00	0.71819	0.71870	0.71811	0.71824	2306	0	0
2026.05.29	22:00:00	0.71824	0.71889	0.71818	0.71869	1918	0	1
2026.05.29	23:00:00	0.71864	0.71867	0.71810	0.71851	2208	0	0
2026.06.01	00:00:00	0.71684	0.71805	0.71684	0.71763	752	0	0
2026.06.01	01:00:00	0.71763	0.71808	0.71712	0.71783	1583	0	7
2026.06.01	02:00:00	0.71783	0.71833	0.71778	0.71795	2165	0	6
2026.06.01	03:00:00	0.71797	0.71848	0.71776	0.71834	3021	0	4
2026.06.01	04:00:00	0.71834	0.71861	0.71820	0.71849	2253	0	2
2026.06.01	05:00:00	0.71849	0.71870	0.71822	0.71841	2055	0	5
2026.06.01	06:00:00	0.71841	0.71856	0.71753	0.71797	1926	0	0
2026.06.01	07:00:00	0.71798	0.71856	0.71798	0.71850	942	0	4
2026.06.01	08:00:00	0.71853	0.71893	0.71842	0.71866	1740	0	1
2026.06.01	09:00:00	0.71866	0.71902	0.71774	0.71819	2284	0	1
2026.06.01	10:00:00	0.71818	0.71847	0.71766	0.71796	2335	0	0
2026.06.01	11:00:00	0.71796	0.71841	0.71789	0.71841	1866	0	0
2026.06.01	12:00:00	0.71841	0.71857	0.71765	0.71788	2289	0	2
2026.06.01	13:00:00	0.71788	0.71793	0.71740	0.71760	1645	0	2
2026.06.01	14:00:00	0.71760	0.71766	0.71717	0.71727	1832	0	0
2026.06.01	15:00:00	0.71728	0.71744	0.71677	0.71695	2681	0	0
2026.06.01	16:00:00	0.71695	0.71702	0.71364	0.71376	9494	0	0
2026.06.01	17:00:00	0.71376	0.71446	0.71345	0.71413	6378	0	0
2026.06.01	18:00:00	0.71413	0.71603	0.71411	0.71519	4510	0	0
2026.06.01	19:00:00	0.71519	0.71622	0.71473	0.71601	3103	0	0
2026.06.01	20:00:00	0.71601	0.71719	0.71573	0.71668	3187	0	0
2026.06.01	21:00:00	0.71668	0.71669	0.71617	0.71619	1125	0	2
2026.06.01	22:00:00	0.71619	0.71637	0.71595	0.71616	1230	0	1
2026.06.01	23:00:00	0.71611	0.71627	0.71589	0.71591	826	0	9
2026.06.02	00:00:00	0.71521	0.71638	0.71493	0.71632	1453	0	19
2026.06.02	01:00:00	0.71632	0.71640	0.71592	0.71608	894	0	2
2026.06.02	02:00:00	0.71611	0.71648	0.71598	0.71638	1703	0	6
2026.06.02	03:00:00	0.71641	0.71652	0.71570	0.71588	4987	0	0
2026.06.02	04:00:00	0.71588	0.71672	0.71524	0.71540	5141	0	0
2026.06.02	05:00:00	0.71541	0.71611	0.71530	0.71581	3673	0	2
2026.06.02	06:00:00	0.71581	0.71598	0.71543	0.71596	4007	0	2
2026.06.02	07:00:00	0.71596	0.71623	0.71578	0.71618	3048	0	3
2026.06.02	08:00:00	0.71621	0.71662	0.71611	0.71613	1655	0	1
2026.06.02	09:00:00	0.71613	0.71787	0.71613	0.71774	2889	0	0
2026.06.02	10:00:00	0.71774	0.71834	0.71764	0.71814	2569	0	0
2026.06.02	11:00:00	0.71815	0.71865	0.71779	0.71794	2072	0	0
2026.06.02	12:00:00	0.71794	0.71830	0.71758	0.71828	1863	0	0
2026.06.02	13:00:00	0.71828	0.71848	0.71792	0.71828	1726	0	0
2026.06.02	14:00:00	0.71828	0.71842	0.71802	0.71808	1691	0	0
2026.06.02	15:00:00	0.71809	0.71822	0.71759	0.71769	2186	0	1
2026.06.02	16:00:00	0.71770	0.71796	0.71726	0.71750	3884	0	0
2026.06.02	17:00:00	0.71753	0.71849	0.71697	0.71847	4115	0	0
2026.06.02	18:00:00	0.71846	0.71878	0.71809	0.71848	2937	0	0
2026.06.02	19:00:00	0.71848	0.71870	0.71763	0.71790	1783	0	0
2026.06.02	20:00:00	0.71790	0.71803	0.71720	0.71725	1484	0	0
2026.06.02	21:00:00	0.71725	0.71792	0.71711	0.71787	1394	0	0
2026.06.02	22:00:00	0.71787	0.71820	0.71787	0.71819	945	0	1
2026.06.02	23:00:00	0.71816	0.71824	0.71790	0.71794	771	0	8
2026.06.03	00:00:00	0.71772	0.71809	0.71739	0.71789	456	0	11
2026.06.03	01:00:00	0.71789	0.71802	0.71763	0.71767	770	0	6
2026.06.03	02:00:00	0.71767	0.71780	0.71708	0.71725	4122	0	5
2026.06.03	03:00:00	0.71727	0.71815	0.71719	0.71806	3594	0	2
2026.06.03	04:00:00	0.71806	0.71813	0.71700	0.71768	4973	0	0
2026.06.03	05:00:00	0.71768	0.71796	0.71693	0.71734	3517	0	0
2026.06.03	06:00:00	0.71734	0.71755	0.71692	0.71712	2920	0	2
2026.06.03	07:00:00	0.71712	0.71730	0.71669	0.71687	2187	0	1
2026.06.03	08:00:00	0.71690	0.71714	0.71621	0.71630	1927	0	0
2026.06.03	09:00:00	0.71630	0.71655	0.71524	0.71598	3834	0	0
2026.06.03	10:00:00	0.71598	0.71686	0.71568	0.71654	3296	0	0
2026.06.03	11:00:00	0.71654	0.71667	0.71578	0.71607	3142	0	0
2026.06.03	12:00:00	0.71607	0.71684	0.71606	0.71633	2188	0	0
2026.06.03	13:00:00	0.71633	0.71769	0.71624	0.71680	3251	0	0
2026.06.03	14:00:00	0.71680	0.71704	0.71651	0.71656	1929	0	0
2026.06.03	15:00:00	0.71656	0.71661	0.71498	0.71528	3266	0	1
2026.06.03	16:00:00	0.71528	0.71547	0.71370	0.71410	5003	0	0
2026.06.03	17:00:00	0.71412	0.71495	0.71396	0.71469	5475	0	0
2026.06.03	18:00:00	0.71469	0.71471	0.71359	0.71380	3949	0	0
2026.06.03	19:00:00	0.71380	0.71382	0.71301	0.71351	2999	0	0
2026.06.03	20:00:00	0.71351	0.71387	0.71295	0.71323	2005	0	1
2026.06.03	21:00:00	0.71324	0.71335	0.71293	0.71305	1358	0	0
2026.06.03	22:00:00	0.71305	0.71322	0.71291	0.71299	1709	0	1
2026.06.03	23:00:00	0.71296	0.71301	0.71264	0.71271	1288	0	8
2026.06.04	00:00:00	0.71170	0.71313	0.71170	0.71291	785	0	3
2026.06.04	01:00:00	0.71291	0.71391	0.71261	0.71355	1780	0	6
2026.06.04	02:00:00	0.71355	0.71367	0.71272	0.71336	3800	0	5
2026.06.04	03:00:00	0.71336	0.71369	0.71294	0.71304	6404	0	3
2026.06.04	04:00:00	0.71304	0.71362	0.71249	0.71305	6581	0	3
2026.06.04	05:00:00	0.71308	0.71311	0.71224	0.71271	5544	0	1
2026.06.04	06:00:00	0.71273	0.71279	0.71220	0.71275	3457	0	3
2026.06.04	07:00:00	0.71276	0.71330	0.71258	0.71289	3107	0	1
2026.06.04	08:00:00	0.71292	0.71306	0.71232	0.71298	2072	0	0
2026.06.04	09:00:00	0.71298	0.71382	0.71287	0.71352	3118	0	0
2026.06.04	10:00:00	0.71352	0.71374	0.71264	0.71303	3075	0	0
2026.06.04	11:00:00	0.71303	0.71335	0.71271	0.71308	2674	0	1
2026.06.04	12:00:00	0.71309	0.71371	0.71294	0.71339	2906	0	0
2026.06.04	13:00:00	0.71339	0.71387	0.71325	0.71343	2385	0	0
2026.06.04	14:00:00	0.71344	0.71480	0.71342	0.71468	3224	0	0
2026.06.04	15:00:00	0.71468	0.71489	0.71388	0.71409	3667	0	0
2026.06.04	16:00:00	0.71409	0.71458	0.71397	0.71428	4689	0	0
2026.06.04	17:00:00	0.71427	0.71451	0.71347	0.71400	4324	0	0
2026.06.04	18:00:00	0.71400	0.71426	0.71363	0.71415	3062	0	1
2026.06.04	19:00:00	0.71415	0.71432	0.71397	0.71399	1886	0	0
2026.06.04	20:00:00	0.71399	0.71411	0.71379	0.71389	1446	0	1
2026.06.04	21:00:00	0.71389	0.71407	0.71351	0.71360	1575	0	0
2026.06.04	22:00:00	0.71360	0.71372	0.71336	0.71358	1341	0	0
2026.06.04	23:00:00	0.71356	0.71356	0.71320	0.71327	790	0	9
2026.06.05	00:00:00	0.71302	0.71384	0.71302	0.71315	973	0	11
2026.06.05	01:00:00	0.71315	0.71343	0.71312	0.71330	892	0	9
2026.06.05	02:00:00	0.71330	0.71357	0.71285	0.71301	1966	0	6
2026.06.05	03:00:00	0.71303	0.71304	0.71223	0.71230	5279	0	2
2026.06.05	04:00:00	0.71230	0.71237	0.71051	0.71190	7280	0	1
2026.06.05	05:00:00	0.71190	0.71280	0.71168	0.71254	4361	0	1
2026.06.05	06:00:00	0.71254	0.71280	0.71207	0.71218	4280	0	1
2026.06.05	07:00:00	0.71219	0.71300	0.71217	0.71273	3899	0	0
2026.06.05	08:00:00	0.71276	0.71285	0.71182	0.71194	2013	0	1
2026.06.05	09:00:00	0.71194	0.71263	0.71152	0.71249	2728	0	1
2026.06.05	10:00:00	0.71249	0.71356	0.71243	0.71303	2853	0	0
2026.06.05	11:00:00	0.71303	0.71375	0.71297	0.71306	2287	0	1
2026.06.05	12:00:00	0.71307	0.71404	0.71298	0.71379	2745	0	0
2026.06.05	13:00:00	0.71379	0.71438	0.71376	0.71412	1813	0	1
2026.06.05	14:00:00	0.71411	0.71436	0.71376	0.71421	2113	0	0
2026.06.05	15:00:00	0.71421	0.71430	0.71024	0.71026	6114	0	0
2026.06.05	16:00:00	0.71026	0.71109	0.70816	0.70816	8630	0	0
2026.06.05	17:00:00	0.70816	0.70870	0.70661	0.70809	7516	0	0
2026.06.05	18:00:00	0.70809	0.70820	0.70581	0.70583	5483	0	0
2026.06.05	19:00:00	0.70583	0.70604	0.70496	0.70604	4967	0	0
2026.06.05	20:00:00	0.70604	0.70610	0.70506	0.70546	3609	0	0
2026.06.05	21:00:00	0.70546	0.70551	0.70424	0.70433	4153	0	0
2026.06.05	22:00:00	0.70433	0.70474	0.70389	0.70451	3591	0	0
2026.06.05	23:00:00	0.70451	0.70466	0.70369	0.70465	3384	0	2
2026.06.08	00:00:00	0.70180	0.70304	0.70180	0.70271	799	0	13
2026.06.08	01:00:00	0.70271	0.70388	0.70266	0.70310	3326	0	5
2026.06.08	02:00:00	0.70310	0.70431	0.70310	0.70420	3439	0	1
2026.06.08	03:00:00	0.70423	0.70586	0.70409	0.70580	3896	0	0
2026.06.08	04:00:00	0.70581	0.70618	0.70348	0.70499	9295	0	0
2026.06.08	05:00:00	0.70499	0.70530	0.70417	0.70505	5004	0	0
2026.06.08	06:00:00	0.70505	0.70522	0.70443	0.70496	2752	0	3
2026.06.08	07:00:00	0.70497	0.70541	0.70432	0.70442	2906	0	3
2026.06.08	08:00:00	0.70445	0.70533	0.70344	0.70370	5569	0	0
2026.06.08	09:00:00	0.70370	0.70462	0.70365	0.70426	5160	0	0
2026.06.08	10:00:00	0.70426	0.70595	0.70417	0.70480	5226	0	0
2026.06.08	11:00:00	0.70480	0.70543	0.70438	0.70477	4491	0	0
2026.06.08	12:00:00	0.70478	0.70533	0.70381	0.70522	4546	0	0
2026.06.08	13:00:00	0.70522	0.70643	0.70483	0.70579	4078	0	0
2026.06.08	14:00:00	0.70579	0.70781	0.70565	0.70695	4743	0	0
2026.06.08	15:00:00	0.70695	0.70760	0.70660	0.70701	4532	0	0
2026.06.08	16:00:00	0.70702	0.70746	0.70562	0.70570	7408	0	0
2026.06.08	17:00:00	0.70569	0.70615	0.70455	0.70585	7480	0	0
2026.06.08	18:00:00	0.70585	0.70624	0.70500	0.70537	5434	0	1
2026.06.08	19:00:00	0.70537	0.70560	0.70509	0.70509	3799	0	0
2026.06.08	20:00:00	0.70509	0.70513	0.70452	0.70488	4085	0	0
2026.06.08	21:00:00	0.70488	0.70542	0.70437	0.70448	3054	0	2
2026.06.08	22:00:00	0.70448	0.70470	0.70421	0.70451	3476	0	0
2026.06.08	23:00:00	0.70447	0.70461	0.70431	0.70440	1531	0	3
2026.06.09	00:00:00	0.70407	0.70463	0.70397	0.70455	916	0	12
2026.06.09	01:00:00	0.70455	0.70460	0.70410	0.70444	1506	0	7
2026.06.09	02:00:00	0.70445	0.70448	0.70368	0.70384	2012	0	6
2026.06.09	03:00:00	0.70386	0.70431	0.70338	0.70429	5522	0	3
2026.06.09	04:00:00	0.70429	0.70576	0.70421	0.70572	5490	0	2
2026.06.09	05:00:00	0.70572	0.70587	0.70463	0.70481	3600	0	3
2026.06.09	06:00:00	0.70481	0.70492	0.70404	0.70449	3510	0	1
2026.06.09	07:00:00	0.70449	0.70573	0.70425	0.70550	2400	0	3
2026.06.09	08:00:00	0.70550	0.70600	0.70512	0.70570	3781	0	0
2026.06.09	09:00:00	0.70570	0.70705	0.70560	0.70594	4198	0	0
2026.06.09	10:00:00	0.70594	0.70612	0.70502	0.70510	4343	0	1
2026.06.09	11:00:00	0.70510	0.70560	0.70464	0.70520	3964	0	1
2026.06.09	12:00:00	0.70520	0.70566	0.70496	0.70499	2928	0	0
2026.06.09	13:00:00	0.70499	0.70585	0.70462	0.70565	2718	0	0
2026.06.09	14:00:00	0.70566	0.70614	0.70556	0.70603	2357	0	2
2026.06.09	15:00:00	0.70603	0.70625	0.70576	0.70601	2462	0	2
2026.06.09	16:00:00	0.70601	0.70626	0.70454	0.70497	5256	0	0
2026.06.09	17:00:00	0.70497	0.70575	0.70320	0.70411	9898	0	0
2026.06.09	18:00:00	0.70411	0.70460	0.70216	0.70269	10638	0	0
2026.06.09	19:00:00	0.70269	0.70310	0.70050	0.70160	11752	0	0
2026.06.09	20:00:00	0.70160	0.70323	0.70155	0.70288	8446	0	0
2026.06.09	21:00:00	0.70288	0.70357	0.70271	0.70327	5815	0	0
2026.06.09	22:00:00	0.70327	0.70331	0.70228	0.70272	5642	0	0
2026.06.09	23:00:00	0.70268	0.70289	0.70253	0.70265	1726	0	8
2026.06.10	00:00:00	0.70136	0.70282	0.70129	0.70234	1283	0	6
2026.06.10	01:00:00	0.70234	0.70250	0.70172	0.70184	1817	0	6
2026.06.10	02:00:00	0.70184	0.70239	0.70150	0.70236	2958	0	5
2026.06.10	03:00:00	0.70236	0.70319	0.70165	0.70285	6308	0	1
2026.06.10	04:00:00	0.70285	0.70308	0.70232	0.70258	6487	0	2
2026.06.10	05:00:00	0.70258	0.70289	0.70197	0.70208	5014	0	3
2026.06.10	06:00:00	0.70208	0.70277	0.70204	0.70263	3341	0	5
2026.06.10	07:00:00	0.70263	0.70268	0.70149	0.70173	3376	0	4
2026.06.10	08:00:00	0.70173	0.70203	0.70086	0.70191	4925	0	2
2026.06.10	09:00:00	0.70191	0.70253	0.70168	0.70169	3838	0	0
2026.06.10	10:00:00	0.70168	0.70222	0.70152	0.70177	3880	0	2
2026.06.10	11:00:00	0.70177	0.70179	0.70094	0.70098	4924	0	0
2026.06.10	12:00:00	0.70098	0.70116	0.70042	0.70102	4125	0	0
2026.06.10	13:00:00	0.70102	0.70125	0.70068	0.70114	3164	0	0
2026.06.10	14:00:00	0.70116	0.70117	0.69978	0.70003	7200	0	0
2026.06.10	15:00:00	0.70003	0.70267	0.69996	0.70116	8394	0	0
2026.06.10	16:00:00	0.70116	0.70373	0.70115	0.70294	9332	0	0
2026.06.10	17:00:00	0.70295	0.70336	0.70185	0.70213	9347	0	0
2026.06.10	18:00:00	0.70213	0.70265	0.70060	0.70207	10554	0	0
2026.06.10	19:00:00	0.70207	0.70268	0.70164	0.70177	7363	0	0
2026.06.10	20:00:00	0.70177	0.70227	0.70087	0.70170	6121	0	0
2026.06.10	21:00:00	0.70170	0.70224	0.70073	0.70100	5640	0	0
2026.06.10	22:00:00	0.70100	0.70109	0.69993	0.69994	5194	0	0
2026.06.10	23:00:00	0.69992	0.69999	0.69941	0.69966	2819	0	6
2026.06.11	00:00:00	0.69968	0.70005	0.69930	0.69945	773	0	10
2026.06.11	01:00:00	0.69945	0.69966	0.69896	0.69907	2944	0	2
2026.06.11	02:00:00	0.69907	0.69993	0.69868	0.69933	5662	0	0
2026.06.11	03:00:00	0.69933	0.70018	0.69906	0.69973	7080	0	0
2026.06.11	04:00:00	0.69974	0.70098	0.69973	0.70069	5497	0	1
2026.06.11	05:00:00	0.70069	0.70070	0.69996	0.70026	4236	0	5
2026.06.11	06:00:00	0.70026	0.70037	0.69976	0.70014	3376	0	3
2026.06.11	07:00:00	0.70014	0.70097	0.69997	0.70082	2636	0	3
2026.06.11	08:00:00	0.70081	0.70119	0.70059	0.70070	3402	0	2
2026.06.11	09:00:00	0.70070	0.70078	0.70014	0.70020	3288	0	0
2026.06.11	10:00:00	0.70019	0.70088	0.69989	0.70009	3349	0	0
2026.06.11	11:00:00	0.70009	0.70021	0.69906	0.69929	3357	0	0
2026.06.11	12:00:00	0.69929	0.70004	0.69918	0.69962	2658	0	2
2026.06.11	13:00:00	0.69961	0.69982	0.69922	0.69952	2265	0	1
2026.06.11	14:00:00	0.69950	0.69991	0.69928	0.69969	3353	0	0
2026.06.11	15:00:00	0.69969	0.69987	0.69788	0.69882	8257	0	0
2026.06.11	16:00:00	0.69882	0.69953	0.69793	0.69899	8471	0	0
2026.06.11	17:00:00	0.69900	0.69914	0.69795	0.69854	8535	0	1
2026.06.11	18:00:00	0.69854	0.69988	0.69842	0.69935	8226	0	0
2026.06.11	19:00:00	0.69936	0.69964	0.69881	0.69882	5410	0	0
2026.06.11	20:00:00	0.69882	0.70331	0.69846	0.70262	12390	0	0
2026.06.11	21:00:00	0.70262	0.70373	0.70158	0.70288	9928	0	0
2026.06.11	22:00:00	0.70288	0.70551	0.70288	0.70477	8417	0	0
2026.06.11	23:00:00	0.70476	0.70526	0.70444	0.70493	3574	0	2
2026.06.12	00:00:00	0.70323	0.70504	0.70323	0.70469	977	0	14
2026.06.12	01:00:00	0.70469	0.70534	0.70449	0.70510	1849	0	6
2026.06.12	02:00:00	0.70510	0.70522	0.70431	0.70470	2985	0	5
2026.06.12	03:00:00	0.70469	0.70479	0.70401	0.70442	4960	0	4
2026.06.12	04:00:00	0.70442	0.70444	0.70291	0.70344	4922	0	3
2026.06.12	05:00:00	0.70344	0.70399	0.70281	0.70353	3344	0	3
2026.06.12	06:00:00	0.70353	0.70427	0.70328	0.70389	3678	0	5
2026.06.12	07:00:00	0.70389	0.70450	0.70363	0.70405	2675	0	2
2026.06.12	08:00:00	0.70408	0.70421	0.70253	0.70277	4443	0	0
2026.06.12	09:00:00	0.70277	0.70398	0.70275	0.70326	4343	0	2
2026.06.12	10:00:00	0.70326	0.70336	0.70210	0.70317	4717	0	0
2026.06.12	11:00:00	0.70318	0.70490	0.70297	0.70406	6452	0	0
2026.06.12	12:00:00	0.70407	0.70532	0.70386	0.70453	5139	0	0
2026.06.12	13:00:00	0.70453	0.70503	0.70341	0.70428	4276	0	0
2026.06.12	14:00:00	0.70428	0.70442	0.70370	0.70390	3023	0	1
2026.06.12	15:00:00	0.70390	0.70392	0.70320	0.70349	4011	0	0
2026.06.12	16:00:00	0.70349	0.70477	0.70316	0.70369	11721	0	0
2026.06.12	17:00:00	0.70369	0.70517	0.70360	0.70515	21450	0	0
2026.06.12	18:00:00	0.70515	0.70600	0.70456	0.70460	19422	0	0
2026.06.12	19:00:00	0.70460	0.70534	0.70432	0.70490	17007	0	0
2026.06.12	20:00:00	0.70490	0.70540	0.70472	0.70484	10310	0	0
2026.06.12	21:00:00	0.70484	0.70522	0.70454	0.70481	8611	0	0
2026.06.12	22:00:00	0.70481	0.70512	0.70452	0.70501	9338	0	0
2026.06.12	23:00:00	0.70501	0.70514	0.70427	0.70466	3278	0	0
2026.06.15	00:00:00	0.70375	0.70838	0.70375	0.70838	1256	0	0
2026.06.15	01:00:00	0.70838	0.70883	0.70741	0.70765	12791	0	0
2026.06.15	02:00:00	0.70765	0.70801	0.70708	0.70748	6958	0	0
2026.06.15	03:00:00	0.70748	0.70867	0.70670	0.70676	11052	0	0
2026.06.15	04:00:00	0.70676	0.70760	0.70652	0.70733	10004	0	0
2026.06.15	05:00:00	0.70733	0.70794	0.70709	0.70764	8069	0	0
2026.06.15	06:00:00	0.70764	0.70846	0.70758	0.70816	6945	0	0
2026.06.15	07:00:00	0.70816	0.70821	0.70778	0.70816	5335	0	0
2026.06.15	08:00:00	0.70817	0.70874	0.70802	0.70808	8049	0	0
2026.06.15	09:00:00	0.70808	0.70827	0.70699	0.70750	9654	0	0
2026.06.15	10:00:00	0.70748	0.70756	0.70656	0.70718	11529	0	0
2026.06.15	11:00:00	0.70718	0.70765	0.70675	0.70701	8484	0	0
2026.06.15	12:00:00	0.70710	0.70766	0.70700	0.70705	2815	0	0
2026.06.15	13:00:00	0.70705	0.70760	0.70681	0.70722	6504	0	0
2026.06.15	14:00:00	0.70722	0.70750	0.70693	0.70709	8200	0	0
2026.06.15	15:00:00	0.70709	0.70737	0.70641	0.70722	8897	0	0
2026.06.15	16:00:00	0.70722	0.70764	0.70694	0.70740	10924	0	0
2026.06.15	17:00:00	0.70740	0.70885	0.70703	0.70861	13117	0	0
2026.06.15	18:00:00	0.70861	0.70882	0.70789	0.70802	10178	0	0
2026.06.15	19:00:00	0.70802	0.70836	0.70781	0.70805	8015	0	0
2026.06.15	20:00:00	0.70805	0.70809	0.70756	0.70775	7585	0	0
2026.06.15	21:00:00	0.70775	0.70781	0.70728	0.70745	7350	0	0
2026.06.15	22:00:00	0.70745	0.70758	0.70698	0.70707	7637	0	0
2026.06.15	23:00:00	0.70707	0.70718	0.70691	0.70706	3818	0	0
2026.06.16	00:00:00	0.70706	0.70743	0.70635	0.70706	2532	0	5
2026.06.16	01:00:00	0.70705	0.70727	0.70670	0.70695	2953	0	0
2026.06.16	02:00:00	0.70695	0.70751	0.70695	0.70715	3931	0	0
2026.06.16	03:00:00	0.70716	0.70725	0.70665	0.70712	9225	0	0
2026.06.16	04:00:00	0.70712	0.70736	0.70614	0.70623	11442	0	0
2026.06.16	05:00:00	0.70623	0.70632	0.70557	0.70627	9528	0	0
2026.06.16	06:00:00	0.70627	0.70649	0.70590	0.70618	7920	0	0
2026.06.16	07:00:00	0.70618	0.70622	0.70456	0.70508	8688	0	0
2026.06.16	08:00:00	0.70507	0.70553	0.70421	0.70483	7712	0	0
2026.06.16	09:00:00	0.70483	0.70559	0.70473	0.70550	10356	0	0
2026.06.16	10:00:00	0.70550	0.70614	0.70531	0.70614	11252	0	0
2026.06.16	11:00:00	0.70614	0.70694	0.70578	0.70678	9610	0	0
2026.06.16	12:00:00	0.70678	0.70691	0.70653	0.70675	9333	0	0
2026.06.16	13:00:00	0.70675	0.70788	0.70672	0.70779	9456	0	0
2026.06.16	14:00:00	0.70779	0.70779	0.70671	0.70686	9557	0	0
2026.06.16	15:00:00	0.70686	0.70706	0.70631	0.70693	10274	0	0
2026.06.16	16:00:00	0.70693	0.70768	0.70665	0.70726	15204	0	0
2026.06.16	17:00:00	0.70726	0.70783	0.70654	0.70778	17971	0	0
2026.06.16	18:00:00	0.70778	0.70795	0.70683	0.70762	15550	0	0
2026.06.16	19:00:00	0.70762	0.70798	0.70729	0.70736	11939	0	0
2026.06.16	20:00:00	0.70736	0.70743	0.70689	0.70718	9630	0	0
2026.06.16	21:00:00	0.70718	0.70741	0.70704	0.70724	8737	0	0
2026.06.16	22:00:00	0.70724	0.70742	0.70655	0.70663	10528	0	0
2026.06.16	23:00:00	0.70663	0.70674	0.70649	0.70666	4701	0	0
2026.06.17	00:00:00	0.70663	0.70688	0.70524	0.70669	1514	0	4
2026.06.17	01:00:00	0.70669	0.70706	0.70660	0.70688	4564	0	0
2026.06.17	02:00:00	0.70688	0.70704	0.70651	0.70651	4783	0	0
2026.06.17	03:00:00	0.70650	0.70703	0.70638	0.70690	12089	0	0
2026.06.17	04:00:00	0.70689	0.70724	0.70653	0.70678	8776	0	0
2026.06.17	05:00:00	0.70678	0.70699	0.70620	0.70626	6392	0	0
2026.06.17	06:00:00	0.70625	0.70637	0.70597	0.70612	7051	0	0
2026.06.17	07:00:00	0.70611	0.70648	0.70605	0.70611	6487	0	0
2026.06.17	08:00:00	0.70611	0.70634	0.70572	0.70590	6501	0	0
2026.06.17	09:00:00	0.70590	0.70602	0.70540	0.70579	9905	0	0
2026.06.17	10:00:00	0.70579	0.70648	0.70566	0.70647	9795	0	0
2026.06.17	11:00:00	0.70648	0.70648	0.70566	0.70612	9632	0	0
2026.06.17	12:00:00	0.70612	0.70648	0.70601	0.70618	6603	0	0
2026.06.17	13:00:00	0.70618	0.70621	0.70567	0.70595	7533	0	0
2026.06.17	14:00:00	0.70597	0.70611	0.70567	0.70599	8594	0	0
2026.06.17	15:00:00	0.70599	0.70654	0.70590	0.70648	9743	0	0
2026.06.17	16:00:00	0.70648	0.70732	0.70645	0.70687	13671	0	0
2026.06.17	17:00:00	0.70687	0.70736	0.70610	0.70668	17240	0	0
2026.06.17	18:00:00	0.70668	0.70733	0.70646	0.70710	13452	0	0
2026.06.17	19:00:00	0.70710	0.70732	0.70672	0.70721	10149	0	0
2026.06.17	20:00:00	0.70721	0.70756	0.70692	0.70742	11819	0	0
2026.06.17	21:00:00	0.70742	0.70742	0.70318	0.70415	39160	0	0
2026.06.17	22:00:00	0.70415	0.70453	0.69949	0.70074	36415	0	0
2026.06.17	23:00:00	0.70074	0.70157	0.70062	0.70127	12749	0	0
2026.06.18	00:00:00	0.70125	0.70164	0.70111	0.70138	2279	0	2
2026.06.18	01:00:00	0.70137	0.70181	0.70125	0.70145	5886	0	0
2026.06.18	02:00:00	0.70145	0.70199	0.70144	0.70183	6273	0	0
2026.06.18	03:00:00	0.70183	0.70321	0.70183	0.70226	15064	0	0
2026.06.18	04:00:00	0.70226	0.70353	0.70224	0.70319	13496	0	0
2026.06.18	05:00:00	0.70320	0.70401	0.70305	0.70359	9364	0	0
2026.06.18	06:00:00	0.70359	0.70410	0.70357	0.70399	7884	0	0
2026.06.18	07:00:00	0.70399	0.70417	0.70330	0.70340	8546	0	0
2026.06.18	08:00:00	0.70340	0.70376	0.70286	0.70295	9289	0	0
2026.06.18	09:00:00	0.70295	0.70405	0.70281	0.70379	13755	0	0
2026.06.18	10:00:00	0.70379	0.70391	0.70268	0.70335	12425	0	0
2026.06.18	11:00:00	0.70336	0.70339	0.70104	0.70117	13368	0	0
2026.06.18	12:00:00	0.70117	0.70193	0.70075	0.70156	12960	0	0
2026.06.18	13:00:00	0.70156	0.70156	0.70047	0.70054	12761	0	0
2026.06.18	14:00:00	0.70054	0.70083	0.70009	0.70026	15363	0	0
2026.06.18	15:00:00	0.70026	0.70202	0.70013	0.70179	12961	0	0
2026.06.18	16:00:00	0.70179	0.70305	0.70128	0.70256	16513	0	0
2026.06.18	17:00:00	0.70256	0.70376	0.70180	0.70356	18916	0	0
2026.06.18	18:00:00	0.70355	0.70361	0.70184	0.70185	15397	0	0
2026.06.18	19:00:00	0.70184	0.70211	0.70153	0.70190	12757	0	0
2026.06.18	20:00:00	0.70190	0.70252	0.70175	0.70177	9100	0	0
2026.06.18	21:00:00	0.70177	0.70197	0.70140	0.70141	8757	0	0
2026.06.18	22:00:00	0.70141	0.70187	0.70075	0.70130	11485	0	0
2026.06.18	23:00:00	0.70130	0.70190	0.70121	0.70132	5889	0	0
2026.06.19	00:00:00	0.70126	0.70239	0.70087	0.70137	1523	0	0
2026.06.19	01:00:00	0.70137	0.70174	0.70137	0.70171	4349	0	0
2026.06.19	02:00:00	0.70171	0.70180	0.70122	0.70127	4843	0	0
2026.06.19	03:00:00	0.70126	0.70168	0.70106	0.70119	10356	0	0
2026.06.19	04:00:00	0.70119	0.70134	0.70039	0.70047	11060	0	0
2026.06.19	05:00:00	0.70046	0.70128	0.70044	0.70107	7866	0	0
2026.06.19	06:00:00	0.70107	0.70124	0.69963	0.69976	9118	0	0
2026.06.19	07:00:00	0.69976	0.69994	0.69908	0.69925	9648	0	0
2026.06.19	08:00:00	0.69925	0.70069	0.69892	0.70043	10325	0	0
2026.06.19	09:00:00	0.70043	0.70134	0.70039	0.70114	11076	0	0
2026.06.19	10:00:00	0.70114	0.70159	0.70060	0.70089	11108	0	0
2026.06.19	11:00:00	0.70089	0.70198	0.70088	0.70190	11203	0	0
2026.06.19	12:00:00	0.70190	0.70203	0.70154	0.70159	9199	0	0
2026.06.19	13:00:00	0.70159	0.70176	0.70108	0.70133	9852	0	0
2026.06.19	14:00:00	0.70133	0.70157	0.70100	0.70114	9913	0	0
2026.06.19	15:00:00	0.70114	0.70244	0.70098	0.70217	11760	0	0
2026.06.19	16:00:00	0.70217	0.70223	0.70085	0.70095	11867	0	0
2026.06.19	17:00:00	0.70095	0.70132	0.70074	0.70131	11221	0	0
2026.06.19	18:00:00	0.70130	0.70142	0.70078	0.70090	8526	0	0
2026.06.19	19:00:00	0.70090	0.70112	0.70076	0.70085	4378	0	0
2026.06.19	20:00:00	0.70085	0.70129	0.70083	0.70118	5784	0	0
2026.06.19	21:00:00	0.70118	0.70138	0.70109	0.70125	4434	0	0
2026.06.19	22:00:00	0.70126	0.70162	0.70108	0.70111	22470	0	0
2026.06.19	23:00:00	0.70111	0.70141	0.70057	0.70117	21078	0	0
2026.06.22	00:00:00	0.70001	0.70144	0.70001	0.70084	458	0	6
2026.06.22	01:00:00	0.70083	0.70099	0.70039	0.70050	4919	0	0
2026.06.22	02:00:00	0.70050	0.70070	0.69991	0.70023	5265	0	0
2026.06.22	03:00:00	0.70023	0.70125	0.70019	0.70122	9511	0	0
2026.06.22	04:00:00	0.70122	0.70193	0.70097	0.70097	12973	0	0
2026.06.22	05:00:00	0.70097	0.70106	0.70025	0.70088	8402	0	0
2026.06.22	06:00:00	0.70088	0.70125	0.70024	0.70045	7016	0	0
2026.06.22	07:00:00	0.70045	0.70057	0.70000	0.70044	7806	0	0
2026.06.22	08:00:00	0.70044	0.70110	0.70010	0.70020	8507	0	0
2026.06.22	09:00:00	0.70020	0.70072	0.69977	0.70043	11406	0	0
2026.06.22	10:00:00	0.70043	0.70055	0.69975	0.69985	8228	0	0
2026.06.22	11:00:00	0.69985	0.70000	0.69939	0.69958	9514	0	0
2026.06.22	12:00:00	0.69958	0.70032	0.69954	0.69982	8848	0	0
2026.06.22	13:00:00	0.69982	0.70058	0.69979	0.70008	7642	0	0
2026.06.22	14:00:00	0.70008	0.70079	0.69995	0.70018	7730	0	0
2026.06.22	15:00:00	0.70018	0.70121	0.70014	0.70070	9187	0	0
2026.06.22	16:00:00	0.70070	0.70127	0.70022	0.70029	14837	0	0
2026.06.22	17:00:00	0.70029	0.70110	0.70002	0.70094	19390	0	0
2026.06.22	18:00:00	0.70094	0.70140	0.69984	0.69992	13951	0	0
2026.06.22	19:00:00	0.69992	0.70038	0.69965	0.70025	9074	0	0
2026.06.22	20:00:00	0.70025	0.70039	0.69997	0.70019	6433	0	0
2026.06.22	21:00:00	0.70019	0.70029	0.70001	0.70009	5383	0	0
2026.06.22	22:00:00	0.70010	0.70018	0.69950	0.69996	7285	0	0
2026.06.22	23:00:00	0.69996	0.70016	0.69988	0.70008	3551	0	0
2026.06.23	00:00:00	0.70008	0.70037	0.69985	0.70015	754	0	9
2026.06.23	01:00:00	0.70006	0.70023	0.69974	0.69984	4069	0	0
2026.06.23	02:00:00	0.69984	0.70000	0.69936	0.69942	3352	0	0
2026.06.23	03:00:00	0.69942	0.69943	0.69827	0.69885	10295	0	0
2026.06.23	04:00:00	0.69885	0.69901	0.69790	0.69829	11897	0	0
2026.06.23	05:00:00	0.69829	0.69868	0.69739	0.69747	9373	0	0
2026.06.23	06:00:00	0.69748	0.69771	0.69677	0.69770	8888	0	0
2026.06.23	07:00:00	0.69770	0.69784	0.69652	0.69672	6163	0	0
2026.06.23	08:00:00	0.69672	0.69686	0.69620	0.69636	9964	0	0
2026.06.23	09:00:00	0.69636	0.69659	0.69495	0.69538	11950	0	0
2026.06.23	10:00:00	0.69538	0.69627	0.69442	0.69475	14800	0	0
2026.06.23	11:00:00	0.69475	0.69515	0.69421	0.69463	13061	0	0
2026.06.23	12:00:00	0.69463	0.69573	0.69457	0.69568	10103	0	0
2026.06.23	13:00:00	0.69568	0.69600	0.69441	0.69447	8361	0	0
2026.06.23	14:00:00	0.69447	0.69498	0.69318	0.69322	7984	0	0
2026.06.23	15:00:00	0.69321	0.69381	0.69314	0.69365	11365	0	0
2026.06.23	16:00:00	0.69365	0.69419	0.69305	0.69372	16526	0	0
2026.06.23	17:00:00	0.69372	0.69383	0.69276	0.69304	15000	0	0
2026.06.23	18:00:00	0.69304	0.69321	0.69211	0.69244	14519	0	0
2026.06.23	19:00:00	0.69245	0.69258	0.69166	0.69175	10135	0	0
2026.06.23	20:00:00	0.69175	0.69190	0.69125	0.69132	8321	0	0
2026.06.23	21:00:00	0.69132	0.69148	0.69070	0.69108	7440	0	0
2026.06.23	22:00:00	0.69108	0.69174	0.69099	0.69130	11400	0	0
2026.06.23	23:00:00	0.69131	0.69168	0.69114	0.69162	4130	0	0
2026.06.24	00:00:00	0.69158	0.69184	0.69131	0.69165	734	0	0
2026.06.24	01:00:00	0.69165	0.69181	0.69141	0.69146	4026	0	0
2026.06.24	02:00:00	0.69146	0.69162	0.69103	0.69152	5717	0	0
2026.06.24	03:00:00	0.69152	0.69221	0.69139	0.69189	13769	0	0
2026.06.24	04:00:00	0.69188	0.69235	0.69100	0.69171	14224	0	0
2026.06.24	05:00:00	0.69170	0.69195	0.69031	0.69034	10525	0	0
2026.06.24	06:00:00	0.69034	0.69098	0.69014	0.69063	11183	0	0
2026.06.24	07:00:00	0.69063	0.69116	0.69025	0.69098	7547	0	0
2026.06.24	08:00:00	0.69098	0.69166	0.69094	0.69115	8702	0	0
2026.06.24	09:00:00	0.69115	0.69186	0.69045	0.69064	10731	0	0
2026.06.24	10:00:00	0.69063	0.69077	0.68990	0.68993	9817	0	0
2026.06.24	11:00:00	0.68993	0.69011	0.68922	0.68974	10250	0	0
2026.06.24	12:00:00	0.68974	0.68979	0.68883	0.68888	9716	0	0
2026.06.24	13:00:00	0.68888	0.68915	0.68841	0.68898	9420	0	0
2026.06.24	14:00:00	0.68898	0.69007	0.68871	0.68962	11733	0	0
2026.06.24	15:00:00	0.68962	0.69013	0.68871	0.68904	13910	0	0
2026.06.24	16:00:00	0.68904	0.69006	0.68883	0.68991	20359	0	0
2026.06.24	17:00:00	0.68991	0.69011	0.68860	0.68932	20476	0	0
2026.06.24	18:00:00	0.68931	0.69010	0.68913	0.68941	15695	0	0
2026.06.24	19:00:00	0.68940	0.69063	0.68931	0.69017	12447	0	0
2026.06.24	20:00:00	0.69018	0.69025	0.68842	0.68843	12719	0	0
2026.06.24	21:00:00	0.68843	0.68931	0.68824	0.68859	12652	0	0
2026.06.24	22:00:00	0.68859	0.68936	0.68834	0.68925	11683	0	0
2026.06.24	23:00:00	0.68925	0.69013	0.68909	0.68995	7461	0	0
2026.06.25	00:00:00	0.68995	0.69010	0.68905	0.68995	1192	0	0
2026.06.25	01:00:00	0.68995	0.69011	0.68956	0.68963	5384	0	0
2026.06.25	02:00:00	0.68963	0.69005	0.68952	0.68985	5453	0	0
2026.06.25	03:00:00	0.68985	0.68995	0.68896	0.68939	10982	0	0
2026.06.25	04:00:00	0.68939	0.69079	0.68904	0.68929	14561	0	0
2026.06.25	05:00:00	0.68929	0.68969	0.68877	0.68940	12970	0	0
2026.06.25	06:00:00	0.68940	0.68981	0.68918	0.68971	7777	0	0
2026.06.25	07:00:00	0.68971	0.69025	0.68965	0.69016	6337	0	0
2026.06.25	08:00:00	0.69016	0.69038	0.68912	0.68912	7344	0	0
2026.06.25	09:00:00	0.68912	0.68963	0.68868	0.68899	11039	0	0
2026.06.25	10:00:00	0.68899	0.68997	0.68875	0.68997	10808	0	0
2026.06.25	11:00:00	0.68997	0.69072	0.68989	0.69016	10612	0	0
2026.06.25	12:00:00	0.69016	0.69055	0.68979	0.69000	8393	0	0
2026.06.25	13:00:00	0.69000	0.69004	0.68909	0.68926	8490	0	0
2026.06.25	14:00:00	0.68926	0.68940	0.68881	0.68903	7776	0	0
2026.06.25	15:00:00	0.68903	0.69146	0.68881	0.69052	15706	0	0
2026.06.25	16:00:00	0.69052	0.69112	0.68911	0.68928	23082	0	0
2026.06.25	17:00:00	0.68927	0.69109	0.68927	0.69060	26993	0	0
2026.06.25	18:00:00	0.69060	0.69211	0.69060	0.69209	20504	0	0
2026.06.25	19:00:00	0.69209	0.69275	0.69151	0.69165	16339	0	0
2026.06.25	20:00:00	0.69165	0.69201	0.69150	0.69180	14218	0	0
2026.06.25	21:00:00	0.69180	0.69205	0.69118	0.69149	14252	0	0
2026.06.25	22:00:00	0.69149	0.69163	0.69072	0.69119	15509	0	0
2026.06.25	23:00:00	0.69119	0.69145	0.69088	0.69096	6635	0	0
2026.06.26	00:00:00	0.69088	0.69149	0.69055	0.69074	1653	0	0
2026.06.26	01:00:00	0.69074	0.69102	0.69063	0.69080	4481	0	0
2026.06.26	02:00:00	0.69080	0.69087	0.68988	0.69001	6673	0	0
2026.06.26	03:00:00	0.69001	0.69022	0.68959	0.68983	13797	0	0
2026.06.26	04:00:00	0.68983	0.69025	0.68872	0.68903	13772	0	0
2026.06.26	05:00:00	0.68903	0.68923	0.68754	0.68804	11773	0	0
2026.06.26	06:00:00	0.68804	0.68921	0.68769	0.68918	10533	0	0
2026.06.26	07:00:00	0.68918	0.68944	0.68848	0.68860	9978	0	0
2026.06.26	08:00:00	0.68860	0.68967	0.68847	0.68935	10023	0	0
2026.06.26	09:00:00	0.68935	0.68999	0.68873	0.68972	10638	0	0
2026.06.26	10:00:00	0.68972	0.68977	0.68892	0.68914	11082	0	0
2026.06.26	11:00:00	0.68914	0.69003	0.68862	0.68954	13356	0	0
2026.06.26	12:00:00	0.68954	0.69068	0.68926	0.69011	10567	0	0
2026.06.26	13:00:00	0.69011	0.69041	0.68981	0.69032	8292	0	0
2026.06.26	14:00:00	0.69032	0.69054	0.68972	0.68999	9578	0	0
2026.06.26	15:00:00	0.69000	0.69057	0.68957	0.69031	12235	0	0
2026.06.26	16:00:00	0.69031	0.69121	0.68958	0.69104	21171	0	0
2026.06.26	17:00:00	0.69104	0.69172	0.68996	0.68997	18311	0	0
2026.06.26	18:00:00	0.68997	0.69100	0.68985	0.69056	13402	0	0
2026.06.26	19:00:00	0.69055	0.69067	0.68967	0.69008	11997	0	0
2026.06.26	20:00:00	0.69008	0.69026	0.68970	0.68976	9213	0	0
2026.06.26	21:00:00	0.68975	0.69008	0.68937	0.68940	7129	0	0
2026.06.26	22:00:00	0.68941	0.69002	0.68935	0.68969	7462	0	0
2026.06.26	23:00:00	0.68969	0.68995	0.68912	0.68944	8400	0	0
2026.06.29	00:00:00	0.68865	0.68919	0.68822	0.68882	805	0	0
2026.06.29	01:00:00	0.68882	0.68976	0.68880	0.68946	6478	0	0
2026.06.29	02:00:00	0.68946	0.68977	0.68933	0.68960	6049	0	0
2026.06.29	03:00:00	0.68960	0.68965	0.68829	0.68854	16383	0	0
2026.06.29	04:00:00	0.68854	0.68918	0.68808	0.68848	15857	0	0
2026.06.29	05:00:00	0.68848	0.68957	0.68837	0.68905	13018	0	0
2026.06.29	06:00:00	0.68905	0.68956	0.68885	0.68885	8023	0	0
2026.06.29	07:00:00	0.68884	0.68913	0.68875	0.68889	7119	0	0
2026.06.29	08:00:00	0.68889	0.68969	0.68876	0.68956	9538	0	0
2026.06.29	09:00:00	0.68956	0.69044	0.68932	0.69024	9488	0	0
2026.06.29	10:00:00	0.69024	0.69045	0.68948	0.68950	12351	0	0
2026.06.29	11:00:00	0.68950	0.68970	0.68892	0.68913	10020	0	0
2026.06.29	12:00:00	0.68913	0.68992	0.68908	0.68988	9153	0	0
2026.06.29	13:00:00	0.68988	0.69015	0.68968	0.69001	7486	0	0
2026.06.29	14:00:00	0.69001	0.69024	0.68968	0.69008	10678	0	0
2026.06.29	15:00:00	0.69009	0.69020	0.68937	0.68966	10216	0	0
2026.06.29	16:00:00	0.68966	0.68976	0.68877	0.68885	15090	0	0
2026.06.29	17:00:00	0.68884	0.68906	0.68773	0.68803	19900	0	0
2026.06.29	18:00:00	0.68803	0.68850	0.68785	0.68840	15545	0	0
2026.06.29	19:00:00	0.68840	0.68907	0.68837	0.68863	10780	0	0
2026.06.29	20:00:00	0.68864	0.68894	0.68855	0.68880	7709	0	0
2026.06.29	21:00:00	0.68880	0.68924	0.68879	0.68901	8177	0	0
2026.06.29	22:00:00	0.68901	0.68914	0.68879	0.68901	6872	0	0
2026.06.29	23:00:00	0.68901	0.68911	0.68863	0.68867	3067	0	0
2026.06.30	00:00:00	0.68866	0.68901	0.68748	0.68878	1314	0	0
2026.06.30	01:00:00	0.68878	0.68903	0.68871	0.68875	3015	0	0
2026.06.30	02:00:00	0.68875	0.68894	0.68815	0.68821	3012	0	0
2026.06.30	03:00:00	0.68821	0.68821	0.68672	0.68730	9854	0	0
2026.06.30	04:00:00	0.68730	0.68835	0.68657	0.68702	17892	0	0
2026.06.30	05:00:00	0.68702	0.68732	0.68651	0.68684	11260	0	0
2026.06.30	06:00:00	0.68682	0.68726	0.68673	0.68689	6968	0	0
2026.06.30	07:00:00	0.68689	0.68738	0.68685	0.68686	6866	0	0
2026.06.30	08:00:00	0.68686	0.68759	0.68678	0.68686	8716	0	0
2026.06.30	09:00:00	0.68686	0.68790	0.68684	0.68785	11731	0	0
2026.06.30	10:00:00	0.68785	0.68825	0.68759	0.68771	9832	0	0
2026.06.30	11:00:00	0.68771	0.68826	0.68756	0.68812	12110	0	0
2026.06.30	12:00:00	0.68812	0.68861	0.68803	0.68841	7250	0	0
2026.06.30	13:00:00	0.68841	0.68904	0.68826	0.68899	6659	0	0
2026.06.30	14:00:00	0.68899	0.68902	0.68842	0.68877	8058	0	0
2026.06.30	15:00:00	0.68877	0.68889	0.68819	0.68846	9478	0	0
2026.06.30	16:00:00	0.68846	0.68947	0.68845	0.68925	14379	0	0
2026.06.30	17:00:00	0.68925	0.69296	0.68901	0.69250	20821	0	0
2026.06.30	18:00:00	0.69249	0.69299	0.69131	0.69141	15136	0	0
2026.06.30	19:00:00	0.69141	0.69150	0.69090	0.69118	7614	0	0
2026.06.30	20:00:00	0.69118	0.69190	0.69114	0.69182	6918	0	0
2026.06.30	21:00:00	0.69183	0.69229	0.69179	0.69202	6489	0	0
2026.06.30	22:00:00	0.69202	0.69241	0.69185	0.69233	8257	0	0
2026.06.30	23:00:00	0.69233	0.69241	0.69187	0.69193	5018	0	0
2026.07.01	00:00:00	0.69177	0.69184	0.69068	0.69175	2017	0	2
2026.07.01	01:00:00	0.69176	0.69206	0.69159	0.69173	2737	0	0
2026.07.01	02:00:00	0.69174	0.69182	0.69113	0.69120	3243	0	0
2026.07.01	03:00:00	0.69120	0.69137	0.69009	0.69011	8511	0	0
2026.07.01	04:00:00	0.69011	0.69027	0.68885	0.68918	9984	0	0
2026.07.01	05:00:00	0.68918	0.68933	0.68827	0.68891	8152	0	0
2026.07.01	06:00:00	0.68891	0.68923	0.68873	0.68913	5012	0	0
2026.07.01	07:00:00	0.68913	0.68941	0.68854	0.68920	5231	0	0
2026.07.01	08:00:00	0.68920	0.68965	0.68905	0.68941	6920	0	0
2026.07.01	09:00:00	0.68941	0.68949	0.68874	0.68912	7771	0	0
2026.07.01	10:00:00	0.68912	0.68950	0.68855	0.68931	9163	0	0
2026.07.01	11:00:00	0.68931	0.68949	0.68886	0.68916	8031	0	0
2026.07.01	12:00:00	0.68916	0.68943	0.68892	0.68894	9325	0	0
2026.07.01	13:00:00	0.68894	0.68997	0.68885	0.68986	5866	0	0
2026.07.01	14:00:00	0.68986	0.68993	0.68925	0.68933	6023	0	0
2026.07.01	15:00:00	0.68933	0.68979	0.68892	0.68920	10264	0	0
2026.07.01	16:00:00	0.68920	0.69160	0.68847	0.69038	20897	0	0
2026.07.01	17:00:00	0.69039	0.69110	0.68967	0.69037	19003	0	0
2026.07.01	18:00:00	0.69037	0.69042	0.68966	0.69024	13834	0	0
2026.07.01	19:00:00	0.69023	0.69083	0.68995	0.69010	9426	0	0
2026.07.01	20:00:00	0.69010	0.69032	0.68983	0.68987	7939	0	0
2026.07.01	21:00:00	0.68987	0.69002	0.68929	0.68953	6015	0	0
2026.07.01	22:00:00	0.68953	0.68982	0.68927	0.68934	8225	0	0
2026.07.01	23:00:00	0.68933	0.68939	0.68900	0.68928	3427	0	0
2026.07.02	00:00:00	0.68927	0.68973	0.68881	0.68935	2259	0	2
2026.07.02	01:00:00	0.68935	0.68954	0.68920	0.68929	2329	0	0
2026.07.02	02:00:00	0.68929	0.68930	0.68890	0.68899	2890	0	0
2026.07.02	03:00:00	0.68899	0.68907	0.68840	0.68889	12057	0	0
2026.07.02	04:00:00	0.68889	0.68976	0.68886	0.68945	10217	0	0
2026.07.02	05:00:00	0.68945	0.69017	0.68934	0.68938	8925	0	0
2026.07.02	06:00:00	0.68938	0.68960	0.68847	0.68929	8075	0	0
2026.07.02	07:00:00	0.68929	0.68961	0.68901	0.68944	7748	0	0
2026.07.02	08:00:00	0.68944	0.68966	0.68903	0.68934	6868	0	0
2026.07.02	09:00:00	0.68934	0.69026	0.68931	0.68958	12290	0	0
2026.07.02	10:00:00	0.68958	0.68977	0.68898	0.68902	11771	0	0
2026.07.02	11:00:00	0.68902	0.69114	0.68897	0.69090	12430	0	0
2026.07.02	12:00:00	0.69090	0.69093	0.68996	0.69041	10207	0	0
2026.07.02	13:00:00	0.69041	0.69042	0.68961	0.68975	7909	0	0
2026.07.02	14:00:00	0.68975	0.68980	0.68876	0.68876	8228	0	0
2026.07.02	15:00:00	0.68877	0.69419	0.68865	0.69245	24566	0	0
2026.07.02	16:00:00	0.69245	0.69433	0.69182	0.69392	27311	0	0
2026.07.02	17:00:00	0.69393	0.69433	0.69220	0.69351	24540	0	0
2026.07.02	18:00:00	0.69351	0.69400	0.69283	0.69304	19590	0	0
2026.07.02	19:00:00	0.69304	0.69308	0.69200	0.69233	16150	0	0
2026.07.02	20:00:00	0.69233	0.69237	0.69148	0.69158	13564	0	0
2026.07.02	21:00:00	0.69158	0.69231	0.69150	0.69199	11541	0	0
2026.07.02	22:00:00	0.69200	0.69221	0.69142	0.69214	9739	0	0
2026.07.02	23:00:00	0.69214	0.69233	0.69191	0.69208	3218	0	0
2026.07.03	00:00:00	0.69207	0.69214	0.69024	0.69184	2186	0	0
2026.07.03	01:00:00	0.69185	0.69222	0.69185	0.69189	2966	0	0
2026.07.03	02:00:00	0.69190	0.69208	0.69140	0.69156	3905	0	0
2026.07.03	03:00:00	0.69156	0.69191	0.69107	0.69188	11588	0	0
2026.07.03	04:00:00	0.69188	0.69355	0.69177	0.69301	12993	0	0
2026.07.03	05:00:00	0.69301	0.69392	0.69277	0.69368	9152	0	0
2026.07.03	06:00:00	0.69368	0.69377	0.69330	0.69353	7548	0	0
2026.07.03	07:00:00	0.69354	0.69411	0.69340	0.69385	5556	0	0
2026.07.03	08:00:00	0.69385	0.69440	0.69376	0.69392	7864	0	0
2026.07.03	09:00:00	0.69392	0.69498	0.69391	0.69432	10826	0	0
2026.07.03	10:00:00	0.69431	0.69482	0.69417	0.69451	10107	0	0
2026.07.03	11:00:00	0.69450	0.69462	0.69401	0.69409	8003	0	0
2026.07.03	12:00:00	0.69409	0.69433	0.69368	0.69368	7347	0	0
2026.07.03	13:00:00	0.69368	0.69405	0.69366	0.69386	5563	0	0
2026.07.03	14:00:00	0.69386	0.69434	0.69375	0.69396	5734	0	0
2026.07.03	15:00:00	0.69396	0.69403	0.69366	0.69369	7087	0	0
2026.07.03	16:00:00	0.69370	0.69381	0.69341	0.69359	9020	0	0
2026.07.03	17:00:00	0.69359	0.69393	0.69342	0.69351	8139	0	0
2026.07.03	18:00:00	0.69351	0.69373	0.69345	0.69364	5356	0	0
2026.07.03	19:00:00	0.69365	0.69380	0.69350	0.69378	3143	0	0
2026.07.03	20:00:00	0.69378	0.69387	0.69371	0.69380	5433	0	0
2026.07.03	21:00:00	0.69380	0.69386	0.69377	0.69382	4354	0	0
2026.07.03	22:00:00	0.69382	0.69397	0.69360	0.69366	18040	0	0
2026.07.03	23:00:00	0.69366	0.69394	0.69329	0.69329	7152	0	0
2026.07.06	00:00:00	0.69312	0.69427	0.69312	0.69409	332	0	0
2026.07.06	01:00:00	0.69409	0.69419	0.69357	0.69365	4132	0	0
2026.07.06	02:00:00	0.69365	0.69391	0.69353	0.69365	3836	0	0
2026.07.06	03:00:00	0.69365	0.69395	0.69300	0.69347	10354	0	0
2026.07.06	04:00:00	0.69347	0.69373	0.69286	0.69291	10695	0	0
2026.07.06	05:00:00	0.69291	0.69325	0.69272	0.69291	8735	0	0
2026.07.06	06:00:00	0.69291	0.69301	0.69218	0.69264	6195	0	0
2026.07.06	07:00:00	0.69264	0.69342	0.69256	0.69332	4802	0	0
2026.07.06	08:00:00	0.69332	0.69354	0.69290	0.69294	6775	0	0
2026.07.06	09:00:00	0.69294	0.69331	0.69259	0.69283	7959	0	0
2026.07.06	10:00:00	0.69283	0.69378	0.69254	0.69370	8143	0	0
2026.07.06	11:00:00	0.69370	0.69385	0.69294	0.69324	6715	0	0
2026.07.06	12:00:00	0.69324	0.69332	0.69298	0.69302	7008	0	0
2026.07.06	13:00:00	0.69302	0.69374	0.69283	0.69342	6035	0	0
2026.07.06	14:00:00	0.69342	0.69364	0.69318	0.69334	7147	0	0
2026.07.06	15:00:00	0.69334	0.69367	0.69237	0.69261	8859	0	0
2026.07.06	16:00:00	0.69261	0.69356	0.69250	0.69307	14205	0	0
2026.07.06	17:00:00	0.69307	0.69384	0.69289	0.69376	11290	0	0
2026.07.06	18:00:00	0.69376	0.69447	0.69364	0.69433	10261	0	0
2026.07.06	19:00:00	0.69433	0.69469	0.69428	0.69464	8037	0	0
2026.07.06	20:00:00	0.69464	0.69538	0.69462	0.69508	7437	0	0
2026.07.06	21:00:00	0.69509	0.69590	0.69509	0.69577	4894	0	0
2026.07.06	22:00:00	0.69576	0.69581	0.69552	0.69564	5314	0	0
2026.07.06	23:00:00	0.69564	0.69569	0.69539	0.69562	2308	0	0
2026.07.07	00:00:00	0.69562	0.69573	0.69343	0.69550	793	0	4
2026.07.07	01:00:00	0.69550	0.69580	0.69550	0.69574	2951	0	0
2026.07.07	02:00:00	0.69574	0.69601	0.69548	0.69549	3310	0	0
2026.07.07	03:00:00	0.69549	0.69559	0.69483	0.69488	9825	0	0
2026.07.07	04:00:00	0.69488	0.69602	0.69463	0.69567	12382	0	0
2026.07.07	05:00:00	0.69567	0.69589	0.69497	0.69499	8019	0	0
2026.07.07	06:00:00	0.69499	0.69533	0.69424	0.69463	8605	0	0
2026.07.07	07:00:00	0.69463	0.69493	0.69419	0.69419	6568	0	0
2026.07.07	08:00:00	0.69419	0.69426	0.69349	0.69417	7961	0	0
2026.07.07	09:00:00	0.69416	0.69449	0.69366	0.69448	8917	0	0
2026.07.07	10:00:00	0.69448	0.69458	0.69380	0.69380	9430	0	0
2026.07.07	11:00:00	0.69380	0.69461	0.69378	0.69417	9111	0	0
2026.07.07	12:00:00	0.69417	0.69462	0.69406	0.69430	7152	0	0
2026.07.07	13:00:00	0.69430	0.69469	0.69417	0.69463	6413	0	0
2026.07.07	14:00:00	0.69463	0.69528	0.69434	0.69483	7778	0	0
2026.07.07	15:00:00	0.69483	0.69550	0.69461	0.69507	8445	0	0
2026.07.07	16:00:00	0.69507	0.69510	0.69397	0.69404	12647	0	0
2026.07.07	17:00:00	0.69404	0.69443	0.69352	0.69405	16090	0	0
2026.07.07	18:00:00	0.69405	0.69414	0.69336	0.69347	11521	0	0
2026.07.07	19:00:00	0.69347	0.69375	0.69337	0.69371	8255	0	0
2026.07.07	20:00:00	0.69371	0.69426	0.69367	0.69420	7826	0	0
2026.07.07	21:00:00	0.69421	0.69428	0.69323	0.69334	9249	0	0
2026.07.07	22:00:00	0.69334	0.69339	0.69211	0.69327	12357	0	0
2026.07.07	23:00:00	0.69327	0.69331	0.69283	0.69283	3229	0	0
2026.07.08	00:00:00	0.69282	0.69295	0.69213	0.69235	1261	0	0
2026.07.08	01:00:00	0.69235	0.69273	0.69222	0.69264	1926	0	0
2026.07.08	02:00:00	0.69264	0.69287	0.69213	0.69223	3553	0	0
2026.07.08	03:00:00	0.69223	0.69359	0.69203	0.69357	12130	0	0
2026.07.08	04:00:00	0.69357	0.69394	0.69288	0.69367	12301	0	0
2026.07.08	05:00:00	0.69367	0.69437	0.69347	0.69389	10836	0	0
2026.07.08	06:00:00	0.69389	0.69468	0.69389	0.69407	8512	0	0
2026.07.08	07:00:00	0.69407	0.69427	0.69365	0.69404	8490	0	0
2026.07.08	08:00:00	0.69404	0.69454	0.69393	0.69421	8632	0	0
2026.07.08	09:00:00	0.69421	0.69445	0.69345	0.69374	12407	0	0
2026.07.08	10:00:00	0.69374	0.69432	0.69305	0.69390	10866	0	0
2026.07.08	11:00:00	0.69389	0.69395	0.69109	0.69149	19093	0	0
2026.07.08	12:00:00	0.69149	0.69240	0.69064	0.69170	15111	0	0
2026.07.08	13:00:00	0.69170	0.69286	0.69165	0.69225	10692	0	0
2026.07.08	14:00:00	0.69225	0.69230	0.69076	0.69167	11075	0	0
2026.07.08	15:00:00	0.69167	0.69317	0.69141	0.69209	11708	0	0
2026.07.08	16:00:00	0.69209	0.69284	0.69197	0.69228	17718	0	0
2026.07.08	17:00:00	0.69228	0.69266	0.69154	0.69183	16140	0	0
2026.07.08	18:00:00	0.69183	0.69231	0.69067	0.69100	13721	0	0
2026.07.08	19:00:00	0.69100	0.69279	0.69095	0.69264	14789	0	0
2026.07.08	20:00:00	0.69264	0.69373	0.69264	0.69290	10893	0	0
2026.07.08	21:00:00	0.69290	0.69393	0.69279	0.69363	9888	0	0
2026.07.08	22:00:00	0.69363	0.69401	0.69343	0.69375	8992	0	0
2026.07.08	23:00:00	0.69375	0.69380	0.69281	0.69298	5632	0	0
2026.07.09	00:00:00	0.69292	0.69336	0.69180	0.69281	2916	0	5
2026.07.09	01:00:00	0.69281	0.69319	0.69272	0.69300	2695	0	0
2026.07.09	02:00:00	0.69300	0.69367	0.69289	0.69361	3651	0	0
2026.07.09	03:00:00	0.69361	0.69404	0.69297	0.69331	9429	0	0
2026.07.09	04:00:00	0.69331	0.69337	0.69249	0.69313	12053	0	0
2026.07.09	05:00:00	0.69313	0.69373	0.69301	0.69310	9244	0	0
2026.07.09	06:00:00	0.69310	0.69374	0.69276	0.69343	7784	0	0
2026.07.09	07:00:00	0.69343	0.69379	0.69314	0.69372	7024	0	0
2026.07.09	08:00:00	0.69372	0.69398	0.69340	0.69380	9221	0	0
2026.07.09	09:00:00	0.69380	0.69460	0.69375	0.69396	9760	0	0
2026.07.09	10:00:00	0.69396	0.69407	0.69333	0.69378	9247	0	0
2026.07.09	11:00:00	0.69378	0.69404	0.69341	0.69348	9818	0	0
2026.07.09	12:00:00	0.69348	0.69382	0.69321	0.69377	8595	0	0
2026.07.09	13:00:00	0.69376	0.69383	0.69294	0.69317	7609	0	0
2026.07.09	14:00:00	0.69317	0.69355	0.69299	0.69348	8865	0	0
2026.07.09	15:00:00	0.69348	0.69405	0.69311	0.69320	10550	0	0
2026.07.09	16:00:00	0.69319	0.69412	0.69319	0.69410	13344	0	0
2026.07.09	17:00:00	0.69410	0.69447	0.69362	0.69380	14497	0	0
2026.07.09	18:00:00	0.69380	0.69463	0.69361	0.69433	11391	0	0
2026.07.09	19:00:00	0.69433	0.69471	0.69405	0.69410	8675	0	0
2026.07.09	20:00:00	0.69410	0.69459	0.69406	0.69450	7557	0	0
2026.07.09	21:00:00	0.69450	0.69455	0.69410	0.69428	5813	0	0
2026.07.09	22:00:00	0.69428	0.69435	0.69376	0.69392	5666	0	0
2026.07.09	23:00:00	0.69392	0.69420	0.69390	0.69405	2888	0	0
2026.07.10	00:00:00	0.69402	0.69482	0.69333	0.69364	2211	0	2
2026.07.10	01:00:00	0.69364	0.69425	0.69364	0.69410	1833	0	0
2026.07.10	02:00:00	0.69410	0.69431	0.69410	0.69431	1766	0	0
2026.07.10	03:00:00	0.69431	0.69467	0.69336	0.69453	9475	0	0
2026.07.10	04:00:00	0.69453	0.69537	0.69429	0.69500	12697	0	0
2026.07.10	05:00:00	0.69501	0.69699	0.69483	0.69671	10785	0	0
2026.07.10	06:00:00	0.69671	0.69685	0.69590	0.69605	7394	0	0
2026.07.10	07:00:00	0.69605	0.69605	0.69528	0.69544	5647	0	0
2026.07.10	08:00:00	0.69544	0.69564	0.69460	0.69489	9233	0	0
2026.07.10	09:00:00	0.69489	0.69548	0.69482	0.69499	11749	0	0
2026.07.10	10:00:00	0.69499	0.69510	0.69437	0.69452	9403	0	0
2026.07.10	11:00:00	0.69452	0.69485	0.69414	0.69429	10758	0	0
2026.07.10	12:00:00	0.69429	0.69474	0.69416	0.69457	6852	0	0
2026.07.10	13:00:00	0.69456	0.69525	0.69456	0.69483	6068	0	0
2026.07.10	14:00:00	0.69482	0.69499	0.69424	0.69490	7841	0	0
2026.07.10	15:00:00	0.69490	0.69580	0.69455	0.69499	12234	0	0
2026.07.10	16:00:00	0.69499	0.69536	0.69465	0.69484	13003	0	0
2026.07.10	17:00:00	0.69484	0.69519	0.69357	0.69457	15652	0	0
2026.07.10	18:00:00	0.69456	0.69594	0.69440	0.69585	15494	0	0
2026.07.10	19:00:00	0.69585	0.69651	0.69578	0.69581	11563	0	0
2026.07.10	20:00:00	0.69581	0.69592	0.69528	0.69529	8971	0	0
2026.07.10	21:00:00	0.69529	0.69543	0.69513	0.69523	7469	0	0
2026.07.10	22:00:00	0.69523	0.69531	0.69507	0.69524	5150	0	0
2026.07.10	23:00:00	0.69524	0.69543	0.69499	0.69529	4193	0	0
2026.07.13	00:00:00	0.69445	0.69474	0.69392	0.69435	264	0	0
2026.07.13	01:00:00	0.69435	0.69446	0.69320	0.69374	7750	0	0
2026.07.13	02:00:00	0.69374	0.69420	0.69364	0.69418	5672	0	0
2026.07.13	03:00:00	0.69418	0.69439	0.69327	0.69335	14469	0	0
2026.07.13	04:00:00	0.69335	0.69374	0.69283	0.69351	16619	0	0
2026.07.13	05:00:00	0.69350	0.69380	0.69311	0.69311	11345	0	0
2026.07.13	06:00:00	0.69311	0.69317	0.69241	0.69299	8257	0	0
2026.07.13	07:00:00	0.69299	0.69335	0.69249	0.69325	5690	0	0
2026.07.13	08:00:00	0.69325	0.69380	0.69253	0.69287	11504	0	0
2026.07.13	09:00:00	0.69287	0.69333	0.69237	0.69286	8999	0	0
2026.07.13	10:00:00	0.69286	0.69376	0.69274	0.69373	14707	0	0
2026.07.13	11:00:00	0.69373	0.69472	0.69371	0.69421	13064	0	0
2026.07.13	12:00:00	0.69421	0.69431	0.69388	0.69416	8784	0	0
2026.07.13	13:00:00	0.69416	0.69463	0.69383	0.69463	9266	0	0
2026.07.13	14:00:00	0.69463	0.69498	0.69422	0.69451	12194	0	0
2026.07.13	15:00:00	0.69451	0.69464	0.69381	0.69461	14550	0	0
2026.07.13	16:00:00	0.69461	0.69483	0.69339	0.69363	17091	0	0
2026.07.13	17:00:00	0.69363	0.69395	0.69273	0.69360	21135	0	0
2026.07.13	18:00:00	0.69360	0.69389	0.69320	0.69339	14459	0	0
2026.07.13	19:00:00	0.69339	0.69369	0.69177	0.69217	14853	0	0
2026.07.13	20:00:00	0.69217	0.69262	0.69203	0.69212	11536	0	0
2026.07.13	21:00:00	0.69212	0.69225	0.69175	0.69220	9491	0	0
2026.07.13	22:00:00	0.69219	0.69227	0.69149	0.69178	8227	0	0
2026.07.13	23:00:00	0.69177	0.69183	0.69130	0.69171	3654	0	0
2026.07.14	00:00:00	0.69171	0.69192	0.69091	0.69166	499	0	0
2026.07.14	01:00:00	0.69166	0.69205	0.69161	0.69167	3320	0	0
2026.07.14	02:00:00	0.69167	0.69196	0.69152	0.69193	4885	0	0
2026.07.14	03:00:00	0.69193	0.69221	0.69127	0.69190	18594	0	0
2026.07.14	04:00:00	0.69189	0.69242	0.69158	0.69203	16915	0	0
2026.07.14	05:00:00	0.69203	0.69281	0.69197	0.69235	12830	0	0
2026.07.14	06:00:00	0.69235	0.69330	0.69214	0.69303	11527	0	0
2026.07.14	07:00:00	0.69303	0.69335	0.69284	0.69329	8287	0	0
2026.07.14	08:00:00	0.69329	0.69390	0.69324	0.69343	9867	0	0
2026.07.14	09:00:00	0.69343	0.69360	0.69284	0.69286	11581	0	0
2026.07.14	10:00:00	0.69286	0.69431	0.69276	0.69408	14319	0	0
2026.07.14	11:00:00	0.69408	0.69454	0.69370	0.69434	13114	0	0
2026.07.14	12:00:00	0.69434	0.69537	0.69427	0.69514	12864	0	0
2026.07.14	13:00:00	0.69514	0.69533	0.69403	0.69407	9965	0	0
2026.07.14	14:00:00	0.69405	0.69458	0.69383	0.69444	13556	0	0
2026.07.14	15:00:00	0.69444	0.69835	0.69409	0.69692	20720	0	0
2026.07.14	16:00:00	0.69692	0.69832	0.69683	0.69814	20435	0	0
2026.07.14	17:00:00	0.69814	0.69926	0.69783	0.69865	19124	0	0
2026.07.14	18:00:00	0.69865	0.69927	0.69715	0.69728	13356	0	0
2026.07.14	19:00:00	0.69728	0.69785	0.69686	0.69778	10207	0	0
2026.07.14	20:00:00	0.69778	0.69794	0.69707	0.69752	7902	0	0
2026.07.14	21:00:00	0.69752	0.69769	0.69693	0.69746	8472	0	0
2026.07.14	22:00:00	0.69745	0.69754	0.69710	0.69723	9458	0	0
2026.07.14	23:00:00	0.69723	0.69749	0.69707	0.69737	3915	0	0
2026.07.15	00:00:00	0.69732	0.69763	0.69665	0.69731	1198	0	0
2026.07.15	01:00:00	0.69731	0.69748	0.69722	0.69726	3653	0	0
2026.07.15	02:00:00	0.69726	0.69774	0.69718	0.69761	4708	0	0
2026.07.15	03:00:00	0.69761	0.69855	0.69755	0.69848	10423	0	0
2026.07.15	04:00:00	0.69848	0.69872	0.69796	0.69869	13379	0	0
2026.07.15	05:00:00	0.69870	0.69921	0.69824	0.69914	9768	0	0
2026.07.15	06:00:00	0.69914	0.69929	0.69836	0.69870	7324	0	0
2026.07.15	07:00:00	0.69871	0.69889	0.69831	0.69835	5326	0	0
2026.07.15	08:00:00	0.69836	0.69894	0.69819	0.69870	8183	0	0
2026.07.15	09:00:00	0.69870	0.69910	0.69846	0.69852	9942	0	0
2026.07.15	10:00:00	0.69853	0.69901	0.69775	0.69867	10338	0	0
2026.07.15	11:00:00	0.69867	0.69902	0.69844	0.69881	11008	0	0
2026.07.15	12:00:00	0.69881	0.69907	0.69845	0.69861	9073	0	0
2026.07.15	13:00:00	0.69861	0.69862	0.69799	0.69838	9613	0	0
2026.07.15	14:00:00	0.69837	0.69873	0.69825	0.69854	10145	0	0
2026.07.15	15:00:00	0.69854	0.69974	0.69825	0.69962	14678	0	0
2026.07.15	16:00:00	0.69962	0.69989	0.69899	0.69939	15893	0	0
2026.07.15	17:00:00	0.69940	0.69997	0.69918	0.69991	17375	0	0
2026.07.15	18:00:00	0.69991	0.70030	0.69950	0.69979	14621	0	0
2026.07.15	19:00:00	0.69979	0.69990	0.69891	0.69933	12354	0	0
2026.07.15	20:00:00	0.69933	0.70164	0.69932	0.70146	11766	0	0
2026.07.15	21:00:00	0.70146	0.70213	0.70083	0.70086	8058	0	0
2026.07.15	22:00:00	0.70086	0.70132	0.70045	0.70070	10293	0	0
2026.07.15	23:00:00	0.70070	0.70083	0.70048	0.70049	3721	0	0
2026.07.16	00:00:00	0.70046	0.70076	0.69901	0.70033	1469	0	0
2026.07.16	01:00:00	0.70033	0.70074	0.70033	0.70056	3804	0	0
2026.07.16	02:00:00	0.70056	0.70105	0.70053	0.70076	3731	0	0
2026.07.16	03:00:00	0.70076	0.70109	0.69958	0.69984	9994	0	0
2026.07.16	04:00:00	0.69985	0.69995	0.69901	0.69921	10830	0	0
2026.07.16	05:00:00	0.69921	0.69958	0.69861	0.69952	8444	0	0
2026.07.16	06:00:00	0.69952	0.70015	0.69945	0.70006	7909	0	0
2026.07.16	07:00:00	0.70006	0.70036	0.69985	0.69990	6838	0	0
2026.07.16	08:00:00	0.69990	0.70014	0.69940	0.69947	8467	0	0
2026.07.16	09:00:00	0.69947	0.70007	0.69941	0.69998	10552	0	0
2026.07.16	10:00:00	0.69997	0.70015	0.69965	0.69974	10018	0	0
2026.07.16	11:00:00	0.69974	0.70002	0.69939	0.69985	9515	0	0
2026.07.16	12:00:00	0.69985	0.70034	0.69969	0.69993	9487	0	0
2026.07.16	13:00:00	0.69993	0.70055	0.69989	0.70033	7669	0	0
2026.07.16	14:00:00	0.70033	0.70077	0.69951	0.70073	11397	0	0
2026.07.16	15:00:00	0.70073	0.70105	0.69963	0.69975	15078	0	0
2026.07.16	16:00:00	0.69975	0.70100	0.69973	0.70032	16277	0	0
2026.07.16	17:00:00	0.70032	0.70126	0.70020	0.70048	15165	0	0
2026.07.16	18:00:00	0.70047	0.70061	0.70003	0.70017	13847	0	0
2026.07.16	19:00:00	0.70017	0.70023	0.69922	0.69938	12113	0	0
2026.07.16	20:00:00	0.69938	0.69956	0.69899	0.69929	10170	0	0
2026.07.16	21:00:00	0.69929	0.69958	0.69914	0.69951	10906	0	0
2026.07.16	22:00:00	0.69951	0.69965	0.69917	0.69956	9906	0	0
2026.07.16	23:00:00	0.69956	0.69983	0.69945	0.69973	3779	0	0
2026.07.17	00:00:00	0.69950	0.70003	0.69874	0.69954	869	0	0
2026.07.17	01:00:00	0.69954	0.69986	0.69946	0.69964	2771	0	0
2026.07.17	02:00:00	0.69963	0.70005	0.69959	0.70000	3729	0	0
2026.07.17	03:00:00	0.70000	0.70013	0.69914	0.69987	10221	0	0
2026.07.17	04:00:00	0.69987	0.70006	0.69804	0.69832	12076	0	0
2026.07.17	05:00:00	0.69832	0.69855	0.69776	0.69792	8880	0	0
2026.07.17	06:00:00	0.69792	0.69877	0.69792	0.69824	6075	0	0
2026.07.17	07:00:00	0.69824	0.69829	0.69763	0.69792	7363	0	0
2026.07.17	08:00:00	0.69792	0.69810	0.69766	0.69781	9966	0	0
2026.07.17	09:00:00	0.69781	0.69907	0.69777	0.69858	14035	0	0
2026.07.17	10:00:00	0.69858	0.69904	0.69834	0.69835	11624	0	0
2026.07.17	11:00:00	0.69835	0.69879	0.69719	0.69727	12423	0	0
2026.07.17	12:00:00	0.69727	0.69754	0.69659	0.69719	10927	0	0
2026.07.17	13:00:00	0.69718	0.69734	0.69689	0.69703	11731	0	0
2026.07.17	14:00:00	0.69703	0.69779	0.69670	0.69745	10232	0	0
2026.07.17	15:00:00	0.69745	0.69762	0.69681	0.69693	11901	0	0
2026.07.17	16:00:00	0.69693	0.69783	0.69662	0.69778	17388	0	0
2026.07.17	17:00:00	0.69778	0.69836	0.69765	0.69810	16447	0	0
2026.07.17	18:00:00	0.69810	0.69857	0.69789	0.69839	13218	0	0
2026.07.17	19:00:00	0.69839	0.69874	0.69785	0.69836	11819	0	0
2026.07.17	20:00:00	0.69836	0.69854	0.69810	0.69818	8167	0	0
2026.07.17	21:00:00	0.69818	0.69845	0.69807	0.69819	9450	0	0
2026.07.17	22:00:00	0.69819	0.69857	0.69791	0.69843	8410	0	0
2026.07.17	23:00:00	0.69843	0.69848	0.69793	0.69814	4374	0	0
2026.07.20	00:00:00	0.69639	0.69677	0.69628	0.69667	215	0	1
2026.07.20	01:00:00	0.69667	0.69772	0.69664	0.69750	5291	0	0
2026.07.20	02:00:00	0.69750	0.69789	0.69735	0.69789	5410	0	0
2026.07.20	03:00:00	0.69789	0.69859	0.69746	0.69846	11622	0	0
2026.07.20	04:00:00	0.69846	0.69900	0.69845	0.69880	13343	0	0
2026.07.20	05:00:00	0.69880	0.69954	0.69873	0.69922	10329	0	0
2026.07.20	06:00:00	0.69922	0.69949	0.69896	0.69935	8565	0	0
2026.07.20	07:00:00	0.69935	0.69993	0.69932	0.69968	6621	0	0
2026.07.20	08:00:00	0.69968	0.69974	0.69902	0.69909	8989	0	0
2026.07.20	09:00:00	0.69909	0.69930	0.69857	0.69897	7800	0	0
2026.07.20	10:00:00	0.69897	0.70050	0.69892	0.70002	11635	0	0
2026.07.20	11:00:00	0.70002	0.70034	0.69974	0.70003	8488	0	0
2026.07.20	12:00:00	0.70003	0.70005	0.69959	0.69986	8813	0	0
2026.07.20	13:00:00	0.69986	0.70083	0.69976	0.70067	6371	0	0
2026.07.20	14:00:00	0.70067	0.70148	0.70044	0.70094	11465	0	0
2026.07.20	15:00:00	0.70094	0.70096	0.70011	0.70050	11505	0	0
2026.07.20	16:00:00	0.70050	0.70115	0.70030	0.70108	13094	0	0
2026.07.20	17:00:00	0.70108	0.70144	0.69978	0.70003	13468	0	0
2026.07.20	18:00:00	0.70004	0.70037	0.69981	0.70027	13404	0	0
2026.07.20	19:00:00	0.70027	0.70081	0.69990	0.70032	8768	0	0
2026.07.20	20:00:00	0.70033	0.70051	0.70016	0.70037	7942	0	0
2026.07.20	21:00:00	0.70037	0.70076	0.70000	0.70022	8829	0	0
2026.07.20	22:00:00	0.70022	0.70033	0.69981	0.69999	7813	0	0
2026.07.20	23:00:00	0.69999	0.70010	0.69963	0.69983	2382	0	0
2026.07.21	00:00:00	0.69957	0.70014	0.69900	0.69944	1347	0	0
2026.07.21	01:00:00	0.69944	0.69978	0.69932	0.69954	3398	0	0
2026.07.21	02:00:00	0.69954	0.70010	0.69946	0.70005	4523	0	0
2026.07.21	03:00:00	0.70005	0.70057	0.69968	0.70019	11014	0	0
2026.07.21	04:00:00	0.70019	0.70077	0.70007	0.70055	11732	0	0
2026.07.21	05:00:00	0.70055	0.70097	0.70039	0.70067	8929	0	0
2026.07.21	06:00:00	0.70067	0.70077	0.70039	0.70039	7435	0	0
2026.07.21	07:00:00	0.70039	0.70079	0.70037	0.70075	6250	0	0
2026.07.21	08:00:00	0.70075	0.70107	0.70062	0.70084	7690	0	0
2026.07.21	09:00:00	0.70084	0.70187	0.70083	0.70175	9237	0	0
2026.07.21	10:00:00	0.70175	0.70229	0.70160	0.70188	8856	0	0
2026.07.21	11:00:00	0.70188	0.70231	0.70182	0.70220	8772	0	0
2026.07.21	12:00:00	0.70220	0.70262	0.70211	0.70236	7886	0	0
2026.07.21	13:00:00	0.70236	0.70269	0.70185	0.70195	8518	0	0
2026.07.21	14:00:00	0.70195	0.70201	0.70146	0.70178	8589	0	0
2026.07.21	15:00:00	0.70178	0.70191	0.70109	0.70161	10603	0	0
2026.07.21	16:00:00	0.70162	0.70168	0.70025	0.70053	13713	0	0
2026.07.21	17:00:00	0.70053	0.70125	0.70027	0.70043	13287	0	0
2026.07.21	18:00:00	0.70043	0.70126	0.70031	0.70072	10734	0	0
2026.07.21	19:00:00	0.70072	0.70081	0.70034	0.70067	4670	0	0
2026.07.21	20:00:00	0.70067	0.70080	0.70049	0.70057	4460	0	0
2026.07.21	21:00:00	0.70057	0.70060	0.70024	0.70053	4629	0	0
2026.07.21	22:00:00	0.70053	0.70060	0.70005	0.70032	4441	0	0
2026.07.21	23:00:00	0.70032	0.70036	0.69975	0.69985	2327	0	0
2026.07.22	00:00:00	0.69985	0.70017	0.69961	0.69985	728	0	4
2026.07.22	01:00:00	0.69985	0.70002	0.69972	0.69978	2385	0	0
2026.07.22	02:00:00	0.69978	0.70006	0.69966	0.70003	2420	0	0
2026.07.22	03:00:00	0.70003	0.70092	0.69987	0.70088	7972	0	0
2026.07.22	04:00:00	0.70088	0.70126	0.70031	0.70055	8139	0	0
2026.07.22	05:00:00	0.70054	0.70082	0.70003	0.70040	7326	0	0
2026.07.22	06:00:00	0.70039	0.70060	0.69983	0.69992	7238	0	0
2026.07.22	07:00:00	0.69992	0.70006	0.69964	0.69993	4471	0	0
2026.07.22	08:00:00	0.69993	0.70002	0.69934	0.69970	6540	0	0
2026.07.22	09:00:00	0.69970	0.70002	0.69899	0.69960	7714	0	0
2026.07.22	10:00:00	0.69960	0.70051	0.69944	0.69961	9484	0	0
2026.07.22	11:00:00	0.69961	0.69992	0.69920	0.69972	7833	0	0
2026.07.22	12:00:00	0.69971	0.69992	0.69918	0.69938	7339	0	0
2026.07.22	13:00:00	0.69938	0.69959	0.69913	0.69927	7705	0	0
2026.07.22	14:00:00	0.69927	0.69945	0.69889	0.69942	9244	0	0
2026.07.22	15:00:00	0.69941	0.69959	0.69803	0.69845	9285	0	0
2026.07.22	16:00:00	0.69845	0.69995	0.69844	0.69948	11613	0	0
2026.07.22	17:00:00	0.69948	0.69994	0.69922	0.69961	12450	0	0
2026.07.22	18:00:00	0.69960	0.70004	0.69946	0.70001	10949	0	0
2026.07.22	19:00:00	0.70001	0.70008	0.69932	0.69953	8330	0	0
2026.07.22	20:00:00	0.69952	0.69969	0.69919	0.69924	5939	0	0
2026.07.22	21:00:00	0.69923	0.69954	0.69906	0.69947	5366	0	0
2026.07.22	22:00:00	0.69947	0.69959	0.69929	0.69951	4418	0	0
2026.07.22	23:00:00	0.69951	0.69982	0.69947	0.69961	4896	0	0
2026.07.23	00:00:00	0.69961	0.69961	0.69849	0.69905	1272	0	0
2026.07.23	01:00:00	0.69905	0.69933	0.69868	0.69886	3183	0	0
2026.07.23	02:00:00	0.69886	0.69908	0.69881	0.69893	3091	0	0
2026.07.23	03:00:00	0.69893	0.69946	0.69880	0.69941	6918	0	0
2026.07.23	04:00:00	0.69941	0.70209	0.69941	0.70109	11194	0	0
2026.07.23	05:00:00	0.70109	0.70178	0.70097	0.70156	8772	0	0
2026.07.23	06:00:00	0.70156	0.70191	0.70113	0.70183	7653	0	0
2026.07.23	07:00:00	0.70183	0.70212	0.70131	0.70152	6757	0	0
2026.07.23	08:00:00	0.70152	0.70172	0.70118	0.70122	7193	0	0
2026.07.23	09:00:00	0.70122	0.70149	0.70054	0.70055	7245	0	0
2026.07.23	10:00:00	0.70055	0.70098	0.69973	0.70036	10527	0	0
2026.07.23	11:00:00	0.70036	0.70049	0.69974	0.70006	8636	0	0
2026.07.23	12:00:00	0.70006	0.70062	0.69976	0.69985	7681	0	0
2026.07.23	13:00:00	0.69985	0.70008	0.69955	0.69976	6909	0	0
2026.07.23	14:00:00	0.69976	0.69986	0.69841	0.69930	10423	0	0
2026.07.23	15:00:00	0.69930	0.69940	0.69747	0.69789	11311	0	0
2026.07.23	16:00:00	0.69789	0.69824	0.69673	0.69727	16314	0	0
2026.07.23	17:00:00	0.69727	0.69790	0.69685	0.69733	17455	0	0
2026.07.23	18:00:00	0.69733	0.69763	0.69645	0.69745	13977	0	0
2026.07.23	19:00:00	0.69744	0.69787	0.69732	0.69781	8958	0	0
2026.07.23	20:00:00	0.69779	0.69782	0.69691	0.69692	8524	0	0
2026.07.23	21:00:00	0.69692	0.69701	0.69644	0.69662	7586	0	0
2026.07.23	22:00:00	0.69662	0.69673	0.69622	0.69662	6391	0	0
2026.07.23	23:00:00	0.69662	0.69688	0.69662	0.69673	2750	0	0
2026.07.24	00:00:00	0.69672	0.69704	0.69593	0.69678	1116	0	0
2026.07.24	01:00:00	0.69678	0.69706	0.69668	0.69685	1689	0	0
2026.07.24	02:00:00	0.69685	0.69699	0.69658	0.69671	3038	0	0
2026.07.24	03:00:00	0.69671	0.69770	0.69660	0.69767	9486	0	0
2026.07.24	04:00:00	0.69766	0.69797	0.69719	0.69760	10621	0	0
2026.07.24	05:00:00	0.69760	0.69809	0.69729	0.69732	9265	0	0
2026.07.24	06:00:00	0.69732	0.69771	0.69728	0.69747	7170	0	0
2026.07.24	07:00:00	0.69747	0.69772	0.69713	0.69732	6372	0	0
2026.07.24	08:00:00	0.69732	0.69801	0.69727	0.69732	8114	0	0
2026.07.24	09:00:00	0.69732	0.69835	0.69732	0.69834	7313	0	0
2026.07.24	10:00:00	0.69834	0.69897	0.69818	0.69845	9348	0	0
2026.07.24	11:00:00	0.69845	0.69892	0.69826	0.69878	7640	0	0
2026.07.24	12:00:00	0.69878	0.69922	0.69862	0.69922	7308	0	0
2026.07.24	13:00:00	0.69922	0.69956	0.69901	0.69916	6491	0	0
2026.07.24	14:00:00	0.69916	0.69935	0.69851	0.69883	6903	0	0
2026.07.24	15:00:00	0.69883	0.69890	0.69746	0.69762	9048	0	0
2026.07.24	16:00:00	0.69758	0.69779	0.69726	0.69771	12500	0	0
2026.07.24	17:00:00	0.69771	0.69893	0.69768	0.69875	14103	0	0
2026.07.24	18:00:00	0.69875	0.70012	0.69871	0.69955	12834	0	0
2026.07.24	19:00:00	0.69955	0.69961	0.69886	0.69904	7751	0	0
2026.07.24	20:00:00	0.69904	0.69910	0.69843	0.69857	6803	0	0
2026.07.24	21:00:00	0.69857	0.69864	0.69811	0.69829	6629	0	0
2026.07.24	22:00:00	0.69830	0.69833	0.69791	0.69804	6907	0	0
2026.07.24	23:00:00	0.69804	0.69838	0.69785	0.69826	4344	0	0
