<DATE>	<TIME>	<OPEN>	<HIGH>	<LOW>	<CLOSE>	<TICKVOL>	<VOL>	<SPREAD>
2026.07.20	00:00:00	0.69639	0.69639	0.69628	0.69629	3	0	53
2026.07.20	00:01:00	0.69629	0.69633	0.69628	0.69633	7	0	56
2026.07.20	00:02:00	0.69633	0.69635	0.69633	0.69635	2	0	47
2026.07.20	00:03:00	0.69635	0.69637	0.69635	0.69636	14	0	46
2026.07.20	00:04:00	0.69636	0.69636	0.69636	0.69636	1	0	47
2026.07.20	00:05:00	0.69636	0.69659	0.69636	0.69657	7	0	27
2026.07.20	00:06:00	0.69657	0.69657	0.69657	0.69657	1	0	31
2026.07.20	00:07:00	0.69657	0.69657	0.69639	0.69640	11	0	15
2026.07.20	00:08:00	0.69640	0.69642	0.69640	0.69642	2	0	25
2026.07.20	00:09:00	0.69642	0.69642	0.69640	0.69640	2	0	22
2026.07.20	00:10:00	0.69640	0.69640	0.69640	0.69640	1	0	13
2026.07.20	00:11:00	0.69640	0.69646	0.69640	0.69646	5	0	10
2026.07.20	00:12:00	0.69646	0.69646	0.69644	0.69646	3	0	11
2026.07.20	00:13:00	0.69646	0.69646	0.69644	0.69644	2	0	11
2026.07.20	00:14:00	0.69644	0.69664	0.69644	0.69661	15	0	8
2026.07.20	00:15:00	0.69661	0.69665	0.69661	0.69664	8	0	13
2026.07.20	00:16:00	0.69664	0.69666	0.69664	0.69664	3	0	17
2026.07.20	00:17:00	0.69664	0.69664	0.69662	0.69662	4	0	11
2026.07.20	00:18:00	0.69662	0.69662	0.69662	0.69662	1	0	13
2026.07.20	00:19:00	0.69662	0.69662	0.69662	0.69662	1	0	17
2026.07.20	00:20:00	0.69662	0.69662	0.69662	0.69662	1	0	17
2026.07.20	00:21:00	0.69662	0.69662	0.69662	0.69662	1	0	16
2026.07.20	00:22:00	0.69662	0.69662	0.69656	0.69656	2	0	16
2026.07.20	00:23:00	0.69656	0.69656	0.69656	0.69656	1	0	26
2026.07.20	00:24:00	0.69656	0.69656	0.69656	0.69656	1	0	26
2026.07.20	00:25:00	0.69656	0.69656	0.69656	0.69656	1	0	22
2026.07.20	00:26:00	0.69656	0.69672	0.69656	0.69671	5	0	6
2026.07.20	00:27:00	0.69671	0.69672	0.69671	0.69671	3	0	6
2026.07.20	00:28:00	0.69671	0.69671	0.69671	0.69671	1	0	5
2026.07.20	00:29:00	0.69671	0.69673	0.69671	0.69673	5	0	4
2026.07.20	00:30:00	0.69673	0.69673	0.69671	0.69672	12	0	4
2026.07.20	00:31:00	0.69672	0.69673	0.69669	0.69670	9	0	9
2026.07.20	00:32:00	0.69670	0.69671	0.69669	0.69671	6	0	8
2026.07.20	00:33:00	0.69671	0.69671	0.69669	0.69670	3	0	8
2026.07.20	00:34:00	0.69670	0.69670	0.69669	0.69669	2	0	10
2026.07.20	00:35:00	0.69669	0.69669	0.69669	0.69669	1	0	14
2026.07.20	00:36:00	0.69669	0.69674	0.69658	0.69673	11	0	1
2026.07.20	00:37:00	0.69676	0.69676	0.69664	0.69674	7	0	7
2026.07.20	00:38:00	0.69674	0.69674	0.69673	0.69673	2	0	10
2026.07.20	00:39:00	0.69673	0.69673	0.69673	0.69673	1	0	10
2026.07.20	00:40:00	0.69673	0.69673	0.69672	0.69672	2	0	9
2026.07.20	00:41:00	0.69672	0.69674	0.69670	0.69674	7	0	9
2026.07.20	00:42:00	0.69674	0.69677	0.69674	0.69677	3	0	9
2026.07.20	00:43:00	0.69677	0.69677	0.69676	0.69676	2	0	10
2026.07.20	00:44:00	0.69676	0.69676	0.69676	0.69676	1	0	11
2026.07.20	00:45:00	0.69676	0.69677	0.69676	0.69677	4	0	9
2026.07.20	00:46:00	0.69677	0.69677	0.69673	0.69673	2	0	10
2026.07.20	00:47:00	0.69673	0.69673	0.69673	0.69673	1	0	14
2026.07.20	00:48:00	0.69673	0.69673	0.69673	0.69673	1	0	14
2026.07.20	00:49:00	0.69673	0.69673	0.69673	0.69673	1	0	14
2026.07.20	00:50:00	0.69673	0.69673	0.69655	0.69655	5	0	14
2026.07.20	00:51:00	0.69655	0.69666	0.69655	0.69666	3	0	20
2026.07.20	00:52:00	0.69666	0.69666	0.69666	0.69666	1	0	19
2026.07.20	00:53:00	0.69666	0.69672	0.69666	0.69667	6	0	12
2026.07.20	00:54:00	0.69667	0.69667	0.69667	0.69667	1	0	18
2026.07.20	00:55:00	0.69667	0.69667	0.69666	0.69667	3	0	15
2026.07.20	00:56:00	0.69667	0.69667	0.69667	0.69667	1	0	17
2026.07.20	00:57:00	0.69667	0.69667	0.69667	0.69667	1	0	20
2026.07.20	00:58:00	0.69667	0.69667	0.69667	0.69667	1	0	19
2026.07.20	00:59:00	0.69667	0.69667	0.69667	0.69667	1	0	19
2026.07.20	01:00:00	0.69667	0.69713	0.69664	0.69707	226	0	0
2026.07.20	01:01:00	0.69707	0.69714	0.69699	0.69713	101	0	0
2026.07.20	01:02:00	0.69713	0.69731	0.69699	0.69702	133	0	0
2026.07.20	01:03:00	0.69702	0.69713	0.69701	0.69701	77	0	0
2026.07.20	01:04:00	0.69701	0.69711	0.69699	0.69703	103	0	0
2026.07.20	01:05:00	0.69703	0.69717	0.69703	0.69707	86	0	0
2026.07.20	01:06:00	0.69707	0.69713	0.69706	0.69708	93	0	0
2026.07.20	01:07:00	0.69708	0.69713	0.69706	0.69710	63	0	0
2026.07.20	01:08:00	0.69710	0.69715	0.69701	0.69707	61	0	0
2026.07.20	01:09:00	0.69707	0.69717	0.69706	0.69717	44	0	0
2026.07.20	01:10:00	0.69717	0.69718	0.69710	0.69717	104	0	0
2026.07.20	01:11:00	0.69717	0.69723	0.69713	0.69719	78	0	0
2026.07.20	01:12:00	0.69720	0.69726	0.69715	0.69726	73	0	0
2026.07.20	01:13:00	0.69726	0.69732	0.69725	0.69726	60	0	0
2026.07.20	01:14:00	0.69726	0.69733	0.69720	0.69723	90	0	0
2026.07.20	01:15:00	0.69723	0.69738	0.69723	0.69729	139	0	0
2026.07.20	01:16:00	0.69729	0.69742	0.69728	0.69737	119	0	0
2026.07.20	01:17:00	0.69737	0.69737	0.69707	0.69712	142	0	0
2026.07.20	01:18:00	0.69712	0.69712	0.69697	0.69710	136	0	0
2026.07.20	01:19:00	0.69710	0.69725	0.69707	0.69724	167	0	0
2026.07.20	01:20:00	0.69724	0.69740	0.69720	0.69736	119	0	0
2026.07.20	01:21:00	0.69736	0.69741	0.69720	0.69728	98	0	0
2026.07.20	01:22:00	0.69728	0.69732	0.69720	0.69725	69	0	0
2026.07.20	01:23:00	0.69725	0.69734	0.69724	0.69731	59	0	0
2026.07.20	01:24:00	0.69731	0.69731	0.69716	0.69719	99	0	0
2026.07.20	01:25:00	0.69719	0.69720	0.69705	0.69711	80	0	0
2026.07.20	01:26:00	0.69711	0.69715	0.69700	0.69711	104	0	0
2026.07.20	01:27:00	0.69711	0.69724	0.69709	0.69724	135	0	0
2026.07.20	01:28:00	0.69724	0.69736	0.69722	0.69733	87	0	0
2026.07.20	01:29:00	0.69733	0.69740	0.69730	0.69732	98	0	0
2026.07.20	01:30:00	0.69732	0.69743	0.69724	0.69736	136	0	0
2026.07.20	01:31:00	0.69736	0.69748	0.69736	0.69739	88	0	0
2026.07.20	01:32:00	0.69739	0.69750	0.69737	0.69743	123	0	0
2026.07.20	01:33:00	0.69743	0.69753	0.69743	0.69751	89	0	0
2026.07.20	01:34:00	0.69751	0.69760	0.69745	0.69747	66	0	0
2026.07.20	01:35:00	0.69747	0.69755	0.69747	0.69752	80	0	0
2026.07.20	01:36:00	0.69752	0.69756	0.69750	0.69754	73	0	0
2026.07.20	01:37:00	0.69754	0.69756	0.69749	0.69752	48	0	0
2026.07.20	01:38:00	0.69752	0.69753	0.69747	0.69749	53	0	0
2026.07.20	01:39:00	0.69749	0.69751	0.69747	0.69747	34	0	0
2026.07.20	01:40:00	0.69747	0.69750	0.69745	0.69748	74	0	0
2026.07.20	01:41:00	0.69748	0.69765	0.69748	0.69762	80	0	0
2026.07.20	01:42:00	0.69762	0.69767	0.69760	0.69764	43	0	0
2026.07.20	01:43:00	0.69764	0.69769	0.69762	0.69767	51	0	0
2026.07.20	01:44:00	0.69766	0.69772	0.69760	0.69769	83	0	0
2026.07.20	01:45:00	0.69769	0.69770	0.69764	0.69766	70	0	0
2026.07.20	01:46:00	0.69765	0.69768	0.69756	0.69758	83	0	0
2026.07.20	01:47:00	0.69758	0.69761	0.69752	0.69753	68	0	0
2026.07.20	01:48:00	0.69753	0.69757	0.69752	0.69754	50	0	0
2026.07.20	01:49:00	0.69754	0.69757	0.69752	0.69752	43	0	0
2026.07.20	01:50:00	0.69752	0.69752	0.69746	0.69749	48	0	0
2026.07.20	01:51:00	0.69749	0.69755	0.69748	0.69755	92	0	0
2026.07.20	01:52:00	0.69755	0.69755	0.69745	0.69748	97	0	0
2026.07.20	01:53:00	0.69748	0.69750	0.69746	0.69749	77	0	0
2026.07.20	01:54:00	0.69749	0.69754	0.69745	0.69750	91	0	0
2026.07.20	01:55:00	0.69750	0.69757	0.69750	0.69754	94	0	0
2026.07.20	01:56:00	0.69754	0.69757	0.69744	0.69746	71	0	0
2026.07.20	01:57:00	0.69745	0.69759	0.69744	0.69755	71	0	0
2026.07.20	01:58:00	0.69755	0.69756	0.69751	0.69754	110	0	0
2026.07.20	01:59:00	0.69754	0.69756	0.69750	0.69750	62	0	0
2026.07.20	02:00:00	0.69750	0.69760	0.69750	0.69754	158	0	0
2026.07.20	02:01:00	0.69754	0.69761	0.69753	0.69757	143	0	0
2026.07.20	02:02:00	0.69757	0.69763	0.69751	0.69752	97	0	0
2026.07.20	02:03:00	0.69752	0.69754	0.69749	0.69749	58	0	0
2026.07.20	02:04:00	0.69749	0.69754	0.69747	0.69752	99	0	0
2026.07.20	02:05:00	0.69752	0.69759	0.69749	0.69756	129	0	0
2026.07.20	02:06:00	0.69756	0.69764	0.69756	0.69760	128	0	0
2026.07.20	02:07:00	0.69760	0.69761	0.69756	0.69760	64	0	0
2026.07.20	02:08:00	0.69760	0.69766	0.69757	0.69759	54	0	0
2026.07.20	02:09:00	0.69758	0.69770	0.69758	0.69770	39	0	0
2026.07.20	02:10:00	0.69770	0.69770	0.69765	0.69767	45	0	0
2026.07.20	02:11:00	0.69766	0.69775	0.69766	0.69774	45	0	0
2026.07.20	02:12:00	0.69773	0.69776	0.69772	0.69774	26	0	0
2026.07.20	02:13:00	0.69774	0.69776	0.69765	0.69766	39	0	0
2026.07.20	02:14:00	0.69766	0.69770	0.69762	0.69765	62	0	0
2026.07.20	02:15:00	0.69764	0.69770	0.69764	0.69770	43	0	0
2026.07.20	02:16:00	0.69770	0.69770	0.69765	0.69765	62	0	0
2026.07.20	02:17:00	0.69765	0.69773	0.69765	0.69769	85	0	0
2026.07.20	02:18:00	0.69770	0.69771	0.69765	0.69765	67	0	0
2026.07.20	02:19:00	0.69766	0.69769	0.69761	0.69765	67	0	0
2026.07.20	02:20:00	0.69765	0.69766	0.69761	0.69765	51	0	0
2026.07.20	02:21:00	0.69765	0.69766	0.69761	0.69765	38	0	0
2026.07.20	02:22:00	0.69765	0.69769	0.69763	0.69766	99	0	0
2026.07.20	02:23:00	0.69766	0.69767	0.69752	0.69755	61	0	0
2026.07.20	02:24:00	0.69755	0.69763	0.69755	0.69762	75	0	0
2026.07.20	02:25:00	0.69762	0.69770	0.69761	0.69768	53	0	0
2026.07.20	02:26:00	0.69769	0.69770	0.69762	0.69763	35	0	0
2026.07.20	02:27:00	0.69763	0.69767	0.69762	0.69765	58	0	0
2026.07.20	02:28:00	0.69763	0.69772	0.69763	0.69771	68	0	0
2026.07.20	02:29:00	0.69771	0.69774	0.69767	0.69767	97	0	0
2026.07.20	02:30:00	0.69767	0.69769	0.69765	0.69766	47	0	0
2026.07.20	02:31:00	0.69766	0.69769	0.69766	0.69768	27	0	0
2026.07.20	02:32:00	0.69768	0.69769	0.69765	0.69768	42	0	0
2026.07.20	02:33:00	0.69768	0.69769	0.69763	0.69764	52	0	0
2026.07.20	02:34:00	0.69764	0.69765	0.69760	0.69764	46	0	0
2026.07.20	02:35:00	0.69764	0.69767	0.69757	0.69760	79	0	0
2026.07.20	02:36:00	0.69760	0.69760	0.69740	0.69746	54	0	0
2026.07.20	02:37:00	0.69746	0.69754	0.69744	0.69747	112	0	0
2026.07.20	02:38:00	0.69747	0.69750	0.69735	0.69739	62	0	0
2026.07.20	02:39:00	0.69739	0.69746	0.69737	0.69739	93	0	0
2026.07.20	02:40:00	0.69739	0.69754	0.69739	0.69753	77	0	0
2026.07.20	02:41:00	0.69753	0.69760	0.69753	0.69759	85	0	0
2026.07.20	02:42:00	0.69759	0.69774	0.69756	0.69774	89	0	0
2026.07.20	02:43:00	0.69774	0.69783	0.69772	0.69783	89	0	0
2026.07.20	02:44:00	0.69783	0.69785	0.69779	0.69781	53	0	0
2026.07.20	02:45:00	0.69781	0.69783	0.69767	0.69769	162	0	0
2026.07.20	02:46:00	0.69769	0.69771	0.69764	0.69767	172	0	0
2026.07.20	02:47:00	0.69768	0.69770	0.69762	0.69765	122	0	0
2026.07.20	02:48:00	0.69765	0.69773	0.69763	0.69769	154	0	0
2026.07.20	02:49:00	0.69769	0.69772	0.69766	0.69766	120	0	0
2026.07.20	02:50:00	0.69766	0.69773	0.69766	0.69769	148	0	0
2026.07.20	02:51:00	0.69769	0.69773	0.69763	0.69766	175	0	0
2026.07.20	02:52:00	0.69766	0.69771	0.69764	0.69766	141	0	0
2026.07.20	02:53:00	0.69766	0.69772	0.69759	0.69760	114	0	0
2026.07.20	02:54:00	0.69760	0.69762	0.69753	0.69753	138	0	0
2026.07.20	02:55:00	0.69753	0.69765	0.69753	0.69763	229	0	0
2026.07.20	02:56:00	0.69763	0.69776	0.69762	0.69771	145	0	0
2026.07.20	02:57:00	0.69771	0.69775	0.69766	0.69773	151	0	0
2026.07.20	02:58:00	0.69773	0.69778	0.69769	0.69775	143	0	0
2026.07.20	02:59:00	0.69775	0.69789	0.69774	0.69789	144	0	0
2026.07.20	03:00:00	0.69789	0.69793	0.69767	0.69772	284	0	0
2026.07.20	03:01:00	0.69772	0.69774	0.69760	0.69761	274	0	0
2026.07.20	03:02:00	0.69760	0.69771	0.69746	0.69766	304	0	0
2026.07.20	03:03:00	0.69766	0.69784	0.69766	0.69780	240	0	0
2026.07.20	03:04:00	0.69780	0.69795	0.69777	0.69791	222	0	0
2026.07.20	03:05:00	0.69791	0.69798	0.69786	0.69794	214	0	0
2026.07.20	03:06:00	0.69794	0.69803	0.69792	0.69796	203	0	0
2026.07.20	03:07:00	0.69796	0.69804	0.69791	0.69796	197	0	0
2026.07.20	03:08:00	0.69796	0.69814	0.69795	0.69813	227	0	0
2026.07.20	03:09:00	0.69813	0.69815	0.69805	0.69807	150	0	0
2026.07.20	03:10:00	0.69807	0.69814	0.69806	0.69809	173	0	0
2026.07.20	03:11:00	0.69809	0.69832	0.69808	0.69826	256	0	0
2026.07.20	03:12:00	0.69826	0.69828	0.69816	0.69817	175	0	0
2026.07.20	03:13:00	0.69819	0.69829	0.69817	0.69826	232	0	0
2026.07.20	03:14:00	0.69826	0.69830	0.69817	0.69819	166	0	0
2026.07.20	03:15:00	0.69820	0.69836	0.69820	0.69835	279	0	0
2026.07.20	03:16:00	0.69835	0.69845	0.69831	0.69841	160	0	0
2026.07.20	03:17:00	0.69841	0.69852	0.69840	0.69841	207	0	0
2026.07.20	03:18:00	0.69841	0.69844	0.69836	0.69840	148	0	0
2026.07.20	03:19:00	0.69840	0.69854	0.69839	0.69851	130	0	0
2026.07.20	03:20:00	0.69852	0.69852	0.69842	0.69845	163	0	0
2026.07.20	03:21:00	0.69845	0.69854	0.69845	0.69847	161	0	0
2026.07.20	03:22:00	0.69847	0.69848	0.69836	0.69840	130	0	0
2026.07.20	03:23:00	0.69840	0.69857	0.69839	0.69855	231	0	0
2026.07.20	03:24:00	0.69855	0.69859	0.69843	0.69852	202	0	0
2026.07.20	03:25:00	0.69852	0.69857	0.69847	0.69850	142	0	0
2026.07.20	03:26:00	0.69850	0.69854	0.69845	0.69845	147	0	0
2026.07.20	03:27:00	0.69846	0.69849	0.69840	0.69845	172	0	0
2026.07.20	03:28:00	0.69845	0.69852	0.69843	0.69850	179	0	0
2026.07.20	03:29:00	0.69850	0.69853	0.69841	0.69847	191	0	0
2026.07.20	03:30:00	0.69847	0.69850	0.69825	0.69828	204	0	0
2026.07.20	03:31:00	0.69827	0.69839	0.69826	0.69833	192	0	0
2026.07.20	03:32:00	0.69833	0.69836	0.69826	0.69830	187	0	0
2026.07.20	03:33:00	0.69830	0.69833	0.69825	0.69831	158	0	0
2026.07.20	03:34:00	0.69831	0.69837	0.69827	0.69830	242	0	0
2026.07.20	03:35:00	0.69830	0.69844	0.69825	0.69840	206	0	0
2026.07.20	03:36:00	0.69840	0.69840	0.69827	0.69836	226	0	0
2026.07.20	03:37:00	0.69836	0.69840	0.69829	0.69840	154	0	0
2026.07.20	03:38:00	0.69840	0.69846	0.69835	0.69845	104	0	0
2026.07.20	03:39:00	0.69845	0.69851	0.69842	0.69843	183	0	0
2026.07.20	03:40:00	0.69842	0.69852	0.69841	0.69849	217	0	0
2026.07.20	03:41:00	0.69849	0.69851	0.69845	0.69845	212	0	0
2026.07.20	03:42:00	0.69846	0.69857	0.69845	0.69850	177	0	0
2026.07.20	03:43:00	0.69850	0.69854	0.69844	0.69846	183	0	0
2026.07.20	03:44:00	0.69846	0.69850	0.69835	0.69838	127	0	0
2026.07.20	03:45:00	0.69838	0.69840	0.69829	0.69837	283	0	0
2026.07.20	03:46:00	0.69837	0.69840	0.69827	0.69839	258	0	0
2026.07.20	03:47:00	0.69839	0.69840	0.69828	0.69829	186	0	0
2026.07.20	03:48:00	0.69831	0.69834	0.69827	0.69830	145	0	0
2026.07.20	03:49:00	0.69830	0.69835	0.69829	0.69832	136	0	0
2026.07.20	03:50:00	0.69831	0.69839	0.69829	0.69830	180	0	0
2026.07.20	03:51:00	0.69830	0.69836	0.69827	0.69835	180	0	0
2026.07.20	03:52:00	0.69835	0.69836	0.69829	0.69831	154	0	0
2026.07.20	03:53:00	0.69831	0.69840	0.69830	0.69831	204	0	0
2026.07.20	03:54:00	0.69831	0.69844	0.69830	0.69838	231	0	0
2026.07.20	03:55:00	0.69838	0.69849	0.69837	0.69846	181	0	0
2026.07.20	03:56:00	0.69845	0.69849	0.69840	0.69844	105	0	0
2026.07.20	03:57:00	0.69844	0.69846	0.69836	0.69842	231	0	0
2026.07.20	03:58:00	0.69842	0.69844	0.69835	0.69837	161	0	0
2026.07.20	03:59:00	0.69837	0.69849	0.69837	0.69846	256	0	0
2026.07.20	04:00:00	0.69846	0.69868	0.69846	0.69865	385	0	0
2026.07.20	04:01:00	0.69865	0.69870	0.69855	0.69862	310	0	0
2026.07.20	04:02:00	0.69862	0.69870	0.69856	0.69865	312	0	0
2026.07.20	04:03:00	0.69865	0.69871	0.69862	0.69868	248	0	0
2026.07.20	04:04:00	0.69868	0.69872	0.69862	0.69867	292	0	0
2026.07.20	04:05:00	0.69868	0.69878	0.69863	0.69877	253	0	0
2026.07.20	04:06:00	0.69877	0.69884	0.69870	0.69884	220	0	0
2026.07.20	04:07:00	0.69884	0.69889	0.69876	0.69879	237	0	0
2026.07.20	04:08:00	0.69879	0.69882	0.69868	0.69877	223	0	0
2026.07.20	04:09:00	0.69877	0.69889	0.69875	0.69888	229	0	0
2026.07.20	04:10:00	0.69887	0.69899	0.69884	0.69899	233	0	0
2026.07.20	04:11:00	0.69900	0.69900	0.69875	0.69876	195	0	0
2026.07.20	04:12:00	0.69876	0.69879	0.69863	0.69865	248	0	0
2026.07.20	04:13:00	0.69865	0.69867	0.69860	0.69863	251	0	0
2026.07.20	04:14:00	0.69863	0.69864	0.69845	0.69851	206	0	0
2026.07.20	04:15:00	0.69851	0.69859	0.69845	0.69855	357	0	0
2026.07.20	04:16:00	0.69855	0.69867	0.69855	0.69863	360	0	0
2026.07.20	04:17:00	0.69862	0.69868	0.69860	0.69864	244	0	0
2026.07.20	04:18:00	0.69864	0.69869	0.69856	0.69860	186	0	0
2026.07.20	04:19:00	0.69860	0.69865	0.69857	0.69859	218	0	0
2026.07.20	04:20:00	0.69859	0.69860	0.69851	0.69859	248	0	0
2026.07.20	04:21:00	0.69859	0.69861	0.69852	0.69859	256	0	0
2026.07.20	04:22:00	0.69859	0.69871	0.69859	0.69869	192	0	0
2026.07.20	04:23:00	0.69870	0.69872	0.69865	0.69867	175	0	0
2026.07.20	04:24:00	0.69867	0.69878	0.69866	0.69874	272	0	0
2026.07.20	04:25:00	0.69874	0.69883	0.69870	0.69880	207	0	0
2026.07.20	04:26:00	0.69880	0.69884	0.69875	0.69881	147	0	0
2026.07.20	04:27:00	0.69880	0.69885	0.69867	0.69869	191	0	0
2026.07.20	04:28:00	0.69869	0.69874	0.69862	0.69864	189	0	0
2026.07.20	04:29:00	0.69863	0.69874	0.69863	0.69873	183	0	0
2026.07.20	04:30:00	0.69873	0.69879	0.69869	0.69872	316	0	0
2026.07.20	04:31:00	0.69871	0.69877	0.69861	0.69873	266	0	0
2026.07.20	04:32:00	0.69872	0.69885	0.69870	0.69883	245	0	0
2026.07.20	04:33:00	0.69883	0.69890	0.69876	0.69882	247	0	0
2026.07.20	04:34:00	0.69881	0.69884	0.69877	0.69883	175	0	0
2026.07.20	04:35:00	0.69883	0.69883	0.69870	0.69872	151	0	0
2026.07.20	04:36:00	0.69872	0.69878	0.69863	0.69869	220	0	0
2026.07.20	04:37:00	0.69869	0.69880	0.69869	0.69876	187	0	0
2026.07.20	04:38:00	0.69876	0.69881	0.69872	0.69873	213	0	0
2026.07.20	04:39:00	0.69872	0.69879	0.69871	0.69878	172	0	0
2026.07.20	04:40:00	0.69879	0.69880	0.69873	0.69877	179	0	0
2026.07.20	04:41:00	0.69877	0.69886	0.69875	0.69876	158	0	0
2026.07.20	04:42:00	0.69876	0.69876	0.69865	0.69872	236	0	0
2026.07.20	04:43:00	0.69871	0.69871	0.69852	0.69857	244	0	0
2026.07.20	04:44:00	0.69857	0.69865	0.69851	0.69863	256	0	0
2026.07.20	04:45:00	0.69863	0.69876	0.69863	0.69869	207	0	0
2026.07.20	04:46:00	0.69870	0.69874	0.69865	0.69866	214	0	0
2026.07.20	04:47:00	0.69866	0.69868	0.69862	0.69864	162	0	0
2026.07.20	04:48:00	0.69864	0.69876	0.69860	0.69876	192	0	0
2026.07.20	04:49:00	0.69875	0.69882	0.69872	0.69877	173	0	0
2026.07.20	04:50:00	0.69877	0.69883	0.69871	0.69873	151	0	0
2026.07.20	04:51:00	0.69873	0.69875	0.69862	0.69863	183	0	0
2026.07.20	04:52:00	0.69863	0.69870	0.69862	0.69868	170	0	0
2026.07.20	04:53:00	0.69868	0.69872	0.69862	0.69862	235	0	0
2026.07.20	04:54:00	0.69862	0.69868	0.69856	0.69858	172	0	0
2026.07.20	04:55:00	0.69858	0.69869	0.69855	0.69862	194	0	0
2026.07.20	04:56:00	0.69862	0.69870	0.69861	0.69868	165	0	0
2026.07.20	04:57:00	0.69866	0.69880	0.69861	0.69874	187	0	0
2026.07.20	04:58:00	0.69874	0.69880	0.69872	0.69880	209	0	0
2026.07.20	04:59:00	0.69879	0.69886	0.69876	0.69880	197	0	0
2026.07.20	05:00:00	0.69880	0.69891	0.69873	0.69878	233	0	0
2026.07.20	05:01:00	0.69878	0.69893	0.69877	0.69882	226	0	0
2026.07.20	05:02:00	0.69882	0.69905	0.69881	0.69903	235	0	0
2026.07.20	05:03:00	0.69903	0.69906	0.69892	0.69892	207	0	0
2026.07.20	05:04:00	0.69893	0.69902	0.69892	0.69899	152	0	0
2026.07.20	05:05:00	0.69899	0.69909	0.69895	0.69902	253	0	0
2026.07.20	05:06:00	0.69902	0.69914	0.69901	0.69908	180	0	0
2026.07.20	05:07:00	0.69908	0.69911	0.69900	0.69906	173	0	0
2026.07.20	05:08:00	0.69906	0.69917	0.69901	0.69910	296	0	0
2026.07.20	05:09:00	0.69910	0.69915	0.69903	0.69909	203	0	0
2026.07.20	05:10:00	0.69909	0.69911	0.69899	0.69899	172	0	0
2026.07.20	05:11:00	0.69899	0.69920	0.69896	0.69912	236	0	0
2026.07.20	05:12:00	0.69912	0.69917	0.69909	0.69909	111	0	0
2026.07.20	05:13:00	0.69908	0.69910	0.69906	0.69908	125	0	0
2026.07.20	05:14:00	0.69907	0.69914	0.69906	0.69908	112	0	0
2026.07.20	05:15:00	0.69908	0.69910	0.69901	0.69903	127	0	0
2026.07.20	05:16:00	0.69904	0.69908	0.69900	0.69908	135	0	0
2026.07.20	05:17:00	0.69908	0.69909	0.69902	0.69907	117	0	0
2026.07.20	05:18:00	0.69907	0.69908	0.69893	0.69893	73	0	0
2026.07.20	05:19:00	0.69894	0.69897	0.69890	0.69893	103	0	0
2026.07.20	05:20:00	0.69893	0.69899	0.69884	0.69885	151	0	0
2026.07.20	05:21:00	0.69885	0.69896	0.69885	0.69892	138	0	0
2026.07.20	05:22:00	0.69893	0.69898	0.69891	0.69896	129	0	0
2026.07.20	05:23:00	0.69896	0.69896	0.69885	0.69887	127	0	0
2026.07.20	05:24:00	0.69887	0.69890	0.69885	0.69886	144	0	0
2026.07.20	05:25:00	0.69886	0.69892	0.69875	0.69880	183	0	0
2026.07.20	05:26:00	0.69880	0.69882	0.69876	0.69878	179	0	0
2026.07.20	05:27:00	0.69878	0.69887	0.69875	0.69886	218	0	0
2026.07.20	05:28:00	0.69886	0.69898	0.69884	0.69895	215	0	0
2026.07.20	05:29:00	0.69896	0.69900	0.69893	0.69893	218	0	0
2026.07.20	05:30:00	0.69892	0.69897	0.69886	0.69894	239	0	0
2026.07.20	05:31:00	0.69894	0.69896	0.69889	0.69893	165	0	0
2026.07.20	05:32:00	0.69895	0.69910	0.69892	0.69910	219	0	0
2026.07.20	05:33:00	0.69910	0.69920	0.69900	0.69900	177	0	0
2026.07.20	05:34:00	0.69900	0.69912	0.69897	0.69908	193	0	0
2026.07.20	05:35:00	0.69908	0.69916	0.69903	0.69910	235	0	0
2026.07.20	05:36:00	0.69910	0.69915	0.69907	0.69910	160	0	0
2026.07.20	05:37:00	0.69909	0.69915	0.69902	0.69903	195	0	0
2026.07.20	05:38:00	0.69903	0.69917	0.69903	0.69915	205	0	0
2026.07.20	05:39:00	0.69915	0.69920	0.69910	0.69917	197	0	0
2026.07.20	05:40:00	0.69917	0.69925	0.69911	0.69924	171	0	0
2026.07.20	05:41:00	0.69923	0.69939	0.69921	0.69936	314	0	0
2026.07.20	05:42:00	0.69936	0.69954	0.69931	0.69945	248	0	0
2026.07.20	05:43:00	0.69945	0.69950	0.69942	0.69950	253	0	0
2026.07.20	05:44:00	0.69951	0.69951	0.69935	0.69937	201	0	0
2026.07.20	05:45:00	0.69937	0.69946	0.69933	0.69940	176	0	0
2026.07.20	05:46:00	0.69940	0.69944	0.69928	0.69931	194	0	0
2026.07.20	05:47:00	0.69931	0.69932	0.69923	0.69931	147	0	0
2026.07.20	05:48:00	0.69931	0.69940	0.69930	0.69936	208	0	0
2026.07.20	05:49:00	0.69936	0.69940	0.69933	0.69939	131	0	0
2026.07.20	05:50:00	0.69939	0.69941	0.69935	0.69936	103	0	0
2026.07.20	05:51:00	0.69936	0.69940	0.69927	0.69930	93	0	0
2026.07.20	05:52:00	0.69930	0.69935	0.69929	0.69932	89	0	0
2026.07.20	05:53:00	0.69932	0.69941	0.69932	0.69937	148	0	0
2026.07.20	05:54:00	0.69937	0.69940	0.69932	0.69934	113	0	0
2026.07.20	05:55:00	0.69934	0.69935	0.69926	0.69926	98	0	0
2026.07.20	05:56:00	0.69926	0.69937	0.69926	0.69936	181	0	0
2026.07.20	05:57:00	0.69936	0.69936	0.69927	0.69927	132	0	0
2026.07.20	05:58:00	0.69927	0.69932	0.69926	0.69927	80	0	0
2026.07.20	05:59:00	0.69927	0.69929	0.69918	0.69922	93	0	0
2026.07.20	06:00:00	0.69922	0.69930	0.69920	0.69927	118	0	0
2026.07.20	06:01:00	0.69926	0.69927	0.69921	0.69922	118	0	0
2026.07.20	06:02:00	0.69922	0.69925	0.69914	0.69919	122	0	0
2026.07.20	06:03:00	0.69918	0.69919	0.69909	0.69911	103	0	0
2026.07.20	06:04:00	0.69910	0.69919	0.69902	0.69917	134	0	0
2026.07.20	06:05:00	0.69917	0.69919	0.69905	0.69907	133	0	0
2026.07.20	06:06:00	0.69908	0.69908	0.69897	0.69897	104	0	0
2026.07.20	06:07:00	0.69897	0.69901	0.69897	0.69899	126	0	0
2026.07.20	06:08:00	0.69899	0.69901	0.69896	0.69898	89	0	0
2026.07.20	06:09:00	0.69898	0.69905	0.69897	0.69897	112	0	0
2026.07.20	06:10:00	0.69897	0.69905	0.69897	0.69905	93	0	0
2026.07.20	06:11:00	0.69903	0.69905	0.69899	0.69902	94	0	0
2026.07.20	06:12:00	0.69901	0.69904	0.69896	0.69901	120	0	0
2026.07.20	06:13:00	0.69901	0.69910	0.69900	0.69902	162	0	0
2026.07.20	06:14:00	0.69902	0.69909	0.69901	0.69906	125	0	0
2026.07.20	06:15:00	0.69906	0.69914	0.69903	0.69911	140	0	0
2026.07.20	06:16:00	0.69911	0.69917	0.69906	0.69915	146	0	0
2026.07.20	06:17:00	0.69914	0.69918	0.69908	0.69915	153	0	0
2026.07.20	06:18:00	0.69915	0.69917	0.69906	0.69916	169	0	0
2026.07.20	06:19:00	0.69916	0.69920	0.69912	0.69916	234	0	0
2026.07.20	06:20:00	0.69916	0.69923	0.69916	0.69921	169	0	0
2026.07.20	06:21:00	0.69921	0.69927	0.69917	0.69926	199	0	0
2026.07.20	06:22:00	0.69927	0.69930	0.69920	0.69926	136	0	0
2026.07.20	06:23:00	0.69925	0.69928	0.69916	0.69917	193	0	0
2026.07.20	06:24:00	0.69917	0.69927	0.69916	0.69923	189	0	0
2026.07.20	06:25:00	0.69923	0.69926	0.69920	0.69922	173	0	0
2026.07.20	06:26:00	0.69922	0.69925	0.69916	0.69917	142	0	0
2026.07.20	06:27:00	0.69917	0.69920	0.69913	0.69920	202	0	0
2026.07.20	06:28:00	0.69920	0.69926	0.69915	0.69925	164	0	0
2026.07.20	06:29:00	0.69925	0.69929	0.69922	0.69926	150	0	0
2026.07.20	06:30:00	0.69926	0.69927	0.69920	0.69925	175	0	0
2026.07.20	06:31:00	0.69925	0.69934	0.69923	0.69928	161	0	0
2026.07.20	06:32:00	0.69928	0.69935	0.69925	0.69925	124	0	0
2026.07.20	06:33:00	0.69924	0.69936	0.69924	0.69931	132	0	0
2026.07.20	06:34:00	0.69931	0.69935	0.69930	0.69933	177	0	0
2026.07.20	06:35:00	0.69931	0.69933	0.69914	0.69917	275	0	0
2026.07.20	06:36:00	0.69915	0.69928	0.69913	0.69927	181	0	0
2026.07.20	06:37:00	0.69927	0.69933	0.69922	0.69928	167	0	0
2026.07.20	06:38:00	0.69930	0.69932	0.69925	0.69926	177	0	0
2026.07.20	06:39:00	0.69926	0.69932	0.69926	0.69930	164	0	0
2026.07.20	06:40:00	0.69928	0.69931	0.69924	0.69925	89	0	0
2026.07.20	06:41:00	0.69925	0.69932	0.69925	0.69930	194	0	0
2026.07.20	06:42:00	0.69930	0.69943	0.69927	0.69941	181	0	0
2026.07.20	06:43:00	0.69941	0.69943	0.69937	0.69939	269	0	0
2026.07.20	06:44:00	0.69940	0.69942	0.69934	0.69935	193	0	0
2026.07.20	06:45:00	0.69935	0.69939	0.69932	0.69935	162	0	0
2026.07.20	06:46:00	0.69936	0.69938	0.69931	0.69935	125	0	0
2026.07.20	06:47:00	0.69935	0.69939	0.69932	0.69936	142	0	0
2026.07.20	06:48:00	0.69936	0.69939	0.69935	0.69937	126	0	0
2026.07.20	06:49:00	0.69937	0.69939	0.69934	0.69935	90	0	0
2026.07.20	06:50:00	0.69935	0.69944	0.69932	0.69941	61	0	0
2026.07.20	06:51:00	0.69941	0.69941	0.69937	0.69938	74	0	0
2026.07.20	06:52:00	0.69938	0.69945	0.69937	0.69943	87	0	0
2026.07.20	06:53:00	0.69943	0.69949	0.69941	0.69947	60	0	0
2026.07.20	06:54:00	0.69947	0.69949	0.69941	0.69945	103	0	0
2026.07.20	06:55:00	0.69946	0.69947	0.69933	0.69935	166	0	0
2026.07.20	06:56:00	0.69933	0.69939	0.69931	0.69933	109	0	0
2026.07.20	06:57:00	0.69933	0.69938	0.69931	0.69936	97	0	0
2026.07.20	06:58:00	0.69935	0.69938	0.69932	0.69936	83	0	0
2026.07.20	06:59:00	0.69936	0.69937	0.69931	0.69935	109	0	0
2026.07.20	07:00:00	0.69935	0.69943	0.69935	0.69941	195	0	0
2026.07.20	07:01:00	0.69940	0.69947	0.69938	0.69940	211	0	0
2026.07.20	07:02:00	0.69941	0.69945	0.69940	0.69941	113	0	0
2026.07.20	07:03:00	0.69941	0.69944	0.69939	0.69941	85	0	0
2026.07.20	07:04:00	0.69941	0.69947	0.69940	0.69944	99	0	0
2026.07.20	07:05:00	0.69944	0.69947	0.69940	0.69944	136	0	0
2026.07.20	07:06:00	0.69944	0.69946	0.69937	0.69937	108	0	0
2026.07.20	07:07:00	0.69937	0.69939	0.69932	0.69939	98	0	0
2026.07.20	07:08:00	0.69939	0.69946	0.69935	0.69945	112	0	0
2026.07.20	07:09:00	0.69945	0.69948	0.69942	0.69947	99	0	0
2026.07.20	07:10:00	0.69947	0.69951	0.69941	0.69947	99	0	0
2026.07.20	07:11:00	0.69949	0.69951	0.69946	0.69948	104	0	0
2026.07.20	07:12:00	0.69948	0.69952	0.69946	0.69947	90	0	0
2026.07.20	07:13:00	0.69947	0.69954	0.69943	0.69944	150	0	0
2026.07.20	07:14:00	0.69944	0.69954	0.69942	0.69951	109	0	0
2026.07.20	07:15:00	0.69951	0.69960	0.69951	0.69959	179	0	0
2026.07.20	07:16:00	0.69959	0.69960	0.69947	0.69952	125	0	0
2026.07.20	07:17:00	0.69952	0.69955	0.69943	0.69946	133	0	0
2026.07.20	07:18:00	0.69946	0.69954	0.69946	0.69952	164	0	0
2026.07.20	07:19:00	0.69952	0.69952	0.69947	0.69949	120	0	0
2026.07.20	07:20:00	0.69949	0.69964	0.69949	0.69960	149	0	0
2026.07.20	07:21:00	0.69960	0.69963	0.69956	0.69961	123	0	0
2026.07.20	07:22:00	0.69961	0.69965	0.69956	0.69957	130	0	0
2026.07.20	07:23:00	0.69957	0.69965	0.69957	0.69962	73	0	0
2026.07.20	07:24:00	0.69963	0.69966	0.69961	0.69963	83	0	0
2026.07.20	07:25:00	0.69963	0.69971	0.69962	0.69968	109	0	0
2026.07.20	07:26:00	0.69968	0.69976	0.69964	0.69975	91	0	0
2026.07.20	07:27:00	0.69975	0.69980	0.69972	0.69977	85	0	0
2026.07.20	07:28:00	0.69977	0.69980	0.69974	0.69976	100	0	0
2026.07.20	07:29:00	0.69976	0.69980	0.69974	0.69977	79	0	0
2026.07.20	07:30:00	0.69977	0.69979	0.69967	0.69970	88	0	0
2026.07.20	07:31:00	0.69970	0.69975	0.69969	0.69975	72	0	0
2026.07.20	07:32:00	0.69972	0.69977	0.69971	0.69974	121	0	0
2026.07.20	07:33:00	0.69975	0.69981	0.69973	0.69975	109	0	0
2026.07.20	07:34:00	0.69975	0.69984	0.69973	0.69979	132	0	0
2026.07.20	07:35:00	0.69979	0.69982	0.69977	0.69980	96	0	0
2026.07.20	07:36:00	0.69980	0.69985	0.69977	0.69985	97	0	0
2026.07.20	07:37:00	0.69985	0.69985	0.69978	0.69979	122	0	0
2026.07.20	07:38:00	0.69979	0.69986	0.69978	0.69985	133	0	0
2026.07.20	07:39:00	0.69985	0.69988	0.69983	0.69985	88	0	0
2026.07.20	07:40:00	0.69985	0.69988	0.69983	0.69985	110	0	0
2026.07.20	07:41:00	0.69985	0.69988	0.69982	0.69985	100	0	0
2026.07.20	07:42:00	0.69985	0.69993	0.69983	0.69988	130	0	0
2026.07.20	07:43:00	0.69988	0.69990	0.69983	0.69985	97	0	0
2026.07.20	07:44:00	0.69985	0.69990	0.69985	0.69988	72	0	0
2026.07.20	07:45:00	0.69988	0.69989	0.69982	0.69984	66	0	0
2026.07.20	07:46:00	0.69984	0.69986	0.69982	0.69983	101	0	0
2026.07.20	07:47:00	0.69983	0.69989	0.69982	0.69986	56	0	0
2026.07.20	07:48:00	0.69986	0.69987	0.69981	0.69982	87	0	0
2026.07.20	07:49:00	0.69984	0.69984	0.69979	0.69980	105	0	0
2026.07.20	07:50:00	0.69980	0.69985	0.69978	0.69979	107	0	0
2026.07.20	07:51:00	0.69979	0.69985	0.69979	0.69984	60	0	0
2026.07.20	07:52:00	0.69984	0.69987	0.69980	0.69983	138	0	0
2026.07.20	07:53:00	0.69983	0.69987	0.69981	0.69981	123	0	0
2026.07.20	07:54:00	0.69981	0.69983	0.69979	0.69981	122	0	0
2026.07.20	07:55:00	0.69981	0.69981	0.69971	0.69973	146	0	0
2026.07.20	07:56:00	0.69973	0.69976	0.69969	0.69973	123	0	0
2026.07.20	07:57:00	0.69973	0.69978	0.69966	0.69966	128	0	0
2026.07.20	07:58:00	0.69967	0.69970	0.69966	0.69970	60	0	0
2026.07.20	07:59:00	0.69970	0.69970	0.69966	0.69968	81	0	0
2026.07.20	08:00:00	0.69968	0.69974	0.69967	0.69971	253	0	0
2026.07.20	08:01:00	0.69971	0.69972	0.69956	0.69963	187	0	0
2026.07.20	08:02:00	0.69963	0.69965	0.69959	0.69960	119	0	0
2026.07.20	08:03:00	0.69960	0.69960	0.69956	0.69957	104	0	0
2026.07.20	08:04:00	0.69957	0.69961	0.69952	0.69954	110	0	0
2026.07.20	08:05:00	0.69954	0.69955	0.69951	0.69952	94	0	0
2026.07.20	08:06:00	0.69951	0.69954	0.69946	0.69953	114	0	0
2026.07.20	08:07:00	0.69953	0.69956	0.69950	0.69954	119	0	0
2026.07.20	08:08:00	0.69954	0.69955	0.69946	0.69948	121	0	0
2026.07.20	08:09:00	0.69948	0.69950	0.69937	0.69940	106	0	0
2026.07.20	08:10:00	0.69940	0.69942	0.69933	0.69933	133	0	0
2026.07.20	08:11:00	0.69933	0.69935	0.69918	0.69923	155	0	0
2026.07.20	08:12:00	0.69923	0.69925	0.69910	0.69913	159	0	0
2026.07.20	08:13:00	0.69913	0.69927	0.69912	0.69925	187	0	0
2026.07.20	08:14:00	0.69925	0.69935	0.69924	0.69932	148	0	0
2026.07.20	08:15:00	0.69932	0.69946	0.69929	0.69940	177	0	0
2026.07.20	08:16:00	0.69940	0.69942	0.69935	0.69937	217	0	0
2026.07.20	08:17:00	0.69937	0.69939	0.69931	0.69933	170	0	0
2026.07.20	08:18:00	0.69933	0.69937	0.69930	0.69931	161	0	0
2026.07.20	08:19:00	0.69931	0.69939	0.69931	0.69937	162	0	0
2026.07.20	08:20:00	0.69937	0.69939	0.69923	0.69924	189	0	0
2026.07.20	08:21:00	0.69924	0.69930	0.69923	0.69923	114	0	0
2026.07.20	08:22:00	0.69923	0.69936	0.69922	0.69936	121	0	0
2026.07.20	08:23:00	0.69936	0.69937	0.69930	0.69937	119	0	0
2026.07.20	08:24:00	0.69937	0.69940	0.69929	0.69936	151	0	0
2026.07.20	08:25:00	0.69936	0.69938	0.69924	0.69931	216	0	0
2026.07.20	08:26:00	0.69931	0.69931	0.69923	0.69926	137	0	0
2026.07.20	08:27:00	0.69926	0.69932	0.69922	0.69930	217	0	0
2026.07.20	08:28:00	0.69928	0.69931	0.69924	0.69927	88	0	0
2026.07.20	08:29:00	0.69927	0.69929	0.69922	0.69924	130	0	0
2026.07.20	08:30:00	0.69924	0.69926	0.69914	0.69921	174	0	0
2026.07.20	08:31:00	0.69921	0.69924	0.69914	0.69918	240	0	0
2026.07.20	08:32:00	0.69918	0.69922	0.69912	0.69913	170	0	0
2026.07.20	08:33:00	0.69913	0.69920	0.69912	0.69917	136	0	0
2026.07.20	08:34:00	0.69917	0.69920	0.69908	0.69912	150	0	0
2026.07.20	08:35:00	0.69912	0.69917	0.69911	0.69915	188	0	0
2026.07.20	08:36:00	0.69915	0.69921	0.69911	0.69913	145	0	0
2026.07.20	08:37:00	0.69913	0.69924	0.69912	0.69919	130	0	0
2026.07.20	08:38:00	0.69919	0.69926	0.69918	0.69923	96	0	0
2026.07.20	08:39:00	0.69923	0.69925	0.69916	0.69921	140	0	0
2026.07.20	08:40:00	0.69921	0.69930	0.69921	0.69927	126	0	0
2026.07.20	08:41:00	0.69927	0.69930	0.69923	0.69928	126	0	0
2026.07.20	08:42:00	0.69928	0.69928	0.69918	0.69918	160	0	0
2026.07.20	08:43:00	0.69918	0.69924	0.69918	0.69920	160	0	0
2026.07.20	08:44:00	0.69920	0.69925	0.69916	0.69918	155	0	0
2026.07.20	08:45:00	0.69918	0.69919	0.69914	0.69915	165	0	0
2026.07.20	08:46:00	0.69914	0.69916	0.69910	0.69911	142	0	0
2026.07.20	08:47:00	0.69911	0.69929	0.69910	0.69928	178	0	0
2026.07.20	08:48:00	0.69928	0.69930	0.69923	0.69925	156	0	0
2026.07.20	08:49:00	0.69925	0.69926	0.69920	0.69921	133	0	0
2026.07.20	08:50:00	0.69921	0.69925	0.69918	0.69921	84	0	0
2026.07.20	08:51:00	0.69921	0.69922	0.69915	0.69917	177	0	0
2026.07.20	08:52:00	0.69917	0.69927	0.69914	0.69925	173	0	0
2026.07.20	08:53:00	0.69925	0.69928	0.69921	0.69924	157	0	0
2026.07.20	08:54:00	0.69924	0.69928	0.69922	0.69924	116	0	0
2026.07.20	08:55:00	0.69924	0.69925	0.69913	0.69920	188	0	0
2026.07.20	08:56:00	0.69920	0.69925	0.69917	0.69920	183	0	0
2026.07.20	08:57:00	0.69921	0.69921	0.69913	0.69913	152	0	0
2026.07.20	08:58:00	0.69913	0.69915	0.69905	0.69905	100	0	0
2026.07.20	08:59:00	0.69905	0.69909	0.69902	0.69909	111	0	0
2026.07.20	09:00:00	0.69909	0.69911	0.69903	0.69908	135	0	0
2026.07.20	09:01:00	0.69909	0.69916	0.69904	0.69907	243	0	0
2026.07.20	09:02:00	0.69909	0.69910	0.69901	0.69910	173	0	0
2026.07.20	09:03:00	0.69910	0.69915	0.69909	0.69911	159	0	0
2026.07.20	09:04:00	0.69911	0.69918	0.69910	0.69912	173	0	0
2026.07.20	09:05:00	0.69911	0.69913	0.69895	0.69901	199	0	0
2026.07.20	09:06:00	0.69901	0.69905	0.69897	0.69904	129	0	0
2026.07.20	09:07:00	0.69904	0.69910	0.69902	0.69905	140	0	0
2026.07.20	09:08:00	0.69904	0.69909	0.69897	0.69900	131	0	0
2026.07.20	09:09:00	0.69900	0.69904	0.69887	0.69889	163	0	0
2026.07.20	09:10:00	0.69889	0.69890	0.69875	0.69878	155	0	0
2026.07.20	09:11:00	0.69878	0.69884	0.69876	0.69876	119	0	0
2026.07.20	09:12:00	0.69876	0.69881	0.69874	0.69876	159	0	0
2026.07.20	09:13:00	0.69876	0.69877	0.69871	0.69873	89	0	0
2026.07.20	09:14:00	0.69873	0.69880	0.69873	0.69875	99	0	0
2026.07.20	09:15:00	0.69875	0.69880	0.69872	0.69879	116	0	0
2026.07.20	09:16:00	0.69879	0.69895	0.69876	0.69883	155	0	0
2026.07.20	09:17:00	0.69883	0.69886	0.69874	0.69878	117	0	0
2026.07.20	09:18:00	0.69879	0.69879	0.69871	0.69872	127	0	0
2026.07.20	09:19:00	0.69872	0.69880	0.69871	0.69878	109	0	0
2026.07.20	09:20:00	0.69878	0.69884	0.69874	0.69882	145	0	0
2026.07.20	09:21:00	0.69881	0.69883	0.69868	0.69869	104	0	0
2026.07.20	09:22:00	0.69869	0.69880	0.69867	0.69878	160	0	0
2026.07.20	09:23:00	0.69879	0.69880	0.69868	0.69868	133	0	0
2026.07.20	09:24:00	0.69868	0.69871	0.69858	0.69858	124	0	0
2026.07.20	09:25:00	0.69858	0.69866	0.69857	0.69862	110	0	0
2026.07.20	09:26:00	0.69862	0.69869	0.69858	0.69866	106	0	0
2026.07.20	09:27:00	0.69866	0.69871	0.69864	0.69867	135	0	0
2026.07.20	09:28:00	0.69867	0.69875	0.69862	0.69862	120	0	0
2026.07.20	09:29:00	0.69862	0.69870	0.69858	0.69858	98	0	0
2026.07.20	09:30:00	0.69858	0.69869	0.69858	0.69867	118	0	0
2026.07.20	09:31:00	0.69867	0.69872	0.69864	0.69868	133	0	0
2026.07.20	09:32:00	0.69868	0.69868	0.69861	0.69863	78	0	0
2026.07.20	09:33:00	0.69863	0.69869	0.69861	0.69867	105	0	0
2026.07.20	09:34:00	0.69867	0.69871	0.69866	0.69871	54	0	0
2026.07.20	09:35:00	0.69870	0.69872	0.69867	0.69869	130	0	0
2026.07.20	09:36:00	0.69869	0.69883	0.69867	0.69879	114	0	0
2026.07.20	09:37:00	0.69879	0.69890	0.69874	0.69888	77	0	0
2026.07.20	09:38:00	0.69888	0.69895	0.69887	0.69891	90	0	0
2026.07.20	09:39:00	0.69891	0.69894	0.69887	0.69888	93	0	0
2026.07.20	09:40:00	0.69888	0.69899	0.69887	0.69898	101	0	0
2026.07.20	09:41:00	0.69898	0.69907	0.69896	0.69904	174	0	0
2026.07.20	09:42:00	0.69903	0.69915	0.69902	0.69907	192	0	0
2026.07.20	09:43:00	0.69907	0.69911	0.69900	0.69903	101	0	0
2026.07.20	09:44:00	0.69903	0.69908	0.69898	0.69905	172	0	0
2026.07.20	09:45:00	0.69905	0.69912	0.69898	0.69907	165	0	0
2026.07.20	09:46:00	0.69907	0.69920	0.69907	0.69918	104	0	0
2026.07.20	09:47:00	0.69918	0.69928	0.69912	0.69915	180	0	0
2026.07.20	09:48:00	0.69915	0.69925	0.69912	0.69923	147	0	0
2026.07.20	09:49:00	0.69923	0.69930	0.69913	0.69914	161	0	0
2026.07.20	09:50:00	0.69913	0.69925	0.69913	0.69922	109	0	0
2026.07.20	09:51:00	0.69922	0.69925	0.69918	0.69922	142	0	0
2026.07.20	09:52:00	0.69922	0.69925	0.69915	0.69916	158	0	0
2026.07.20	09:53:00	0.69916	0.69919	0.69912	0.69914	130	0	0
2026.07.20	09:54:00	0.69914	0.69917	0.69910	0.69917	114	0	0
2026.07.20	09:55:00	0.69917	0.69921	0.69911	0.69918	108	0	0
2026.07.20	09:56:00	0.69918	0.69920	0.69912	0.69913	111	0	0
2026.07.20	09:57:00	0.69913	0.69915	0.69906	0.69906	114	0	0
2026.07.20	09:58:00	0.69906	0.69907	0.69897	0.69899	111	0	0
2026.07.20	09:59:00	0.69898	0.69901	0.69896	0.69897	89	0	0
2026.07.20	10:00:00	0.69897	0.69908	0.69894	0.69907	228	0	0
2026.07.20	10:01:00	0.69907	0.69918	0.69907	0.69909	198	0	0
2026.07.20	10:02:00	0.69909	0.69921	0.69906	0.69920	113	0	0
2026.07.20	10:03:00	0.69920	0.69924	0.69914	0.69919	163	0	0
2026.07.20	10:04:00	0.69919	0.69929	0.69917	0.69920	140	0	0
2026.07.20	10:05:00	0.69920	0.69921	0.69913	0.69915	125	0	0
2026.07.20	10:06:00	0.69915	0.69919	0.69907	0.69908	150	0	0
2026.07.20	10:07:00	0.69908	0.69920	0.69908	0.69917	134	0	0
2026.07.20	10:08:00	0.69917	0.69919	0.69911	0.69914	131	0	0
2026.07.20	10:09:00	0.69914	0.69917	0.69911	0.69913	85	0	0
2026.07.20	10:10:00	0.69913	0.69914	0.69907	0.69911	144	0	0
2026.07.20	10:11:00	0.69911	0.69914	0.69898	0.69902	166	0	0
2026.07.20	10:12:00	0.69901	0.69907	0.69898	0.69899	113	0	0
2026.07.20	10:13:00	0.69899	0.69904	0.69892	0.69894	129	0	0
2026.07.20	10:14:00	0.69894	0.69900	0.69892	0.69896	144	0	0
2026.07.20	10:15:00	0.69896	0.69898	0.69892	0.69895	119	0	0
2026.07.20	10:16:00	0.69894	0.69904	0.69893	0.69900	190	0	0
2026.07.20	10:17:00	0.69899	0.69904	0.69897	0.69899	129	0	0
2026.07.20	10:18:00	0.69897	0.69909	0.69897	0.69907	143	0	0
2026.07.20	10:19:00	0.69907	0.69908	0.69904	0.69906	175	0	0
2026.07.20	10:20:00	0.69906	0.69913	0.69899	0.69911	145	0	0
2026.07.20	10:21:00	0.69910	0.69920	0.69907	0.69913	168	0	0
2026.07.20	10:22:00	0.69913	0.69956	0.69912	0.69956	357	0	0
2026.07.20	10:23:00	0.69956	0.69956	0.69932	0.69947	338	0	0
2026.07.20	10:24:00	0.69947	0.69956	0.69944	0.69955	221	0	0
2026.07.20	10:25:00	0.69955	0.69959	0.69946	0.69953	262	0	0
2026.07.20	10:26:00	0.69953	0.69965	0.69950	0.69965	227	0	0
2026.07.20	10:27:00	0.69964	0.69970	0.69954	0.69960	211	0	0
2026.07.20	10:28:00	0.69960	0.69965	0.69957	0.69965	180	0	0
2026.07.20	10:29:00	0.69965	0.69969	0.69959	0.69965	180	0	0
2026.07.20	10:30:00	0.69966	0.69993	0.69963	0.69986	397	0	0
2026.07.20	10:31:00	0.69986	0.69994	0.69979	0.69985	226	0	0
2026.07.20	10:32:00	0.69985	0.69995	0.69984	0.69989	161	0	0
2026.07.20	10:33:00	0.69989	0.70026	0.69987	0.70016	248	0	0
2026.07.20	10:34:00	0.70016	0.70045	0.70013	0.70034	215	0	0
2026.07.20	10:35:00	0.70035	0.70035	0.70012	0.70025	294	0	0
2026.07.20	10:36:00	0.70026	0.70038	0.70024	0.70029	217	0	0
2026.07.20	10:37:00	0.70029	0.70029	0.70019	0.70023	178	0	0
2026.07.20	10:38:00	0.70023	0.70045	0.70012	0.70039	284	0	0
2026.07.20	10:39:00	0.70038	0.70046	0.70028	0.70029	193	0	0
2026.07.20	10:40:00	0.70029	0.70039	0.70025	0.70036	208	0	0
2026.07.20	10:41:00	0.70036	0.70039	0.70021	0.70022	144	0	0
2026.07.20	10:42:00	0.70022	0.70039	0.70022	0.70038	242	0	0
2026.07.20	10:43:00	0.70038	0.70042	0.70033	0.70035	148	0	0
2026.07.20	10:44:00	0.70035	0.70044	0.70034	0.70040	194	0	0
2026.07.20	10:45:00	0.70041	0.70050	0.70035	0.70041	198	0	0
2026.07.20	10:46:00	0.70041	0.70048	0.70034	0.70035	308	0	0
2026.07.20	10:47:00	0.70035	0.70038	0.70028	0.70037	212	0	0
2026.07.20	10:48:00	0.70037	0.70037	0.70021	0.70030	245	0	0
2026.07.20	10:49:00	0.70029	0.70035	0.70023	0.70025	235	0	0
2026.07.20	10:50:00	0.70025	0.70026	0.70018	0.70020	179	0	0
2026.07.20	10:51:00	0.70020	0.70024	0.70013	0.70020	161	0	0
2026.07.20	10:52:00	0.70020	0.70026	0.70019	0.70025	146	0	0
2026.07.20	10:53:00	0.70025	0.70025	0.70011	0.70012	174	0	0
2026.07.20	10:54:00	0.70012	0.70012	0.70002	0.70003	179	0	0
2026.07.20	10:55:00	0.70003	0.70010	0.69996	0.70004	159	0	0
2026.07.20	10:56:00	0.70004	0.70010	0.69997	0.70009	203	0	0
2026.07.20	10:57:00	0.70010	0.70019	0.70007	0.70019	221	0	0
2026.07.20	10:58:00	0.70019	0.70019	0.70003	0.70006	234	0	0
2026.07.20	10:59:00	0.70007	0.70007	0.69997	0.70002	224	0	0
2026.07.20	11:00:00	0.70002	0.70015	0.70001	0.70009	296	0	0
2026.07.20	11:01:00	0.70009	0.70024	0.70007	0.70021	233	0	0
2026.07.20	11:02:00	0.70021	0.70034	0.70015	0.70023	240	0	0
2026.07.20	11:03:00	0.70023	0.70031	0.70020	0.70029	118	0	0
2026.07.20	11:04:00	0.70029	0.70032	0.70017	0.70019	73	0	0
2026.07.20	11:05:00	0.70019	0.70022	0.70008	0.70011	178	0	0
2026.07.20	11:06:00	0.70010	0.70021	0.70010	0.70016	202	0	0
2026.07.20	11:07:00	0.70016	0.70016	0.70007	0.70013	147	0	0
2026.07.20	11:08:00	0.70013	0.70015	0.70007	0.70009	104	0	0
2026.07.20	11:09:00	0.70009	0.70014	0.70007	0.70010	174	0	0
2026.07.20	11:10:00	0.70010	0.70013	0.70003	0.70009	187	0	0
2026.07.20	11:11:00	0.70009	0.70010	0.70004	0.70004	133	0	0
2026.07.20	11:12:00	0.70004	0.70020	0.70003	0.70017	243	0	0
2026.07.20	11:13:00	0.70018	0.70019	0.70012	0.70015	124	0	0
2026.07.20	11:14:00	0.70016	0.70020	0.70015	0.70019	109	0	0
2026.07.20	11:15:00	0.70019	0.70025	0.70012	0.70014	177	0	0
2026.07.20	11:16:00	0.70014	0.70027	0.70014	0.70026	129	0	0
2026.07.20	11:17:00	0.70026	0.70029	0.70014	0.70015	111	0	0
2026.07.20	11:18:00	0.70015	0.70020	0.70008	0.70008	107	0	0
2026.07.20	11:19:00	0.70008	0.70011	0.70002	0.70003	57	0	0
2026.07.20	11:20:00	0.70003	0.70003	0.69981	0.69983	179	0	0
2026.07.20	11:21:00	0.69983	0.69995	0.69982	0.69994	181	0	0
2026.07.20	11:22:00	0.69993	0.69995	0.69991	0.69994	100	0	0
2026.07.20	11:23:00	0.69994	0.69997	0.69991	0.69993	99	0	0
2026.07.20	11:24:00	0.69994	0.70003	0.69993	0.70003	164	0	0
2026.07.20	11:25:00	0.70003	0.70009	0.69995	0.69995	200	0	0
2026.07.20	11:26:00	0.69995	0.69999	0.69992	0.69993	137	0	0
2026.07.20	11:27:00	0.69993	0.69996	0.69991	0.69992	119	0	0
2026.07.20	11:28:00	0.69992	0.69994	0.69985	0.69988	81	0	0
2026.07.20	11:29:00	0.69987	0.69990	0.69983	0.69985	96	0	0
2026.07.20	11:30:00	0.69985	0.69986	0.69974	0.69977	146	0	0
2026.07.20	11:31:00	0.69977	0.69980	0.69974	0.69977	70	0	0
2026.07.20	11:32:00	0.69977	0.69989	0.69977	0.69986	128	0	0
2026.07.20	11:33:00	0.69986	0.69986	0.69978	0.69983	88	0	0
2026.07.20	11:34:00	0.69983	0.69985	0.69977	0.69983	115	0	0
2026.07.20	11:35:00	0.69982	0.69989	0.69979	0.69983	135	0	0
2026.07.20	11:36:00	0.69983	0.69990	0.69982	0.69990	110	0	0
2026.07.20	11:37:00	0.69990	0.69994	0.69986	0.69994	82	0	0
2026.07.20	11:38:00	0.69994	0.70004	0.69992	0.70002	150	0	0
2026.07.20	11:39:00	0.70002	0.70006	0.69997	0.70004	150	0	0
2026.07.20	11:40:00	0.70003	0.70009	0.70001	0.70009	144	0	0
2026.07.20	11:41:00	0.70009	0.70010	0.70002	0.70004	144	0	0
2026.07.20	11:42:00	0.70003	0.70007	0.70000	0.70006	83	0	0
2026.07.20	11:43:00	0.70006	0.70010	0.69998	0.69998	156	0	0
2026.07.20	11:44:00	0.69998	0.70001	0.69988	0.69991	167	0	0
2026.07.20	11:45:00	0.69991	0.69992	0.69988	0.69992	113	0	0
2026.07.20	11:46:00	0.69991	0.69995	0.69987	0.69992	186	0	0
2026.07.20	11:47:00	0.69993	0.69995	0.69986	0.69990	155	0	0
2026.07.20	11:48:00	0.69990	0.69996	0.69986	0.69993	78	0	0
2026.07.20	11:49:00	0.69993	0.70003	0.69993	0.70000	93	0	0
2026.07.20	11:50:00	0.70000	0.70001	0.69997	0.69997	113	0	0
2026.07.20	11:51:00	0.69997	0.70000	0.69988	0.69990	131	0	0
2026.07.20	11:52:00	0.69990	0.69991	0.69983	0.69986	177	0	0
2026.07.20	11:53:00	0.69987	0.69995	0.69984	0.69993	227	0	0
2026.07.20	11:54:00	0.69993	0.70001	0.69987	0.69996	176	0	0
2026.07.20	11:55:00	0.69996	0.69998	0.69992	0.69995	131	0	0
2026.07.20	11:56:00	0.69995	0.70001	0.69994	0.70000	117	0	0
2026.07.20	11:57:00	0.70000	0.70001	0.69994	0.70001	166	0	0
2026.07.20	11:58:00	0.70001	0.70003	0.69997	0.70000	117	0	0
2026.07.20	11:59:00	0.70002	0.70007	0.69998	0.70003	142	0	0
2026.07.20	12:00:00	0.70003	0.70005	0.69993	0.70001	216	0	0
2026.07.20	12:01:00	0.70001	0.70004	0.69991	0.69994	151	0	0
2026.07.20	12:02:00	0.69994	0.69994	0.69984	0.69988	112	0	0
2026.07.20	12:03:00	0.69988	0.69990	0.69978	0.69979	199	0	0
2026.07.20	12:04:00	0.69979	0.69982	0.69974	0.69976	193	0	0
2026.07.20	12:05:00	0.69976	0.69976	0.69959	0.69962	139	0	0
2026.07.20	12:06:00	0.69962	0.69971	0.69962	0.69966	127	0	0
2026.07.20	12:07:00	0.69966	0.69970	0.69963	0.69969	197	0	0
2026.07.20	12:08:00	0.69969	0.69975	0.69968	0.69970	186	0	0
2026.07.20	12:09:00	0.69970	0.69972	0.69967	0.69969	67	0	0
2026.07.20	12:10:00	0.69969	0.69977	0.69969	0.69974	75	0	0
2026.07.20	12:11:00	0.69974	0.69981	0.69973	0.69976	135	0	0
2026.07.20	12:12:00	0.69976	0.69980	0.69974	0.69978	125	0	0
2026.07.20	12:13:00	0.69976	0.69981	0.69976	0.69978	129	0	0
2026.07.20	12:14:00	0.69978	0.69984	0.69976	0.69978	180	0	0
2026.07.20	12:15:00	0.69978	0.69989	0.69977	0.69983	192	0	0
2026.07.20	12:16:00	0.69983	0.69985	0.69980	0.69983	105	0	0
2026.07.20	12:17:00	0.69983	0.69989	0.69982	0.69983	142	0	0
2026.07.20	12:18:00	0.69985	0.69988	0.69977	0.69978	139	0	0
2026.07.20	12:19:00	0.69978	0.69980	0.69973	0.69975	121	0	0
2026.07.20	12:20:00	0.69975	0.69982	0.69973	0.69978	63	0	0
2026.07.20	12:21:00	0.69978	0.69984	0.69977	0.69984	137	0	0
2026.07.20	12:22:00	0.69984	0.69984	0.69979	0.69984	118	0	0
2026.07.20	12:23:00	0.69983	0.69989	0.69979	0.69987	123	0	0
2026.07.20	12:24:00	0.69987	0.69994	0.69986	0.69991	157	0	0
2026.07.20	12:25:00	0.69992	0.69994	0.69983	0.69985	102	0	0
2026.07.20	12:26:00	0.69985	0.69994	0.69983	0.69989	154	0	0
2026.07.20	12:27:00	0.69989	0.69989	0.69974	0.69975	126	0	0
2026.07.20	12:28:00	0.69976	0.69983	0.69973	0.69982	229	0	0
2026.07.20	12:29:00	0.69982	0.69982	0.69973	0.69973	132	0	0
2026.07.20	12:30:00	0.69973	0.69982	0.69972	0.69979	84	0	0
2026.07.20	12:31:00	0.69979	0.69981	0.69976	0.69979	97	0	0
2026.07.20	12:32:00	0.69979	0.69986	0.69978	0.69983	146	0	0
2026.07.20	12:33:00	0.69983	0.69992	0.69977	0.69989	114	0	0
2026.07.20	12:34:00	0.69989	0.69992	0.69982	0.69983	150	0	0
2026.07.20	12:35:00	0.69983	0.69990	0.69982	0.69986	148	0	0
2026.07.20	12:36:00	0.69986	0.69988	0.69981	0.69984	216	0	0
2026.07.20	12:37:00	0.69984	0.69984	0.69979	0.69980	191	0	0
2026.07.20	12:38:00	0.69980	0.69989	0.69980	0.69983	179	0	0
2026.07.20	12:39:00	0.69983	0.69989	0.69982	0.69987	166	0	0
2026.07.20	12:40:00	0.69987	0.69989	0.69982	0.69985	161	0	0
2026.07.20	12:41:00	0.69984	0.69990	0.69982	0.69989	134	0	0
2026.07.20	12:42:00	0.69989	0.69991	0.69985	0.69988	175	0	0
2026.07.20	12:43:00	0.69988	0.69996	0.69987	0.69989	154	0	0
2026.07.20	12:44:00	0.69988	0.70001	0.69988	0.69994	175	0	0
2026.07.20	12:45:00	0.69994	0.69994	0.69982	0.69982	210	0	0
2026.07.20	12:46:00	0.69982	0.69985	0.69981	0.69983	144	0	0
2026.07.20	12:47:00	0.69983	0.69990	0.69982	0.69984	137	0	0
2026.07.20	12:48:00	0.69985	0.69990	0.69978	0.69981	145	0	0
2026.07.20	12:49:00	0.69981	0.69990	0.69979	0.69985	143	0	0
2026.07.20	12:50:00	0.69985	0.69988	0.69982	0.69987	82	0	0
2026.07.20	12:51:00	0.69987	0.69989	0.69982	0.69987	154	0	0
2026.07.20	12:52:00	0.69987	0.69994	0.69986	0.69990	193	0	0
2026.07.20	12:53:00	0.69990	0.69991	0.69980	0.69982	168	0	0
2026.07.20	12:54:00	0.69982	0.69985	0.69980	0.69983	121	0	0
2026.07.20	12:55:00	0.69983	0.69985	0.69977	0.69977	150	0	0
2026.07.20	12:56:00	0.69977	0.69979	0.69971	0.69971	126	0	0
2026.07.20	12:57:00	0.69971	0.69976	0.69966	0.69974	148	0	0
2026.07.20	12:58:00	0.69974	0.69983	0.69974	0.69981	156	0	0
2026.07.20	12:59:00	0.69981	0.69987	0.69979	0.69986	175	0	0
2026.07.20	13:00:00	0.69986	0.69987	0.69978	0.69978	214	0	0
2026.07.20	13:01:00	0.69978	0.69986	0.69976	0.69982	160	0	0
2026.07.20	13:02:00	0.69983	0.69990	0.69978	0.69981	162	0	0
2026.07.20	13:03:00	0.69980	0.69986	0.69978	0.69986	138	0	0
2026.07.20	13:04:00	0.69986	0.69992	0.69985	0.69989	151	0	0
2026.07.20	13:05:00	0.69989	0.69994	0.69987	0.69989	172	0	0
2026.07.20	13:06:00	0.69989	0.69994	0.69988	0.69991	120	0	0
2026.07.20	13:07:00	0.69991	0.70000	0.69990	0.69996	108	0	0
2026.07.20	13:08:00	0.69996	0.70001	0.69992	0.70001	121	0	0
2026.07.20	13:09:00	0.70001	0.70003	0.69998	0.70002	111	0	0
2026.07.20	13:10:00	0.70002	0.70015	0.69999	0.70013	83	0	0
2026.07.20	13:11:00	0.70014	0.70022	0.70010	0.70018	203	0	0
2026.07.20	13:12:00	0.70018	0.70022	0.70013	0.70022	205	0	0
2026.07.20	13:13:00	0.70021	0.70027	0.70018	0.70027	159	0	0
2026.07.20	13:14:00	0.70027	0.70028	0.70020	0.70022	131	0	0
2026.07.20	13:15:00	0.70022	0.70031	0.70018	0.70030	102	0	0
2026.07.20	13:16:00	0.70031	0.70033	0.70024	0.70030	103	0	0
2026.07.20	13:17:00	0.70030	0.70037	0.70029	0.70035	156	0	0
2026.07.20	13:18:00	0.70035	0.70045	0.70030	0.70045	88	0	0
2026.07.20	13:19:00	0.70045	0.70048	0.70040	0.70046	96	0	0
2026.07.20	13:20:00	0.70046	0.70053	0.70043	0.70052	80	0	0
2026.07.20	13:21:00	0.70052	0.70052	0.70044	0.70050	101	0	0
2026.07.20	13:22:00	0.70050	0.70052	0.70045	0.70052	57	0	0
2026.07.20	13:23:00	0.70052	0.70057	0.70049	0.70051	76	0	0
2026.07.20	13:24:00	0.70052	0.70060	0.70048	0.70058	153	0	0
2026.07.20	13:25:00	0.70058	0.70071	0.70056	0.70067	145	0	0
2026.07.20	13:26:00	0.70068	0.70073	0.70067	0.70072	86	0	0
2026.07.20	13:27:00	0.70072	0.70073	0.70067	0.70072	114	0	0
2026.07.20	13:28:00	0.70072	0.70074	0.70068	0.70071	74	0	0
2026.07.20	13:29:00	0.70071	0.70073	0.70056	0.70057	102	0	0
2026.07.20	13:30:00	0.70057	0.70060	0.70053	0.70055	131	0	0
2026.07.20	13:31:00	0.70055	0.70060	0.70053	0.70058	113	0	0
2026.07.20	13:32:00	0.70058	0.70063	0.70057	0.70058	93	0	0
2026.07.20	13:33:00	0.70058	0.70068	0.70058	0.70065	76	0	0
2026.07.20	13:34:00	0.70067	0.70071	0.70066	0.70069	58	0	0
2026.07.20	13:35:00	0.70069	0.70078	0.70067	0.70076	209	0	0
2026.07.20	13:36:00	0.70076	0.70078	0.70070	0.70076	105	0	0
2026.07.20	13:37:00	0.70076	0.70080	0.70073	0.70077	82	0	0
2026.07.20	13:38:00	0.70075	0.70077	0.70070	0.70076	128	0	0
2026.07.20	13:39:00	0.70076	0.70078	0.70072	0.70078	94	0	0
2026.07.20	13:40:00	0.70078	0.70083	0.70071	0.70076	111	0	0
2026.07.20	13:41:00	0.70076	0.70079	0.70073	0.70074	69	0	0
2026.07.20	13:42:00	0.70074	0.70076	0.70073	0.70073	37	0	0
2026.07.20	13:43:00	0.70073	0.70074	0.70064	0.70064	52	0	0
2026.07.20	13:44:00	0.70064	0.70075	0.70064	0.70072	70	0	0
2026.07.20	13:45:00	0.70072	0.70072	0.70068	0.70071	56	0	0
2026.07.20	13:46:00	0.70071	0.70074	0.70064	0.70071	113	0	0
2026.07.20	13:47:00	0.70071	0.70072	0.70064	0.70069	66	0	0
2026.07.20	13:48:00	0.70069	0.70070	0.70064	0.70068	50	0	0
2026.07.20	13:49:00	0.70068	0.70071	0.70063	0.70065	40	0	0
2026.07.20	13:50:00	0.70065	0.70071	0.70064	0.70068	73	0	0
2026.07.20	13:51:00	0.70068	0.70070	0.70065	0.70067	70	0	0
2026.07.20	13:52:00	0.70067	0.70069	0.70063	0.70063	78	0	0
2026.07.20	13:53:00	0.70064	0.70066	0.70058	0.70066	68	0	0
2026.07.20	13:54:00	0.70066	0.70071	0.70064	0.70069	91	0	0
2026.07.20	13:55:00	0.70069	0.70075	0.70068	0.70073	108	0	0
2026.07.20	13:56:00	0.70073	0.70077	0.70068	0.70069	61	0	0
2026.07.20	13:57:00	0.70069	0.70077	0.70068	0.70077	83	0	0
2026.07.20	13:58:00	0.70076	0.70077	0.70068	0.70070	105	0	0
2026.07.20	13:59:00	0.70070	0.70072	0.70061	0.70067	110	0	0
2026.07.20	14:00:00	0.70067	0.70081	0.70067	0.70076	139	0	0
2026.07.20	14:01:00	0.70076	0.70080	0.70073	0.70076	172	0	0
2026.07.20	14:02:00	0.70076	0.70078	0.70073	0.70074	138	0	0
2026.07.20	14:03:00	0.70074	0.70082	0.70073	0.70073	131	0	0
2026.07.20	14:04:00	0.70073	0.70080	0.70068	0.70070	153	0	0
2026.07.20	14:05:00	0.70071	0.70077	0.70068	0.70075	196	0	0
2026.07.20	14:06:00	0.70076	0.70076	0.70068	0.70071	120	0	0
2026.07.20	14:07:00	0.70071	0.70076	0.70064	0.70066	137	0	0
2026.07.20	14:08:00	0.70066	0.70066	0.70058	0.70064	121	0	0
2026.07.20	14:09:00	0.70064	0.70066	0.70055	0.70056	147	0	0
2026.07.20	14:10:00	0.70056	0.70056	0.70044	0.70048	146	0	0
2026.07.20	14:11:00	0.70048	0.70052	0.70045	0.70051	181	0	0
2026.07.20	14:12:00	0.70051	0.70054	0.70047	0.70051	155	0	0
2026.07.20	14:13:00	0.70051	0.70059	0.70048	0.70059	135	0	0
2026.07.20	14:14:00	0.70059	0.70065	0.70055	0.70058	97	0	0
2026.07.20	14:15:00	0.70058	0.70061	0.70057	0.70058	97	0	0
2026.07.20	14:16:00	0.70058	0.70066	0.70057	0.70065	110	0	0
2026.07.20	14:17:00	0.70065	0.70072	0.70063	0.70069	115	0	0
2026.07.20	14:18:00	0.70068	0.70071	0.70065	0.70068	94	0	0
2026.07.20	14:19:00	0.70068	0.70077	0.70067	0.70076	110	0	0
2026.07.20	14:20:00	0.70076	0.70080	0.70075	0.70078	89	0	0
2026.07.20	14:21:00	0.70078	0.70078	0.70068	0.70070	84	0	0
2026.07.20	14:22:00	0.70070	0.70076	0.70068	0.70075	71	0	0
2026.07.20	14:23:00	0.70075	0.70076	0.70069	0.70069	71	0	0
2026.07.20	14:24:00	0.70069	0.70075	0.70068	0.70072	131	0	0
2026.07.20	14:25:00	0.70072	0.70075	0.70068	0.70071	83	0	0
2026.07.20	14:26:00	0.70072	0.70081	0.70068	0.70077	103	0	0
2026.07.20	14:27:00	0.70077	0.70079	0.70073	0.70075	87	0	0
2026.07.20	14:28:00	0.70075	0.70081	0.70074	0.70080	170	0	0
2026.07.20	14:29:00	0.70080	0.70082	0.70077	0.70079	80	0	0
2026.07.20	14:30:00	0.70079	0.70137	0.70078	0.70104	514	0	0
2026.07.20	14:31:00	0.70104	0.70145	0.70103	0.70126	421	0	0
2026.07.20	14:32:00	0.70126	0.70143	0.70113	0.70137	370	0	0
2026.07.20	14:33:00	0.70137	0.70145	0.70114	0.70116	372	0	0
2026.07.20	14:34:00	0.70116	0.70148	0.70116	0.70135	304	0	0
2026.07.20	14:35:00	0.70135	0.70144	0.70128	0.70130	303	0	0
2026.07.20	14:36:00	0.70131	0.70132	0.70111	0.70112	300	0	0
2026.07.20	14:37:00	0.70112	0.70123	0.70108	0.70122	219	0	0
2026.07.20	14:38:00	0.70121	0.70125	0.70106	0.70112	285	0	0
2026.07.20	14:39:00	0.70112	0.70128	0.70106	0.70121	321	0	0
2026.07.20	14:40:00	0.70121	0.70123	0.70114	0.70120	261	0	0
2026.07.20	14:41:00	0.70120	0.70128	0.70117	0.70124	222	0	0
2026.07.20	14:42:00	0.70124	0.70126	0.70114	0.70118	261	0	0
2026.07.20	14:43:00	0.70118	0.70121	0.70108	0.70110	224	0	0
2026.07.20	14:44:00	0.70109	0.70122	0.70107	0.70120	200	0	0
2026.07.20	14:45:00	0.70120	0.70122	0.70108	0.70111	244	0	0
2026.07.20	14:46:00	0.70111	0.70116	0.70107	0.70112	277	0	0
2026.07.20	14:47:00	0.70112	0.70121	0.70111	0.70114	207	0	0
2026.07.20	14:48:00	0.70113	0.70116	0.70108	0.70109	198	0	0
2026.07.20	14:49:00	0.70109	0.70114	0.70104	0.70106	205	0	0
2026.07.20	14:50:00	0.70106	0.70106	0.70096	0.70101	218	0	0
2026.07.20	14:51:00	0.70101	0.70111	0.70098	0.70108	251	0	0
2026.07.20	14:52:00	0.70108	0.70111	0.70104	0.70111	211	0	0
2026.07.20	14:53:00	0.70111	0.70111	0.70103	0.70110	185	0	0
2026.07.20	14:54:00	0.70110	0.70115	0.70106	0.70111	194	0	0
2026.07.20	14:55:00	0.70111	0.70111	0.70094	0.70100	238	0	0
2026.07.20	14:56:00	0.70100	0.70107	0.70098	0.70105	245	0	0
2026.07.20	14:57:00	0.70105	0.70108	0.70093	0.70093	208	0	0
2026.07.20	14:58:00	0.70093	0.70098	0.70089	0.70096	147	0	0
2026.07.20	14:59:00	0.70096	0.70096	0.70088	0.70094	197	0	0
2026.07.20	15:00:00	0.70094	0.70096	0.70081	0.70086	309	0	0
2026.07.20	15:01:00	0.70084	0.70094	0.70083	0.70088	287	0	0
2026.07.20	15:02:00	0.70088	0.70094	0.70038	0.70043	464	0	0
2026.07.20	15:03:00	0.70043	0.70077	0.70042	0.70068	416	0	0
2026.07.20	15:04:00	0.70068	0.70074	0.70063	0.70065	291	0	0
2026.07.20	15:05:00	0.70065	0.70077	0.70062	0.70077	252	0	0
2026.07.20	15:06:00	0.70077	0.70088	0.70075	0.70078	214	0	0
2026.07.20	15:07:00	0.70078	0.70080	0.70067	0.70077	217	0	0
2026.07.20	15:08:00	0.70077	0.70077	0.70062	0.70064	229	0	0
2026.07.20	15:09:00	0.70064	0.70073	0.70062	0.70065	197	0	0
2026.07.20	15:10:00	0.70065	0.70068	0.70059	0.70060	186	0	0
2026.07.20	15:11:00	0.70061	0.70067	0.70059	0.70064	129	0	0
2026.07.20	15:12:00	0.70064	0.70068	0.70062	0.70067	100	0	0
2026.07.20	15:13:00	0.70067	0.70068	0.70052	0.70054	85	0	0
2026.07.20	15:14:00	0.70054	0.70055	0.70042	0.70054	140	0	0
2026.07.20	15:15:00	0.70054	0.70055	0.70035	0.70037	237	0	0
2026.07.20	15:16:00	0.70037	0.70051	0.70033	0.70051	242	0	0
2026.07.20	15:17:00	0.70050	0.70051	0.70037	0.70042	185	0	0
2026.07.20	15:18:00	0.70042	0.70047	0.70036	0.70042	249	0	0
2026.07.20	15:19:00	0.70042	0.70045	0.70022	0.70025	241	0	0
2026.07.20	15:20:00	0.70025	0.70028	0.70011	0.70019	226	0	0
2026.07.20	15:21:00	0.70019	0.70022	0.70012	0.70015	159	0	0
2026.07.20	15:22:00	0.70015	0.70023	0.70015	0.70019	123	0	0
2026.07.20	15:23:00	0.70019	0.70027	0.70017	0.70023	153	0	0
2026.07.20	15:24:00	0.70023	0.70030	0.70018	0.70023	188	0	0
2026.07.20	15:25:00	0.70024	0.70033	0.70019	0.70031	237	0	0
2026.07.20	15:26:00	0.70031	0.70034	0.70026	0.70027	137	0	0
2026.07.20	15:27:00	0.70027	0.70035	0.70026	0.70032	123	0	0
2026.07.20	15:28:00	0.70033	0.70040	0.70030	0.70036	108	0	0
2026.07.20	15:29:00	0.70036	0.70038	0.70032	0.70035	100	0	0
2026.07.20	15:30:00	0.70035	0.70039	0.70025	0.70038	216	0	0
2026.07.20	15:31:00	0.70038	0.70038	0.70029	0.70029	116	0	0
2026.07.20	15:32:00	0.70029	0.70030	0.70023	0.70028	106	0	0
2026.07.20	15:33:00	0.70028	0.70035	0.70020	0.70020	268	0	0
2026.07.20	15:34:00	0.70020	0.70035	0.70018	0.70030	213	0	0
2026.07.20	15:35:00	0.70030	0.70051	0.70029	0.70046	207	0	0
2026.07.20	15:36:00	0.70046	0.70052	0.70044	0.70044	166	0	0
2026.07.20	15:37:00	0.70043	0.70048	0.70042	0.70046	199	0	0
2026.07.20	15:38:00	0.70046	0.70046	0.70040	0.70042	79	0	0
2026.07.20	15:39:00	0.70042	0.70046	0.70039	0.70040	129	0	0
2026.07.20	15:40:00	0.70040	0.70040	0.70034	0.70037	155	0	0
2026.07.20	15:41:00	0.70037	0.70042	0.70032	0.70037	145	0	0
2026.07.20	15:42:00	0.70037	0.70041	0.70032	0.70034	113	0	0
2026.07.20	15:43:00	0.70034	0.70038	0.70032	0.70034	150	0	0
2026.07.20	15:44:00	0.70034	0.70036	0.70017	0.70019	154	0	0
2026.07.20	15:45:00	0.70019	0.70028	0.70014	0.70023	202	0	0
2026.07.20	15:46:00	0.70023	0.70026	0.70014	0.70016	116	0	0
2026.07.20	15:47:00	0.70016	0.70048	0.70016	0.70047	192	0	0
2026.07.20	15:48:00	0.70047	0.70050	0.70038	0.70043	227	0	0
2026.07.20	15:49:00	0.70043	0.70046	0.70039	0.70042	78	0	0
2026.07.20	15:50:00	0.70042	0.70042	0.70038	0.70041	133	0	0
2026.07.20	15:51:00	0.70041	0.70046	0.70036	0.70039	122	0	0
2026.07.20	15:52:00	0.70037	0.70052	0.70037	0.70041	183	0	0
2026.07.20	15:53:00	0.70040	0.70048	0.70040	0.70043	226	0	0
2026.07.20	15:54:00	0.70043	0.70059	0.70043	0.70048	347	0	0
2026.07.20	15:55:00	0.70048	0.70056	0.70042	0.70045	266	0	0
2026.07.20	15:56:00	0.70045	0.70048	0.70036	0.70039	205	0	0
2026.07.20	15:57:00	0.70039	0.70053	0.70039	0.70048	249	0	0
2026.07.20	15:58:00	0.70050	0.70052	0.70045	0.70049	147	0	0
2026.07.20	15:59:00	0.70049	0.70050	0.70042	0.70050	172	0	0
2026.07.20	16:00:00	0.70050	0.70056	0.70045	0.70053	265	0	0
2026.07.20	16:01:00	0.70053	0.70054	0.70046	0.70051	203	0	0
2026.07.20	16:02:00	0.70049	0.70058	0.70038	0.70040	271	0	0
2026.07.20	16:03:00	0.70040	0.70043	0.70035	0.70040	227	0	0
2026.07.20	16:04:00	0.70039	0.70047	0.70038	0.70045	302	0	0
2026.07.20	16:05:00	0.70045	0.70048	0.70040	0.70042	228	0	0
2026.07.20	16:06:00	0.70044	0.70045	0.70030	0.70036	271	0	0
2026.07.20	16:07:00	0.70036	0.70040	0.70035	0.70038	190	0	0
2026.07.20	16:08:00	0.70038	0.70043	0.70036	0.70038	220	0	0
2026.07.20	16:09:00	0.70038	0.70046	0.70038	0.70045	214	0	0
2026.07.20	16:10:00	0.70045	0.70046	0.70042	0.70046	194	0	0
2026.07.20	16:11:00	0.70046	0.70053	0.70044	0.70050	183	0	0
2026.07.20	16:12:00	0.70050	0.70052	0.70043	0.70052	173	0	0
2026.07.20	16:13:00	0.70052	0.70056	0.70043	0.70044	168	0	0
2026.07.20	16:14:00	0.70045	0.70047	0.70041	0.70044	180	0	0
2026.07.20	16:15:00	0.70044	0.70049	0.70037	0.70042	240	0	0
2026.07.20	16:16:00	0.70043	0.70050	0.70039	0.70047	158	0	0
2026.07.20	16:17:00	0.70047	0.70052	0.70041	0.70042	181	0	0
2026.07.20	16:18:00	0.70042	0.70044	0.70036	0.70041	119	0	0
2026.07.20	16:19:00	0.70041	0.70052	0.70041	0.70050	136	0	0
2026.07.20	16:20:00	0.70050	0.70060	0.70050	0.70056	177	0	0
2026.07.20	16:21:00	0.70056	0.70063	0.70053	0.70062	225	0	0
2026.07.20	16:22:00	0.70062	0.70066	0.70058	0.70065	205	0	0
2026.07.20	16:23:00	0.70064	0.70066	0.70058	0.70061	251	0	0
2026.07.20	16:24:00	0.70061	0.70074	0.70061	0.70070	226	0	0
2026.07.20	16:25:00	0.70070	0.70076	0.70067	0.70068	226	0	0
2026.07.20	16:26:00	0.70068	0.70072	0.70053	0.70054	194	0	0
2026.07.20	16:27:00	0.70054	0.70064	0.70054	0.70062	198	0	0
2026.07.20	16:28:00	0.70062	0.70065	0.70056	0.70062	180	0	0
2026.07.20	16:29:00	0.70062	0.70064	0.70056	0.70061	142	0	0
2026.07.20	16:30:00	0.70061	0.70069	0.70056	0.70067	335	0	0
2026.07.20	16:31:00	0.70067	0.70069	0.70061	0.70064	316	0	0
2026.07.20	16:32:00	0.70064	0.70074	0.70062	0.70068	318	0	0
2026.07.20	16:33:00	0.70068	0.70075	0.70065	0.70071	202	0	0
2026.07.20	16:34:00	0.70073	0.70092	0.70071	0.70086	303	0	0
2026.07.20	16:35:00	0.70087	0.70101	0.70078	0.70091	297	0	0
2026.07.20	16:36:00	0.70091	0.70103	0.70088	0.70093	241	0	0
2026.07.20	16:37:00	0.70095	0.70101	0.70087	0.70096	296	0	0
2026.07.20	16:38:00	0.70096	0.70105	0.70093	0.70096	322	0	0
2026.07.20	16:39:00	0.70096	0.70106	0.70095	0.70100	303	0	0
2026.07.20	16:40:00	0.70100	0.70110	0.70099	0.70104	279	0	0
2026.07.20	16:41:00	0.70104	0.70107	0.70100	0.70107	213	0	0
2026.07.20	16:42:00	0.70107	0.70107	0.70086	0.70101	247	0	0
2026.07.20	16:43:00	0.70101	0.70101	0.70082	0.70082	178	0	0
2026.07.20	16:44:00	0.70082	0.70087	0.70078	0.70082	152	0	0
2026.07.20	16:45:00	0.70081	0.70082	0.70064	0.70066	188	0	0
2026.07.20	16:46:00	0.70066	0.70072	0.70064	0.70071	193	0	0
2026.07.20	16:47:00	0.70071	0.70079	0.70066	0.70075	278	0	0
2026.07.20	16:48:00	0.70075	0.70082	0.70073	0.70078	251	0	0
2026.07.20	16:49:00	0.70078	0.70095	0.70075	0.70095	249	0	0
2026.07.20	16:50:00	0.70095	0.70107	0.70090	0.70093	260	0	0
2026.07.20	16:51:00	0.70093	0.70099	0.70088	0.70094	243	0	0
2026.07.20	16:52:00	0.70094	0.70097	0.70084	0.70093	238	0	0
2026.07.20	16:53:00	0.70093	0.70096	0.70084	0.70094	124	0	0
2026.07.20	16:54:00	0.70093	0.70101	0.70092	0.70093	183	0	0
2026.07.20	16:55:00	0.70093	0.70109	0.70092	0.70102	194	0	0
2026.07.20	16:56:00	0.70102	0.70110	0.70098	0.70108	191	0	0
2026.07.20	16:57:00	0.70107	0.70114	0.70102	0.70112	158	0	0
2026.07.20	16:58:00	0.70112	0.70115	0.70106	0.70109	83	0	0
2026.07.20	16:59:00	0.70109	0.70114	0.70106	0.70108	112	0	0
2026.07.20	17:00:00	0.70108	0.70109	0.70098	0.70098	129	0	0
2026.07.20	17:01:00	0.70098	0.70105	0.70088	0.70105	176	0	0
2026.07.20	17:02:00	0.70105	0.70106	0.70097	0.70103	208	0	0
2026.07.20	17:03:00	0.70102	0.70120	0.70099	0.70120	306	0	0
2026.07.20	17:04:00	0.70120	0.70125	0.70112	0.70116	278	0	0
2026.07.20	17:05:00	0.70116	0.70123	0.70111	0.70114	247	0	0
2026.07.20	17:06:00	0.70114	0.70117	0.70098	0.70103	300	0	0
2026.07.20	17:07:00	0.70103	0.70108	0.70098	0.70105	316	0	0
2026.07.20	17:08:00	0.70105	0.70110	0.70098	0.70098	282	0	0
2026.07.20	17:09:00	0.70098	0.70106	0.70096	0.70096	231	0	0
2026.07.20	17:10:00	0.70096	0.70101	0.70079	0.70095	266	0	0
2026.07.20	17:11:00	0.70095	0.70106	0.70095	0.70098	232	0	0
2026.07.20	17:12:00	0.70098	0.70102	0.70095	0.70098	140	0	0
2026.07.20	17:13:00	0.70098	0.70114	0.70097	0.70112	160	0	0
2026.07.20	17:14:00	0.70112	0.70118	0.70101	0.70117	149	0	0
2026.07.20	17:15:00	0.70117	0.70131	0.70111	0.70127	175	0	0
2026.07.20	17:16:00	0.70127	0.70131	0.70125	0.70131	172	0	0
2026.07.20	17:17:00	0.70131	0.70138	0.70127	0.70127	280	0	0
2026.07.20	17:18:00	0.70127	0.70134	0.70120	0.70131	305	0	0
2026.07.20	17:19:00	0.70131	0.70138	0.70128	0.70135	230	0	0
2026.07.20	17:20:00	0.70135	0.70136	0.70112	0.70118	206	0	0
2026.07.20	17:21:00	0.70118	0.70120	0.70100	0.70104	199	0	0
2026.07.20	17:22:00	0.70104	0.70112	0.70103	0.70109	165	0	0
2026.07.20	17:23:00	0.70109	0.70119	0.70108	0.70116	148	0	0
2026.07.20	17:24:00	0.70116	0.70118	0.70108	0.70112	164	0	0
2026.07.20	17:25:00	0.70112	0.70123	0.70112	0.70120	189	0	0
2026.07.20	17:26:00	0.70120	0.70135	0.70117	0.70134	174	0	0
2026.07.20	17:27:00	0.70134	0.70138	0.70127	0.70134	228	0	0
2026.07.20	17:28:00	0.70134	0.70140	0.70132	0.70135	217	0	0
2026.07.20	17:29:00	0.70135	0.70144	0.70133	0.70135	192	0	0
2026.07.20	17:30:00	0.70135	0.70135	0.70116	0.70120	202	0	0
2026.07.20	17:31:00	0.70119	0.70120	0.70106	0.70114	170	0	0
2026.07.20	17:32:00	0.70114	0.70114	0.70100	0.70108	196	0	0
2026.07.20	17:33:00	0.70108	0.70116	0.70105	0.70109	158	0	0
2026.07.20	17:34:00	0.70109	0.70110	0.70097	0.70101	159	0	0
2026.07.20	17:35:00	0.70101	0.70104	0.70093	0.70101	180	0	0
2026.07.20	17:36:00	0.70101	0.70106	0.70093	0.70096	236	0	0
2026.07.20	17:37:00	0.70096	0.70097	0.70090	0.70095	185	0	0
2026.07.20	17:38:00	0.70095	0.70101	0.70092	0.70096	153	0	0
2026.07.20	17:39:00	0.70096	0.70104	0.70096	0.70097	212	0	0
2026.07.20	17:40:00	0.70097	0.70105	0.70077	0.70078	193	0	0
2026.07.20	17:41:00	0.70078	0.70084	0.70066	0.70070	266	0	0
2026.07.20	17:42:00	0.70070	0.70082	0.70070	0.70077	286	0	0
2026.07.20	17:43:00	0.70077	0.70085	0.70068	0.70068	278	0	0
2026.07.20	17:44:00	0.70068	0.70080	0.70068	0.70073	258	0	0
2026.07.20	17:45:00	0.70073	0.70078	0.70062	0.70075	317	0	0
2026.07.20	17:46:00	0.70075	0.70083	0.70070	0.70078	355	0	0
2026.07.20	17:47:00	0.70078	0.70091	0.70076	0.70081	306	0	0
2026.07.20	17:48:00	0.70081	0.70086	0.70080	0.70084	174	0	0
2026.07.20	17:49:00	0.70084	0.70088	0.70078	0.70078	274	0	0
2026.07.20	17:50:00	0.70078	0.70080	0.70062	0.70068	158	0	0
2026.07.20	17:51:00	0.70068	0.70074	0.70063	0.70064	249	0	0
2026.07.20	17:52:00	0.70064	0.70066	0.70043	0.70045	172	0	0
2026.07.20	17:53:00	0.70046	0.70048	0.70040	0.70043	212	0	0
2026.07.20	17:54:00	0.70043	0.70051	0.70038	0.70042	209	0	0
2026.07.20	17:55:00	0.70042	0.70042	0.70018	0.70022	327	0	0
2026.07.20	17:56:00	0.70022	0.70024	0.70013	0.70017	209	0	0
2026.07.20	17:57:00	0.70017	0.70018	0.69978	0.69996	370	0	0
2026.07.20	17:58:00	0.69996	0.70008	0.69996	0.70002	298	0	0
2026.07.20	17:59:00	0.70002	0.70004	0.69995	0.70003	242	0	0
2026.07.20	18:00:00	0.70004	0.70005	0.69983	0.70003	286	0	0
2026.07.20	18:01:00	0.70003	0.70017	0.70000	0.70016	288	0	0
2026.07.20	18:02:00	0.70016	0.70021	0.70004	0.70008	253	0	0
2026.07.20	18:03:00	0.70008	0.70014	0.69998	0.69999	179	0	0
2026.07.20	18:04:00	0.69998	0.70010	0.69996	0.70004	237	0	0
2026.07.20	18:05:00	0.70004	0.70008	0.69988	0.69990	282	0	0
2026.07.20	18:06:00	0.69990	0.69994	0.69981	0.69983	252	0	0
2026.07.20	18:07:00	0.69982	0.69995	0.69981	0.69994	279	0	0
2026.07.20	18:08:00	0.69994	0.70018	0.69989	0.70009	328	0	0
2026.07.20	18:09:00	0.70009	0.70028	0.70001	0.70025	383	0	0
2026.07.20	18:10:00	0.70025	0.70026	0.70004	0.70004	316	0	0
2026.07.20	18:11:00	0.70004	0.70008	0.69993	0.69996	301	0	0
2026.07.20	18:12:00	0.69996	0.70002	0.69988	0.69991	276	0	0
2026.07.20	18:13:00	0.69991	0.70003	0.69988	0.69999	325	0	0
2026.07.20	18:14:00	0.69999	0.70001	0.69988	0.69991	266	0	0
2026.07.20	18:15:00	0.69991	0.69997	0.69982	0.69993	250	0	0
2026.07.20	18:16:00	0.69993	0.70006	0.69987	0.70003	202	0	0
2026.07.20	18:17:00	0.70003	0.70008	0.69995	0.70000	211	0	0
2026.07.20	18:18:00	0.70000	0.70003	0.69995	0.69998	201	0	0
2026.07.20	18:19:00	0.69998	0.69998	0.69988	0.69989	201	0	0
2026.07.20	18:20:00	0.69989	0.69993	0.69982	0.69985	193	0	0
2026.07.20	18:21:00	0.69985	0.69993	0.69983	0.69991	183	0	0
2026.07.20	18:22:00	0.69991	0.69996	0.69987	0.69990	217	0	0
2026.07.20	18:23:00	0.69990	0.70002	0.69990	0.69996	172	0	0
2026.07.20	18:24:00	0.69997	0.70009	0.69995	0.70006	220	0	0
2026.07.20	18:25:00	0.70006	0.70013	0.70003	0.70012	148	0	0
2026.07.20	18:26:00	0.70012	0.70023	0.70011	0.70019	124	0	0
2026.07.20	18:27:00	0.70019	0.70027	0.70015	0.70019	169	0	0
2026.07.20	18:28:00	0.70019	0.70026	0.70016	0.70021	205	0	0
2026.07.20	18:29:00	0.70021	0.70028	0.70016	0.70026	159	0	0
2026.07.20	18:30:00	0.70026	0.70037	0.70024	0.70034	194	0	0
2026.07.20	18:31:00	0.70034	0.70037	0.70023	0.70024	246	0	0
2026.07.20	18:32:00	0.70024	0.70030	0.70022	0.70025	167	0	0
2026.07.20	18:33:00	0.70025	0.70029	0.70019	0.70020	195	0	0
2026.07.20	18:34:00	0.70020	0.70024	0.70013	0.70018	277	0	0
2026.07.20	18:35:00	0.70018	0.70026	0.70012	0.70025	261	0	0
2026.07.20	18:36:00	0.70025	0.70032	0.70023	0.70028	236	0	0
2026.07.20	18:37:00	0.70028	0.70031	0.70009	0.70010	186	0	0
2026.07.20	18:38:00	0.70010	0.70019	0.70007	0.70018	219	0	0
2026.07.20	18:39:00	0.70017	0.70019	0.69998	0.70004	188	0	0
2026.07.20	18:40:00	0.70004	0.70005	0.69997	0.69998	250	0	0
2026.07.20	18:41:00	0.69998	0.70011	0.69998	0.70000	223	0	0
2026.07.20	18:42:00	0.70000	0.70002	0.69993	0.69998	205	0	0
2026.07.20	18:43:00	0.69998	0.70006	0.69995	0.69996	192	0	0
2026.07.20	18:44:00	0.69996	0.70005	0.69994	0.70004	206	0	0
2026.07.20	18:45:00	0.70005	0.70007	0.69993	0.70000	189	0	0
2026.07.20	18:46:00	0.69999	0.70001	0.69993	0.69996	236	0	0
2026.07.20	18:47:00	0.69996	0.70002	0.69993	0.69999	215	0	0
2026.07.20	18:48:00	0.69999	0.70003	0.69994	0.69998	228	0	0
2026.07.20	18:49:00	0.69998	0.70016	0.69997	0.70010	250	0	0
2026.07.20	18:50:00	0.70010	0.70016	0.70008	0.70014	186	0	0
2026.07.20	18:51:00	0.70014	0.70028	0.70013	0.70018	209	0	0
2026.07.20	18:52:00	0.70018	0.70020	0.70013	0.70016	134	0	0
2026.07.20	18:53:00	0.70016	0.70024	0.70015	0.70021	205	0	0
2026.07.20	18:54:00	0.70021	0.70027	0.70019	0.70022	160	0	0
2026.07.20	18:55:00	0.70022	0.70035	0.70021	0.70032	153	0	0
2026.07.20	18:56:00	0.70032	0.70036	0.70028	0.70036	234	0	0
2026.07.20	18:57:00	0.70036	0.70036	0.70025	0.70028	260	0	0
2026.07.20	18:58:00	0.70030	0.70035	0.70028	0.70030	240	0	0
2026.07.20	18:59:00	0.70030	0.70033	0.70026	0.70027	154	0	0
2026.07.20	19:00:00	0.70027	0.70037	0.70026	0.70033	191	0	0
2026.07.20	19:01:00	0.70033	0.70046	0.70032	0.70044	260	0	0
2026.07.20	19:02:00	0.70041	0.70048	0.70034	0.70047	277	0	0
2026.07.20	19:03:00	0.70047	0.70052	0.70040	0.70052	245	0	0
2026.07.20	19:04:00	0.70052	0.70052	0.70037	0.70040	199	0	0
2026.07.20	19:05:00	0.70040	0.70051	0.70038	0.70051	185	0	0
2026.07.20	19:06:00	0.70051	0.70065	0.70047	0.70064	202	0	0
2026.07.20	19:07:00	0.70064	0.70066	0.70058	0.70062	190	0	0
2026.07.20	19:08:00	0.70062	0.70065	0.70058	0.70063	242	0	0
2026.07.20	19:09:00	0.70062	0.70065	0.70060	0.70065	193	0	0
2026.07.20	19:10:00	0.70064	0.70069	0.70062	0.70064	155	0	0
2026.07.20	19:11:00	0.70064	0.70072	0.70060	0.70071	220	0	0
2026.07.20	19:12:00	0.70071	0.70072	0.70063	0.70066	137	0	0
2026.07.20	19:13:00	0.70066	0.70071	0.70063	0.70066	188	0	0
2026.07.20	19:14:00	0.70066	0.70071	0.70064	0.70071	124	0	0
2026.07.20	19:15:00	0.70071	0.70072	0.70064	0.70068	152	0	0
2026.07.20	19:16:00	0.70068	0.70072	0.70064	0.70070	199	0	0
2026.07.20	19:17:00	0.70069	0.70081	0.70068	0.70079	159	0	0
2026.07.20	19:18:00	0.70079	0.70079	0.70068	0.70074	106	0	0
2026.07.20	19:19:00	0.70074	0.70076	0.70069	0.70070	86	0	0
2026.07.20	19:20:00	0.70069	0.70072	0.70067	0.70069	64	0	0
2026.07.20	19:21:00	0.70069	0.70070	0.70062	0.70063	66	0	0
2026.07.20	19:22:00	0.70063	0.70064	0.70058	0.70060	63	0	0
2026.07.20	19:23:00	0.70060	0.70062	0.70053	0.70055	114	0	0
2026.07.20	19:24:00	0.70055	0.70055	0.70053	0.70054	36	0	0
2026.07.20	19:25:00	0.70054	0.70055	0.70044	0.70049	140	0	0
2026.07.20	19:26:00	0.70049	0.70049	0.70039	0.70043	119	0	0
2026.07.20	19:27:00	0.70043	0.70050	0.70042	0.70047	128	0	0
2026.07.20	19:28:00	0.70047	0.70049	0.70043	0.70045	93	0	0
2026.07.20	19:29:00	0.70045	0.70050	0.70043	0.70047	138	0	0
2026.07.20	19:30:00	0.70047	0.70053	0.70046	0.70051	109	0	0
2026.07.20	19:31:00	0.70050	0.70054	0.70046	0.70053	95	0	0
2026.07.20	19:32:00	0.70052	0.70054	0.70047	0.70049	135	0	0
2026.07.20	19:33:00	0.70049	0.70051	0.70042	0.70043	126	0	0
2026.07.20	19:34:00	0.70043	0.70048	0.70037	0.70037	156	0	0
2026.07.20	19:35:00	0.70037	0.70045	0.70037	0.70039	80	0	0
2026.07.20	19:36:00	0.70039	0.70044	0.70038	0.70042	115	0	0
2026.07.20	19:37:00	0.70042	0.70049	0.70039	0.70049	142	0	0
2026.07.20	19:38:00	0.70049	0.70053	0.70047	0.70050	116	0	0
2026.07.20	19:39:00	0.70050	0.70054	0.70047	0.70047	148	0	0
2026.07.20	19:40:00	0.70047	0.70051	0.70043	0.70044	113	0	0
2026.07.20	19:41:00	0.70044	0.70048	0.69990	0.70022	409	0	0
2026.07.20	19:42:00	0.70022	0.70037	0.70018	0.70024	251	0	0
2026.07.20	19:43:00	0.70024	0.70032	0.70023	0.70026	140	0	0
2026.07.20	19:44:00	0.70026	0.70030	0.70022	0.70027	121	0	0
2026.07.20	19:45:00	0.70027	0.70028	0.70013	0.70014	132	0	0
2026.07.20	19:46:00	0.70014	0.70030	0.70012	0.70027	168	0	0
2026.07.20	19:47:00	0.70027	0.70031	0.70024	0.70026	112	0	0
2026.07.20	19:48:00	0.70026	0.70032	0.70026	0.70028	105	0	0
2026.07.20	19:49:00	0.70028	0.70033	0.70027	0.70032	85	0	0
2026.07.20	19:50:00	0.70032	0.70032	0.70021	0.70023	117	0	0
2026.07.20	19:51:00	0.70023	0.70027	0.70021	0.70023	102	0	0
2026.07.20	19:52:00	0.70023	0.70027	0.70018	0.70026	119	0	0
2026.07.20	19:53:00	0.70026	0.70030	0.70025	0.70027	72	0	0
2026.07.20	19:54:00	0.70027	0.70032	0.70024	0.70025	134	0	0
2026.07.20	19:55:00	0.70025	0.70031	0.70022	0.70030	88	0	0
2026.07.20	19:56:00	0.70030	0.70035	0.70027	0.70027	135	0	0
2026.07.20	19:57:00	0.70027	0.70038	0.70027	0.70034	138	0	0
2026.07.20	19:58:00	0.70034	0.70038	0.70031	0.70032	137	0	0
2026.07.20	19:59:00	0.70032	0.70039	0.70031	0.70032	197	0	0
2026.07.20	20:00:00	0.70033	0.70049	0.70033	0.70043	230	0	0
2026.07.20	20:01:00	0.70043	0.70049	0.70038	0.70039	257	0	0
2026.07.20	20:02:00	0.70039	0.70046	0.70035	0.70044	183	0	0
2026.07.20	20:03:00	0.70044	0.70050	0.70040	0.70042	171	0	0
2026.07.20	20:04:00	0.70042	0.70043	0.70037	0.70037	105	0	0
2026.07.20	20:05:00	0.70037	0.70040	0.70034	0.70035	114	0	0
2026.07.20	20:06:00	0.70035	0.70040	0.70034	0.70036	103	0	0
2026.07.20	20:07:00	0.70036	0.70042	0.70035	0.70038	91	0	0
2026.07.20	20:08:00	0.70038	0.70040	0.70030	0.70037	150	0	0
2026.07.20	20:09:00	0.70038	0.70048	0.70037	0.70044	124	0	0
2026.07.20	20:10:00	0.70044	0.70046	0.70036	0.70038	119	0	0
2026.07.20	20:11:00	0.70038	0.70038	0.70029	0.70031	117	0	0
2026.07.20	20:12:00	0.70031	0.70036	0.70029	0.70031	161	0	0
2026.07.20	20:13:00	0.70031	0.70035	0.70028	0.70029	100	0	0
2026.07.20	20:14:00	0.70029	0.70031	0.70016	0.70019	257	0	0
2026.07.20	20:15:00	0.70019	0.70025	0.70016	0.70021	175	0	0
2026.07.20	20:16:00	0.70021	0.70029	0.70019	0.70027	185	0	0
2026.07.20	20:17:00	0.70027	0.70035	0.70026	0.70030	116	0	0
2026.07.20	20:18:00	0.70030	0.70037	0.70030	0.70036	102	0	0
2026.07.20	20:19:00	0.70036	0.70039	0.70032	0.70035	163	0	0
2026.07.20	20:20:00	0.70035	0.70041	0.70033	0.70035	160	0	0
2026.07.20	20:21:00	0.70036	0.70043	0.70035	0.70042	140	0	0
2026.07.20	20:22:00	0.70042	0.70051	0.70042	0.70044	140	0	0
2026.07.20	20:23:00	0.70044	0.70049	0.70043	0.70047	121	0	0
2026.07.20	20:24:00	0.70047	0.70048	0.70043	0.70045	136	0	0
2026.07.20	20:25:00	0.70045	0.70050	0.70042	0.70049	139	0	0
2026.07.20	20:26:00	0.70049	0.70050	0.70044	0.70049	97	0	0
2026.07.20	20:27:00	0.70049	0.70051	0.70044	0.70046	95	0	0
2026.07.20	20:28:00	0.70046	0.70049	0.70041	0.70044	138	0	0
2026.07.20	20:29:00	0.70044	0.70048	0.70043	0.70044	111	0	0
2026.07.20	20:30:00	0.70044	0.70045	0.70039	0.70039	105	0	0
2026.07.20	20:31:00	0.70040	0.70045	0.70038	0.70040	86	0	0
2026.07.20	20:32:00	0.70040	0.70050	0.70039	0.70047	118	0	0
2026.07.20	20:33:00	0.70047	0.70049	0.70044	0.70047	105	0	0
2026.07.20	20:34:00	0.70045	0.70051	0.70041	0.70042	123	0	0
2026.07.20	20:35:00	0.70042	0.70045	0.70039	0.70039	164	0	0
2026.07.20	20:36:00	0.70040	0.70041	0.70033	0.70033	91	0	0
2026.07.20	20:37:00	0.70033	0.70034	0.70028	0.70031	170	0	0
2026.07.20	20:38:00	0.70031	0.70034	0.70029	0.70032	192	0	0
2026.07.20	20:39:00	0.70032	0.70034	0.70024	0.70026	128	0	0
2026.07.20	20:40:00	0.70026	0.70031	0.70026	0.70028	107	0	0
2026.07.20	20:41:00	0.70028	0.70032	0.70027	0.70030	105	0	0
2026.07.20	20:42:00	0.70030	0.70032	0.70028	0.70031	115	0	0
2026.07.20	20:43:00	0.70030	0.70034	0.70024	0.70024	135	0	0
2026.07.20	20:44:00	0.70024	0.70030	0.70023	0.70028	100	0	0
2026.07.20	20:45:00	0.70028	0.70032	0.70024	0.70030	124	0	0
2026.07.20	20:46:00	0.70030	0.70036	0.70029	0.70031	113	0	0
2026.07.20	20:47:00	0.70031	0.70034	0.70030	0.70033	106	0	0
2026.07.20	20:48:00	0.70033	0.70038	0.70031	0.70035	109	0	0
2026.07.20	20:49:00	0.70036	0.70037	0.70030	0.70035	133	0	0
2026.07.20	20:50:00	0.70035	0.70040	0.70032	0.70035	113	0	0
2026.07.20	20:51:00	0.70035	0.70042	0.70030	0.70040	114	0	0
2026.07.20	20:52:00	0.70040	0.70044	0.70039	0.70040	95	0	0
2026.07.20	20:53:00	0.70040	0.70048	0.70039	0.70045	115	0	0
2026.07.20	20:54:00	0.70045	0.70047	0.70039	0.70040	214	0	0
2026.07.20	20:55:00	0.70040	0.70047	0.70039	0.70043	115	0	0
2026.07.20	20:56:00	0.70043	0.70045	0.70035	0.70039	156	0	0
2026.07.20	20:57:00	0.70039	0.70043	0.70038	0.70040	81	0	0
2026.07.20	20:58:00	0.70040	0.70045	0.70039	0.70039	109	0	0
2026.07.20	20:59:00	0.70039	0.70041	0.70034	0.70037	101	0	0
2026.07.20	21:00:00	0.70037	0.70045	0.70037	0.70043	153	0	0
2026.07.20	21:01:00	0.70043	0.70049	0.70043	0.70048	211	0	0
2026.07.20	21:02:00	0.70048	0.70049	0.70044	0.70046	128	0	0
2026.07.20	21:03:00	0.70045	0.70047	0.70043	0.70045	68	0	0
2026.07.20	21:04:00	0.70045	0.70049	0.70043	0.70046	82	0	0
2026.07.20	21:05:00	0.70046	0.70050	0.70044	0.70045	100	0	0
2026.07.20	21:06:00	0.70045	0.70048	0.70043	0.70046	123	0	0
2026.07.20	21:07:00	0.70047	0.70048	0.70043	0.70043	81	0	0
2026.07.20	21:08:00	0.70043	0.70049	0.70043	0.70046	91	0	0
2026.07.20	21:09:00	0.70046	0.70059	0.70045	0.70056	82	0	0
2026.07.20	21:10:00	0.70056	0.70060	0.70052	0.70058	101	0	0
2026.07.20	21:11:00	0.70058	0.70059	0.70053	0.70054	130	0	0
2026.07.20	21:12:00	0.70054	0.70058	0.70053	0.70054	128	0	0
2026.07.20	21:13:00	0.70054	0.70060	0.70054	0.70057	180	0	0
2026.07.20	21:14:00	0.70057	0.70060	0.70055	0.70058	108	0	0
2026.07.20	21:15:00	0.70058	0.70069	0.70055	0.70067	194	0	0
2026.07.20	21:16:00	0.70067	0.70073	0.70066	0.70070	122	0	0
2026.07.20	21:17:00	0.70070	0.70076	0.70068	0.70070	168	0	0
2026.07.20	21:18:00	0.70070	0.70074	0.70065	0.70070	141	0	0
2026.07.20	21:19:00	0.70070	0.70071	0.70059	0.70065	126	0	0
2026.07.20	21:20:00	0.70065	0.70065	0.70057	0.70060	174	0	0
2026.07.20	21:21:00	0.70060	0.70062	0.70051	0.70059	180	0	0
2026.07.20	21:22:00	0.70059	0.70062	0.70049	0.70049	122	0	0
2026.07.20	21:23:00	0.70049	0.70049	0.70040	0.70044	158	0	0
2026.07.20	21:24:00	0.70044	0.70047	0.70035	0.70035	172	0	0
2026.07.20	21:25:00	0.70034	0.70047	0.70032	0.70044	122	0	0
2026.07.20	21:26:00	0.70044	0.70048	0.70040	0.70042	135	0	0
2026.07.20	21:27:00	0.70042	0.70046	0.70040	0.70042	184	0	0
2026.07.20	21:28:00	0.70042	0.70046	0.70037	0.70040	190	0	0
2026.07.20	21:29:00	0.70040	0.70047	0.70038	0.70038	198	0	0
2026.07.20	21:30:00	0.70038	0.70041	0.70029	0.70030	193	0	0
2026.07.20	21:31:00	0.70030	0.70034	0.70026	0.70030	160	0	0
2026.07.20	21:32:00	0.70030	0.70034	0.70026	0.70029	168	0	0
2026.07.20	21:33:00	0.70029	0.70030	0.70021	0.70025	141	0	0
2026.07.20	21:34:00	0.70025	0.70025	0.70014	0.70017	167	0	0
2026.07.20	21:35:00	0.70017	0.70024	0.70015	0.70019	177	0	0
2026.07.20	21:36:00	0.70019	0.70028	0.70017	0.70024	136	0	0
2026.07.20	21:37:00	0.70024	0.70027	0.70020	0.70021	83	0	0
2026.07.20	21:38:00	0.70021	0.70027	0.70021	0.70024	81	0	0
2026.07.20	21:39:00	0.70023	0.70024	0.70016	0.70021	118	0	0
2026.07.20	21:40:00	0.70021	0.70023	0.70011	0.70013	154	0	0
2026.07.20	21:41:00	0.70013	0.70018	0.70010	0.70014	161	0	0
2026.07.20	21:42:00	0.70014	0.70020	0.70011	0.70015	128	0	0
2026.07.20	21:43:00	0.70015	0.70017	0.70010	0.70016	167	0	0
2026.07.20	21:44:00	0.70016	0.70017	0.70006	0.70008	139	0	0
2026.07.20	21:45:00	0.70008	0.70014	0.70000	0.70006	201	0	0
2026.07.20	21:46:00	0.70006	0.70012	0.70002	0.70009	156	0	0
2026.07.20	21:47:00	0.70010	0.70016	0.70008	0.70011	133	0	0
2026.07.20	21:48:00	0.70011	0.70015	0.70009	0.70013	172	0	0
2026.07.20	21:49:00	0.70013	0.70016	0.70009	0.70009	151	0	0
2026.07.20	21:50:00	0.70009	0.70016	0.70008	0.70013	119	0	0
2026.07.20	21:51:00	0.70013	0.70017	0.70009	0.70011	232	0	0
2026.07.20	21:52:00	0.70012	0.70017	0.70009	0.70014	166	0	0
2026.07.20	21:53:00	0.70014	0.70022	0.70014	0.70021	161	0	0
2026.07.20	21:54:00	0.70022	0.70023	0.70013	0.70018	183	0	0
2026.07.20	21:55:00	0.70018	0.70018	0.70013	0.70013	169	0	0
2026.07.20	21:56:00	0.70013	0.70016	0.70008	0.70009	111	0	0
2026.07.20	21:57:00	0.70009	0.70018	0.70006	0.70015	147	0	0
2026.07.20	21:58:00	0.70015	0.70017	0.70010	0.70017	186	0	0
2026.07.20	21:59:00	0.70019	0.70026	0.70011	0.70022	217	0	0
2026.07.20	22:00:00	0.70022	0.70030	0.70021	0.70029	219	0	0
2026.07.20	22:01:00	0.70029	0.70033	0.70024	0.70025	216	0	0
2026.07.20	22:02:00	0.70027	0.70027	0.70021	0.70022	146	0	0
2026.07.20	22:03:00	0.70022	0.70023	0.70011	0.70014	200	0	0
2026.07.20	22:04:00	0.70014	0.70019	0.70009	0.70014	152	0	0
2026.07.20	22:05:00	0.70014	0.70017	0.70007	0.70008	161	0	0
2026.07.20	22:06:00	0.70008	0.70013	0.70005	0.70011	115	0	0
2026.07.20	22:07:00	0.70011	0.70016	0.70007	0.70009	100	0	0
2026.07.20	22:08:00	0.70009	0.70010	0.70004	0.70005	113	0	0
2026.07.20	22:09:00	0.70005	0.70012	0.70005	0.70009	117	0	0
2026.07.20	22:10:00	0.70009	0.70017	0.70009	0.70013	154	0	0
2026.07.20	22:11:00	0.70013	0.70013	0.70000	0.70000	96	0	0
2026.07.20	22:12:00	0.70000	0.70004	0.69995	0.69999	126	0	0
2026.07.20	22:13:00	0.69999	0.69999	0.69989	0.69994	122	0	0
2026.07.20	22:14:00	0.69996	0.69997	0.69989	0.69990	79	0	0
2026.07.20	22:15:00	0.69990	0.69994	0.69987	0.69991	97	0	0
2026.07.20	22:16:00	0.69990	0.69992	0.69986	0.69991	87	0	0
2026.07.20	22:17:00	0.69991	0.69992	0.69981	0.69985	116	0	0
2026.07.20	22:18:00	0.69985	0.69991	0.69985	0.69991	82	0	0
2026.07.20	22:19:00	0.69991	0.69992	0.69986	0.69989	130	0	0
2026.07.20	22:20:00	0.69989	0.69997	0.69989	0.69990	125	0	0
2026.07.20	22:21:00	0.69990	0.69997	0.69990	0.69990	144	0	0
2026.07.20	22:22:00	0.69990	0.69995	0.69990	0.69990	116	0	0
2026.07.20	22:23:00	0.69990	0.70001	0.69990	0.70001	126	0	0
2026.07.20	22:24:00	0.69999	0.70001	0.69996	0.69999	88	0	0
2026.07.20	22:25:00	0.69999	0.70000	0.69993	0.69994	82	0	0
2026.07.20	22:26:00	0.69994	0.69996	0.69991	0.69993	46	0	0
2026.07.20	22:27:00	0.69993	0.69995	0.69990	0.69994	67	0	0
2026.07.20	22:28:00	0.69994	0.69997	0.69991	0.69992	88	0	0
2026.07.20	22:29:00	0.69992	0.70027	0.69990	0.70018	345	0	0
2026.07.20	22:30:00	0.70018	0.70027	0.70009	0.70009	297	0	0
2026.07.20	22:31:00	0.70009	0.70024	0.70008	0.70020	222	0	0
2026.07.20	22:32:00	0.70020	0.70025	0.70019	0.70023	188	0	0
2026.07.20	22:33:00	0.70023	0.70027	0.70016	0.70016	155	0	0
2026.07.20	22:34:00	0.70016	0.70020	0.70010	0.70010	122	0	0
2026.07.20	22:35:00	0.70010	0.70016	0.70009	0.70009	126	0	0
2026.07.20	22:36:00	0.70009	0.70013	0.70004	0.70009	159	0	0
2026.07.20	22:37:00	0.70009	0.70011	0.70001	0.70004	156	0	0
2026.07.20	22:38:00	0.70004	0.70015	0.70003	0.70009	182	0	0
2026.07.20	22:39:00	0.70009	0.70015	0.70007	0.70014	157	0	0
2026.07.20	22:40:00	0.70014	0.70018	0.70009	0.70014	101	0	0
2026.07.20	22:41:00	0.70014	0.70020	0.70013	0.70013	108	0	0
2026.07.20	22:42:00	0.70013	0.70018	0.70003	0.70004	126	0	0
2026.07.20	22:43:00	0.70004	0.70013	0.70003	0.70011	108	0	0
2026.07.20	22:44:00	0.70011	0.70013	0.70008	0.70008	68	0	0
2026.07.20	22:45:00	0.70008	0.70013	0.70001	0.70003	159	0	0
2026.07.20	22:46:00	0.70003	0.70006	0.70000	0.70004	97	0	0
2026.07.20	22:47:00	0.70004	0.70008	0.70003	0.70007	103	0	0
2026.07.20	22:48:00	0.70007	0.70012	0.70004	0.70009	84	0	0
2026.07.20	22:49:00	0.70009	0.70018	0.70009	0.70016	132	0	0
2026.07.20	22:50:00	0.70016	0.70017	0.70010	0.70014	106	0	0
2026.07.20	22:51:00	0.70014	0.70018	0.70013	0.70013	95	0	0
2026.07.20	22:52:00	0.70013	0.70014	0.70009	0.70009	102	0	0
2026.07.20	22:53:00	0.70009	0.70011	0.70004	0.70004	76	0	0
2026.07.20	22:54:00	0.70004	0.70010	0.70003	0.70008	94	0	0
2026.07.20	22:55:00	0.70008	0.70009	0.69990	0.69994	107	0	0
2026.07.20	22:56:00	0.69994	0.70001	0.69992	0.70001	112	0	0
2026.07.20	22:57:00	0.70001	0.70005	0.69996	0.70000	121	0	0
2026.07.20	22:58:00	0.70000	0.70003	0.69999	0.70001	131	0	0
2026.07.20	22:59:00	0.70001	0.70003	0.69996	0.69999	164	0	0
2026.07.20	23:00:00	0.69999	0.70010	0.69999	0.70008	158	0	0
2026.07.20	23:01:00	0.70008	0.70009	0.70003	0.70006	135	0	0
2026.07.20	23:02:00	0.70007	0.70009	0.70002	0.70003	117	0	0
2026.07.20	23:03:00	0.70002	0.70003	0.69997	0.69998	40	0	0
2026.07.20	23:04:00	0.69998	0.70000	0.69997	0.69998	31	0	0
2026.07.20	23:05:00	0.69998	0.70001	0.69989	0.69989	57	0	0
2026.07.20	23:06:00	0.69989	0.69989	0.69984	0.69984	36	0	0
2026.07.20	23:07:00	0.69984	0.69984	0.69973	0.69974	35	0	0
2026.07.20	23:08:00	0.69974	0.69977	0.69973	0.69974	25	0	0
2026.07.20	23:09:00	0.69973	0.69974	0.69969	0.69974	20	0	0
2026.07.20	23:10:00	0.69974	0.69974	0.69973	0.69974	17	0	0
2026.07.20	23:11:00	0.69974	0.69977	0.69973	0.69974	23	0	0
2026.07.20	23:12:00	0.69974	0.69979	0.69974	0.69974	21	0	0
2026.07.20	23:13:00	0.69974	0.69976	0.69974	0.69974	19	0	0
2026.07.20	23:14:00	0.69974	0.69979	0.69974	0.69978	17	0	0
2026.07.20	23:15:00	0.69978	0.69980	0.69974	0.69974	43	0	0
2026.07.20	23:16:00	0.69974	0.69976	0.69969	0.69969	18	0	0
2026.07.20	23:17:00	0.69969	0.69970	0.69966	0.69968	19	0	0
2026.07.20	23:18:00	0.69968	0.69969	0.69963	0.69967	25	0	0
2026.07.20	23:19:00	0.69967	0.69970	0.69964	0.69968	64	0	0
2026.07.20	23:20:00	0.69969	0.69972	0.69968	0.69970	20	0	0
2026.07.20	23:21:00	0.69969	0.69975	0.69968	0.69975	48	0	0
2026.07.20	23:22:00	0.69974	0.69975	0.69971	0.69975	50	0	0
2026.07.20	23:23:00	0.69975	0.69980	0.69975	0.69978	71	0	0
2026.07.20	23:24:00	0.69977	0.69980	0.69976	0.69979	68	0	0
2026.07.20	23:25:00	0.69979	0.69985	0.69979	0.69984	83	0	0
2026.07.20	23:26:00	0.69984	0.69984	0.69978	0.69980	53	0	0
2026.07.20	23:27:00	0.69980	0.69983	0.69975	0.69979	82	0	0
2026.07.20	23:28:00	0.69979	0.69981	0.69977	0.69978	32	0	0
2026.07.20	23:29:00	0.69978	0.69982	0.69978	0.69980	33	0	0
2026.07.20	23:30:00	0.69980	0.69982	0.69978	0.69979	23	0	0
2026.07.20	23:31:00	0.69979	0.69980	0.69978	0.69979	5	0	0
2026.07.20	23:32:00	0.69979	0.69980	0.69977	0.69979	9	0	0
2026.07.20	23:33:00	0.69979	0.69982	0.69978	0.69979	22	0	0
2026.07.20	23:34:00	0.69979	0.69983	0.69979	0.69982	22	0	0
2026.07.20	23:35:00	0.69982	0.69982	0.69978	0.69979	31	0	0
2026.07.20	23:36:00	0.69979	0.69981	0.69978	0.69978	31	0	0
2026.07.20	23:37:00	0.69978	0.69979	0.69978	0.69979	4	0	0
2026.07.20	23:38:00	0.69979	0.69980	0.69978	0.69978	8	0	0
2026.07.20	23:39:00	0.69978	0.69978	0.69977	0.69977	8	0	0
2026.07.20	23:40:00	0.69977	0.69981	0.69977	0.69979	11	0	0
2026.07.20	23:41:00	0.69979	0.69981	0.69979	0.69979	18	0	0
2026.07.20	23:42:00	0.69979	0.69982	0.69979	0.69979	20	0	0
2026.07.20	23:43:00	0.69979	0.69979	0.69978	0.69979	3	0	0
2026.07.20	23:44:00	0.69979	0.69980	0.69978	0.69978	18	0	0
2026.07.20	23:45:00	0.69978	0.69981	0.69976	0.69979	103	0	0
2026.07.20	23:46:00	0.69979	0.69979	0.69973	0.69974	26	0	0
2026.07.20	23:47:00	0.69974	0.69977	0.69972	0.69974	43	0	0
2026.07.20	23:48:00	0.69974	0.69976	0.69974	0.69975	47	0	0
2026.07.20	23:49:00	0.69975	0.69979	0.69975	0.69976	51	0	0
2026.07.20	23:50:00	0.69976	0.69980	0.69974	0.69979	58	0	0
2026.07.20	23:51:00	0.69979	0.69979	0.69976	0.69978	11	0	0
2026.07.20	23:52:00	0.69978	0.69982	0.69976	0.69982	14	0	0
2026.07.20	23:53:00	0.69982	0.69983	0.69977	0.69977	16	0	0
2026.07.20	23:54:00	0.69977	0.69979	0.69977	0.69977	5	0	0
2026.07.20	23:55:00	0.69977	0.69983	0.69977	0.69979	60	0	0
2026.07.20	23:56:00	0.69981	0.69992	0.69980	0.69992	52	0	0
2026.07.20	23:57:00	0.69992	0.69992	0.69988	0.69990	54	0	0
2026.07.20	23:58:00	0.69990	0.69992	0.69987	0.69987	73	0	0
2026.07.20	23:59:00	0.69987	0.69993	0.69983	0.69983	76	0	0
2026.07.21	00:00:00	0.69957	0.69957	0.69900	0.69900	3	0	43
2026.07.21	00:01:00	0.69906	0.70014	0.69906	0.70013	7	0	66
2026.07.21	00:02:00	0.70014	0.70014	0.70013	0.70014	7	0	68
2026.07.21	00:03:00	0.70014	0.70014	0.70014	0.70014	1	0	68
2026.07.21	00:04:00	0.70014	0.70014	0.70013	0.70013	2	0	68
2026.07.21	00:05:00	0.70013	0.70013	0.69977	0.69977	27	0	13
2026.07.21	00:06:00	0.69977	0.69978	0.69972	0.69972	5	0	22
2026.07.21	00:07:00	0.69972	0.69972	0.69962	0.69962	2	0	28
2026.07.21	00:08:00	0.69962	0.69962	0.69961	0.69962	3	0	38
2026.07.21	00:09:00	0.69961	0.69968	0.69961	0.69968	4	0	66
2026.07.21	00:10:00	0.69968	0.69977	0.69950	0.69975	35	0	62
2026.07.21	00:11:00	0.69975	0.69979	0.69969	0.69969	12	0	64
2026.07.21	00:12:00	0.69969	0.69980	0.69969	0.69975	16	0	51
2026.07.21	00:13:00	0.69975	0.69986	0.69975	0.69986	9	0	53
2026.07.21	00:14:00	0.69986	0.69990	0.69978	0.69979	33	0	44
2026.07.21	00:15:00	0.69979	0.69997	0.69966	0.69966	22	0	32
2026.07.21	00:16:00	0.69966	0.69999	0.69965	0.69984	38	0	24
2026.07.21	00:17:00	0.69984	0.69993	0.69982	0.69983	22	0	23
2026.07.21	00:18:00	0.69983	0.69984	0.69967	0.69984	4	0	32
2026.07.21	00:19:00	0.69984	0.69984	0.69979	0.69979	4	0	37
2026.07.21	00:20:00	0.69979	0.69980	0.69979	0.69980	10	0	38
2026.07.21	00:21:00	0.69980	0.69980	0.69958	0.69962	10	0	43
2026.07.21	00:22:00	0.69962	0.69962	0.69959	0.69959	4	0	34
2026.07.21	00:23:00	0.69959	0.69959	0.69959	0.69959	1	0	34
2026.07.21	00:24:00	0.69962	0.69962	0.69959	0.69959	2	0	35
2026.07.21	00:25:00	0.69959	0.69960	0.69919	0.69929	54	0	29
2026.07.21	00:26:00	0.69929	0.69940	0.69924	0.69940	52	0	34
2026.07.21	00:27:00	0.69940	0.69957	0.69935	0.69955	26	0	19
2026.07.21	00:28:00	0.69955	0.69956	0.69948	0.69956	12	0	18
2026.07.21	00:29:00	0.69956	0.69961	0.69956	0.69961	2	0	14
2026.07.21	00:30:00	0.69967	0.69977	0.69945	0.69964	32	0	8
2026.07.21	00:31:00	0.69964	0.69984	0.69947	0.69967	78	0	32
2026.07.21	00:32:00	0.69967	0.69978	0.69967	0.69969	29	0	60
2026.07.21	00:33:00	0.69969	0.70008	0.69965	0.69978	17	0	37
2026.07.21	00:34:00	0.69978	0.69991	0.69978	0.69985	8	0	51
2026.07.21	00:35:00	0.69985	0.69986	0.69979	0.69979	26	0	38
2026.07.21	00:36:00	0.69979	0.69987	0.69979	0.69982	24	0	35
2026.07.21	00:37:00	0.69982	0.69983	0.69966	0.69981	16	0	36
2026.07.21	00:38:00	0.69981	0.69989	0.69976	0.69983	24	0	26
2026.07.21	00:39:00	0.69983	0.69990	0.69970	0.69989	22	0	23
2026.07.21	00:40:00	0.69989	0.69999	0.69957	0.69972	222	0	0
2026.07.21	00:41:00	0.69972	0.69980	0.69942	0.69958	52	0	12
2026.07.21	00:42:00	0.69958	0.69965	0.69948	0.69957	106	0	9
2026.07.21	00:43:00	0.69957	0.69959	0.69950	0.69956	33	0	18
2026.07.21	00:44:00	0.69956	0.69958	0.69949	0.69956	37	0	14
2026.07.21	00:45:00	0.69957	0.69958	0.69950	0.69954	15	0	12
2026.07.21	00:46:00	0.69954	0.69954	0.69950	0.69950	11	0	8
2026.07.21	00:47:00	0.69950	0.69956	0.69948	0.69949	28	0	8
2026.07.21	00:48:00	0.69950	0.69956	0.69944	0.69955	36	0	7
2026.07.21	00:49:00	0.69955	0.69955	0.69949	0.69955	25	0	9
2026.07.21	00:50:00	0.69955	0.69955	0.69949	0.69955	22	0	8
2026.07.21	00:51:00	0.69955	0.69955	0.69954	0.69954	2	0	10
2026.07.21	00:52:00	0.69954	0.69955	0.69951	0.69955	8	0	9
2026.07.21	00:53:00	0.69955	0.69955	0.69953	0.69954	8	0	8
2026.07.21	00:54:00	0.69954	0.69954	0.69954	0.69954	1	0	9
2026.07.21	00:55:00	0.69954	0.69955	0.69952	0.69953	13	0	7
2026.07.21	00:56:00	0.69953	0.69954	0.69953	0.69953	3	0	9
2026.07.21	00:57:00	0.69953	0.69954	0.69948	0.69954	12	0	8
2026.07.21	00:58:00	0.69954	0.69954	0.69944	0.69944	5	0	10
2026.07.21	00:59:00	0.69944	0.69944	0.69940	0.69944	3	0	19
2026.07.21	01:00:00	0.69944	0.69978	0.69933	0.69962	137	0	0
2026.07.21	01:01:00	0.69962	0.69964	0.69956	0.69963	30	0	0
2026.07.21	01:02:00	0.69963	0.69965	0.69957	0.69957	71	0	0
2026.07.21	01:03:00	0.69957	0.69966	0.69957	0.69961	78	0	0
2026.07.21	01:04:00	0.69960	0.69965	0.69945	0.69948	250	0	0
2026.07.21	01:05:00	0.69948	0.69955	0.69937	0.69938	110	0	0
2026.07.21	01:06:00	0.69938	0.69944	0.69938	0.69941	14	0	0
2026.07.21	01:07:00	0.69941	0.69955	0.69940	0.69953	46	0	0
2026.07.21	01:08:00	0.69953	0.69954	0.69946	0.69949	31	0	0
2026.07.21	01:09:00	0.69949	0.69949	0.69949	0.69949	1	0	2
2026.07.21	01:10:00	0.69949	0.69956	0.69947	0.69949	54	0	0
2026.07.21	01:11:00	0.69949	0.69950	0.69947	0.69948	22	0	0
2026.07.21	01:12:00	0.69948	0.69948	0.69941	0.69942	19	0	0
2026.07.21	01:13:00	0.69942	0.69946	0.69939	0.69941	38	0	0
2026.07.21	01:14:00	0.69941	0.69945	0.69939	0.69945	15	0	0
2026.07.21	01:15:00	0.69944	0.69948	0.69937	0.69937	83	0	0
2026.07.21	01:16:00	0.69937	0.69938	0.69936	0.69936	41	0	0
2026.07.21	01:17:00	0.69936	0.69939	0.69936	0.69936	26	0	0
2026.07.21	01:18:00	0.69936	0.69940	0.69932	0.69935	22	0	0
2026.07.21	01:19:00	0.69935	0.69937	0.69935	0.69936	10	0	0
2026.07.21	01:20:00	0.69936	0.69938	0.69936	0.69937	18	0	0
2026.07.21	01:21:00	0.69936	0.69941	0.69936	0.69941	15	0	0
2026.07.21	01:22:00	0.69941	0.69943	0.69941	0.69941	12	0	0
2026.07.21	01:23:00	0.69941	0.69944	0.69941	0.69941	66	0	0
2026.07.21	01:24:00	0.69941	0.69944	0.69941	0.69941	38	0	0
2026.07.21	01:25:00	0.69941	0.69944	0.69940	0.69941	19	0	0
2026.07.21	01:26:00	0.69941	0.69942	0.69938	0.69939	21	0	0
2026.07.21	01:27:00	0.69939	0.69939	0.69936	0.69937	19	0	0
2026.07.21	01:28:00	0.69937	0.69940	0.69933	0.69936	31	0	0
2026.07.21	01:29:00	0.69936	0.69939	0.69936	0.69936	23	0	0
2026.07.21	01:30:00	0.69936	0.69946	0.69936	0.69943	67	0	0
2026.07.21	01:31:00	0.69943	0.69945	0.69942	0.69942	52	0	0
2026.07.21	01:32:00	0.69943	0.69946	0.69941	0.69943	42	0	0
2026.07.21	01:33:00	0.69943	0.69944	0.69936	0.69937	44	0	0
2026.07.21	01:34:00	0.69937	0.69937	0.69932	0.69934	63	0	0
2026.07.21	01:35:00	0.69934	0.69934	0.69933	0.69933	4	0	0
2026.07.21	01:36:00	0.69933	0.69935	0.69933	0.69934	44	0	0
2026.07.21	01:37:00	0.69935	0.69937	0.69933	0.69934	112	0	0
2026.07.21	01:38:00	0.69935	0.69937	0.69933	0.69937	71	0	0
2026.07.21	01:39:00	0.69937	0.69942	0.69937	0.69939	53	0	0
2026.07.21	01:40:00	0.69939	0.69940	0.69937	0.69938	27	0	0
2026.07.21	01:41:00	0.69938	0.69939	0.69937	0.69937	38	0	0
2026.07.21	01:42:00	0.69937	0.69942	0.69937	0.69942	17	0	0
2026.07.21	01:43:00	0.69941	0.69943	0.69938	0.69943	42	0	0
2026.07.21	01:44:00	0.69943	0.69943	0.69934	0.69943	106	0	0
2026.07.21	01:45:00	0.69941	0.69958	0.69937	0.69942	220	0	0
2026.07.21	01:46:00	0.69942	0.69947	0.69933	0.69947	131	0	0
2026.07.21	01:47:00	0.69947	0.69947	0.69938	0.69941	57	0	0
2026.07.21	01:48:00	0.69941	0.69943	0.69939	0.69942	40	0	0
2026.07.21	01:49:00	0.69942	0.69942	0.69940	0.69940	20	0	0
2026.07.21	01:50:00	0.69940	0.69940	0.69936	0.69936	46	0	0
2026.07.21	01:51:00	0.69936	0.69940	0.69936	0.69937	63	0	0
2026.07.21	01:52:00	0.69937	0.69945	0.69937	0.69942	92	0	0
2026.07.21	01:53:00	0.69942	0.69945	0.69940	0.69942	124	0	0
2026.07.21	01:54:00	0.69942	0.69945	0.69942	0.69945	118	0	0
2026.07.21	01:55:00	0.69945	0.69950	0.69944	0.69950	68	0	0
2026.07.21	01:56:00	0.69950	0.69951	0.69946	0.69950	29	0	0
2026.07.21	01:57:00	0.69950	0.69950	0.69944	0.69945	67	0	0
2026.07.21	01:58:00	0.69945	0.69948	0.69942	0.69946	69	0	0
2026.07.21	01:59:00	0.69946	0.69954	0.69946	0.69954	112	0	0
2026.07.21	02:00:00	0.69954	0.69955	0.69947	0.69948	46	0	0
2026.07.21	02:01:00	0.69948	0.69954	0.69946	0.69954	56	0	0
2026.07.21	02:02:00	0.69952	0.69958	0.69952	0.69958	80	0	0
2026.07.21	02:03:00	0.69958	0.69959	0.69956	0.69958	59	0	0
2026.07.21	02:04:00	0.69959	0.69975	0.69958	0.69975	91	0	0
2026.07.21	02:05:00	0.69973	0.69977	0.69970	0.69971	78	0	0
2026.07.21	02:06:00	0.69971	0.69975	0.69965	0.69972	39	0	0
2026.07.21	02:07:00	0.69972	0.69980	0.69972	0.69975	87	0	0
2026.07.21	02:08:00	0.69975	0.69986	0.69974	0.69984	116	0	0
2026.07.21	02:09:00	0.69984	0.69988	0.69979	0.69981	103	0	0
2026.07.21	02:10:00	0.69982	0.69984	0.69975	0.69977	143	0	0
2026.07.21	02:11:00	0.69977	0.69982	0.69977	0.69978	100	0	0
2026.07.21	02:12:00	0.69978	0.69985	0.69978	0.69980	104	0	0
2026.07.21	02:13:00	0.69980	0.69983	0.69977	0.69979	109	0	0
2026.07.21	02:14:00	0.69979	0.69980	0.69975	0.69979	75	0	0
2026.07.21	02:15:00	0.69979	0.69988	0.69977	0.69987	62	0	0
2026.07.21	02:16:00	0.69987	0.69987	0.69977	0.69979	61	0	0
2026.07.21	02:17:00	0.69979	0.69989	0.69978	0.69988	57	0	0
2026.07.21	02:18:00	0.69987	0.69994	0.69987	0.69991	62	0	0
2026.07.21	02:19:00	0.69991	0.69995	0.69990	0.69995	74	0	0
2026.07.21	02:20:00	0.69994	0.69997	0.69992	0.69993	71	0	0
2026.07.21	02:21:00	0.69993	0.69995	0.69991	0.69992	67	0	0
2026.07.21	02:22:00	0.69992	0.69992	0.69986	0.69988	59	0	0
2026.07.21	02:23:00	0.69988	0.69989	0.69982	0.69984	39	0	0
2026.07.21	02:24:00	0.69984	0.69986	0.69981	0.69985	40	0	0
2026.07.21	02:25:00	0.69984	0.69985	0.69981	0.69981	40	0	0
2026.07.21	02:26:00	0.69981	0.69986	0.69981	0.69982	61	0	0
2026.07.21	02:27:00	0.69982	0.69985	0.69981	0.69983	83	0	0
2026.07.21	02:28:00	0.69984	0.69986	0.69983	0.69986	52	0	0
2026.07.21	02:29:00	0.69986	0.69986	0.69980	0.69980	44	0	0
2026.07.21	02:30:00	0.69980	0.69983	0.69978	0.69982	23	0	0
2026.07.21	02:31:00	0.69981	0.69984	0.69981	0.69983	19	0	0
2026.07.21	02:32:00	0.69983	0.69987	0.69983	0.69986	97	0	0
2026.07.21	02:33:00	0.69986	0.69997	0.69986	0.69994	59	0	0
2026.07.21	02:34:00	0.69994	0.70000	0.69993	0.69999	32	0	0
2026.07.21	02:35:00	0.69999	0.69999	0.69993	0.69994	41	0	0
2026.07.21	02:36:00	0.69994	0.69997	0.69993	0.69997	51	0	0
2026.07.21	02:37:00	0.69997	0.69997	0.69991	0.69992	50	0	0
2026.07.21	02:38:00	0.69991	0.69996	0.69991	0.69994	44	0	0
2026.07.21	02:39:00	0.69994	0.69995	0.69989	0.69990	36	0	0
2026.07.21	02:40:00	0.69990	0.69992	0.69989	0.69991	44	0	0
2026.07.21	02:41:00	0.69991	0.69996	0.69991	0.69996	48	0	0
2026.07.21	02:42:00	0.69995	0.70001	0.69994	0.69999	40	0	0
2026.07.21	02:43:00	0.69998	0.69999	0.69996	0.69999	35	0	0
2026.07.21	02:44:00	0.69999	0.70000	0.69996	0.69998	17	0	0
2026.07.21	02:45:00	0.69998	0.69999	0.69991	0.69993	123	0	0
2026.07.21	02:46:00	0.69993	0.70002	0.69990	0.69992	112	0	0
2026.07.21	02:47:00	0.69992	0.70002	0.69981	0.69998	208	0	0
2026.07.21	02:48:00	0.69998	0.69999	0.69995	0.69996	88	0	0
2026.07.21	02:49:00	0.69996	0.69997	0.69989	0.69991	91	0	0
2026.07.21	02:50:00	0.69991	0.69991	0.69980	0.69982	123	0	0
2026.07.21	02:51:00	0.69984	0.69990	0.69981	0.69988	103	0	0
2026.07.21	02:52:00	0.69988	0.69995	0.69988	0.69993	113	0	0
2026.07.21	02:53:00	0.69993	0.69996	0.69992	0.69992	91	0	0
2026.07.21	02:54:00	0.69992	0.70001	0.69992	0.70001	61	0	0
2026.07.21	02:55:00	0.70001	0.70005	0.69998	0.69999	100	0	0
2026.07.21	02:56:00	0.69999	0.70006	0.69997	0.70001	156	0	0
2026.07.21	02:57:00	0.70001	0.70006	0.70001	0.70006	113	0	0
2026.07.21	02:58:00	0.70006	0.70009	0.70002	0.70007	92	0	0
2026.07.21	02:59:00	0.70007	0.70010	0.70000	0.70005	155	0	0
2026.07.21	03:00:00	0.70005	0.70014	0.69992	0.69994	311	0	0
2026.07.21	03:01:00	0.69994	0.69996	0.69984	0.69987	279	0	0
2026.07.21	03:02:00	0.69987	0.69991	0.69976	0.69981	234	0	0
2026.07.21	03:03:00	0.69981	0.69993	0.69980	0.69982	267	0	0
2026.07.21	03:04:00	0.69983	0.69985	0.69977	0.69981	223	0	0
2026.07.21	03:05:00	0.69981	0.69985	0.69973	0.69978	221	0	0
2026.07.21	03:06:00	0.69978	0.69994	0.69975	0.69988	240	0	0
2026.07.21	03:07:00	0.69988	0.69988	0.69968	0.69975	162	0	0
2026.07.21	03:08:00	0.69974	0.69975	0.69969	0.69971	182	0	0
2026.07.21	03:09:00	0.69971	0.69982	0.69969	0.69976	220	0	0
2026.07.21	03:10:00	0.69975	0.69985	0.69970	0.69975	229	0	0
2026.07.21	03:11:00	0.69975	0.69991	0.69974	0.69984	273	0	0
2026.07.21	03:12:00	0.69984	0.69991	0.69980	0.69987	206	0	0
2026.07.21	03:13:00	0.69987	0.70004	0.69987	0.69998	159	0	0
2026.07.21	03:14:00	0.69998	0.70002	0.69987	0.69994	245	0	0
2026.07.21	03:15:00	0.69995	0.70000	0.69989	0.69996	263	0	0
2026.07.21	03:16:00	0.69996	0.69996	0.69981	0.69991	174	0	0
2026.07.21	03:17:00	0.69990	0.69995	0.69983	0.69992	197	0	0
2026.07.21	03:18:00	0.69992	0.69998	0.69988	0.69997	234	0	0
2026.07.21	03:19:00	0.69997	0.70005	0.69992	0.70002	170	0	0
2026.07.21	03:20:00	0.70002	0.70010	0.69997	0.69998	192	0	0
2026.07.21	03:21:00	0.69997	0.70001	0.69984	0.69986	163	0	0
2026.07.21	03:22:00	0.69986	0.69988	0.69978	0.69983	119	0	0
2026.07.21	03:23:00	0.69983	0.69987	0.69979	0.69982	169	0	0
2026.07.21	03:24:00	0.69982	0.69991	0.69982	0.69987	204	0	0
2026.07.21	03:25:00	0.69987	0.69994	0.69982	0.69985	203	0	0
2026.07.21	03:26:00	0.69985	0.69989	0.69984	0.69987	133	0	0
2026.07.21	03:27:00	0.69987	0.70001	0.69987	0.69997	128	0	0
2026.07.21	03:28:00	0.69997	0.70003	0.69996	0.70002	187	0	0
2026.07.21	03:29:00	0.70001	0.70004	0.69996	0.70000	173	0	0
2026.07.21	03:30:00	0.70000	0.70002	0.69994	0.70000	222	0	0
2026.07.21	03:31:00	0.70001	0.70008	0.69992	0.69998	136	0	0
2026.07.21	03:32:00	0.69998	0.70008	0.69997	0.70007	124	0	0
2026.07.21	03:33:00	0.70006	0.70009	0.69997	0.69997	129	0	0
2026.07.21	03:34:00	0.69997	0.70010	0.69997	0.70006	116	0	0
2026.07.21	03:35:00	0.70006	0.70014	0.70006	0.70013	154	0	0
2026.07.21	03:36:00	0.70013	0.70018	0.70007	0.70009	126	0	0
2026.07.21	03:37:00	0.70009	0.70011	0.70005	0.70009	123	0	0
2026.07.21	03:38:00	0.70009	0.70014	0.70008	0.70012	105	0	0
2026.07.21	03:39:00	0.70012	0.70015	0.70009	0.70013	100	0	0
2026.07.21	03:40:00	0.70013	0.70022	0.70013	0.70015	107	0	0
2026.07.21	03:41:00	0.70015	0.70024	0.70011	0.70023	158	0	0
2026.07.21	03:42:00	0.70023	0.70031	0.70021	0.70029	115	0	0
2026.07.21	03:43:00	0.70029	0.70033	0.70023	0.70023	106	0	0
2026.07.21	03:44:00	0.70023	0.70035	0.70023	0.70031	159	0	0
2026.07.21	03:45:00	0.70031	0.70040	0.70029	0.70036	205	0	0
2026.07.21	03:46:00	0.70036	0.70040	0.70028	0.70040	204	0	0
2026.07.21	03:47:00	0.70039	0.70043	0.70034	0.70041	166	0	0
2026.07.21	03:48:00	0.70040	0.70056	0.70039	0.70052	247	0	0
2026.07.21	03:49:00	0.70052	0.70057	0.70047	0.70050	150	0	0
2026.07.21	03:50:00	0.70049	0.70057	0.70046	0.70047	233	0	0
2026.07.21	03:51:00	0.70047	0.70051	0.70042	0.70045	231	0	0
2026.07.21	03:52:00	0.70045	0.70057	0.70043	0.70047	181	0	0
2026.07.21	03:53:00	0.70047	0.70055	0.70047	0.70052	177	0	0
2026.07.21	03:54:00	0.70052	0.70056	0.70034	0.70038	257	0	0
2026.07.21	03:55:00	0.70039	0.70041	0.70033	0.70035	141	0	0
2026.07.21	03:56:00	0.70035	0.70042	0.70035	0.70037	148	0	0
2026.07.21	03:57:00	0.70037	0.70045	0.70034	0.70043	225	0	0
2026.07.21	03:58:00	0.70043	0.70043	0.70034	0.70035	145	0	0
2026.07.21	03:59:00	0.70035	0.70035	0.70017	0.70019	164	0	0
2026.07.21	04:00:00	0.70019	0.70024	0.70009	0.70020	243	0	0
2026.07.21	04:01:00	0.70020	0.70020	0.70012	0.70014	161	0	0
2026.07.21	04:02:00	0.70014	0.70018	0.70007	0.70017	167	0	0
2026.07.21	04:03:00	0.70017	0.70023	0.70013	0.70021	135	0	0
2026.07.21	04:04:00	0.70021	0.70024	0.70011	0.70021	121	0	0
2026.07.21	04:05:00	0.70020	0.70040	0.70020	0.70038	186	0	0
2026.07.21	04:06:00	0.70038	0.70047	0.70037	0.70039	212	0	0
2026.07.21	04:07:00	0.70039	0.70046	0.70035	0.70043	244	0	0
2026.07.21	04:08:00	0.70044	0.70051	0.70042	0.70047	167	0	0
2026.07.21	04:09:00	0.70047	0.70056	0.70043	0.70046	258	0	0
2026.07.21	04:10:00	0.70046	0.70059	0.70044	0.70056	230	0	0
2026.07.21	04:11:00	0.70054	0.70061	0.70051	0.70055	169	0	0
2026.07.21	04:12:00	0.70055	0.70057	0.70045	0.70048	125	0	0
2026.07.21	04:13:00	0.70048	0.70049	0.70043	0.70046	102	0	0
2026.07.21	04:14:00	0.70046	0.70048	0.70041	0.70041	158	0	0
2026.07.21	04:15:00	0.70041	0.70050	0.70040	0.70045	164	0	0
2026.07.21	04:16:00	0.70045	0.70055	0.70043	0.70053	177	0	0
2026.07.21	04:17:00	0.70053	0.70060	0.70045	0.70049	213	0	0
2026.07.21	04:18:00	0.70048	0.70048	0.70041	0.70047	190	0	0
2026.07.21	04:19:00	0.70047	0.70070	0.70042	0.70064	323	0	0
2026.07.21	04:20:00	0.70065	0.70068	0.70050	0.70053	244	0	0
2026.07.21	04:21:00	0.70054	0.70060	0.70048	0.70051	267	0	0
2026.07.21	04:22:00	0.70051	0.70064	0.70043	0.70060	277	0	0
2026.07.21	04:23:00	0.70061	0.70062	0.70050	0.70053	210	0	0
2026.07.21	04:24:00	0.70052	0.70055	0.70046	0.70051	212	0	0
2026.07.21	04:25:00	0.70051	0.70053	0.70044	0.70046	172	0	0
2026.07.21	04:26:00	0.70045	0.70046	0.70036	0.70043	180	0	0
2026.07.21	04:27:00	0.70044	0.70054	0.70040	0.70041	161	0	0
2026.07.21	04:28:00	0.70041	0.70053	0.70041	0.70050	223	0	0
2026.07.21	04:29:00	0.70050	0.70062	0.70050	0.70056	173	0	0
2026.07.21	04:30:00	0.70056	0.70077	0.70043	0.70045	379	0	0
2026.07.21	04:31:00	0.70045	0.70059	0.70042	0.70058	168	0	0
2026.07.21	04:32:00	0.70058	0.70075	0.70053	0.70072	195	0	0
2026.07.21	04:33:00	0.70072	0.70075	0.70066	0.70071	234	0	0
2026.07.21	04:34:00	0.70071	0.70071	0.70054	0.70061	179	0	0
2026.07.21	04:35:00	0.70061	0.70065	0.70052	0.70052	205	0	0
2026.07.21	04:36:00	0.70052	0.70062	0.70050	0.70057	201	0	0
2026.07.21	04:37:00	0.70057	0.70059	0.70046	0.70051	170	0	0
2026.07.21	04:38:00	0.70051	0.70054	0.70044	0.70053	178	0	0
2026.07.21	04:39:00	0.70053	0.70057	0.70046	0.70053	240	0	0
2026.07.21	04:40:00	0.70053	0.70073	0.70052	0.70068	219	0	0
2026.07.21	04:41:00	0.70068	0.70077	0.70064	0.70073	246	0	0
2026.07.21	04:42:00	0.70073	0.70073	0.70066	0.70069	162	0	0
2026.07.21	04:43:00	0.70069	0.70076	0.70065	0.70074	171	0	0
2026.07.21	04:44:00	0.70074	0.70074	0.70057	0.70058	166	0	0
2026.07.21	04:45:00	0.70058	0.70058	0.70046	0.70055	170	0	0
2026.07.21	04:46:00	0.70055	0.70064	0.70054	0.70061	188	0	0
2026.07.21	04:47:00	0.70061	0.70071	0.70059	0.70061	203	0	0
2026.07.21	04:48:00	0.70061	0.70066	0.70057	0.70061	162	0	0
2026.07.21	04:49:00	0.70060	0.70070	0.70058	0.70064	164	0	0
2026.07.21	04:50:00	0.70064	0.70069	0.70060	0.70063	115	0	0
2026.07.21	04:51:00	0.70063	0.70068	0.70057	0.70061	169	0	0
2026.07.21	04:52:00	0.70061	0.70068	0.70059	0.70066	204	0	0
2026.07.21	04:53:00	0.70066	0.70067	0.70058	0.70060	211	0	0
2026.07.21	04:54:00	0.70060	0.70065	0.70057	0.70063	173	0	0
2026.07.21	04:55:00	0.70063	0.70063	0.70052	0.70059	186	0	0
2026.07.21	04:56:00	0.70059	0.70064	0.70053	0.70057	228	0	0
2026.07.21	04:57:00	0.70059	0.70059	0.70048	0.70050	203	0	0
2026.07.21	04:58:00	0.70050	0.70054	0.70050	0.70050	113	0	0
2026.07.21	04:59:00	0.70050	0.70060	0.70049	0.70055	266	0	0
2026.07.21	05:00:00	0.70055	0.70063	0.70053	0.70057	235	0	0
2026.07.21	05:01:00	0.70057	0.70061	0.70052	0.70054	144	0	0
2026.07.21	05:02:00	0.70054	0.70067	0.70054	0.70063	99	0	0
2026.07.21	05:03:00	0.70063	0.70076	0.70063	0.70068	158	0	0
2026.07.21	05:04:00	0.70068	0.70072	0.70064	0.70070	173	0	0
2026.07.21	05:05:00	0.70069	0.70090	0.70067	0.70090	238	0	0
2026.07.21	05:06:00	0.70090	0.70096	0.70086	0.70088	145	0	0
2026.07.21	05:07:00	0.70088	0.70091	0.70085	0.70087	92	0	0
2026.07.21	05:08:00	0.70087	0.70095	0.70087	0.70092	126	0	0
2026.07.21	05:09:00	0.70092	0.70093	0.70082	0.70086	190	0	0
2026.07.21	05:10:00	0.70086	0.70093	0.70080	0.70084	155	0	0
2026.07.21	05:11:00	0.70084	0.70095	0.70082	0.70090	194	0	0
2026.07.21	05:12:00	0.70090	0.70092	0.70082	0.70085	119	0	0
2026.07.21	05:13:00	0.70085	0.70094	0.70085	0.70085	158	0	0
2026.07.21	05:14:00	0.70085	0.70088	0.70082	0.70085	134	0	0
2026.07.21	05:15:00	0.70085	0.70088	0.70080	0.70081	177	0	0
2026.07.21	05:16:00	0.70081	0.70088	0.70077	0.70082	147	0	0
2026.07.21	05:17:00	0.70082	0.70092	0.70080	0.70091	125	0	0
2026.07.21	05:18:00	0.70091	0.70094	0.70087	0.70091	109	0	0
2026.07.21	05:19:00	0.70091	0.70091	0.70074	0.70077	116	0	0
2026.07.21	05:20:00	0.70077	0.70085	0.70072	0.70082	179	0	0
2026.07.21	05:21:00	0.70082	0.70092	0.70081	0.70091	209	0	0
2026.07.21	05:22:00	0.70091	0.70093	0.70083	0.70088	190	0	0
2026.07.21	05:23:00	0.70088	0.70092	0.70083	0.70091	147	0	0
2026.07.21	05:24:00	0.70091	0.70095	0.70088	0.70092	163	0	0
2026.07.21	05:25:00	0.70092	0.70095	0.70086	0.70094	164	0	0
2026.07.21	05:26:00	0.70094	0.70096	0.70077	0.70080	161	0	0
2026.07.21	05:27:00	0.70080	0.70084	0.70063	0.70067	195	0	0
2026.07.21	05:28:00	0.70067	0.70069	0.70056	0.70060	185	0	0
2026.07.21	05:29:00	0.70060	0.70063	0.70039	0.70040	131	0	0
2026.07.21	05:30:00	0.70040	0.70058	0.70040	0.70056	185	0	0
2026.07.21	05:31:00	0.70056	0.70065	0.70053	0.70063	114	0	0
2026.07.21	05:32:00	0.70063	0.70070	0.70063	0.70067	109	0	0
2026.07.21	05:33:00	0.70066	0.70079	0.70066	0.70077	103	0	0
2026.07.21	05:34:00	0.70077	0.70078	0.70071	0.70072	123	0	0
2026.07.21	05:35:00	0.70072	0.70080	0.70072	0.70078	99	0	0
2026.07.21	05:36:00	0.70078	0.70097	0.70078	0.70091	190	0	0
2026.07.21	05:37:00	0.70091	0.70094	0.70084	0.70087	193	0	0
2026.07.21	05:38:00	0.70087	0.70092	0.70083	0.70084	164	0	0
2026.07.21	05:39:00	0.70084	0.70087	0.70076	0.70078	137	0	0
2026.07.21	05:40:00	0.70078	0.70086	0.70077	0.70081	136	0	0
2026.07.21	05:41:00	0.70081	0.70082	0.70075	0.70075	162	0	0
2026.07.21	05:42:00	0.70075	0.70083	0.70073	0.70073	198	0	0
2026.07.21	05:43:00	0.70073	0.70080	0.70072	0.70076	162	0	0
2026.07.21	05:44:00	0.70076	0.70082	0.70072	0.70078	98	0	0
2026.07.21	05:45:00	0.70078	0.70080	0.70072	0.70077	103	0	0
2026.07.21	05:46:00	0.70077	0.70080	0.70072	0.70078	175	0	0
2026.07.21	05:47:00	0.70078	0.70083	0.70073	0.70077	176	0	0
2026.07.21	05:48:00	0.70077	0.70086	0.70076	0.70082	164	0	0
2026.07.21	05:49:00	0.70082	0.70086	0.70080	0.70081	84	0	0
2026.07.21	05:50:00	0.70081	0.70084	0.70077	0.70078	163	0	0
2026.07.21	05:51:00	0.70078	0.70080	0.70072	0.70075	157	0	0
2026.07.21	05:52:00	0.70075	0.70075	0.70059	0.70067	148	0	0
2026.07.21	05:53:00	0.70067	0.70071	0.70058	0.70063	116	0	0
2026.07.21	05:54:00	0.70062	0.70066	0.70056	0.70059	158	0	0
2026.07.21	05:55:00	0.70059	0.70073	0.70058	0.70072	114	0	0
2026.07.21	05:56:00	0.70072	0.70080	0.70069	0.70076	125	0	0
2026.07.21	05:57:00	0.70076	0.70079	0.70070	0.70074	89	0	0
2026.07.21	05:58:00	0.70074	0.70077	0.70068	0.70070	84	0	0
2026.07.21	05:59:00	0.70070	0.70071	0.70064	0.70067	142	0	0
2026.07.21	06:00:00	0.70067	0.70077	0.70064	0.70066	187	0	0
2026.07.21	06:01:00	0.70066	0.70072	0.70064	0.70069	174	0	0
2026.07.21	06:02:00	0.70069	0.70076	0.70063	0.70064	123	0	0
2026.07.21	06:03:00	0.70065	0.70065	0.70050	0.70054	132	0	0
2026.07.21	06:04:00	0.70054	0.70055	0.70049	0.70051	112	0	0
2026.07.21	06:05:00	0.70051	0.70053	0.70041	0.70044	151	0	0
2026.07.21	06:06:00	0.70044	0.70049	0.70039	0.70045	182	0	0
2026.07.21	06:07:00	0.70046	0.70049	0.70042	0.70043	122	0	0
2026.07.21	06:08:00	0.70043	0.70049	0.70042	0.70045	141	0	0
2026.07.21	06:09:00	0.70046	0.70050	0.70043	0.70048	154	0	0
2026.07.21	06:10:00	0.70048	0.70053	0.70047	0.70052	135	0	0
2026.07.21	06:11:00	0.70052	0.70060	0.70051	0.70060	150	0	0
2026.07.21	06:12:00	0.70060	0.70061	0.70053	0.70057	125	0	0
2026.07.21	06:13:00	0.70057	0.70062	0.70053	0.70055	162	0	0
2026.07.21	06:14:00	0.70055	0.70056	0.70047	0.70053	117	0	0
2026.07.21	06:15:00	0.70053	0.70058	0.70049	0.70057	190	0	0
2026.07.21	06:16:00	0.70056	0.70060	0.70054	0.70057	202	0	0
2026.07.21	06:17:00	0.70057	0.70059	0.70052	0.70054	152	0	0
2026.07.21	06:18:00	0.70055	0.70064	0.70053	0.70059	153	0	0
2026.07.21	06:19:00	0.70059	0.70061	0.70053	0.70059	131	0	0
2026.07.21	06:20:00	0.70059	0.70064	0.70056	0.70058	143	0	0
2026.07.21	06:21:00	0.70058	0.70064	0.70053	0.70058	178	0	0
2026.07.21	06:22:00	0.70057	0.70060	0.70053	0.70053	134	0	0
2026.07.21	06:23:00	0.70053	0.70056	0.70045	0.70049	144	0	0
2026.07.21	06:24:00	0.70049	0.70056	0.70046	0.70052	151	0	0
2026.07.21	06:25:00	0.70052	0.70054	0.70046	0.70049	168	0	0
2026.07.21	06:26:00	0.70049	0.70059	0.70047	0.70052	125	0	0
2026.07.21	06:27:00	0.70052	0.70056	0.70049	0.70049	116	0	0
2026.07.21	06:28:00	0.70049	0.70057	0.70048	0.70054	117	0	0
2026.07.21	06:29:00	0.70054	0.70058	0.70052	0.70056	127	0	0
2026.07.21	06:30:00	0.70056	0.70058	0.70048	0.70054	154	0	0
2026.07.21	06:31:00	0.70054	0.70058	0.70053	0.70056	88	0	0
2026.07.21	06:32:00	0.70056	0.70066	0.70056	0.70061	120	0	0
2026.07.21	06:33:00	0.70061	0.70068	0.70060	0.70066	84	0	0
2026.07.21	06:34:00	0.70066	0.70070	0.70061	0.70063	127	0	0
2026.07.21	06:35:00	0.70063	0.70065	0.70055	0.70059	77	0	0
2026.07.21	06:36:00	0.70058	0.70062	0.70053	0.70054	100	0	0
2026.07.21	06:37:00	0.70054	0.70058	0.70046	0.70057	120	0	0
2026.07.21	06:38:00	0.70057	0.70062	0.70057	0.70060	117	0	0
2026.07.21	06:39:00	0.70059	0.70062	0.70055	0.70062	106	0	0
2026.07.21	06:40:00	0.70062	0.70067	0.70058	0.70058	82	0	0
2026.07.21	06:41:00	0.70058	0.70062	0.70056	0.70056	62	0	0
2026.07.21	06:42:00	0.70056	0.70061	0.70053	0.70058	88	0	0
2026.07.21	06:43:00	0.70058	0.70063	0.70049	0.70051	127	0	0
2026.07.21	06:44:00	0.70051	0.70053	0.70047	0.70047	123	0	0
2026.07.21	06:45:00	0.70047	0.70052	0.70047	0.70049	86	0	0
2026.07.21	06:46:00	0.70049	0.70059	0.70048	0.70057	89	0	0
2026.07.21	06:47:00	0.70057	0.70062	0.70055	0.70057	84	0	0
2026.07.21	06:48:00	0.70057	0.70071	0.70057	0.70067	125	0	0
2026.07.21	06:49:00	0.70067	0.70072	0.70067	0.70068	120	0	0
2026.07.21	06:50:00	0.70068	0.70071	0.70063	0.70067	114	0	0
2026.07.21	06:51:00	0.70067	0.70068	0.70054	0.70057	134	0	0
2026.07.21	06:52:00	0.70057	0.70058	0.70047	0.70048	75	0	0
2026.07.21	06:53:00	0.70048	0.70054	0.70048	0.70052	92	0	0
2026.07.21	06:54:00	0.70052	0.70057	0.70049	0.70050	82	0	0
2026.07.21	06:55:00	0.70050	0.70052	0.70047	0.70047	97	0	0
2026.07.21	06:56:00	0.70047	0.70050	0.70043	0.70044	53	0	0
2026.07.21	06:57:00	0.70044	0.70049	0.70042	0.70044	116	0	0
2026.07.21	06:58:00	0.70042	0.70050	0.70042	0.70044	115	0	0
2026.07.21	06:59:00	0.70044	0.70046	0.70039	0.70039	80	0	0
2026.07.21	07:00:00	0.70039	0.70049	0.70039	0.70046	80	0	0
2026.07.21	07:01:00	0.70046	0.70055	0.70044	0.70055	103	0	0
2026.07.21	07:02:00	0.70055	0.70056	0.70052	0.70052	48	0	0
2026.07.21	07:03:00	0.70052	0.70055	0.70051	0.70051	30	0	0
2026.07.21	07:04:00	0.70051	0.70055	0.70047	0.70047	52	0	0
2026.07.21	07:05:00	0.70047	0.70058	0.70045	0.70057	65	0	0
2026.07.21	07:06:00	0.70057	0.70066	0.70053	0.70055	126	0	0
2026.07.21	07:07:00	0.70055	0.70057	0.70050	0.70053	62	0	0
2026.07.21	07:08:00	0.70052	0.70058	0.70051	0.70055	98	0	0
2026.07.21	07:09:00	0.70056	0.70062	0.70052	0.70059	119	0	0
2026.07.21	07:10:00	0.70058	0.70068	0.70056	0.70064	133	0	0
2026.07.21	07:11:00	0.70064	0.70067	0.70057	0.70060	120	0	0
2026.07.21	07:12:00	0.70060	0.70061	0.70056	0.70059	67	0	0
2026.07.21	07:13:00	0.70059	0.70066	0.70058	0.70063	69	0	0
2026.07.21	07:14:00	0.70063	0.70067	0.70057	0.70057	104	0	0
2026.07.21	07:15:00	0.70057	0.70061	0.70052	0.70060	77	0	0
2026.07.21	07:16:00	0.70061	0.70062	0.70055	0.70057	97	0	0
2026.07.21	07:17:00	0.70057	0.70058	0.70053	0.70055	128	0	0
2026.07.21	07:18:00	0.70055	0.70057	0.70053	0.70057	105	0	0
2026.07.21	07:19:00	0.70056	0.70058	0.70047	0.70048	80	0	0
2026.07.21	07:20:00	0.70048	0.70057	0.70048	0.70054	117	0	0
2026.07.21	07:21:00	0.70054	0.70057	0.70046	0.70046	85	0	0
2026.07.21	07:22:00	0.70046	0.70048	0.70043	0.70047	96	0	0
2026.07.21	07:23:00	0.70046	0.70048	0.70043	0.70045	65	0	0
2026.07.21	07:24:00	0.70045	0.70051	0.70041	0.70042	71	0	0
2026.07.21	07:25:00	0.70042	0.70044	0.70041	0.70042	58	0	0
2026.07.21	07:26:00	0.70042	0.70044	0.70040	0.70040	58	0	0
2026.07.21	07:27:00	0.70040	0.70043	0.70038	0.70042	68	0	0
2026.07.21	07:28:00	0.70042	0.70047	0.70041	0.70046	84	0	0
2026.07.21	07:29:00	0.70045	0.70048	0.70037	0.70038	112	0	0
2026.07.21	07:30:00	0.70038	0.70043	0.70037	0.70041	111	0	0
2026.07.21	07:31:00	0.70041	0.70049	0.70040	0.70047	97	0	0
2026.07.21	07:32:00	0.70047	0.70055	0.70042	0.70050	117	0	0
2026.07.21	07:33:00	0.70050	0.70054	0.70046	0.70050	76	0	0
2026.07.21	07:34:00	0.70050	0.70053	0.70048	0.70052	154	0	0
2026.07.21	07:35:00	0.70052	0.70065	0.70049	0.70063	154	0	0
2026.07.21	07:36:00	0.70063	0.70066	0.70058	0.70060	111	0	0
2026.07.21	07:37:00	0.70060	0.70071	0.70060	0.70071	144	0	0
2026.07.21	07:38:00	0.70071	0.70072	0.70062	0.70067	158	0	0
2026.07.21	07:39:00	0.70067	0.70076	0.70067	0.70073	132	0	0
2026.07.21	07:40:00	0.70073	0.70076	0.70063	0.70063	134	0	0
2026.07.21	07:41:00	0.70063	0.70067	0.70060	0.70061	103	0	0
2026.07.21	07:42:00	0.70061	0.70073	0.70061	0.70070	127	0	0
2026.07.21	07:43:00	0.70070	0.70071	0.70062	0.70070	103	0	0
2026.07.21	07:44:00	0.70070	0.70071	0.70065	0.70068	75	0	0
2026.07.21	07:45:00	0.70068	0.70069	0.70062	0.70063	90	0	0
2026.07.21	07:46:00	0.70063	0.70067	0.70061	0.70067	89	0	0
2026.07.21	07:47:00	0.70067	0.70078	0.70064	0.70077	122	0	0
2026.07.21	07:48:00	0.70077	0.70077	0.70072	0.70074	139	0	0
2026.07.21	07:49:00	0.70074	0.70079	0.70073	0.70076	109	0	0
2026.07.21	07:50:00	0.70076	0.70076	0.70070	0.70073	128	0	0
2026.07.21	07:51:00	0.70073	0.70073	0.70064	0.70066	160	0	0
2026.07.21	07:52:00	0.70066	0.70071	0.70060	0.70071	150	0	0
2026.07.21	07:53:00	0.70071	0.70073	0.70066	0.70068	126	0	0
2026.07.21	07:54:00	0.70068	0.70071	0.70066	0.70067	91	0	0
2026.07.21	07:55:00	0.70067	0.70071	0.70060	0.70065	139	0	0
2026.07.21	07:56:00	0.70065	0.70068	0.70062	0.70067	134	0	0
2026.07.21	07:57:00	0.70067	0.70071	0.70067	0.70068	110	0	0
2026.07.21	07:58:00	0.70069	0.70078	0.70068	0.70076	93	0	0
2026.07.21	07:59:00	0.70076	0.70079	0.70072	0.70075	197	0	0
2026.07.21	08:00:00	0.70075	0.70081	0.70075	0.70077	141	0	0
2026.07.21	08:01:00	0.70077	0.70079	0.70072	0.70073	118	0	0
2026.07.21	08:02:00	0.70073	0.70086	0.70072	0.70083	116	0	0
2026.07.21	08:03:00	0.70082	0.70085	0.70076	0.70077	115	0	0
2026.07.21	08:04:00	0.70077	0.70080	0.70073	0.70075	130	0	0
2026.07.21	08:05:00	0.70075	0.70076	0.70072	0.70072	84	0	0
2026.07.21	08:06:00	0.70072	0.70078	0.70070	0.70078	98	0	0
2026.07.21	08:07:00	0.70078	0.70079	0.70070	0.70078	144	0	0
2026.07.21	08:08:00	0.70077	0.70085	0.70077	0.70082	169	0	0
2026.07.21	08:09:00	0.70081	0.70095	0.70081	0.70094	161	0	0
2026.07.21	08:10:00	0.70094	0.70095	0.70088	0.70090	91	0	0
2026.07.21	08:11:00	0.70090	0.70092	0.70070	0.70073	132	0	0
2026.07.21	08:12:00	0.70073	0.70077	0.70071	0.70073	175	0	0
2026.07.21	08:13:00	0.70073	0.70075	0.70070	0.70072	114	0	0
2026.07.21	08:14:00	0.70072	0.70072	0.70064	0.70067	71	0	0
2026.07.21	08:15:00	0.70067	0.70075	0.70063	0.70072	134	0	0
2026.07.21	08:16:00	0.70072	0.70074	0.70065	0.70066	201	0	0
2026.07.21	08:17:00	0.70067	0.70070	0.70064	0.70068	177	0	0
2026.07.21	08:18:00	0.70068	0.70071	0.70062	0.70068	161	0	0
2026.07.21	08:19:00	0.70067	0.70075	0.70064	0.70069	144	0	0
2026.07.21	08:20:00	0.70068	0.70076	0.70068	0.70069	188	0	0
2026.07.21	08:21:00	0.70070	0.70073	0.70068	0.70070	120	0	0
2026.07.21	08:22:00	0.70070	0.70074	0.70067	0.70068	76	0	0
2026.07.21	08:23:00	0.70068	0.70072	0.70067	0.70069	90	0	0
2026.07.21	08:24:00	0.70069	0.70075	0.70068	0.70072	129	0	0
2026.07.21	08:25:00	0.70072	0.70080	0.70071	0.70078	121	0	0
2026.07.21	08:26:00	0.70077	0.70089	0.70077	0.70087	167	0	0
2026.07.21	08:27:00	0.70087	0.70090	0.70080	0.70083	146	0	0
2026.07.21	08:28:00	0.70084	0.70089	0.70080	0.70083	130	0	0
2026.07.21	08:29:00	0.70083	0.70086	0.70080	0.70086	123	0	0
2026.07.21	08:30:00	0.70085	0.70096	0.70084	0.70096	193	0	0
2026.07.21	08:31:00	0.70096	0.70097	0.70088	0.70090	120	0	0
2026.07.21	08:32:00	0.70090	0.70093	0.70089	0.70090	54	0	0
2026.07.21	08:33:00	0.70090	0.70098	0.70089	0.70091	138	0	0
2026.07.21	08:34:00	0.70091	0.70094	0.70089	0.70092	121	0	0
2026.07.21	08:35:00	0.70092	0.70093	0.70087	0.70088	144	0	0
2026.07.21	08:36:00	0.70089	0.70094	0.70086	0.70093	66	0	0
2026.07.21	08:37:00	0.70092	0.70092	0.70084	0.70086	118	0	0
2026.07.21	08:38:00	0.70086	0.70091	0.70086	0.70088	59	0	0
2026.07.21	08:39:00	0.70088	0.70097	0.70087	0.70090	97	0	0
2026.07.21	08:40:00	0.70090	0.70099	0.70090	0.70093	235	0	0
2026.07.21	08:41:00	0.70093	0.70098	0.70088	0.70095	160	0	0
2026.07.21	08:42:00	0.70093	0.70098	0.70092	0.70095	169	0	0
2026.07.21	08:43:00	0.70095	0.70105	0.70095	0.70100	128	0	0
2026.07.21	08:44:00	0.70100	0.70107	0.70100	0.70104	138	0	0
2026.07.21	08:45:00	0.70104	0.70104	0.70089	0.70092	192	0	0
2026.07.21	08:46:00	0.70092	0.70096	0.70091	0.70093	153	0	0
2026.07.21	08:47:00	0.70093	0.70099	0.70091	0.70099	67	0	0
2026.07.21	08:48:00	0.70098	0.70102	0.70095	0.70096	145	0	0
2026.07.21	08:49:00	0.70096	0.70097	0.70090	0.70091	118	0	0
2026.07.21	08:50:00	0.70091	0.70098	0.70090	0.70092	139	0	0
2026.07.21	08:51:00	0.70091	0.70095	0.70084	0.70088	144	0	0
2026.07.21	08:52:00	0.70088	0.70097	0.70087	0.70094	159	0	0
2026.07.21	08:53:00	0.70094	0.70095	0.70085	0.70087	97	0	0
2026.07.21	08:54:00	0.70087	0.70090	0.70085	0.70086	86	0	0
2026.07.21	08:55:00	0.70086	0.70087	0.70081	0.70085	153	0	0
2026.07.21	08:56:00	0.70085	0.70085	0.70078	0.70078	59	0	0
2026.07.21	08:57:00	0.70078	0.70083	0.70078	0.70080	45	0	0
2026.07.21	08:58:00	0.70080	0.70088	0.70080	0.70085	118	0	0
2026.07.21	08:59:00	0.70086	0.70088	0.70081	0.70084	109	0	0
2026.07.21	09:00:00	0.70084	0.70097	0.70083	0.70094	192	0	0
2026.07.21	09:01:00	0.70094	0.70098	0.70092	0.70093	124	0	0
2026.07.21	09:02:00	0.70093	0.70103	0.70092	0.70099	118	0	0
2026.07.21	09:03:00	0.70099	0.70115	0.70099	0.70112	241	0	0
2026.07.21	09:04:00	0.70112	0.70120	0.70112	0.70116	205	0	0
2026.07.21	09:05:00	0.70117	0.70118	0.70106	0.70107	135	0	0
2026.07.21	09:06:00	0.70107	0.70120	0.70107	0.70112	171	0	0
2026.07.21	09:07:00	0.70112	0.70114	0.70102	0.70106	206	0	0
2026.07.21	09:08:00	0.70106	0.70114	0.70105	0.70111	144	0	0
2026.07.21	09:09:00	0.70111	0.70111	0.70095	0.70102	208	0	0
2026.07.21	09:10:00	0.70102	0.70103	0.70095	0.70095	176	0	0
2026.07.21	09:11:00	0.70095	0.70102	0.70090	0.70099	183	0	0
2026.07.21	09:12:00	0.70099	0.70106	0.70096	0.70103	164	0	0
2026.07.21	09:13:00	0.70103	0.70105	0.70097	0.70102	208	0	0
2026.07.21	09:14:00	0.70102	0.70106	0.70097	0.70097	140	0	0
2026.07.21	09:15:00	0.70097	0.70100	0.70094	0.70096	207	0	0
2026.07.21	09:16:00	0.70096	0.70102	0.70090	0.70100	139	0	0
2026.07.21	09:17:00	0.70100	0.70106	0.70094	0.70103	114	0	0
2026.07.21	09:18:00	0.70104	0.70104	0.70093	0.70094	107	0	0
2026.07.21	09:19:00	0.70093	0.70100	0.70092	0.70097	107	0	0
2026.07.21	09:20:00	0.70097	0.70100	0.70095	0.70096	52	0	0
2026.07.21	09:21:00	0.70096	0.70110	0.70093	0.70103	191	0	0
2026.07.21	09:22:00	0.70103	0.70119	0.70101	0.70115	158	0	0
2026.07.21	09:23:00	0.70116	0.70127	0.70114	0.70125	117	0	0
2026.07.21	09:24:00	0.70125	0.70129	0.70121	0.70122	119	0	0
2026.07.21	09:25:00	0.70122	0.70132	0.70112	0.70112	193	0	0
2026.07.21	09:26:00	0.70112	0.70119	0.70110	0.70115	143	0	0
2026.07.21	09:27:00	0.70115	0.70118	0.70107	0.70112	74	0	0
2026.07.21	09:28:00	0.70112	0.70117	0.70111	0.70113	57	0	0
2026.07.21	09:29:00	0.70113	0.70120	0.70112	0.70118	119	0	0
2026.07.21	09:30:00	0.70118	0.70126	0.70113	0.70123	153	0	0
2026.07.21	09:31:00	0.70123	0.70130	0.70119	0.70123	199	0	0
2026.07.21	09:32:00	0.70124	0.70136	0.70122	0.70135	116	0	0
2026.07.21	09:33:00	0.70135	0.70138	0.70131	0.70131	130	0	0
2026.07.21	09:34:00	0.70131	0.70140	0.70127	0.70139	144	0	0
2026.07.21	09:35:00	0.70139	0.70150	0.70137	0.70142	185	0	0
2026.07.21	09:36:00	0.70142	0.70145	0.70137	0.70140	222	0	0
2026.07.21	09:37:00	0.70140	0.70150	0.70138	0.70142	215	0	0
2026.07.21	09:38:00	0.70142	0.70142	0.70122	0.70123	232	0	0
2026.07.21	09:39:00	0.70123	0.70127	0.70112	0.70117	154	0	0
2026.07.21	09:40:00	0.70117	0.70122	0.70115	0.70118	72	0	0
2026.07.21	09:41:00	0.70118	0.70131	0.70117	0.70129	158	0	0
2026.07.21	09:42:00	0.70129	0.70137	0.70125	0.70132	139	0	0
2026.07.21	09:43:00	0.70132	0.70138	0.70129	0.70136	207	0	0
2026.07.21	09:44:00	0.70136	0.70145	0.70135	0.70142	161	0	0
2026.07.21	09:45:00	0.70142	0.70149	0.70141	0.70145	95	0	0
2026.07.21	09:46:00	0.70145	0.70146	0.70136	0.70137	156	0	0
2026.07.21	09:47:00	0.70138	0.70145	0.70136	0.70142	183	0	0
2026.07.21	09:48:00	0.70142	0.70154	0.70141	0.70148	197	0	0
2026.07.21	09:49:00	0.70148	0.70160	0.70148	0.70159	195	0	0
2026.07.21	09:50:00	0.70159	0.70160	0.70146	0.70148	129	0	0
2026.07.21	09:51:00	0.70148	0.70156	0.70147	0.70151	101	0	0
2026.07.21	09:52:00	0.70151	0.70160	0.70151	0.70158	98	0	0
2026.07.21	09:53:00	0.70158	0.70164	0.70156	0.70157	104	0	0
2026.07.21	09:54:00	0.70157	0.70166	0.70157	0.70162	95	0	0
2026.07.21	09:55:00	0.70162	0.70180	0.70162	0.70177	209	0	0
2026.07.21	09:56:00	0.70177	0.70181	0.70172	0.70179	182	0	0
2026.07.21	09:57:00	0.70179	0.70187	0.70177	0.70183	205	0	0
2026.07.21	09:58:00	0.70183	0.70185	0.70174	0.70177	126	0	0
2026.07.21	09:59:00	0.70177	0.70184	0.70172	0.70175	163	0	0
2026.07.21	10:00:00	0.70175	0.70191	0.70175	0.70189	263	0	0
2026.07.21	10:01:00	0.70189	0.70193	0.70182	0.70192	212	0	0
2026.07.21	10:02:00	0.70192	0.70200	0.70190	0.70195	226	0	0
2026.07.21	10:03:00	0.70195	0.70207	0.70194	0.70201	192	0	0
2026.07.21	10:04:00	0.70201	0.70206	0.70194	0.70202	170	0	0
2026.07.21	10:05:00	0.70201	0.70212	0.70201	0.70207	176	0	0
2026.07.21	10:06:00	0.70207	0.70219	0.70201	0.70217	151	0	0
2026.07.21	10:07:00	0.70217	0.70221	0.70211	0.70220	240	0	0
2026.07.21	10:08:00	0.70221	0.70229	0.70218	0.70226	177	0	0
2026.07.21	10:09:00	0.70226	0.70226	0.70209	0.70212	149	0	0
2026.07.21	10:10:00	0.70212	0.70212	0.70199	0.70203	134	0	0
2026.07.21	10:11:00	0.70203	0.70209	0.70193	0.70195	116	0	0
2026.07.21	10:12:00	0.70195	0.70197	0.70186	0.70187	153	0	0
2026.07.21	10:13:00	0.70187	0.70193	0.70183	0.70189	152	0	0
2026.07.21	10:14:00	0.70189	0.70196	0.70183	0.70187	140	0	0
2026.07.21	10:15:00	0.70186	0.70191	0.70182	0.70183	142	0	0
2026.07.21	10:16:00	0.70183	0.70189	0.70182	0.70186	138	0	0
2026.07.21	10:17:00	0.70186	0.70193	0.70186	0.70191	185	0	0
2026.07.21	10:18:00	0.70191	0.70198	0.70187	0.70192	192	0	0
2026.07.21	10:19:00	0.70192	0.70201	0.70192	0.70199	101	0	0
2026.07.21	10:20:00	0.70199	0.70200	0.70188	0.70196	150	0	0
2026.07.21	10:21:00	0.70196	0.70199	0.70191	0.70198	139	0	0
2026.07.21	10:22:00	0.70198	0.70205	0.70192	0.70196	141	0	0
2026.07.21	10:23:00	0.70196	0.70197	0.70190	0.70192	112	0	0
2026.07.21	10:24:00	0.70192	0.70193	0.70182	0.70182	122	0	0
2026.07.21	10:25:00	0.70182	0.70185	0.70180	0.70182	116	0	0
2026.07.21	10:26:00	0.70182	0.70184	0.70177	0.70180	108	0	0
2026.07.21	10:27:00	0.70180	0.70183	0.70175	0.70179	106	0	0
2026.07.21	10:28:00	0.70180	0.70185	0.70175	0.70183	138	0	0
2026.07.21	10:29:00	0.70183	0.70184	0.70169	0.70170	133	0	0
2026.07.21	10:30:00	0.70170	0.70171	0.70163	0.70166	122	0	0
2026.07.21	10:31:00	0.70166	0.70170	0.70160	0.70168	130	0	0
2026.07.21	10:32:00	0.70168	0.70184	0.70165	0.70184	143	0	0
2026.07.21	10:33:00	0.70184	0.70193	0.70182	0.70188	150	0	0
2026.07.21	10:34:00	0.70188	0.70196	0.70188	0.70193	129	0	0
2026.07.21	10:35:00	0.70194	0.70196	0.70188	0.70192	140	0	0
2026.07.21	10:36:00	0.70193	0.70195	0.70187	0.70188	86	0	0
2026.07.21	10:37:00	0.70188	0.70192	0.70186	0.70188	96	0	0
2026.07.21	10:38:00	0.70188	0.70191	0.70184	0.70188	132	0	0
2026.07.21	10:39:00	0.70188	0.70191	0.70184	0.70188	135	0	0
2026.07.21	10:40:00	0.70188	0.70192	0.70182	0.70183	192	0	0
2026.07.21	10:41:00	0.70183	0.70190	0.70183	0.70185	196	0	0
2026.07.21	10:42:00	0.70185	0.70188	0.70180	0.70181	90	0	0
2026.07.21	10:43:00	0.70181	0.70187	0.70174	0.70176	148	0	0
2026.07.21	10:44:00	0.70176	0.70177	0.70172	0.70175	131	0	0
2026.07.21	10:45:00	0.70175	0.70179	0.70172	0.70172	142	0	0
2026.07.21	10:46:00	0.70172	0.70179	0.70172	0.70174	113	0	0
2026.07.21	10:47:00	0.70174	0.70184	0.70173	0.70179	170	0	0
2026.07.21	10:48:00	0.70179	0.70182	0.70176	0.70180	113	0	0
2026.07.21	10:49:00	0.70180	0.70181	0.70176	0.70179	131	0	0
2026.07.21	10:50:00	0.70178	0.70180	0.70175	0.70177	138	0	0
2026.07.21	10:51:00	0.70177	0.70185	0.70175	0.70182	181	0	0
2026.07.21	10:52:00	0.70180	0.70186	0.70177	0.70185	181	0	0
2026.07.21	10:53:00	0.70185	0.70186	0.70181	0.70183	171	0	0
2026.07.21	10:54:00	0.70183	0.70187	0.70181	0.70183	166	0	0
2026.07.21	10:55:00	0.70183	0.70189	0.70182	0.70188	159	0	0
2026.07.21	10:56:00	0.70188	0.70198	0.70187	0.70198	186	0	0
2026.07.21	10:57:00	0.70198	0.70201	0.70194	0.70198	113	0	0
2026.07.21	10:58:00	0.70198	0.70200	0.70189	0.70191	126	0	0
2026.07.21	10:59:00	0.70191	0.70192	0.70186	0.70188	72	0	0
2026.07.21	11:00:00	0.70188	0.70194	0.70187	0.70191	172	0	0
2026.07.21	11:01:00	0.70191	0.70194	0.70189	0.70194	81	0	0
2026.07.21	11:02:00	0.70194	0.70198	0.70188	0.70189	164	0	0
2026.07.21	11:03:00	0.70189	0.70196	0.70182	0.70183	197	0	0
2026.07.21	11:04:00	0.70183	0.70195	0.70183	0.70195	162	0	0
2026.07.21	11:05:00	0.70195	0.70197	0.70190	0.70193	96	0	0
2026.07.21	11:06:00	0.70193	0.70199	0.70192	0.70195	83	0	0
2026.07.21	11:07:00	0.70195	0.70209	0.70195	0.70202	228	0	0
2026.07.21	11:08:00	0.70201	0.70205	0.70197	0.70204	110	0	0
2026.07.21	11:09:00	0.70204	0.70206	0.70198	0.70200	108	0	0
2026.07.21	11:10:00	0.70200	0.70203	0.70197	0.70198	98	0	0
2026.07.21	11:11:00	0.70198	0.70206	0.70197	0.70202	146	0	0
2026.07.21	11:12:00	0.70202	0.70205	0.70198	0.70201	114	0	0
2026.07.21	11:13:00	0.70201	0.70211	0.70198	0.70210	119	0	0
2026.07.21	11:14:00	0.70210	0.70214	0.70204	0.70205	167	0	0
2026.07.21	11:15:00	0.70205	0.70209	0.70204	0.70207	158	0	0
2026.07.21	11:16:00	0.70207	0.70212	0.70198	0.70211	214	0	0
2026.07.21	11:17:00	0.70211	0.70216	0.70207	0.70215	185	0	0
2026.07.21	11:18:00	0.70215	0.70218	0.70211	0.70217	164	0	0
2026.07.21	11:19:00	0.70217	0.70227	0.70215	0.70221	187	0	0
2026.07.21	11:20:00	0.70221	0.70222	0.70208	0.70211	188	0	0
2026.07.21	11:21:00	0.70211	0.70231	0.70211	0.70228	219	0	0
2026.07.21	11:22:00	0.70228	0.70231	0.70216	0.70218	169	0	0
2026.07.21	11:23:00	0.70217	0.70220	0.70215	0.70218	189	0	0
2026.07.21	11:24:00	0.70218	0.70222	0.70216	0.70220	218	0	0
2026.07.21	11:25:00	0.70220	0.70225	0.70216	0.70216	242	0	0
2026.07.21	11:26:00	0.70216	0.70225	0.70213	0.70222	205	0	0
2026.07.21	11:27:00	0.70222	0.70224	0.70217	0.70219	199	0	0
2026.07.21	11:28:00	0.70219	0.70221	0.70211	0.70213	166	0	0
2026.07.21	11:29:00	0.70211	0.70211	0.70203	0.70211	176	0	0
2026.07.21	11:30:00	0.70211	0.70211	0.70197	0.70197	187	0	0
2026.07.21	11:31:00	0.70197	0.70204	0.70195	0.70198	166	0	0
2026.07.21	11:32:00	0.70198	0.70206	0.70198	0.70203	204	0	0
2026.07.21	11:33:00	0.70203	0.70210	0.70202	0.70205	140	0	0
2026.07.21	11:34:00	0.70205	0.70207	0.70199	0.70203	140	0	0
2026.07.21	11:35:00	0.70203	0.70203	0.70192	0.70194	131	0	0
2026.07.21	11:36:00	0.70195	0.70196	0.70186	0.70189	136	0	0
2026.07.21	11:37:00	0.70189	0.70196	0.70187	0.70193	116	0	0
2026.07.21	11:38:00	0.70193	0.70209	0.70191	0.70205	187	0	0
2026.07.21	11:39:00	0.70205	0.70210	0.70201	0.70202	89	0	0
2026.07.21	11:40:00	0.70202	0.70212	0.70200	0.70211	134	0	0
2026.07.21	11:41:00	0.70212	0.70214	0.70208	0.70214	141	0	0
2026.07.21	11:42:00	0.70214	0.70215	0.70211	0.70213	135	0	0
2026.07.21	11:43:00	0.70213	0.70221	0.70211	0.70214	131	0	0
2026.07.21	11:44:00	0.70214	0.70216	0.70212	0.70213	120	0	0
2026.07.21	11:45:00	0.70213	0.70215	0.70210	0.70212	97	0	0
2026.07.21	11:46:00	0.70212	0.70215	0.70207	0.70208	124	0	0
2026.07.21	11:47:00	0.70207	0.70210	0.70203	0.70207	127	0	0
2026.07.21	11:48:00	0.70207	0.70209	0.70202	0.70203	128	0	0
2026.07.21	11:49:00	0.70203	0.70211	0.70203	0.70207	71	0	0
2026.07.21	11:50:00	0.70207	0.70215	0.70206	0.70212	92	0	0
2026.07.21	11:51:00	0.70212	0.70219	0.70209	0.70218	122	0	0
2026.07.21	11:52:00	0.70218	0.70226	0.70216	0.70217	142	0	0
2026.07.21	11:53:00	0.70217	0.70221	0.70213	0.70214	170	0	0
2026.07.21	11:54:00	0.70214	0.70222	0.70214	0.70218	120	0	0
2026.07.21	11:55:00	0.70217	0.70225	0.70216	0.70222	160	0	0
2026.07.21	11:56:00	0.70222	0.70225	0.70221	0.70222	134	0	0
2026.07.21	11:57:00	0.70222	0.70223	0.70219	0.70220	48	0	0
2026.07.21	11:58:00	0.70220	0.70227	0.70220	0.70221	88	0	0
2026.07.21	11:59:00	0.70221	0.70226	0.70220	0.70220	68	0	0
2026.07.21	12:00:00	0.70220	0.70224	0.70215	0.70217	146	0	0
2026.07.21	12:01:00	0.70217	0.70223	0.70217	0.70221	107	0	0
2026.07.21	12:02:00	0.70221	0.70222	0.70215	0.70219	127	0	0
2026.07.21	12:03:00	0.70219	0.70229	0.70218	0.70223	126	0	0
2026.07.21	12:04:00	0.70223	0.70231	0.70218	0.70229	120	0	0
2026.07.21	12:05:00	0.70229	0.70231	0.70224	0.70228	96	0	0
2026.07.21	12:06:00	0.70230	0.70234	0.70227	0.70231	91	0	0
2026.07.21	12:07:00	0.70231	0.70232	0.70221	0.70223	130	0	0
2026.07.21	12:08:00	0.70223	0.70229	0.70220	0.70226	148	0	0
2026.07.21	12:09:00	0.70226	0.70232	0.70219	0.70221	165	0	0
2026.07.21	12:10:00	0.70221	0.70221	0.70216	0.70216	109	0	0
2026.07.21	12:11:00	0.70216	0.70218	0.70211	0.70218	82	0	0
2026.07.21	12:12:00	0.70218	0.70222	0.70216	0.70219	158	0	0
2026.07.21	12:13:00	0.70219	0.70229	0.70218	0.70224	168	0	0
2026.07.21	12:14:00	0.70225	0.70228	0.70222	0.70225	130	0	0
2026.07.21	12:15:00	0.70225	0.70231	0.70224	0.70229	106	0	0
2026.07.21	12:16:00	0.70229	0.70238	0.70229	0.70236	120	0	0
2026.07.21	12:17:00	0.70236	0.70249	0.70232	0.70247	169	0	0
2026.07.21	12:18:00	0.70247	0.70255	0.70241	0.70255	187	0	0
2026.07.21	12:19:00	0.70255	0.70258	0.70251	0.70255	167	0	0
2026.07.21	12:20:00	0.70255	0.70262	0.70251	0.70251	185	0	0
2026.07.21	12:21:00	0.70251	0.70255	0.70247	0.70250	157	0	0
2026.07.21	12:22:00	0.70250	0.70250	0.70241	0.70245	115	0	0
2026.07.21	12:23:00	0.70245	0.70247	0.70238	0.70239	167	0	0
2026.07.21	12:24:00	0.70239	0.70241	0.70234	0.70235	106	0	0
2026.07.21	12:25:00	0.70235	0.70239	0.70232	0.70237	125	0	0
2026.07.21	12:26:00	0.70237	0.70239	0.70232	0.70233	168	0	0
2026.07.21	12:27:00	0.70233	0.70235	0.70225	0.70227	139	0	0
2026.07.21	12:28:00	0.70227	0.70233	0.70225	0.70227	89	0	0
2026.07.21	12:29:00	0.70227	0.70229	0.70220	0.70222	125	0	0
2026.07.21	12:30:00	0.70222	0.70228	0.70218	0.70221	148	0	0
2026.07.21	12:31:00	0.70221	0.70231	0.70217	0.70230	196	0	0
2026.07.21	12:32:00	0.70230	0.70235	0.70229	0.70233	105	0	0
2026.07.21	12:33:00	0.70233	0.70237	0.70231	0.70234	87	0	0
2026.07.21	12:34:00	0.70235	0.70239	0.70234	0.70235	84	0	0
2026.07.21	12:35:00	0.70235	0.70236	0.70230	0.70232	47	0	0
2026.07.21	12:36:00	0.70232	0.70239	0.70230	0.70238	110	0	0
2026.07.21	12:37:00	0.70237	0.70251	0.70235	0.70249	104	0	0
2026.07.21	12:38:00	0.70249	0.70259	0.70247	0.70252	223	0	0
2026.07.21	12:39:00	0.70252	0.70252	0.70242	0.70244	113	0	0
2026.07.21	12:40:00	0.70244	0.70244	0.70238	0.70240	69	0	0
2026.07.21	12:41:00	0.70240	0.70243	0.70237	0.70240	159	0	0
2026.07.21	12:42:00	0.70240	0.70242	0.70235	0.70236	140	0	0
2026.07.21	12:43:00	0.70236	0.70243	0.70235	0.70242	80	0	0
2026.07.21	12:44:00	0.70242	0.70246	0.70237	0.70240	137	0	0
2026.07.21	12:45:00	0.70240	0.70243	0.70235	0.70238	179	0	0
2026.07.21	12:46:00	0.70238	0.70249	0.70236	0.70246	136	0	0
2026.07.21	12:47:00	0.70246	0.70251	0.70243	0.70250	148	0	0
2026.07.21	12:48:00	0.70250	0.70254	0.70241	0.70241	139	0	0
2026.07.21	12:49:00	0.70241	0.70248	0.70239	0.70246	110	0	0
2026.07.21	12:50:00	0.70245	0.70246	0.70235	0.70236	165	0	0
2026.07.21	12:51:00	0.70236	0.70246	0.70232	0.70245	123	0	0
2026.07.21	12:52:00	0.70245	0.70246	0.70238	0.70242	124	0	0
2026.07.21	12:53:00	0.70242	0.70253	0.70241	0.70251	143	0	0
2026.07.21	12:54:00	0.70251	0.70252	0.70248	0.70251	145	0	0
2026.07.21	12:55:00	0.70251	0.70251	0.70244	0.70244	151	0	0
2026.07.21	12:56:00	0.70243	0.70247	0.70237	0.70238	136	0	0
2026.07.21	12:57:00	0.70238	0.70240	0.70232	0.70232	122	0	0
2026.07.21	12:58:00	0.70232	0.70239	0.70232	0.70239	103	0	0
2026.07.21	12:59:00	0.70239	0.70239	0.70235	0.70236	132	0	0
2026.07.21	13:00:00	0.70236	0.70244	0.70234	0.70234	207	0	0
2026.07.21	13:01:00	0.70234	0.70245	0.70234	0.70245	157	0	0
2026.07.21	13:02:00	0.70245	0.70246	0.70237	0.70245	225	0	0
2026.07.21	13:03:00	0.70245	0.70248	0.70237	0.70245	96	0	0
2026.07.21	13:04:00	0.70245	0.70245	0.70237	0.70237	52	0	0
2026.07.21	13:05:00	0.70237	0.70243	0.70234	0.70235	84	0	0
2026.07.21	13:06:00	0.70235	0.70242	0.70231	0.70237	140	0	0
2026.07.21	13:07:00	0.70237	0.70237	0.70229	0.70232	64	0	0
2026.07.21	13:08:00	0.70231	0.70239	0.70231	0.70233	112	0	0
2026.07.21	13:09:00	0.70233	0.70240	0.70232	0.70234	107	0	0
2026.07.21	13:10:00	0.70234	0.70263	0.70234	0.70262	287	0	0
2026.07.21	13:11:00	0.70262	0.70266	0.70254	0.70259	266	0	0
2026.07.21	13:12:00	0.70259	0.70265	0.70253	0.70254	220	0	0
2026.07.21	13:13:00	0.70254	0.70256	0.70249	0.70252	181	0	0
2026.07.21	13:14:00	0.70252	0.70255	0.70243	0.70246	143	0	0
2026.07.21	13:15:00	0.70246	0.70252	0.70244	0.70246	127	0	0
2026.07.21	13:16:00	0.70246	0.70257	0.70244	0.70256	165	0	0
2026.07.21	13:17:00	0.70256	0.70258	0.70251	0.70257	157	0	0
2026.07.21	13:18:00	0.70257	0.70262	0.70256	0.70259	139	0	0
2026.07.21	13:19:00	0.70259	0.70262	0.70253	0.70256	107	0	0
2026.07.21	13:20:00	0.70256	0.70261	0.70254	0.70257	140	0	0
2026.07.21	13:21:00	0.70257	0.70264	0.70256	0.70258	137	0	0
2026.07.21	13:22:00	0.70258	0.70269	0.70258	0.70263	161	0	0
2026.07.21	13:23:00	0.70263	0.70266	0.70255	0.70256	178	0	0
2026.07.21	13:24:00	0.70256	0.70262	0.70252	0.70261	139	0	0
2026.07.21	13:25:00	0.70261	0.70264	0.70258	0.70260	176	0	0
2026.07.21	13:26:00	0.70260	0.70262	0.70254	0.70258	178	0	0
2026.07.21	13:27:00	0.70260	0.70261	0.70257	0.70259	114	0	0
2026.07.21	13:28:00	0.70259	0.70266	0.70257	0.70265	83	0	0
2026.07.21	13:29:00	0.70265	0.70266	0.70255	0.70258	122	0	0
2026.07.21	13:30:00	0.70258	0.70259	0.70250	0.70252	124	0	0
2026.07.21	13:31:00	0.70252	0.70255	0.70252	0.70253	106	0	0
2026.07.21	13:32:00	0.70253	0.70255	0.70250	0.70254	98	0	0
2026.07.21	13:33:00	0.70254	0.70259	0.70253	0.70255	107	0	0
2026.07.21	13:34:00	0.70255	0.70258	0.70250	0.70253	111	0	0
2026.07.21	13:35:00	0.70253	0.70258	0.70252	0.70255	117	0	0
2026.07.21	13:36:00	0.70255	0.70261	0.70252	0.70255	159	0	0
2026.07.21	13:37:00	0.70254	0.70255	0.70245	0.70247	114	0	0
2026.07.21	13:38:00	0.70247	0.70249	0.70240	0.70241	75	0	0
2026.07.21	13:39:00	0.70241	0.70243	0.70235	0.70237	64	0	0
2026.07.21	13:40:00	0.70237	0.70237	0.70224	0.70227	111	0	0
2026.07.21	13:41:00	0.70227	0.70228	0.70219	0.70220	127	0	0
2026.07.21	13:42:00	0.70220	0.70225	0.70216	0.70222	91	0	0
2026.07.21	13:43:00	0.70222	0.70225	0.70217	0.70222	91	0	0
2026.07.21	13:44:00	0.70222	0.70224	0.70216	0.70217	88	0	0
2026.07.21	13:45:00	0.70217	0.70217	0.70202	0.70206	83	0	0
2026.07.21	13:46:00	0.70206	0.70211	0.70199	0.70202	183	0	0
2026.07.21	13:47:00	0.70202	0.70207	0.70199	0.70204	164	0	0
2026.07.21	13:48:00	0.70204	0.70205	0.70198	0.70200	171	0	0
2026.07.21	13:49:00	0.70200	0.70206	0.70198	0.70200	169	0	0
2026.07.21	13:50:00	0.70200	0.70201	0.70189	0.70191	193	0	0
2026.07.21	13:51:00	0.70191	0.70193	0.70187	0.70188	184	0	0
2026.07.21	13:52:00	0.70188	0.70195	0.70188	0.70192	155	0	0
2026.07.21	13:53:00	0.70192	0.70196	0.70185	0.70185	134	0	0
2026.07.21	13:54:00	0.70185	0.70196	0.70185	0.70193	131	0	0
2026.07.21	13:55:00	0.70193	0.70204	0.70193	0.70198	178	0	0
2026.07.21	13:56:00	0.70197	0.70202	0.70195	0.70200	191	0	0
2026.07.21	13:57:00	0.70200	0.70204	0.70191	0.70191	188	0	0
2026.07.21	13:58:00	0.70191	0.70198	0.70191	0.70196	135	0	0
2026.07.21	13:59:00	0.70196	0.70201	0.70192	0.70195	212	0	0
2026.07.21	14:00:00	0.70195	0.70201	0.70186	0.70186	234	0	0
2026.07.21	14:01:00	0.70186	0.70199	0.70185	0.70193	223	0	0
2026.07.21	14:02:00	0.70193	0.70200	0.70188	0.70195	203	0	0
2026.07.21	14:03:00	0.70195	0.70195	0.70183	0.70184	149	0	0
2026.07.21	14:04:00	0.70184	0.70185	0.70174	0.70180	168	0	0
2026.07.21	14:05:00	0.70179	0.70185	0.70175	0.70182	170	0	0
2026.07.21	14:06:00	0.70182	0.70182	0.70173	0.70174	130	0	0
2026.07.21	14:07:00	0.70174	0.70176	0.70168	0.70171	144	0	0
2026.07.21	14:08:00	0.70171	0.70180	0.70164	0.70166	206	0	0
2026.07.21	14:09:00	0.70167	0.70167	0.70157	0.70160	144	0	0
2026.07.21	14:10:00	0.70160	0.70163	0.70147	0.70151	168	0	0
2026.07.21	14:11:00	0.70151	0.70155	0.70146	0.70150	155	0	0
2026.07.21	14:12:00	0.70150	0.70166	0.70148	0.70163	224	0	0
2026.07.21	14:13:00	0.70163	0.70166	0.70157	0.70157	138	0	0
2026.07.21	14:14:00	0.70158	0.70173	0.70157	0.70169	177	0	0
2026.07.21	14:15:00	0.70169	0.70173	0.70165	0.70171	174	0	0
2026.07.21	14:16:00	0.70171	0.70176	0.70166	0.70167	165	0	0
2026.07.21	14:17:00	0.70167	0.70185	0.70167	0.70174	194	0	0
2026.07.21	14:18:00	0.70174	0.70181	0.70172	0.70172	120	0	0
2026.07.21	14:19:00	0.70172	0.70173	0.70161	0.70161	161	0	0
2026.07.21	14:20:00	0.70161	0.70165	0.70153	0.70153	196	0	0
2026.07.21	14:21:00	0.70153	0.70157	0.70151	0.70154	122	0	0
2026.07.21	14:22:00	0.70154	0.70159	0.70151	0.70157	112	0	0
2026.07.21	14:23:00	0.70157	0.70162	0.70156	0.70160	153	0	0
2026.07.21	14:24:00	0.70160	0.70170	0.70160	0.70167	133	0	0
2026.07.21	14:25:00	0.70167	0.70169	0.70157	0.70158	126	0	0
2026.07.21	14:26:00	0.70158	0.70164	0.70157	0.70161	173	0	0
2026.07.21	14:27:00	0.70161	0.70165	0.70159	0.70163	148	0	0
2026.07.21	14:28:00	0.70163	0.70166	0.70158	0.70159	118	0	0
2026.07.21	14:29:00	0.70159	0.70167	0.70157	0.70161	201	0	0
2026.07.21	14:30:00	0.70161	0.70179	0.70159	0.70177	213	0	0
2026.07.21	14:31:00	0.70177	0.70185	0.70175	0.70177	172	0	0
2026.07.21	14:32:00	0.70177	0.70183	0.70173	0.70173	175	0	0
2026.07.21	14:33:00	0.70173	0.70177	0.70169	0.70171	161	0	0
2026.07.21	14:34:00	0.70171	0.70181	0.70171	0.70177	195	0	0
2026.07.21	14:35:00	0.70177	0.70188	0.70173	0.70186	208	0	0
2026.07.21	14:36:00	0.70186	0.70191	0.70185	0.70187	118	0	0
2026.07.21	14:37:00	0.70187	0.70191	0.70181	0.70186	149	0	0
2026.07.21	14:38:00	0.70186	0.70187	0.70181	0.70183	103	0	0
2026.07.21	14:39:00	0.70183	0.70192	0.70181	0.70185	126	0	0
2026.07.21	14:40:00	0.70185	0.70193	0.70185	0.70187	117	0	0
2026.07.21	14:41:00	0.70187	0.70189	0.70181	0.70181	105	0	0
2026.07.21	14:42:00	0.70181	0.70184	0.70174	0.70178	184	0	0
2026.07.21	14:43:00	0.70178	0.70184	0.70177	0.70182	103	0	0
2026.07.21	14:44:00	0.70182	0.70188	0.70182	0.70185	141	0	0
2026.07.21	14:45:00	0.70184	0.70188	0.70179	0.70179	118	0	0
2026.07.21	14:46:00	0.70179	0.70184	0.70178	0.70179	57	0	0
2026.07.21	14:47:00	0.70179	0.70184	0.70177	0.70181	142	0	0
2026.07.21	14:48:00	0.70181	0.70183	0.70178	0.70178	63	0	0
2026.07.21	14:49:00	0.70178	0.70187	0.70177	0.70186	88	0	0
2026.07.21	14:50:00	0.70186	0.70188	0.70183	0.70185	103	0	0
2026.07.21	14:51:00	0.70185	0.70185	0.70178	0.70180	79	0	0
2026.07.21	14:52:00	0.70180	0.70182	0.70157	0.70160	140	0	0
2026.07.21	14:53:00	0.70160	0.70163	0.70159	0.70162	67	0	0
2026.07.21	14:54:00	0.70162	0.70167	0.70161	0.70162	67	0	0
2026.07.21	14:55:00	0.70162	0.70165	0.70158	0.70162	73	0	0
2026.07.21	14:56:00	0.70162	0.70167	0.70161	0.70163	91	0	0
2026.07.21	14:57:00	0.70163	0.70168	0.70160	0.70167	91	0	0
2026.07.21	14:58:00	0.70167	0.70178	0.70167	0.70175	141	0	0
2026.07.21	14:59:00	0.70175	0.70180	0.70173	0.70178	70	0	0
2026.07.21	15:00:00	0.70178	0.70191	0.70175	0.70176	203	0	0
2026.07.21	15:01:00	0.70175	0.70178	0.70161	0.70162	172	0	0
2026.07.21	15:02:00	0.70162	0.70167	0.70159	0.70161	204	0	0
2026.07.21	15:03:00	0.70161	0.70171	0.70161	0.70164	188	0	0
2026.07.21	15:04:00	0.70164	0.70168	0.70158	0.70165	193	0	0
2026.07.21	15:05:00	0.70164	0.70169	0.70159	0.70159	155	0	0
2026.07.21	15:06:00	0.70159	0.70160	0.70149	0.70157	166	0	0
2026.07.21	15:07:00	0.70156	0.70164	0.70156	0.70159	175	0	0
2026.07.21	15:08:00	0.70160	0.70164	0.70156	0.70156	145	0	0
2026.07.21	15:09:00	0.70156	0.70159	0.70151	0.70154	88	0	0
2026.07.21	15:10:00	0.70154	0.70154	0.70146	0.70147	185	0	0
2026.07.21	15:11:00	0.70147	0.70153	0.70146	0.70148	154	0	0
2026.07.21	15:12:00	0.70148	0.70157	0.70146	0.70152	198	0	0
2026.07.21	15:13:00	0.70151	0.70153	0.70143	0.70147	121	0	0
2026.07.21	15:14:00	0.70147	0.70151	0.70144	0.70149	213	0	0
2026.07.21	15:15:00	0.70148	0.70157	0.70127	0.70130	201	0	0
2026.07.21	15:16:00	0.70130	0.70147	0.70125	0.70145	211	0	0
2026.07.21	15:17:00	0.70146	0.70148	0.70142	0.70145	188	0	0
2026.07.21	15:18:00	0.70145	0.70150	0.70139	0.70140	198	0	0
2026.07.21	15:19:00	0.70140	0.70152	0.70140	0.70146	203	0	0
2026.07.21	15:20:00	0.70146	0.70153	0.70140	0.70140	176	0	0
2026.07.21	15:21:00	0.70140	0.70146	0.70140	0.70142	127	0	0
2026.07.21	15:22:00	0.70142	0.70147	0.70139	0.70141	150	0	0
2026.07.21	15:23:00	0.70140	0.70145	0.70138	0.70142	148	0	0
2026.07.21	15:24:00	0.70142	0.70146	0.70135	0.70139	170	0	0
2026.07.21	15:25:00	0.70139	0.70139	0.70120	0.70122	164	0	0
2026.07.21	15:26:00	0.70122	0.70131	0.70121	0.70129	158	0	0
2026.07.21	15:27:00	0.70128	0.70130	0.70118	0.70124	102	0	0
2026.07.21	15:28:00	0.70123	0.70123	0.70113	0.70116	147	0	0
2026.07.21	15:29:00	0.70116	0.70121	0.70109	0.70113	174	0	0
2026.07.21	15:30:00	0.70113	0.70131	0.70113	0.70128	219	0	0
2026.07.21	15:31:00	0.70128	0.70130	0.70122	0.70128	186	0	0
2026.07.21	15:32:00	0.70128	0.70139	0.70127	0.70136	222	0	0
2026.07.21	15:33:00	0.70136	0.70146	0.70135	0.70145	162	0	0
2026.07.21	15:34:00	0.70144	0.70147	0.70139	0.70144	152	0	0
2026.07.21	15:35:00	0.70144	0.70147	0.70136	0.70139	210	0	0
2026.07.21	15:36:00	0.70139	0.70139	0.70131	0.70134	172	0	0
2026.07.21	15:37:00	0.70134	0.70139	0.70131	0.70137	195	0	0
2026.07.21	15:38:00	0.70137	0.70144	0.70134	0.70140	202	0	0
2026.07.21	15:39:00	0.70141	0.70143	0.70134	0.70141	146	0	0
2026.07.21	15:40:00	0.70141	0.70144	0.70135	0.70138	135	0	0
2026.07.21	15:41:00	0.70138	0.70144	0.70130	0.70131	235	0	0
2026.07.21	15:42:00	0.70131	0.70138	0.70130	0.70136	174	0	0
2026.07.21	15:43:00	0.70136	0.70140	0.70109	0.70115	304	0	0
2026.07.21	15:44:00	0.70115	0.70132	0.70115	0.70126	253	0	0
2026.07.21	15:45:00	0.70126	0.70137	0.70125	0.70135	179	0	0
2026.07.21	15:46:00	0.70135	0.70144	0.70132	0.70141	124	0	0
2026.07.21	15:47:00	0.70141	0.70154	0.70140	0.70153	154	0	0
2026.07.21	15:48:00	0.70153	0.70164	0.70149	0.70162	146	0	0
2026.07.21	15:49:00	0.70162	0.70168	0.70162	0.70165	123	0	0
2026.07.21	15:50:00	0.70165	0.70167	0.70157	0.70162	212	0	0
2026.07.21	15:51:00	0.70162	0.70166	0.70155	0.70157	221	0	0
2026.07.21	15:52:00	0.70157	0.70161	0.70148	0.70157	180	0	0
2026.07.21	15:53:00	0.70157	0.70163	0.70151	0.70158	159	0	0
2026.07.21	15:54:00	0.70158	0.70162	0.70152	0.70153	157	0	0
2026.07.21	15:55:00	0.70153	0.70157	0.70145	0.70152	209	0	0
2026.07.21	15:56:00	0.70154	0.70157	0.70147	0.70152	153	0	0
2026.07.21	15:57:00	0.70152	0.70164	0.70149	0.70158	239	0	0
2026.07.21	15:58:00	0.70158	0.70161	0.70154	0.70158	134	0	0
2026.07.21	15:59:00	0.70158	0.70164	0.70153	0.70161	169	0	0
2026.07.21	16:00:00	0.70162	0.70168	0.70154	0.70158	242	0	0
2026.07.21	16:01:00	0.70158	0.70161	0.70153	0.70160	171	0	0
2026.07.21	16:02:00	0.70159	0.70159	0.70131	0.70131	241	0	0
2026.07.21	16:03:00	0.70131	0.70145	0.70131	0.70144	226	0	0
2026.07.21	16:04:00	0.70144	0.70152	0.70140	0.70151	161	0	0
2026.07.21	16:05:00	0.70151	0.70161	0.70149	0.70159	201	0	0
2026.07.21	16:06:00	0.70159	0.70160	0.70152	0.70157	167	0	0
2026.07.21	16:07:00	0.70156	0.70162	0.70152	0.70153	173	0	0
2026.07.21	16:08:00	0.70153	0.70162	0.70151	0.70157	223	0	0
2026.07.21	16:09:00	0.70157	0.70160	0.70146	0.70147	185	0	0
2026.07.21	16:10:00	0.70147	0.70159	0.70146	0.70156	254	0	0
2026.07.21	16:11:00	0.70156	0.70166	0.70156	0.70160	208	0	0
2026.07.21	16:12:00	0.70159	0.70162	0.70155	0.70162	155	0	0
2026.07.21	16:13:00	0.70161	0.70163	0.70157	0.70161	115	0	0
2026.07.21	16:14:00	0.70161	0.70167	0.70160	0.70164	93	0	0
2026.07.21	16:15:00	0.70164	0.70165	0.70156	0.70157	166	0	0
2026.07.21	16:16:00	0.70157	0.70157	0.70143	0.70146	217	0	0
2026.07.21	16:17:00	0.70146	0.70147	0.70134	0.70136	161	0	0
2026.07.21	16:18:00	0.70136	0.70144	0.70132	0.70133	165	0	0
2026.07.21	16:19:00	0.70132	0.70135	0.70127	0.70127	157	0	0
2026.07.21	16:20:00	0.70127	0.70131	0.70116	0.70118	123	0	0
2026.07.21	16:21:00	0.70118	0.70127	0.70114	0.70122	93	0	0
2026.07.21	16:22:00	0.70122	0.70128	0.70115	0.70116	132	0	0
2026.07.21	16:23:00	0.70116	0.70118	0.70102	0.70102	103	0	0
2026.07.21	16:24:00	0.70102	0.70102	0.70089	0.70096	142	0	0
2026.07.21	16:25:00	0.70096	0.70097	0.70090	0.70091	191	0	0
2026.07.21	16:26:00	0.70091	0.70101	0.70090	0.70096	184	0	0
2026.07.21	16:27:00	0.70096	0.70097	0.70090	0.70094	171	0	0
2026.07.21	16:28:00	0.70094	0.70099	0.70083	0.70083	144	0	0
2026.07.21	16:29:00	0.70083	0.70094	0.70081	0.70092	261	0	0
2026.07.21	16:30:00	0.70092	0.70106	0.70088	0.70100	418	0	0
2026.07.21	16:31:00	0.70099	0.70106	0.70092	0.70093	337	0	0
2026.07.21	16:32:00	0.70093	0.70109	0.70093	0.70103	324	0	0
2026.07.21	16:33:00	0.70103	0.70106	0.70095	0.70097	279	0	0
2026.07.21	16:34:00	0.70097	0.70102	0.70089	0.70090	209	0	0
2026.07.21	16:35:00	0.70090	0.70101	0.70088	0.70099	224	0	0
2026.07.21	16:36:00	0.70098	0.70105	0.70082	0.70082	177	0	0
2026.07.21	16:37:00	0.70082	0.70086	0.70051	0.70053	310	0	0
2026.07.21	16:38:00	0.70052	0.70073	0.70051	0.70065	285	0	0
2026.07.21	16:39:00	0.70065	0.70072	0.70056	0.70057	277	0	0
2026.07.21	16:40:00	0.70056	0.70059	0.70037	0.70042	311	0	0
2026.07.21	16:41:00	0.70041	0.70041	0.70026	0.70037	313	0	0
2026.07.21	16:42:00	0.70037	0.70043	0.70032	0.70040	318	0	0
2026.07.21	16:43:00	0.70040	0.70043	0.70030	0.70032	329	0	0
2026.07.21	16:44:00	0.70031	0.70035	0.70025	0.70033	286	0	0
2026.07.21	16:45:00	0.70031	0.70039	0.70025	0.70032	289	0	0
2026.07.21	16:46:00	0.70032	0.70041	0.70030	0.70031	263	0	0
2026.07.21	16:47:00	0.70031	0.70035	0.70025	0.70030	312	0	0
2026.07.21	16:48:00	0.70030	0.70060	0.70027	0.70059	373	0	0
2026.07.21	16:49:00	0.70058	0.70066	0.70052	0.70065	282	0	0
2026.07.21	16:50:00	0.70065	0.70072	0.70060	0.70061	224	0	0
2026.07.21	16:51:00	0.70061	0.70062	0.70032	0.70035	264	0	0
2026.07.21	16:52:00	0.70035	0.70052	0.70034	0.70048	317	0	0
2026.07.21	16:53:00	0.70048	0.70063	0.70047	0.70063	271	0	0
2026.07.21	16:54:00	0.70063	0.70069	0.70056	0.70062	192	0	0
2026.07.21	16:55:00	0.70062	0.70073	0.70057	0.70061	203	0	0
2026.07.21	16:56:00	0.70061	0.70063	0.70046	0.70052	267	0	0
2026.07.21	16:57:00	0.70052	0.70058	0.70047	0.70056	281	0	0
2026.07.21	16:58:00	0.70056	0.70056	0.70047	0.70055	296	0	0
2026.07.21	16:59:00	0.70055	0.70059	0.70046	0.70053	257	0	0
2026.07.21	17:00:00	0.70053	0.70068	0.70053	0.70060	200	0	0
2026.07.21	17:01:00	0.70060	0.70070	0.70060	0.70066	188	0	0
2026.07.21	17:02:00	0.70066	0.70074	0.70065	0.70072	174	0	0
2026.07.21	17:03:00	0.70072	0.70084	0.70061	0.70081	178	0	0
2026.07.21	17:04:00	0.70081	0.70088	0.70075	0.70086	130	0	0
2026.07.21	17:05:00	0.70086	0.70097	0.70085	0.70091	205	0	0
2026.07.21	17:06:00	0.70091	0.70107	0.70090	0.70104	258	0	0
2026.07.21	17:07:00	0.70104	0.70105	0.70093	0.70096	237	0	0
2026.07.21	17:08:00	0.70096	0.70103	0.70088	0.70090	279	0	0
2026.07.21	17:09:00	0.70090	0.70095	0.70084	0.70086	300	0	0
2026.07.21	17:10:00	0.70086	0.70099	0.70085	0.70098	252	0	0
2026.07.21	17:11:00	0.70098	0.70101	0.70090	0.70095	280	0	0
2026.07.21	17:12:00	0.70095	0.70105	0.70095	0.70096	204	0	0
2026.07.21	17:13:00	0.70096	0.70119	0.70095	0.70118	190	0	0
2026.07.21	17:14:00	0.70119	0.70125	0.70113	0.70120	233	0	0
2026.07.21	17:15:00	0.70120	0.70120	0.70095	0.70098	215	0	0
2026.07.21	17:16:00	0.70099	0.70102	0.70090	0.70092	272	0	0
2026.07.21	17:17:00	0.70092	0.70104	0.70092	0.70100	283	0	0
2026.07.21	17:18:00	0.70100	0.70107	0.70098	0.70102	285	0	0
2026.07.21	17:19:00	0.70102	0.70106	0.70099	0.70100	235	0	0
2026.07.21	17:20:00	0.70100	0.70103	0.70086	0.70087	256	0	0
2026.07.21	17:21:00	0.70087	0.70096	0.70086	0.70088	241	0	0
2026.07.21	17:22:00	0.70088	0.70095	0.70087	0.70095	240	0	0
2026.07.21	17:23:00	0.70095	0.70104	0.70092	0.70102	164	0	0
2026.07.21	17:24:00	0.70102	0.70105	0.70088	0.70098	235	0	0
2026.07.21	17:25:00	0.70098	0.70114	0.70097	0.70107	202	0	0
2026.07.21	17:26:00	0.70107	0.70111	0.70101	0.70103	180	0	0
2026.07.21	17:27:00	0.70104	0.70109	0.70097	0.70109	231	0	0
2026.07.21	17:28:00	0.70109	0.70114	0.70098	0.70100	196	0	0
2026.07.21	17:29:00	0.70100	0.70104	0.70093	0.70098	210	0	0
2026.07.21	17:30:00	0.70098	0.70109	0.70093	0.70097	259	0	0
2026.07.21	17:31:00	0.70097	0.70104	0.70095	0.70096	174	0	0
2026.07.21	17:32:00	0.70096	0.70100	0.70088	0.70094	240	0	0
2026.07.21	17:33:00	0.70094	0.70094	0.70083	0.70084	172	0	0
2026.07.21	17:34:00	0.70084	0.70094	0.70080	0.70082	177	0	0
2026.07.21	17:35:00	0.70082	0.70088	0.70067	0.70077	189	0	0
2026.07.21	17:36:00	0.70078	0.70085	0.70075	0.70081	163	0	0
2026.07.21	17:37:00	0.70081	0.70084	0.70077	0.70083	141	0	0
2026.07.21	17:38:00	0.70083	0.70086	0.70077	0.70085	145	0	0
2026.07.21	17:39:00	0.70085	0.70085	0.70048	0.70071	250	0	0
2026.07.21	17:40:00	0.70071	0.70083	0.70062	0.70066	271	0	0
2026.07.21	17:41:00	0.70065	0.70067	0.70055	0.70058	202	0	0
2026.07.21	17:42:00	0.70057	0.70072	0.70055	0.70069	223	0	0
2026.07.21	17:43:00	0.70069	0.70080	0.70069	0.70076	215	0	0
2026.07.21	17:44:00	0.70076	0.70081	0.70070	0.70070	182	0	0
2026.07.21	17:45:00	0.70071	0.70074	0.70067	0.70068	206	0	0
2026.07.21	17:46:00	0.70068	0.70072	0.70060	0.70060	205	0	0
2026.07.21	17:47:00	0.70060	0.70060	0.70050	0.70054	257	0	0
2026.07.21	17:48:00	0.70054	0.70079	0.70044	0.70046	417	0	0
2026.07.21	17:49:00	0.70046	0.70056	0.70038	0.70056	294	0	0
2026.07.21	17:50:00	0.70055	0.70057	0.70045	0.70046	186	0	0
2026.07.21	17:51:00	0.70046	0.70051	0.70043	0.70049	95	0	0
2026.07.21	17:52:00	0.70049	0.70052	0.70040	0.70044	171	0	0
2026.07.21	17:53:00	0.70043	0.70045	0.70027	0.70029	215	0	0
2026.07.21	17:54:00	0.70029	0.70048	0.70028	0.70044	268	0	0
2026.07.21	17:55:00	0.70044	0.70064	0.70039	0.70040	369	0	0
2026.07.21	17:56:00	0.70040	0.70049	0.70034	0.70034	266	0	0
2026.07.21	17:57:00	0.70034	0.70048	0.70032	0.70035	270	0	0
2026.07.21	17:58:00	0.70035	0.70050	0.70035	0.70040	153	0	0
2026.07.21	17:59:00	0.70040	0.70048	0.70039	0.70043	159	0	0
2026.07.21	18:00:00	0.70043	0.70049	0.70041	0.70044	186	0	0
2026.07.21	18:01:00	0.70044	0.70044	0.70032	0.70040	184	0	0
2026.07.21	18:02:00	0.70040	0.70049	0.70034	0.70039	207	0	0
2026.07.21	18:03:00	0.70039	0.70043	0.70031	0.70041	191	0	0
2026.07.21	18:04:00	0.70041	0.70053	0.70041	0.70050	173	0	0
2026.07.21	18:05:00	0.70050	0.70054	0.70041	0.70041	196	0	0
2026.07.21	18:06:00	0.70041	0.70046	0.70031	0.70036	203	0	0
2026.07.21	18:07:00	0.70036	0.70045	0.70033	0.70043	207	0	0
2026.07.21	18:08:00	0.70043	0.70047	0.70039	0.70042	187	0	0
2026.07.21	18:09:00	0.70042	0.70051	0.70040	0.70047	174	0	0
2026.07.21	18:10:00	0.70047	0.70068	0.70047	0.70065	200	0	0
2026.07.21	18:11:00	0.70065	0.70068	0.70061	0.70064	244	0	0
2026.07.21	18:12:00	0.70064	0.70065	0.70057	0.70063	169	0	0
2026.07.21	18:13:00	0.70063	0.70066	0.70055	0.70055	93	0	0
2026.07.21	18:14:00	0.70055	0.70068	0.70054	0.70064	145	0	0
2026.07.21	18:15:00	0.70064	0.70081	0.70064	0.70080	188	0	0
2026.07.21	18:16:00	0.70080	0.70081	0.70069	0.70073	150	0	0
2026.07.21	18:17:00	0.70073	0.70086	0.70070	0.70082	152	0	0
2026.07.21	18:18:00	0.70082	0.70087	0.70079	0.70083	209	0	0
2026.07.21	18:19:00	0.70083	0.70089	0.70079	0.70086	202	0	0
2026.07.21	18:20:00	0.70087	0.70101	0.70085	0.70097	202	0	0
2026.07.21	18:21:00	0.70097	0.70109	0.70091	0.70093	360	0	0
2026.07.21	18:22:00	0.70092	0.70097	0.70086	0.70089	334	0	0
2026.07.21	18:23:00	0.70089	0.70092	0.70081	0.70086	234	0	0
2026.07.21	18:24:00	0.70085	0.70098	0.70084	0.70095	221	0	0
2026.07.21	18:25:00	0.70095	0.70101	0.70093	0.70095	194	0	0
2026.07.21	18:26:00	0.70096	0.70102	0.70095	0.70100	216	0	0
2026.07.21	18:27:00	0.70100	0.70109	0.70099	0.70106	182	0	0
2026.07.21	18:28:00	0.70106	0.70113	0.70103	0.70106	205	0	0
2026.07.21	18:29:00	0.70106	0.70108	0.70095	0.70098	161	0	0
2026.07.21	18:30:00	0.70098	0.70109	0.70093	0.70107	248	0	0
2026.07.21	18:31:00	0.70107	0.70112	0.70104	0.70107	183	0	0
2026.07.21	18:32:00	0.70107	0.70114	0.70104	0.70112	162	0	0
2026.07.21	18:33:00	0.70112	0.70116	0.70095	0.70101	294	0	0
2026.07.21	18:34:00	0.70101	0.70124	0.70101	0.70122	254	0	0
2026.07.21	18:35:00	0.70122	0.70126	0.70110	0.70113	230	0	0
2026.07.21	18:36:00	0.70113	0.70125	0.70109	0.70122	213	0	0
2026.07.21	18:37:00	0.70122	0.70123	0.70111	0.70118	169	0	0
2026.07.21	18:38:00	0.70118	0.70124	0.70110	0.70114	188	0	0
2026.07.21	18:39:00	0.70114	0.70117	0.70106	0.70107	193	0	0
2026.07.21	18:40:00	0.70107	0.70111	0.70101	0.70107	193	0	0
2026.07.21	18:41:00	0.70107	0.70112	0.70101	0.70103	149	0	0
2026.07.21	18:42:00	0.70103	0.70105	0.70099	0.70099	127	0	0
2026.07.21	18:43:00	0.70099	0.70102	0.70092	0.70098	117	0	0
2026.07.21	18:44:00	0.70098	0.70098	0.70085	0.70088	102	0	0
2026.07.21	18:45:00	0.70088	0.70093	0.70076	0.70076	144	0	0
2026.07.21	18:46:00	0.70076	0.70086	0.70075	0.70080	131	0	0
2026.07.21	18:47:00	0.70080	0.70080	0.70073	0.70076	114	0	0
2026.07.21	18:48:00	0.70076	0.70076	0.70065	0.70066	130	0	0
2026.07.21	18:49:00	0.70065	0.70074	0.70065	0.70068	139	0	0
2026.07.21	18:50:00	0.70068	0.70077	0.70068	0.70074	169	0	0
2026.07.21	18:51:00	0.70074	0.70079	0.70074	0.70075	109	0	0
2026.07.21	18:52:00	0.70075	0.70083	0.70072	0.70072	114	0	0
2026.07.21	18:53:00	0.70073	0.70078	0.70068	0.70069	149	0	0
2026.07.21	18:54:00	0.70069	0.70073	0.70061	0.70064	109	0	0
2026.07.21	18:55:00	0.70064	0.70070	0.70064	0.70067	107	0	0
2026.07.21	18:56:00	0.70067	0.70072	0.70066	0.70068	159	0	0
2026.07.21	18:57:00	0.70068	0.70074	0.70066	0.70071	126	0	0
2026.07.21	18:58:00	0.70070	0.70078	0.70069	0.70076	152	0	0
2026.07.21	18:59:00	0.70076	0.70078	0.70070	0.70072	91	0	0
2026.07.21	19:00:00	0.70072	0.70079	0.70071	0.70074	172	0	0
2026.07.21	19:01:00	0.70074	0.70079	0.70072	0.70073	97	0	0
2026.07.21	19:02:00	0.70074	0.70077	0.70068	0.70069	112	0	0
2026.07.21	19:03:00	0.70069	0.70071	0.70067	0.70069	40	0	0
2026.07.21	19:04:00	0.70069	0.70081	0.70069	0.70079	107	0	0
2026.07.21	19:05:00	0.70079	0.70080	0.70074	0.70075	49	0	0
2026.07.21	19:06:00	0.70075	0.70079	0.70074	0.70074	92	0	0
2026.07.21	19:07:00	0.70075	0.70077	0.70070	0.70070	136	0	0
2026.07.21	19:08:00	0.70070	0.70073	0.70068	0.70069	58	0	0
2026.07.21	19:09:00	0.70070	0.70078	0.70068	0.70072	98	0	0
2026.07.21	19:10:00	0.70072	0.70081	0.70070	0.70078	139	0	0
2026.07.21	19:11:00	0.70078	0.70081	0.70071	0.70073	117	0	0
2026.07.21	19:12:00	0.70072	0.70073	0.70063	0.70064	70	0	0
2026.07.21	19:13:00	0.70064	0.70069	0.70064	0.70066	93	0	0
2026.07.21	19:14:00	0.70066	0.70069	0.70065	0.70067	58	0	0
2026.07.21	19:15:00	0.70067	0.70068	0.70061	0.70061	63	0	0
2026.07.21	19:16:00	0.70061	0.70073	0.70061	0.70068	46	0	0
2026.07.21	19:17:00	0.70068	0.70071	0.70066	0.70068	68	0	0
2026.07.21	19:18:00	0.70068	0.70070	0.70063	0.70064	71	0	0
2026.07.21	19:19:00	0.70065	0.70066	0.70063	0.70065	59	0	0
2026.07.21	19:20:00	0.70065	0.70065	0.70056	0.70058	46	0	0
2026.07.21	19:21:00	0.70058	0.70060	0.70052	0.70058	61	0	0
2026.07.21	19:22:00	0.70058	0.70060	0.70054	0.70057	74	0	0
2026.07.21	19:23:00	0.70057	0.70058	0.70050	0.70051	45	0	0
2026.07.21	19:24:00	0.70051	0.70057	0.70049	0.70053	93	0	0
2026.07.21	19:25:00	0.70053	0.70054	0.70048	0.70050	34	0	0
2026.07.21	19:26:00	0.70050	0.70050	0.70045	0.70048	70	0	0
2026.07.21	19:27:00	0.70048	0.70049	0.70042	0.70045	59	0	0
2026.07.21	19:28:00	0.70046	0.70047	0.70043	0.70045	60	0	0
2026.07.21	19:29:00	0.70044	0.70049	0.70043	0.70043	52	0	0
2026.07.21	19:30:00	0.70043	0.70043	0.70034	0.70039	100	0	0
2026.07.21	19:31:00	0.70039	0.70044	0.70034	0.70037	118	0	0
2026.07.21	19:32:00	0.70036	0.70051	0.70036	0.70051	118	0	0
2026.07.21	19:33:00	0.70051	0.70056	0.70049	0.70049	61	0	0
2026.07.21	19:34:00	0.70050	0.70054	0.70046	0.70047	90	0	0
2026.07.21	19:35:00	0.70047	0.70048	0.70040	0.70041	46	0	0
2026.07.21	19:36:00	0.70041	0.70044	0.70035	0.70040	87	0	0
2026.07.21	19:37:00	0.70040	0.70041	0.70034	0.70038	32	0	0
2026.07.21	19:38:00	0.70038	0.70041	0.70035	0.70040	99	0	0
2026.07.21	19:39:00	0.70040	0.70043	0.70036	0.70041	75	0	0
2026.07.21	19:40:00	0.70041	0.70051	0.70040	0.70051	101	0	0
2026.07.21	19:41:00	0.70051	0.70057	0.70050	0.70053	99	0	0
2026.07.21	19:42:00	0.70053	0.70058	0.70052	0.70053	110	0	0
2026.07.21	19:43:00	0.70052	0.70063	0.70052	0.70058	91	0	0
2026.07.21	19:44:00	0.70058	0.70060	0.70054	0.70057	86	0	0
2026.07.21	19:45:00	0.70057	0.70061	0.70053	0.70055	108	0	0
2026.07.21	19:46:00	0.70055	0.70060	0.70055	0.70058	87	0	0
2026.07.21	19:47:00	0.70056	0.70059	0.70054	0.70056	58	0	0
2026.07.21	19:48:00	0.70056	0.70056	0.70053	0.70055	25	0	0
2026.07.21	19:49:00	0.70055	0.70066	0.70054	0.70065	91	0	0
2026.07.21	19:50:00	0.70065	0.70069	0.70062	0.70068	65	0	0
2026.07.21	19:51:00	0.70068	0.70070	0.70062	0.70065	85	0	0
2026.07.21	19:52:00	0.70065	0.70069	0.70063	0.70066	55	0	0
2026.07.21	19:53:00	0.70066	0.70069	0.70064	0.70064	60	0	0
2026.07.21	19:54:00	0.70064	0.70071	0.70064	0.70069	46	0	0
2026.07.21	19:55:00	0.70069	0.70074	0.70064	0.70067	58	0	0
2026.07.21	19:56:00	0.70066	0.70069	0.70060	0.70069	83	0	0
2026.07.21	19:57:00	0.70069	0.70074	0.70066	0.70070	77	0	0
2026.07.21	19:58:00	0.70070	0.70076	0.70068	0.70071	44	0	0
2026.07.21	19:59:00	0.70071	0.70073	0.70066	0.70067	76	0	0
2026.07.21	20:00:00	0.70067	0.70080	0.70066	0.70075	111	0	0
2026.07.21	20:01:00	0.70074	0.70079	0.70071	0.70077	117	0	0
2026.07.21	20:02:00	0.70076	0.70078	0.70065	0.70068	81	0	0
2026.07.21	20:03:00	0.70068	0.70070	0.70065	0.70067	53	0	0
2026.07.21	20:04:00	0.70066	0.70072	0.70064	0.70065	24	0	0
2026.07.21	20:05:00	0.70065	0.70065	0.70059	0.70064	43	0	0
2026.07.21	20:06:00	0.70064	0.70069	0.70062	0.70065	41	0	0
2026.07.21	20:07:00	0.70065	0.70069	0.70061	0.70061	31	0	0
2026.07.21	20:08:00	0.70061	0.70065	0.70061	0.70065	115	0	0
2026.07.21	20:09:00	0.70065	0.70065	0.70060	0.70060	52	0	0
2026.07.21	20:10:00	0.70060	0.70064	0.70056	0.70060	68	0	0
2026.07.21	20:11:00	0.70060	0.70066	0.70059	0.70064	64	0	0
2026.07.21	20:12:00	0.70064	0.70069	0.70062	0.70066	83	0	0
2026.07.21	20:13:00	0.70066	0.70072	0.70064	0.70064	85	0	0
2026.07.21	20:14:00	0.70064	0.70071	0.70062	0.70064	102	0	0
2026.07.21	20:15:00	0.70064	0.70067	0.70060	0.70063	115	0	0
2026.07.21	20:16:00	0.70063	0.70066	0.70061	0.70063	95	0	0
2026.07.21	20:17:00	0.70063	0.70067	0.70059	0.70060	79	0	0
2026.07.21	20:18:00	0.70060	0.70067	0.70060	0.70065	92	0	0
2026.07.21	20:19:00	0.70065	0.70068	0.70060	0.70061	54	0	0
2026.07.21	20:20:00	0.70061	0.70064	0.70060	0.70063	86	0	0
2026.07.21	20:21:00	0.70063	0.70066	0.70062	0.70065	130	0	0
2026.07.21	20:22:00	0.70063	0.70067	0.70062	0.70063	65	0	0
2026.07.21	20:23:00	0.70064	0.70064	0.70058	0.70061	65	0	0
2026.07.21	20:24:00	0.70061	0.70068	0.70060	0.70065	51	0	0
2026.07.21	20:25:00	0.70065	0.70072	0.70065	0.70071	75	0	0
2026.07.21	20:26:00	0.70071	0.70072	0.70068	0.70069	48	0	0
2026.07.21	20:27:00	0.70069	0.70073	0.70068	0.70072	63	0	0
2026.07.21	20:28:00	0.70073	0.70073	0.70069	0.70070	54	0	0
2026.07.21	20:29:00	0.70070	0.70077	0.70070	0.70076	45	0	0
2026.07.21	20:30:00	0.70076	0.70078	0.70074	0.70074	44	0	0
2026.07.21	20:31:00	0.70074	0.70075	0.70069	0.70070	49	0	0
2026.07.21	20:32:00	0.70070	0.70075	0.70070	0.70073	22	0	0
2026.07.21	20:33:00	0.70073	0.70073	0.70069	0.70071	33	0	0
2026.07.21	20:34:00	0.70071	0.70071	0.70065	0.70066	97	0	0
2026.07.21	20:35:00	0.70066	0.70067	0.70059	0.70060	45	0	0
2026.07.21	20:36:00	0.70060	0.70064	0.70059	0.70062	62	0	0
2026.07.21	20:37:00	0.70062	0.70063	0.70060	0.70060	18	0	0
2026.07.21	20:38:00	0.70060	0.70065	0.70060	0.70062	55	0	0
2026.07.21	20:39:00	0.70062	0.70066	0.70060	0.70061	40	0	0
2026.07.21	20:40:00	0.70061	0.70063	0.70058	0.70058	55	0	0
2026.07.21	20:41:00	0.70058	0.70058	0.70051	0.70052	73	0	0
2026.07.21	20:42:00	0.70052	0.70056	0.70050	0.70050	88	0	0
2026.07.21	20:43:00	0.70050	0.70058	0.70049	0.70057	74	0	0
2026.07.21	20:44:00	0.70057	0.70062	0.70057	0.70058	52	0	0
2026.07.21	20:45:00	0.70058	0.70061	0.70052	0.70053	58	0	0
2026.07.21	20:46:00	0.70053	0.70056	0.70051	0.70053	99	0	0
2026.07.21	20:47:00	0.70053	0.70056	0.70052	0.70053	40	0	0
2026.07.21	20:48:00	0.70053	0.70057	0.70053	0.70055	71	0	0
2026.07.21	20:49:00	0.70055	0.70059	0.70053	0.70054	47	0	0
2026.07.21	20:50:00	0.70054	0.70059	0.70053	0.70053	115	0	0
2026.07.21	20:51:00	0.70054	0.70058	0.70052	0.70056	134	0	0
2026.07.21	20:52:00	0.70056	0.70059	0.70054	0.70058	110	0	0
2026.07.21	20:53:00	0.70058	0.70063	0.70058	0.70061	128	0	0
2026.07.21	20:54:00	0.70061	0.70064	0.70059	0.70060	140	0	0
2026.07.21	20:55:00	0.70060	0.70066	0.70058	0.70059	139	0	0
2026.07.21	20:56:00	0.70059	0.70063	0.70054	0.70054	104	0	0
2026.07.21	20:57:00	0.70054	0.70059	0.70054	0.70056	143	0	0
2026.07.21	20:58:00	0.70056	0.70059	0.70054	0.70059	69	0	0
2026.07.21	20:59:00	0.70060	0.70060	0.70057	0.70057	69	0	0
2026.07.21	21:00:00	0.70057	0.70060	0.70057	0.70060	132	0	0
2026.07.21	21:01:00	0.70060	0.70060	0.70053	0.70054	41	0	0
2026.07.21	21:02:00	0.70053	0.70056	0.70051	0.70052	80	0	0
2026.07.21	21:03:00	0.70052	0.70052	0.70041	0.70043	90	0	0
2026.07.21	21:04:00	0.70043	0.70045	0.70033	0.70034	139	0	0
2026.07.21	21:05:00	0.70034	0.70046	0.70032	0.70033	181	0	0
2026.07.21	21:06:00	0.70033	0.70038	0.70026	0.70035	203	0	0
2026.07.21	21:07:00	0.70035	0.70037	0.70034	0.70036	57	0	0
2026.07.21	21:08:00	0.70035	0.70043	0.70033	0.70037	116	0	0
2026.07.21	21:09:00	0.70037	0.70045	0.70037	0.70042	109	0	0
2026.07.21	21:10:00	0.70042	0.70049	0.70042	0.70045	114	0	0
2026.07.21	21:11:00	0.70046	0.70048	0.70043	0.70044	61	0	0
2026.07.21	21:12:00	0.70044	0.70047	0.70043	0.70043	35	0	0
2026.07.21	21:13:00	0.70043	0.70046	0.70041	0.70041	70	0	0
2026.07.21	21:14:00	0.70041	0.70043	0.70035	0.70036	36	0	0
2026.07.21	21:15:00	0.70036	0.70038	0.70033	0.70036	115	0	0
2026.07.21	21:16:00	0.70036	0.70038	0.70032	0.70035	54	0	0
2026.07.21	21:17:00	0.70035	0.70039	0.70033	0.70036	59	0	0
2026.07.21	21:18:00	0.70036	0.70038	0.70033	0.70033	73	0	0
2026.07.21	21:19:00	0.70033	0.70036	0.70030	0.70033	74	0	0
2026.07.21	21:20:00	0.70033	0.70033	0.70024	0.70030	86	0	0
2026.07.21	21:21:00	0.70030	0.70032	0.70027	0.70028	37	0	0
2026.07.21	21:22:00	0.70028	0.70030	0.70025	0.70025	86	0	0
2026.07.21	21:23:00	0.70026	0.70031	0.70025	0.70029	73	0	0
2026.07.21	21:24:00	0.70029	0.70038	0.70028	0.70035	111	0	0
2026.07.21	21:25:00	0.70035	0.70047	0.70035	0.70043	111	0	0
2026.07.21	21:26:00	0.70043	0.70047	0.70042	0.70045	47	0	0
2026.07.21	21:27:00	0.70045	0.70053	0.70042	0.70043	106	0	0
2026.07.21	21:28:00	0.70043	0.70047	0.70042	0.70042	92	0	0
2026.07.21	21:29:00	0.70042	0.70050	0.70042	0.70048	75	0	0
2026.07.21	21:30:00	0.70048	0.70053	0.70045	0.70046	74	0	0
2026.07.21	21:31:00	0.70046	0.70047	0.70042	0.70044	65	0	0
2026.07.21	21:32:00	0.70044	0.70049	0.70040	0.70048	68	0	0
2026.07.21	21:33:00	0.70048	0.70049	0.70043	0.70044	83	0	0
2026.07.21	21:34:00	0.70044	0.70048	0.70035	0.70036	59	0	0
2026.07.21	21:35:00	0.70036	0.70038	0.70031	0.70032	65	0	0
2026.07.21	21:36:00	0.70032	0.70034	0.70031	0.70031	52	0	0
2026.07.21	21:37:00	0.70033	0.70033	0.70026	0.70026	68	0	0
2026.07.21	21:38:00	0.70026	0.70033	0.70026	0.70031	54	0	0
2026.07.21	21:39:00	0.70031	0.70036	0.70029	0.70031	135	0	0
2026.07.21	21:40:00	0.70033	0.70034	0.70029	0.70030	84	0	0
2026.07.21	21:41:00	0.70030	0.70041	0.70029	0.70038	74	0	0
2026.07.21	21:42:00	0.70038	0.70045	0.70038	0.70043	83	0	0
2026.07.21	21:43:00	0.70043	0.70049	0.70040	0.70047	79	0	0
2026.07.21	21:44:00	0.70048	0.70052	0.70045	0.70048	73	0	0
2026.07.21	21:45:00	0.70048	0.70051	0.70047	0.70049	37	0	0
2026.07.21	21:46:00	0.70049	0.70053	0.70047	0.70052	44	0	0
2026.07.21	21:47:00	0.70052	0.70052	0.70046	0.70048	51	0	0
2026.07.21	21:48:00	0.70048	0.70050	0.70044	0.70044	51	0	0
2026.07.21	21:49:00	0.70043	0.70048	0.70043	0.70047	65	0	0
2026.07.21	21:50:00	0.70047	0.70048	0.70042	0.70045	47	0	0
2026.07.21	21:51:00	0.70045	0.70048	0.70043	0.70045	49	0	0
2026.07.21	21:52:00	0.70045	0.70048	0.70045	0.70046	45	0	0
2026.07.21	21:53:00	0.70046	0.70051	0.70045	0.70047	87	0	0
2026.07.21	21:54:00	0.70047	0.70049	0.70045	0.70048	67	0	0
2026.07.21	21:55:00	0.70048	0.70052	0.70044	0.70050	94	0	0
2026.07.21	21:56:00	0.70050	0.70054	0.70046	0.70048	33	0	0
2026.07.21	21:57:00	0.70048	0.70048	0.70043	0.70044	52	0	0
2026.07.21	21:58:00	0.70044	0.70049	0.70044	0.70045	49	0	0
2026.07.21	21:59:00	0.70044	0.70055	0.70044	0.70053	79	0	0
2026.07.21	22:00:00	0.70053	0.70060	0.70050	0.70051	130	0	0
2026.07.21	22:01:00	0.70051	0.70053	0.70049	0.70051	48	0	0
2026.07.21	22:02:00	0.70051	0.70055	0.70050	0.70051	90	0	0
2026.07.21	22:03:00	0.70051	0.70055	0.70050	0.70055	67	0	0
2026.07.21	22:04:00	0.70055	0.70058	0.70051	0.70052	81	0	0
2026.07.21	22:05:00	0.70052	0.70057	0.70050	0.70050	88	0	0
2026.07.21	22:06:00	0.70050	0.70055	0.70050	0.70053	82	0	0
2026.07.21	22:07:00	0.70053	0.70057	0.70051	0.70051	84	0	0
2026.07.21	22:08:00	0.70051	0.70055	0.70050	0.70050	68	0	0
2026.07.21	22:09:00	0.70050	0.70055	0.70048	0.70048	71	0	0
2026.07.21	22:10:00	0.70048	0.70049	0.70043	0.70047	89	0	0
2026.07.21	22:11:00	0.70047	0.70054	0.70046	0.70052	76	0	0
2026.07.21	22:12:00	0.70052	0.70057	0.70052	0.70055	37	0	0
2026.07.21	22:13:00	0.70055	0.70056	0.70051	0.70053	52	0	0
2026.07.21	22:14:00	0.70053	0.70053	0.70047	0.70050	57	0	0
2026.07.21	22:15:00	0.70050	0.70058	0.70049	0.70054	42	0	0
2026.07.21	22:16:00	0.70054	0.70058	0.70054	0.70058	62	0	0
2026.07.21	22:17:00	0.70058	0.70059	0.70050	0.70054	48	0	0
2026.07.21	22:18:00	0.70054	0.70056	0.70053	0.70054	23	0	0
2026.07.21	22:19:00	0.70054	0.70057	0.70053	0.70055	58	0	0
2026.07.21	22:20:00	0.70056	0.70060	0.70055	0.70058	79	0	0
2026.07.21	22:21:00	0.70058	0.70059	0.70047	0.70051	54	0	0
2026.07.21	22:22:00	0.70051	0.70056	0.70050	0.70055	93	0	0
2026.07.21	22:23:00	0.70055	0.70059	0.70053	0.70056	105	0	0
2026.07.21	22:24:00	0.70056	0.70059	0.70053	0.70054	90	0	0
2026.07.21	22:25:00	0.70053	0.70058	0.70053	0.70055	54	0	0
2026.07.21	22:26:00	0.70055	0.70058	0.70054	0.70056	73	0	0
2026.07.21	22:27:00	0.70056	0.70058	0.70049	0.70050	111	0	0
2026.07.21	22:28:00	0.70050	0.70055	0.70049	0.70053	39	0	0
2026.07.21	22:29:00	0.70053	0.70053	0.70048	0.70051	40	0	0
2026.07.21	22:30:00	0.70051	0.70054	0.70036	0.70039	91	0	0
2026.07.21	22:31:00	0.70039	0.70039	0.70033	0.70036	66	0	0
2026.07.21	22:32:00	0.70036	0.70043	0.70036	0.70042	52	0	0
2026.07.21	22:33:00	0.70042	0.70045	0.70033	0.70035	47	0	0
2026.07.21	22:34:00	0.70035	0.70039	0.70030	0.70035	50	0	0
2026.07.21	22:35:00	0.70035	0.70036	0.70027	0.70027	90	0	0
2026.07.21	22:36:00	0.70027	0.70030	0.70017	0.70019	102	0	0
2026.07.21	22:37:00	0.70019	0.70025	0.70018	0.70020	98	0	0
2026.07.21	22:38:00	0.70020	0.70023	0.70018	0.70020	52	0	0
2026.07.21	22:39:00	0.70020	0.70020	0.70010	0.70014	85	0	0
2026.07.21	22:40:00	0.70014	0.70019	0.70013	0.70018	77	0	0
2026.07.21	22:41:00	0.70017	0.70021	0.70017	0.70019	65	0	0
2026.07.21	22:42:00	0.70019	0.70019	0.70011	0.70012	75	0	0
2026.07.21	22:43:00	0.70012	0.70016	0.70012	0.70013	52	0	0
2026.07.21	22:44:00	0.70013	0.70015	0.70008	0.70008	39	0	0
2026.07.21	22:45:00	0.70008	0.70013	0.70005	0.70010	78	0	0
2026.07.21	22:46:00	0.70010	0.70013	0.70008	0.70010	48	0	0
2026.07.21	22:47:00	0.70010	0.70012	0.70006	0.70007	68	0	0
2026.07.21	22:48:00	0.70007	0.70011	0.70006	0.70007	83	0	0
2026.07.21	22:49:00	0.70007	0.70014	0.70007	0.70011	97	0	0
2026.07.21	22:50:00	0.70011	0.70018	0.70009	0.70015	151	0	0
2026.07.21	22:51:00	0.70015	0.70021	0.70013	0.70017	80	0	0
2026.07.21	22:52:00	0.70017	0.70024	0.70017	0.70022	45	0	0
2026.07.21	22:53:00	0.70022	0.70029	0.70020	0.70021	60	0	0
2026.07.21	22:54:00	0.70021	0.70025	0.70018	0.70019	68	0	0
2026.07.21	22:55:00	0.70019	0.70021	0.70012	0.70013	72	0	0
2026.07.21	22:56:00	0.70013	0.70018	0.70011	0.70015	53	0	0
2026.07.21	22:57:00	0.70016	0.70029	0.70015	0.70023	194	0	0
2026.07.21	22:58:00	0.70023	0.70027	0.70019	0.70025	133	0	0
2026.07.21	22:59:00	0.70025	0.70032	0.70024	0.70032	79	0	0
2026.07.21	23:00:00	0.70032	0.70036	0.70023	0.70026	209	0	0
2026.07.21	23:01:00	0.70026	0.70028	0.70017	0.70017	113	0	0
2026.07.21	23:02:00	0.70017	0.70025	0.70017	0.70020	73	0	0
2026.07.21	23:03:00	0.70020	0.70023	0.70019	0.70021	47	0	0
2026.07.21	23:04:00	0.70020	0.70023	0.70020	0.70020	46	0	0
2026.07.21	23:05:00	0.70020	0.70026	0.70020	0.70021	80	0	0
2026.07.21	23:06:00	0.70021	0.70023	0.70016	0.70019	37	0	0
2026.07.21	23:07:00	0.70019	0.70023	0.70018	0.70020	33	0	0
2026.07.21	23:08:00	0.70020	0.70020	0.70011	0.70011	27	0	0
2026.07.21	23:09:00	0.70011	0.70012	0.70008	0.70009	34	0	0
2026.07.21	23:10:00	0.70008	0.70011	0.70005	0.70010	49	0	0
2026.07.21	23:11:00	0.70010	0.70011	0.70000	0.70002	47	0	0
2026.07.21	23:12:00	0.70002	0.70004	0.70000	0.70002	32	0	0
2026.07.21	23:13:00	0.70002	0.70005	0.70001	0.70001	38	0	0
2026.07.21	23:14:00	0.70001	0.70001	0.69998	0.69999	17	0	0
2026.07.21	23:15:00	0.69999	0.69999	0.69975	0.69979	80	0	0
2026.07.21	23:16:00	0.69979	0.69987	0.69979	0.69985	51	0	0
2026.07.21	23:17:00	0.69984	0.69988	0.69983	0.69986	23	0	0
2026.07.21	23:18:00	0.69986	0.69989	0.69984	0.69985	52	0	0
2026.07.21	23:19:00	0.69984	0.69987	0.69984	0.69984	20	0	0
2026.07.21	23:20:00	0.69984	0.69984	0.69978	0.69979	26	0	0
2026.07.21	23:21:00	0.69979	0.69985	0.69978	0.69982	24	0	0
2026.07.21	23:22:00	0.69982	0.69985	0.69981	0.69984	29	0	0
2026.07.21	23:23:00	0.69984	0.69986	0.69983	0.69984	15	0	0
2026.07.21	23:24:00	0.69984	0.69990	0.69984	0.69990	20	0	0
2026.07.21	23:25:00	0.69990	0.69994	0.69989	0.69993	27	0	0
2026.07.21	23:26:00	0.69993	0.69995	0.69990	0.69992	30	0	0
2026.07.21	23:27:00	0.69992	0.69993	0.69991	0.69992	7	0	0
2026.07.21	23:28:00	0.69992	0.69998	0.69991	0.69996	16	0	0
2026.07.21	23:29:00	0.69996	0.70000	0.69996	0.69999	54	0	0
2026.07.21	23:30:00	0.69999	0.69999	0.69995	0.69998	42	0	0
2026.07.21	23:31:00	0.69998	0.69998	0.69990	0.69990	39	0	0
2026.07.21	23:32:00	0.69990	0.69990	0.69989	0.69989	8	0	0
2026.07.21	23:33:00	0.69989	0.69989	0.69984	0.69984	27	0	0
2026.07.21	23:34:00	0.69984	0.69988	0.69984	0.69986	24	0	0
2026.07.21	23:35:00	0.69986	0.69988	0.69985	0.69985	14	0	0
2026.07.21	23:36:00	0.69985	0.69990	0.69985	0.69986	27	0	0
2026.07.21	23:37:00	0.69986	0.69991	0.69985	0.69989	32	0	0
2026.07.21	23:38:00	0.69989	0.69990	0.69988	0.69988	4	0	0
2026.07.21	23:39:00	0.69988	0.69989	0.69986	0.69987	23	0	0
2026.07.21	23:40:00	0.69987	0.69989	0.69985	0.69989	11	0	0
2026.07.21	23:41:00	0.69989	0.69993	0.69986	0.69990	21	0	0
2026.07.21	23:42:00	0.69990	0.69994	0.69990	0.69991	17	0	0
2026.07.21	23:43:00	0.69991	0.69993	0.69985	0.69986	43	0	0
2026.07.21	23:44:00	0.69986	0.69993	0.69986	0.69990	17	0	0
2026.07.21	23:45:00	0.69990	0.69992	0.69990	0.69991	20	0	1
2026.07.21	23:46:00	0.69991	0.69998	0.69990	0.69996	25	0	0
2026.07.21	23:47:00	0.69997	0.70001	0.69995	0.69996	21	0	0
2026.07.21	23:48:00	0.69996	0.69999	0.69996	0.69998	18	0	0
2026.07.21	23:49:00	0.69998	0.69999	0.69991	0.69991	40	0	0
2026.07.21	23:50:00	0.69989	0.69991	0.69985	0.69986	48	0	0
2026.07.21	23:51:00	0.69986	0.69991	0.69986	0.69987	37	0	0
2026.07.21	23:52:00	0.69988	0.69989	0.69986	0.69988	16	0	0
2026.07.21	23:53:00	0.69988	0.69988	0.69984	0.69984	23	0	0
2026.07.21	23:54:00	0.69984	0.69989	0.69984	0.69989	35	0	0
2026.07.21	23:55:00	0.69989	0.69989	0.69986	0.69988	60	0	0
2026.07.21	23:56:00	0.69986	0.69988	0.69985	0.69985	5	0	0
2026.07.21	23:57:00	0.69985	0.69988	0.69977	0.69980	52	0	0
2026.07.21	23:58:00	0.69980	0.69984	0.69976	0.69984	71	0	0
2026.07.21	23:59:00	0.69984	0.69993	0.69983	0.69985	151	0	0
2026.07.22	00:00:00	0.69985	0.69985	0.69965	0.69965	2	0	16
2026.07.22	00:01:00	0.69965	0.69967	0.69961	0.69966	22	0	48
2026.07.22	00:02:00	0.69966	0.69981	0.69966	0.69975	5	0	47
2026.07.22	00:03:00	0.69975	0.69977	0.69975	0.69977	2	0	66
2026.07.22	00:04:00	0.69977	0.69977	0.69976	0.69976	4	0	66
2026.07.22	00:05:00	0.69975	0.69976	0.69975	0.69976	2	0	63
2026.07.22	00:06:00	0.69976	0.69977	0.69976	0.69977	2	0	65
2026.07.22	00:07:00	0.69977	0.69977	0.69976	0.69976	2	0	65
2026.07.22	00:08:00	0.69970	0.69988	0.69970	0.69987	10	0	56
2026.07.22	00:09:00	0.69987	0.69990	0.69987	0.69990	4	0	54
2026.07.22	00:10:00	0.69990	0.69993	0.69984	0.69992	14	0	41
2026.07.22	00:11:00	0.69992	0.69998	0.69986	0.69990	15	0	22
2026.07.22	00:12:00	0.69990	0.69994	0.69988	0.69991	14	0	22
2026.07.22	00:13:00	0.69991	0.69994	0.69991	0.69992	6	0	22
2026.07.22	00:14:00	0.69992	0.69994	0.69990	0.69990	7	0	22
2026.07.22	00:15:00	0.69990	0.69990	0.69989	0.69990	3	0	22
2026.07.22	00:16:00	0.69990	0.69991	0.69990	0.69991	6	0	19
2026.07.22	00:17:00	0.69991	0.69991	0.69991	0.69991	1	0	19
2026.07.22	00:18:00	0.69991	0.69991	0.69991	0.69991	1	0	19
2026.07.22	00:19:00	0.69991	0.69991	0.69990	0.69991	5	0	19
2026.07.22	00:20:00	0.69990	0.69992	0.69989	0.69991	14	0	17
2026.07.22	00:21:00	0.69991	0.70004	0.69991	0.70004	2	0	4
2026.07.22	00:22:00	0.70004	0.70004	0.70004	0.70004	1	0	4
2026.07.22	00:23:00	0.70004	0.70004	0.70004	0.70004	1	0	4
2026.07.22	00:24:00	0.70004	0.70014	0.70004	0.70014	7	0	4
2026.07.22	00:25:00	0.70014	0.70014	0.70014	0.70014	1	0	7
2026.07.22	00:26:00	0.70014	0.70014	0.70014	0.70014	1	0	13
2026.07.22	00:27:00	0.70014	0.70014	0.70014	0.70014	1	0	13
2026.07.22	00:28:00	0.70014	0.70014	0.70014	0.70014	1	0	12
2026.07.22	00:29:00	0.70014	0.70014	0.70012	0.70012	3	0	13
2026.07.22	00:30:00	0.70012	0.70017	0.70012	0.70017	6	0	8
2026.07.22	00:31:00	0.70017	0.70017	0.69992	0.69996	8	0	8
2026.07.22	00:32:00	0.69996	0.70000	0.69991	0.69993	9	0	23
2026.07.22	00:33:00	0.69993	0.70000	0.69991	0.69991	21	0	22
2026.07.22	00:34:00	0.69991	0.70000	0.69990	0.70000	22	0	19
2026.07.22	00:35:00	0.70001	0.70012	0.69991	0.69991	16	0	13
2026.07.22	00:36:00	0.69991	0.69991	0.69968	0.69969	17	0	19
2026.07.22	00:37:00	0.69969	0.69986	0.69969	0.69985	30	0	23
2026.07.22	00:38:00	0.69985	0.69985	0.69982	0.69982	4	0	27
2026.07.22	00:39:00	0.69982	0.69999	0.69982	0.69986	31	0	18
2026.07.22	00:40:00	0.69986	0.69986	0.69980	0.69981	3	0	21
2026.07.22	00:41:00	0.69981	0.69992	0.69981	0.69987	5	0	19
2026.07.22	00:42:00	0.69987	0.69988	0.69982	0.69982	6	0	21
2026.07.22	00:43:00	0.69982	0.69985	0.69982	0.69985	3	0	17
2026.07.22	00:44:00	0.69985	0.69987	0.69982	0.69986	8	0	18
2026.07.22	00:45:00	0.69986	0.69995	0.69983	0.69986	11	0	14
2026.07.22	00:46:00	0.69986	0.69992	0.69986	0.69990	6	0	17
2026.07.22	00:47:00	0.69991	0.69992	0.69990	0.69991	7	0	21
2026.07.22	00:48:00	0.69991	0.69991	0.69991	0.69991	1	0	24
2026.07.22	00:49:00	0.69991	0.69991	0.69986	0.69986	2	0	21
2026.07.22	00:50:00	0.69986	0.69986	0.69986	0.69986	1	0	19
2026.07.22	00:51:00	0.69982	0.69999	0.69981	0.69993	73	0	16
2026.07.22	00:52:00	0.69993	0.69997	0.69973	0.69974	36	0	11
2026.07.22	00:53:00	0.69974	0.69998	0.69974	0.69995	38	0	20
2026.07.22	00:54:00	0.69995	0.69996	0.69976	0.69976	8	0	20
2026.07.22	00:55:00	0.69976	0.69996	0.69976	0.69994	41	0	22
2026.07.22	00:56:00	0.69994	0.69999	0.69987	0.69996	40	0	19
2026.07.22	00:57:00	0.69996	0.69999	0.69980	0.69987	30	0	20
2026.07.22	00:58:00	0.69987	0.69993	0.69982	0.69983	54	0	26
2026.07.22	00:59:00	0.69983	0.69992	0.69982	0.69985	32	0	25
2026.07.22	01:00:00	0.69985	0.69997	0.69980	0.69981	118	0	0
2026.07.22	01:01:00	0.69981	0.69990	0.69978	0.69984	79	0	0
2026.07.22	01:02:00	0.69984	0.69984	0.69977	0.69982	30	0	0
2026.07.22	01:03:00	0.69982	0.69990	0.69980	0.69988	59	0	0
2026.07.22	01:04:00	0.69988	0.69990	0.69985	0.69988	27	0	0
2026.07.22	01:05:00	0.69988	0.69991	0.69987	0.69988	41	0	0
2026.07.22	01:06:00	0.69988	0.69990	0.69988	0.69988	31	0	0
2026.07.22	01:07:00	0.69988	0.69988	0.69987	0.69988	7	0	0
2026.07.22	01:08:00	0.69988	0.69993	0.69988	0.69993	5	0	0
2026.07.22	01:09:00	0.69993	0.69998	0.69992	0.69992	39	0	0
2026.07.22	01:10:00	0.69993	0.69993	0.69987	0.69988	39	0	0
2026.07.22	01:11:00	0.69988	0.69995	0.69988	0.69993	62	0	0
2026.07.22	01:12:00	0.69993	0.69993	0.69988	0.69989	54	0	0
2026.07.22	01:13:00	0.69990	0.69995	0.69988	0.69991	140	0	0
2026.07.22	01:14:00	0.69991	0.69991	0.69988	0.69989	37	0	0
2026.07.22	01:15:00	0.69988	0.69992	0.69988	0.69991	54	0	0
2026.07.22	01:16:00	0.69991	0.69992	0.69989	0.69991	56	0	0
2026.07.22	01:17:00	0.69991	0.69996	0.69990	0.69996	45	0	0
2026.07.22	01:18:00	0.69993	0.69996	0.69992	0.69993	9	0	0
2026.07.22	01:19:00	0.69993	0.69996	0.69993	0.69993	23	0	0
2026.07.22	01:20:00	0.69993	0.69996	0.69992	0.69996	46	0	0
2026.07.22	01:21:00	0.69994	0.69997	0.69993	0.69994	46	0	0
2026.07.22	01:22:00	0.69993	0.69994	0.69993	0.69993	23	0	0
2026.07.22	01:23:00	0.69993	0.69996	0.69992	0.69992	26	0	0
2026.07.22	01:24:00	0.69992	0.69996	0.69990	0.69991	23	0	0
2026.07.22	01:25:00	0.69991	0.69997	0.69991	0.69996	35	0	0
2026.07.22	01:26:00	0.69996	0.70002	0.69995	0.69999	55	0	0
2026.07.22	01:27:00	0.69999	0.70001	0.69998	0.69998	24	0	0
2026.07.22	01:28:00	0.69997	0.70001	0.69997	0.69997	14	0	0
2026.07.22	01:29:00	0.69997	0.69997	0.69994	0.69996	11	0	0
2026.07.22	01:30:00	0.69996	0.69997	0.69987	0.69989	87	0	0
2026.07.22	01:31:00	0.69989	0.69991	0.69988	0.69988	40	0	0
2026.07.22	01:32:00	0.69988	0.69992	0.69988	0.69989	37	0	0
2026.07.22	01:33:00	0.69989	0.69992	0.69988	0.69989	48	0	0
2026.07.22	01:34:00	0.69989	0.69997	0.69989	0.69996	36	0	0
2026.07.22	01:35:00	0.69996	0.69997	0.69992	0.69993	20	0	0
2026.07.22	01:36:00	0.69993	0.69997	0.69993	0.69994	26	0	0
2026.07.22	01:37:00	0.69994	0.69996	0.69994	0.69995	17	0	0
2026.07.22	01:38:00	0.69995	0.69997	0.69992	0.69993	25	0	0
2026.07.22	01:39:00	0.69993	0.69996	0.69989	0.69990	40	0	0
2026.07.22	01:40:00	0.69990	0.69992	0.69989	0.69989	39	0	0
2026.07.22	01:41:00	0.69989	0.69991	0.69988	0.69989	25	0	0
2026.07.22	01:42:00	0.69989	0.69991	0.69987	0.69990	18	0	0
2026.07.22	01:43:00	0.69990	0.69991	0.69987	0.69987	37	0	0
2026.07.22	01:44:00	0.69987	0.69989	0.69986	0.69986	34	0	0
2026.07.22	01:45:00	0.69986	0.69988	0.69974	0.69976	55	0	0
2026.07.22	01:46:00	0.69976	0.69981	0.69975	0.69979	58	0	0
2026.07.22	01:47:00	0.69979	0.69982	0.69977	0.69977	54	0	0
2026.07.22	01:48:00	0.69977	0.69979	0.69972	0.69974	47	0	0
2026.07.22	01:49:00	0.69974	0.69979	0.69973	0.69975	58	0	0
2026.07.22	01:50:00	0.69976	0.69981	0.69974	0.69980	31	0	0
2026.07.22	01:51:00	0.69980	0.69984	0.69976	0.69982	49	0	0
2026.07.22	01:52:00	0.69982	0.69984	0.69978	0.69979	61	0	0
2026.07.22	01:53:00	0.69979	0.69981	0.69978	0.69979	23	0	0
2026.07.22	01:54:00	0.69979	0.69981	0.69977	0.69978	24	0	0
2026.07.22	01:55:00	0.69977	0.69981	0.69977	0.69980	22	0	0
2026.07.22	01:56:00	0.69980	0.69982	0.69978	0.69979	24	0	0
2026.07.22	01:57:00	0.69979	0.69980	0.69977	0.69979	25	0	0
2026.07.22	01:58:00	0.69978	0.69981	0.69977	0.69977	28	0	0
2026.07.22	01:59:00	0.69979	0.69980	0.69975	0.69978	39	0	0
2026.07.22	02:00:00	0.69978	0.69980	0.69968	0.69971	74	0	0
2026.07.22	02:01:00	0.69971	0.69975	0.69969	0.69970	63	0	0
2026.07.22	02:02:00	0.69971	0.69972	0.69966	0.69968	65	0	0
2026.07.22	02:03:00	0.69968	0.69973	0.69967	0.69971	45	0	0
2026.07.22	02:04:00	0.69971	0.69978	0.69971	0.69976	55	0	0
2026.07.22	02:05:00	0.69976	0.69979	0.69974	0.69978	67	0	0
2026.07.22	02:06:00	0.69977	0.69978	0.69976	0.69977	22	0	0
2026.07.22	02:07:00	0.69977	0.69979	0.69975	0.69978	37	0	0
2026.07.22	02:08:00	0.69978	0.69984	0.69978	0.69983	49	0	0
2026.07.22	02:09:00	0.69983	0.69984	0.69983	0.69983	5	0	0
2026.07.22	02:10:00	0.69983	0.69984	0.69982	0.69983	9	0	0
2026.07.22	02:11:00	0.69983	0.69985	0.69983	0.69983	35	0	0
2026.07.22	02:12:00	0.69984	0.69986	0.69983	0.69983	19	0	0
2026.07.22	02:13:00	0.69983	0.69984	0.69979	0.69983	32	0	0
2026.07.22	02:14:00	0.69983	0.69987	0.69979	0.69982	71	0	0
2026.07.22	02:15:00	0.69982	0.69991	0.69982	0.69987	36	0	0
2026.07.22	02:16:00	0.69987	0.69988	0.69983	0.69983	21	0	0
2026.07.22	02:17:00	0.69983	0.69983	0.69979	0.69980	20	0	0
2026.07.22	02:18:00	0.69980	0.69984	0.69979	0.69981	28	0	0
2026.07.22	02:19:00	0.69981	0.69983	0.69981	0.69983	21	0	0
2026.07.22	02:20:00	0.69982	0.69983	0.69980	0.69982	22	0	0
2026.07.22	02:21:00	0.69982	0.69982	0.69979	0.69979	24	0	0
2026.07.22	02:22:00	0.69979	0.69980	0.69977	0.69979	12	0	0
2026.07.22	02:23:00	0.69979	0.69981	0.69979	0.69979	12	0	0
2026.07.22	02:24:00	0.69979	0.69979	0.69978	0.69978	14	0	0
2026.07.22	02:25:00	0.69978	0.69980	0.69977	0.69977	8	0	0
2026.07.22	02:26:00	0.69977	0.69977	0.69973	0.69975	18	0	0
2026.07.22	02:27:00	0.69975	0.69978	0.69975	0.69975	21	0	0
2026.07.22	02:28:00	0.69976	0.69984	0.69975	0.69982	44	0	0
2026.07.22	02:29:00	0.69982	0.69984	0.69972	0.69973	30	0	0
2026.07.22	02:30:00	0.69973	0.69976	0.69973	0.69974	32	0	0
2026.07.22	02:31:00	0.69974	0.69978	0.69974	0.69977	42	0	0
2026.07.22	02:32:00	0.69977	0.69982	0.69977	0.69978	35	0	0
2026.07.22	02:33:00	0.69979	0.69981	0.69978	0.69980	24	0	0
2026.07.22	02:34:00	0.69980	0.69980	0.69978	0.69978	21	0	0
2026.07.22	02:35:00	0.69978	0.69981	0.69975	0.69979	40	0	0
2026.07.22	02:36:00	0.69980	0.69980	0.69978	0.69978	24	0	0
2026.07.22	02:37:00	0.69979	0.69980	0.69978	0.69978	42	0	0
2026.07.22	02:38:00	0.69978	0.69984	0.69978	0.69983	43	0	0
2026.07.22	02:39:00	0.69983	0.69985	0.69980	0.69981	40	0	0
2026.07.22	02:40:00	0.69981	0.69986	0.69979	0.69979	47	0	0
2026.07.22	02:41:00	0.69979	0.69983	0.69978	0.69982	19	0	0
2026.07.22	02:42:00	0.69983	0.69985	0.69981	0.69982	28	0	0
2026.07.22	02:43:00	0.69982	0.69983	0.69982	0.69982	19	0	0
2026.07.22	02:44:00	0.69982	0.69983	0.69981	0.69983	34	0	0
2026.07.22	02:45:00	0.69983	0.69986	0.69979	0.69983	43	0	0
2026.07.22	02:46:00	0.69983	0.69986	0.69980	0.69983	46	0	0
2026.07.22	02:47:00	0.69982	0.69988	0.69982	0.69987	85	0	0
2026.07.22	02:48:00	0.69987	0.69988	0.69984	0.69985	43	0	0
2026.07.22	02:49:00	0.69985	0.69988	0.69985	0.69988	10	0	0
2026.07.22	02:50:00	0.69987	0.69987	0.69978	0.69979	37	0	0
2026.07.22	02:51:00	0.69979	0.69982	0.69978	0.69978	62	0	0
2026.07.22	02:52:00	0.69978	0.69990	0.69978	0.69983	75	0	0
2026.07.22	02:53:00	0.69983	0.69985	0.69979	0.69983	56	0	0
2026.07.22	02:54:00	0.69983	0.69987	0.69982	0.69984	38	0	0
2026.07.22	02:55:00	0.69984	0.69990	0.69984	0.69988	81	0	0
2026.07.22	02:56:00	0.69988	0.70000	0.69988	0.69998	68	0	0
2026.07.22	02:57:00	0.69998	0.70002	0.69994	0.69996	48	0	0
2026.07.22	02:58:00	0.69996	0.70005	0.69994	0.70002	127	0	0
2026.07.22	02:59:00	0.70002	0.70006	0.69998	0.70003	132	0	0
2026.07.22	03:00:00	0.70003	0.70010	0.69987	0.69992	247	0	0
2026.07.22	03:01:00	0.69991	0.69995	0.69988	0.69993	202	0	0
2026.07.22	03:02:00	0.69993	0.70005	0.69991	0.70002	195	0	0
2026.07.22	03:03:00	0.70003	0.70007	0.69998	0.70000	169	0	0
2026.07.22	03:04:00	0.70000	0.70016	0.70000	0.70013	113	0	0
2026.07.22	03:05:00	0.70013	0.70015	0.69995	0.70000	111	0	0
2026.07.22	03:06:00	0.70000	0.70007	0.69996	0.70000	130	0	0
2026.07.22	03:07:00	0.70000	0.70012	0.69999	0.70004	76	0	0
2026.07.22	03:08:00	0.70004	0.70008	0.69994	0.69996	182	0	0
2026.07.22	03:09:00	0.69995	0.70003	0.69994	0.69997	215	0	0
2026.07.22	03:10:00	0.69996	0.70004	0.69989	0.70001	167	0	0
2026.07.22	03:11:00	0.70001	0.70009	0.69999	0.70007	160	0	0
2026.07.22	03:12:00	0.70007	0.70020	0.70004	0.70018	164	0	0
2026.07.22	03:13:00	0.70018	0.70018	0.70009	0.70014	102	0	0
2026.07.22	03:14:00	0.70014	0.70021	0.70013	0.70017	123	0	0
2026.07.22	03:15:00	0.70017	0.70024	0.70017	0.70019	199	0	0
2026.07.22	03:16:00	0.70019	0.70031	0.70014	0.70027	199	0	0
2026.07.22	03:17:00	0.70027	0.70030	0.70021	0.70026	121	0	0
2026.07.22	03:18:00	0.70026	0.70035	0.70023	0.70029	142	0	0
2026.07.22	03:19:00	0.70028	0.70036	0.70026	0.70036	151	0	0
2026.07.22	03:20:00	0.70034	0.70042	0.70033	0.70038	203	0	0
2026.07.22	03:21:00	0.70038	0.70046	0.70035	0.70038	130	0	0
2026.07.22	03:22:00	0.70038	0.70040	0.70032	0.70038	111	0	0
2026.07.22	03:23:00	0.70038	0.70045	0.70036	0.70039	95	0	0
2026.07.22	03:24:00	0.70039	0.70045	0.70038	0.70039	65	0	0
2026.07.22	03:25:00	0.70039	0.70044	0.70036	0.70037	77	0	0
2026.07.22	03:26:00	0.70037	0.70044	0.70033	0.70039	91	0	0
2026.07.22	03:27:00	0.70039	0.70044	0.70036	0.70038	107	0	0
2026.07.22	03:28:00	0.70038	0.70046	0.70038	0.70040	118	0	0
2026.07.22	03:29:00	0.70040	0.70044	0.70039	0.70041	134	0	0
2026.07.22	03:30:00	0.70041	0.70047	0.70038	0.70038	93	0	0
2026.07.22	03:31:00	0.70038	0.70044	0.70034	0.70042	88	0	0
2026.07.22	03:32:00	0.70042	0.70042	0.70032	0.70034	121	0	0
2026.07.22	03:33:00	0.70034	0.70040	0.70033	0.70039	77	0	0
2026.07.22	03:34:00	0.70039	0.70041	0.70035	0.70038	79	0	0
2026.07.22	03:35:00	0.70038	0.70040	0.70030	0.70034	94	0	0
2026.07.22	03:36:00	0.70034	0.70044	0.70034	0.70041	108	0	0
2026.07.22	03:37:00	0.70041	0.70049	0.70038	0.70043	151	0	0
2026.07.22	03:38:00	0.70043	0.70044	0.70036	0.70037	126	0	0
2026.07.22	03:39:00	0.70037	0.70039	0.70016	0.70017	150	0	0
2026.07.22	03:40:00	0.70017	0.70020	0.70013	0.70018	134	0	0
2026.07.22	03:41:00	0.70019	0.70021	0.70017	0.70020	101	0	0
2026.07.22	03:42:00	0.70020	0.70023	0.70014	0.70018	118	0	0
2026.07.22	03:43:00	0.70018	0.70021	0.70016	0.70017	79	0	0
2026.07.22	03:44:00	0.70017	0.70019	0.70014	0.70019	96	0	0
2026.07.22	03:45:00	0.70017	0.70020	0.70011	0.70012	125	0	0
2026.07.22	03:46:00	0.70012	0.70018	0.70012	0.70016	112	0	0
2026.07.22	03:47:00	0.70017	0.70020	0.70015	0.70019	120	0	0
2026.07.22	03:48:00	0.70019	0.70023	0.70016	0.70016	129	0	0
2026.07.22	03:49:00	0.70016	0.70030	0.70016	0.70028	98	0	0
2026.07.22	03:50:00	0.70028	0.70029	0.70020	0.70022	75	0	0
2026.07.22	03:51:00	0.70023	0.70035	0.70020	0.70029	146	0	0
2026.07.22	03:52:00	0.70031	0.70033	0.70021	0.70023	132	0	0
2026.07.22	03:53:00	0.70023	0.70037	0.70021	0.70035	140	0	0
2026.07.22	03:54:00	0.70035	0.70039	0.70027	0.70032	195	0	0
2026.07.22	03:55:00	0.70032	0.70052	0.70025	0.70050	239	0	0
2026.07.22	03:56:00	0.70050	0.70052	0.70045	0.70052	116	0	0
2026.07.22	03:57:00	0.70052	0.70066	0.70047	0.70063	158	0	0
2026.07.22	03:58:00	0.70063	0.70089	0.70063	0.70085	188	0	0
2026.07.22	03:59:00	0.70085	0.70092	0.70080	0.70088	85	0	0
2026.07.22	04:00:00	0.70088	0.70116	0.70088	0.70116	221	0	0
2026.07.22	04:01:00	0.70116	0.70126	0.70110	0.70111	180	0	0
2026.07.22	04:02:00	0.70111	0.70113	0.70093	0.70096	158	0	0
2026.07.22	04:03:00	0.70097	0.70111	0.70093	0.70107	181	0	0
2026.07.22	04:04:00	0.70107	0.70112	0.70101	0.70108	197	0	0
2026.07.22	04:05:00	0.70108	0.70125	0.70106	0.70123	165	0	0
2026.07.22	04:06:00	0.70123	0.70125	0.70116	0.70117	166	0	0
2026.07.22	04:07:00	0.70117	0.70123	0.70105	0.70105	105	0	0
2026.07.22	04:08:00	0.70105	0.70113	0.70104	0.70110	147	0	0
2026.07.22	04:09:00	0.70110	0.70115	0.70102	0.70113	142	0	0
2026.07.22	04:10:00	0.70113	0.70116	0.70104	0.70104	129	0	0
2026.07.22	04:11:00	0.70104	0.70107	0.70100	0.70104	146	0	0
2026.07.22	04:12:00	0.70104	0.70116	0.70104	0.70114	97	0	0
2026.07.22	04:13:00	0.70114	0.70116	0.70103	0.70103	120	0	0
2026.07.22	04:14:00	0.70103	0.70111	0.70098	0.70109	140	0	0
2026.07.22	04:15:00	0.70108	0.70115	0.70088	0.70089	223	0	0
2026.07.22	04:16:00	0.70089	0.70093	0.70083	0.70086	164	0	0
2026.07.22	04:17:00	0.70087	0.70090	0.70083	0.70084	101	0	0
2026.07.22	04:18:00	0.70084	0.70090	0.70082	0.70083	78	0	0
2026.07.22	04:19:00	0.70083	0.70086	0.70073	0.70075	102	0	0
2026.07.22	04:20:00	0.70075	0.70082	0.70073	0.70077	114	0	0
2026.07.22	04:21:00	0.70077	0.70081	0.70073	0.70077	154	0	0
2026.07.22	04:22:00	0.70077	0.70079	0.70070	0.70072	99	0	0
2026.07.22	04:23:00	0.70072	0.70076	0.70063	0.70066	116	0	0
2026.07.22	04:24:00	0.70065	0.70066	0.70059	0.70062	157	0	0
2026.07.22	04:25:00	0.70062	0.70066	0.70055	0.70058	163	0	0
2026.07.22	04:26:00	0.70059	0.70061	0.70049	0.70059	85	0	0
2026.07.22	04:27:00	0.70059	0.70067	0.70056	0.70059	81	0	0
2026.07.22	04:28:00	0.70059	0.70059	0.70055	0.70055	49	0	0
2026.07.22	04:29:00	0.70055	0.70064	0.70055	0.70057	116	0	0
2026.07.22	04:30:00	0.70057	0.70058	0.70039	0.70043	232	0	0
2026.07.22	04:31:00	0.70043	0.70048	0.70037	0.70040	144	0	0
2026.07.22	04:32:00	0.70039	0.70044	0.70033	0.70037	156	0	0
2026.07.22	04:33:00	0.70037	0.70041	0.70034	0.70035	162	0	0
2026.07.22	04:34:00	0.70034	0.70045	0.70033	0.70043	144	0	0
2026.07.22	04:35:00	0.70043	0.70044	0.70037	0.70037	79	0	0
2026.07.22	04:36:00	0.70037	0.70039	0.70031	0.70033	149	0	0
2026.07.22	04:37:00	0.70033	0.70039	0.70032	0.70035	147	0	0
2026.07.22	04:38:00	0.70034	0.70044	0.70033	0.70041	130	0	0
2026.07.22	04:39:00	0.70040	0.70050	0.70039	0.70047	128	0	0
2026.07.22	04:40:00	0.70047	0.70049	0.70034	0.70039	136	0	0
2026.07.22	04:41:00	0.70039	0.70042	0.70035	0.70037	145	0	0
2026.07.22	04:42:00	0.70037	0.70046	0.70035	0.70039	116	0	0
2026.07.22	04:43:00	0.70039	0.70050	0.70039	0.70046	151	0	0
2026.07.22	04:44:00	0.70046	0.70048	0.70038	0.70045	124	0	0
2026.07.22	04:45:00	0.70045	0.70061	0.70043	0.70058	136	0	0
2026.07.22	04:46:00	0.70058	0.70070	0.70058	0.70066	123	0	0
2026.07.22	04:47:00	0.70066	0.70072	0.70061	0.70071	122	0	0
2026.07.22	04:48:00	0.70071	0.70073	0.70067	0.70068	60	0	0
2026.07.22	04:49:00	0.70067	0.70070	0.70057	0.70068	149	0	0
2026.07.22	04:50:00	0.70068	0.70068	0.70055	0.70060	141	0	0
2026.07.22	04:51:00	0.70058	0.70068	0.70057	0.70064	109	0	0
2026.07.22	04:52:00	0.70065	0.70070	0.70058	0.70065	135	0	0
2026.07.22	04:53:00	0.70065	0.70068	0.70059	0.70061	98	0	0
2026.07.22	04:54:00	0.70061	0.70071	0.70059	0.70068	192	0	0
2026.07.22	04:55:00	0.70066	0.70070	0.70062	0.70067	166	0	0
2026.07.22	04:56:00	0.70067	0.70068	0.70058	0.70061	105	0	0
2026.07.22	04:57:00	0.70061	0.70067	0.70057	0.70064	122	0	0
2026.07.22	04:58:00	0.70064	0.70066	0.70057	0.70058	118	0	0
2026.07.22	04:59:00	0.70058	0.70064	0.70053	0.70055	124	0	0
2026.07.22	05:00:00	0.70054	0.70061	0.70044	0.70046	182	0	0
2026.07.22	05:01:00	0.70046	0.70048	0.70032	0.70034	152	0	0
2026.07.22	05:02:00	0.70034	0.70037	0.70024	0.70024	119	0	0
2026.07.22	05:03:00	0.70024	0.70028	0.70020	0.70027	151	0	0
2026.07.22	05:04:00	0.70027	0.70031	0.70023	0.70023	146	0	0
2026.07.22	05:05:00	0.70023	0.70027	0.70008	0.70010	125	0	0
2026.07.22	05:06:00	0.70011	0.70015	0.70008	0.70011	188	0	0
2026.07.22	05:07:00	0.70011	0.70015	0.70007	0.70010	234	0	0
2026.07.22	05:08:00	0.70010	0.70017	0.70005	0.70006	128	0	0
2026.07.22	05:09:00	0.70006	0.70016	0.70003	0.70015	198	0	0
2026.07.22	05:10:00	0.70015	0.70031	0.70012	0.70024	215	0	0
2026.07.22	05:11:00	0.70024	0.70041	0.70022	0.70037	122	0	0
2026.07.22	05:12:00	0.70038	0.70038	0.70030	0.70034	95	0	0
2026.07.22	05:13:00	0.70034	0.70037	0.70025	0.70028	98	0	0
2026.07.22	05:14:00	0.70028	0.70035	0.70026	0.70028	96	0	0
2026.07.22	05:15:00	0.70028	0.70032	0.70023	0.70028	130	0	0
2026.07.22	05:16:00	0.70028	0.70031	0.70026	0.70028	91	0	0
2026.07.22	05:17:00	0.70028	0.70031	0.70023	0.70023	62	0	0
2026.07.22	05:18:00	0.70022	0.70026	0.70018	0.70023	89	0	0
2026.07.22	05:19:00	0.70022	0.70025	0.70018	0.70020	178	0	0
2026.07.22	05:20:00	0.70020	0.70028	0.70020	0.70023	137	0	0
2026.07.22	05:21:00	0.70023	0.70035	0.70023	0.70032	90	0	0
2026.07.22	05:22:00	0.70032	0.70048	0.70032	0.70044	132	0	0
2026.07.22	05:23:00	0.70045	0.70050	0.70039	0.70048	103	0	0
2026.07.22	05:24:00	0.70048	0.70053	0.70045	0.70049	53	0	0
2026.07.22	05:25:00	0.70049	0.70060	0.70044	0.70058	125	0	0
2026.07.22	05:26:00	0.70059	0.70063	0.70050	0.70058	130	0	0
2026.07.22	05:27:00	0.70058	0.70066	0.70058	0.70065	110	0	0
2026.07.22	05:28:00	0.70066	0.70081	0.70063	0.70079	117	0	0
2026.07.22	05:29:00	0.70081	0.70082	0.70067	0.70068	97	0	0
2026.07.22	05:30:00	0.70068	0.70072	0.70053	0.70059	198	0	0
2026.07.22	05:31:00	0.70059	0.70074	0.70053	0.70074	159	0	0
2026.07.22	05:32:00	0.70073	0.70080	0.70063	0.70067	137	0	0
2026.07.22	05:33:00	0.70067	0.70070	0.70054	0.70058	157	0	0
2026.07.22	05:34:00	0.70058	0.70060	0.70045	0.70047	125	0	0
2026.07.22	05:35:00	0.70047	0.70049	0.70042	0.70043	124	0	0
2026.07.22	05:36:00	0.70044	0.70046	0.70037	0.70037	101	0	0
2026.07.22	05:37:00	0.70037	0.70042	0.70032	0.70035	122	0	0
2026.07.22	05:38:00	0.70035	0.70036	0.70024	0.70026	187	0	0
2026.07.22	05:39:00	0.70026	0.70034	0.70026	0.70030	125	0	0
2026.07.22	05:40:00	0.70030	0.70043	0.70029	0.70041	117	0	0
2026.07.22	05:41:00	0.70041	0.70048	0.70037	0.70046	128	0	0
2026.07.22	05:42:00	0.70046	0.70052	0.70042	0.70047	152	0	0
2026.07.22	05:43:00	0.70047	0.70054	0.70043	0.70046	128	0	0
2026.07.22	05:44:00	0.70046	0.70051	0.70041	0.70049	95	0	0
2026.07.22	05:45:00	0.70049	0.70059	0.70044	0.70045	136	0	0
2026.07.22	05:46:00	0.70046	0.70056	0.70043	0.70053	128	0	0
2026.07.22	05:47:00	0.70052	0.70055	0.70048	0.70054	94	0	0
2026.07.22	05:48:00	0.70054	0.70057	0.70049	0.70052	62	0	0
2026.07.22	05:49:00	0.70051	0.70052	0.70043	0.70045	89	0	0
2026.07.22	05:50:00	0.70045	0.70048	0.70039	0.70041	132	0	0
2026.07.22	05:51:00	0.70042	0.70044	0.70037	0.70042	58	0	0
2026.07.22	05:52:00	0.70042	0.70046	0.70042	0.70044	55	0	0
2026.07.22	05:53:00	0.70044	0.70046	0.70042	0.70045	45	0	0
2026.07.22	05:54:00	0.70045	0.70052	0.70043	0.70050	60	0	0
2026.07.22	05:55:00	0.70050	0.70056	0.70042	0.70042	112	0	0
2026.07.22	05:56:00	0.70041	0.70046	0.70039	0.70044	97	0	0
2026.07.22	05:57:00	0.70044	0.70046	0.70036	0.70038	91	0	0
2026.07.22	05:58:00	0.70038	0.70041	0.70035	0.70039	77	0	0
2026.07.22	05:59:00	0.70038	0.70044	0.70036	0.70040	142	0	0
2026.07.22	06:00:00	0.70039	0.70049	0.70038	0.70042	117	0	0
2026.07.22	06:01:00	0.70042	0.70045	0.70035	0.70036	71	0	0
2026.07.22	06:02:00	0.70036	0.70044	0.70036	0.70040	64	0	0
2026.07.22	06:03:00	0.70040	0.70044	0.70037	0.70040	65	0	0
2026.07.22	06:04:00	0.70039	0.70045	0.70037	0.70043	80	0	0
2026.07.22	06:05:00	0.70043	0.70045	0.70036	0.70043	103	0	0
2026.07.22	06:06:00	0.70042	0.70052	0.70040	0.70047	111	0	0
2026.07.22	06:07:00	0.70047	0.70051	0.70043	0.70045	138	0	0
2026.07.22	06:08:00	0.70044	0.70048	0.70036	0.70040	128	0	0
2026.07.22	06:09:00	0.70039	0.70040	0.70018	0.70020	129	0	0
2026.07.22	06:10:00	0.70020	0.70026	0.70013	0.70013	136	0	0
2026.07.22	06:11:00	0.70013	0.70020	0.70011	0.70014	188	0	0
2026.07.22	06:12:00	0.70014	0.70015	0.70000	0.70002	131	0	0
2026.07.22	06:13:00	0.70002	0.70011	0.69999	0.70006	127	0	0
2026.07.22	06:14:00	0.70006	0.70014	0.70004	0.70010	129	0	0
2026.07.22	06:15:00	0.70012	0.70020	0.70009	0.70019	146	0	0
2026.07.22	06:16:00	0.70018	0.70026	0.70017	0.70024	116	0	0
2026.07.22	06:17:00	0.70024	0.70029	0.70017	0.70021	156	0	0
2026.07.22	06:18:00	0.70021	0.70031	0.70017	0.70017	139	0	0
2026.07.22	06:19:00	0.70017	0.70023	0.70014	0.70021	157	0	0
2026.07.22	06:20:00	0.70021	0.70027	0.70015	0.70025	139	0	0
2026.07.22	06:21:00	0.70025	0.70030	0.70017	0.70020	134	0	0
2026.07.22	06:22:00	0.70020	0.70028	0.70020	0.70024	98	0	0
2026.07.22	06:23:00	0.70024	0.70033	0.70023	0.70030	120	0	0
2026.07.22	06:24:00	0.70029	0.70037	0.70029	0.70030	90	0	0
2026.07.22	06:25:00	0.70030	0.70041	0.70029	0.70038	102	0	0
2026.07.22	06:26:00	0.70038	0.70047	0.70034	0.70044	153	0	0
2026.07.22	06:27:00	0.70044	0.70056	0.70044	0.70050	132	0	0
2026.07.22	06:28:00	0.70050	0.70053	0.70048	0.70048	103	0	0
2026.07.22	06:29:00	0.70048	0.70053	0.70043	0.70051	119	0	0
2026.07.22	06:30:00	0.70051	0.70060	0.70046	0.70047	150	0	0
2026.07.22	06:31:00	0.70047	0.70048	0.70036	0.70038	94	0	0
2026.07.22	06:32:00	0.70038	0.70040	0.70024	0.70024	130	0	0
2026.07.22	06:33:00	0.70025	0.70027	0.70023	0.70025	138	0	0
2026.07.22	06:34:00	0.70024	0.70029	0.70023	0.70027	79	0	0
2026.07.22	06:35:00	0.70025	0.70029	0.70019	0.70020	124	0	0
2026.07.22	06:36:00	0.70020	0.70025	0.70015	0.70015	234	0	0
2026.07.22	06:37:00	0.70015	0.70021	0.70007	0.70016	157	0	0
2026.07.22	06:38:00	0.70016	0.70023	0.70015	0.70020	127	0	0
2026.07.22	06:39:00	0.70019	0.70026	0.70019	0.70021	157	0	0
2026.07.22	06:40:00	0.70021	0.70021	0.70013	0.70013	114	0	0
2026.07.22	06:41:00	0.70013	0.70020	0.70008	0.70013	128	0	0
2026.07.22	06:42:00	0.70013	0.70016	0.70010	0.70013	145	0	0
2026.07.22	06:43:00	0.70014	0.70016	0.70004	0.70004	176	0	0
2026.07.22	06:44:00	0.70004	0.70012	0.70004	0.70007	99	0	0
2026.07.22	06:45:00	0.70007	0.70018	0.70007	0.70014	67	0	0
2026.07.22	06:46:00	0.70014	0.70018	0.70009	0.70010	157	0	0
2026.07.22	06:47:00	0.70010	0.70016	0.70008	0.70009	94	0	0
2026.07.22	06:48:00	0.70009	0.70010	0.69997	0.69998	86	0	0
2026.07.22	06:49:00	0.69998	0.70009	0.69997	0.70006	82	0	0
2026.07.22	06:50:00	0.70006	0.70007	0.69997	0.69999	85	0	0
2026.07.22	06:51:00	0.69998	0.70000	0.69986	0.69986	99	0	0
2026.07.22	06:52:00	0.69986	0.69996	0.69985	0.69993	118	0	0
2026.07.22	06:53:00	0.69993	0.69997	0.69987	0.69989	102	0	0
2026.07.22	06:54:00	0.69990	0.69991	0.69983	0.69987	118	0	0
2026.07.22	06:55:00	0.69987	0.69990	0.69983	0.69986	140	0	0
2026.07.22	06:56:00	0.69986	0.69992	0.69985	0.69992	98	0	0
2026.07.22	06:57:00	0.69991	0.69998	0.69988	0.69991	130	0	0
2026.07.22	06:58:00	0.69991	0.69995	0.69988	0.69990	96	0	0
2026.07.22	06:59:00	0.69990	0.69995	0.69989	0.69992	93	0	0
2026.07.22	07:00:00	0.69992	0.69995	0.69988	0.69991	114	0	0
2026.07.22	07:01:00	0.69990	0.69993	0.69985	0.69988	80	0	0
2026.07.22	07:02:00	0.69989	0.69995	0.69987	0.69993	37	0	0
2026.07.22	07:03:00	0.69993	0.69996	0.69988	0.69994	92	0	0
2026.07.22	07:04:00	0.69994	0.69998	0.69984	0.69997	149	0	0
2026.07.22	07:05:00	0.69997	0.69999	0.69992	0.69995	78	0	0
2026.07.22	07:06:00	0.69995	0.69995	0.69978	0.69980	100	0	0
2026.07.22	07:07:00	0.69980	0.69986	0.69979	0.69985	45	0	0
2026.07.22	07:08:00	0.69985	0.69990	0.69983	0.69985	73	0	0
2026.07.22	07:09:00	0.69985	0.69993	0.69983	0.69992	96	0	0
2026.07.22	07:10:00	0.69992	0.69993	0.69984	0.69985	99	0	0
2026.07.22	07:11:00	0.69985	0.69986	0.69968	0.69970	121	0	0
2026.07.22	07:12:00	0.69971	0.69974	0.69964	0.69965	87	0	0
2026.07.22	07:13:00	0.69965	0.69979	0.69964	0.69974	133	0	0
2026.07.22	07:14:00	0.69974	0.69981	0.69971	0.69978	77	0	0
2026.07.22	07:15:00	0.69978	0.69992	0.69978	0.69991	84	0	0
2026.07.22	07:16:00	0.69991	0.69991	0.69983	0.69984	72	0	0
2026.07.22	07:17:00	0.69984	0.69985	0.69977	0.69979	63	0	0
2026.07.22	07:18:00	0.69979	0.69983	0.69977	0.69980	59	0	0
2026.07.22	07:19:00	0.69980	0.69983	0.69978	0.69980	58	0	0
2026.07.22	07:20:00	0.69980	0.69987	0.69979	0.69984	86	0	0
2026.07.22	07:21:00	0.69984	0.69984	0.69980	0.69980	49	0	0
2026.07.22	07:22:00	0.69980	0.69984	0.69974	0.69980	95	0	0
2026.07.22	07:23:00	0.69981	0.69985	0.69980	0.69985	62	0	0
2026.07.22	07:24:00	0.69985	0.69989	0.69983	0.69983	85	0	0
2026.07.22	07:25:00	0.69983	0.69986	0.69978	0.69980	64	0	0
2026.07.22	07:26:00	0.69980	0.69982	0.69978	0.69979	34	0	0
2026.07.22	07:27:00	0.69979	0.69991	0.69979	0.69990	99	0	0
2026.07.22	07:28:00	0.69990	0.69992	0.69985	0.69989	67	0	0
2026.07.22	07:29:00	0.69989	0.69992	0.69989	0.69990	35	0	0
2026.07.22	07:30:00	0.69990	0.69993	0.69985	0.69989	103	0	0
2026.07.22	07:31:00	0.69988	0.69992	0.69988	0.69989	85	0	0
2026.07.22	07:32:00	0.69989	0.69991	0.69983	0.69984	89	0	0
2026.07.22	07:33:00	0.69984	0.69995	0.69983	0.69993	103	0	0
2026.07.22	07:34:00	0.69993	0.69993	0.69985	0.69987	88	0	0
2026.07.22	07:35:00	0.69988	0.69992	0.69985	0.69990	37	0	0
2026.07.22	07:36:00	0.69990	0.69997	0.69988	0.69995	61	0	0
2026.07.22	07:37:00	0.69995	0.69996	0.69989	0.69990	73	0	0
2026.07.22	07:38:00	0.69990	0.69993	0.69989	0.69990	66	0	0
2026.07.22	07:39:00	0.69990	0.69992	0.69988	0.69991	56	0	0
2026.07.22	07:40:00	0.69991	0.69992	0.69988	0.69990	76	0	0
2026.07.22	07:41:00	0.69990	0.69998	0.69989	0.69994	58	0	0
2026.07.22	07:42:00	0.69994	0.70005	0.69994	0.70004	79	0	0
2026.07.22	07:43:00	0.70004	0.70006	0.70000	0.70002	95	0	0
2026.07.22	07:44:00	0.70002	0.70006	0.70000	0.70002	62	0	0
2026.07.22	07:45:00	0.70003	0.70003	0.69994	0.69997	83	0	0
2026.07.22	07:46:00	0.69997	0.70001	0.69994	0.69995	87	0	0
2026.07.22	07:47:00	0.69995	0.69995	0.69988	0.69990	70	0	0
2026.07.22	07:48:00	0.69990	0.69992	0.69989	0.69990	54	0	0
2026.07.22	07:49:00	0.69989	0.69993	0.69989	0.69990	30	0	0
2026.07.22	07:50:00	0.69990	0.69996	0.69989	0.69990	72	0	0
2026.07.22	07:51:00	0.69990	0.69992	0.69990	0.69990	38	0	0
2026.07.22	07:52:00	0.69990	0.69992	0.69988	0.69988	42	0	0
2026.07.22	07:53:00	0.69988	0.69990	0.69983	0.69985	77	0	0
2026.07.22	07:54:00	0.69985	0.69987	0.69983	0.69984	50	0	0
2026.07.22	07:55:00	0.69984	0.69985	0.69980	0.69980	62	0	0
2026.07.22	07:56:00	0.69980	0.69985	0.69978	0.69984	47	0	0
2026.07.22	07:57:00	0.69984	0.69986	0.69980	0.69984	78	0	0
2026.07.22	07:58:00	0.69984	0.69989	0.69980	0.69987	105	0	0
2026.07.22	07:59:00	0.69987	0.69993	0.69986	0.69993	52	0	0
2026.07.22	08:00:00	0.69993	0.69997	0.69987	0.69995	147	0	0
2026.07.22	08:01:00	0.69994	0.69994	0.69985	0.69990	139	0	0
2026.07.22	08:02:00	0.69991	0.69995	0.69987	0.69991	181	0	0
2026.07.22	08:03:00	0.69991	0.69993	0.69985	0.69987	148	0	0
2026.07.22	08:04:00	0.69987	0.69991	0.69986	0.69989	155	0	0
2026.07.22	08:05:00	0.69989	0.69989	0.69983	0.69986	99	0	0
2026.07.22	08:06:00	0.69986	0.69992	0.69985	0.69991	159	0	0
2026.07.22	08:07:00	0.69991	0.69993	0.69989	0.69990	26	0	0
2026.07.22	08:08:00	0.69990	0.69992	0.69984	0.69985	83	0	0
2026.07.22	08:09:00	0.69986	0.69986	0.69979	0.69979	64	0	0
2026.07.22	08:10:00	0.69979	0.69988	0.69978	0.69986	124	0	0
2026.07.22	08:11:00	0.69986	0.69995	0.69986	0.69993	103	0	0
2026.07.22	08:12:00	0.69993	0.69996	0.69988	0.69989	137	0	0
2026.07.22	08:13:00	0.69989	0.69992	0.69984	0.69984	98	0	0
2026.07.22	08:14:00	0.69984	0.69989	0.69983	0.69984	93	0	0
2026.07.22	08:15:00	0.69984	0.69985	0.69978	0.69982	38	0	0
2026.07.22	08:16:00	0.69982	0.69985	0.69978	0.69978	57	0	0
2026.07.22	08:17:00	0.69978	0.69987	0.69977	0.69987	77	0	0
2026.07.22	08:18:00	0.69986	0.69992	0.69983	0.69988	53	0	0
2026.07.22	08:19:00	0.69989	0.69997	0.69989	0.69989	95	0	0
2026.07.22	08:20:00	0.69989	0.69995	0.69988	0.69989	47	0	0
2026.07.22	08:21:00	0.69989	0.69998	0.69989	0.69994	66	0	0
2026.07.22	08:22:00	0.69994	0.70002	0.69994	0.70001	66	0	0
2026.07.22	08:23:00	0.70001	0.70002	0.69990	0.69992	90	0	0
2026.07.22	08:24:00	0.69990	0.69994	0.69988	0.69989	59	0	0
2026.07.22	08:25:00	0.69989	0.69992	0.69984	0.69992	94	0	0
2026.07.22	08:26:00	0.69992	0.69993	0.69985	0.69992	62	0	0
2026.07.22	08:27:00	0.69992	0.69994	0.69983	0.69985	101	0	0
2026.07.22	08:28:00	0.69984	0.69987	0.69978	0.69978	77	0	0
2026.07.22	08:29:00	0.69978	0.69983	0.69974	0.69976	73	0	0
2026.07.22	08:30:00	0.69976	0.69977	0.69969	0.69973	153	0	0
2026.07.22	08:31:00	0.69973	0.69975	0.69967	0.69969	165	0	0
2026.07.22	08:32:00	0.69968	0.69970	0.69965	0.69966	77	0	0
2026.07.22	08:33:00	0.69966	0.69969	0.69956	0.69957	125	0	0
2026.07.22	08:34:00	0.69957	0.69967	0.69956	0.69964	96	0	0
2026.07.22	08:35:00	0.69964	0.69969	0.69959	0.69962	138	0	0
2026.07.22	08:36:00	0.69962	0.69966	0.69959	0.69961	138	0	0
2026.07.22	08:37:00	0.69961	0.69961	0.69949	0.69950	133	0	0
2026.07.22	08:38:00	0.69950	0.69956	0.69950	0.69951	128	0	0
2026.07.22	08:39:00	0.69951	0.69958	0.69949	0.69954	147	0	0
2026.07.22	08:40:00	0.69954	0.69962	0.69954	0.69957	174	0	0
2026.07.22	08:41:00	0.69957	0.69964	0.69952	0.69954	148	0	0
2026.07.22	08:42:00	0.69955	0.69955	0.69939	0.69947	167	0	0
2026.07.22	08:43:00	0.69947	0.69950	0.69943	0.69950	141	0	0
2026.07.22	08:44:00	0.69949	0.69956	0.69947	0.69949	133	0	0
2026.07.22	08:45:00	0.69949	0.69950	0.69938	0.69938	101	0	0
2026.07.22	08:46:00	0.69938	0.69945	0.69934	0.69944	160	0	0
2026.07.22	08:47:00	0.69943	0.69951	0.69943	0.69944	112	0	0
2026.07.22	08:48:00	0.69944	0.69945	0.69939	0.69943	117	0	0
2026.07.22	08:49:00	0.69943	0.69949	0.69939	0.69945	134	0	0
2026.07.22	08:50:00	0.69945	0.69949	0.69940	0.69948	85	0	0
2026.07.22	08:51:00	0.69948	0.69955	0.69948	0.69952	99	0	0
2026.07.22	08:52:00	0.69952	0.69959	0.69950	0.69955	106	0	0
2026.07.22	08:53:00	0.69955	0.69967	0.69953	0.69966	141	0	0
2026.07.22	08:54:00	0.69966	0.69971	0.69959	0.69960	134	0	0
2026.07.22	08:55:00	0.69960	0.69965	0.69957	0.69962	154	0	0
2026.07.22	08:56:00	0.69962	0.69965	0.69953	0.69954	135	0	0
2026.07.22	08:57:00	0.69954	0.69956	0.69950	0.69953	71	0	0
2026.07.22	08:58:00	0.69953	0.69967	0.69952	0.69967	75	0	0
2026.07.22	08:59:00	0.69967	0.69971	0.69964	0.69970	42	0	0
2026.07.22	09:00:00	0.69970	0.69983	0.69966	0.69979	151	0	0
2026.07.22	09:01:00	0.69979	0.69985	0.69976	0.69979	122	0	0
2026.07.22	09:02:00	0.69979	0.69996	0.69979	0.69995	172	0	0
2026.07.22	09:03:00	0.69995	0.70002	0.69991	0.69993	150	0	0
2026.07.22	09:04:00	0.69993	0.69995	0.69987	0.69989	142	0	0
2026.07.22	09:05:00	0.69989	0.69991	0.69978	0.69983	171	0	0
2026.07.22	09:06:00	0.69983	0.69985	0.69977	0.69977	131	0	0
2026.07.22	09:07:00	0.69978	0.69985	0.69975	0.69985	177	0	0
2026.07.22	09:08:00	0.69985	0.69986	0.69978	0.69981	175	0	0
2026.07.22	09:09:00	0.69981	0.69986	0.69980	0.69980	125	0	0
2026.07.22	09:10:00	0.69980	0.69984	0.69971	0.69975	152	0	0
2026.07.22	09:11:00	0.69975	0.69985	0.69973	0.69982	136	0	0
2026.07.22	09:12:00	0.69982	0.69986	0.69977	0.69983	77	0	0
2026.07.22	09:13:00	0.69983	0.69987	0.69978	0.69979	79	0	0
2026.07.22	09:14:00	0.69979	0.69985	0.69974	0.69976	128	0	0
2026.07.22	09:15:00	0.69976	0.69977	0.69968	0.69969	133	0	0
2026.07.22	09:16:00	0.69969	0.69978	0.69969	0.69973	89	0	0
2026.07.22	09:17:00	0.69973	0.69977	0.69968	0.69976	115	0	0
2026.07.22	09:18:00	0.69975	0.69978	0.69964	0.69966	153	0	0
2026.07.22	09:19:00	0.69966	0.69969	0.69959	0.69961	129	0	0
2026.07.22	09:20:00	0.69962	0.69966	0.69953	0.69953	120	0	0
2026.07.22	09:21:00	0.69953	0.69962	0.69953	0.69958	111	0	0
2026.07.22	09:22:00	0.69958	0.69965	0.69955	0.69959	158	0	0
2026.07.22	09:23:00	0.69957	0.69959	0.69947	0.69948	79	0	0
2026.07.22	09:24:00	0.69948	0.69952	0.69940	0.69941	160	0	0
2026.07.22	09:25:00	0.69941	0.69945	0.69934	0.69934	141	0	0
2026.07.22	09:26:00	0.69934	0.69937	0.69919	0.69923	176	0	0
2026.07.22	09:27:00	0.69923	0.69931	0.69917	0.69930	248	0	0
2026.07.22	09:28:00	0.69930	0.69931	0.69912	0.69914	223	0	0
2026.07.22	09:29:00	0.69913	0.69915	0.69903	0.69913	172	0	0
2026.07.22	09:30:00	0.69913	0.69917	0.69899	0.69907	132	0	0
2026.07.22	09:31:00	0.69907	0.69927	0.69907	0.69925	107	0	0
2026.07.22	09:32:00	0.69925	0.69934	0.69922	0.69933	65	0	0
2026.07.22	09:33:00	0.69933	0.69935	0.69929	0.69931	71	0	0
2026.07.22	09:34:00	0.69932	0.69941	0.69932	0.69939	76	0	0
2026.07.22	09:35:00	0.69939	0.69953	0.69939	0.69944	71	0	0
2026.07.22	09:36:00	0.69944	0.69945	0.69938	0.69939	115	0	0
2026.07.22	09:37:00	0.69938	0.69941	0.69927	0.69928	76	0	0
2026.07.22	09:38:00	0.69927	0.69932	0.69924	0.69927	112	0	0
2026.07.22	09:39:00	0.69927	0.69931	0.69923	0.69930	116	0	0
2026.07.22	09:40:00	0.69930	0.69938	0.69928	0.69933	93	0	0
2026.07.22	09:41:00	0.69933	0.69951	0.69933	0.69949	141	0	0
2026.07.22	09:42:00	0.69949	0.69952	0.69943	0.69943	93	0	0
2026.07.22	09:43:00	0.69943	0.69953	0.69942	0.69952	147	0	0
2026.07.22	09:44:00	0.69951	0.69953	0.69944	0.69944	125	0	0
2026.07.22	09:45:00	0.69944	0.69951	0.69941	0.69951	91	0	0
2026.07.22	09:46:00	0.69951	0.69952	0.69943	0.69944	77	0	0
2026.07.22	09:47:00	0.69944	0.69948	0.69936	0.69946	121	0	0
2026.07.22	09:48:00	0.69946	0.69946	0.69937	0.69938	65	0	0
2026.07.22	09:49:00	0.69938	0.69942	0.69933	0.69938	137	0	0
2026.07.22	09:50:00	0.69938	0.69941	0.69933	0.69938	113	0	0
2026.07.22	09:51:00	0.69938	0.69944	0.69928	0.69941	148	0	0
2026.07.22	09:52:00	0.69941	0.69949	0.69940	0.69948	120	0	0
2026.07.22	09:53:00	0.69948	0.69949	0.69941	0.69944	103	0	0
2026.07.22	09:54:00	0.69944	0.69958	0.69943	0.69950	130	0	0
2026.07.22	09:55:00	0.69950	0.69952	0.69940	0.69950	164	0	0
2026.07.22	09:56:00	0.69950	0.69957	0.69950	0.69952	138	0	0
2026.07.22	09:57:00	0.69952	0.69957	0.69947	0.69951	198	0	0
2026.07.22	09:58:00	0.69951	0.69958	0.69949	0.69954	138	0	0
2026.07.22	09:59:00	0.69954	0.69963	0.69954	0.69960	136	0	0
2026.07.22	10:00:00	0.69960	0.69964	0.69950	0.69954	178	0	0
2026.07.22	10:01:00	0.69954	0.69966	0.69952	0.69955	168	0	0
2026.07.22	10:02:00	0.69955	0.69957	0.69945	0.69946	163	0	0
2026.07.22	10:03:00	0.69946	0.69956	0.69946	0.69952	129	0	0
2026.07.22	10:04:00	0.69952	0.69956	0.69949	0.69953	95	0	0
2026.07.22	10:05:00	0.69953	0.69963	0.69948	0.69953	121	0	0
2026.07.22	10:06:00	0.69953	0.69955	0.69947	0.69951	91	0	0
2026.07.22	10:07:00	0.69950	0.69960	0.69948	0.69957	110	0	0
2026.07.22	10:08:00	0.69957	0.69961	0.69950	0.69951	127	0	0
2026.07.22	10:09:00	0.69951	0.69966	0.69950	0.69960	130	0	0
2026.07.22	10:10:00	0.69960	0.69970	0.69958	0.69967	207	0	0
2026.07.22	10:11:00	0.69967	0.69967	0.69959	0.69960	94	0	0
2026.07.22	10:12:00	0.69960	0.69984	0.69959	0.69977	179	0	0
2026.07.22	10:13:00	0.69977	0.69979	0.69971	0.69972	148	0	0
2026.07.22	10:14:00	0.69972	0.69992	0.69971	0.69989	109	0	0
2026.07.22	10:15:00	0.69989	0.69990	0.69981	0.69985	169	0	0
2026.07.22	10:16:00	0.69985	0.69996	0.69983	0.69990	116	0	0
2026.07.22	10:17:00	0.69990	0.69994	0.69989	0.69994	90	0	0
2026.07.22	10:18:00	0.69994	0.70015	0.69994	0.70013	158	0	0
2026.07.22	10:19:00	0.70013	0.70016	0.70005	0.70010	182	0	0
2026.07.22	10:20:00	0.70010	0.70025	0.70009	0.70025	158	0	0
2026.07.22	10:21:00	0.70025	0.70031	0.70022	0.70024	178	0	0
2026.07.22	10:22:00	0.70024	0.70025	0.70018	0.70022	129	0	0
2026.07.22	10:23:00	0.70022	0.70022	0.70010	0.70020	169	0	0
2026.07.22	10:24:00	0.70020	0.70020	0.69999	0.69999	95	0	0
2026.07.22	10:25:00	0.69999	0.70007	0.69995	0.70001	115	0	0
2026.07.22	10:26:00	0.70001	0.70010	0.69999	0.70006	125	0	0
2026.07.22	10:27:00	0.70006	0.70016	0.70005	0.70015	128	0	0
2026.07.22	10:28:00	0.70014	0.70016	0.70012	0.70015	81	0	0
2026.07.22	10:29:00	0.70015	0.70017	0.70004	0.70008	86	0	0
2026.07.22	10:30:00	0.70008	0.70046	0.70008	0.70028	422	0	0
2026.07.22	10:31:00	0.70028	0.70051	0.70024	0.70048	298	0	0
2026.07.22	10:32:00	0.70048	0.70050	0.70034	0.70038	199	0	0
2026.07.22	10:33:00	0.70038	0.70041	0.70028	0.70030	135	0	0
2026.07.22	10:34:00	0.70030	0.70035	0.70023	0.70026	142	0	0
2026.07.22	10:35:00	0.70026	0.70026	0.70016	0.70018	99	0	0
2026.07.22	10:36:00	0.70018	0.70022	0.70010	0.70010	152	0	0
2026.07.22	10:37:00	0.70010	0.70020	0.70005	0.70018	119	0	0
2026.07.22	10:38:00	0.70018	0.70023	0.70010	0.70011	126	0	0
2026.07.22	10:39:00	0.70011	0.70015	0.70001	0.70002	150	0	0
2026.07.22	10:40:00	0.70002	0.70005	0.69980	0.69984	164	0	0
2026.07.22	10:41:00	0.69984	0.69985	0.69949	0.69950	189	0	0
2026.07.22	10:42:00	0.69950	0.69973	0.69949	0.69968	200	0	0
2026.07.22	10:43:00	0.69968	0.69971	0.69959	0.69961	164	0	0
2026.07.22	10:44:00	0.69961	0.69966	0.69949	0.69962	179	0	0
2026.07.22	10:45:00	0.69961	0.69965	0.69948	0.69954	238	0	0
2026.07.22	10:46:00	0.69954	0.69957	0.69949	0.69951	161	0	0
2026.07.22	10:47:00	0.69951	0.69956	0.69947	0.69950	168	0	0
2026.07.22	10:48:00	0.69951	0.69965	0.69945	0.69953	213	0	0
2026.07.22	10:49:00	0.69953	0.69953	0.69944	0.69952	153	0	0
2026.07.22	10:50:00	0.69952	0.69956	0.69948	0.69950	178	0	0
2026.07.22	10:51:00	0.69950	0.69959	0.69947	0.69957	192	0	0
2026.07.22	10:52:00	0.69957	0.69958	0.69946	0.69953	146	0	0
2026.07.22	10:53:00	0.69953	0.69975	0.69951	0.69970	216	0	0
2026.07.22	10:54:00	0.69971	0.69981	0.69967	0.69979	251	0	0
2026.07.22	10:55:00	0.69977	0.69981	0.69974	0.69976	178	0	0
2026.07.22	10:56:00	0.69976	0.69985	0.69970	0.69982	171	0	0
2026.07.22	10:57:00	0.69982	0.69987	0.69979	0.69980	180	0	0
2026.07.22	10:58:00	0.69980	0.69980	0.69968	0.69969	151	0	0
2026.07.22	10:59:00	0.69969	0.69972	0.69959	0.69961	122	0	0
2026.07.22	11:00:00	0.69961	0.69963	0.69950	0.69959	233	0	0
2026.07.22	11:01:00	0.69959	0.69960	0.69945	0.69950	185	0	0
2026.07.22	11:02:00	0.69950	0.69951	0.69940	0.69946	223	0	0
2026.07.22	11:03:00	0.69946	0.69952	0.69943	0.69950	192	0	0
2026.07.22	11:04:00	0.69951	0.69954	0.69944	0.69952	206	0	0
2026.07.22	11:05:00	0.69952	0.69952	0.69941	0.69945	167	0	0
2026.07.22	11:06:00	0.69945	0.69952	0.69941	0.69941	172	0	0
2026.07.22	11:07:00	0.69941	0.69951	0.69941	0.69942	145	0	0
2026.07.22	11:08:00	0.69942	0.69951	0.69934	0.69936	129	0	0
2026.07.22	11:09:00	0.69936	0.69943	0.69934	0.69939	113	0	0
2026.07.22	11:10:00	0.69939	0.69945	0.69938	0.69938	121	0	0
2026.07.22	11:11:00	0.69938	0.69942	0.69928	0.69928	139	0	0
2026.07.22	11:12:00	0.69928	0.69937	0.69926	0.69933	135	0	0
2026.07.22	11:13:00	0.69933	0.69944	0.69930	0.69940	152	0	0
2026.07.22	11:14:00	0.69940	0.69943	0.69929	0.69932	150	0	0
2026.07.22	11:15:00	0.69932	0.69935	0.69921	0.69929	161	0	0
2026.07.22	11:16:00	0.69929	0.69936	0.69929	0.69934	156	0	0
2026.07.22	11:17:00	0.69934	0.69942	0.69934	0.69938	133	0	0
2026.07.22	11:18:00	0.69938	0.69939	0.69928	0.69934	88	0	0
2026.07.22	11:19:00	0.69934	0.69938	0.69920	0.69925	128	0	0
2026.07.22	11:20:00	0.69925	0.69933	0.69923	0.69930	159	0	0
2026.07.22	11:21:00	0.69930	0.69935	0.69928	0.69930	128	0	0
2026.07.22	11:22:00	0.69930	0.69944	0.69930	0.69942	105	0	0
2026.07.22	11:23:00	0.69942	0.69953	0.69941	0.69947	133	0	0
2026.07.22	11:24:00	0.69947	0.69950	0.69944	0.69948	106	0	0
2026.07.22	11:25:00	0.69948	0.69956	0.69947	0.69952	104	0	0
2026.07.22	11:26:00	0.69952	0.69956	0.69943	0.69952	58	0	0
2026.07.22	11:27:00	0.69952	0.69955	0.69939	0.69941	177	0	0
2026.07.22	11:28:00	0.69941	0.69953	0.69941	0.69951	157	0	0
2026.07.22	11:29:00	0.69951	0.69963	0.69949	0.69961	152	0	0
2026.07.22	11:30:00	0.69961	0.69983	0.69960	0.69976	209	0	0
2026.07.22	11:31:00	0.69976	0.69989	0.69973	0.69982	150	0	0
2026.07.22	11:32:00	0.69982	0.69985	0.69970	0.69970	123	0	0
2026.07.22	11:33:00	0.69970	0.69974	0.69967	0.69969	114	0	0
2026.07.22	11:34:00	0.69969	0.69972	0.69964	0.69968	77	0	0
2026.07.22	11:35:00	0.69968	0.69973	0.69967	0.69969	95	0	0
2026.07.22	11:36:00	0.69969	0.69977	0.69969	0.69975	103	0	0
2026.07.22	11:37:00	0.69975	0.69986	0.69972	0.69972	79	0	0
2026.07.22	11:38:00	0.69971	0.69978	0.69968	0.69976	114	0	0
2026.07.22	11:39:00	0.69976	0.69983	0.69973	0.69974	103	0	0
2026.07.22	11:40:00	0.69974	0.69979	0.69974	0.69979	83	0	0
2026.07.22	11:41:00	0.69979	0.69984	0.69979	0.69982	106	0	0
2026.07.22	11:42:00	0.69982	0.69982	0.69972	0.69976	130	0	0
2026.07.22	11:43:00	0.69976	0.69980	0.69970	0.69970	145	0	0
2026.07.22	11:44:00	0.69970	0.69983	0.69970	0.69978	158	0	0
2026.07.22	11:45:00	0.69979	0.69980	0.69968	0.69971	178	0	0
2026.07.22	11:46:00	0.69971	0.69992	0.69971	0.69985	119	0	0
2026.07.22	11:47:00	0.69985	0.69991	0.69983	0.69984	75	0	0
2026.07.22	11:48:00	0.69984	0.69984	0.69969	0.69970	60	0	0
2026.07.22	11:49:00	0.69970	0.69973	0.69966	0.69971	82	0	0
2026.07.22	11:50:00	0.69971	0.69977	0.69966	0.69966	97	0	0
2026.07.22	11:51:00	0.69966	0.69970	0.69962	0.69965	131	0	0
2026.07.22	11:52:00	0.69965	0.69971	0.69965	0.69966	138	0	0
2026.07.22	11:53:00	0.69966	0.69975	0.69966	0.69974	87	0	0
2026.07.22	11:54:00	0.69974	0.69977	0.69970	0.69974	80	0	0
2026.07.22	11:55:00	0.69974	0.69977	0.69970	0.69975	103	0	0
2026.07.22	11:56:00	0.69975	0.69981	0.69970	0.69970	158	0	0
2026.07.22	11:57:00	0.69970	0.69982	0.69968	0.69979	119	0	0
2026.07.22	11:58:00	0.69980	0.69983	0.69976	0.69976	96	0	0
2026.07.22	11:59:00	0.69978	0.69978	0.69967	0.69972	114	0	0
2026.07.22	12:00:00	0.69971	0.69978	0.69967	0.69977	166	0	0
2026.07.22	12:01:00	0.69977	0.69984	0.69975	0.69978	183	0	0
2026.07.22	12:02:00	0.69978	0.69982	0.69974	0.69980	142	0	0
2026.07.22	12:03:00	0.69980	0.69984	0.69978	0.69978	117	0	0
2026.07.22	12:04:00	0.69978	0.69985	0.69978	0.69983	141	0	0
2026.07.22	12:05:00	0.69983	0.69985	0.69975	0.69983	165	0	0
2026.07.22	12:06:00	0.69984	0.69986	0.69975	0.69981	102	0	0
2026.07.22	12:07:00	0.69981	0.69990	0.69978	0.69988	156	0	0
2026.07.22	12:08:00	0.69988	0.69990	0.69979	0.69985	148	0	0
2026.07.22	12:09:00	0.69985	0.69987	0.69979	0.69984	143	0	0
2026.07.22	12:10:00	0.69984	0.69986	0.69983	0.69984	90	0	0
2026.07.22	12:11:00	0.69984	0.69990	0.69981	0.69981	150	0	0
2026.07.22	12:12:00	0.69981	0.69982	0.69967	0.69969	133	0	0
2026.07.22	12:13:00	0.69968	0.69980	0.69968	0.69979	70	0	0
2026.07.22	12:14:00	0.69978	0.69980	0.69973	0.69978	73	0	0
2026.07.22	12:15:00	0.69979	0.69979	0.69970	0.69973	68	0	0
2026.07.22	12:16:00	0.69973	0.69980	0.69972	0.69977	90	0	0
2026.07.22	12:17:00	0.69977	0.69985	0.69975	0.69980	81	0	0
2026.07.22	12:18:00	0.69981	0.69988	0.69980	0.69984	101	0	0
2026.07.22	12:19:00	0.69984	0.69989	0.69984	0.69986	81	0	0
2026.07.22	12:20:00	0.69986	0.69992	0.69980	0.69986	119	0	0
2026.07.22	12:21:00	0.69986	0.69989	0.69977	0.69978	48	0	0
2026.07.22	12:22:00	0.69978	0.69980	0.69973	0.69976	143	0	0
2026.07.22	12:23:00	0.69976	0.69976	0.69962	0.69970	140	0	0
2026.07.22	12:24:00	0.69970	0.69975	0.69969	0.69973	104	0	0
2026.07.22	12:25:00	0.69973	0.69978	0.69967	0.69970	128	0	0
2026.07.22	12:26:00	0.69970	0.69976	0.69970	0.69973	85	0	0
2026.07.22	12:27:00	0.69973	0.69980	0.69972	0.69972	125	0	0
2026.07.22	12:28:00	0.69972	0.69977	0.69969	0.69975	168	0	0
2026.07.22	12:29:00	0.69975	0.69976	0.69960	0.69974	157	0	0
2026.07.22	12:30:00	0.69974	0.69982	0.69964	0.69967	161	0	0
2026.07.22	12:31:00	0.69967	0.69969	0.69962	0.69964	144	0	0
2026.07.22	12:32:00	0.69964	0.69968	0.69958	0.69962	115	0	0
2026.07.22	12:33:00	0.69962	0.69977	0.69962	0.69973	159	0	0
2026.07.22	12:34:00	0.69973	0.69985	0.69966	0.69969	220	0	0
2026.07.22	12:35:00	0.69969	0.69972	0.69967	0.69968	123	0	0
2026.07.22	12:36:00	0.69968	0.69969	0.69961	0.69961	134	0	0
2026.07.22	12:37:00	0.69961	0.69964	0.69958	0.69959	145	0	0
2026.07.22	12:38:00	0.69959	0.69960	0.69951	0.69951	104	0	0
2026.07.22	12:39:00	0.69951	0.69951	0.69944	0.69945	118	0	0
2026.07.22	12:40:00	0.69945	0.69952	0.69944	0.69944	122	0	0
2026.07.22	12:41:00	0.69944	0.69946	0.69932	0.69941	143	0	0
2026.07.22	12:42:00	0.69941	0.69947	0.69938	0.69944	121	0	0
2026.07.22	12:43:00	0.69944	0.69954	0.69943	0.69945	156	0	0
2026.07.22	12:44:00	0.69945	0.69950	0.69944	0.69946	132	0	0
2026.07.22	12:45:00	0.69947	0.69952	0.69937	0.69939	121	0	0
2026.07.22	12:46:00	0.69939	0.69943	0.69935	0.69940	92	0	0
2026.07.22	12:47:00	0.69940	0.69950	0.69940	0.69945	117	0	0
2026.07.22	12:48:00	0.69945	0.69946	0.69938	0.69939	68	0	0
2026.07.22	12:49:00	0.69939	0.69939	0.69934	0.69935	69	0	0
2026.07.22	12:50:00	0.69935	0.69935	0.69930	0.69932	113	0	0
2026.07.22	12:51:00	0.69931	0.69937	0.69930	0.69931	99	0	0
2026.07.22	12:52:00	0.69931	0.69932	0.69924	0.69925	118	0	0
2026.07.22	12:53:00	0.69925	0.69926	0.69918	0.69919	119	0	0
2026.07.22	12:54:00	0.69919	0.69932	0.69919	0.69931	127	0	0
2026.07.22	12:55:00	0.69931	0.69937	0.69930	0.69936	114	0	0
2026.07.22	12:56:00	0.69936	0.69942	0.69935	0.69939	116	0	0
2026.07.22	12:57:00	0.69939	0.69939	0.69931	0.69934	94	0	0
2026.07.22	12:58:00	0.69934	0.69938	0.69932	0.69934	114	0	0
2026.07.22	12:59:00	0.69934	0.69940	0.69931	0.69938	144	0	0
2026.07.22	13:00:00	0.69938	0.69946	0.69936	0.69945	110	0	0
2026.07.22	13:01:00	0.69945	0.69951	0.69939	0.69950	94	0	0
2026.07.22	13:02:00	0.69949	0.69952	0.69944	0.69945	117	0	0
2026.07.22	13:03:00	0.69945	0.69945	0.69930	0.69931	86	0	0
2026.07.22	13:04:00	0.69930	0.69930	0.69920	0.69922	89	0	0
2026.07.22	13:05:00	0.69922	0.69923	0.69917	0.69921	151	0	0
2026.07.22	13:06:00	0.69921	0.69925	0.69917	0.69923	110	0	0
2026.07.22	13:07:00	0.69923	0.69925	0.69920	0.69922	106	0	0
2026.07.22	13:08:00	0.69922	0.69926	0.69915	0.69916	153	0	0
2026.07.22	13:09:00	0.69916	0.69918	0.69914	0.69915	104	0	0
2026.07.22	13:10:00	0.69915	0.69923	0.69913	0.69915	127	0	0
2026.07.22	13:11:00	0.69915	0.69923	0.69914	0.69923	107	0	0
2026.07.22	13:12:00	0.69923	0.69926	0.69920	0.69922	134	0	0
2026.07.22	13:13:00	0.69922	0.69928	0.69920	0.69928	126	0	0
2026.07.22	13:14:00	0.69928	0.69931	0.69921	0.69922	87	0	0
2026.07.22	13:15:00	0.69922	0.69929	0.69920	0.69929	139	0	0
2026.07.22	13:16:00	0.69928	0.69931	0.69921	0.69921	169	0	0
2026.07.22	13:17:00	0.69921	0.69930	0.69920	0.69928	138	0	0
2026.07.22	13:18:00	0.69928	0.69939	0.69927	0.69936	179	0	0
2026.07.22	13:19:00	0.69936	0.69943	0.69936	0.69941	179	0	0
2026.07.22	13:20:00	0.69941	0.69959	0.69941	0.69947	274	0	0
2026.07.22	13:21:00	0.69947	0.69950	0.69942	0.69944	177	0	0
2026.07.22	13:22:00	0.69944	0.69947	0.69939	0.69944	153	0	0
2026.07.22	13:23:00	0.69944	0.69947	0.69937	0.69946	129	0	0
2026.07.22	13:24:00	0.69946	0.69953	0.69944	0.69949	237	0	0
2026.07.22	13:25:00	0.69949	0.69953	0.69945	0.69946	181	0	0
2026.07.22	13:26:00	0.69946	0.69953	0.69946	0.69949	126	0	0
2026.07.22	13:27:00	0.69949	0.69952	0.69948	0.69949	116	0	0
2026.07.22	13:28:00	0.69949	0.69952	0.69938	0.69939	206	0	0
2026.07.22	13:29:00	0.69939	0.69941	0.69936	0.69939	76	0	0
2026.07.22	13:30:00	0.69939	0.69942	0.69935	0.69940	68	0	0
2026.07.22	13:31:00	0.69939	0.69940	0.69929	0.69930	167	0	0
2026.07.22	13:32:00	0.69930	0.69938	0.69929	0.69938	154	0	0
2026.07.22	13:33:00	0.69938	0.69939	0.69933	0.69938	107	0	0
2026.07.22	13:34:00	0.69939	0.69941	0.69930	0.69933	186	0	0
2026.07.22	13:35:00	0.69933	0.69937	0.69927	0.69933	158	0	0
2026.07.22	13:36:00	0.69933	0.69939	0.69930	0.69935	87	0	0
2026.07.22	13:37:00	0.69936	0.69938	0.69933	0.69938	88	0	0
2026.07.22	13:38:00	0.69938	0.69942	0.69935	0.69939	72	0	0
2026.07.22	13:39:00	0.69939	0.69942	0.69935	0.69939	59	0	0
2026.07.22	13:40:00	0.69939	0.69939	0.69929	0.69933	117	0	0
2026.07.22	13:41:00	0.69933	0.69937	0.69927	0.69929	84	0	0
2026.07.22	13:42:00	0.69929	0.69934	0.69927	0.69932	163	0	0
2026.07.22	13:43:00	0.69930	0.69934	0.69930	0.69931	71	0	0
2026.07.22	13:44:00	0.69931	0.69945	0.69930	0.69944	123	0	0
2026.07.22	13:45:00	0.69944	0.69945	0.69938	0.69943	75	0	0
2026.07.22	13:46:00	0.69943	0.69947	0.69940	0.69941	80	0	0
2026.07.22	13:47:00	0.69941	0.69946	0.69939	0.69940	91	0	0
2026.07.22	13:48:00	0.69941	0.69947	0.69939	0.69944	147	0	0
2026.07.22	13:49:00	0.69944	0.69950	0.69941	0.69950	94	0	0
2026.07.22	13:50:00	0.69950	0.69954	0.69948	0.69951	120	0	0
2026.07.22	13:51:00	0.69951	0.69952	0.69944	0.69948	120	0	0
2026.07.22	13:52:00	0.69948	0.69951	0.69945	0.69945	92	0	0
2026.07.22	13:53:00	0.69945	0.69946	0.69937	0.69938	107	0	0
2026.07.22	13:54:00	0.69938	0.69940	0.69934	0.69936	148	0	0
2026.07.22	13:55:00	0.69936	0.69940	0.69933	0.69936	122	0	0
2026.07.22	13:56:00	0.69936	0.69941	0.69936	0.69940	96	0	0
2026.07.22	13:57:00	0.69940	0.69940	0.69929	0.69933	116	0	0
2026.07.22	13:58:00	0.69933	0.69943	0.69931	0.69936	250	0	0
2026.07.22	13:59:00	0.69935	0.69936	0.69925	0.69927	163	0	0
2026.07.22	14:00:00	0.69927	0.69928	0.69919	0.69921	166	0	0
2026.07.22	14:01:00	0.69922	0.69934	0.69921	0.69931	210	0	0
2026.07.22	14:02:00	0.69931	0.69934	0.69925	0.69930	250	0	0
2026.07.22	14:03:00	0.69930	0.69945	0.69930	0.69939	268	0	0
2026.07.22	14:04:00	0.69939	0.69942	0.69929	0.69929	185	0	0
2026.07.22	14:05:00	0.69929	0.69936	0.69928	0.69929	173	0	0
2026.07.22	14:06:00	0.69929	0.69937	0.69924	0.69933	122	0	0
2026.07.22	14:07:00	0.69933	0.69937	0.69927	0.69934	109	0	0
2026.07.22	14:08:00	0.69934	0.69936	0.69921	0.69925	111	0	0
2026.07.22	14:09:00	0.69925	0.69945	0.69924	0.69942	148	0	0
2026.07.22	14:10:00	0.69942	0.69945	0.69937	0.69939	157	0	0
2026.07.22	14:11:00	0.69939	0.69940	0.69933	0.69935	67	0	0
2026.07.22	14:12:00	0.69935	0.69941	0.69933	0.69935	119	0	0
2026.07.22	14:13:00	0.69935	0.69937	0.69932	0.69935	92	0	0
2026.07.22	14:14:00	0.69935	0.69936	0.69930	0.69933	113	0	0
2026.07.22	14:15:00	0.69933	0.69937	0.69930	0.69933	146	0	0
2026.07.22	14:16:00	0.69933	0.69938	0.69932	0.69935	132	0	0
2026.07.22	14:17:00	0.69935	0.69938	0.69932	0.69934	108	0	0
2026.07.22	14:18:00	0.69934	0.69937	0.69929	0.69931	86	0	0
2026.07.22	14:19:00	0.69931	0.69932	0.69918	0.69919	134	0	0
2026.07.22	14:20:00	0.69919	0.69930	0.69918	0.69925	142	0	0
2026.07.22	14:21:00	0.69925	0.69934	0.69925	0.69931	159	0	0
2026.07.22	14:22:00	0.69931	0.69936	0.69929	0.69934	140	0	0
2026.07.22	14:23:00	0.69934	0.69934	0.69928	0.69933	68	0	0
2026.07.22	14:24:00	0.69933	0.69934	0.69926	0.69928	98	0	0
2026.07.22	14:25:00	0.69928	0.69928	0.69915	0.69916	128	0	0
2026.07.22	14:26:00	0.69916	0.69919	0.69913	0.69913	140	0	0
2026.07.22	14:27:00	0.69913	0.69921	0.69913	0.69916	153	0	0
2026.07.22	14:28:00	0.69915	0.69920	0.69913	0.69918	156	0	0
2026.07.22	14:29:00	0.69918	0.69924	0.69914	0.69917	170	0	0
2026.07.22	14:30:00	0.69917	0.69920	0.69913	0.69919	120	0	0
2026.07.22	14:31:00	0.69919	0.69924	0.69918	0.69920	112	0	0
2026.07.22	14:32:00	0.69920	0.69926	0.69918	0.69924	97	0	0
2026.07.22	14:33:00	0.69924	0.69931	0.69923	0.69930	114	0	0
2026.07.22	14:34:00	0.69930	0.69930	0.69921	0.69924	102	0	0
2026.07.22	14:35:00	0.69924	0.69929	0.69918	0.69919	144	0	0
2026.07.22	14:36:00	0.69919	0.69927	0.69918	0.69924	125	0	0
2026.07.22	14:37:00	0.69924	0.69927	0.69920	0.69924	93	0	0
2026.07.22	14:38:00	0.69925	0.69932	0.69923	0.69929	99	0	0
2026.07.22	14:39:00	0.69929	0.69936	0.69924	0.69935	76	0	0
2026.07.22	14:40:00	0.69935	0.69937	0.69919	0.69921	109	0	0
2026.07.22	14:41:00	0.69921	0.69926	0.69906	0.69919	317	0	0
2026.07.22	14:42:00	0.69919	0.69926	0.69904	0.69913	277	0	0
2026.07.22	14:43:00	0.69913	0.69916	0.69889	0.69893	334	0	0
2026.07.22	14:44:00	0.69893	0.69914	0.69893	0.69908	237	0	0
2026.07.22	14:45:00	0.69908	0.69916	0.69903	0.69912	213	0	0
2026.07.22	14:46:00	0.69912	0.69913	0.69893	0.69905	233	0	0
2026.07.22	14:47:00	0.69905	0.69933	0.69901	0.69930	323	0	0
2026.07.22	14:48:00	0.69928	0.69930	0.69922	0.69925	188	0	0
2026.07.22	14:49:00	0.69925	0.69935	0.69923	0.69923	151	0	0
2026.07.22	14:50:00	0.69924	0.69927	0.69920	0.69923	126	0	0
2026.07.22	14:51:00	0.69923	0.69937	0.69922	0.69935	139	0	0
2026.07.22	14:52:00	0.69935	0.69935	0.69924	0.69930	146	0	0
2026.07.22	14:53:00	0.69930	0.69935	0.69926	0.69928	158	0	0
2026.07.22	14:54:00	0.69930	0.69938	0.69927	0.69935	183	0	0
2026.07.22	14:55:00	0.69936	0.69939	0.69928	0.69928	144	0	0
2026.07.22	14:56:00	0.69928	0.69939	0.69927	0.69938	173	0	0
2026.07.22	14:57:00	0.69938	0.69943	0.69933	0.69941	180	0	0
2026.07.22	14:58:00	0.69941	0.69943	0.69934	0.69936	195	0	0
2026.07.22	14:59:00	0.69936	0.69943	0.69935	0.69942	86	0	0
2026.07.22	15:00:00	0.69941	0.69949	0.69939	0.69946	225	0	0
2026.07.22	15:01:00	0.69946	0.69959	0.69946	0.69953	198	0	0
2026.07.22	15:02:00	0.69953	0.69953	0.69940	0.69944	174	0	0
2026.07.22	15:03:00	0.69945	0.69949	0.69941	0.69948	147	0	0
2026.07.22	15:04:00	0.69948	0.69950	0.69936	0.69940	190	0	0
2026.07.22	15:05:00	0.69940	0.69952	0.69938	0.69948	234	0	0
2026.07.22	15:06:00	0.69948	0.69950	0.69938	0.69939	91	0	0
2026.07.22	15:07:00	0.69938	0.69941	0.69931	0.69932	136	0	0
2026.07.22	15:08:00	0.69932	0.69942	0.69931	0.69941	111	0	0
2026.07.22	15:09:00	0.69940	0.69940	0.69933	0.69936	204	0	0
2026.07.22	15:10:00	0.69936	0.69947	0.69933	0.69943	176	0	0
2026.07.22	15:11:00	0.69943	0.69950	0.69942	0.69947	105	0	0
2026.07.22	15:12:00	0.69947	0.69947	0.69941	0.69944	94	0	0
2026.07.22	15:13:00	0.69944	0.69948	0.69940	0.69944	138	0	0
2026.07.22	15:14:00	0.69944	0.69951	0.69940	0.69950	146	0	0
2026.07.22	15:15:00	0.69950	0.69952	0.69942	0.69944	121	0	0
2026.07.22	15:16:00	0.69944	0.69946	0.69940	0.69944	128	0	0
2026.07.22	15:17:00	0.69944	0.69945	0.69937	0.69941	199	0	0
2026.07.22	15:18:00	0.69941	0.69945	0.69935	0.69938	135	0	0
2026.07.22	15:19:00	0.69938	0.69942	0.69934	0.69939	114	0	0
2026.07.22	15:20:00	0.69939	0.69949	0.69934	0.69947	154	0	0
2026.07.22	15:21:00	0.69947	0.69948	0.69934	0.69935	131	0	0
2026.07.22	15:22:00	0.69935	0.69941	0.69932	0.69933	110	0	0
2026.07.22	15:23:00	0.69933	0.69936	0.69923	0.69926	114	0	0
2026.07.22	15:24:00	0.69926	0.69930	0.69923	0.69926	116	0	0
2026.07.22	15:25:00	0.69926	0.69932	0.69922	0.69929	138	0	0
2026.07.22	15:26:00	0.69929	0.69931	0.69923	0.69928	115	0	0
2026.07.22	15:27:00	0.69928	0.69932	0.69922	0.69930	124	0	0
2026.07.22	15:28:00	0.69930	0.69935	0.69928	0.69933	206	0	0
2026.07.22	15:29:00	0.69932	0.69936	0.69929	0.69931	135	0	0
2026.07.22	15:30:00	0.69931	0.69946	0.69931	0.69937	263	0	0
2026.07.22	15:31:00	0.69937	0.69942	0.69930	0.69933	91	0	0
2026.07.22	15:32:00	0.69933	0.69941	0.69932	0.69938	139	0	0
2026.07.22	15:33:00	0.69938	0.69946	0.69938	0.69943	100	0	0
2026.07.22	15:34:00	0.69943	0.69949	0.69937	0.69938	119	0	0
2026.07.22	15:35:00	0.69938	0.69942	0.69934	0.69939	97	0	0
2026.07.22	15:36:00	0.69939	0.69942	0.69930	0.69934	128	0	0
2026.07.22	15:37:00	0.69935	0.69936	0.69929	0.69929	81	0	0
2026.07.22	15:38:00	0.69929	0.69937	0.69926	0.69932	126	0	0
2026.07.22	15:39:00	0.69932	0.69934	0.69929	0.69930	66	0	0
2026.07.22	15:40:00	0.69930	0.69933	0.69924	0.69926	88	0	0
2026.07.22	15:41:00	0.69926	0.69932	0.69924	0.69927	139	0	0
2026.07.22	15:42:00	0.69927	0.69933	0.69923	0.69923	136	0	0
2026.07.22	15:43:00	0.69923	0.69924	0.69912	0.69912	150	0	0
2026.07.22	15:44:00	0.69912	0.69918	0.69912	0.69914	148	0	0
2026.07.22	15:45:00	0.69914	0.69918	0.69897	0.69904	153	0	0
2026.07.22	15:46:00	0.69904	0.69908	0.69891	0.69892	185	0	0
2026.07.22	15:47:00	0.69892	0.69899	0.69886	0.69886	164	0	0
2026.07.22	15:48:00	0.69886	0.69891	0.69878	0.69878	232	0	0
2026.07.22	15:49:00	0.69878	0.69880	0.69869	0.69874	222	0	0
2026.07.22	15:50:00	0.69875	0.69883	0.69869	0.69875	248	0	0
2026.07.22	15:51:00	0.69875	0.69876	0.69867	0.69873	139	0	0
2026.07.22	15:52:00	0.69873	0.69877	0.69867	0.69870	147	0	0
2026.07.22	15:53:00	0.69870	0.69879	0.69870	0.69872	114	0	0
2026.07.22	15:54:00	0.69872	0.69874	0.69860	0.69863	94	0	0
2026.07.22	15:55:00	0.69863	0.69865	0.69857	0.69860	128	0	0
2026.07.22	15:56:00	0.69860	0.69860	0.69803	0.69820	287	0	0
2026.07.22	15:57:00	0.69820	0.69858	0.69817	0.69856	380	0	0
2026.07.22	15:58:00	0.69856	0.69863	0.69850	0.69855	276	0	0
2026.07.22	15:59:00	0.69856	0.69862	0.69843	0.69845	236	0	0
2026.07.22	16:00:00	0.69845	0.69866	0.69844	0.69864	352	0	0
2026.07.22	16:01:00	0.69865	0.69874	0.69860	0.69863	239	0	0
2026.07.22	16:02:00	0.69863	0.69890	0.69863	0.69890	194	0	0
2026.07.22	16:03:00	0.69890	0.69895	0.69886	0.69890	202	0	0
2026.07.22	16:04:00	0.69890	0.69893	0.69879	0.69889	194	0	0
2026.07.22	16:05:00	0.69888	0.69893	0.69885	0.69888	223	0	0
2026.07.22	16:06:00	0.69888	0.69895	0.69888	0.69892	231	0	0
2026.07.22	16:07:00	0.69892	0.69899	0.69887	0.69893	179	0	0
2026.07.22	16:08:00	0.69893	0.69896	0.69888	0.69893	157	0	0
2026.07.22	16:09:00	0.69893	0.69905	0.69893	0.69903	199	0	0
2026.07.22	16:10:00	0.69903	0.69905	0.69895	0.69899	145	0	0
2026.07.22	16:11:00	0.69899	0.69910	0.69899	0.69905	190	0	0
2026.07.22	16:12:00	0.69904	0.69905	0.69890	0.69893	162	0	0
2026.07.22	16:13:00	0.69892	0.69898	0.69892	0.69894	159	0	0
2026.07.22	16:14:00	0.69894	0.69899	0.69887	0.69897	159	0	0
2026.07.22	16:15:00	0.69897	0.69898	0.69887	0.69892	143	0	0
2026.07.22	16:16:00	0.69892	0.69892	0.69887	0.69891	58	0	0
2026.07.22	16:17:00	0.69891	0.69897	0.69887	0.69889	82	0	0
2026.07.22	16:18:00	0.69889	0.69894	0.69889	0.69889	93	0	0
2026.07.22	16:19:00	0.69889	0.69914	0.69889	0.69912	160	0	0
2026.07.22	16:20:00	0.69912	0.69918	0.69906	0.69913	157	0	0
2026.07.22	16:21:00	0.69913	0.69934	0.69913	0.69926	234	0	0
2026.07.22	16:22:00	0.69926	0.69935	0.69924	0.69931	167	0	0
2026.07.22	16:23:00	0.69931	0.69948	0.69925	0.69947	140	0	0
2026.07.22	16:24:00	0.69947	0.69950	0.69943	0.69948	139	0	0
2026.07.22	16:25:00	0.69948	0.69953	0.69941	0.69949	149	0	0
2026.07.22	16:26:00	0.69949	0.69962	0.69949	0.69956	146	0	0
2026.07.22	16:27:00	0.69956	0.69959	0.69946	0.69947	127	0	0
2026.07.22	16:28:00	0.69947	0.69949	0.69938	0.69938	119	0	0
2026.07.22	16:29:00	0.69938	0.69942	0.69936	0.69937	138	0	0
2026.07.22	16:30:00	0.69937	0.69971	0.69937	0.69968	238	0	0
2026.07.22	16:31:00	0.69968	0.69994	0.69964	0.69993	339	0	0
2026.07.22	16:32:00	0.69991	0.69995	0.69969	0.69977	232	0	0
2026.07.22	16:33:00	0.69977	0.69982	0.69963	0.69964	280	0	0
2026.07.22	16:34:00	0.69964	0.69974	0.69960	0.69974	191	0	0
2026.07.22	16:35:00	0.69974	0.69974	0.69958	0.69970	281	0	0
2026.07.22	16:36:00	0.69971	0.69980	0.69967	0.69976	285	0	0
2026.07.22	16:37:00	0.69976	0.69977	0.69967	0.69976	241	0	0
2026.07.22	16:38:00	0.69976	0.69977	0.69960	0.69966	283	0	0
2026.07.22	16:39:00	0.69965	0.69970	0.69963	0.69968	240	0	0
2026.07.22	16:40:00	0.69968	0.69970	0.69953	0.69958	279	0	0
2026.07.22	16:41:00	0.69958	0.69978	0.69957	0.69973	219	0	0
2026.07.22	16:42:00	0.69973	0.69984	0.69972	0.69975	186	0	0
2026.07.22	16:43:00	0.69975	0.69990	0.69975	0.69988	179	0	0
2026.07.22	16:44:00	0.69989	0.69994	0.69979	0.69983	188	0	0
2026.07.22	16:45:00	0.69983	0.69988	0.69977	0.69987	283	0	0
2026.07.22	16:46:00	0.69987	0.69987	0.69962	0.69963	235	0	0
2026.07.22	16:47:00	0.69963	0.69969	0.69961	0.69963	237	0	0
2026.07.22	16:48:00	0.69962	0.69970	0.69952	0.69958	227	0	0
2026.07.22	16:49:00	0.69958	0.69963	0.69956	0.69957	145	0	0
2026.07.22	16:50:00	0.69957	0.69957	0.69942	0.69947	181	0	0
2026.07.22	16:51:00	0.69947	0.69962	0.69946	0.69954	241	0	0
2026.07.22	16:52:00	0.69954	0.69971	0.69952	0.69966	201	0	0
2026.07.22	16:53:00	0.69966	0.69966	0.69948	0.69949	193	0	0
2026.07.22	16:54:00	0.69949	0.69958	0.69947	0.69951	144	0	0
2026.07.22	16:55:00	0.69951	0.69951	0.69940	0.69942	154	0	0
2026.07.22	16:56:00	0.69942	0.69950	0.69941	0.69948	119	0	0
2026.07.22	16:57:00	0.69948	0.69955	0.69944	0.69948	153	0	0
2026.07.22	16:58:00	0.69948	0.69950	0.69936	0.69941	179	0	0
2026.07.22	16:59:00	0.69941	0.69956	0.69937	0.69948	223	0	0
2026.07.22	17:00:00	0.69948	0.69964	0.69946	0.69962	238	0	0
2026.07.22	17:01:00	0.69963	0.69965	0.69949	0.69953	238	0	0
2026.07.22	17:02:00	0.69953	0.69963	0.69953	0.69960	207	0	0
2026.07.22	17:03:00	0.69960	0.69965	0.69951	0.69953	218	0	0
2026.07.22	17:04:00	0.69953	0.69963	0.69952	0.69961	167	0	0
2026.07.22	17:05:00	0.69961	0.69963	0.69943	0.69948	278	0	0
2026.07.22	17:06:00	0.69948	0.69956	0.69944	0.69952	226	0	0
2026.07.22	17:07:00	0.69952	0.69956	0.69938	0.69938	240	0	0
2026.07.22	17:08:00	0.69938	0.69939	0.69927	0.69937	196	0	0
2026.07.22	17:09:00	0.69937	0.69946	0.69935	0.69935	199	0	0
2026.07.22	17:10:00	0.69936	0.69943	0.69929	0.69937	152	0	0
2026.07.22	17:11:00	0.69937	0.69950	0.69936	0.69946	181	0	0
2026.07.22	17:12:00	0.69946	0.69956	0.69946	0.69952	140	0	0
2026.07.22	17:13:00	0.69952	0.69967	0.69951	0.69964	132	0	0
2026.07.22	17:14:00	0.69964	0.69968	0.69956	0.69956	187	0	0
2026.07.22	17:15:00	0.69956	0.69960	0.69951	0.69956	137	0	0
2026.07.22	17:16:00	0.69956	0.69969	0.69954	0.69966	219	0	0
2026.07.22	17:17:00	0.69966	0.69970	0.69960	0.69970	160	0	0
2026.07.22	17:18:00	0.69970	0.69971	0.69960	0.69966	197	0	0
2026.07.22	17:19:00	0.69966	0.69970	0.69958	0.69961	134	0	0
2026.07.22	17:20:00	0.69960	0.69975	0.69958	0.69973	150	0	0
2026.07.22	17:21:00	0.69973	0.69976	0.69952	0.69952	157	0	0
2026.07.22	17:22:00	0.69953	0.69956	0.69949	0.69954	216	0	0
2026.07.22	17:23:00	0.69953	0.69954	0.69928	0.69944	211	0	0
2026.07.22	17:24:00	0.69944	0.69948	0.69935	0.69937	229	0	0
2026.07.22	17:25:00	0.69937	0.69948	0.69937	0.69941	199	0	0
2026.07.22	17:26:00	0.69941	0.69944	0.69922	0.69928	221	0	0
2026.07.22	17:27:00	0.69928	0.69939	0.69926	0.69937	170	0	0
2026.07.22	17:28:00	0.69937	0.69942	0.69927	0.69932	199	0	0
2026.07.22	17:29:00	0.69932	0.69938	0.69926	0.69932	243	0	0
2026.07.22	17:30:00	0.69932	0.69939	0.69926	0.69935	266	0	0
2026.07.22	17:31:00	0.69935	0.69944	0.69933	0.69941	216	0	0
2026.07.22	17:32:00	0.69941	0.69961	0.69937	0.69955	202	0	0
2026.07.22	17:33:00	0.69955	0.69957	0.69946	0.69948	141	0	0
2026.07.22	17:34:00	0.69949	0.69950	0.69939	0.69946	198	0	0
2026.07.22	17:35:00	0.69946	0.69948	0.69937	0.69941	121	0	0
2026.07.22	17:36:00	0.69941	0.69946	0.69932	0.69941	193	0	0
2026.07.22	17:37:00	0.69941	0.69949	0.69941	0.69944	130	0	0
2026.07.22	17:38:00	0.69944	0.69962	0.69943	0.69957	227	0	0
2026.07.22	17:39:00	0.69957	0.69968	0.69955	0.69966	170	0	0
2026.07.22	17:40:00	0.69966	0.69968	0.69958	0.69960	184	0	0
2026.07.22	17:41:00	0.69961	0.69962	0.69948	0.69950	210	0	0
2026.07.22	17:42:00	0.69950	0.69969	0.69949	0.69966	206	0	0
2026.07.22	17:43:00	0.69966	0.69969	0.69960	0.69966	211	0	0
2026.07.22	17:44:00	0.69965	0.69969	0.69960	0.69960	161	0	0
2026.07.22	17:45:00	0.69960	0.69969	0.69960	0.69967	215	0	0
2026.07.22	17:46:00	0.69968	0.69976	0.69961	0.69962	220	0	0
2026.07.22	17:47:00	0.69962	0.69969	0.69957	0.69960	246	0	0
2026.07.22	17:48:00	0.69960	0.69974	0.69960	0.69970	208	0	0
2026.07.22	17:49:00	0.69970	0.69972	0.69959	0.69969	153	0	0
2026.07.22	17:50:00	0.69969	0.69976	0.69964	0.69970	205	0	0
2026.07.22	17:51:00	0.69971	0.69979	0.69970	0.69977	204	0	0
2026.07.22	17:52:00	0.69977	0.69989	0.69977	0.69981	228	0	0
2026.07.22	17:53:00	0.69981	0.69994	0.69980	0.69982	264	0	0
2026.07.22	17:54:00	0.69982	0.69987	0.69980	0.69984	249	0	0
2026.07.22	17:55:00	0.69983	0.69984	0.69949	0.69955	338	0	0
2026.07.22	17:56:00	0.69955	0.69957	0.69946	0.69955	292	0	0
2026.07.22	17:57:00	0.69955	0.69964	0.69946	0.69951	364	0	0
2026.07.22	17:58:00	0.69951	0.69974	0.69949	0.69973	302	0	0
2026.07.22	17:59:00	0.69973	0.69976	0.69958	0.69961	285	0	0
2026.07.22	18:00:00	0.69960	0.69968	0.69956	0.69960	292	0	0
2026.07.22	18:01:00	0.69960	0.69967	0.69958	0.69962	265	0	0
2026.07.22	18:02:00	0.69961	0.69972	0.69958	0.69961	266	0	0
2026.07.22	18:03:00	0.69961	0.69979	0.69961	0.69971	254	0	0
2026.07.22	18:04:00	0.69971	0.69978	0.69969	0.69971	164	0	0
2026.07.22	18:05:00	0.69971	0.69982	0.69966	0.69980	187	0	0
2026.07.22	18:06:00	0.69980	0.69983	0.69972	0.69974	187	0	0
2026.07.22	18:07:00	0.69974	0.69980	0.69971	0.69974	206	0	0
2026.07.22	18:08:00	0.69974	0.69979	0.69970	0.69979	187	0	0
2026.07.22	18:09:00	0.69979	0.69985	0.69977	0.69980	162	0	0
2026.07.22	18:10:00	0.69980	0.69983	0.69977	0.69982	114	0	0
2026.07.22	18:11:00	0.69982	0.69983	0.69971	0.69971	128	0	0
2026.07.22	18:12:00	0.69971	0.69978	0.69967	0.69972	108	0	0
2026.07.22	18:13:00	0.69972	0.69974	0.69970	0.69971	153	0	0
2026.07.22	18:14:00	0.69971	0.69974	0.69964	0.69965	127	0	0
2026.07.22	18:15:00	0.69965	0.69967	0.69960	0.69964	127	0	0
2026.07.22	18:16:00	0.69964	0.69965	0.69956	0.69960	103	0	0
2026.07.22	18:17:00	0.69960	0.69961	0.69949	0.69950	146	0	0
2026.07.22	18:18:00	0.69950	0.69956	0.69946	0.69950	155	0	0
2026.07.22	18:19:00	0.69950	0.69959	0.69949	0.69958	153	0	0
2026.07.22	18:20:00	0.69958	0.69963	0.69955	0.69962	175	0	0
2026.07.22	18:21:00	0.69962	0.69967	0.69957	0.69957	148	0	0
2026.07.22	18:22:00	0.69957	0.69971	0.69957	0.69967	194	0	0
2026.07.22	18:23:00	0.69967	0.69975	0.69965	0.69971	200	0	0
2026.07.22	18:24:00	0.69971	0.69975	0.69969	0.69970	214	0	0
2026.07.22	18:25:00	0.69970	0.69977	0.69970	0.69975	146	0	0
2026.07.22	18:26:00	0.69975	0.69983	0.69975	0.69977	193	0	0
2026.07.22	18:27:00	0.69977	0.69982	0.69972	0.69976	193	0	0
2026.07.22	18:28:00	0.69976	0.69982	0.69974	0.69982	165	0	0
2026.07.22	18:29:00	0.69982	0.69986	0.69976	0.69984	237	0	0
2026.07.22	18:30:00	0.69984	0.69990	0.69974	0.69989	259	0	0
2026.07.22	18:31:00	0.69988	0.69990	0.69977	0.69981	223	0	0
2026.07.22	18:32:00	0.69981	0.69984	0.69972	0.69977	225	0	0
2026.07.22	18:33:00	0.69977	0.69981	0.69975	0.69977	220	0	0
2026.07.22	18:34:00	0.69977	0.69981	0.69968	0.69968	296	0	0
2026.07.22	18:35:00	0.69969	0.69977	0.69965	0.69975	216	0	0
2026.07.22	18:36:00	0.69975	0.69979	0.69969	0.69976	170	0	0
2026.07.22	18:37:00	0.69976	0.69978	0.69967	0.69975	182	0	0
2026.07.22	18:38:00	0.69975	0.69975	0.69966	0.69967	134	0	0
2026.07.22	18:39:00	0.69968	0.69970	0.69965	0.69970	129	0	0
2026.07.22	18:40:00	0.69970	0.69978	0.69966	0.69975	191	0	0
2026.07.22	18:41:00	0.69976	0.69987	0.69976	0.69985	280	0	0
2026.07.22	18:42:00	0.69986	0.69989	0.69978	0.69985	260	0	0
2026.07.22	18:43:00	0.69985	0.69985	0.69975	0.69977	191	0	0
2026.07.22	18:44:00	0.69978	0.69983	0.69975	0.69982	167	0	0
2026.07.22	18:45:00	0.69982	0.69985	0.69976	0.69979	156	0	0
2026.07.22	18:46:00	0.69979	0.69981	0.69975	0.69976	162	0	0
2026.07.22	18:47:00	0.69976	0.69985	0.69975	0.69983	231	0	0
2026.07.22	18:48:00	0.69982	0.69988	0.69981	0.69987	164	0	0
2026.07.22	18:49:00	0.69987	0.69998	0.69986	0.69995	164	0	0
2026.07.22	18:50:00	0.69995	0.69999	0.69991	0.69992	186	0	0
2026.07.22	18:51:00	0.69991	0.69994	0.69986	0.69986	136	0	0
2026.07.22	18:52:00	0.69986	0.69992	0.69986	0.69989	149	0	0
2026.07.22	18:53:00	0.69989	0.69994	0.69987	0.69989	128	0	0
2026.07.22	18:54:00	0.69989	0.69995	0.69985	0.69985	120	0	0
2026.07.22	18:55:00	0.69985	0.69987	0.69976	0.69984	151	0	0
2026.07.22	18:56:00	0.69984	0.69989	0.69982	0.69984	127	0	0
2026.07.22	18:57:00	0.69984	0.69994	0.69982	0.69991	218	0	0
2026.07.22	18:58:00	0.69991	0.70000	0.69991	0.69997	202	0	0
2026.07.22	18:59:00	0.69997	0.70004	0.69995	0.70001	163	0	0
2026.07.22	19:00:00	0.70001	0.70008	0.70000	0.70003	159	0	0
2026.07.22	19:01:00	0.70002	0.70004	0.69992	0.69994	138	0	0
2026.07.22	19:02:00	0.69994	0.69995	0.69990	0.69991	162	0	0
2026.07.22	19:03:00	0.69991	0.69999	0.69988	0.69997	130	0	0
2026.07.22	19:04:00	0.69998	0.69999	0.69993	0.69995	160	0	0
2026.07.22	19:05:00	0.69995	0.69997	0.69988	0.69991	148	0	0
2026.07.22	19:06:00	0.69991	0.70001	0.69991	0.69995	135	0	0
2026.07.22	19:07:00	0.69994	0.69997	0.69987	0.69988	124	0	0
2026.07.22	19:08:00	0.69988	0.69989	0.69979	0.69981	147	0	0
2026.07.22	19:09:00	0.69981	0.69984	0.69976	0.69981	110	0	0
2026.07.22	19:10:00	0.69981	0.69984	0.69969	0.69973	164	0	0
2026.07.22	19:11:00	0.69973	0.69980	0.69969	0.69970	162	0	0
2026.07.22	19:12:00	0.69970	0.69973	0.69967	0.69969	135	0	0
2026.07.22	19:13:00	0.69969	0.69978	0.69969	0.69975	127	0	0
2026.07.22	19:14:00	0.69976	0.69978	0.69968	0.69970	155	0	0
2026.07.22	19:15:00	0.69970	0.69975	0.69966	0.69966	149	0	0
2026.07.22	19:16:00	0.69966	0.69969	0.69953	0.69953	167	0	0
2026.07.22	19:17:00	0.69953	0.69956	0.69947	0.69951	124	0	0
2026.07.22	19:18:00	0.69951	0.69957	0.69951	0.69955	138	0	0
2026.07.22	19:19:00	0.69956	0.69958	0.69950	0.69953	119	0	0
2026.07.22	19:20:00	0.69953	0.69954	0.69947	0.69948	158	0	0
2026.07.22	19:21:00	0.69948	0.69952	0.69947	0.69948	115	0	0
2026.07.22	19:22:00	0.69948	0.69953	0.69946	0.69950	104	0	0
2026.07.22	19:23:00	0.69950	0.69951	0.69943	0.69944	91	0	0
2026.07.22	19:24:00	0.69944	0.69956	0.69944	0.69952	148	0	0
2026.07.22	19:25:00	0.69952	0.69955	0.69946	0.69947	92	0	0
2026.07.22	19:26:00	0.69947	0.69950	0.69943	0.69947	207	0	0
2026.07.22	19:27:00	0.69947	0.69954	0.69947	0.69952	139	0	0
2026.07.22	19:28:00	0.69952	0.69956	0.69948	0.69955	173	0	0
2026.07.22	19:29:00	0.69955	0.69957	0.69951	0.69953	148	0	0
2026.07.22	19:30:00	0.69953	0.69959	0.69951	0.69958	181	0	0
2026.07.22	19:31:00	0.69958	0.69963	0.69953	0.69955	199	0	0
2026.07.22	19:32:00	0.69955	0.69959	0.69952	0.69953	128	0	0
2026.07.22	19:33:00	0.69953	0.69956	0.69950	0.69953	121	0	0
2026.07.22	19:34:00	0.69953	0.69955	0.69944	0.69946	150	0	0
2026.07.22	19:35:00	0.69946	0.69949	0.69940	0.69945	136	0	0
2026.07.22	19:36:00	0.69944	0.69949	0.69942	0.69945	158	0	0
2026.07.22	19:37:00	0.69945	0.69950	0.69942	0.69949	194	0	0
2026.07.22	19:38:00	0.69949	0.69949	0.69945	0.69946	105	0	0
2026.07.22	19:39:00	0.69946	0.69950	0.69940	0.69941	77	0	0
2026.07.22	19:40:00	0.69941	0.69944	0.69937	0.69941	130	0	0
2026.07.22	19:41:00	0.69941	0.69946	0.69940	0.69941	96	0	0
2026.07.22	19:42:00	0.69941	0.69944	0.69940	0.69941	135	0	0
2026.07.22	19:43:00	0.69941	0.69943	0.69937	0.69938	87	0	0
2026.07.22	19:44:00	0.69937	0.69944	0.69937	0.69943	151	0	0
2026.07.22	19:45:00	0.69943	0.69944	0.69933	0.69935	187	0	0
2026.07.22	19:46:00	0.69935	0.69939	0.69932	0.69938	163	0	0
2026.07.22	19:47:00	0.69937	0.69939	0.69935	0.69937	161	0	0
2026.07.22	19:48:00	0.69936	0.69940	0.69936	0.69937	141	0	0
2026.07.22	19:49:00	0.69937	0.69947	0.69937	0.69944	176	0	0
2026.07.22	19:50:00	0.69944	0.69948	0.69941	0.69945	123	0	0
2026.07.22	19:51:00	0.69943	0.69946	0.69937	0.69937	109	0	0
2026.07.22	19:52:00	0.69937	0.69943	0.69937	0.69940	103	0	0
2026.07.22	19:53:00	0.69940	0.69947	0.69940	0.69945	102	0	0
2026.07.22	19:54:00	0.69945	0.69949	0.69943	0.69946	121	0	0
2026.07.22	19:55:00	0.69945	0.69958	0.69944	0.69956	189	0	0
2026.07.22	19:56:00	0.69956	0.69957	0.69952	0.69955	141	0	0
2026.07.22	19:57:00	0.69957	0.69962	0.69953	0.69959	157	0	0
2026.07.22	19:58:00	0.69959	0.69960	0.69953	0.69955	75	0	0
2026.07.22	19:59:00	0.69955	0.69959	0.69952	0.69953	106	0	0
2026.07.22	20:00:00	0.69952	0.69968	0.69950	0.69966	193	0	0
2026.07.22	20:01:00	0.69967	0.69969	0.69958	0.69959	121	0	0
2026.07.22	20:02:00	0.69958	0.69958	0.69951	0.69953	207	0	0
2026.07.22	20:03:00	0.69953	0.69959	0.69951	0.69956	135	0	0
2026.07.22	20:04:00	0.69956	0.69960	0.69952	0.69957	146	0	0
2026.07.22	20:05:00	0.69957	0.69963	0.69956	0.69957	104	0	0
2026.07.22	20:06:00	0.69957	0.69960	0.69954	0.69956	127	0	0
2026.07.22	20:07:00	0.69956	0.69960	0.69955	0.69956	92	0	0
2026.07.22	20:08:00	0.69956	0.69961	0.69952	0.69957	168	0	0
2026.07.22	20:09:00	0.69957	0.69958	0.69955	0.69957	191	0	0
2026.07.22	20:10:00	0.69956	0.69961	0.69955	0.69957	101	0	0
2026.07.22	20:11:00	0.69957	0.69960	0.69956	0.69957	75	0	0
2026.07.22	20:12:00	0.69958	0.69963	0.69956	0.69957	84	0	0
2026.07.22	20:13:00	0.69957	0.69961	0.69952	0.69952	76	0	0
2026.07.22	20:14:00	0.69952	0.69956	0.69948	0.69950	85	0	0
2026.07.22	20:15:00	0.69950	0.69958	0.69948	0.69956	131	0	0
2026.07.22	20:16:00	0.69956	0.69960	0.69954	0.69960	116	0	0
2026.07.22	20:17:00	0.69959	0.69962	0.69956	0.69958	79	0	0
2026.07.22	20:18:00	0.69960	0.69964	0.69953	0.69954	120	0	0
2026.07.22	20:19:00	0.69954	0.69956	0.69946	0.69948	112	0	0
2026.07.22	20:20:00	0.69948	0.69954	0.69946	0.69951	145	0	0
2026.07.22	20:21:00	0.69952	0.69956	0.69946	0.69946	157	0	0
2026.07.22	20:22:00	0.69946	0.69954	0.69945	0.69953	108	0	0
2026.07.22	20:23:00	0.69952	0.69956	0.69950	0.69955	115	0	0
2026.07.22	20:24:00	0.69954	0.69956	0.69948	0.69949	130	0	0
2026.07.22	20:25:00	0.69949	0.69950	0.69945	0.69948	90	0	0
2026.07.22	20:26:00	0.69948	0.69953	0.69947	0.69953	74	0	0
2026.07.22	20:27:00	0.69953	0.69955	0.69951	0.69952	89	0	0
2026.07.22	20:28:00	0.69952	0.69959	0.69951	0.69954	113	0	0
2026.07.22	20:29:00	0.69953	0.69956	0.69950	0.69951	108	0	0
2026.07.22	20:30:00	0.69951	0.69952	0.69946	0.69951	97	0	0
2026.07.22	20:31:00	0.69951	0.69954	0.69947	0.69953	84	0	0
2026.07.22	20:32:00	0.69953	0.69955	0.69951	0.69954	72	0	0
2026.07.22	20:33:00	0.69954	0.69954	0.69950	0.69951	110	0	0
2026.07.22	20:34:00	0.69951	0.69954	0.69943	0.69945	86	0	0
2026.07.22	20:35:00	0.69945	0.69948	0.69942	0.69942	64	0	0
2026.07.22	20:36:00	0.69942	0.69942	0.69935	0.69936	77	0	0
2026.07.22	20:37:00	0.69936	0.69939	0.69934	0.69937	64	0	0
2026.07.22	20:38:00	0.69937	0.69940	0.69931	0.69931	73	0	0
2026.07.22	20:39:00	0.69931	0.69931	0.69927	0.69928	71	0	0
2026.07.22	20:40:00	0.69928	0.69930	0.69921	0.69923	60	0	0
2026.07.22	20:41:00	0.69923	0.69928	0.69923	0.69926	36	0	0
2026.07.22	20:42:00	0.69926	0.69928	0.69923	0.69928	36	0	0
2026.07.22	20:43:00	0.69928	0.69931	0.69927	0.69928	38	0	0
2026.07.22	20:44:00	0.69928	0.69934	0.69928	0.69932	24	0	0
2026.07.22	20:45:00	0.69932	0.69936	0.69932	0.69932	22	0	0
2026.07.22	20:46:00	0.69932	0.69939	0.69932	0.69935	67	0	0
2026.07.22	20:47:00	0.69935	0.69939	0.69933	0.69937	102	0	0
2026.07.22	20:48:00	0.69937	0.69940	0.69932	0.69935	59	0	0
2026.07.22	20:49:00	0.69935	0.69938	0.69933	0.69935	93	0	0
2026.07.22	20:50:00	0.69935	0.69939	0.69933	0.69936	46	0	0
2026.07.22	20:51:00	0.69936	0.69943	0.69933	0.69933	85	0	0
2026.07.22	20:52:00	0.69934	0.69935	0.69931	0.69934	85	0	0
2026.07.22	20:53:00	0.69933	0.69935	0.69927	0.69928	93	0	0
2026.07.22	20:54:00	0.69928	0.69930	0.69924	0.69924	84	0	0
2026.07.22	20:55:00	0.69923	0.69927	0.69919	0.69926	125	0	0
2026.07.22	20:56:00	0.69926	0.69927	0.69919	0.69919	78	0	0
2026.07.22	20:57:00	0.69919	0.69929	0.69919	0.69926	164	0	0
2026.07.22	20:58:00	0.69926	0.69931	0.69924	0.69925	152	0	0
2026.07.22	20:59:00	0.69924	0.69926	0.69923	0.69924	100	0	0
2026.07.22	21:00:00	0.69923	0.69927	0.69922	0.69924	98	0	0
2026.07.22	21:01:00	0.69924	0.69926	0.69915	0.69916	157	0	0
2026.07.22	21:02:00	0.69916	0.69925	0.69916	0.69924	192	0	0
2026.07.22	21:03:00	0.69925	0.69928	0.69921	0.69923	146	0	0
2026.07.22	21:04:00	0.69923	0.69925	0.69921	0.69922	122	0	0
2026.07.22	21:05:00	0.69922	0.69925	0.69920	0.69922	162	0	0
2026.07.22	21:06:00	0.69922	0.69927	0.69919	0.69923	79	0	0
2026.07.22	21:07:00	0.69925	0.69930	0.69923	0.69929	61	0	0
2026.07.22	21:08:00	0.69929	0.69930	0.69920	0.69922	62	0	0
2026.07.22	21:09:00	0.69922	0.69923	0.69916	0.69916	66	0	0
2026.07.22	21:10:00	0.69916	0.69921	0.69913	0.69918	55	0	0
2026.07.22	21:11:00	0.69918	0.69923	0.69918	0.69922	71	0	0
2026.07.22	21:12:00	0.69923	0.69923	0.69914	0.69915	76	0	0
2026.07.22	21:13:00	0.69916	0.69917	0.69913	0.69916	47	0	0
2026.07.22	21:14:00	0.69916	0.69918	0.69909	0.69909	73	0	0
2026.07.22	21:15:00	0.69909	0.69914	0.69908	0.69911	72	0	0
2026.07.22	21:16:00	0.69911	0.69915	0.69906	0.69911	82	0	0
2026.07.22	21:17:00	0.69911	0.69919	0.69910	0.69912	88	0	0
2026.07.22	21:18:00	0.69912	0.69921	0.69912	0.69918	56	0	0
2026.07.22	21:19:00	0.69918	0.69924	0.69918	0.69920	69	0	0
2026.07.22	21:20:00	0.69920	0.69930	0.69915	0.69927	120	0	0
2026.07.22	21:21:00	0.69927	0.69931	0.69922	0.69924	108	0	0
2026.07.22	21:22:00	0.69924	0.69929	0.69922	0.69924	136	0	0
2026.07.22	21:23:00	0.69924	0.69931	0.69924	0.69927	133	0	0
2026.07.22	21:24:00	0.69927	0.69933	0.69925	0.69931	121	0	0
2026.07.22	21:25:00	0.69930	0.69935	0.69930	0.69934	100	0	0
2026.07.22	21:26:00	0.69935	0.69939	0.69932	0.69936	96	0	0
2026.07.22	21:27:00	0.69936	0.69939	0.69930	0.69936	88	0	0
2026.07.22	21:28:00	0.69935	0.69942	0.69934	0.69940	145	0	0
2026.07.22	21:29:00	0.69940	0.69943	0.69936	0.69941	126	0	0
2026.07.22	21:30:00	0.69941	0.69943	0.69930	0.69937	140	0	0
2026.07.22	21:31:00	0.69937	0.69938	0.69927	0.69931	138	0	0
2026.07.22	21:32:00	0.69931	0.69934	0.69930	0.69933	116	0	0
2026.07.22	21:33:00	0.69933	0.69942	0.69932	0.69942	142	0	0
2026.07.22	21:34:00	0.69942	0.69942	0.69936	0.69937	95	0	0
2026.07.22	21:35:00	0.69937	0.69945	0.69936	0.69944	107	0	0
2026.07.22	21:36:00	0.69943	0.69946	0.69941	0.69942	65	0	0
2026.07.22	21:37:00	0.69942	0.69944	0.69941	0.69943	56	0	0
2026.07.22	21:38:00	0.69943	0.69943	0.69936	0.69938	44	0	0
2026.07.22	21:39:00	0.69938	0.69941	0.69936	0.69939	72	0	0
2026.07.22	21:40:00	0.69939	0.69940	0.69935	0.69936	91	0	0
2026.07.22	21:41:00	0.69937	0.69938	0.69933	0.69937	95	0	0
2026.07.22	21:42:00	0.69937	0.69941	0.69936	0.69936	91	0	0
2026.07.22	21:43:00	0.69936	0.69939	0.69936	0.69938	35	0	0
2026.07.22	21:44:00	0.69938	0.69940	0.69936	0.69938	57	0	0
2026.07.22	21:45:00	0.69938	0.69942	0.69937	0.69941	89	0	0
2026.07.22	21:46:00	0.69941	0.69942	0.69937	0.69940	98	0	0
2026.07.22	21:47:00	0.69939	0.69940	0.69937	0.69938	38	0	0
2026.07.22	21:48:00	0.69937	0.69941	0.69936	0.69939	45	0	0
2026.07.22	21:49:00	0.69938	0.69939	0.69937	0.69938	31	0	0
2026.07.22	21:50:00	0.69938	0.69942	0.69937	0.69939	90	0	0
2026.07.22	21:51:00	0.69940	0.69944	0.69938	0.69941	109	0	0
2026.07.22	21:52:00	0.69941	0.69943	0.69937	0.69938	86	0	0
2026.07.22	21:53:00	0.69938	0.69946	0.69938	0.69943	71	0	0
2026.07.22	21:54:00	0.69943	0.69951	0.69943	0.69948	65	0	0
2026.07.22	21:55:00	0.69948	0.69952	0.69947	0.69950	57	0	0
2026.07.22	21:56:00	0.69948	0.69954	0.69946	0.69946	68	0	0
2026.07.22	21:57:00	0.69946	0.69949	0.69942	0.69947	66	0	0
2026.07.22	21:58:00	0.69947	0.69948	0.69942	0.69942	36	0	0
2026.07.22	21:59:00	0.69942	0.69948	0.69942	0.69947	66	0	0
2026.07.22	22:00:00	0.69947	0.69951	0.69947	0.69947	105	0	0
2026.07.22	22:01:00	0.69948	0.69955	0.69939	0.69944	121	0	0
2026.07.22	22:02:00	0.69944	0.69947	0.69942	0.69945	84	0	0
2026.07.22	22:03:00	0.69945	0.69951	0.69945	0.69950	101	0	0
2026.07.22	22:04:00	0.69950	0.69952	0.69947	0.69949	78	0	0
2026.07.22	22:05:00	0.69949	0.69954	0.69947	0.69949	141	0	0
2026.07.22	22:06:00	0.69949	0.69951	0.69947	0.69950	71	0	0
2026.07.22	22:07:00	0.69950	0.69951	0.69942	0.69943	85	0	0
2026.07.22	22:08:00	0.69943	0.69947	0.69942	0.69943	82	0	0
2026.07.22	22:09:00	0.69943	0.69943	0.69939	0.69941	69	0	0
2026.07.22	22:10:00	0.69941	0.69943	0.69939	0.69940	70	0	0
2026.07.22	22:11:00	0.69940	0.69942	0.69937	0.69937	41	0	0
2026.07.22	22:12:00	0.69937	0.69939	0.69934	0.69934	58	0	0
2026.07.22	22:13:00	0.69934	0.69938	0.69932	0.69933	69	0	0
2026.07.22	22:14:00	0.69933	0.69935	0.69931	0.69931	47	0	0
2026.07.22	22:15:00	0.69931	0.69934	0.69929	0.69933	89	0	0
2026.07.22	22:16:00	0.69933	0.69939	0.69933	0.69937	79	0	0
2026.07.22	22:17:00	0.69937	0.69940	0.69936	0.69938	34	0	0
2026.07.22	22:18:00	0.69938	0.69942	0.69937	0.69941	78	0	0
2026.07.22	22:19:00	0.69941	0.69945	0.69939	0.69942	96	0	0
2026.07.22	22:20:00	0.69942	0.69945	0.69941	0.69942	64	0	0
2026.07.22	22:21:00	0.69942	0.69945	0.69939	0.69942	69	0	0
2026.07.22	22:22:00	0.69942	0.69946	0.69941	0.69945	48	0	0
2026.07.22	22:23:00	0.69945	0.69949	0.69943	0.69948	61	0	0
2026.07.22	22:24:00	0.69949	0.69950	0.69945	0.69945	56	0	0
2026.07.22	22:25:00	0.69945	0.69948	0.69942	0.69943	69	0	0
2026.07.22	22:26:00	0.69943	0.69949	0.69943	0.69945	71	0	0
2026.07.22	22:27:00	0.69945	0.69949	0.69945	0.69945	59	0	0
2026.07.22	22:28:00	0.69945	0.69952	0.69945	0.69948	39	0	0
2026.07.22	22:29:00	0.69948	0.69950	0.69947	0.69948	28	0	0
2026.07.22	22:30:00	0.69948	0.69948	0.69942	0.69943	64	0	0
2026.07.22	22:31:00	0.69943	0.69944	0.69942	0.69943	29	0	0
2026.07.22	22:32:00	0.69943	0.69946	0.69940	0.69942	39	0	0
2026.07.22	22:33:00	0.69942	0.69946	0.69942	0.69943	53	0	0
2026.07.22	22:34:00	0.69943	0.69943	0.69937	0.69942	67	0	0
2026.07.22	22:35:00	0.69942	0.69947	0.69941	0.69944	72	0	0
2026.07.22	22:36:00	0.69945	0.69946	0.69940	0.69942	100	0	0
2026.07.22	22:37:00	0.69942	0.69943	0.69939	0.69940	56	0	0
2026.07.22	22:38:00	0.69940	0.69942	0.69937	0.69938	67	0	0
2026.07.22	22:39:00	0.69938	0.69938	0.69935	0.69937	41	0	0
2026.07.22	22:40:00	0.69937	0.69939	0.69937	0.69938	58	0	0
2026.07.22	22:41:00	0.69938	0.69944	0.69937	0.69942	63	0	0
2026.07.22	22:42:00	0.69942	0.69947	0.69941	0.69946	57	0	0
2026.07.22	22:43:00	0.69946	0.69949	0.69945	0.69946	92	0	0
2026.07.22	22:44:00	0.69946	0.69947	0.69943	0.69943	40	0	0
2026.07.22	22:45:00	0.69943	0.69949	0.69943	0.69946	68	0	0
2026.07.22	22:46:00	0.69946	0.69949	0.69946	0.69947	55	0	0
2026.07.22	22:47:00	0.69947	0.69948	0.69944	0.69944	86	0	0
2026.07.22	22:48:00	0.69944	0.69947	0.69944	0.69947	52	0	0
2026.07.22	22:49:00	0.69947	0.69948	0.69944	0.69946	26	0	0
2026.07.22	22:50:00	0.69946	0.69948	0.69939	0.69940	81	0	0
2026.07.22	22:51:00	0.69940	0.69943	0.69937	0.69938	67	0	0
2026.07.22	22:52:00	0.69938	0.69941	0.69937	0.69941	67	0	0
2026.07.22	22:53:00	0.69941	0.69943	0.69935	0.69936	86	0	0
2026.07.22	22:54:00	0.69935	0.69937	0.69929	0.69933	92	0	0
2026.07.22	22:55:00	0.69932	0.69939	0.69929	0.69938	137	0	0
2026.07.22	22:56:00	0.69938	0.69951	0.69938	0.69949	133	0	0
2026.07.22	22:57:00	0.69949	0.69954	0.69945	0.69952	159	0	0
2026.07.22	22:58:00	0.69952	0.69955	0.69951	0.69953	64	0	0
2026.07.22	22:59:00	0.69953	0.69959	0.69951	0.69951	185	0	0
2026.07.22	23:00:00	0.69951	0.69962	0.69951	0.69959	184	0	0
2026.07.22	23:01:00	0.69959	0.69973	0.69956	0.69972	255	0	0
2026.07.22	23:02:00	0.69972	0.69973	0.69957	0.69964	393	0	0
2026.07.22	23:03:00	0.69964	0.69969	0.69955	0.69960	301	0	0
2026.07.22	23:04:00	0.69960	0.69963	0.69951	0.69955	259	0	0
2026.07.22	23:05:00	0.69955	0.69958	0.69947	0.69958	191	0	0
2026.07.22	23:06:00	0.69956	0.69962	0.69956	0.69960	155	0	0
2026.07.22	23:07:00	0.69959	0.69970	0.69958	0.69967	163	0	0
2026.07.22	23:08:00	0.69967	0.69970	0.69962	0.69970	161	0	0
2026.07.22	23:09:00	0.69970	0.69971	0.69966	0.69967	85	0	0
2026.07.22	23:10:00	0.69967	0.69971	0.69964	0.69965	100	0	0
2026.07.22	23:11:00	0.69965	0.69971	0.69963	0.69971	112	0	0
2026.07.22	23:12:00	0.69971	0.69973	0.69967	0.69970	115	0	0
2026.07.22	23:13:00	0.69970	0.69979	0.69968	0.69978	95	0	0
2026.07.22	23:14:00	0.69976	0.69982	0.69976	0.69979	132	0	0
2026.07.22	23:15:00	0.69981	0.69981	0.69977	0.69978	80	0	0
2026.07.22	23:16:00	0.69977	0.69981	0.69976	0.69978	59	0	0
2026.07.22	23:17:00	0.69978	0.69981	0.69977	0.69978	59	0	0
2026.07.22	23:18:00	0.69978	0.69982	0.69977	0.69978	63	0	0
2026.07.22	23:19:00	0.69978	0.69981	0.69978	0.69979	40	0	0
2026.07.22	23:20:00	0.69979	0.69980	0.69977	0.69978	26	0	0
2026.07.22	23:21:00	0.69978	0.69980	0.69975	0.69975	55	0	0
2026.07.22	23:22:00	0.69975	0.69980	0.69974	0.69978	105	0	0
2026.07.22	23:23:00	0.69978	0.69982	0.69977	0.69981	49	0	0
2026.07.22	23:24:00	0.69981	0.69981	0.69976	0.69976	71	0	0
2026.07.22	23:25:00	0.69976	0.69980	0.69975	0.69975	51	0	0
2026.07.22	23:26:00	0.69975	0.69976	0.69972	0.69972	55	0	0
2026.07.22	23:27:00	0.69972	0.69976	0.69972	0.69974	62	0	0
2026.07.22	23:28:00	0.69974	0.69981	0.69973	0.69979	72	0	0
2026.07.22	23:29:00	0.69978	0.69980	0.69976	0.69978	40	0	0
2026.07.22	23:30:00	0.69978	0.69981	0.69974	0.69976	30	0	0
2026.07.22	23:31:00	0.69975	0.69980	0.69975	0.69978	19	0	0
2026.07.22	23:32:00	0.69978	0.69980	0.69973	0.69974	43	0	0
2026.07.22	23:33:00	0.69973	0.69975	0.69967	0.69968	32	0	0
2026.07.22	23:34:00	0.69967	0.69968	0.69967	0.69967	3	0	0
2026.07.22	23:35:00	0.69967	0.69968	0.69966	0.69968	16	0	0
2026.07.22	23:36:00	0.69968	0.69972	0.69966	0.69969	29	0	0
2026.07.22	23:37:00	0.69969	0.69972	0.69968	0.69971	35	0	0
2026.07.22	23:38:00	0.69971	0.69972	0.69961	0.69962	40	0	0
2026.07.22	23:39:00	0.69962	0.69969	0.69961	0.69966	45	0	0
2026.07.22	23:40:00	0.69966	0.69971	0.69966	0.69967	51	0	0
2026.07.22	23:41:00	0.69967	0.69970	0.69966	0.69966	43	0	0
2026.07.22	23:42:00	0.69966	0.69968	0.69965	0.69966	23	0	0
2026.07.22	23:43:00	0.69967	0.69967	0.69963	0.69965	54	0	0
2026.07.22	23:44:00	0.69966	0.69966	0.69962	0.69962	63	0	0
2026.07.22	23:45:00	0.69962	0.69964	0.69960	0.69962	69	0	0
2026.07.22	23:46:00	0.69962	0.69965	0.69960	0.69961	47	0	0
2026.07.22	23:47:00	0.69961	0.69964	0.69961	0.69962	29	0	0
2026.07.22	23:48:00	0.69962	0.69964	0.69962	0.69962	22	0	0
2026.07.22	23:49:00	0.69962	0.69963	0.69957	0.69957	51	0	0
2026.07.22	23:50:00	0.69957	0.69969	0.69956	0.69967	37	0	0
2026.07.22	23:51:00	0.69967	0.69970	0.69967	0.69967	29	0	0
2026.07.22	23:52:00	0.69967	0.69969	0.69961	0.69962	32	0	0
2026.07.22	23:53:00	0.69962	0.69963	0.69961	0.69962	9	0	0
2026.07.22	23:54:00	0.69962	0.69963	0.69960	0.69963	22	0	0
2026.07.22	23:55:00	0.69963	0.69967	0.69962	0.69965	23	0	0
2026.07.22	23:56:00	0.69965	0.69969	0.69962	0.69966	43	0	0
2026.07.22	23:57:00	0.69966	0.69977	0.69964	0.69977	147	0	0
2026.07.22	23:58:00	0.69977	0.69982	0.69971	0.69974	147	0	0
2026.07.22	23:59:00	0.69976	0.69976	0.69956	0.69961	75	0	0
2026.07.23	00:00:00	0.69961	0.69961	0.69881	0.69881	3	0	20
2026.07.23	00:01:00	0.69900	0.69920	0.69900	0.69919	7	0	48
2026.07.23	00:02:00	0.69919	0.69919	0.69919	0.69919	1	0	64
2026.07.23	00:03:00	0.69919	0.69919	0.69919	0.69919	1	0	64
2026.07.23	00:04:00	0.69919	0.69919	0.69919	0.69919	1	0	64
2026.07.23	00:05:00	0.69919	0.69922	0.69919	0.69920	7	0	59
2026.07.23	00:06:00	0.69920	0.69920	0.69919	0.69919	2	0	59
2026.07.23	00:07:00	0.69919	0.69919	0.69919	0.69919	1	0	59
2026.07.23	00:08:00	0.69919	0.69919	0.69919	0.69919	1	0	59
2026.07.23	00:09:00	0.69919	0.69919	0.69919	0.69919	1	0	59
2026.07.23	00:10:00	0.69919	0.69931	0.69913	0.69921	7	0	38
2026.07.23	00:11:00	0.69921	0.69921	0.69920	0.69921	3	0	46
2026.07.23	00:12:00	0.69921	0.69921	0.69916	0.69917	3	0	49
2026.07.23	00:13:00	0.69917	0.69917	0.69916	0.69917	3	0	59
2026.07.23	00:14:00	0.69917	0.69919	0.69917	0.69919	2	0	59
2026.07.23	00:15:00	0.69919	0.69919	0.69896	0.69902	27	0	56
2026.07.23	00:16:00	0.69902	0.69902	0.69896	0.69898	7	0	65
2026.07.23	00:17:00	0.69897	0.69903	0.69896	0.69900	13	0	64
2026.07.23	00:18:00	0.69899	0.69900	0.69898	0.69898	4	0	61
2026.07.23	00:19:00	0.69898	0.69898	0.69897	0.69898	3	0	56
2026.07.23	00:20:00	0.69895	0.69897	0.69895	0.69896	4	0	61
2026.07.23	00:21:00	0.69896	0.69896	0.69896	0.69896	1	0	61
2026.07.23	00:22:00	0.69896	0.69896	0.69896	0.69896	1	0	61
2026.07.23	00:23:00	0.69896	0.69896	0.69896	0.69896	1	0	61
2026.07.23	00:24:00	0.69896	0.69896	0.69896	0.69896	1	0	55
2026.07.23	00:25:00	0.69896	0.69896	0.69896	0.69896	1	0	61
2026.07.23	00:26:00	0.69911	0.69912	0.69911	0.69911	3	0	46
2026.07.23	00:27:00	0.69911	0.69911	0.69896	0.69896	15	0	41
2026.07.23	00:28:00	0.69896	0.69896	0.69895	0.69895	2	0	62
2026.07.23	00:29:00	0.69895	0.69895	0.69895	0.69895	1	0	62
2026.07.23	00:30:00	0.69895	0.69895	0.69895	0.69895	1	0	61
2026.07.23	00:31:00	0.69895	0.69896	0.69895	0.69895	3	0	55
2026.07.23	00:32:00	0.69895	0.69934	0.69895	0.69932	55	0	29
2026.07.23	00:33:00	0.69932	0.69933	0.69903	0.69909	34	0	38
2026.07.23	00:34:00	0.69909	0.69909	0.69904	0.69904	4	0	62
2026.07.23	00:35:00	0.69904	0.69932	0.69895	0.69926	41	0	33
2026.07.23	00:36:00	0.69926	0.69932	0.69903	0.69903	10	0	33
2026.07.23	00:37:00	0.69903	0.69903	0.69896	0.69902	6	0	32
2026.07.23	00:38:00	0.69902	0.69902	0.69893	0.69897	13	0	32
2026.07.23	00:39:00	0.69897	0.69900	0.69889	0.69892	22	0	40
2026.07.23	00:40:00	0.69895	0.69929	0.69889	0.69918	76	0	22
2026.07.23	00:41:00	0.69918	0.69928	0.69893	0.69920	40	0	25
2026.07.23	00:42:00	0.69920	0.69926	0.69890	0.69892	40	0	25
2026.07.23	00:43:00	0.69892	0.69896	0.69889	0.69893	83	0	41
2026.07.23	00:44:00	0.69893	0.69895	0.69890	0.69893	23	0	40
2026.07.23	00:45:00	0.69893	0.69927	0.69890	0.69894	65	0	19
2026.07.23	00:46:00	0.69894	0.69925	0.69864	0.69890	191	0	20
2026.07.23	00:47:00	0.69891	0.69891	0.69888	0.69888	3	0	45
2026.07.23	00:48:00	0.69888	0.69914	0.69888	0.69914	13	0	37
2026.07.23	00:49:00	0.69914	0.69916	0.69907	0.69916	6	0	38
2026.07.23	00:50:00	0.69916	0.69917	0.69891	0.69911	20	0	33
2026.07.23	00:51:00	0.69911	0.69918	0.69849	0.69863	91	0	23
2026.07.23	00:52:00	0.69859	0.69883	0.69856	0.69877	168	0	48
2026.07.23	00:53:00	0.69877	0.69921	0.69872	0.69876	28	0	7
2026.07.23	00:54:00	0.69876	0.69921	0.69875	0.69881	14	0	0
2026.07.23	00:55:00	0.69881	0.69881	0.69874	0.69878	6	0	48
2026.07.23	00:56:00	0.69878	0.69886	0.69868	0.69883	22	0	49
2026.07.23	00:57:00	0.69884	0.69895	0.69880	0.69891	33	0	44
2026.07.23	00:58:00	0.69892	0.69909	0.69889	0.69909	11	0	29
2026.07.23	00:59:00	0.69908	0.69913	0.69905	0.69905	23	0	24
2026.07.23	01:00:00	0.69905	0.69933	0.69903	0.69919	162	0	0
2026.07.23	01:01:00	0.69915	0.69925	0.69909	0.69915	115	0	0
2026.07.23	01:02:00	0.69915	0.69916	0.69904	0.69908	69	0	0
2026.07.23	01:03:00	0.69908	0.69911	0.69904	0.69907	109	0	0
2026.07.23	01:04:00	0.69907	0.69909	0.69897	0.69903	75	0	0
2026.07.23	01:05:00	0.69903	0.69906	0.69903	0.69905	92	0	0
2026.07.23	01:06:00	0.69905	0.69905	0.69901	0.69903	25	0	0
2026.07.23	01:07:00	0.69903	0.69904	0.69899	0.69899	38	0	0
2026.07.23	01:08:00	0.69899	0.69901	0.69894	0.69898	12	0	0
2026.07.23	01:09:00	0.69898	0.69898	0.69891	0.69894	29	0	0
2026.07.23	01:10:00	0.69894	0.69894	0.69887	0.69891	65	0	0
2026.07.23	01:11:00	0.69891	0.69892	0.69888	0.69888	13	0	0
2026.07.23	01:12:00	0.69888	0.69889	0.69887	0.69889	14	0	0
2026.07.23	01:13:00	0.69889	0.69889	0.69887	0.69889	17	0	0
2026.07.23	01:14:00	0.69889	0.69889	0.69888	0.69889	3	0	0
2026.07.23	01:15:00	0.69889	0.69895	0.69887	0.69889	60	0	0
2026.07.23	01:16:00	0.69889	0.69891	0.69887	0.69888	10	0	0
2026.07.23	01:17:00	0.69888	0.69888	0.69883	0.69884	36	0	0
2026.07.23	01:18:00	0.69884	0.69891	0.69883	0.69890	24	0	0
2026.07.23	01:19:00	0.69887	0.69891	0.69884	0.69887	70	0	0
2026.07.23	01:20:00	0.69887	0.69890	0.69884	0.69889	61	0	0
2026.07.23	01:21:00	0.69889	0.69890	0.69887	0.69887	20	0	0
2026.07.23	01:22:00	0.69887	0.69888	0.69886	0.69887	13	0	0
2026.07.23	01:23:00	0.69887	0.69889	0.69887	0.69888	8	0	0
2026.07.23	01:24:00	0.69888	0.69891	0.69884	0.69888	26	0	0
2026.07.23	01:25:00	0.69888	0.69890	0.69887	0.69887	32	0	0
2026.07.23	01:26:00	0.69887	0.69895	0.69887	0.69893	15	0	0
2026.07.23	01:27:00	0.69893	0.69893	0.69886	0.69887	20	0	0
2026.07.23	01:28:00	0.69887	0.69890	0.69876	0.69876	30	0	0
2026.07.23	01:29:00	0.69876	0.69879	0.69875	0.69877	17	0	0
2026.07.23	01:30:00	0.69877	0.69881	0.69876	0.69881	57	0	0
2026.07.23	01:31:00	0.69881	0.69884	0.69878	0.69882	59	0	0
2026.07.23	01:32:00	0.69882	0.69884	0.69882	0.69883	36	0	0
2026.07.23	01:33:00	0.69883	0.69885	0.69882	0.69883	46	0	0
2026.07.23	01:34:00	0.69883	0.69884	0.69882	0.69882	26	0	0
2026.07.23	01:35:00	0.69883	0.69889	0.69879	0.69888	54	0	0
2026.07.23	01:36:00	0.69888	0.69890	0.69884	0.69887	75	0	0
2026.07.23	01:37:00	0.69887	0.69887	0.69880	0.69882	79	0	0
2026.07.23	01:38:00	0.69882	0.69882	0.69878	0.69879	121	0	0
2026.07.23	01:39:00	0.69879	0.69882	0.69875	0.69875	85	0	0
2026.07.23	01:40:00	0.69876	0.69878	0.69873	0.69876	107	0	0
2026.07.23	01:41:00	0.69876	0.69876	0.69868	0.69871	55	0	0
2026.07.23	01:42:00	0.69871	0.69875	0.69869	0.69871	60	0	0
2026.07.23	01:43:00	0.69872	0.69872	0.69869	0.69870	42	0	0
2026.07.23	01:44:00	0.69870	0.69872	0.69869	0.69869	66	0	0
2026.07.23	01:45:00	0.69869	0.69871	0.69868	0.69869	50	0	0
2026.07.23	01:46:00	0.69869	0.69873	0.69869	0.69871	99	0	0
2026.07.23	01:47:00	0.69871	0.69872	0.69869	0.69870	67	0	0
2026.07.23	01:48:00	0.69870	0.69878	0.69870	0.69874	50	0	0
2026.07.23	01:49:00	0.69874	0.69880	0.69874	0.69879	49	0	0
2026.07.23	01:50:00	0.69878	0.69883	0.69878	0.69883	55	0	0
2026.07.23	01:51:00	0.69883	0.69883	0.69879	0.69882	90	0	0
2026.07.23	01:52:00	0.69882	0.69887	0.69880	0.69883	99	0	0
2026.07.23	01:53:00	0.69883	0.69885	0.69882	0.69883	30	0	0
2026.07.23	01:54:00	0.69883	0.69887	0.69879	0.69880	53	0	0
2026.07.23	01:55:00	0.69880	0.69885	0.69879	0.69885	74	0	0
2026.07.23	01:56:00	0.69885	0.69887	0.69878	0.69879	48	0	0
2026.07.23	01:57:00	0.69879	0.69880	0.69878	0.69878	28	0	0
2026.07.23	01:58:00	0.69878	0.69881	0.69877	0.69879	44	0	0
2026.07.23	01:59:00	0.69879	0.69894	0.69876	0.69886	99	0	0
2026.07.23	02:00:00	0.69886	0.69898	0.69883	0.69884	75	0	0
2026.07.23	02:01:00	0.69884	0.69889	0.69883	0.69887	108	0	0
2026.07.23	02:02:00	0.69887	0.69893	0.69885	0.69889	49	0	0
2026.07.23	02:03:00	0.69889	0.69891	0.69888	0.69889	11	0	0
2026.07.23	02:04:00	0.69889	0.69891	0.69883	0.69885	39	0	0
2026.07.23	02:05:00	0.69885	0.69888	0.69884	0.69884	27	0	0
2026.07.23	02:06:00	0.69885	0.69887	0.69884	0.69885	19	0	0
2026.07.23	02:07:00	0.69885	0.69888	0.69884	0.69885	72	0	0
2026.07.23	02:08:00	0.69885	0.69889	0.69884	0.69884	73	0	0
2026.07.23	02:09:00	0.69885	0.69889	0.69883	0.69887	52	0	0
2026.07.23	02:10:00	0.69887	0.69887	0.69882	0.69883	49	0	0
2026.07.23	02:11:00	0.69883	0.69887	0.69883	0.69884	34	0	0
2026.07.23	02:12:00	0.69884	0.69890	0.69884	0.69888	50	0	0
2026.07.23	02:13:00	0.69888	0.69898	0.69887	0.69898	53	0	0
2026.07.23	02:14:00	0.69898	0.69898	0.69894	0.69896	53	0	0
2026.07.23	02:15:00	0.69896	0.69897	0.69893	0.69895	60	0	0
2026.07.23	02:16:00	0.69895	0.69895	0.69892	0.69892	58	0	0
2026.07.23	02:17:00	0.69892	0.69897	0.69892	0.69897	95	0	0
2026.07.23	02:18:00	0.69897	0.69900	0.69894	0.69898	65	0	0
2026.07.23	02:19:00	0.69898	0.69901	0.69896	0.69900	76	0	0
2026.07.23	02:20:00	0.69900	0.69905	0.69898	0.69902	48	0	0
2026.07.23	02:21:00	0.69902	0.69904	0.69900	0.69900	38	0	0
2026.07.23	02:22:00	0.69900	0.69903	0.69900	0.69901	85	0	0
2026.07.23	02:23:00	0.69901	0.69904	0.69897	0.69897	52	0	0
2026.07.23	02:24:00	0.69897	0.69899	0.69895	0.69898	60	0	0
2026.07.23	02:25:00	0.69898	0.69900	0.69895	0.69897	54	0	0
2026.07.23	02:26:00	0.69897	0.69901	0.69897	0.69899	39	0	0
2026.07.23	02:27:00	0.69899	0.69900	0.69897	0.69897	18	0	0
2026.07.23	02:28:00	0.69897	0.69899	0.69893	0.69897	56	0	0
2026.07.23	02:29:00	0.69897	0.69900	0.69895	0.69898	14	0	0
2026.07.23	02:30:00	0.69898	0.69905	0.69898	0.69905	53	0	0
2026.07.23	02:31:00	0.69904	0.69906	0.69898	0.69900	55	0	0
2026.07.23	02:32:00	0.69900	0.69905	0.69899	0.69905	22	0	0
2026.07.23	02:33:00	0.69904	0.69908	0.69904	0.69905	79	0	0
2026.07.23	02:34:00	0.69905	0.69905	0.69902	0.69903	36	0	0
2026.07.23	02:35:00	0.69903	0.69905	0.69901	0.69903	40	0	0
2026.07.23	02:36:00	0.69903	0.69905	0.69903	0.69903	49	0	0
2026.07.23	02:37:00	0.69903	0.69905	0.69902	0.69903	22	0	0
2026.07.23	02:38:00	0.69903	0.69903	0.69901	0.69902	16	0	0
2026.07.23	02:39:00	0.69902	0.69903	0.69900	0.69900	45	0	0
2026.07.23	02:40:00	0.69900	0.69902	0.69900	0.69900	31	0	0
2026.07.23	02:41:00	0.69900	0.69900	0.69894	0.69895	31	0	0
2026.07.23	02:42:00	0.69895	0.69897	0.69889	0.69890	73	0	0
2026.07.23	02:43:00	0.69890	0.69897	0.69889	0.69895	51	0	0
2026.07.23	02:44:00	0.69895	0.69898	0.69894	0.69894	32	0	0
2026.07.23	02:45:00	0.69894	0.69896	0.69890	0.69895	85	0	0
2026.07.23	02:46:00	0.69895	0.69896	0.69888	0.69890	76	0	0
2026.07.23	02:47:00	0.69890	0.69895	0.69890	0.69892	44	0	0
2026.07.23	02:48:00	0.69892	0.69895	0.69891	0.69893	36	0	0
2026.07.23	02:49:00	0.69893	0.69893	0.69889	0.69889	36	0	0
2026.07.23	02:50:00	0.69889	0.69890	0.69881	0.69887	71	0	0
2026.07.23	02:51:00	0.69887	0.69888	0.69883	0.69887	63	0	0
2026.07.23	02:52:00	0.69887	0.69889	0.69885	0.69887	32	0	0
2026.07.23	02:53:00	0.69887	0.69888	0.69885	0.69886	32	0	0
2026.07.23	02:54:00	0.69886	0.69889	0.69885	0.69887	55	0	0
2026.07.23	02:55:00	0.69887	0.69889	0.69883	0.69884	36	0	0
2026.07.23	02:56:00	0.69884	0.69887	0.69882	0.69882	69	0	0
2026.07.23	02:57:00	0.69882	0.69889	0.69881	0.69888	84	0	0
2026.07.23	02:58:00	0.69888	0.69895	0.69886	0.69887	76	0	0
2026.07.23	02:59:00	0.69887	0.69894	0.69883	0.69893	79	0	0
2026.07.23	03:00:00	0.69893	0.69902	0.69885	0.69900	211	0	0
2026.07.23	03:01:00	0.69900	0.69913	0.69898	0.69911	187	0	0
2026.07.23	03:02:00	0.69911	0.69916	0.69902	0.69903	146	0	0
2026.07.23	03:03:00	0.69903	0.69911	0.69903	0.69904	195	0	0
2026.07.23	03:04:00	0.69905	0.69915	0.69904	0.69912	197	0	0
2026.07.23	03:05:00	0.69912	0.69912	0.69901	0.69903	99	0	0
2026.07.23	03:06:00	0.69903	0.69906	0.69899	0.69901	96	0	0
2026.07.23	03:07:00	0.69901	0.69903	0.69895	0.69898	118	0	0
2026.07.23	03:08:00	0.69899	0.69902	0.69897	0.69898	96	0	0
2026.07.23	03:09:00	0.69898	0.69901	0.69893	0.69898	98	0	0
2026.07.23	03:10:00	0.69898	0.69901	0.69894	0.69896	104	0	0
2026.07.23	03:11:00	0.69895	0.69903	0.69895	0.69903	118	0	0
2026.07.23	03:12:00	0.69903	0.69903	0.69892	0.69893	131	0	0
2026.07.23	03:13:00	0.69893	0.69899	0.69888	0.69888	114	0	0
2026.07.23	03:14:00	0.69888	0.69891	0.69886	0.69888	95	0	0
2026.07.23	03:15:00	0.69888	0.69890	0.69886	0.69887	133	0	0
2026.07.23	03:16:00	0.69887	0.69892	0.69880	0.69890	146	0	0
2026.07.23	03:17:00	0.69890	0.69900	0.69889	0.69894	125	0	0
2026.07.23	03:18:00	0.69894	0.69896	0.69891	0.69892	84	0	0
2026.07.23	03:19:00	0.69892	0.69901	0.69891	0.69899	116	0	0
2026.07.23	03:20:00	0.69899	0.69907	0.69896	0.69906	115	0	0
2026.07.23	03:21:00	0.69905	0.69905	0.69898	0.69899	99	0	0
2026.07.23	03:22:00	0.69899	0.69912	0.69898	0.69911	114	0	0
2026.07.23	03:23:00	0.69911	0.69914	0.69903	0.69904	128	0	0
2026.07.23	03:24:00	0.69904	0.69914	0.69902	0.69913	171	0	0
2026.07.23	03:25:00	0.69913	0.69918	0.69912	0.69915	127	0	0
2026.07.23	03:26:00	0.69915	0.69920	0.69913	0.69919	96	0	0
2026.07.23	03:27:00	0.69919	0.69926	0.69917	0.69922	151	0	0
2026.07.23	03:28:00	0.69923	0.69925	0.69916	0.69917	89	0	0
2026.07.23	03:29:00	0.69916	0.69920	0.69907	0.69907	146	0	0
2026.07.23	03:30:00	0.69907	0.69915	0.69907	0.69913	86	0	0
2026.07.23	03:31:00	0.69913	0.69915	0.69907	0.69907	57	0	0
2026.07.23	03:32:00	0.69907	0.69915	0.69906	0.69911	95	0	0
2026.07.23	03:33:00	0.69911	0.69915	0.69905	0.69911	119	0	0
2026.07.23	03:34:00	0.69911	0.69914	0.69908	0.69909	81	0	0
2026.07.23	03:35:00	0.69909	0.69917	0.69909	0.69912	48	0	0
2026.07.23	03:36:00	0.69912	0.69917	0.69910	0.69913	61	0	0
2026.07.23	03:37:00	0.69913	0.69918	0.69912	0.69914	120	0	0
2026.07.23	03:38:00	0.69914	0.69918	0.69912	0.69915	79	0	0
2026.07.23	03:39:00	0.69915	0.69916	0.69903	0.69908	147	0	0
2026.07.23	03:40:00	0.69908	0.69915	0.69903	0.69906	97	0	0
2026.07.23	03:41:00	0.69906	0.69915	0.69905	0.69915	136	0	0
2026.07.23	03:42:00	0.69915	0.69917	0.69910	0.69912	86	0	0
2026.07.23	03:43:00	0.69914	0.69916	0.69911	0.69913	92	0	0
2026.07.23	03:44:00	0.69914	0.69916	0.69912	0.69913	93	0	0
2026.07.23	03:45:00	0.69912	0.69925	0.69908	0.69924	156	0	0
2026.07.23	03:46:00	0.69924	0.69927	0.69918	0.69918	99	0	0
2026.07.23	03:47:00	0.69918	0.69920	0.69913	0.69915	67	0	0
2026.07.23	03:48:00	0.69915	0.69915	0.69906	0.69906	81	0	0
2026.07.23	03:49:00	0.69906	0.69910	0.69902	0.69906	114	0	0
2026.07.23	03:50:00	0.69906	0.69910	0.69902	0.69902	90	0	0
2026.07.23	03:51:00	0.69902	0.69913	0.69901	0.69907	148	0	0
2026.07.23	03:52:00	0.69907	0.69908	0.69902	0.69904	57	0	0
2026.07.23	03:53:00	0.69904	0.69908	0.69897	0.69905	106	0	0
2026.07.23	03:54:00	0.69905	0.69920	0.69903	0.69916	188	0	0
2026.07.23	03:55:00	0.69916	0.69922	0.69913	0.69921	148	0	0
2026.07.23	03:56:00	0.69921	0.69923	0.69909	0.69918	97	0	0
2026.07.23	03:57:00	0.69917	0.69927	0.69916	0.69926	69	0	0
2026.07.23	03:58:00	0.69926	0.69937	0.69926	0.69935	122	0	0
2026.07.23	03:59:00	0.69935	0.69946	0.69935	0.69941	134	0	0
2026.07.23	04:00:00	0.69941	0.69958	0.69941	0.69958	268	0	0
2026.07.23	04:01:00	0.69958	0.69976	0.69957	0.69963	204	0	0
2026.07.23	04:02:00	0.69963	0.69965	0.69952	0.69957	174	0	0
2026.07.23	04:03:00	0.69957	0.69958	0.69945	0.69948	142	0	0
2026.07.23	04:04:00	0.69948	0.69952	0.69942	0.69947	173	0	0
2026.07.23	04:05:00	0.69947	0.69957	0.69945	0.69955	124	0	0
2026.07.23	04:06:00	0.69955	0.69956	0.69941	0.69944	186	0	0
2026.07.23	04:07:00	0.69944	0.69960	0.69943	0.69959	211	0	0
2026.07.23	04:08:00	0.69958	0.69966	0.69956	0.69957	192	0	0
2026.07.23	04:09:00	0.69957	0.69966	0.69956	0.69964	129	0	0
2026.07.23	04:10:00	0.69964	0.69969	0.69955	0.69957	178	0	0
2026.07.23	04:11:00	0.69957	0.69971	0.69956	0.69969	162	0	0
2026.07.23	04:12:00	0.69969	0.69976	0.69967	0.69975	150	0	0
2026.07.23	04:13:00	0.69975	0.69975	0.69966	0.69973	184	0	0
2026.07.23	04:14:00	0.69973	0.69974	0.69964	0.69967	210	0	0
2026.07.23	04:15:00	0.69967	0.69981	0.69960	0.69975	253	0	0
2026.07.23	04:16:00	0.69975	0.69976	0.69963	0.69967	181	0	0
2026.07.23	04:17:00	0.69969	0.69976	0.69963	0.69976	100	0	0
2026.07.23	04:18:00	0.69975	0.69980	0.69973	0.69977	138	0	0
2026.07.23	04:19:00	0.69977	0.69979	0.69964	0.69966	137	0	0
2026.07.23	04:20:00	0.69966	0.69969	0.69960	0.69966	146	0	0
2026.07.23	04:21:00	0.69966	0.69979	0.69966	0.69977	163	0	0
2026.07.23	04:22:00	0.69977	0.69986	0.69972	0.69981	179	0	0
2026.07.23	04:23:00	0.69981	0.69986	0.69976	0.69980	139	0	0
2026.07.23	04:24:00	0.69980	0.69982	0.69972	0.69974	136	0	0
2026.07.23	04:25:00	0.69975	0.69975	0.69967	0.69968	177	0	0
2026.07.23	04:26:00	0.69967	0.69974	0.69967	0.69974	105	0	0
2026.07.23	04:27:00	0.69974	0.69979	0.69972	0.69972	74	0	0
2026.07.23	04:28:00	0.69971	0.69973	0.69959	0.69959	58	0	0
2026.07.23	04:29:00	0.69959	0.69966	0.69957	0.69958	162	0	0
2026.07.23	04:30:00	0.69958	0.70089	0.69958	0.70037	520	0	0
2026.07.23	04:31:00	0.70037	0.70054	0.70023	0.70030	165	0	0
2026.07.23	04:32:00	0.70030	0.70060	0.70020	0.70059	234	0	0
2026.07.23	04:33:00	0.70060	0.70087	0.70052	0.70078	355	0	0
2026.07.23	04:34:00	0.70078	0.70110	0.70074	0.70109	256	0	0
2026.07.23	04:35:00	0.70109	0.70130	0.70101	0.70125	253	0	0
2026.07.23	04:36:00	0.70125	0.70148	0.70120	0.70148	313	0	0
2026.07.23	04:37:00	0.70147	0.70186	0.70138	0.70175	388	0	0
2026.07.23	04:38:00	0.70175	0.70207	0.70169	0.70196	324	0	0
2026.07.23	04:39:00	0.70196	0.70199	0.70166	0.70169	191	0	0
2026.07.23	04:40:00	0.70170	0.70207	0.70165	0.70202	239	0	0
2026.07.23	04:41:00	0.70201	0.70209	0.70194	0.70206	291	0	0
2026.07.23	04:42:00	0.70206	0.70207	0.70174	0.70185	209	0	0
2026.07.23	04:43:00	0.70185	0.70190	0.70166	0.70174	188	0	0
2026.07.23	04:44:00	0.70174	0.70177	0.70153	0.70153	189	0	0
2026.07.23	04:45:00	0.70153	0.70165	0.70148	0.70165	169	0	0
2026.07.23	04:46:00	0.70165	0.70175	0.70154	0.70160	150	0	0
2026.07.23	04:47:00	0.70160	0.70162	0.70144	0.70145	109	0	0
2026.07.23	04:48:00	0.70145	0.70150	0.70127	0.70141	124	0	0
2026.07.23	04:49:00	0.70141	0.70154	0.70140	0.70148	148	0	0
2026.07.23	04:50:00	0.70148	0.70156	0.70143	0.70154	104	0	0
2026.07.23	04:51:00	0.70154	0.70158	0.70140	0.70141	157	0	0
2026.07.23	04:52:00	0.70141	0.70142	0.70126	0.70126	140	0	0
2026.07.23	04:53:00	0.70126	0.70138	0.70125	0.70127	160	0	0
2026.07.23	04:54:00	0.70127	0.70145	0.70124	0.70145	184	0	0
2026.07.23	04:55:00	0.70146	0.70149	0.70140	0.70143	173	0	0
2026.07.23	04:56:00	0.70143	0.70145	0.70135	0.70138	182	0	0
2026.07.23	04:57:00	0.70138	0.70139	0.70118	0.70119	140	0	0
2026.07.23	04:58:00	0.70118	0.70123	0.70109	0.70121	149	0	0
2026.07.23	04:59:00	0.70121	0.70125	0.70109	0.70109	155	0	0
2026.07.23	05:00:00	0.70109	0.70119	0.70107	0.70110	208	0	0
2026.07.23	05:01:00	0.70110	0.70125	0.70110	0.70121	152	0	0
2026.07.23	05:02:00	0.70121	0.70141	0.70120	0.70136	155	0	0
2026.07.23	05:03:00	0.70136	0.70142	0.70121	0.70128	190	0	0
2026.07.23	05:04:00	0.70128	0.70138	0.70124	0.70136	151	0	0
2026.07.23	05:05:00	0.70137	0.70162	0.70128	0.70159	223	0	0
2026.07.23	05:06:00	0.70159	0.70167	0.70153	0.70159	163	0	0
2026.07.23	05:07:00	0.70159	0.70168	0.70151	0.70158	118	0	0
2026.07.23	05:08:00	0.70158	0.70162	0.70150	0.70152	72	0	0
2026.07.23	05:09:00	0.70152	0.70156	0.70142	0.70144	115	0	0
2026.07.23	05:10:00	0.70144	0.70145	0.70135	0.70135	106	0	0
2026.07.23	05:11:00	0.70135	0.70141	0.70126	0.70137	144	0	0
2026.07.23	05:12:00	0.70137	0.70141	0.70128	0.70138	95	0	0
2026.07.23	05:13:00	0.70138	0.70143	0.70137	0.70140	94	0	0
2026.07.23	05:14:00	0.70138	0.70138	0.70131	0.70133	64	0	0
2026.07.23	05:15:00	0.70133	0.70133	0.70125	0.70128	104	0	0
2026.07.23	05:16:00	0.70128	0.70136	0.70125	0.70134	59	0	0
2026.07.23	05:17:00	0.70134	0.70136	0.70129	0.70129	62	0	0
2026.07.23	05:18:00	0.70129	0.70129	0.70122	0.70125	74	0	0
2026.07.23	05:19:00	0.70125	0.70132	0.70125	0.70129	57	0	0
2026.07.23	05:20:00	0.70129	0.70131	0.70123	0.70125	66	0	0
2026.07.23	05:21:00	0.70124	0.70127	0.70112	0.70115	109	0	0
2026.07.23	05:22:00	0.70115	0.70118	0.70107	0.70109	145	0	0
2026.07.23	05:23:00	0.70109	0.70117	0.70108	0.70117	111	0	0
2026.07.23	05:24:00	0.70117	0.70125	0.70113	0.70115	169	0	0
2026.07.23	05:25:00	0.70115	0.70120	0.70104	0.70112	215	0	0
2026.07.23	05:26:00	0.70112	0.70117	0.70105	0.70107	203	0	0
2026.07.23	05:27:00	0.70107	0.70111	0.70097	0.70098	151	0	0
2026.07.23	05:28:00	0.70098	0.70112	0.70097	0.70106	166	0	0
2026.07.23	05:29:00	0.70108	0.70108	0.70100	0.70107	153	0	0
2026.07.23	05:30:00	0.70107	0.70122	0.70105	0.70116	234	0	0
2026.07.23	05:31:00	0.70116	0.70126	0.70115	0.70121	250	0	0
2026.07.23	05:32:00	0.70121	0.70126	0.70114	0.70118	163	0	0
2026.07.23	05:33:00	0.70118	0.70139	0.70117	0.70139	142	0	0
2026.07.23	05:34:00	0.70138	0.70143	0.70125	0.70127	250	0	0
2026.07.23	05:35:00	0.70127	0.70135	0.70122	0.70123	235	0	0
2026.07.23	05:36:00	0.70123	0.70137	0.70122	0.70136	219	0	0
2026.07.23	05:37:00	0.70136	0.70140	0.70129	0.70133	168	0	0
2026.07.23	05:38:00	0.70133	0.70133	0.70117	0.70124	156	0	0
2026.07.23	05:39:00	0.70124	0.70127	0.70119	0.70124	103	0	0
2026.07.23	05:40:00	0.70124	0.70130	0.70119	0.70124	170	0	0
2026.07.23	05:41:00	0.70124	0.70147	0.70124	0.70144	189	0	0
2026.07.23	05:42:00	0.70144	0.70152	0.70144	0.70146	159	0	0
2026.07.23	05:43:00	0.70146	0.70152	0.70144	0.70152	126	0	0
2026.07.23	05:44:00	0.70152	0.70162	0.70150	0.70155	141	0	0
2026.07.23	05:45:00	0.70156	0.70159	0.70150	0.70157	186	0	0
2026.07.23	05:46:00	0.70156	0.70178	0.70153	0.70169	186	0	0
2026.07.23	05:47:00	0.70169	0.70172	0.70162	0.70164	118	0	0
2026.07.23	05:48:00	0.70164	0.70169	0.70153	0.70159	183	0	0
2026.07.23	05:49:00	0.70159	0.70162	0.70144	0.70144	116	0	0
2026.07.23	05:50:00	0.70144	0.70159	0.70144	0.70155	146	0	0
2026.07.23	05:51:00	0.70155	0.70159	0.70144	0.70157	190	0	0
2026.07.23	05:52:00	0.70157	0.70164	0.70146	0.70154	162	0	0
2026.07.23	05:53:00	0.70154	0.70162	0.70154	0.70161	115	0	0
2026.07.23	05:54:00	0.70161	0.70164	0.70156	0.70157	116	0	0
2026.07.23	05:55:00	0.70159	0.70167	0.70153	0.70153	134	0	0
2026.07.23	05:56:00	0.70153	0.70156	0.70148	0.70153	136	0	0
2026.07.23	05:57:00	0.70153	0.70161	0.70148	0.70160	96	0	0
2026.07.23	05:58:00	0.70160	0.70163	0.70155	0.70157	153	0	0
2026.07.23	05:59:00	0.70157	0.70163	0.70152	0.70156	136	0	0
2026.07.23	06:00:00	0.70156	0.70164	0.70150	0.70153	153	0	0
2026.07.23	06:01:00	0.70153	0.70155	0.70144	0.70149	120	0	0
2026.07.23	06:02:00	0.70149	0.70158	0.70148	0.70155	146	0	0
2026.07.23	06:03:00	0.70155	0.70157	0.70139	0.70139	112	0	0
2026.07.23	06:04:00	0.70139	0.70142	0.70134	0.70135	108	0	0
2026.07.23	06:05:00	0.70135	0.70139	0.70125	0.70131	176	0	0
2026.07.23	06:06:00	0.70131	0.70136	0.70129	0.70130	145	0	0
2026.07.23	06:07:00	0.70130	0.70134	0.70116	0.70124	174	0	0
2026.07.23	06:08:00	0.70124	0.70127	0.70120	0.70121	76	0	0
2026.07.23	06:09:00	0.70121	0.70130	0.70119	0.70128	124	0	0
2026.07.23	06:10:00	0.70128	0.70133	0.70125	0.70128	121	0	0
2026.07.23	06:11:00	0.70128	0.70132	0.70123	0.70130	165	0	0
2026.07.23	06:12:00	0.70130	0.70132	0.70120	0.70123	180	0	0
2026.07.23	06:13:00	0.70120	0.70125	0.70114	0.70121	158	0	0
2026.07.23	06:14:00	0.70121	0.70126	0.70115	0.70118	203	0	0
2026.07.23	06:15:00	0.70118	0.70122	0.70113	0.70113	124	0	0
2026.07.23	06:16:00	0.70114	0.70136	0.70113	0.70128	152	0	0
2026.07.23	06:17:00	0.70128	0.70137	0.70127	0.70135	118	0	0
2026.07.23	06:18:00	0.70135	0.70144	0.70134	0.70138	101	0	0
2026.07.23	06:19:00	0.70138	0.70154	0.70136	0.70152	115	0	0
2026.07.23	06:20:00	0.70152	0.70155	0.70148	0.70155	112	0	0
2026.07.23	06:21:00	0.70155	0.70162	0.70153	0.70155	92	0	0
2026.07.23	06:22:00	0.70155	0.70166	0.70154	0.70162	131	0	0
2026.07.23	06:23:00	0.70162	0.70164	0.70160	0.70163	88	0	0
2026.07.23	06:24:00	0.70163	0.70167	0.70159	0.70164	111	0	0
2026.07.23	06:25:00	0.70164	0.70167	0.70156	0.70159	122	0	0
2026.07.23	06:26:00	0.70159	0.70163	0.70155	0.70159	124	0	0
2026.07.23	06:27:00	0.70159	0.70161	0.70150	0.70150	74	0	0
2026.07.23	06:28:00	0.70150	0.70160	0.70150	0.70157	123	0	0
2026.07.23	06:29:00	0.70157	0.70162	0.70155	0.70158	96	0	0
2026.07.23	06:30:00	0.70158	0.70160	0.70150	0.70160	138	0	0
2026.07.23	06:31:00	0.70160	0.70160	0.70149	0.70150	155	0	0
2026.07.23	06:32:00	0.70150	0.70154	0.70148	0.70149	141	0	0
2026.07.23	06:33:00	0.70149	0.70154	0.70148	0.70151	88	0	0
2026.07.23	06:34:00	0.70151	0.70163	0.70150	0.70158	138	0	0
2026.07.23	06:35:00	0.70158	0.70162	0.70151	0.70161	128	0	0
2026.07.23	06:36:00	0.70161	0.70165	0.70159	0.70162	118	0	0
2026.07.23	06:37:00	0.70163	0.70169	0.70162	0.70165	124	0	0
2026.07.23	06:38:00	0.70165	0.70171	0.70163	0.70170	140	0	0
2026.07.23	06:39:00	0.70170	0.70178	0.70170	0.70175	116	0	0
2026.07.23	06:40:00	0.70175	0.70178	0.70169	0.70172	149	0	0
2026.07.23	06:41:00	0.70171	0.70175	0.70169	0.70174	133	0	0
2026.07.23	06:42:00	0.70173	0.70173	0.70164	0.70167	173	0	0
2026.07.23	06:43:00	0.70167	0.70174	0.70164	0.70173	88	0	0
2026.07.23	06:44:00	0.70173	0.70180	0.70170	0.70179	143	0	0
2026.07.23	06:45:00	0.70179	0.70182	0.70174	0.70180	97	0	0
2026.07.23	06:46:00	0.70180	0.70184	0.70166	0.70167	130	0	0
2026.07.23	06:47:00	0.70167	0.70174	0.70164	0.70172	155	0	0
2026.07.23	06:48:00	0.70172	0.70176	0.70160	0.70170	166	0	0
2026.07.23	06:49:00	0.70170	0.70184	0.70168	0.70181	103	0	0
2026.07.23	06:50:00	0.70181	0.70191	0.70179	0.70183	118	0	0
2026.07.23	06:51:00	0.70183	0.70185	0.70173	0.70175	162	0	0
2026.07.23	06:52:00	0.70175	0.70179	0.70174	0.70175	134	0	0
2026.07.23	06:53:00	0.70175	0.70177	0.70173	0.70175	102	0	0
2026.07.23	06:54:00	0.70175	0.70181	0.70170	0.70174	144	0	0
2026.07.23	06:55:00	0.70174	0.70179	0.70173	0.70173	146	0	0
2026.07.23	06:56:00	0.70173	0.70184	0.70173	0.70180	120	0	0
2026.07.23	06:57:00	0.70180	0.70186	0.70177	0.70177	127	0	0
2026.07.23	06:58:00	0.70177	0.70180	0.70176	0.70178	76	0	0
2026.07.23	06:59:00	0.70178	0.70185	0.70177	0.70183	57	0	0
2026.07.23	07:00:00	0.70183	0.70188	0.70173	0.70183	100	0	0
2026.07.23	07:01:00	0.70183	0.70185	0.70176	0.70180	109	0	0
2026.07.23	07:02:00	0.70180	0.70182	0.70174	0.70175	73	0	0
2026.07.23	07:03:00	0.70175	0.70181	0.70174	0.70175	74	0	0
2026.07.23	07:04:00	0.70175	0.70182	0.70174	0.70180	61	0	0
2026.07.23	07:05:00	0.70180	0.70182	0.70175	0.70179	160	0	0
2026.07.23	07:06:00	0.70179	0.70180	0.70174	0.70179	230	0	0
2026.07.23	07:07:00	0.70179	0.70187	0.70174	0.70184	220	0	0
2026.07.23	07:08:00	0.70184	0.70202	0.70184	0.70200	205	0	0
2026.07.23	07:09:00	0.70200	0.70200	0.70188	0.70190	137	0	0
2026.07.23	07:10:00	0.70190	0.70203	0.70189	0.70199	143	0	0
2026.07.23	07:11:00	0.70199	0.70204	0.70195	0.70196	117	0	0
2026.07.23	07:12:00	0.70196	0.70206	0.70195	0.70204	106	0	0
2026.07.23	07:13:00	0.70204	0.70212	0.70203	0.70205	181	0	0
2026.07.23	07:14:00	0.70205	0.70208	0.70199	0.70202	118	0	0
2026.07.23	07:15:00	0.70202	0.70208	0.70199	0.70199	160	0	0
2026.07.23	07:16:00	0.70199	0.70209	0.70199	0.70203	100	0	0
2026.07.23	07:17:00	0.70203	0.70205	0.70181	0.70186	150	0	0
2026.07.23	07:18:00	0.70186	0.70188	0.70180	0.70184	92	0	0
2026.07.23	07:19:00	0.70184	0.70185	0.70174	0.70177	114	0	0
2026.07.23	07:20:00	0.70177	0.70182	0.70176	0.70178	97	0	0
2026.07.23	07:21:00	0.70178	0.70182	0.70177	0.70179	56	0	0
2026.07.23	07:22:00	0.70179	0.70183	0.70178	0.70182	116	0	0
2026.07.23	07:23:00	0.70183	0.70183	0.70179	0.70183	72	0	0
2026.07.23	07:24:00	0.70182	0.70183	0.70178	0.70181	68	0	0
2026.07.23	07:25:00	0.70181	0.70192	0.70180	0.70191	123	0	0
2026.07.23	07:26:00	0.70190	0.70193	0.70184	0.70190	125	0	0
2026.07.23	07:27:00	0.70190	0.70192	0.70185	0.70188	120	0	0
2026.07.23	07:28:00	0.70188	0.70192	0.70184	0.70187	104	0	0
2026.07.23	07:29:00	0.70187	0.70199	0.70186	0.70195	140	0	0
2026.07.23	07:30:00	0.70195	0.70200	0.70193	0.70194	136	0	0
2026.07.23	07:31:00	0.70194	0.70195	0.70184	0.70190	108	0	0
2026.07.23	07:32:00	0.70190	0.70196	0.70188	0.70194	138	0	0
2026.07.23	07:33:00	0.70193	0.70198	0.70193	0.70196	129	0	0
2026.07.23	07:34:00	0.70195	0.70201	0.70193	0.70196	88	0	0
2026.07.23	07:35:00	0.70197	0.70197	0.70185	0.70185	105	0	0
2026.07.23	07:36:00	0.70185	0.70190	0.70183	0.70187	77	0	0
2026.07.23	07:37:00	0.70188	0.70189	0.70185	0.70185	69	0	0
2026.07.23	07:38:00	0.70185	0.70188	0.70179	0.70180	103	0	0
2026.07.23	07:39:00	0.70180	0.70182	0.70179	0.70180	77	0	0
2026.07.23	07:40:00	0.70180	0.70184	0.70175	0.70176	93	0	0
2026.07.23	07:41:00	0.70176	0.70180	0.70167	0.70168	108	0	0
2026.07.23	07:42:00	0.70168	0.70173	0.70168	0.70169	67	0	0
2026.07.23	07:43:00	0.70169	0.70169	0.70160	0.70161	29	0	0
2026.07.23	07:44:00	0.70161	0.70170	0.70160	0.70164	137	0	0
2026.07.23	07:45:00	0.70163	0.70167	0.70158	0.70164	117	0	0
2026.07.23	07:46:00	0.70164	0.70170	0.70164	0.70167	145	0	0
2026.07.23	07:47:00	0.70167	0.70176	0.70166	0.70173	91	0	0
2026.07.23	07:48:00	0.70172	0.70173	0.70155	0.70156	117	0	0
2026.07.23	07:49:00	0.70156	0.70158	0.70150	0.70151	107	0	0
2026.07.23	07:50:00	0.70151	0.70158	0.70148	0.70148	193	0	0
2026.07.23	07:51:00	0.70148	0.70154	0.70148	0.70150	140	0	0
2026.07.23	07:52:00	0.70149	0.70152	0.70145	0.70146	111	0	0
2026.07.23	07:53:00	0.70146	0.70147	0.70144	0.70145	87	0	0
2026.07.23	07:54:00	0.70144	0.70149	0.70144	0.70145	64	0	0
2026.07.23	07:55:00	0.70145	0.70148	0.70139	0.70140	76	0	0
2026.07.23	07:56:00	0.70140	0.70140	0.70131	0.70135	84	0	0
2026.07.23	07:57:00	0.70135	0.70143	0.70133	0.70142	99	0	0
2026.07.23	07:58:00	0.70142	0.70148	0.70140	0.70145	92	0	0
2026.07.23	07:59:00	0.70145	0.70153	0.70144	0.70152	99	0	0
2026.07.23	08:00:00	0.70152	0.70154	0.70143	0.70146	161	0	0
2026.07.23	08:01:00	0.70146	0.70152	0.70140	0.70140	151	0	0
2026.07.23	08:02:00	0.70140	0.70155	0.70139	0.70146	166	0	0
2026.07.23	08:03:00	0.70147	0.70152	0.70144	0.70144	126	0	0
2026.07.23	08:04:00	0.70144	0.70152	0.70144	0.70150	86	0	0
2026.07.23	08:05:00	0.70149	0.70155	0.70148	0.70154	115	0	0
2026.07.23	08:06:00	0.70154	0.70154	0.70149	0.70149	87	0	0
2026.07.23	08:07:00	0.70150	0.70172	0.70149	0.70165	197	0	0
2026.07.23	08:08:00	0.70165	0.70168	0.70160	0.70162	134	0	0
2026.07.23	08:09:00	0.70163	0.70163	0.70158	0.70160	116	0	0
2026.07.23	08:10:00	0.70160	0.70165	0.70155	0.70158	99	0	0
2026.07.23	08:11:00	0.70158	0.70161	0.70149	0.70153	83	0	0
2026.07.23	08:12:00	0.70153	0.70154	0.70144	0.70150	96	0	0
2026.07.23	08:13:00	0.70150	0.70152	0.70148	0.70149	84	0	0
2026.07.23	08:14:00	0.70149	0.70155	0.70145	0.70146	126	0	0
2026.07.23	08:15:00	0.70145	0.70145	0.70130	0.70134	127	0	0
2026.07.23	08:16:00	0.70134	0.70136	0.70124	0.70130	100	0	0
2026.07.23	08:17:00	0.70130	0.70130	0.70120	0.70125	135	0	0
2026.07.23	08:18:00	0.70125	0.70127	0.70122	0.70124	47	0	0
2026.07.23	08:19:00	0.70125	0.70127	0.70118	0.70124	93	0	0
2026.07.23	08:20:00	0.70124	0.70136	0.70123	0.70133	125	0	0
2026.07.23	08:21:00	0.70133	0.70138	0.70131	0.70133	93	0	0
2026.07.23	08:22:00	0.70133	0.70144	0.70133	0.70134	77	0	0
2026.07.23	08:23:00	0.70134	0.70134	0.70123	0.70123	71	0	0
2026.07.23	08:24:00	0.70123	0.70131	0.70120	0.70129	148	0	0
2026.07.23	08:25:00	0.70129	0.70132	0.70128	0.70128	84	0	0
2026.07.23	08:26:00	0.70128	0.70136	0.70128	0.70134	107	0	0
2026.07.23	08:27:00	0.70134	0.70144	0.70134	0.70140	138	0	0
2026.07.23	08:28:00	0.70140	0.70144	0.70139	0.70143	87	0	0
2026.07.23	08:29:00	0.70144	0.70153	0.70143	0.70153	107	0	0
2026.07.23	08:30:00	0.70153	0.70153	0.70139	0.70142	192	0	0
2026.07.23	08:31:00	0.70142	0.70146	0.70138	0.70143	182	0	0
2026.07.23	08:32:00	0.70143	0.70143	0.70136	0.70139	124	0	0
2026.07.23	08:33:00	0.70139	0.70142	0.70136	0.70136	49	0	0
2026.07.23	08:34:00	0.70136	0.70143	0.70135	0.70138	133	0	0
2026.07.23	08:35:00	0.70139	0.70140	0.70129	0.70134	159	0	0
2026.07.23	08:36:00	0.70133	0.70138	0.70132	0.70134	116	0	0
2026.07.23	08:37:00	0.70134	0.70139	0.70129	0.70135	128	0	0
2026.07.23	08:38:00	0.70135	0.70143	0.70129	0.70133	154	0	0
2026.07.23	08:39:00	0.70133	0.70135	0.70124	0.70126	143	0	0
2026.07.23	08:40:00	0.70127	0.70136	0.70123	0.70131	171	0	0
2026.07.23	08:41:00	0.70131	0.70137	0.70130	0.70133	133	0	0
2026.07.23	08:42:00	0.70133	0.70135	0.70128	0.70132	151	0	0
2026.07.23	08:43:00	0.70132	0.70137	0.70120	0.70120	190	0	0
2026.07.23	08:44:00	0.70120	0.70133	0.70120	0.70133	142	0	0
2026.07.23	08:45:00	0.70133	0.70136	0.70127	0.70127	99	0	0
2026.07.23	08:46:00	0.70127	0.70136	0.70127	0.70132	101	0	0
2026.07.23	08:47:00	0.70131	0.70133	0.70126	0.70126	89	0	0
2026.07.23	08:48:00	0.70126	0.70129	0.70122	0.70128	140	0	0
2026.07.23	08:49:00	0.70128	0.70137	0.70125	0.70125	90	0	0
2026.07.23	08:50:00	0.70125	0.70127	0.70120	0.70121	146	0	0
2026.07.23	08:51:00	0.70121	0.70123	0.70119	0.70122	87	0	0
2026.07.23	08:52:00	0.70122	0.70131	0.70122	0.70129	163	0	0
2026.07.23	08:53:00	0.70129	0.70130	0.70125	0.70126	92	0	0
2026.07.23	08:54:00	0.70127	0.70130	0.70126	0.70126	65	0	0
2026.07.23	08:55:00	0.70126	0.70130	0.70125	0.70130	96	0	0
2026.07.23	08:56:00	0.70130	0.70137	0.70125	0.70128	120	0	0
2026.07.23	08:57:00	0.70128	0.70130	0.70120	0.70128	93	0	0
2026.07.23	08:58:00	0.70128	0.70132	0.70124	0.70129	184	0	0
2026.07.23	08:59:00	0.70129	0.70130	0.70119	0.70122	95	0	0
2026.07.23	09:00:00	0.70122	0.70140	0.70119	0.70131	248	0	0
2026.07.23	09:01:00	0.70131	0.70143	0.70131	0.70142	127	0	0
2026.07.23	09:02:00	0.70142	0.70149	0.70131	0.70133	161	0	0
2026.07.23	09:03:00	0.70133	0.70141	0.70131	0.70140	145	0	0
2026.07.23	09:04:00	0.70140	0.70145	0.70130	0.70134	171	0	0
2026.07.23	09:05:00	0.70134	0.70139	0.70130	0.70131	164	0	0
2026.07.23	09:06:00	0.70131	0.70134	0.70126	0.70130	162	0	0
2026.07.23	09:07:00	0.70130	0.70132	0.70120	0.70123	114	0	0
2026.07.23	09:08:00	0.70123	0.70135	0.70122	0.70131	165	0	0
2026.07.23	09:09:00	0.70131	0.70137	0.70122	0.70124	108	0	0
2026.07.23	09:10:00	0.70124	0.70129	0.70120	0.70124	180	0	0
2026.07.23	09:11:00	0.70124	0.70128	0.70121	0.70122	126	0	0
2026.07.23	09:12:00	0.70122	0.70127	0.70110	0.70117	144	0	0
2026.07.23	09:13:00	0.70119	0.70126	0.70114	0.70122	96	0	0
2026.07.23	09:14:00	0.70122	0.70127	0.70122	0.70127	86	0	0
2026.07.23	09:15:00	0.70127	0.70132	0.70122	0.70127	143	0	0
2026.07.23	09:16:00	0.70127	0.70128	0.70122	0.70125	91	0	0
2026.07.23	09:17:00	0.70125	0.70135	0.70119	0.70134	95	0	0
2026.07.23	09:18:00	0.70134	0.70148	0.70134	0.70146	189	0	0
2026.07.23	09:19:00	0.70145	0.70147	0.70134	0.70137	223	0	0
2026.07.23	09:20:00	0.70137	0.70138	0.70129	0.70130	138	0	0
2026.07.23	09:21:00	0.70130	0.70142	0.70129	0.70141	164	0	0
2026.07.23	09:22:00	0.70141	0.70142	0.70130	0.70132	98	0	0
2026.07.23	09:23:00	0.70132	0.70134	0.70128	0.70131	100	0	0
2026.07.23	09:24:00	0.70131	0.70133	0.70127	0.70130	135	0	0
2026.07.23	09:25:00	0.70130	0.70139	0.70129	0.70132	101	0	0
2026.07.23	09:26:00	0.70131	0.70137	0.70127	0.70134	172	0	0
2026.07.23	09:27:00	0.70134	0.70136	0.70129	0.70134	66	0	0
2026.07.23	09:28:00	0.70134	0.70134	0.70125	0.70126	144	0	0
2026.07.23	09:29:00	0.70126	0.70132	0.70124	0.70129	198	0	0
2026.07.23	09:30:00	0.70130	0.70132	0.70118	0.70130	188	0	0
2026.07.23	09:31:00	0.70130	0.70138	0.70128	0.70134	145	0	0
2026.07.23	09:32:00	0.70134	0.70135	0.70124	0.70127	90	0	0
2026.07.23	09:33:00	0.70126	0.70129	0.70124	0.70126	76	0	0
2026.07.23	09:34:00	0.70128	0.70128	0.70119	0.70122	155	0	0
2026.07.23	09:35:00	0.70122	0.70124	0.70115	0.70116	126	0	0
2026.07.23	09:36:00	0.70116	0.70118	0.70111	0.70115	89	0	0
2026.07.23	09:37:00	0.70115	0.70119	0.70113	0.70118	102	0	0
2026.07.23	09:38:00	0.70118	0.70123	0.70112	0.70122	102	0	0
2026.07.23	09:39:00	0.70122	0.70124	0.70119	0.70124	114	0	0
2026.07.23	09:40:00	0.70124	0.70125	0.70114	0.70114	124	0	0
2026.07.23	09:41:00	0.70114	0.70116	0.70105	0.70110	84	0	0
2026.07.23	09:42:00	0.70110	0.70115	0.70106	0.70110	55	0	0
2026.07.23	09:43:00	0.70110	0.70117	0.70109	0.70115	95	0	0
2026.07.23	09:44:00	0.70115	0.70121	0.70114	0.70116	43	0	0
2026.07.23	09:45:00	0.70116	0.70122	0.70114	0.70115	45	0	0
2026.07.23	09:46:00	0.70115	0.70123	0.70115	0.70120	88	0	0
2026.07.23	09:47:00	0.70120	0.70121	0.70114	0.70115	111	0	0
2026.07.23	09:48:00	0.70115	0.70124	0.70115	0.70124	74	0	0
2026.07.23	09:49:00	0.70124	0.70126	0.70120	0.70120	95	0	0
2026.07.23	09:50:00	0.70120	0.70125	0.70117	0.70118	64	0	0
2026.07.23	09:51:00	0.70118	0.70121	0.70113	0.70113	88	0	0
2026.07.23	09:52:00	0.70113	0.70113	0.70102	0.70103	105	0	0
2026.07.23	09:53:00	0.70103	0.70104	0.70089	0.70098	57	0	0
2026.07.23	09:54:00	0.70098	0.70098	0.70089	0.70090	62	0	0
2026.07.23	09:55:00	0.70090	0.70093	0.70078	0.70079	142	0	0
2026.07.23	09:56:00	0.70080	0.70082	0.70077	0.70079	64	0	0
2026.07.23	09:57:00	0.70078	0.70081	0.70075	0.70077	95	0	0
2026.07.23	09:58:00	0.70077	0.70078	0.70058	0.70059	186	0	0
2026.07.23	09:59:00	0.70059	0.70066	0.70054	0.70055	127	0	0
2026.07.23	10:00:00	0.70055	0.70059	0.70044	0.70047	246	0	0
2026.07.23	10:01:00	0.70047	0.70052	0.70029	0.70032	256	0	0
2026.07.23	10:02:00	0.70032	0.70037	0.70022	0.70034	289	0	0
2026.07.23	10:03:00	0.70034	0.70042	0.70025	0.70027	247	0	0
2026.07.23	10:04:00	0.70027	0.70031	0.70012	0.70013	232	0	0
2026.07.23	10:05:00	0.70013	0.70033	0.70013	0.70025	219	0	0
2026.07.23	10:06:00	0.70025	0.70031	0.70020	0.70029	111	0	0
2026.07.23	10:07:00	0.70029	0.70043	0.70025	0.70030	140	0	0
2026.07.23	10:08:00	0.70030	0.70039	0.70029	0.70031	133	0	0
2026.07.23	10:09:00	0.70031	0.70042	0.70031	0.70037	112	0	0
2026.07.23	10:10:00	0.70037	0.70055	0.70030	0.70052	165	0	0
2026.07.23	10:11:00	0.70054	0.70054	0.70037	0.70040	222	0	0
2026.07.23	10:12:00	0.70040	0.70054	0.70037	0.70046	339	0	0
2026.07.23	10:13:00	0.70046	0.70052	0.70040	0.70050	315	0	0
2026.07.23	10:14:00	0.70050	0.70070	0.70049	0.70067	202	0	0
2026.07.23	10:15:00	0.70067	0.70074	0.70066	0.70071	127	0	0
2026.07.23	10:16:00	0.70071	0.70083	0.70067	0.70076	160	0	0
2026.07.23	10:17:00	0.70076	0.70085	0.70075	0.70084	140	0	0
2026.07.23	10:18:00	0.70084	0.70086	0.70075	0.70078	132	0	0
2026.07.23	10:19:00	0.70078	0.70086	0.70075	0.70083	159	0	0
2026.07.23	10:20:00	0.70083	0.70084	0.70070	0.70079	146	0	0
2026.07.23	10:21:00	0.70079	0.70092	0.70076	0.70090	107	0	0
2026.07.23	10:22:00	0.70090	0.70098	0.70086	0.70089	176	0	0
2026.07.23	10:23:00	0.70089	0.70092	0.70082	0.70085	108	0	0
2026.07.23	10:24:00	0.70085	0.70085	0.70070	0.70070	106	0	0
2026.07.23	10:25:00	0.70071	0.70087	0.70071	0.70081	107	0	0
2026.07.23	10:26:00	0.70081	0.70086	0.70080	0.70081	108	0	0
2026.07.23	10:27:00	0.70081	0.70086	0.70072	0.70073	121	0	0
2026.07.23	10:28:00	0.70073	0.70073	0.70063	0.70069	103	0	0
2026.07.23	10:29:00	0.70069	0.70074	0.70064	0.70065	154	0	0
2026.07.23	10:30:00	0.70065	0.70070	0.70058	0.70059	117	0	0
2026.07.23	10:31:00	0.70059	0.70062	0.70052	0.70056	99	0	0
2026.07.23	10:32:00	0.70056	0.70063	0.70055	0.70062	130	0	0
2026.07.23	10:33:00	0.70062	0.70076	0.70061	0.70070	151	0	0
2026.07.23	10:34:00	0.70070	0.70070	0.70060	0.70061	111	0	0
2026.07.23	10:35:00	0.70061	0.70064	0.70052	0.70060	141	0	0
2026.07.23	10:36:00	0.70060	0.70067	0.70059	0.70065	68	0	0
2026.07.23	10:37:00	0.70065	0.70065	0.70056	0.70061	142	0	0
2026.07.23	10:38:00	0.70061	0.70064	0.70050	0.70055	169	0	0
2026.07.23	10:39:00	0.70055	0.70057	0.70036	0.70040	166	0	0
2026.07.23	10:40:00	0.70040	0.70047	0.70037	0.70041	175	0	0
2026.07.23	10:41:00	0.70041	0.70043	0.70028	0.70029	151	0	0
2026.07.23	10:42:00	0.70030	0.70034	0.70010	0.70010	179	0	0
2026.07.23	10:43:00	0.70010	0.70013	0.69985	0.70005	314	0	0
2026.07.23	10:44:00	0.70005	0.70005	0.69994	0.69999	234	0	0
2026.07.23	10:45:00	0.69999	0.70007	0.69990	0.70000	257	0	0
2026.07.23	10:46:00	0.70000	0.70002	0.69981	0.69986	254	0	0
2026.07.23	10:47:00	0.69986	0.69987	0.69973	0.69981	322	0	0
2026.07.23	10:48:00	0.69981	0.70003	0.69980	0.70001	191	0	0
2026.07.23	10:49:00	0.70001	0.70004	0.69990	0.70002	224	0	0
2026.07.23	10:50:00	0.70002	0.70014	0.69992	0.70012	177	0	0
2026.07.23	10:51:00	0.70011	0.70019	0.70007	0.70008	174	0	0
2026.07.23	10:52:00	0.70008	0.70014	0.70005	0.70010	100	0	0
2026.07.23	10:53:00	0.70010	0.70011	0.69987	0.69989	160	0	0
2026.07.23	10:54:00	0.69989	0.69998	0.69989	0.69993	160	0	0
2026.07.23	10:55:00	0.69993	0.70014	0.69985	0.70009	239	0	0
2026.07.23	10:56:00	0.70009	0.70024	0.70005	0.70021	230	0	0
2026.07.23	10:57:00	0.70021	0.70028	0.70017	0.70020	151	0	0
2026.07.23	10:58:00	0.70020	0.70034	0.70020	0.70032	169	0	0
2026.07.23	10:59:00	0.70031	0.70040	0.70027	0.70036	190	0	0
2026.07.23	11:00:00	0.70036	0.70041	0.70019	0.70027	238	0	0
2026.07.23	11:01:00	0.70027	0.70028	0.70007	0.70013	127	0	0
2026.07.23	11:02:00	0.70013	0.70020	0.70011	0.70014	110	0	0
2026.07.23	11:03:00	0.70014	0.70025	0.70011	0.70015	124	0	0
2026.07.23	11:04:00	0.70015	0.70016	0.70006	0.70010	125	0	0
2026.07.23	11:05:00	0.70010	0.70017	0.70008	0.70015	146	0	0
2026.07.23	11:06:00	0.70015	0.70036	0.70013	0.70028	158	0	0
2026.07.23	11:07:00	0.70028	0.70044	0.70026	0.70043	175	0	0
2026.07.23	11:08:00	0.70043	0.70049	0.70035	0.70040	166	0	0
2026.07.23	11:09:00	0.70040	0.70046	0.70032	0.70041	201	0	0
2026.07.23	11:10:00	0.70041	0.70045	0.70028	0.70028	145	0	0
2026.07.23	11:11:00	0.70028	0.70033	0.70021	0.70029	133	0	0
2026.07.23	11:12:00	0.70029	0.70034	0.70025	0.70027	172	0	0
2026.07.23	11:13:00	0.70026	0.70028	0.70006	0.70007	135	0	0
2026.07.23	11:14:00	0.70007	0.70010	0.70004	0.70006	118	0	0
2026.07.23	11:15:00	0.70006	0.70010	0.69995	0.69995	117	0	0
2026.07.23	11:16:00	0.69995	0.69995	0.69976	0.69980	158	0	0
2026.07.23	11:17:00	0.69980	0.69995	0.69979	0.69992	113	0	0
2026.07.23	11:18:00	0.69993	0.69999	0.69989	0.69996	182	0	0
2026.07.23	11:19:00	0.69996	0.70003	0.69994	0.69994	201	0	0
2026.07.23	11:20:00	0.69994	0.70007	0.69994	0.70004	168	0	0
2026.07.23	11:21:00	0.70004	0.70006	0.69995	0.69998	134	0	0
2026.07.23	11:22:00	0.69998	0.70008	0.69989	0.69991	140	0	0
2026.07.23	11:23:00	0.69990	0.69993	0.69982	0.69988	144	0	0
2026.07.23	11:24:00	0.69988	0.69995	0.69985	0.69991	112	0	0
2026.07.23	11:25:00	0.69991	0.69998	0.69990	0.69991	105	0	0
2026.07.23	11:26:00	0.69991	0.69995	0.69985	0.69992	148	0	0
2026.07.23	11:27:00	0.69992	0.69993	0.69987	0.69989	96	0	0
2026.07.23	11:28:00	0.69989	0.69998	0.69987	0.69994	104	0	0
2026.07.23	11:29:00	0.69994	0.70004	0.69992	0.70002	139	0	0
2026.07.23	11:30:00	0.70002	0.70002	0.69993	0.69996	95	0	0
2026.07.23	11:31:00	0.69996	0.69997	0.69985	0.69985	120	0	0
2026.07.23	11:32:00	0.69985	0.69987	0.69974	0.69979	155	0	0
2026.07.23	11:33:00	0.69979	0.69996	0.69974	0.69993	142	0	0
2026.07.23	11:34:00	0.69993	0.69994	0.69986	0.69990	94	0	0
2026.07.23	11:35:00	0.69990	0.69994	0.69980	0.69983	120	0	0
2026.07.23	11:36:00	0.69982	0.69988	0.69982	0.69985	135	0	0
2026.07.23	11:37:00	0.69987	0.69988	0.69980	0.69980	103	0	0
2026.07.23	11:38:00	0.69980	0.69997	0.69978	0.69996	175	0	0
2026.07.23	11:39:00	0.69996	0.70004	0.69993	0.69999	165	0	0
2026.07.23	11:40:00	0.69999	0.70000	0.69987	0.69988	140	0	0
2026.07.23	11:41:00	0.69988	0.70000	0.69987	0.69987	164	0	0
2026.07.23	11:42:00	0.69987	0.70000	0.69982	0.69996	117	0	0
2026.07.23	11:43:00	0.69996	0.70008	0.69995	0.70000	143	0	0
2026.07.23	11:44:00	0.70000	0.70005	0.69997	0.70001	120	0	0
2026.07.23	11:45:00	0.70001	0.70004	0.69994	0.70001	138	0	0
2026.07.23	11:46:00	0.70002	0.70007	0.69997	0.70000	158	0	0
2026.07.23	11:47:00	0.70000	0.70006	0.69994	0.70001	196	0	0
2026.07.23	11:48:00	0.70001	0.70009	0.70000	0.70005	145	0	0
2026.07.23	11:49:00	0.70005	0.70011	0.70002	0.70002	157	0	0
2026.07.23	11:50:00	0.70002	0.70012	0.70000	0.70011	150	0	0
2026.07.23	11:51:00	0.70011	0.70017	0.70005	0.70009	104	0	0
2026.07.23	11:52:00	0.70010	0.70012	0.69992	0.69995	112	0	0
2026.07.23	11:53:00	0.69995	0.70010	0.69994	0.70008	138	0	0
2026.07.23	11:54:00	0.70008	0.70010	0.69995	0.70001	164	0	0
2026.07.23	11:55:00	0.70001	0.70011	0.69999	0.70007	167	0	0
2026.07.23	11:56:00	0.70007	0.70016	0.70003	0.70013	208	0	0
2026.07.23	11:57:00	0.70013	0.70022	0.70009	0.70018	173	0	0
2026.07.23	11:58:00	0.70018	0.70022	0.70015	0.70016	202	0	0
2026.07.23	11:59:00	0.70015	0.70017	0.70005	0.70006	102	0	0
2026.07.23	12:00:00	0.70006	0.70010	0.70002	0.70007	117	0	0
2026.07.23	12:01:00	0.70007	0.70024	0.70007	0.70021	108	0	0
2026.07.23	12:02:00	0.70022	0.70023	0.70011	0.70022	98	0	0
2026.07.23	12:03:00	0.70022	0.70050	0.70020	0.70044	259	0	0
2026.07.23	12:04:00	0.70044	0.70055	0.70040	0.70055	168	0	0
2026.07.23	12:05:00	0.70053	0.70055	0.70043	0.70046	191	0	0
2026.07.23	12:06:00	0.70045	0.70062	0.70043	0.70054	188	0	0
2026.07.23	12:07:00	0.70054	0.70055	0.70037	0.70042	107	0	0
2026.07.23	12:08:00	0.70041	0.70043	0.70032	0.70035	135	0	0
2026.07.23	12:09:00	0.70035	0.70040	0.70031	0.70033	154	0	0
2026.07.23	12:10:00	0.70031	0.70037	0.70029	0.70033	142	0	0
2026.07.23	12:11:00	0.70034	0.70038	0.70028	0.70031	141	0	0
2026.07.23	12:12:00	0.70030	0.70031	0.70023	0.70026	136	0	0
2026.07.23	12:13:00	0.70026	0.70027	0.70012	0.70015	145	0	0
2026.07.23	12:14:00	0.70015	0.70018	0.70005	0.70005	125	0	0
2026.07.23	12:15:00	0.70005	0.70014	0.70000	0.70013	137	0	0
2026.07.23	12:16:00	0.70013	0.70014	0.70008	0.70013	145	0	0
2026.07.23	12:17:00	0.70012	0.70023	0.70012	0.70020	102	0	0
2026.07.23	12:18:00	0.70020	0.70022	0.70011	0.70013	149	0	0
2026.07.23	12:19:00	0.70014	0.70022	0.70010	0.70019	145	0	0
2026.07.23	12:20:00	0.70019	0.70021	0.70008	0.70011	152	0	0
2026.07.23	12:21:00	0.70011	0.70013	0.70004	0.70005	112	0	0
2026.07.23	12:22:00	0.70005	0.70013	0.70005	0.70008	80	0	0
2026.07.23	12:23:00	0.70008	0.70013	0.70005	0.70007	114	0	0
2026.07.23	12:24:00	0.70007	0.70013	0.70005	0.70005	103	0	0
2026.07.23	12:25:00	0.70005	0.70010	0.69995	0.69997	96	0	0
2026.07.23	12:26:00	0.69998	0.69999	0.69989	0.69991	80	0	0
2026.07.23	12:27:00	0.69991	0.69994	0.69990	0.69990	90	0	0
2026.07.23	12:28:00	0.69990	0.69998	0.69984	0.69993	162	0	0
2026.07.23	12:29:00	0.69994	0.69995	0.69983	0.69989	131	0	0
2026.07.23	12:30:00	0.69989	0.69993	0.69983	0.69987	151	0	0
2026.07.23	12:31:00	0.69987	0.69992	0.69984	0.69986	127	0	0
2026.07.23	12:32:00	0.69986	0.69987	0.69978	0.69984	70	0	0
2026.07.23	12:33:00	0.69984	0.69994	0.69979	0.69988	169	0	0
2026.07.23	12:34:00	0.69989	0.69997	0.69984	0.69994	160	0	0
2026.07.23	12:35:00	0.69994	0.70002	0.69990	0.69998	158	0	0
2026.07.23	12:36:00	0.69998	0.70003	0.69994	0.70000	100	0	0
2026.07.23	12:37:00	0.70000	0.70010	0.70000	0.70001	193	0	0
2026.07.23	12:38:00	0.70001	0.70003	0.69997	0.69999	184	0	0
2026.07.23	12:39:00	0.69999	0.70004	0.69994	0.70003	161	0	0
2026.07.23	12:40:00	0.70003	0.70005	0.69997	0.70003	169	0	0
2026.07.23	12:41:00	0.70003	0.70004	0.69996	0.69998	149	0	0
2026.07.23	12:42:00	0.69998	0.70005	0.69998	0.70004	142	0	0
2026.07.23	12:43:00	0.70004	0.70014	0.70001	0.70013	171	0	0
2026.07.23	12:44:00	0.70013	0.70019	0.70009	0.70010	165	0	0
2026.07.23	12:45:00	0.70011	0.70017	0.70011	0.70013	121	0	0
2026.07.23	12:46:00	0.70013	0.70015	0.70001	0.70001	66	0	0
2026.07.23	12:47:00	0.70001	0.70007	0.70001	0.70001	89	0	0
2026.07.23	12:48:00	0.70001	0.70012	0.70000	0.70008	70	0	0
2026.07.23	12:49:00	0.70008	0.70012	0.70006	0.70008	99	0	0
2026.07.23	12:50:00	0.70008	0.70008	0.70000	0.70002	80	0	0
2026.07.23	12:51:00	0.70002	0.70006	0.69994	0.69996	71	0	0
2026.07.23	12:52:00	0.69996	0.70001	0.69994	0.70001	64	0	0
2026.07.23	12:53:00	0.70000	0.70008	0.70000	0.70001	79	0	0
2026.07.23	12:54:00	0.70000	0.70004	0.69998	0.70002	69	0	0
2026.07.23	12:55:00	0.70002	0.70007	0.70001	0.70003	76	0	0
2026.07.23	12:56:00	0.70003	0.70003	0.69992	0.69992	82	0	0
2026.07.23	12:57:00	0.69992	0.69993	0.69986	0.69989	124	0	0
2026.07.23	12:58:00	0.69989	0.69994	0.69980	0.69981	175	0	0
2026.07.23	12:59:00	0.69981	0.69986	0.69976	0.69985	135	0	0
2026.07.23	13:00:00	0.69985	0.69989	0.69975	0.69975	193	0	0
2026.07.23	13:01:00	0.69975	0.69985	0.69974	0.69977	211	0	0
2026.07.23	13:02:00	0.69977	0.69984	0.69974	0.69984	103	0	0
2026.07.23	13:03:00	0.69985	0.69993	0.69981	0.69986	78	0	0
2026.07.23	13:04:00	0.69986	0.69991	0.69981	0.69982	122	0	0
2026.07.23	13:05:00	0.69981	0.69986	0.69978	0.69978	62	0	0
2026.07.23	13:06:00	0.69977	0.69979	0.69961	0.69962	130	0	0
2026.07.23	13:07:00	0.69962	0.69971	0.69959	0.69969	120	0	0
2026.07.23	13:08:00	0.69968	0.69970	0.69956	0.69958	158	0	0
2026.07.23	13:09:00	0.69957	0.69961	0.69955	0.69958	108	0	0
2026.07.23	13:10:00	0.69958	0.69963	0.69955	0.69961	72	0	0
2026.07.23	13:11:00	0.69961	0.69968	0.69960	0.69963	88	0	0
2026.07.23	13:12:00	0.69963	0.69973	0.69963	0.69970	51	0	0
2026.07.23	13:13:00	0.69970	0.69975	0.69963	0.69963	72	0	0
2026.07.23	13:14:00	0.69963	0.69977	0.69962	0.69976	101	0	0
2026.07.23	13:15:00	0.69976	0.69978	0.69969	0.69974	84	0	0
2026.07.23	13:16:00	0.69974	0.69977	0.69967	0.69976	87	0	0
2026.07.23	13:17:00	0.69976	0.69976	0.69970	0.69976	51	0	0
2026.07.23	13:18:00	0.69976	0.69982	0.69974	0.69976	93	0	0
2026.07.23	13:19:00	0.69976	0.69977	0.69968	0.69968	104	0	0
2026.07.23	13:20:00	0.69968	0.69974	0.69963	0.69973	101	0	0
2026.07.23	13:21:00	0.69973	0.69976	0.69965	0.69969	117	0	0
2026.07.23	13:22:00	0.69969	0.69972	0.69959	0.69966	96	0	0
2026.07.23	13:23:00	0.69966	0.69970	0.69959	0.69965	117	0	0
2026.07.23	13:24:00	0.69965	0.69975	0.69960	0.69973	125	0	0
2026.07.23	13:25:00	0.69973	0.69977	0.69970	0.69971	77	0	0
2026.07.23	13:26:00	0.69971	0.69976	0.69970	0.69973	83	0	0
2026.07.23	13:27:00	0.69973	0.69977	0.69973	0.69975	45	0	0
2026.07.23	13:28:00	0.69975	0.69981	0.69971	0.69979	80	0	0
2026.07.23	13:29:00	0.69979	0.69987	0.69978	0.69979	102	0	0
2026.07.23	13:30:00	0.69979	0.69999	0.69977	0.69992	234	0	0
2026.07.23	13:31:00	0.69992	0.69994	0.69978	0.69979	185	0	0
2026.07.23	13:32:00	0.69979	0.69985	0.69979	0.69980	161	0	0
2026.07.23	13:33:00	0.69980	0.69984	0.69975	0.69977	125	0	0
2026.07.23	13:34:00	0.69977	0.69981	0.69972	0.69976	170	0	0
2026.07.23	13:35:00	0.69976	0.69980	0.69969	0.69973	138	0	0
2026.07.23	13:36:00	0.69972	0.69978	0.69971	0.69975	125	0	0
2026.07.23	13:37:00	0.69974	0.69983	0.69970	0.69983	116	0	0
2026.07.23	13:38:00	0.69983	0.69984	0.69978	0.69979	63	0	0
2026.07.23	13:39:00	0.69979	0.69989	0.69978	0.69987	107	0	0
2026.07.23	13:40:00	0.69986	0.69987	0.69975	0.69977	99	0	0
2026.07.23	13:41:00	0.69978	0.69981	0.69974	0.69980	70	0	0
2026.07.23	13:42:00	0.69981	0.69985	0.69976	0.69980	71	0	0
2026.07.23	13:43:00	0.69980	0.69985	0.69979	0.69980	119	0	0
2026.07.23	13:44:00	0.69980	0.69984	0.69978	0.69982	130	0	0
2026.07.23	13:45:00	0.69982	0.69983	0.69960	0.69960	149	0	0
2026.07.23	13:46:00	0.69960	0.69970	0.69960	0.69964	184	0	0
2026.07.23	13:47:00	0.69964	0.69969	0.69962	0.69967	146	0	0
2026.07.23	13:48:00	0.69966	0.69973	0.69965	0.69969	107	0	0
2026.07.23	13:49:00	0.69969	0.69983	0.69966	0.69983	162	0	0
2026.07.23	13:50:00	0.69983	0.69984	0.69978	0.69978	70	0	0
2026.07.23	13:51:00	0.69978	0.69980	0.69971	0.69975	102	0	0
2026.07.23	13:52:00	0.69975	0.69988	0.69975	0.69987	147	0	0
2026.07.23	13:53:00	0.69987	0.69987	0.69978	0.69981	106	0	0
2026.07.23	13:54:00	0.69981	0.69998	0.69980	0.69997	172	0	0
2026.07.23	13:55:00	0.69997	0.70008	0.69991	0.69994	165	0	0
2026.07.23	13:56:00	0.69994	0.69998	0.69990	0.69990	102	0	0
2026.07.23	13:57:00	0.69990	0.69992	0.69980	0.69981	136	0	0
2026.07.23	13:58:00	0.69981	0.69984	0.69978	0.69979	108	0	0
2026.07.23	13:59:00	0.69979	0.69981	0.69975	0.69976	109	0	0
2026.07.23	14:00:00	0.69976	0.69978	0.69969	0.69971	116	0	0
2026.07.23	14:01:00	0.69971	0.69972	0.69959	0.69960	148	0	0
2026.07.23	14:02:00	0.69960	0.69967	0.69959	0.69966	182	0	0
2026.07.23	14:03:00	0.69965	0.69969	0.69962	0.69963	117	0	0
2026.07.23	14:04:00	0.69963	0.69966	0.69959	0.69965	188	0	0
2026.07.23	14:05:00	0.69965	0.69974	0.69961	0.69971	167	0	0
2026.07.23	14:06:00	0.69971	0.69973	0.69963	0.69965	146	0	0
2026.07.23	14:07:00	0.69965	0.69979	0.69963	0.69977	135	0	0
2026.07.23	14:08:00	0.69978	0.69986	0.69973	0.69980	91	0	0
2026.07.23	14:09:00	0.69980	0.69982	0.69970	0.69971	62	0	0
2026.07.23	14:10:00	0.69971	0.69975	0.69969	0.69973	98	0	0
2026.07.23	14:11:00	0.69973	0.69979	0.69970	0.69977	79	0	0
2026.07.23	14:12:00	0.69977	0.69983	0.69975	0.69978	156	0	0
2026.07.23	14:13:00	0.69978	0.69981	0.69970	0.69971	112	0	0
2026.07.23	14:14:00	0.69971	0.69983	0.69971	0.69978	140	0	0
2026.07.23	14:15:00	0.69978	0.69983	0.69969	0.69971	156	0	0
2026.07.23	14:16:00	0.69971	0.69973	0.69963	0.69963	153	0	0
2026.07.23	14:17:00	0.69963	0.69966	0.69958	0.69961	100	0	0
2026.07.23	14:18:00	0.69962	0.69965	0.69957	0.69963	156	0	0
2026.07.23	14:19:00	0.69963	0.69972	0.69962	0.69970	140	0	0
2026.07.23	14:20:00	0.69969	0.69972	0.69962	0.69966	157	0	0
2026.07.23	14:21:00	0.69966	0.69973	0.69966	0.69969	159	0	0
2026.07.23	14:22:00	0.69969	0.69969	0.69954	0.69956	104	0	0
2026.07.23	14:23:00	0.69958	0.69962	0.69950	0.69951	154	0	0
2026.07.23	14:24:00	0.69951	0.69960	0.69951	0.69957	127	0	0
2026.07.23	14:25:00	0.69957	0.69964	0.69956	0.69961	142	0	0
2026.07.23	14:26:00	0.69961	0.69968	0.69959	0.69962	197	0	0
2026.07.23	14:27:00	0.69962	0.69965	0.69950	0.69953	118	0	0
2026.07.23	14:28:00	0.69953	0.69957	0.69945	0.69949	218	0	0
2026.07.23	14:29:00	0.69949	0.69959	0.69944	0.69956	178	0	0
2026.07.23	14:30:00	0.69957	0.69962	0.69949	0.69949	263	0	0
2026.07.23	14:31:00	0.69948	0.69957	0.69944	0.69947	210	0	0
2026.07.23	14:32:00	0.69947	0.69950	0.69924	0.69927	222	0	0
2026.07.23	14:33:00	0.69927	0.69936	0.69916	0.69917	151	0	0
2026.07.23	14:34:00	0.69917	0.69926	0.69916	0.69922	167	0	0
2026.07.23	14:35:00	0.69922	0.69922	0.69887	0.69895	302	0	0
2026.07.23	14:36:00	0.69895	0.69907	0.69889	0.69899	302	0	0
2026.07.23	14:37:00	0.69899	0.69902	0.69893	0.69894	203	0	0
2026.07.23	14:38:00	0.69894	0.69902	0.69889	0.69892	208	0	0
2026.07.23	14:39:00	0.69892	0.69902	0.69888	0.69890	230	0	0
2026.07.23	14:40:00	0.69890	0.69892	0.69869	0.69871	272	0	0
2026.07.23	14:41:00	0.69871	0.69871	0.69841	0.69852	307	0	0
2026.07.23	14:42:00	0.69852	0.69881	0.69851	0.69865	337	0	0
2026.07.23	14:43:00	0.69865	0.69867	0.69854	0.69858	178	0	0
2026.07.23	14:44:00	0.69858	0.69872	0.69858	0.69869	237	0	0
2026.07.23	14:45:00	0.69869	0.69900	0.69869	0.69894	284	0	0
2026.07.23	14:46:00	0.69894	0.69897	0.69879	0.69882	167	0	0
2026.07.23	14:47:00	0.69882	0.69896	0.69882	0.69895	101	0	0
2026.07.23	14:48:00	0.69895	0.69911	0.69894	0.69908	164	0	0
2026.07.23	14:49:00	0.69908	0.69914	0.69901	0.69910	139	0	0
2026.07.23	14:50:00	0.69910	0.69922	0.69909	0.69911	194	0	0
2026.07.23	14:51:00	0.69911	0.69920	0.69911	0.69917	193	0	0
2026.07.23	14:52:00	0.69917	0.69946	0.69915	0.69928	225	0	0
2026.07.23	14:53:00	0.69928	0.69934	0.69921	0.69923	212	0	0
2026.07.23	14:54:00	0.69923	0.69941	0.69923	0.69925	188	0	0
2026.07.23	14:55:00	0.69924	0.69927	0.69919	0.69921	174	0	0
2026.07.23	14:56:00	0.69921	0.69922	0.69916	0.69919	124	0	0
2026.07.23	14:57:00	0.69919	0.69928	0.69915	0.69919	161	0	0
2026.07.23	14:58:00	0.69919	0.69931	0.69919	0.69927	140	0	0
2026.07.23	14:59:00	0.69927	0.69935	0.69925	0.69930	172	0	0
2026.07.23	15:00:00	0.69930	0.69934	0.69915	0.69916	188	0	0
2026.07.23	15:01:00	0.69916	0.69923	0.69907	0.69911	174	0	0
2026.07.23	15:02:00	0.69912	0.69919	0.69907	0.69909	197	0	0
2026.07.23	15:03:00	0.69909	0.69912	0.69904	0.69909	156	0	0
2026.07.23	15:04:00	0.69909	0.69919	0.69908	0.69919	226	0	0
2026.07.23	15:05:00	0.69919	0.69925	0.69911	0.69911	146	0	0
2026.07.23	15:06:00	0.69911	0.69920	0.69906	0.69914	142	0	0
2026.07.23	15:07:00	0.69914	0.69922	0.69913	0.69920	126	0	0
2026.07.23	15:08:00	0.69920	0.69928	0.69916	0.69924	127	0	0
2026.07.23	15:09:00	0.69924	0.69938	0.69924	0.69930	101	0	0
2026.07.23	15:10:00	0.69929	0.69940	0.69929	0.69937	137	0	0
2026.07.23	15:11:00	0.69937	0.69938	0.69929	0.69931	172	0	0
2026.07.23	15:12:00	0.69931	0.69933	0.69925	0.69925	46	0	0
2026.07.23	15:13:00	0.69925	0.69925	0.69913	0.69920	142	0	0
2026.07.23	15:14:00	0.69920	0.69920	0.69910	0.69914	165	0	0
2026.07.23	15:15:00	0.69914	0.69920	0.69899	0.69900	202	0	0
2026.07.23	15:16:00	0.69900	0.69907	0.69869	0.69885	226	0	0
2026.07.23	15:17:00	0.69885	0.69897	0.69883	0.69883	225	0	0
2026.07.23	15:18:00	0.69883	0.69896	0.69882	0.69893	199	0	0
2026.07.23	15:19:00	0.69893	0.69894	0.69878	0.69886	185	0	0
2026.07.23	15:20:00	0.69886	0.69886	0.69862	0.69864	200	0	0
2026.07.23	15:21:00	0.69864	0.69865	0.69849	0.69851	205	0	0
2026.07.23	15:22:00	0.69851	0.69854	0.69835	0.69837	184	0	0
2026.07.23	15:23:00	0.69837	0.69843	0.69827	0.69838	191	0	0
2026.07.23	15:24:00	0.69837	0.69838	0.69816	0.69828	191	0	0
2026.07.23	15:25:00	0.69828	0.69837	0.69823	0.69837	211	0	0
2026.07.23	15:26:00	0.69837	0.69838	0.69824	0.69829	158	0	0
2026.07.23	15:27:00	0.69829	0.69842	0.69828	0.69835	121	0	0
2026.07.23	15:28:00	0.69835	0.69840	0.69831	0.69839	152	0	0
2026.07.23	15:29:00	0.69839	0.69843	0.69836	0.69840	102	0	0
2026.07.23	15:30:00	0.69840	0.69840	0.69792	0.69826	157	0	0
2026.07.23	15:31:00	0.69826	0.69833	0.69821	0.69827	108	0	0
2026.07.23	15:32:00	0.69827	0.69831	0.69822	0.69822	55	0	0
2026.07.23	15:33:00	0.69822	0.69836	0.69818	0.69832	135	0	0
2026.07.23	15:34:00	0.69832	0.69834	0.69820	0.69829	155	0	0
2026.07.23	15:35:00	0.69829	0.69832	0.69818	0.69821	145	0	0
2026.07.23	15:36:00	0.69821	0.69821	0.69781	0.69783	237	0	0
2026.07.23	15:37:00	0.69783	0.69786	0.69772	0.69779	260	0	0
2026.07.23	15:38:00	0.69779	0.69787	0.69775	0.69781	283	0	0
2026.07.23	15:39:00	0.69781	0.69790	0.69775	0.69788	257	0	0
2026.07.23	15:40:00	0.69787	0.69788	0.69774	0.69777	250	0	0
2026.07.23	15:41:00	0.69777	0.69782	0.69771	0.69775	289	0	0
2026.07.23	15:42:00	0.69775	0.69776	0.69747	0.69749	252	0	0
2026.07.23	15:43:00	0.69748	0.69767	0.69747	0.69763	282	0	0
2026.07.23	15:44:00	0.69763	0.69778	0.69759	0.69762	226	0	0
2026.07.23	15:45:00	0.69762	0.69766	0.69757	0.69762	288	0	0
2026.07.23	15:46:00	0.69762	0.69785	0.69759	0.69783	280	0	0
2026.07.23	15:47:00	0.69783	0.69783	0.69764	0.69764	244	0	0
2026.07.23	15:48:00	0.69764	0.69769	0.69753	0.69762	278	0	0
2026.07.23	15:49:00	0.69762	0.69784	0.69759	0.69780	256	0	0
2026.07.23	15:50:00	0.69780	0.69784	0.69764	0.69768	249	0	0
2026.07.23	15:51:00	0.69768	0.69779	0.69766	0.69773	243	0	0
2026.07.23	15:52:00	0.69773	0.69781	0.69763	0.69773	168	0	0
2026.07.23	15:53:00	0.69773	0.69786	0.69773	0.69781	158	0	0
2026.07.23	15:54:00	0.69781	0.69787	0.69771	0.69786	185	0	0
2026.07.23	15:55:00	0.69786	0.69791	0.69781	0.69790	176	0	0
2026.07.23	15:56:00	0.69790	0.69796	0.69785	0.69794	147	0	0
2026.07.23	15:57:00	0.69794	0.69797	0.69786	0.69795	212	0	0
2026.07.23	15:58:00	0.69795	0.69798	0.69783	0.69787	158	0	0
2026.07.23	15:59:00	0.69787	0.69791	0.69780	0.69789	181	0	0
2026.07.23	16:00:00	0.69789	0.69795	0.69782	0.69790	252	0	0
2026.07.23	16:01:00	0.69790	0.69791	0.69777	0.69784	170	0	0
2026.07.23	16:02:00	0.69784	0.69785	0.69766	0.69769	181	0	0
2026.07.23	16:03:00	0.69769	0.69774	0.69762	0.69768	155	0	0
2026.07.23	16:04:00	0.69768	0.69773	0.69755	0.69763	173	0	0
2026.07.23	16:05:00	0.69763	0.69775	0.69723	0.69725	285	0	0
2026.07.23	16:06:00	0.69725	0.69730	0.69699	0.69704	357	0	0
2026.07.23	16:07:00	0.69704	0.69706	0.69689	0.69697	332	0	0
2026.07.23	16:08:00	0.69697	0.69712	0.69688	0.69705	361	0	0
2026.07.23	16:09:00	0.69705	0.69709	0.69683	0.69690	369	0	0
2026.07.23	16:10:00	0.69690	0.69705	0.69689	0.69689	314	0	0
2026.07.23	16:11:00	0.69690	0.69700	0.69683	0.69694	307	0	0
2026.07.23	16:12:00	0.69694	0.69696	0.69680	0.69685	307	0	0
2026.07.23	16:13:00	0.69685	0.69693	0.69673	0.69688	278	0	0
2026.07.23	16:14:00	0.69688	0.69691	0.69675	0.69690	246	0	0
2026.07.23	16:15:00	0.69690	0.69700	0.69685	0.69686	263	0	0
2026.07.23	16:16:00	0.69687	0.69705	0.69687	0.69705	367	0	0
2026.07.23	16:17:00	0.69704	0.69716	0.69696	0.69716	267	0	0
2026.07.23	16:18:00	0.69716	0.69716	0.69701	0.69710	172	0	0
2026.07.23	16:19:00	0.69710	0.69720	0.69708	0.69708	189	0	0
2026.07.23	16:20:00	0.69708	0.69718	0.69705	0.69714	181	0	0
2026.07.23	16:21:00	0.69713	0.69729	0.69713	0.69724	247	0	0
2026.07.23	16:22:00	0.69725	0.69731	0.69719	0.69719	202	0	0
2026.07.23	16:23:00	0.69720	0.69721	0.69708	0.69718	166	0	0
2026.07.23	16:24:00	0.69719	0.69721	0.69699	0.69708	229	0	0
2026.07.23	16:25:00	0.69708	0.69717	0.69704	0.69707	176	0	0
2026.07.23	16:26:00	0.69707	0.69711	0.69699	0.69709	217	0	0
2026.07.23	16:27:00	0.69709	0.69730	0.69706	0.69719	216	0	0
2026.07.23	16:28:00	0.69719	0.69726	0.69717	0.69726	178	0	0
2026.07.23	16:29:00	0.69726	0.69729	0.69722	0.69728	216	0	0
2026.07.23	16:30:00	0.69727	0.69746	0.69724	0.69729	369	0	0
2026.07.23	16:31:00	0.69729	0.69753	0.69727	0.69752	348	0	0
2026.07.23	16:32:00	0.69752	0.69775	0.69748	0.69770	290	0	0
2026.07.23	16:33:00	0.69770	0.69781	0.69764	0.69776	283	0	0
2026.07.23	16:34:00	0.69776	0.69783	0.69768	0.69781	251	0	0
2026.07.23	16:35:00	0.69781	0.69791	0.69776	0.69783	274	0	0
2026.07.23	16:36:00	0.69783	0.69803	0.69776	0.69802	275	0	0
2026.07.23	16:37:00	0.69802	0.69820	0.69800	0.69812	250	0	0
2026.07.23	16:38:00	0.69812	0.69824	0.69799	0.69804	255	0	0
2026.07.23	16:39:00	0.69804	0.69804	0.69777	0.69787	251	0	0
2026.07.23	16:40:00	0.69787	0.69789	0.69776	0.69776	230	0	0
2026.07.23	16:41:00	0.69776	0.69804	0.69774	0.69802	284	0	0
2026.07.23	16:42:00	0.69802	0.69815	0.69796	0.69812	243	0	0
2026.07.23	16:43:00	0.69812	0.69824	0.69807	0.69807	284	0	0
2026.07.23	16:44:00	0.69807	0.69817	0.69788	0.69788	311	0	0
2026.07.23	16:45:00	0.69788	0.69791	0.69765	0.69776	318	0	0
2026.07.23	16:46:00	0.69776	0.69786	0.69772	0.69776	356	0	0
2026.07.23	16:47:00	0.69776	0.69778	0.69762	0.69767	373	0	0
2026.07.23	16:48:00	0.69767	0.69770	0.69753	0.69763	310	0	0
2026.07.23	16:49:00	0.69762	0.69774	0.69757	0.69773	326	0	0
2026.07.23	16:50:00	0.69773	0.69776	0.69764	0.69768	357	0	0
2026.07.23	16:51:00	0.69767	0.69767	0.69755	0.69758	375	0	0
2026.07.23	16:52:00	0.69757	0.69761	0.69742	0.69752	300	0	0
2026.07.23	16:53:00	0.69752	0.69770	0.69749	0.69770	265	0	0
2026.07.23	16:54:00	0.69770	0.69770	0.69758	0.69766	319	0	0
2026.07.23	16:55:00	0.69766	0.69785	0.69755	0.69756	343	0	0
2026.07.23	16:56:00	0.69756	0.69765	0.69745	0.69747	404	0	0
2026.07.23	16:57:00	0.69747	0.69756	0.69735	0.69748	301	0	0
2026.07.23	16:58:00	0.69748	0.69750	0.69738	0.69744	210	0	0
2026.07.23	16:59:00	0.69744	0.69750	0.69722	0.69727	186	0	0
2026.07.23	17:00:00	0.69727	0.69757	0.69727	0.69741	322	0	0
2026.07.23	17:01:00	0.69740	0.69742	0.69717	0.69719	374	0	0
2026.07.23	17:02:00	0.69719	0.69731	0.69702	0.69704	471	0	0
2026.07.23	17:03:00	0.69707	0.69716	0.69703	0.69708	410	0	0
2026.07.23	17:04:00	0.69708	0.69729	0.69704	0.69713	396	0	0
2026.07.23	17:05:00	0.69713	0.69727	0.69706	0.69724	359	0	0
2026.07.23	17:06:00	0.69724	0.69734	0.69717	0.69728	344	0	0
2026.07.23	17:07:00	0.69728	0.69735	0.69719	0.69726	412	0	0
2026.07.23	17:08:00	0.69727	0.69729	0.69695	0.69698	453	0	0
2026.07.23	17:09:00	0.69698	0.69711	0.69685	0.69710	472	0	0
2026.07.23	17:10:00	0.69710	0.69727	0.69709	0.69714	355	0	0
2026.07.23	17:11:00	0.69714	0.69727	0.69705	0.69725	449	0	0
2026.07.23	17:12:00	0.69725	0.69742	0.69718	0.69739	393	0	0
2026.07.23	17:13:00	0.69739	0.69754	0.69736	0.69749	391	0	0
2026.07.23	17:14:00	0.69749	0.69758	0.69733	0.69739	339	0	0
2026.07.23	17:15:00	0.69739	0.69751	0.69734	0.69741	328	0	0
2026.07.23	17:16:00	0.69741	0.69756	0.69741	0.69752	290	0	0
2026.07.23	17:17:00	0.69752	0.69763	0.69741	0.69750	368	0	0
2026.07.23	17:18:00	0.69750	0.69752	0.69727	0.69729	285	0	0
2026.07.23	17:19:00	0.69729	0.69731	0.69718	0.69724	161	0	0
2026.07.23	17:20:00	0.69724	0.69724	0.69707	0.69715	140	0	0
2026.07.23	17:21:00	0.69715	0.69743	0.69712	0.69738	212	0	0
2026.07.23	17:22:00	0.69738	0.69742	0.69725	0.69740	181	0	0
2026.07.23	17:23:00	0.69740	0.69754	0.69728	0.69730	216	0	0
2026.07.23	17:24:00	0.69730	0.69754	0.69729	0.69754	278	0	0
2026.07.23	17:25:00	0.69754	0.69764	0.69747	0.69763	299	0	0
2026.07.23	17:26:00	0.69763	0.69765	0.69749	0.69763	235	0	0
2026.07.23	17:27:00	0.69764	0.69767	0.69757	0.69758	211	0	0
2026.07.23	17:28:00	0.69758	0.69766	0.69752	0.69752	261	0	0
2026.07.23	17:29:00	0.69752	0.69759	0.69747	0.69757	248	0	0
2026.07.23	17:30:00	0.69757	0.69772	0.69756	0.69765	272	0	0
2026.07.23	17:31:00	0.69765	0.69780	0.69752	0.69754	214	0	0
2026.07.23	17:32:00	0.69754	0.69755	0.69737	0.69740	197	0	0
2026.07.23	17:33:00	0.69740	0.69756	0.69740	0.69750	213	0	0
2026.07.23	17:34:00	0.69750	0.69754	0.69741	0.69751	240	0	0
2026.07.23	17:35:00	0.69751	0.69754	0.69734	0.69745	277	0	0
2026.07.23	17:36:00	0.69745	0.69756	0.69741	0.69752	278	0	0
2026.07.23	17:37:00	0.69752	0.69785	0.69752	0.69782	303	0	0
2026.07.23	17:38:00	0.69784	0.69784	0.69768	0.69777	252	0	0
2026.07.23	17:39:00	0.69777	0.69790	0.69771	0.69779	290	0	0
2026.07.23	17:40:00	0.69778	0.69785	0.69773	0.69775	300	0	0
2026.07.23	17:41:00	0.69775	0.69779	0.69760	0.69763	307	0	0
2026.07.23	17:42:00	0.69763	0.69764	0.69744	0.69748	234	0	0
2026.07.23	17:43:00	0.69748	0.69753	0.69737	0.69737	267	0	0
2026.07.23	17:44:00	0.69738	0.69744	0.69730	0.69732	319	0	0
2026.07.23	17:45:00	0.69732	0.69739	0.69725	0.69732	298	0	0
2026.07.23	17:46:00	0.69732	0.69744	0.69728	0.69738	262	0	0
2026.07.23	17:47:00	0.69738	0.69745	0.69735	0.69738	264	0	0
2026.07.23	17:48:00	0.69738	0.69740	0.69719	0.69720	217	0	0
2026.07.23	17:49:00	0.69720	0.69727	0.69703	0.69712	283	0	0
2026.07.23	17:50:00	0.69712	0.69724	0.69710	0.69712	255	0	0
2026.07.23	17:51:00	0.69712	0.69716	0.69693	0.69693	287	0	0
2026.07.23	17:52:00	0.69693	0.69718	0.69691	0.69714	309	0	0
2026.07.23	17:53:00	0.69714	0.69716	0.69704	0.69704	290	0	0
2026.07.23	17:54:00	0.69704	0.69714	0.69701	0.69701	226	0	0
2026.07.23	17:55:00	0.69702	0.69709	0.69700	0.69707	214	0	0
2026.07.23	17:56:00	0.69707	0.69712	0.69700	0.69703	293	0	0
2026.07.23	17:57:00	0.69703	0.69722	0.69703	0.69718	253	0	0
2026.07.23	17:58:00	0.69718	0.69732	0.69718	0.69725	209	0	0
2026.07.23	17:59:00	0.69725	0.69735	0.69719	0.69733	179	0	0
2026.07.23	18:00:00	0.69733	0.69736	0.69723	0.69729	277	0	0
2026.07.23	18:01:00	0.69729	0.69735	0.69725	0.69730	232	0	0
2026.07.23	18:02:00	0.69730	0.69753	0.69728	0.69728	252	0	0
2026.07.23	18:03:00	0.69729	0.69755	0.69727	0.69742	288	0	0
2026.07.23	18:04:00	0.69742	0.69755	0.69739	0.69755	216	0	0
2026.07.23	18:05:00	0.69755	0.69762	0.69747	0.69748	252	0	0
2026.07.23	18:06:00	0.69747	0.69750	0.69737	0.69739	244	0	0
2026.07.23	18:07:00	0.69739	0.69752	0.69736	0.69750	257	0	0
2026.07.23	18:08:00	0.69749	0.69750	0.69737	0.69741	280	0	0
2026.07.23	18:09:00	0.69741	0.69743	0.69727	0.69730	272	0	0
2026.07.23	18:10:00	0.69731	0.69731	0.69724	0.69725	229	0	0
2026.07.23	18:11:00	0.69725	0.69729	0.69711	0.69717	268	0	0
2026.07.23	18:12:00	0.69717	0.69723	0.69708	0.69720	210	0	0
2026.07.23	18:13:00	0.69719	0.69730	0.69719	0.69727	243	0	0
2026.07.23	18:14:00	0.69726	0.69735	0.69719	0.69729	276	0	0
2026.07.23	18:15:00	0.69729	0.69749	0.69728	0.69744	277	0	0
2026.07.23	18:16:00	0.69744	0.69751	0.69739	0.69743	264	0	0
2026.07.23	18:17:00	0.69743	0.69755	0.69742	0.69752	275	0	0
2026.07.23	18:18:00	0.69752	0.69759	0.69740	0.69742	231	0	0
2026.07.23	18:19:00	0.69742	0.69744	0.69735	0.69738	267	0	0
2026.07.23	18:20:00	0.69739	0.69744	0.69737	0.69738	226	0	0
2026.07.23	18:21:00	0.69738	0.69744	0.69712	0.69714	228	0	0
2026.07.23	18:22:00	0.69714	0.69732	0.69686	0.69697	348	0	0
2026.07.23	18:23:00	0.69697	0.69719	0.69694	0.69711	354	0	0
2026.07.23	18:24:00	0.69711	0.69720	0.69709	0.69709	301	0	0
2026.07.23	18:25:00	0.69709	0.69714	0.69704	0.69709	264	0	0
2026.07.23	18:26:00	0.69709	0.69709	0.69698	0.69704	232	0	0
2026.07.23	18:27:00	0.69704	0.69710	0.69700	0.69705	256	0	0
2026.07.23	18:28:00	0.69705	0.69713	0.69699	0.69708	203	0	0
2026.07.23	18:29:00	0.69708	0.69709	0.69684	0.69685	218	0	0
2026.07.23	18:30:00	0.69685	0.69685	0.69667	0.69667	295	0	0
2026.07.23	18:31:00	0.69667	0.69672	0.69655	0.69663	239	0	0
2026.07.23	18:32:00	0.69663	0.69668	0.69647	0.69656	261	0	0
2026.07.23	18:33:00	0.69656	0.69661	0.69646	0.69657	288	0	0
2026.07.23	18:34:00	0.69657	0.69658	0.69645	0.69658	324	0	0
2026.07.23	18:35:00	0.69658	0.69665	0.69652	0.69653	215	0	0
2026.07.23	18:36:00	0.69653	0.69666	0.69652	0.69665	230	0	0
2026.07.23	18:37:00	0.69665	0.69700	0.69665	0.69689	373	0	0
2026.07.23	18:38:00	0.69687	0.69718	0.69686	0.69714	295	0	0
2026.07.23	18:39:00	0.69714	0.69725	0.69707	0.69718	250	0	0
2026.07.23	18:40:00	0.69718	0.69739	0.69716	0.69729	281	0	0
2026.07.23	18:41:00	0.69729	0.69749	0.69728	0.69739	289	0	0
2026.07.23	18:42:00	0.69738	0.69746	0.69735	0.69738	186	0	0
2026.07.23	18:43:00	0.69738	0.69743	0.69731	0.69733	155	0	0
2026.07.23	18:44:00	0.69733	0.69734	0.69720	0.69724	156	0	0
2026.07.23	18:45:00	0.69724	0.69735	0.69717	0.69728	169	0	0
2026.07.23	18:46:00	0.69728	0.69733	0.69714	0.69718	183	0	0
2026.07.23	18:47:00	0.69718	0.69723	0.69713	0.69715	161	0	0
2026.07.23	18:48:00	0.69715	0.69727	0.69715	0.69724	129	0	0
2026.07.23	18:49:00	0.69724	0.69729	0.69719	0.69727	138	0	0
2026.07.23	18:50:00	0.69727	0.69727	0.69721	0.69724	119	0	0
2026.07.23	18:51:00	0.69724	0.69727	0.69718	0.69724	123	0	0
2026.07.23	18:52:00	0.69724	0.69738	0.69724	0.69735	171	0	0
2026.07.23	18:53:00	0.69735	0.69740	0.69735	0.69738	197	0	0
2026.07.23	18:54:00	0.69739	0.69757	0.69738	0.69754	198	0	0
2026.07.23	18:55:00	0.69754	0.69762	0.69753	0.69759	181	0	0
2026.07.23	18:56:00	0.69759	0.69763	0.69737	0.69740	191	0	0
2026.07.23	18:57:00	0.69740	0.69740	0.69729	0.69734	165	0	0
2026.07.23	18:58:00	0.69734	0.69739	0.69729	0.69736	123	0	0
2026.07.23	18:59:00	0.69737	0.69745	0.69732	0.69745	152	0	0
2026.07.23	19:00:00	0.69744	0.69748	0.69735	0.69741	202	0	0
2026.07.23	19:01:00	0.69741	0.69748	0.69732	0.69747	124	0	0
2026.07.23	19:02:00	0.69747	0.69769	0.69747	0.69769	138	0	0
2026.07.23	19:03:00	0.69769	0.69771	0.69764	0.69768	91	0	0
2026.07.23	19:04:00	0.69768	0.69770	0.69759	0.69759	96	0	0
2026.07.23	19:05:00	0.69760	0.69766	0.69748	0.69753	182	0	0
2026.07.23	19:06:00	0.69754	0.69768	0.69751	0.69758	152	0	0
2026.07.23	19:07:00	0.69758	0.69758	0.69753	0.69754	70	0	0
2026.07.23	19:08:00	0.69754	0.69759	0.69754	0.69755	68	0	0
2026.07.23	19:09:00	0.69755	0.69758	0.69751	0.69753	90	0	0
2026.07.23	19:10:00	0.69754	0.69756	0.69750	0.69755	90	0	0
2026.07.23	19:11:00	0.69755	0.69773	0.69754	0.69772	196	0	0
2026.07.23	19:12:00	0.69772	0.69776	0.69763	0.69772	148	0	0
2026.07.23	19:13:00	0.69772	0.69782	0.69770	0.69773	174	0	0
2026.07.23	19:14:00	0.69773	0.69783	0.69772	0.69778	187	0	0
2026.07.23	19:15:00	0.69778	0.69787	0.69770	0.69779	235	0	0
2026.07.23	19:16:00	0.69779	0.69782	0.69764	0.69764	170	0	0
2026.07.23	19:17:00	0.69764	0.69780	0.69764	0.69778	172	0	0
2026.07.23	19:18:00	0.69777	0.69780	0.69763	0.69764	154	0	0
2026.07.23	19:19:00	0.69764	0.69766	0.69744	0.69752	148	0	0
2026.07.23	19:20:00	0.69752	0.69770	0.69752	0.69767	200	0	0
2026.07.23	19:21:00	0.69767	0.69768	0.69758	0.69758	141	0	0
2026.07.23	19:22:00	0.69758	0.69761	0.69755	0.69760	112	0	0
2026.07.23	19:23:00	0.69760	0.69773	0.69759	0.69769	175	0	0
2026.07.23	19:24:00	0.69769	0.69773	0.69764	0.69764	107	0	0
2026.07.23	19:25:00	0.69764	0.69770	0.69763	0.69770	165	0	0
2026.07.23	19:26:00	0.69770	0.69772	0.69759	0.69761	128	0	0
2026.07.23	19:27:00	0.69761	0.69770	0.69757	0.69763	97	0	0
2026.07.23	19:28:00	0.69763	0.69768	0.69757	0.69762	123	0	0
2026.07.23	19:29:00	0.69762	0.69773	0.69762	0.69772	155	0	0
2026.07.23	19:30:00	0.69773	0.69775	0.69767	0.69773	162	0	0
2026.07.23	19:31:00	0.69773	0.69780	0.69769	0.69769	124	0	0
2026.07.23	19:32:00	0.69769	0.69773	0.69762	0.69771	113	0	0
2026.07.23	19:33:00	0.69771	0.69771	0.69762	0.69763	90	0	0
2026.07.23	19:34:00	0.69763	0.69770	0.69762	0.69763	79	0	0
2026.07.23	19:35:00	0.69763	0.69772	0.69760	0.69768	123	0	0
2026.07.23	19:36:00	0.69768	0.69768	0.69757	0.69759	104	0	0
2026.07.23	19:37:00	0.69758	0.69759	0.69748	0.69757	120	0	0
2026.07.23	19:38:00	0.69755	0.69764	0.69754	0.69763	217	0	0
2026.07.23	19:39:00	0.69763	0.69766	0.69760	0.69763	259	0	0
2026.07.23	19:40:00	0.69763	0.69767	0.69759	0.69762	165	0	0
2026.07.23	19:41:00	0.69759	0.69762	0.69755	0.69758	132	0	0
2026.07.23	19:42:00	0.69758	0.69770	0.69757	0.69766	159	0	0
2026.07.23	19:43:00	0.69766	0.69778	0.69766	0.69773	173	0	0
2026.07.23	19:44:00	0.69773	0.69776	0.69768	0.69773	116	0	0
2026.07.23	19:45:00	0.69773	0.69774	0.69764	0.69766	146	0	0
2026.07.23	19:46:00	0.69766	0.69767	0.69760	0.69760	145	0	0
2026.07.23	19:47:00	0.69760	0.69769	0.69756	0.69765	167	0	0
2026.07.23	19:48:00	0.69765	0.69769	0.69760	0.69764	139	0	0
2026.07.23	19:49:00	0.69764	0.69771	0.69763	0.69767	143	0	0
2026.07.23	19:50:00	0.69767	0.69771	0.69763	0.69767	174	0	0
2026.07.23	19:51:00	0.69767	0.69778	0.69767	0.69775	147	0	0
2026.07.23	19:52:00	0.69777	0.69783	0.69774	0.69776	161	0	0
2026.07.23	19:53:00	0.69776	0.69779	0.69770	0.69775	109	0	0
2026.07.23	19:54:00	0.69774	0.69779	0.69773	0.69773	151	0	0
2026.07.23	19:55:00	0.69773	0.69784	0.69773	0.69779	172	0	0
2026.07.23	19:56:00	0.69779	0.69781	0.69773	0.69776	223	0	0
2026.07.23	19:57:00	0.69776	0.69784	0.69775	0.69783	257	0	0
2026.07.23	19:58:00	0.69783	0.69783	0.69776	0.69779	219	0	0
2026.07.23	19:59:00	0.69779	0.69784	0.69778	0.69781	179	0	0
2026.07.23	20:00:00	0.69779	0.69782	0.69771	0.69776	204	0	0
2026.07.23	20:01:00	0.69776	0.69780	0.69773	0.69776	220	0	0
2026.07.23	20:02:00	0.69776	0.69779	0.69759	0.69772	289	0	0
2026.07.23	20:03:00	0.69772	0.69776	0.69764	0.69773	207	0	0
2026.07.23	20:04:00	0.69773	0.69774	0.69759	0.69759	133	0	0
2026.07.23	20:05:00	0.69759	0.69767	0.69759	0.69765	146	0	0
2026.07.23	20:06:00	0.69766	0.69772	0.69758	0.69762	187	0	0
2026.07.23	20:07:00	0.69762	0.69767	0.69758	0.69759	106	0	0
2026.07.23	20:08:00	0.69759	0.69764	0.69748	0.69751	152	0	0
2026.07.23	20:09:00	0.69749	0.69759	0.69744	0.69757	204	0	0
2026.07.23	20:10:00	0.69757	0.69762	0.69754	0.69758	152	0	0
2026.07.23	20:11:00	0.69758	0.69758	0.69748	0.69752	159	0	0
2026.07.23	20:12:00	0.69752	0.69758	0.69751	0.69754	135	0	0
2026.07.23	20:13:00	0.69754	0.69758	0.69748	0.69749	104	0	0
2026.07.23	20:14:00	0.69749	0.69751	0.69744	0.69745	147	0	0
2026.07.23	20:15:00	0.69745	0.69748	0.69740	0.69746	124	0	0
2026.07.23	20:16:00	0.69746	0.69755	0.69746	0.69753	132	0	0
2026.07.23	20:17:00	0.69753	0.69759	0.69750	0.69751	124	0	0
2026.07.23	20:18:00	0.69751	0.69761	0.69750	0.69755	92	0	0
2026.07.23	20:19:00	0.69754	0.69756	0.69751	0.69754	138	0	0
2026.07.23	20:20:00	0.69754	0.69767	0.69754	0.69764	166	0	0
2026.07.23	20:21:00	0.69764	0.69768	0.69758	0.69759	122	0	0
2026.07.23	20:22:00	0.69759	0.69760	0.69754	0.69756	140	0	0
2026.07.23	20:23:00	0.69756	0.69759	0.69751	0.69756	117	0	0
2026.07.23	20:24:00	0.69756	0.69760	0.69755	0.69759	155	0	0
2026.07.23	20:25:00	0.69759	0.69762	0.69751	0.69751	132	0	0
2026.07.23	20:26:00	0.69751	0.69755	0.69745	0.69748	146	0	0
2026.07.23	20:27:00	0.69748	0.69750	0.69741	0.69744	139	0	0
2026.07.23	20:28:00	0.69744	0.69754	0.69743	0.69752	137	0	0
2026.07.23	20:29:00	0.69752	0.69752	0.69744	0.69744	122	0	0
2026.07.23	20:30:00	0.69744	0.69747	0.69736	0.69741	140	0	0
2026.07.23	20:31:00	0.69741	0.69744	0.69727	0.69729	149	0	0
2026.07.23	20:32:00	0.69729	0.69737	0.69728	0.69733	115	0	0
2026.07.23	20:33:00	0.69733	0.69742	0.69733	0.69735	116	0	0
2026.07.23	20:34:00	0.69735	0.69738	0.69731	0.69734	104	0	0
2026.07.23	20:35:00	0.69734	0.69735	0.69716	0.69717	113	0	0
2026.07.23	20:36:00	0.69717	0.69723	0.69716	0.69716	149	0	0
2026.07.23	20:37:00	0.69717	0.69720	0.69713	0.69715	117	0	0
2026.07.23	20:38:00	0.69715	0.69723	0.69715	0.69719	134	0	0
2026.07.23	20:39:00	0.69719	0.69722	0.69717	0.69720	99	0	0
2026.07.23	20:40:00	0.69721	0.69725	0.69708	0.69712	99	0	0
2026.07.23	20:41:00	0.69712	0.69716	0.69707	0.69714	161	0	0
2026.07.23	20:42:00	0.69713	0.69718	0.69711	0.69714	141	0	0
2026.07.23	20:43:00	0.69714	0.69717	0.69708	0.69713	130	0	0
2026.07.23	20:44:00	0.69713	0.69716	0.69708	0.69710	143	0	0
2026.07.23	20:45:00	0.69710	0.69718	0.69704	0.69714	163	0	0
2026.07.23	20:46:00	0.69714	0.69719	0.69705	0.69714	117	0	0
2026.07.23	20:47:00	0.69714	0.69720	0.69712	0.69718	114	0	0
2026.07.23	20:48:00	0.69718	0.69721	0.69710	0.69716	141	0	0
2026.07.23	20:49:00	0.69716	0.69720	0.69713	0.69713	119	0	0
2026.07.23	20:50:00	0.69714	0.69718	0.69711	0.69716	152	0	0
2026.07.23	20:51:00	0.69716	0.69718	0.69713	0.69714	142	0	0
2026.07.23	20:52:00	0.69714	0.69721	0.69714	0.69718	62	0	0
2026.07.23	20:53:00	0.69718	0.69722	0.69714	0.69716	120	0	0
2026.07.23	20:54:00	0.69716	0.69720	0.69713	0.69713	152	0	0
2026.07.23	20:55:00	0.69713	0.69716	0.69707	0.69709	88	0	0
2026.07.23	20:56:00	0.69709	0.69711	0.69700	0.69703	139	0	0
2026.07.23	20:57:00	0.69703	0.69704	0.69694	0.69698	174	0	0
2026.07.23	20:58:00	0.69697	0.69701	0.69696	0.69697	175	0	0
2026.07.23	20:59:00	0.69697	0.69699	0.69691	0.69692	225	0	0
2026.07.23	21:00:00	0.69692	0.69700	0.69688	0.69696	193	0	0
2026.07.23	21:01:00	0.69696	0.69697	0.69684	0.69687	134	0	0
2026.07.23	21:02:00	0.69687	0.69695	0.69684	0.69693	150	0	0
2026.07.23	21:03:00	0.69693	0.69696	0.69687	0.69693	165	0	0
2026.07.23	21:04:00	0.69693	0.69696	0.69685	0.69686	104	0	0
2026.07.23	21:05:00	0.69686	0.69690	0.69684	0.69688	170	0	0
2026.07.23	21:06:00	0.69687	0.69694	0.69687	0.69691	169	0	0
2026.07.23	21:07:00	0.69691	0.69692	0.69687	0.69688	82	0	0
2026.07.23	21:08:00	0.69688	0.69699	0.69688	0.69696	163	0	0
2026.07.23	21:09:00	0.69696	0.69700	0.69693	0.69693	122	0	0
2026.07.23	21:10:00	0.69692	0.69694	0.69685	0.69691	216	0	0
2026.07.23	21:11:00	0.69691	0.69699	0.69689	0.69695	171	0	0
2026.07.23	21:12:00	0.69696	0.69701	0.69695	0.69698	142	0	0
2026.07.23	21:13:00	0.69698	0.69701	0.69692	0.69692	135	0	0
2026.07.23	21:14:00	0.69692	0.69696	0.69684	0.69685	189	0	0
2026.07.23	21:15:00	0.69685	0.69691	0.69680	0.69688	177	0	0
2026.07.23	21:16:00	0.69688	0.69694	0.69687	0.69691	180	0	0
2026.07.23	21:17:00	0.69690	0.69691	0.69667	0.69668	181	0	0
2026.07.23	21:18:00	0.69667	0.69672	0.69663	0.69664	104	0	0
2026.07.23	21:19:00	0.69666	0.69669	0.69663	0.69665	108	0	0
2026.07.23	21:20:00	0.69665	0.69670	0.69662	0.69664	118	0	0
2026.07.23	21:21:00	0.69664	0.69668	0.69663	0.69667	103	0	0
2026.07.23	21:22:00	0.69667	0.69670	0.69664	0.69665	126	0	0
2026.07.23	21:23:00	0.69665	0.69669	0.69664	0.69667	91	0	0
2026.07.23	21:24:00	0.69667	0.69674	0.69666	0.69669	89	0	0
2026.07.23	21:25:00	0.69668	0.69670	0.69661	0.69665	85	0	0
2026.07.23	21:26:00	0.69665	0.69674	0.69665	0.69668	109	0	0
2026.07.23	21:27:00	0.69668	0.69676	0.69668	0.69669	102	0	0
2026.07.23	21:28:00	0.69669	0.69678	0.69669	0.69675	126	0	0
2026.07.23	21:29:00	0.69675	0.69682	0.69674	0.69677	166	0	0
2026.07.23	21:30:00	0.69677	0.69686	0.69673	0.69685	129	0	0
2026.07.23	21:31:00	0.69685	0.69689	0.69682	0.69684	167	0	0
2026.07.23	21:32:00	0.69684	0.69684	0.69679	0.69679	92	0	0
2026.07.23	21:33:00	0.69679	0.69685	0.69678	0.69683	67	0	0
2026.07.23	21:34:00	0.69683	0.69686	0.69680	0.69684	78	0	0
2026.07.23	21:35:00	0.69684	0.69687	0.69677	0.69678	162	0	0
2026.07.23	21:36:00	0.69678	0.69681	0.69673	0.69675	148	0	0
2026.07.23	21:37:00	0.69675	0.69677	0.69668	0.69672	101	0	0
2026.07.23	21:38:00	0.69672	0.69674	0.69667	0.69669	110	0	0
2026.07.23	21:39:00	0.69669	0.69673	0.69668	0.69670	100	0	0
2026.07.23	21:40:00	0.69670	0.69671	0.69663	0.69668	108	0	0
2026.07.23	21:41:00	0.69668	0.69668	0.69661	0.69664	88	0	0
2026.07.23	21:42:00	0.69664	0.69666	0.69660	0.69662	116	0	0
2026.07.23	21:43:00	0.69662	0.69666	0.69661	0.69663	67	0	0
2026.07.23	21:44:00	0.69663	0.69666	0.69660	0.69664	132	0	0
2026.07.23	21:45:00	0.69665	0.69669	0.69661	0.69663	149	0	0
2026.07.23	21:46:00	0.69663	0.69669	0.69663	0.69666	123	0	0
2026.07.23	21:47:00	0.69666	0.69672	0.69665	0.69670	116	0	0
2026.07.23	21:48:00	0.69670	0.69673	0.69666	0.69667	105	0	0
2026.07.23	21:49:00	0.69667	0.69670	0.69666	0.69668	96	0	0
2026.07.23	21:50:00	0.69666	0.69672	0.69664	0.69669	131	0	0
2026.07.23	21:51:00	0.69668	0.69670	0.69664	0.69666	137	0	0
2026.07.23	21:52:00	0.69666	0.69670	0.69665	0.69668	117	0	0
2026.07.23	21:53:00	0.69668	0.69669	0.69662	0.69663	134	0	0
2026.07.23	21:54:00	0.69663	0.69665	0.69656	0.69656	94	0	0
2026.07.23	21:55:00	0.69656	0.69666	0.69653	0.69663	140	0	0
2026.07.23	21:56:00	0.69663	0.69665	0.69658	0.69661	62	0	0
2026.07.23	21:57:00	0.69661	0.69661	0.69647	0.69647	122	0	0
2026.07.23	21:58:00	0.69647	0.69653	0.69644	0.69651	111	0	0
2026.07.23	21:59:00	0.69651	0.69664	0.69648	0.69662	114	0	0
2026.07.23	22:00:00	0.69662	0.69673	0.69662	0.69665	222	0	0
2026.07.23	22:01:00	0.69665	0.69669	0.69657	0.69658	131	0	0
2026.07.23	22:02:00	0.69658	0.69664	0.69657	0.69664	121	0	0
2026.07.23	22:03:00	0.69664	0.69664	0.69654	0.69654	68	0	0
2026.07.23	22:04:00	0.69654	0.69657	0.69650	0.69654	83	0	0
2026.07.23	22:05:00	0.69654	0.69655	0.69650	0.69653	60	0	0
2026.07.23	22:06:00	0.69653	0.69657	0.69653	0.69656	26	0	0
2026.07.23	22:07:00	0.69656	0.69656	0.69653	0.69653	52	0	0
2026.07.23	22:08:00	0.69653	0.69655	0.69646	0.69648	51	0	0
2026.07.23	22:09:00	0.69648	0.69649	0.69642	0.69644	69	0	0
2026.07.23	22:10:00	0.69644	0.69644	0.69638	0.69639	105	0	0
2026.07.23	22:11:00	0.69640	0.69644	0.69637	0.69643	31	0	0
2026.07.23	22:12:00	0.69643	0.69644	0.69640	0.69640	54	0	0
2026.07.23	22:13:00	0.69640	0.69642	0.69636	0.69639	42	0	0
2026.07.23	22:14:00	0.69639	0.69642	0.69638	0.69638	33	0	0
2026.07.23	22:15:00	0.69638	0.69641	0.69635	0.69639	66	0	0
2026.07.23	22:16:00	0.69639	0.69644	0.69638	0.69638	83	0	0
2026.07.23	22:17:00	0.69639	0.69641	0.69635	0.69636	88	0	0
2026.07.23	22:18:00	0.69636	0.69636	0.69628	0.69630	69	0	0
2026.07.23	22:19:00	0.69629	0.69632	0.69622	0.69623	83	0	0
2026.07.23	22:20:00	0.69623	0.69626	0.69622	0.69625	70	0	0
2026.07.23	22:21:00	0.69625	0.69629	0.69623	0.69623	95	0	0
2026.07.23	22:22:00	0.69623	0.69628	0.69622	0.69623	92	0	0
2026.07.23	22:23:00	0.69623	0.69632	0.69623	0.69629	102	0	0
2026.07.23	22:24:00	0.69629	0.69637	0.69629	0.69636	82	0	0
2026.07.23	22:25:00	0.69636	0.69645	0.69634	0.69637	159	0	0
2026.07.23	22:26:00	0.69637	0.69640	0.69635	0.69636	85	0	0
2026.07.23	22:27:00	0.69636	0.69644	0.69633	0.69643	190	0	0
2026.07.23	22:28:00	0.69643	0.69647	0.69638	0.69642	159	0	0
2026.07.23	22:29:00	0.69642	0.69647	0.69640	0.69647	108	0	0
2026.07.23	22:30:00	0.69647	0.69672	0.69644	0.69659	332	0	0
2026.07.23	22:31:00	0.69659	0.69661	0.69650	0.69651	228	0	0
2026.07.23	22:32:00	0.69651	0.69656	0.69649	0.69655	115	0	0
2026.07.23	22:33:00	0.69654	0.69656	0.69644	0.69649	116	0	0
2026.07.23	22:34:00	0.69649	0.69655	0.69648	0.69652	146	0	0
2026.07.23	22:35:00	0.69652	0.69657	0.69650	0.69652	120	0	0
2026.07.23	22:36:00	0.69652	0.69654	0.69648	0.69651	174	0	0
2026.07.23	22:37:00	0.69652	0.69655	0.69648	0.69648	117	0	0
2026.07.23	22:38:00	0.69648	0.69651	0.69644	0.69644	108	0	0
2026.07.23	22:39:00	0.69644	0.69650	0.69644	0.69644	83	0	0
2026.07.23	22:40:00	0.69644	0.69648	0.69639	0.69640	120	0	0
2026.07.23	22:41:00	0.69640	0.69642	0.69638	0.69639	94	0	0
2026.07.23	22:42:00	0.69639	0.69640	0.69636	0.69637	64	0	0
2026.07.23	22:43:00	0.69637	0.69641	0.69637	0.69639	93	0	0
2026.07.23	22:44:00	0.69639	0.69642	0.69632	0.69633	65	0	0
2026.07.23	22:45:00	0.69633	0.69640	0.69632	0.69635	123	0	0
2026.07.23	22:46:00	0.69636	0.69638	0.69628	0.69628	66	0	0
2026.07.23	22:47:00	0.69628	0.69635	0.69624	0.69631	109	0	0
2026.07.23	22:48:00	0.69631	0.69634	0.69628	0.69628	53	0	0
2026.07.23	22:49:00	0.69628	0.69633	0.69626	0.69632	124	0	0
2026.07.23	22:50:00	0.69632	0.69645	0.69632	0.69642	261	0	0
2026.07.23	22:51:00	0.69642	0.69650	0.69640	0.69650	104	0	0
2026.07.23	22:52:00	0.69650	0.69651	0.69642	0.69645	84	0	0
2026.07.23	22:53:00	0.69645	0.69649	0.69642	0.69646	92	0	0
2026.07.23	22:54:00	0.69646	0.69652	0.69644	0.69650	116	0	0
2026.07.23	22:55:00	0.69651	0.69656	0.69649	0.69653	140	0	0
2026.07.23	22:56:00	0.69652	0.69655	0.69649	0.69653	119	0	0
2026.07.23	22:57:00	0.69653	0.69664	0.69653	0.69662	90	0	0
2026.07.23	22:58:00	0.69661	0.69661	0.69655	0.69659	126	0	0
2026.07.23	22:59:00	0.69659	0.69665	0.69658	0.69662	130	0	0
2026.07.23	23:00:00	0.69662	0.69677	0.69662	0.69674	280	0	0
2026.07.23	23:01:00	0.69674	0.69679	0.69671	0.69674	144	0	0
2026.07.23	23:02:00	0.69674	0.69679	0.69673	0.69674	107	0	0
2026.07.23	23:03:00	0.69674	0.69683	0.69674	0.69679	68	0	0
2026.07.23	23:04:00	0.69679	0.69682	0.69674	0.69675	44	0	0
2026.07.23	23:05:00	0.69675	0.69678	0.69671	0.69671	52	0	0
2026.07.23	23:06:00	0.69671	0.69678	0.69668	0.69678	114	0	0
2026.07.23	23:07:00	0.69678	0.69678	0.69674	0.69677	35	0	0
2026.07.23	23:08:00	0.69677	0.69677	0.69675	0.69677	11	0	0
2026.07.23	23:09:00	0.69677	0.69682	0.69674	0.69681	58	0	0
2026.07.23	23:10:00	0.69681	0.69683	0.69677	0.69680	38	0	0
2026.07.23	23:11:00	0.69680	0.69680	0.69673	0.69674	33	0	0
2026.07.23	23:12:00	0.69674	0.69676	0.69670	0.69670	28	0	0
2026.07.23	23:13:00	0.69670	0.69675	0.69668	0.69673	32	0	0
2026.07.23	23:14:00	0.69673	0.69675	0.69668	0.69669	62	0	0
2026.07.23	23:15:00	0.69669	0.69671	0.69665	0.69670	44	0	0
2026.07.23	23:16:00	0.69670	0.69676	0.69670	0.69673	31	0	0
2026.07.23	23:17:00	0.69673	0.69675	0.69670	0.69672	26	0	0
2026.07.23	23:18:00	0.69672	0.69672	0.69668	0.69669	34	0	0
2026.07.23	23:19:00	0.69668	0.69668	0.69665	0.69667	45	0	0
2026.07.23	23:20:00	0.69667	0.69671	0.69665	0.69665	41	0	0
2026.07.23	23:21:00	0.69665	0.69667	0.69664	0.69666	30	0	0
2026.07.23	23:22:00	0.69666	0.69671	0.69665	0.69669	17	0	0
2026.07.23	23:23:00	0.69669	0.69671	0.69668	0.69669	6	0	0
2026.07.23	23:24:00	0.69669	0.69673	0.69667	0.69669	39	0	0
2026.07.23	23:25:00	0.69670	0.69672	0.69669	0.69672	43	0	0
2026.07.23	23:26:00	0.69672	0.69672	0.69668	0.69670	36	0	0
2026.07.23	23:27:00	0.69671	0.69681	0.69670	0.69678	26	0	0
2026.07.23	23:28:00	0.69678	0.69679	0.69674	0.69675	28	0	0
2026.07.23	23:29:00	0.69675	0.69680	0.69674	0.69680	41	0	0
2026.07.23	23:30:00	0.69680	0.69684	0.69680	0.69684	52	0	0
2026.07.23	23:31:00	0.69684	0.69685	0.69678	0.69681	52	0	0
2026.07.23	23:32:00	0.69680	0.69688	0.69678	0.69680	41	0	0
2026.07.23	23:33:00	0.69680	0.69681	0.69673	0.69677	64	0	0
2026.07.23	23:34:00	0.69675	0.69678	0.69675	0.69675	25	0	0
2026.07.23	23:35:00	0.69675	0.69677	0.69669	0.69670	36	0	0
2026.07.23	23:36:00	0.69670	0.69672	0.69668	0.69670	11	0	0
2026.07.23	23:37:00	0.69670	0.69674	0.69670	0.69674	15	0	0
2026.07.23	23:38:00	0.69674	0.69674	0.69669	0.69673	39	0	0
2026.07.23	23:39:00	0.69673	0.69674	0.69669	0.69670	33	0	0
2026.07.23	23:40:00	0.69670	0.69670	0.69667	0.69668	28	0	0
2026.07.23	23:41:00	0.69668	0.69671	0.69667	0.69671	38	0	0
2026.07.23	23:42:00	0.69671	0.69672	0.69668	0.69670	21	0	0
2026.07.23	23:43:00	0.69670	0.69673	0.69669	0.69671	25	0	0
2026.07.23	23:44:00	0.69671	0.69676	0.69670	0.69674	11	0	0
2026.07.23	23:45:00	0.69674	0.69681	0.69674	0.69679	50	0	0
2026.07.23	23:46:00	0.69679	0.69682	0.69675	0.69677	36	0	0
2026.07.23	23:47:00	0.69677	0.69679	0.69675	0.69678	20	0	0
2026.07.23	23:48:00	0.69678	0.69678	0.69675	0.69678	58	0	0
2026.07.23	23:49:00	0.69678	0.69678	0.69675	0.69676	11	0	0
2026.07.23	23:50:00	0.69676	0.69677	0.69671	0.69674	37	0	0
2026.07.23	23:51:00	0.69674	0.69674	0.69669	0.69673	50	0	0
2026.07.23	23:52:00	0.69673	0.69675	0.69668	0.69668	27	0	0
2026.07.23	23:53:00	0.69668	0.69669	0.69668	0.69669	2	0	0
2026.07.23	23:54:00	0.69669	0.69673	0.69669	0.69672	70	0	0
2026.07.23	23:55:00	0.69672	0.69674	0.69670	0.69672	41	0	0
2026.07.23	23:56:00	0.69672	0.69672	0.69669	0.69671	46	0	0
2026.07.23	23:57:00	0.69670	0.69674	0.69669	0.69674	48	0	0
2026.07.23	23:58:00	0.69674	0.69683	0.69671	0.69682	70	0	0
2026.07.23	23:59:00	0.69680	0.69687	0.69673	0.69673	100	0	0
2026.07.24	00:00:00	0.69672	0.69672	0.69593	0.69605	5	0	34
2026.07.24	00:01:00	0.69627	0.69631	0.69627	0.69628	9	0	62
2026.07.24	00:02:00	0.69628	0.69630	0.69628	0.69629	4	0	60
2026.07.24	00:03:00	0.69629	0.69634	0.69621	0.69621	7	0	55
2026.07.24	00:04:00	0.69633	0.69633	0.69607	0.69608	7	0	56
2026.07.24	00:05:00	0.69608	0.69623	0.69606	0.69623	21	0	57
2026.07.24	00:06:00	0.69621	0.69623	0.69621	0.69623	2	0	68
2026.07.24	00:07:00	0.69623	0.69627	0.69622	0.69627	13	0	67
2026.07.24	00:08:00	0.69627	0.69654	0.69627	0.69654	16	0	53
2026.07.24	00:09:00	0.69654	0.69654	0.69654	0.69654	1	0	53
2026.07.24	00:10:00	0.69653	0.69675	0.69651	0.69660	18	0	31
2026.07.24	00:11:00	0.69661	0.69661	0.69657	0.69657	14	0	28
2026.07.24	00:12:00	0.69657	0.69664	0.69655	0.69663	13	0	25
2026.07.24	00:13:00	0.69662	0.69675	0.69662	0.69673	10	0	23
2026.07.24	00:14:00	0.69673	0.69675	0.69669	0.69669	18	0	23
2026.07.24	00:15:00	0.69669	0.69674	0.69669	0.69674	8	0	22
2026.07.24	00:16:00	0.69674	0.69674	0.69669	0.69669	17	0	24
2026.07.24	00:17:00	0.69669	0.69678	0.69669	0.69674	16	0	19
2026.07.24	00:18:00	0.69674	0.69680	0.69672	0.69675	9	0	18
2026.07.24	00:19:00	0.69674	0.69680	0.69673	0.69676	15	0	16
2026.07.24	00:20:00	0.69676	0.69682	0.69673	0.69675	12	0	20
2026.07.24	00:21:00	0.69675	0.69686	0.69673	0.69677	23	0	2
2026.07.24	00:22:00	0.69677	0.69684	0.69672	0.69674	59	0	20
2026.07.24	00:23:00	0.69676	0.69680	0.69673	0.69674	21	0	20
2026.07.24	00:24:00	0.69675	0.69678	0.69669	0.69672	31	0	15
2026.07.24	00:25:00	0.69674	0.69677	0.69669	0.69677	16	0	10
2026.07.24	00:26:00	0.69677	0.69704	0.69677	0.69688	14	0	0
2026.07.24	00:27:00	0.69688	0.69692	0.69688	0.69692	3	0	2
2026.07.24	00:28:00	0.69692	0.69695	0.69670	0.69672	26	0	0
2026.07.24	00:29:00	0.69672	0.69678	0.69671	0.69678	5	0	28
2026.07.24	00:30:00	0.69678	0.69681	0.69672	0.69674	32	0	26
2026.07.24	00:31:00	0.69674	0.69679	0.69672	0.69672	13	0	34
2026.07.24	00:32:00	0.69673	0.69678	0.69672	0.69677	15	0	32
2026.07.24	00:33:00	0.69676	0.69679	0.69675	0.69678	26	0	30
2026.07.24	00:34:00	0.69678	0.69679	0.69677	0.69679	4	0	30
2026.07.24	00:35:00	0.69679	0.69681	0.69669	0.69674	30	0	23
2026.07.24	00:36:00	0.69675	0.69681	0.69669	0.69679	25	0	25
2026.07.24	00:37:00	0.69679	0.69679	0.69670	0.69670	14	0	26
2026.07.24	00:38:00	0.69670	0.69676	0.69669	0.69670	11	0	37
2026.07.24	00:39:00	0.69670	0.69672	0.69663	0.69671	8	0	33
2026.07.24	00:40:00	0.69671	0.69681	0.69653	0.69680	39	0	16
2026.07.24	00:41:00	0.69680	0.69680	0.69661	0.69674	7	0	19
2026.07.24	00:42:00	0.69674	0.69678	0.69667	0.69668	9	0	14
2026.07.24	00:43:00	0.69668	0.69668	0.69663	0.69668	8	0	13
2026.07.24	00:44:00	0.69668	0.69668	0.69668	0.69668	1	0	19
2026.07.24	00:45:00	0.69668	0.69670	0.69662	0.69670	9	0	12
2026.07.24	00:46:00	0.69670	0.69670	0.69659	0.69660	5	0	10
2026.07.24	00:47:00	0.69660	0.69662	0.69660	0.69662	8	0	16
2026.07.24	00:48:00	0.69662	0.69662	0.69656	0.69657	10	0	16
2026.07.24	00:49:00	0.69657	0.69661	0.69657	0.69659	5	0	18
2026.07.24	00:50:00	0.69659	0.69660	0.69649	0.69659	9	0	14
2026.07.24	00:51:00	0.69659	0.69659	0.69644	0.69646	7	0	20
2026.07.24	00:52:00	0.69646	0.69646	0.69644	0.69646	5	0	25
2026.07.24	00:53:00	0.69646	0.69646	0.69643	0.69645	10	0	25
2026.07.24	00:54:00	0.69645	0.69663	0.69645	0.69661	16	0	25
2026.07.24	00:55:00	0.69661	0.69679	0.69658	0.69673	56	0	25
2026.07.24	00:56:00	0.69672	0.69695	0.69672	0.69690	101	0	15
2026.07.24	00:57:00	0.69690	0.69694	0.69677	0.69681	97	0	15
2026.07.24	00:58:00	0.69679	0.69690	0.69676	0.69679	74	0	22
2026.07.24	00:59:00	0.69679	0.69681	0.69672	0.69678	29	0	26
2026.07.24	01:00:00	0.69678	0.69706	0.69670	0.69675	204	0	0
2026.07.24	01:01:00	0.69675	0.69677	0.69668	0.69672	71	0	0
2026.07.24	01:02:00	0.69672	0.69675	0.69669	0.69673	27	0	0
2026.07.24	01:03:00	0.69675	0.69676	0.69673	0.69674	27	0	0
2026.07.24	01:04:00	0.69674	0.69675	0.69668	0.69670	34	0	0
2026.07.24	01:05:00	0.69670	0.69677	0.69670	0.69677	44	0	0
2026.07.24	01:06:00	0.69675	0.69680	0.69673	0.69675	33	0	0
2026.07.24	01:07:00	0.69675	0.69678	0.69672	0.69674	37	0	0
2026.07.24	01:08:00	0.69674	0.69675	0.69670	0.69672	33	0	0
2026.07.24	01:09:00	0.69672	0.69674	0.69669	0.69674	33	0	0
2026.07.24	01:10:00	0.69673	0.69675	0.69670	0.69672	23	0	0
2026.07.24	01:11:00	0.69672	0.69674	0.69671	0.69673	27	0	0
2026.07.24	01:12:00	0.69673	0.69675	0.69671	0.69671	11	0	0
2026.07.24	01:13:00	0.69672	0.69674	0.69671	0.69673	5	0	0
2026.07.24	01:14:00	0.69673	0.69675	0.69673	0.69674	8	0	0
2026.07.24	01:15:00	0.69674	0.69674	0.69673	0.69673	4	0	0
2026.07.24	01:16:00	0.69673	0.69674	0.69673	0.69674	4	0	0
2026.07.24	01:17:00	0.69674	0.69677	0.69673	0.69674	16	0	0
2026.07.24	01:18:00	0.69674	0.69675	0.69674	0.69675	24	0	0
2026.07.24	01:19:00	0.69675	0.69679	0.69674	0.69678	38	0	0
2026.07.24	01:20:00	0.69678	0.69678	0.69674	0.69676	6	0	0
2026.07.24	01:21:00	0.69676	0.69678	0.69674	0.69678	11	0	0
2026.07.24	01:22:00	0.69678	0.69678	0.69677	0.69677	2	0	0
2026.07.24	01:23:00	0.69677	0.69687	0.69677	0.69679	78	0	0
2026.07.24	01:24:00	0.69682	0.69683	0.69679	0.69682	76	0	0
2026.07.24	01:25:00	0.69682	0.69683	0.69678	0.69679	46	0	0
2026.07.24	01:26:00	0.69679	0.69680	0.69675	0.69675	20	0	0
2026.07.24	01:27:00	0.69675	0.69679	0.69674	0.69678	20	0	0
2026.07.24	01:28:00	0.69677	0.69677	0.69673	0.69676	61	0	0
2026.07.24	01:29:00	0.69675	0.69677	0.69674	0.69675	44	0	0
2026.07.24	01:30:00	0.69675	0.69686	0.69673	0.69679	59	0	0
2026.07.24	01:31:00	0.69679	0.69679	0.69675	0.69676	11	0	0
2026.07.24	01:32:00	0.69676	0.69677	0.69675	0.69676	22	0	0
2026.07.24	01:33:00	0.69676	0.69678	0.69674	0.69676	60	0	0
2026.07.24	01:34:00	0.69676	0.69678	0.69676	0.69678	3	0	0
2026.07.24	01:35:00	0.69678	0.69680	0.69676	0.69678	13	0	0
2026.07.24	01:36:00	0.69678	0.69678	0.69675	0.69676	17	0	0
2026.07.24	01:37:00	0.69676	0.69676	0.69674	0.69675	14	0	0
2026.07.24	01:38:00	0.69675	0.69680	0.69675	0.69678	34	0	0
2026.07.24	01:39:00	0.69678	0.69678	0.69676	0.69677	12	0	0
2026.07.24	01:40:00	0.69677	0.69679	0.69676	0.69676	8	0	0
2026.07.24	01:41:00	0.69676	0.69679	0.69675	0.69677	37	0	0
2026.07.24	01:42:00	0.69677	0.69679	0.69676	0.69678	10	0	0
2026.07.24	01:43:00	0.69678	0.69679	0.69675	0.69675	69	0	0
2026.07.24	01:44:00	0.69675	0.69678	0.69675	0.69677	12	0	0
2026.07.24	01:45:00	0.69677	0.69680	0.69677	0.69678	16	0	0
2026.07.24	01:46:00	0.69678	0.69682	0.69677	0.69678	15	0	0
2026.07.24	01:47:00	0.69678	0.69678	0.69678	0.69678	1	0	0
2026.07.24	01:48:00	0.69678	0.69678	0.69677	0.69678	5	0	0
2026.07.24	01:49:00	0.69678	0.69678	0.69677	0.69677	4	0	0
2026.07.24	01:50:00	0.69677	0.69679	0.69677	0.69679	7	0	0
2026.07.24	01:51:00	0.69679	0.69681	0.69677	0.69679	15	0	0
2026.07.24	01:52:00	0.69679	0.69679	0.69678	0.69679	3	0	0
2026.07.24	01:53:00	0.69679	0.69680	0.69679	0.69679	3	0	0
2026.07.24	01:54:00	0.69679	0.69685	0.69679	0.69682	31	0	0
2026.07.24	01:55:00	0.69684	0.69687	0.69682	0.69684	25	0	0
2026.07.24	01:56:00	0.69684	0.69685	0.69682	0.69683	23	0	0
2026.07.24	01:57:00	0.69683	0.69688	0.69682	0.69686	35	0	0
2026.07.24	01:58:00	0.69686	0.69690	0.69685	0.69687	20	0	0
2026.07.24	01:59:00	0.69687	0.69687	0.69685	0.69685	38	0	0
2026.07.24	02:00:00	0.69685	0.69687	0.69680	0.69682	42	0	0
2026.07.24	02:01:00	0.69682	0.69683	0.69679	0.69680	13	0	0
2026.07.24	02:02:00	0.69680	0.69685	0.69679	0.69680	51	0	0
2026.07.24	02:03:00	0.69680	0.69682	0.69677	0.69681	25	0	0
2026.07.24	02:04:00	0.69681	0.69682	0.69677	0.69677	25	0	0
2026.07.24	02:05:00	0.69677	0.69678	0.69676	0.69677	9	0	0
2026.07.24	02:06:00	0.69677	0.69677	0.69673	0.69674	12	0	0
2026.07.24	02:07:00	0.69674	0.69676	0.69674	0.69674	25	0	0
2026.07.24	02:08:00	0.69674	0.69676	0.69672	0.69674	11	0	0
2026.07.24	02:09:00	0.69674	0.69677	0.69674	0.69675	43	0	0
2026.07.24	02:10:00	0.69675	0.69676	0.69674	0.69675	15	0	0
2026.07.24	02:11:00	0.69675	0.69679	0.69674	0.69678	11	0	0
2026.07.24	02:12:00	0.69678	0.69678	0.69675	0.69677	50	0	0
2026.07.24	02:13:00	0.69677	0.69678	0.69675	0.69677	54	0	0
2026.07.24	02:14:00	0.69678	0.69678	0.69675	0.69676	59	0	0
2026.07.24	02:15:00	0.69676	0.69680	0.69675	0.69680	83	0	0
2026.07.24	02:16:00	0.69680	0.69681	0.69677	0.69679	55	0	0
2026.07.24	02:17:00	0.69680	0.69682	0.69678	0.69681	10	0	0
2026.07.24	02:18:00	0.69681	0.69681	0.69679	0.69679	5	0	0
2026.07.24	02:19:00	0.69679	0.69683	0.69677	0.69681	40	0	0
2026.07.24	02:20:00	0.69681	0.69686	0.69680	0.69686	34	0	0
2026.07.24	02:21:00	0.69686	0.69690	0.69684	0.69687	30	0	0
2026.07.24	02:22:00	0.69687	0.69688	0.69681	0.69682	22	0	0
2026.07.24	02:23:00	0.69682	0.69683	0.69679	0.69682	21	0	0
2026.07.24	02:24:00	0.69682	0.69688	0.69681	0.69688	39	0	0
2026.07.24	02:25:00	0.69688	0.69688	0.69684	0.69684	24	0	0
2026.07.24	02:26:00	0.69684	0.69686	0.69684	0.69684	12	0	0
2026.07.24	02:27:00	0.69684	0.69686	0.69683	0.69684	5	0	0
2026.07.24	02:28:00	0.69683	0.69686	0.69683	0.69684	8	0	0
2026.07.24	02:29:00	0.69684	0.69686	0.69683	0.69685	17	0	0
2026.07.24	02:30:00	0.69685	0.69691	0.69683	0.69689	14	0	0
2026.07.24	02:31:00	0.69689	0.69694	0.69689	0.69693	24	0	0
2026.07.24	02:32:00	0.69693	0.69693	0.69691	0.69693	7	0	0
2026.07.24	02:33:00	0.69693	0.69697	0.69691	0.69695	33	0	0
2026.07.24	02:34:00	0.69695	0.69699	0.69693	0.69693	43	0	0
2026.07.24	02:35:00	0.69693	0.69694	0.69687	0.69688	21	0	0
2026.07.24	02:36:00	0.69688	0.69690	0.69687	0.69688	22	0	0
2026.07.24	02:37:00	0.69688	0.69696	0.69688	0.69695	28	0	0
2026.07.24	02:38:00	0.69694	0.69696	0.69690	0.69691	27	0	0
2026.07.24	02:39:00	0.69691	0.69692	0.69687	0.69687	15	0	0
2026.07.24	02:40:00	0.69687	0.69689	0.69672	0.69675	158	0	0
2026.07.24	02:41:00	0.69675	0.69679	0.69672	0.69673	74	0	0
2026.07.24	02:42:00	0.69673	0.69681	0.69673	0.69678	86	0	0
2026.07.24	02:43:00	0.69678	0.69681	0.69678	0.69678	31	0	0
2026.07.24	02:44:00	0.69678	0.69684	0.69676	0.69681	78	0	0
2026.07.24	02:45:00	0.69681	0.69695	0.69678	0.69693	193	0	0
2026.07.24	02:46:00	0.69693	0.69694	0.69681	0.69682	89	0	0
2026.07.24	02:47:00	0.69681	0.69684	0.69680	0.69680	114	0	0
2026.07.24	02:48:00	0.69680	0.69683	0.69679	0.69680	94	0	0
2026.07.24	02:49:00	0.69680	0.69682	0.69677	0.69678	68	0	0
2026.07.24	02:50:00	0.69678	0.69681	0.69673	0.69675	66	0	0
2026.07.24	02:51:00	0.69675	0.69677	0.69673	0.69673	34	0	0
2026.07.24	02:52:00	0.69673	0.69677	0.69668	0.69668	82	0	0
2026.07.24	02:53:00	0.69668	0.69674	0.69663	0.69667	130	0	0
2026.07.24	02:54:00	0.69667	0.69668	0.69660	0.69660	86	0	0
2026.07.24	02:55:00	0.69660	0.69664	0.69659	0.69662	97	0	0
2026.07.24	02:56:00	0.69662	0.69662	0.69658	0.69661	81	0	0
2026.07.24	02:57:00	0.69660	0.69672	0.69660	0.69670	113	0	0
2026.07.24	02:58:00	0.69670	0.69675	0.69667	0.69673	152	0	0
2026.07.24	02:59:00	0.69673	0.69675	0.69667	0.69671	128	0	0
2026.07.24	03:00:00	0.69671	0.69677	0.69660	0.69675	345	0	0
2026.07.24	03:01:00	0.69675	0.69688	0.69673	0.69681	254	0	0
2026.07.24	03:02:00	0.69681	0.69689	0.69679	0.69685	196	0	0
2026.07.24	03:03:00	0.69685	0.69702	0.69682	0.69693	228	0	0
2026.07.24	03:04:00	0.69693	0.69695	0.69683	0.69685	184	0	0
2026.07.24	03:05:00	0.69685	0.69689	0.69676	0.69687	223	0	0
2026.07.24	03:06:00	0.69687	0.69697	0.69680	0.69692	204	0	0
2026.07.24	03:07:00	0.69692	0.69697	0.69688	0.69696	207	0	0
2026.07.24	03:08:00	0.69696	0.69707	0.69693	0.69699	182	0	0
2026.07.24	03:09:00	0.69699	0.69704	0.69693	0.69695	191	0	0
2026.07.24	03:10:00	0.69695	0.69704	0.69691	0.69700	201	0	0
2026.07.24	03:11:00	0.69700	0.69701	0.69691	0.69697	142	0	0
2026.07.24	03:12:00	0.69697	0.69704	0.69690	0.69702	176	0	0
2026.07.24	03:13:00	0.69702	0.69706	0.69697	0.69701	152	0	0
2026.07.24	03:14:00	0.69701	0.69702	0.69687	0.69690	184	0	0
2026.07.24	03:15:00	0.69690	0.69693	0.69684	0.69686	236	0	0
2026.07.24	03:16:00	0.69686	0.69692	0.69681	0.69689	148	0	0
2026.07.24	03:17:00	0.69689	0.69691	0.69677	0.69678	126	0	0
2026.07.24	03:18:00	0.69679	0.69688	0.69678	0.69683	194	0	0
2026.07.24	03:19:00	0.69684	0.69687	0.69677	0.69679	138	0	0
2026.07.24	03:20:00	0.69679	0.69684	0.69673	0.69682	176	0	0
2026.07.24	03:21:00	0.69682	0.69694	0.69680	0.69685	205	0	0
2026.07.24	03:22:00	0.69684	0.69693	0.69681	0.69691	155	0	0
2026.07.24	03:23:00	0.69691	0.69706	0.69689	0.69702	263	0	0
2026.07.24	03:24:00	0.69702	0.69706	0.69698	0.69699	174	0	0
2026.07.24	03:25:00	0.69699	0.69704	0.69697	0.69698	199	0	0
2026.07.24	03:26:00	0.69698	0.69698	0.69686	0.69687	152	0	0
2026.07.24	03:27:00	0.69687	0.69693	0.69686	0.69689	164	0	0
2026.07.24	03:28:00	0.69689	0.69693	0.69684	0.69689	152	0	0
2026.07.24	03:29:00	0.69689	0.69694	0.69687	0.69689	218	0	0
2026.07.24	03:30:00	0.69689	0.69693	0.69681	0.69688	190	0	0
2026.07.24	03:31:00	0.69689	0.69697	0.69686	0.69697	187	0	0
2026.07.24	03:32:00	0.69697	0.69698	0.69691	0.69693	124	0	0
2026.07.24	03:33:00	0.69693	0.69696	0.69689	0.69694	109	0	0
2026.07.24	03:34:00	0.69694	0.69694	0.69687	0.69691	88	0	0
2026.07.24	03:35:00	0.69691	0.69695	0.69688	0.69694	92	0	0
2026.07.24	03:36:00	0.69694	0.69706	0.69693	0.69703	113	0	0
2026.07.24	03:37:00	0.69703	0.69710	0.69703	0.69703	105	0	0
2026.07.24	03:38:00	0.69703	0.69708	0.69700	0.69706	115	0	0
2026.07.24	03:39:00	0.69706	0.69713	0.69705	0.69706	135	0	0
2026.07.24	03:40:00	0.69706	0.69711	0.69701	0.69709	132	0	0
2026.07.24	03:41:00	0.69709	0.69715	0.69708	0.69709	135	0	0
2026.07.24	03:42:00	0.69709	0.69719	0.69706	0.69717	88	0	0
2026.07.24	03:43:00	0.69716	0.69720	0.69707	0.69713	157	0	0
2026.07.24	03:44:00	0.69713	0.69715	0.69707	0.69711	127	0	0
2026.07.24	03:45:00	0.69711	0.69715	0.69706	0.69708	144	0	0
2026.07.24	03:46:00	0.69708	0.69722	0.69707	0.69717	173	0	0
2026.07.24	03:47:00	0.69717	0.69738	0.69714	0.69736	126	0	0
2026.07.24	03:48:00	0.69736	0.69740	0.69732	0.69734	103	0	0
2026.07.24	03:49:00	0.69734	0.69735	0.69728	0.69728	90	0	0
2026.07.24	03:50:00	0.69728	0.69737	0.69723	0.69736	94	0	0
2026.07.24	03:51:00	0.69736	0.69741	0.69732	0.69737	120	0	0
2026.07.24	03:52:00	0.69737	0.69739	0.69734	0.69735	80	0	0
2026.07.24	03:53:00	0.69735	0.69739	0.69727	0.69727	83	0	0
2026.07.24	03:54:00	0.69727	0.69735	0.69725	0.69732	124	0	0
2026.07.24	03:55:00	0.69732	0.69742	0.69728	0.69741	139	0	0
2026.07.24	03:56:00	0.69741	0.69748	0.69736	0.69744	93	0	0
2026.07.24	03:57:00	0.69744	0.69754	0.69744	0.69753	104	0	0
2026.07.24	03:58:00	0.69753	0.69766	0.69753	0.69762	145	0	0
2026.07.24	03:59:00	0.69762	0.69770	0.69761	0.69767	202	0	0
2026.07.24	04:00:00	0.69766	0.69772	0.69753	0.69758	324	0	0
2026.07.24	04:01:00	0.69758	0.69770	0.69745	0.69758	274	0	0
2026.07.24	04:02:00	0.69758	0.69761	0.69743	0.69748	248	0	0
2026.07.24	04:03:00	0.69748	0.69748	0.69734	0.69738	208	0	0
2026.07.24	04:04:00	0.69738	0.69747	0.69736	0.69744	160	0	0
2026.07.24	04:05:00	0.69743	0.69745	0.69738	0.69738	169	0	0
2026.07.24	04:06:00	0.69738	0.69742	0.69729	0.69738	254	0	0
2026.07.24	04:07:00	0.69738	0.69742	0.69735	0.69737	171	0	0
2026.07.24	04:08:00	0.69738	0.69749	0.69735	0.69747	255	0	0
2026.07.24	04:09:00	0.69747	0.69749	0.69742	0.69746	199	0	0
2026.07.24	04:10:00	0.69746	0.69746	0.69739	0.69741	143	0	0
2026.07.24	04:11:00	0.69741	0.69747	0.69738	0.69742	103	0	0
2026.07.24	04:12:00	0.69742	0.69745	0.69737	0.69741	179	0	0
2026.07.24	04:13:00	0.69741	0.69747	0.69741	0.69743	153	0	0
2026.07.24	04:14:00	0.69743	0.69747	0.69742	0.69743	148	0	0
2026.07.24	04:15:00	0.69744	0.69744	0.69732	0.69733	168	0	0
2026.07.24	04:16:00	0.69733	0.69736	0.69725	0.69725	189	0	0
2026.07.24	04:17:00	0.69725	0.69736	0.69724	0.69732	189	0	0
2026.07.24	04:18:00	0.69732	0.69737	0.69727	0.69736	188	0	0
2026.07.24	04:19:00	0.69736	0.69743	0.69734	0.69742	203	0	0
2026.07.24	04:20:00	0.69742	0.69742	0.69731	0.69735	186	0	0
2026.07.24	04:21:00	0.69735	0.69742	0.69733	0.69736	231	0	0
2026.07.24	04:22:00	0.69736	0.69739	0.69733	0.69734	208	0	0
2026.07.24	04:23:00	0.69734	0.69744	0.69732	0.69741	144	0	0
2026.07.24	04:24:00	0.69742	0.69747	0.69739	0.69742	159	0	0
2026.07.24	04:25:00	0.69742	0.69744	0.69736	0.69736	110	0	0
2026.07.24	04:26:00	0.69736	0.69741	0.69727	0.69728	150	0	0
2026.07.24	04:27:00	0.69728	0.69740	0.69727	0.69736	176	0	0
2026.07.24	04:28:00	0.69736	0.69736	0.69727	0.69728	188	0	0
2026.07.24	04:29:00	0.69728	0.69733	0.69723	0.69724	159	0	0
2026.07.24	04:30:00	0.69723	0.69729	0.69719	0.69725	322	0	0
2026.07.24	04:31:00	0.69724	0.69739	0.69723	0.69730	240	0	0
2026.07.24	04:32:00	0.69730	0.69737	0.69730	0.69733	167	0	0
2026.07.24	04:33:00	0.69733	0.69751	0.69733	0.69751	195	0	0
2026.07.24	04:34:00	0.69751	0.69760	0.69748	0.69751	214	0	0
2026.07.24	04:35:00	0.69750	0.69754	0.69746	0.69748	179	0	0
2026.07.24	04:36:00	0.69748	0.69757	0.69747	0.69755	177	0	0
2026.07.24	04:37:00	0.69755	0.69759	0.69747	0.69751	200	0	0
2026.07.24	04:38:00	0.69751	0.69761	0.69750	0.69756	215	0	0
2026.07.24	04:39:00	0.69756	0.69761	0.69752	0.69752	145	0	0
2026.07.24	04:40:00	0.69752	0.69762	0.69752	0.69758	160	0	0
2026.07.24	04:41:00	0.69758	0.69778	0.69755	0.69776	155	0	0
2026.07.24	04:42:00	0.69776	0.69787	0.69774	0.69783	124	0	0
2026.07.24	04:43:00	0.69783	0.69790	0.69779	0.69788	109	0	0
2026.07.24	04:44:00	0.69788	0.69797	0.69787	0.69793	151	0	0
2026.07.24	04:45:00	0.69793	0.69794	0.69784	0.69789	137	0	0
2026.07.24	04:46:00	0.69789	0.69795	0.69787	0.69792	230	0	0
2026.07.24	04:47:00	0.69792	0.69797	0.69789	0.69791	152	0	0
2026.07.24	04:48:00	0.69791	0.69795	0.69789	0.69793	183	0	0
2026.07.24	04:49:00	0.69793	0.69795	0.69784	0.69784	145	0	0
2026.07.24	04:50:00	0.69784	0.69786	0.69774	0.69779	170	0	0
2026.07.24	04:51:00	0.69779	0.69785	0.69778	0.69782	126	0	0
2026.07.24	04:52:00	0.69780	0.69783	0.69774	0.69778	98	0	0
2026.07.24	04:53:00	0.69778	0.69786	0.69775	0.69779	144	0	0
2026.07.24	04:54:00	0.69779	0.69785	0.69777	0.69778	146	0	0
2026.07.24	04:55:00	0.69778	0.69781	0.69764	0.69765	130	0	0
2026.07.24	04:56:00	0.69765	0.69769	0.69757	0.69758	143	0	0
2026.07.24	04:57:00	0.69758	0.69764	0.69754	0.69756	140	0	0
2026.07.24	04:58:00	0.69755	0.69755	0.69747	0.69748	142	0	0
2026.07.24	04:59:00	0.69748	0.69760	0.69747	0.69760	146	0	0
2026.07.24	05:00:00	0.69760	0.69763	0.69746	0.69750	214	0	0
2026.07.24	05:01:00	0.69750	0.69753	0.69746	0.69750	164	0	0
2026.07.24	05:02:00	0.69750	0.69751	0.69738	0.69745	150	0	0
2026.07.24	05:03:00	0.69745	0.69756	0.69743	0.69753	201	0	0
2026.07.24	05:04:00	0.69753	0.69753	0.69739	0.69742	208	0	0
2026.07.24	05:05:00	0.69742	0.69743	0.69732	0.69738	216	0	0
2026.07.24	05:06:00	0.69738	0.69751	0.69737	0.69748	151	0	0
2026.07.24	05:07:00	0.69749	0.69754	0.69747	0.69752	139	0	0
2026.07.24	05:08:00	0.69752	0.69755	0.69744	0.69746	100	0	0
2026.07.24	05:09:00	0.69746	0.69755	0.69744	0.69754	154	0	0
2026.07.24	05:10:00	0.69754	0.69760	0.69749	0.69753	184	0	0
2026.07.24	05:11:00	0.69753	0.69756	0.69749	0.69753	134	0	0
2026.07.24	05:12:00	0.69753	0.69759	0.69750	0.69756	193	0	0
2026.07.24	05:13:00	0.69756	0.69766	0.69755	0.69763	116	0	0
2026.07.24	05:14:00	0.69763	0.69777	0.69762	0.69773	160	0	0
2026.07.24	05:15:00	0.69773	0.69781	0.69769	0.69778	130	0	0
2026.07.24	05:16:00	0.69778	0.69779	0.69767	0.69771	140	0	0
2026.07.24	05:17:00	0.69771	0.69778	0.69768	0.69775	113	0	0
2026.07.24	05:18:00	0.69775	0.69781	0.69772	0.69773	93	0	0
2026.07.24	05:19:00	0.69773	0.69777	0.69770	0.69770	90	0	0
2026.07.24	05:20:00	0.69770	0.69784	0.69769	0.69781	79	0	0
2026.07.24	05:21:00	0.69781	0.69783	0.69774	0.69776	128	0	0
2026.07.24	05:22:00	0.69776	0.69778	0.69765	0.69766	174	0	0
2026.07.24	05:23:00	0.69765	0.69778	0.69765	0.69776	154	0	0
2026.07.24	05:24:00	0.69775	0.69792	0.69775	0.69789	140	0	0
2026.07.24	05:25:00	0.69789	0.69794	0.69787	0.69791	115	0	0
2026.07.24	05:26:00	0.69791	0.69791	0.69782	0.69789	119	0	0
2026.07.24	05:27:00	0.69789	0.69794	0.69787	0.69793	138	0	0
2026.07.24	05:28:00	0.69792	0.69797	0.69779	0.69779	105	0	0
2026.07.24	05:29:00	0.69779	0.69790	0.69776	0.69788	98	0	0
2026.07.24	05:30:00	0.69788	0.69798	0.69781	0.69796	181	0	0
2026.07.24	05:31:00	0.69796	0.69809	0.69792	0.69807	238	0	0
2026.07.24	05:32:00	0.69807	0.69809	0.69796	0.69799	202	0	0
2026.07.24	05:33:00	0.69799	0.69801	0.69783	0.69786	209	0	0
2026.07.24	05:34:00	0.69786	0.69790	0.69783	0.69785	163	0	0
2026.07.24	05:35:00	0.69785	0.69793	0.69783	0.69791	129	0	0
2026.07.24	05:36:00	0.69791	0.69796	0.69789	0.69790	134	0	0
2026.07.24	05:37:00	0.69790	0.69795	0.69787	0.69793	144	0	0
2026.07.24	05:38:00	0.69793	0.69795	0.69783	0.69783	118	0	0
2026.07.24	05:39:00	0.69783	0.69786	0.69774	0.69777	193	0	0
2026.07.24	05:40:00	0.69777	0.69782	0.69775	0.69778	113	0	0
2026.07.24	05:41:00	0.69778	0.69781	0.69774	0.69774	144	0	0
2026.07.24	05:42:00	0.69774	0.69779	0.69772	0.69774	105	0	0
2026.07.24	05:43:00	0.69774	0.69776	0.69772	0.69774	70	0	0
2026.07.24	05:44:00	0.69774	0.69776	0.69770	0.69773	72	0	0
2026.07.24	05:45:00	0.69773	0.69774	0.69764	0.69768	127	0	0
2026.07.24	05:46:00	0.69768	0.69774	0.69767	0.69768	180	0	0
2026.07.24	05:47:00	0.69769	0.69776	0.69767	0.69767	177	0	0
2026.07.24	05:48:00	0.69767	0.69769	0.69749	0.69755	184	0	0
2026.07.24	05:49:00	0.69755	0.69763	0.69751	0.69751	224	0	0
2026.07.24	05:50:00	0.69751	0.69762	0.69751	0.69758	209	0	0
2026.07.24	05:51:00	0.69759	0.69761	0.69753	0.69756	242	0	0
2026.07.24	05:52:00	0.69756	0.69756	0.69745	0.69748	127	0	0
2026.07.24	05:53:00	0.69748	0.69751	0.69741	0.69742	136	0	0
2026.07.24	05:54:00	0.69742	0.69752	0.69739	0.69741	185	0	0
2026.07.24	05:55:00	0.69741	0.69748	0.69738	0.69741	236	0	0
2026.07.24	05:56:00	0.69741	0.69750	0.69740	0.69745	250	0	0
2026.07.24	05:57:00	0.69745	0.69749	0.69740	0.69745	193	0	0
2026.07.24	05:58:00	0.69745	0.69754	0.69740	0.69741	123	0	0
2026.07.24	05:59:00	0.69741	0.69743	0.69729	0.69732	157	0	0
2026.07.24	06:00:00	0.69732	0.69747	0.69728	0.69743	166	0	0
2026.07.24	06:01:00	0.69743	0.69747	0.69737	0.69739	117	0	0
2026.07.24	06:02:00	0.69739	0.69747	0.69738	0.69744	133	0	0
2026.07.24	06:03:00	0.69744	0.69755	0.69741	0.69752	121	0	0
2026.07.24	06:04:00	0.69752	0.69753	0.69743	0.69746	69	0	0
2026.07.24	06:05:00	0.69744	0.69750	0.69744	0.69746	66	0	0
2026.07.24	06:06:00	0.69746	0.69750	0.69742	0.69744	80	0	0
2026.07.24	06:07:00	0.69744	0.69751	0.69744	0.69747	74	0	0
2026.07.24	06:08:00	0.69747	0.69760	0.69747	0.69752	83	0	0
2026.07.24	06:09:00	0.69752	0.69753	0.69742	0.69748	96	0	0
2026.07.24	06:10:00	0.69748	0.69751	0.69742	0.69746	104	0	0
2026.07.24	06:11:00	0.69746	0.69752	0.69734	0.69752	157	0	0
2026.07.24	06:12:00	0.69752	0.69759	0.69748	0.69755	153	0	0
2026.07.24	06:13:00	0.69755	0.69764	0.69755	0.69763	151	0	0
2026.07.24	06:14:00	0.69763	0.69768	0.69762	0.69766	97	0	0
2026.07.24	06:15:00	0.69766	0.69771	0.69762	0.69765	135	0	0
2026.07.24	06:16:00	0.69765	0.69767	0.69760	0.69765	135	0	0
2026.07.24	06:17:00	0.69765	0.69769	0.69758	0.69758	167	0	0
2026.07.24	06:18:00	0.69758	0.69760	0.69750	0.69752	178	0	0
2026.07.24	06:19:00	0.69752	0.69754	0.69738	0.69739	104	0	0
2026.07.24	06:20:00	0.69739	0.69741	0.69734	0.69739	157	0	0
2026.07.24	06:21:00	0.69738	0.69747	0.69737	0.69746	188	0	0
2026.07.24	06:22:00	0.69746	0.69749	0.69743	0.69744	112	0	0
2026.07.24	06:23:00	0.69743	0.69747	0.69738	0.69744	145	0	0
2026.07.24	06:24:00	0.69744	0.69749	0.69742	0.69745	113	0	0
2026.07.24	06:25:00	0.69744	0.69752	0.69743	0.69750	163	0	0
2026.07.24	06:26:00	0.69751	0.69753	0.69747	0.69752	158	0	0
2026.07.24	06:27:00	0.69752	0.69756	0.69747	0.69753	162	0	0
2026.07.24	06:28:00	0.69753	0.69756	0.69742	0.69743	119	0	0
2026.07.24	06:29:00	0.69743	0.69744	0.69739	0.69740	73	0	0
2026.07.24	06:30:00	0.69740	0.69756	0.69740	0.69753	178	0	0
2026.07.24	06:31:00	0.69753	0.69761	0.69752	0.69757	135	0	0
2026.07.24	06:32:00	0.69757	0.69757	0.69746	0.69749	138	0	0
2026.07.24	06:33:00	0.69749	0.69756	0.69747	0.69754	113	0	0
2026.07.24	06:34:00	0.69754	0.69764	0.69750	0.69763	150	0	0
2026.07.24	06:35:00	0.69763	0.69768	0.69754	0.69759	251	0	0
2026.07.24	06:36:00	0.69758	0.69758	0.69748	0.69749	72	0	0
2026.07.24	06:37:00	0.69749	0.69751	0.69739	0.69744	86	0	0
2026.07.24	06:38:00	0.69744	0.69747	0.69739	0.69746	163	0	0
2026.07.24	06:39:00	0.69746	0.69748	0.69738	0.69741	145	0	0
2026.07.24	06:40:00	0.69741	0.69746	0.69738	0.69744	199	0	0
2026.07.24	06:41:00	0.69743	0.69746	0.69742	0.69743	120	0	0
2026.07.24	06:42:00	0.69743	0.69749	0.69742	0.69747	133	0	0
2026.07.24	06:43:00	0.69747	0.69747	0.69738	0.69739	61	0	0
2026.07.24	06:44:00	0.69739	0.69744	0.69738	0.69740	57	0	0
2026.07.24	06:45:00	0.69740	0.69742	0.69730	0.69733	80	0	0
2026.07.24	06:46:00	0.69733	0.69739	0.69733	0.69738	143	0	0
2026.07.24	06:47:00	0.69738	0.69742	0.69731	0.69733	100	0	0
2026.07.24	06:48:00	0.69733	0.69742	0.69732	0.69738	104	0	0
2026.07.24	06:49:00	0.69738	0.69742	0.69737	0.69737	76	0	0
2026.07.24	06:50:00	0.69737	0.69744	0.69735	0.69742	97	0	0
2026.07.24	06:51:00	0.69742	0.69746	0.69740	0.69744	69	0	0
2026.07.24	06:52:00	0.69745	0.69747	0.69742	0.69745	86	0	0
2026.07.24	06:53:00	0.69745	0.69749	0.69743	0.69748	99	0	0
2026.07.24	06:54:00	0.69748	0.69750	0.69742	0.69743	43	0	0
2026.07.24	06:55:00	0.69742	0.69743	0.69735	0.69736	85	0	0
2026.07.24	06:56:00	0.69736	0.69737	0.69735	0.69736	39	0	0
2026.07.24	06:57:00	0.69736	0.69744	0.69735	0.69741	145	0	0
2026.07.24	06:58:00	0.69741	0.69747	0.69738	0.69744	118	0	0
2026.07.24	06:59:00	0.69744	0.69748	0.69743	0.69747	109	0	0
2026.07.24	07:00:00	0.69747	0.69748	0.69739	0.69744	132	0	0
2026.07.24	07:01:00	0.69744	0.69753	0.69743	0.69749	83	0	0
2026.07.24	07:02:00	0.69749	0.69752	0.69744	0.69749	90	0	0
2026.07.24	07:03:00	0.69748	0.69750	0.69744	0.69744	98	0	0
2026.07.24	07:04:00	0.69744	0.69758	0.69743	0.69753	81	0	0
2026.07.24	07:05:00	0.69753	0.69760	0.69752	0.69758	141	0	0
2026.07.24	07:06:00	0.69758	0.69766	0.69758	0.69758	97	0	0
2026.07.24	07:07:00	0.69758	0.69765	0.69755	0.69763	95	0	0
2026.07.24	07:08:00	0.69763	0.69766	0.69758	0.69762	137	0	0
2026.07.24	07:09:00	0.69762	0.69771	0.69762	0.69770	75	0	0
2026.07.24	07:10:00	0.69770	0.69770	0.69761	0.69762	95	0	0
2026.07.24	07:11:00	0.69763	0.69763	0.69757	0.69758	85	0	0
2026.07.24	07:12:00	0.69758	0.69763	0.69754	0.69760	83	0	0
2026.07.24	07:13:00	0.69762	0.69763	0.69756	0.69757	142	0	0
2026.07.24	07:14:00	0.69757	0.69764	0.69757	0.69761	100	0	0
2026.07.24	07:15:00	0.69761	0.69764	0.69759	0.69760	128	0	0
2026.07.24	07:16:00	0.69763	0.69771	0.69761	0.69769	113	0	0
2026.07.24	07:17:00	0.69769	0.69771	0.69765	0.69771	97	0	0
2026.07.24	07:18:00	0.69771	0.69772	0.69758	0.69759	153	0	0
2026.07.24	07:19:00	0.69759	0.69765	0.69759	0.69764	108	0	0
2026.07.24	07:20:00	0.69764	0.69766	0.69758	0.69762	121	0	0
2026.07.24	07:21:00	0.69762	0.69765	0.69759	0.69762	114	0	0
2026.07.24	07:22:00	0.69761	0.69765	0.69759	0.69760	112	0	0
2026.07.24	07:23:00	0.69760	0.69766	0.69760	0.69763	83	0	0
2026.07.24	07:24:00	0.69763	0.69766	0.69755	0.69755	110	0	0
2026.07.24	07:25:00	0.69755	0.69756	0.69750	0.69751	95	0	0
2026.07.24	07:26:00	0.69751	0.69755	0.69749	0.69754	77	0	0
2026.07.24	07:27:00	0.69754	0.69760	0.69753	0.69756	165	0	0
2026.07.24	07:28:00	0.69756	0.69761	0.69753	0.69756	154	0	0
2026.07.24	07:29:00	0.69756	0.69757	0.69753	0.69755	91	0	0
2026.07.24	07:30:00	0.69755	0.69756	0.69748	0.69751	109	0	0
2026.07.24	07:31:00	0.69751	0.69754	0.69746	0.69749	117	0	0
2026.07.24	07:32:00	0.69749	0.69752	0.69740	0.69741	91	0	0
2026.07.24	07:33:00	0.69741	0.69743	0.69737	0.69740	98	0	0
2026.07.24	07:34:00	0.69740	0.69744	0.69738	0.69741	117	0	0
2026.07.24	07:35:00	0.69741	0.69747	0.69741	0.69746	184	0	0
2026.07.24	07:36:00	0.69746	0.69747	0.69739	0.69742	99	0	0
2026.07.24	07:37:00	0.69742	0.69743	0.69739	0.69740	74	0	0
2026.07.24	07:38:00	0.69740	0.69741	0.69737	0.69738	43	0	0
2026.07.24	07:39:00	0.69738	0.69741	0.69734	0.69737	87	0	0
2026.07.24	07:40:00	0.69737	0.69740	0.69727	0.69728	77	0	0
2026.07.24	07:41:00	0.69728	0.69729	0.69717	0.69718	131	0	0
2026.07.24	07:42:00	0.69718	0.69725	0.69716	0.69723	135	0	0
2026.07.24	07:43:00	0.69722	0.69727	0.69720	0.69722	129	0	0
2026.07.24	07:44:00	0.69722	0.69722	0.69717	0.69720	108	0	0
2026.07.24	07:45:00	0.69720	0.69731	0.69717	0.69731	139	0	0
2026.07.24	07:46:00	0.69731	0.69731	0.69719	0.69724	78	0	0
2026.07.24	07:47:00	0.69724	0.69724	0.69718	0.69719	56	0	0
2026.07.24	07:48:00	0.69719	0.69724	0.69715	0.69717	70	0	0
2026.07.24	07:49:00	0.69717	0.69718	0.69713	0.69715	79	0	0
2026.07.24	07:50:00	0.69715	0.69722	0.69713	0.69718	72	0	0
2026.07.24	07:51:00	0.69718	0.69719	0.69714	0.69714	88	0	0
2026.07.24	07:52:00	0.69716	0.69723	0.69714	0.69722	140	0	0
2026.07.24	07:53:00	0.69722	0.69725	0.69720	0.69723	124	0	0
2026.07.24	07:54:00	0.69723	0.69731	0.69722	0.69722	96	0	0
2026.07.24	07:55:00	0.69723	0.69727	0.69719	0.69724	112	0	0
2026.07.24	07:56:00	0.69724	0.69729	0.69723	0.69724	140	0	0
2026.07.24	07:57:00	0.69724	0.69732	0.69724	0.69728	90	0	0
2026.07.24	07:58:00	0.69729	0.69733	0.69724	0.69729	144	0	0
2026.07.24	07:59:00	0.69728	0.69736	0.69727	0.69732	90	0	0
2026.07.24	08:00:00	0.69732	0.69740	0.69730	0.69731	193	0	0
2026.07.24	08:01:00	0.69730	0.69732	0.69727	0.69727	110	0	0
2026.07.24	08:02:00	0.69727	0.69739	0.69727	0.69736	113	0	0
2026.07.24	08:03:00	0.69736	0.69746	0.69735	0.69739	180	0	0
2026.07.24	08:04:00	0.69739	0.69744	0.69737	0.69741	126	0	0
2026.07.24	08:05:00	0.69741	0.69746	0.69740	0.69744	87	0	0
2026.07.24	08:06:00	0.69744	0.69751	0.69742	0.69747	75	0	0
2026.07.24	08:07:00	0.69747	0.69762	0.69747	0.69759	120	0	0
2026.07.24	08:08:00	0.69759	0.69762	0.69757	0.69759	123	0	0
2026.07.24	08:09:00	0.69759	0.69767	0.69757	0.69760	93	0	0
2026.07.24	08:10:00	0.69760	0.69777	0.69759	0.69764	167	0	0
2026.07.24	08:11:00	0.69764	0.69775	0.69762	0.69769	125	0	0
2026.07.24	08:12:00	0.69769	0.69774	0.69765	0.69772	133	0	0
2026.07.24	08:13:00	0.69772	0.69775	0.69768	0.69769	146	0	0
2026.07.24	08:14:00	0.69769	0.69774	0.69764	0.69770	176	0	0
2026.07.24	08:15:00	0.69770	0.69776	0.69768	0.69774	165	0	0
2026.07.24	08:16:00	0.69774	0.69778	0.69768	0.69774	164	0	0
2026.07.24	08:17:00	0.69774	0.69779	0.69772	0.69773	131	0	0
2026.07.24	08:18:00	0.69773	0.69780	0.69769	0.69769	136	0	0
2026.07.24	08:19:00	0.69768	0.69776	0.69768	0.69774	144	0	0
2026.07.24	08:20:00	0.69775	0.69779	0.69772	0.69778	137	0	0
2026.07.24	08:21:00	0.69777	0.69787	0.69777	0.69784	168	0	0
2026.07.24	08:22:00	0.69784	0.69786	0.69778	0.69778	106	0	0
2026.07.24	08:23:00	0.69778	0.69780	0.69777	0.69778	109	0	0
2026.07.24	08:24:00	0.69778	0.69780	0.69771	0.69772	56	0	0
2026.07.24	08:25:00	0.69772	0.69776	0.69768	0.69773	143	0	0
2026.07.24	08:26:00	0.69773	0.69781	0.69773	0.69778	114	0	0
2026.07.24	08:27:00	0.69778	0.69783	0.69774	0.69774	78	0	0
2026.07.24	08:28:00	0.69774	0.69779	0.69774	0.69776	99	0	0
2026.07.24	08:29:00	0.69776	0.69780	0.69776	0.69778	77	0	0
2026.07.24	08:30:00	0.69778	0.69790	0.69778	0.69786	192	0	0
2026.07.24	08:31:00	0.69786	0.69797	0.69785	0.69797	170	0	0
2026.07.24	08:32:00	0.69797	0.69801	0.69793	0.69793	144	0	0
2026.07.24	08:33:00	0.69793	0.69798	0.69789	0.69796	127	0	0
2026.07.24	08:34:00	0.69796	0.69796	0.69787	0.69794	167	0	0
2026.07.24	08:35:00	0.69793	0.69796	0.69781	0.69784	129	0	0
2026.07.24	08:36:00	0.69784	0.69787	0.69777	0.69778	102	0	0
2026.07.24	08:37:00	0.69778	0.69778	0.69769	0.69771	155	0	0
2026.07.24	08:38:00	0.69771	0.69781	0.69770	0.69779	115	0	0
2026.07.24	08:39:00	0.69779	0.69782	0.69774	0.69780	196	0	0
2026.07.24	08:40:00	0.69780	0.69785	0.69779	0.69779	183	0	0
2026.07.24	08:41:00	0.69779	0.69785	0.69778	0.69783	163	0	0
2026.07.24	08:42:00	0.69783	0.69783	0.69772	0.69776	180	0	0
2026.07.24	08:43:00	0.69776	0.69776	0.69764	0.69768	114	0	0
2026.07.24	08:44:00	0.69768	0.69772	0.69757	0.69762	195	0	0
2026.07.24	08:45:00	0.69762	0.69769	0.69760	0.69765	157	0	0
2026.07.24	08:46:00	0.69765	0.69769	0.69763	0.69768	122	0	0
2026.07.24	08:47:00	0.69768	0.69775	0.69768	0.69772	145	0	0
2026.07.24	08:48:00	0.69771	0.69776	0.69769	0.69775	132	0	0
2026.07.24	08:49:00	0.69775	0.69776	0.69769	0.69770	146	0	0
2026.07.24	08:50:00	0.69770	0.69772	0.69764	0.69765	100	0	0
2026.07.24	08:51:00	0.69764	0.69766	0.69758	0.69758	72	0	0
2026.07.24	08:52:00	0.69758	0.69761	0.69752	0.69753	158	0	0
2026.07.24	08:53:00	0.69753	0.69757	0.69752	0.69753	101	0	0
2026.07.24	08:54:00	0.69753	0.69767	0.69750	0.69751	115	0	0
2026.07.24	08:55:00	0.69751	0.69754	0.69738	0.69741	165	0	0
2026.07.24	08:56:00	0.69741	0.69753	0.69737	0.69745	171	0	0
2026.07.24	08:57:00	0.69744	0.69747	0.69741	0.69743	131	0	0
2026.07.24	08:58:00	0.69743	0.69746	0.69737	0.69737	125	0	0
2026.07.24	08:59:00	0.69737	0.69739	0.69730	0.69732	148	0	0
2026.07.24	09:00:00	0.69732	0.69753	0.69732	0.69752	101	0	0
2026.07.24	09:01:00	0.69752	0.69753	0.69742	0.69742	83	0	0
2026.07.24	09:02:00	0.69742	0.69757	0.69739	0.69757	184	0	0
2026.07.24	09:03:00	0.69757	0.69757	0.69748	0.69748	85	0	0
2026.07.24	09:04:00	0.69748	0.69756	0.69748	0.69754	123	0	0
2026.07.24	09:05:00	0.69753	0.69758	0.69744	0.69749	167	0	0
2026.07.24	09:06:00	0.69749	0.69755	0.69743	0.69745	171	0	0
2026.07.24	09:07:00	0.69745	0.69748	0.69742	0.69745	165	0	0
2026.07.24	09:08:00	0.69745	0.69754	0.69742	0.69749	133	0	0
2026.07.24	09:09:00	0.69749	0.69753	0.69748	0.69750	145	0	0
2026.07.24	09:10:00	0.69750	0.69761	0.69750	0.69755	152	0	0
2026.07.24	09:11:00	0.69755	0.69756	0.69749	0.69750	68	0	0
2026.07.24	09:12:00	0.69750	0.69760	0.69747	0.69758	162	0	0
2026.07.24	09:13:00	0.69758	0.69758	0.69749	0.69755	88	0	0
2026.07.24	09:14:00	0.69755	0.69767	0.69753	0.69765	118	0	0
2026.07.24	09:15:00	0.69765	0.69768	0.69758	0.69761	144	0	0
2026.07.24	09:16:00	0.69760	0.69762	0.69752	0.69759	120	0	0
2026.07.24	09:17:00	0.69759	0.69765	0.69755	0.69765	82	0	0
2026.07.24	09:18:00	0.69765	0.69776	0.69763	0.69772	93	0	0
2026.07.24	09:19:00	0.69772	0.69786	0.69772	0.69784	116	0	0
2026.07.24	09:20:00	0.69784	0.69793	0.69783	0.69788	124	0	0
2026.07.24	09:21:00	0.69788	0.69796	0.69783	0.69789	99	0	0
2026.07.24	09:22:00	0.69788	0.69803	0.69787	0.69799	125	0	0
2026.07.24	09:23:00	0.69799	0.69799	0.69790	0.69793	126	0	0
2026.07.24	09:24:00	0.69793	0.69797	0.69792	0.69793	114	0	0
2026.07.24	09:25:00	0.69793	0.69805	0.69788	0.69798	179	0	0
2026.07.24	09:26:00	0.69798	0.69808	0.69794	0.69806	100	0	0
2026.07.24	09:27:00	0.69806	0.69807	0.69793	0.69798	104	0	0
2026.07.24	09:28:00	0.69797	0.69802	0.69793	0.69796	107	0	0
2026.07.24	09:29:00	0.69796	0.69811	0.69796	0.69807	119	0	0
2026.07.24	09:30:00	0.69807	0.69808	0.69798	0.69799	85	0	0
2026.07.24	09:31:00	0.69799	0.69802	0.69795	0.69797	65	0	0
2026.07.24	09:32:00	0.69797	0.69799	0.69789	0.69796	104	0	0
2026.07.24	09:33:00	0.69796	0.69811	0.69796	0.69808	90	0	0
2026.07.24	09:34:00	0.69808	0.69814	0.69803	0.69812	126	0	0
2026.07.24	09:35:00	0.69812	0.69814	0.69804	0.69811	175	0	0
2026.07.24	09:36:00	0.69811	0.69814	0.69802	0.69803	176	0	0
2026.07.24	09:37:00	0.69803	0.69817	0.69802	0.69813	163	0	0
2026.07.24	09:38:00	0.69813	0.69817	0.69810	0.69811	193	0	0
2026.07.24	09:39:00	0.69811	0.69816	0.69807	0.69814	103	0	0
2026.07.24	09:40:00	0.69814	0.69816	0.69802	0.69804	113	0	0
2026.07.24	09:41:00	0.69804	0.69807	0.69802	0.69805	86	0	0
2026.07.24	09:42:00	0.69805	0.69809	0.69802	0.69806	87	0	0
2026.07.24	09:43:00	0.69806	0.69808	0.69802	0.69803	73	0	0
2026.07.24	09:44:00	0.69803	0.69803	0.69797	0.69798	70	0	0
2026.07.24	09:45:00	0.69798	0.69807	0.69797	0.69801	112	0	0
2026.07.24	09:46:00	0.69801	0.69807	0.69801	0.69803	60	0	0
2026.07.24	09:47:00	0.69803	0.69806	0.69798	0.69803	87	0	0
2026.07.24	09:48:00	0.69803	0.69806	0.69793	0.69795	46	0	0
2026.07.24	09:49:00	0.69795	0.69800	0.69793	0.69798	130	0	0
2026.07.24	09:50:00	0.69797	0.69804	0.69797	0.69798	77	0	0
2026.07.24	09:51:00	0.69798	0.69800	0.69785	0.69791	104	0	0
2026.07.24	09:52:00	0.69791	0.69801	0.69790	0.69796	100	0	0
2026.07.24	09:53:00	0.69796	0.69813	0.69796	0.69810	147	0	0
2026.07.24	09:54:00	0.69810	0.69815	0.69804	0.69808	183	0	0
2026.07.24	09:55:00	0.69808	0.69814	0.69803	0.69812	185	0	0
2026.07.24	09:56:00	0.69812	0.69821	0.69809	0.69818	139	0	0
2026.07.24	09:57:00	0.69818	0.69819	0.69811	0.69814	123	0	0
2026.07.24	09:58:00	0.69814	0.69821	0.69813	0.69819	179	0	0
2026.07.24	09:59:00	0.69820	0.69835	0.69819	0.69834	235	0	0
2026.07.24	10:00:00	0.69834	0.69851	0.69831	0.69848	237	0	0
2026.07.24	10:01:00	0.69848	0.69850	0.69841	0.69845	146	0	0
2026.07.24	10:02:00	0.69845	0.69860	0.69844	0.69855	108	0	0
2026.07.24	10:03:00	0.69855	0.69871	0.69843	0.69868	202	0	0
2026.07.24	10:04:00	0.69868	0.69868	0.69854	0.69855	158	0	0
2026.07.24	10:05:00	0.69855	0.69859	0.69853	0.69853	103	0	0
2026.07.24	10:06:00	0.69853	0.69855	0.69840	0.69848	136	0	0
2026.07.24	10:07:00	0.69848	0.69858	0.69845	0.69853	132	0	0
2026.07.24	10:08:00	0.69853	0.69854	0.69843	0.69849	175	0	0
2026.07.24	10:09:00	0.69849	0.69868	0.69849	0.69866	230	0	0
2026.07.24	10:10:00	0.69866	0.69872	0.69862	0.69869	248	0	0
2026.07.24	10:11:00	0.69868	0.69878	0.69867	0.69874	121	0	0
2026.07.24	10:12:00	0.69874	0.69882	0.69871	0.69875	191	0	0
2026.07.24	10:13:00	0.69874	0.69879	0.69863	0.69867	225	0	0
2026.07.24	10:14:00	0.69868	0.69874	0.69863	0.69863	140	0	0
2026.07.24	10:15:00	0.69863	0.69869	0.69858	0.69866	221	0	0
2026.07.24	10:16:00	0.69866	0.69869	0.69854	0.69856	196	0	0
2026.07.24	10:17:00	0.69856	0.69857	0.69842	0.69845	199	0	0
2026.07.24	10:18:00	0.69845	0.69858	0.69845	0.69857	146	0	0
2026.07.24	10:19:00	0.69857	0.69865	0.69857	0.69863	132	0	0
2026.07.24	10:20:00	0.69863	0.69870	0.69861	0.69868	135	0	0
2026.07.24	10:21:00	0.69868	0.69873	0.69864	0.69873	178	0	0
2026.07.24	10:22:00	0.69873	0.69877	0.69864	0.69871	176	0	0
2026.07.24	10:23:00	0.69871	0.69874	0.69864	0.69866	130	0	0
2026.07.24	10:24:00	0.69866	0.69872	0.69863	0.69870	169	0	0
2026.07.24	10:25:00	0.69870	0.69885	0.69868	0.69884	181	0	0
2026.07.24	10:26:00	0.69883	0.69886	0.69878	0.69881	147	0	0
2026.07.24	10:27:00	0.69881	0.69888	0.69880	0.69886	148	0	0
2026.07.24	10:28:00	0.69886	0.69889	0.69878	0.69887	119	0	0
2026.07.24	10:29:00	0.69887	0.69887	0.69877	0.69878	119	0	0
2026.07.24	10:30:00	0.69878	0.69892	0.69878	0.69888	189	0	0
2026.07.24	10:31:00	0.69888	0.69897	0.69883	0.69885	177	0	0
2026.07.24	10:32:00	0.69885	0.69886	0.69865	0.69870	164	0	0
2026.07.24	10:33:00	0.69870	0.69874	0.69864	0.69871	190	0	0
2026.07.24	10:34:00	0.69871	0.69875	0.69868	0.69873	207	0	0
2026.07.24	10:35:00	0.69873	0.69880	0.69863	0.69864	191	0	0
2026.07.24	10:36:00	0.69864	0.69870	0.69860	0.69860	233	0	0
2026.07.24	10:37:00	0.69860	0.69864	0.69848	0.69853	122	0	0
2026.07.24	10:38:00	0.69853	0.69854	0.69845	0.69852	153	0	0
2026.07.24	10:39:00	0.69850	0.69852	0.69834	0.69838	228	0	0
2026.07.24	10:40:00	0.69838	0.69841	0.69832	0.69833	138	0	0
2026.07.24	10:41:00	0.69833	0.69835	0.69826	0.69829	135	0	0
2026.07.24	10:42:00	0.69829	0.69831	0.69820	0.69822	131	0	0
2026.07.24	10:43:00	0.69822	0.69828	0.69818	0.69827	117	0	0
2026.07.24	10:44:00	0.69826	0.69842	0.69826	0.69838	86	0	0
2026.07.24	10:45:00	0.69837	0.69838	0.69830	0.69832	75	0	0
2026.07.24	10:46:00	0.69832	0.69835	0.69829	0.69832	107	0	0
2026.07.24	10:47:00	0.69832	0.69837	0.69824	0.69833	125	0	0
2026.07.24	10:48:00	0.69833	0.69836	0.69823	0.69833	151	0	0
2026.07.24	10:49:00	0.69833	0.69843	0.69831	0.69842	145	0	0
2026.07.24	10:50:00	0.69842	0.69845	0.69833	0.69835	185	0	0
2026.07.24	10:51:00	0.69835	0.69839	0.69829	0.69839	142	0	0
2026.07.24	10:52:00	0.69839	0.69846	0.69835	0.69837	71	0	0
2026.07.24	10:53:00	0.69838	0.69845	0.69834	0.69845	165	0	0
2026.07.24	10:54:00	0.69845	0.69853	0.69842	0.69851	154	0	0
2026.07.24	10:55:00	0.69851	0.69855	0.69844	0.69847	115	0	0
2026.07.24	10:56:00	0.69847	0.69848	0.69843	0.69844	109	0	0
2026.07.24	10:57:00	0.69844	0.69854	0.69844	0.69850	209	0	0
2026.07.24	10:58:00	0.69850	0.69851	0.69843	0.69843	83	0	0
2026.07.24	10:59:00	0.69843	0.69845	0.69839	0.69845	103	0	0
2026.07.24	11:00:00	0.69845	0.69846	0.69837	0.69842	149	0	0
2026.07.24	11:01:00	0.69842	0.69847	0.69833	0.69835	199	0	0
2026.07.24	11:02:00	0.69835	0.69840	0.69832	0.69834	140	0	0
2026.07.24	11:03:00	0.69834	0.69835	0.69826	0.69833	147	0	0
2026.07.24	11:04:00	0.69833	0.69840	0.69832	0.69834	137	0	0
2026.07.24	11:05:00	0.69834	0.69839	0.69832	0.69834	156	0	0
2026.07.24	11:06:00	0.69834	0.69846	0.69833	0.69846	124	0	0
2026.07.24	11:07:00	0.69845	0.69851	0.69842	0.69849	114	0	0
2026.07.24	11:08:00	0.69849	0.69853	0.69847	0.69851	146	0	0
2026.07.24	11:09:00	0.69851	0.69861	0.69849	0.69858	122	0	0
2026.07.24	11:10:00	0.69858	0.69866	0.69856	0.69858	144	0	0
2026.07.24	11:11:00	0.69858	0.69865	0.69856	0.69863	145	0	0
2026.07.24	11:12:00	0.69863	0.69863	0.69850	0.69860	85	0	0
2026.07.24	11:13:00	0.69860	0.69867	0.69857	0.69862	96	0	0
2026.07.24	11:14:00	0.69862	0.69867	0.69859	0.69860	114	0	0
2026.07.24	11:15:00	0.69860	0.69864	0.69855	0.69862	123	0	0
2026.07.24	11:16:00	0.69862	0.69871	0.69859	0.69870	119	0	0
2026.07.24	11:17:00	0.69870	0.69874	0.69862	0.69863	111	0	0
2026.07.24	11:18:00	0.69863	0.69864	0.69853	0.69854	121	0	0
2026.07.24	11:19:00	0.69854	0.69863	0.69854	0.69863	89	0	0
2026.07.24	11:20:00	0.69863	0.69863	0.69850	0.69860	136	0	0
2026.07.24	11:21:00	0.69860	0.69864	0.69847	0.69851	135	0	0
2026.07.24	11:22:00	0.69851	0.69863	0.69851	0.69859	132	0	0
2026.07.24	11:23:00	0.69859	0.69870	0.69857	0.69864	99	0	0
2026.07.24	11:24:00	0.69864	0.69865	0.69857	0.69858	84	0	0
2026.07.24	11:25:00	0.69858	0.69864	0.69855	0.69861	94	0	0
2026.07.24	11:26:00	0.69861	0.69881	0.69860	0.69870	183	0	0
2026.07.24	11:27:00	0.69870	0.69877	0.69868	0.69876	93	0	0
2026.07.24	11:28:00	0.69876	0.69877	0.69868	0.69869	103	0	0
2026.07.24	11:29:00	0.69869	0.69889	0.69869	0.69886	227	0	0
2026.07.24	11:30:00	0.69886	0.69886	0.69875	0.69882	177	0	0
2026.07.24	11:31:00	0.69882	0.69886	0.69874	0.69881	187	0	0
2026.07.24	11:32:00	0.69882	0.69886	0.69876	0.69881	167	0	0
2026.07.24	11:33:00	0.69882	0.69892	0.69879	0.69881	147	0	0
2026.07.24	11:34:00	0.69881	0.69881	0.69874	0.69874	114	0	0
2026.07.24	11:35:00	0.69874	0.69876	0.69864	0.69865	64	0	0
2026.07.24	11:36:00	0.69865	0.69881	0.69865	0.69880	151	0	0
2026.07.24	11:37:00	0.69880	0.69882	0.69874	0.69875	122	0	0
2026.07.24	11:38:00	0.69875	0.69878	0.69868	0.69872	158	0	0
2026.07.24	11:39:00	0.69872	0.69882	0.69872	0.69873	111	0	0
2026.07.24	11:40:00	0.69873	0.69878	0.69872	0.69875	90	0	0
2026.07.24	11:41:00	0.69875	0.69876	0.69869	0.69871	102	0	0
2026.07.24	11:42:00	0.69871	0.69880	0.69870	0.69875	159	0	0
2026.07.24	11:43:00	0.69875	0.69876	0.69870	0.69874	172	0	0
2026.07.24	11:44:00	0.69874	0.69880	0.69872	0.69877	96	0	0
2026.07.24	11:45:00	0.69877	0.69883	0.69872	0.69875	129	0	0
2026.07.24	11:46:00	0.69875	0.69878	0.69873	0.69876	100	0	0
2026.07.24	11:47:00	0.69876	0.69880	0.69865	0.69867	112	0	0
2026.07.24	11:48:00	0.69868	0.69869	0.69859	0.69862	180	0	0
2026.07.24	11:49:00	0.69862	0.69865	0.69860	0.69861	56	0	0
2026.07.24	11:50:00	0.69861	0.69870	0.69859	0.69864	143	0	0
2026.07.24	11:51:00	0.69864	0.69870	0.69862	0.69868	71	0	0
2026.07.24	11:52:00	0.69868	0.69870	0.69863	0.69869	78	0	0
2026.07.24	11:53:00	0.69871	0.69880	0.69869	0.69876	119	0	0
2026.07.24	11:54:00	0.69876	0.69883	0.69875	0.69878	139	0	0
2026.07.24	11:55:00	0.69877	0.69882	0.69875	0.69878	135	0	0
2026.07.24	11:56:00	0.69878	0.69885	0.69876	0.69881	130	0	0
2026.07.24	11:57:00	0.69881	0.69883	0.69877	0.69879	99	0	0
2026.07.24	11:58:00	0.69879	0.69882	0.69876	0.69879	132	0	0
2026.07.24	11:59:00	0.69879	0.69882	0.69875	0.69878	133	0	0
2026.07.24	12:00:00	0.69878	0.69880	0.69874	0.69875	236	0	0
2026.07.24	12:01:00	0.69875	0.69883	0.69870	0.69880	245	0	0
2026.07.24	12:02:00	0.69880	0.69892	0.69879	0.69891	193	0	0
2026.07.24	12:03:00	0.69891	0.69894	0.69883	0.69892	174	0	0
2026.07.24	12:04:00	0.69892	0.69894	0.69875	0.69879	180	0	0
2026.07.24	12:05:00	0.69879	0.69884	0.69876	0.69879	185	0	0
2026.07.24	12:06:00	0.69879	0.69891	0.69878	0.69887	160	0	0
2026.07.24	12:07:00	0.69887	0.69895	0.69884	0.69894	147	0	0
2026.07.24	12:08:00	0.69893	0.69893	0.69882	0.69887	99	0	0
2026.07.24	12:09:00	0.69886	0.69900	0.69884	0.69900	189	0	0
2026.07.24	12:10:00	0.69900	0.69900	0.69886	0.69886	158	0	0
2026.07.24	12:11:00	0.69886	0.69889	0.69877	0.69878	149	0	0
2026.07.24	12:12:00	0.69878	0.69883	0.69870	0.69872	88	0	0
2026.07.24	12:13:00	0.69872	0.69876	0.69869	0.69869	102	0	0
2026.07.24	12:14:00	0.69868	0.69869	0.69862	0.69868	90	0	0
2026.07.24	12:15:00	0.69868	0.69872	0.69862	0.69863	134	0	0
2026.07.24	12:16:00	0.69863	0.69879	0.69863	0.69877	154	0	0
2026.07.24	12:17:00	0.69877	0.69885	0.69877	0.69878	141	0	0
2026.07.24	12:18:00	0.69878	0.69884	0.69876	0.69878	102	0	0
2026.07.24	12:19:00	0.69878	0.69889	0.69874	0.69883	88	0	0
2026.07.24	12:20:00	0.69883	0.69886	0.69873	0.69875	121	0	0
2026.07.24	12:21:00	0.69875	0.69881	0.69875	0.69880	112	0	0
2026.07.24	12:22:00	0.69880	0.69883	0.69878	0.69881	71	0	0
2026.07.24	12:23:00	0.69880	0.69882	0.69875	0.69880	102	0	0
2026.07.24	12:24:00	0.69880	0.69881	0.69873	0.69877	97	0	0
2026.07.24	12:25:00	0.69877	0.69888	0.69876	0.69883	124	0	0
2026.07.24	12:26:00	0.69883	0.69889	0.69880	0.69885	75	0	0
2026.07.24	12:27:00	0.69884	0.69890	0.69883	0.69887	126	0	0
2026.07.24	12:28:00	0.69887	0.69891	0.69880	0.69887	126	0	0
2026.07.24	12:29:00	0.69887	0.69897	0.69887	0.69894	179	0	0
2026.07.24	12:30:00	0.69894	0.69894	0.69883	0.69888	99	0	0
2026.07.24	12:31:00	0.69888	0.69892	0.69886	0.69890	62	0	0
2026.07.24	12:32:00	0.69890	0.69897	0.69887	0.69888	84	0	0
2026.07.24	12:33:00	0.69888	0.69892	0.69885	0.69889	116	0	0
2026.07.24	12:34:00	0.69889	0.69894	0.69887	0.69890	114	0	0
2026.07.24	12:35:00	0.69890	0.69892	0.69877	0.69878	70	0	0
2026.07.24	12:36:00	0.69878	0.69884	0.69878	0.69879	139	0	0
2026.07.24	12:37:00	0.69879	0.69881	0.69873	0.69877	98	0	0
2026.07.24	12:38:00	0.69877	0.69880	0.69867	0.69871	101	0	0
2026.07.24	12:39:00	0.69872	0.69877	0.69870	0.69875	89	0	0
2026.07.24	12:40:00	0.69874	0.69877	0.69866	0.69867	69	0	0
2026.07.24	12:41:00	0.69867	0.69876	0.69864	0.69872	124	0	0
2026.07.24	12:42:00	0.69872	0.69876	0.69871	0.69875	74	0	0
2026.07.24	12:43:00	0.69875	0.69886	0.69875	0.69879	129	0	0
2026.07.24	12:44:00	0.69879	0.69886	0.69877	0.69881	151	0	0
2026.07.24	12:45:00	0.69881	0.69884	0.69878	0.69879	95	0	0
2026.07.24	12:46:00	0.69879	0.69884	0.69879	0.69881	77	0	0
2026.07.24	12:47:00	0.69882	0.69889	0.69881	0.69883	105	0	0
2026.07.24	12:48:00	0.69883	0.69883	0.69879	0.69881	88	0	0
2026.07.24	12:49:00	0.69881	0.69887	0.69879	0.69879	83	0	0
2026.07.24	12:50:00	0.69879	0.69884	0.69872	0.69877	94	0	0
2026.07.24	12:51:00	0.69877	0.69883	0.69876	0.69877	113	0	0
2026.07.24	12:52:00	0.69878	0.69887	0.69876	0.69883	138	0	0
2026.07.24	12:53:00	0.69883	0.69886	0.69876	0.69879	119	0	0
2026.07.24	12:54:00	0.69879	0.69894	0.69878	0.69893	146	0	0
2026.07.24	12:55:00	0.69893	0.69901	0.69893	0.69898	28	0	0
2026.07.24	12:56:00	0.69898	0.69901	0.69894	0.69897	86	0	0
2026.07.24	12:57:00	0.69897	0.69906	0.69893	0.69903	152	0	0
2026.07.24	12:58:00	0.69903	0.69909	0.69903	0.69907	147	0	0
2026.07.24	12:59:00	0.69906	0.69922	0.69904	0.69922	171	0	0
2026.07.24	13:00:00	0.69922	0.69927	0.69916	0.69918	190	0	0
2026.07.24	13:01:00	0.69919	0.69921	0.69907	0.69909	143	0	0
2026.07.24	13:02:00	0.69909	0.69922	0.69909	0.69919	167	0	0
2026.07.24	13:03:00	0.69919	0.69922	0.69914	0.69916	161	0	0
2026.07.24	13:04:00	0.69916	0.69922	0.69913	0.69916	141	0	0
2026.07.24	13:05:00	0.69916	0.69918	0.69910	0.69914	91	0	0
2026.07.24	13:06:00	0.69914	0.69921	0.69914	0.69914	102	0	0
2026.07.24	13:07:00	0.69914	0.69914	0.69904	0.69907	117	0	0
2026.07.24	13:08:00	0.69907	0.69916	0.69907	0.69914	67	0	0
2026.07.24	13:09:00	0.69914	0.69922	0.69911	0.69919	169	0	0
2026.07.24	13:10:00	0.69919	0.69922	0.69917	0.69918	105	0	0
2026.07.24	13:11:00	0.69918	0.69920	0.69916	0.69920	85	0	0
2026.07.24	13:12:00	0.69920	0.69921	0.69914	0.69919	69	0	0
2026.07.24	13:13:00	0.69919	0.69922	0.69917	0.69918	79	0	0
2026.07.24	13:14:00	0.69918	0.69925	0.69915	0.69920	73	0	0
2026.07.24	13:15:00	0.69920	0.69923	0.69917	0.69921	62	0	0
2026.07.24	13:16:00	0.69921	0.69927	0.69919	0.69926	133	0	0
2026.07.24	13:17:00	0.69927	0.69932	0.69925	0.69930	107	0	0
2026.07.24	13:18:00	0.69930	0.69937	0.69927	0.69928	116	0	0
2026.07.24	13:19:00	0.69927	0.69932	0.69923	0.69931	87	0	0
2026.07.24	13:20:00	0.69931	0.69940	0.69928	0.69938	112	0	0
2026.07.24	13:21:00	0.69938	0.69941	0.69931	0.69935	129	0	0
2026.07.24	13:22:00	0.69935	0.69941	0.69933	0.69941	97	0	0
2026.07.24	13:23:00	0.69941	0.69946	0.69931	0.69933	111	0	0
2026.07.24	13:24:00	0.69933	0.69938	0.69932	0.69935	50	0	0
2026.07.24	13:25:00	0.69935	0.69938	0.69930	0.69935	105	0	0
2026.07.24	13:26:00	0.69935	0.69945	0.69935	0.69942	113	0	0
2026.07.24	13:27:00	0.69942	0.69954	0.69942	0.69951	94	0	0
2026.07.24	13:28:00	0.69951	0.69953	0.69946	0.69946	104	0	0
2026.07.24	13:29:00	0.69946	0.69948	0.69943	0.69946	188	0	0
2026.07.24	13:30:00	0.69946	0.69950	0.69944	0.69948	158	0	0
2026.07.24	13:31:00	0.69949	0.69954	0.69947	0.69947	107	0	0
2026.07.24	13:32:00	0.69948	0.69949	0.69944	0.69948	145	0	0
2026.07.24	13:33:00	0.69949	0.69956	0.69948	0.69949	97	0	0
2026.07.24	13:34:00	0.69949	0.69953	0.69944	0.69947	124	0	0
2026.07.24	13:35:00	0.69947	0.69947	0.69938	0.69941	129	0	0
2026.07.24	13:36:00	0.69941	0.69944	0.69939	0.69942	61	0	0
2026.07.24	13:37:00	0.69942	0.69950	0.69942	0.69946	84	0	0
2026.07.24	13:38:00	0.69946	0.69949	0.69944	0.69944	53	0	0
2026.07.24	13:39:00	0.69945	0.69946	0.69939	0.69939	39	0	0
2026.07.24	13:40:00	0.69939	0.69941	0.69929	0.69934	102	0	0
2026.07.24	13:41:00	0.69934	0.69939	0.69932	0.69935	75	0	0
2026.07.24	13:42:00	0.69935	0.69939	0.69928	0.69931	95	0	0
2026.07.24	13:43:00	0.69930	0.69934	0.69928	0.69933	114	0	0
2026.07.24	13:44:00	0.69933	0.69936	0.69922	0.69924	80	0	0
2026.07.24	13:45:00	0.69924	0.69930	0.69918	0.69927	90	0	0
2026.07.24	13:46:00	0.69927	0.69929	0.69922	0.69925	121	0	0
2026.07.24	13:47:00	0.69924	0.69931	0.69923	0.69929	80	0	0
2026.07.24	13:48:00	0.69929	0.69931	0.69923	0.69926	104	0	0
2026.07.24	13:49:00	0.69926	0.69927	0.69921	0.69923	85	0	0
2026.07.24	13:50:00	0.69922	0.69924	0.69915	0.69917	112	0	0
2026.07.24	13:51:00	0.69916	0.69922	0.69912	0.69914	99	0	0
2026.07.24	13:52:00	0.69914	0.69916	0.69906	0.69914	100	0	0
2026.07.24	13:53:00	0.69914	0.69916	0.69905	0.69909	117	0	0
2026.07.24	13:54:00	0.69909	0.69913	0.69905	0.69908	77	0	0
2026.07.24	13:55:00	0.69908	0.69911	0.69901	0.69909	118	0	0
2026.07.24	13:56:00	0.69909	0.69912	0.69907	0.69909	138	0	0
2026.07.24	13:57:00	0.69909	0.69914	0.69907	0.69914	146	0	0
2026.07.24	13:58:00	0.69914	0.69921	0.69914	0.69918	148	0	0
2026.07.24	13:59:00	0.69920	0.69920	0.69915	0.69916	126	0	0
2026.07.24	14:00:00	0.69916	0.69922	0.69915	0.69918	151	0	0
2026.07.24	14:01:00	0.69918	0.69927	0.69917	0.69926	184	0	0
2026.07.24	14:02:00	0.69926	0.69932	0.69924	0.69929	176	0	0
2026.07.24	14:03:00	0.69929	0.69933	0.69922	0.69927	192	0	0
2026.07.24	14:04:00	0.69928	0.69930	0.69924	0.69928	142	0	0
2026.07.24	14:05:00	0.69927	0.69933	0.69925	0.69925	133	0	0
2026.07.24	14:06:00	0.69925	0.69927	0.69918	0.69926	114	0	0
2026.07.24	14:07:00	0.69927	0.69930	0.69919	0.69924	127	0	0
2026.07.24	14:08:00	0.69924	0.69924	0.69919	0.69920	159	0	0
2026.07.24	14:09:00	0.69920	0.69925	0.69917	0.69921	156	0	0
2026.07.24	14:10:00	0.69920	0.69926	0.69920	0.69924	94	0	0
2026.07.24	14:11:00	0.69924	0.69925	0.69918	0.69923	126	0	0
2026.07.24	14:12:00	0.69923	0.69929	0.69923	0.69926	47	0	0
2026.07.24	14:13:00	0.69927	0.69927	0.69921	0.69922	84	0	0
2026.07.24	14:14:00	0.69922	0.69934	0.69922	0.69932	84	0	0
2026.07.24	14:15:00	0.69933	0.69935	0.69926	0.69931	144	0	0
2026.07.24	14:16:00	0.69932	0.69935	0.69930	0.69933	110	0	0
2026.07.24	14:17:00	0.69933	0.69935	0.69928	0.69934	80	0	0
2026.07.24	14:18:00	0.69934	0.69934	0.69917	0.69921	101	0	0
2026.07.24	14:19:00	0.69920	0.69921	0.69908	0.69911	120	0	0
2026.07.24	14:20:00	0.69911	0.69915	0.69909	0.69912	83	0	0
2026.07.24	14:21:00	0.69912	0.69914	0.69908	0.69910	40	0	0
2026.07.24	14:22:00	0.69909	0.69915	0.69905	0.69906	93	0	0
2026.07.24	14:23:00	0.69906	0.69909	0.69906	0.69907	109	0	0
2026.07.24	14:24:00	0.69907	0.69909	0.69906	0.69907	20	0	0
2026.07.24	14:25:00	0.69907	0.69909	0.69903	0.69905	89	0	0
2026.07.24	14:26:00	0.69905	0.69909	0.69898	0.69899	88	0	0
2026.07.24	14:27:00	0.69899	0.69907	0.69898	0.69905	88	0	0
2026.07.24	14:28:00	0.69905	0.69908	0.69900	0.69900	78	0	0
2026.07.24	14:29:00	0.69900	0.69900	0.69895	0.69895	70	0	0
2026.07.24	14:30:00	0.69895	0.69903	0.69892	0.69894	101	0	0
2026.07.24	14:31:00	0.69894	0.69904	0.69893	0.69900	114	0	0
2026.07.24	14:32:00	0.69900	0.69904	0.69899	0.69901	71	0	0
2026.07.24	14:33:00	0.69901	0.69904	0.69895	0.69897	65	0	0
2026.07.24	14:34:00	0.69897	0.69899	0.69895	0.69896	53	0	0
2026.07.24	14:35:00	0.69896	0.69899	0.69889	0.69892	92	0	0
2026.07.24	14:36:00	0.69891	0.69903	0.69891	0.69903	174	0	0
2026.07.24	14:37:00	0.69902	0.69904	0.69896	0.69896	88	0	0
2026.07.24	14:38:00	0.69896	0.69899	0.69891	0.69892	95	0	0
2026.07.24	14:39:00	0.69892	0.69897	0.69891	0.69892	152	0	0
2026.07.24	14:40:00	0.69892	0.69893	0.69880	0.69885	139	0	0
2026.07.24	14:41:00	0.69885	0.69893	0.69880	0.69893	113	0	0
2026.07.24	14:42:00	0.69892	0.69894	0.69887	0.69889	122	0	0
2026.07.24	14:43:00	0.69889	0.69892	0.69886	0.69888	114	0	0
2026.07.24	14:44:00	0.69888	0.69892	0.69885	0.69888	71	0	0
2026.07.24	14:45:00	0.69888	0.69895	0.69888	0.69890	78	0	0
2026.07.24	14:46:00	0.69890	0.69893	0.69887	0.69892	108	0	0
2026.07.24	14:47:00	0.69892	0.69892	0.69881	0.69887	102	0	0
2026.07.24	14:48:00	0.69887	0.69887	0.69881	0.69882	87	0	0
2026.07.24	14:49:00	0.69882	0.69890	0.69880	0.69887	117	0	0
2026.07.24	14:50:00	0.69887	0.69892	0.69884	0.69886	74	0	0
2026.07.24	14:51:00	0.69886	0.69889	0.69882	0.69882	109	0	0
2026.07.24	14:52:00	0.69882	0.69883	0.69875	0.69878	102	0	0
2026.07.24	14:53:00	0.69877	0.69882	0.69874	0.69876	128	0	0
2026.07.24	14:54:00	0.69876	0.69880	0.69872	0.69879	134	0	0
2026.07.24	14:55:00	0.69879	0.69880	0.69866	0.69868	181	0	0
2026.07.24	14:56:00	0.69869	0.69871	0.69858	0.69858	97	0	0
2026.07.24	14:57:00	0.69858	0.69860	0.69851	0.69854	148	0	0
2026.07.24	14:58:00	0.69854	0.69897	0.69852	0.69892	310	0	0
2026.07.24	14:59:00	0.69892	0.69901	0.69882	0.69883	282	0	0
2026.07.24	15:00:00	0.69883	0.69890	0.69879	0.69884	245	0	0
2026.07.24	15:01:00	0.69884	0.69885	0.69867	0.69867	161	0	0
2026.07.24	15:02:00	0.69867	0.69872	0.69858	0.69866	140	0	0
2026.07.24	15:03:00	0.69866	0.69870	0.69856	0.69860	131	0	0
2026.07.24	15:04:00	0.69860	0.69867	0.69856	0.69866	193	0	0
2026.07.24	15:05:00	0.69866	0.69867	0.69852	0.69865	144	0	0
2026.07.24	15:06:00	0.69865	0.69876	0.69865	0.69872	127	0	0
2026.07.24	15:07:00	0.69872	0.69874	0.69866	0.69873	170	0	0
2026.07.24	15:08:00	0.69872	0.69873	0.69865	0.69871	159	0	0
2026.07.24	15:09:00	0.69871	0.69886	0.69869	0.69880	183	0	0
2026.07.24	15:10:00	0.69880	0.69882	0.69870	0.69878	160	0	0
2026.07.24	15:11:00	0.69878	0.69886	0.69877	0.69877	164	0	0
2026.07.24	15:12:00	0.69877	0.69883	0.69873	0.69874	139	0	0
2026.07.24	15:13:00	0.69874	0.69874	0.69869	0.69871	94	0	0
2026.07.24	15:14:00	0.69870	0.69880	0.69870	0.69878	102	0	0
2026.07.24	15:15:00	0.69878	0.69879	0.69868	0.69871	135	0	0
2026.07.24	15:16:00	0.69871	0.69876	0.69868	0.69870	71	0	0
2026.07.24	15:17:00	0.69870	0.69872	0.69865	0.69868	54	0	0
2026.07.24	15:18:00	0.69868	0.69870	0.69866	0.69867	86	0	0
2026.07.24	15:19:00	0.69867	0.69869	0.69855	0.69856	127	0	0
2026.07.24	15:20:00	0.69856	0.69858	0.69842	0.69855	122	0	0
2026.07.24	15:21:00	0.69855	0.69860	0.69849	0.69852	162	0	0
2026.07.24	15:22:00	0.69851	0.69857	0.69846	0.69849	121	0	0
2026.07.24	15:23:00	0.69849	0.69850	0.69845	0.69848	133	0	0
2026.07.24	15:24:00	0.69849	0.69855	0.69846	0.69851	131	0	0
2026.07.24	15:25:00	0.69851	0.69852	0.69824	0.69839	221	0	0
2026.07.24	15:26:00	0.69839	0.69843	0.69835	0.69836	165	0	0
2026.07.24	15:27:00	0.69836	0.69843	0.69833	0.69834	128	0	0
2026.07.24	15:28:00	0.69834	0.69839	0.69832	0.69836	85	0	0
2026.07.24	15:29:00	0.69836	0.69843	0.69830	0.69832	130	0	0
2026.07.24	15:30:00	0.69832	0.69839	0.69823	0.69832	184	0	0
2026.07.24	15:31:00	0.69831	0.69834	0.69820	0.69820	143	0	0
2026.07.24	15:32:00	0.69820	0.69825	0.69815	0.69817	199	0	0
2026.07.24	15:33:00	0.69817	0.69819	0.69806	0.69807	181	0	0
2026.07.24	15:34:00	0.69807	0.69812	0.69803	0.69803	184	0	0
2026.07.24	15:35:00	0.69803	0.69811	0.69799	0.69809	221	0	0
2026.07.24	15:36:00	0.69809	0.69815	0.69802	0.69806	171	0	0
2026.07.24	15:37:00	0.69806	0.69815	0.69803	0.69808	208	0	0
2026.07.24	15:38:00	0.69808	0.69813	0.69805	0.69807	145	0	0
2026.07.24	15:39:00	0.69808	0.69811	0.69800	0.69800	136	0	0
2026.07.24	15:40:00	0.69800	0.69800	0.69785	0.69786	147	0	0
2026.07.24	15:41:00	0.69786	0.69790	0.69767	0.69767	156	0	0
2026.07.24	15:42:00	0.69767	0.69769	0.69755	0.69755	218	0	0
2026.07.24	15:43:00	0.69755	0.69763	0.69754	0.69760	165	0	0
2026.07.24	15:44:00	0.69760	0.69769	0.69753	0.69764	178	0	0
2026.07.24	15:45:00	0.69763	0.69775	0.69761	0.69770	236	0	0
2026.07.24	15:46:00	0.69770	0.69774	0.69760	0.69760	156	0	0
2026.07.24	15:47:00	0.69760	0.69767	0.69746	0.69765	197	0	0
2026.07.24	15:48:00	0.69765	0.69772	0.69762	0.69766	218	0	0
2026.07.24	15:49:00	0.69766	0.69774	0.69761	0.69763	157	0	0
2026.07.24	15:50:00	0.69763	0.69771	0.69759	0.69759	148	0	0
2026.07.24	15:51:00	0.69759	0.69773	0.69759	0.69764	178	0	0
2026.07.24	15:52:00	0.69765	0.69770	0.69758	0.69765	177	0	0
2026.07.24	15:53:00	0.69765	0.69783	0.69765	0.69772	145	0	0
2026.07.24	15:54:00	0.69772	0.69773	0.69766	0.69771	88	0	0
2026.07.24	15:55:00	0.69771	0.69774	0.69767	0.69767	109	0	0
2026.07.24	15:56:00	0.69767	0.69772	0.69760	0.69762	111	0	0
2026.07.24	15:57:00	0.69762	0.69765	0.69756	0.69758	117	0	0
2026.07.24	15:58:00	0.69758	0.69763	0.69756	0.69763	131	0	0
2026.07.24	15:59:00	0.69765	0.69768	0.69761	0.69762	61	0	0
2026.07.24	16:02:00	0.69758	0.69760	0.69755	0.69758	16	0	0
2026.07.24	16:03:00	0.69758	0.69768	0.69755	0.69763	139	0	0
2026.07.24	16:04:00	0.69763	0.69770	0.69756	0.69756	103	0	0
2026.07.24	16:05:00	0.69756	0.69762	0.69751	0.69752	144	0	0
2026.07.24	16:06:00	0.69752	0.69766	0.69748	0.69763	153	0	0
2026.07.24	16:07:00	0.69763	0.69763	0.69751	0.69751	104	0	0
2026.07.24	16:08:00	0.69751	0.69754	0.69744	0.69752	155	0	0
2026.07.24	16:09:00	0.69752	0.69755	0.69743	0.69746	153	0	0
2026.07.24	16:10:00	0.69746	0.69754	0.69741	0.69751	206	0	0
2026.07.24	16:11:00	0.69751	0.69759	0.69746	0.69756	184	0	0
2026.07.24	16:12:00	0.69756	0.69779	0.69755	0.69774	248	0	0
2026.07.24	16:13:00	0.69774	0.69775	0.69764	0.69765	170	0	0
2026.07.24	16:14:00	0.69765	0.69769	0.69760	0.69762	144	0	0
2026.07.24	16:15:00	0.69762	0.69768	0.69757	0.69760	226	0	0
2026.07.24	16:16:00	0.69760	0.69768	0.69757	0.69763	245	0	0
2026.07.24	16:17:00	0.69763	0.69771	0.69762	0.69765	168	0	0
2026.07.24	16:18:00	0.69765	0.69771	0.69762	0.69766	203	0	0
2026.07.24	16:19:00	0.69766	0.69770	0.69763	0.69768	174	0	0
2026.07.24	16:20:00	0.69768	0.69775	0.69764	0.69768	166	0	0
2026.07.24	16:21:00	0.69767	0.69775	0.69765	0.69772	233	0	0
2026.07.24	16:22:00	0.69772	0.69775	0.69760	0.69764	248	0	0
2026.07.24	16:23:00	0.69764	0.69775	0.69763	0.69773	244	0	0
2026.07.24	16:24:00	0.69773	0.69774	0.69766	0.69767	220	0	0
2026.07.24	16:25:00	0.69766	0.69772	0.69758	0.69760	228	0	0
2026.07.24	16:26:00	0.69760	0.69763	0.69754	0.69761	225	0	0
2026.07.24	16:27:00	0.69762	0.69769	0.69760	0.69765	164	0	0
2026.07.24	16:28:00	0.69765	0.69771	0.69760	0.69764	141	0	0
2026.07.24	16:29:00	0.69764	0.69772	0.69761	0.69765	223	0	0
2026.07.24	16:30:00	0.69765	0.69770	0.69754	0.69757	346	0	0
2026.07.24	16:31:00	0.69757	0.69758	0.69743	0.69750	285	0	0
2026.07.24	16:32:00	0.69752	0.69755	0.69728	0.69728	244	0	0
2026.07.24	16:33:00	0.69728	0.69742	0.69727	0.69734	282	0	0
2026.07.24	16:34:00	0.69734	0.69739	0.69732	0.69735	143	0	0
2026.07.24	16:35:00	0.69735	0.69741	0.69733	0.69738	247	0	0
2026.07.24	16:36:00	0.69737	0.69737	0.69726	0.69730	277	0	0
2026.07.24	16:37:00	0.69730	0.69752	0.69729	0.69752	327	0	0
2026.07.24	16:38:00	0.69752	0.69762	0.69750	0.69758	276	0	0
2026.07.24	16:39:00	0.69758	0.69771	0.69756	0.69770	295	0	0
2026.07.24	16:40:00	0.69770	0.69771	0.69757	0.69763	322	0	0
2026.07.24	16:41:00	0.69762	0.69772	0.69758	0.69771	310	0	0
2026.07.24	16:42:00	0.69771	0.69773	0.69754	0.69763	232	0	0
2026.07.24	16:43:00	0.69763	0.69765	0.69758	0.69760	180	0	0
2026.07.24	16:44:00	0.69761	0.69770	0.69758	0.69766	221	0	0
2026.07.24	16:45:00	0.69766	0.69766	0.69738	0.69764	166	0	0
2026.07.24	16:46:00	0.69762	0.69768	0.69756	0.69767	126	0	0
2026.07.24	16:47:00	0.69767	0.69770	0.69753	0.69757	262	0	0
2026.07.24	16:48:00	0.69757	0.69767	0.69748	0.69755	287	0	0
2026.07.24	16:49:00	0.69755	0.69759	0.69748	0.69755	223	0	0
2026.07.24	16:50:00	0.69755	0.69759	0.69742	0.69756	268	0	0
2026.07.24	16:51:00	0.69756	0.69759	0.69748	0.69751	279	0	0
2026.07.24	16:52:00	0.69751	0.69758	0.69743	0.69753	280	0	0
2026.07.24	16:53:00	0.69753	0.69756	0.69747	0.69751	278	0	0
2026.07.24	16:54:00	0.69751	0.69763	0.69751	0.69758	255	0	0
2026.07.24	16:55:00	0.69757	0.69759	0.69748	0.69756	289	0	0
2026.07.24	16:56:00	0.69756	0.69766	0.69751	0.69761	286	0	0
2026.07.24	16:57:00	0.69761	0.69768	0.69756	0.69765	177	0	0
2026.07.24	16:58:00	0.69765	0.69775	0.69763	0.69771	153	0	0
2026.07.24	16:59:00	0.69771	0.69774	0.69767	0.69771	157	0	0
2026.07.24	17:00:00	0.69771	0.69797	0.69770	0.69797	205	0	0
2026.07.24	17:01:00	0.69797	0.69803	0.69786	0.69797	264	0	0
2026.07.24	17:02:00	0.69795	0.69810	0.69795	0.69798	274	0	0
2026.07.24	17:03:00	0.69798	0.69802	0.69779	0.69783	299	0	0
2026.07.24	17:04:00	0.69782	0.69786	0.69779	0.69782	260	0	0
2026.07.24	17:05:00	0.69782	0.69789	0.69776	0.69778	286	0	0
2026.07.24	17:06:00	0.69778	0.69781	0.69769	0.69774	240	0	0
2026.07.24	17:07:00	0.69774	0.69778	0.69768	0.69771	219	0	0
2026.07.24	17:08:00	0.69771	0.69786	0.69770	0.69781	275	0	0
2026.07.24	17:09:00	0.69781	0.69798	0.69775	0.69795	216	0	0
2026.07.24	17:10:00	0.69795	0.69804	0.69792	0.69802	261	0	0
2026.07.24	17:11:00	0.69802	0.69803	0.69791	0.69793	260	0	0
2026.07.24	17:12:00	0.69793	0.69799	0.69790	0.69793	242	0	0
2026.07.24	17:13:00	0.69792	0.69810	0.69790	0.69806	294	0	0
2026.07.24	17:14:00	0.69806	0.69818	0.69802	0.69803	258	0	0
2026.07.24	17:15:00	0.69803	0.69813	0.69793	0.69795	252	0	0
2026.07.24	17:16:00	0.69795	0.69807	0.69795	0.69804	326	0	0
2026.07.24	17:17:00	0.69804	0.69806	0.69792	0.69800	255	0	0
2026.07.24	17:18:00	0.69800	0.69804	0.69790	0.69791	249	0	0
2026.07.24	17:19:00	0.69792	0.69795	0.69781	0.69792	280	0	0
2026.07.24	17:20:00	0.69792	0.69799	0.69786	0.69791	274	0	0
2026.07.24	17:21:00	0.69791	0.69809	0.69788	0.69803	237	0	0
2026.07.24	17:22:00	0.69802	0.69819	0.69802	0.69815	214	0	0
2026.07.24	17:23:00	0.69815	0.69832	0.69815	0.69829	189	0	0
2026.07.24	17:24:00	0.69829	0.69839	0.69821	0.69825	207	0	0
2026.07.24	17:25:00	0.69825	0.69833	0.69825	0.69831	189	0	0
2026.07.24	17:26:00	0.69831	0.69848	0.69830	0.69835	247	0	0
2026.07.24	17:27:00	0.69835	0.69840	0.69821	0.69822	172	0	0
2026.07.24	17:28:00	0.69822	0.69824	0.69815	0.69821	215	0	0
2026.07.24	17:29:00	0.69821	0.69823	0.69810	0.69810	138	0	0
2026.07.24	17:30:00	0.69810	0.69816	0.69804	0.69813	168	0	0
2026.07.24	17:31:00	0.69813	0.69820	0.69811	0.69820	225	0	0
2026.07.24	17:32:00	0.69820	0.69830	0.69814	0.69827	244	0	0
2026.07.24	17:33:00	0.69826	0.69828	0.69821	0.69823	207	0	0
2026.07.24	17:34:00	0.69823	0.69831	0.69821	0.69826	211	0	0
2026.07.24	17:35:00	0.69826	0.69840	0.69826	0.69833	250	0	0
2026.07.24	17:36:00	0.69833	0.69843	0.69832	0.69838	249	0	0
2026.07.24	17:37:00	0.69838	0.69842	0.69828	0.69830	155	0	0
2026.07.24	17:38:00	0.69830	0.69837	0.69830	0.69834	189	0	0
2026.07.24	17:39:00	0.69834	0.69839	0.69822	0.69825	165	0	0
2026.07.24	17:40:00	0.69825	0.69835	0.69822	0.69831	186	0	0
2026.07.24	17:41:00	0.69831	0.69838	0.69824	0.69836	182	0	0
2026.07.24	17:42:00	0.69836	0.69836	0.69826	0.69831	168	0	0
2026.07.24	17:43:00	0.69831	0.69838	0.69825	0.69834	238	0	0
2026.07.24	17:44:00	0.69834	0.69845	0.69827	0.69832	235	0	0
2026.07.24	17:45:00	0.69832	0.69834	0.69827	0.69831	179	0	0
2026.07.24	17:46:00	0.69831	0.69847	0.69825	0.69847	280	0	0
2026.07.24	17:47:00	0.69845	0.69851	0.69839	0.69839	284	0	0
2026.07.24	17:48:00	0.69839	0.69849	0.69839	0.69843	231	0	0
2026.07.24	17:49:00	0.69843	0.69861	0.69838	0.69856	271	0	0
2026.07.24	17:50:00	0.69856	0.69862	0.69850	0.69858	278	0	0
2026.07.24	17:51:00	0.69858	0.69859	0.69847	0.69853	222	0	0
2026.07.24	17:52:00	0.69852	0.69859	0.69847	0.69850	255	0	0
2026.07.24	17:53:00	0.69850	0.69859	0.69848	0.69848	242	0	0
2026.07.24	17:54:00	0.69848	0.69864	0.69848	0.69863	258	0	0
2026.07.24	17:55:00	0.69863	0.69873	0.69860	0.69866	255	0	0
2026.07.24	17:56:00	0.69866	0.69879	0.69865	0.69876	219	0	0
2026.07.24	17:57:00	0.69876	0.69893	0.69876	0.69882	350	0	0
2026.07.24	17:58:00	0.69882	0.69882	0.69871	0.69878	194	0	0
2026.07.24	17:59:00	0.69878	0.69879	0.69874	0.69875	216	0	0
2026.07.24	18:00:00	0.69875	0.69882	0.69871	0.69880	256	0	0
2026.07.24	18:01:00	0.69880	0.69892	0.69879	0.69890	253	0	0
2026.07.24	18:02:00	0.69891	0.69898	0.69888	0.69892	245	0	0
2026.07.24	18:03:00	0.69890	0.69893	0.69879	0.69882	185	0	0
2026.07.24	18:04:00	0.69882	0.69892	0.69879	0.69883	188	0	0
2026.07.24	18:05:00	0.69883	0.69891	0.69881	0.69891	201	0	0
2026.07.24	18:06:00	0.69891	0.69897	0.69886	0.69891	198	0	0
2026.07.24	18:07:00	0.69889	0.69899	0.69879	0.69898	206	0	0
2026.07.24	18:08:00	0.69898	0.69915	0.69896	0.69908	222	0	0
2026.07.24	18:09:00	0.69908	0.69918	0.69905	0.69906	215	0	0
2026.07.24	18:10:00	0.69906	0.69955	0.69905	0.69948	318	0	0
2026.07.24	18:11:00	0.69948	0.69971	0.69924	0.69935	440	0	0
2026.07.24	18:12:00	0.69935	0.69942	0.69930	0.69933	289	0	0
2026.07.24	18:13:00	0.69933	0.69940	0.69923	0.69936	194	0	0
2026.07.24	18:14:00	0.69936	0.69983	0.69935	0.69969	362	0	0
2026.07.24	18:15:00	0.69969	0.70012	0.69959	0.70002	381	0	0
2026.07.24	18:16:00	0.70001	0.70001	0.69978	0.69978	422	0	0
2026.07.24	18:17:00	0.69978	0.69983	0.69963	0.69967	335	0	0
2026.07.24	18:18:00	0.69967	0.69975	0.69953	0.69957	286	0	0
2026.07.24	18:19:00	0.69957	0.69960	0.69932	0.69938	305	0	0
2026.07.24	18:20:00	0.69938	0.69954	0.69937	0.69943	267	0	0
2026.07.24	18:21:00	0.69943	0.69952	0.69933	0.69937	220	0	0
2026.07.24	18:22:00	0.69937	0.69939	0.69928	0.69928	158	0	0
2026.07.24	18:23:00	0.69928	0.69942	0.69927	0.69941	187	0	0
2026.07.24	18:24:00	0.69940	0.69941	0.69929	0.69929	238	0	0
2026.07.24	18:25:00	0.69929	0.69944	0.69928	0.69941	249	0	0
2026.07.24	18:26:00	0.69941	0.69944	0.69932	0.69932	230	0	0
2026.07.24	18:27:00	0.69932	0.69939	0.69927	0.69934	197	0	0
2026.07.24	18:28:00	0.69934	0.69946	0.69930	0.69930	222	0	0
2026.07.24	18:29:00	0.69931	0.69938	0.69926	0.69928	202	0	0
2026.07.24	18:30:00	0.69928	0.69930	0.69917	0.69922	219	0	0
2026.07.24	18:31:00	0.69922	0.69937	0.69921	0.69935	262	0	0
2026.07.24	18:32:00	0.69935	0.69937	0.69925	0.69925	241	0	0
2026.07.24	18:33:00	0.69925	0.69929	0.69921	0.69926	209	0	0
2026.07.24	18:34:00	0.69926	0.69934	0.69916	0.69916	297	0	0
2026.07.24	18:35:00	0.69916	0.69921	0.69913	0.69917	227	0	0
2026.07.24	18:36:00	0.69917	0.69926	0.69916	0.69923	186	0	0
2026.07.24	18:37:00	0.69923	0.69934	0.69916	0.69933	225	0	0
2026.07.24	18:38:00	0.69933	0.69942	0.69932	0.69941	157	0	0
2026.07.24	18:39:00	0.69941	0.69947	0.69941	0.69944	150	0	0
2026.07.24	18:40:00	0.69944	0.69948	0.69940	0.69942	187	0	0
2026.07.24	18:41:00	0.69942	0.69943	0.69920	0.69928	252	0	0
2026.07.24	18:42:00	0.69928	0.69930	0.69916	0.69920	173	0	0
2026.07.24	18:43:00	0.69920	0.69923	0.69895	0.69905	180	0	0
2026.07.24	18:44:00	0.69905	0.69911	0.69905	0.69907	120	0	0
2026.07.24	18:45:00	0.69907	0.69920	0.69907	0.69913	105	0	0
2026.07.24	18:46:00	0.69913	0.69917	0.69908	0.69911	116	0	0
2026.07.24	18:47:00	0.69911	0.69918	0.69910	0.69912	102	0	0
2026.07.24	18:48:00	0.69912	0.69915	0.69908	0.69915	100	0	0
2026.07.24	18:49:00	0.69913	0.69920	0.69909	0.69920	98	0	0
2026.07.24	18:50:00	0.69920	0.69934	0.69920	0.69931	118	0	0
2026.07.24	18:51:00	0.69931	0.69937	0.69929	0.69930	112	0	0
2026.07.24	18:52:00	0.69930	0.69937	0.69924	0.69924	126	0	0
2026.07.24	18:53:00	0.69924	0.69939	0.69924	0.69937	148	0	0
2026.07.24	18:54:00	0.69937	0.69939	0.69928	0.69929	147	0	0
2026.07.24	18:55:00	0.69928	0.69940	0.69926	0.69937	196	0	0
2026.07.24	18:56:00	0.69937	0.69945	0.69935	0.69942	210	0	0
2026.07.24	18:57:00	0.69943	0.69949	0.69938	0.69941	154	0	0
2026.07.24	18:58:00	0.69941	0.69947	0.69939	0.69945	134	0	0
2026.07.24	18:59:00	0.69944	0.69958	0.69943	0.69955	212	0	0
2026.07.24	19:00:00	0.69955	0.69957	0.69942	0.69945	180	0	0
2026.07.24	19:01:00	0.69945	0.69946	0.69938	0.69942	106	0	0
2026.07.24	19:02:00	0.69942	0.69942	0.69937	0.69940	83	0	0
2026.07.24	19:03:00	0.69938	0.69955	0.69938	0.69954	117	0	0
2026.07.24	19:04:00	0.69954	0.69960	0.69954	0.69954	94	0	0
2026.07.24	19:05:00	0.69954	0.69960	0.69946	0.69947	138	0	0
2026.07.24	19:06:00	0.69948	0.69950	0.69936	0.69937	121	0	0
2026.07.24	19:07:00	0.69937	0.69949	0.69937	0.69946	89	0	0
2026.07.24	19:08:00	0.69946	0.69955	0.69942	0.69954	177	0	0
2026.07.24	19:09:00	0.69954	0.69960	0.69952	0.69953	116	0	0
2026.07.24	19:10:00	0.69953	0.69956	0.69948	0.69955	129	0	0
2026.07.24	19:11:00	0.69955	0.69961	0.69951	0.69953	180	0	0
2026.07.24	19:12:00	0.69953	0.69956	0.69952	0.69954	109	0	0
2026.07.24	19:13:00	0.69954	0.69957	0.69950	0.69954	118	0	0
2026.07.24	19:14:00	0.69954	0.69955	0.69947	0.69948	125	0	0
2026.07.24	19:15:00	0.69948	0.69954	0.69942	0.69952	167	0	0
2026.07.24	19:16:00	0.69952	0.69953	0.69942	0.69944	104	0	0
2026.07.24	19:17:00	0.69944	0.69949	0.69941	0.69943	101	0	0
2026.07.24	19:18:00	0.69943	0.69944	0.69941	0.69941	67	0	0
2026.07.24	19:19:00	0.69941	0.69944	0.69941	0.69943	63	0	0
2026.07.24	19:20:00	0.69942	0.69955	0.69941	0.69952	78	0	0
2026.07.24	19:21:00	0.69952	0.69954	0.69942	0.69947	117	0	0
2026.07.24	19:22:00	0.69947	0.69948	0.69942	0.69944	81	0	0
2026.07.24	19:23:00	0.69944	0.69945	0.69937	0.69938	86	0	0
2026.07.24	19:24:00	0.69939	0.69946	0.69938	0.69943	99	0	0
2026.07.24	19:25:00	0.69943	0.69944	0.69936	0.69944	116	0	0
2026.07.24	19:26:00	0.69944	0.69949	0.69942	0.69947	73	0	0
2026.07.24	19:27:00	0.69947	0.69949	0.69941	0.69941	110	0	0
2026.07.24	19:28:00	0.69941	0.69949	0.69941	0.69946	117	0	0
2026.07.24	19:29:00	0.69946	0.69949	0.69941	0.69946	119	0	0
2026.07.24	19:30:00	0.69946	0.69948	0.69925	0.69928	241	0	0
2026.07.24	19:31:00	0.69928	0.69947	0.69927	0.69943	244	0	0
2026.07.24	19:32:00	0.69943	0.69948	0.69940	0.69941	137	0	0
2026.07.24	19:33:00	0.69941	0.69949	0.69940	0.69948	182	0	0
2026.07.24	19:34:00	0.69948	0.69952	0.69943	0.69946	164	0	0
2026.07.24	19:35:00	0.69946	0.69949	0.69935	0.69935	162	0	0
2026.07.24	19:36:00	0.69935	0.69937	0.69926	0.69928	170	0	0
2026.07.24	19:37:00	0.69929	0.69934	0.69923	0.69933	136	0	0
2026.07.24	19:38:00	0.69933	0.69935	0.69916	0.69916	175	0	0
2026.07.24	19:39:00	0.69916	0.69922	0.69912	0.69917	92	0	0
2026.07.24	19:40:00	0.69917	0.69918	0.69910	0.69911	129	0	0
2026.07.24	19:41:00	0.69911	0.69916	0.69906	0.69915	100	0	0
2026.07.24	19:42:00	0.69915	0.69918	0.69910	0.69911	119	0	0
2026.07.24	19:43:00	0.69911	0.69912	0.69905	0.69907	126	0	0
2026.07.24	19:44:00	0.69907	0.69908	0.69898	0.69905	122	0	0
2026.07.24	19:45:00	0.69906	0.69913	0.69902	0.69906	236	0	0
2026.07.24	19:46:00	0.69905	0.69909	0.69902	0.69905	206	0	0
2026.07.24	19:47:00	0.69905	0.69907	0.69894	0.69896	142	0	0
2026.07.24	19:48:00	0.69896	0.69896	0.69886	0.69889	176	0	0
2026.07.24	19:49:00	0.69889	0.69896	0.69886	0.69894	155	0	0
2026.07.24	19:50:00	0.69894	0.69894	0.69888	0.69892	103	0	0
2026.07.24	19:51:00	0.69891	0.69894	0.69886	0.69890	109	0	0
2026.07.24	19:52:00	0.69890	0.69893	0.69887	0.69890	150	0	0
2026.07.24	19:53:00	0.69890	0.69894	0.69887	0.69890	129	0	0
2026.07.24	19:54:00	0.69890	0.69899	0.69890	0.69896	160	0	0
2026.07.24	19:55:00	0.69896	0.69906	0.69892	0.69901	137	0	0
2026.07.24	19:56:00	0.69901	0.69905	0.69899	0.69903	86	0	0
2026.07.24	19:57:00	0.69903	0.69914	0.69903	0.69914	88	0	0
2026.07.24	19:58:00	0.69914	0.69914	0.69907	0.69907	86	0	0
2026.07.24	19:59:00	0.69907	0.69911	0.69903	0.69904	109	0	0
2026.07.24	20:00:00	0.69904	0.69908	0.69901	0.69904	97	0	0
2026.07.24	20:01:00	0.69904	0.69908	0.69896	0.69902	99	0	0
2026.07.24	20:02:00	0.69902	0.69910	0.69900	0.69904	101	0	0
2026.07.24	20:03:00	0.69904	0.69907	0.69901	0.69903	105	0	0
2026.07.24	20:04:00	0.69903	0.69905	0.69897	0.69900	64	0	0
2026.07.24	20:05:00	0.69900	0.69901	0.69887	0.69887	133	0	0
2026.07.24	20:06:00	0.69887	0.69891	0.69868	0.69879	289	0	0
2026.07.24	20:07:00	0.69880	0.69882	0.69869	0.69870	124	0	0
2026.07.24	20:08:00	0.69870	0.69874	0.69855	0.69862	271	0	0
2026.07.24	20:09:00	0.69862	0.69869	0.69857	0.69859	210	0	0
2026.07.24	20:10:00	0.69858	0.69864	0.69856	0.69860	206	0	0
2026.07.24	20:11:00	0.69860	0.69868	0.69856	0.69865	190	0	0
2026.07.24	20:12:00	0.69865	0.69866	0.69860	0.69864	174	0	0
2026.07.24	20:13:00	0.69864	0.69871	0.69863	0.69871	175	0	0
2026.07.24	20:14:00	0.69870	0.69874	0.69864	0.69865	177	0	0
2026.07.24	20:15:00	0.69865	0.69871	0.69862	0.69870	129	0	0
2026.07.24	20:16:00	0.69871	0.69871	0.69859	0.69861	139	0	0
2026.07.24	20:17:00	0.69862	0.69874	0.69861	0.69870	130	0	0
2026.07.24	20:18:00	0.69870	0.69874	0.69860	0.69860	164	0	0
2026.07.24	20:19:00	0.69860	0.69866	0.69860	0.69862	103	0	0
2026.07.24	20:20:00	0.69861	0.69863	0.69858	0.69859	105	0	0
2026.07.24	20:21:00	0.69859	0.69865	0.69858	0.69861	93	0	0
2026.07.24	20:22:00	0.69861	0.69864	0.69852	0.69855	141	0	0
2026.07.24	20:23:00	0.69855	0.69858	0.69849	0.69853	88	0	0
2026.07.24	20:24:00	0.69853	0.69862	0.69852	0.69858	120	0	0
2026.07.24	20:25:00	0.69858	0.69863	0.69853	0.69861	95	0	0
2026.07.24	20:26:00	0.69861	0.69870	0.69861	0.69869	106	0	0
2026.07.24	20:27:00	0.69869	0.69873	0.69866	0.69871	105	0	0
2026.07.24	20:28:00	0.69871	0.69872	0.69867	0.69870	104	0	0
2026.07.24	20:29:00	0.69870	0.69873	0.69866	0.69871	121	0	0
2026.07.24	20:30:00	0.69871	0.69880	0.69867	0.69876	114	0	0
2026.07.24	20:31:00	0.69876	0.69880	0.69873	0.69877	92	0	0
2026.07.24	20:32:00	0.69877	0.69880	0.69873	0.69878	117	0	0
2026.07.24	20:33:00	0.69878	0.69885	0.69878	0.69882	75	0	0
2026.07.24	20:34:00	0.69882	0.69885	0.69878	0.69880	52	0	0
2026.07.24	20:35:00	0.69880	0.69882	0.69870	0.69873	137	0	0
2026.07.24	20:36:00	0.69873	0.69876	0.69867	0.69867	99	0	0
2026.07.24	20:37:00	0.69867	0.69869	0.69863	0.69867	71	0	0
2026.07.24	20:38:00	0.69867	0.69869	0.69861	0.69861	81	0	0
2026.07.24	20:39:00	0.69861	0.69864	0.69858	0.69858	88	0	0
2026.07.24	20:40:00	0.69858	0.69860	0.69856	0.69856	63	0	0
2026.07.24	20:41:00	0.69856	0.69856	0.69851	0.69855	89	0	0
2026.07.24	20:42:00	0.69855	0.69858	0.69852	0.69856	93	0	0
2026.07.24	20:43:00	0.69857	0.69859	0.69851	0.69855	94	0	0
2026.07.24	20:44:00	0.69853	0.69859	0.69851	0.69854	78	0	0
2026.07.24	20:45:00	0.69854	0.69854	0.69850	0.69854	55	0	0
2026.07.24	20:46:00	0.69854	0.69857	0.69851	0.69852	91	0	0
2026.07.24	20:47:00	0.69852	0.69856	0.69848	0.69850	67	0	0
2026.07.24	20:48:00	0.69850	0.69851	0.69843	0.69848	107	0	0
2026.07.24	20:49:00	0.69848	0.69855	0.69847	0.69851	107	0	0
2026.07.24	20:50:00	0.69851	0.69859	0.69849	0.69856	100	0	0
2026.07.24	20:51:00	0.69856	0.69860	0.69846	0.69846	87	0	0
2026.07.24	20:52:00	0.69847	0.69850	0.69844	0.69849	87	0	0
2026.07.24	20:53:00	0.69849	0.69854	0.69849	0.69850	66	0	0
2026.07.24	20:54:00	0.69850	0.69854	0.69848	0.69854	59	0	0
2026.07.24	20:55:00	0.69854	0.69862	0.69852	0.69860	106	0	0
2026.07.24	20:56:00	0.69860	0.69867	0.69860	0.69864	129	0	0
2026.07.24	20:57:00	0.69864	0.69865	0.69856	0.69860	101	0	0
2026.07.24	20:58:00	0.69860	0.69863	0.69856	0.69858	45	0	0
2026.07.24	20:59:00	0.69858	0.69862	0.69856	0.69857	95	0	0
2026.07.24	21:00:00	0.69857	0.69864	0.69853	0.69861	131	0	0
2026.07.24	21:01:00	0.69861	0.69864	0.69856	0.69856	165	0	0
2026.07.24	21:02:00	0.69856	0.69864	0.69855	0.69856	103	0	0
2026.07.24	21:03:00	0.69856	0.69857	0.69851	0.69851	58	0	0
2026.07.24	21:04:00	0.69851	0.69860	0.69851	0.69858	96	0	0
2026.07.24	21:05:00	0.69858	0.69862	0.69855	0.69860	108	0	0
2026.07.24	21:06:00	0.69860	0.69862	0.69856	0.69857	61	0	0
2026.07.24	21:07:00	0.69857	0.69861	0.69856	0.69861	127	0	0
2026.07.24	21:08:00	0.69861	0.69864	0.69856	0.69860	117	0	0
2026.07.24	21:09:00	0.69860	0.69863	0.69858	0.69859	135	0	0
2026.07.24	21:10:00	0.69859	0.69864	0.69857	0.69859	159	0	0
2026.07.24	21:11:00	0.69861	0.69862	0.69856	0.69859	111	0	0
2026.07.24	21:12:00	0.69859	0.69861	0.69856	0.69859	94	0	0
2026.07.24	21:13:00	0.69859	0.69861	0.69855	0.69856	95	0	0
2026.07.24	21:14:00	0.69856	0.69859	0.69851	0.69856	124	0	0
2026.07.24	21:15:00	0.69856	0.69861	0.69856	0.69857	87	0	0
2026.07.24	21:16:00	0.69857	0.69863	0.69856	0.69861	120	0	0
2026.07.24	21:17:00	0.69861	0.69864	0.69858	0.69858	76	0	0
2026.07.24	21:18:00	0.69858	0.69860	0.69852	0.69854	59	0	0
2026.07.24	21:19:00	0.69854	0.69856	0.69845	0.69847	73	0	0
2026.07.24	21:20:00	0.69847	0.69849	0.69839	0.69840	101	0	0
2026.07.24	21:21:00	0.69840	0.69843	0.69835	0.69836	186	0	0
2026.07.24	21:22:00	0.69836	0.69842	0.69836	0.69840	104	0	0
2026.07.24	21:23:00	0.69839	0.69845	0.69838	0.69842	108	0	0
2026.07.24	21:24:00	0.69842	0.69845	0.69840	0.69842	86	0	0
2026.07.24	21:25:00	0.69842	0.69846	0.69839	0.69844	93	0	0
2026.07.24	21:26:00	0.69844	0.69845	0.69837	0.69837	57	0	0
2026.07.24	21:27:00	0.69837	0.69839	0.69836	0.69836	69	0	0
2026.07.24	21:28:00	0.69836	0.69839	0.69832	0.69838	164	0	0
2026.07.24	21:29:00	0.69837	0.69841	0.69832	0.69834	138	0	0
2026.07.24	21:30:00	0.69834	0.69838	0.69833	0.69836	111	0	0
2026.07.24	21:31:00	0.69836	0.69840	0.69832	0.69833	111	0	0
2026.07.24	21:32:00	0.69833	0.69839	0.69832	0.69832	135	0	0
2026.07.24	21:33:00	0.69832	0.69834	0.69823	0.69824	105	0	0
2026.07.24	21:34:00	0.69824	0.69828	0.69815	0.69818	127	0	0
2026.07.24	21:35:00	0.69818	0.69823	0.69813	0.69820	124	0	0
2026.07.24	21:36:00	0.69820	0.69829	0.69819	0.69822	156	0	0
2026.07.24	21:37:00	0.69822	0.69829	0.69822	0.69824	122	0	0
2026.07.24	21:38:00	0.69824	0.69832	0.69822	0.69832	134	0	0
2026.07.24	21:39:00	0.69832	0.69833	0.69820	0.69823	117	0	0
2026.07.24	21:40:00	0.69823	0.69824	0.69813	0.69813	140	0	0
2026.07.24	21:41:00	0.69813	0.69819	0.69811	0.69815	120	0	0
2026.07.24	21:42:00	0.69815	0.69822	0.69812	0.69821	179	0	0
2026.07.24	21:43:00	0.69821	0.69824	0.69817	0.69820	163	0	0
2026.07.24	21:44:00	0.69820	0.69821	0.69812	0.69813	162	0	0
2026.07.24	21:45:00	0.69813	0.69823	0.69812	0.69823	111	0	0
2026.07.24	21:46:00	0.69823	0.69831	0.69823	0.69827	142	0	0
2026.07.24	21:47:00	0.69827	0.69835	0.69826	0.69834	97	0	0
2026.07.24	21:48:00	0.69834	0.69836	0.69827	0.69828	85	0	0
2026.07.24	21:49:00	0.69828	0.69830	0.69823	0.69825	105	0	0
2026.07.24	21:50:00	0.69826	0.69831	0.69823	0.69827	111	0	0
2026.07.24	21:51:00	0.69827	0.69834	0.69826	0.69830	143	0	0
2026.07.24	21:52:00	0.69829	0.69831	0.69827	0.69828	65	0	0
2026.07.24	21:53:00	0.69827	0.69832	0.69826	0.69828	70	0	0
2026.07.24	21:54:00	0.69828	0.69830	0.69823	0.69826	53	0	0
2026.07.24	21:55:00	0.69827	0.69827	0.69821	0.69825	81	0	0
2026.07.24	21:56:00	0.69825	0.69830	0.69825	0.69827	61	0	0
2026.07.24	21:57:00	0.69827	0.69830	0.69823	0.69827	117	0	0
2026.07.24	21:58:00	0.69827	0.69828	0.69822	0.69824	62	0	0
2026.07.24	21:59:00	0.69824	0.69830	0.69823	0.69829	115	0	0
2026.07.24	22:00:00	0.69830	0.69833	0.69823	0.69826	158	0	0
2026.07.24	22:01:00	0.69826	0.69832	0.69822	0.69823	114	0	0
2026.07.24	22:02:00	0.69823	0.69828	0.69821	0.69825	115	0	0
2026.07.24	22:03:00	0.69825	0.69829	0.69821	0.69822	127	0	0
2026.07.24	22:04:00	0.69822	0.69827	0.69822	0.69824	74	0	0
2026.07.24	22:05:00	0.69824	0.69825	0.69821	0.69824	33	0	0
2026.07.24	22:06:00	0.69823	0.69824	0.69818	0.69818	79	0	0
2026.07.24	22:07:00	0.69818	0.69819	0.69813	0.69815	110	0	0
2026.07.24	22:08:00	0.69815	0.69822	0.69815	0.69818	100	0	0
2026.07.24	22:09:00	0.69818	0.69819	0.69812	0.69812	94	0	0
2026.07.24	22:10:00	0.69812	0.69816	0.69811	0.69812	88	0	0
2026.07.24	22:11:00	0.69812	0.69814	0.69811	0.69812	58	0	0
2026.07.24	22:12:00	0.69812	0.69822	0.69812	0.69817	136	0	0
2026.07.24	22:13:00	0.69817	0.69819	0.69808	0.69811	90	0	0
2026.07.24	22:14:00	0.69811	0.69811	0.69805	0.69807	126	0	0
2026.07.24	22:15:00	0.69807	0.69809	0.69802	0.69802	90	0	0
2026.07.24	22:16:00	0.69802	0.69806	0.69798	0.69806	81	0	0
2026.07.24	22:17:00	0.69806	0.69809	0.69803	0.69806	92	0	0
2026.07.24	22:18:00	0.69806	0.69807	0.69801	0.69802	90	0	0
2026.07.24	22:19:00	0.69802	0.69809	0.69802	0.69808	104	0	0
2026.07.24	22:20:00	0.69808	0.69813	0.69806	0.69811	119	0	0
2026.07.24	22:21:00	0.69811	0.69816	0.69808	0.69812	189	0	0
2026.07.24	22:22:00	0.69813	0.69815	0.69812	0.69812	80	0	0
2026.07.24	22:23:00	0.69812	0.69812	0.69806	0.69806	62	0	0
2026.07.24	22:24:00	0.69806	0.69807	0.69794	0.69797	101	0	0
2026.07.24	22:25:00	0.69797	0.69797	0.69791	0.69794	75	0	0
2026.07.24	22:26:00	0.69794	0.69798	0.69792	0.69793	53	0	0
2026.07.24	22:27:00	0.69793	0.69799	0.69793	0.69794	83	0	0
2026.07.24	22:28:00	0.69794	0.69797	0.69792	0.69795	101	0	0
2026.07.24	22:29:00	0.69795	0.69799	0.69793	0.69795	93	0	0
2026.07.24	22:30:00	0.69795	0.69802	0.69792	0.69800	143	0	0
2026.07.24	22:31:00	0.69800	0.69805	0.69797	0.69799	108	0	0
2026.07.24	22:32:00	0.69799	0.69810	0.69799	0.69806	131	0	0
2026.07.24	22:33:00	0.69806	0.69816	0.69806	0.69811	192	0	0
2026.07.24	22:34:00	0.69811	0.69814	0.69807	0.69808	106	0	0
2026.07.24	22:35:00	0.69808	0.69821	0.69806	0.69812	221	0	0
2026.07.24	22:36:00	0.69812	0.69814	0.69807	0.69807	182	0	0
2026.07.24	22:37:00	0.69807	0.69822	0.69807	0.69818	185	0	0
2026.07.24	22:38:00	0.69817	0.69821	0.69815	0.69817	107	0	0
2026.07.24	22:39:00	0.69817	0.69822	0.69815	0.69818	174	0	0
2026.07.24	22:40:00	0.69818	0.69821	0.69813	0.69815	119	0	0
2026.07.24	22:41:00	0.69815	0.69819	0.69813	0.69816	144	0	0
2026.07.24	22:42:00	0.69816	0.69818	0.69811	0.69817	134	0	0
2026.07.24	22:43:00	0.69817	0.69820	0.69814	0.69819	137	0	0
2026.07.24	22:44:00	0.69819	0.69822	0.69816	0.69820	143	0	0
2026.07.24	22:45:00	0.69820	0.69822	0.69814	0.69815	134	0	0
2026.07.24	22:46:00	0.69815	0.69815	0.69807	0.69809	222	0	0
2026.07.24	22:47:00	0.69809	0.69811	0.69806	0.69807	109	0	0
2026.07.24	22:48:00	0.69807	0.69811	0.69806	0.69807	72	0	0
2026.07.24	22:49:00	0.69807	0.69812	0.69806	0.69810	122	0	0
2026.07.24	22:50:00	0.69810	0.69814	0.69800	0.69800	93	0	0
2026.07.24	22:51:00	0.69800	0.69802	0.69793	0.69796	99	0	0
2026.07.24	22:52:00	0.69795	0.69797	0.69792	0.69792	114	0	0
2026.07.24	22:53:00	0.69794	0.69800	0.69791	0.69798	123	0	0
2026.07.24	22:54:00	0.69798	0.69806	0.69796	0.69802	127	0	0
2026.07.24	22:55:00	0.69802	0.69802	0.69794	0.69796	87	0	0
2026.07.24	22:56:00	0.69796	0.69804	0.69795	0.69798	76	0	0
2026.07.24	22:57:00	0.69798	0.69805	0.69796	0.69805	118	0	0
2026.07.24	22:58:00	0.69805	0.69808	0.69801	0.69806	93	0	0
2026.07.24	22:59:00	0.69806	0.69807	0.69799	0.69804	177	0	0
2026.07.24	23:00:00	0.69804	0.69804	0.69797	0.69801	235	0	0
2026.07.24	23:01:00	0.69801	0.69804	0.69797	0.69799	71	0	0
2026.07.24	23:02:00	0.69799	0.69800	0.69792	0.69794	89	0	0
2026.07.24	23:03:00	0.69793	0.69799	0.69791	0.69796	132	0	0
2026.07.24	23:04:00	0.69796	0.69797	0.69792	0.69793	104	0	0
2026.07.24	23:05:00	0.69794	0.69794	0.69785	0.69791	142	0	0
2026.07.24	23:06:00	0.69791	0.69795	0.69790	0.69792	104	0	0
2026.07.24	23:07:00	0.69794	0.69795	0.69791	0.69791	68	0	0
2026.07.24	23:08:00	0.69791	0.69794	0.69788	0.69791	72	0	0
2026.07.24	23:09:00	0.69791	0.69791	0.69787	0.69790	20	0	0
2026.07.24	23:10:00	0.69790	0.69791	0.69787	0.69790	25	0	0
2026.07.24	23:11:00	0.69790	0.69792	0.69788	0.69792	23	0	0
2026.07.24	23:12:00	0.69791	0.69793	0.69785	0.69791	14	0	0
2026.07.24	23:13:00	0.69791	0.69796	0.69791	0.69795	31	0	0
2026.07.24	23:14:00	0.69793	0.69796	0.69792	0.69793	33	0	0
2026.07.24	23:15:00	0.69793	0.69796	0.69792	0.69793	32	0	0
2026.07.24	23:16:00	0.69793	0.69797	0.69792	0.69793	17	0	0
2026.07.24	23:17:00	0.69793	0.69794	0.69789	0.69792	34	0	0
2026.07.24	23:18:00	0.69794	0.69795	0.69792	0.69795	28	0	0
2026.07.24	23:19:00	0.69795	0.69795	0.69791	0.69791	25	0	0
2026.07.24	23:20:00	0.69791	0.69795	0.69789	0.69794	53	0	0
