<DATE>	<TIME>	<OPEN>	<HIGH>	<LOW>	<CLOSE>	<TICKVOL>	<VOL>	<SPREAD>
2026.07.20	00:00:00	185.558	185.598	185.558	185.585	4	0	116
2026.07.20	00:01:00	185.585	185.586	185.585	185.586	2	0	116
2026.07.20	00:02:00	185.586	185.586	185.585	185.585	2	0	115
2026.07.20	00:03:00	185.585	185.590	185.585	185.590	6	0	112
2026.07.20	00:04:00	185.590	185.594	185.590	185.594	6	0	108
2026.07.20	00:05:00	185.586	185.640	185.586	185.625	18	0	77
2026.07.20	00:06:00	185.625	185.638	185.620	185.638	10	0	64
2026.07.20	00:07:00	185.638	185.663	185.628	185.663	4	0	63
2026.07.20	00:08:00	185.663	185.663	185.655	185.659	3	0	63
2026.07.20	00:09:00	185.659	185.659	185.659	185.659	1	0	67
2026.07.20	00:10:00	185.659	185.659	185.639	185.639	6	0	67
2026.07.20	00:11:00	185.639	185.639	185.639	185.639	1	0	85
2026.07.20	00:12:00	185.639	185.639	185.639	185.639	1	0	88
2026.07.20	00:13:00	185.639	185.640	185.639	185.639	3	0	82
2026.07.20	00:14:00	185.639	185.639	185.639	185.639	1	0	83
2026.07.20	00:15:00	185.639	185.643	185.639	185.641	3	0	77
2026.07.20	00:16:00	185.641	185.641	185.626	185.641	4	0	78
2026.07.20	00:17:00	185.641	185.641	185.632	185.632	2	0	78
2026.07.20	00:18:00	185.632	185.632	185.627	185.627	2	0	90
2026.07.20	00:19:00	185.627	185.627	185.627	185.627	1	0	85
2026.07.20	00:20:00	185.627	185.628	185.627	185.628	2	0	82
2026.07.20	00:21:00	185.628	185.632	185.628	185.632	2	0	82
2026.07.20	00:22:00	185.632	185.632	185.626	185.626	2	0	80
2026.07.20	00:23:00	185.626	185.632	185.621	185.632	11	0	89
2026.07.20	00:24:00	185.632	185.634	185.628	185.634	9	0	87
2026.07.20	00:25:00	185.635	185.635	185.633	185.634	4	0	78
2026.07.20	00:26:00	185.634	185.634	185.628	185.632	10	0	78
2026.07.20	00:27:00	185.631	185.635	185.629	185.632	9	0	77
2026.07.20	00:28:00	185.632	185.637	185.632	185.637	5	0	75
2026.07.20	00:29:00	185.637	185.637	185.635	185.635	2	0	75
2026.07.20	00:30:00	185.635	185.638	185.634	185.635	7	0	74
2026.07.20	00:31:00	185.635	185.636	185.530	185.585	23	0	5
2026.07.20	00:32:00	185.585	185.585	185.575	185.577	26	0	72
2026.07.20	00:33:00	185.577	185.582	185.575	185.575	14	0	89
2026.07.20	00:34:00	185.575	185.576	185.560	185.563	6	0	96
2026.07.20	00:35:00	185.563	185.563	185.560	185.560	2	0	96
2026.07.20	00:36:00	185.560	185.560	185.560	185.560	1	0	112
2026.07.20	00:37:00	185.560	185.581	185.560	185.581	2	0	110
2026.07.20	00:38:00	185.581	185.589	185.574	185.587	10	0	102
2026.07.20	00:39:00	185.587	185.587	185.574	185.574	6	0	101
2026.07.20	00:40:00	185.574	185.582	185.570	185.573	5	0	100
2026.07.20	00:41:00	185.573	185.575	185.571	185.575	4	0	95
2026.07.20	00:42:00	185.575	185.575	185.574	185.574	2	0	97
2026.07.20	00:43:00	185.574	185.614	185.572	185.609	17	0	96
2026.07.20	00:44:00	185.609	185.628	185.609	185.627	7	0	80
2026.07.20	00:45:00	185.627	185.639	185.627	185.629	3	0	82
2026.07.20	00:46:00	185.629	185.632	185.627	185.632	4	0	79
2026.07.20	00:47:00	185.632	185.635	185.632	185.634	4	0	77
2026.07.20	00:48:00	185.635	185.635	185.586	185.632	24	0	65
2026.07.20	00:49:00	185.636	185.647	185.636	185.636	4	0	66
2026.07.20	00:50:00	185.636	185.636	185.620	185.624	6	0	75
2026.07.20	00:51:00	185.624	185.624	185.619	185.620	3	0	85
2026.07.20	00:52:00	185.620	185.620	185.620	185.620	1	0	87
2026.07.20	00:53:00	185.620	185.626	185.620	185.623	4	0	78
2026.07.20	00:54:00	185.623	185.623	185.623	185.623	1	0	78
2026.07.20	00:55:00	185.623	185.626	185.621	185.623	6	0	81
2026.07.20	00:56:00	185.622	185.622	185.602	185.602	5	0	81
2026.07.20	00:57:00	185.602	185.611	185.599	185.611	11	0	80
2026.07.20	00:58:00	185.611	185.617	185.611	185.617	4	0	78
2026.07.20	00:59:00	185.617	185.631	185.603	185.604	18	0	87
2026.07.20	01:00:00	185.604	185.786	185.577	185.767	267	0	0
2026.07.20	01:01:00	185.767	185.780	185.705	185.716	213	0	7
2026.07.20	01:02:00	185.716	185.744	185.702	185.702	143	0	8
2026.07.20	01:03:00	185.702	185.702	185.677	185.678	55	0	10
2026.07.20	01:04:00	185.678	185.718	185.670	185.698	86	0	0
2026.07.20	01:05:00	185.702	185.719	185.702	185.716	77	0	2
2026.07.20	01:06:00	185.716	185.723	185.705	185.708	37	0	7
2026.07.20	01:07:00	185.708	185.725	185.705	185.717	61	0	0
2026.07.20	01:08:00	185.717	185.720	185.697	185.706	48	0	1
2026.07.20	01:09:00	185.705	185.745	185.705	185.743	74	0	1
2026.07.20	01:10:00	185.743	185.747	185.740	185.742	54	0	0
2026.07.20	01:11:00	185.742	185.754	185.742	185.749	76	0	0
2026.07.20	01:12:00	185.749	185.757	185.746	185.750	55	0	0
2026.07.20	01:13:00	185.750	185.765	185.750	185.763	97	0	0
2026.07.20	01:14:00	185.763	185.765	185.742	185.744	75	0	0
2026.07.20	01:15:00	185.744	185.757	185.718	185.719	127	0	0
2026.07.20	01:16:00	185.719	185.725	185.712	185.712	145	0	0
2026.07.20	01:17:00	185.712	185.719	185.699	185.716	142	0	0
2026.07.20	01:18:00	185.716	185.720	185.705	185.720	78	0	0
2026.07.20	01:19:00	185.720	185.736	185.720	185.729	98	0	0
2026.07.20	01:20:00	185.729	185.729	185.714	185.722	100	0	0
2026.07.20	01:21:00	185.722	185.722	185.707	185.709	73	0	3
2026.07.20	01:22:00	185.709	185.720	185.707	185.715	79	0	0
2026.07.20	01:23:00	185.715	185.729	185.713	185.728	71	0	0
2026.07.20	01:24:00	185.727	185.737	185.721	185.721	89	0	0
2026.07.20	01:25:00	185.721	185.723	185.717	185.722	57	0	1
2026.07.20	01:26:00	185.722	185.724	185.714	185.719	54	0	1
2026.07.20	01:27:00	185.719	185.728	185.713	185.723	77	0	0
2026.07.20	01:28:00	185.723	185.733	185.720	185.723	85	0	1
2026.07.20	01:29:00	185.723	185.723	185.716	185.720	35	0	4
2026.07.20	01:30:00	185.720	185.720	185.705	185.705	96	0	0
2026.07.20	01:31:00	185.705	185.720	185.704	185.713	72	0	0
2026.07.20	01:32:00	185.713	185.724	185.706	185.721	86	0	0
2026.07.20	01:33:00	185.721	185.727	185.717	185.726	73	0	1
2026.07.20	01:34:00	185.726	185.734	185.719	185.724	81	0	3
2026.07.20	01:35:00	185.724	185.728	185.722	185.725	36	0	3
2026.07.20	01:36:00	185.725	185.727	185.722	185.722	40	0	3
2026.07.20	01:37:00	185.722	185.722	185.719	185.721	36	0	3
2026.07.20	01:38:00	185.721	185.727	185.718	185.725	42	0	1
2026.07.20	01:39:00	185.725	185.726	185.722	185.724	14	0	2
2026.07.20	01:40:00	185.724	185.724	185.711	185.713	29	0	1
2026.07.20	01:41:00	185.713	185.723	185.713	185.722	29	0	3
2026.07.20	01:42:00	185.722	185.726	185.721	185.725	10	0	4
2026.07.20	01:43:00	185.725	185.727	185.724	185.726	9	0	3
2026.07.20	01:44:00	185.726	185.731	185.724	185.728	19	0	1
2026.07.20	01:45:00	185.728	185.734	185.728	185.732	10	0	5
2026.07.20	01:46:00	185.732	185.734	185.724	185.728	21	0	0
2026.07.20	01:47:00	185.728	185.728	185.722	185.723	29	0	3
2026.07.20	01:48:00	185.723	185.724	185.718	185.719	11	0	3
2026.07.20	01:49:00	185.719	185.721	185.710	185.720	25	0	0
2026.07.20	01:50:00	185.721	185.721	185.709	185.709	17	0	0
2026.07.20	01:51:00	185.709	185.713	185.708	185.712	24	0	2
2026.07.20	01:52:00	185.712	185.712	185.698	185.709	56	0	0
2026.07.20	01:53:00	185.709	185.709	185.702	185.702	38	0	4
2026.07.20	01:54:00	185.702	185.705	185.701	185.703	20	0	2
2026.07.20	01:55:00	185.703	185.706	185.702	185.704	35	0	2
2026.07.20	01:56:00	185.705	185.705	185.701	185.703	22	0	2
2026.07.20	01:57:00	185.702	185.705	185.700	185.700	23	0	3
2026.07.20	01:58:00	185.700	185.700	185.692	185.692	16	0	2
2026.07.20	01:59:00	185.692	185.696	185.688	185.695	36	0	0
2026.07.20	02:00:00	185.695	185.695	185.671	185.690	158	0	0
2026.07.20	02:01:00	185.690	185.694	185.681	185.682	73	0	0
2026.07.20	02:02:00	185.682	185.688	185.676	185.676	60	0	0
2026.07.20	02:03:00	185.676	185.691	185.676	185.688	54	0	0
2026.07.20	02:04:00	185.688	185.694	185.688	185.690	72	0	1
2026.07.20	02:05:00	185.691	185.702	185.690	185.692	63	0	0
2026.07.20	02:06:00	185.692	185.699	185.692	185.696	38	0	3
2026.07.20	02:07:00	185.696	185.698	185.692	185.693	33	0	2
2026.07.20	02:08:00	185.693	185.694	185.691	185.693	36	0	4
2026.07.20	02:09:00	185.693	185.697	185.690	185.697	34	0	4
2026.07.20	02:10:00	185.697	185.701	185.695	185.700	21	0	1
2026.07.20	02:11:00	185.700	185.707	185.699	185.704	30	0	0
2026.07.20	02:12:00	185.704	185.707	185.703	185.704	28	0	2
2026.07.20	02:13:00	185.704	185.707	185.702	185.703	30	0	3
2026.07.20	02:14:00	185.703	185.705	185.700	185.701	21	0	3
2026.07.20	02:15:00	185.701	185.703	185.689	185.689	32	0	1
2026.07.20	02:16:00	185.689	185.693	185.682	185.691	41	0	3
2026.07.20	02:17:00	185.691	185.692	185.672	185.674	69	0	2
2026.07.20	02:18:00	185.674	185.683	185.672	185.682	25	0	1
2026.07.20	02:19:00	185.682	185.685	185.664	185.671	68	0	2
2026.07.20	02:20:00	185.671	185.673	185.668	185.672	23	0	4
2026.07.20	02:21:00	185.672	185.681	185.671	185.679	25	0	3
2026.07.20	02:22:00	185.679	185.683	185.679	185.681	18	0	4
2026.07.20	02:23:00	185.681	185.683	185.675	185.675	30	0	4
2026.07.20	02:24:00	185.675	185.688	185.675	185.687	18	0	1
2026.07.20	02:25:00	185.687	185.688	185.682	185.685	24	0	4
2026.07.20	02:26:00	185.685	185.690	185.684	185.689	30	0	2
2026.07.20	02:27:00	185.689	185.694	185.689	185.693	33	0	4
2026.07.20	02:28:00	185.693	185.702	185.691	185.702	45	0	4
2026.07.20	02:29:00	185.702	185.702	185.697	185.701	17	0	4
2026.07.20	02:30:00	185.702	185.702	185.700	185.702	13	0	4
2026.07.20	02:31:00	185.702	185.704	185.700	185.702	50	0	2
2026.07.20	02:32:00	185.702	185.704	185.700	185.703	53	0	2
2026.07.20	02:33:00	185.703	185.705	185.694	185.694	38	0	2
2026.07.20	02:34:00	185.694	185.697	185.693	185.694	15	0	4
2026.07.20	02:35:00	185.694	185.700	185.694	185.698	18	0	0
2026.07.20	02:36:00	185.698	185.706	185.696	185.705	46	0	0
2026.07.20	02:37:00	185.706	185.714	185.704	185.712	55	0	0
2026.07.20	02:38:00	185.712	185.713	185.705	185.706	41	0	4
2026.07.20	02:39:00	185.706	185.716	185.705	185.709	37	0	4
2026.07.20	02:40:00	185.709	185.714	185.709	185.713	31	0	4
2026.07.20	02:41:00	185.713	185.713	185.711	185.711	25	0	4
2026.07.20	02:42:00	185.711	185.716	185.711	185.713	22	0	4
2026.07.20	02:43:00	185.713	185.713	185.705	185.710	46	0	4
2026.07.20	02:44:00	185.710	185.713	185.709	185.711	36	0	4
2026.07.20	02:45:00	185.711	185.711	185.693	185.698	63	0	0
2026.07.20	02:46:00	185.698	185.705	185.697	185.701	58	0	1
2026.07.20	02:47:00	185.701	185.704	185.697	185.699	55	0	4
2026.07.20	02:48:00	185.699	185.708	185.699	185.707	55	0	3
2026.07.20	02:49:00	185.707	185.714	185.707	185.711	29	0	4
2026.07.20	02:50:00	185.711	185.717	185.708	185.713	74	0	1
2026.07.20	02:51:00	185.713	185.717	185.712	185.713	80	0	3
2026.07.20	02:52:00	185.713	185.719	185.713	185.717	37	0	3
2026.07.20	02:53:00	185.717	185.729	185.717	185.718	54	0	1
2026.07.20	02:54:00	185.718	185.719	185.711	185.715	83	0	4
2026.07.20	02:55:00	185.715	185.725	185.715	185.724	45	0	4
2026.07.20	02:56:00	185.724	185.736	185.723	185.735	40	0	4
2026.07.20	02:57:00	185.735	185.735	185.726	185.727	71	0	2
2026.07.20	02:58:00	185.727	185.732	185.722	185.723	80	0	4
2026.07.20	02:59:00	185.723	185.724	185.719	185.720	71	0	1
2026.07.20	03:00:00	185.720	185.734	185.720	185.726	173	0	0
2026.07.20	03:01:00	185.726	185.733	185.714	185.714	113	0	0
2026.07.20	03:02:00	185.714	185.726	185.708	185.724	62	0	2
2026.07.20	03:03:00	185.724	185.740	185.721	185.737	115	0	3
2026.07.20	03:04:00	185.737	185.744	185.735	185.736	140	0	0
2026.07.20	03:05:00	185.736	185.751	185.735	185.748	126	0	4
2026.07.20	03:06:00	185.748	185.752	185.745	185.748	94	0	4
2026.07.20	03:07:00	185.748	185.759	185.747	185.753	97	0	3
2026.07.20	03:08:00	185.753	185.761	185.751	185.758	91	0	0
2026.07.20	03:09:00	185.758	185.763	185.754	185.754	73	0	4
2026.07.20	03:10:00	185.754	185.760	185.749	185.758	52	0	3
2026.07.20	03:11:00	185.758	185.764	185.754	185.755	83	0	1
2026.07.20	03:12:00	185.755	185.755	185.741	185.743	61	0	1
2026.07.20	03:13:00	185.743	185.754	185.743	185.745	88	0	2
2026.07.20	03:14:00	185.745	185.749	185.730	185.733	77	0	4
2026.07.20	03:15:00	185.733	185.743	185.726	185.739	165	0	3
2026.07.20	03:16:00	185.739	185.750	185.737	185.743	139	0	2
2026.07.20	03:17:00	185.743	185.753	185.742	185.747	155	0	3
2026.07.20	03:18:00	185.747	185.747	185.735	185.739	66	0	4
2026.07.20	03:19:00	185.739	185.745	185.737	185.744	44	0	4
2026.07.20	03:20:00	185.744	185.746	185.735	185.736	38	0	1
2026.07.20	03:21:00	185.736	185.736	185.720	185.722	50	0	0
2026.07.20	03:22:00	185.722	185.732	185.722	185.724	92	0	1
2026.07.20	03:23:00	185.724	185.738	185.723	185.732	117	0	3
2026.07.20	03:24:00	185.732	185.735	185.723	185.732	130	0	3
2026.07.20	03:25:00	185.732	185.733	185.724	185.725	70	0	3
2026.07.20	03:26:00	185.725	185.731	185.725	185.731	86	0	1
2026.07.20	03:27:00	185.731	185.736	185.721	185.721	62	0	0
2026.07.20	03:28:00	185.721	185.726	185.720	185.725	46	0	4
2026.07.20	03:29:00	185.725	185.731	185.724	185.726	147	0	2
2026.07.20	03:30:00	185.726	185.727	185.704	185.705	103	0	4
2026.07.20	03:31:00	185.705	185.707	185.692	185.701	132	0	2
2026.07.20	03:32:00	185.701	185.709	185.695	185.709	50	0	4
2026.07.20	03:33:00	185.709	185.711	185.700	185.710	57	0	2
2026.07.20	03:34:00	185.710	185.710	185.697	185.698	75	0	0
2026.07.20	03:35:00	185.698	185.715	185.696	185.712	80	0	2
2026.07.20	03:36:00	185.712	185.712	185.700	185.702	75	0	4
2026.07.20	03:37:00	185.702	185.706	185.691	185.706	81	0	0
2026.07.20	03:38:00	185.706	185.706	185.699	185.701	51	0	3
2026.07.20	03:39:00	185.701	185.703	185.690	185.690	36	0	0
2026.07.20	03:40:00	185.690	185.691	185.662	185.669	119	0	0
2026.07.20	03:41:00	185.669	185.669	185.654	185.657	85	0	0
2026.07.20	03:42:00	185.657	185.667	185.656	185.663	70	0	2
2026.07.20	03:43:00	185.663	185.673	185.662	185.671	41	0	4
2026.07.20	03:44:00	185.671	185.680	185.669	185.677	84	0	4
2026.07.20	03:45:00	185.677	185.685	185.676	185.685	81	0	3
2026.07.20	03:46:00	185.685	185.685	185.670	185.675	61	0	0
2026.07.20	03:47:00	185.675	185.677	185.665	185.667	51	0	4
2026.07.20	03:48:00	185.667	185.672	185.662	185.663	73	0	4
2026.07.20	03:49:00	185.663	185.668	185.663	185.667	32	0	2
2026.07.20	03:50:00	185.667	185.673	185.667	185.667	48	0	2
2026.07.20	03:51:00	185.667	185.670	185.658	185.664	76	0	0
2026.07.20	03:52:00	185.663	185.663	185.633	185.638	101	0	0
2026.07.20	03:53:00	185.638	185.644	185.611	185.614	98	0	0
2026.07.20	03:54:00	185.614	185.615	185.590	185.608	308	0	0
2026.07.20	03:55:00	185.608	185.626	185.594	185.598	144	0	0
2026.07.20	03:56:00	185.598	185.613	185.598	185.602	128	0	0
2026.07.20	03:57:00	185.602	185.615	185.597	185.609	153	0	0
2026.07.20	03:58:00	185.609	185.620	185.603	185.611	184	0	0
2026.07.20	03:59:00	185.611	185.623	185.603	185.606	165	0	0
2026.07.20	04:00:00	185.606	185.608	185.589	185.599	221	0	0
2026.07.20	04:01:00	185.599	185.620	185.598	185.619	164	0	2
2026.07.20	04:02:00	185.619	185.629	185.606	185.618	180	0	0
2026.07.20	04:03:00	185.618	185.626	185.616	185.623	128	0	4
2026.07.20	04:04:00	185.624	185.629	185.614	185.622	191	0	3
2026.07.20	04:05:00	185.622	185.642	185.620	185.641	165	0	0
2026.07.20	04:06:00	185.641	185.642	185.627	185.639	99	0	2
2026.07.20	04:07:00	185.639	185.643	185.633	185.633	93	0	3
2026.07.20	04:08:00	185.633	185.634	185.610	185.620	119	0	0
2026.07.20	04:09:00	185.620	185.624	185.616	185.618	92	0	4
2026.07.20	04:10:00	185.618	185.628	185.616	185.621	76	0	1
2026.07.20	04:11:00	185.621	185.622	185.611	185.612	89	0	0
2026.07.20	04:12:00	185.612	185.612	185.592	185.594	67	0	0
2026.07.20	04:13:00	185.594	185.598	185.590	185.595	78	0	2
2026.07.20	04:14:00	185.595	185.598	185.583	185.595	103	0	0
2026.07.20	04:15:00	185.595	185.609	185.591	185.606	159	0	1
2026.07.20	04:16:00	185.606	185.617	185.603	185.611	135	0	0
2026.07.20	04:17:00	185.611	185.638	185.605	185.637	181	0	0
2026.07.20	04:18:00	185.637	185.637	185.618	185.618	123	0	3
2026.07.20	04:19:00	185.618	185.632	185.618	185.626	97	0	0
2026.07.20	04:20:00	185.626	185.641	185.623	185.636	80	0	2
2026.07.20	04:21:00	185.636	185.651	185.635	185.642	89	0	0
2026.07.20	04:22:00	185.642	185.668	185.641	185.664	130	0	0
2026.07.20	04:23:00	185.664	185.672	185.660	185.669	137	0	0
2026.07.20	04:24:00	185.669	185.673	185.642	185.643	120	0	1
2026.07.20	04:25:00	185.643	185.665	185.642	185.663	113	0	0
2026.07.20	04:26:00	185.663	185.663	185.651	185.661	116	0	1
2026.07.20	04:27:00	185.661	185.671	185.652	185.668	103	0	0
2026.07.20	04:28:00	185.668	185.677	185.662	185.671	108	0	1
2026.07.20	04:29:00	185.671	185.675	185.665	185.673	60	0	2
2026.07.20	04:30:00	185.673	185.675	185.661	185.665	98	0	0
2026.07.20	04:31:00	185.665	185.665	185.649	185.650	89	0	1
2026.07.20	04:32:00	185.650	185.662	185.647	185.661	92	0	2
2026.07.20	04:33:00	185.661	185.665	185.638	185.639	93	0	0
2026.07.20	04:34:00	185.639	185.650	185.633	185.648	69	0	0
2026.07.20	04:35:00	185.648	185.648	185.644	185.645	32	0	2
2026.07.20	04:36:00	185.645	185.653	185.642	185.644	74	0	2
2026.07.20	04:37:00	185.644	185.664	185.644	185.662	126	0	0
2026.07.20	04:38:00	185.662	185.667	185.658	185.661	77	0	1
2026.07.20	04:39:00	185.661	185.665	185.656	185.660	90	0	3
2026.07.20	04:40:00	185.660	185.670	185.657	185.660	83	0	0
2026.07.20	04:41:00	185.660	185.669	185.660	185.665	81	0	1
2026.07.20	04:42:00	185.665	185.665	185.651	185.660	112	0	0
2026.07.20	04:43:00	185.660	185.663	185.605	185.606	158	0	0
2026.07.20	04:44:00	185.606	185.616	185.601	185.612	132	0	0
2026.07.20	04:45:00	185.612	185.635	185.610	185.632	115	0	2
2026.07.20	04:46:00	185.632	185.632	185.625	185.627	85	0	3
2026.07.20	04:47:00	185.627	185.639	185.626	185.632	113	0	3
2026.07.20	04:48:00	185.632	185.644	185.629	185.644	90	0	3
2026.07.20	04:49:00	185.644	185.658	185.640	185.656	105	0	0
2026.07.20	04:50:00	185.656	185.661	185.649	185.652	94	0	1
2026.07.20	04:51:00	185.652	185.653	185.634	185.635	100	0	0
2026.07.20	04:52:00	185.635	185.645	185.632	185.634	61	0	0
2026.07.20	04:53:00	185.634	185.651	185.630	185.650	80	0	0
2026.07.20	04:54:00	185.650	185.655	185.647	185.649	59	0	2
2026.07.20	04:55:00	185.649	185.674	185.649	185.666	64	0	0
2026.07.20	04:56:00	185.666	185.669	185.666	185.667	18	0	3
2026.07.20	04:57:00	185.667	185.674	185.661	185.670	78	0	0
2026.07.20	04:58:00	185.670	185.673	185.663	185.670	81	0	1
2026.07.20	04:59:00	185.670	185.677	185.668	185.674	51	0	2
2026.07.20	05:00:00	185.674	185.688	185.658	185.665	114	0	0
2026.07.20	05:01:00	185.665	185.682	185.665	185.668	130	0	0
2026.07.20	05:02:00	185.668	185.676	185.656	185.673	118	0	0
2026.07.20	05:03:00	185.673	185.677	185.664	185.672	103	0	3
2026.07.20	05:04:00	185.672	185.684	185.668	185.683	85	0	3
2026.07.20	05:05:00	185.683	185.685	185.668	185.679	111	0	0
2026.07.20	05:06:00	185.679	185.679	185.673	185.675	127	0	3
2026.07.20	05:07:00	185.675	185.676	185.667	185.671	105	0	4
2026.07.20	05:08:00	185.671	185.672	185.653	185.670	117	0	1
2026.07.20	05:09:00	185.670	185.674	185.666	185.672	90	0	3
2026.07.20	05:10:00	185.672	185.673	185.660	185.668	67	0	0
2026.07.20	05:11:00	185.668	185.685	185.666	185.675	122	0	0
2026.07.20	05:12:00	185.675	185.677	185.673	185.673	61	0	4
2026.07.20	05:13:00	185.673	185.676	185.669	185.674	39	0	0
2026.07.20	05:14:00	185.674	185.680	185.667	185.669	42	0	0
2026.07.20	05:15:00	185.669	185.676	185.664	185.667	72	0	0
2026.07.20	05:16:00	185.667	185.671	185.663	185.669	61	0	1
2026.07.20	05:17:00	185.669	185.672	185.666	185.670	34	0	1
2026.07.20	05:18:00	185.670	185.671	185.660	185.661	43	0	3
2026.07.20	05:19:00	185.661	185.666	185.659	185.664	33	0	2
2026.07.20	05:20:00	185.664	185.672	185.664	185.672	60	0	0
2026.07.20	05:21:00	185.672	185.682	185.672	185.674	45	0	0
2026.07.20	05:22:00	185.674	185.677	185.672	185.675	38	0	3
2026.07.20	05:23:00	185.675	185.676	185.672	185.673	55	0	4
2026.07.20	05:24:00	185.673	185.674	185.664	185.673	46	0	1
2026.07.20	05:25:00	185.673	185.679	185.672	185.675	60	0	1
2026.07.20	05:26:00	185.675	185.684	185.675	185.681	94	0	2
2026.07.20	05:27:00	185.681	185.690	185.680	185.690	52	0	4
2026.07.20	05:28:00	185.690	185.701	185.688	185.697	69	0	0
2026.07.20	05:29:00	185.697	185.700	185.692	185.698	63	0	0
2026.07.20	05:30:00	185.698	185.710	185.688	185.703	98	0	0
2026.07.20	05:31:00	185.703	185.705	185.701	185.702	33	0	4
2026.07.20	05:32:00	185.702	185.708	185.698	185.703	59	0	3
2026.07.20	05:33:00	185.703	185.706	185.695	185.695	63	0	1
2026.07.20	05:34:00	185.695	185.701	185.693	185.697	62	0	2
2026.07.20	05:35:00	185.697	185.707	185.697	185.705	57	0	0
2026.07.20	05:36:00	185.705	185.708	185.703	185.703	66	0	3
2026.07.20	05:37:00	185.703	185.707	185.701	185.705	55	0	3
2026.07.20	05:38:00	185.705	185.722	185.704	185.717	82	0	1
2026.07.20	05:39:00	185.717	185.722	185.710	185.722	89	0	0
2026.07.20	05:40:00	185.722	185.737	185.722	185.736	62	0	2
2026.07.20	05:41:00	185.736	185.761	185.736	185.741	114	0	0
2026.07.20	05:42:00	185.741	185.762	185.741	185.755	71	0	2
2026.07.20	05:43:00	185.755	185.759	185.747	185.758	59	0	2
2026.07.20	05:44:00	185.758	185.760	185.750	185.751	49	0	3
2026.07.20	05:45:00	185.751	185.753	185.738	185.745	39	0	0
2026.07.20	05:46:00	185.745	185.751	185.738	185.739	57	0	3
2026.07.20	05:47:00	185.739	185.754	185.732	185.754	72	0	1
2026.07.20	05:48:00	185.754	185.762	185.752	185.761	72	0	4
2026.07.20	05:49:00	185.761	185.765	185.750	185.765	88	0	2
2026.07.20	05:50:00	185.765	185.767	185.762	185.765	36	0	4
2026.07.20	05:51:00	185.765	185.765	185.757	185.764	68	0	0
2026.07.20	05:52:00	185.764	185.764	185.757	185.764	60	0	0
2026.07.20	05:53:00	185.764	185.778	185.764	185.772	74	0	0
2026.07.20	05:54:00	185.772	185.772	185.762	185.770	62	0	1
2026.07.20	05:55:00	185.770	185.775	185.768	185.773	41	0	0
2026.07.20	05:56:00	185.773	185.777	185.770	185.777	58	0	3
2026.07.20	05:57:00	185.777	185.778	185.768	185.769	38	0	2
2026.07.20	05:58:00	185.769	185.774	185.766	185.773	42	0	3
2026.07.20	05:59:00	185.773	185.774	185.763	185.766	68	0	3
2026.07.20	06:00:00	185.766	185.775	185.766	185.773	69	0	0
2026.07.20	06:01:00	185.773	185.774	185.763	185.763	36	0	3
2026.07.20	06:02:00	185.763	185.766	185.751	185.761	73	0	0
2026.07.20	06:03:00	185.761	185.761	185.750	185.754	34	0	1
2026.07.20	06:04:00	185.754	185.756	185.747	185.754	67	0	3
2026.07.20	06:05:00	185.754	185.757	185.752	185.754	42	0	1
2026.07.20	06:06:00	185.754	185.754	185.749	185.749	40	0	1
2026.07.20	06:07:00	185.749	185.751	185.731	185.733	75	0	0
2026.07.20	06:08:00	185.733	185.743	185.731	185.743	42	0	0
2026.07.20	06:09:00	185.743	185.743	185.733	185.735	46	0	1
2026.07.20	06:10:00	185.735	185.742	185.734	185.739	56	0	3
2026.07.20	06:11:00	185.739	185.742	185.737	185.740	30	0	4
2026.07.20	06:12:00	185.740	185.747	185.737	185.746	48	0	3
2026.07.20	06:13:00	185.746	185.754	185.746	185.752	75	0	0
2026.07.20	06:14:00	185.752	185.754	185.748	185.753	49	0	4
2026.07.20	06:15:00	185.753	185.755	185.748	185.754	53	0	3
2026.07.20	06:16:00	185.754	185.769	185.754	185.760	101	0	0
2026.07.20	06:17:00	185.760	185.767	185.760	185.767	45	0	4
2026.07.20	06:18:00	185.766	185.772	185.763	185.769	50	0	0
2026.07.20	06:19:00	185.769	185.769	185.764	185.764	58	0	4
2026.07.20	06:20:00	185.764	185.775	185.757	185.774	50	0	0
2026.07.20	06:21:00	185.774	185.774	185.768	185.771	58	0	4
2026.07.20	06:22:00	185.771	185.772	185.767	185.771	31	0	3
2026.07.20	06:23:00	185.771	185.771	185.763	185.767	61	0	3
2026.07.20	06:24:00	185.767	185.777	185.766	185.768	45	0	1
2026.07.20	06:25:00	185.768	185.769	185.762	185.769	43	0	3
2026.07.20	06:26:00	185.769	185.773	185.765	185.765	47	0	0
2026.07.20	06:27:00	185.765	185.766	185.763	185.763	13	0	4
2026.07.20	06:28:00	185.763	185.766	185.761	185.766	44	0	0
2026.07.20	06:29:00	185.766	185.769	185.764	185.764	42	0	2
2026.07.20	06:30:00	185.764	185.765	185.762	185.764	31	0	4
2026.07.20	06:31:00	185.764	185.768	185.762	185.762	43	0	3
2026.07.20	06:32:00	185.762	185.770	185.761	185.766	55	0	1
2026.07.20	06:33:00	185.766	185.772	185.765	185.769	66	0	4
2026.07.20	06:34:00	185.769	185.772	185.767	185.768	53	0	3
2026.07.20	06:35:00	185.768	185.771	185.759	185.759	83	0	0
2026.07.20	06:36:00	185.759	185.762	185.757	185.762	64	0	2
2026.07.20	06:37:00	185.762	185.768	185.761	185.765	96	0	2
2026.07.20	06:38:00	185.765	185.768	185.762	185.764	62	0	3
2026.07.20	06:39:00	185.764	185.767	185.763	185.766	32	0	4
2026.07.20	06:40:00	185.766	185.766	185.762	185.764	37	0	4
2026.07.20	06:41:00	185.764	185.773	185.763	185.768	45	0	0
2026.07.20	06:42:00	185.768	185.782	185.766	185.782	32	0	1
2026.07.20	06:43:00	185.782	185.782	185.775	185.775	49	0	4
2026.07.20	06:44:00	185.775	185.776	185.771	185.775	39	0	4
2026.07.20	06:45:00	185.775	185.775	185.767	185.768	56	0	4
2026.07.20	06:46:00	185.768	185.781	185.766	185.776	60	0	0
2026.07.20	06:47:00	185.776	185.776	185.770	185.771	59	0	3
2026.07.20	06:48:00	185.771	185.776	185.767	185.776	48	0	3
2026.07.20	06:49:00	185.776	185.779	185.775	185.775	36	0	4
2026.07.20	06:50:00	185.775	185.777	185.768	185.777	54	0	4
2026.07.20	06:51:00	185.777	185.779	185.775	185.776	44	0	4
2026.07.20	06:52:00	185.776	185.784	185.776	185.784	58	0	3
2026.07.20	06:53:00	185.784	185.786	185.783	185.784	29	0	4
2026.07.20	06:54:00	185.783	185.785	185.783	185.783	15	0	4
2026.07.20	06:55:00	185.783	185.784	185.777	185.779	58	0	0
2026.07.20	06:56:00	185.779	185.781	185.776	185.778	27	0	3
2026.07.20	06:57:00	185.778	185.781	185.777	185.780	37	0	3
2026.07.20	06:58:00	185.780	185.782	185.778	185.781	30	0	1
2026.07.20	06:59:00	185.781	185.785	185.777	185.779	35	0	2
2026.07.20	07:00:00	185.779	185.785	185.776	185.784	56	0	0
2026.07.20	07:01:00	185.784	185.785	185.780	185.780	34	0	3
2026.07.20	07:02:00	185.780	185.782	185.778	185.779	53	0	3
2026.07.20	07:03:00	185.779	185.792	185.778	185.791	55	0	0
2026.07.20	07:04:00	185.791	185.795	185.788	185.792	28	0	2
2026.07.20	07:05:00	185.792	185.792	185.782	185.783	28	0	0
2026.07.20	07:06:00	185.783	185.785	185.782	185.782	20	0	3
2026.07.20	07:07:00	185.782	185.789	185.781	185.789	34	0	1
2026.07.20	07:08:00	185.789	185.796	185.789	185.794	42	0	2
2026.07.20	07:09:00	185.794	185.795	185.780	185.795	48	0	0
2026.07.20	07:10:00	185.795	185.801	185.789	185.799	29	0	2
2026.07.20	07:11:00	185.799	185.803	185.793	185.800	43	0	4
2026.07.20	07:12:00	185.800	185.802	185.797	185.798	54	0	4
2026.07.20	07:13:00	185.798	185.799	185.795	185.795	28	0	4
2026.07.20	07:14:00	185.795	185.796	185.794	185.796	12	0	4
2026.07.20	07:15:00	185.796	185.801	185.796	185.796	57	0	4
2026.07.20	07:16:00	185.796	185.798	185.794	185.797	26	0	4
2026.07.20	07:17:00	185.797	185.799	185.793	185.795	41	0	4
2026.07.20	07:18:00	185.795	185.802	185.795	185.795	32	0	3
2026.07.20	07:19:00	185.795	185.805	185.794	185.804	23	0	0
2026.07.20	07:20:00	185.804	185.812	185.802	185.812	62	0	3
2026.07.20	07:21:00	185.812	185.812	185.800	185.802	29	0	2
2026.07.20	07:22:00	185.802	185.802	185.794	185.795	42	0	4
2026.07.20	07:23:00	185.795	185.796	185.793	185.793	9	0	4
2026.07.20	07:24:00	185.793	185.799	185.787	185.799	42	0	0
2026.07.20	07:25:00	185.799	185.806	185.792	185.803	47	0	3
2026.07.20	07:26:00	185.803	185.812	185.801	185.808	32	0	4
2026.07.20	07:27:00	185.808	185.818	185.807	185.818	37	0	3
2026.07.20	07:28:00	185.818	185.823	185.816	185.817	41	0	2
2026.07.20	07:29:00	185.817	185.825	185.816	185.823	34	0	3
2026.07.20	07:30:00	185.823	185.825	185.813	185.813	27	0	3
2026.07.20	07:31:00	185.813	185.815	185.812	185.814	27	0	4
2026.07.20	07:32:00	185.814	185.816	185.810	185.814	37	0	2
2026.07.20	07:33:00	185.814	185.818	185.812	185.813	38	0	2
2026.07.20	07:34:00	185.813	185.818	185.811	185.816	41	0	3
2026.07.20	07:35:00	185.816	185.824	185.816	185.819	44	0	1
2026.07.20	07:36:00	185.819	185.819	185.805	185.806	45	0	0
2026.07.20	07:37:00	185.806	185.811	185.796	185.796	65	0	1
2026.07.20	07:38:00	185.796	185.808	185.795	185.806	78	0	3
2026.07.20	07:39:00	185.805	185.812	185.802	185.803	56	0	2
2026.07.20	07:40:00	185.803	185.805	185.803	185.804	26	0	4
2026.07.20	07:41:00	185.804	185.813	185.804	185.813	30	0	4
2026.07.20	07:42:00	185.813	185.813	185.810	185.813	21	0	4
2026.07.20	07:43:00	185.813	185.813	185.811	185.813	21	0	4
2026.07.20	07:44:00	185.813	185.817	185.813	185.815	15	0	2
2026.07.20	07:45:00	185.815	185.815	185.805	185.811	72	0	1
2026.07.20	07:46:00	185.811	185.815	185.794	185.795	62	0	0
2026.07.20	07:47:00	185.795	185.796	185.782	185.792	94	0	0
2026.07.20	07:48:00	185.792	185.796	185.785	185.787	81	0	2
2026.07.20	07:49:00	185.787	185.787	185.777	185.785	106	0	4
2026.07.20	07:50:00	185.785	185.796	185.784	185.794	74	0	2
2026.07.20	07:51:00	185.794	185.794	185.785	185.785	78	0	2
2026.07.20	07:52:00	185.785	185.795	185.784	185.794	68	0	3
2026.07.20	07:53:00	185.794	185.797	185.788	185.788	61	0	2
2026.07.20	07:54:00	185.788	185.790	185.787	185.789	44	0	3
2026.07.20	07:55:00	185.789	185.789	185.784	185.786	68	0	3
2026.07.20	07:56:00	185.786	185.789	185.783	185.787	42	0	4
2026.07.20	07:57:00	185.787	185.790	185.785	185.787	47	0	4
2026.07.20	07:58:00	185.787	185.791	185.786	185.787	47	0	4
2026.07.20	07:59:00	185.788	185.789	185.786	185.786	44	0	4
2026.07.20	08:00:00	185.789	185.800	185.772	185.773	73	0	0
2026.07.20	08:01:00	185.773	185.773	185.760	185.768	44	0	0
2026.07.20	08:02:00	185.768	185.776	185.768	185.775	27	0	1
2026.07.20	08:03:00	185.775	185.780	185.771	185.771	36	0	0
2026.07.20	08:04:00	185.771	185.778	185.766	185.766	81	0	0
2026.07.20	08:05:00	185.766	185.770	185.765	185.766	49	0	0
2026.07.20	08:06:00	185.766	185.769	185.764	185.764	42	0	1
2026.07.20	08:07:00	185.764	185.770	185.763	185.766	52	0	0
2026.07.20	08:08:00	185.766	185.773	185.765	185.770	52	0	0
2026.07.20	08:09:00	185.770	185.771	185.766	185.768	30	0	1
2026.07.20	08:10:00	185.768	185.771	185.768	185.769	21	0	1
2026.07.20	08:11:00	185.769	185.770	185.756	185.761	66	0	0
2026.07.20	08:12:00	185.761	185.768	185.760	185.767	53	0	0
2026.07.20	08:13:00	185.767	185.772	185.765	185.771	56	0	1
2026.07.20	08:14:00	185.771	185.777	185.771	185.775	36	0	0
2026.07.20	08:15:00	185.775	185.783	185.775	185.777	53	0	0
2026.07.20	08:16:00	185.777	185.778	185.773	185.774	43	0	0
2026.07.20	08:17:00	185.774	185.775	185.766	185.770	34	0	0
2026.07.20	08:18:00	185.770	185.777	185.769	185.770	55	0	0
2026.07.20	08:19:00	185.770	185.773	185.766	185.769	62	0	0
2026.07.20	08:20:00	185.769	185.769	185.762	185.767	46	0	0
2026.07.20	08:21:00	185.767	185.770	185.762	185.763	37	0	0
2026.07.20	08:22:00	185.763	185.769	185.760	185.769	37	0	1
2026.07.20	08:23:00	185.769	185.769	185.765	185.769	30	0	1
2026.07.20	08:24:00	185.769	185.771	185.766	185.771	34	0	0
2026.07.20	08:25:00	185.771	185.773	185.766	185.771	43	0	1
2026.07.20	08:26:00	185.771	185.777	185.766	185.775	45	0	0
2026.07.20	08:27:00	185.775	185.782	185.774	185.778	61	0	1
2026.07.20	08:28:00	185.778	185.780	185.775	185.778	31	0	1
2026.07.20	08:29:00	185.778	185.778	185.769	185.771	23	0	0
2026.07.20	08:30:00	185.771	185.771	185.756	185.759	47	0	0
2026.07.20	08:31:00	185.759	185.768	185.755	185.762	81	0	0
2026.07.20	08:32:00	185.762	185.763	185.751	185.752	34	0	0
2026.07.20	08:33:00	185.752	185.758	185.752	185.755	45	0	1
2026.07.20	08:34:00	185.755	185.755	185.747	185.751	50	0	0
2026.07.20	08:35:00	185.751	185.753	185.746	185.748	51	0	0
2026.07.20	08:36:00	185.748	185.751	185.743	185.744	40	0	0
2026.07.20	08:37:00	185.744	185.752	185.742	185.742	30	0	0
2026.07.20	08:38:00	185.742	185.742	185.738	185.738	27	0	0
2026.07.20	08:39:00	185.738	185.740	185.729	185.734	27	0	0
2026.07.20	08:40:00	185.734	185.742	185.731	185.742	35	0	1
2026.07.20	08:41:00	185.741	185.743	185.736	185.736	40	0	1
2026.07.20	08:42:00	185.736	185.738	185.725	185.725	27	0	0
2026.07.20	08:43:00	185.725	185.732	185.725	185.728	43	0	0
2026.07.20	08:44:00	185.728	185.733	185.728	185.730	20	0	1
2026.07.20	08:45:00	185.730	185.734	185.728	185.733	43	0	0
2026.07.20	08:46:00	185.733	185.742	185.731	185.742	21	0	0
2026.07.20	08:47:00	185.742	185.754	185.736	185.754	62	0	0
2026.07.20	08:48:00	185.754	185.755	185.750	185.750	47	0	0
2026.07.20	08:49:00	185.750	185.751	185.744	185.744	39	0	1
2026.07.20	08:50:00	185.744	185.748	185.741	185.746	70	0	0
2026.07.20	08:51:00	185.746	185.748	185.745	185.747	21	0	1
2026.07.20	08:52:00	185.747	185.765	185.746	185.765	42	0	0
2026.07.20	08:53:00	185.765	185.766	185.763	185.764	28	0	0
2026.07.20	08:54:00	185.764	185.779	185.764	185.779	25	0	0
2026.07.20	08:55:00	185.777	185.780	185.766	185.777	90	0	0
2026.07.20	08:56:00	185.777	185.784	185.768	185.774	75	0	0
2026.07.20	08:57:00	185.774	185.776	185.771	185.771	55	0	1
2026.07.20	08:58:00	185.771	185.774	185.764	185.764	40	0	1
2026.07.20	08:59:00	185.764	185.765	185.756	185.756	54	0	0
2026.07.20	09:00:00	185.756	185.775	185.754	185.772	87	0	0
2026.07.20	09:01:00	185.772	185.777	185.762	185.771	58	0	0
2026.07.20	09:02:00	185.771	185.780	185.767	185.776	59	0	0
2026.07.20	09:03:00	185.776	185.783	185.772	185.779	64	0	0
2026.07.20	09:04:00	185.779	185.785	185.774	185.778	76	0	0
2026.07.20	09:05:00	185.778	185.778	185.748	185.752	85	0	0
2026.07.20	09:06:00	185.752	185.757	185.748	185.755	74	0	0
2026.07.20	09:07:00	185.755	185.765	185.748	185.749	83	0	0
2026.07.20	09:08:00	185.749	185.751	185.737	185.746	71	0	0
2026.07.20	09:09:00	185.746	185.754	185.734	185.740	92	0	0
2026.07.20	09:10:00	185.740	185.742	185.727	185.732	97	0	0
2026.07.20	09:11:00	185.732	185.732	185.715	185.720	91	0	0
2026.07.20	09:12:00	185.720	185.739	185.719	185.738	49	0	0
2026.07.20	09:13:00	185.738	185.739	185.727	185.734	63	0	0
2026.07.20	09:14:00	185.734	185.745	185.732	185.736	73	0	0
2026.07.20	09:15:00	185.736	185.744	185.735	185.736	63	0	0
2026.07.20	09:16:00	185.736	185.755	185.736	185.738	127	0	0
2026.07.20	09:17:00	185.738	185.753	185.737	185.746	76	0	0
2026.07.20	09:18:00	185.746	185.749	185.734	185.736	50	0	0
2026.07.20	09:19:00	185.736	185.743	185.731	185.738	50	0	0
2026.07.20	09:20:00	185.739	185.753	185.737	185.751	75	0	0
2026.07.20	09:21:00	185.751	185.752	185.744	185.744	62	0	0
2026.07.20	09:22:00	185.744	185.753	185.744	185.748	92	0	0
2026.07.20	09:23:00	185.748	185.750	185.736	185.742	111	0	0
2026.07.20	09:24:00	185.742	185.749	185.731	185.732	91	0	0
2026.07.20	09:25:00	185.732	185.734	185.722	185.728	56	0	0
2026.07.20	09:26:00	185.728	185.731	185.721	185.721	48	0	0
2026.07.20	09:27:00	185.721	185.727	185.720	185.725	54	0	1
2026.07.20	09:28:00	185.725	185.731	185.724	185.724	39	0	1
2026.07.20	09:29:00	185.724	185.732	185.720	185.720	82	0	0
2026.07.20	09:30:00	185.719	185.721	185.699	185.702	78	0	0
2026.07.20	09:31:00	185.703	185.703	185.681	185.685	84	0	0
2026.07.20	09:32:00	185.685	185.688	185.681	185.683	73	0	0
2026.07.20	09:33:00	185.683	185.683	185.671	185.671	79	0	0
2026.07.20	09:34:00	185.671	185.684	185.667	185.677	66	0	0
2026.07.20	09:35:00	185.677	185.685	185.674	185.678	64	0	0
2026.07.20	09:36:00	185.678	185.712	185.678	185.710	63	0	0
2026.07.20	09:37:00	185.710	185.735	185.706	185.733	85	0	0
2026.07.20	09:38:00	185.733	185.740	185.727	185.729	95	0	0
2026.07.20	09:39:00	185.729	185.735	185.726	185.732	72	0	0
2026.07.20	09:40:00	185.732	185.742	185.730	185.740	60	0	0
2026.07.20	09:41:00	185.740	185.745	185.726	185.729	103	0	0
2026.07.20	09:42:00	185.729	185.737	185.727	185.732	63	0	0
2026.07.20	09:43:00	185.732	185.736	185.706	185.707	75	0	0
2026.07.20	09:44:00	185.707	185.709	185.678	185.684	88	0	0
2026.07.20	09:45:00	185.684	185.696	185.683	185.687	86	0	0
2026.07.20	09:46:00	185.687	185.705	185.687	185.704	63	0	0
2026.07.20	09:47:00	185.704	185.730	185.700	185.723	109	0	0
2026.07.20	09:48:00	185.723	185.742	185.723	185.739	76	0	0
2026.07.20	09:49:00	185.739	185.745	185.720	185.721	100	0	0
2026.07.20	09:50:00	185.721	185.737	185.718	185.728	86	0	0
2026.07.20	09:51:00	185.728	185.738	185.728	185.729	81	0	0
2026.07.20	09:52:00	185.729	185.736	185.728	185.733	73	0	0
2026.07.20	09:53:00	185.733	185.745	185.725	185.730	83	0	0
2026.07.20	09:54:00	185.730	185.740	185.723	185.738	34	0	0
2026.07.20	09:55:00	185.740	185.755	185.737	185.753	57	0	0
2026.07.20	09:56:00	185.753	185.758	185.746	185.747	62	0	0
2026.07.20	09:57:00	185.747	185.756	185.739	185.739	66	0	0
2026.07.20	09:58:00	185.739	185.741	185.723	185.725	66	0	1
2026.07.20	09:59:00	185.725	185.730	185.717	185.719	77	0	0
2026.07.20	10:00:00	185.719	185.739	185.709	185.730	144	0	0
2026.07.20	10:01:00	185.729	185.765	185.729	185.749	159	0	0
2026.07.20	10:02:00	185.749	185.769	185.748	185.769	68	0	0
2026.07.20	10:03:00	185.769	185.775	185.764	185.767	71	0	0
2026.07.20	10:04:00	185.767	185.768	185.760	185.768	63	0	0
2026.07.20	10:05:00	185.768	185.776	185.766	185.767	100	0	0
2026.07.20	10:06:00	185.767	185.772	185.760	185.760	66	0	0
2026.07.20	10:07:00	185.760	185.771	185.758	185.760	71	0	0
2026.07.20	10:08:00	185.760	185.766	185.752	185.761	78	0	0
2026.07.20	10:09:00	185.761	185.762	185.753	185.758	56	0	0
2026.07.20	10:10:00	185.758	185.769	185.749	185.769	72	0	0
2026.07.20	10:11:00	185.769	185.770	185.746	185.748	105	0	0
2026.07.20	10:12:00	185.748	185.766	185.747	185.749	92	0	0
2026.07.20	10:13:00	185.749	185.755	185.734	185.736	62	0	0
2026.07.20	10:14:00	185.736	185.744	185.735	185.742	62	0	0
2026.07.20	10:15:00	185.742	185.744	185.736	185.744	111	0	0
2026.07.20	10:16:00	185.745	185.758	185.745	185.758	50	0	0
2026.07.20	10:17:00	185.758	185.777	185.757	185.776	85	0	0
2026.07.20	10:18:00	185.776	185.788	185.775	185.787	79	0	0
2026.07.20	10:19:00	185.787	185.788	185.779	185.782	75	0	0
2026.07.20	10:20:00	185.782	185.803	185.776	185.800	90	0	0
2026.07.20	10:21:00	185.798	185.807	185.796	185.798	85	0	0
2026.07.20	10:22:00	185.798	185.820	185.798	185.817	201	0	0
2026.07.20	10:23:00	185.817	185.818	185.788	185.808	168	0	0
2026.07.20	10:24:00	185.808	185.825	185.802	185.820	90	0	0
2026.07.20	10:25:00	185.820	185.830	185.808	185.826	116	0	0
2026.07.20	10:26:00	185.825	185.827	185.814	185.819	136	0	0
2026.07.20	10:27:00	185.819	185.824	185.807	185.812	105	0	0
2026.07.20	10:28:00	185.812	185.834	185.811	185.828	73	0	1
2026.07.20	10:29:00	185.828	185.832	185.816	185.826	143	0	0
2026.07.20	10:30:00	185.826	185.864	185.817	185.833	274	0	0
2026.07.20	10:31:00	185.833	185.847	185.827	185.836	139	0	0
2026.07.20	10:32:00	185.836	185.857	185.836	185.855	100	0	0
2026.07.20	10:33:00	185.856	185.872	185.853	185.864	185	0	0
2026.07.20	10:34:00	185.865	185.876	185.855	185.867	151	0	0
2026.07.20	10:35:00	185.867	185.870	185.844	185.855	125	0	0
2026.07.20	10:36:00	185.855	185.862	185.848	185.854	134	0	0
2026.07.20	10:37:00	185.854	185.867	185.853	185.853	93	0	0
2026.07.20	10:38:00	185.853	185.868	185.845	185.863	119	0	0
2026.07.20	10:39:00	185.863	185.873	185.844	185.854	154	0	0
2026.07.20	10:40:00	185.854	185.860	185.840	185.859	98	0	0
2026.07.20	10:41:00	185.859	185.861	185.843	185.849	116	0	0
2026.07.20	10:42:00	185.849	185.858	185.843	185.852	148	0	0
2026.07.20	10:43:00	185.852	185.858	185.830	185.833	139	0	0
2026.07.20	10:44:00	185.833	185.840	185.818	185.824	136	0	0
2026.07.20	10:45:00	185.824	185.846	185.822	185.839	132	0	0
2026.07.20	10:46:00	185.839	185.844	185.829	185.832	136	0	0
2026.07.20	10:47:00	185.832	185.839	185.825	185.826	123	0	0
2026.07.20	10:48:00	185.826	185.836	185.819	185.836	109	0	0
2026.07.20	10:49:00	185.835	185.855	185.835	185.847	85	0	0
2026.07.20	10:50:00	185.847	185.851	185.836	185.843	119	0	0
2026.07.20	10:51:00	185.843	185.845	185.820	185.828	101	0	0
2026.07.20	10:52:00	185.828	185.830	185.809	185.812	74	0	0
2026.07.20	10:53:00	185.812	185.814	185.795	185.797	101	0	0
2026.07.20	10:54:00	185.797	185.801	185.791	185.796	94	0	0
2026.07.20	10:55:00	185.796	185.802	185.783	185.797	101	0	0
2026.07.20	10:56:00	185.797	185.802	185.781	185.800	96	0	0
2026.07.20	10:57:00	185.800	185.818	185.789	185.812	133	0	0
2026.07.20	10:58:00	185.812	185.823	185.801	185.808	145	0	0
2026.07.20	10:59:00	185.808	185.814	185.796	185.810	140	0	0
2026.07.20	11:00:00	185.810	185.824	185.810	185.821	175	0	0
2026.07.20	11:01:00	185.821	185.823	185.808	185.819	102	0	0
2026.07.20	11:02:00	185.819	185.829	185.814	185.817	125	0	0
2026.07.20	11:03:00	185.817	185.819	185.806	185.811	92	0	0
2026.07.20	11:04:00	185.811	185.827	185.804	185.806	71	0	0
2026.07.20	11:05:00	185.806	185.806	185.794	185.797	93	0	0
2026.07.20	11:06:00	185.797	185.805	185.795	185.796	89	0	0
2026.07.20	11:07:00	185.796	185.803	185.795	185.800	74	0	0
2026.07.20	11:08:00	185.800	185.810	185.800	185.803	41	0	0
2026.07.20	11:09:00	185.803	185.810	185.803	185.803	58	0	0
2026.07.20	11:10:00	185.803	185.803	185.782	185.789	75	0	0
2026.07.20	11:11:00	185.789	185.799	185.786	185.796	70	0	0
2026.07.20	11:12:00	185.796	185.802	185.789	185.792	79	0	0
2026.07.20	11:13:00	185.792	185.794	185.769	185.771	73	0	0
2026.07.20	11:14:00	185.771	185.775	185.768	185.771	55	0	0
2026.07.20	11:15:00	185.771	185.775	185.756	185.765	124	0	0
2026.07.20	11:16:00	185.765	185.774	185.765	185.770	73	0	0
2026.07.20	11:17:00	185.770	185.772	185.756	185.756	77	0	0
2026.07.20	11:18:00	185.756	185.756	185.740	185.749	93	0	0
2026.07.20	11:19:00	185.749	185.750	185.731	185.731	82	0	0
2026.07.20	11:20:00	185.731	185.733	185.722	185.726	122	0	0
2026.07.20	11:21:00	185.726	185.745	185.725	185.743	119	0	0
2026.07.20	11:22:00	185.743	185.746	185.737	185.738	75	0	0
2026.07.20	11:23:00	185.738	185.747	185.737	185.743	100	0	0
2026.07.20	11:24:00	185.743	185.751	185.734	185.741	102	0	0
2026.07.20	11:25:00	185.741	185.753	185.739	185.740	70	0	0
2026.07.20	11:26:00	185.739	185.744	185.733	185.743	100	0	0
2026.07.20	11:27:00	185.743	185.746	185.730	185.734	90	0	0
2026.07.20	11:28:00	185.734	185.737	185.721	185.721	65	0	0
2026.07.20	11:29:00	185.721	185.731	185.721	185.725	80	0	0
2026.07.20	11:30:00	185.726	185.732	185.716	185.726	103	0	0
2026.07.20	11:31:00	185.726	185.726	185.714	185.722	66	0	0
2026.07.20	11:32:00	185.722	185.741	185.722	185.739	69	0	0
2026.07.20	11:33:00	185.739	185.739	185.726	185.730	75	0	0
2026.07.20	11:34:00	185.730	185.739	185.729	185.738	59	0	0
2026.07.20	11:35:00	185.738	185.741	185.733	185.733	37	0	0
2026.07.20	11:36:00	185.733	185.746	185.733	185.743	52	0	0
2026.07.20	11:37:00	185.743	185.747	185.734	185.734	33	0	0
2026.07.20	11:38:00	185.734	185.763	185.734	185.761	69	0	0
2026.07.20	11:39:00	185.761	185.773	185.758	185.771	80	0	0
2026.07.20	11:40:00	185.771	185.781	185.766	185.779	113	0	0
2026.07.20	11:41:00	185.779	185.789	185.775	185.783	103	0	0
2026.07.20	11:42:00	185.783	185.789	185.780	185.788	56	0	0
2026.07.20	11:43:00	185.788	185.795	185.776	185.779	77	0	0
2026.07.20	11:44:00	185.779	185.784	185.749	185.757	75	0	0
2026.07.20	11:45:00	185.757	185.761	185.750	185.760	51	0	0
2026.07.20	11:46:00	185.760	185.760	185.741	185.742	47	0	0
2026.07.20	11:47:00	185.742	185.754	185.742	185.753	53	0	0
2026.07.20	11:48:00	185.752	185.761	185.745	185.749	79	0	0
2026.07.20	11:49:00	185.749	185.752	185.745	185.748	70	0	1
2026.07.20	11:50:00	185.748	185.753	185.737	185.737	61	0	1
2026.07.20	11:51:00	185.737	185.738	185.712	185.720	69	0	0
2026.07.20	11:52:00	185.720	185.729	185.711	185.725	74	0	0
2026.07.20	11:53:00	185.725	185.749	185.722	185.748	62	0	0
2026.07.20	11:54:00	185.748	185.764	185.737	185.757	98	0	0
2026.07.20	11:55:00	185.757	185.771	185.757	185.760	88	0	0
2026.07.20	11:56:00	185.760	185.760	185.741	185.745	56	0	0
2026.07.20	11:57:00	185.745	185.746	185.723	185.727	54	0	0
2026.07.20	11:58:00	185.727	185.734	185.725	185.733	53	0	0
2026.07.20	11:59:00	185.733	185.741	185.732	185.735	90	0	0
2026.07.20	12:00:00	185.734	185.750	185.734	185.741	86	0	0
2026.07.20	12:01:00	185.741	185.751	185.729	185.735	79	0	0
2026.07.20	12:02:00	185.735	185.736	185.722	185.727	60	0	0
2026.07.20	12:03:00	185.727	185.732	185.709	185.718	56	0	0
2026.07.20	12:04:00	185.718	185.719	185.709	185.713	56	0	0
2026.07.20	12:05:00	185.713	185.713	185.689	185.691	79	0	0
2026.07.20	12:06:00	185.691	185.704	185.686	185.687	69	0	0
2026.07.20	12:07:00	185.687	185.693	185.674	185.687	93	0	0
2026.07.20	12:08:00	185.687	185.697	185.682	185.685	71	0	0
2026.07.20	12:09:00	185.685	185.685	185.673	185.677	77	0	0
2026.07.20	12:10:00	185.677	185.689	185.677	185.682	78	0	0
2026.07.20	12:11:00	185.682	185.686	185.678	185.679	66	0	0
2026.07.20	12:12:00	185.679	185.682	185.666	185.679	57	0	0
2026.07.20	12:13:00	185.679	185.685	185.677	185.680	74	0	0
2026.07.20	12:14:00	185.680	185.683	185.671	185.672	61	0	0
2026.07.20	12:15:00	185.672	185.685	185.671	185.674	59	0	0
2026.07.20	12:16:00	185.674	185.675	185.665	185.666	59	0	1
2026.07.20	12:17:00	185.666	185.674	185.666	185.671	42	0	0
2026.07.20	12:18:00	185.671	185.675	185.661	185.661	50	0	0
2026.07.20	12:19:00	185.661	185.664	185.650	185.654	68	0	0
2026.07.20	12:20:00	185.654	185.655	185.648	185.648	44	0	0
2026.07.20	12:21:00	185.648	185.661	185.648	185.661	37	0	1
2026.07.20	12:22:00	185.661	185.665	185.655	185.664	87	0	0
2026.07.20	12:23:00	185.664	185.666	185.656	185.656	73	0	0
2026.07.20	12:24:00	185.656	185.672	185.655	185.670	98	0	0
2026.07.20	12:25:00	185.670	185.678	185.663	185.670	88	0	0
2026.07.20	12:26:00	185.670	185.675	185.660	185.662	65	0	0
2026.07.20	12:27:00	185.662	185.666	185.636	185.640	106	0	0
2026.07.20	12:28:00	185.640	185.646	185.634	185.636	81	0	0
2026.07.20	12:29:00	185.636	185.641	185.627	185.639	94	0	0
2026.07.20	12:30:00	185.639	185.657	185.639	185.655	71	0	0
2026.07.20	12:31:00	185.655	185.658	185.649	185.654	63	0	0
2026.07.20	12:32:00	185.654	185.660	185.653	185.657	69	0	0
2026.07.20	12:33:00	185.657	185.674	185.656	185.669	70	0	0
2026.07.20	12:34:00	185.669	185.672	185.662	185.665	50	0	0
2026.07.20	12:35:00	185.665	185.674	185.660	185.669	61	0	0
2026.07.20	12:36:00	185.669	185.669	185.665	185.667	50	0	0
2026.07.20	12:37:00	185.667	185.667	185.653	185.654	65	0	0
2026.07.20	12:38:00	185.655	185.664	185.634	185.634	82	0	0
2026.07.20	12:39:00	185.634	185.649	185.634	185.647	59	0	0
2026.07.20	12:40:00	185.646	185.647	185.632	185.633	61	0	1
2026.07.20	12:41:00	185.633	185.645	185.633	185.637	64	0	0
2026.07.20	12:42:00	185.637	185.652	185.635	185.648	76	0	0
2026.07.20	12:43:00	185.647	185.660	185.646	185.659	78	0	0
2026.07.20	12:44:00	185.659	185.674	185.659	185.666	90	0	0
2026.07.20	12:45:00	185.666	185.666	185.650	185.651	80	0	0
2026.07.20	12:46:00	185.650	185.650	185.641	185.644	35	0	1
2026.07.20	12:47:00	185.644	185.646	185.640	185.642	49	0	0
2026.07.20	12:48:00	185.642	185.647	185.641	185.644	52	0	0
2026.07.20	12:49:00	185.644	185.647	185.636	185.645	57	0	0
2026.07.20	12:50:00	185.645	185.646	185.636	185.646	58	0	0
2026.07.20	12:51:00	185.646	185.654	185.641	185.654	74	0	0
2026.07.20	12:52:00	185.654	185.664	185.647	185.648	95	0	0
2026.07.20	12:53:00	185.648	185.650	185.640	185.643	88	0	0
2026.07.20	12:54:00	185.643	185.650	185.642	185.644	48	0	0
2026.07.20	12:55:00	185.644	185.655	185.644	185.649	52	0	0
2026.07.20	12:56:00	185.649	185.650	185.628	185.629	92	0	0
2026.07.20	12:57:00	185.629	185.631	185.615	185.628	93	0	0
2026.07.20	12:58:00	185.628	185.639	185.628	185.634	73	0	0
2026.07.20	12:59:00	185.634	185.646	185.634	185.644	76	0	0
2026.07.20	13:00:00	185.645	185.654	185.636	185.649	78	0	0
2026.07.20	13:01:00	185.649	185.650	185.640	185.646	44	0	1
2026.07.20	13:02:00	185.646	185.658	185.635	185.639	78	0	0
2026.07.20	13:03:00	185.639	185.643	185.631	185.637	102	0	0
2026.07.20	13:04:00	185.637	185.653	185.636	185.643	99	0	0
2026.07.20	13:05:00	185.643	185.647	185.628	185.646	74	0	0
2026.07.20	13:06:00	185.646	185.654	185.644	185.653	60	0	0
2026.07.20	13:07:00	185.653	185.671	185.653	185.667	68	0	0
2026.07.20	13:08:00	185.666	185.669	185.657	185.669	57	0	0
2026.07.20	13:09:00	185.669	185.673	185.665	185.666	38	0	0
2026.07.20	13:10:00	185.666	185.680	185.663	185.673	58	0	0
2026.07.20	13:11:00	185.673	185.681	185.670	185.680	67	0	0
2026.07.20	13:12:00	185.680	185.680	185.658	185.666	67	0	0
2026.07.20	13:13:00	185.666	185.670	185.658	185.667	44	0	0
2026.07.20	13:14:00	185.667	185.670	185.655	185.655	46	0	0
2026.07.20	13:15:00	185.655	185.656	185.646	185.646	34	0	0
2026.07.20	13:16:00	185.646	185.651	185.642	185.650	58	0	0
2026.07.20	13:17:00	185.650	185.656	185.648	185.651	34	0	0
2026.07.20	13:18:00	185.651	185.654	185.644	185.646	47	0	0
2026.07.20	13:19:00	185.646	185.650	185.645	185.647	33	0	0
2026.07.20	13:20:00	185.647	185.649	185.642	185.643	42	0	0
2026.07.20	13:21:00	185.643	185.646	185.636	185.642	48	0	0
2026.07.20	13:22:00	185.642	185.662	185.641	185.655	45	0	0
2026.07.20	13:23:00	185.655	185.662	185.642	185.642	54	0	0
2026.07.20	13:24:00	185.642	185.650	185.641	185.643	40	0	1
2026.07.20	13:25:00	185.643	185.659	185.642	185.651	63	0	0
2026.07.20	13:26:00	185.651	185.660	185.651	185.657	50	0	0
2026.07.20	13:27:00	185.657	185.661	185.655	185.661	44	0	0
2026.07.20	13:28:00	185.661	185.665	185.660	185.664	55	0	0
2026.07.20	13:29:00	185.664	185.664	185.652	185.654	38	0	0
2026.07.20	13:30:00	185.654	185.659	185.649	185.657	61	0	1
2026.07.20	13:31:00	185.657	185.666	185.653	185.666	55	0	0
2026.07.20	13:32:00	185.666	185.674	185.665	185.672	30	0	0
2026.07.20	13:33:00	185.672	185.674	185.670	185.672	21	0	0
2026.07.20	13:34:00	185.672	185.679	185.672	185.677	43	0	0
2026.07.20	13:35:00	185.677	185.695	185.677	185.688	58	0	0
2026.07.20	13:36:00	185.688	185.695	185.687	185.694	63	0	0
2026.07.20	13:37:00	185.694	185.708	185.691	185.707	48	0	0
2026.07.20	13:38:00	185.707	185.708	185.697	185.708	32	0	0
2026.07.20	13:39:00	185.708	185.710	185.703	185.709	30	0	0
2026.07.20	13:40:00	185.709	185.709	185.698	185.704	47	0	0
2026.07.20	13:41:00	185.704	185.714	185.704	185.710	54	0	0
2026.07.20	13:42:00	185.710	185.710	185.702	185.704	47	0	0
2026.07.20	13:43:00	185.704	185.704	185.690	185.691	47	0	0
2026.07.20	13:44:00	185.691	185.699	185.691	185.698	39	0	0
2026.07.20	13:45:00	185.698	185.702	185.695	185.702	49	0	0
2026.07.20	13:46:00	185.702	185.702	185.685	185.694	40	0	0
2026.07.20	13:47:00	185.694	185.694	185.683	185.686	67	0	0
2026.07.20	13:48:00	185.686	185.689	185.681	185.685	56	0	0
2026.07.20	13:49:00	185.685	185.688	185.676	185.680	61	0	0
2026.07.20	13:50:00	185.680	185.690	185.677	185.681	68	0	0
2026.07.20	13:51:00	185.681	185.685	185.679	185.682	48	0	0
2026.07.20	13:52:00	185.682	185.684	185.677	185.679	35	0	0
2026.07.20	13:53:00	185.679	185.681	185.665	185.666	64	0	0
2026.07.20	13:54:00	185.666	185.670	185.662	185.670	23	0	0
2026.07.20	13:55:00	185.670	185.691	185.670	185.685	65	0	0
2026.07.20	13:56:00	185.685	185.689	185.674	185.674	61	0	0
2026.07.20	13:57:00	185.674	185.681	185.670	185.678	67	0	0
2026.07.20	13:58:00	185.678	185.678	185.660	185.660	115	0	0
2026.07.20	13:59:00	185.660	185.663	185.639	185.647	90	0	0
2026.07.20	14:00:00	185.647	185.666	185.645	185.662	89	0	0
2026.07.20	14:01:00	185.662	185.677	185.662	185.677	85	0	0
2026.07.20	14:02:00	185.677	185.685	185.671	185.672	70	0	0
2026.07.20	14:03:00	185.672	185.677	185.655	185.655	70	0	1
2026.07.20	14:04:00	185.655	185.656	185.634	185.639	89	0	0
2026.07.20	14:05:00	185.639	185.646	185.635	185.638	96	0	0
2026.07.20	14:06:00	185.638	185.641	185.632	185.640	111	0	0
2026.07.20	14:07:00	185.640	185.642	185.632	185.633	81	0	1
2026.07.20	14:08:00	185.633	185.638	185.621	185.638	50	0	0
2026.07.20	14:09:00	185.638	185.647	185.631	185.631	48	0	0
2026.07.20	14:10:00	185.631	185.632	185.622	185.631	60	0	0
2026.07.20	14:11:00	185.631	185.640	185.628	185.639	38	0	0
2026.07.20	14:12:00	185.639	185.657	185.635	185.656	55	0	0
2026.07.20	14:13:00	185.656	185.656	185.646	185.650	77	0	0
2026.07.20	14:14:00	185.650	185.654	185.646	185.647	41	0	0
2026.07.20	14:15:00	185.647	185.649	185.646	185.647	22	0	1
2026.07.20	14:16:00	185.647	185.670	185.645	185.663	94	0	0
2026.07.20	14:17:00	185.662	185.672	185.662	185.670	67	0	0
2026.07.20	14:18:00	185.670	185.670	185.651	185.657	63	0	0
2026.07.20	14:19:00	185.657	185.662	185.655	185.662	68	0	1
2026.07.20	14:20:00	185.662	185.676	185.661	185.676	50	0	1
2026.07.20	14:21:00	185.676	185.678	185.663	185.666	57	0	0
2026.07.20	14:22:00	185.666	185.669	185.661	185.662	38	0	0
2026.07.20	14:23:00	185.662	185.666	185.656	185.657	47	0	0
2026.07.20	14:24:00	185.657	185.662	185.653	185.661	51	0	0
2026.07.20	14:25:00	185.661	185.674	185.661	185.670	59	0	0
2026.07.20	14:26:00	185.670	185.682	185.669	185.677	71	0	0
2026.07.20	14:27:00	185.677	185.681	185.674	185.678	79	0	0
2026.07.20	14:28:00	185.678	185.683	185.675	185.681	57	0	0
2026.07.20	14:29:00	185.681	185.686	185.677	185.683	48	0	0
2026.07.20	14:30:00	185.683	185.717	185.677	185.698	309	0	0
2026.07.20	14:31:00	185.698	185.727	185.694	185.698	275	0	0
2026.07.20	14:32:00	185.698	185.707	185.567	185.627	412	0	0
2026.07.20	14:33:00	185.627	185.645	185.603	185.642	335	0	0
2026.07.20	14:34:00	185.642	185.668	185.638	185.654	215	0	0
2026.07.20	14:35:00	185.653	185.654	185.637	185.643	195	0	0
2026.07.20	14:36:00	185.643	185.647	185.625	185.631	141	0	0
2026.07.20	14:37:00	185.631	185.644	185.626	185.640	134	0	0
2026.07.20	14:38:00	185.640	185.645	185.613	185.620	137	0	0
2026.07.20	14:39:00	185.620	185.644	185.618	185.627	133	0	0
2026.07.20	14:40:00	185.627	185.645	185.626	185.630	127	0	0
2026.07.20	14:41:00	185.630	185.637	185.618	185.633	116	0	0
2026.07.20	14:42:00	185.633	185.635	185.620	185.626	151	0	0
2026.07.20	14:43:00	185.626	185.631	185.611	185.627	124	0	0
2026.07.20	14:44:00	185.627	185.627	185.608	185.608	97	0	0
2026.07.20	14:45:00	185.608	185.615	185.604	185.609	81	0	0
2026.07.20	14:46:00	185.609	185.623	185.602	185.619	113	0	0
2026.07.20	14:47:00	185.620	185.630	185.620	185.625	102	0	0
2026.07.20	14:48:00	185.625	185.629	185.618	185.623	71	0	0
2026.07.20	14:49:00	185.623	185.635	185.621	185.626	70	0	0
2026.07.20	14:50:00	185.626	185.628	185.613	185.614	84	0	0
2026.07.20	14:51:00	185.614	185.622	185.608	185.621	80	0	0
2026.07.20	14:52:00	185.621	185.622	185.615	185.620	62	0	0
2026.07.20	14:53:00	185.620	185.622	185.606	185.608	54	0	1
2026.07.20	14:54:00	185.608	185.614	185.606	185.607	67	0	0
2026.07.20	14:55:00	185.607	185.607	185.572	185.574	105	0	0
2026.07.20	14:56:00	185.574	185.582	185.558	185.558	87	0	0
2026.07.20	14:57:00	185.558	185.563	185.537	185.539	104	0	0
2026.07.20	14:58:00	185.539	185.555	185.539	185.550	108	0	0
2026.07.20	14:59:00	185.550	185.560	185.549	185.553	71	0	0
2026.07.20	15:00:00	185.552	185.553	185.542	185.550	134	0	0
2026.07.20	15:01:00	185.550	185.564	185.544	185.563	127	0	0
2026.07.20	15:02:00	185.563	185.570	185.539	185.541	232	0	0
2026.07.20	15:03:00	185.541	185.584	185.541	185.574	209	0	0
2026.07.20	15:04:00	185.574	185.588	185.566	185.588	130	0	0
2026.07.20	15:05:00	185.588	185.589	185.569	185.575	77	0	0
2026.07.20	15:06:00	185.575	185.589	185.573	185.583	83	0	0
2026.07.20	15:07:00	185.583	185.588	185.565	185.568	105	0	0
2026.07.20	15:08:00	185.568	185.574	185.530	185.530	131	0	0
2026.07.20	15:09:00	185.530	185.551	185.524	185.545	112	0	0
2026.07.20	15:10:00	185.545	185.549	185.527	185.530	85	0	0
2026.07.20	15:11:00	185.533	185.548	185.526	185.528	104	0	0
2026.07.20	15:12:00	185.528	185.533	185.526	185.533	62	0	1
2026.07.20	15:13:00	185.533	185.536	185.513	185.514	107	0	0
2026.07.20	15:14:00	185.513	185.514	185.473	185.489	103	0	0
2026.07.20	15:15:00	185.488	185.491	185.463	185.466	140	0	0
2026.07.20	15:16:00	185.466	185.481	185.457	185.481	127	0	0
2026.07.20	15:17:00	185.481	185.481	185.468	185.471	104	0	0
2026.07.20	15:18:00	185.471	185.476	185.457	185.467	106	0	0
2026.07.20	15:19:00	185.467	185.469	185.437	185.442	148	0	0
2026.07.20	15:20:00	185.442	185.453	185.430	185.439	164	0	0
2026.07.20	15:21:00	185.439	185.444	185.427	185.433	113	0	0
2026.07.20	15:22:00	185.433	185.452	185.431	185.451	131	0	0
2026.07.20	15:23:00	185.451	185.453	185.437	185.452	94	0	0
2026.07.20	15:24:00	185.452	185.478	185.447	185.476	131	0	0
2026.07.20	15:25:00	185.476	185.477	185.453	185.462	118	0	0
2026.07.20	15:26:00	185.462	185.463	185.438	185.442	54	0	0
2026.07.20	15:27:00	185.442	185.453	185.434	185.450	49	0	0
2026.07.20	15:28:00	185.450	185.457	185.440	185.446	67	0	0
2026.07.20	15:29:00	185.446	185.460	185.443	185.455	74	0	0
2026.07.20	15:30:00	185.455	185.461	185.445	185.457	96	0	0
2026.07.20	15:31:00	185.456	185.459	185.429	185.436	72	0	0
2026.07.20	15:32:00	185.436	185.454	185.433	185.447	55	0	0
2026.07.20	15:33:00	185.448	185.451	185.431	185.432	92	0	0
2026.07.20	15:34:00	185.431	185.467	185.421	185.458	107	0	0
2026.07.20	15:35:00	185.458	185.484	185.455	185.481	98	0	0
2026.07.20	15:36:00	185.481	185.499	185.480	185.489	114	0	0
2026.07.20	15:37:00	185.489	185.506	185.484	185.506	76	0	0
2026.07.20	15:38:00	185.507	185.507	185.496	185.501	73	0	0
2026.07.20	15:39:00	185.501	185.505	185.491	185.492	92	0	0
2026.07.20	15:40:00	185.492	185.492	185.485	185.488	73	0	0
2026.07.20	15:41:00	185.488	185.490	185.471	185.478	86	0	0
2026.07.20	15:42:00	185.478	185.489	185.476	185.487	103	0	0
2026.07.20	15:43:00	185.487	185.491	185.485	185.488	52	0	0
2026.07.20	15:44:00	185.488	185.493	185.475	185.476	90	0	0
2026.07.20	15:45:00	185.476	185.495	185.476	185.495	105	0	0
2026.07.20	15:46:00	185.495	185.498	185.486	185.487	66	0	0
2026.07.20	15:47:00	185.487	185.508	185.487	185.506	65	0	0
2026.07.20	15:48:00	185.506	185.513	185.504	185.510	84	0	0
2026.07.20	15:49:00	185.509	185.526	185.509	185.524	60	0	0
2026.07.20	15:50:00	185.524	185.531	185.524	185.530	29	0	0
2026.07.20	15:51:00	185.530	185.537	185.526	185.530	53	0	0
2026.07.20	15:52:00	185.530	185.558	185.530	185.551	72	0	0
2026.07.20	15:53:00	185.551	185.563	185.548	185.560	57	0	0
2026.07.20	15:54:00	185.560	185.578	185.553	185.554	159	0	0
2026.07.20	15:55:00	185.554	185.574	185.552	185.552	117	0	0
2026.07.20	15:56:00	185.552	185.553	185.541	185.544	72	0	0
2026.07.20	15:57:00	185.544	185.555	185.536	185.538	90	0	0
2026.07.20	15:58:00	185.538	185.539	185.530	185.531	89	0	0
2026.07.20	15:59:00	185.531	185.538	185.525	185.533	91	0	0
2026.07.20	16:00:00	185.533	185.541	185.521	185.521	98	0	0
2026.07.20	16:01:00	185.521	185.525	185.511	185.511	87	0	0
2026.07.20	16:02:00	185.511	185.530	185.504	185.504	111	0	0
2026.07.20	16:03:00	185.504	185.506	185.488	185.489	88	0	0
2026.07.20	16:04:00	185.489	185.498	185.478	185.478	135	0	0
2026.07.20	16:05:00	185.480	185.493	185.478	185.486	105	0	0
2026.07.20	16:06:00	185.486	185.486	185.454	185.471	164	0	0
2026.07.20	16:07:00	185.471	185.473	185.462	185.465	84	0	0
2026.07.20	16:08:00	185.465	185.476	185.463	185.468	123	0	0
2026.07.20	16:09:00	185.468	185.474	185.457	185.473	145	0	0
2026.07.20	16:10:00	185.473	185.480	185.467	185.472	119	0	0
2026.07.20	16:11:00	185.472	185.474	185.467	185.473	57	0	0
2026.07.20	16:12:00	185.473	185.478	185.464	185.475	80	0	0
2026.07.20	16:13:00	185.475	185.483	185.472	185.476	125	0	0
2026.07.20	16:14:00	185.476	185.488	185.474	185.478	91	0	0
2026.07.20	16:15:00	185.478	185.484	185.468	185.470	103	0	0
2026.07.20	16:16:00	185.470	185.471	185.460	185.463	73	0	0
2026.07.20	16:17:00	185.463	185.470	185.457	185.460	77	0	0
2026.07.20	16:18:00	185.460	185.463	185.437	185.438	137	0	0
2026.07.20	16:19:00	185.438	185.446	185.434	185.441	99	0	0
2026.07.20	16:20:00	185.441	185.446	185.436	185.443	85	0	0
2026.07.20	16:21:00	185.443	185.447	185.439	185.447	71	0	0
2026.07.20	16:22:00	185.447	185.454	185.442	185.452	96	0	0
2026.07.20	16:23:00	185.452	185.464	185.450	185.461	72	0	0
2026.07.20	16:24:00	185.461	185.472	185.456	185.461	97	0	0
2026.07.20	16:25:00	185.461	185.481	185.461	185.464	132	0	0
2026.07.20	16:26:00	185.463	185.465	185.440	185.442	140	0	0
2026.07.20	16:27:00	185.442	185.464	185.442	185.463	95	0	0
2026.07.20	16:28:00	185.463	185.479	185.458	185.478	110	0	0
2026.07.20	16:29:00	185.478	185.481	185.464	185.473	116	0	0
2026.07.20	16:30:00	185.473	185.474	185.452	185.456	183	0	0
2026.07.20	16:31:00	185.456	185.458	185.452	185.457	117	0	0
2026.07.20	16:32:00	185.457	185.479	185.451	185.476	116	0	0
2026.07.20	16:33:00	185.476	185.478	185.469	185.474	81	0	0
2026.07.20	16:34:00	185.474	185.482	185.457	185.459	111	0	0
2026.07.20	16:35:00	185.459	185.463	185.431	185.432	108	0	0
2026.07.20	16:36:00	185.432	185.446	185.428	185.430	122	0	0
2026.07.20	16:37:00	185.430	185.433	185.408	185.408	110	0	0
2026.07.20	16:38:00	185.408	185.421	185.396	185.405	108	0	0
2026.07.20	16:39:00	185.405	185.416	185.405	185.408	94	0	0
2026.07.20	16:40:00	185.408	185.427	185.408	185.413	135	0	0
2026.07.20	16:41:00	185.413	185.423	185.406	185.410	114	0	0
2026.07.20	16:42:00	185.410	185.417	185.386	185.410	128	0	0
2026.07.20	16:43:00	185.410	185.411	185.394	185.398	133	0	0
2026.07.20	16:44:00	185.397	185.410	185.394	185.402	92	0	0
2026.07.20	16:45:00	185.402	185.405	185.393	185.405	95	0	0
2026.07.20	16:46:00	185.405	185.409	185.400	185.407	95	0	0
2026.07.20	16:47:00	185.407	185.418	185.403	185.404	165	0	0
2026.07.20	16:48:00	185.404	185.419	185.401	185.419	111	0	0
2026.07.20	16:49:00	185.419	185.432	185.416	185.429	92	0	0
2026.07.20	16:50:00	185.429	185.429	185.406	185.408	116	0	0
2026.07.20	16:51:00	185.408	185.420	185.402	185.415	121	0	0
2026.07.20	16:52:00	185.415	185.427	185.413	185.425	99	0	0
2026.07.20	16:53:00	185.425	185.436	185.416	185.434	74	0	0
2026.07.20	16:54:00	185.434	185.441	185.424	185.425	102	0	0
2026.07.20	16:55:00	185.425	185.434	185.424	185.424	80	0	0
2026.07.20	16:56:00	185.424	185.437	185.420	185.437	82	0	0
2026.07.20	16:57:00	185.437	185.465	185.429	185.464	75	0	0
2026.07.20	16:58:00	185.464	185.497	185.464	185.476	112	0	0
2026.07.20	16:59:00	185.476	185.488	185.470	185.471	149	0	0
2026.07.20	17:00:00	185.471	185.483	185.463	185.471	152	0	0
2026.07.20	17:01:00	185.471	185.488	185.464	185.488	161	0	0
2026.07.20	17:02:00	185.488	185.491	185.466	185.483	225	0	0
2026.07.20	17:03:00	185.483	185.485	185.475	185.478	161	0	0
2026.07.20	17:04:00	185.478	185.483	185.474	185.479	137	0	0
2026.07.20	17:05:00	185.479	185.503	185.479	185.496	154	0	0
2026.07.20	17:06:00	185.496	185.511	185.484	185.504	209	0	0
2026.07.20	17:07:00	185.504	185.528	185.504	185.517	141	0	0
2026.07.20	17:08:00	185.517	185.529	185.508	185.520	182	0	0
2026.07.20	17:09:00	185.520	185.533	185.515	185.518	139	0	0
2026.07.20	17:10:00	185.518	185.527	185.510	185.517	227	0	0
2026.07.20	17:11:00	185.517	185.540	185.514	185.515	187	0	0
2026.07.20	17:12:00	185.515	185.526	185.507	185.516	206	0	0
2026.07.20	17:13:00	185.516	185.518	185.498	185.509	161	0	0
2026.07.20	17:14:00	185.509	185.530	185.509	185.522	142	0	0
2026.07.20	17:15:00	185.522	185.537	185.516	185.527	177	0	0
2026.07.20	17:16:00	185.526	185.557	185.524	185.556	126	0	0
2026.07.20	17:17:00	185.556	185.563	185.546	185.558	135	0	0
2026.07.20	17:18:00	185.558	185.566	185.551	185.552	123	0	0
2026.07.20	17:19:00	185.552	185.563	185.542	185.544	153	0	0
2026.07.20	17:20:00	185.544	185.547	185.532	185.543	110	0	0
2026.07.20	17:21:00	185.543	185.545	185.524	185.533	137	0	0
2026.07.20	17:22:00	185.533	185.535	185.516	185.526	126	0	0
2026.07.20	17:23:00	185.526	185.530	185.513	185.521	154	0	0
2026.07.20	17:24:00	185.521	185.532	185.508	185.528	143	0	0
2026.07.20	17:25:00	185.528	185.541	185.513	185.534	162	0	0
2026.07.20	17:26:00	185.534	185.544	185.524	185.544	144	0	0
2026.07.20	17:27:00	185.544	185.576	185.542	185.571	138	0	0
2026.07.20	17:28:00	185.572	185.572	185.553	185.560	113	0	0
2026.07.20	17:29:00	185.560	185.578	185.560	185.568	121	0	0
2026.07.20	17:30:00	185.567	185.569	185.548	185.550	104	0	0
2026.07.20	17:31:00	185.550	185.550	185.524	185.528	127	0	0
2026.07.20	17:32:00	185.528	185.531	185.502	185.502	155	0	0
2026.07.20	17:33:00	185.502	185.522	185.501	185.515	151	0	0
2026.07.20	17:34:00	185.515	185.524	185.511	185.513	96	0	0
2026.07.20	17:35:00	185.513	185.513	185.494	185.501	177	0	0
2026.07.20	17:36:00	185.501	185.504	185.481	185.493	125	0	0
2026.07.20	17:37:00	185.493	185.516	185.487	185.503	146	0	0
2026.07.20	17:38:00	185.503	185.504	185.499	185.501	115	0	0
2026.07.20	17:39:00	185.501	185.503	185.482	185.482	135	0	0
2026.07.20	17:40:00	185.482	185.483	185.455	185.456	148	0	0
2026.07.20	17:41:00	185.457	185.461	185.444	185.448	207	0	0
2026.07.20	17:42:00	185.448	185.472	185.447	185.458	195	0	0
2026.07.20	17:43:00	185.458	185.468	185.453	185.457	161	0	0
2026.07.20	17:44:00	185.457	185.465	185.439	185.442	128	0	0
2026.07.20	17:45:00	185.442	185.446	185.430	185.440	133	0	0
2026.07.20	17:46:00	185.440	185.453	185.435	185.453	160	0	0
2026.07.20	17:47:00	185.453	185.474	185.453	185.463	155	0	0
2026.07.20	17:48:00	185.463	185.478	185.459	185.477	77	0	0
2026.07.20	17:49:00	185.477	185.496	185.475	185.489	111	0	0
2026.07.20	17:50:00	185.490	185.491	185.452	185.461	130	0	0
2026.07.20	17:51:00	185.461	185.470	185.457	185.467	106	0	0
2026.07.20	17:52:00	185.467	185.467	185.456	185.456	87	0	0
2026.07.20	17:53:00	185.456	185.456	185.440	185.444	73	0	0
2026.07.20	17:54:00	185.444	185.451	185.436	185.437	112	0	0
2026.07.20	17:55:00	185.437	185.437	185.416	185.422	140	0	0
2026.07.20	17:56:00	185.422	185.433	185.418	185.429	135	0	0
2026.07.20	17:57:00	185.429	185.429	185.349	185.419	275	0	0
2026.07.20	17:58:00	185.419	185.423	185.371	185.392	213	0	0
2026.07.20	17:59:00	185.392	185.396	185.376	185.384	154	0	0
2026.07.20	18:00:00	185.384	185.422	185.384	185.418	350	0	0
2026.07.20	18:01:00	185.419	185.439	185.408	185.439	260	0	0
2026.07.20	18:02:00	185.439	185.445	185.421	185.427	234	0	0
2026.07.20	18:03:00	185.427	185.444	185.419	185.442	121	0	0
2026.07.20	18:04:00	185.442	185.446	185.420	185.444	141	0	0
2026.07.20	18:05:00	185.444	185.456	185.443	185.456	152	0	0
2026.07.20	18:06:00	185.455	185.461	185.445	185.461	115	0	0
2026.07.20	18:07:00	185.461	185.465	185.455	185.457	100	0	0
2026.07.20	18:08:00	185.457	185.465	185.447	185.453	137	0	0
2026.07.20	18:09:00	185.453	185.458	185.444	185.452	222	0	0
2026.07.20	18:10:00	185.450	185.463	185.446	185.450	113	0	0
2026.07.20	18:11:00	185.450	185.454	185.440	185.454	83	0	0
2026.07.20	18:12:00	185.454	185.458	185.443	185.444	110	0	0
2026.07.20	18:13:00	185.444	185.458	185.444	185.451	98	0	0
2026.07.20	18:14:00	185.450	185.454	185.446	185.450	53	0	0
2026.07.20	18:15:00	185.450	185.451	185.435	185.440	118	0	0
2026.07.20	18:16:00	185.440	185.443	185.432	185.435	108	0	0
2026.07.20	18:17:00	185.435	185.440	185.429	185.440	138	0	0
2026.07.20	18:18:00	185.440	185.442	185.423	185.424	108	0	0
2026.07.20	18:19:00	185.424	185.425	185.407	185.412	106	0	0
2026.07.20	18:20:00	185.412	185.418	185.408	185.411	101	0	0
2026.07.20	18:21:00	185.411	185.429	185.408	185.424	142	0	0
2026.07.20	18:22:00	185.424	185.430	185.422	185.429	65	0	0
2026.07.20	18:23:00	185.429	185.447	185.427	185.443	78	0	0
2026.07.20	18:24:00	185.443	185.451	185.436	185.449	86	0	0
2026.07.20	18:25:00	185.449	185.457	185.439	185.457	63	0	0
2026.07.20	18:26:00	185.457	185.465	185.453	185.457	67	0	0
2026.07.20	18:27:00	185.457	185.465	185.452	185.463	56	0	0
2026.07.20	18:28:00	185.463	185.471	185.458	185.469	86	0	0
2026.07.20	18:29:00	185.469	185.472	185.461	185.469	115	0	0
2026.07.20	18:30:00	185.469	185.485	185.468	185.482	132	0	0
2026.07.20	18:31:00	185.482	185.489	185.475	185.476	72	0	0
2026.07.20	18:32:00	185.476	185.491	185.474	185.485	73	0	0
2026.07.20	18:33:00	185.485	185.501	185.485	185.498	72	0	0
2026.07.20	18:34:00	185.498	185.498	185.486	185.491	59	0	0
2026.07.20	18:35:00	185.491	185.505	185.483	185.503	73	0	0
2026.07.20	18:36:00	185.503	185.514	185.499	185.506	58	0	0
2026.07.20	18:37:00	185.506	185.507	185.481	185.488	81	0	0
2026.07.20	18:38:00	185.488	185.496	185.473	185.494	82	0	0
2026.07.20	18:39:00	185.494	185.494	185.466	185.477	95	0	0
2026.07.20	18:40:00	185.477	185.480	185.473	185.478	91	0	0
2026.07.20	18:41:00	185.476	185.483	185.472	185.472	71	0	0
2026.07.20	18:42:00	185.472	185.475	185.455	185.457	100	0	0
2026.07.20	18:43:00	185.457	185.461	185.447	185.455	76	0	0
2026.07.20	18:44:00	185.455	185.463	185.453	185.456	76	0	0
2026.07.20	18:45:00	185.455	185.472	185.454	185.472	94	0	0
2026.07.20	18:46:00	185.472	185.478	185.471	185.476	128	0	0
2026.07.20	18:47:00	185.476	185.487	185.471	185.485	95	0	0
2026.07.20	18:48:00	185.485	185.486	185.464	185.471	67	0	0
2026.07.20	18:49:00	185.471	185.490	185.468	185.488	93	0	0
2026.07.20	18:50:00	185.488	185.508	185.485	185.505	108	0	0
2026.07.20	18:51:00	185.505	185.517	185.505	185.510	82	0	0
2026.07.20	18:52:00	185.510	185.511	185.492	185.498	71	0	0
2026.07.20	18:53:00	185.498	185.502	185.492	185.501	62	0	0
2026.07.20	18:54:00	185.501	185.503	185.484	185.489	97	0	0
2026.07.20	18:55:00	185.489	185.515	185.489	185.514	72	0	0
2026.07.20	18:56:00	185.514	185.517	185.501	185.509	50	0	0
2026.07.20	18:57:00	185.509	185.509	185.494	185.503	80	0	0
2026.07.20	18:58:00	185.503	185.516	185.502	185.513	67	0	0
2026.07.20	18:59:00	185.512	185.521	185.509	185.515	111	0	0
2026.07.20	19:00:00	185.515	185.547	185.511	185.514	130	0	0
2026.07.20	19:01:00	185.512	185.527	185.508	185.519	124	0	0
2026.07.20	19:02:00	185.519	185.526	185.506	185.521	104	0	0
2026.07.20	19:03:00	185.521	185.522	185.510	185.514	102	0	0
2026.07.20	19:04:00	185.514	185.515	185.503	185.507	70	0	0
2026.07.20	19:05:00	185.507	185.521	185.501	185.520	97	0	0
2026.07.20	19:06:00	185.520	185.535	185.517	185.534	70	0	0
2026.07.20	19:07:00	185.534	185.539	185.528	185.530	68	0	0
2026.07.20	19:08:00	185.532	185.535	185.525	185.531	62	0	0
2026.07.20	19:09:00	185.531	185.534	185.527	185.529	54	0	0
2026.07.20	19:10:00	185.529	185.534	185.527	185.529	46	0	0
2026.07.20	19:11:00	185.529	185.545	185.528	185.542	111	0	0
2026.07.20	19:12:00	185.542	185.542	185.532	185.536	84	0	0
2026.07.20	19:13:00	185.536	185.546	185.530	185.537	105	0	0
2026.07.20	19:14:00	185.537	185.544	185.534	185.543	50	0	0
2026.07.20	19:15:00	185.543	185.559	185.543	185.558	73	0	0
2026.07.20	19:16:00	185.558	185.563	185.556	185.559	66	0	0
2026.07.20	19:17:00	185.559	185.566	185.555	185.565	71	0	1
2026.07.20	19:18:00	185.565	185.566	185.553	185.558	61	0	0
2026.07.20	19:19:00	185.558	185.559	185.552	185.553	41	0	0
2026.07.20	19:20:00	185.553	185.556	185.549	185.553	46	0	0
2026.07.20	19:21:00	185.553	185.561	185.551	185.556	54	0	0
2026.07.20	19:22:00	185.556	185.556	185.549	185.553	66	0	0
2026.07.20	19:23:00	185.553	185.555	185.537	185.539	94	0	0
2026.07.20	19:24:00	185.539	185.543	185.538	185.542	59	0	0
2026.07.20	19:25:00	185.542	185.557	185.538	185.552	74	0	0
2026.07.20	19:26:00	185.552	185.554	185.531	185.538	57	0	0
2026.07.20	19:27:00	185.538	185.539	185.530	185.538	56	0	0
2026.07.20	19:28:00	185.538	185.540	185.531	185.531	76	0	0
2026.07.20	19:29:00	185.531	185.534	185.526	185.532	107	0	0
2026.07.20	19:30:00	185.532	185.549	185.531	185.547	56	0	0
2026.07.20	19:31:00	185.547	185.549	185.542	185.544	44	0	0
2026.07.20	19:32:00	185.544	185.545	185.535	185.535	69	0	1
2026.07.20	19:33:00	185.535	185.540	185.526	185.527	82	0	0
2026.07.20	19:34:00	185.527	185.527	185.514	185.515	68	0	0
2026.07.20	19:35:00	185.515	185.520	185.514	185.515	95	0	0
2026.07.20	19:36:00	185.515	185.518	185.505	185.506	59	0	0
2026.07.20	19:37:00	185.506	185.516	185.506	185.512	81	0	0
2026.07.20	19:38:00	185.512	185.517	185.509	185.517	63	0	0
2026.07.20	19:39:00	185.517	185.519	185.504	185.505	77	0	0
2026.07.20	19:40:00	185.505	185.508	185.501	185.502	71	0	0
2026.07.20	19:41:00	185.502	185.506	185.458	185.489	314	0	0
2026.07.20	19:42:00	185.489	185.500	185.467	185.474	218	0	0
2026.07.20	19:43:00	185.474	185.487	185.472	185.474	178	0	0
2026.07.20	19:44:00	185.474	185.477	185.466	185.473	117	0	0
2026.07.20	19:45:00	185.473	185.483	185.463	185.464	101	0	0
2026.07.20	19:46:00	185.464	185.484	185.462	185.484	143	0	0
2026.07.20	19:47:00	185.484	185.484	185.476	185.480	82	0	0
2026.07.20	19:48:00	185.480	185.489	185.477	185.486	74	0	0
2026.07.20	19:49:00	185.486	185.486	185.481	185.483	48	0	1
2026.07.20	19:50:00	185.483	185.483	185.466	185.471	95	0	0
2026.07.20	19:51:00	185.471	185.478	185.470	185.471	97	0	0
2026.07.20	19:52:00	185.471	185.480	185.470	185.479	101	0	0
2026.07.20	19:53:00	185.479	185.487	185.479	185.485	55	0	0
2026.07.20	19:54:00	185.485	185.490	185.483	185.486	55	0	0
2026.07.20	19:55:00	185.486	185.486	185.475	185.483	78	0	0
2026.07.20	19:56:00	185.483	185.490	185.475	185.479	89	0	0
2026.07.20	19:57:00	185.480	185.483	185.474	185.481	59	0	0
2026.07.20	19:58:00	185.481	185.484	185.470	185.470	84	0	0
2026.07.20	19:59:00	185.470	185.473	185.464	185.467	90	0	0
2026.07.20	20:00:00	185.467	185.472	185.456	185.458	152	0	0
2026.07.20	20:01:00	185.458	185.465	185.448	185.449	104	0	0
2026.07.20	20:02:00	185.448	185.454	185.439	185.453	51	0	0
2026.07.20	20:03:00	185.453	185.464	185.441	185.453	92	0	0
2026.07.20	20:04:00	185.455	185.456	185.446	185.449	63	0	0
2026.07.20	20:05:00	185.449	185.453	185.449	185.451	68	0	0
2026.07.20	20:06:00	185.451	185.461	185.448	185.451	77	0	0
2026.07.20	20:07:00	185.451	185.457	185.449	185.455	43	0	1
2026.07.20	20:08:00	185.455	185.462	185.453	185.458	54	0	0
2026.07.20	20:09:00	185.458	185.467	185.455	185.466	58	0	0
2026.07.20	20:10:00	185.466	185.467	185.457	185.457	59	0	0
2026.07.20	20:11:00	185.457	185.461	185.452	185.457	61	0	0
2026.07.20	20:12:00	185.458	185.458	185.451	185.455	49	0	0
2026.07.20	20:13:00	185.455	185.458	185.451	185.451	41	0	1
2026.07.20	20:14:00	185.451	185.454	185.440	185.441	72	0	0
2026.07.20	20:15:00	185.441	185.458	185.441	185.452	41	0	0
2026.07.20	20:16:00	185.452	185.455	185.449	185.452	35	0	1
2026.07.20	20:17:00	185.452	185.457	185.450	185.456	32	0	0
2026.07.20	20:18:00	185.456	185.460	185.454	185.456	30	0	1
2026.07.20	20:19:00	185.456	185.464	185.456	185.464	58	0	0
2026.07.20	20:20:00	185.464	185.469	185.452	185.456	67	0	0
2026.07.20	20:21:00	185.456	185.470	185.456	185.470	16	0	0
2026.07.20	20:22:00	185.470	185.477	185.469	185.471	37	0	1
2026.07.20	20:23:00	185.471	185.471	185.464	185.468	47	0	1
2026.07.20	20:24:00	185.468	185.468	185.455	185.459	36	0	0
2026.07.20	20:25:00	185.459	185.459	185.453	185.457	69	0	1
2026.07.20	20:26:00	185.456	185.457	185.453	185.457	43	0	1
2026.07.20	20:27:00	185.457	185.460	185.454	185.454	59	0	1
2026.07.20	20:28:00	185.454	185.466	185.452	185.465	48	0	0
2026.07.20	20:29:00	185.465	185.466	185.460	185.460	31	0	0
2026.07.20	20:30:00	185.460	185.462	185.454	185.455	22	0	0
2026.07.20	20:31:00	185.455	185.460	185.452	185.457	56	0	0
2026.07.20	20:32:00	185.457	185.462	185.453	185.460	21	0	0
2026.07.20	20:33:00	185.460	185.461	185.454	185.455	35	0	0
2026.07.20	20:34:00	185.455	185.457	185.453	185.453	29	0	1
2026.07.20	20:35:00	185.453	185.457	185.449	185.454	80	0	0
2026.07.20	20:36:00	185.454	185.456	185.447	185.455	60	0	0
2026.07.20	20:37:00	185.455	185.456	185.452	185.454	43	0	1
2026.07.20	20:38:00	185.454	185.457	185.454	185.456	22	0	1
2026.07.20	20:39:00	185.456	185.456	185.452	185.454	10	0	1
2026.07.20	20:40:00	185.454	185.455	185.450	185.454	31	0	0
2026.07.20	20:41:00	185.454	185.458	185.448	185.449	37	0	0
2026.07.20	20:42:00	185.449	185.449	185.440	185.443	29	0	0
2026.07.20	20:43:00	185.443	185.443	185.431	185.434	53	0	0
2026.07.20	20:44:00	185.434	185.438	185.431	185.437	59	0	0
2026.07.20	20:45:00	185.437	185.437	185.426	185.431	44	0	1
2026.07.20	20:46:00	185.431	185.444	185.431	185.438	65	0	0
2026.07.20	20:47:00	185.438	185.440	185.436	185.438	36	0	0
2026.07.20	20:48:00	185.438	185.439	185.437	185.439	10	0	0
2026.07.20	20:49:00	185.439	185.439	185.430	185.430	53	0	0
2026.07.20	20:50:00	185.430	185.441	185.429	185.433	67	0	0
2026.07.20	20:51:00	185.433	185.437	185.425	185.435	37	0	0
2026.07.20	20:52:00	185.435	185.438	185.426	185.426	47	0	1
2026.07.20	20:53:00	185.426	185.436	185.426	185.436	34	0	0
2026.07.20	20:54:00	185.436	185.438	185.427	185.432	66	0	0
2026.07.20	20:55:00	185.432	185.441	185.430	185.438	66	0	0
2026.07.20	20:56:00	185.438	185.440	185.432	185.435	59	0	0
2026.07.20	20:57:00	185.435	185.442	185.433	185.440	49	0	0
2026.07.20	20:58:00	185.440	185.447	185.440	185.443	25	0	0
2026.07.20	20:59:00	185.443	185.443	185.436	185.436	39	0	0
2026.07.20	21:00:00	185.436	185.443	185.436	185.442	64	0	0
2026.07.20	21:01:00	185.442	185.457	185.442	185.456	68	0	0
2026.07.20	21:02:00	185.456	185.456	185.449	185.450	30	0	1
2026.07.20	21:03:00	185.450	185.451	185.446	185.448	9	0	1
2026.07.20	21:04:00	185.448	185.455	185.447	185.453	29	0	0
2026.07.20	21:05:00	185.453	185.453	185.442	185.447	62	0	0
2026.07.20	21:06:00	185.447	185.448	185.441	185.447	30	0	0
2026.07.20	21:07:00	185.447	185.448	185.436	185.440	48	0	0
2026.07.20	21:08:00	185.440	185.446	185.440	185.445	25	0	0
2026.07.20	21:09:00	185.445	185.454	185.445	185.449	38	0	0
2026.07.20	21:10:00	185.449	185.453	185.447	185.451	30	0	1
2026.07.20	21:11:00	185.450	185.451	185.444	185.450	32	0	0
2026.07.20	21:12:00	185.450	185.452	185.448	185.452	29	0	0
2026.07.20	21:13:00	185.452	185.453	185.451	185.453	12	0	1
2026.07.20	21:14:00	185.453	185.457	185.452	185.457	18	0	1
2026.07.20	21:15:00	185.457	185.466	185.456	185.465	51	0	1
2026.07.20	21:16:00	185.465	185.472	185.464	185.466	34	0	0
2026.07.20	21:17:00	185.466	185.471	185.462	185.462	43	0	0
2026.07.20	21:18:00	185.462	185.464	185.457	185.462	33	0	0
2026.07.20	21:19:00	185.462	185.482	185.459	185.478	82	0	0
2026.07.20	21:20:00	185.478	185.486	185.478	185.484	84	0	0
2026.07.20	21:21:00	185.482	185.499	185.482	185.496	101	0	0
2026.07.20	21:22:00	185.496	185.502	185.484	185.485	80	0	0
2026.07.20	21:23:00	185.485	185.488	185.478	185.483	68	0	1
2026.07.20	21:24:00	185.483	185.497	185.483	185.490	52	0	1
2026.07.20	21:25:00	185.490	185.499	185.488	185.493	78	0	0
2026.07.20	21:26:00	185.493	185.494	185.485	185.492	92	0	0
2026.07.20	21:27:00	185.492	185.493	185.485	185.488	60	0	0
2026.07.20	21:28:00	185.488	185.493	185.484	185.488	36	0	0
2026.07.20	21:29:00	185.488	185.495	185.488	185.491	37	0	1
2026.07.20	21:30:00	185.491	185.493	185.480	185.482	45	0	0
2026.07.20	21:31:00	185.482	185.483	185.477	185.479	81	0	0
2026.07.20	21:32:00	185.479	185.490	185.479	185.483	63	0	0
2026.07.20	21:33:00	185.483	185.487	185.482	185.487	66	0	0
2026.07.20	21:34:00	185.487	185.487	185.480	185.483	55	0	0
2026.07.20	21:35:00	185.483	185.487	185.482	185.486	38	0	0
2026.07.20	21:36:00	185.486	185.489	185.481	185.486	53	0	1
2026.07.20	21:37:00	185.486	185.488	185.485	185.485	21	0	1
2026.07.20	21:38:00	185.485	185.494	185.485	185.494	47	0	0
2026.07.20	21:39:00	185.494	185.495	185.488	185.488	25	0	1
2026.07.20	21:40:00	185.488	185.489	185.477	185.478	27	0	1
2026.07.20	21:41:00	185.478	185.479	185.476	185.476	28	0	0
2026.07.20	21:42:00	185.476	185.483	185.476	185.479	46	0	0
2026.07.20	21:43:00	185.479	185.480	185.476	185.480	27	0	1
2026.07.20	21:44:00	185.480	185.480	185.471	185.479	46	0	0
2026.07.20	21:45:00	185.479	185.488	185.474	185.486	57	0	0
2026.07.20	21:46:00	185.486	185.498	185.484	185.496	69	0	0
2026.07.20	21:47:00	185.496	185.505	185.492	185.499	66	0	0
2026.07.20	21:48:00	185.499	185.500	185.492	185.494	40	0	0
2026.07.20	21:49:00	185.494	185.494	185.478	185.481	49	0	0
2026.07.20	21:50:00	185.481	185.488	185.481	185.487	26	0	0
2026.07.20	21:51:00	185.487	185.501	185.487	185.500	57	0	0
2026.07.20	21:52:00	185.500	185.500	185.490	185.497	53	0	0
2026.07.20	21:53:00	185.497	185.501	185.497	185.499	28	0	1
2026.07.20	21:54:00	185.499	185.501	185.495	185.499	24	0	1
2026.07.20	21:55:00	185.499	185.507	185.496	185.503	55	0	0
2026.07.20	21:56:00	185.503	185.505	185.496	185.497	46	0	0
2026.07.20	21:57:00	185.497	185.508	185.494	185.506	57	0	0
2026.07.20	21:58:00	185.506	185.508	185.502	185.506	56	0	0
2026.07.20	21:59:00	185.506	185.509	185.497	185.503	92	0	0
2026.07.20	22:00:00	185.503	185.511	185.503	185.505	55	0	0
2026.07.20	22:01:00	185.505	185.508	185.498	185.501	76	0	0
2026.07.20	22:02:00	185.501	185.501	185.494	185.500	62	0	0
2026.07.20	22:03:00	185.501	185.502	185.492	185.496	45	0	0
2026.07.20	22:04:00	185.497	185.497	185.493	185.495	36	0	0
2026.07.20	22:05:00	185.495	185.496	185.491	185.494	64	0	0
2026.07.20	22:06:00	185.494	185.501	185.493	185.501	49	0	0
2026.07.20	22:07:00	185.501	185.505	185.500	185.503	43	0	0
2026.07.20	22:08:00	185.503	185.504	185.493	185.494	88	0	0
2026.07.20	22:09:00	185.494	185.496	185.490	185.495	14	0	0
2026.07.20	22:10:00	185.495	185.503	185.495	185.499	53	0	0
2026.07.20	22:11:00	185.499	185.499	185.485	185.485	92	0	0
2026.07.20	22:12:00	185.485	185.493	185.484	185.492	99	0	0
2026.07.20	22:13:00	185.492	185.492	185.478	185.479	91	0	0
2026.07.20	22:14:00	185.479	185.483	185.476	185.483	57	0	1
2026.07.20	22:15:00	185.483	185.490	185.481	185.482	47	0	0
2026.07.20	22:16:00	185.482	185.482	185.473	185.478	71	0	0
2026.07.20	22:17:00	185.478	185.479	185.470	185.475	61	0	0
2026.07.20	22:18:00	185.475	185.479	185.475	185.476	59	0	0
2026.07.20	22:19:00	185.476	185.483	185.471	185.481	53	0	0
2026.07.20	22:20:00	185.483	185.494	185.482	185.493	45	0	0
2026.07.20	22:21:00	185.493	185.494	185.484	185.485	31	0	1
2026.07.20	22:22:00	185.485	185.485	185.479	185.482	40	0	0
2026.07.20	22:23:00	185.482	185.489	185.478	185.486	75	0	0
2026.07.20	22:24:00	185.486	185.488	185.484	185.487	47	0	1
2026.07.20	22:25:00	185.487	185.491	185.486	185.491	41	0	1
2026.07.20	22:26:00	185.491	185.492	185.487	185.488	22	0	1
2026.07.20	22:27:00	185.488	185.488	185.484	185.485	19	0	0
2026.07.20	22:28:00	185.485	185.490	185.480	185.481	46	0	1
2026.07.20	22:29:00	185.481	185.502	185.480	185.496	126	0	0
2026.07.20	22:30:00	185.496	185.503	185.494	185.499	110	0	0
2026.07.20	22:31:00	185.499	185.505	185.497	185.498	44	0	0
2026.07.20	22:32:00	185.498	185.505	185.497	185.499	41	0	1
2026.07.20	22:33:00	185.499	185.505	185.497	185.498	55	0	1
2026.07.20	22:34:00	185.498	185.498	185.488	185.490	48	0	1
2026.07.20	22:35:00	185.490	185.496	185.488	185.491	67	0	1
2026.07.20	22:36:00	185.491	185.497	185.489	185.492	66	0	1
2026.07.20	22:37:00	185.492	185.496	185.491	185.495	40	0	1
2026.07.20	22:38:00	185.494	185.495	185.477	185.490	85	0	0
2026.07.20	22:39:00	185.490	185.499	185.483	185.496	63	0	0
2026.07.20	22:40:00	185.496	185.502	185.496	185.501	33	0	0
2026.07.20	22:41:00	185.501	185.505	185.499	185.500	37	0	0
2026.07.20	22:42:00	185.500	185.504	185.496	185.501	73	0	0
2026.07.20	22:43:00	185.501	185.514	185.501	185.512	34	0	0
2026.07.20	22:44:00	185.512	185.516	185.509	185.513	44	0	0
2026.07.20	22:45:00	185.513	185.514	185.497	185.499	67	0	0
2026.07.20	22:46:00	185.500	185.502	185.498	185.500	67	0	0
2026.07.20	22:47:00	185.500	185.500	185.491	185.495	76	0	0
2026.07.20	22:48:00	185.495	185.503	185.495	185.501	63	0	0
2026.07.20	22:49:00	185.501	185.513	185.501	185.511	83	0	0
2026.07.20	22:50:00	185.511	185.511	185.505	185.509	93	0	0
2026.07.20	22:51:00	185.509	185.509	185.501	185.501	49	0	0
2026.07.20	22:52:00	185.501	185.503	185.494	185.496	69	0	0
2026.07.20	22:53:00	185.496	185.500	185.480	185.487	60	0	0
2026.07.20	22:54:00	185.487	185.497	185.486	185.492	110	0	0
2026.07.20	22:55:00	185.492	185.493	185.474	185.479	101	0	0
2026.07.20	22:56:00	185.479	185.495	185.479	185.495	69	0	0
2026.07.20	22:57:00	185.495	185.509	185.494	185.508	118	0	0
2026.07.20	22:58:00	185.508	185.513	185.503	185.511	89	0	0
2026.07.20	22:59:00	185.511	185.524	185.508	185.524	119	0	0
2026.07.20	23:00:00	185.524	185.528	185.513	185.513	131	0	0
2026.07.20	23:01:00	185.513	185.513	185.504	185.509	115	0	1
2026.07.20	23:02:00	185.509	185.513	185.503	185.507	69	0	2
2026.07.20	23:03:00	185.508	185.508	185.496	185.498	15	0	0
2026.07.20	23:04:00	185.498	185.498	185.489	185.497	27	0	3
2026.07.20	23:05:00	185.497	185.498	185.493	185.494	32	0	2
2026.07.20	23:06:00	185.494	185.494	185.485	185.486	20	0	2
2026.07.20	23:07:00	185.486	185.487	185.480	185.482	20	0	4
2026.07.20	23:08:00	185.482	185.485	185.478	185.480	19	0	3
2026.07.20	23:09:00	185.480	185.492	185.480	185.489	65	0	1
2026.07.20	23:10:00	185.489	185.498	185.487	185.497	26	0	2
2026.07.20	23:11:00	185.497	185.497	185.488	185.489	27	0	3
2026.07.20	23:12:00	185.489	185.489	185.486	185.486	6	0	3
2026.07.20	23:13:00	185.486	185.488	185.484	185.488	35	0	3
2026.07.20	23:14:00	185.488	185.488	185.482	185.484	13	0	3
2026.07.20	23:15:00	185.484	185.486	185.483	185.483	26	0	3
2026.07.20	23:16:00	185.483	185.484	185.480	185.483	27	0	4
2026.07.20	23:17:00	185.483	185.485	185.482	185.483	21	0	3
2026.07.20	23:18:00	185.483	185.492	185.483	185.491	33	0	1
2026.07.20	23:19:00	185.491	185.494	185.487	185.493	19	0	2
2026.07.20	23:20:00	185.493	185.494	185.488	185.488	21	0	2
2026.07.20	23:21:00	185.488	185.491	185.485	185.486	22	0	3
2026.07.20	23:22:00	185.486	185.487	185.485	185.486	9	0	3
2026.07.20	23:23:00	185.486	185.487	185.483	185.486	14	0	0
2026.07.20	23:24:00	185.486	185.489	185.483	185.486	29	0	3
2026.07.20	23:25:00	185.486	185.493	185.486	185.493	37	0	3
2026.07.20	23:26:00	185.493	185.497	185.489	185.495	35	0	0
2026.07.20	23:27:00	185.495	185.496	185.489	185.491	23	0	0
2026.07.20	23:28:00	185.491	185.501	185.491	185.500	25	0	2
2026.07.20	23:29:00	185.500	185.501	185.489	185.498	30	0	1
2026.07.20	23:30:00	185.498	185.501	185.495	185.496	29	0	2
2026.07.20	23:31:00	185.496	185.502	185.494	185.502	20	0	1
2026.07.20	23:32:00	185.502	185.504	185.501	185.502	29	0	2
2026.07.20	23:33:00	185.502	185.506	185.499	185.499	23	0	2
2026.07.20	23:34:00	185.499	185.499	185.493	185.496	19	0	0
2026.07.20	23:35:00	185.496	185.498	185.482	185.482	14	0	0
2026.07.20	23:36:00	185.482	185.484	185.481	185.483	10	0	4
2026.07.20	23:37:00	185.483	185.484	185.480	185.482	17	0	3
2026.07.20	23:38:00	185.482	185.482	185.475	185.477	29	0	2
2026.07.20	23:39:00	185.477	185.478	185.474	185.475	17	0	2
2026.07.20	23:40:00	185.475	185.481	185.475	185.480	15	0	4
2026.07.20	23:41:00	185.480	185.486	185.480	185.485	9	0	4
2026.07.20	23:42:00	185.485	185.491	185.483	185.490	19	0	4
2026.07.20	23:43:00	185.490	185.491	185.489	185.489	6	0	4
2026.07.20	23:44:00	185.489	185.500	185.486	185.498	49	0	4
2026.07.20	23:45:00	185.498	185.498	185.489	185.491	48	0	4
2026.07.20	23:46:00	185.491	185.495	185.491	185.495	15	0	4
2026.07.20	23:47:00	185.495	185.495	185.489	185.491	22	0	4
2026.07.20	23:48:00	185.491	185.496	185.491	185.494	16	0	4
2026.07.20	23:49:00	185.494	185.500	185.492	185.492	27	0	3
2026.07.20	23:50:00	185.492	185.495	185.488	185.495	26	0	0
2026.07.20	23:51:00	185.495	185.495	185.477	185.483	39	0	0
2026.07.20	23:52:00	185.482	185.482	185.469	185.472	23	0	1
2026.07.20	23:53:00	185.472	185.472	185.465	185.470	44	0	0
2026.07.20	23:54:00	185.471	185.471	185.456	185.465	21	0	5
2026.07.20	23:55:00	185.465	185.470	185.458	185.469	13	0	0
2026.07.20	23:56:00	185.469	185.477	185.469	185.477	22	0	0
2026.07.20	23:57:00	185.476	185.480	185.476	185.480	18	0	3
2026.07.20	23:58:00	185.480	185.483	185.462	185.463	25	0	12
2026.07.20	23:59:00	185.463	185.482	185.463	185.473	43	0	0
2026.07.21	00:00:00	185.473	185.473	185.441	185.448	3	0	20
2026.07.21	00:01:00	185.448	185.448	185.443	185.448	5	0	86
2026.07.21	00:02:00	185.447	185.447	185.447	185.447	1	0	86
2026.07.21	00:03:00	185.422	185.422	185.422	185.422	1	0	137
2026.07.21	00:04:00	185.447	185.451	185.443	185.447	5	0	82
2026.07.21	00:05:00	185.447	185.447	185.441	185.447	5	0	80
2026.07.21	00:06:00	185.448	185.465	185.448	185.465	4	0	78
2026.07.21	00:07:00	185.465	185.493	185.465	185.493	15	0	58
2026.07.21	00:08:00	185.493	185.493	185.479	185.479	2	0	58
2026.07.21	00:09:00	185.479	185.479	185.453	185.453	4	0	72
2026.07.21	00:10:00	185.453	185.453	185.449	185.450	3	0	78
2026.07.21	00:11:00	185.450	185.450	185.443	185.443	3	0	78
2026.07.21	00:12:00	185.443	185.458	185.443	185.458	4	0	80
2026.07.21	00:13:00	185.458	185.477	185.458	185.476	7	0	75
2026.07.21	00:14:00	185.476	185.476	185.476	185.476	1	0	76
2026.07.21	00:15:00	185.476	185.480	185.476	185.476	6	0	75
2026.07.21	00:16:00	185.476	185.579	185.450	185.452	10	0	0
2026.07.21	00:17:00	185.452	185.452	185.443	185.443	2	0	77
2026.07.21	00:18:00	185.443	185.443	185.425	185.438	3	0	67
2026.07.21	00:19:00	185.438	185.438	185.438	185.438	1	0	75
2026.07.21	00:20:00	185.438	185.438	185.426	185.432	4	0	75
2026.07.21	00:21:00	185.432	185.432	185.430	185.430	2	0	78
2026.07.21	00:22:00	185.430	185.430	185.430	185.430	1	0	79
2026.07.21	00:23:00	185.430	185.430	185.430	185.430	1	0	78
2026.07.21	00:24:00	185.430	185.430	185.419	185.430	5	0	60
2026.07.21	00:25:00	185.430	185.430	185.421	185.425	6	0	78
2026.07.21	00:26:00	185.425	185.437	185.425	185.437	5	0	91
2026.07.21	00:27:00	185.437	185.448	185.437	185.448	3	0	80
2026.07.21	00:28:00	185.448	185.451	185.445	185.445	5	0	79
2026.07.21	00:29:00	185.445	185.446	185.445	185.446	2	0	78
2026.07.21	00:30:00	185.446	185.447	185.443	185.445	4	0	78
2026.07.21	00:31:00	185.445	185.455	185.445	185.455	33	0	76
2026.07.21	00:32:00	185.454	185.454	185.450	185.450	7	0	76
2026.07.21	00:33:00	185.450	185.451	185.441	185.441	7	0	74
2026.07.21	00:34:00	185.441	185.441	185.413	185.413	6	0	77
2026.07.21	00:35:00	185.413	185.432	185.412	185.418	33	0	71
2026.07.21	00:36:00	185.418	185.421	185.418	185.421	5	0	75
2026.07.21	00:37:00	185.421	185.421	185.416	185.416	4	0	78
2026.07.21	00:38:00	185.416	185.418	185.406	185.407	7	0	76
2026.07.21	00:39:00	185.407	185.408	185.397	185.397	6	0	74
2026.07.21	00:40:00	185.397	185.418	185.397	185.417	8	0	71
2026.07.21	00:41:00	185.417	185.418	185.417	185.418	2	0	66
2026.07.21	00:42:00	185.418	185.418	185.416	185.416	2	0	78
2026.07.21	00:43:00	185.416	185.419	185.416	185.419	3	0	73
2026.07.21	00:44:00	185.419	185.421	185.419	185.421	3	0	78
2026.07.21	00:45:00	185.421	185.421	185.408	185.408	7	0	74
2026.07.21	00:46:00	185.408	185.408	185.404	185.404	3	0	71
2026.07.21	00:47:00	185.404	185.404	185.403	185.403	2	0	70
2026.07.21	00:48:00	185.403	185.407	185.403	185.407	4	0	72
2026.07.21	00:49:00	185.407	185.408	185.405	185.406	5	0	75
2026.07.21	00:50:00	185.401	185.401	185.399	185.399	2	0	78
2026.07.21	00:51:00	185.401	185.401	185.401	185.401	1	0	78
2026.07.21	00:52:00	185.401	185.401	185.398	185.398	8	0	78
2026.07.21	00:53:00	185.398	185.399	185.397	185.397	3	0	78
2026.07.21	00:54:00	185.397	185.400	185.397	185.400	2	0	78
2026.07.21	00:55:00	185.400	185.400	185.398	185.399	4	0	78
2026.07.21	00:56:00	185.399	185.399	185.399	185.399	1	0	80
2026.07.21	00:57:00	185.399	185.399	185.390	185.390	3	0	80
2026.07.21	00:58:00	185.390	185.398	185.390	185.396	5	0	81
2026.07.21	00:59:00	185.396	185.397	185.389	185.394	15	0	81
2026.07.21	01:00:00	185.390	185.465	185.389	185.439	82	0	1
2026.07.21	01:01:00	185.439	185.439	185.425	185.433	25	0	2
2026.07.21	01:02:00	185.434	185.434	185.421	185.427	21	0	2
2026.07.21	01:03:00	185.427	185.431	185.423	185.428	21	0	2
2026.07.21	01:04:00	185.428	185.430	185.421	185.423	40	0	2
2026.07.21	01:05:00	185.424	185.436	185.416	185.418	25	0	0
2026.07.21	01:06:00	185.418	185.418	185.413	185.413	17	0	6
2026.07.21	01:07:00	185.413	185.432	185.413	185.429	18	0	0
2026.07.21	01:08:00	185.429	185.440	185.426	185.431	32	0	0
2026.07.21	01:09:00	185.431	185.445	185.429	185.440	29	0	6
2026.07.21	01:10:00	185.440	185.448	185.440	185.447	19	0	4
2026.07.21	01:11:00	185.447	185.450	185.443	185.443	28	0	3
2026.07.21	01:12:00	185.443	185.447	185.443	185.447	50	0	3
2026.07.21	01:13:00	185.447	185.448	185.447	185.448	26	0	4
2026.07.21	01:14:00	185.448	185.450	185.447	185.448	61	0	4
2026.07.21	01:15:00	185.448	185.450	185.446	185.447	11	0	2
2026.07.21	01:16:00	185.447	185.448	185.444	185.446	13	0	3
2026.07.21	01:17:00	185.446	185.449	185.445	185.449	18	0	3
2026.07.21	01:18:00	185.449	185.449	185.433	185.435	19	0	0
2026.07.21	01:19:00	185.435	185.437	185.435	185.437	11	0	4
2026.07.21	01:20:00	185.437	185.443	185.437	185.443	24	0	0
2026.07.21	01:21:00	185.443	185.445	185.442	185.444	22	0	2
2026.07.21	01:22:00	185.444	185.445	185.443	185.444	13	0	1
2026.07.21	01:23:00	185.444	185.445	185.443	185.444	13	0	2
2026.07.21	01:24:00	185.444	185.454	185.443	185.447	28	0	0
2026.07.21	01:25:00	185.447	185.448	185.443	185.446	23	0	2
2026.07.21	01:26:00	185.446	185.447	185.433	185.435	13	0	1
2026.07.21	01:27:00	185.435	185.439	185.435	185.437	12	0	0
2026.07.21	01:28:00	185.437	185.440	185.436	185.437	11	0	2
2026.07.21	01:29:00	185.437	185.440	185.436	185.439	15	0	3
2026.07.21	01:30:00	185.439	185.456	185.438	185.446	43	0	0
2026.07.21	01:31:00	185.446	185.446	185.443	185.444	15	0	4
2026.07.21	01:32:00	185.444	185.446	185.443	185.445	6	0	4
2026.07.21	01:33:00	185.445	185.448	185.439	185.445	28	0	0
2026.07.21	01:34:00	185.445	185.446	185.444	185.445	9	0	4
2026.07.21	01:35:00	185.445	185.448	185.444	185.447	24	0	2
2026.07.21	01:36:00	185.447	185.450	185.447	185.448	16	0	2
2026.07.21	01:37:00	185.448	185.448	185.443	185.446	24	0	2
2026.07.21	01:38:00	185.446	185.446	185.444	185.444	13	0	3
2026.07.21	01:39:00	185.444	185.448	185.444	185.446	14	0	0
2026.07.21	01:40:00	185.445	185.447	185.444	185.446	15	0	1
2026.07.21	01:41:00	185.446	185.451	185.446	185.447	22	0	1
2026.07.21	01:42:00	185.447	185.455	185.446	185.452	26	0	2
2026.07.21	01:43:00	185.452	185.454	185.449	185.450	29	0	0
2026.07.21	01:44:00	185.450	185.453	185.447	185.453	18	0	2
2026.07.21	01:45:00	185.453	185.461	185.451	185.458	54	0	2
2026.07.21	01:46:00	185.458	185.461	185.455	185.457	38	0	4
2026.07.21	01:47:00	185.457	185.458	185.454	185.454	24	0	4
2026.07.21	01:48:00	185.454	185.454	185.451	185.454	12	0	4
2026.07.21	01:49:00	185.454	185.459	185.453	185.456	21	0	0
2026.07.21	01:50:00	185.456	185.458	185.454	185.457	11	0	4
2026.07.21	01:51:00	185.457	185.459	185.455	185.455	13	0	4
2026.07.21	01:52:00	185.455	185.458	185.453	185.458	14	0	4
2026.07.21	01:53:00	185.458	185.460	185.453	185.453	28	0	3
2026.07.21	01:54:00	185.453	185.456	185.452	185.455	21	0	4
2026.07.21	01:55:00	185.455	185.456	185.450	185.451	16	0	4
2026.07.21	01:56:00	185.451	185.452	185.450	185.451	13	0	4
2026.07.21	01:57:00	185.451	185.454	185.450	185.454	20	0	2
2026.07.21	01:58:00	185.454	185.461	185.454	185.461	9	0	1
2026.07.21	01:59:00	185.461	185.462	185.461	185.462	8	0	4
2026.07.21	02:00:00	185.462	185.473	185.462	185.472	31	0	4
2026.07.21	02:01:00	185.472	185.472	185.463	185.465	23	0	2
2026.07.21	02:02:00	185.465	185.465	185.449	185.449	28	0	0
2026.07.21	02:03:00	185.449	185.458	185.449	185.457	25	0	4
2026.07.21	02:04:00	185.457	185.459	185.455	185.457	20	0	4
2026.07.21	02:05:00	185.457	185.458	185.455	185.455	13	0	4
2026.07.21	02:06:00	185.455	185.457	185.454	185.456	14	0	4
2026.07.21	02:07:00	185.456	185.458	185.454	185.456	20	0	4
2026.07.21	02:08:00	185.456	185.465	185.456	185.463	26	0	2
2026.07.21	02:09:00	185.463	185.464	185.461	185.462	17	0	4
2026.07.21	02:10:00	185.462	185.462	185.458	185.460	34	0	4
2026.07.21	02:11:00	185.460	185.461	185.458	185.459	14	0	4
2026.07.21	02:12:00	185.459	185.464	185.458	185.462	17	0	4
2026.07.21	02:13:00	185.462	185.462	185.461	185.462	27	0	4
2026.07.21	02:14:00	185.462	185.471	185.461	185.470	28	0	3
2026.07.21	02:15:00	185.470	185.475	185.468	185.475	22	0	3
2026.07.21	02:16:00	185.475	185.475	185.463	185.463	19	0	2
2026.07.21	02:17:00	185.463	185.466	185.463	185.466	13	0	4
2026.07.21	02:18:00	185.466	185.469	185.463	185.463	14	0	0
2026.07.21	02:19:00	185.463	185.463	185.462	185.462	4	0	4
2026.07.21	02:20:00	185.462	185.464	185.462	185.463	8	0	4
2026.07.21	02:21:00	185.463	185.470	185.463	185.467	19	0	3
2026.07.21	02:22:00	185.467	185.467	185.463	185.466	15	0	3
2026.07.21	02:23:00	185.466	185.467	185.464	185.464	15	0	4
2026.07.21	02:24:00	185.464	185.466	185.462	185.462	17	0	4
2026.07.21	02:25:00	185.462	185.464	185.462	185.463	14	0	4
2026.07.21	02:26:00	185.463	185.464	185.462	185.463	17	0	4
2026.07.21	02:27:00	185.463	185.464	185.462	185.463	10	0	4
2026.07.21	02:28:00	185.463	185.465	185.463	185.465	5	0	4
2026.07.21	02:29:00	185.465	185.465	185.464	185.465	5	0	4
2026.07.21	02:30:00	185.465	185.466	185.463	185.465	19	0	4
2026.07.21	02:31:00	185.465	185.472	185.463	185.472	38	0	4
2026.07.21	02:32:00	185.472	185.473	185.472	185.472	7	0	4
2026.07.21	02:33:00	185.472	185.473	185.470	185.471	13	0	3
2026.07.21	02:34:00	185.471	185.471	185.470	185.471	9	0	4
2026.07.21	02:35:00	185.471	185.471	185.470	185.471	7	0	4
2026.07.21	02:36:00	185.471	185.471	185.467	185.467	17	0	1
2026.07.21	02:37:00	185.467	185.467	185.463	185.463	22	0	1
2026.07.21	02:38:00	185.462	185.463	185.462	185.463	4	0	2
2026.07.21	02:39:00	185.463	185.463	185.462	185.462	6	0	2
2026.07.21	02:40:00	185.462	185.463	185.462	185.463	2	0	1
2026.07.21	02:41:00	185.463	185.465	185.462	185.462	24	0	1
2026.07.21	02:42:00	185.462	185.463	185.462	185.462	23	0	2
2026.07.21	02:43:00	185.462	185.462	185.462	185.462	1	0	2
2026.07.21	02:44:00	185.462	185.462	185.460	185.460	7	0	1
2026.07.21	02:45:00	185.460	185.461	185.459	185.460	16	0	0
2026.07.21	02:46:00	185.460	185.467	185.460	185.466	23	0	0
2026.07.21	02:47:00	185.466	185.467	185.458	185.465	46	0	3
2026.07.21	02:48:00	185.465	185.472	185.465	185.468	38	0	2
2026.07.21	02:49:00	185.468	185.472	185.464	185.472	37	0	2
2026.07.21	02:50:00	185.472	185.475	185.466	185.471	67	0	4
2026.07.21	02:51:00	185.471	185.472	185.468	185.468	26	0	4
2026.07.21	02:52:00	185.468	185.469	185.458	185.462	32	0	2
2026.07.21	02:53:00	185.462	185.465	185.459	185.459	33	0	4
2026.07.21	02:54:00	185.459	185.470	185.458	185.470	28	0	4
2026.07.21	02:55:00	185.470	185.471	185.466	185.471	26	0	4
2026.07.21	02:56:00	185.471	185.486	185.471	185.484	45	0	3
2026.07.21	02:57:00	185.484	185.485	185.475	185.476	34	0	4
2026.07.21	02:58:00	185.476	185.486	185.476	185.483	24	0	4
2026.07.21	02:59:00	185.484	185.494	185.476	185.493	79	0	4
2026.07.21	03:00:00	185.493	185.495	185.476	185.476	205	0	0
2026.07.21	03:01:00	185.476	185.502	185.476	185.501	146	0	0
2026.07.21	03:02:00	185.501	185.504	185.486	185.491	98	0	2
2026.07.21	03:03:00	185.491	185.512	185.490	185.504	142	0	1
2026.07.21	03:04:00	185.504	185.511	185.504	185.505	111	0	4
2026.07.21	03:05:00	185.505	185.507	185.480	185.488	97	0	4
2026.07.21	03:06:00	185.488	185.492	185.478	185.478	137	0	2
2026.07.21	03:07:00	185.478	185.483	185.474	185.475	78	0	3
2026.07.21	03:08:00	185.475	185.476	185.466	185.474	78	0	0
2026.07.21	03:09:00	185.474	185.492	185.474	185.485	88	0	3
2026.07.21	03:10:00	185.485	185.488	185.475	185.483	47	0	1
2026.07.21	03:11:00	185.483	185.489	185.478	185.480	75	0	0
2026.07.21	03:12:00	185.480	185.482	185.474	185.475	89	0	3
2026.07.21	03:13:00	185.475	185.496	185.475	185.488	92	0	0
2026.07.21	03:14:00	185.488	185.494	185.485	185.491	118	0	3
2026.07.21	03:15:00	185.491	185.496	185.488	185.490	98	0	3
2026.07.21	03:16:00	185.490	185.491	185.481	185.484	91	0	3
2026.07.21	03:17:00	185.484	185.487	185.480	185.487	108	0	3
2026.07.21	03:18:00	185.487	185.488	185.478	185.481	82	0	3
2026.07.21	03:19:00	185.481	185.486	185.474	185.485	88	0	2
2026.07.21	03:20:00	185.485	185.489	185.476	185.481	94	0	3
2026.07.21	03:21:00	185.481	185.484	185.462	185.467	89	0	0
2026.07.21	03:22:00	185.467	185.471	185.461	185.471	119	0	3
2026.07.21	03:23:00	185.471	185.471	185.457	185.458	122	0	1
2026.07.21	03:24:00	185.458	185.463	185.453	185.455	113	0	1
2026.07.21	03:25:00	185.455	185.462	185.454	185.458	111	0	3
2026.07.21	03:26:00	185.458	185.460	185.453	185.456	58	0	3
2026.07.21	03:27:00	185.456	185.460	185.453	185.454	44	0	3
2026.07.21	03:28:00	185.454	185.463	185.454	185.459	56	0	2
2026.07.21	03:29:00	185.459	185.470	185.458	185.468	87	0	3
2026.07.21	03:30:00	185.468	185.468	185.455	185.461	62	0	2
2026.07.21	03:31:00	185.461	185.471	185.461	185.470	88	0	0
2026.07.21	03:32:00	185.470	185.470	185.464	185.468	66	0	4
2026.07.21	03:33:00	185.468	185.472	185.459	185.461	81	0	1
2026.07.21	03:34:00	185.460	185.475	185.460	185.474	53	0	2
2026.07.21	03:35:00	185.474	185.483	185.474	185.483	48	0	4
2026.07.21	03:36:00	185.483	185.485	185.477	185.478	74	0	3
2026.07.21	03:37:00	185.477	185.478	185.472	185.476	62	0	4
2026.07.21	03:38:00	185.476	185.477	185.467	185.474	90	0	0
2026.07.21	03:39:00	185.474	185.485	185.472	185.482	84	0	0
2026.07.21	03:40:00	185.483	185.485	185.482	185.483	30	0	3
2026.07.21	03:41:00	185.483	185.492	185.482	185.486	88	0	0
2026.07.21	03:42:00	185.486	185.490	185.483	185.489	66	0	2
2026.07.21	03:43:00	185.489	185.494	185.488	185.493	51	0	3
2026.07.21	03:44:00	185.493	185.500	185.493	185.494	49	0	2
2026.07.21	03:45:00	185.494	185.500	185.490	185.492	102	0	1
2026.07.21	03:46:00	185.492	185.502	185.491	185.499	103	0	0
2026.07.21	03:47:00	185.499	185.508	185.496	185.508	95	0	1
2026.07.21	03:48:00	185.508	185.525	185.508	185.522	116	0	2
2026.07.21	03:49:00	185.522	185.522	185.514	185.519	72	0	4
2026.07.21	03:50:00	185.518	185.521	185.509	185.521	83	0	3
2026.07.21	03:51:00	185.521	185.525	185.516	185.522	90	0	1
2026.07.21	03:52:00	185.522	185.526	185.508	185.512	84	0	2
2026.07.21	03:53:00	185.512	185.515	185.483	185.510	178	0	0
2026.07.21	03:54:00	185.510	185.512	185.494	185.501	298	0	0
2026.07.21	03:55:00	185.501	185.521	185.499	185.512	198	0	2
2026.07.21	03:56:00	185.512	185.516	185.507	185.512	126	0	2
2026.07.21	03:57:00	185.512	185.522	185.508	185.522	86	0	1
2026.07.21	03:58:00	185.522	185.523	185.510	185.512	108	0	1
2026.07.21	03:59:00	185.512	185.512	185.493	185.505	114	0	1
2026.07.21	04:00:00	185.505	185.506	185.485	185.488	111	0	2
2026.07.21	04:01:00	185.488	185.490	185.473	185.474	121	0	1
2026.07.21	04:02:00	185.474	185.488	185.473	185.488	65	0	1
2026.07.21	04:03:00	185.488	185.500	185.485	185.498	78	0	1
2026.07.21	04:04:00	185.498	185.499	185.486	185.497	98	0	0
2026.07.21	04:05:00	185.497	185.505	185.493	185.504	83	0	0
2026.07.21	04:06:00	185.504	185.509	185.493	185.493	60	0	0
2026.07.21	04:07:00	185.493	185.497	185.484	185.493	64	0	1
2026.07.21	04:08:00	185.493	185.503	185.487	185.498	101	0	0
2026.07.21	04:09:00	185.498	185.502	185.487	185.487	62	0	0
2026.07.21	04:10:00	185.487	185.500	185.486	185.500	41	0	4
2026.07.21	04:11:00	185.500	185.505	185.498	185.500	42	0	0
2026.07.21	04:12:00	185.500	185.502	185.489	185.492	29	0	0
2026.07.21	04:13:00	185.492	185.492	185.488	185.490	19	0	2
2026.07.21	04:14:00	185.490	185.490	185.474	185.475	44	0	0
2026.07.21	04:15:00	185.475	185.486	185.474	185.481	82	0	1
2026.07.21	04:16:00	185.481	185.494	185.481	185.494	66	0	2
2026.07.21	04:17:00	185.494	185.500	185.493	185.493	58	0	4
2026.07.21	04:18:00	185.494	185.495	185.490	185.494	58	0	2
2026.07.21	04:19:00	185.494	185.511	185.493	185.508	101	0	2
2026.07.21	04:20:00	185.508	185.511	185.491	185.494	118	0	1
2026.07.21	04:21:00	185.494	185.496	185.486	185.487	112	0	1
2026.07.21	04:22:00	185.487	185.494	185.481	185.493	68	0	0
2026.07.21	04:23:00	185.493	185.494	185.487	185.492	43	0	3
2026.07.21	04:24:00	185.492	185.492	185.478	185.485	60	0	2
2026.07.21	04:25:00	185.485	185.487	185.481	185.483	40	0	3
2026.07.21	04:26:00	185.483	185.483	185.476	185.478	58	0	3
2026.07.21	04:27:00	185.478	185.482	185.471	185.473	45	0	1
2026.07.21	04:28:00	185.473	185.477	185.466	185.477	111	0	0
2026.07.21	04:29:00	185.477	185.478	185.416	185.464	248	0	0
2026.07.21	04:30:00	185.464	185.475	185.444	185.450	233	0	2
2026.07.21	04:31:00	185.450	185.461	185.444	185.444	176	0	1
2026.07.21	04:32:00	185.444	185.461	185.442	185.461	132	0	4
2026.07.21	04:33:00	185.461	185.464	185.458	185.463	62	0	1
2026.07.21	04:34:00	185.463	185.484	185.459	185.484	68	0	0
2026.07.21	04:35:00	185.484	185.495	185.475	185.494	66	0	2
2026.07.21	04:36:00	185.494	185.497	185.488	185.495	77	0	3
2026.07.21	04:37:00	185.495	185.500	185.474	185.479	90	0	0
2026.07.21	04:38:00	185.479	185.482	185.468	185.476	82	0	3
2026.07.21	04:39:00	185.476	185.477	185.458	185.461	113	0	3
2026.07.21	04:40:00	185.461	185.476	185.460	185.474	67	0	4
2026.07.21	04:41:00	185.474	185.493	185.474	185.483	86	0	0
2026.07.21	04:42:00	185.483	185.501	185.479	185.501	64	0	0
2026.07.21	04:43:00	185.501	185.507	185.501	185.505	68	0	2
2026.07.21	04:44:00	185.505	185.510	185.501	185.508	73	0	1
2026.07.21	04:45:00	185.508	185.510	185.495	185.503	86	0	0
2026.07.21	04:46:00	185.503	185.505	185.501	185.502	52	0	3
2026.07.21	04:47:00	185.502	185.507	185.500	185.502	61	0	2
2026.07.21	04:48:00	185.502	185.509	185.500	185.505	63	0	2
2026.07.21	04:49:00	185.505	185.508	185.501	185.501	42	0	0
2026.07.21	04:50:00	185.501	185.506	185.492	185.500	65	0	0
2026.07.21	04:51:00	185.500	185.506	185.499	185.503	49	0	3
2026.07.21	04:52:00	185.503	185.507	185.501	185.506	59	0	3
2026.07.21	04:53:00	185.506	185.506	185.500	185.502	67	0	1
2026.07.21	04:54:00	185.502	185.514	185.502	185.512	51	0	1
2026.07.21	04:55:00	185.512	185.516	185.504	185.512	54	0	2
2026.07.21	04:56:00	185.512	185.514	185.505	185.505	53	0	1
2026.07.21	04:57:00	185.505	185.512	185.503	185.509	48	0	1
2026.07.21	04:58:00	185.509	185.510	185.495	185.496	49	0	0
2026.07.21	04:59:00	185.496	185.499	185.491	185.494	46	0	0
2026.07.21	05:00:00	185.494	185.507	185.492	185.505	98	0	0
2026.07.21	05:01:00	185.505	185.506	185.501	185.503	71	0	2
2026.07.21	05:02:00	185.503	185.513	185.502	185.512	48	0	3
2026.07.21	05:03:00	185.512	185.527	185.510	185.523	57	0	3
2026.07.21	05:04:00	185.523	185.524	185.511	185.513	79	0	0
2026.07.21	05:05:00	185.513	185.530	185.507	185.529	87	0	2
2026.07.21	05:06:00	185.529	185.533	185.518	185.518	86	0	2
2026.07.21	05:07:00	185.518	185.519	185.511	185.511	48	0	4
2026.07.21	05:08:00	185.511	185.514	185.510	185.511	42	0	3
2026.07.21	05:09:00	185.511	185.511	185.505	185.507	33	0	3
2026.07.21	05:10:00	185.507	185.509	185.499	185.502	50	0	1
2026.07.21	05:11:00	185.502	185.508	185.499	185.508	68	0	2
2026.07.21	05:12:00	185.508	185.508	185.501	185.501	62	0	2
2026.07.21	05:13:00	185.498	185.510	185.498	185.505	83	0	3
2026.07.21	05:14:00	185.505	185.506	185.498	185.502	55	0	2
2026.07.21	05:15:00	185.502	185.504	185.495	185.500	44	0	2
2026.07.21	05:16:00	185.500	185.502	185.496	185.498	48	0	2
2026.07.21	05:17:00	185.498	185.498	185.494	185.496	25	0	2
2026.07.21	05:18:00	185.496	185.497	185.488	185.490	43	0	0
2026.07.21	05:19:00	185.490	185.493	185.485	185.490	50	0	0
2026.07.21	05:20:00	185.490	185.495	185.485	185.487	84	0	0
2026.07.21	05:21:00	185.487	185.487	185.478	185.486	50	0	0
2026.07.21	05:22:00	185.486	185.496	185.486	185.495	72	0	3
2026.07.21	05:23:00	185.495	185.508	185.490	185.503	73	0	0
2026.07.21	05:24:00	185.503	185.511	185.503	185.507	47	0	4
2026.07.21	05:25:00	185.507	185.508	185.495	185.495	69	0	1
2026.07.21	05:26:00	185.495	185.495	185.486	185.491	84	0	1
2026.07.21	05:27:00	185.491	185.491	185.483	185.486	62	0	3
2026.07.21	05:28:00	185.486	185.491	185.480	185.481	74	0	4
2026.07.21	05:29:00	185.481	185.482	185.472	185.473	52	0	4
2026.07.21	05:30:00	185.473	185.481	185.470	185.478	122	0	4
2026.07.21	05:31:00	185.478	185.482	185.475	185.480	68	0	1
2026.07.21	05:32:00	185.480	185.482	185.476	185.476	68	0	3
2026.07.21	05:33:00	185.476	185.484	185.475	185.484	40	0	2
2026.07.21	05:34:00	185.484	185.484	185.473	185.475	115	0	4
2026.07.21	05:35:00	185.475	185.479	185.473	185.478	51	0	3
2026.07.21	05:36:00	185.478	185.488	185.478	185.486	61	0	0
2026.07.21	05:37:00	185.486	185.486	185.480	185.481	46	0	2
2026.07.21	05:38:00	185.481	185.483	185.475	185.475	30	0	2
2026.07.21	05:39:00	185.475	185.481	185.474	185.479	102	0	3
2026.07.21	05:40:00	185.479	185.483	185.476	185.479	106	0	2
2026.07.21	05:41:00	185.480	185.480	185.475	185.476	37	0	4
2026.07.21	05:42:00	185.476	185.476	185.459	185.463	88	0	0
2026.07.21	05:43:00	185.462	185.464	185.458	185.463	42	0	2
2026.07.21	05:44:00	185.463	185.466	185.462	185.464	38	0	4
2026.07.21	05:45:00	185.464	185.465	185.453	185.459	93	0	0
2026.07.21	05:46:00	185.459	185.460	185.454	185.456	45	0	3
2026.07.21	05:47:00	185.456	185.458	185.454	185.455	36	0	4
2026.07.21	05:48:00	185.455	185.459	185.454	185.459	36	0	2
2026.07.21	05:49:00	185.459	185.463	185.453	185.454	52	0	1
2026.07.21	05:50:00	185.454	185.455	185.450	185.453	58	0	1
2026.07.21	05:51:00	185.453	185.454	185.439	185.440	87	0	2
2026.07.21	05:52:00	185.440	185.443	185.434	185.436	65	0	1
2026.07.21	05:53:00	185.436	185.438	185.419	185.419	104	0	1
2026.07.21	05:54:00	185.419	185.422	185.416	185.418	61	0	2
2026.07.21	05:55:00	185.418	185.431	185.418	185.431	37	0	2
2026.07.21	05:56:00	185.431	185.435	185.428	185.429	59	0	3
2026.07.21	05:57:00	185.429	185.432	185.426	185.430	54	0	3
2026.07.21	05:58:00	185.430	185.432	185.416	185.416	64	0	0
2026.07.21	05:59:00	185.416	185.425	185.415	185.422	88	0	4
2026.07.21	06:00:00	185.422	185.443	185.421	185.434	163	0	0
2026.07.21	06:01:00	185.434	185.443	185.433	185.440	71	0	3
2026.07.21	06:02:00	185.440	185.445	185.425	185.428	72	0	2
2026.07.21	06:03:00	185.428	185.428	185.405	185.416	86	0	2
2026.07.21	06:04:00	185.416	185.420	185.411	185.416	46	0	0
2026.07.21	06:05:00	185.416	185.421	185.409	185.411	124	0	3
2026.07.21	06:06:00	185.411	185.416	185.409	185.414	95	0	3
2026.07.21	06:07:00	185.414	185.415	185.412	185.413	113	0	4
2026.07.21	06:08:00	185.413	185.415	185.412	185.414	79	0	4
2026.07.21	06:09:00	185.414	185.421	185.412	185.421	53	0	1
2026.07.21	06:10:00	185.421	185.433	185.421	185.432	31	0	1
2026.07.21	06:11:00	185.432	185.435	185.430	185.432	32	0	2
2026.07.21	06:12:00	185.432	185.434	185.424	185.424	42	0	1
2026.07.21	06:13:00	185.424	185.427	185.421	185.421	41	0	3
2026.07.21	06:14:00	185.421	185.422	185.415	185.419	67	0	0
2026.07.21	06:15:00	185.419	185.422	185.415	185.417	73	0	1
2026.07.21	06:16:00	185.417	185.425	185.417	185.425	45	0	2
2026.07.21	06:17:00	185.425	185.425	185.418	185.424	71	0	1
2026.07.21	06:18:00	185.424	185.430	185.421	185.429	44	0	2
2026.07.21	06:19:00	185.429	185.431	185.423	185.431	23	0	2
2026.07.21	06:20:00	185.431	185.431	185.420	185.423	65	0	2
2026.07.21	06:21:00	185.423	185.433	185.418	185.422	58	0	0
2026.07.21	06:22:00	185.422	185.428	185.420	185.424	61	0	4
2026.07.21	06:23:00	185.424	185.425	185.416	185.419	50	0	4
2026.07.21	06:24:00	185.419	185.430	185.416	185.427	69	0	2
2026.07.21	06:25:00	185.427	185.432	185.418	185.418	82	0	1
2026.07.21	06:26:00	185.418	185.424	185.417	185.423	111	0	3
2026.07.21	06:27:00	185.424	185.428	185.423	185.424	53	0	3
2026.07.21	06:28:00	185.424	185.429	185.421	185.428	48	0	0
2026.07.21	06:29:00	185.428	185.429	185.420	185.424	63	0	0
2026.07.21	06:30:00	185.424	185.434	185.423	185.428	60	0	0
2026.07.21	06:31:00	185.428	185.435	185.428	185.435	29	0	2
2026.07.21	06:32:00	185.435	185.441	185.434	185.437	54	0	1
2026.07.21	06:33:00	185.437	185.448	185.437	185.447	41	0	2
2026.07.21	06:34:00	185.447	185.449	185.444	185.446	41	0	2
2026.07.21	06:35:00	185.446	185.451	185.445	185.450	46	0	2
2026.07.21	06:36:00	185.450	185.451	185.444	185.445	90	0	2
2026.07.21	06:37:00	185.445	185.448	185.441	185.442	53	0	2
2026.07.21	06:38:00	185.442	185.444	185.442	185.443	42	0	3
2026.07.21	06:39:00	185.443	185.445	185.438	185.440	108	0	0
2026.07.21	06:40:00	185.440	185.450	185.439	185.445	60	0	0
2026.07.21	06:41:00	185.445	185.447	185.443	185.443	37	0	2
2026.07.21	06:42:00	185.443	185.443	185.439	185.440	35	0	2
2026.07.21	06:43:00	185.440	185.443	185.436	185.442	59	0	3
2026.07.21	06:44:00	185.442	185.443	185.430	185.431	52	0	1
2026.07.21	06:45:00	185.431	185.439	185.430	185.439	57	0	2
2026.07.21	06:46:00	185.439	185.441	185.434	185.441	76	0	2
2026.07.21	06:47:00	185.441	185.450	185.440	185.446	42	0	0
2026.07.21	06:48:00	185.446	185.457	185.445	185.455	79	0	1
2026.07.21	06:49:00	185.455	185.463	185.452	185.454	54	0	3
2026.07.21	06:50:00	185.454	185.454	185.443	185.450	77	0	1
2026.07.21	06:51:00	185.450	185.454	185.445	185.454	110	0	1
2026.07.21	06:52:00	185.454	185.454	185.445	185.449	44	0	3
2026.07.21	06:53:00	185.449	185.452	185.446	185.451	39	0	3
2026.07.21	06:54:00	185.451	185.452	185.445	185.445	32	0	2
2026.07.21	06:55:00	185.445	185.447	185.437	185.446	46	0	3
2026.07.21	06:56:00	185.446	185.449	185.442	185.445	60	0	3
2026.07.21	06:57:00	185.445	185.448	185.435	185.440	55	0	3
2026.07.21	06:58:00	185.440	185.441	185.435	185.439	68	0	4
2026.07.21	06:59:00	185.438	185.440	185.433	185.436	62	0	3
2026.07.21	07:00:00	185.436	185.445	185.431	185.444	86	0	1
2026.07.21	07:01:00	185.444	185.449	185.442	185.443	38	0	3
2026.07.21	07:02:00	185.443	185.447	185.441	185.446	63	0	4
2026.07.21	07:03:00	185.446	185.449	185.442	185.443	70	0	4
2026.07.21	07:04:00	185.443	185.445	185.442	185.442	31	0	3
2026.07.21	07:05:00	185.442	185.450	185.439	185.449	35	0	2
2026.07.21	07:06:00	185.449	185.451	185.442	185.443	98	0	0
2026.07.21	07:07:00	185.443	185.443	185.435	185.440	100	0	2
2026.07.21	07:08:00	185.440	185.450	185.440	185.446	35	0	2
2026.07.21	07:09:00	185.446	185.452	185.446	185.451	65	0	3
2026.07.21	07:10:00	185.451	185.458	185.451	185.454	58	0	3
2026.07.21	07:11:00	185.454	185.457	185.453	185.453	28	0	4
2026.07.21	07:12:00	185.453	185.470	185.453	185.470	32	0	2
2026.07.21	07:13:00	185.470	185.473	185.463	185.472	38	0	2
2026.07.21	07:14:00	185.472	185.473	185.464	185.466	59	0	3
2026.07.21	07:15:00	185.466	185.470	185.465	185.469	37	0	4
2026.07.21	07:16:00	185.469	185.472	185.462	185.470	71	0	3
2026.07.21	07:17:00	185.470	185.471	185.466	185.468	48	0	4
2026.07.21	07:18:00	185.468	185.477	185.465	185.475	40	0	1
2026.07.21	07:19:00	185.475	185.476	185.471	185.471	47	0	4
2026.07.21	07:20:00	185.471	185.476	185.469	185.474	45	0	4
2026.07.21	07:21:00	185.474	185.474	185.465	185.465	23	0	1
2026.07.21	07:22:00	185.465	185.466	185.465	185.466	16	0	4
2026.07.21	07:23:00	185.466	185.471	185.465	185.470	22	0	2
2026.07.21	07:24:00	185.470	185.474	185.468	185.468	32	0	2
2026.07.21	07:25:00	185.468	185.469	185.466	185.467	16	0	2
2026.07.21	07:26:00	185.467	185.474	185.466	185.473	17	0	4
2026.07.21	07:27:00	185.473	185.475	185.472	185.474	12	0	4
2026.07.21	07:28:00	185.474	185.479	185.472	185.474	26	0	0
2026.07.21	07:29:00	185.473	185.473	185.462	185.465	39	0	0
2026.07.21	07:30:00	185.465	185.467	185.461	185.464	53	0	2
2026.07.21	07:31:00	185.464	185.485	185.464	185.481	100	0	2
2026.07.21	07:32:00	185.481	185.487	185.480	185.485	54	0	4
2026.07.21	07:33:00	185.485	185.493	185.485	185.493	27	0	4
2026.07.21	07:34:00	185.493	185.496	185.476	185.478	60	0	0
2026.07.21	07:35:00	185.478	185.491	185.474	185.491	76	0	0
2026.07.21	07:36:00	185.491	185.496	185.490	185.494	83	0	3
2026.07.21	07:37:00	185.494	185.502	185.491	185.499	83	0	4
2026.07.21	07:38:00	185.499	185.504	185.494	185.500	75	0	3
2026.07.21	07:39:00	185.500	185.506	185.500	185.506	61	0	3
2026.07.21	07:40:00	185.506	185.509	185.501	185.502	64	0	2
2026.07.21	07:41:00	185.502	185.504	185.487	185.489	72	0	3
2026.07.21	07:42:00	185.489	185.508	185.489	185.507	71	0	4
2026.07.21	07:43:00	185.507	185.510	185.500	185.508	51	0	4
2026.07.21	07:44:00	185.508	185.508	185.501	185.505	49	0	3
2026.07.21	07:45:00	185.505	185.508	185.503	185.504	36	0	3
2026.07.21	07:46:00	185.504	185.506	185.499	185.500	35	0	4
2026.07.21	07:47:00	185.500	185.508	185.500	185.506	41	0	2
2026.07.21	07:48:00	185.506	185.506	185.501	185.503	46	0	2
2026.07.21	07:49:00	185.503	185.508	185.500	185.508	28	0	2
2026.07.21	07:50:00	185.507	185.508	185.503	185.506	52	0	4
2026.07.21	07:51:00	185.506	185.507	185.505	185.505	18	0	4
2026.07.21	07:52:00	185.505	185.519	185.504	185.518	38	0	1
2026.07.21	07:53:00	185.518	185.525	185.517	185.519	51	0	1
2026.07.21	07:54:00	185.519	185.520	185.519	185.519	11	0	3
2026.07.21	07:55:00	185.519	185.531	185.519	185.530	41	0	2
2026.07.21	07:56:00	185.530	185.530	185.525	185.526	21	0	4
2026.07.21	07:57:00	185.526	185.532	185.525	185.526	39	0	0
2026.07.21	07:58:00	185.526	185.532	185.522	185.526	79	0	3
2026.07.21	07:59:00	185.526	185.527	185.523	185.527	24	0	3
2026.07.21	08:00:00	185.527	185.527	185.519	185.523	80	0	0
2026.07.21	08:01:00	185.523	185.524	185.505	185.509	65	0	0
2026.07.21	08:02:00	185.509	185.527	185.507	185.525	39	0	0
2026.07.21	08:03:00	185.525	185.525	185.520	185.522	26	0	0
2026.07.21	08:04:00	185.522	185.528	185.518	185.528	37	0	0
2026.07.21	08:05:00	185.528	185.532	185.527	185.532	12	0	0
2026.07.21	08:06:00	185.531	185.534	185.529	185.532	28	0	0
2026.07.21	08:07:00	185.532	185.542	185.532	185.539	33	0	0
2026.07.21	08:08:00	185.539	185.546	185.535	185.546	43	0	0
2026.07.21	08:09:00	185.546	185.557	185.545	185.557	51	0	0
2026.07.21	08:10:00	185.557	185.559	185.544	185.549	59	0	0
2026.07.21	08:11:00	185.549	185.549	185.528	185.532	59	0	1
2026.07.21	08:12:00	185.532	185.544	185.523	185.528	82	0	0
2026.07.21	08:13:00	185.528	185.530	185.523	185.530	58	0	0
2026.07.21	08:14:00	185.530	185.532	185.526	185.526	44	0	0
2026.07.21	08:15:00	185.526	185.543	185.526	185.542	44	0	0
2026.07.21	08:16:00	185.542	185.544	185.537	185.544	24	0	0
2026.07.21	08:17:00	185.544	185.548	185.544	185.548	17	0	1
2026.07.21	08:18:00	185.548	185.553	185.545	185.553	42	0	0
2026.07.21	08:19:00	185.553	185.553	185.545	185.548	31	0	0
2026.07.21	08:20:00	185.548	185.560	185.544	185.553	54	0	0
2026.07.21	08:21:00	185.553	185.553	185.544	185.549	30	0	0
2026.07.21	08:22:00	185.549	185.552	185.540	185.540	39	0	0
2026.07.21	08:23:00	185.540	185.542	185.536	185.537	52	0	1
2026.07.21	08:24:00	185.537	185.538	185.528	185.536	66	0	0
2026.07.21	08:25:00	185.537	185.544	185.536	185.542	38	0	0
2026.07.21	08:26:00	185.542	185.549	185.542	185.549	52	0	1
2026.07.21	08:27:00	185.549	185.549	185.542	185.545	27	0	0
2026.07.21	08:28:00	185.545	185.548	185.544	185.544	11	0	0
2026.07.21	08:29:00	185.544	185.550	185.544	185.548	22	0	0
2026.07.21	08:30:00	185.548	185.552	185.546	185.550	31	0	0
2026.07.21	08:31:00	185.550	185.552	185.547	185.549	33	0	1
2026.07.21	08:32:00	185.549	185.556	185.549	185.555	31	0	0
2026.07.21	08:33:00	185.554	185.565	185.554	185.559	35	0	0
2026.07.21	08:34:00	185.559	185.562	185.555	185.562	24	0	0
2026.07.21	08:35:00	185.562	185.565	185.558	185.559	41	0	0
2026.07.21	08:36:00	185.559	185.568	185.558	185.567	24	0	0
2026.07.21	08:37:00	185.567	185.567	185.560	185.561	39	0	0
2026.07.21	08:38:00	185.561	185.569	185.550	185.566	50	0	0
2026.07.21	08:39:00	185.566	185.569	185.563	185.564	58	0	0
2026.07.21	08:40:00	185.564	185.573	185.558	185.571	78	0	0
2026.07.21	08:41:00	185.571	185.576	185.564	185.570	36	0	0
2026.07.21	08:42:00	185.570	185.582	185.563	185.563	69	0	0
2026.07.21	08:43:00	185.563	185.572	185.563	185.567	48	0	1
2026.07.21	08:44:00	185.567	185.573	185.566	185.569	34	0	0
2026.07.21	08:45:00	185.571	185.571	185.552	185.557	67	0	0
2026.07.21	08:46:00	185.557	185.563	185.556	185.561	51	0	1
2026.07.21	08:47:00	185.561	185.564	185.557	185.562	43	0	0
2026.07.21	08:48:00	185.562	185.565	185.561	185.564	53	0	0
2026.07.21	08:49:00	185.564	185.564	185.551	185.551	66	0	0
2026.07.21	08:50:00	185.551	185.553	185.537	185.543	71	0	0
2026.07.21	08:51:00	185.543	185.561	185.543	185.552	59	0	0
2026.07.21	08:52:00	185.552	185.571	185.550	185.571	93	0	1
2026.07.21	08:53:00	185.571	185.579	185.565	185.575	86	0	0
2026.07.21	08:54:00	185.575	185.585	185.574	185.578	98	0	0
2026.07.21	08:55:00	185.578	185.578	185.560	185.561	48	0	0
2026.07.21	08:56:00	185.561	185.563	185.551	185.554	45	0	0
2026.07.21	08:57:00	185.554	185.557	185.551	185.557	16	0	2
2026.07.21	08:58:00	185.557	185.569	185.554	185.565	55	0	0
2026.07.21	08:59:00	185.565	185.566	185.545	185.547	69	0	0
2026.07.21	09:00:00	185.547	185.562	185.545	185.552	88	0	0
2026.07.21	09:01:00	185.552	185.560	185.535	185.535	92	0	0
2026.07.21	09:02:00	185.538	185.552	185.537	185.548	77	0	0
2026.07.21	09:03:00	185.548	185.566	185.547	185.562	74	0	0
2026.07.21	09:04:00	185.561	185.583	185.559	185.580	87	0	0
2026.07.21	09:05:00	185.580	185.581	185.557	185.564	70	0	0
2026.07.21	09:06:00	185.564	185.570	185.555	185.559	89	0	0
2026.07.21	09:07:00	185.559	185.562	185.553	185.556	81	0	0
2026.07.21	09:08:00	185.556	185.562	185.553	185.562	43	0	0
2026.07.21	09:09:00	185.562	185.580	185.562	185.579	84	0	0
2026.07.21	09:10:00	185.579	185.584	185.574	185.577	52	0	0
2026.07.21	09:11:00	185.577	185.584	185.573	185.573	61	0	0
2026.07.21	09:12:00	185.573	185.585	185.571	185.585	52	0	0
2026.07.21	09:13:00	185.585	185.599	185.582	185.593	91	0	0
2026.07.21	09:14:00	185.593	185.597	185.584	185.586	65	0	0
2026.07.21	09:15:00	185.586	185.589	185.578	185.585	55	0	0
2026.07.21	09:16:00	185.585	185.586	185.579	185.582	47	0	0
2026.07.21	09:17:00	185.582	185.590	185.579	185.589	56	0	0
2026.07.21	09:18:00	185.588	185.590	185.582	185.582	29	0	0
2026.07.21	09:19:00	185.582	185.597	185.582	185.593	31	0	0
2026.07.21	09:20:00	185.593	185.593	185.583	185.586	54	0	0
2026.07.21	09:21:00	185.586	185.595	185.583	185.589	55	0	0
2026.07.21	09:22:00	185.588	185.606	185.585	185.603	110	0	0
2026.07.21	09:23:00	185.604	185.630	185.598	185.630	88	0	0
2026.07.21	09:24:00	185.631	185.632	185.618	185.631	77	0	0
2026.07.21	09:25:00	185.631	185.636	185.622	185.625	157	0	0
2026.07.21	09:26:00	185.625	185.626	185.616	185.620	49	0	0
2026.07.21	09:27:00	185.620	185.620	185.593	185.596	73	0	0
2026.07.21	09:28:00	185.596	185.609	185.594	185.608	43	0	1
2026.07.21	09:29:00	185.608	185.616	185.606	185.607	74	0	0
2026.07.21	09:30:00	185.607	185.612	185.600	185.605	66	0	0
2026.07.21	09:31:00	185.605	185.621	185.605	185.617	97	0	0
2026.07.21	09:32:00	185.617	185.622	185.612	185.614	75	0	0
2026.07.21	09:33:00	185.614	185.616	185.600	185.600	94	0	0
2026.07.21	09:34:00	185.600	185.615	185.598	185.613	95	0	0
2026.07.21	09:35:00	185.613	185.616	185.609	185.615	58	0	0
2026.07.21	09:36:00	185.615	185.623	185.614	185.622	70	0	0
2026.07.21	09:37:00	185.622	185.646	185.622	185.644	69	0	0
2026.07.21	09:38:00	185.644	185.644	185.622	185.622	100	0	0
2026.07.21	09:39:00	185.622	185.628	185.615	185.626	61	0	0
2026.07.21	09:40:00	185.626	185.644	185.625	185.640	95	0	0
2026.07.21	09:41:00	185.640	185.647	185.634	185.646	50	0	0
2026.07.21	09:42:00	185.646	185.659	185.643	185.655	110	0	0
2026.07.21	09:43:00	185.655	185.672	185.652	185.657	78	0	0
2026.07.21	09:44:00	185.657	185.665	185.651	185.663	51	0	0
2026.07.21	09:45:00	185.663	185.674	185.661	185.673	77	0	0
2026.07.21	09:46:00	185.673	185.676	185.655	185.656	65	0	0
2026.07.21	09:47:00	185.656	185.661	185.653	185.657	88	0	0
2026.07.21	09:48:00	185.657	185.660	185.647	185.656	77	0	0
2026.07.21	09:49:00	185.656	185.662	185.648	185.653	73	0	0
2026.07.21	09:50:00	185.653	185.657	185.627	185.629	124	0	0
2026.07.21	09:51:00	185.630	185.635	185.626	185.631	81	0	0
2026.07.21	09:52:00	185.631	185.631	185.619	185.625	61	0	0
2026.07.21	09:53:00	185.625	185.625	185.618	185.621	61	0	0
2026.07.21	09:54:00	185.621	185.622	185.611	185.613	39	0	0
2026.07.21	09:55:00	185.613	185.641	185.607	185.640	85	0	0
2026.07.21	09:56:00	185.640	185.655	185.638	185.650	96	0	0
2026.07.21	09:57:00	185.650	185.662	185.641	185.655	122	0	0
2026.07.21	09:58:00	185.655	185.656	185.640	185.640	104	0	0
2026.07.21	09:59:00	185.640	185.643	185.626	185.629	214	0	0
2026.07.21	10:00:00	185.629	185.664	185.629	185.661	164	0	0
2026.07.21	10:01:00	185.661	185.675	185.658	185.672	236	0	0
2026.07.21	10:02:00	185.671	185.688	185.669	185.687	145	0	0
2026.07.21	10:03:00	185.687	185.716	185.686	185.708	120	0	0
2026.07.21	10:04:00	185.708	185.711	185.692	185.705	97	0	0
2026.07.21	10:05:00	185.705	185.709	185.697	185.707	92	0	0
2026.07.21	10:06:00	185.707	185.723	185.705	185.715	66	0	0
2026.07.21	10:07:00	185.715	185.716	185.697	185.709	70	0	0
2026.07.21	10:08:00	185.709	185.714	185.701	185.712	77	0	0
2026.07.21	10:09:00	185.712	185.715	185.705	185.705	91	0	0
2026.07.21	10:10:00	185.704	185.706	185.695	185.702	73	0	0
2026.07.21	10:11:00	185.702	185.705	185.691	185.691	49	0	0
2026.07.21	10:12:00	185.691	185.694	185.668	185.668	136	0	0
2026.07.21	10:13:00	185.668	185.689	185.665	185.687	106	0	0
2026.07.21	10:14:00	185.687	185.689	185.675	185.678	101	0	0
2026.07.21	10:15:00	185.678	185.697	185.676	185.692	120	0	0
2026.07.21	10:16:00	185.692	185.709	185.691	185.700	90	0	0
2026.07.21	10:17:00	185.700	185.703	185.687	185.690	95	0	0
2026.07.21	10:18:00	185.691	185.729	185.689	185.723	121	0	0
2026.07.21	10:19:00	185.723	185.735	185.722	185.733	129	0	0
2026.07.21	10:20:00	185.733	185.767	185.730	185.760	116	0	0
2026.07.21	10:21:00	185.761	185.770	185.734	185.743	169	0	0
2026.07.21	10:22:00	185.743	185.755	185.741	185.751	90	0	0
2026.07.21	10:23:00	185.751	185.757	185.744	185.755	88	0	0
2026.07.21	10:24:00	185.755	185.760	185.748	185.751	108	0	0
2026.07.21	10:25:00	185.751	185.759	185.746	185.758	102	0	0
2026.07.21	10:26:00	185.758	185.771	185.753	185.770	113	0	0
2026.07.21	10:27:00	185.772	185.773	185.765	185.770	63	0	0
2026.07.21	10:28:00	185.771	185.776	185.746	185.756	91	0	0
2026.07.21	10:29:00	185.756	185.760	185.744	185.747	92	0	0
2026.07.21	10:30:00	185.747	185.757	185.743	185.743	101	0	0
2026.07.21	10:31:00	185.743	185.748	185.719	185.725	100	0	0
2026.07.21	10:32:00	185.725	185.739	185.722	185.734	73	0	0
2026.07.21	10:33:00	185.734	185.748	185.733	185.737	66	0	0
2026.07.21	10:34:00	185.737	185.742	185.731	185.731	40	0	0
2026.07.21	10:35:00	185.731	185.737	185.726	185.726	49	0	0
2026.07.21	10:36:00	185.726	185.727	185.713	185.720	60	0	0
2026.07.21	10:37:00	185.720	185.723	185.716	185.716	41	0	0
2026.07.21	10:38:00	185.716	185.733	185.710	185.725	98	0	0
2026.07.21	10:39:00	185.725	185.729	185.716	185.726	159	0	0
2026.07.21	10:40:00	185.725	185.734	185.718	185.731	97	0	0
2026.07.21	10:41:00	185.731	185.751	185.729	185.749	46	0	0
2026.07.21	10:42:00	185.749	185.750	185.727	185.729	80	0	0
2026.07.21	10:43:00	185.729	185.730	185.712	185.714	114	0	0
2026.07.21	10:44:00	185.714	185.721	185.711	185.719	62	0	0
2026.07.21	10:45:00	185.719	185.725	185.715	185.715	77	0	0
2026.07.21	10:46:00	185.715	185.725	185.715	185.719	57	0	0
2026.07.21	10:47:00	185.719	185.723	185.715	185.716	55	0	0
2026.07.21	10:48:00	185.716	185.717	185.705	185.715	70	0	0
2026.07.21	10:49:00	185.715	185.734	185.715	185.726	78	0	0
2026.07.21	10:50:00	185.726	185.727	185.715	185.717	63	0	1
2026.07.21	10:51:00	185.716	185.725	185.713	185.714	66	0	0
2026.07.21	10:52:00	185.714	185.737	185.713	185.715	129	0	0
2026.07.21	10:53:00	185.716	185.716	185.704	185.707	116	0	0
2026.07.21	10:54:00	185.707	185.730	185.707	185.727	106	0	0
2026.07.21	10:55:00	185.727	185.740	185.722	185.725	220	0	0
2026.07.21	10:56:00	185.725	185.738	185.718	185.733	96	0	0
2026.07.21	10:57:00	185.733	185.748	185.725	185.744	142	0	0
2026.07.21	10:58:00	185.744	185.760	185.742	185.758	69	0	0
2026.07.21	10:59:00	185.758	185.761	185.737	185.738	49	0	0
2026.07.21	11:00:00	185.738	185.750	185.732	185.748	98	0	0
2026.07.21	11:01:00	185.748	185.754	185.745	185.747	55	0	0
2026.07.21	11:02:00	185.747	185.748	185.727	185.727	67	0	0
2026.07.21	11:03:00	185.727	185.727	185.716	185.726	121	0	0
2026.07.21	11:04:00	185.726	185.747	185.726	185.745	88	0	0
2026.07.21	11:05:00	185.745	185.756	185.740	185.741	85	0	0
2026.07.21	11:06:00	185.741	185.757	185.741	185.755	73	0	0
2026.07.21	11:07:00	185.755	185.770	185.755	185.757	119	0	0
2026.07.21	11:08:00	185.757	185.781	185.756	185.779	91	0	0
2026.07.21	11:09:00	185.779	185.783	185.772	185.783	71	0	0
2026.07.21	11:10:00	185.783	185.788	185.775	185.778	67	0	0
2026.07.21	11:11:00	185.778	185.790	185.778	185.787	76	0	0
2026.07.21	11:12:00	185.787	185.787	185.778	185.778	52	0	0
2026.07.21	11:13:00	185.778	185.797	185.778	185.796	42	0	1
2026.07.21	11:14:00	185.796	185.800	185.790	185.794	120	0	0
2026.07.21	11:15:00	185.794	185.820	185.789	185.803	196	0	0
2026.07.21	11:16:00	185.803	185.813	185.796	185.809	80	0	0
2026.07.21	11:17:00	185.809	185.832	185.806	185.832	74	0	0
2026.07.21	11:18:00	185.832	185.835	185.819	185.820	100	0	0
2026.07.21	11:19:00	185.820	185.832	185.817	185.818	80	0	0
2026.07.21	11:20:00	185.818	185.830	185.815	185.826	105	0	0
2026.07.21	11:21:00	185.826	185.836	185.822	185.830	77	0	0
2026.07.21	11:22:00	185.830	185.831	185.811	185.816	119	0	0
2026.07.21	11:23:00	185.816	185.817	185.810	185.811	91	0	0
2026.07.21	11:24:00	185.811	185.816	185.805	185.814	73	0	0
2026.07.21	11:25:00	185.814	185.820	185.808	185.816	75	0	0
2026.07.21	11:26:00	185.816	185.825	185.809	185.812	98	0	0
2026.07.21	11:27:00	185.812	185.821	185.808	185.816	99	0	0
2026.07.21	11:28:00	185.816	185.824	185.813	185.820	76	0	0
2026.07.21	11:29:00	185.820	185.820	185.812	185.815	70	0	0
2026.07.21	11:30:00	185.815	185.817	185.793	185.811	105	0	0
2026.07.21	11:31:00	185.811	185.825	185.809	185.821	85	0	0
2026.07.21	11:32:00	185.821	185.826	185.814	185.824	58	0	0
2026.07.21	11:33:00	185.824	185.827	185.817	185.820	150	0	0
2026.07.21	11:34:00	185.820	185.823	185.801	185.802	59	0	0
2026.07.21	11:35:00	185.802	185.810	185.796	185.797	87	0	0
2026.07.21	11:36:00	185.797	185.800	185.778	185.778	99	0	0
2026.07.21	11:37:00	185.778	185.799	185.774	185.797	132	0	0
2026.07.21	11:38:00	185.797	185.822	185.793	185.815	90	0	0
2026.07.21	11:39:00	185.815	185.823	185.809	185.814	80	0	0
2026.07.21	11:40:00	185.814	185.816	185.806	185.810	60	0	0
2026.07.21	11:41:00	185.810	185.829	185.809	185.826	82	0	0
2026.07.21	11:42:00	185.826	185.834	185.823	185.832	163	0	0
2026.07.21	11:43:00	185.832	185.834	185.825	185.827	114	0	0
2026.07.21	11:44:00	185.827	185.834	185.826	185.834	64	0	0
2026.07.21	11:45:00	185.834	185.840	185.827	185.835	55	0	0
2026.07.21	11:46:00	185.835	185.839	185.813	185.813	92	0	0
2026.07.21	11:47:00	185.813	185.815	185.808	185.815	29	0	0
2026.07.21	11:48:00	185.815	185.823	185.815	185.816	53	0	0
2026.07.21	11:49:00	185.816	185.830	185.815	185.822	46	0	0
2026.07.21	11:50:00	185.820	185.835	185.818	185.829	64	0	0
2026.07.21	11:51:00	185.829	185.829	185.821	185.825	74	0	0
2026.07.21	11:52:00	185.825	185.833	185.823	185.825	135	0	0
2026.07.21	11:53:00	185.825	185.828	185.819	185.822	59	0	0
2026.07.21	11:54:00	185.822	185.822	185.812	185.813	38	0	0
2026.07.21	11:55:00	185.813	185.817	185.806	185.816	48	0	0
2026.07.21	11:56:00	185.816	185.819	185.811	185.811	47	0	0
2026.07.21	11:57:00	185.811	185.811	185.795	185.797	37	0	0
2026.07.21	11:58:00	185.797	185.808	185.794	185.798	70	0	0
2026.07.21	11:59:00	185.798	185.812	185.796	185.806	184	0	0
2026.07.21	12:00:00	185.806	185.824	185.805	185.822	73	0	0
2026.07.21	12:01:00	185.822	185.822	185.814	185.819	39	0	0
2026.07.21	12:02:00	185.819	185.819	185.808	185.809	47	0	0
2026.07.21	12:03:00	185.809	185.835	185.807	185.831	165	0	0
2026.07.21	12:04:00	185.831	185.836	185.822	185.825	228	0	0
2026.07.21	12:05:00	185.823	185.827	185.817	185.825	93	0	0
2026.07.21	12:06:00	185.825	185.827	185.816	185.822	66	0	0
2026.07.21	12:07:00	185.822	185.824	185.817	185.818	57	0	0
2026.07.21	12:08:00	185.818	185.828	185.815	185.820	80	0	0
2026.07.21	12:09:00	185.820	185.826	185.811	185.822	88	0	0
2026.07.21	12:10:00	185.822	185.822	185.810	185.810	62	0	0
2026.07.21	12:11:00	185.810	185.815	185.806	185.815	91	0	0
2026.07.21	12:12:00	185.815	185.823	185.815	185.821	57	0	0
2026.07.21	12:13:00	185.821	185.831	185.817	185.826	69	0	0
2026.07.21	12:14:00	185.826	185.838	185.823	185.835	80	0	0
2026.07.21	12:15:00	185.835	185.839	185.829	185.835	51	0	0
2026.07.21	12:16:00	185.835	185.840	185.833	185.839	46	0	0
2026.07.21	12:17:00	185.839	185.839	185.785	185.803	129	0	0
2026.07.21	12:18:00	185.803	185.836	185.803	185.832	121	0	0
2026.07.21	12:19:00	185.832	185.841	185.830	185.837	45	0	0
2026.07.21	12:20:00	185.837	185.839	185.831	185.837	57	0	1
2026.07.21	12:21:00	185.837	185.842	185.837	185.841	20	0	0
2026.07.21	12:22:00	185.841	185.841	185.827	185.831	46	0	0
2026.07.21	12:23:00	185.831	185.833	185.819	185.819	55	0	0
2026.07.21	12:24:00	185.819	185.824	185.812	185.812	69	0	0
2026.07.21	12:25:00	185.812	185.831	185.812	185.831	57	0	0
2026.07.21	12:26:00	185.831	185.831	185.815	185.818	69	0	0
2026.07.21	12:27:00	185.818	185.826	185.811	185.814	75	0	0
2026.07.21	12:28:00	185.814	185.822	185.809	185.811	118	0	0
2026.07.21	12:29:00	185.811	185.811	185.789	185.800	128	0	0
2026.07.21	12:30:00	185.800	185.808	185.793	185.796	76	0	0
2026.07.21	12:31:00	185.796	185.824	185.791	185.824	121	0	0
2026.07.21	12:32:00	185.824	185.825	185.810	185.815	46	0	0
2026.07.21	12:33:00	185.815	185.817	185.810	185.815	39	0	0
2026.07.21	12:34:00	185.815	185.817	185.808	185.814	39	0	0
2026.07.21	12:35:00	185.814	185.824	185.813	185.824	28	0	0
2026.07.21	12:36:00	185.824	185.828	185.820	185.826	47	0	0
2026.07.21	12:37:00	185.826	185.864	185.822	185.864	106	0	0
2026.07.21	12:38:00	185.864	185.895	185.863	185.878	182	0	0
2026.07.21	12:39:00	185.878	185.879	185.857	185.857	74	0	0
2026.07.21	12:40:00	185.857	185.857	185.833	185.842	79	0	0
2026.07.21	12:41:00	185.842	185.842	185.826	185.829	66	0	0
2026.07.21	12:42:00	185.829	185.843	185.828	185.836	59	0	0
2026.07.21	12:43:00	185.836	185.840	185.818	185.827	94	0	0
2026.07.21	12:44:00	185.827	185.838	185.819	185.825	61	0	0
2026.07.21	12:45:00	185.825	185.827	185.816	185.820	114	0	0
2026.07.21	12:46:00	185.820	185.831	185.818	185.820	64	0	0
2026.07.21	12:47:00	185.820	185.838	185.816	185.837	74	0	0
2026.07.21	12:48:00	185.837	185.839	185.824	185.825	116	0	0
2026.07.21	12:49:00	185.825	185.841	185.825	185.839	37	0	0
2026.07.21	12:50:00	185.839	185.851	185.835	185.847	48	0	0
2026.07.21	12:51:00	185.847	185.855	185.846	185.854	61	0	0
2026.07.21	12:52:00	185.854	185.854	185.828	185.851	130	0	0
2026.07.21	12:53:00	185.851	185.853	185.840	185.847	38	0	1
2026.07.21	12:54:00	185.848	185.850	185.840	185.846	30	0	0
2026.07.21	12:55:00	185.846	185.850	185.837	185.840	58	0	0
2026.07.21	12:56:00	185.840	185.846	185.830	185.833	54	0	0
2026.07.21	12:57:00	185.833	185.845	185.831	185.834	137	0	0
2026.07.21	12:58:00	185.834	185.841	185.830	185.834	68	0	1
2026.07.21	12:59:00	185.834	185.835	185.812	185.813	40	0	0
2026.07.21	13:00:00	185.813	185.825	185.809	185.815	116	0	0
2026.07.21	13:01:00	185.815	185.830	185.811	185.830	70	0	0
2026.07.21	13:02:00	185.830	185.835	185.800	185.832	148	0	0
2026.07.21	13:03:00	185.832	185.840	185.824	185.838	70	0	0
2026.07.21	13:04:00	185.838	185.839	185.822	185.824	101	0	0
2026.07.21	13:05:00	185.824	185.834	185.819	185.834	55	0	0
2026.07.21	13:06:00	185.834	185.838	185.826	185.834	67	0	0
2026.07.21	13:07:00	185.834	185.836	185.822	185.822	38	0	0
2026.07.21	13:08:00	185.822	185.833	185.822	185.831	41	0	0
2026.07.21	13:09:00	185.831	185.850	185.831	185.848	180	0	0
2026.07.21	13:10:00	185.848	185.863	185.845	185.859	201	0	0
2026.07.21	13:11:00	185.859	185.872	185.855	185.867	167	0	0
2026.07.21	13:12:00	185.866	185.870	185.848	185.849	146	0	0
2026.07.21	13:13:00	185.849	185.851	185.840	185.844	104	0	0
2026.07.21	13:14:00	185.844	185.847	185.836	185.844	127	0	0
2026.07.21	13:15:00	185.844	185.853	185.843	185.846	109	0	0
2026.07.21	13:16:00	185.846	185.855	185.842	185.852	96	0	0
2026.07.21	13:17:00	185.852	185.856	185.845	185.850	75	0	0
2026.07.21	13:18:00	185.850	185.853	185.832	185.837	77	0	0
2026.07.21	13:19:00	185.837	185.845	185.830	185.842	104	0	0
2026.07.21	13:20:00	185.841	185.841	185.829	185.830	64	0	0
2026.07.21	13:21:00	185.830	185.837	185.825	185.835	68	0	1
2026.07.21	13:22:00	185.835	185.845	185.834	185.834	66	0	0
2026.07.21	13:23:00	185.834	185.842	185.831	185.831	82	0	0
2026.07.21	13:24:00	185.831	185.847	185.830	185.846	87	0	0
2026.07.21	13:25:00	185.847	185.854	185.845	185.851	41	0	0
2026.07.21	13:26:00	185.851	185.853	185.844	185.850	64	0	0
2026.07.21	13:27:00	185.850	185.851	185.845	185.850	75	0	0
2026.07.21	13:28:00	185.850	185.868	185.847	185.867	87	0	0
2026.07.21	13:29:00	185.868	185.875	185.861	185.866	120	0	0
2026.07.21	13:30:00	185.866	185.871	185.862	185.869	72	0	0
2026.07.21	13:31:00	185.869	185.877	185.866	185.875	82	0	0
2026.07.21	13:32:00	185.875	185.877	185.862	185.876	80	0	0
2026.07.21	13:33:00	185.876	185.884	185.875	185.882	99	0	0
2026.07.21	13:34:00	185.882	185.891	185.875	185.890	173	0	0
2026.07.21	13:35:00	185.890	185.911	185.889	185.908	67	0	0
2026.07.21	13:36:00	185.908	185.920	185.901	185.919	180	0	0
2026.07.21	13:37:00	185.918	185.919	185.903	185.908	145	0	0
2026.07.21	13:38:00	185.908	185.909	185.895	185.895	67	0	0
2026.07.21	13:39:00	185.895	185.895	185.883	185.886	78	0	0
2026.07.21	13:40:00	185.886	185.887	185.870	185.872	89	0	0
2026.07.21	13:41:00	185.872	185.872	185.861	185.864	60	0	0
2026.07.21	13:42:00	185.864	185.875	185.863	185.873	52	0	0
2026.07.21	13:43:00	185.872	185.875	185.869	185.874	54	0	0
2026.07.21	13:44:00	185.874	185.874	185.864	185.868	61	0	0
2026.07.21	13:45:00	185.868	185.868	185.844	185.849	51	0	0
2026.07.21	13:46:00	185.849	185.851	185.836	185.842	69	0	0
2026.07.21	13:47:00	185.842	185.847	185.839	185.846	52	0	1
2026.07.21	13:48:00	185.846	185.847	185.836	185.837	55	0	0
2026.07.21	13:49:00	185.837	185.847	185.837	185.841	172	0	0
2026.07.21	13:50:00	185.841	185.841	185.824	185.825	177	0	0
2026.07.21	13:51:00	185.826	185.826	185.806	185.815	176	0	0
2026.07.21	13:52:00	185.815	185.834	185.815	185.827	175	0	0
2026.07.21	13:53:00	185.827	185.831	185.817	185.817	98	0	0
2026.07.21	13:54:00	185.817	185.827	185.813	185.821	151	0	0
2026.07.21	13:55:00	185.821	185.825	185.808	185.810	146	0	0
2026.07.21	13:56:00	185.812	185.821	185.789	185.809	185	0	0
2026.07.21	13:57:00	185.809	185.815	185.785	185.785	150	0	0
2026.07.21	13:58:00	185.785	185.791	185.775	185.788	246	0	0
2026.07.21	13:59:00	185.788	185.798	185.769	185.772	298	0	0
2026.07.21	14:00:00	185.772	185.791	185.767	185.778	288	0	0
2026.07.21	14:01:00	185.778	185.800	185.775	185.784	210	0	0
2026.07.21	14:02:00	185.784	185.804	185.784	185.804	243	0	0
2026.07.21	14:03:00	185.803	185.804	185.791	185.796	78	0	0
2026.07.21	14:04:00	185.796	185.805	185.795	185.798	82	0	0
2026.07.21	14:05:00	185.798	185.806	185.793	185.801	88	0	0
2026.07.21	14:06:00	185.801	185.812	185.799	185.807	62	0	0
2026.07.21	14:07:00	185.807	185.812	185.795	185.802	95	0	0
2026.07.21	14:08:00	185.802	185.812	185.785	185.787	118	0	0
2026.07.21	14:09:00	185.787	185.794	185.781	185.793	107	0	0
2026.07.21	14:10:00	185.793	185.800	185.786	185.790	83	0	0
2026.07.21	14:11:00	185.789	185.802	185.789	185.797	93	0	0
2026.07.21	14:12:00	185.797	185.806	185.780	185.804	165	0	0
2026.07.21	14:13:00	185.804	185.827	185.802	185.825	118	0	0
2026.07.21	14:14:00	185.825	185.838	185.820	185.828	100	0	0
2026.07.21	14:15:00	185.828	185.838	185.826	185.835	121	0	0
2026.07.21	14:16:00	185.835	185.845	185.831	185.832	71	0	0
2026.07.21	14:17:00	185.832	185.851	185.832	185.849	124	0	0
2026.07.21	14:18:00	185.849	185.860	185.847	185.849	53	0	0
2026.07.21	14:19:00	185.849	185.850	185.841	185.848	39	0	0
2026.07.21	14:20:00	185.848	185.848	185.829	185.831	36	0	0
2026.07.21	14:21:00	185.831	185.832	185.826	185.830	37	0	0
2026.07.21	14:22:00	185.830	185.839	185.827	185.839	48	0	0
2026.07.21	14:23:00	185.840	185.841	185.834	185.838	49	0	0
2026.07.21	14:24:00	185.838	185.857	185.836	185.854	49	0	0
2026.07.21	14:25:00	185.854	185.856	185.838	185.841	35	0	0
2026.07.21	14:26:00	185.841	185.866	185.841	185.862	60	0	0
2026.07.21	14:27:00	185.862	185.865	185.856	185.864	71	0	0
2026.07.21	14:28:00	185.864	185.865	185.854	185.861	117	0	0
2026.07.21	14:29:00	185.861	185.863	185.857	185.859	43	0	0
2026.07.21	14:30:00	185.859	185.875	185.859	185.867	132	0	0
2026.07.21	14:31:00	185.867	185.870	185.861	185.867	65	0	0
2026.07.21	14:32:00	185.867	185.873	185.860	185.860	82	0	0
2026.07.21	14:33:00	185.860	185.869	185.854	185.855	67	0	0
2026.07.21	14:34:00	185.855	185.871	185.854	185.861	193	0	0
2026.07.21	14:35:00	185.861	185.877	185.861	185.877	126	0	0
2026.07.21	14:36:00	185.877	185.889	185.875	185.888	82	0	0
2026.07.21	14:37:00	185.888	185.895	185.880	185.881	79	0	0
2026.07.21	14:38:00	185.883	185.883	185.875	185.880	82	0	0
2026.07.21	14:39:00	185.880	185.890	185.879	185.888	83	0	0
2026.07.21	14:40:00	185.888	185.893	185.887	185.888	34	0	0
2026.07.21	14:41:00	185.888	185.888	185.877	185.885	47	0	0
2026.07.21	14:42:00	185.885	185.885	185.872	185.876	94	0	0
2026.07.21	14:43:00	185.876	185.885	185.874	185.883	69	0	0
2026.07.21	14:44:00	185.883	185.892	185.883	185.888	70	0	0
2026.07.21	14:45:00	185.889	185.889	185.876	185.877	62	0	1
2026.07.21	14:46:00	185.877	185.878	185.874	185.875	27	0	1
2026.07.21	14:47:00	185.875	185.876	185.864	185.869	72	0	0
2026.07.21	14:48:00	185.869	185.872	185.867	185.869	68	0	0
2026.07.21	14:49:00	185.869	185.876	185.866	185.875	45	0	0
2026.07.21	14:50:00	185.875	185.883	185.873	185.880	61	0	0
2026.07.21	14:51:00	185.880	185.880	185.867	185.871	75	0	0
2026.07.21	14:52:00	185.871	185.873	185.825	185.827	125	0	0
2026.07.21	14:53:00	185.827	185.845	185.827	185.830	170	0	0
2026.07.21	14:54:00	185.830	185.839	185.825	185.829	189	0	0
2026.07.21	14:55:00	185.829	185.837	185.822	185.835	113	0	0
2026.07.21	14:56:00	185.835	185.836	185.824	185.834	101	0	0
2026.07.21	14:57:00	185.834	185.835	185.826	185.835	104	0	0
2026.07.21	14:58:00	185.835	185.846	185.822	185.832	120	0	0
2026.07.21	14:59:00	185.832	185.832	185.822	185.828	138	0	0
2026.07.21	15:00:00	185.828	185.837	185.820	185.829	203	0	0
2026.07.21	15:01:00	185.829	185.832	185.817	185.821	104	0	0
2026.07.21	15:02:00	185.821	185.822	185.814	185.817	144	0	0
2026.07.21	15:03:00	185.817	185.827	185.815	185.818	75	0	0
2026.07.21	15:04:00	185.818	185.823	185.802	185.816	133	0	0
2026.07.21	15:05:00	185.816	185.820	185.809	185.816	75	0	0
2026.07.21	15:06:00	185.816	185.831	185.816	185.825	95	0	0
2026.07.21	15:07:00	185.825	185.847	185.825	185.839	72	0	0
2026.07.21	15:08:00	185.839	185.850	185.839	185.839	108	0	0
2026.07.21	15:09:00	185.839	185.840	185.814	185.819	117	0	0
2026.07.21	15:10:00	185.819	185.819	185.807	185.810	129	0	0
2026.07.21	15:11:00	185.810	185.813	185.798	185.798	57	0	0
2026.07.21	15:12:00	185.798	185.815	185.795	185.811	61	0	0
2026.07.21	15:13:00	185.811	185.812	185.795	185.804	87	0	0
2026.07.21	15:14:00	185.804	185.810	185.801	185.805	61	0	0
2026.07.21	15:15:00	185.805	185.807	185.782	185.786	117	0	0
2026.07.21	15:16:00	185.786	185.803	185.780	185.803	173	0	0
2026.07.21	15:17:00	185.803	185.807	185.793	185.801	108	0	0
2026.07.21	15:18:00	185.800	185.813	185.799	185.805	114	0	0
2026.07.21	15:19:00	185.805	185.818	185.805	185.815	71	0	0
2026.07.21	15:20:00	185.815	185.822	185.806	185.822	246	0	0
2026.07.21	15:21:00	185.822	185.843	185.820	185.842	94	0	0
2026.07.21	15:22:00	185.842	185.847	185.835	185.842	94	0	0
2026.07.21	15:23:00	185.842	185.850	185.836	185.846	135	0	0
2026.07.21	15:24:00	185.846	185.848	185.835	185.837	144	0	0
2026.07.21	15:25:00	185.837	185.838	185.806	185.810	200	0	0
2026.07.21	15:26:00	185.810	185.849	185.810	185.849	117	0	0
2026.07.21	15:27:00	185.848	185.859	185.844	185.850	135	0	0
2026.07.21	15:28:00	185.850	185.850	185.829	185.830	244	0	0
2026.07.21	15:29:00	185.830	185.836	185.821	185.836	118	0	0
2026.07.21	15:30:00	185.836	185.875	185.835	185.853	138	0	0
2026.07.21	15:31:00	185.853	185.857	185.842	185.853	94	0	1
2026.07.21	15:32:00	185.853	185.869	185.852	185.869	115	0	0
2026.07.21	15:33:00	185.869	185.874	185.854	185.859	96	0	1
2026.07.21	15:34:00	185.859	185.872	185.856	185.869	70	0	0
2026.07.21	15:35:00	185.869	185.882	185.868	185.877	153	0	0
2026.07.21	15:36:00	185.877	185.877	185.855	185.861	95	0	0
2026.07.21	15:37:00	185.861	185.863	185.852	185.862	164	0	0
2026.07.21	15:38:00	185.862	185.869	185.858	185.863	123	0	1
2026.07.21	15:39:00	185.863	185.864	185.854	185.862	192	0	0
2026.07.21	15:40:00	185.862	185.865	185.853	185.856	101	0	0
2026.07.21	15:41:00	185.856	185.857	185.841	185.842	113	0	0
2026.07.21	15:42:00	185.842	185.847	185.819	185.820	200	0	0
2026.07.21	15:43:00	185.820	185.837	185.808	185.816	171	0	0
2026.07.21	15:44:00	185.817	185.836	185.815	185.828	122	0	0
2026.07.21	15:45:00	185.828	185.833	185.819	185.829	123	0	0
2026.07.21	15:46:00	185.829	185.836	185.827	185.831	113	0	0
2026.07.21	15:47:00	185.831	185.855	185.831	185.855	80	0	0
2026.07.21	15:48:00	185.854	185.856	185.847	185.854	106	0	0
2026.07.21	15:49:00	185.854	185.863	185.853	185.860	67	0	1
2026.07.21	15:50:00	185.860	185.860	185.825	185.825	86	0	0
2026.07.21	15:51:00	185.825	185.828	185.747	185.782	221	0	0
2026.07.21	15:52:00	185.782	185.806	185.775	185.795	214	0	0
2026.07.21	15:53:00	185.795	185.797	185.776	185.790	144	0	0
2026.07.21	15:54:00	185.790	185.815	185.782	185.784	132	0	0
2026.07.21	15:55:00	185.784	185.791	185.757	185.782	174	0	0
2026.07.21	15:56:00	185.782	185.798	185.775	185.796	255	0	0
2026.07.21	15:57:00	185.796	185.805	185.787	185.794	189	0	0
2026.07.21	15:58:00	185.794	185.804	185.789	185.794	179	0	0
2026.07.21	15:59:00	185.795	185.795	185.784	185.784	158	0	0
2026.07.21	16:00:00	185.785	185.800	185.782	185.800	136	0	0
2026.07.21	16:01:00	185.800	185.800	185.780	185.786	110	0	0
2026.07.21	16:02:00	185.786	185.789	185.770	185.774	133	0	0
2026.07.21	16:03:00	185.774	185.798	185.774	185.792	91	0	0
2026.07.21	16:04:00	185.792	185.809	185.785	185.801	57	0	0
2026.07.21	16:05:00	185.801	185.821	185.801	185.820	123	0	0
2026.07.21	16:06:00	185.820	185.823	185.812	185.821	119	0	0
2026.07.21	16:07:00	185.821	185.824	185.809	185.809	73	0	0
2026.07.21	16:08:00	185.809	185.822	185.805	185.818	124	0	0
2026.07.21	16:09:00	185.818	185.823	185.807	185.807	72	0	0
2026.07.21	16:10:00	185.807	185.820	185.807	185.816	58	0	0
2026.07.21	16:11:00	185.816	185.820	185.804	185.817	81	0	0
2026.07.21	16:12:00	185.817	185.821	185.814	185.818	57	0	0
2026.07.21	16:13:00	185.818	185.818	185.809	185.813	77	0	0
2026.07.21	16:14:00	185.813	185.819	185.808	185.811	35	0	0
2026.07.21	16:15:00	185.811	185.811	185.800	185.805	64	0	0
2026.07.21	16:16:00	185.805	185.805	185.796	185.799	97	0	0
2026.07.21	16:17:00	185.798	185.800	185.785	185.790	82	0	0
2026.07.21	16:18:00	185.791	185.796	185.779	185.783	123	0	0
2026.07.21	16:19:00	185.783	185.805	185.783	185.803	172	0	0
2026.07.21	16:20:00	185.803	185.805	185.788	185.792	100	0	0
2026.07.21	16:21:00	185.792	185.811	185.786	185.806	140	0	0
2026.07.21	16:22:00	185.806	185.807	185.791	185.793	93	0	0
2026.07.21	16:23:00	185.793	185.794	185.765	185.773	136	0	0
2026.07.21	16:24:00	185.773	185.780	185.762	185.762	171	0	0
2026.07.21	16:25:00	185.762	185.764	185.745	185.746	202	0	0
2026.07.21	16:26:00	185.746	185.752	185.744	185.749	107	0	0
2026.07.21	16:27:00	185.749	185.758	185.747	185.756	117	0	0
2026.07.21	16:28:00	185.758	185.759	185.745	185.745	104	0	0
2026.07.21	16:29:00	185.745	185.764	185.741	185.764	185	0	0
2026.07.21	16:30:00	185.764	185.784	185.757	185.776	192	0	0
2026.07.21	16:31:00	185.776	185.788	185.769	185.786	110	0	0
2026.07.21	16:32:00	185.786	185.815	185.786	185.802	173	0	0
2026.07.21	16:33:00	185.802	185.807	185.787	185.794	232	0	0
2026.07.21	16:34:00	185.794	185.794	185.768	185.775	181	0	0
2026.07.21	16:35:00	185.775	185.775	185.762	185.769	91	0	0
2026.07.21	16:36:00	185.769	185.770	185.732	185.735	118	0	0
2026.07.21	16:37:00	185.735	185.740	185.713	185.716	236	0	0
2026.07.21	16:38:00	185.716	185.745	185.710	185.732	185	0	0
2026.07.21	16:39:00	185.732	185.743	185.730	185.740	93	0	0
2026.07.21	16:40:00	185.740	185.753	185.714	185.716	174	0	0
2026.07.21	16:41:00	185.716	185.730	185.714	185.724	142	0	0
2026.07.21	16:42:00	185.724	185.732	185.719	185.729	106	0	0
2026.07.21	16:43:00	185.729	185.733	185.710	185.715	123	0	0
2026.07.21	16:44:00	185.715	185.734	185.715	185.731	186	0	0
2026.07.21	16:45:00	185.731	185.738	185.725	185.729	112	0	0
2026.07.21	16:46:00	185.729	185.751	185.727	185.747	119	0	0
2026.07.21	16:47:00	185.747	185.764	185.744	185.760	144	0	0
2026.07.21	16:48:00	185.761	185.800	185.753	185.797	242	0	0
2026.07.21	16:49:00	185.797	185.829	185.789	185.820	288	0	0
2026.07.21	16:50:00	185.820	185.822	185.798	185.799	199	0	0
2026.07.21	16:51:00	185.799	185.846	185.798	185.831	333	0	0
2026.07.21	16:52:00	185.831	185.856	185.831	185.850	194	0	0
2026.07.21	16:53:00	185.850	185.858	185.844	185.848	151	0	0
2026.07.21	16:54:00	185.847	185.860	185.835	185.851	141	0	0
2026.07.21	16:55:00	185.851	185.867	185.851	185.857	123	0	0
2026.07.21	16:56:00	185.857	185.872	185.852	185.857	166	0	0
2026.07.21	16:57:00	185.857	185.870	185.835	185.851	193	0	0
2026.07.21	16:58:00	185.851	185.857	185.846	185.849	95	0	0
2026.07.21	16:59:00	185.849	185.863	185.840	185.855	233	0	0
2026.07.21	17:00:00	185.855	185.862	185.848	185.861	142	0	0
2026.07.21	17:01:00	185.861	185.883	185.860	185.883	108	0	0
2026.07.21	17:02:00	185.883	185.894	185.877	185.885	118	0	0
2026.07.21	17:03:00	185.885	185.914	185.882	185.909	188	0	0
2026.07.21	17:04:00	185.909	185.911	185.902	185.908	133	0	0
2026.07.21	17:05:00	185.908	185.930	185.906	185.927	101	0	0
2026.07.21	17:06:00	185.927	185.949	185.927	185.948	141	0	0
2026.07.21	17:07:00	185.948	185.965	185.944	185.956	174	0	0
2026.07.21	17:08:00	185.956	185.986	185.955	185.970	199	0	0
2026.07.21	17:09:00	185.970	185.994	185.970	185.976	117	0	0
2026.07.21	17:10:00	185.976	185.983	185.966	185.977	173	0	0
2026.07.21	17:11:00	185.977	185.980	185.953	185.965	211	0	0
2026.07.21	17:12:00	185.965	185.985	185.964	185.984	131	0	0
2026.07.21	17:13:00	185.984	186.031	185.984	186.022	148	0	0
2026.07.21	17:14:00	186.023	186.027	186.004	186.011	256	0	0
2026.07.21	17:15:00	186.012	186.012	185.988	185.988	140	0	0
2026.07.21	17:16:00	185.988	185.994	185.977	185.983	103	0	0
2026.07.21	17:17:00	185.983	186.005	185.983	186.003	148	0	0
2026.07.21	17:18:00	186.003	186.007	185.980	185.980	158	0	0
2026.07.21	17:19:00	185.980	185.982	185.965	185.969	100	0	0
2026.07.21	17:20:00	185.969	185.979	185.957	185.961	144	0	0
2026.07.21	17:21:00	185.961	185.968	185.956	185.963	140	0	0
2026.07.21	17:22:00	185.963	185.967	185.957	185.965	136	0	0
2026.07.21	17:23:00	185.965	185.967	185.945	185.950	113	0	0
2026.07.21	17:24:00	185.950	185.951	185.923	185.934	108	0	0
2026.07.21	17:25:00	185.934	185.947	185.931	185.938	119	0	0
2026.07.21	17:26:00	185.938	185.943	185.921	185.927	128	0	0
2026.07.21	17:27:00	185.927	185.935	185.925	185.926	169	0	0
2026.07.21	17:28:00	185.926	185.934	185.918	185.922	105	0	0
2026.07.21	17:29:00	185.922	185.928	185.912	185.928	181	0	0
2026.07.21	17:30:00	185.928	185.928	185.898	185.899	271	0	0
2026.07.21	17:31:00	185.898	185.908	185.892	185.892	198	0	0
2026.07.21	17:32:00	185.892	185.909	185.890	185.899	121	0	0
2026.07.21	17:33:00	185.899	185.924	185.897	185.913	187	0	0
2026.07.21	17:34:00	185.913	185.918	185.893	185.895	139	0	0
2026.07.21	17:35:00	185.895	185.908	185.890	185.902	166	0	0
2026.07.21	17:36:00	185.902	185.903	185.892	185.898	212	0	0
2026.07.21	17:37:00	185.898	185.908	185.895	185.899	163	0	0
2026.07.21	17:38:00	185.899	185.901	185.883	185.896	79	0	0
2026.07.21	17:39:00	185.896	185.897	185.858	185.882	137	0	0
2026.07.21	17:40:00	185.882	185.901	185.882	185.886	101	0	0
2026.07.21	17:41:00	185.886	185.896	185.886	185.891	65	0	0
2026.07.21	17:42:00	185.890	185.902	185.886	185.898	95	0	0
2026.07.21	17:43:00	185.898	185.915	185.898	185.902	116	0	0
2026.07.21	17:44:00	185.902	185.912	185.896	185.909	66	0	0
2026.07.21	17:45:00	185.909	185.915	185.899	185.901	117	0	0
2026.07.21	17:46:00	185.901	185.905	185.890	185.898	87	0	0
2026.07.21	17:47:00	185.898	185.905	185.894	185.897	96	0	0
2026.07.21	17:48:00	185.897	185.906	185.877	185.883	218	0	0
2026.07.21	17:49:00	185.883	185.900	185.868	185.896	167	0	0
2026.07.21	17:50:00	185.896	185.896	185.879	185.885	100	0	0
2026.07.21	17:51:00	185.885	185.891	185.879	185.879	72	0	0
2026.07.21	17:52:00	185.879	185.883	185.871	185.872	87	0	0
2026.07.21	17:53:00	185.872	185.878	185.852	185.856	173	0	0
2026.07.21	17:54:00	185.856	185.918	185.848	185.881	260	0	0
2026.07.21	17:55:00	185.881	185.932	185.826	185.928	474	0	0
2026.07.21	17:56:00	185.928	185.946	185.918	185.934	317	0	0
2026.07.21	17:57:00	185.934	185.942	185.894	185.928	288	0	0
2026.07.21	17:58:00	185.928	185.943	185.921	185.933	282	0	0
2026.07.21	17:59:00	185.933	185.935	185.915	185.931	224	0	0
2026.07.21	18:00:00	185.932	185.932	185.904	185.906	163	0	0
2026.07.21	18:01:00	185.906	185.908	185.877	185.895	264	0	0
2026.07.21	18:02:00	185.895	185.913	185.887	185.904	205	0	0
2026.07.21	18:03:00	185.904	185.911	185.895	185.902	117	0	0
2026.07.21	18:04:00	185.903	185.907	185.888	185.893	185	0	0
2026.07.21	18:05:00	185.893	185.902	185.874	185.875	174	0	0
2026.07.21	18:06:00	185.875	185.882	185.862	185.868	249	0	0
2026.07.21	18:07:00	185.868	185.876	185.867	185.871	177	0	0
2026.07.21	18:08:00	185.871	185.877	185.869	185.873	94	0	0
2026.07.21	18:09:00	185.873	185.882	185.873	185.879	115	0	1
2026.07.21	18:10:00	185.879	185.884	185.873	185.881	118	0	0
2026.07.21	18:11:00	185.881	185.888	185.875	185.887	99	0	0
2026.07.21	18:12:00	185.888	185.893	185.884	185.890	90	0	0
2026.07.21	18:13:00	185.888	185.890	185.877	185.879	60	0	1
2026.07.21	18:14:00	185.879	185.879	185.860	185.866	100	0	0
2026.07.21	18:15:00	185.866	185.874	185.860	185.874	199	0	0
2026.07.21	18:16:00	185.874	185.891	185.870	185.890	126	0	0
2026.07.21	18:17:00	185.890	185.899	185.882	185.883	121	0	0
2026.07.21	18:18:00	185.883	185.890	185.874	185.885	147	0	0
2026.07.21	18:19:00	185.885	185.895	185.883	185.891	94	0	0
2026.07.21	18:20:00	185.891	185.907	185.888	185.902	105	0	0
2026.07.21	18:21:00	185.902	185.906	185.889	185.892	181	0	0
2026.07.21	18:22:00	185.891	185.896	185.885	185.890	115	0	0
2026.07.21	18:23:00	185.890	185.896	185.881	185.894	149	0	0
2026.07.21	18:24:00	185.894	185.911	185.891	185.905	150	0	0
2026.07.21	18:25:00	185.905	185.917	185.903	185.907	206	0	0
2026.07.21	18:26:00	185.907	185.923	185.907	185.917	88	0	0
2026.07.21	18:27:00	185.917	185.941	185.916	185.939	238	0	0
2026.07.21	18:28:00	185.938	185.948	185.934	185.937	139	0	0
2026.07.21	18:29:00	185.937	185.940	185.921	185.922	127	0	0
2026.07.21	18:30:00	185.922	185.938	185.906	185.933	181	0	0
2026.07.21	18:31:00	185.933	185.940	185.927	185.938	92	0	0
2026.07.21	18:32:00	185.938	185.952	185.936	185.952	79	0	0
2026.07.21	18:33:00	185.952	185.958	185.937	185.958	131	0	0
2026.07.21	18:34:00	185.958	185.964	185.954	185.963	106	0	0
2026.07.21	18:35:00	185.963	185.971	185.941	185.948	109	0	0
2026.07.21	18:36:00	185.948	185.955	185.945	185.950	70	0	0
2026.07.21	18:37:00	185.949	185.949	185.944	185.948	32	0	0
2026.07.21	18:38:00	185.948	185.968	185.947	185.954	124	0	0
2026.07.21	18:39:00	185.954	185.957	185.922	185.924	119	0	0
2026.07.21	18:40:00	185.924	185.945	185.921	185.939	109	0	0
2026.07.21	18:41:00	185.939	185.943	185.919	185.921	99	0	0
2026.07.21	18:42:00	185.920	185.938	185.920	185.928	98	0	0
2026.07.21	18:43:00	185.928	185.952	185.928	185.945	129	0	0
2026.07.21	18:44:00	185.946	185.946	185.932	185.933	162	0	0
2026.07.21	18:45:00	185.933	185.941	185.928	185.928	99	0	0
2026.07.21	18:46:00	185.928	185.947	185.928	185.947	86	0	0
2026.07.21	18:47:00	185.947	185.947	185.930	185.930	88	0	0
2026.07.21	18:48:00	185.930	185.931	185.914	185.915	81	0	0
2026.07.21	18:49:00	185.915	185.924	185.915	185.924	51	0	0
2026.07.21	18:50:00	185.924	185.942	185.922	185.939	165	0	0
2026.07.21	18:51:00	185.939	185.941	185.930	185.930	62	0	0
2026.07.21	18:52:00	185.930	185.947	185.929	185.943	76	0	0
2026.07.21	18:53:00	185.943	185.952	185.940	185.942	76	0	0
2026.07.21	18:54:00	185.942	185.956	185.941	185.948	44	0	0
2026.07.21	18:55:00	185.949	185.949	185.930	185.932	40	0	0
2026.07.21	18:56:00	185.932	185.940	185.926	185.940	82	0	0
2026.07.21	18:57:00	185.940	185.961	185.932	185.953	105	0	0
2026.07.21	18:58:00	185.953	185.960	185.952	185.955	70	0	0
2026.07.21	18:59:00	185.955	185.958	185.953	185.957	68	0	1
2026.07.21	19:00:00	185.957	185.965	185.957	185.958	99	0	0
2026.07.21	19:01:00	185.958	185.969	185.958	185.969	48	0	1
2026.07.21	19:02:00	185.969	185.973	185.962	185.962	39	0	0
2026.07.21	19:03:00	185.962	185.969	185.958	185.959	37	0	0
2026.07.21	19:04:00	185.959	185.975	185.958	185.970	139	0	0
2026.07.21	19:05:00	185.970	185.976	185.968	185.970	47	0	0
2026.07.21	19:06:00	185.970	185.973	185.966	185.968	61	0	0
2026.07.21	19:07:00	185.968	185.973	185.965	185.972	47	0	0
2026.07.21	19:08:00	185.972	185.976	185.969	185.972	75	0	0
2026.07.21	19:09:00	185.972	185.985	185.971	185.974	57	0	0
2026.07.21	19:10:00	185.974	185.986	185.972	185.978	107	0	0
2026.07.21	19:11:00	185.979	185.979	185.962	185.967	69	0	0
2026.07.21	19:12:00	185.967	185.970	185.963	185.965	102	0	0
2026.07.21	19:13:00	185.965	185.973	185.964	185.968	69	0	0
2026.07.21	19:14:00	185.968	185.971	185.966	185.970	74	0	0
2026.07.21	19:15:00	185.970	185.971	185.962	185.964	27	0	0
2026.07.21	19:16:00	185.964	185.976	185.964	185.972	46	0	0
2026.07.21	19:17:00	185.972	185.980	185.971	185.977	38	0	1
2026.07.21	19:18:00	185.977	185.980	185.971	185.974	30	0	0
2026.07.21	19:19:00	185.974	185.974	185.967	185.970	32	0	0
2026.07.21	19:20:00	185.970	185.974	185.968	185.972	33	0	1
2026.07.21	19:21:00	185.972	185.985	185.971	185.980	58	0	0
2026.07.21	19:22:00	185.980	185.989	185.978	185.985	55	0	0
2026.07.21	19:23:00	185.985	185.985	185.968	185.971	79	0	0
2026.07.21	19:24:00	185.971	185.973	185.961	185.965	72	0	0
2026.07.21	19:25:00	185.965	185.966	185.960	185.961	56	0	0
2026.07.21	19:26:00	185.961	185.961	185.937	185.938	79	0	0
2026.07.21	19:27:00	185.938	185.956	185.937	185.955	65	0	0
2026.07.21	19:28:00	185.955	185.960	185.953	185.960	44	0	0
2026.07.21	19:29:00	185.960	185.961	185.954	185.954	67	0	0
2026.07.21	19:30:00	185.954	185.956	185.945	185.946	56	0	0
2026.07.21	19:31:00	185.946	185.947	185.938	185.944	31	0	0
2026.07.21	19:32:00	185.944	185.956	185.942	185.953	25	0	0
2026.07.21	19:33:00	185.953	185.954	185.942	185.944	97	0	0
2026.07.21	19:34:00	185.943	185.951	185.940	185.945	120	0	0
2026.07.21	19:35:00	185.945	185.947	185.938	185.943	85	0	0
2026.07.21	19:36:00	185.943	185.948	185.939	185.946	51	0	0
2026.07.21	19:37:00	185.946	185.949	185.944	185.945	48	0	0
2026.07.21	19:38:00	185.945	185.949	185.941	185.948	32	0	0
2026.07.21	19:39:00	185.948	185.953	185.946	185.952	31	0	1
2026.07.21	19:40:00	185.952	185.965	185.950	185.961	60	0	0
2026.07.21	19:41:00	185.961	185.961	185.955	185.958	59	0	1
2026.07.21	19:42:00	185.958	185.964	185.958	185.960	43	0	0
2026.07.21	19:43:00	185.960	185.965	185.951	185.951	90	0	0
2026.07.21	19:44:00	185.951	185.957	185.944	185.945	61	0	0
2026.07.21	19:45:00	185.945	185.945	185.934	185.935	49	0	0
2026.07.21	19:46:00	185.934	185.937	185.933	185.935	95	0	0
2026.07.21	19:47:00	185.935	185.945	185.931	185.945	26	0	0
2026.07.21	19:48:00	185.945	185.960	185.944	185.960	57	0	0
2026.07.21	19:49:00	185.961	185.975	185.960	185.974	79	0	0
2026.07.21	19:50:00	185.975	185.975	185.969	185.973	42	0	1
2026.07.21	19:51:00	185.973	185.979	185.973	185.976	47	0	0
2026.07.21	19:52:00	185.976	185.979	185.971	185.974	60	0	0
2026.07.21	19:53:00	185.973	185.976	185.967	185.968	52	0	0
2026.07.21	19:54:00	185.968	185.970	185.957	185.960	66	0	0
2026.07.21	19:55:00	185.960	185.971	185.956	185.963	89	0	0
2026.07.21	19:56:00	185.963	185.963	185.957	185.959	59	0	0
2026.07.21	19:57:00	185.959	185.967	185.954	185.966	26	0	0
2026.07.21	19:58:00	185.966	185.967	185.963	185.963	36	0	1
2026.07.21	19:59:00	185.964	185.965	185.957	185.959	86	0	0
2026.07.21	20:00:00	185.959	185.962	185.942	185.947	154	0	0
2026.07.21	20:01:00	185.947	185.960	185.945	185.957	71	0	0
2026.07.21	20:02:00	185.957	185.959	185.939	185.939	85	0	0
2026.07.21	20:03:00	185.939	185.941	185.936	185.938	27	0	1
2026.07.21	20:04:00	185.938	185.953	185.936	185.945	33	0	0
2026.07.21	20:05:00	185.945	185.954	185.945	185.953	22	0	0
2026.07.21	20:06:00	185.953	185.959	185.949	185.953	26	0	0
2026.07.21	20:07:00	185.953	185.957	185.949	185.950	59	0	1
2026.07.21	20:08:00	185.950	185.956	185.949	185.955	81	0	0
2026.07.21	20:09:00	185.955	185.964	185.953	185.961	66	0	0
2026.07.21	20:10:00	185.961	185.966	185.954	185.962	64	0	0
2026.07.21	20:11:00	185.962	185.973	185.962	185.973	52	0	0
2026.07.21	20:12:00	185.973	185.982	185.969	185.981	87	0	0
2026.07.21	20:13:00	185.982	185.985	185.976	185.976	75	0	0
2026.07.21	20:14:00	185.976	185.988	185.976	185.983	104	0	0
2026.07.21	20:15:00	185.983	185.985	185.971	185.975	87	0	0
2026.07.21	20:16:00	185.975	185.976	185.972	185.974	28	0	0
2026.07.21	20:17:00	185.974	185.974	185.962	185.964	38	0	0
2026.07.21	20:18:00	185.964	185.965	185.959	185.964	29	0	0
2026.07.21	20:19:00	185.964	185.967	185.961	185.965	34	0	0
2026.07.21	20:20:00	185.965	185.973	185.964	185.972	30	0	0
2026.07.21	20:21:00	185.972	185.973	185.963	185.964	86	0	0
2026.07.21	20:22:00	185.964	185.966	185.958	185.959	70	0	0
2026.07.21	20:23:00	185.959	185.964	185.956	185.962	38	0	0
2026.07.21	20:24:00	185.962	185.966	185.960	185.965	28	0	1
2026.07.21	20:25:00	185.965	185.967	185.963	185.964	33	0	0
2026.07.21	20:26:00	185.964	185.964	185.960	185.963	47	0	0
2026.07.21	20:27:00	185.963	185.966	185.960	185.961	77	0	0
2026.07.21	20:28:00	185.961	185.962	185.952	185.953	94	0	0
2026.07.21	20:29:00	185.953	185.967	185.953	185.966	81	0	0
2026.07.21	20:30:00	185.966	185.977	185.964	185.975	56	0	0
2026.07.21	20:31:00	185.975	185.977	185.973	185.974	39	0	0
2026.07.21	20:32:00	185.974	185.977	185.974	185.976	34	0	1
2026.07.21	20:33:00	185.976	185.977	185.975	185.977	30	0	1
2026.07.21	20:34:00	185.977	185.979	185.973	185.975	47	0	0
2026.07.21	20:35:00	185.975	185.976	185.969	185.972	24	0	0
2026.07.21	20:36:00	185.972	185.972	185.960	185.963	31	0	0
2026.07.21	20:37:00	185.963	185.963	185.957	185.959	28	0	0
2026.07.21	20:38:00	185.959	185.962	185.957	185.961	28	0	1
2026.07.21	20:39:00	185.961	185.964	185.960	185.962	39	0	1
2026.07.21	20:40:00	185.962	185.962	185.954	185.957	90	0	0
2026.07.21	20:41:00	185.957	185.959	185.952	185.957	33	0	1
2026.07.21	20:42:00	185.957	185.958	185.952	185.953	28	0	1
2026.07.21	20:43:00	185.953	185.956	185.951	185.954	36	0	0
2026.07.21	20:44:00	185.954	185.956	185.953	185.956	26	0	1
2026.07.21	20:45:00	185.956	185.956	185.948	185.949	49	0	0
2026.07.21	20:46:00	185.949	185.956	185.947	185.950	50	0	1
2026.07.21	20:47:00	185.950	185.955	185.949	185.950	20	0	0
2026.07.21	20:48:00	185.950	185.952	185.947	185.952	19	0	0
2026.07.21	20:49:00	185.952	185.957	185.950	185.953	47	0	0
2026.07.21	20:50:00	185.953	185.959	185.952	185.959	19	0	0
2026.07.21	20:51:00	185.959	185.967	185.958	185.966	15	0	0
2026.07.21	20:52:00	185.966	185.968	185.965	185.967	18	0	1
2026.07.21	20:53:00	185.968	185.972	185.965	185.969	108	0	0
2026.07.21	20:54:00	185.970	185.971	185.964	185.966	39	0	1
2026.07.21	20:55:00	185.966	185.968	185.957	185.959	54	0	0
2026.07.21	20:56:00	185.959	185.965	185.955	185.956	37	0	0
2026.07.21	20:57:00	185.956	185.964	185.954	185.961	41	0	0
2026.07.21	20:58:00	185.961	185.968	185.957	185.964	58	0	0
2026.07.21	20:59:00	185.964	185.969	185.961	185.967	53	0	0
2026.07.21	21:00:00	185.967	185.970	185.957	185.962	106	0	0
2026.07.21	21:01:00	185.962	185.962	185.955	185.957	98	0	0
2026.07.21	21:02:00	185.957	185.960	185.946	185.946	168	0	0
2026.07.21	21:03:00	185.946	185.950	185.932	185.937	161	0	0
2026.07.21	21:04:00	185.937	185.985	185.934	185.980	202	0	0
2026.07.21	21:05:00	185.980	186.062	185.975	186.060	239	0	0
2026.07.21	21:06:00	186.059	186.088	186.040	186.052	305	0	0
2026.07.21	21:07:00	186.052	186.068	186.048	186.061	150	0	0
2026.07.21	21:08:00	186.061	186.068	186.043	186.058	140	0	0
2026.07.21	21:09:00	186.058	186.058	186.032	186.047	126	0	0
2026.07.21	21:10:00	186.047	186.050	186.041	186.046	198	0	0
2026.07.21	21:11:00	186.046	186.046	186.033	186.033	105	0	0
2026.07.21	21:12:00	186.033	186.039	186.016	186.018	174	0	0
2026.07.21	21:13:00	186.018	186.034	186.017	186.022	168	0	0
2026.07.21	21:14:00	186.022	186.024	186.007	186.008	214	0	0
2026.07.21	21:15:00	186.008	186.020	186.006	186.013	256	0	0
2026.07.21	21:16:00	186.013	186.019	186.008	186.009	185	0	0
2026.07.21	21:17:00	186.009	186.010	185.999	186.004	90	0	0
2026.07.21	21:18:00	186.004	186.017	186.003	186.012	142	0	0
2026.07.21	21:19:00	186.012	186.015	186.005	186.008	92	0	0
2026.07.21	21:20:00	186.008	186.011	185.995	185.996	115	0	0
2026.07.21	21:21:00	185.996	186.010	185.994	186.006	119	0	0
2026.07.21	21:22:00	186.006	186.012	185.992	185.994	58	0	0
2026.07.21	21:23:00	185.992	186.005	185.992	186.004	44	0	0
2026.07.21	21:24:00	186.004	186.015	186.000	186.013	62	0	0
2026.07.21	21:25:00	186.013	186.027	186.009	186.024	105	0	0
2026.07.21	21:26:00	186.024	186.025	186.016	186.025	89	0	0
2026.07.21	21:27:00	186.025	186.030	186.015	186.026	147	0	0
2026.07.21	21:28:00	186.026	186.033	186.025	186.030	66	0	0
2026.07.21	21:29:00	186.030	186.041	186.029	186.039	72	0	0
2026.07.21	21:30:00	186.039	186.043	186.032	186.040	65	0	0
2026.07.21	21:31:00	186.040	186.046	186.030	186.033	103	0	0
2026.07.21	21:32:00	186.033	186.040	186.031	186.037	57	0	0
2026.07.21	21:33:00	186.038	186.043	186.029	186.030	74	0	0
2026.07.21	21:34:00	186.030	186.039	186.026	186.026	49	0	0
2026.07.21	21:35:00	186.026	186.032	186.021	186.024	62	0	0
2026.07.21	21:36:00	186.024	186.030	186.022	186.028	35	0	0
2026.07.21	21:37:00	186.028	186.030	186.021	186.021	28	0	0
2026.07.21	21:38:00	186.021	186.024	186.015	186.023	50	0	0
2026.07.21	21:39:00	186.023	186.028	186.020	186.026	89	0	0
2026.07.21	21:40:00	186.026	186.061	186.025	186.057	297	0	0
2026.07.21	21:41:00	186.057	186.087	186.057	186.082	317	0	0
2026.07.21	21:42:00	186.082	186.096	186.072	186.089	275	0	0
2026.07.21	21:43:00	186.089	186.094	186.081	186.088	129	0	0
2026.07.21	21:44:00	186.089	186.103	186.082	186.102	150	0	0
2026.07.21	21:45:00	186.102	186.105	186.095	186.102	151	0	0
2026.07.21	21:46:00	186.102	186.123	186.099	186.119	81	0	0
2026.07.21	21:47:00	186.119	186.119	186.102	186.106	99	0	0
2026.07.21	21:48:00	186.106	186.107	186.101	186.101	67	0	0
2026.07.21	21:49:00	186.099	186.112	186.099	186.112	81	0	0
2026.07.21	21:50:00	186.112	186.113	186.098	186.099	69	0	0
2026.07.21	21:51:00	186.099	186.107	186.097	186.103	69	0	0
2026.07.21	21:52:00	186.103	186.103	186.094	186.098	117	0	0
2026.07.21	21:53:00	186.098	186.103	186.087	186.088	73	0	0
2026.07.21	21:54:00	186.088	186.089	186.080	186.083	91	0	0
2026.07.21	21:55:00	186.083	186.091	186.076	186.090	52	0	0
2026.07.21	21:56:00	186.090	186.092	186.076	186.083	48	0	0
2026.07.21	21:57:00	186.083	186.095	186.080	186.087	81	0	0
2026.07.21	21:58:00	186.087	186.096	186.084	186.088	65	0	0
2026.07.21	21:59:00	186.090	186.098	186.067	186.082	223	0	0
2026.07.21	22:00:00	186.082	186.084	186.066	186.076	233	0	0
2026.07.21	22:01:00	186.075	186.080	186.072	186.079	126	0	0
2026.07.21	22:02:00	186.079	186.093	186.079	186.085	108	0	0
2026.07.21	22:03:00	186.085	186.091	186.081	186.089	52	0	0
2026.07.21	22:04:00	186.089	186.090	186.081	186.084	170	0	0
2026.07.21	22:05:00	186.084	186.096	186.084	186.094	89	0	0
2026.07.21	22:06:00	186.094	186.098	186.085	186.090	134	0	0
2026.07.21	22:07:00	186.091	186.091	186.086	186.089	113	0	0
2026.07.21	22:08:00	186.089	186.090	186.076	186.079	121	0	0
2026.07.21	22:09:00	186.079	186.089	186.079	186.082	129	0	0
2026.07.21	22:10:00	186.082	186.089	186.076	186.089	67	0	0
2026.07.21	22:11:00	186.089	186.096	186.087	186.093	104	0	0
2026.07.21	22:12:00	186.093	186.103	186.093	186.101	79	0	0
2026.07.21	22:13:00	186.101	186.111	186.096	186.098	46	0	0
2026.07.21	22:14:00	186.098	186.098	186.088	186.096	46	0	1
2026.07.21	22:15:00	186.096	186.101	186.092	186.094	38	0	0
2026.07.21	22:16:00	186.094	186.099	186.093	186.099	39	0	0
2026.07.21	22:17:00	186.099	186.100	186.082	186.088	70	0	0
2026.07.21	22:18:00	186.088	186.091	186.085	186.087	49	0	1
2026.07.21	22:19:00	186.087	186.088	186.084	186.085	43	0	0
2026.07.21	22:20:00	186.085	186.085	186.076	186.081	57	0	0
2026.07.21	22:21:00	186.081	186.083	186.070	186.073	41	0	0
2026.07.21	22:22:00	186.073	186.080	186.068	186.070	64	0	0
2026.07.21	22:23:00	186.070	186.075	186.067	186.074	78	0	0
2026.07.21	22:24:00	186.074	186.080	186.072	186.077	139	0	0
2026.07.21	22:25:00	186.077	186.082	186.075	186.076	74	0	0
2026.07.21	22:26:00	186.076	186.082	186.070	186.078	108	0	0
2026.07.21	22:27:00	186.078	186.080	186.066	186.067	79	0	0
2026.07.21	22:28:00	186.067	186.076	186.066	186.075	65	0	0
2026.07.21	22:29:00	186.075	186.079	186.070	186.070	69	0	0
2026.07.21	22:30:00	186.070	186.071	186.056	186.063	88	0	0
2026.07.21	22:31:00	186.063	186.063	186.056	186.060	55	0	0
2026.07.21	22:32:00	186.060	186.063	186.055	186.063	32	0	0
2026.07.21	22:33:00	186.063	186.064	186.056	186.058	95	0	0
2026.07.21	22:34:00	186.057	186.067	186.056	186.060	48	0	0
2026.07.21	22:35:00	186.060	186.078	186.060	186.069	112	0	0
2026.07.21	22:36:00	186.070	186.080	186.061	186.068	72	0	0
2026.07.21	22:37:00	186.068	186.068	186.060	186.067	159	0	0
2026.07.21	22:38:00	186.067	186.069	186.059	186.063	51	0	1
2026.07.21	22:39:00	186.063	186.067	186.060	186.066	52	0	0
2026.07.21	22:40:00	186.066	186.070	186.059	186.067	88	0	0
2026.07.21	22:41:00	186.067	186.070	186.066	186.069	27	0	1
2026.07.21	22:42:00	186.069	186.078	186.068	186.071	28	0	0
2026.07.21	22:43:00	186.071	186.071	186.063	186.068	38	0	0
2026.07.21	22:44:00	186.068	186.069	186.064	186.066	45	0	0
2026.07.21	22:45:00	186.066	186.077	186.065	186.072	46	0	0
2026.07.21	22:46:00	186.072	186.074	186.067	186.067	41	0	1
2026.07.21	22:47:00	186.067	186.070	186.062	186.069	55	0	0
2026.07.21	22:48:00	186.067	186.072	186.067	186.069	44	0	0
2026.07.21	22:49:00	186.069	186.072	186.068	186.072	34	0	0
2026.07.21	22:50:00	186.072	186.087	186.070	186.087	100	0	0
2026.07.21	22:51:00	186.087	186.089	186.078	186.078	52	0	0
2026.07.21	22:52:00	186.078	186.083	186.075	186.082	42	0	0
2026.07.21	22:53:00	186.082	186.084	186.080	186.082	31	0	1
2026.07.21	22:54:00	186.082	186.087	186.081	186.086	74	0	1
2026.07.21	22:55:00	186.086	186.087	186.073	186.076	128	0	0
2026.07.21	22:56:00	186.076	186.082	186.071	186.074	119	0	0
2026.07.21	22:57:00	186.074	186.090	186.074	186.087	124	0	0
2026.07.21	22:58:00	186.087	186.090	186.078	186.082	178	0	0
2026.07.21	22:59:00	186.082	186.085	186.076	186.081	223	0	0
2026.07.21	23:00:00	186.081	186.085	186.075	186.082	199	0	0
2026.07.21	23:01:00	186.082	186.097	186.082	186.096	132	0	1
2026.07.21	23:02:00	186.096	186.114	186.093	186.109	149	0	0
2026.07.21	23:03:00	186.109	186.111	186.103	186.107	66	0	2
2026.07.21	23:04:00	186.107	186.119	186.107	186.110	77	0	0
2026.07.21	23:05:00	186.110	186.117	186.109	186.109	54	0	3
2026.07.21	23:06:00	186.109	186.113	186.108	186.108	21	0	1
2026.07.21	23:07:00	186.108	186.110	186.106	186.106	45	0	3
2026.07.21	23:08:00	186.106	186.112	186.104	186.105	43	0	3
2026.07.21	23:09:00	186.105	186.106	186.100	186.101	33	0	3
2026.07.21	23:10:00	186.101	186.103	186.090	186.092	24	0	2
2026.07.21	23:11:00	186.092	186.094	186.089	186.090	22	0	2
2026.07.21	23:12:00	186.090	186.093	186.090	186.092	45	0	2
2026.07.21	23:13:00	186.092	186.098	186.091	186.095	69	0	3
2026.07.21	23:14:00	186.095	186.097	186.094	186.096	29	0	2
2026.07.21	23:15:00	186.096	186.099	186.090	186.090	61	0	2
2026.07.21	23:16:00	186.090	186.090	186.085	186.088	33	0	4
2026.07.21	23:17:00	186.087	186.088	186.081	186.081	25	0	3
2026.07.21	23:18:00	186.081	186.086	186.081	186.083	17	0	3
2026.07.21	23:19:00	186.083	186.083	186.078	186.079	45	0	4
2026.07.21	23:20:00	186.079	186.079	186.076	186.077	7	0	4
2026.07.21	23:21:00	186.078	186.089	186.078	186.086	63	0	3
2026.07.21	23:22:00	186.086	186.096	186.086	186.096	51	0	3
2026.07.21	23:23:00	186.096	186.099	186.096	186.097	13	0	3
2026.07.21	23:24:00	186.097	186.103	186.097	186.100	33	0	4
2026.07.21	23:25:00	186.100	186.100	186.096	186.097	26	0	4
2026.07.21	23:26:00	186.097	186.097	186.096	186.097	9	0	4
2026.07.21	23:27:00	186.097	186.097	186.095	186.097	11	0	4
2026.07.21	23:28:00	186.097	186.097	186.095	186.096	14	0	4
2026.07.21	23:29:00	186.096	186.103	186.089	186.100	53	0	0
2026.07.21	23:30:00	186.100	186.104	186.098	186.099	26	0	3
2026.07.21	23:31:00	186.099	186.101	186.094	186.099	46	0	2
2026.07.21	23:32:00	186.099	186.103	186.099	186.099	13	0	1
2026.07.21	23:33:00	186.099	186.099	186.096	186.096	17	0	2
2026.07.21	23:34:00	186.096	186.097	186.096	186.096	7	0	4
2026.07.21	23:35:00	186.096	186.097	186.091	186.094	39	0	4
2026.07.21	23:36:00	186.094	186.096	186.091	186.091	99	0	3
2026.07.21	23:37:00	186.091	186.097	186.091	186.095	35	0	2
2026.07.21	23:38:00	186.095	186.096	186.082	186.082	50	0	2
2026.07.21	23:39:00	186.082	186.087	186.080	186.080	27	0	2
2026.07.21	23:40:00	186.080	186.080	186.070	186.071	42	0	4
2026.07.21	23:41:00	186.071	186.084	186.069	186.084	67	0	4
2026.07.21	23:42:00	186.084	186.084	186.070	186.070	43	0	4
2026.07.21	23:43:00	186.070	186.072	186.066	186.069	16	0	4
2026.07.21	23:44:00	186.069	186.077	186.063	186.077	49	0	4
2026.07.21	23:45:00	186.077	186.084	186.071	186.072	105	0	4
2026.07.21	23:46:00	186.072	186.073	186.069	186.070	65	0	4
2026.07.21	23:47:00	186.070	186.074	186.067	186.070	50	0	4
2026.07.21	23:48:00	186.070	186.072	186.069	186.070	26	0	4
2026.07.21	23:49:00	186.070	186.071	186.061	186.063	80	0	4
2026.07.21	23:50:00	186.063	186.063	186.030	186.043	67	0	4
2026.07.21	23:51:00	186.043	186.048	186.033	186.038	64	0	4
2026.07.21	23:52:00	186.038	186.038	186.029	186.030	26	0	4
2026.07.21	23:53:00	186.030	186.038	186.019	186.020	33	0	4
2026.07.21	23:54:00	186.020	186.032	186.018	186.029	61	0	4
2026.07.21	23:55:00	186.029	186.033	186.017	186.032	50	0	5
2026.07.21	23:56:00	186.032	186.033	186.023	186.028	19	0	5
2026.07.21	23:57:00	186.028	186.040	186.018	186.023	24	0	2
2026.07.21	23:58:00	186.020	186.020	185.989	185.993	69	0	4
2026.07.21	23:59:00	185.993	186.005	185.981	185.981	59	0	10
2026.07.22	00:00:00	185.929	185.944	185.929	185.940	8	0	86
2026.07.22	00:01:00	185.940	185.940	185.939	185.939	2	0	86
2026.07.22	00:02:00	185.939	185.944	185.939	185.944	3	0	86
2026.07.22	00:03:00	185.944	185.946	185.944	185.946	2	0	86
2026.07.22	00:04:00	185.946	185.950	185.946	185.949	7	0	86
2026.07.22	00:05:00	185.949	185.968	185.947	185.968	8	0	74
2026.07.22	00:06:00	185.972	185.981	185.972	185.981	4	0	63
2026.07.22	00:07:00	185.981	185.981	185.974	185.974	2	0	64
2026.07.22	00:08:00	185.977	185.977	185.962	185.974	5	0	68
2026.07.22	00:09:00	185.977	185.978	185.973	185.973	3	0	67
2026.07.22	00:10:00	185.973	185.976	185.969	185.976	3	0	67
2026.07.22	00:11:00	185.976	185.976	185.970	185.970	2	0	67
2026.07.22	00:12:00	185.970	185.973	185.970	185.973	2	0	70
2026.07.22	00:13:00	185.973	185.973	185.944	185.947	6	0	70
2026.07.22	00:14:00	185.947	185.955	185.947	185.955	5	0	78
2026.07.22	00:15:00	185.955	185.957	185.951	185.951	4	0	77
2026.07.22	00:16:00	185.951	185.957	185.951	185.957	3	0	73
2026.07.22	00:17:00	185.957	185.964	185.957	185.964	3	0	77
2026.07.22	00:18:00	185.964	185.966	185.962	185.966	3	0	78
2026.07.22	00:19:00	185.966	185.966	185.963	185.964	3	0	78
2026.07.22	00:20:00	185.967	185.975	185.965	185.975	11	0	76
2026.07.22	00:21:00	185.975	185.976	185.973	185.976	3	0	75
2026.07.22	00:22:00	185.976	185.977	185.967	185.967	13	0	74
2026.07.22	00:23:00	185.967	185.975	185.967	185.975	3	0	78
2026.07.22	00:24:00	185.975	185.975	185.971	185.971	2	0	79
2026.07.22	00:25:00	185.971	185.986	185.971	185.986	3	0	71
2026.07.22	00:26:00	185.986	185.986	185.986	185.986	1	0	72
2026.07.22	00:27:00	185.986	185.986	185.974	185.983	5	0	72
2026.07.22	00:28:00	185.983	185.983	185.972	185.979	15	0	77
2026.07.22	00:29:00	185.979	185.985	185.979	185.985	3	0	74
2026.07.22	00:30:00	185.985	185.987	185.984	185.987	3	0	75
2026.07.22	00:31:00	185.987	185.989	185.987	185.989	3	0	62
2026.07.22	00:32:00	185.989	185.989	185.986	185.986	3	0	66
2026.07.22	00:33:00	185.986	185.987	185.984	185.984	4	0	40
2026.07.22	00:34:00	185.984	185.987	185.984	185.987	3	0	38
2026.07.22	00:35:00	185.987	185.990	185.983	185.983	6	0	37
2026.07.22	00:36:00	185.983	185.984	185.983	185.984	2	0	43
2026.07.22	00:37:00	185.984	185.984	185.967	185.977	8	0	40
2026.07.22	00:38:00	185.977	185.977	185.974	185.975	3	0	40
2026.07.22	00:39:00	185.975	185.991	185.975	185.991	10	0	40
2026.07.22	00:40:00	185.991	186.000	185.991	186.000	5	0	39
2026.07.22	00:41:00	186.000	186.001	186.000	186.000	3	0	41
2026.07.22	00:42:00	186.000	186.015	185.999	186.000	8	0	43
2026.07.22	00:43:00	186.000	186.007	186.000	186.003	6	0	41
2026.07.22	00:44:00	186.003	186.003	185.989	185.990	8	0	42
2026.07.22	00:45:00	185.990	185.990	185.989	185.989	2	0	43
2026.07.22	00:46:00	185.989	185.989	185.988	185.988	2	0	43
2026.07.22	00:47:00	185.988	185.988	185.987	185.987	2	0	43
2026.07.22	00:48:00	185.987	185.991	185.987	185.990	3	0	39
2026.07.22	00:49:00	185.990	185.993	185.986	185.993	4	0	39
2026.07.22	00:50:00	185.993	185.993	185.993	185.993	1	0	42
2026.07.22	00:51:00	185.993	185.993	185.993	185.993	1	0	42
2026.07.22	00:52:00	185.993	185.994	185.992	185.993	5	0	37
2026.07.22	00:53:00	185.993	185.993	185.993	185.993	1	0	45
2026.07.22	00:54:00	185.993	185.995	185.993	185.995	3	0	42
2026.07.22	00:55:00	185.995	185.995	185.994	185.994	2	0	34
2026.07.22	00:56:00	185.989	185.989	185.987	185.987	2	0	40
2026.07.22	00:57:00	185.987	185.990	185.987	185.990	2	0	38
2026.07.22	00:58:00	185.990	185.990	185.989	185.989	2	0	40
2026.07.22	00:59:00	185.989	185.989	185.989	185.989	1	0	42
2026.07.22	01:00:00	185.989	186.035	185.981	186.026	108	0	0
2026.07.22	01:01:00	186.026	186.032	186.021	186.023	58	0	0
2026.07.22	01:02:00	186.022	186.030	186.014	186.030	47	0	0
2026.07.22	01:03:00	186.030	186.035	186.023	186.031	25	0	0
2026.07.22	01:04:00	186.031	186.037	186.021	186.031	18	0	0
2026.07.22	01:05:00	186.031	186.037	186.029	186.034	22	0	0
2026.07.22	01:06:00	186.035	186.035	186.021	186.025	23	0	0
2026.07.22	01:07:00	186.025	186.025	186.013	186.014	13	0	2
2026.07.22	01:08:00	186.014	186.016	186.012	186.012	8	0	4
2026.07.22	01:09:00	186.012	186.020	186.004	186.020	28	0	0
2026.07.22	01:10:00	186.020	186.020	186.016	186.017	26	0	2
2026.07.22	01:11:00	186.017	186.027	186.013	186.014	151	0	0
2026.07.22	01:12:00	186.014	186.015	186.013	186.014	40	0	3
2026.07.22	01:13:00	186.014	186.016	186.010	186.012	52	0	4
2026.07.22	01:14:00	186.012	186.022	186.010	186.020	37	0	2
2026.07.22	01:15:00	186.019	186.023	186.019	186.020	30	0	4
2026.07.22	01:16:00	186.020	186.020	186.017	186.019	21	0	4
2026.07.22	01:17:00	186.019	186.020	186.019	186.019	9	0	4
2026.07.22	01:18:00	186.019	186.021	186.019	186.020	6	0	4
2026.07.22	01:19:00	186.020	186.024	186.012	186.014	34	0	0
2026.07.22	01:20:00	186.014	186.018	186.014	186.018	25	0	4
2026.07.22	01:21:00	186.018	186.019	186.016	186.019	16	0	4
2026.07.22	01:22:00	186.018	186.022	186.017	186.020	20	0	4
2026.07.22	01:23:00	186.020	186.026	186.020	186.026	20	0	4
2026.07.22	01:24:00	186.026	186.027	186.023	186.023	9	0	2
2026.07.22	01:25:00	186.023	186.025	186.023	186.025	19	0	4
2026.07.22	01:26:00	186.025	186.034	186.025	186.032	22	0	3
2026.07.22	01:27:00	186.032	186.037	186.030	186.037	9	0	4
2026.07.22	01:28:00	186.037	186.039	186.036	186.037	45	0	4
2026.07.22	01:29:00	186.037	186.040	186.037	186.038	16	0	4
2026.07.22	01:30:00	186.038	186.043	186.038	186.040	25	0	4
2026.07.22	01:31:00	186.040	186.042	186.033	186.033	24	0	2
2026.07.22	01:32:00	186.033	186.034	186.029	186.033	21	0	4
2026.07.22	01:33:00	186.033	186.037	186.027	186.028	29	0	0
2026.07.22	01:34:00	186.028	186.033	186.028	186.030	10	0	4
2026.07.22	01:35:00	186.030	186.032	186.030	186.031	8	0	4
2026.07.22	01:36:00	186.031	186.034	186.027	186.027	10	0	4
2026.07.22	01:37:00	186.027	186.028	186.027	186.028	4	0	4
2026.07.22	01:38:00	186.028	186.030	186.026	186.030	12	0	4
2026.07.22	01:39:00	186.030	186.035	186.028	186.031	26	0	1
2026.07.22	01:40:00	186.031	186.038	186.031	186.037	15	0	4
2026.07.22	01:41:00	186.037	186.039	186.036	186.039	13	0	4
2026.07.22	01:42:00	186.039	186.045	186.038	186.043	23	0	4
2026.07.22	01:43:00	186.043	186.044	186.041	186.041	11	0	4
2026.07.22	01:44:00	186.041	186.041	186.040	186.040	6	0	4
2026.07.22	01:45:00	186.040	186.041	186.034	186.034	27	0	4
2026.07.22	01:46:00	186.034	186.037	186.034	186.036	13	0	4
2026.07.22	01:47:00	186.036	186.037	186.033	186.033	16	0	4
2026.07.22	01:48:00	186.033	186.033	186.029	186.030	20	0	4
2026.07.22	01:49:00	186.030	186.033	186.030	186.031	15	0	4
2026.07.22	01:50:00	186.031	186.031	186.029	186.029	17	0	4
2026.07.22	01:51:00	186.029	186.035	186.028	186.035	14	0	2
2026.07.22	01:52:00	186.035	186.041	186.034	186.040	28	0	2
2026.07.22	01:53:00	186.040	186.041	186.039	186.039	16	0	4
2026.07.22	01:54:00	186.039	186.043	186.037	186.041	19	0	3
2026.07.22	01:55:00	186.041	186.043	186.039	186.039	15	0	4
2026.07.22	01:56:00	186.039	186.041	186.039	186.040	10	0	4
2026.07.22	01:57:00	186.040	186.051	186.039	186.048	21	0	0
2026.07.22	01:58:00	186.048	186.049	186.047	186.049	8	0	4
2026.07.22	01:59:00	186.049	186.050	186.047	186.047	5	0	4
2026.07.22	02:00:00	186.047	186.051	186.046	186.049	21	0	2
2026.07.22	02:01:00	186.049	186.050	186.048	186.050	14	0	4
2026.07.22	02:02:00	186.050	186.059	186.047	186.048	42	0	2
2026.07.22	02:03:00	186.048	186.051	186.046	186.049	20	0	4
2026.07.22	02:04:00	186.049	186.050	186.047	186.048	22	0	4
2026.07.22	02:05:00	186.048	186.048	186.037	186.044	27	0	3
2026.07.22	02:06:00	186.044	186.045	186.042	186.044	13	0	4
2026.07.22	02:07:00	186.044	186.048	186.041	186.044	12	0	4
2026.07.22	02:08:00	186.044	186.046	186.041	186.045	22	0	4
2026.07.22	02:09:00	186.045	186.047	186.045	186.046	10	0	4
2026.07.22	02:10:00	186.046	186.047	186.045	186.045	10	0	4
2026.07.22	02:11:00	186.045	186.049	186.045	186.049	12	0	3
2026.07.22	02:12:00	186.049	186.051	186.048	186.049	18	0	2
2026.07.22	02:13:00	186.049	186.051	186.043	186.044	31	0	0
2026.07.22	02:14:00	186.044	186.046	186.038	186.045	26	0	0
2026.07.22	02:15:00	186.045	186.049	186.043	186.043	20	0	2
2026.07.22	02:16:00	186.043	186.044	186.040	186.042	20	0	4
2026.07.22	02:17:00	186.042	186.045	186.040	186.045	31	0	4
2026.07.22	02:18:00	186.045	186.052	186.045	186.047	31	0	4
2026.07.22	02:19:00	186.047	186.060	186.047	186.060	21	0	0
2026.07.22	02:20:00	186.060	186.062	186.059	186.061	17	0	4
2026.07.22	02:21:00	186.061	186.064	186.057	186.058	20	0	4
2026.07.22	02:22:00	186.058	186.058	186.049	186.050	38	0	4
2026.07.22	02:23:00	186.050	186.055	186.048	186.053	23	0	4
2026.07.22	02:24:00	186.053	186.054	186.052	186.053	24	0	4
2026.07.22	02:25:00	186.053	186.061	186.052	186.056	45	0	4
2026.07.22	02:26:00	186.056	186.058	186.045	186.048	43	0	4
2026.07.22	02:27:00	186.048	186.049	186.047	186.049	13	0	3
2026.07.22	02:28:00	186.049	186.052	186.048	186.052	22	0	3
2026.07.22	02:29:00	186.052	186.052	186.047	186.047	13	0	1
2026.07.22	02:30:00	186.047	186.049	186.047	186.049	11	0	1
2026.07.22	02:31:00	186.049	186.051	186.049	186.050	4	0	2
2026.07.22	02:32:00	186.050	186.054	186.049	186.051	15	0	0
2026.07.22	02:33:00	186.051	186.052	186.049	186.051	21	0	2
2026.07.22	02:34:00	186.051	186.051	186.050	186.050	10	0	3
2026.07.22	02:35:00	186.050	186.051	186.050	186.051	36	0	2
2026.07.22	02:36:00	186.051	186.056	186.051	186.056	17	0	0
2026.07.22	02:37:00	186.056	186.056	186.055	186.055	16	0	3
2026.07.22	02:38:00	186.055	186.060	186.055	186.060	5	0	1
2026.07.22	02:39:00	186.060	186.060	186.057	186.057	12	0	3
2026.07.22	02:40:00	186.057	186.061	186.055	186.060	45	0	3
2026.07.22	02:41:00	186.060	186.071	186.060	186.071	14	0	4
2026.07.22	02:42:00	186.071	186.072	186.068	186.071	8	0	4
2026.07.22	02:43:00	186.071	186.072	186.065	186.070	42	0	4
2026.07.22	02:44:00	186.070	186.077	186.069	186.077	30	0	4
2026.07.22	02:45:00	186.077	186.080	186.073	186.079	34	0	4
2026.07.22	02:46:00	186.079	186.081	186.074	186.074	28	0	4
2026.07.22	02:47:00	186.074	186.078	186.074	186.077	9	0	4
2026.07.22	02:48:00	186.077	186.077	186.072	186.072	17	0	4
2026.07.22	02:49:00	186.072	186.074	186.070	186.073	13	0	4
2026.07.22	02:50:00	186.073	186.075	186.068	186.073	14	0	3
2026.07.22	02:51:00	186.073	186.074	186.065	186.074	18	0	0
2026.07.22	02:52:00	186.074	186.088	186.074	186.083	49	0	3
2026.07.22	02:53:00	186.083	186.087	186.080	186.081	40	0	4
2026.07.22	02:54:00	186.081	186.084	186.080	186.084	24	0	4
2026.07.22	02:55:00	186.083	186.091	186.083	186.089	24	0	4
2026.07.22	02:56:00	186.089	186.091	186.089	186.090	16	0	4
2026.07.22	02:57:00	186.090	186.092	186.087	186.089	27	0	3
2026.07.22	02:58:00	186.089	186.089	186.072	186.072	89	0	4
2026.07.22	02:59:00	186.072	186.076	186.071	186.071	32	0	4
2026.07.22	03:00:00	186.072	186.079	186.031	186.038	195	0	1
2026.07.22	03:01:00	186.038	186.055	186.038	186.054	136	0	0
2026.07.22	03:02:00	186.054	186.057	186.046	186.050	87	0	0
2026.07.22	03:03:00	186.050	186.061	186.038	186.040	131	0	0
2026.07.22	03:04:00	186.040	186.061	186.040	186.043	140	0	0
2026.07.22	03:05:00	186.043	186.092	186.041	186.079	141	0	0
2026.07.22	03:06:00	186.079	186.087	186.072	186.087	128	0	0
2026.07.22	03:07:00	186.087	186.087	186.075	186.081	62	0	1
2026.07.22	03:08:00	186.081	186.083	186.072	186.072	100	0	3
2026.07.22	03:09:00	186.072	186.073	186.055	186.055	112	0	1
2026.07.22	03:10:00	186.055	186.068	186.047	186.053	106	0	0
2026.07.22	03:11:00	186.053	186.059	186.044	186.047	126	0	1
2026.07.22	03:12:00	186.047	186.048	186.033	186.039	91	0	2
2026.07.22	03:13:00	186.039	186.040	186.016	186.017	120	0	2
2026.07.22	03:14:00	186.017	186.023	186.003	186.011	148	0	0
2026.07.22	03:15:00	186.011	186.023	186.005	186.009	140	0	0
2026.07.22	03:16:00	186.009	186.011	186.000	186.003	165	0	0
2026.07.22	03:17:00	186.003	186.018	186.000	186.015	144	0	1
2026.07.22	03:18:00	186.015	186.025	186.005	186.008	93	0	3
2026.07.22	03:19:00	186.008	186.008	185.996	185.997	77	0	3
2026.07.22	03:20:00	185.997	186.013	185.973	185.974	122	0	0
2026.07.22	03:21:00	185.974	186.004	185.974	185.974	164	0	0
2026.07.22	03:22:00	185.974	185.977	185.962	185.970	101	0	2
2026.07.22	03:23:00	185.970	185.979	185.962	185.977	138	0	2
2026.07.22	03:24:00	185.977	186.006	185.973	186.006	124	0	0
2026.07.22	03:25:00	186.006	186.017	186.002	186.013	100	0	2
2026.07.22	03:26:00	186.013	186.025	186.013	186.019	135	0	1
2026.07.22	03:27:00	186.019	186.037	186.019	186.031	102	0	2
2026.07.22	03:28:00	186.031	186.031	186.016	186.017	84	0	1
2026.07.22	03:29:00	186.017	186.017	185.999	186.004	101	0	0
2026.07.22	03:30:00	186.004	186.013	185.994	186.007	163	0	0
2026.07.22	03:31:00	186.007	186.010	185.996	185.996	134	0	3
2026.07.22	03:32:00	185.996	185.999	185.987	185.999	92	0	1
2026.07.22	03:33:00	185.999	186.002	185.988	185.998	100	0	1
2026.07.22	03:34:00	185.998	186.000	185.988	185.989	85	0	0
2026.07.22	03:35:00	185.988	186.009	185.988	186.009	83	0	0
2026.07.22	03:36:00	186.009	186.014	186.003	186.012	88	0	1
2026.07.22	03:37:00	186.012	186.013	186.002	186.009	113	0	0
2026.07.22	03:38:00	186.009	186.020	186.006	186.018	109	0	3
2026.07.22	03:39:00	186.018	186.024	186.012	186.016	137	0	1
2026.07.22	03:40:00	186.016	186.024	186.014	186.021	79	0	2
2026.07.22	03:41:00	186.022	186.029	186.018	186.029	82	0	1
2026.07.22	03:42:00	186.029	186.032	186.017	186.017	72	0	0
2026.07.22	03:43:00	186.017	186.017	185.993	185.993	107	0	2
2026.07.22	03:44:00	185.993	186.016	185.993	186.011	93	0	2
2026.07.22	03:45:00	186.011	186.026	186.007	186.012	116	0	1
2026.07.22	03:46:00	186.012	186.027	186.011	186.026	79	0	0
2026.07.22	03:47:00	186.026	186.051	186.026	186.046	78	0	2
2026.07.22	03:48:00	186.046	186.052	186.040	186.047	60	0	0
2026.07.22	03:49:00	186.047	186.049	186.036	186.041	81	0	2
2026.07.22	03:50:00	186.040	186.048	186.036	186.042	101	0	1
2026.07.22	03:51:00	186.042	186.045	186.029	186.038	73	0	1
2026.07.22	03:52:00	186.038	186.044	186.029	186.043	82	0	1
2026.07.22	03:53:00	186.043	186.043	186.010	186.018	229	0	0
2026.07.22	03:54:00	186.018	186.050	185.997	186.045	465	0	0
2026.07.22	03:55:00	186.045	186.056	186.034	186.054	214	0	0
2026.07.22	03:56:00	186.054	186.059	186.042	186.042	142	0	3
2026.07.22	03:57:00	186.041	186.050	186.038	186.044	158	0	0
2026.07.22	03:58:00	186.043	186.057	186.043	186.048	123	0	0
2026.07.22	03:59:00	186.048	186.054	186.040	186.041	119	0	2
2026.07.22	04:00:00	186.041	186.066	186.034	186.062	175	0	2
2026.07.22	04:01:00	186.062	186.062	186.043	186.050	201	0	1
2026.07.22	04:02:00	186.050	186.068	186.048	186.067	111	0	3
2026.07.22	04:03:00	186.067	186.071	186.059	186.060	78	0	1
2026.07.22	04:04:00	186.060	186.079	186.056	186.079	88	0	1
2026.07.22	04:05:00	186.079	186.083	186.064	186.073	100	0	2
2026.07.22	04:06:00	186.073	186.078	186.067	186.072	80	0	0
2026.07.22	04:07:00	186.072	186.080	186.072	186.074	75	0	3
2026.07.22	04:08:00	186.074	186.080	186.070	186.078	82	0	1
2026.07.22	04:09:00	186.078	186.080	186.067	186.079	127	0	1
2026.07.22	04:10:00	186.079	186.083	186.070	186.075	72	0	1
2026.07.22	04:11:00	186.075	186.076	186.061	186.067	66	0	1
2026.07.22	04:12:00	186.067	186.076	186.064	186.076	87	0	2
2026.07.22	04:13:00	186.076	186.079	186.069	186.076	75	0	0
2026.07.22	04:14:00	186.076	186.078	186.072	186.075	105	0	1
2026.07.22	04:15:00	186.075	186.076	186.059	186.072	128	0	0
2026.07.22	04:16:00	186.072	186.074	186.067	186.073	92	0	3
2026.07.22	04:17:00	186.073	186.081	186.059	186.059	70	0	0
2026.07.22	04:18:00	186.059	186.062	186.059	186.059	31	0	2
2026.07.22	04:19:00	186.059	186.063	186.052	186.054	45	0	0
2026.07.22	04:20:00	186.054	186.064	186.051	186.060	71	0	2
2026.07.22	04:21:00	186.060	186.065	186.056	186.057	82	0	1
2026.07.22	04:22:00	186.057	186.072	186.057	186.069	86	0	2
2026.07.22	04:23:00	186.069	186.080	186.068	186.080	52	0	0
2026.07.22	04:24:00	186.080	186.081	186.069	186.070	47	0	2
2026.07.22	04:25:00	186.070	186.074	186.068	186.070	50	0	2
2026.07.22	04:26:00	186.070	186.074	186.065	186.068	113	0	1
2026.07.22	04:27:00	186.069	186.071	186.065	186.067	99	0	2
2026.07.22	04:28:00	186.067	186.069	186.064	186.064	101	0	2
2026.07.22	04:29:00	186.064	186.070	186.062	186.069	119	0	1
2026.07.22	04:30:00	186.069	186.075	186.060	186.061	121	0	2
2026.07.22	04:31:00	186.061	186.071	186.058	186.059	85	0	0
2026.07.22	04:32:00	186.059	186.059	186.045	186.049	134	0	1
2026.07.22	04:33:00	186.049	186.050	186.029	186.030	95	0	1
2026.07.22	04:34:00	186.030	186.039	186.028	186.039	127	0	3
2026.07.22	04:35:00	186.039	186.039	186.026	186.026	111	0	0
2026.07.22	04:36:00	186.026	186.027	186.013	186.021	142	0	1
2026.07.22	04:37:00	186.021	186.026	186.018	186.026	93	0	3
2026.07.22	04:38:00	186.026	186.044	186.026	186.038	91	0	0
2026.07.22	04:39:00	186.039	186.040	186.030	186.036	71	0	3
2026.07.22	04:40:00	186.036	186.037	186.027	186.030	51	0	1
2026.07.22	04:41:00	186.030	186.032	186.028	186.030	59	0	2
2026.07.22	04:42:00	186.029	186.033	186.023	186.033	83	0	0
2026.07.22	04:43:00	186.033	186.043	186.032	186.040	70	0	0
2026.07.22	04:44:00	186.040	186.043	186.036	186.041	59	0	1
2026.07.22	04:45:00	186.041	186.049	186.041	186.042	92	0	2
2026.07.22	04:46:00	186.042	186.047	186.040	186.047	66	0	2
2026.07.22	04:47:00	186.047	186.052	186.045	186.051	82	0	1
2026.07.22	04:48:00	186.051	186.056	186.050	186.056	47	0	0
2026.07.22	04:49:00	186.056	186.057	186.044	186.046	101	0	0
2026.07.22	04:50:00	186.046	186.050	186.040	186.041	106	0	2
2026.07.22	04:51:00	186.041	186.054	186.041	186.051	76	0	1
2026.07.22	04:52:00	186.051	186.051	186.045	186.047	39	0	3
2026.07.22	04:53:00	186.047	186.049	186.043	186.045	95	0	1
2026.07.22	04:54:00	186.045	186.049	186.042	186.044	53	0	0
2026.07.22	04:55:00	186.043	186.047	186.040	186.045	75	0	2
2026.07.22	04:56:00	186.045	186.046	186.039	186.040	51	0	2
2026.07.22	04:57:00	186.041	186.051	186.040	186.051	39	0	0
2026.07.22	04:58:00	186.051	186.051	186.045	186.048	38	0	2
2026.07.22	04:59:00	186.048	186.049	186.038	186.040	44	0	1
2026.07.22	05:00:00	186.040	186.048	186.035	186.039	84	0	0
2026.07.22	05:01:00	186.039	186.051	186.038	186.041	73	0	0
2026.07.22	05:02:00	186.041	186.047	186.040	186.046	72	0	3
2026.07.22	05:03:00	186.046	186.051	186.040	186.040	52	0	3
2026.07.22	05:04:00	186.040	186.042	186.037	186.040	61	0	4
2026.07.22	05:05:00	186.040	186.040	186.029	186.030	50	0	4
2026.07.22	05:06:00	186.030	186.036	186.028	186.035	28	0	2
2026.07.22	05:07:00	186.035	186.040	186.032	186.037	38	0	2
2026.07.22	05:08:00	186.037	186.042	186.032	186.039	59	0	4
2026.07.22	05:09:00	186.039	186.054	186.036	186.052	47	0	2
2026.07.22	05:10:00	186.052	186.071	186.049	186.070	72	0	3
2026.07.22	05:11:00	186.070	186.084	186.069	186.076	66	0	3
2026.07.22	05:12:00	186.076	186.083	186.074	186.083	57	0	4
2026.07.22	05:13:00	186.083	186.083	186.075	186.081	55	0	3
2026.07.22	05:14:00	186.081	186.085	186.076	186.084	50	0	3
2026.07.22	05:15:00	186.084	186.084	186.078	186.081	62	0	4
2026.07.22	05:16:00	186.081	186.083	186.078	186.081	28	0	3
2026.07.22	05:17:00	186.081	186.081	186.074	186.075	33	0	3
2026.07.22	05:18:00	186.075	186.082	186.075	186.078	57	0	2
2026.07.22	05:19:00	186.078	186.079	186.071	186.072	33	0	4
2026.07.22	05:20:00	186.072	186.072	186.064	186.070	52	0	2
2026.07.22	05:21:00	186.070	186.073	186.066	186.072	73	0	1
2026.07.22	05:22:00	186.072	186.091	186.072	186.086	78	0	0
2026.07.22	05:23:00	186.086	186.092	186.079	186.091	69	0	1
2026.07.22	05:24:00	186.092	186.092	186.084	186.090	47	0	3
2026.07.22	05:25:00	186.090	186.091	186.079	186.086	57	0	2
2026.07.22	05:26:00	186.086	186.090	186.049	186.049	130	0	3
2026.07.22	05:27:00	186.049	186.067	186.043	186.052	170	0	2
2026.07.22	05:28:00	186.052	186.071	186.051	186.062	131	0	1
2026.07.22	05:29:00	186.062	186.062	186.050	186.057	139	0	3
2026.07.22	05:30:00	186.057	186.057	186.039	186.049	128	0	2
2026.07.22	05:31:00	186.049	186.052	186.044	186.051	73	0	2
2026.07.22	05:32:00	186.051	186.053	186.044	186.052	74	0	1
2026.07.22	05:33:00	186.052	186.067	186.052	186.060	75	0	3
2026.07.22	05:34:00	186.060	186.063	186.055	186.061	66	0	1
2026.07.22	05:35:00	186.061	186.064	186.052	186.057	57	0	2
2026.07.22	05:36:00	186.057	186.058	186.049	186.049	53	0	2
2026.07.22	05:37:00	186.049	186.051	186.040	186.042	64	0	3
2026.07.22	05:38:00	186.042	186.053	186.040	186.049	57	0	1
2026.07.22	05:39:00	186.049	186.051	186.049	186.049	31	0	4
2026.07.22	05:40:00	186.049	186.052	186.047	186.050	57	0	1
2026.07.22	05:41:00	186.050	186.054	186.039	186.041	90	0	1
2026.07.22	05:42:00	186.041	186.048	186.037	186.043	84	0	0
2026.07.22	05:43:00	186.044	186.047	186.042	186.043	74	0	2
2026.07.22	05:44:00	186.043	186.047	186.038	186.047	98	0	2
2026.07.22	05:45:00	186.047	186.056	186.042	186.055	90	0	0
2026.07.22	05:46:00	186.055	186.058	186.051	186.057	102	0	2
2026.07.22	05:47:00	186.057	186.062	186.056	186.062	62	0	2
2026.07.22	05:48:00	186.062	186.062	186.055	186.055	48	0	2
2026.07.22	05:49:00	186.055	186.058	186.043	186.057	87	0	0
2026.07.22	05:50:00	186.057	186.058	186.055	186.057	43	0	4
2026.07.22	05:51:00	186.057	186.061	186.056	186.058	58	0	2
2026.07.22	05:52:00	186.058	186.059	186.051	186.056	63	0	3
2026.07.22	05:53:00	186.056	186.063	186.054	186.062	69	0	0
2026.07.22	05:54:00	186.062	186.065	186.060	186.063	58	0	2
2026.07.22	05:55:00	186.063	186.077	186.060	186.060	90	0	0
2026.07.22	05:56:00	186.060	186.060	186.052	186.053	41	0	1
2026.07.22	05:57:00	186.053	186.062	186.052	186.056	80	0	1
2026.07.22	05:58:00	186.056	186.058	186.052	186.058	76	0	3
2026.07.22	05:59:00	186.058	186.062	186.047	186.048	80	0	0
2026.07.22	06:00:00	186.048	186.081	186.046	186.079	85	0	0
2026.07.22	06:01:00	186.079	186.088	186.079	186.086	92	0	4
2026.07.22	06:02:00	186.086	186.086	186.072	186.072	62	0	0
2026.07.22	06:03:00	186.072	186.072	186.066	186.069	75	0	2
2026.07.22	06:04:00	186.069	186.069	186.063	186.067	62	0	3
2026.07.22	06:05:00	186.067	186.083	186.064	186.082	91	0	0
2026.07.22	06:06:00	186.082	186.095	186.079	186.091	44	0	1
2026.07.22	06:07:00	186.091	186.094	186.087	186.089	53	0	4
2026.07.22	06:08:00	186.089	186.090	186.086	186.088	52	0	4
2026.07.22	06:09:00	186.088	186.089	186.075	186.080	82	0	0
2026.07.22	06:10:00	186.080	186.086	186.076	186.079	93	0	3
2026.07.22	06:11:00	186.079	186.079	186.071	186.077	81	0	3
2026.07.22	06:12:00	186.077	186.077	186.059	186.064	55	0	4
2026.07.22	06:13:00	186.064	186.080	186.064	186.076	68	0	3
2026.07.22	06:14:00	186.076	186.082	186.071	186.077	49	0	3
2026.07.22	06:15:00	186.077	186.087	186.075	186.086	149	0	0
2026.07.22	06:16:00	186.086	186.093	186.083	186.089	106	0	0
2026.07.22	06:17:00	186.089	186.089	186.073	186.076	42	0	1
2026.07.22	06:18:00	186.076	186.097	186.076	186.086	106	0	2
2026.07.22	06:19:00	186.086	186.087	186.082	186.085	62	0	3
2026.07.22	06:20:00	186.085	186.093	186.083	186.093	51	0	0
2026.07.22	06:21:00	186.093	186.099	186.090	186.093	85	0	0
2026.07.22	06:22:00	186.093	186.099	186.091	186.099	54	0	3
2026.07.22	06:23:00	186.099	186.104	186.097	186.098	75	0	2
2026.07.22	06:24:00	186.098	186.101	186.097	186.098	65	0	2
2026.07.22	06:25:00	186.098	186.103	186.097	186.103	51	0	1
2026.07.22	06:26:00	186.103	186.113	186.102	186.113	49	0	3
2026.07.22	06:27:00	186.113	186.114	186.102	186.102	45	0	3
2026.07.22	06:28:00	186.102	186.107	186.093	186.097	67	0	2
2026.07.22	06:29:00	186.097	186.099	186.088	186.091	76	0	2
2026.07.22	06:30:00	186.091	186.100	186.090	186.094	62	0	1
2026.07.22	06:31:00	186.094	186.099	186.080	186.080	71	0	0
2026.07.22	06:32:00	186.080	186.080	186.066	186.072	86	0	2
2026.07.22	06:33:00	186.072	186.075	186.067	186.074	69	0	4
2026.07.22	06:34:00	186.074	186.081	186.073	186.079	44	0	4
2026.07.22	06:35:00	186.079	186.087	186.072	186.072	62	0	0
2026.07.22	06:36:00	186.072	186.084	186.072	186.079	45	0	3
2026.07.22	06:37:00	186.079	186.083	186.076	186.078	44	0	1
2026.07.22	06:38:00	186.078	186.079	186.072	186.072	9	0	0
2026.07.22	06:39:00	186.072	186.073	186.064	186.071	40	0	4
2026.07.22	06:40:00	186.071	186.084	186.069	186.081	72	0	1
2026.07.22	06:41:00	186.081	186.081	186.069	186.078	50	0	3
2026.07.22	06:42:00	186.078	186.082	186.076	186.082	23	0	4
2026.07.22	06:43:00	186.082	186.082	186.076	186.078	52	0	3
2026.07.22	06:44:00	186.078	186.081	186.078	186.079	40	0	3
2026.07.22	06:45:00	186.079	186.087	186.078	186.087	39	0	2
2026.07.22	06:46:00	186.087	186.090	186.082	186.088	60	0	4
2026.07.22	06:47:00	186.088	186.090	186.081	186.082	38	0	2
2026.07.22	06:48:00	186.082	186.093	186.080	186.091	51	0	0
2026.07.22	06:49:00	186.091	186.100	186.088	186.100	74	0	3
2026.07.22	06:50:00	186.100	186.111	186.097	186.108	56	0	3
2026.07.22	06:51:00	186.108	186.108	186.100	186.100	53	0	2
2026.07.22	06:52:00	186.100	186.108	186.099	186.107	64	0	2
2026.07.22	06:53:00	186.107	186.109	186.105	186.106	43	0	2
2026.07.22	06:54:00	186.107	186.109	186.090	186.107	72	0	0
2026.07.22	06:55:00	186.107	186.109	186.092	186.098	148	0	3
2026.07.22	06:56:00	186.098	186.101	186.097	186.100	39	0	4
2026.07.22	06:57:00	186.100	186.115	186.099	186.114	70	0	1
2026.07.22	06:58:00	186.114	186.117	186.109	186.115	54	0	0
2026.07.22	06:59:00	186.115	186.122	186.115	186.118	57	0	3
2026.07.22	07:00:00	186.118	186.122	186.117	186.118	45	0	4
2026.07.22	07:01:00	186.118	186.118	186.113	186.116	28	0	4
2026.07.22	07:02:00	186.116	186.122	186.116	186.121	33	0	0
2026.07.22	07:03:00	186.121	186.121	186.113	186.117	70	0	0
2026.07.22	07:04:00	186.117	186.121	186.105	186.107	89	0	1
2026.07.22	07:05:00	186.107	186.121	186.106	186.117	78	0	4
2026.07.22	07:06:00	186.117	186.117	186.103	186.103	87	0	4
2026.07.22	07:07:00	186.103	186.112	186.102	186.111	66	0	0
2026.07.22	07:08:00	186.111	186.114	186.108	186.112	30	0	4
2026.07.22	07:09:00	186.112	186.121	186.111	186.121	49	0	4
2026.07.22	07:10:00	186.121	186.127	186.120	186.123	98	0	1
2026.07.22	07:11:00	186.123	186.130	186.117	186.127	65	0	0
2026.07.22	07:12:00	186.127	186.127	186.118	186.120	61	0	3
2026.07.22	07:13:00	186.120	186.138	186.120	186.135	105	0	3
2026.07.22	07:14:00	186.135	186.135	186.130	186.130	50	0	4
2026.07.22	07:15:00	186.130	186.137	186.127	186.135	56	0	2
2026.07.22	07:16:00	186.135	186.136	186.131	186.131	55	0	4
2026.07.22	07:17:00	186.131	186.137	186.129	186.129	43	0	0
2026.07.22	07:18:00	186.129	186.133	186.128	186.130	44	0	2
2026.07.22	07:19:00	186.130	186.130	186.126	186.126	39	0	4
2026.07.22	07:20:00	186.126	186.131	186.124	186.127	47	0	1
2026.07.22	07:21:00	186.127	186.130	186.126	186.128	41	0	4
2026.07.22	07:22:00	186.128	186.139	186.123	186.138	73	0	1
2026.07.22	07:23:00	186.138	186.142	186.136	186.141	39	0	0
2026.07.22	07:24:00	186.141	186.152	186.140	186.151	29	0	0
2026.07.22	07:25:00	186.151	186.151	186.136	186.137	76	0	0
2026.07.22	07:26:00	186.137	186.138	186.130	186.130	52	0	3
2026.07.22	07:27:00	186.130	186.141	186.127	186.140	48	0	0
2026.07.22	07:28:00	186.140	186.140	186.135	186.138	49	0	4
2026.07.22	07:29:00	186.138	186.141	186.138	186.140	46	0	4
2026.07.22	07:30:00	186.140	186.144	186.135	186.139	60	0	0
2026.07.22	07:31:00	186.139	186.143	186.139	186.143	31	0	4
2026.07.22	07:32:00	186.143	186.144	186.139	186.140	25	0	4
2026.07.22	07:33:00	186.140	186.144	186.135	186.135	27	0	1
2026.07.22	07:34:00	186.135	186.136	186.130	186.133	38	0	2
2026.07.22	07:35:00	186.133	186.138	186.130	186.131	33	0	2
2026.07.22	07:36:00	186.131	186.136	186.131	186.134	44	0	2
2026.07.22	07:37:00	186.134	186.134	186.131	186.132	27	0	4
2026.07.22	07:38:00	186.132	186.134	186.131	186.133	20	0	4
2026.07.22	07:39:00	186.133	186.134	186.129	186.133	21	0	3
2026.07.22	07:40:00	186.133	186.134	186.132	186.132	36	0	3
2026.07.22	07:41:00	186.132	186.139	186.123	186.134	86	0	0
2026.07.22	07:42:00	186.134	186.141	186.133	186.134	35	0	4
2026.07.22	07:43:00	186.134	186.134	186.127	186.129	45	0	4
2026.07.22	07:44:00	186.129	186.133	186.129	186.131	13	0	4
2026.07.22	07:45:00	186.131	186.133	186.124	186.128	46	0	3
2026.07.22	07:46:00	186.128	186.128	186.120	186.120	42	0	1
2026.07.22	07:47:00	186.120	186.127	186.120	186.126	15	0	0
2026.07.22	07:48:00	186.126	186.133	186.126	186.133	20	0	1
2026.07.22	07:49:00	186.130	186.136	186.130	186.134	35	0	3
2026.07.22	07:50:00	186.134	186.137	186.129	186.134	32	0	1
2026.07.22	07:51:00	186.134	186.138	186.133	186.137	30	0	4
2026.07.22	07:52:00	186.137	186.137	186.135	186.135	17	0	4
2026.07.22	07:53:00	186.135	186.142	186.134	186.141	52	0	1
2026.07.22	07:54:00	186.141	186.141	186.136	186.136	22	0	3
2026.07.22	07:55:00	186.136	186.141	186.133	186.137	48	0	1
2026.07.22	07:56:00	186.137	186.143	186.137	186.143	43	0	2
2026.07.22	07:57:00	186.143	186.143	186.137	186.141	36	0	2
2026.07.22	07:58:00	186.141	186.153	186.140	186.153	60	0	1
2026.07.22	07:59:00	186.153	186.160	186.151	186.152	38	0	0
2026.07.22	08:00:00	186.151	186.157	186.145	186.146	29	0	0
2026.07.22	08:01:00	186.146	186.147	186.141	186.144	25	0	0
2026.07.22	08:02:00	186.144	186.154	186.143	186.152	34	0	1
2026.07.22	08:03:00	186.152	186.163	186.145	186.162	24	0	0
2026.07.22	08:04:00	186.162	186.166	186.159	186.161	17	0	0
2026.07.22	08:05:00	186.161	186.163	186.153	186.156	24	0	0
2026.07.22	08:06:00	186.156	186.159	186.148	186.149	26	0	1
2026.07.22	08:07:00	186.149	186.162	186.149	186.161	26	0	0
2026.07.22	08:08:00	186.161	186.161	186.148	186.150	44	0	0
2026.07.22	08:09:00	186.150	186.150	186.145	186.148	25	0	1
2026.07.22	08:10:00	186.148	186.155	186.148	186.154	20	0	1
2026.07.22	08:11:00	186.154	186.161	186.151	186.151	53	0	0
2026.07.22	08:12:00	186.151	186.155	186.138	186.140	49	0	0
2026.07.22	08:13:00	186.140	186.143	186.129	186.129	35	0	0
2026.07.22	08:14:00	186.129	186.137	186.127	186.137	34	0	1
2026.07.22	08:15:00	186.137	186.142	186.133	186.139	39	0	0
2026.07.22	08:16:00	186.139	186.139	186.132	186.132	35	0	1
2026.07.22	08:17:00	186.132	186.134	186.130	186.131	33	0	0
2026.07.22	08:18:00	186.131	186.133	186.128	186.130	25	0	0
2026.07.22	08:19:00	186.130	186.134	186.130	186.131	30	0	1
2026.07.22	08:20:00	186.131	186.134	186.129	186.131	48	0	1
2026.07.22	08:21:00	186.131	186.145	186.131	186.143	20	0	0
2026.07.22	08:22:00	186.143	186.152	186.143	186.152	26	0	0
2026.07.22	08:23:00	186.152	186.152	186.139	186.141	78	0	0
2026.07.22	08:24:00	186.141	186.146	186.141	186.144	26	0	1
2026.07.22	08:25:00	186.144	186.149	186.142	186.146	35	0	0
2026.07.22	08:26:00	186.146	186.152	186.146	186.151	28	0	0
2026.07.22	08:27:00	186.151	186.155	186.141	186.141	42	0	0
2026.07.22	08:28:00	186.142	186.142	186.132	186.133	39	0	1
2026.07.22	08:29:00	186.133	186.136	186.132	186.133	19	0	1
2026.07.22	08:30:00	186.133	186.139	186.129	186.133	47	0	0
2026.07.22	08:31:00	186.133	186.142	186.131	186.141	54	0	0
2026.07.22	08:32:00	186.141	186.143	186.133	186.137	82	0	1
2026.07.22	08:33:00	186.137	186.139	186.125	186.126	23	0	1
2026.07.22	08:34:00	186.126	186.133	186.123	186.133	42	0	0
2026.07.22	08:35:00	186.133	186.135	186.128	186.130	31	0	0
2026.07.22	08:36:00	186.130	186.134	186.117	186.121	67	0	0
2026.07.22	08:37:00	186.121	186.125	186.119	186.122	27	0	2
2026.07.22	08:38:00	186.122	186.126	186.121	186.122	37	0	0
2026.07.22	08:39:00	186.122	186.125	186.116	186.125	58	0	1
2026.07.22	08:40:00	186.125	186.126	186.108	186.114	60	0	0
2026.07.22	08:41:00	186.114	186.117	186.108	186.110	82	0	0
2026.07.22	08:42:00	186.110	186.110	186.093	186.094	49	0	0
2026.07.22	08:43:00	186.094	186.106	186.094	186.102	55	0	0
2026.07.22	08:44:00	186.102	186.113	186.099	186.109	71	0	0
2026.07.22	08:45:00	186.109	186.111	186.099	186.099	84	0	0
2026.07.22	08:46:00	186.099	186.100	186.087	186.097	68	0	0
2026.07.22	08:47:00	186.097	186.112	186.097	186.110	51	0	0
2026.07.22	08:48:00	186.110	186.111	186.107	186.109	78	0	0
2026.07.22	08:49:00	186.109	186.109	186.093	186.098	70	0	1
2026.07.22	08:50:00	186.098	186.102	186.092	186.102	42	0	1
2026.07.22	08:51:00	186.101	186.123	186.101	186.121	50	0	0
2026.07.22	08:52:00	186.121	186.124	186.116	186.121	49	0	0
2026.07.22	08:53:00	186.121	186.138	186.120	186.137	50	0	0
2026.07.22	08:54:00	186.137	186.139	186.127	186.128	39	0	0
2026.07.22	08:55:00	186.128	186.135	186.077	186.090	176	0	0
2026.07.22	08:56:00	186.090	186.101	186.072	186.082	141	0	0
2026.07.22	08:57:00	186.082	186.084	186.053	186.053	74	0	0
2026.07.22	08:58:00	186.053	186.078	186.048	186.078	52	0	0
2026.07.22	08:59:00	186.078	186.080	186.066	186.076	107	0	0
2026.07.22	09:00:00	186.076	186.085	186.056	186.070	166	0	0
2026.07.22	09:01:00	186.071	186.075	186.055	186.067	85	0	0
2026.07.22	09:02:00	186.067	186.131	186.066	186.131	112	0	0
2026.07.22	09:03:00	186.131	186.139	186.114	186.133	169	0	0
2026.07.22	09:04:00	186.133	186.134	186.109	186.121	116	0	0
2026.07.22	09:05:00	186.121	186.124	186.095	186.113	141	0	0
2026.07.22	09:06:00	186.113	186.114	186.091	186.095	87	0	0
2026.07.22	09:07:00	186.095	186.099	186.088	186.097	69	0	0
2026.07.22	09:08:00	186.097	186.099	186.086	186.089	85	0	0
2026.07.22	09:09:00	186.089	186.094	186.077	186.077	83	0	0
2026.07.22	09:10:00	186.077	186.078	186.052	186.059	130	0	0
2026.07.22	09:11:00	186.059	186.077	186.058	186.073	108	0	0
2026.07.22	09:12:00	186.073	186.108	186.073	186.102	114	0	0
2026.07.22	09:13:00	186.102	186.110	186.099	186.105	98	0	0
2026.07.22	09:14:00	186.105	186.117	186.094	186.097	95	0	0
2026.07.22	09:15:00	186.097	186.107	186.094	186.105	62	0	0
2026.07.22	09:16:00	186.105	186.120	186.105	186.117	75	0	0
2026.07.22	09:17:00	186.117	186.125	186.113	186.123	35	0	1
2026.07.22	09:18:00	186.124	186.132	186.119	186.124	73	0	0
2026.07.22	09:19:00	186.124	186.129	186.111	186.120	89	0	0
2026.07.22	09:20:00	186.120	186.135	186.101	186.106	122	0	0
2026.07.22	09:21:00	186.106	186.108	186.085	186.098	94	0	0
2026.07.22	09:22:00	186.098	186.119	186.098	186.107	68	0	0
2026.07.22	09:23:00	186.106	186.108	186.096	186.098	97	0	0
2026.07.22	09:24:00	186.098	186.110	186.093	186.110	101	0	0
2026.07.22	09:25:00	186.110	186.114	186.105	186.106	108	0	0
2026.07.22	09:26:00	186.106	186.108	186.094	186.104	121	0	0
2026.07.22	09:27:00	186.104	186.119	186.103	186.114	120	0	0
2026.07.22	09:28:00	186.114	186.114	186.091	186.093	113	0	0
2026.07.22	09:29:00	186.093	186.097	186.077	186.083	104	0	0
2026.07.22	09:30:00	186.083	186.092	186.065	186.070	119	0	0
2026.07.22	09:31:00	186.071	186.106	186.069	186.104	82	0	0
2026.07.22	09:32:00	186.104	186.122	186.099	186.121	91	0	0
2026.07.22	09:33:00	186.121	186.124	186.092	186.107	93	0	0
2026.07.22	09:34:00	186.106	186.118	186.105	186.111	107	0	0
2026.07.22	09:35:00	186.111	186.132	186.110	186.132	89	0	0
2026.07.22	09:36:00	186.132	186.132	186.119	186.120	83	0	0
2026.07.22	09:37:00	186.120	186.123	186.110	186.122	93	0	0
2026.07.22	09:38:00	186.122	186.130	186.113	186.127	89	0	0
2026.07.22	09:39:00	186.127	186.133	186.122	186.125	40	0	0
2026.07.22	09:40:00	186.125	186.129	186.118	186.125	38	0	0
2026.07.22	09:41:00	186.125	186.148	186.119	186.146	45	0	0
2026.07.22	09:42:00	186.146	186.149	186.140	186.146	52	0	0
2026.07.22	09:43:00	186.146	186.154	186.137	186.146	76	0	0
2026.07.22	09:44:00	186.146	186.148	186.137	186.138	51	0	0
2026.07.22	09:45:00	186.139	186.145	186.137	186.143	78	0	0
2026.07.22	09:46:00	186.143	186.146	186.138	186.144	53	0	0
2026.07.22	09:47:00	186.144	186.148	186.138	186.143	39	0	0
2026.07.22	09:48:00	186.143	186.143	186.137	186.138	33	0	0
2026.07.22	09:49:00	186.138	186.151	186.134	186.148	54	0	0
2026.07.22	09:50:00	186.148	186.153	186.141	186.143	65	0	0
2026.07.22	09:51:00	186.143	186.163	186.130	186.161	73	0	0
2026.07.22	09:52:00	186.161	186.167	186.156	186.167	54	0	0
2026.07.22	09:53:00	186.166	186.167	186.152	186.154	39	0	0
2026.07.22	09:54:00	186.154	186.154	186.128	186.130	65	0	0
2026.07.22	09:55:00	186.130	186.130	186.098	186.110	106	0	0
2026.07.22	09:56:00	186.110	186.122	186.108	186.119	68	0	0
2026.07.22	09:57:00	186.119	186.122	186.095	186.103	96	0	0
2026.07.22	09:58:00	186.103	186.117	186.099	186.115	101	0	0
2026.07.22	09:59:00	186.115	186.125	186.111	186.120	95	0	0
2026.07.22	10:00:00	186.120	186.135	186.113	186.133	116	0	0
2026.07.22	10:01:00	186.133	186.134	186.103	186.105	123	0	0
2026.07.22	10:02:00	186.105	186.112	186.086	186.090	109	0	0
2026.07.22	10:03:00	186.090	186.095	186.075	186.082	79	0	0
2026.07.22	10:04:00	186.082	186.109	186.082	186.105	82	0	0
2026.07.22	10:05:00	186.105	186.109	186.097	186.099	71	0	0
2026.07.22	10:06:00	186.099	186.105	186.096	186.100	68	0	0
2026.07.22	10:07:00	186.100	186.121	186.099	186.120	61	0	0
2026.07.22	10:08:00	186.120	186.121	186.111	186.113	51	0	0
2026.07.22	10:09:00	186.113	186.122	186.108	186.116	63	0	0
2026.07.22	10:10:00	186.115	186.127	186.111	186.127	56	0	0
2026.07.22	10:11:00	186.127	186.127	186.093	186.093	86	0	0
2026.07.22	10:12:00	186.093	186.102	186.090	186.094	94	0	0
2026.07.22	10:13:00	186.094	186.101	186.089	186.094	57	0	0
2026.07.22	10:14:00	186.093	186.130	186.093	186.122	99	0	0
2026.07.22	10:15:00	186.122	186.130	186.110	186.120	80	0	0
2026.07.22	10:16:00	186.120	186.132	186.118	186.128	100	0	0
2026.07.22	10:17:00	186.128	186.129	186.121	186.125	61	0	0
2026.07.22	10:18:00	186.125	186.145	186.123	186.139	84	0	0
2026.07.22	10:19:00	186.139	186.157	186.139	186.151	55	0	0
2026.07.22	10:20:00	186.153	186.167	186.153	186.165	66	0	0
2026.07.22	10:21:00	186.165	186.170	186.148	186.153	77	0	0
2026.07.22	10:22:00	186.153	186.162	186.149	186.152	63	0	0
2026.07.22	10:23:00	186.154	186.171	186.151	186.169	63	0	0
2026.07.22	10:24:00	186.169	186.174	186.152	186.153	116	0	0
2026.07.22	10:25:00	186.153	186.171	186.146	186.151	95	0	0
2026.07.22	10:26:00	186.150	186.167	186.149	186.164	75	0	0
2026.07.22	10:27:00	186.164	186.183	186.164	186.181	94	0	0
2026.07.22	10:28:00	186.181	186.189	186.170	186.186	81	0	0
2026.07.22	10:29:00	186.186	186.188	186.174	186.183	92	0	0
2026.07.22	10:30:00	186.183	186.184	185.744	185.969	848	0	0
2026.07.22	10:31:00	185.969	185.986	185.879	185.938	495	0	0
2026.07.22	10:32:00	185.938	185.967	185.922	185.933	255	0	0
2026.07.22	10:33:00	185.933	185.975	185.931	185.969	191	0	0
2026.07.22	10:34:00	185.969	185.970	185.944	185.957	146	0	0
2026.07.22	10:35:00	185.957	185.994	185.957	185.989	134	0	0
2026.07.22	10:36:00	185.988	186.000	185.961	185.966	147	0	0
2026.07.22	10:37:00	185.966	185.991	185.954	185.991	140	0	0
2026.07.22	10:38:00	185.991	185.992	185.961	185.970	119	0	0
2026.07.22	10:39:00	185.970	185.972	185.923	185.925	150	0	0
2026.07.22	10:40:00	185.925	185.940	185.907	185.909	175	0	0
2026.07.22	10:41:00	185.909	185.910	185.842	185.850	194	0	0
2026.07.22	10:42:00	185.850	185.857	185.826	185.837	144	0	0
2026.07.22	10:43:00	185.837	185.862	185.837	185.853	101	0	0
2026.07.22	10:44:00	185.853	185.871	185.834	185.865	163	0	0
2026.07.22	10:45:00	185.865	185.875	185.857	185.862	172	0	0
2026.07.22	10:46:00	185.862	185.865	185.840	185.852	143	0	0
2026.07.22	10:47:00	185.852	185.855	185.823	185.826	101	0	0
2026.07.22	10:48:00	185.826	185.854	185.823	185.836	170	0	0
2026.07.22	10:49:00	185.836	185.837	185.818	185.828	131	0	0
2026.07.22	10:50:00	185.828	185.858	185.828	185.845	126	0	0
2026.07.22	10:51:00	185.845	185.850	185.824	185.829	151	0	0
2026.07.22	10:52:00	185.829	185.846	185.814	185.845	105	0	0
2026.07.22	10:53:00	185.845	185.863	185.845	185.855	174	0	0
2026.07.22	10:54:00	185.855	185.880	185.855	185.878	112	0	0
2026.07.22	10:55:00	185.878	185.883	185.872	185.883	54	0	0
2026.07.22	10:56:00	185.883	185.911	185.872	185.892	110	0	0
2026.07.22	10:57:00	185.892	185.910	185.886	185.907	115	0	0
2026.07.22	10:58:00	185.907	185.913	185.900	185.903	108	0	0
2026.07.22	10:59:00	185.903	185.916	185.902	185.908	95	0	0
2026.07.22	11:00:00	185.908	185.913	185.859	185.860	152	0	0
2026.07.22	11:01:00	185.860	185.883	185.860	185.878	151	0	0
2026.07.22	11:02:00	185.878	185.895	185.878	185.895	104	0	0
2026.07.22	11:03:00	185.895	185.926	185.887	185.917	98	0	0
2026.07.22	11:04:00	185.917	185.921	185.894	185.895	124	0	0
2026.07.22	11:05:00	185.895	185.902	185.885	185.902	98	0	0
2026.07.22	11:06:00	185.902	185.923	185.902	185.912	102	0	0
2026.07.22	11:07:00	185.912	185.936	185.904	185.933	104	0	0
2026.07.22	11:08:00	185.934	185.978	185.930	185.944	164	0	0
2026.07.22	11:09:00	185.944	185.969	185.939	185.963	145	0	0
2026.07.22	11:10:00	185.963	185.968	185.945	185.962	112	0	0
2026.07.22	11:11:00	185.962	185.975	185.962	185.969	83	0	0
2026.07.22	11:12:00	185.969	185.980	185.952	185.973	129	0	0
2026.07.22	11:13:00	185.973	185.996	185.966	185.991	116	0	0
2026.07.22	11:14:00	185.991	185.994	185.963	185.972	104	0	0
2026.07.22	11:15:00	185.972	186.007	185.968	186.002	141	0	0
2026.07.22	11:16:00	186.002	186.023	185.997	186.015	150	0	0
2026.07.22	11:17:00	186.016	186.053	186.012	186.049	113	0	0
2026.07.22	11:18:00	186.049	186.049	186.025	186.030	102	0	0
2026.07.22	11:19:00	186.030	186.039	186.009	186.015	100	0	0
2026.07.22	11:20:00	186.015	186.029	186.004	186.027	109	0	0
2026.07.22	11:21:00	186.027	186.048	186.026	186.044	71	0	0
2026.07.22	11:22:00	186.044	186.053	186.035	186.040	58	0	0
2026.07.22	11:23:00	186.040	186.055	186.039	186.051	43	0	0
2026.07.22	11:24:00	186.051	186.058	186.048	186.048	74	0	0
2026.07.22	11:25:00	186.048	186.049	186.030	186.033	72	0	0
2026.07.22	11:26:00	186.033	186.040	186.022	186.029	107	0	0
2026.07.22	11:27:00	186.029	186.035	186.019	186.023	119	0	0
2026.07.22	11:28:00	186.023	186.041	186.023	186.040	96	0	0
2026.07.22	11:29:00	186.040	186.046	186.032	186.040	103	0	0
2026.07.22	11:30:00	186.040	186.048	186.033	186.047	118	0	0
2026.07.22	11:31:00	186.047	186.049	186.035	186.046	113	0	0
2026.07.22	11:32:00	186.047	186.053	186.037	186.037	76	0	0
2026.07.22	11:33:00	186.037	186.041	186.026	186.035	91	0	0
2026.07.22	11:34:00	186.035	186.038	186.017	186.029	132	0	0
2026.07.22	11:35:00	186.029	186.031	186.014	186.020	102	0	0
2026.07.22	11:36:00	186.020	186.020	185.994	185.998	126	0	0
2026.07.22	11:37:00	185.998	186.019	185.998	186.017	87	0	0
2026.07.22	11:38:00	186.017	186.018	186.003	186.013	77	0	0
2026.07.22	11:39:00	186.013	186.023	186.011	186.013	62	0	0
2026.07.22	11:40:00	186.013	186.037	186.013	186.036	82	0	0
2026.07.22	11:41:00	186.036	186.059	186.033	186.052	81	0	0
2026.07.22	11:42:00	186.052	186.058	186.021	186.023	100	0	0
2026.07.22	11:43:00	186.023	186.028	186.019	186.025	82	0	0
2026.07.22	11:44:00	186.025	186.029	186.018	186.019	59	0	0
2026.07.22	11:45:00	186.019	186.026	186.006	186.012	97	0	0
2026.07.22	11:46:00	186.012	186.023	186.005	186.022	71	0	0
2026.07.22	11:47:00	186.022	186.031	186.011	186.028	60	0	0
2026.07.22	11:48:00	186.028	186.029	185.997	186.004	60	0	0
2026.07.22	11:49:00	186.004	186.012	186.000	186.010	69	0	0
2026.07.22	11:50:00	186.010	186.012	185.998	185.998	42	0	0
2026.07.22	11:51:00	185.998	186.003	185.995	185.999	65	0	0
2026.07.22	11:52:00	185.999	186.009	185.994	186.004	62	0	0
2026.07.22	11:53:00	186.004	186.004	185.992	185.993	31	0	0
2026.07.22	11:54:00	185.993	185.996	185.988	185.992	49	0	0
2026.07.22	11:55:00	185.992	185.992	185.980	185.982	52	0	0
2026.07.22	11:56:00	185.982	185.982	185.959	185.960	58	0	0
2026.07.22	11:57:00	185.960	185.962	185.950	185.951	72	0	0
2026.07.22	11:58:00	185.951	185.954	185.933	185.943	150	0	0
2026.07.22	11:59:00	185.943	185.949	185.931	185.935	99	0	0
2026.07.22	12:00:00	185.935	185.966	185.933	185.956	140	0	0
2026.07.22	12:01:00	185.956	185.969	185.944	185.968	81	0	0
2026.07.22	12:02:00	185.968	185.968	185.948	185.953	101	0	0
2026.07.22	12:03:00	185.953	185.966	185.948	185.954	132	0	0
2026.07.22	12:04:00	185.954	185.963	185.949	185.949	108	0	0
2026.07.22	12:05:00	185.950	185.958	185.938	185.955	86	0	0
2026.07.22	12:06:00	185.955	185.966	185.950	185.950	85	0	0
2026.07.22	12:07:00	185.950	185.978	185.949	185.978	90	0	0
2026.07.22	12:08:00	185.978	185.985	185.971	185.979	105	0	0
2026.07.22	12:09:00	185.979	185.980	185.961	185.962	82	0	0
2026.07.22	12:10:00	185.962	185.965	185.951	185.962	70	0	0
2026.07.22	12:11:00	185.962	185.969	185.947	185.950	127	0	0
2026.07.22	12:12:00	185.950	185.956	185.939	185.943	93	0	0
2026.07.22	12:13:00	185.943	185.959	185.941	185.954	66	0	0
2026.07.22	12:14:00	185.954	185.965	185.946	185.955	57	0	0
2026.07.22	12:15:00	185.955	185.958	185.945	185.953	74	0	0
2026.07.22	12:16:00	185.953	185.957	185.936	185.942	89	0	0
2026.07.22	12:17:00	185.942	185.944	185.929	185.936	68	0	0
2026.07.22	12:18:00	185.936	185.937	185.924	185.930	103	0	0
2026.07.22	12:19:00	185.930	185.948	185.929	185.940	115	0	0
2026.07.22	12:20:00	185.940	185.952	185.935	185.942	92	0	0
2026.07.22	12:21:00	185.941	185.943	185.933	185.933	111	0	0
2026.07.22	12:22:00	185.933	185.938	185.923	185.935	101	0	0
2026.07.22	12:23:00	185.935	185.949	185.934	185.943	85	0	0
2026.07.22	12:24:00	185.943	185.954	185.943	185.951	51	0	0
2026.07.22	12:25:00	185.951	185.959	185.947	185.951	52	0	0
2026.07.22	12:26:00	185.951	185.951	185.928	185.928	45	0	0
2026.07.22	12:27:00	185.928	185.944	185.927	185.942	62	0	0
2026.07.22	12:28:00	185.942	185.947	185.941	185.943	75	0	0
2026.07.22	12:29:00	185.944	185.948	185.939	185.946	72	0	0
2026.07.22	12:30:00	185.946	185.962	185.945	185.959	96	0	0
2026.07.22	12:31:00	185.959	185.974	185.957	185.970	61	0	0
2026.07.22	12:32:00	185.970	185.998	185.970	185.987	121	0	0
2026.07.22	12:33:00	185.987	186.016	185.985	186.014	123	0	0
2026.07.22	12:34:00	186.014	186.032	186.013	186.030	81	0	0
2026.07.22	12:35:00	186.030	186.031	186.020	186.022	72	0	0
2026.07.22	12:36:00	186.022	186.033	186.017	186.023	73	0	0
2026.07.22	12:37:00	186.023	186.026	186.014	186.024	71	0	0
2026.07.22	12:38:00	186.024	186.025	186.013	186.022	67	0	0
2026.07.22	12:39:00	186.022	186.022	186.003	186.016	84	0	0
2026.07.22	12:40:00	186.016	186.023	186.011	186.011	76	0	0
2026.07.22	12:41:00	186.010	186.011	185.981	185.988	100	0	0
2026.07.22	12:42:00	185.988	185.993	185.964	185.966	94	0	0
2026.07.22	12:43:00	185.966	185.981	185.966	185.971	92	0	0
2026.07.22	12:44:00	185.971	185.972	185.962	185.963	37	0	0
2026.07.22	12:45:00	185.963	185.970	185.953	185.961	101	0	0
2026.07.22	12:46:00	185.961	185.965	185.952	185.955	82	0	1
2026.07.22	12:47:00	185.955	185.972	185.955	185.966	112	0	0
2026.07.22	12:48:00	185.966	185.966	185.952	185.957	96	0	0
2026.07.22	12:49:00	185.957	185.961	185.950	185.953	78	0	0
2026.07.22	12:50:00	185.953	185.954	185.937	185.945	81	0	0
2026.07.22	12:51:00	185.945	185.955	185.930	185.936	86	0	0
2026.07.22	12:52:00	185.936	185.956	185.933	185.952	65	0	0
2026.07.22	12:53:00	185.952	185.963	185.946	185.963	79	0	0
2026.07.22	12:54:00	185.963	185.971	185.960	185.971	64	0	0
2026.07.22	12:55:00	185.974	185.976	185.951	185.957	78	0	0
2026.07.22	12:56:00	185.957	185.964	185.948	185.961	84	0	0
2026.07.22	12:57:00	185.961	185.961	185.946	185.956	101	0	0
2026.07.22	12:58:00	185.956	185.959	185.938	185.940	81	0	0
2026.07.22	12:59:00	185.940	185.945	185.933	185.936	80	0	0
2026.07.22	13:00:00	185.936	185.940	185.916	185.928	129	0	0
2026.07.22	13:01:00	185.927	185.944	185.923	185.935	96	0	0
2026.07.22	13:02:00	185.935	185.943	185.927	185.928	100	0	0
2026.07.22	13:03:00	185.928	185.932	185.906	185.922	134	0	0
2026.07.22	13:04:00	185.922	185.922	185.901	185.904	95	0	0
2026.07.22	13:05:00	185.905	185.921	185.889	185.921	87	0	0
2026.07.22	13:06:00	185.921	185.932	185.918	185.932	68	0	0
2026.07.22	13:07:00	185.931	185.938	185.928	185.937	58	0	0
2026.07.22	13:08:00	185.937	185.941	185.920	185.924	53	0	0
2026.07.22	13:09:00	185.924	185.932	185.917	185.922	48	0	0
2026.07.22	13:10:00	185.922	185.924	185.910	185.911	64	0	0
2026.07.22	13:11:00	185.911	185.936	185.911	185.936	64	0	0
2026.07.22	13:12:00	185.936	185.948	185.935	185.947	88	0	0
2026.07.22	13:13:00	185.947	185.955	185.947	185.949	71	0	0
2026.07.22	13:14:00	185.949	185.961	185.949	185.955	69	0	0
2026.07.22	13:15:00	185.955	185.957	185.939	185.943	80	0	0
2026.07.22	13:16:00	185.943	185.961	185.940	185.953	89	0	0
2026.07.22	13:17:00	185.954	185.967	185.953	185.961	75	0	0
2026.07.22	13:18:00	185.961	185.975	185.959	185.975	57	0	0
2026.07.22	13:19:00	185.975	185.989	185.973	185.989	69	0	0
2026.07.22	13:20:00	185.989	185.989	185.975	185.979	116	0	0
2026.07.22	13:21:00	185.980	185.992	185.980	185.988	59	0	0
2026.07.22	13:22:00	185.988	185.995	185.986	185.991	90	0	0
2026.07.22	13:23:00	185.991	186.000	185.991	185.997	62	0	0
2026.07.22	13:24:00	185.997	186.010	185.997	185.998	108	0	0
2026.07.22	13:25:00	185.998	185.998	185.979	185.980	51	0	0
2026.07.22	13:26:00	185.980	185.987	185.980	185.981	45	0	0
2026.07.22	13:27:00	185.981	185.981	185.959	185.960	44	0	0
2026.07.22	13:28:00	185.960	185.964	185.954	185.960	47	0	0
2026.07.22	13:29:00	185.960	185.961	185.951	185.951	55	0	0
2026.07.22	13:30:00	185.951	185.960	185.949	185.953	44	0	0
2026.07.22	13:31:00	185.953	185.955	185.941	185.942	64	0	0
2026.07.22	13:32:00	185.942	185.963	185.940	185.958	79	0	0
2026.07.22	13:33:00	185.958	185.962	185.953	185.962	56	0	0
2026.07.22	13:34:00	185.962	185.965	185.943	185.943	59	0	0
2026.07.22	13:35:00	185.943	185.943	185.909	185.919	94	0	0
2026.07.22	13:36:00	185.921	185.936	185.917	185.933	81	0	1
2026.07.22	13:37:00	185.933	185.937	185.925	185.935	61	0	0
2026.07.22	13:38:00	185.935	185.936	185.926	185.928	58	0	0
2026.07.22	13:39:00	185.928	185.938	185.924	185.930	92	0	0
2026.07.22	13:40:00	185.930	185.944	185.928	185.938	99	0	0
2026.07.22	13:41:00	185.938	185.942	185.932	185.939	50	0	0
2026.07.22	13:42:00	185.939	185.946	185.934	185.934	59	0	0
2026.07.22	13:43:00	185.934	185.939	185.932	185.938	33	0	1
2026.07.22	13:44:00	185.938	185.941	185.932	185.940	51	0	0
2026.07.22	13:45:00	185.940	185.944	185.935	185.944	68	0	0
2026.07.22	13:46:00	185.944	185.949	185.936	185.945	52	0	0
2026.07.22	13:47:00	185.945	185.958	185.943	185.943	42	0	0
2026.07.22	13:48:00	185.943	185.964	185.943	185.964	40	0	0
2026.07.22	13:49:00	185.964	185.973	185.960	185.971	40	0	0
2026.07.22	13:50:00	185.971	185.983	185.969	185.982	46	0	0
2026.07.22	13:51:00	185.982	185.988	185.971	185.986	67	0	1
2026.07.22	13:52:00	185.986	185.993	185.982	185.992	52	0	0
2026.07.22	13:53:00	185.992	185.994	185.977	185.977	63	0	0
2026.07.22	13:54:00	185.977	185.986	185.967	185.986	62	0	0
2026.07.22	13:55:00	185.986	185.995	185.984	185.990	51	0	0
2026.07.22	13:56:00	185.989	185.993	185.983	185.991	34	0	0
2026.07.22	13:57:00	185.991	185.991	185.952	185.952	86	0	0
2026.07.22	13:58:00	185.952	185.955	185.903	185.904	134	0	0
2026.07.22	13:59:00	185.904	185.912	185.887	185.906	135	0	0
2026.07.22	14:00:00	185.906	185.920	185.884	185.894	136	0	0
2026.07.22	14:01:00	185.894	185.905	185.888	185.892	82	0	0
2026.07.22	14:02:00	185.892	185.896	185.872	185.888	167	0	0
2026.07.22	14:03:00	185.888	185.908	185.886	185.890	124	0	0
2026.07.22	14:04:00	185.890	185.893	185.877	185.885	76	0	0
2026.07.22	14:05:00	185.885	185.902	185.884	185.897	94	0	0
2026.07.22	14:06:00	185.897	185.901	185.888	185.898	105	0	0
2026.07.22	14:07:00	185.898	185.898	185.880	185.884	76	0	0
2026.07.22	14:08:00	185.884	185.887	185.875	185.876	43	0	0
2026.07.22	14:09:00	185.876	185.895	185.876	185.895	43	0	0
2026.07.22	14:10:00	185.895	185.909	185.893	185.908	48	0	0
2026.07.22	14:11:00	185.908	185.911	185.904	185.908	43	0	0
2026.07.22	14:12:00	185.908	185.913	185.903	185.911	57	0	1
2026.07.22	14:13:00	185.911	185.917	185.901	185.906	48	0	0
2026.07.22	14:14:00	185.906	185.911	185.903	185.907	42	0	0
2026.07.22	14:15:00	185.907	185.932	185.905	185.925	61	0	0
2026.07.22	14:16:00	185.925	185.936	185.923	185.930	78	0	0
2026.07.22	14:17:00	185.930	185.939	185.928	185.931	71	0	0
2026.07.22	14:18:00	185.930	185.945	185.926	185.938	69	0	0
2026.07.22	14:19:00	185.938	185.938	185.892	185.897	88	0	0
2026.07.22	14:20:00	185.897	185.922	185.896	185.921	95	0	0
2026.07.22	14:21:00	185.921	185.928	185.916	185.926	83	0	0
2026.07.22	14:22:00	185.926	185.942	185.926	185.941	59	0	0
2026.07.22	14:23:00	185.941	185.941	185.923	185.927	55	0	0
2026.07.22	14:24:00	185.927	185.936	185.923	185.926	44	0	1
2026.07.22	14:25:00	185.926	185.929	185.914	185.916	69	0	0
2026.07.22	14:26:00	185.916	185.919	185.909	185.912	43	0	0
2026.07.22	14:27:00	185.912	185.921	185.911	185.915	58	0	0
2026.07.22	14:28:00	185.915	185.937	185.909	185.937	58	0	0
2026.07.22	14:29:00	185.937	185.943	185.930	185.934	51	0	0
2026.07.22	14:30:00	185.934	185.943	185.930	185.941	49	0	1
2026.07.22	14:31:00	185.941	185.953	185.941	185.947	74	0	0
2026.07.22	14:32:00	185.947	185.954	185.938	185.938	84	0	0
2026.07.22	14:33:00	185.938	185.946	185.928	185.932	72	0	0
2026.07.22	14:34:00	185.932	185.942	185.930	185.930	58	0	0
2026.07.22	14:35:00	185.930	185.940	185.919	185.919	85	0	0
2026.07.22	14:36:00	185.919	185.936	185.918	185.930	69	0	0
2026.07.22	14:37:00	185.930	185.940	185.929	185.932	71	0	0
2026.07.22	14:38:00	185.932	185.953	185.932	185.949	73	0	0
2026.07.22	14:39:00	185.949	185.959	185.943	185.957	56	0	0
2026.07.22	14:40:00	185.957	185.960	185.950	185.952	59	0	0
2026.07.22	14:41:00	185.952	185.960	185.941	185.952	188	0	0
2026.07.22	14:42:00	185.952	185.955	185.943	185.950	124	0	0
2026.07.22	14:43:00	185.950	185.960	185.942	185.945	201	0	0
2026.07.22	14:44:00	185.946	185.972	185.945	185.965	104	0	0
2026.07.22	14:45:00	185.965	185.970	185.957	185.967	85	0	0
2026.07.22	14:46:00	185.967	185.970	185.950	185.958	109	0	0
2026.07.22	14:47:00	185.958	185.984	185.958	185.984	137	0	0
2026.07.22	14:48:00	185.984	185.985	185.972	185.972	78	0	1
2026.07.22	14:49:00	185.972	185.979	185.962	185.965	77	0	0
2026.07.22	14:50:00	185.965	185.971	185.963	185.970	74	0	0
2026.07.22	14:51:00	185.970	185.979	185.960	185.972	130	0	0
2026.07.22	14:52:00	185.972	185.976	185.958	185.965	113	0	0
2026.07.22	14:53:00	185.965	185.983	185.965	185.980	91	0	0
2026.07.22	14:54:00	185.980	185.983	185.973	185.975	81	0	0
2026.07.22	14:55:00	185.975	185.980	185.970	185.972	45	0	0
2026.07.22	14:56:00	185.972	185.994	185.970	185.991	90	0	0
2026.07.22	14:57:00	185.991	185.995	185.975	185.993	133	0	0
2026.07.22	14:58:00	185.993	186.009	185.991	186.003	81	0	0
2026.07.22	14:59:00	186.003	186.024	186.002	186.018	91	0	0
2026.07.22	15:00:00	186.018	186.023	186.002	186.023	172	0	0
2026.07.22	15:01:00	186.023	186.039	186.020	186.030	151	0	0
2026.07.22	15:02:00	186.032	186.037	186.024	186.028	104	0	0
2026.07.22	15:03:00	186.028	186.034	186.020	186.026	104	0	0
2026.07.22	15:04:00	186.026	186.033	186.018	186.033	56	0	0
2026.07.22	15:05:00	186.033	186.059	186.032	186.048	99	0	0
2026.07.22	15:06:00	186.048	186.055	186.044	186.045	73	0	0
2026.07.22	15:07:00	186.045	186.049	186.038	186.040	112	0	0
2026.07.22	15:08:00	186.040	186.050	186.039	186.046	91	0	0
2026.07.22	15:09:00	186.046	186.049	186.021	186.027	103	0	0
2026.07.22	15:10:00	186.027	186.038	186.026	186.035	52	0	1
2026.07.22	15:11:00	186.035	186.051	186.035	186.051	60	0	0
2026.07.22	15:12:00	186.051	186.052	186.037	186.042	60	0	0
2026.07.22	15:13:00	186.042	186.057	186.042	186.053	50	0	0
2026.07.22	15:14:00	186.053	186.064	186.046	186.063	75	0	0
2026.07.22	15:15:00	186.063	186.064	186.044	186.052	61	0	0
2026.07.22	15:16:00	186.052	186.054	186.044	186.049	67	0	0
2026.07.22	15:17:00	186.049	186.049	186.040	186.043	69	0	0
2026.07.22	15:18:00	186.043	186.058	186.043	186.054	112	0	0
2026.07.22	15:19:00	186.055	186.070	186.049	186.052	92	0	0
2026.07.22	15:20:00	186.052	186.057	186.045	186.047	97	0	0
2026.07.22	15:21:00	186.047	186.051	186.041	186.047	89	0	0
2026.07.22	15:22:00	186.047	186.054	186.043	186.045	70	0	0
2026.07.22	15:23:00	186.045	186.055	186.042	186.048	80	0	0
2026.07.22	15:24:00	186.048	186.052	186.045	186.046	61	0	0
2026.07.22	15:25:00	186.046	186.057	186.045	186.057	35	0	0
2026.07.22	15:26:00	186.057	186.062	186.051	186.056	51	0	0
2026.07.22	15:27:00	186.056	186.059	186.047	186.057	104	0	0
2026.07.22	15:28:00	186.057	186.060	186.052	186.054	74	0	0
2026.07.22	15:29:00	186.053	186.063	186.053	186.060	64	0	0
2026.07.22	15:30:00	186.060	186.081	186.059	186.079	88	0	0
2026.07.22	15:31:00	186.079	186.083	186.071	186.071	67	0	0
2026.07.22	15:32:00	186.071	186.076	186.068	186.074	61	0	0
2026.07.22	15:33:00	186.074	186.097	186.074	186.097	36	0	0
2026.07.22	15:34:00	186.097	186.103	186.092	186.093	28	0	0
2026.07.22	15:35:00	186.093	186.097	186.089	186.097	57	0	0
2026.07.22	15:36:00	186.097	186.115	186.094	186.099	88	0	0
2026.07.22	15:37:00	186.099	186.099	186.082	186.082	77	0	0
2026.07.22	15:38:00	186.082	186.091	186.073	186.091	100	0	0
2026.07.22	15:39:00	186.091	186.091	186.079	186.081	87	0	0
2026.07.22	15:40:00	186.081	186.082	186.068	186.068	84	0	0
2026.07.22	15:41:00	186.068	186.069	186.059	186.062	119	0	0
2026.07.22	15:42:00	186.063	186.076	186.055	186.055	106	0	0
2026.07.22	15:43:00	186.055	186.064	186.052	186.053	84	0	0
2026.07.22	15:44:00	186.053	186.065	186.051	186.064	72	0	0
2026.07.22	15:45:00	186.064	186.066	186.045	186.048	100	0	0
2026.07.22	15:46:00	186.048	186.064	186.036	186.039	95	0	0
2026.07.22	15:47:00	186.039	186.040	186.021	186.022	93	0	0
2026.07.22	15:48:00	186.022	186.029	186.009	186.026	120	0	0
2026.07.22	15:49:00	186.026	186.040	186.025	186.039	88	0	0
2026.07.22	15:50:00	186.039	186.053	186.031	186.046	106	0	0
2026.07.22	15:51:00	186.046	186.063	186.046	186.061	128	0	0
2026.07.22	15:52:00	186.061	186.084	186.058	186.081	89	0	0
2026.07.22	15:53:00	186.081	186.085	186.076	186.080	51	0	0
2026.07.22	15:54:00	186.080	186.083	186.073	186.082	76	0	0
2026.07.22	15:55:00	186.082	186.086	186.073	186.085	75	0	0
2026.07.22	15:56:00	186.085	186.085	186.038	186.054	150	0	0
2026.07.22	15:57:00	186.054	186.083	186.054	186.072	294	0	0
2026.07.22	15:58:00	186.073	186.079	186.065	186.070	178	0	0
2026.07.22	15:59:00	186.070	186.079	186.062	186.069	157	0	0
2026.07.22	16:00:00	186.069	186.072	186.059	186.061	141	0	0
2026.07.22	16:01:00	186.061	186.068	186.050	186.063	110	0	0
2026.07.22	16:02:00	186.063	186.075	186.059	186.075	131	0	0
2026.07.22	16:03:00	186.075	186.090	186.075	186.086	164	0	0
2026.07.22	16:04:00	186.086	186.092	186.078	186.080	95	0	0
2026.07.22	16:05:00	186.080	186.085	186.072	186.083	104	0	0
2026.07.22	16:06:00	186.082	186.092	186.078	186.086	102	0	0
2026.07.22	16:07:00	186.086	186.100	186.084	186.096	81	0	0
2026.07.22	16:08:00	186.096	186.112	186.096	186.111	79	0	0
2026.07.22	16:09:00	186.111	186.132	186.109	186.127	92	0	0
2026.07.22	16:10:00	186.127	186.131	186.107	186.107	108	0	0
2026.07.22	16:11:00	186.107	186.116	186.103	186.112	107	0	0
2026.07.22	16:12:00	186.112	186.112	186.092	186.098	125	0	0
2026.07.22	16:13:00	186.099	186.102	186.086	186.090	60	0	0
2026.07.22	16:14:00	186.090	186.107	186.088	186.094	82	0	0
2026.07.22	16:15:00	186.094	186.098	186.087	186.091	87	0	0
2026.07.22	16:16:00	186.091	186.105	186.087	186.103	80	0	0
2026.07.22	16:17:00	186.103	186.123	186.096	186.118	116	0	0
2026.07.22	16:18:00	186.118	186.119	186.096	186.098	72	0	0
2026.07.22	16:19:00	186.098	186.128	186.096	186.120	110	0	0
2026.07.22	16:20:00	186.120	186.129	186.111	186.127	112	0	0
2026.07.22	16:21:00	186.127	186.148	186.122	186.147	144	0	0
2026.07.22	16:22:00	186.147	186.152	186.138	186.143	72	0	0
2026.07.22	16:23:00	186.143	186.157	186.131	186.156	103	0	0
2026.07.22	16:24:00	186.156	186.161	186.146	186.159	89	0	0
2026.07.22	16:25:00	186.159	186.166	186.146	186.165	104	0	0
2026.07.22	16:26:00	186.165	186.173	186.161	186.167	87	0	0
2026.07.22	16:27:00	186.169	186.169	186.157	186.158	106	0	0
2026.07.22	16:28:00	186.158	186.162	186.147	186.156	84	0	0
2026.07.22	16:29:00	186.156	186.162	186.146	186.146	103	0	0
2026.07.22	16:30:00	186.146	186.168	186.146	186.163	203	0	0
2026.07.22	16:31:00	186.163	186.197	186.159	186.190	210	0	0
2026.07.22	16:32:00	186.190	186.191	186.153	186.160	181	0	0
2026.07.22	16:33:00	186.160	186.160	186.130	186.133	123	0	0
2026.07.22	16:34:00	186.133	186.137	186.126	186.134	134	0	0
2026.07.22	16:35:00	186.134	186.134	186.119	186.131	128	0	0
2026.07.22	16:36:00	186.131	186.165	186.129	186.158	150	0	0
2026.07.22	16:37:00	186.158	186.166	186.154	186.154	101	0	0
2026.07.22	16:38:00	186.154	186.158	186.138	186.143	127	0	0
2026.07.22	16:39:00	186.143	186.144	186.121	186.126	130	0	0
2026.07.22	16:40:00	186.126	186.132	186.115	186.124	137	0	0
2026.07.22	16:41:00	186.124	186.149	186.123	186.146	149	0	0
2026.07.22	16:42:00	186.146	186.158	186.137	186.138	121	0	0
2026.07.22	16:43:00	186.138	186.163	186.137	186.163	150	0	0
2026.07.22	16:44:00	186.163	186.166	186.143	186.145	88	0	0
2026.07.22	16:45:00	186.145	186.156	186.140	186.152	109	0	0
2026.07.22	16:46:00	186.152	186.161	186.145	186.146	137	0	0
2026.07.22	16:47:00	186.145	186.149	186.123	186.123	207	0	0
2026.07.22	16:48:00	186.123	186.133	186.119	186.131	130	0	0
2026.07.22	16:49:00	186.131	186.133	186.119	186.119	90	0	0
2026.07.22	16:50:00	186.119	186.130	186.107	186.126	102	0	0
2026.07.22	16:51:00	186.126	186.133	186.124	186.126	79	0	0
2026.07.22	16:52:00	186.126	186.158	186.126	186.154	95	0	0
2026.07.22	16:53:00	186.154	186.154	186.121	186.122	106	0	0
2026.07.22	16:54:00	186.122	186.146	186.119	186.138	114	0	0
2026.07.22	16:55:00	186.138	186.161	186.136	186.146	112	0	0
2026.07.22	16:56:00	186.146	186.148	186.140	186.147	80	0	0
2026.07.22	16:57:00	186.148	186.148	186.131	186.135	99	0	0
2026.07.22	16:58:00	186.135	186.137	186.099	186.106	160	0	0
2026.07.22	16:59:00	186.106	186.124	186.099	186.108	174	0	0
2026.07.22	17:00:00	186.108	186.131	186.108	186.125	137	0	0
2026.07.22	17:01:00	186.125	186.128	186.103	186.107	169	0	0
2026.07.22	17:02:00	186.107	186.119	186.105	186.111	117	0	0
2026.07.22	17:03:00	186.111	186.128	186.107	186.116	91	0	0
2026.07.22	17:04:00	186.116	186.122	186.109	186.118	81	0	0
2026.07.22	17:05:00	186.118	186.122	186.097	186.100	166	0	0
2026.07.22	17:06:00	186.100	186.116	186.095	186.115	115	0	0
2026.07.22	17:07:00	186.115	186.120	186.103	186.103	82	0	0
2026.07.22	17:08:00	186.102	186.106	186.084	186.105	195	0	0
2026.07.22	17:09:00	186.105	186.107	186.093	186.095	80	0	0
2026.07.22	17:10:00	186.097	186.104	186.091	186.096	85	0	0
2026.07.22	17:11:00	186.097	186.116	186.092	186.114	93	0	0
2026.07.22	17:12:00	186.114	186.145	186.114	186.138	96	0	0
2026.07.22	17:13:00	186.138	186.175	186.137	186.172	118	0	0
2026.07.22	17:14:00	186.172	186.175	186.151	186.153	83	0	0
2026.07.22	17:15:00	186.155	186.159	186.144	186.149	81	0	0
2026.07.22	17:16:00	186.149	186.177	186.146	186.176	88	0	0
2026.07.22	17:17:00	186.175	186.177	186.164	186.168	90	0	0
2026.07.22	17:18:00	186.168	186.185	186.165	186.179	119	0	0
2026.07.22	17:19:00	186.179	186.183	186.147	186.152	129	0	0
2026.07.22	17:20:00	186.152	186.162	186.149	186.161	109	0	0
2026.07.22	17:21:00	186.161	186.162	186.117	186.119	140	0	0
2026.07.22	17:22:00	186.119	186.125	186.112	186.122	108	0	0
2026.07.22	17:23:00	186.122	186.124	186.107	186.110	135	0	0
2026.07.22	17:24:00	186.110	186.118	186.108	186.114	99	0	0
2026.07.22	17:25:00	186.114	186.123	186.110	186.119	78	0	0
2026.07.22	17:26:00	186.119	186.123	186.093	186.102	177	0	0
2026.07.22	17:27:00	186.102	186.123	186.100	186.119	80	0	0
2026.07.22	17:28:00	186.120	186.122	186.091	186.101	117	0	0
2026.07.22	17:29:00	186.101	186.109	186.089	186.089	161	0	0
2026.07.22	17:30:00	186.088	186.093	186.076	186.083	179	0	0
2026.07.22	17:31:00	186.083	186.089	186.074	186.075	114	0	0
2026.07.22	17:32:00	186.075	186.108	186.073	186.102	113	0	0
2026.07.22	17:33:00	186.102	186.102	186.087	186.096	90	0	0
2026.07.22	17:34:00	186.096	186.106	186.082	186.103	93	0	0
2026.07.22	17:35:00	186.103	186.103	186.083	186.093	148	0	0
2026.07.22	17:36:00	186.093	186.101	186.075	186.082	132	0	0
2026.07.22	17:37:00	186.082	186.087	186.073	186.075	103	0	0
2026.07.22	17:38:00	186.075	186.082	186.071	186.077	90	0	0
2026.07.22	17:39:00	186.077	186.086	186.075	186.083	72	0	0
2026.07.22	17:40:00	186.083	186.098	186.080	186.088	94	0	0
2026.07.22	17:41:00	186.089	186.095	186.070	186.072	88	0	0
2026.07.22	17:42:00	186.072	186.072	186.055	186.056	99	0	0
2026.07.22	17:43:00	186.056	186.070	186.056	186.069	86	0	0
2026.07.22	17:44:00	186.069	186.073	186.063	186.068	105	0	0
2026.07.22	17:45:00	186.068	186.081	186.059	186.080	128	0	0
2026.07.22	17:46:00	186.080	186.084	186.057	186.058	123	0	0
2026.07.22	17:47:00	186.058	186.070	186.053	186.065	76	0	0
2026.07.22	17:48:00	186.065	186.077	186.053	186.055	87	0	0
2026.07.22	17:49:00	186.055	186.078	186.049	186.077	77	0	0
2026.07.22	17:50:00	186.077	186.081	186.065	186.078	163	0	0
2026.07.22	17:51:00	186.078	186.096	186.076	186.094	126	0	0
2026.07.22	17:52:00	186.093	186.111	186.092	186.098	107	0	0
2026.07.22	17:53:00	186.098	186.104	186.076	186.079	135	0	0
2026.07.22	17:54:00	186.079	186.111	186.075	186.108	222	0	0
2026.07.22	17:55:00	186.108	186.109	186.075	186.085	207	0	0
2026.07.22	17:56:00	186.085	186.088	186.064	186.078	129	0	0
2026.07.22	17:57:00	186.078	186.104	186.066	186.103	223	0	0
2026.07.22	17:58:00	186.103	186.112	186.098	186.108	211	0	0
2026.07.22	17:59:00	186.108	186.112	186.095	186.102	160	0	0
2026.07.22	18:00:00	186.102	186.107	186.090	186.096	232	0	0
2026.07.22	18:01:00	186.096	186.097	186.076	186.082	132	0	0
2026.07.22	18:02:00	186.082	186.083	186.062	186.063	161	0	0
2026.07.22	18:03:00	186.063	186.092	186.063	186.084	119	0	0
2026.07.22	18:04:00	186.084	186.099	186.078	186.091	87	0	0
2026.07.22	18:05:00	186.090	186.101	186.086	186.097	101	0	0
2026.07.22	18:06:00	186.097	186.101	186.086	186.097	85	0	0
2026.07.22	18:07:00	186.097	186.109	186.086	186.092	88	0	0
2026.07.22	18:08:00	186.092	186.109	186.092	186.098	83	0	0
2026.07.22	18:09:00	186.098	186.105	186.093	186.102	100	0	0
2026.07.22	18:10:00	186.102	186.102	186.093	186.096	54	0	0
2026.07.22	18:11:00	186.096	186.104	186.096	186.102	66	0	0
2026.07.22	18:12:00	186.102	186.109	186.094	186.100	62	0	0
2026.07.22	18:13:00	186.100	186.112	186.100	186.107	53	0	0
2026.07.22	18:14:00	186.107	186.107	186.091	186.099	86	0	0
2026.07.22	18:15:00	186.099	186.111	186.096	186.111	71	0	0
2026.07.22	18:16:00	186.111	186.116	186.103	186.104	74	0	0
2026.07.22	18:17:00	186.104	186.123	186.102	186.111	55	0	0
2026.07.22	18:18:00	186.111	186.111	186.092	186.094	81	0	0
2026.07.22	18:19:00	186.094	186.102	186.093	186.102	53	0	0
2026.07.22	18:20:00	186.102	186.115	186.102	186.113	84	0	0
2026.07.22	18:21:00	186.113	186.119	186.106	186.114	97	0	0
2026.07.22	18:22:00	186.114	186.135	186.114	186.133	73	0	0
2026.07.22	18:23:00	186.134	186.149	186.133	186.147	61	0	0
2026.07.22	18:24:00	186.147	186.157	186.144	186.149	84	0	0
2026.07.22	18:25:00	186.149	186.154	186.146	186.153	63	0	0
2026.07.22	18:26:00	186.153	186.166	186.152	186.161	71	0	0
2026.07.22	18:27:00	186.161	186.168	186.157	186.166	74	0	0
2026.07.22	18:28:00	186.166	186.168	186.159	186.168	57	0	0
2026.07.22	18:29:00	186.168	186.170	186.161	186.167	77	0	0
2026.07.22	18:30:00	186.167	186.170	186.156	186.163	136	0	0
2026.07.22	18:31:00	186.163	186.167	186.150	186.154	97	0	0
2026.07.22	18:32:00	186.154	186.155	186.130	186.134	89	0	0
2026.07.22	18:33:00	186.133	186.137	186.129	186.129	54	0	1
2026.07.22	18:34:00	186.129	186.129	186.092	186.092	114	0	0
2026.07.22	18:35:00	186.092	186.123	186.083	186.120	153	0	0
2026.07.22	18:36:00	186.120	186.124	186.116	186.120	95	0	0
2026.07.22	18:37:00	186.122	186.124	186.113	186.117	83	0	1
2026.07.22	18:38:00	186.117	186.117	186.099	186.099	67	0	0
2026.07.22	18:39:00	186.099	186.102	186.083	186.087	51	0	1
2026.07.22	18:40:00	186.087	186.096	186.085	186.089	84	0	0
2026.07.22	18:41:00	186.088	186.104	186.088	186.102	84	0	0
2026.07.22	18:42:00	186.102	186.106	186.086	186.103	109	0	0
2026.07.22	18:43:00	186.103	186.109	186.098	186.102	86	0	0
2026.07.22	18:44:00	186.102	186.107	186.097	186.106	36	0	0
2026.07.22	18:45:00	186.106	186.112	186.103	186.106	66	0	0
2026.07.22	18:46:00	186.106	186.117	186.102	186.116	66	0	0
2026.07.22	18:47:00	186.116	186.123	186.113	186.118	92	0	0
2026.07.22	18:48:00	186.118	186.128	186.117	186.123	92	0	0
2026.07.22	18:49:00	186.123	186.136	186.123	186.128	64	0	0
2026.07.22	18:50:00	186.128	186.132	186.116	186.131	90	0	0
2026.07.22	18:51:00	186.131	186.131	186.101	186.102	65	0	0
2026.07.22	18:52:00	186.102	186.120	186.102	186.111	60	0	0
2026.07.22	18:53:00	186.111	186.124	186.109	186.119	84	0	0
2026.07.22	18:54:00	186.119	186.137	186.118	186.120	86	0	0
2026.07.22	18:55:00	186.120	186.123	186.103	186.104	100	0	0
2026.07.22	18:56:00	186.104	186.108	186.100	186.102	66	0	1
2026.07.22	18:57:00	186.102	186.117	186.092	186.114	109	0	0
2026.07.22	18:58:00	186.114	186.126	186.112	186.124	76	0	0
2026.07.22	18:59:00	186.124	186.137	186.121	186.133	104	0	0
2026.07.22	19:00:00	186.133	186.140	186.124	186.127	95	0	0
2026.07.22	19:01:00	186.127	186.130	186.115	186.116	103	0	0
2026.07.22	19:02:00	186.117	186.117	186.111	186.113	50	0	0
2026.07.22	19:03:00	186.112	186.121	186.107	186.118	63	0	0
2026.07.22	19:04:00	186.118	186.121	186.098	186.098	118	0	0
2026.07.22	19:05:00	186.098	186.102	186.093	186.094	84	0	0
2026.07.22	19:06:00	186.094	186.108	186.093	186.103	51	0	0
2026.07.22	19:07:00	186.103	186.107	186.098	186.098	56	0	0
2026.07.22	19:08:00	186.098	186.100	186.082	186.088	76	0	0
2026.07.22	19:09:00	186.089	186.097	186.081	186.086	65	0	0
2026.07.22	19:10:00	186.086	186.089	186.060	186.063	105	0	0
2026.07.22	19:11:00	186.063	186.065	186.050	186.057	119	0	0
2026.07.22	19:12:00	186.057	186.058	186.040	186.050	120	0	0
2026.07.22	19:13:00	186.050	186.061	186.044	186.051	114	0	0
2026.07.22	19:14:00	186.051	186.061	186.050	186.058	89	0	0
2026.07.22	19:15:00	186.059	186.071	186.057	186.069	83	0	0
2026.07.22	19:16:00	186.069	186.070	186.044	186.045	75	0	0
2026.07.22	19:17:00	186.045	186.070	186.043	186.061	77	0	0
2026.07.22	19:18:00	186.061	186.078	186.055	186.070	103	0	0
2026.07.22	19:19:00	186.070	186.078	186.070	186.074	68	0	0
2026.07.22	19:20:00	186.074	186.078	186.067	186.078	62	0	0
2026.07.22	19:21:00	186.078	186.083	186.076	186.079	63	0	0
2026.07.22	19:22:00	186.079	186.095	186.076	186.090	52	0	0
2026.07.22	19:23:00	186.090	186.103	186.086	186.096	73	0	0
2026.07.22	19:24:00	186.096	186.117	186.096	186.114	76	0	0
2026.07.22	19:25:00	186.114	186.115	186.100	186.101	104	0	0
2026.07.22	19:26:00	186.101	186.118	186.096	186.115	108	0	0
2026.07.22	19:27:00	186.115	186.120	186.107	186.115	70	0	0
2026.07.22	19:28:00	186.115	186.118	186.101	186.102	89	0	0
2026.07.22	19:29:00	186.102	186.105	186.097	186.103	61	0	0
2026.07.22	19:30:00	186.103	186.114	186.103	186.109	47	0	0
2026.07.22	19:31:00	186.109	186.113	186.104	186.109	68	0	0
2026.07.22	19:32:00	186.109	186.115	186.101	186.102	64	0	0
2026.07.22	19:33:00	186.102	186.104	186.084	186.094	48	0	0
2026.07.22	19:34:00	186.094	186.101	186.087	186.089	55	0	0
2026.07.22	19:35:00	186.089	186.097	186.076	186.083	66	0	0
2026.07.22	19:36:00	186.083	186.110	186.083	186.106	77	0	0
2026.07.22	19:37:00	186.106	186.110	186.097	186.102	66	0	0
2026.07.22	19:38:00	186.102	186.102	186.089	186.090	53	0	0
2026.07.22	19:39:00	186.090	186.091	186.071	186.074	95	0	0
2026.07.22	19:40:00	186.074	186.090	186.072	186.084	49	0	0
2026.07.22	19:41:00	186.084	186.084	186.076	186.079	52	0	0
2026.07.22	19:42:00	186.079	186.080	186.073	186.077	55	0	0
2026.07.22	19:43:00	186.077	186.080	186.072	186.072	37	0	0
2026.07.22	19:44:00	186.072	186.089	186.072	186.089	51	0	0
2026.07.22	19:45:00	186.089	186.090	186.073	186.075	49	0	0
2026.07.22	19:46:00	186.075	186.080	186.070	186.076	47	0	0
2026.07.22	19:47:00	186.076	186.080	186.074	186.074	26	0	0
2026.07.22	19:48:00	186.076	186.081	186.073	186.075	49	0	0
2026.07.22	19:49:00	186.075	186.088	186.072	186.081	49	0	0
2026.07.22	19:50:00	186.081	186.084	186.077	186.082	36	0	0
2026.07.22	19:51:00	186.082	186.086	186.078	186.082	31	0	0
2026.07.22	19:52:00	186.082	186.085	186.080	186.085	18	0	0
2026.07.22	19:53:00	186.085	186.086	186.080	186.083	18	0	0
2026.07.22	19:54:00	186.083	186.086	186.080	186.084	18	0	0
2026.07.22	19:55:00	186.084	186.090	186.083	186.088	55	0	1
2026.07.22	19:56:00	186.088	186.088	186.078	186.082	57	0	0
2026.07.22	19:57:00	186.082	186.085	186.078	186.083	39	0	0
2026.07.22	19:58:00	186.083	186.091	186.081	186.086	45	0	0
2026.07.22	19:59:00	186.086	186.104	186.086	186.098	69	0	0
2026.07.22	20:00:00	186.097	186.109	186.096	186.105	85	0	0
2026.07.22	20:01:00	186.105	186.111	186.104	186.104	41	0	0
2026.07.22	20:02:00	186.104	186.105	186.098	186.101	44	0	0
2026.07.22	20:03:00	186.101	186.114	186.097	186.114	59	0	0
2026.07.22	20:04:00	186.114	186.120	186.112	186.119	48	0	0
2026.07.22	20:05:00	186.119	186.131	186.117	186.126	51	0	0
2026.07.22	20:06:00	186.126	186.133	186.122	186.132	66	0	0
2026.07.22	20:07:00	186.132	186.135	186.128	186.130	45	0	0
2026.07.22	20:08:00	186.130	186.139	186.129	186.138	66	0	0
2026.07.22	20:09:00	186.138	186.142	186.138	186.141	40	0	0
2026.07.22	20:10:00	186.141	186.150	186.141	186.146	45	0	0
2026.07.22	20:11:00	186.146	186.149	186.144	186.146	38	0	1
2026.07.22	20:12:00	186.146	186.155	186.146	186.153	39	0	0
2026.07.22	20:13:00	186.153	186.166	186.153	186.158	51	0	0
2026.07.22	20:14:00	186.159	186.163	186.158	186.160	45	0	0
2026.07.22	20:15:00	186.160	186.173	186.158	186.169	66	0	0
2026.07.22	20:16:00	186.169	186.174	186.166	186.166	77	0	0
2026.07.22	20:17:00	186.166	186.166	186.160	186.164	31	0	0
2026.07.22	20:18:00	186.164	186.167	186.160	186.161	45	0	0
2026.07.22	20:19:00	186.161	186.167	186.153	186.158	127	0	0
2026.07.22	20:20:00	186.158	186.160	186.149	186.159	106	0	0
2026.07.22	20:21:00	186.159	186.173	186.154	186.161	98	0	0
2026.07.22	20:22:00	186.161	186.167	186.158	186.165	80	0	1
2026.07.22	20:23:00	186.165	186.173	186.165	186.173	26	0	0
2026.07.22	20:24:00	186.173	186.178	186.169	186.174	33	0	0
2026.07.22	20:25:00	186.174	186.176	186.169	186.176	36	0	0
2026.07.22	20:26:00	186.176	186.184	186.176	186.183	48	0	0
2026.07.22	20:27:00	186.183	186.183	186.177	186.178	71	0	0
2026.07.22	20:28:00	186.178	186.178	186.168	186.168	38	0	0
2026.07.22	20:29:00	186.168	186.170	186.158	186.163	79	0	0
2026.07.22	20:30:00	186.163	186.166	186.161	186.163	57	0	0
2026.07.22	20:31:00	186.163	186.163	186.159	186.162	38	0	1
2026.07.22	20:32:00	186.162	186.172	186.160	186.170	50	0	0
2026.07.22	20:33:00	186.170	186.171	186.157	186.162	73	0	0
2026.07.22	20:34:00	186.162	186.166	186.151	186.153	96	0	0
2026.07.22	20:35:00	186.153	186.155	186.152	186.153	43	0	1
2026.07.22	20:36:00	186.153	186.163	186.149	186.156	52	0	0
2026.07.22	20:37:00	186.156	186.163	186.155	186.162	28	0	1
2026.07.22	20:38:00	186.162	186.167	186.159	186.160	40	0	0
2026.07.22	20:39:00	186.160	186.160	186.146	186.154	54	0	0
2026.07.22	20:40:00	186.154	186.165	186.154	186.161	83	0	0
2026.07.22	20:41:00	186.161	186.164	186.149	186.152	35	0	1
2026.07.22	20:42:00	186.152	186.154	186.146	186.154	40	0	0
2026.07.22	20:43:00	186.154	186.166	186.153	186.162	37	0	0
2026.07.22	20:44:00	186.162	186.168	186.160	186.167	50	0	0
2026.07.22	20:45:00	186.167	186.167	186.155	186.155	66	0	1
2026.07.22	20:46:00	186.155	186.161	186.155	186.159	37	0	0
2026.07.22	20:47:00	186.159	186.170	186.157	186.169	47	0	0
2026.07.22	20:48:00	186.169	186.172	186.165	186.169	57	0	0
2026.07.22	20:49:00	186.169	186.178	186.168	186.175	62	0	0
2026.07.22	20:50:00	186.175	186.180	186.175	186.176	59	0	0
2026.07.22	20:51:00	186.176	186.185	186.175	186.179	55	0	0
2026.07.22	20:52:00	186.179	186.183	186.177	186.181	45	0	0
2026.07.22	20:53:00	186.181	186.184	186.160	186.164	75	0	0
2026.07.22	20:54:00	186.164	186.169	186.162	186.164	55	0	0
2026.07.22	20:55:00	186.164	186.167	186.158	186.167	55	0	0
2026.07.22	20:56:00	186.167	186.168	186.149	186.152	127	0	0
2026.07.22	20:57:00	186.152	186.158	186.148	186.153	84	0	0
2026.07.22	20:58:00	186.153	186.168	186.153	186.159	70	0	0
2026.07.22	20:59:00	186.159	186.167	186.159	186.163	67	0	0
2026.07.22	21:00:00	186.161	186.172	186.157	186.157	67	0	0
2026.07.22	21:01:00	186.157	186.164	186.154	186.160	66	0	0
2026.07.22	21:02:00	186.162	186.181	186.160	186.180	96	0	0
2026.07.22	21:03:00	186.180	186.181	186.169	186.170	61	0	0
2026.07.22	21:04:00	186.170	186.172	186.168	186.169	41	0	0
2026.07.22	21:05:00	186.169	186.171	186.162	186.167	58	0	0
2026.07.22	21:06:00	186.167	186.167	186.150	186.153	67	0	0
2026.07.22	21:07:00	186.153	186.155	186.143	186.146	91	0	0
2026.07.22	21:08:00	186.145	186.147	186.134	186.141	64	0	0
2026.07.22	21:09:00	186.141	186.143	186.135	186.136	51	0	0
2026.07.22	21:10:00	186.136	186.140	186.131	186.132	56	0	0
2026.07.22	21:11:00	186.132	186.141	186.132	186.141	32	0	1
2026.07.22	21:12:00	186.141	186.141	186.132	186.134	34	0	0
2026.07.22	21:13:00	186.134	186.146	186.133	186.143	55	0	1
2026.07.22	21:14:00	186.143	186.145	186.138	186.145	43	0	0
2026.07.22	21:15:00	186.143	186.147	186.141	186.144	55	0	1
2026.07.22	21:16:00	186.143	186.148	186.141	186.146	59	0	0
2026.07.22	21:17:00	186.146	186.165	186.146	186.157	71	0	0
2026.07.22	21:18:00	186.157	186.161	186.156	186.160	80	0	0
2026.07.22	21:19:00	186.160	186.161	186.149	186.149	121	0	0
2026.07.22	21:20:00	186.149	186.154	186.142	186.142	174	0	0
2026.07.22	21:21:00	186.142	186.150	186.141	186.147	148	0	0
2026.07.22	21:22:00	186.147	186.149	186.137	186.147	121	0	0
2026.07.22	21:23:00	186.147	186.149	186.135	186.138	73	0	0
2026.07.22	21:24:00	186.138	186.140	186.133	186.136	128	0	0
2026.07.22	21:25:00	186.135	186.145	186.133	186.144	120	0	0
2026.07.22	21:26:00	186.144	186.148	186.139	186.141	141	0	0
2026.07.22	21:27:00	186.141	186.145	186.135	186.139	77	0	0
2026.07.22	21:28:00	186.139	186.143	186.135	186.140	67	0	0
2026.07.22	21:29:00	186.140	186.140	186.130	186.135	66	0	0
2026.07.22	21:30:00	186.135	186.138	186.119	186.126	118	0	0
2026.07.22	21:31:00	186.126	186.127	186.118	186.122	79	0	0
2026.07.22	21:32:00	186.122	186.123	186.119	186.121	70	0	0
2026.07.22	21:33:00	186.121	186.129	186.119	186.128	45	0	0
2026.07.22	21:34:00	186.128	186.129	186.125	186.127	115	0	0
2026.07.22	21:35:00	186.127	186.129	186.120	186.122	93	0	0
2026.07.22	21:36:00	186.122	186.129	186.117	186.128	53	0	0
2026.07.22	21:37:00	186.128	186.136	186.125	186.129	91	0	0
2026.07.22	21:38:00	186.129	186.130	186.118	186.118	48	0	1
2026.07.22	21:39:00	186.118	186.130	186.117	186.129	79	0	0
2026.07.22	21:40:00	186.129	186.131	186.118	186.120	87	0	0
2026.07.22	21:41:00	186.120	186.123	186.112	186.121	111	0	0
2026.07.22	21:42:00	186.121	186.122	186.115	186.115	129	0	0
2026.07.22	21:43:00	186.116	186.120	186.116	186.118	64	0	0
2026.07.22	21:44:00	186.118	186.120	186.106	186.108	68	0	0
2026.07.22	21:45:00	186.108	186.108	186.104	186.105	154	0	0
2026.07.22	21:46:00	186.105	186.111	186.100	186.109	86	0	0
2026.07.22	21:47:00	186.109	186.114	186.108	186.112	76	0	0
2026.07.22	21:48:00	186.112	186.120	186.111	186.117	73	0	0
2026.07.22	21:49:00	186.117	186.121	186.117	186.120	90	0	0
2026.07.22	21:50:00	186.120	186.134	186.118	186.132	64	0	0
2026.07.22	21:51:00	186.132	186.135	186.123	186.129	60	0	0
2026.07.22	21:52:00	186.129	186.130	186.125	186.128	56	0	0
2026.07.22	21:53:00	186.128	186.129	186.125	186.129	48	0	0
2026.07.22	21:54:00	186.129	186.139	186.129	186.134	21	0	0
2026.07.22	21:55:00	186.134	186.145	186.132	186.141	40	0	0
2026.07.22	21:56:00	186.141	186.147	186.141	186.144	44	0	1
2026.07.22	21:57:00	186.144	186.153	186.142	186.153	53	0	0
2026.07.22	21:58:00	186.153	186.154	186.143	186.145	52	0	0
2026.07.22	21:59:00	186.145	186.149	186.143	186.146	95	0	0
2026.07.22	22:00:00	186.146	186.156	186.145	186.155	56	0	0
2026.07.22	22:01:00	186.153	186.161	186.150	186.153	81	0	0
2026.07.22	22:02:00	186.153	186.156	186.149	186.154	55	0	0
2026.07.22	22:03:00	186.154	186.157	186.149	186.152	59	0	0
2026.07.22	22:04:00	186.152	186.152	186.146	186.152	75	0	0
2026.07.22	22:05:00	186.152	186.156	186.152	186.154	35	0	0
2026.07.22	22:06:00	186.154	186.155	186.151	186.154	8	0	0
2026.07.22	22:07:00	186.154	186.156	186.151	186.153	79	0	0
2026.07.22	22:08:00	186.153	186.156	186.144	186.144	65	0	0
2026.07.22	22:09:00	186.144	186.148	186.143	186.143	97	0	0
2026.07.22	22:10:00	186.144	186.146	186.143	186.146	112	0	0
2026.07.22	22:11:00	186.144	186.146	186.143	186.145	109	0	0
2026.07.22	22:12:00	186.145	186.147	186.140	186.145	55	0	0
2026.07.22	22:13:00	186.145	186.154	186.145	186.147	44	0	0
2026.07.22	22:14:00	186.147	186.148	186.143	186.146	12	0	1
2026.07.22	22:15:00	186.146	186.146	186.144	186.146	10	0	0
2026.07.22	22:16:00	186.146	186.162	186.146	186.161	37	0	0
2026.07.22	22:17:00	186.161	186.162	186.154	186.160	45	0	0
2026.07.22	22:18:00	186.160	186.160	186.155	186.157	42	0	1
2026.07.22	22:19:00	186.157	186.162	186.156	186.158	49	0	0
2026.07.22	22:20:00	186.158	186.159	186.156	186.157	19	0	0
2026.07.22	22:21:00	186.157	186.158	186.153	186.156	50	0	0
2026.07.22	22:22:00	186.156	186.165	186.155	186.161	75	0	0
2026.07.22	22:23:00	186.161	186.167	186.159	186.166	37	0	1
2026.07.22	22:24:00	186.166	186.167	186.162	186.163	41	0	1
2026.07.22	22:25:00	186.163	186.169	186.162	186.164	79	0	0
2026.07.22	22:26:00	186.164	186.169	186.163	186.167	36	0	1
2026.07.22	22:27:00	186.167	186.168	186.164	186.164	30	0	1
2026.07.22	22:28:00	186.164	186.164	186.158	186.161	34	0	1
2026.07.22	22:29:00	186.161	186.165	186.161	186.165	23	0	0
2026.07.22	22:30:00	186.165	186.174	186.149	186.153	61	0	0
2026.07.22	22:31:00	186.153	186.154	186.150	186.150	34	0	1
2026.07.22	22:32:00	186.150	186.155	186.150	186.154	24	0	1
2026.07.22	22:33:00	186.154	186.156	186.152	186.155	14	0	0
2026.07.22	22:34:00	186.155	186.162	186.153	186.162	33	0	0
2026.07.22	22:35:00	186.162	186.173	186.161	186.169	43	0	0
2026.07.22	22:36:00	186.169	186.169	186.164	186.165	22	0	0
2026.07.22	22:37:00	186.165	186.168	186.162	186.167	38	0	1
2026.07.22	22:38:00	186.167	186.168	186.161	186.164	31	0	1
2026.07.22	22:39:00	186.164	186.170	186.162	186.169	32	0	0
2026.07.22	22:40:00	186.169	186.173	186.166	186.172	66	0	1
2026.07.22	22:41:00	186.172	186.173	186.169	186.172	21	0	1
2026.07.22	22:42:00	186.172	186.174	186.169	186.173	23	0	1
2026.07.22	22:43:00	186.173	186.175	186.172	186.175	6	0	2
2026.07.22	22:44:00	186.175	186.176	186.173	186.175	27	0	1
2026.07.22	22:45:00	186.175	186.187	186.175	186.185	30	0	0
2026.07.22	22:46:00	186.185	186.185	186.178	186.185	25	0	0
2026.07.22	22:47:00	186.185	186.185	186.173	186.173	20	0	0
2026.07.22	22:48:00	186.173	186.173	186.170	186.172	22	0	0
2026.07.22	22:49:00	186.172	186.174	186.168	186.169	16	0	0
2026.07.22	22:50:00	186.169	186.171	186.166	186.168	22	0	1
2026.07.22	22:51:00	186.168	186.174	186.163	186.166	46	0	0
2026.07.22	22:52:00	186.166	186.172	186.165	186.170	81	0	0
2026.07.22	22:53:00	186.170	186.173	186.168	186.169	52	0	0
2026.07.22	22:54:00	186.169	186.170	186.163	186.169	50	0	1
2026.07.22	22:55:00	186.169	186.169	186.152	186.161	41	0	0
2026.07.22	22:56:00	186.161	186.172	186.159	186.169	72	0	0
2026.07.22	22:57:00	186.169	186.169	186.153	186.160	72	0	0
2026.07.22	22:58:00	186.160	186.169	186.159	186.166	83	0	0
2026.07.22	22:59:00	186.166	186.175	186.166	186.174	125	0	0
2026.07.22	23:00:00	186.172	186.179	186.164	186.165	93	0	0
2026.07.22	23:01:00	186.165	186.183	186.165	186.181	97	0	1
2026.07.22	23:02:00	186.181	186.182	186.172	186.182	138	0	1
2026.07.22	23:03:00	186.182	186.182	186.173	186.180	53	0	2
2026.07.22	23:04:00	186.180	186.180	186.171	186.172	60	0	3
2026.07.22	23:05:00	186.172	186.176	186.163	186.176	67	0	0
2026.07.22	23:06:00	186.173	186.180	186.165	186.175	65	0	0
2026.07.22	23:07:00	186.175	186.183	186.174	186.179	49	0	0
2026.07.22	23:08:00	186.179	186.185	186.174	186.184	45	0	2
2026.07.22	23:09:00	186.184	186.184	186.175	186.175	25	0	2
2026.07.22	23:10:00	186.175	186.181	186.172	186.173	53	0	2
2026.07.22	23:11:00	186.173	186.175	186.168	186.175	44	0	3
2026.07.22	23:12:00	186.175	186.179	186.174	186.179	70	0	4
2026.07.22	23:13:00	186.178	186.182	186.174	186.182	30	0	2
2026.07.22	23:14:00	186.182	186.186	186.178	186.178	39	0	3
2026.07.22	23:15:00	186.178	186.184	186.178	186.182	24	0	3
2026.07.22	23:16:00	186.182	186.186	186.179	186.184	17	0	4
2026.07.22	23:17:00	186.184	186.185	186.178	186.179	30	0	0
2026.07.22	23:18:00	186.179	186.180	186.171	186.179	38	0	0
2026.07.22	23:19:00	186.179	186.182	186.178	186.181	18	0	3
2026.07.22	23:20:00	186.181	186.181	186.177	186.177	17	0	1
2026.07.22	23:21:00	186.178	186.181	186.177	186.179	29	0	2
2026.07.22	23:22:00	186.179	186.190	186.179	186.186	23	0	3
2026.07.22	23:23:00	186.186	186.195	186.185	186.192	41	0	2
2026.07.22	23:24:00	186.192	186.193	186.188	186.189	35	0	1
2026.07.22	23:25:00	186.189	186.189	186.182	186.182	24	0	2
2026.07.22	23:26:00	186.182	186.185	186.181	186.182	24	0	3
2026.07.22	23:27:00	186.182	186.183	186.182	186.182	3	0	3
2026.07.22	23:28:00	186.182	186.187	186.177	186.183	45	0	4
2026.07.22	23:29:00	186.183	186.187	186.176	186.176	40	0	0
2026.07.22	23:30:00	186.176	186.176	186.170	186.173	24	0	1
2026.07.22	23:31:00	186.173	186.179	186.170	186.173	34	0	0
2026.07.22	23:32:00	186.173	186.176	186.170	186.174	33	0	1
2026.07.22	23:33:00	186.174	186.174	186.165	186.169	23	0	1
2026.07.22	23:34:00	186.169	186.171	186.166	186.169	31	0	4
2026.07.22	23:35:00	186.169	186.169	186.165	186.166	23	0	2
2026.07.22	23:36:00	186.166	186.175	186.165	186.175	27	0	4
2026.07.22	23:37:00	186.175	186.179	186.174	186.179	25	0	1
2026.07.22	23:38:00	186.179	186.180	186.177	186.180	11	0	3
2026.07.22	23:39:00	186.180	186.182	186.180	186.181	4	0	4
2026.07.22	23:40:00	186.181	186.184	186.180	186.184	10	0	4
2026.07.22	23:41:00	186.184	186.190	186.183	186.190	12	0	4
2026.07.22	23:42:00	186.190	186.191	186.189	186.191	10	0	4
2026.07.22	23:43:00	186.191	186.191	186.184	186.184	8	0	4
2026.07.22	23:44:00	186.184	186.191	186.184	186.190	23	0	4
2026.07.22	23:45:00	186.190	186.193	186.185	186.185	20	0	4
2026.07.22	23:46:00	186.185	186.186	186.185	186.186	2	0	4
2026.07.22	23:47:00	186.186	186.202	186.183	186.202	35	0	3
2026.07.22	23:48:00	186.202	186.202	186.201	186.201	20	0	4
2026.07.22	23:49:00	186.201	186.202	186.190	186.193	22	0	1
2026.07.22	23:50:00	186.192	186.199	186.186	186.193	136	0	1
2026.07.22	23:51:00	186.193	186.207	186.190	186.199	54	0	1
2026.07.22	23:52:00	186.199	186.201	186.190	186.197	48	0	3
2026.07.22	23:53:00	186.198	186.204	186.192	186.195	63	0	1
2026.07.22	23:54:00	186.194	186.202	186.193	186.202	139	0	1
2026.07.22	23:55:00	186.202	186.202	186.196	186.200	26	0	3
2026.07.22	23:56:00	186.199	186.202	186.191	186.202	28	0	1
2026.07.22	23:57:00	186.202	186.204	186.196	186.198	47	0	4
2026.07.22	23:58:00	186.198	186.203	186.192	186.201	51	0	5
2026.07.22	23:59:00	186.200	186.202	186.180	186.181	58	0	11
2026.07.23	00:00:00	186.181	186.181	186.075	186.087	7	0	0
2026.07.23	00:01:00	186.087	186.087	186.087	186.087	1	0	86
2026.07.23	00:02:00	186.087	186.087	186.087	186.087	1	0	86
2026.07.23	00:03:00	186.088	186.088	186.088	186.088	1	0	86
2026.07.23	00:04:00	186.088	186.088	186.088	186.088	1	0	86
2026.07.23	00:05:00	186.088	186.163	186.076	186.080	6	0	0
2026.07.23	00:06:00	186.080	186.080	186.080	186.080	1	0	70
2026.07.23	00:07:00	186.080	186.080	186.079	186.079	2	0	70
2026.07.23	00:08:00	186.079	186.079	186.078	186.078	2	0	71
2026.07.23	00:09:00	186.070	186.078	186.070	186.075	3	0	72
2026.07.23	00:10:00	186.075	186.075	186.075	186.075	1	0	72
2026.07.23	00:11:00	186.076	186.076	186.075	186.075	2	0	71
2026.07.23	00:12:00	186.075	186.088	186.072	186.088	3	0	72
2026.07.23	00:13:00	186.088	186.089	186.083	186.088	4	0	72
2026.07.23	00:14:00	186.088	186.088	186.072	186.072	2	0	73
2026.07.23	00:15:00	186.072	186.072	186.072	186.072	1	0	73
2026.07.23	00:16:00	186.072	186.072	186.072	186.072	1	0	72
2026.07.23	00:17:00	186.072	186.072	186.072	186.072	1	0	74
2026.07.23	00:18:00	186.072	186.072	186.072	186.072	1	0	63
2026.07.23	00:19:00	186.072	186.072	186.072	186.072	1	0	58
2026.07.23	00:20:00	186.072	186.072	186.072	186.072	1	0	64
2026.07.23	00:21:00	186.072	186.072	186.072	186.072	1	0	57
2026.07.23	00:22:00	186.072	186.072	186.051	186.066	11	0	57
2026.07.23	00:23:00	186.065	186.072	186.061	186.061	6	0	78
2026.07.23	00:24:00	186.061	186.061	186.058	186.058	2	0	76
2026.07.23	00:25:00	186.058	186.060	186.053	186.053	6	0	79
2026.07.23	00:26:00	186.053	186.067	186.053	186.057	12	0	64
2026.07.23	00:27:00	186.057	186.060	186.055	186.060	16	0	69
2026.07.23	00:28:00	186.060	186.066	186.051	186.051	11	0	65
2026.07.23	00:29:00	186.051	186.061	186.051	186.051	8	0	68
2026.07.23	00:30:00	186.051	186.070	186.051	186.070	12	0	64
2026.07.23	00:31:00	186.070	186.093	186.061	186.064	11	0	41
2026.07.23	00:32:00	186.064	186.066	186.064	186.064	5	0	61
2026.07.23	00:33:00	186.064	186.066	186.061	186.061	7	0	57
2026.07.23	00:34:00	186.061	186.061	186.051	186.054	12	0	62
2026.07.23	00:35:00	186.054	186.060	186.051	186.051	14	0	64
2026.07.23	00:36:00	186.051	186.051	186.051	186.051	1	0	71
2026.07.23	00:37:00	186.051	186.116	186.051	186.051	4	0	0
2026.07.23	00:38:00	186.051	186.051	186.051	186.051	1	0	70
2026.07.23	00:39:00	186.051	186.051	186.051	186.051	1	0	80
2026.07.23	00:40:00	186.051	186.059	186.051	186.055	20	0	61
2026.07.23	00:41:00	186.055	186.055	186.051	186.051	2	0	60
2026.07.23	00:42:00	186.051	186.051	186.051	186.051	1	0	68
2026.07.23	00:43:00	186.051	186.051	186.051	186.051	1	0	76
2026.07.23	00:44:00	186.051	186.053	186.051	186.051	3	0	73
2026.07.23	00:45:00	186.051	186.051	186.051	186.051	1	0	72
2026.07.23	00:46:00	186.051	186.051	186.051	186.051	1	0	73
2026.07.23	00:47:00	186.051	186.051	186.051	186.051	1	0	64
2026.07.23	00:48:00	186.051	186.052	186.051	186.051	3	0	64
2026.07.23	00:49:00	186.051	186.053	186.051	186.051	3	0	65
2026.07.23	00:50:00	186.051	186.051	186.051	186.051	1	0	63
2026.07.23	00:51:00	186.051	186.051	186.051	186.051	1	0	75
2026.07.23	00:52:00	186.051	186.051	186.051	186.051	1	0	79
2026.07.23	00:53:00	186.051	186.053	186.051	186.053	3	0	86
2026.07.23	00:54:00	186.053	186.055	186.051	186.055	14	0	84
2026.07.23	00:55:00	186.055	186.055	186.051	186.051	3	0	68
2026.07.23	00:56:00	186.051	186.051	186.051	186.051	1	0	70
2026.07.23	00:57:00	186.051	186.051	186.051	186.051	1	0	69
2026.07.23	00:58:00	186.051	186.051	186.051	186.051	1	0	70
2026.07.23	00:59:00	186.051	186.057	186.051	186.057	6	0	75
2026.07.23	01:00:00	186.057	186.123	186.054	186.108	95	0	0
2026.07.23	01:01:00	186.108	186.117	186.107	186.107	43	0	5
2026.07.23	01:02:00	186.107	186.108	186.081	186.081	35	0	0
2026.07.23	01:03:00	186.081	186.081	186.071	186.077	30	0	2
2026.07.23	01:04:00	186.077	186.078	186.057	186.063	37	0	1
2026.07.23	01:05:00	186.063	186.067	186.051	186.059	29	0	1
2026.07.23	01:06:00	186.058	186.063	186.052	186.055	18	0	3
2026.07.23	01:07:00	186.055	186.070	186.055	186.069	27	0	0
2026.07.23	01:08:00	186.069	186.077	186.069	186.077	16	0	5
2026.07.23	01:09:00	186.077	186.080	186.073	186.076	23	0	3
2026.07.23	01:10:00	186.076	186.077	186.051	186.053	50	0	0
2026.07.23	01:11:00	186.053	186.057	186.051	186.053	21	0	4
2026.07.23	01:12:00	186.053	186.067	186.048	186.067	31	0	0
2026.07.23	01:13:00	186.067	186.073	186.066	186.071	11	0	4
2026.07.23	01:14:00	186.068	186.069	186.053	186.061	31	0	0
2026.07.23	01:15:00	186.061	186.065	186.056	186.059	47	0	0
2026.07.23	01:16:00	186.059	186.061	186.044	186.046	60	0	0
2026.07.23	01:17:00	186.046	186.062	186.043	186.059	55	0	0
2026.07.23	01:18:00	186.059	186.065	186.046	186.048	63	0	2
2026.07.23	01:19:00	186.048	186.059	186.047	186.059	41	0	0
2026.07.23	01:20:00	186.058	186.065	186.058	186.065	31	0	1
2026.07.23	01:21:00	186.065	186.066	186.052	186.057	26	0	0
2026.07.23	01:22:00	186.057	186.060	186.057	186.060	14	0	4
2026.07.23	01:23:00	186.060	186.067	186.060	186.066	13	0	1
2026.07.23	01:24:00	186.066	186.067	186.063	186.065	11	0	2
2026.07.23	01:25:00	186.065	186.067	186.061	186.065	11	0	1
2026.07.23	01:26:00	186.065	186.068	186.065	186.068	4	0	3
2026.07.23	01:27:00	186.068	186.069	186.068	186.068	11	0	3
2026.07.23	01:28:00	186.068	186.069	186.063	186.064	14	0	1
2026.07.23	01:29:00	186.064	186.069	186.064	186.067	27	0	0
2026.07.23	01:30:00	186.067	186.071	186.066	186.070	34	0	0
2026.07.23	01:31:00	186.070	186.084	186.070	186.082	34	0	0
2026.07.23	01:32:00	186.082	186.088	186.080	186.080	36	0	1
2026.07.23	01:33:00	186.080	186.082	186.078	186.079	14	0	4
2026.07.23	01:34:00	186.079	186.080	186.077	186.078	14	0	3
2026.07.23	01:35:00	186.078	186.078	186.073	186.076	37	0	3
2026.07.23	01:36:00	186.076	186.076	186.073	186.075	28	0	3
2026.07.23	01:37:00	186.075	186.077	186.073	186.074	24	0	2
2026.07.23	01:38:00	186.073	186.084	186.072	186.084	67	0	0
2026.07.23	01:39:00	186.083	186.083	186.077	186.078	20	0	4
2026.07.23	01:40:00	186.078	186.092	186.078	186.089	89	0	2
2026.07.23	01:41:00	186.089	186.091	186.082	186.083	90	0	2
2026.07.23	01:42:00	186.083	186.085	186.083	186.083	15	0	5
2026.07.23	01:43:00	186.083	186.084	186.074	186.074	17	0	4
2026.07.23	01:44:00	186.074	186.077	186.071	186.071	29	0	2
2026.07.23	01:45:00	186.071	186.072	186.068	186.070	22	0	5
2026.07.23	01:46:00	186.070	186.073	186.070	186.071	15	0	5
2026.07.23	01:47:00	186.071	186.072	186.070	186.071	13	0	4
2026.07.23	01:48:00	186.071	186.071	186.065	186.068	16	0	5
2026.07.23	01:49:00	186.068	186.072	186.068	186.071	16	0	4
2026.07.23	01:50:00	186.071	186.072	186.068	186.069	25	0	4
2026.07.23	01:51:00	186.069	186.071	186.069	186.071	21	0	4
2026.07.23	01:52:00	186.071	186.071	186.069	186.070	24	0	4
2026.07.23	01:53:00	186.070	186.076	186.069	186.073	27	0	1
2026.07.23	01:54:00	186.073	186.077	186.073	186.075	42	0	1
2026.07.23	01:55:00	186.076	186.078	186.075	186.078	19	0	5
2026.07.23	01:56:00	186.078	186.079	186.073	186.073	21	0	3
2026.07.23	01:57:00	186.073	186.078	186.073	186.078	12	0	5
2026.07.23	01:58:00	186.078	186.081	186.078	186.080	19	0	4
2026.07.23	01:59:00	186.080	186.082	186.078	186.082	15	0	4
2026.07.23	02:00:00	186.082	186.085	186.074	186.082	99	0	3
2026.07.23	02:01:00	186.082	186.088	186.078	186.082	27	0	3
2026.07.23	02:02:00	186.082	186.087	186.078	186.087	20	0	1
2026.07.23	02:03:00	186.087	186.088	186.079	186.084	20	0	3
2026.07.23	02:04:00	186.084	186.090	186.083	186.085	31	0	1
2026.07.23	02:05:00	186.085	186.089	186.085	186.089	17	0	3
2026.07.23	02:06:00	186.089	186.090	186.084	186.084	15	0	4
2026.07.23	02:07:00	186.083	186.083	186.080	186.081	45	0	4
2026.07.23	02:08:00	186.082	186.088	186.081	186.087	25	0	3
2026.07.23	02:09:00	186.087	186.092	186.086	186.090	28	0	3
2026.07.23	02:10:00	186.091	186.092	186.087	186.091	24	0	2
2026.07.23	02:11:00	186.091	186.092	186.089	186.090	22	0	4
2026.07.23	02:12:00	186.090	186.093	186.090	186.093	16	0	4
2026.07.23	02:13:00	186.093	186.107	186.091	186.105	36	0	2
2026.07.23	02:14:00	186.105	186.105	186.099	186.100	16	0	4
2026.07.23	02:15:00	186.100	186.101	186.096	186.096	18	0	4
2026.07.23	02:16:00	186.096	186.097	186.093	186.093	20	0	4
2026.07.23	02:17:00	186.093	186.094	186.087	186.091	28	0	4
2026.07.23	02:18:00	186.091	186.098	186.090	186.097	35	0	4
2026.07.23	02:19:00	186.097	186.097	186.092	186.094	26	0	4
2026.07.23	02:20:00	186.094	186.098	186.094	186.097	14	0	4
2026.07.23	02:21:00	186.097	186.107	186.097	186.106	15	0	3
2026.07.23	02:22:00	186.106	186.106	186.100	186.105	23	0	3
2026.07.23	02:23:00	186.105	186.106	186.102	186.102	10	0	4
2026.07.23	02:24:00	186.102	186.102	186.100	186.101	16	0	4
2026.07.23	02:25:00	186.101	186.108	186.101	186.103	21	0	3
2026.07.23	02:26:00	186.103	186.105	186.102	186.105	16	0	4
2026.07.23	02:27:00	186.105	186.105	186.102	186.103	11	0	4
2026.07.23	02:28:00	186.103	186.109	186.102	186.109	18	0	4
2026.07.23	02:29:00	186.108	186.110	186.108	186.109	8	0	4
2026.07.23	02:30:00	186.109	186.112	186.108	186.109	11	0	4
2026.07.23	02:31:00	186.109	186.110	186.106	186.110	20	0	4
2026.07.23	02:32:00	186.110	186.113	186.108	186.113	26	0	4
2026.07.23	02:33:00	186.113	186.115	186.107	186.108	30	0	4
2026.07.23	02:34:00	186.108	186.109	186.106	186.106	7	0	4
2026.07.23	02:35:00	186.106	186.107	186.106	186.106	11	0	4
2026.07.23	02:36:00	186.106	186.107	186.104	186.105	11	0	4
2026.07.23	02:37:00	186.105	186.105	186.104	186.105	5	0	4
2026.07.23	02:38:00	186.105	186.108	186.104	186.105	13	0	4
2026.07.23	02:39:00	186.105	186.105	186.102	186.102	13	0	3
2026.07.23	02:40:00	186.102	186.103	186.101	186.102	7	0	4
2026.07.23	02:41:00	186.102	186.102	186.099	186.101	19	0	3
2026.07.23	02:42:00	186.101	186.102	186.098	186.101	25	0	4
2026.07.23	02:43:00	186.101	186.105	186.100	186.104	10	0	4
2026.07.23	02:44:00	186.105	186.114	186.104	186.110	27	0	3
2026.07.23	02:45:00	186.111	186.119	186.102	186.119	58	0	2
2026.07.23	02:46:00	186.119	186.119	186.114	186.116	21	0	4
2026.07.23	02:47:00	186.116	186.118	186.115	186.116	11	0	4
2026.07.23	02:48:00	186.116	186.120	186.116	186.119	11	0	4
2026.07.23	02:49:00	186.119	186.120	186.117	186.118	14	0	4
2026.07.23	02:50:00	186.118	186.118	186.110	186.114	37	0	4
2026.07.23	02:51:00	186.114	186.115	186.111	186.115	24	0	4
2026.07.23	02:52:00	186.115	186.117	186.112	186.114	19	0	4
2026.07.23	02:53:00	186.114	186.119	186.114	186.118	11	0	1
2026.07.23	02:54:00	186.118	186.119	186.112	186.115	21	0	3
2026.07.23	02:55:00	186.115	186.125	186.115	186.121	34	0	4
2026.07.23	02:56:00	186.121	186.123	186.119	186.122	23	0	4
2026.07.23	02:57:00	186.122	186.125	186.120	186.123	21	0	4
2026.07.23	02:58:00	186.123	186.127	186.121	186.122	26	0	4
2026.07.23	02:59:00	186.122	186.122	186.105	186.106	70	0	4
2026.07.23	03:00:00	186.106	186.125	186.105	186.111	179	0	1
2026.07.23	03:01:00	186.111	186.125	186.109	186.120	134	0	1
2026.07.23	03:02:00	186.120	186.125	186.117	186.120	78	0	3
2026.07.23	03:03:00	186.120	186.133	186.118	186.130	59	0	4
2026.07.23	03:04:00	186.129	186.132	186.126	186.129	56	0	4
2026.07.23	03:05:00	186.129	186.133	186.128	186.132	30	0	4
2026.07.23	03:06:00	186.132	186.144	186.131	186.142	75	0	4
2026.07.23	03:07:00	186.142	186.148	186.127	186.131	90	0	0
2026.07.23	03:08:00	186.131	186.136	186.128	186.134	61	0	4
2026.07.23	03:09:00	186.135	186.142	186.132	186.135	62	0	2
2026.07.23	03:10:00	186.135	186.139	186.130	186.131	26	0	3
2026.07.23	03:11:00	186.131	186.133	186.126	186.130	63	0	3
2026.07.23	03:12:00	186.130	186.131	186.118	186.123	75	0	1
2026.07.23	03:13:00	186.123	186.125	186.116	186.117	73	0	3
2026.07.23	03:14:00	186.117	186.120	186.114	186.118	89	0	2
2026.07.23	03:15:00	186.118	186.128	186.117	186.118	59	0	0
2026.07.23	03:16:00	186.118	186.118	186.111	186.118	88	0	2
2026.07.23	03:17:00	186.118	186.124	186.117	186.120	58	0	4
2026.07.23	03:18:00	186.120	186.122	186.111	186.111	51	0	1
2026.07.23	03:19:00	186.111	186.119	186.111	186.118	49	0	4
2026.07.23	03:20:00	186.118	186.126	186.117	186.120	51	0	0
2026.07.23	03:21:00	186.120	186.122	186.116	186.122	38	0	4
2026.07.23	03:22:00	186.122	186.131	186.117	186.131	49	0	1
2026.07.23	03:23:00	186.131	186.140	186.126	186.136	83	0	1
2026.07.23	03:24:00	186.136	186.139	186.124	186.139	55	0	3
2026.07.23	03:25:00	186.139	186.150	186.138	186.149	81	0	4
2026.07.23	03:26:00	186.149	186.150	186.140	186.140	65	0	3
2026.07.23	03:27:00	186.140	186.145	186.139	186.143	44	0	1
2026.07.23	03:28:00	186.143	186.144	186.130	186.130	36	0	0
2026.07.23	03:29:00	186.129	186.132	186.123	186.126	30	0	4
2026.07.23	03:30:00	186.126	186.139	186.123	186.139	55	0	4
2026.07.23	03:31:00	186.139	186.140	186.126	186.128	74	0	1
2026.07.23	03:32:00	186.128	186.134	186.128	186.133	43	0	3
2026.07.23	03:33:00	186.133	186.134	186.126	186.129	79	0	0
2026.07.23	03:34:00	186.129	186.133	186.128	186.132	72	0	3
2026.07.23	03:35:00	186.132	186.142	186.132	186.139	82	0	3
2026.07.23	03:36:00	186.139	186.142	186.137	186.141	66	0	4
2026.07.23	03:37:00	186.141	186.146	186.140	186.145	61	0	3
2026.07.23	03:38:00	186.145	186.146	186.142	186.144	58	0	4
2026.07.23	03:39:00	186.144	186.144	186.136	186.138	42	0	3
2026.07.23	03:40:00	186.138	186.138	186.130	186.136	82	0	2
2026.07.23	03:41:00	186.136	186.144	186.135	186.140	65	0	0
2026.07.23	03:42:00	186.140	186.142	186.140	186.140	14	0	2
2026.07.23	03:43:00	186.140	186.146	186.139	186.145	58	0	4
2026.07.23	03:44:00	186.145	186.155	186.145	186.149	33	0	0
2026.07.23	03:45:00	186.149	186.163	186.147	186.162	64	0	2
2026.07.23	03:46:00	186.162	186.166	186.153	186.154	98	0	4
2026.07.23	03:47:00	186.154	186.157	186.150	186.157	51	0	4
2026.07.23	03:48:00	186.157	186.162	186.154	186.155	58	0	4
2026.07.23	03:49:00	186.155	186.161	186.153	186.161	69	0	4
2026.07.23	03:50:00	186.161	186.163	186.157	186.158	51	0	4
2026.07.23	03:51:00	186.158	186.169	186.154	186.165	80	0	4
2026.07.23	03:52:00	186.165	186.165	186.149	186.149	67	0	3
2026.07.23	03:53:00	186.149	186.166	186.147	186.160	112	0	2
2026.07.23	03:54:00	186.160	186.189	186.129	186.135	287	0	0
2026.07.23	03:55:00	186.135	186.169	186.135	186.162	169	0	0
2026.07.23	03:56:00	186.162	186.162	186.150	186.155	124	0	2
2026.07.23	03:57:00	186.155	186.164	186.146	186.164	71	0	2
2026.07.23	03:58:00	186.164	186.180	186.163	186.164	146	0	1
2026.07.23	03:59:00	186.164	186.173	186.151	186.167	168	0	1
2026.07.23	04:00:00	186.167	186.185	186.162	186.181	237	0	3
2026.07.23	04:01:00	186.180	186.195	186.172	186.190	217	0	2
2026.07.23	04:02:00	186.190	186.209	186.182	186.206	130	0	1
2026.07.23	04:03:00	186.205	186.206	186.178	186.197	179	0	0
2026.07.23	04:04:00	186.197	186.205	186.188	186.203	113	0	2
2026.07.23	04:05:00	186.203	186.203	186.189	186.193	123	0	2
2026.07.23	04:06:00	186.193	186.196	186.172	186.179	90	0	0
2026.07.23	04:07:00	186.179	186.189	186.178	186.189	90	0	3
2026.07.23	04:08:00	186.189	186.199	186.186	186.187	83	0	0
2026.07.23	04:09:00	186.187	186.196	186.187	186.194	99	0	4
2026.07.23	04:10:00	186.194	186.195	186.164	186.165	111	0	0
2026.07.23	04:11:00	186.165	186.167	186.150	186.161	84	0	0
2026.07.23	04:12:00	186.161	186.168	186.151	186.168	79	0	1
2026.07.23	04:13:00	186.168	186.171	186.163	186.171	128	0	2
2026.07.23	04:14:00	186.171	186.187	186.170	186.179	167	0	0
2026.07.23	04:15:00	186.179	186.181	186.169	186.173	191	0	3
2026.07.23	04:16:00	186.173	186.177	186.164	186.165	183	0	0
2026.07.23	04:17:00	186.165	186.174	186.160	186.172	117	0	2
2026.07.23	04:18:00	186.172	186.186	186.172	186.182	110	0	2
2026.07.23	04:19:00	186.182	186.182	186.175	186.175	65	0	1
2026.07.23	04:20:00	186.175	186.180	186.172	186.179	91	0	3
2026.07.23	04:21:00	186.179	186.188	186.179	186.187	101	0	3
2026.07.23	04:22:00	186.187	186.190	186.182	186.188	37	0	0
2026.07.23	04:23:00	186.188	186.196	186.186	186.195	51	0	1
2026.07.23	04:24:00	186.195	186.196	186.183	186.184	73	0	0
2026.07.23	04:25:00	186.184	186.184	186.175	186.175	63	0	1
2026.07.23	04:26:00	186.175	186.182	186.173	186.182	19	0	1
2026.07.23	04:27:00	186.181	186.194	186.181	186.186	54	0	0
2026.07.23	04:28:00	186.186	186.192	186.184	186.185	38	0	3
2026.07.23	04:29:00	186.185	186.187	186.182	186.186	46	0	4
2026.07.23	04:30:00	186.186	186.202	186.172	186.172	161	0	0
2026.07.23	04:31:00	186.172	186.183	186.171	186.174	152	0	3
2026.07.23	04:32:00	186.174	186.183	186.166	186.179	129	0	3
2026.07.23	04:33:00	186.179	186.192	186.174	186.190	181	0	3
2026.07.23	04:34:00	186.190	186.193	186.179	186.180	138	0	2
2026.07.23	04:35:00	186.180	186.183	186.172	186.180	135	0	0
2026.07.23	04:36:00	186.180	186.183	186.168	186.174	111	0	3
2026.07.23	04:37:00	186.174	186.176	186.130	186.130	184	0	0
2026.07.23	04:38:00	186.130	186.142	186.125	186.141	128	0	1
2026.07.23	04:39:00	186.141	186.144	186.129	186.132	105	0	3
2026.07.23	04:40:00	186.132	186.135	186.103	186.131	189	0	0
2026.07.23	04:41:00	186.131	186.147	186.131	186.142	127	0	3
2026.07.23	04:42:00	186.142	186.151	186.140	186.149	151	0	3
2026.07.23	04:43:00	186.149	186.149	186.138	186.140	109	0	2
2026.07.23	04:44:00	186.140	186.142	186.133	186.138	96	0	4
2026.07.23	04:45:00	186.138	186.142	186.133	186.141	102	0	1
2026.07.23	04:46:00	186.141	186.141	186.132	186.132	116	0	3
2026.07.23	04:47:00	186.132	186.134	186.128	186.129	85	0	4
2026.07.23	04:48:00	186.129	186.139	186.129	186.139	76	0	2
2026.07.23	04:49:00	186.139	186.150	186.137	186.148	87	0	4
2026.07.23	04:50:00	186.148	186.159	186.147	186.158	103	0	2
2026.07.23	04:51:00	186.158	186.163	186.150	186.151	82	0	1
2026.07.23	04:52:00	186.149	186.156	186.140	186.156	91	0	0
2026.07.23	04:53:00	186.156	186.166	186.155	186.159	102	0	0
2026.07.23	04:54:00	186.159	186.163	186.148	186.152	56	0	0
2026.07.23	04:55:00	186.152	186.155	186.149	186.150	87	0	2
2026.07.23	04:56:00	186.150	186.154	186.143	186.147	77	0	1
2026.07.23	04:57:00	186.147	186.153	186.137	186.147	82	0	0
2026.07.23	04:58:00	186.147	186.154	186.142	186.152	90	0	1
2026.07.23	04:59:00	186.152	186.158	186.149	186.157	50	0	2
2026.07.23	05:00:00	186.156	186.180	186.156	186.170	89	0	0
2026.07.23	05:01:00	186.170	186.182	186.170	186.182	82	0	1
2026.07.23	05:02:00	186.182	186.192	186.182	186.189	69	0	1
2026.07.23	05:03:00	186.189	186.192	186.187	186.188	58	0	2
2026.07.23	05:04:00	186.188	186.189	186.184	186.184	34	0	0
2026.07.23	05:05:00	186.184	186.190	186.178	186.187	75	0	1
2026.07.23	05:06:00	186.187	186.187	186.176	186.177	62	0	0
2026.07.23	05:07:00	186.178	186.184	186.178	186.181	45	0	2
2026.07.23	05:08:00	186.181	186.186	186.180	186.184	41	0	2
2026.07.23	05:09:00	186.184	186.190	186.179	186.182	68	0	0
2026.07.23	05:10:00	186.182	186.183	186.179	186.181	76	0	4
2026.07.23	05:11:00	186.181	186.182	186.174	186.181	70	0	1
2026.07.23	05:12:00	186.181	186.181	186.174	186.177	40	0	2
2026.07.23	05:13:00	186.177	186.196	186.176	186.195	62	0	1
2026.07.23	05:14:00	186.195	186.196	186.188	186.189	49	0	3
2026.07.23	05:15:00	186.189	186.195	186.184	186.190	57	0	2
2026.07.23	05:16:00	186.190	186.193	186.186	186.191	58	0	1
2026.07.23	05:17:00	186.191	186.192	186.181	186.186	69	0	0
2026.07.23	05:18:00	186.186	186.193	186.181	186.191	62	0	0
2026.07.23	05:19:00	186.191	186.193	186.190	186.193	21	0	3
2026.07.23	05:20:00	186.193	186.196	186.192	186.193	26	0	3
2026.07.23	05:21:00	186.193	186.195	186.179	186.180	46	0	0
2026.07.23	05:22:00	186.180	186.190	186.180	186.189	57	0	3
2026.07.23	05:23:00	186.189	186.210	186.189	186.210	67	0	0
2026.07.23	05:24:00	186.210	186.215	186.209	186.215	64	0	4
2026.07.23	05:25:00	186.215	186.215	186.209	186.210	56	0	2
2026.07.23	05:26:00	186.210	186.212	186.209	186.210	41	0	4
2026.07.23	05:27:00	186.210	186.212	186.207	186.211	33	0	3
2026.07.23	05:28:00	186.211	186.228	186.211	186.225	56	0	0
2026.07.23	05:29:00	186.225	186.229	186.222	186.228	39	0	2
2026.07.23	05:30:00	186.228	186.244	186.227	186.241	90	0	2
2026.07.23	05:31:00	186.241	186.248	186.235	186.248	75	0	3
2026.07.23	05:32:00	186.248	186.256	186.246	186.253	78	0	0
2026.07.23	05:33:00	186.253	186.275	186.253	186.275	97	0	3
2026.07.23	05:34:00	186.275	186.289	186.272	186.289	97	0	0
2026.07.23	05:35:00	186.289	186.293	186.285	186.288	101	0	0
2026.07.23	05:36:00	186.288	186.327	186.287	186.312	173	0	0
2026.07.23	05:37:00	186.312	186.316	186.304	186.312	91	0	3
2026.07.23	05:38:00	186.312	186.313	186.304	186.307	131	0	4
2026.07.23	05:39:00	186.307	186.312	186.306	186.311	37	0	4
2026.07.23	05:40:00	186.311	186.318	186.311	186.315	52	0	4
2026.07.23	05:41:00	186.315	186.325	186.313	186.324	83	0	3
2026.07.23	05:42:00	186.324	186.325	186.319	186.322	26	0	3
2026.07.23	05:43:00	186.322	186.329	186.320	186.320	54	0	3
2026.07.23	05:44:00	186.320	186.327	186.317	186.323	49	0	2
2026.07.23	05:45:00	186.323	186.336	186.322	186.332	60	0	0
2026.07.23	05:46:00	186.331	186.343	186.325	186.335	133	0	0
2026.07.23	05:47:00	186.335	186.343	186.334	186.340	102	0	2
2026.07.23	05:48:00	186.340	186.342	186.327	186.335	115	0	2
2026.07.23	05:49:00	186.335	186.336	186.320	186.321	102	0	2
2026.07.23	05:50:00	186.321	186.333	186.319	186.331	85	0	1
2026.07.23	05:51:00	186.331	186.333	186.323	186.332	103	0	0
2026.07.23	05:52:00	186.332	186.334	186.325	186.330	42	0	4
2026.07.23	05:53:00	186.330	186.335	186.330	186.335	14	0	4
2026.07.23	05:54:00	186.335	186.336	186.331	186.336	27	0	2
2026.07.23	05:55:00	186.336	186.338	186.330	186.332	44	0	1
2026.07.23	05:56:00	186.332	186.333	186.330	186.333	63	0	3
2026.07.23	05:57:00	186.333	186.342	186.331	186.342	28	0	2
2026.07.23	05:58:00	186.342	186.348	186.341	186.347	24	0	2
2026.07.23	05:59:00	186.347	186.355	186.343	186.347	32	0	0
2026.07.23	06:00:00	186.347	186.366	186.346	186.366	120	0	0
2026.07.23	06:01:00	186.366	186.373	186.363	186.365	112	0	0
2026.07.23	06:02:00	186.365	186.371	186.362	186.365	55	0	0
2026.07.23	06:03:00	186.365	186.365	186.347	186.348	66	0	0
2026.07.23	06:04:00	186.348	186.352	186.332	186.332	66	0	0
2026.07.23	06:05:00	186.332	186.339	186.331	186.339	123	0	1
2026.07.23	06:06:00	186.339	186.341	186.337	186.337	43	0	1
2026.07.23	06:07:00	186.336	186.339	186.331	186.338	100	0	0
2026.07.23	06:08:00	186.338	186.338	186.330	186.336	53	0	0
2026.07.23	06:09:00	186.336	186.342	186.335	186.341	30	0	2
2026.07.23	06:10:00	186.341	186.345	186.334	186.334	87	0	2
2026.07.23	06:11:00	186.335	186.336	186.320	186.322	58	0	0
2026.07.23	06:12:00	186.322	186.326	186.316	186.318	88	0	0
2026.07.23	06:13:00	186.318	186.318	186.305	186.312	175	0	0
2026.07.23	06:14:00	186.312	186.317	186.302	186.303	84	0	0
2026.07.23	06:15:00	186.303	186.307	186.298	186.302	107	0	3
2026.07.23	06:16:00	186.302	186.325	186.302	186.322	95	0	2
2026.07.23	06:17:00	186.322	186.339	186.322	186.338	79	0	0
2026.07.23	06:18:00	186.338	186.341	186.323	186.324	101	0	3
2026.07.23	06:19:00	186.324	186.332	186.322	186.329	74	0	3
2026.07.23	06:20:00	186.329	186.344	186.327	186.343	106	0	2
2026.07.23	06:21:00	186.343	186.346	186.340	186.344	73	0	3
2026.07.23	06:22:00	186.344	186.344	186.333	186.341	111	0	3
2026.07.23	06:23:00	186.341	186.341	186.336	186.339	73	0	4
2026.07.23	06:24:00	186.339	186.345	186.335	186.345	62	0	1
2026.07.23	06:25:00	186.345	186.345	186.337	186.339	60	0	0
2026.07.23	06:26:00	186.339	186.341	186.329	186.338	118	0	0
2026.07.23	06:27:00	186.338	186.338	186.326	186.327	89	0	1
2026.07.23	06:28:00	186.327	186.342	186.325	186.341	67	0	1
2026.07.23	06:29:00	186.341	186.354	186.339	186.351	39	0	1
2026.07.23	06:30:00	186.351	186.353	186.347	186.350	134	0	4
2026.07.23	06:31:00	186.350	186.352	186.338	186.344	104	0	0
2026.07.23	06:32:00	186.344	186.348	186.341	186.344	63	0	3
2026.07.23	06:33:00	186.344	186.348	186.341	186.347	53	0	1
2026.07.23	06:34:00	186.347	186.357	186.345	186.353	64	0	0
2026.07.23	06:35:00	186.353	186.353	186.349	186.353	21	0	1
2026.07.23	06:36:00	186.353	186.362	186.351	186.360	30	0	0
2026.07.23	06:37:00	186.360	186.371	186.359	186.371	41	0	1
2026.07.23	06:38:00	186.371	186.371	186.365	186.367	72	0	3
2026.07.23	06:39:00	186.367	186.370	186.362	186.364	39	0	1
2026.07.23	06:40:00	186.364	186.368	186.363	186.363	50	0	2
2026.07.23	06:41:00	186.363	186.373	186.363	186.371	27	0	3
2026.07.23	06:42:00	186.371	186.371	186.366	186.368	60	0	0
2026.07.23	06:43:00	186.367	186.367	186.352	186.353	119	0	0
2026.07.23	06:44:00	186.353	186.360	186.352	186.357	92	0	3
2026.07.23	06:45:00	186.357	186.365	186.355	186.363	127	0	3
2026.07.23	06:46:00	186.363	186.367	186.349	186.351	140	0	0
2026.07.23	06:47:00	186.351	186.361	186.350	186.359	56	0	0
2026.07.23	06:48:00	186.359	186.362	186.351	186.358	49	0	0
2026.07.23	06:49:00	186.358	186.364	186.357	186.359	55	0	0
2026.07.23	06:50:00	186.359	186.360	186.355	186.355	70	0	1
2026.07.23	06:51:00	186.355	186.359	186.353	186.359	78	0	1
2026.07.23	06:52:00	186.359	186.363	186.353	186.355	63	0	1
2026.07.23	06:53:00	186.355	186.355	186.348	186.355	28	0	2
2026.07.23	06:54:00	186.355	186.356	186.347	186.353	44	0	1
2026.07.23	06:55:00	186.353	186.355	186.346	186.350	51	0	1
2026.07.23	06:56:00	186.350	186.350	186.344	186.346	95	0	0
2026.07.23	06:57:00	186.346	186.356	186.346	186.353	84	0	2
2026.07.23	06:58:00	186.353	186.361	186.350	186.353	67	0	3
2026.07.23	06:59:00	186.353	186.357	186.343	186.343	53	0	3
2026.07.23	07:00:00	186.343	186.345	186.334	186.345	104	0	4
2026.07.23	07:01:00	186.345	186.346	186.341	186.344	56	0	4
2026.07.23	07:02:00	186.344	186.347	186.338	186.344	84	0	4
2026.07.23	07:03:00	186.344	186.358	186.344	186.353	77	0	0
2026.07.23	07:04:00	186.353	186.361	186.351	186.357	66	0	4
2026.07.23	07:05:00	186.357	186.360	186.350	186.351	65	0	0
2026.07.23	07:06:00	186.351	186.355	186.342	186.355	70	0	2
2026.07.23	07:07:00	186.354	186.371	186.352	186.370	131	0	4
2026.07.23	07:08:00	186.371	186.414	186.369	186.413	206	0	0
2026.07.23	07:09:00	186.413	186.418	186.404	186.415	122	0	1
2026.07.23	07:10:00	186.415	186.442	186.415	186.441	103	0	0
2026.07.23	07:11:00	186.441	186.444	186.432	186.442	75	0	3
2026.07.23	07:12:00	186.442	186.459	186.440	186.458	41	0	1
2026.07.23	07:13:00	186.458	186.461	186.437	186.439	73	0	0
2026.07.23	07:14:00	186.439	186.442	186.425	186.432	70	0	3
2026.07.23	07:15:00	186.432	186.436	186.422	186.429	97	0	2
2026.07.23	07:16:00	186.429	186.437	186.425	186.430	98	0	4
2026.07.23	07:17:00	186.430	186.435	186.400	186.403	148	0	0
2026.07.23	07:18:00	186.403	186.404	186.387	186.393	129	0	0
2026.07.23	07:19:00	186.393	186.394	186.389	186.392	67	0	4
2026.07.23	07:20:00	186.392	186.397	186.389	186.391	69	0	3
2026.07.23	07:21:00	186.391	186.401	186.391	186.401	57	0	3
2026.07.23	07:22:00	186.401	186.404	186.396	186.397	45	0	2
2026.07.23	07:23:00	186.397	186.414	186.397	186.411	24	0	0
2026.07.23	07:24:00	186.411	186.416	186.407	186.415	43	0	3
2026.07.23	07:25:00	186.415	186.430	186.413	186.430	67	0	0
2026.07.23	07:26:00	186.430	186.433	186.425	186.428	55	0	3
2026.07.23	07:27:00	186.428	186.435	186.425	186.434	53	0	2
2026.07.23	07:28:00	186.434	186.436	186.425	186.431	54	0	0
2026.07.23	07:29:00	186.432	186.439	186.428	186.437	57	0	2
2026.07.23	07:30:00	186.437	186.454	186.437	186.444	64	0	0
2026.07.23	07:31:00	186.444	186.445	186.433	186.443	59	0	0
2026.07.23	07:32:00	186.443	186.459	186.442	186.458	68	0	2
2026.07.23	07:33:00	186.458	186.460	186.453	186.453	15	0	0
2026.07.23	07:34:00	186.453	186.453	186.445	186.445	39	0	2
2026.07.23	07:35:00	186.445	186.447	186.436	186.436	45	0	0
2026.07.23	07:36:00	186.436	186.440	186.433	186.439	79	0	2
2026.07.23	07:37:00	186.439	186.440	186.435	186.436	132	0	2
2026.07.23	07:38:00	186.436	186.438	186.431	186.432	86	0	4
2026.07.23	07:39:00	186.432	186.433	186.428	186.429	48	0	3
2026.07.23	07:40:00	186.429	186.434	186.420	186.420	70	0	0
2026.07.23	07:41:00	186.420	186.421	186.411	186.413	60	0	0
2026.07.23	07:42:00	186.413	186.419	186.413	186.415	30	0	1
2026.07.23	07:43:00	186.415	186.415	186.412	186.413	21	0	3
2026.07.23	07:44:00	186.413	186.416	186.407	186.408	53	0	2
2026.07.23	07:45:00	186.408	186.419	186.407	186.419	21	0	0
2026.07.23	07:46:00	186.419	186.422	186.407	186.408	47	0	2
2026.07.23	07:47:00	186.408	186.450	186.408	186.449	82	0	0
2026.07.23	07:48:00	186.449	186.452	186.435	186.436	137	0	3
2026.07.23	07:49:00	186.436	186.437	186.422	186.427	153	0	4
2026.07.23	07:50:00	186.427	186.430	186.419	186.424	105	0	3
2026.07.23	07:51:00	186.424	186.427	186.416	186.419	64	0	3
2026.07.23	07:52:00	186.419	186.426	186.419	186.422	48	0	3
2026.07.23	07:53:00	186.422	186.425	186.422	186.424	60	0	4
2026.07.23	07:54:00	186.424	186.426	186.417	186.424	58	0	1
2026.07.23	07:55:00	186.424	186.428	186.413	186.415	83	0	0
2026.07.23	07:56:00	186.415	186.417	186.400	186.405	60	0	0
2026.07.23	07:57:00	186.405	186.424	186.405	186.423	76	0	2
2026.07.23	07:58:00	186.423	186.431	186.414	186.431	58	0	0
2026.07.23	07:59:00	186.431	186.434	186.429	186.432	43	0	4
2026.07.23	08:00:00	186.433	186.449	186.433	186.448	68	0	0
2026.07.23	08:01:00	186.446	186.466	186.442	186.454	65	0	0
2026.07.23	08:02:00	186.454	186.474	186.453	186.463	80	0	0
2026.07.23	08:03:00	186.463	186.465	186.454	186.455	52	0	1
2026.07.23	08:04:00	186.455	186.459	186.453	186.459	62	0	0
2026.07.23	08:05:00	186.459	186.470	186.459	186.460	79	0	0
2026.07.23	08:06:00	186.460	186.463	186.453	186.453	57	0	0
2026.07.23	08:07:00	186.453	186.473	186.453	186.470	69	0	0
2026.07.23	08:08:00	186.470	186.472	186.466	186.467	44	0	0
2026.07.23	08:09:00	186.467	186.471	186.466	186.468	49	0	0
2026.07.23	08:10:00	186.468	186.474	186.467	186.474	27	0	0
2026.07.23	08:11:00	186.474	186.475	186.465	186.467	56	0	0
2026.07.23	08:12:00	186.467	186.467	186.459	186.459	72	0	0
2026.07.23	08:13:00	186.459	186.460	186.454	186.457	32	0	0
2026.07.23	08:14:00	186.457	186.459	186.441	186.442	66	0	0
2026.07.23	08:15:00	186.442	186.442	186.421	186.423	90	0	0
2026.07.23	08:16:00	186.424	186.431	186.420	186.427	68	0	0
2026.07.23	08:17:00	186.426	186.429	186.422	186.428	62	0	0
2026.07.23	08:18:00	186.428	186.431	186.424	186.428	35	0	0
2026.07.23	08:19:00	186.428	186.434	186.424	186.431	70	0	0
2026.07.23	08:20:00	186.430	186.437	186.425	186.434	64	0	0
2026.07.23	08:21:00	186.434	186.435	186.427	186.431	66	0	0
2026.07.23	08:22:00	186.431	186.435	186.418	186.419	54	0	0
2026.07.23	08:23:00	186.419	186.421	186.412	186.412	31	0	0
2026.07.23	08:24:00	186.412	186.421	186.411	186.412	56	0	0
2026.07.23	08:25:00	186.412	186.425	186.412	186.416	41	0	0
2026.07.23	08:26:00	186.416	186.423	186.416	186.422	31	0	0
2026.07.23	08:27:00	186.422	186.423	186.418	186.421	33	0	1
2026.07.23	08:28:00	186.421	186.422	186.415	186.415	28	0	0
2026.07.23	08:29:00	186.415	186.422	186.415	186.422	47	0	0
2026.07.23	08:30:00	186.422	186.423	186.410	186.413	82	0	0
2026.07.23	08:31:00	186.413	186.414	186.403	186.411	59	0	0
2026.07.23	08:32:00	186.411	186.413	186.401	186.407	62	0	0
2026.07.23	08:33:00	186.407	186.412	186.406	186.410	36	0	0
2026.07.23	08:34:00	186.410	186.413	186.402	186.404	51	0	0
2026.07.23	08:35:00	186.404	186.405	186.391	186.394	49	0	0
2026.07.23	08:36:00	186.394	186.404	186.392	186.398	91	0	0
2026.07.23	08:37:00	186.398	186.405	186.398	186.402	58	0	0
2026.07.23	08:38:00	186.402	186.408	186.399	186.403	53	0	0
2026.07.23	08:39:00	186.403	186.405	186.390	186.391	73	0	0
2026.07.23	08:40:00	186.391	186.398	186.384	186.395	71	0	0
2026.07.23	08:41:00	186.395	186.401	186.393	186.397	46	0	0
2026.07.23	08:42:00	186.397	186.399	186.393	186.393	38	0	1
2026.07.23	08:43:00	186.393	186.408	186.393	186.407	71	0	0
2026.07.23	08:44:00	186.407	186.407	186.394	186.406	66	0	0
2026.07.23	08:45:00	186.406	186.411	186.406	186.408	39	0	0
2026.07.23	08:46:00	186.408	186.414	186.403	186.413	55	0	0
2026.07.23	08:47:00	186.413	186.423	186.413	186.414	40	0	0
2026.07.23	08:48:00	186.414	186.416	186.410	186.414	21	0	0
2026.07.23	08:49:00	186.414	186.418	186.409	186.409	19	0	0
2026.07.23	08:50:00	186.409	186.409	186.401	186.406	65	0	0
2026.07.23	08:51:00	186.406	186.411	186.403	186.409	43	0	0
2026.07.23	08:52:00	186.409	186.414	186.403	186.404	59	0	0
2026.07.23	08:53:00	186.404	186.415	186.403	186.412	30	0	0
2026.07.23	08:54:00	186.412	186.420	186.412	186.412	63	0	0
2026.07.23	08:55:00	186.412	186.439	186.410	186.439	52	0	0
2026.07.23	08:56:00	186.441	186.447	186.429	186.442	105	0	0
2026.07.23	08:57:00	186.442	186.442	186.427	186.431	61	0	0
2026.07.23	08:58:00	186.431	186.445	186.430	186.440	46	0	0
2026.07.23	08:59:00	186.440	186.443	186.432	186.433	42	0	0
2026.07.23	09:00:00	186.433	186.459	186.418	186.449	159	0	0
2026.07.23	09:01:00	186.449	186.465	186.445	186.448	110	0	0
2026.07.23	09:02:00	186.448	186.472	186.447	186.450	115	0	0
2026.07.23	09:03:00	186.450	186.472	186.450	186.471	85	0	0
2026.07.23	09:04:00	186.471	186.485	186.438	186.442	113	0	0
2026.07.23	09:05:00	186.442	186.445	186.435	186.439	65	0	0
2026.07.23	09:06:00	186.438	186.441	186.413	186.432	84	0	0
2026.07.23	09:07:00	186.432	186.437	186.410	186.413	69	0	0
2026.07.23	09:08:00	186.413	186.417	186.403	186.411	75	0	0
2026.07.23	09:09:00	186.411	186.418	186.404	186.409	88	0	0
2026.07.23	09:10:00	186.409	186.430	186.408	186.425	100	0	0
2026.07.23	09:11:00	186.425	186.437	186.421	186.431	63	0	0
2026.07.23	09:12:00	186.431	186.433	186.396	186.412	124	0	0
2026.07.23	09:13:00	186.412	186.426	186.410	186.425	50	0	0
2026.07.23	09:14:00	186.425	186.432	186.421	186.423	66	0	0
2026.07.23	09:15:00	186.423	186.436	186.422	186.430	65	0	0
2026.07.23	09:16:00	186.430	186.434	186.424	186.432	76	0	0
2026.07.23	09:17:00	186.432	186.432	186.419	186.422	77	0	0
2026.07.23	09:18:00	186.422	186.434	186.415	186.422	121	0	0
2026.07.23	09:19:00	186.422	186.433	186.392	186.395	83	0	0
2026.07.23	09:20:00	186.395	186.397	186.388	186.394	52	0	1
2026.07.23	09:21:00	186.394	186.400	186.387	186.400	75	0	0
2026.07.23	09:22:00	186.400	186.406	186.394	186.403	30	0	0
2026.07.23	09:23:00	186.403	186.410	186.395	186.403	48	0	0
2026.07.23	09:24:00	186.403	186.403	186.386	186.392	43	0	0
2026.07.23	09:25:00	186.392	186.392	186.379	186.383	56	0	0
2026.07.23	09:26:00	186.383	186.386	186.375	186.385	75	0	0
2026.07.23	09:27:00	186.385	186.385	186.369	186.374	62	0	0
2026.07.23	09:28:00	186.374	186.375	186.359	186.363	67	0	0
2026.07.23	09:29:00	186.363	186.372	186.359	186.368	78	0	0
2026.07.23	09:30:00	186.368	186.373	186.356	186.368	134	0	0
2026.07.23	09:31:00	186.368	186.368	186.356	186.357	118	0	0
2026.07.23	09:32:00	186.357	186.360	186.348	186.351	103	0	0
2026.07.23	09:33:00	186.351	186.351	186.340	186.344	53	0	1
2026.07.23	09:34:00	186.344	186.359	186.343	186.347	91	0	0
2026.07.23	09:35:00	186.348	186.353	186.333	186.340	84	0	0
2026.07.23	09:36:00	186.339	186.348	186.339	186.347	47	0	0
2026.07.23	09:37:00	186.347	186.356	186.345	186.347	62	0	0
2026.07.23	09:38:00	186.347	186.347	186.333	186.346	50	0	0
2026.07.23	09:39:00	186.345	186.355	186.335	186.339	66	0	0
2026.07.23	09:40:00	186.339	186.348	186.336	186.340	86	0	0
2026.07.23	09:41:00	186.340	186.344	186.323	186.343	95	0	0
2026.07.23	09:42:00	186.343	186.353	186.339	186.339	75	0	0
2026.07.23	09:43:00	186.339	186.352	186.336	186.350	54	0	0
2026.07.23	09:44:00	186.350	186.363	186.350	186.356	67	0	0
2026.07.23	09:45:00	186.356	186.364	186.349	186.361	75	0	0
2026.07.23	09:46:00	186.361	186.372	186.358	186.366	49	0	1
2026.07.23	09:47:00	186.366	186.372	186.361	186.372	48	0	1
2026.07.23	09:48:00	186.372	186.377	186.370	186.377	68	0	0
2026.07.23	09:49:00	186.377	186.384	186.370	186.370	42	0	0
2026.07.23	09:50:00	186.370	186.374	186.362	186.371	67	0	0
2026.07.23	09:51:00	186.371	186.377	186.368	186.374	51	0	1
2026.07.23	09:52:00	186.374	186.375	186.367	186.375	66	0	0
2026.07.23	09:53:00	186.375	186.376	186.359	186.360	61	0	0
2026.07.23	09:54:00	186.360	186.364	186.347	186.351	64	0	0
2026.07.23	09:55:00	186.351	186.354	186.332	186.337	107	0	0
2026.07.23	09:56:00	186.337	186.341	186.332	186.335	93	0	0
2026.07.23	09:57:00	186.335	186.348	186.334	186.347	91	0	0
2026.07.23	09:58:00	186.347	186.355	186.343	186.354	77	0	0
2026.07.23	09:59:00	186.354	186.368	186.354	186.360	54	0	0
2026.07.23	10:00:00	186.360	186.380	186.352	186.375	175	0	0
2026.07.23	10:01:00	186.375	186.403	186.375	186.392	147	0	0
2026.07.23	10:02:00	186.392	186.392	186.372	186.385	147	0	0
2026.07.23	10:03:00	186.385	186.386	186.356	186.362	130	0	0
2026.07.23	10:04:00	186.362	186.365	186.348	186.349	144	0	0
2026.07.23	10:05:00	186.348	186.373	186.347	186.365	109	0	0
2026.07.23	10:06:00	186.365	186.371	186.359	186.359	81	0	0
2026.07.23	10:07:00	186.359	186.377	186.358	186.364	123	0	0
2026.07.23	10:08:00	186.362	186.368	186.361	186.368	76	0	1
2026.07.23	10:09:00	186.368	186.372	186.364	186.371	93	0	1
2026.07.23	10:10:00	186.371	186.387	186.363	186.386	135	0	0
2026.07.23	10:11:00	186.386	186.386	186.365	186.376	115	0	0
2026.07.23	10:12:00	186.376	186.390	186.374	186.390	96	0	0
2026.07.23	10:13:00	186.390	186.401	186.384	186.388	130	0	0
2026.07.23	10:14:00	186.388	186.413	186.383	186.413	107	0	0
2026.07.23	10:15:00	186.413	186.428	186.408	186.428	61	0	0
2026.07.23	10:16:00	186.428	186.429	186.419	186.421	78	0	0
2026.07.23	10:17:00	186.421	186.423	186.411	186.419	66	0	0
2026.07.23	10:18:00	186.419	186.424	186.410	186.421	79	0	0
2026.07.23	10:19:00	186.421	186.438	186.421	186.431	107	0	0
2026.07.23	10:20:00	186.431	186.436	186.424	186.432	84	0	0
2026.07.23	10:21:00	186.432	186.436	186.418	186.423	48	0	0
2026.07.23	10:22:00	186.423	186.432	186.416	186.419	72	0	0
2026.07.23	10:23:00	186.419	186.420	186.400	186.405	75	0	0
2026.07.23	10:24:00	186.405	186.406	186.380	186.384	81	0	0
2026.07.23	10:25:00	186.384	186.414	186.384	186.413	66	0	0
2026.07.23	10:26:00	186.413	186.429	186.413	186.421	70	0	0
2026.07.23	10:27:00	186.421	186.425	186.403	186.403	83	0	0
2026.07.23	10:28:00	186.403	186.423	186.399	186.420	77	0	0
2026.07.23	10:29:00	186.420	186.434	186.419	186.427	101	0	0
2026.07.23	10:30:00	186.427	186.440	186.425	186.437	86	0	0
2026.07.23	10:31:00	186.437	186.437	186.427	186.427	50	0	0
2026.07.23	10:32:00	186.428	186.442	186.421	186.441	91	0	0
2026.07.23	10:33:00	186.441	186.458	186.440	186.451	64	0	0
2026.07.23	10:34:00	186.451	186.452	186.439	186.443	92	0	0
2026.07.23	10:35:00	186.443	186.451	186.442	186.451	47	0	0
2026.07.23	10:36:00	186.451	186.451	186.443	186.444	31	0	0
2026.07.23	10:37:00	186.444	186.451	186.442	186.450	48	0	0
2026.07.23	10:38:00	186.450	186.460	186.446	186.450	108	0	0
2026.07.23	10:39:00	186.450	186.454	186.446	186.450	76	0	0
2026.07.23	10:40:00	186.450	186.468	186.450	186.466	86	0	0
2026.07.23	10:41:00	186.466	186.466	186.451	186.457	106	0	0
2026.07.23	10:42:00	186.457	186.468	186.449	186.450	94	0	0
2026.07.23	10:43:00	186.450	186.497	186.450	186.475	228	0	0
2026.07.23	10:44:00	186.475	186.484	186.441	186.451	130	0	0
2026.07.23	10:45:00	186.451	186.486	186.449	186.476	155	0	0
2026.07.23	10:46:00	186.476	186.500	186.470	186.495	180	0	0
2026.07.23	10:47:00	186.495	186.554	186.493	186.520	257	0	0
2026.07.23	10:48:00	186.520	186.566	186.518	186.565	187	0	0
2026.07.23	10:49:00	186.566	186.574	186.554	186.558	120	0	0
2026.07.23	10:50:00	186.558	186.593	186.555	186.585	160	0	0
2026.07.23	10:51:00	186.585	186.605	186.582	186.582	118	0	0
2026.07.23	10:52:00	186.582	186.649	186.579	186.628	141	0	0
2026.07.23	10:53:00	186.628	186.647	186.616	186.639	165	0	0
2026.07.23	10:54:00	186.639	186.665	186.632	186.655	216	0	0
2026.07.23	10:55:00	186.655	186.664	186.438	186.543	399	0	0
2026.07.23	10:56:00	186.543	186.601	186.542	186.598	345	0	0
2026.07.23	10:57:00	186.598	186.608	186.577	186.600	226	0	0
2026.07.23	10:58:00	186.600	186.603	186.570	186.575	172	0	0
2026.07.23	10:59:00	186.575	186.585	186.552	186.585	190	0	0
2026.07.23	11:00:00	186.584	186.593	186.550	186.574	239	0	0
2026.07.23	11:01:00	186.574	186.593	186.573	186.587	220	0	0
2026.07.23	11:02:00	186.587	186.604	186.584	186.599	193	0	0
2026.07.23	11:03:00	186.599	186.607	186.578	186.586	195	0	0
2026.07.23	11:04:00	186.586	186.615	186.581	186.595	143	0	0
2026.07.23	11:05:00	186.595	186.599	186.577	186.580	117	0	0
2026.07.23	11:06:00	186.580	186.590	186.578	186.581	106	0	0
2026.07.23	11:07:00	186.581	186.602	186.580	186.595	123	0	0
2026.07.23	11:08:00	186.595	186.604	186.583	186.583	96	0	0
2026.07.23	11:09:00	186.583	186.596	186.570	186.575	123	0	0
2026.07.23	11:10:00	186.575	186.594	186.575	186.590	88	0	0
2026.07.23	11:11:00	186.590	186.606	186.589	186.604	80	0	0
2026.07.23	11:12:00	186.604	186.610	186.596	186.605	114	0	0
2026.07.23	11:13:00	186.605	186.605	186.588	186.591	100	0	0
2026.07.23	11:14:00	186.591	186.606	186.574	186.576	114	0	0
2026.07.23	11:15:00	186.576	186.579	186.562	186.565	139	0	0
2026.07.23	11:16:00	186.565	186.565	186.538	186.541	143	0	0
2026.07.23	11:17:00	186.541	186.551	186.535	186.537	104	0	0
2026.07.23	11:18:00	186.537	186.541	186.521	186.522	113	0	0
2026.07.23	11:19:00	186.522	186.537	186.520	186.529	113	0	0
2026.07.23	11:20:00	186.529	186.549	186.523	186.549	86	0	0
2026.07.23	11:21:00	186.549	186.551	186.530	186.551	133	0	0
2026.07.23	11:22:00	186.551	186.570	186.548	186.556	70	0	0
2026.07.23	11:23:00	186.556	186.567	186.546	186.567	82	0	0
2026.07.23	11:24:00	186.567	186.567	186.523	186.535	84	0	0
2026.07.23	11:25:00	186.535	186.542	186.532	186.536	71	0	0
2026.07.23	11:26:00	186.536	186.542	186.519	186.539	69	0	0
2026.07.23	11:27:00	186.539	186.541	186.523	186.523	40	0	0
2026.07.23	11:28:00	186.523	186.535	186.521	186.533	61	0	0
2026.07.23	11:29:00	186.533	186.553	186.531	186.553	64	0	0
2026.07.23	11:30:00	186.553	186.554	186.533	186.534	53	0	0
2026.07.23	11:31:00	186.534	186.535	186.527	186.530	54	0	0
2026.07.23	11:32:00	186.530	186.535	186.491	186.507	130	0	0
2026.07.23	11:33:00	186.507	186.508	186.490	186.503	103	0	0
2026.07.23	11:34:00	186.503	186.503	186.482	186.491	69	0	0
2026.07.23	11:35:00	186.491	186.506	186.486	186.495	102	0	0
2026.07.23	11:36:00	186.495	186.500	186.479	186.480	104	0	0
2026.07.23	11:37:00	186.480	186.484	186.459	186.472	123	0	0
2026.07.23	11:38:00	186.472	186.478	186.462	186.478	160	0	0
2026.07.23	11:39:00	186.478	186.485	186.460	186.462	104	0	0
2026.07.23	11:40:00	186.462	186.471	186.455	186.460	96	0	0
2026.07.23	11:41:00	186.460	186.461	186.449	186.450	142	0	0
2026.07.23	11:42:00	186.451	186.462	186.436	186.444	138	0	0
2026.07.23	11:43:00	186.444	186.461	186.444	186.451	143	0	0
2026.07.23	11:44:00	186.451	186.452	186.402	186.422	207	0	0
2026.07.23	11:45:00	186.422	186.430	186.409	186.425	207	0	0
2026.07.23	11:46:00	186.425	186.426	186.401	186.403	148	0	0
2026.07.23	11:47:00	186.403	186.411	186.394	186.394	126	0	0
2026.07.23	11:48:00	186.394	186.412	186.380	186.412	162	0	0
2026.07.23	11:49:00	186.412	186.415	186.368	186.371	129	0	0
2026.07.23	11:50:00	186.371	186.408	186.367	186.406	168	0	0
2026.07.23	11:51:00	186.406	186.430	186.406	186.424	100	0	0
2026.07.23	11:52:00	186.424	186.426	186.392	186.406	170	0	0
2026.07.23	11:53:00	186.406	186.426	186.402	186.424	120	0	0
2026.07.23	11:54:00	186.424	186.434	186.418	186.433	57	0	0
2026.07.23	11:55:00	186.433	186.441	186.432	186.433	93	0	0
2026.07.23	11:56:00	186.433	186.447	186.424	186.437	117	0	0
2026.07.23	11:57:00	186.437	186.439	186.413	186.418	132	0	0
2026.07.23	11:58:00	186.418	186.424	186.400	186.407	116	0	0
2026.07.23	11:59:00	186.407	186.407	186.377	186.379	156	0	0
2026.07.23	12:00:00	186.379	186.406	186.375	186.405	176	0	0
2026.07.23	12:01:00	186.405	186.419	186.393	186.415	135	0	0
2026.07.23	12:02:00	186.415	186.429	186.401	186.424	132	0	0
2026.07.23	12:03:00	186.425	186.426	186.402	186.413	202	0	0
2026.07.23	12:04:00	186.413	186.421	186.402	186.409	132	0	0
2026.07.23	12:05:00	186.409	186.413	186.394	186.409	135	0	0
2026.07.23	12:06:00	186.409	186.418	186.399	186.412	125	0	0
2026.07.23	12:07:00	186.412	186.418	186.407	186.407	52	0	0
2026.07.23	12:08:00	186.407	186.417	186.400	186.415	78	0	0
2026.07.23	12:09:00	186.415	186.426	186.415	186.421	54	0	0
2026.07.23	12:10:00	186.421	186.430	186.420	186.424	55	0	0
2026.07.23	12:11:00	186.424	186.432	186.407	186.409	63	0	0
2026.07.23	12:12:00	186.409	186.425	186.401	186.407	75	0	0
2026.07.23	12:13:00	186.407	186.411	186.399	186.409	67	0	0
2026.07.23	12:14:00	186.409	186.422	186.409	186.410	70	0	0
2026.07.23	12:15:00	186.410	186.428	186.409	186.427	82	0	0
2026.07.23	12:16:00	186.426	186.437	186.424	186.433	42	0	0
2026.07.23	12:17:00	186.433	186.437	186.420	186.423	42	0	0
2026.07.23	12:18:00	186.423	186.427	186.418	186.424	89	0	0
2026.07.23	12:19:00	186.424	186.436	186.422	186.429	104	0	0
2026.07.23	12:20:00	186.429	186.432	186.412	186.423	105	0	0
2026.07.23	12:21:00	186.423	186.426	186.404	186.406	87	0	0
2026.07.23	12:22:00	186.406	186.427	186.404	186.427	69	0	0
2026.07.23	12:23:00	186.427	186.438	186.426	186.438	42	0	0
2026.07.23	12:24:00	186.438	186.450	186.437	186.445	66	0	0
2026.07.23	12:25:00	186.445	186.454	186.442	186.451	69	0	0
2026.07.23	12:26:00	186.451	186.455	186.442	186.445	85	0	0
2026.07.23	12:27:00	186.445	186.448	186.433	186.435	109	0	0
2026.07.23	12:28:00	186.435	186.439	186.420	186.431	138	0	0
2026.07.23	12:29:00	186.430	186.430	186.416	186.417	73	0	0
2026.07.23	12:30:00	186.417	186.422	186.409	186.417	88	0	0
2026.07.23	12:31:00	186.419	186.423	186.407	186.420	59	0	0
2026.07.23	12:32:00	186.420	186.424	186.412	186.416	54	0	0
2026.07.23	12:33:00	186.416	186.417	186.401	186.404	59	0	0
2026.07.23	12:34:00	186.404	186.407	186.399	186.407	67	0	0
2026.07.23	12:35:00	186.407	186.418	186.401	186.414	82	0	0
2026.07.23	12:36:00	186.414	186.420	186.411	186.417	66	0	0
2026.07.23	12:37:00	186.417	186.424	186.409	186.411	54	0	0
2026.07.23	12:38:00	186.411	186.415	186.402	186.414	82	0	0
2026.07.23	12:39:00	186.414	186.416	186.395	186.406	48	0	0
2026.07.23	12:40:00	186.406	186.411	186.397	186.409	65	0	0
2026.07.23	12:41:00	186.409	186.410	186.396	186.402	71	0	0
2026.07.23	12:42:00	186.402	186.420	186.401	186.418	59	0	0
2026.07.23	12:43:00	186.418	186.429	186.411	186.422	84	0	0
2026.07.23	12:44:00	186.422	186.438	186.417	186.438	83	0	0
2026.07.23	12:45:00	186.438	186.448	186.429	186.434	96	0	0
2026.07.23	12:46:00	186.434	186.439	186.423	186.439	52	0	0
2026.07.23	12:47:00	186.439	186.442	186.425	186.425	56	0	0
2026.07.23	12:48:00	186.425	186.440	186.425	186.435	46	0	1
2026.07.23	12:49:00	186.435	186.444	186.432	186.444	82	0	0
2026.07.23	12:50:00	186.444	186.449	186.440	186.440	48	0	0
2026.07.23	12:51:00	186.440	186.442	186.433	186.441	59	0	0
2026.07.23	12:52:00	186.441	186.452	186.435	186.450	42	0	0
2026.07.23	12:53:00	186.450	186.451	186.436	186.444	71	0	0
2026.07.23	12:54:00	186.444	186.454	186.443	186.453	49	0	1
2026.07.23	12:55:00	186.453	186.465	186.453	186.458	59	0	0
2026.07.23	12:56:00	186.458	186.458	186.444	186.454	70	0	0
2026.07.23	12:57:00	186.454	186.460	186.452	186.455	72	0	0
2026.07.23	12:58:00	186.455	186.470	186.454	186.464	42	0	0
2026.07.23	12:59:00	186.464	186.464	186.449	186.455	88	0	0
2026.07.23	13:00:00	186.455	186.459	186.443	186.445	72	0	0
2026.07.23	13:01:00	186.445	186.448	186.439	186.440	59	0	0
2026.07.23	13:02:00	186.440	186.450	186.439	186.439	40	0	0
2026.07.23	13:03:00	186.439	186.451	186.431	186.432	58	0	0
2026.07.23	13:04:00	186.432	186.437	186.423	186.437	61	0	0
2026.07.23	13:05:00	186.437	186.442	186.423	186.423	91	0	0
2026.07.23	13:06:00	186.423	186.425	186.410	186.410	61	0	0
2026.07.23	13:07:00	186.410	186.410	186.399	186.405	58	0	0
2026.07.23	13:08:00	186.405	186.420	186.401	186.414	73	0	0
2026.07.23	13:09:00	186.414	186.422	186.414	186.415	61	0	0
2026.07.23	13:10:00	186.415	186.420	186.400	186.406	77	0	0
2026.07.23	13:11:00	186.406	186.422	186.406	186.416	53	0	0
2026.07.23	13:12:00	186.416	186.416	186.401	186.403	48	0	0
2026.07.23	13:13:00	186.403	186.406	186.394	186.395	78	0	0
2026.07.23	13:14:00	186.395	186.398	186.387	186.396	94	0	0
2026.07.23	13:15:00	186.397	186.404	186.392	186.393	65	0	1
2026.07.23	13:16:00	186.393	186.395	186.382	186.384	92	0	0
2026.07.23	13:17:00	186.384	186.386	186.372	186.386	96	0	0
2026.07.23	13:18:00	186.386	186.396	186.385	186.388	82	0	0
2026.07.23	13:19:00	186.388	186.389	186.361	186.361	110	0	0
2026.07.23	13:20:00	186.361	186.371	186.348	186.352	133	0	0
2026.07.23	13:21:00	186.352	186.359	186.338	186.341	105	0	0
2026.07.23	13:22:00	186.341	186.350	186.335	186.349	96	0	0
2026.07.23	13:23:00	186.349	186.354	186.325	186.336	85	0	0
2026.07.23	13:24:00	186.336	186.344	186.332	186.342	46	0	0
2026.07.23	13:25:00	186.342	186.358	186.342	186.353	67	0	0
2026.07.23	13:26:00	186.353	186.354	186.341	186.344	48	0	0
2026.07.23	13:27:00	186.344	186.355	186.344	186.354	58	0	0
2026.07.23	13:28:00	186.354	186.366	186.351	186.363	48	0	0
2026.07.23	13:29:00	186.363	186.365	186.354	186.359	60	0	1
2026.07.23	13:30:00	186.359	186.386	186.351	186.377	112	0	0
2026.07.23	13:31:00	186.377	186.379	186.340	186.341	64	0	0
2026.07.23	13:32:00	186.341	186.365	186.340	186.356	62	0	0
2026.07.23	13:33:00	186.356	186.358	186.346	186.356	46	0	0
2026.07.23	13:34:00	186.356	186.362	186.347	186.350	57	0	0
2026.07.23	13:35:00	186.350	186.365	186.348	186.354	70	0	0
2026.07.23	13:36:00	186.354	186.364	186.341	186.356	79	0	0
2026.07.23	13:37:00	186.356	186.373	186.354	186.370	59	0	0
2026.07.23	13:38:00	186.370	186.379	186.366	186.367	38	0	0
2026.07.23	13:39:00	186.367	186.382	186.364	186.381	47	0	0
2026.07.23	13:40:00	186.381	186.381	186.357	186.361	37	0	0
2026.07.23	13:41:00	186.361	186.365	186.351	186.354	47	0	0
2026.07.23	13:42:00	186.354	186.356	186.339	186.341	36	0	0
2026.07.23	13:43:00	186.341	186.349	186.341	186.341	82	0	0
2026.07.23	13:44:00	186.341	186.347	186.338	186.341	56	0	0
2026.07.23	13:45:00	186.341	186.345	186.315	186.316	77	0	0
2026.07.23	13:46:00	186.316	186.328	186.309	186.312	78	0	0
2026.07.23	13:47:00	186.312	186.323	186.309	186.311	93	0	0
2026.07.23	13:48:00	186.311	186.321	186.307	186.314	108	0	0
2026.07.23	13:49:00	186.314	186.321	186.308	186.321	85	0	0
2026.07.23	13:50:00	186.321	186.322	186.313	186.318	81	0	0
2026.07.23	13:51:00	186.318	186.319	186.305	186.305	80	0	0
2026.07.23	13:52:00	186.305	186.330	186.302	186.328	70	0	0
2026.07.23	13:53:00	186.328	186.328	186.310	186.319	53	0	0
2026.07.23	13:54:00	186.319	186.355	186.316	186.354	117	0	0
2026.07.23	13:55:00	186.354	186.363	186.340	186.354	147	0	0
2026.07.23	13:56:00	186.354	186.362	186.350	186.352	93	0	0
2026.07.23	13:57:00	186.352	186.352	186.317	186.320	108	0	0
2026.07.23	13:58:00	186.320	186.327	186.315	186.318	84	0	0
2026.07.23	13:59:00	186.317	186.323	186.312	186.321	104	0	0
2026.07.23	14:00:00	186.321	186.322	186.302	186.305	113	0	0
2026.07.23	14:01:00	186.305	186.306	186.291	186.294	194	0	0
2026.07.23	14:02:00	186.294	186.313	186.289	186.309	128	0	0
2026.07.23	14:03:00	186.309	186.313	186.306	186.308	75	0	0
2026.07.23	14:04:00	186.308	186.313	186.305	186.311	80	0	0
2026.07.23	14:05:00	186.311	186.311	186.296	186.304	95	0	0
2026.07.23	14:06:00	186.304	186.304	186.288	186.294	57	0	0
2026.07.23	14:07:00	186.294	186.304	186.290	186.304	72	0	0
2026.07.23	14:08:00	186.304	186.317	186.298	186.312	72	0	0
2026.07.23	14:09:00	186.312	186.319	186.311	186.315	42	0	0
2026.07.23	14:10:00	186.315	186.320	186.313	186.316	68	0	0
2026.07.23	14:11:00	186.316	186.319	186.301	186.304	69	0	0
2026.07.23	14:12:00	186.304	186.315	186.303	186.314	58	0	0
2026.07.23	14:13:00	186.314	186.320	186.309	186.309	83	0	0
2026.07.23	14:14:00	186.309	186.340	186.309	186.325	99	0	0
2026.07.23	14:15:00	186.325	186.330	186.311	186.314	109	0	0
2026.07.23	14:16:00	186.314	186.314	186.301	186.301	96	0	0
2026.07.23	14:17:00	186.301	186.306	186.294	186.297	95	0	0
2026.07.23	14:18:00	186.297	186.306	186.287	186.306	81	0	0
2026.07.23	14:19:00	186.306	186.306	186.295	186.300	77	0	0
2026.07.23	14:20:00	186.300	186.300	186.284	186.288	60	0	1
2026.07.23	14:21:00	186.288	186.295	186.285	186.294	63	0	0
2026.07.23	14:22:00	186.294	186.297	186.276	186.279	82	0	0
2026.07.23	14:23:00	186.279	186.280	186.270	186.275	86	0	0
2026.07.23	14:24:00	186.275	186.282	186.260	186.267	117	0	0
2026.07.23	14:25:00	186.267	186.279	186.262	186.276	104	0	0
2026.07.23	14:26:00	186.276	186.285	186.272	186.278	89	0	0
2026.07.23	14:27:00	186.278	186.282	186.269	186.274	92	0	0
2026.07.23	14:28:00	186.274	186.278	186.257	186.266	108	0	0
2026.07.23	14:29:00	186.266	186.274	186.262	186.265	163	0	0
2026.07.23	14:30:00	186.265	186.273	186.252	186.252	107	0	0
2026.07.23	14:31:00	186.252	186.258	186.223	186.231	142	0	0
2026.07.23	14:32:00	186.231	186.235	186.211	186.218	177	0	0
2026.07.23	14:33:00	186.218	186.223	186.175	186.178	135	0	0
2026.07.23	14:34:00	186.178	186.188	186.172	186.180	177	0	0
2026.07.23	14:35:00	186.180	186.180	186.135	186.165	266	0	0
2026.07.23	14:36:00	186.165	186.221	186.165	186.195	270	0	0
2026.07.23	14:37:00	186.195	186.211	186.177	186.186	211	0	0
2026.07.23	14:38:00	186.186	186.208	186.176	186.208	180	0	0
2026.07.23	14:39:00	186.208	186.212	186.182	186.194	184	0	0
2026.07.23	14:40:00	186.194	186.214	186.188	186.204	149	0	0
2026.07.23	14:41:00	186.204	186.285	186.203	186.256	288	0	0
2026.07.23	14:42:00	186.256	186.270	186.235	186.258	216	0	0
2026.07.23	14:43:00	186.258	186.277	186.255	186.268	201	0	0
2026.07.23	14:44:00	186.268	186.289	186.264	186.283	183	0	0
2026.07.23	14:45:00	186.283	186.293	186.059	186.206	542	0	0
2026.07.23	14:46:00	186.206	186.214	186.187	186.208	283	0	0
2026.07.23	14:47:00	186.208	186.249	186.208	186.234	180	0	0
2026.07.23	14:48:00	186.234	186.258	186.226	186.239	181	0	0
2026.07.23	14:49:00	186.239	186.248	186.228	186.230	204	0	0
2026.07.23	14:50:00	186.230	186.233	186.210	186.228	230	0	0
2026.07.23	14:51:00	186.228	186.246	186.222	186.222	195	0	0
2026.07.23	14:52:00	186.222	186.240	186.219	186.228	249	0	0
2026.07.23	14:53:00	186.228	186.246	186.213	186.242	203	0	0
2026.07.23	14:54:00	186.242	186.263	186.229	186.258	162	0	0
2026.07.23	14:55:00	186.258	186.278	186.235	186.273	184	0	0
2026.07.23	14:56:00	186.273	186.278	186.263	186.272	140	0	0
2026.07.23	14:57:00	186.272	186.290	186.250	186.281	186	0	0
2026.07.23	14:58:00	186.281	186.298	186.279	186.297	169	0	0
2026.07.23	14:59:00	186.297	186.297	186.279	186.294	97	0	0
2026.07.23	15:00:00	186.294	186.306	186.270	186.270	163	0	0
2026.07.23	15:01:00	186.270	186.272	186.232	186.232	165	0	0
2026.07.23	15:02:00	186.232	186.246	186.219	186.234	151	0	0
2026.07.23	15:03:00	186.234	186.240	186.225	186.230	87	0	0
2026.07.23	15:04:00	186.230	186.243	186.229	186.235	101	0	0
2026.07.23	15:05:00	186.235	186.255	186.227	186.234	108	0	0
2026.07.23	15:06:00	186.234	186.245	186.227	186.231	130	0	0
2026.07.23	15:07:00	186.231	186.236	186.229	186.233	76	0	0
2026.07.23	15:08:00	186.233	186.250	186.223	186.243	94	0	0
2026.07.23	15:09:00	186.243	186.243	186.222	186.226	102	0	0
2026.07.23	15:10:00	186.226	186.250	186.224	186.249	104	0	0
2026.07.23	15:11:00	186.249	186.282	186.247	186.271	129	0	0
2026.07.23	15:12:00	186.271	186.279	186.267	186.277	53	0	0
2026.07.23	15:13:00	186.277	186.299	186.275	186.284	105	0	0
2026.07.23	15:14:00	186.284	186.286	186.269	186.275	137	0	0
2026.07.23	15:15:00	186.275	186.285	186.187	186.209	345	0	0
2026.07.23	15:16:00	186.208	186.212	186.177	186.193	197	0	0
2026.07.23	15:17:00	186.193	186.198	186.165	186.165	87	0	0
2026.07.23	15:18:00	186.165	186.181	186.164	186.177	118	0	0
2026.07.23	15:19:00	186.177	186.184	186.166	186.166	95	0	0
2026.07.23	15:20:00	186.166	186.181	186.146	186.156	144	0	0
2026.07.23	15:21:00	186.156	186.174	186.138	186.138	111	0	0
2026.07.23	15:22:00	186.138	186.144	186.125	186.144	152	0	0
2026.07.23	15:23:00	186.144	186.178	186.142	186.168	133	0	0
2026.07.23	15:24:00	186.168	186.182	186.159	186.178	162	0	0
2026.07.23	15:25:00	186.178	186.194	186.169	186.193	163	0	0
2026.07.23	15:26:00	186.193	186.218	186.191	186.218	108	0	0
2026.07.23	15:27:00	186.218	186.249	186.215	186.248	159	0	0
2026.07.23	15:28:00	186.247	186.256	186.240	186.250	73	0	0
2026.07.23	15:29:00	186.251	186.259	186.234	186.236	127	0	0
2026.07.23	15:30:00	186.236	186.240	186.206	186.225	186	0	0
2026.07.23	15:31:00	186.225	186.241	186.220	186.223	99	0	0
2026.07.23	15:32:00	186.223	186.239	186.212	186.218	68	0	0
2026.07.23	15:33:00	186.218	186.237	186.218	186.232	97	0	0
2026.07.23	15:34:00	186.232	186.262	186.232	186.251	142	0	0
2026.07.23	15:35:00	186.251	186.262	186.240	186.255	116	0	0
2026.07.23	15:36:00	186.256	186.285	186.256	186.274	178	0	0
2026.07.23	15:37:00	186.274	186.293	186.259	186.283	208	0	0
2026.07.23	15:38:00	186.281	186.292	186.266	186.287	187	0	0
2026.07.23	15:39:00	186.287	186.298	186.271	186.295	103	0	0
2026.07.23	15:40:00	186.295	186.297	186.279	186.283	123	0	0
2026.07.23	15:41:00	186.283	186.305	186.272	186.304	144	0	0
2026.07.23	15:42:00	186.304	186.318	186.297	186.312	188	0	0
2026.07.23	15:43:00	186.312	186.312	186.286	186.303	205	0	0
2026.07.23	15:44:00	186.303	186.310	186.277	186.279	202	0	0
2026.07.23	15:45:00	186.279	186.283	186.265	186.274	125	0	0
2026.07.23	15:46:00	186.274	186.275	186.259	186.269	141	0	0
2026.07.23	15:47:00	186.269	186.269	186.242	186.242	129	0	0
2026.07.23	15:48:00	186.242	186.264	186.230	186.256	157	0	0
2026.07.23	15:49:00	186.256	186.281	186.254	186.273	160	0	0
2026.07.23	15:50:00	186.273	186.278	186.254	186.261	145	0	0
2026.07.23	15:51:00	186.258	186.273	186.258	186.265	133	0	0
2026.07.23	15:52:00	186.265	186.269	186.253	186.265	127	0	0
2026.07.23	15:53:00	186.265	186.286	186.259	186.282	115	0	0
2026.07.23	15:54:00	186.282	186.295	186.279	186.290	152	0	0
2026.07.23	15:55:00	186.289	186.303	186.288	186.300	171	0	0
2026.07.23	15:56:00	186.300	186.309	186.298	186.305	127	0	0
2026.07.23	15:57:00	186.305	186.348	186.304	186.345	160	0	0
2026.07.23	15:58:00	186.345	186.350	186.324	186.332	140	0	0
2026.07.23	15:59:00	186.332	186.347	186.332	186.342	134	0	0
2026.07.23	16:00:00	186.342	186.354	186.329	186.336	223	0	0
2026.07.23	16:01:00	186.336	186.345	186.322	186.339	186	0	0
2026.07.23	16:02:00	186.339	186.343	186.319	186.329	162	0	0
2026.07.23	16:03:00	186.329	186.351	186.319	186.351	127	0	0
2026.07.23	16:04:00	186.351	186.362	186.339	186.341	166	0	0
2026.07.23	16:05:00	186.341	186.351	186.316	186.318	152	0	0
2026.07.23	16:06:00	186.318	186.337	186.291	186.296	219	0	0
2026.07.23	16:07:00	186.296	186.308	186.294	186.298	142	0	0
2026.07.23	16:08:00	186.298	186.326	186.289	186.325	187	0	0
2026.07.23	16:09:00	186.325	186.331	186.289	186.309	158	0	0
2026.07.23	16:10:00	186.309	186.318	186.295	186.310	204	0	0
2026.07.23	16:11:00	186.310	186.312	186.280	186.284	150	0	0
2026.07.23	16:12:00	186.284	186.319	186.280	186.290	302	0	0
2026.07.23	16:13:00	186.290	186.293	186.249	186.276	247	0	0
2026.07.23	16:14:00	186.276	186.277	186.235	186.235	191	0	0
2026.07.23	16:15:00	186.235	186.249	186.209	186.239	219	0	0
2026.07.23	16:16:00	186.239	186.264	186.238	186.253	202	0	0
2026.07.23	16:17:00	186.253	186.265	186.249	186.255	159	0	0
2026.07.23	16:18:00	186.255	186.257	186.239	186.256	149	0	0
2026.07.23	16:19:00	186.256	186.266	186.239	186.261	166	0	0
2026.07.23	16:20:00	186.261	186.280	186.260	186.274	153	0	0
2026.07.23	16:21:00	186.274	186.293	186.272	186.292	135	0	0
2026.07.23	16:22:00	186.293	186.301	186.284	186.300	116	0	0
2026.07.23	16:23:00	186.300	186.308	186.292	186.297	163	0	0
2026.07.23	16:24:00	186.298	186.330	186.298	186.327	173	0	0
2026.07.23	16:25:00	186.327	186.331	186.315	186.326	133	0	0
2026.07.23	16:26:00	186.326	186.329	186.313	186.327	118	0	0
2026.07.23	16:27:00	186.327	186.359	186.323	186.355	173	0	0
2026.07.23	16:28:00	186.355	186.372	186.353	186.360	165	0	0
2026.07.23	16:29:00	186.360	186.378	186.358	186.362	203	0	0
2026.07.23	16:30:00	186.362	186.366	186.341	186.349	256	0	0
2026.07.23	16:31:00	186.349	186.358	186.333	186.356	192	0	0
2026.07.23	16:32:00	186.356	186.363	186.349	186.361	180	0	0
2026.07.23	16:33:00	186.361	186.374	186.353	186.369	142	0	0
2026.07.23	16:34:00	186.369	186.387	186.368	186.387	137	0	0
2026.07.23	16:35:00	186.387	186.400	186.379	186.385	192	0	0
2026.07.23	16:36:00	186.385	186.410	186.377	186.402	129	0	0
2026.07.23	16:37:00	186.402	186.428	186.401	186.415	186	0	0
2026.07.23	16:38:00	186.415	186.420	186.396	186.406	186	0	0
2026.07.23	16:39:00	186.406	186.423	186.400	186.422	161	0	0
2026.07.23	16:40:00	186.422	186.426	186.405	186.413	186	0	0
2026.07.23	16:41:00	186.413	186.440	186.407	186.440	160	0	0
2026.07.23	16:42:00	186.440	186.440	186.422	186.437	150	0	0
2026.07.23	16:43:00	186.437	186.444	186.425	186.441	165	0	0
2026.07.23	16:44:00	186.441	186.451	186.426	186.432	178	0	0
2026.07.23	16:45:00	186.432	186.451	186.426	186.432	215	0	0
2026.07.23	16:46:00	186.432	186.438	186.423	186.430	161	0	0
2026.07.23	16:47:00	186.430	186.448	186.429	186.442	130	0	0
2026.07.23	16:48:00	186.442	186.447	186.413	186.436	193	0	0
2026.07.23	16:49:00	186.436	186.465	186.427	186.465	122	0	0
2026.07.23	16:50:00	186.465	186.466	186.436	186.439	133	0	0
2026.07.23	16:51:00	186.439	186.453	186.430	186.439	168	0	0
2026.07.23	16:52:00	186.439	186.439	186.413	186.434	153	0	0
2026.07.23	16:53:00	186.434	186.462	186.430	186.462	175	0	0
2026.07.23	16:54:00	186.462	186.472	186.451	186.461	163	0	0
2026.07.23	16:55:00	186.461	186.470	186.447	186.461	195	0	0
2026.07.23	16:56:00	186.461	186.503	186.460	186.483	202	0	0
2026.07.23	16:57:00	186.484	186.516	186.481	186.496	170	0	0
2026.07.23	16:58:00	186.496	186.500	186.472	186.472	137	0	0
2026.07.23	16:59:00	186.472	186.490	186.457	186.466	176	0	0
2026.07.23	17:00:00	186.467	186.491	186.446	186.456	145	0	0
2026.07.23	17:01:00	186.456	186.464	186.429	186.437	124	0	0
2026.07.23	17:02:00	186.437	186.444	186.416	186.416	153	0	0
2026.07.23	17:03:00	186.416	186.419	186.399	186.403	149	0	0
2026.07.23	17:04:00	186.403	186.418	186.398	186.400	188	0	0
2026.07.23	17:05:00	186.400	186.413	186.394	186.412	147	0	0
2026.07.23	17:06:00	186.412	186.425	186.408	186.416	123	0	0
2026.07.23	17:07:00	186.416	186.428	186.414	186.422	122	0	0
2026.07.23	17:08:00	186.422	186.425	186.388	186.389	142	0	0
2026.07.23	17:09:00	186.389	186.392	186.371	186.392	181	0	0
2026.07.23	17:10:00	186.392	186.416	186.380	186.381	173	0	0
2026.07.23	17:11:00	186.381	186.389	186.367	186.375	179	0	0
2026.07.23	17:12:00	186.375	186.386	186.365	186.379	168	0	0
2026.07.23	17:13:00	186.379	186.383	186.364	186.376	167	0	0
2026.07.23	17:14:00	186.376	186.384	186.365	186.378	184	0	0
2026.07.23	17:15:00	186.378	186.381	186.362	186.365	203	0	0
2026.07.23	17:16:00	186.365	186.367	186.350	186.350	167	0	0
2026.07.23	17:17:00	186.350	186.392	186.330	186.359	251	0	0
2026.07.23	17:18:00	186.359	186.360	186.339	186.344	192	0	0
2026.07.23	17:19:00	186.343	186.343	186.316	186.326	137	0	0
2026.07.23	17:20:00	186.326	186.327	186.310	186.317	152	0	0
2026.07.23	17:21:00	186.317	186.340	186.317	186.334	197	0	0
2026.07.23	17:22:00	186.334	186.340	186.319	186.339	153	0	0
2026.07.23	17:23:00	186.339	186.357	186.329	186.335	175	0	0
2026.07.23	17:24:00	186.335	186.360	186.335	186.342	185	0	0
2026.07.23	17:25:00	186.342	186.369	186.336	186.360	178	0	0
2026.07.23	17:26:00	186.359	186.370	186.347	186.368	143	0	0
2026.07.23	17:27:00	186.368	186.376	186.353	186.369	171	0	0
2026.07.23	17:28:00	186.369	186.389	186.364	186.384	206	0	0
2026.07.23	17:29:00	186.384	186.405	186.377	186.403	142	0	0
2026.07.23	17:30:00	186.403	186.418	186.403	186.407	143	0	0
2026.07.23	17:31:00	186.407	186.421	186.401	186.401	117	0	0
2026.07.23	17:32:00	186.401	186.405	186.390	186.401	96	0	0
2026.07.23	17:33:00	186.401	186.432	186.401	186.420	124	0	0
2026.07.23	17:34:00	186.420	186.423	186.394	186.415	100	0	0
2026.07.23	17:35:00	186.415	186.415	186.396	186.400	166	0	0
2026.07.23	17:36:00	186.400	186.401	186.377	186.378	168	0	0
2026.07.23	17:37:00	186.379	186.401	186.376	186.388	163	0	0
2026.07.23	17:38:00	186.388	186.402	186.386	186.399	159	0	0
2026.07.23	17:39:00	186.399	186.416	186.397	186.412	145	0	0
2026.07.23	17:40:00	186.412	186.429	186.407	186.407	145	0	0
2026.07.23	17:41:00	186.407	186.414	186.385	186.387	109	0	0
2026.07.23	17:42:00	186.387	186.387	186.362	186.369	178	0	0
2026.07.23	17:43:00	186.369	186.379	186.360	186.361	101	0	0
2026.07.23	17:44:00	186.361	186.364	186.352	186.361	91	0	0
2026.07.23	17:45:00	186.361	186.386	186.356	186.383	127	0	0
2026.07.23	17:46:00	186.383	186.403	186.382	186.399	108	0	0
2026.07.23	17:47:00	186.399	186.405	186.390	186.392	94	0	0
2026.07.23	17:48:00	186.392	186.399	186.383	186.388	114	0	0
2026.07.23	17:49:00	186.388	186.396	186.367	186.374	141	0	0
2026.07.23	17:50:00	186.374	186.384	186.372	186.373	112	0	0
2026.07.23	17:51:00	186.373	186.383	186.351	186.354	139	0	0
2026.07.23	17:52:00	186.354	186.377	186.343	186.372	162	0	0
2026.07.23	17:53:00	186.370	186.372	186.340	186.341	142	0	0
2026.07.23	17:54:00	186.341	186.349	186.337	186.341	156	0	0
2026.07.23	17:55:00	186.341	186.400	186.340	186.395	195	0	0
2026.07.23	17:56:00	186.395	186.406	186.371	186.376	195	0	0
2026.07.23	17:57:00	186.376	186.439	186.376	186.419	226	0	0
2026.07.23	17:58:00	186.419	186.436	186.414	186.426	210	0	0
2026.07.23	17:59:00	186.426	186.431	186.402	186.404	211	0	0
2026.07.23	18:00:00	186.404	186.432	186.399	186.415	234	0	0
2026.07.23	18:01:00	186.415	186.418	186.389	186.396	229	0	0
2026.07.23	18:02:00	186.396	186.407	186.383	186.399	235	0	0
2026.07.23	18:03:00	186.399	186.410	186.384	186.398	205	0	0
2026.07.23	18:04:00	186.398	186.402	186.377	186.385	132	0	0
2026.07.23	18:05:00	186.385	186.402	186.377	186.388	142	0	0
2026.07.23	18:06:00	186.388	186.396	186.376	186.388	137	0	0
2026.07.23	18:07:00	186.387	186.398	186.377	186.388	143	0	0
2026.07.23	18:08:00	186.388	186.395	186.376	186.379	127	0	0
2026.07.23	18:09:00	186.379	186.379	186.349	186.349	135	0	0
2026.07.23	18:10:00	186.349	186.358	186.346	186.350	137	0	0
2026.07.23	18:11:00	186.350	186.361	186.347	186.356	119	0	0
2026.07.23	18:12:00	186.356	186.359	186.330	186.340	124	0	0
2026.07.23	18:13:00	186.340	186.364	186.340	186.356	165	0	0
2026.07.23	18:14:00	186.356	186.373	186.353	186.369	141	0	0
2026.07.23	18:15:00	186.369	186.390	186.361	186.382	155	0	0
2026.07.23	18:16:00	186.382	186.388	186.370	186.372	129	0	0
2026.07.23	18:17:00	186.372	186.385	186.371	186.384	107	0	0
2026.07.23	18:18:00	186.385	186.390	186.368	186.375	88	0	0
2026.07.23	18:19:00	186.375	186.388	186.363	186.365	98	0	0
2026.07.23	18:20:00	186.365	186.374	186.340	186.341	115	0	0
2026.07.23	18:21:00	186.342	186.348	186.315	186.318	202	0	0
2026.07.23	18:22:00	186.318	186.318	186.226	186.238	456	0	0
2026.07.23	18:23:00	186.238	186.293	186.225	186.286	419	0	0
2026.07.23	18:24:00	186.286	186.317	186.276	186.302	216	0	0
2026.07.23	18:25:00	186.302	186.334	186.302	186.319	154	0	0
2026.07.23	18:26:00	186.319	186.328	186.300	186.306	152	0	0
2026.07.23	18:27:00	186.306	186.329	186.303	186.325	139	0	0
2026.07.23	18:28:00	186.325	186.341	186.316	186.334	172	0	0
2026.07.23	18:29:00	186.334	186.350	186.326	186.342	157	0	0
2026.07.23	18:30:00	186.342	186.343	186.325	186.329	266	0	0
2026.07.23	18:31:00	186.329	186.343	186.320	186.341	180	0	0
2026.07.23	18:32:00	186.341	186.345	186.316	186.322	128	0	0
2026.07.23	18:33:00	186.322	186.329	186.320	186.322	124	0	0
2026.07.23	18:34:00	186.322	186.323	186.301	186.308	119	0	0
2026.07.23	18:35:00	186.308	186.319	186.304	186.314	177	0	0
2026.07.23	18:36:00	186.314	186.322	186.295	186.309	154	0	0
2026.07.23	18:37:00	186.309	186.339	186.307	186.318	236	0	0
2026.07.23	18:38:00	186.317	186.335	186.316	186.330	236	0	0
2026.07.23	18:39:00	186.330	186.334	186.310	186.325	141	0	0
2026.07.23	18:40:00	186.326	186.345	186.321	186.341	165	0	0
2026.07.23	18:41:00	186.341	186.351	186.337	186.341	141	0	0
2026.07.23	18:42:00	186.341	186.348	186.326	186.339	131	0	0
2026.07.23	18:43:00	186.339	186.340	186.310	186.319	105	0	0
2026.07.23	18:44:00	186.319	186.321	186.303	186.318	151	0	0
2026.07.23	18:45:00	186.318	186.331	186.317	186.329	123	0	0
2026.07.23	18:46:00	186.329	186.330	186.309	186.311	138	0	0
2026.07.23	18:47:00	186.311	186.319	186.303	186.308	126	0	0
2026.07.23	18:48:00	186.308	186.331	186.307	186.327	105	0	0
2026.07.23	18:49:00	186.327	186.336	186.321	186.327	103	0	0
2026.07.23	18:50:00	186.327	186.336	186.314	186.317	83	0	0
2026.07.23	18:51:00	186.315	186.317	186.306	186.316	77	0	0
2026.07.23	18:52:00	186.316	186.317	186.289	186.291	135	0	0
2026.07.23	18:53:00	186.291	186.317	186.291	186.313	98	0	0
2026.07.23	18:54:00	186.313	186.323	186.312	186.321	94	0	0
2026.07.23	18:55:00	186.321	186.326	186.309	186.314	84	0	0
2026.07.23	18:56:00	186.314	186.317	186.285	186.285	144	0	0
2026.07.23	18:57:00	186.282	186.296	186.277	186.292	116	0	0
2026.07.23	18:58:00	186.292	186.294	186.283	186.283	93	0	0
2026.07.23	18:59:00	186.283	186.291	186.280	186.290	90	0	0
2026.07.23	19:00:00	186.290	186.316	186.290	186.312	110	0	0
2026.07.23	19:01:00	186.312	186.323	186.298	186.322	98	0	0
2026.07.23	19:02:00	186.322	186.337	186.322	186.331	99	0	0
2026.07.23	19:03:00	186.331	186.338	186.325	186.336	83	0	0
2026.07.23	19:04:00	186.338	186.344	186.325	186.335	146	0	0
2026.07.23	19:05:00	186.335	186.343	186.328	186.334	71	0	0
2026.07.23	19:06:00	186.334	186.341	186.330	186.335	94	0	0
2026.07.23	19:07:00	186.335	186.347	186.331	186.342	80	0	0
2026.07.23	19:08:00	186.342	186.344	186.336	186.339	68	0	0
2026.07.23	19:09:00	186.339	186.341	186.323	186.324	76	0	0
2026.07.23	19:10:00	186.324	186.339	186.323	186.334	84	0	0
2026.07.23	19:11:00	186.334	186.349	186.334	186.343	117	0	0
2026.07.23	19:12:00	186.343	186.355	186.338	186.354	104	0	0
2026.07.23	19:13:00	186.353	186.370	186.351	186.360	112	0	0
2026.07.23	19:14:00	186.360	186.365	186.343	186.343	73	0	0
2026.07.23	19:15:00	186.343	186.349	186.322	186.324	140	0	0
2026.07.23	19:16:00	186.324	186.337	186.322	186.329	117	0	0
2026.07.23	19:17:00	186.329	186.339	186.328	186.334	72	0	0
2026.07.23	19:18:00	186.334	186.336	186.325	186.328	65	0	0
2026.07.23	19:19:00	186.328	186.335	186.320	186.325	97	0	0
2026.07.23	19:20:00	186.325	186.335	186.323	186.332	75	0	0
2026.07.23	19:21:00	186.332	186.336	186.323	186.327	101	0	0
2026.07.23	19:22:00	186.327	186.328	186.314	186.316	99	0	1
2026.07.23	19:23:00	186.316	186.322	186.311	186.314	87	0	0
2026.07.23	19:24:00	186.314	186.319	186.311	186.313	133	0	0
2026.07.23	19:25:00	186.313	186.320	186.310	186.319	122	0	0
2026.07.23	19:26:00	186.319	186.328	186.311	186.318	69	0	0
2026.07.23	19:27:00	186.318	186.340	186.318	186.324	83	0	0
2026.07.23	19:28:00	186.324	186.326	186.318	186.322	148	0	0
2026.07.23	19:29:00	186.322	186.324	186.313	186.318	101	0	0
2026.07.23	19:30:00	186.318	186.329	186.318	186.322	81	0	0
2026.07.23	19:31:00	186.322	186.324	186.307	186.310	61	0	0
2026.07.23	19:32:00	186.309	186.316	186.304	186.315	102	0	0
2026.07.23	19:33:00	186.315	186.344	186.312	186.336	109	0	0
2026.07.23	19:34:00	186.336	186.348	186.335	186.347	95	0	0
2026.07.23	19:35:00	186.347	186.353	186.335	186.346	112	0	0
2026.07.23	19:36:00	186.346	186.349	186.328	186.329	74	0	0
2026.07.23	19:37:00	186.329	186.344	186.329	186.340	77	0	0
2026.07.23	19:38:00	186.340	186.340	186.325	186.328	114	0	0
2026.07.23	19:39:00	186.328	186.337	186.327	186.335	84	0	0
2026.07.23	19:40:00	186.335	186.337	186.323	186.323	111	0	0
2026.07.23	19:41:00	186.323	186.323	186.315	186.317	52	0	0
2026.07.23	19:42:00	186.317	186.335	186.313	186.334	114	0	0
2026.07.23	19:43:00	186.334	186.344	186.331	186.338	75	0	0
2026.07.23	19:44:00	186.338	186.338	186.329	186.330	76	0	0
2026.07.23	19:45:00	186.330	186.335	186.328	186.332	71	0	0
2026.07.23	19:46:00	186.333	186.336	186.329	186.334	76	0	0
2026.07.23	19:47:00	186.334	186.341	186.329	186.339	60	0	0
2026.07.23	19:48:00	186.339	186.341	186.329	186.336	81	0	0
2026.07.23	19:49:00	186.336	186.346	186.334	186.343	83	0	0
2026.07.23	19:50:00	186.343	186.346	186.338	186.342	95	0	0
2026.07.23	19:51:00	186.342	186.347	186.338	186.346	72	0	0
2026.07.23	19:52:00	186.346	186.352	186.344	186.347	68	0	0
2026.07.23	19:53:00	186.347	186.354	186.341	186.352	102	0	0
2026.07.23	19:54:00	186.352	186.357	186.345	186.355	91	0	0
2026.07.23	19:55:00	186.355	186.364	186.353	186.357	79	0	0
2026.07.23	19:56:00	186.357	186.361	186.349	186.356	100	0	0
2026.07.23	19:57:00	186.356	186.376	186.355	186.372	90	0	0
2026.07.23	19:58:00	186.372	186.374	186.364	186.366	75	0	0
2026.07.23	19:59:00	186.366	186.373	186.366	186.368	73	0	0
2026.07.23	20:00:00	186.368	186.375	186.367	186.370	74	0	0
2026.07.23	20:01:00	186.370	186.374	186.358	186.361	90	0	0
2026.07.23	20:02:00	186.361	186.373	186.342	186.345	171	0	0
2026.07.23	20:03:00	186.345	186.347	186.331	186.340	137	0	0
2026.07.23	20:04:00	186.340	186.342	186.317	186.320	125	0	0
2026.07.23	20:05:00	186.320	186.325	186.313	186.321	88	0	0
2026.07.23	20:06:00	186.321	186.333	186.318	186.332	124	0	0
2026.07.23	20:07:00	186.332	186.335	186.324	186.327	99	0	0
2026.07.23	20:08:00	186.327	186.330	186.316	186.316	94	0	0
2026.07.23	20:09:00	186.316	186.326	186.311	186.326	87	0	0
2026.07.23	20:10:00	186.326	186.326	186.317	186.320	70	0	0
2026.07.23	20:11:00	186.320	186.321	186.307	186.320	94	0	0
2026.07.23	20:12:00	186.320	186.324	186.311	186.313	92	0	0
2026.07.23	20:13:00	186.313	186.319	186.312	186.313	98	0	0
2026.07.23	20:14:00	186.313	186.324	186.312	186.320	92	0	0
2026.07.23	20:15:00	186.320	186.333	186.311	186.331	107	0	0
2026.07.23	20:16:00	186.331	186.336	186.312	186.320	112	0	0
2026.07.23	20:17:00	186.320	186.325	186.314	186.316	98	0	0
2026.07.23	20:18:00	186.316	186.324	186.315	186.316	82	0	0
2026.07.23	20:19:00	186.316	186.321	186.311	186.316	92	0	0
2026.07.23	20:20:00	186.316	186.317	186.308	186.316	87	0	0
2026.07.23	20:21:00	186.316	186.316	186.302	186.304	54	0	0
2026.07.23	20:22:00	186.304	186.308	186.302	186.307	90	0	0
2026.07.23	20:23:00	186.307	186.318	186.306	186.314	93	0	1
2026.07.23	20:24:00	186.314	186.321	186.311	186.320	52	0	0
2026.07.23	20:25:00	186.320	186.323	186.308	186.308	83	0	1
2026.07.23	20:26:00	186.308	186.317	186.307	186.315	83	0	0
2026.07.23	20:27:00	186.315	186.326	186.313	186.324	90	0	0
2026.07.23	20:28:00	186.324	186.332	186.318	186.332	72	0	1
2026.07.23	20:29:00	186.332	186.332	186.317	186.319	69	0	0
2026.07.23	20:30:00	186.319	186.322	186.311	186.316	70	0	0
2026.07.23	20:31:00	186.316	186.317	186.308	186.316	88	0	0
2026.07.23	20:32:00	186.316	186.324	186.312	186.313	56	0	0
2026.07.23	20:33:00	186.313	186.321	186.313	186.316	53	0	0
2026.07.23	20:34:00	186.316	186.323	186.313	186.321	77	0	0
2026.07.23	20:35:00	186.321	186.326	186.314	186.322	91	0	0
2026.07.23	20:36:00	186.322	186.325	186.318	186.320	80	0	0
2026.07.23	20:37:00	186.320	186.322	186.314	186.314	58	0	0
2026.07.23	20:38:00	186.314	186.322	186.314	186.320	117	0	0
2026.07.23	20:39:00	186.320	186.323	186.317	186.322	74	0	0
2026.07.23	20:40:00	186.324	186.324	186.302	186.305	69	0	0
2026.07.23	20:41:00	186.305	186.311	186.298	186.311	53	0	0
2026.07.23	20:42:00	186.311	186.314	186.310	186.312	71	0	0
2026.07.23	20:43:00	186.312	186.317	186.307	186.307	47	0	0
2026.07.23	20:44:00	186.307	186.312	186.303	186.311	47	0	0
2026.07.23	20:45:00	186.311	186.320	186.309	186.318	42	0	0
2026.07.23	20:46:00	186.318	186.333	186.308	186.328	112	0	0
2026.07.23	20:47:00	186.329	186.336	186.323	186.330	50	0	0
2026.07.23	20:48:00	186.330	186.334	186.323	186.327	75	0	0
2026.07.23	20:49:00	186.327	186.330	186.321	186.323	100	0	0
2026.07.23	20:50:00	186.323	186.331	186.321	186.325	110	0	0
2026.07.23	20:51:00	186.325	186.330	186.324	186.328	85	0	1
2026.07.23	20:52:00	186.328	186.334	186.328	186.334	80	0	0
2026.07.23	20:53:00	186.334	186.339	186.330	186.331	81	0	0
2026.07.23	20:54:00	186.331	186.334	186.327	186.329	69	0	0
2026.07.23	20:55:00	186.329	186.331	186.320	186.320	65	0	0
2026.07.23	20:56:00	186.320	186.321	186.314	186.316	77	0	0
2026.07.23	20:57:00	186.315	186.319	186.309	186.317	72	0	0
2026.07.23	20:58:00	186.317	186.319	186.313	186.318	61	0	0
2026.07.23	20:59:00	186.318	186.321	186.309	186.310	78	0	0
2026.07.23	21:00:00	186.310	186.318	186.310	186.316	74	0	0
2026.07.23	21:01:00	186.316	186.317	186.309	186.315	31	0	0
2026.07.23	21:02:00	186.315	186.317	186.312	186.316	32	0	0
2026.07.23	21:03:00	186.315	186.321	186.313	186.317	118	0	0
2026.07.23	21:04:00	186.317	186.317	186.309	186.316	33	0	0
2026.07.23	21:05:00	186.316	186.325	186.316	186.325	46	0	0
2026.07.23	21:06:00	186.325	186.326	186.321	186.324	62	0	0
2026.07.23	21:07:00	186.324	186.333	186.322	186.333	61	0	0
2026.07.23	21:08:00	186.333	186.339	186.328	186.334	91	0	0
2026.07.23	21:09:00	186.334	186.339	186.331	186.331	79	0	1
2026.07.23	21:10:00	186.331	186.333	186.323	186.325	79	0	0
2026.07.23	21:11:00	186.325	186.334	186.322	186.324	61	0	0
2026.07.23	21:12:00	186.323	186.328	186.320	186.328	70	0	0
2026.07.23	21:13:00	186.328	186.331	186.322	186.325	120	0	0
2026.07.23	21:14:00	186.325	186.327	186.318	186.319	86	0	1
2026.07.23	21:15:00	186.319	186.320	186.311	186.311	81	0	0
2026.07.23	21:16:00	186.311	186.322	186.311	186.318	76	0	0
2026.07.23	21:17:00	186.318	186.318	186.298	186.300	122	0	0
2026.07.23	21:18:00	186.300	186.302	186.294	186.296	109	0	0
2026.07.23	21:19:00	186.296	186.300	186.294	186.297	122	0	0
2026.07.23	21:20:00	186.297	186.299	186.291	186.296	71	0	0
2026.07.23	21:21:00	186.296	186.297	186.292	186.293	63	0	0
2026.07.23	21:22:00	186.293	186.300	186.292	186.296	119	0	0
2026.07.23	21:23:00	186.297	186.303	186.296	186.300	65	0	1
2026.07.23	21:24:00	186.300	186.306	186.299	186.304	57	0	0
2026.07.23	21:25:00	186.304	186.305	186.300	186.303	66	0	1
2026.07.23	21:26:00	186.303	186.308	186.297	186.308	93	0	0
2026.07.23	21:27:00	186.308	186.312	186.304	186.311	73	0	0
2026.07.23	21:28:00	186.312	186.313	186.305	186.309	80	0	0
2026.07.23	21:29:00	186.309	186.319	186.307	186.316	94	0	0
2026.07.23	21:30:00	186.316	186.319	186.312	186.317	131	0	0
2026.07.23	21:31:00	186.317	186.321	186.315	186.318	98	0	0
2026.07.23	21:32:00	186.318	186.318	186.311	186.311	52	0	0
2026.07.23	21:33:00	186.311	186.313	186.308	186.311	38	0	1
2026.07.23	21:34:00	186.311	186.320	186.310	186.318	63	0	0
2026.07.23	21:35:00	186.318	186.320	186.313	186.315	24	0	0
2026.07.23	21:36:00	186.315	186.316	186.304	186.305	41	0	0
2026.07.23	21:37:00	186.305	186.328	186.305	186.328	45	0	0
2026.07.23	21:38:00	186.328	186.333	186.327	186.330	67	0	0
2026.07.23	21:39:00	186.330	186.332	186.327	186.330	63	0	0
2026.07.23	21:40:00	186.330	186.331	186.324	186.325	52	0	1
2026.07.23	21:41:00	186.325	186.330	186.322	186.323	73	0	1
2026.07.23	21:42:00	186.323	186.325	186.312	186.312	65	0	0
2026.07.23	21:43:00	186.312	186.318	186.310	186.312	82	0	0
2026.07.23	21:44:00	186.312	186.317	186.309	186.310	51	0	0
2026.07.23	21:45:00	186.310	186.314	186.307	186.311	90	0	0
2026.07.23	21:46:00	186.311	186.314	186.309	186.310	61	0	1
2026.07.23	21:47:00	186.310	186.318	186.308	186.318	39	0	0
2026.07.23	21:48:00	186.318	186.324	186.316	186.321	59	0	0
2026.07.23	21:49:00	186.321	186.330	186.319	186.328	81	0	0
2026.07.23	21:50:00	186.328	186.330	186.324	186.329	48	0	0
2026.07.23	21:51:00	186.329	186.332	186.325	186.326	81	0	0
2026.07.23	21:52:00	186.326	186.334	186.326	186.334	79	0	0
2026.07.23	21:53:00	186.334	186.334	186.329	186.333	65	0	0
2026.07.23	21:54:00	186.333	186.333	186.325	186.329	29	0	1
2026.07.23	21:55:00	186.329	186.344	186.324	186.344	59	0	0
2026.07.23	21:56:00	186.344	186.346	186.334	186.336	79	0	0
2026.07.23	21:57:00	186.336	186.340	186.330	186.335	50	0	1
2026.07.23	21:58:00	186.335	186.347	186.332	186.346	40	0	0
2026.07.23	21:59:00	186.346	186.349	186.335	186.347	96	0	0
2026.07.23	22:00:00	186.347	186.363	186.345	186.358	161	0	0
2026.07.23	22:01:00	186.358	186.359	186.343	186.346	53	0	1
2026.07.23	22:02:00	186.346	186.350	186.343	186.350	30	0	0
2026.07.23	22:03:00	186.350	186.350	186.340	186.347	32	0	0
2026.07.23	22:04:00	186.347	186.347	186.339	186.342	31	0	0
2026.07.23	22:05:00	186.342	186.349	186.340	186.349	41	0	0
2026.07.23	22:06:00	186.348	186.350	186.342	186.343	19	0	1
2026.07.23	22:07:00	186.341	186.347	186.340	186.342	23	0	0
2026.07.23	22:08:00	186.342	186.345	186.339	186.339	28	0	1
2026.07.23	22:09:00	186.339	186.340	186.337	186.339	19	0	1
2026.07.23	22:10:00	186.339	186.343	186.337	186.343	15	0	1
2026.07.23	22:11:00	186.343	186.345	186.341	186.344	21	0	0
2026.07.23	22:12:00	186.343	186.344	186.340	186.340	14	0	1
2026.07.23	22:13:00	186.340	186.342	186.333	186.335	47	0	0
2026.07.23	22:14:00	186.335	186.350	186.333	186.347	65	0	0
2026.07.23	22:15:00	186.347	186.351	186.346	186.349	63	0	0
2026.07.23	22:16:00	186.347	186.352	186.347	186.349	55	0	0
2026.07.23	22:17:00	186.349	186.352	186.344	186.344	59	0	1
2026.07.23	22:18:00	186.344	186.349	186.344	186.346	62	0	0
2026.07.23	22:19:00	186.346	186.349	186.342	186.346	99	0	0
2026.07.23	22:20:00	186.346	186.349	186.343	186.346	44	0	1
2026.07.23	22:21:00	186.346	186.348	186.341	186.342	43	0	0
2026.07.23	22:22:00	186.342	186.346	186.341	186.344	59	0	0
2026.07.23	22:23:00	186.344	186.351	186.344	186.349	31	0	0
2026.07.23	22:24:00	186.349	186.353	186.347	186.348	47	0	0
2026.07.23	22:25:00	186.348	186.358	186.345	186.358	51	0	0
2026.07.23	22:26:00	186.358	186.361	186.357	186.359	41	0	1
2026.07.23	22:27:00	186.359	186.366	186.359	186.362	73	0	0
2026.07.23	22:28:00	186.362	186.369	186.362	186.365	45	0	0
2026.07.23	22:29:00	186.365	186.367	186.355	186.363	55	0	0
2026.07.23	22:30:00	186.363	186.372	186.345	186.370	168	0	0
2026.07.23	22:31:00	186.370	186.375	186.363	186.372	132	0	0
2026.07.23	22:32:00	186.372	186.375	186.365	186.373	63	0	0
2026.07.23	22:33:00	186.374	186.377	186.365	186.369	79	0	0
2026.07.23	22:34:00	186.369	186.380	186.367	186.380	83	0	0
2026.07.23	22:35:00	186.380	186.386	186.379	186.382	54	0	0
2026.07.23	22:36:00	186.382	186.382	186.375	186.380	47	0	0
2026.07.23	22:37:00	186.380	186.384	186.375	186.376	43	0	0
2026.07.23	22:38:00	186.376	186.381	186.375	186.379	63	0	0
2026.07.23	22:39:00	186.379	186.384	186.378	186.382	60	0	1
2026.07.23	22:40:00	186.382	186.383	186.378	186.379	43	0	0
2026.07.23	22:41:00	186.379	186.389	186.376	186.388	86	0	0
2026.07.23	22:42:00	186.389	186.390	186.377	186.380	66	0	0
2026.07.23	22:43:00	186.380	186.388	186.380	186.386	41	0	0
2026.07.23	22:44:00	186.386	186.394	186.385	186.390	42	0	0
2026.07.23	22:45:00	186.390	186.395	186.383	186.383	79	0	0
2026.07.23	22:46:00	186.383	186.385	186.379	186.382	81	0	0
2026.07.23	22:47:00	186.382	186.389	186.378	186.387	55	0	0
2026.07.23	22:48:00	186.387	186.394	186.387	186.393	33	0	0
2026.07.23	22:49:00	186.393	186.402	186.387	186.388	57	0	0
2026.07.23	22:50:00	186.390	186.404	186.390	186.397	108	0	0
2026.07.23	22:51:00	186.397	186.406	186.397	186.402	75	0	0
2026.07.23	22:52:00	186.403	186.408	186.402	186.404	72	0	0
2026.07.23	22:53:00	186.404	186.407	186.400	186.403	67	0	0
2026.07.23	22:54:00	186.403	186.405	186.397	186.402	74	0	0
2026.07.23	22:55:00	186.402	186.405	186.391	186.393	63	0	0
2026.07.23	22:56:00	186.393	186.402	186.393	186.400	74	0	0
2026.07.23	22:57:00	186.400	186.411	186.392	186.396	69	0	0
2026.07.23	22:58:00	186.396	186.397	186.392	186.396	90	0	0
2026.07.23	22:59:00	186.396	186.399	186.389	186.390	78	0	0
2026.07.23	23:00:00	186.390	186.397	186.387	186.396	46	0	2
2026.07.23	23:01:00	186.396	186.398	186.391	186.395	52	0	3
2026.07.23	23:02:00	186.395	186.398	186.392	186.394	29	0	0
2026.07.23	23:03:00	186.394	186.397	186.392	186.393	38	0	2
2026.07.23	23:04:00	186.393	186.401	186.393	186.400	30	0	4
2026.07.23	23:05:00	186.400	186.409	186.396	186.398	59	0	0
2026.07.23	23:06:00	186.398	186.403	186.395	186.401	22	0	3
2026.07.23	23:07:00	186.401	186.401	186.394	186.394	11	0	3
2026.07.23	23:08:00	186.394	186.398	186.394	186.397	20	0	4
2026.07.23	23:09:00	186.397	186.397	186.388	186.390	23	0	4
2026.07.23	23:10:00	186.390	186.396	186.390	186.392	12	0	3
2026.07.23	23:11:00	186.392	186.397	186.391	186.396	66	0	3
2026.07.23	23:12:00	186.396	186.400	186.395	186.399	74	0	1
2026.07.23	23:13:00	186.399	186.399	186.392	186.393	20	0	2
2026.07.23	23:14:00	186.393	186.397	186.393	186.397	18	0	3
2026.07.23	23:15:00	186.397	186.399	186.396	186.399	11	0	2
2026.07.23	23:16:00	186.399	186.400	186.397	186.399	13	0	3
2026.07.23	23:17:00	186.399	186.400	186.398	186.399	13	0	4
2026.07.23	23:18:00	186.399	186.401	186.393	186.393	25	0	2
2026.07.23	23:19:00	186.393	186.393	186.385	186.388	25	0	3
2026.07.23	23:20:00	186.388	186.394	186.388	186.393	20	0	3
2026.07.23	23:21:00	186.393	186.394	186.387	186.388	12	0	3
2026.07.23	23:22:00	186.388	186.392	186.388	186.392	11	0	3
2026.07.23	23:23:00	186.392	186.410	186.390	186.408	27	0	0
2026.07.23	23:24:00	186.408	186.410	186.404	186.409	31	0	4
2026.07.23	23:25:00	186.409	186.415	186.408	186.415	30	0	3
2026.07.23	23:26:00	186.415	186.415	186.407	186.409	29	0	4
2026.07.23	23:27:00	186.409	186.413	186.408	186.410	21	0	4
2026.07.23	23:28:00	186.410	186.411	186.409	186.411	10	0	4
2026.07.23	23:29:00	186.411	186.426	186.407	186.423	65	0	0
2026.07.23	23:30:00	186.423	186.437	186.422	186.435	56	0	0
2026.07.23	23:31:00	186.435	186.441	186.431	186.431	64	0	1
2026.07.23	23:32:00	186.431	186.434	186.427	186.433	27	0	1
2026.07.23	23:33:00	186.433	186.444	186.433	186.440	20	0	0
2026.07.23	23:34:00	186.440	186.440	186.436	186.436	12	0	1
2026.07.23	23:35:00	186.436	186.437	186.428	186.428	18	0	3
2026.07.23	23:36:00	186.428	186.429	186.428	186.429	4	0	4
2026.07.23	23:37:00	186.429	186.434	186.429	186.433	18	0	4
2026.07.23	23:38:00	186.433	186.433	186.426	186.429	30	0	4
2026.07.23	23:39:00	186.429	186.429	186.427	186.428	15	0	3
2026.07.23	23:40:00	186.428	186.428	186.420	186.421	21	0	4
2026.07.23	23:41:00	186.421	186.428	186.420	186.428	11	0	4
2026.07.23	23:42:00	186.428	186.442	186.427	186.441	21	0	2
2026.07.23	23:43:00	186.441	186.445	186.440	186.445	15	0	4
2026.07.23	23:44:00	186.445	186.452	186.441	186.450	25	0	3
2026.07.23	23:45:00	186.450	186.450	186.437	186.439	41	0	4
2026.07.23	23:46:00	186.439	186.448	186.436	186.447	66	0	4
2026.07.23	23:47:00	186.447	186.450	186.446	186.450	16	0	4
2026.07.23	23:48:00	186.450	186.450	186.437	186.437	25	0	4
2026.07.23	23:49:00	186.437	186.439	186.431	186.431	10	0	4
2026.07.23	23:50:00	186.424	186.433	186.423	186.431	39	0	4
2026.07.23	23:51:00	186.431	186.431	186.423	186.426	27	0	4
2026.07.23	23:52:00	186.426	186.426	186.411	186.419	26	0	4
2026.07.23	23:53:00	186.419	186.420	186.407	186.409	30	0	5
2026.07.23	23:54:00	186.409	186.421	186.408	186.421	29	0	7
2026.07.23	23:55:00	186.421	186.421	186.413	186.414	77	0	6
2026.07.23	23:56:00	186.414	186.416	186.410	186.411	20	0	12
2026.07.23	23:57:00	186.411	186.428	186.411	186.426	67	0	5
2026.07.23	23:58:00	186.416	186.429	186.411	186.422	54	0	14
2026.07.23	23:59:00	186.422	186.427	186.398	186.398	37	0	10
2026.07.24	00:00:00	186.372	186.375	186.302	186.369	4	0	76
2026.07.24	00:01:00	186.369	186.377	186.369	186.377	4	0	86
2026.07.24	00:02:00	186.377	186.377	186.321	186.377	3	0	84
2026.07.24	00:03:00	186.377	186.377	186.377	186.377	1	0	86
2026.07.24	00:04:00	186.329	186.379	186.329	186.379	4	0	86
2026.07.24	00:05:00	186.379	186.379	186.327	186.379	3	0	69
2026.07.24	00:06:00	186.379	186.381	186.379	186.381	2	0	68
2026.07.24	00:07:00	186.381	186.381	186.381	186.381	1	0	50
2026.07.24	00:08:00	186.381	186.399	186.381	186.399	2	0	56
2026.07.24	00:09:00	186.399	186.399	186.399	186.399	1	0	56
2026.07.24	00:10:00	186.399	186.399	186.376	186.399	3	0	56
2026.07.24	00:11:00	186.399	186.399	186.399	186.399	1	0	56
2026.07.24	00:12:00	186.399	186.399	186.350	186.354	7	0	56
2026.07.24	00:13:00	186.354	186.361	186.354	186.361	3	0	83
2026.07.24	00:14:00	186.361	186.364	186.361	186.364	2	0	80
2026.07.24	00:15:00	186.364	186.386	186.364	186.386	5	0	67
2026.07.24	00:16:00	186.386	186.397	186.376	186.397	10	0	65
2026.07.24	00:17:00	186.397	186.397	186.395	186.395	2	0	66
2026.07.24	00:18:00	186.395	186.398	186.395	186.398	3	0	65
2026.07.24	00:19:00	186.398	186.398	186.398	186.398	1	0	66
2026.07.24	00:20:00	186.398	186.401	186.397	186.397	4	0	70
2026.07.24	00:21:00	186.397	186.402	186.397	186.399	5	0	70
2026.07.24	00:22:00	186.399	186.410	186.399	186.410	4	0	69
2026.07.24	00:23:00	186.410	186.410	186.402	186.402	8	0	71
2026.07.24	00:24:00	186.402	186.404	186.399	186.402	5	0	77
2026.07.24	00:25:00	186.402	186.403	186.400	186.400	3	0	78
2026.07.24	00:26:00	186.400	186.406	186.400	186.406	2	0	75
2026.07.24	00:27:00	186.406	186.406	186.406	186.406	1	0	75
2026.07.24	00:28:00	186.406	186.406	186.399	186.401	4	0	69
2026.07.24	00:29:00	186.401	186.401	186.392	186.392	3	0	74
2026.07.24	00:30:00	186.392	186.394	186.372	186.372	7	0	73
2026.07.24	00:31:00	186.372	186.373	186.372	186.373	2	0	79
2026.07.24	00:32:00	186.373	186.373	186.373	186.373	1	0	78
2026.07.24	00:33:00	186.373	186.374	186.372	186.374	3	0	78
2026.07.24	00:34:00	186.374	186.376	186.371	186.376	6	0	78
2026.07.24	00:35:00	186.376	186.376	186.375	186.375	4	0	78
2026.07.24	00:36:00	186.375	186.375	186.366	186.367	9	0	79
2026.07.24	00:37:00	186.367	186.367	186.364	186.364	3	0	78
2026.07.24	00:38:00	186.364	186.364	186.356	186.357	5	0	78
2026.07.24	00:39:00	186.357	186.357	186.353	186.353	4	0	78
2026.07.24	00:40:00	186.353	186.353	186.332	186.332	9	0	79
2026.07.24	00:41:00	186.332	186.337	186.332	186.335	9	0	74
2026.07.24	00:42:00	186.335	186.339	186.332	186.332	9	0	71
2026.07.24	00:43:00	186.332	186.352	186.315	186.352	23	0	74
2026.07.24	00:44:00	186.352	186.370	186.346	186.352	16	0	71
2026.07.24	00:45:00	186.352	186.364	186.351	186.364	7	0	77
2026.07.24	00:46:00	186.364	186.378	186.364	186.378	4	0	76
2026.07.24	00:47:00	186.378	186.381	186.378	186.379	6	0	76
2026.07.24	00:48:00	186.379	186.379	186.363	186.363	5	0	79
2026.07.24	00:49:00	186.363	186.364	186.347	186.347	7	0	73
2026.07.24	00:50:00	186.347	186.351	186.346	186.350	5	0	74
2026.07.24	00:51:00	186.350	186.351	186.350	186.351	2	0	73
2026.07.24	00:52:00	186.351	186.352	186.348	186.349	5	0	72
2026.07.24	00:53:00	186.349	186.351	186.349	186.349	3	0	71
2026.07.24	00:54:00	186.349	186.353	186.349	186.352	6	0	70
2026.07.24	00:55:00	186.352	186.376	186.352	186.371	19	0	77
2026.07.24	00:56:00	186.371	186.380	186.371	186.373	5	0	76
2026.07.24	00:57:00	186.373	186.373	186.351	186.357	15	0	78
2026.07.24	00:58:00	186.357	186.357	186.278	186.303	49	0	79
2026.07.24	00:59:00	186.303	186.319	186.302	186.313	20	0	77
2026.07.24	01:00:00	186.313	186.402	186.311	186.402	64	0	0
2026.07.24	01:01:00	186.402	186.422	186.402	186.410	27	0	0
2026.07.24	01:02:00	186.410	186.410	186.401	186.406	20	0	0
2026.07.24	01:03:00	186.406	186.408	186.404	186.404	10	0	5
2026.07.24	01:04:00	186.404	186.412	186.403	186.405	25	0	2
2026.07.24	01:05:00	186.405	186.421	186.405	186.415	20	0	0
2026.07.24	01:06:00	186.415	186.416	186.405	186.406	17	0	2
2026.07.24	01:07:00	186.406	186.406	186.405	186.406	9	0	6
2026.07.24	01:08:00	186.406	186.408	186.404	186.405	14	0	2
2026.07.24	01:09:00	186.405	186.415	186.405	186.413	19	0	3
2026.07.24	01:10:00	186.413	186.413	186.405	186.411	17	0	1
2026.07.24	01:11:00	186.411	186.419	186.407	186.414	24	0	0
2026.07.24	01:12:00	186.414	186.415	186.405	186.405	20	0	0
2026.07.24	01:13:00	186.405	186.408	186.404	186.408	14	0	5
2026.07.24	01:14:00	186.408	186.409	186.405	186.409	13	0	4
2026.07.24	01:15:00	186.409	186.412	186.409	186.411	18	0	4
2026.07.24	01:16:00	186.412	186.413	186.410	186.412	11	0	4
2026.07.24	01:17:00	186.412	186.412	186.409	186.410	12	0	4
2026.07.24	01:18:00	186.410	186.413	186.410	186.411	14	0	3
2026.07.24	01:19:00	186.412	186.414	186.411	186.411	15	0	4
2026.07.24	01:20:00	186.411	186.411	186.410	186.411	9	0	5
2026.07.24	01:21:00	186.411	186.414	186.411	186.414	14	0	4
2026.07.24	01:22:00	186.413	186.417	186.411	186.416	15	0	4
2026.07.24	01:23:00	186.416	186.427	186.414	186.425	44	0	1
2026.07.24	01:24:00	186.425	186.431	186.425	186.430	20	0	3
2026.07.24	01:25:00	186.430	186.437	186.430	186.432	22	0	2
2026.07.24	01:26:00	186.431	186.434	186.425	186.429	44	0	4
2026.07.24	01:27:00	186.429	186.430	186.427	186.430	19	0	4
2026.07.24	01:28:00	186.430	186.430	186.421	186.422	21	0	1
2026.07.24	01:29:00	186.422	186.423	186.420	186.421	14	0	3
2026.07.24	01:30:00	186.421	186.424	186.420	186.421	22	0	4
2026.07.24	01:31:00	186.421	186.421	186.419	186.419	9	0	1
2026.07.24	01:32:00	186.419	186.420	186.418	186.419	7	0	1
2026.07.24	01:33:00	186.419	186.420	186.416	186.419	38	0	1
2026.07.24	01:34:00	186.419	186.423	186.419	186.423	14	0	1
2026.07.24	01:35:00	186.423	186.430	186.423	186.429	26	0	1
2026.07.24	01:36:00	186.429	186.430	186.428	186.429	33	0	2
2026.07.24	01:37:00	186.429	186.430	186.410	186.413	53	0	0
2026.07.24	01:38:00	186.413	186.421	186.409	186.421	38	0	0
2026.07.24	01:39:00	186.420	186.420	186.406	186.409	38	0	1
2026.07.24	01:40:00	186.409	186.412	186.407	186.410	33	0	4
2026.07.24	01:41:00	186.410	186.411	186.404	186.409	17	0	4
2026.07.24	01:42:00	186.409	186.420	186.409	186.419	22	0	3
2026.07.24	01:43:00	186.419	186.421	186.418	186.421	16	0	1
2026.07.24	01:44:00	186.421	186.422	186.418	186.422	18	0	0
2026.07.24	01:45:00	186.422	186.422	186.416	186.420	28	0	1
2026.07.24	01:46:00	186.420	186.424	186.418	186.424	23	0	3
2026.07.24	01:47:00	186.424	186.426	186.424	186.426	13	0	2
2026.07.24	01:48:00	186.426	186.433	186.425	186.432	25	0	0
2026.07.24	01:49:00	186.432	186.436	186.432	186.435	22	0	4
2026.07.24	01:50:00	186.435	186.435	186.432	186.434	18	0	4
2026.07.24	01:51:00	186.434	186.440	186.432	186.439	26	0	1
2026.07.24	01:52:00	186.439	186.441	186.438	186.440	12	0	4
2026.07.24	01:53:00	186.440	186.442	186.438	186.441	22	0	4
2026.07.24	01:54:00	186.441	186.449	186.441	186.446	34	0	3
2026.07.24	01:55:00	186.446	186.448	186.446	186.446	11	0	4
2026.07.24	01:56:00	186.446	186.447	186.443	186.447	9	0	4
2026.07.24	01:57:00	186.447	186.451	186.446	186.451	13	0	4
2026.07.24	01:58:00	186.451	186.452	186.451	186.451	7	0	3
2026.07.24	01:59:00	186.451	186.452	186.450	186.450	14	0	3
2026.07.24	02:00:00	186.450	186.456	186.450	186.452	10	0	2
2026.07.24	02:01:00	186.452	186.452	186.446	186.450	14	0	2
2026.07.24	02:02:00	186.450	186.450	186.446	186.447	14	0	3
2026.07.24	02:03:00	186.447	186.449	186.445	186.449	17	0	4
2026.07.24	02:04:00	186.449	186.449	186.438	186.441	23	0	0
2026.07.24	02:05:00	186.441	186.442	186.440	186.440	10	0	4
2026.07.24	02:06:00	186.440	186.440	186.439	186.440	9	0	4
2026.07.24	02:07:00	186.440	186.442	186.440	186.442	9	0	4
2026.07.24	02:08:00	186.442	186.442	186.440	186.441	10	0	4
2026.07.24	02:09:00	186.441	186.442	186.439	186.439	8	0	4
2026.07.24	02:10:00	186.439	186.440	186.435	186.436	13	0	2
2026.07.24	02:11:00	186.436	186.440	186.434	186.440	18	0	3
2026.07.24	02:12:00	186.439	186.440	186.434	186.435	9	0	1
2026.07.24	02:13:00	186.435	186.435	186.432	186.432	2	0	3
2026.07.24	02:14:00	186.432	186.432	186.426	186.426	28	0	2
2026.07.24	02:15:00	186.426	186.426	186.421	186.425	16	0	3
2026.07.24	02:16:00	186.425	186.425	186.421	186.422	28	0	4
2026.07.24	02:17:00	186.422	186.423	186.419	186.419	16	0	4
2026.07.24	02:18:00	186.419	186.423	186.419	186.423	13	0	4
2026.07.24	02:19:00	186.423	186.424	186.422	186.424	18	0	4
2026.07.24	02:20:00	186.424	186.427	186.423	186.427	14	0	4
2026.07.24	02:21:00	186.427	186.428	186.426	186.426	30	0	4
2026.07.24	02:22:00	186.426	186.427	186.424	186.424	19	0	4
2026.07.24	02:23:00	186.424	186.424	186.420	186.422	10	0	4
2026.07.24	02:24:00	186.422	186.424	186.422	186.423	15	0	3
2026.07.24	02:25:00	186.423	186.424	186.411	186.411	32	0	2
2026.07.24	02:26:00	186.411	186.419	186.411	186.414	14	0	0
2026.07.24	02:27:00	186.414	186.414	186.411	186.412	14	0	4
2026.07.24	02:28:00	186.412	186.415	186.411	186.412	10	0	2
2026.07.24	02:29:00	186.412	186.413	186.405	186.405	19	0	3
2026.07.24	02:30:00	186.405	186.406	186.404	186.406	12	0	6
2026.07.24	02:31:00	186.406	186.410	186.405	186.410	17	0	3
2026.07.24	02:32:00	186.410	186.411	186.403	186.406	23	0	2
2026.07.24	02:33:00	186.406	186.412	186.403	186.412	30	0	3
2026.07.24	02:34:00	186.412	186.414	186.407	186.410	18	0	4
2026.07.24	02:35:00	186.410	186.411	186.408	186.409	22	0	4
2026.07.24	02:36:00	186.409	186.417	186.409	186.417	9	0	2
2026.07.24	02:37:00	186.417	186.421	186.417	186.420	17	0	4
2026.07.24	02:38:00	186.420	186.421	186.418	186.419	23	0	4
2026.07.24	02:39:00	186.419	186.419	186.414	186.416	14	0	4
2026.07.24	02:40:00	186.416	186.417	186.387	186.388	72	0	0
2026.07.24	02:41:00	186.388	186.389	186.379	186.379	35	0	4
2026.07.24	02:42:00	186.379	186.394	186.379	186.394	34	0	4
2026.07.24	02:43:00	186.394	186.398	186.393	186.396	22	0	4
2026.07.24	02:44:00	186.396	186.401	186.396	186.398	22	0	4
2026.07.24	02:45:00	186.398	186.419	186.395	186.417	85	0	3
2026.07.24	02:46:00	186.416	186.420	186.408	186.410	58	0	4
2026.07.24	02:47:00	186.410	186.417	186.409	186.415	23	0	4
2026.07.24	02:48:00	186.415	186.416	186.406	186.408	32	0	4
2026.07.24	02:49:00	186.408	186.413	186.408	186.413	40	0	4
2026.07.24	02:50:00	186.413	186.413	186.409	186.412	31	0	4
2026.07.24	02:51:00	186.412	186.413	186.410	186.411	15	0	4
2026.07.24	02:52:00	186.411	186.412	186.393	186.395	60	0	0
2026.07.24	02:53:00	186.395	186.406	186.395	186.406	39	0	3
2026.07.24	02:54:00	186.406	186.414	186.405	186.413	66	0	4
2026.07.24	02:55:00	186.413	186.415	186.407	186.413	51	0	4
2026.07.24	02:56:00	186.413	186.417	186.413	186.414	38	0	4
2026.07.24	02:57:00	186.414	186.417	186.401	186.417	78	0	2
2026.07.24	02:58:00	186.417	186.419	186.404	186.411	97	0	2
2026.07.24	02:59:00	186.411	186.411	186.392	186.394	60	0	3
2026.07.24	03:00:00	186.394	186.430	186.379	186.428	294	0	1
2026.07.24	03:01:00	186.428	186.451	186.427	186.436	147	0	0
2026.07.24	03:02:00	186.436	186.447	186.428	186.440	159	0	0
2026.07.24	03:03:00	186.439	186.452	186.416	186.447	193	0	0
2026.07.24	03:04:00	186.447	186.447	186.410	186.416	92	0	2
2026.07.24	03:05:00	186.416	186.436	186.413	186.429	97	0	0
2026.07.24	03:06:00	186.428	186.483	186.418	186.481	126	0	0
2026.07.24	03:07:00	186.481	186.481	186.444	186.459	107	0	0
2026.07.24	03:08:00	186.459	186.467	186.407	186.427	205	0	0
2026.07.24	03:09:00	186.427	186.461	186.426	186.460	106	0	1
2026.07.24	03:10:00	186.460	186.461	186.428	186.430	144	0	3
2026.07.24	03:11:00	186.430	186.450	186.430	186.449	86	0	1
2026.07.24	03:12:00	186.449	186.450	186.438	186.448	106	0	1
2026.07.24	03:13:00	186.448	186.450	186.441	186.446	52	0	4
2026.07.24	03:14:00	186.446	186.447	186.437	186.442	66	0	0
2026.07.24	03:15:00	186.442	186.458	186.438	186.441	100	0	1
2026.07.24	03:16:00	186.441	186.458	186.441	186.455	58	0	1
2026.07.24	03:17:00	186.455	186.484	186.455	186.471	78	0	0
2026.07.24	03:18:00	186.471	186.472	186.448	186.449	78	0	0
2026.07.24	03:19:00	186.449	186.453	186.433	186.441	87	0	0
2026.07.24	03:20:00	186.441	186.450	186.432	186.450	73	0	2
2026.07.24	03:21:00	186.450	186.461	186.450	186.457	69	0	4
2026.07.24	03:22:00	186.457	186.457	186.450	186.456	64	0	1
2026.07.24	03:23:00	186.457	186.465	186.447	186.448	99	0	1
2026.07.24	03:24:00	186.448	186.448	186.438	186.442	47	0	3
2026.07.24	03:25:00	186.442	186.457	186.442	186.457	61	0	3
2026.07.24	03:26:00	186.457	186.463	186.451	186.460	90	0	0
2026.07.24	03:27:00	186.460	186.463	186.444	186.448	68	0	0
2026.07.24	03:28:00	186.448	186.457	186.446	186.454	110	0	2
2026.07.24	03:29:00	186.454	186.473	186.449	186.468	116	0	0
2026.07.24	03:30:00	186.468	186.468	186.446	186.459	109	0	0
2026.07.24	03:31:00	186.459	186.465	186.448	186.454	107	0	0
2026.07.24	03:32:00	186.454	186.454	186.446	186.446	35	0	3
2026.07.24	03:33:00	186.446	186.459	186.442	186.457	79	0	0
2026.07.24	03:34:00	186.457	186.463	186.451	186.456	108	0	0
2026.07.24	03:35:00	186.456	186.470	186.452	186.453	97	0	0
2026.07.24	03:36:00	186.453	186.461	186.449	186.450	71	0	1
2026.07.24	03:37:00	186.450	186.457	186.447	186.455	56	0	1
2026.07.24	03:38:00	186.454	186.464	186.454	186.462	79	0	3
2026.07.24	03:39:00	186.462	186.467	186.458	186.464	75	0	0
2026.07.24	03:40:00	186.464	186.474	186.463	186.469	106	0	2
2026.07.24	03:41:00	186.469	186.474	186.465	186.470	107	0	0
2026.07.24	03:42:00	186.470	186.481	186.469	186.480	64	0	0
2026.07.24	03:43:00	186.480	186.496	186.480	186.495	85	0	0
2026.07.24	03:44:00	186.495	186.501	186.494	186.498	40	0	2
2026.07.24	03:45:00	186.498	186.501	186.487	186.491	63	0	0
2026.07.24	03:46:00	186.490	186.494	186.474	186.484	85	0	0
2026.07.24	03:47:00	186.484	186.489	186.480	186.489	88	0	1
2026.07.24	03:48:00	186.489	186.490	186.479	186.487	71	0	0
2026.07.24	03:49:00	186.487	186.489	186.474	186.488	63	0	0
2026.07.24	03:50:00	186.488	186.493	186.484	186.485	82	0	0
2026.07.24	03:51:00	186.485	186.498	186.483	186.494	79	0	0
2026.07.24	03:52:00	186.494	186.495	186.484	186.487	95	0	2
2026.07.24	03:53:00	186.487	186.529	186.472	186.520	245	0	0
2026.07.24	03:54:00	186.519	186.531	186.504	186.518	309	0	0
2026.07.24	03:55:00	186.518	186.518	186.477	186.499	318	0	0
2026.07.24	03:56:00	186.500	186.520	186.496	186.497	183	0	0
2026.07.24	03:57:00	186.497	186.519	186.492	186.518	142	0	3
2026.07.24	03:58:00	186.518	186.524	186.498	186.499	205	0	0
2026.07.24	03:59:00	186.499	186.503	186.480	186.486	206	0	1
2026.07.24	04:00:00	186.486	186.528	186.482	186.520	305	0	0
2026.07.24	04:01:00	186.520	186.536	186.505	186.508	270	0	0
2026.07.24	04:02:00	186.508	186.525	186.506	186.516	196	0	3
2026.07.24	04:03:00	186.516	186.529	186.514	186.525	136	0	4
2026.07.24	04:04:00	186.525	186.537	186.523	186.531	123	0	3
2026.07.24	04:05:00	186.531	186.533	186.512	186.516	118	0	3
2026.07.24	04:06:00	186.516	186.517	186.482	186.498	143	0	0
2026.07.24	04:07:00	186.498	186.499	186.487	186.491	89	0	2
2026.07.24	04:08:00	186.491	186.495	186.483	186.485	85	0	2
2026.07.24	04:09:00	186.485	186.495	186.482	186.492	52	0	1
2026.07.24	04:10:00	186.492	186.507	186.490	186.502	60	0	1
2026.07.24	04:11:00	186.502	186.510	186.500	186.508	61	0	3
2026.07.24	04:12:00	186.508	186.538	186.508	186.535	70	0	0
2026.07.24	04:13:00	186.535	186.536	186.519	186.523	81	0	0
2026.07.24	04:14:00	186.523	186.526	186.518	186.520	111	0	0
2026.07.24	04:15:00	186.520	186.523	186.516	186.521	62	0	2
2026.07.24	04:16:00	186.521	186.522	186.495	186.500	124	0	0
2026.07.24	04:17:00	186.500	186.519	186.500	186.519	62	0	2
2026.07.24	04:18:00	186.519	186.521	186.482	186.491	143	0	0
2026.07.24	04:19:00	186.491	186.503	186.472	186.503	209	0	1
2026.07.24	04:20:00	186.503	186.512	186.493	186.495	132	0	2
2026.07.24	04:21:00	186.495	186.511	186.486	186.509	147	0	1
2026.07.24	04:22:00	186.509	186.510	186.491	186.493	153	0	0
2026.07.24	04:23:00	186.493	186.504	186.488	186.500	120	0	0
2026.07.24	04:24:00	186.500	186.513	186.500	186.505	57	0	0
2026.07.24	04:25:00	186.505	186.511	186.498	186.504	77	0	1
2026.07.24	04:26:00	186.504	186.508	186.488	186.490	117	0	0
2026.07.24	04:27:00	186.490	186.492	186.481	186.484	68	0	0
2026.07.24	04:28:00	186.484	186.484	186.462	186.474	116	0	0
2026.07.24	04:29:00	186.474	186.485	186.473	186.483	83	0	1
2026.07.24	04:30:00	186.483	186.488	186.474	186.475	96	0	0
2026.07.24	04:31:00	186.475	186.480	186.470	186.477	104	0	0
2026.07.24	04:32:00	186.477	186.481	186.475	186.477	78	0	0
2026.07.24	04:33:00	186.477	186.489	186.474	186.476	87	0	0
2026.07.24	04:34:00	186.476	186.483	186.447	186.453	101	0	0
2026.07.24	04:35:00	186.453	186.469	186.447	186.448	101	0	0
2026.07.24	04:36:00	186.448	186.453	186.445	186.448	76	0	0
2026.07.24	04:37:00	186.448	186.458	186.441	186.441	118	0	0
2026.07.24	04:38:00	186.441	186.457	186.432	186.455	124	0	1
2026.07.24	04:39:00	186.455	186.457	186.440	186.443	98	0	2
2026.07.24	04:40:00	186.443	186.446	186.424	186.427	115	0	0
2026.07.24	04:41:00	186.427	186.437	186.416	186.422	148	0	0
2026.07.24	04:42:00	186.422	186.430	186.418	186.429	99	0	2
2026.07.24	04:43:00	186.429	186.434	186.423	186.428	112	0	0
2026.07.24	04:44:00	186.428	186.433	186.425	186.429	115	0	4
2026.07.24	04:45:00	186.429	186.438	186.426	186.437	84	0	1
2026.07.24	04:46:00	186.436	186.444	186.433	186.443	98	0	3
2026.07.24	04:47:00	186.443	186.445	186.430	186.442	87	0	0
2026.07.24	04:48:00	186.442	186.466	186.441	186.466	61	0	2
2026.07.24	04:49:00	186.466	186.476	186.465	186.471	45	0	2
2026.07.24	04:50:00	186.471	186.471	186.450	186.453	88	0	0
2026.07.24	04:51:00	186.452	186.467	186.449	186.464	80	0	1
2026.07.24	04:52:00	186.464	186.464	186.458	186.458	52	0	2
2026.07.24	04:53:00	186.458	186.464	186.449	186.463	75	0	0
2026.07.24	04:54:00	186.463	186.468	186.461	186.461	75	0	2
2026.07.24	04:55:00	186.461	186.463	186.448	186.452	78	0	1
2026.07.24	04:56:00	186.452	186.454	186.443	186.444	63	0	0
2026.07.24	04:57:00	186.444	186.444	186.432	186.438	84	0	1
2026.07.24	04:58:00	186.438	186.438	186.429	186.435	84	0	2
2026.07.24	04:59:00	186.435	186.441	186.432	186.440	88	0	3
2026.07.24	05:00:00	186.440	186.459	186.439	186.459	132	0	0
2026.07.24	05:01:00	186.459	186.459	186.451	186.454	72	0	1
2026.07.24	05:02:00	186.454	186.457	186.443	186.447	64	0	1
2026.07.24	05:03:00	186.447	186.454	186.439	186.439	78	0	0
2026.07.24	05:04:00	186.439	186.446	186.439	186.443	79	0	1
2026.07.24	05:05:00	186.443	186.445	186.434	186.443	78	0	1
2026.07.24	05:06:00	186.443	186.448	186.440	186.446	50	0	3
2026.07.24	05:07:00	186.446	186.454	186.443	186.454	68	0	1
2026.07.24	05:08:00	186.454	186.456	186.451	186.456	54	0	3
2026.07.24	05:09:00	186.456	186.462	186.448	186.449	77	0	0
2026.07.24	05:10:00	186.449	186.452	186.442	186.449	90	0	0
2026.07.24	05:11:00	186.449	186.451	186.445	186.446	38	0	1
2026.07.24	05:12:00	186.446	186.451	186.443	186.446	49	0	0
2026.07.24	05:13:00	186.446	186.453	186.446	186.453	24	0	3
2026.07.24	05:14:00	186.453	186.454	186.444	186.453	79	0	0
2026.07.24	05:15:00	186.453	186.460	186.453	186.457	80	0	1
2026.07.24	05:16:00	186.457	186.457	186.446	186.446	50	0	1
2026.07.24	05:17:00	186.446	186.451	186.441	186.450	78	0	0
2026.07.24	05:18:00	186.450	186.452	186.447	186.449	42	0	2
2026.07.24	05:19:00	186.449	186.452	186.446	186.448	27	0	1
2026.07.24	05:20:00	186.448	186.451	186.437	186.438	58	0	0
2026.07.24	05:21:00	186.438	186.444	186.435	186.443	81	0	2
2026.07.24	05:22:00	186.443	186.444	186.430	186.432	53	0	0
2026.07.24	05:23:00	186.432	186.445	186.432	186.441	75	0	2
2026.07.24	05:24:00	186.441	186.446	186.436	186.437	53	0	0
2026.07.24	05:25:00	186.437	186.438	186.434	186.436	41	0	2
2026.07.24	05:26:00	186.436	186.448	186.435	186.448	57	0	3
2026.07.24	05:27:00	186.448	186.448	186.439	186.439	74	0	1
2026.07.24	05:28:00	186.440	186.447	186.435	186.440	89	0	2
2026.07.24	05:29:00	186.440	186.449	186.439	186.448	62	0	2
2026.07.24	05:30:00	186.448	186.459	186.436	186.458	109	0	0
2026.07.24	05:31:00	186.458	186.465	186.452	186.458	103	0	0
2026.07.24	05:32:00	186.458	186.460	186.445	186.447	90	0	2
2026.07.24	05:33:00	186.447	186.450	186.443	186.444	61	0	4
2026.07.24	05:34:00	186.444	186.447	186.440	186.441	44	0	4
2026.07.24	05:35:00	186.441	186.445	186.440	186.442	60	0	3
2026.07.24	05:36:00	186.442	186.442	186.436	186.436	42	0	2
2026.07.24	05:37:00	186.436	186.438	186.432	186.437	38	0	3
2026.07.24	05:38:00	186.437	186.451	186.437	186.446	58	0	0
2026.07.24	05:39:00	186.446	186.449	186.431	186.434	93	0	0
2026.07.24	05:40:00	186.434	186.438	186.434	186.435	52	0	3
2026.07.24	05:41:00	186.435	186.436	186.427	186.428	41	0	1
2026.07.24	05:42:00	186.428	186.431	186.425	186.426	37	0	3
2026.07.24	05:43:00	186.426	186.434	186.425	186.427	91	0	2
2026.07.24	05:44:00	186.427	186.442	186.426	186.440	46	0	1
2026.07.24	05:45:00	186.440	186.448	186.439	186.440	63	0	2
2026.07.24	05:46:00	186.440	186.440	186.429	186.429	58	0	0
2026.07.24	05:47:00	186.429	186.430	186.420	186.420	44	0	3
2026.07.24	05:48:00	186.420	186.422	186.407	186.415	93	0	0
2026.07.24	05:49:00	186.415	186.421	186.401	186.401	114	0	3
2026.07.24	05:50:00	186.401	186.415	186.401	186.408	100	0	3
2026.07.24	05:51:00	186.408	186.414	186.404	186.404	119	0	4
2026.07.24	05:52:00	186.404	186.404	186.392	186.392	84	0	1
2026.07.24	05:53:00	186.392	186.416	186.392	186.416	90	0	3
2026.07.24	05:54:00	186.416	186.422	186.413	186.414	90	0	4
2026.07.24	05:55:00	186.414	186.421	186.410	186.418	82	0	0
2026.07.24	05:56:00	186.418	186.422	186.416	186.416	51	0	3
2026.07.24	05:57:00	186.415	186.425	186.412	186.421	83	0	1
2026.07.24	05:58:00	186.421	186.422	186.397	186.399	81	0	0
2026.07.24	05:59:00	186.398	186.399	186.393	186.393	68	0	3
2026.07.24	06:00:00	186.393	186.399	186.385	186.397	80	0	2
2026.07.24	06:01:00	186.397	186.399	186.389	186.392	59	0	2
2026.07.24	06:02:00	186.392	186.397	186.387	186.389	112	0	2
2026.07.24	06:03:00	186.389	186.403	186.385	186.393	51	0	1
2026.07.24	06:04:00	186.393	186.400	186.392	186.399	35	0	4
2026.07.24	06:05:00	186.399	186.401	186.396	186.398	44	0	2
2026.07.24	06:06:00	186.398	186.401	186.397	186.398	52	0	1
2026.07.24	06:07:00	186.398	186.401	186.393	186.393	32	0	2
2026.07.24	06:08:00	186.393	186.394	186.387	186.391	49	0	0
2026.07.24	06:09:00	186.391	186.394	186.383	186.388	40	0	1
2026.07.24	06:10:00	186.388	186.390	186.376	186.378	97	0	1
2026.07.24	06:11:00	186.378	186.380	186.372	186.379	107	0	3
2026.07.24	06:12:00	186.379	186.395	186.379	186.393	71	0	2
2026.07.24	06:13:00	186.393	186.404	186.392	186.402	54	0	1
2026.07.24	06:14:00	186.402	186.406	186.401	186.405	74	0	4
2026.07.24	06:15:00	186.405	186.413	186.397	186.411	78	0	2
2026.07.24	06:16:00	186.411	186.414	186.407	186.414	78	0	4
2026.07.24	06:17:00	186.414	186.418	186.411	186.414	59	0	2
2026.07.24	06:18:00	186.414	186.420	186.409	186.410	55	0	2
2026.07.24	06:19:00	186.410	186.410	186.402	186.402	55	0	4
2026.07.24	06:20:00	186.402	186.409	186.400	186.407	50	0	3
2026.07.24	06:21:00	186.407	186.424	186.407	186.424	66	0	3
2026.07.24	06:22:00	186.424	186.426	186.421	186.423	29	0	1
2026.07.24	06:23:00	186.423	186.430	186.423	186.427	47	0	0
2026.07.24	06:24:00	186.427	186.433	186.426	186.428	46	0	2
2026.07.24	06:25:00	186.428	186.443	186.427	186.442	101	0	2
2026.07.24	06:26:00	186.442	186.446	186.439	186.444	55	0	3
2026.07.24	06:27:00	186.444	186.460	186.443	186.458	62	0	0
2026.07.24	06:28:00	186.458	186.462	186.450	186.451	57	0	1
2026.07.24	06:29:00	186.451	186.453	186.449	186.452	43	0	3
2026.07.24	06:30:00	186.452	186.477	186.451	186.459	144	0	0
2026.07.24	06:31:00	186.459	186.463	186.453	186.462	69	0	4
2026.07.24	06:32:00	186.462	186.463	186.456	186.457	132	0	3
2026.07.24	06:33:00	186.457	186.464	186.456	186.461	100	0	4
2026.07.24	06:34:00	186.461	186.466	186.458	186.464	133	0	3
2026.07.24	06:35:00	186.464	186.471	186.458	186.471	71	0	1
2026.07.24	06:36:00	186.471	186.472	186.457	186.457	72	0	4
2026.07.24	06:37:00	186.457	186.460	186.452	186.452	74	0	3
2026.07.24	06:38:00	186.452	186.459	186.449	186.459	76	0	4
2026.07.24	06:39:00	186.459	186.467	186.458	186.465	68	0	4
2026.07.24	06:40:00	186.465	186.469	186.461	186.465	48	0	4
2026.07.24	06:41:00	186.465	186.465	186.455	186.455	64	0	4
2026.07.24	06:42:00	186.455	186.459	186.447	186.455	50	0	1
2026.07.24	06:43:00	186.455	186.460	186.452	186.455	65	0	3
2026.07.24	06:44:00	186.455	186.459	186.453	186.458	54	0	3
2026.07.24	06:45:00	186.458	186.460	186.452	186.455	82	0	2
2026.07.24	06:46:00	186.455	186.457	186.454	186.455	22	0	4
2026.07.24	06:47:00	186.455	186.457	186.447	186.447	40	0	0
2026.07.24	06:48:00	186.447	186.450	186.440	186.440	64	0	3
2026.07.24	06:49:00	186.440	186.443	186.438	186.439	44	0	3
2026.07.24	06:50:00	186.439	186.444	186.436	186.437	64	0	0
2026.07.24	06:51:00	186.437	186.441	186.436	186.441	135	0	3
2026.07.24	06:52:00	186.441	186.447	186.440	186.445	66	0	2
2026.07.24	06:53:00	186.445	186.455	186.444	186.454	44	0	3
2026.07.24	06:54:00	186.454	186.454	186.439	186.442	57	0	1
2026.07.24	06:55:00	186.442	186.444	186.436	186.439	57	0	2
2026.07.24	06:56:00	186.439	186.439	186.434	186.438	50	0	3
2026.07.24	06:57:00	186.438	186.442	186.435	186.436	52	0	3
2026.07.24	06:58:00	186.436	186.444	186.436	186.441	44	0	0
2026.07.24	06:59:00	186.441	186.446	186.434	186.445	51	0	1
2026.07.24	07:00:00	186.445	186.450	186.444	186.450	113	0	4
2026.07.24	07:01:00	186.450	186.455	186.449	186.452	55	0	4
2026.07.24	07:02:00	186.452	186.456	186.451	186.454	59	0	3
2026.07.24	07:03:00	186.454	186.463	186.454	186.463	34	0	2
2026.07.24	07:04:00	186.463	186.467	186.460	186.465	47	0	0
2026.07.24	07:05:00	186.465	186.468	186.462	186.465	130	0	2
2026.07.24	07:06:00	186.465	186.469	186.458	186.460	112	0	0
2026.07.24	07:07:00	186.460	186.460	186.448	186.456	100	0	0
2026.07.24	07:08:00	186.456	186.460	186.452	186.455	79	0	3
2026.07.24	07:09:00	186.455	186.463	186.455	186.462	30	0	3
2026.07.24	07:10:00	186.462	186.463	186.439	186.444	76	0	0
2026.07.24	07:11:00	186.444	186.449	186.437	186.445	102	0	4
2026.07.24	07:12:00	186.445	186.458	186.442	186.458	98	0	2
2026.07.24	07:13:00	186.458	186.459	186.445	186.451	74	0	2
2026.07.24	07:14:00	186.451	186.468	186.451	186.468	120	0	3
2026.07.24	07:15:00	186.468	186.481	186.468	186.481	35	0	3
2026.07.24	07:16:00	186.481	186.488	186.479	186.487	78	0	3
2026.07.24	07:17:00	186.487	186.488	186.481	186.484	44	0	4
2026.07.24	07:18:00	186.484	186.488	186.467	186.469	97	0	0
2026.07.24	07:19:00	186.469	186.471	186.465	186.469	46	0	2
2026.07.24	07:20:00	186.469	186.471	186.464	186.471	78	0	3
2026.07.24	07:21:00	186.471	186.473	186.466	186.467	57	0	2
2026.07.24	07:22:00	186.467	186.468	186.461	186.463	53	0	2
2026.07.24	07:23:00	186.463	186.464	186.461	186.464	33	0	2
2026.07.24	07:24:00	186.464	186.466	186.454	186.455	45	0	1
2026.07.24	07:25:00	186.455	186.458	186.450	186.453	68	0	2
2026.07.24	07:26:00	186.453	186.459	186.451	186.455	38	0	3
2026.07.24	07:27:00	186.455	186.457	186.450	186.454	73	0	3
2026.07.24	07:28:00	186.454	186.457	186.451	186.452	56	0	2
2026.07.24	07:29:00	186.452	186.457	186.449	186.456	36	0	3
2026.07.24	07:30:00	186.456	186.463	186.454	186.461	72	0	0
2026.07.24	07:31:00	186.461	186.461	186.446	186.450	42	0	2
2026.07.24	07:32:00	186.450	186.451	186.441	186.445	57	0	4
2026.07.24	07:33:00	186.445	186.446	186.442	186.445	38	0	4
2026.07.24	07:34:00	186.445	186.446	186.438	186.440	27	0	1
2026.07.24	07:35:00	186.440	186.440	186.433	186.438	93	0	1
2026.07.24	07:36:00	186.438	186.440	186.428	186.429	55	0	3
2026.07.24	07:37:00	186.429	186.430	186.424	186.426	30	0	1
2026.07.24	07:38:00	186.426	186.429	186.426	186.427	26	0	3
2026.07.24	07:39:00	186.427	186.434	186.425	186.430	41	0	1
2026.07.24	07:40:00	186.430	186.431	186.425	186.425	31	0	1
2026.07.24	07:41:00	186.425	186.426	186.409	186.409	49	0	0
2026.07.24	07:42:00	186.409	186.415	186.408	186.412	41	0	3
2026.07.24	07:43:00	186.412	186.413	186.409	186.411	28	0	3
2026.07.24	07:44:00	186.411	186.411	186.398	186.406	72	0	0
2026.07.24	07:45:00	186.406	186.420	186.404	186.413	70	0	0
2026.07.24	07:46:00	186.413	186.415	186.409	186.412	47	0	4
2026.07.24	07:47:00	186.412	186.412	186.407	186.408	15	0	1
2026.07.24	07:48:00	186.408	186.411	186.393	186.395	63	0	3
2026.07.24	07:49:00	186.395	186.406	186.395	186.404	72	0	4
2026.07.24	07:50:00	186.404	186.405	186.396	186.402	50	0	0
2026.07.24	07:51:00	186.402	186.407	186.401	186.407	41	0	2
2026.07.24	07:52:00	186.407	186.409	186.403	186.409	57	0	3
2026.07.24	07:53:00	186.409	186.412	186.402	186.407	46	0	0
2026.07.24	07:54:00	186.407	186.412	186.404	186.408	56	0	3
2026.07.24	07:55:00	186.408	186.414	186.408	186.412	25	0	2
2026.07.24	07:56:00	186.412	186.419	186.411	186.415	39	0	2
2026.07.24	07:57:00	186.415	186.418	186.411	186.412	45	0	1
2026.07.24	07:58:00	186.412	186.415	186.406	186.414	31	0	2
2026.07.24	07:59:00	186.414	186.424	186.414	186.421	36	0	2
2026.07.24	08:00:00	186.421	186.432	186.416	186.416	59	0	0
2026.07.24	08:01:00	186.416	186.418	186.410	186.414	28	0	0
2026.07.24	08:02:00	186.414	186.423	186.414	186.422	17	0	0
2026.07.24	08:03:00	186.422	186.429	186.422	186.428	26	0	0
2026.07.24	08:04:00	186.428	186.433	186.425	186.430	52	0	1
2026.07.24	08:05:00	186.430	186.438	186.430	186.433	49	0	1
2026.07.24	08:06:00	186.433	186.434	186.416	186.419	63	0	0
2026.07.24	08:07:00	186.419	186.429	186.417	186.428	96	0	0
2026.07.24	08:08:00	186.428	186.431	186.426	186.427	31	0	1
2026.07.24	08:09:00	186.427	186.433	186.427	186.430	37	0	1
2026.07.24	08:10:00	186.430	186.443	186.430	186.438	39	0	0
2026.07.24	08:11:00	186.438	186.442	186.434	186.438	26	0	0
2026.07.24	08:12:00	186.438	186.438	186.425	186.425	44	0	0
2026.07.24	08:13:00	186.425	186.428	186.423	186.423	43	0	0
2026.07.24	08:14:00	186.423	186.432	186.420	186.430	49	0	0
2026.07.24	08:15:00	186.430	186.435	186.429	186.432	20	0	0
2026.07.24	08:16:00	186.432	186.448	186.429	186.440	61	0	0
2026.07.24	08:17:00	186.440	186.441	186.438	186.440	20	0	1
2026.07.24	08:18:00	186.440	186.445	186.439	186.445	24	0	1
2026.07.24	08:19:00	186.445	186.450	186.444	186.448	38	0	0
2026.07.24	08:20:00	186.448	186.452	186.445	186.449	33	0	0
2026.07.24	08:21:00	186.449	186.458	186.449	186.453	38	0	0
2026.07.24	08:22:00	186.453	186.453	186.432	186.436	68	0	0
2026.07.24	08:23:00	186.436	186.444	186.436	186.440	39	0	0
2026.07.24	08:24:00	186.440	186.442	186.437	186.437	31	0	0
2026.07.24	08:25:00	186.437	186.455	186.436	186.450	83	0	0
2026.07.24	08:26:00	186.450	186.454	186.445	186.452	47	0	0
2026.07.24	08:27:00	186.452	186.457	186.448	186.448	35	0	0
2026.07.24	08:28:00	186.448	186.448	186.438	186.439	55	0	0
2026.07.24	08:29:00	186.439	186.444	186.439	186.441	30	0	1
2026.07.24	08:30:00	186.441	186.465	186.441	186.463	87	0	0
2026.07.24	08:31:00	186.463	186.478	186.463	186.478	63	0	0
2026.07.24	08:32:00	186.478	186.479	186.461	186.463	67	0	0
2026.07.24	08:33:00	186.463	186.466	186.460	186.465	52	0	0
2026.07.24	08:34:00	186.465	186.467	186.452	186.466	105	0	0
2026.07.24	08:35:00	186.466	186.467	186.458	186.465	52	0	1
2026.07.24	08:36:00	186.465	186.471	186.449	186.451	52	0	0
2026.07.24	08:37:00	186.451	186.458	186.448	186.456	39	0	0
2026.07.24	08:38:00	186.456	186.461	186.450	186.451	59	0	1
2026.07.24	08:39:00	186.451	186.452	186.446	186.450	70	0	1
2026.07.24	08:40:00	186.450	186.453	186.447	186.447	28	0	1
2026.07.24	08:41:00	186.447	186.454	186.447	186.450	61	0	0
2026.07.24	08:42:00	186.450	186.452	186.437	186.437	91	0	0
2026.07.24	08:43:00	186.437	186.447	186.426	186.445	62	0	0
2026.07.24	08:44:00	186.445	186.450	186.434	186.435	65	0	0
2026.07.24	08:45:00	186.435	186.436	186.424	186.425	45	0	0
2026.07.24	08:46:00	186.425	186.428	186.415	186.417	52	0	0
2026.07.24	08:47:00	186.417	186.436	186.416	186.431	69	0	0
2026.07.24	08:48:00	186.431	186.438	186.430	186.436	41	0	0
2026.07.24	08:49:00	186.436	186.436	186.429	186.435	46	0	0
2026.07.24	08:50:00	186.435	186.435	186.420	186.420	49	0	0
2026.07.24	08:51:00	186.420	186.422	186.408	186.412	79	0	0
2026.07.24	08:52:00	186.410	186.414	186.400	186.409	54	0	0
2026.07.24	08:53:00	186.409	186.418	186.409	186.417	31	0	0
2026.07.24	08:54:00	186.417	186.429	186.416	186.424	69	0	0
2026.07.24	08:55:00	186.423	186.432	186.401	186.401	78	0	0
2026.07.24	08:56:00	186.401	186.422	186.398	186.405	80	0	0
2026.07.24	08:57:00	186.405	186.421	186.405	186.413	60	0	0
2026.07.24	08:58:00	186.413	186.418	186.408	186.414	46	0	0
2026.07.24	08:59:00	186.414	186.417	186.410	186.415	56	0	0
2026.07.24	09:00:00	186.415	186.430	186.413	186.428	89	0	0
2026.07.24	09:01:00	186.428	186.434	186.408	186.417	60	0	0
2026.07.24	09:02:00	186.417	186.432	186.412	186.424	90	0	0
2026.07.24	09:03:00	186.425	186.425	186.397	186.397	70	0	0
2026.07.24	09:04:00	186.397	186.399	186.387	186.395	129	0	0
2026.07.24	09:05:00	186.395	186.398	186.384	186.385	133	0	0
2026.07.24	09:06:00	186.385	186.389	186.361	186.381	125	0	0
2026.07.24	09:07:00	186.381	186.394	186.380	186.383	54	0	0
2026.07.24	09:08:00	186.383	186.403	186.375	186.395	84	0	0
2026.07.24	09:09:00	186.395	186.401	186.389	186.397	66	0	0
2026.07.24	09:10:00	186.397	186.411	186.391	186.409	66	0	0
2026.07.24	09:11:00	186.409	186.411	186.398	186.405	49	0	0
2026.07.24	09:12:00	186.405	186.405	186.381	186.393	82	0	0
2026.07.24	09:13:00	186.393	186.400	186.386	186.396	85	0	0
2026.07.24	09:14:00	186.396	186.414	186.392	186.412	82	0	0
2026.07.24	09:15:00	186.412	186.426	186.401	186.425	129	0	0
2026.07.24	09:16:00	186.425	186.431	186.411	186.431	95	0	0
2026.07.24	09:17:00	186.431	186.443	186.422	186.440	95	0	0
2026.07.24	09:18:00	186.440	186.459	186.428	186.459	87	0	0
2026.07.24	09:19:00	186.459	186.464	186.450	186.456	93	0	0
2026.07.24	09:20:00	186.457	186.464	186.452	186.459	66	0	0
2026.07.24	09:21:00	186.459	186.466	186.444	186.459	64	0	0
2026.07.24	09:22:00	186.459	186.470	186.456	186.470	58	0	0
2026.07.24	09:23:00	186.470	186.474	186.466	186.468	102	0	0
2026.07.24	09:24:00	186.468	186.474	186.464	186.471	71	0	0
2026.07.24	09:25:00	186.471	186.482	186.470	186.472	90	0	0
2026.07.24	09:26:00	186.472	186.482	186.463	186.477	70	0	0
2026.07.24	09:27:00	186.477	186.479	186.456	186.459	86	0	0
2026.07.24	09:28:00	186.459	186.466	186.457	186.459	65	0	0
2026.07.24	09:29:00	186.459	186.485	186.454	186.479	79	0	0
2026.07.24	09:30:00	186.479	186.494	186.479	186.492	79	0	0
2026.07.24	09:31:00	186.492	186.499	186.478	186.480	99	0	0
2026.07.24	09:32:00	186.480	186.482	186.469	186.481	72	0	0
2026.07.24	09:33:00	186.481	186.490	186.479	186.488	51	0	0
2026.07.24	09:34:00	186.487	186.494	186.482	186.491	60	0	0
2026.07.24	09:35:00	186.491	186.498	186.490	186.495	72	0	0
2026.07.24	09:36:00	186.496	186.498	186.477	186.482	76	0	0
2026.07.24	09:37:00	186.482	186.494	186.482	186.491	48	0	0
2026.07.24	09:38:00	186.491	186.494	186.476	186.484	88	0	0
2026.07.24	09:39:00	186.484	186.489	186.478	186.478	87	0	0
2026.07.24	09:40:00	186.478	186.490	186.467	186.469	95	0	0
2026.07.24	09:41:00	186.469	186.475	186.461	186.474	84	0	0
2026.07.24	09:42:00	186.474	186.486	186.471	186.483	80	0	0
2026.07.24	09:43:00	186.483	186.484	186.458	186.458	100	0	0
2026.07.24	09:44:00	186.458	186.458	186.438	186.444	107	0	0
2026.07.24	09:45:00	186.444	186.458	186.444	186.453	61	0	0
2026.07.24	09:46:00	186.453	186.466	186.453	186.462	47	0	0
2026.07.24	09:47:00	186.462	186.466	186.456	186.465	55	0	0
2026.07.24	09:48:00	186.465	186.467	186.452	186.461	53	0	0
2026.07.24	09:49:00	186.461	186.468	186.452	186.454	72	0	0
2026.07.24	09:50:00	186.454	186.463	186.452	186.462	65	0	0
2026.07.24	09:51:00	186.462	186.467	186.452	186.461	59	0	0
2026.07.24	09:52:00	186.459	186.462	186.443	186.446	103	0	0
2026.07.24	09:53:00	186.446	186.470	186.446	186.470	121	0	0
2026.07.24	09:54:00	186.470	186.470	186.448	186.453	123	0	0
2026.07.24	09:55:00	186.453	186.481	186.450	186.476	90	0	0
2026.07.24	09:56:00	186.476	186.483	186.472	186.478	79	0	0
2026.07.24	09:57:00	186.478	186.478	186.464	186.473	88	0	0
2026.07.24	09:58:00	186.473	186.479	186.465	186.468	61	0	0
2026.07.24	09:59:00	186.467	186.480	186.467	186.476	101	0	1
2026.07.24	10:00:00	186.476	186.500	186.476	186.495	178	0	0
2026.07.24	10:01:00	186.495	186.495	186.474	186.477	107	0	0
2026.07.24	10:02:00	186.477	186.489	186.472	186.486	102	0	0
2026.07.24	10:03:00	186.486	186.486	186.407	186.461	317	0	0
2026.07.24	10:04:00	186.461	186.470	186.457	186.461	127	0	0
2026.07.24	10:05:00	186.461	186.501	186.461	186.497	149	0	0
2026.07.24	10:06:00	186.497	186.499	186.482	186.496	112	0	0
2026.07.24	10:07:00	186.496	186.514	186.496	186.506	138	0	0
2026.07.24	10:08:00	186.506	186.527	186.501	186.527	132	0	0
2026.07.24	10:09:00	186.527	186.542	186.516	186.523	152	0	0
2026.07.24	10:10:00	186.523	186.523	186.503	186.512	197	0	0
2026.07.24	10:11:00	186.512	186.524	186.506	186.516	109	0	0
2026.07.24	10:12:00	186.516	186.522	186.494	186.497	148	0	0
2026.07.24	10:13:00	186.497	186.518	186.494	186.506	112	0	0
2026.07.24	10:14:00	186.506	186.518	186.502	186.507	94	0	0
2026.07.24	10:15:00	186.507	186.546	186.507	186.519	156	0	0
2026.07.24	10:16:00	186.519	186.532	186.516	186.522	135	0	0
2026.07.24	10:17:00	186.523	186.524	186.505	186.520	137	0	0
2026.07.24	10:18:00	186.520	186.538	186.506	186.538	80	0	0
2026.07.24	10:19:00	186.538	186.548	186.531	186.536	81	0	0
2026.07.24	10:20:00	186.536	186.562	186.535	186.550	78	0	0
2026.07.24	10:21:00	186.550	186.567	186.544	186.567	74	0	0
2026.07.24	10:22:00	186.567	186.567	186.533	186.537	101	0	0
2026.07.24	10:23:00	186.537	186.551	186.531	186.547	82	0	0
2026.07.24	10:24:00	186.547	186.588	186.546	186.584	120	0	0
2026.07.24	10:25:00	186.584	186.598	186.582	186.586	66	0	0
2026.07.24	10:26:00	186.586	186.603	186.581	186.598	123	0	0
2026.07.24	10:27:00	186.598	186.604	186.590	186.590	66	0	0
2026.07.24	10:28:00	186.590	186.606	186.586	186.604	83	0	0
2026.07.24	10:29:00	186.604	186.604	186.563	186.568	171	0	0
2026.07.24	10:30:00	186.568	186.599	186.566	186.575	185	0	0
2026.07.24	10:31:00	186.574	186.596	186.573	186.581	196	0	0
2026.07.24	10:32:00	186.581	186.598	186.571	186.593	145	0	0
2026.07.24	10:33:00	186.593	186.598	186.571	186.571	114	0	0
2026.07.24	10:34:00	186.571	186.591	186.566	186.579	114	0	0
2026.07.24	10:35:00	186.579	186.596	186.573	186.587	97	0	0
2026.07.24	10:36:00	186.587	186.598	186.570	186.571	111	0	0
2026.07.24	10:37:00	186.571	186.575	186.556	186.561	73	0	0
2026.07.24	10:38:00	186.561	186.562	186.536	186.546	118	0	0
2026.07.24	10:39:00	186.546	186.554	186.537	186.554	97	0	0
2026.07.24	10:40:00	186.554	186.572	186.550	186.566	107	0	0
2026.07.24	10:41:00	186.566	186.566	186.541	186.542	63	0	0
2026.07.24	10:42:00	186.542	186.558	186.542	186.557	101	0	0
2026.07.24	10:43:00	186.557	186.584	186.556	186.583	127	0	0
2026.07.24	10:44:00	186.583	186.594	186.577	186.577	87	0	0
2026.07.24	10:45:00	186.577	186.578	186.557	186.561	70	0	0
2026.07.24	10:46:00	186.561	186.577	186.561	186.569	83	0	0
2026.07.24	10:47:00	186.569	186.584	186.568	186.581	87	0	0
2026.07.24	10:48:00	186.581	186.588	186.572	186.575	124	0	0
2026.07.24	10:49:00	186.574	186.579	186.569	186.576	84	0	0
2026.07.24	10:50:00	186.576	186.583	186.565	186.568	116	0	0
2026.07.24	10:51:00	186.568	186.581	186.560	186.569	115	0	0
2026.07.24	10:52:00	186.569	186.571	186.559	186.559	53	0	0
2026.07.24	10:53:00	186.559	186.559	186.546	186.555	95	0	0
2026.07.24	10:54:00	186.555	186.565	186.555	186.559	100	0	0
2026.07.24	10:55:00	186.559	186.566	186.549	186.566	89	0	0
2026.07.24	10:56:00	186.566	186.571	186.555	186.560	74	0	0
2026.07.24	10:57:00	186.560	186.567	186.549	186.550	84	0	0
2026.07.24	10:58:00	186.550	186.552	186.541	186.549	102	0	0
2026.07.24	10:59:00	186.549	186.551	186.525	186.529	94	0	0
2026.07.24	11:00:00	186.529	186.537	186.519	186.520	101	0	0
2026.07.24	11:01:00	186.520	186.530	186.517	186.517	138	0	0
2026.07.24	11:02:00	186.518	186.531	186.510	186.515	114	0	0
2026.07.24	11:03:00	186.515	186.539	186.511	186.537	104	0	0
2026.07.24	11:04:00	186.537	186.540	186.527	186.528	95	0	0
2026.07.24	11:05:00	186.528	186.532	186.510	186.513	127	0	0
2026.07.24	11:06:00	186.513	186.519	186.508	186.512	116	0	0
2026.07.24	11:07:00	186.512	186.515	186.502	186.515	116	0	0
2026.07.24	11:08:00	186.515	186.515	186.500	186.501	139	0	0
2026.07.24	11:09:00	186.501	186.510	186.496	186.510	92	0	0
2026.07.24	11:10:00	186.510	186.518	186.498	186.504	156	0	0
2026.07.24	11:11:00	186.504	186.517	186.500	186.503	119	0	0
2026.07.24	11:12:00	186.503	186.513	186.501	186.504	129	0	0
2026.07.24	11:13:00	186.504	186.508	186.496	186.498	47	0	0
2026.07.24	11:14:00	186.498	186.503	186.495	186.500	69	0	0
2026.07.24	11:15:00	186.500	186.507	186.498	186.502	88	0	0
2026.07.24	11:16:00	186.502	186.512	186.500	186.507	65	0	0
2026.07.24	11:17:00	186.507	186.508	186.489	186.490	105	0	0
2026.07.24	11:18:00	186.490	186.491	186.470	186.472	104	0	0
2026.07.24	11:19:00	186.472	186.479	186.463	186.463	92	0	0
2026.07.24	11:20:00	186.463	186.464	186.437	186.451	145	0	0
2026.07.24	11:21:00	186.451	186.451	186.430	186.436	151	0	0
2026.07.24	11:22:00	186.436	186.452	186.436	186.446	108	0	0
2026.07.24	11:23:00	186.446	186.455	186.445	186.450	123	0	0
2026.07.24	11:24:00	186.450	186.458	186.443	186.446	78	0	0
2026.07.24	11:25:00	186.446	186.449	186.438	186.449	92	0	0
2026.07.24	11:26:00	186.449	186.462	186.437	186.442	96	0	0
2026.07.24	11:27:00	186.442	186.445	186.437	186.444	57	0	1
2026.07.24	11:28:00	186.444	186.446	186.435	186.441	61	0	1
2026.07.24	11:29:00	186.441	186.463	186.438	186.455	136	0	0
2026.07.24	11:30:00	186.455	186.467	186.439	186.448	162	0	0
2026.07.24	11:31:00	186.448	186.455	186.444	186.448	87	0	1
2026.07.24	11:32:00	186.448	186.448	186.432	186.442	101	0	0
2026.07.24	11:33:00	186.442	186.451	186.433	186.435	100	0	0
2026.07.24	11:34:00	186.435	186.438	186.425	186.429	59	0	0
2026.07.24	11:35:00	186.429	186.440	186.429	186.440	60	0	0
2026.07.24	11:36:00	186.440	186.453	186.439	186.445	83	0	0
2026.07.24	11:37:00	186.445	186.465	186.439	186.445	83	0	0
2026.07.24	11:38:00	186.445	186.457	186.443	186.457	69	0	0
2026.07.24	11:39:00	186.457	186.469	186.453	186.461	90	0	0
2026.07.24	11:40:00	186.461	186.476	186.461	186.467	111	0	0
2026.07.24	11:41:00	186.467	186.473	186.458	186.472	80	0	0
2026.07.24	11:42:00	186.472	186.481	186.463	186.470	98	0	0
2026.07.24	11:43:00	186.470	186.472	186.465	186.472	69	0	0
2026.07.24	11:44:00	186.472	186.477	186.470	186.472	58	0	0
2026.07.24	11:45:00	186.472	186.475	186.445	186.447	107	0	0
2026.07.24	11:46:00	186.447	186.448	186.421	186.427	108	0	0
2026.07.24	11:47:00	186.427	186.432	186.414	186.422	84	0	0
2026.07.24	11:48:00	186.422	186.441	186.421	186.438	127	0	0
2026.07.24	11:49:00	186.438	186.438	186.413	186.413	78	0	0
2026.07.24	11:50:00	186.413	186.440	186.408	186.436	122	0	0
2026.07.24	11:51:00	186.436	186.444	186.433	186.433	103	0	0
2026.07.24	11:52:00	186.433	186.442	186.416	186.419	94	0	0
2026.07.24	11:53:00	186.419	186.430	186.417	186.425	80	0	0
2026.07.24	11:54:00	186.425	186.442	186.420	186.440	87	0	0
2026.07.24	11:55:00	186.440	186.440	186.401	186.401	74	0	0
2026.07.24	11:56:00	186.401	186.411	186.401	186.406	50	0	0
2026.07.24	11:57:00	186.406	186.413	186.385	186.392	145	0	0
2026.07.24	11:58:00	186.392	186.392	186.379	186.388	107	0	0
2026.07.24	11:59:00	186.388	186.401	186.376	186.382	119	0	0
2026.07.24	12:00:00	186.382	186.423	186.380	186.410	153	0	0
2026.07.24	12:01:00	186.410	186.414	186.401	186.405	96	0	0
2026.07.24	12:02:00	186.405	186.425	186.404	186.423	123	0	0
2026.07.24	12:03:00	186.424	186.424	186.402	186.403	68	0	0
2026.07.24	12:04:00	186.403	186.415	186.401	186.409	94	0	0
2026.07.24	12:05:00	186.409	186.423	186.407	186.421	46	0	0
2026.07.24	12:06:00	186.421	186.424	186.408	186.410	58	0	0
2026.07.24	12:07:00	186.410	186.419	186.403	186.419	97	0	0
2026.07.24	12:08:00	186.419	186.427	186.417	186.427	45	0	0
2026.07.24	12:09:00	186.427	186.440	186.425	186.440	63	0	0
2026.07.24	12:10:00	186.440	186.440	186.426	186.436	48	0	0
2026.07.24	12:11:00	186.436	186.443	186.420	186.434	95	0	0
2026.07.24	12:12:00	186.434	186.446	186.433	186.440	57	0	0
2026.07.24	12:13:00	186.440	186.447	186.438	186.446	54	0	0
2026.07.24	12:14:00	186.446	186.449	186.417	186.419	63	0	0
2026.07.24	12:15:00	186.419	186.422	186.398	186.406	72	0	0
2026.07.24	12:16:00	186.406	186.440	186.406	186.437	66	0	0
2026.07.24	12:17:00	186.437	186.444	186.431	186.431	58	0	0
2026.07.24	12:18:00	186.431	186.446	186.431	186.437	77	0	0
2026.07.24	12:19:00	186.437	186.442	186.429	186.434	76	0	0
2026.07.24	12:20:00	186.434	186.437	186.418	186.423	64	0	0
2026.07.24	12:21:00	186.423	186.424	186.407	186.407	49	0	0
2026.07.24	12:22:00	186.407	186.410	186.394	186.400	63	0	0
2026.07.24	12:23:00	186.400	186.408	186.394	186.402	68	0	0
2026.07.24	12:24:00	186.403	186.410	186.394	186.409	65	0	0
2026.07.24	12:25:00	186.408	186.422	186.408	186.422	58	0	0
2026.07.24	12:26:00	186.422	186.432	186.421	186.429	57	0	0
2026.07.24	12:27:00	186.429	186.453	186.428	186.453	66	0	0
2026.07.24	12:28:00	186.453	186.462	186.450	186.453	56	0	0
2026.07.24	12:29:00	186.453	186.458	186.446	186.453	86	0	0
2026.07.24	12:30:00	186.453	186.469	186.444	186.461	109	0	0
2026.07.24	12:31:00	186.461	186.461	186.437	186.440	75	0	0
2026.07.24	12:32:00	186.440	186.452	186.435	186.438	64	0	0
2026.07.24	12:33:00	186.438	186.442	186.419	186.424	73	0	0
2026.07.24	12:34:00	186.424	186.435	186.423	186.433	44	0	0
2026.07.24	12:35:00	186.433	186.446	186.432	186.445	58	0	1
2026.07.24	12:36:00	186.445	186.452	186.441	186.445	51	0	0
2026.07.24	12:37:00	186.445	186.456	186.441	186.454	56	0	0
2026.07.24	12:38:00	186.454	186.462	186.437	186.448	87	0	0
2026.07.24	12:39:00	186.448	186.448	186.422	186.430	70	0	0
2026.07.24	12:40:00	186.430	186.430	186.413	186.416	55	0	0
2026.07.24	12:41:00	186.416	186.430	186.416	186.423	57	0	0
2026.07.24	12:42:00	186.421	186.432	186.415	186.430	47	0	0
2026.07.24	12:43:00	186.430	186.433	186.423	186.431	73	0	0
2026.07.24	12:44:00	186.431	186.438	186.425	186.426	67	0	0
2026.07.24	12:45:00	186.426	186.430	186.417	186.419	67	0	0
2026.07.24	12:46:00	186.419	186.433	186.417	186.431	49	0	0
2026.07.24	12:47:00	186.431	186.445	186.431	186.441	66	0	0
2026.07.24	12:48:00	186.441	186.443	186.436	186.438	65	0	0
2026.07.24	12:49:00	186.438	186.440	186.420	186.421	87	0	0
2026.07.24	12:50:00	186.421	186.442	186.421	186.434	77	0	0
2026.07.24	12:51:00	186.434	186.438	186.429	186.431	44	0	0
2026.07.24	12:52:00	186.431	186.440	186.427	186.434	64	0	0
2026.07.24	12:53:00	186.434	186.434	186.417	186.428	94	0	0
2026.07.24	12:54:00	186.428	186.446	186.405	186.406	99	0	0
2026.07.24	12:55:00	186.406	186.416	186.406	186.415	64	0	0
2026.07.24	12:56:00	186.415	186.422	186.406	186.414	83	0	0
2026.07.24	12:57:00	186.414	186.416	186.399	186.409	92	0	0
2026.07.24	12:58:00	186.409	186.412	186.397	186.412	64	0	0
2026.07.24	12:59:00	186.412	186.428	186.407	186.426	134	0	0
2026.07.24	13:00:00	186.426	186.428	186.409	186.424	99	0	0
2026.07.24	13:01:00	186.424	186.425	186.409	186.419	72	0	0
2026.07.24	13:02:00	186.419	186.453	186.419	186.452	83	0	0
2026.07.24	13:03:00	186.452	186.463	186.450	186.458	58	0	0
2026.07.24	13:04:00	186.458	186.462	186.455	186.456	40	0	0
2026.07.24	13:05:00	186.456	186.464	186.452	186.458	51	0	0
2026.07.24	13:06:00	186.458	186.462	186.451	186.455	72	0	0
2026.07.24	13:07:00	186.455	186.458	186.445	186.458	65	0	0
2026.07.24	13:08:00	186.458	186.458	186.447	186.450	62	0	1
2026.07.24	13:09:00	186.450	186.471	186.449	186.466	74	0	0
2026.07.24	13:10:00	186.466	186.486	186.466	186.484	67	0	0
2026.07.24	13:11:00	186.484	186.485	186.467	186.468	55	0	0
2026.07.24	13:12:00	186.468	186.470	186.462	186.470	47	0	0
2026.07.24	13:13:00	186.470	186.470	186.449	186.449	41	0	0
2026.07.24	13:14:00	186.449	186.462	186.449	186.454	54	0	0
2026.07.24	13:15:00	186.454	186.454	186.443	186.449	46	0	0
2026.07.24	13:16:00	186.448	186.452	186.445	186.448	43	0	0
2026.07.24	13:17:00	186.449	186.458	186.448	186.458	62	0	0
2026.07.24	13:18:00	186.457	186.460	186.450	186.453	90	0	0
2026.07.24	13:19:00	186.453	186.461	186.451	186.459	52	0	0
2026.07.24	13:20:00	186.459	186.473	186.451	186.473	61	0	0
2026.07.24	13:21:00	186.470	186.483	186.466	186.483	72	0	0
2026.07.24	13:22:00	186.483	186.485	186.476	186.483	71	0	0
2026.07.24	13:23:00	186.483	186.501	186.482	186.501	45	0	0
2026.07.24	13:24:00	186.501	186.502	186.493	186.502	59	0	0
2026.07.24	13:25:00	186.502	186.503	186.491	186.501	58	0	0
2026.07.24	13:26:00	186.501	186.515	186.500	186.512	97	0	0
2026.07.24	13:27:00	186.512	186.520	186.511	186.512	97	0	0
2026.07.24	13:28:00	186.512	186.516	186.497	186.497	95	0	0
2026.07.24	13:29:00	186.497	186.499	186.477	186.480	108	0	0
2026.07.24	13:30:00	186.480	186.486	186.475	186.486	81	0	0
2026.07.24	13:31:00	186.486	186.502	186.486	186.489	57	0	0
2026.07.24	13:32:00	186.489	186.494	186.484	186.489	69	0	0
2026.07.24	13:33:00	186.489	186.495	186.487	186.489	56	0	0
2026.07.24	13:34:00	186.489	186.507	186.488	186.505	60	0	0
2026.07.24	13:35:00	186.505	186.506	186.494	186.499	51	0	0
2026.07.24	13:36:00	186.499	186.509	186.498	186.508	43	0	0
2026.07.24	13:37:00	186.508	186.510	186.503	186.505	57	0	0
2026.07.24	13:38:00	186.505	186.513	186.499	186.507	70	0	0
2026.07.24	13:39:00	186.507	186.508	186.494	186.498	66	0	0
2026.07.24	13:40:00	186.498	186.502	186.485	186.489	92	0	0
2026.07.24	13:41:00	186.489	186.491	186.482	186.483	53	0	0
2026.07.24	13:42:00	186.483	186.485	186.475	186.484	71	0	0
2026.07.24	13:43:00	186.484	186.486	186.473	186.476	64	0	0
2026.07.24	13:44:00	186.476	186.485	186.471	186.474	73	0	0
2026.07.24	13:45:00	186.474	186.487	186.468	186.480	40	0	0
2026.07.24	13:46:00	186.480	186.482	186.469	186.469	42	0	0
2026.07.24	13:47:00	186.469	186.481	186.469	186.481	32	0	0
2026.07.24	13:48:00	186.481	186.494	186.473	186.476	74	0	0
2026.07.24	13:49:00	186.474	186.483	186.474	186.480	48	0	0
2026.07.24	13:50:00	186.480	186.483	186.467	186.474	82	0	0
2026.07.24	13:51:00	186.474	186.484	186.472	186.474	70	0	0
2026.07.24	13:52:00	186.474	186.474	186.460	186.466	64	0	0
2026.07.24	13:53:00	186.466	186.468	186.449	186.452	85	0	0
2026.07.24	13:54:00	186.452	186.454	186.437	186.441	85	0	0
2026.07.24	13:55:00	186.441	186.450	186.434	186.450	93	0	0
2026.07.24	13:56:00	186.450	186.451	186.439	186.439	57	0	0
2026.07.24	13:57:00	186.439	186.450	186.422	186.433	126	0	0
2026.07.24	13:58:00	186.433	186.463	186.431	186.456	86	0	0
2026.07.24	13:59:00	186.456	186.459	186.445	186.445	62	0	0
2026.07.24	14:00:00	186.445	186.450	186.440	186.445	110	0	0
2026.07.24	14:01:00	186.445	186.446	186.428	186.439	148	0	0
2026.07.24	14:02:00	186.439	186.443	186.421	186.439	128	0	0
2026.07.24	14:03:00	186.438	186.444	186.431	186.444	89	0	0
2026.07.24	14:04:00	186.443	186.451	186.437	186.448	100	0	0
2026.07.24	14:05:00	186.448	186.464	186.448	186.452	57	0	1
2026.07.24	14:06:00	186.452	186.452	186.437	186.438	55	0	0
2026.07.24	14:07:00	186.438	186.446	186.433	186.443	60	0	0
2026.07.24	14:08:00	186.443	186.455	186.442	186.451	71	0	0
2026.07.24	14:09:00	186.451	186.468	186.450	186.467	61	0	0
2026.07.24	14:10:00	186.467	186.473	186.465	186.471	39	0	0
2026.07.24	14:11:00	186.471	186.473	186.463	186.468	61	0	0
2026.07.24	14:12:00	186.468	186.475	186.468	186.475	38	0	0
2026.07.24	14:13:00	186.475	186.478	186.470	186.473	64	0	0
2026.07.24	14:14:00	186.473	186.501	186.471	186.499	74	0	0
2026.07.24	14:15:00	186.499	186.499	186.483	186.489	70	0	0
2026.07.24	14:16:00	186.489	186.493	186.486	186.491	45	0	0
2026.07.24	14:17:00	186.491	186.493	186.483	186.491	69	0	0
2026.07.24	14:18:00	186.491	186.492	186.482	186.485	55	0	0
2026.07.24	14:19:00	186.485	186.485	186.472	186.474	61	0	0
2026.07.24	14:20:00	186.474	186.486	186.474	186.475	52	0	0
2026.07.24	14:21:00	186.474	186.474	186.466	186.470	72	0	0
2026.07.24	14:22:00	186.470	186.479	186.466	186.472	49	0	0
2026.07.24	14:23:00	186.472	186.472	186.462	186.463	28	0	1
2026.07.24	14:24:00	186.463	186.466	186.453	186.453	33	0	1
2026.07.24	14:25:00	186.453	186.460	186.451	186.459	77	0	0
2026.07.24	14:26:00	186.459	186.465	186.456	186.456	47	0	0
2026.07.24	14:27:00	186.456	186.462	186.451	186.459	67	0	0
2026.07.24	14:28:00	186.459	186.460	186.443	186.444	67	0	0
2026.07.24	14:29:00	186.444	186.449	186.425	186.425	51	0	0
2026.07.24	14:30:00	186.425	186.425	186.407	186.407	77	0	0
2026.07.24	14:31:00	186.407	186.413	186.400	186.400	64	0	0
2026.07.24	14:32:00	186.400	186.412	186.399	186.412	47	0	0
2026.07.24	14:33:00	186.412	186.419	186.407	186.414	51	0	0
2026.07.24	14:34:00	186.414	186.422	186.412	186.419	39	0	0
2026.07.24	14:35:00	186.419	186.425	186.410	186.410	59	0	0
2026.07.24	14:36:00	186.410	186.413	186.403	186.407	65	0	0
2026.07.24	14:37:00	186.407	186.418	186.407	186.412	43	0	0
2026.07.24	14:38:00	186.412	186.412	186.394	186.400	85	0	0
2026.07.24	14:39:00	186.400	186.400	186.389	186.396	74	0	0
2026.07.24	14:40:00	186.396	186.396	186.381	186.394	116	0	0
2026.07.24	14:41:00	186.394	186.401	186.390	186.392	84	0	0
2026.07.24	14:42:00	186.392	186.394	186.389	186.390	66	0	0
2026.07.24	14:43:00	186.390	186.390	186.379	186.382	60	0	0
2026.07.24	14:44:00	186.382	186.405	186.381	186.404	70	0	0
2026.07.24	14:45:00	186.404	186.420	186.404	186.405	88	0	0
2026.07.24	14:46:00	186.405	186.406	186.390	186.398	94	0	0
2026.07.24	14:47:00	186.398	186.400	186.389	186.391	80	0	0
2026.07.24	14:48:00	186.391	186.398	186.389	186.392	40	0	1
2026.07.24	14:49:00	186.392	186.399	186.389	186.397	71	0	0
2026.07.24	14:50:00	186.397	186.402	186.391	186.394	58	0	0
2026.07.24	14:51:00	186.394	186.396	186.379	186.380	86	0	0
2026.07.24	14:52:00	186.380	186.381	186.372	186.374	110	0	0
2026.07.24	14:53:00	186.374	186.377	186.362	186.366	63	0	0
2026.07.24	14:54:00	186.366	186.379	186.361	186.379	64	0	0
2026.07.24	14:55:00	186.379	186.379	186.351	186.355	122	0	0
2026.07.24	14:56:00	186.355	186.356	186.339	186.339	134	0	0
2026.07.24	14:57:00	186.339	186.342	186.298	186.316	240	0	0
2026.07.24	14:58:00	186.316	186.331	186.302	186.318	298	0	0
2026.07.24	14:59:00	186.318	186.335	186.309	186.328	261	0	0
2026.07.24	15:00:00	186.328	186.346	186.317	186.342	206	0	0
2026.07.24	15:01:00	186.342	186.352	186.319	186.325	205	0	0
2026.07.24	15:02:00	186.325	186.338	186.315	186.332	98	0	0
2026.07.24	15:03:00	186.332	186.332	186.297	186.303	114	0	0
2026.07.24	15:04:00	186.303	186.316	186.297	186.316	106	0	0
2026.07.24	15:05:00	186.316	186.330	186.316	186.327	97	0	0
2026.07.24	15:06:00	186.327	186.352	186.327	186.340	101	0	0
2026.07.24	15:07:00	186.340	186.356	186.334	186.353	112	0	0
2026.07.24	15:08:00	186.353	186.367	186.347	186.367	61	0	0
2026.07.24	15:09:00	186.367	186.387	186.366	186.381	103	0	0
2026.07.24	15:10:00	186.381	186.387	186.361	186.378	106	0	0
2026.07.24	15:11:00	186.378	186.386	186.376	186.378	109	0	0
2026.07.24	15:12:00	186.378	186.380	186.372	186.377	64	0	0
2026.07.24	15:13:00	186.377	186.379	186.366	186.374	80	0	0
2026.07.24	15:14:00	186.374	186.383	186.370	186.374	67	0	0
2026.07.24	15:15:00	186.374	186.375	186.353	186.355	80	0	0
2026.07.24	15:16:00	186.355	186.367	186.350	186.367	90	0	0
2026.07.24	15:17:00	186.367	186.373	186.360	186.372	65	0	0
2026.07.24	15:18:00	186.372	186.378	186.364	186.373	57	0	0
2026.07.24	15:19:00	186.373	186.380	186.366	186.370	94	0	0
2026.07.24	15:20:00	186.370	186.377	186.355	186.366	93	0	0
2026.07.24	15:21:00	186.366	186.368	186.354	186.354	86	0	0
2026.07.24	15:22:00	186.354	186.355	186.334	186.336	136	0	0
2026.07.24	15:23:00	186.335	186.361	186.334	186.359	93	0	0
2026.07.24	15:24:00	186.359	186.361	186.346	186.352	77	0	0
2026.07.24	15:25:00	186.352	186.354	186.329	186.343	129	0	0
2026.07.24	15:26:00	186.343	186.352	186.343	186.349	59	0	1
2026.07.24	15:27:00	186.349	186.360	186.347	186.349	71	0	0
2026.07.24	15:28:00	186.349	186.354	186.342	186.353	24	0	0
2026.07.24	15:29:00	186.353	186.359	186.341	186.342	55	0	0
2026.07.24	15:30:00	186.342	186.354	186.342	186.346	91	0	0
2026.07.24	15:31:00	186.346	186.351	186.336	186.336	82	0	0
2026.07.24	15:32:00	186.336	186.336	186.315	186.316	88	0	0
2026.07.24	15:33:00	186.316	186.317	186.294	186.295	68	0	0
2026.07.24	15:34:00	186.295	186.297	186.278	186.279	95	0	0
2026.07.24	15:35:00	186.279	186.299	186.279	186.294	125	0	0
2026.07.24	15:36:00	186.294	186.304	186.282	186.282	87	0	0
2026.07.24	15:37:00	186.282	186.303	186.279	186.294	88	0	0
2026.07.24	15:38:00	186.294	186.308	186.290	186.298	97	0	0
2026.07.24	15:39:00	186.298	186.302	186.295	186.297	62	0	1
2026.07.24	15:40:00	186.297	186.302	186.292	186.297	78	0	0
2026.07.24	15:41:00	186.297	186.303	186.271	186.271	110	0	0
2026.07.24	15:42:00	186.269	186.272	186.255	186.256	111	0	0
2026.07.24	15:43:00	186.256	186.263	186.244	186.257	123	0	0
2026.07.24	15:44:00	186.257	186.259	186.240	186.246	102	0	0
2026.07.24	15:45:00	186.246	186.290	186.245	186.290	91	0	0
2026.07.24	15:46:00	186.290	186.301	186.289	186.295	102	0	0
2026.07.24	15:47:00	186.295	186.296	186.255	186.270	99	0	0
2026.07.24	15:48:00	186.270	186.275	186.253	186.258	103	0	0
2026.07.24	15:49:00	186.258	186.272	186.258	186.266	72	0	0
2026.07.24	15:50:00	186.266	186.271	186.260	186.264	79	0	0
2026.07.24	15:51:00	186.264	186.271	186.260	186.260	92	0	0
2026.07.24	15:52:00	186.260	186.270	186.252	186.268	96	0	0
2026.07.24	15:53:00	186.268	186.292	186.268	186.276	81	0	0
2026.07.24	15:54:00	186.275	186.281	186.271	186.278	54	0	0
2026.07.24	15:55:00	186.279	186.287	186.276	186.282	58	0	0
2026.07.24	15:56:00	186.281	186.288	186.279	186.282	85	0	0
2026.07.24	15:57:00	186.282	186.289	186.264	186.283	110	0	0
2026.07.24	15:58:00	186.283	186.291	186.272	186.289	65	0	0
2026.07.24	15:59:00	186.305	186.308	186.298	186.306	38	0	1
2026.07.24	16:02:00	186.286	186.286	186.283	186.285	15	0	0
2026.07.24	16:03:00	186.285	186.301	186.284	186.300	56	0	0
2026.07.24	16:04:00	186.300	186.306	186.282	186.283	110	0	0
2026.07.24	16:05:00	186.283	186.288	186.268	186.269	111	0	0
2026.07.24	16:06:00	186.269	186.277	186.259	186.276	115	0	0
2026.07.24	16:07:00	186.276	186.277	186.261	186.272	106	0	0
2026.07.24	16:08:00	186.272	186.278	186.267	186.273	79	0	0
2026.07.24	16:09:00	186.273	186.281	186.269	186.271	64	0	0
2026.07.24	16:10:00	186.271	186.272	186.244	186.252	122	0	0
2026.07.24	16:11:00	186.252	186.278	186.246	186.271	113	0	0
2026.07.24	16:12:00	186.271	186.330	186.271	186.322	278	0	0
2026.07.24	16:13:00	186.322	186.326	186.309	186.326	81	0	0
2026.07.24	16:14:00	186.326	186.330	186.299	186.299	113	0	0
2026.07.24	16:15:00	186.299	186.309	186.290	186.302	126	0	0
2026.07.24	16:16:00	186.302	186.322	186.299	186.316	107	0	0
2026.07.24	16:17:00	186.315	186.333	186.313	186.327	89	0	0
2026.07.24	16:18:00	186.327	186.337	186.322	186.331	122	0	0
2026.07.24	16:19:00	186.331	186.342	186.331	186.338	89	0	0
2026.07.24	16:20:00	186.338	186.344	186.320	186.338	112	0	0
2026.07.24	16:21:00	186.338	186.361	186.334	186.357	113	0	0
2026.07.24	16:22:00	186.357	186.359	186.311	186.319	119	0	0
2026.07.24	16:23:00	186.319	186.340	186.317	186.334	79	0	0
2026.07.24	16:24:00	186.334	186.336	186.328	186.332	92	0	0
2026.07.24	16:25:00	186.332	186.341	186.316	186.318	115	0	0
2026.07.24	16:26:00	186.318	186.333	186.311	186.330	83	0	0
2026.07.24	16:27:00	186.330	186.334	186.322	186.328	105	0	0
2026.07.24	16:28:00	186.328	186.331	186.308	186.314	90	0	0
2026.07.24	16:29:00	186.314	186.328	186.314	186.322	97	0	0
2026.07.24	16:30:00	186.322	186.330	186.307	186.310	172	0	0
2026.07.24	16:31:00	186.310	186.316	186.300	186.301	125	0	0
2026.07.24	16:32:00	186.301	186.301	186.283	186.285	133	0	0
2026.07.24	16:33:00	186.286	186.297	186.280	186.291	85	0	0
2026.07.24	16:34:00	186.291	186.291	186.280	186.282	53	0	0
2026.07.24	16:35:00	186.282	186.303	186.274	186.301	98	0	0
2026.07.24	16:36:00	186.301	186.308	186.295	186.298	95	0	0
2026.07.24	16:37:00	186.298	186.315	186.294	186.315	112	0	0
2026.07.24	16:38:00	186.315	186.324	186.313	186.322	75	0	0
2026.07.24	16:39:00	186.322	186.330	186.310	186.330	75	0	0
2026.07.24	16:40:00	186.330	186.333	186.311	186.315	85	0	0
2026.07.24	16:41:00	186.315	186.329	186.311	186.329	81	0	0
2026.07.24	16:42:00	186.329	186.344	186.329	186.336	89	0	0
2026.07.24	16:43:00	186.336	186.338	186.316	186.317	108	0	0
2026.07.24	16:44:00	186.317	186.326	186.315	186.320	96	0	0
2026.07.24	16:45:00	186.320	186.322	186.302	186.312	152	0	0
2026.07.24	16:46:00	186.312	186.319	186.307	186.315	141	0	0
2026.07.24	16:47:00	186.315	186.317	186.295	186.295	172	0	0
2026.07.24	16:48:00	186.295	186.303	186.286	186.290	132	0	0
2026.07.24	16:49:00	186.291	186.296	186.288	186.294	86	0	0
2026.07.24	16:50:00	186.294	186.299	186.277	186.297	161	0	0
2026.07.24	16:51:00	186.297	186.315	186.296	186.313	127	0	0
2026.07.24	16:52:00	186.313	186.314	186.302	186.308	103	0	0
2026.07.24	16:53:00	186.308	186.317	186.303	186.316	72	0	0
2026.07.24	16:54:00	186.315	186.336	186.310	186.336	108	0	0
2026.07.24	16:55:00	186.336	186.337	186.320	186.321	183	0	0
2026.07.24	16:56:00	186.321	186.348	186.320	186.346	173	0	0
2026.07.24	16:57:00	186.346	186.352	186.331	186.338	170	0	0
2026.07.24	16:58:00	186.339	186.345	186.332	186.337	186	0	0
2026.07.24	16:59:00	186.336	186.336	186.324	186.327	168	0	0
2026.07.24	17:00:00	186.327	186.354	186.308	186.354	175	0	0
2026.07.24	17:01:00	186.354	186.356	186.336	186.352	160	0	0
2026.07.24	17:02:00	186.352	186.368	186.349	186.358	139	0	0
2026.07.24	17:03:00	186.358	186.360	186.330	186.330	138	0	0
2026.07.24	17:04:00	186.330	186.347	186.327	186.330	137	0	0
2026.07.24	17:05:00	186.330	186.339	186.310	186.310	152	0	0
2026.07.24	17:06:00	186.310	186.313	186.299	186.311	116	0	0
2026.07.24	17:07:00	186.311	186.316	186.301	186.301	127	0	0
2026.07.24	17:08:00	186.301	186.310	186.287	186.288	131	0	0
2026.07.24	17:09:00	186.288	186.320	186.277	186.319	171	0	0
2026.07.24	17:10:00	186.319	186.335	186.315	186.334	145	0	0
2026.07.24	17:11:00	186.334	186.336	186.314	186.322	161	0	0
2026.07.24	17:12:00	186.323	186.323	186.303	186.304	113	0	0
2026.07.24	17:13:00	186.304	186.326	186.300	186.324	133	0	0
2026.07.24	17:14:00	186.324	186.343	186.300	186.305	157	0	0
2026.07.24	17:15:00	186.305	186.320	186.302	186.307	131	0	0
2026.07.24	17:16:00	186.307	186.315	186.306	186.315	87	0	0
2026.07.24	17:17:00	186.316	186.322	186.310	186.317	95	0	0
2026.07.24	17:18:00	186.317	186.317	186.290	186.291	97	0	0
2026.07.24	17:19:00	186.291	186.303	186.288	186.298	60	0	0
2026.07.24	17:20:00	186.298	186.322	186.298	186.313	94	0	0
2026.07.24	17:21:00	186.313	186.320	186.304	186.314	110	0	0
2026.07.24	17:22:00	186.314	186.319	186.300	186.311	111	0	0
2026.07.24	17:23:00	186.311	186.322	186.310	186.319	100	0	0
2026.07.24	17:24:00	186.319	186.327	186.310	186.314	109	0	0
2026.07.24	17:25:00	186.314	186.349	186.313	186.345	123	0	0
2026.07.24	17:26:00	186.345	186.355	186.340	186.341	150	0	0
2026.07.24	17:27:00	186.341	186.347	186.326	186.326	120	0	0
2026.07.24	17:28:00	186.326	186.341	186.325	186.340	102	0	0
2026.07.24	17:29:00	186.340	186.342	186.316	186.317	111	0	0
2026.07.24	17:30:00	186.317	186.343	186.313	186.342	160	0	0
2026.07.24	17:31:00	186.342	186.345	186.335	186.343	94	0	0
2026.07.24	17:32:00	186.343	186.351	186.336	186.351	106	0	0
2026.07.24	17:33:00	186.351	186.355	186.342	186.346	64	0	0
2026.07.24	17:34:00	186.346	186.354	186.342	186.351	87	0	0
2026.07.24	17:35:00	186.351	186.354	186.340	186.349	104	0	0
2026.07.24	17:36:00	186.349	186.355	186.337	186.349	77	0	1
2026.07.24	17:37:00	186.349	186.351	186.337	186.338	94	0	0
2026.07.24	17:38:00	186.339	186.343	186.323	186.326	70	0	0
2026.07.24	17:39:00	186.326	186.342	186.325	186.328	110	0	0
2026.07.24	17:40:00	186.328	186.333	186.316	186.318	69	0	0
2026.07.24	17:41:00	186.318	186.330	186.313	186.316	85	0	0
2026.07.24	17:42:00	186.316	186.321	186.304	186.315	111	0	0
2026.07.24	17:43:00	186.315	186.315	186.304	186.309	94	0	0
2026.07.24	17:44:00	186.309	186.310	186.296	186.299	133	0	0
2026.07.24	17:45:00	186.299	186.312	186.295	186.311	85	0	0
2026.07.24	17:46:00	186.311	186.313	186.298	186.312	104	0	0
2026.07.24	17:47:00	186.312	186.312	186.291	186.291	87	0	0
2026.07.24	17:48:00	186.291	186.304	186.291	186.301	42	0	0
2026.07.24	17:49:00	186.301	186.301	186.285	186.293	105	0	0
2026.07.24	17:50:00	186.293	186.300	186.271	186.272	116	0	0
2026.07.24	17:51:00	186.271	186.277	186.255	186.255	192	0	0
2026.07.24	17:52:00	186.255	186.274	186.242	186.269	166	0	0
2026.07.24	17:53:00	186.268	186.272	186.242	186.244	138	0	0
2026.07.24	17:54:00	186.244	186.276	186.244	186.266	207	0	0
2026.07.24	17:55:00	186.266	186.314	186.264	186.313	199	0	0
2026.07.24	17:56:00	186.313	186.329	186.312	186.326	187	0	0
2026.07.24	17:57:00	186.326	186.346	186.296	186.306	263	0	0
2026.07.24	17:58:00	186.306	186.334	186.306	186.330	223	0	0
2026.07.24	17:59:00	186.328	186.341	186.321	186.325	245	0	0
2026.07.24	18:00:00	186.325	186.334	186.319	186.329	246	0	0
2026.07.24	18:01:00	186.329	186.339	186.320	186.335	216	0	0
2026.07.24	18:02:00	186.335	186.351	186.329	186.348	186	0	0
2026.07.24	18:03:00	186.348	186.348	186.326	186.327	106	0	0
2026.07.24	18:04:00	186.327	186.353	186.320	186.347	95	0	0
2026.07.24	18:05:00	186.347	186.356	186.337	186.354	99	0	0
2026.07.24	18:06:00	186.354	186.356	186.329	186.330	101	0	0
2026.07.24	18:07:00	186.330	186.351	186.321	186.348	108	0	0
2026.07.24	18:08:00	186.348	186.361	186.348	186.354	92	0	0
2026.07.24	18:09:00	186.354	186.379	186.352	186.376	80	0	0
2026.07.24	18:10:00	186.376	186.393	186.366	186.386	154	0	0
2026.07.24	18:11:00	186.386	186.413	186.383	186.406	280	0	0
2026.07.24	18:12:00	186.406	186.418	186.399	186.403	158	0	0
2026.07.24	18:13:00	186.403	186.403	186.365	186.379	208	0	0
2026.07.24	18:14:00	186.379	186.399	186.375	186.389	227	0	0
2026.07.24	18:15:00	186.389	186.407	186.384	186.397	188	0	0
2026.07.24	18:16:00	186.397	186.412	186.393	186.408	230	0	0
2026.07.24	18:17:00	186.408	186.417	186.394	186.403	192	0	0
2026.07.24	18:18:00	186.403	186.407	186.385	186.398	165	0	0
2026.07.24	18:19:00	186.398	186.401	186.370	186.370	189	0	0
2026.07.24	18:20:00	186.370	186.379	186.365	186.374	147	0	0
2026.07.24	18:21:00	186.374	186.380	186.364	186.367	164	0	0
2026.07.24	18:22:00	186.367	186.385	186.366	186.380	134	0	0
2026.07.24	18:23:00	186.380	186.398	186.378	186.397	108	0	0
2026.07.24	18:24:00	186.397	186.399	186.375	186.375	115	0	0
2026.07.24	18:25:00	186.375	186.389	186.375	186.385	102	0	0
2026.07.24	18:26:00	186.385	186.393	186.378	186.379	91	0	0
2026.07.24	18:27:00	186.379	186.384	186.370	186.375	94	0	0
2026.07.24	18:28:00	186.375	186.392	186.374	186.381	111	0	0
2026.07.24	18:29:00	186.381	186.382	186.358	186.363	120	0	0
2026.07.24	18:30:00	186.363	186.374	186.357	186.373	166	0	0
2026.07.24	18:31:00	186.373	186.388	186.372	186.382	77	0	0
2026.07.24	18:32:00	186.382	186.392	186.379	186.387	89	0	0
2026.07.24	18:33:00	186.387	186.403	186.386	186.402	95	0	0
2026.07.24	18:34:00	186.402	186.406	186.385	186.390	126	0	0
2026.07.24	18:35:00	186.390	186.406	186.388	186.397	98	0	0
2026.07.24	18:36:00	186.397	186.401	186.390	186.396	91	0	0
2026.07.24	18:37:00	186.397	186.409	186.391	186.408	117	0	0
2026.07.24	18:38:00	186.408	186.430	186.408	186.427	144	0	0
2026.07.24	18:39:00	186.427	186.437	186.427	186.436	97	0	0
2026.07.24	18:40:00	186.436	186.442	186.427	186.442	77	0	0
2026.07.24	18:41:00	186.442	186.442	186.428	186.439	164	0	0
2026.07.24	18:42:00	186.439	186.442	186.433	186.436	88	0	0
2026.07.24	18:43:00	186.436	186.437	186.406	186.410	133	0	0
2026.07.24	18:44:00	186.410	186.416	186.401	186.402	103	0	0
2026.07.24	18:45:00	186.402	186.419	186.402	186.409	69	0	0
2026.07.24	18:46:00	186.409	186.412	186.404	186.404	66	0	0
2026.07.24	18:47:00	186.404	186.412	186.404	186.409	64	0	0
2026.07.24	18:48:00	186.409	186.410	186.399	186.406	72	0	0
2026.07.24	18:49:00	186.406	186.417	186.404	186.416	45	0	0
2026.07.24	18:50:00	186.416	186.425	186.414	186.420	91	0	0
2026.07.24	18:51:00	186.420	186.423	186.414	186.419	56	0	0
2026.07.24	18:52:00	186.419	186.426	186.406	186.408	63	0	0
2026.07.24	18:53:00	186.408	186.418	186.407	186.416	66	0	0
2026.07.24	18:54:00	186.416	186.418	186.400	186.401	62	0	0
2026.07.24	18:55:00	186.401	186.409	186.395	186.396	87	0	0
2026.07.24	18:56:00	186.396	186.399	186.394	186.397	45	0	0
2026.07.24	18:57:00	186.397	186.398	186.389	186.390	57	0	0
2026.07.24	18:58:00	186.390	186.391	186.374	186.376	73	0	0
2026.07.24	18:59:00	186.376	186.397	186.374	186.378	119	0	0
2026.07.24	19:00:00	186.378	186.382	186.370	186.370	121	0	0
2026.07.24	19:01:00	186.370	186.379	186.368	186.376	155	0	0
2026.07.24	19:02:00	186.376	186.381	186.366	186.366	55	0	0
2026.07.24	19:03:00	186.366	186.375	186.361	186.375	68	0	0
2026.07.24	19:04:00	186.375	186.376	186.352	186.353	77	0	0
2026.07.24	19:05:00	186.353	186.356	186.345	186.351	78	0	0
2026.07.24	19:06:00	186.351	186.362	186.350	186.358	106	0	0
2026.07.24	19:07:00	186.358	186.361	186.351	186.356	78	0	0
2026.07.24	19:08:00	186.356	186.378	186.355	186.378	71	0	0
2026.07.24	19:09:00	186.378	186.390	186.376	186.381	80	0	0
2026.07.24	19:10:00	186.381	186.382	186.371	186.380	78	0	0
2026.07.24	19:11:00	186.380	186.396	186.375	186.394	112	0	0
2026.07.24	19:12:00	186.393	186.399	186.391	186.396	89	0	0
2026.07.24	19:13:00	186.396	186.398	186.392	186.396	53	0	0
2026.07.24	19:14:00	186.396	186.404	186.389	186.391	68	0	0
2026.07.24	19:15:00	186.390	186.399	186.382	186.399	88	0	1
2026.07.24	19:16:00	186.399	186.403	186.392	186.402	51	0	0
2026.07.24	19:17:00	186.401	186.405	186.392	186.394	65	0	0
2026.07.24	19:18:00	186.394	186.396	186.383	186.389	67	0	0
2026.07.24	19:19:00	186.389	186.396	186.386	186.394	74	0	0
2026.07.24	19:20:00	186.394	186.401	186.387	186.397	83	0	0
2026.07.24	19:21:00	186.397	186.397	186.380	186.383	70	0	0
2026.07.24	19:22:00	186.383	186.388	186.382	186.386	63	0	1
2026.07.24	19:23:00	186.386	186.386	186.366	186.367	59	0	0
2026.07.24	19:24:00	186.367	186.376	186.363	186.374	61	0	0
2026.07.24	19:25:00	186.374	186.376	186.360	186.374	58	0	0
2026.07.24	19:26:00	186.374	186.378	186.368	186.368	72	0	0
2026.07.24	19:27:00	186.368	186.369	186.360	186.367	78	0	0
2026.07.24	19:28:00	186.367	186.373	186.366	186.370	50	0	0
2026.07.24	19:29:00	186.370	186.379	186.369	186.377	48	0	0
2026.07.24	19:30:00	186.377	186.380	186.367	186.368	109	0	0
2026.07.24	19:31:00	186.368	186.375	186.368	186.373	106	0	0
2026.07.24	19:32:00	186.373	186.380	186.370	186.370	106	0	0
2026.07.24	19:33:00	186.370	186.382	186.370	186.373	58	0	0
2026.07.24	19:34:00	186.373	186.378	186.369	186.376	102	0	0
2026.07.24	19:35:00	186.376	186.378	186.364	186.368	94	0	0
2026.07.24	19:36:00	186.368	186.372	186.359	186.359	65	0	0
2026.07.24	19:37:00	186.359	186.371	186.359	186.365	94	0	0
2026.07.24	19:38:00	186.365	186.368	186.353	186.355	92	0	0
2026.07.24	19:39:00	186.354	186.361	186.353	186.357	58	0	0
2026.07.24	19:40:00	186.356	186.357	186.348	186.355	74	0	0
2026.07.24	19:41:00	186.355	186.362	186.348	186.360	87	0	0
2026.07.24	19:42:00	186.358	186.362	186.357	186.357	58	0	0
2026.07.24	19:43:00	186.357	186.359	186.354	186.354	35	0	1
2026.07.24	19:44:00	186.354	186.356	186.348	186.355	64	0	0
2026.07.24	19:45:00	186.355	186.359	186.350	186.350	74	0	0
2026.07.24	19:46:00	186.350	186.350	186.340	186.345	82	0	0
2026.07.24	19:47:00	186.345	186.348	186.334	186.342	54	0	0
2026.07.24	19:48:00	186.342	186.342	186.337	186.340	57	0	0
2026.07.24	19:49:00	186.340	186.348	186.336	186.347	70	0	0
2026.07.24	19:50:00	186.347	186.347	186.336	186.339	50	0	1
2026.07.24	19:51:00	186.339	186.347	186.338	186.341	54	0	0
2026.07.24	19:52:00	186.341	186.343	186.337	186.341	51	0	0
2026.07.24	19:53:00	186.342	186.349	186.341	186.346	61	0	0
2026.07.24	19:54:00	186.346	186.354	186.345	186.353	45	0	1
2026.07.24	19:55:00	186.353	186.372	186.351	186.367	65	0	0
2026.07.24	19:56:00	186.367	186.369	186.353	186.355	51	0	0
2026.07.24	19:57:00	186.355	186.357	186.344	186.353	49	0	0
2026.07.24	19:58:00	186.353	186.358	186.349	186.349	47	0	1
2026.07.24	19:59:00	186.349	186.353	186.345	186.347	50	0	0
2026.07.24	20:00:00	186.346	186.361	186.346	186.352	108	0	0
2026.07.24	20:01:00	186.351	186.356	186.345	186.351	89	0	0
2026.07.24	20:02:00	186.351	186.355	186.345	186.352	93	0	0
2026.07.24	20:03:00	186.352	186.353	186.342	186.343	79	0	0
2026.07.24	20:04:00	186.343	186.343	186.335	186.337	82	0	0
2026.07.24	20:05:00	186.337	186.341	186.329	186.330	74	0	0
2026.07.24	20:06:00	186.330	186.330	186.307	186.316	198	0	0
2026.07.24	20:07:00	186.316	186.316	186.289	186.290	138	0	0
2026.07.24	20:08:00	186.290	186.290	186.267	186.281	174	0	0
2026.07.24	20:09:00	186.281	186.294	186.276	186.284	94	0	0
2026.07.24	20:10:00	186.284	186.298	186.282	186.288	122	0	0
2026.07.24	20:11:00	186.288	186.294	186.280	186.284	124	0	0
2026.07.24	20:12:00	186.284	186.287	186.267	186.279	148	0	0
2026.07.24	20:13:00	186.279	186.286	186.277	186.286	94	0	0
2026.07.24	20:14:00	186.286	186.289	186.277	186.280	92	0	0
2026.07.24	20:15:00	186.280	186.290	186.278	186.285	75	0	0
2026.07.24	20:16:00	186.285	186.295	186.278	186.282	76	0	0
2026.07.24	20:17:00	186.282	186.292	186.281	186.289	106	0	0
2026.07.24	20:18:00	186.289	186.290	186.271	186.273	121	0	0
2026.07.24	20:19:00	186.273	186.275	186.265	186.267	94	0	0
2026.07.24	20:20:00	186.267	186.267	186.259	186.263	71	0	1
2026.07.24	20:21:00	186.263	186.269	186.259	186.264	97	0	0
2026.07.24	20:22:00	186.264	186.266	186.256	186.263	109	0	0
2026.07.24	20:23:00	186.263	186.263	186.253	186.258	47	0	0
2026.07.24	20:24:00	186.258	186.270	186.257	186.267	79	0	0
2026.07.24	20:25:00	186.267	186.272	186.266	186.271	48	0	0
2026.07.24	20:26:00	186.271	186.278	186.269	186.277	60	0	0
2026.07.24	20:27:00	186.277	186.282	186.275	186.278	59	0	0
2026.07.24	20:28:00	186.278	186.280	186.271	186.275	62	0	0
2026.07.24	20:29:00	186.275	186.283	186.275	186.283	29	0	0
2026.07.24	20:30:00	186.283	186.294	186.281	186.291	44	0	0
2026.07.24	20:31:00	186.291	186.294	186.290	186.292	29	0	1
2026.07.24	20:32:00	186.293	186.297	186.289	186.295	53	0	0
2026.07.24	20:33:00	186.295	186.296	186.292	186.293	41	0	0
2026.07.24	20:34:00	186.293	186.295	186.279	186.280	59	0	0
2026.07.24	20:35:00	186.280	186.283	186.265	186.266	97	0	0
2026.07.24	20:36:00	186.266	186.273	186.265	186.269	58	0	0
2026.07.24	20:37:00	186.269	186.274	186.265	186.273	55	0	0
2026.07.24	20:38:00	186.273	186.274	186.266	186.266	43	0	0
2026.07.24	20:39:00	186.265	186.271	186.264	186.269	44	0	0
2026.07.24	20:40:00	186.269	186.272	186.267	186.268	29	0	0
2026.07.24	20:41:00	186.268	186.268	186.249	186.258	53	0	0
2026.07.24	20:42:00	186.258	186.266	186.257	186.264	45	0	0
2026.07.24	20:43:00	186.264	186.266	186.247	186.254	91	0	0
2026.07.24	20:44:00	186.254	186.266	186.254	186.258	74	0	0
2026.07.24	20:45:00	186.257	186.260	186.255	186.258	55	0	1
2026.07.24	20:46:00	186.258	186.260	186.252	186.256	88	0	0
2026.07.24	20:47:00	186.256	186.259	186.251	186.252	53	0	0
2026.07.24	20:48:00	186.252	186.254	186.247	186.252	85	0	0
2026.07.24	20:49:00	186.253	186.261	186.249	186.249	45	0	0
2026.07.24	20:50:00	186.249	186.251	186.245	186.250	65	0	1
2026.07.24	20:51:00	186.250	186.253	186.239	186.243	85	0	0
2026.07.24	20:52:00	186.243	186.248	186.241	186.248	41	0	1
2026.07.24	20:53:00	186.248	186.251	186.245	186.248	33	0	0
2026.07.24	20:54:00	186.248	186.252	186.245	186.252	37	0	0
2026.07.24	20:55:00	186.252	186.264	186.252	186.261	32	0	0
2026.07.24	20:56:00	186.261	186.263	186.253	186.259	52	0	0
2026.07.24	20:57:00	186.259	186.259	186.245	186.250	52	0	0
2026.07.24	20:58:00	186.250	186.253	186.245	186.245	36	0	0
2026.07.24	20:59:00	186.245	186.250	186.245	186.248	24	0	1
2026.07.24	21:00:00	186.248	186.253	186.246	186.252	48	0	0
2026.07.24	21:01:00	186.252	186.253	186.248	186.248	49	0	0
2026.07.24	21:02:00	186.248	186.251	186.239	186.240	50	0	0
2026.07.24	21:03:00	186.240	186.242	186.237	186.238	52	0	1
2026.07.24	21:04:00	186.238	186.242	186.235	186.236	59	0	0
2026.07.24	21:05:00	186.236	186.242	186.231	186.241	54	0	0
2026.07.24	21:06:00	186.240	186.244	186.238	186.241	26	0	0
2026.07.24	21:07:00	186.241	186.246	186.241	186.246	15	0	1
2026.07.24	21:08:00	186.246	186.253	186.244	186.250	43	0	0
2026.07.24	21:09:00	186.250	186.262	186.250	186.262	29	0	1
2026.07.24	21:10:00	186.262	186.267	186.260	186.264	34	0	0
2026.07.24	21:11:00	186.264	186.264	186.258	186.261	36	0	0
2026.07.24	21:12:00	186.259	186.263	186.259	186.261	69	0	0
2026.07.24	21:13:00	186.261	186.263	186.253	186.261	33	0	0
2026.07.24	21:14:00	186.261	186.262	186.252	186.257	56	0	0
2026.07.24	21:15:00	186.257	186.262	186.252	186.259	64	0	0
2026.07.24	21:16:00	186.259	186.264	186.255	186.256	41	0	0
2026.07.24	21:17:00	186.256	186.264	186.254	186.260	68	0	0
2026.07.24	21:18:00	186.260	186.265	186.259	186.261	38	0	0
2026.07.24	21:19:00	186.261	186.261	186.252	186.254	48	0	0
2026.07.24	21:20:00	186.254	186.257	186.246	186.248	38	0	0
2026.07.24	21:21:00	186.248	186.255	186.241	186.242	75	0	0
2026.07.24	21:22:00	186.242	186.249	186.238	186.248	73	0	0
2026.07.24	21:23:00	186.248	186.253	186.247	186.253	55	0	0
2026.07.24	21:24:00	186.253	186.259	186.250	186.259	46	0	0
2026.07.24	21:25:00	186.259	186.267	186.258	186.266	56	0	0
2026.07.24	21:26:00	186.266	186.268	186.260	186.262	56	0	0
2026.07.24	21:27:00	186.262	186.266	186.261	186.264	18	0	0
2026.07.24	21:28:00	186.264	186.267	186.261	186.267	27	0	0
2026.07.24	21:29:00	186.267	186.273	186.264	186.272	56	0	0
2026.07.24	21:30:00	186.273	186.279	186.273	186.276	24	0	0
2026.07.24	21:31:00	186.276	186.276	186.265	186.271	33	0	0
2026.07.24	21:32:00	186.271	186.273	186.265	186.268	55	0	0
2026.07.24	21:33:00	186.268	186.270	186.259	186.260	49	0	0
2026.07.24	21:34:00	186.260	186.265	186.256	186.262	71	0	0
2026.07.24	21:35:00	186.262	186.271	186.258	186.271	43	0	0
2026.07.24	21:36:00	186.270	186.270	186.256	186.257	60	0	0
2026.07.24	21:37:00	186.257	186.273	186.257	186.272	42	0	0
2026.07.24	21:38:00	186.272	186.277	186.269	186.274	38	0	0
2026.07.24	21:39:00	186.274	186.279	186.272	186.277	43	0	0
2026.07.24	21:40:00	186.277	186.279	186.268	186.272	33	0	0
2026.07.24	21:41:00	186.272	186.274	186.266	186.273	32	0	0
2026.07.24	21:42:00	186.273	186.278	186.270	186.273	19	0	0
2026.07.24	21:43:00	186.273	186.276	186.268	186.271	35	0	0
2026.07.24	21:44:00	186.271	186.272	186.266	186.267	20	0	1
2026.07.24	21:45:00	186.267	186.274	186.267	186.274	36	0	0
2026.07.24	21:46:00	186.274	186.285	186.274	186.278	31	0	0
2026.07.24	21:47:00	186.278	186.290	186.277	186.289	50	0	0
2026.07.24	21:48:00	186.289	186.292	186.286	186.288	43	0	0
2026.07.24	21:49:00	186.288	186.290	186.282	186.282	21	0	1
2026.07.24	21:50:00	186.282	186.284	186.281	186.283	35	0	0
2026.07.24	21:51:00	186.283	186.283	186.277	186.281	49	0	0
2026.07.24	21:52:00	186.281	186.283	186.280	186.283	16	0	1
2026.07.24	21:53:00	186.283	186.283	186.277	186.277	31	0	0
2026.07.24	21:54:00	186.277	186.282	186.276	186.278	34	0	0
2026.07.24	21:55:00	186.278	186.280	186.277	186.279	23	0	1
2026.07.24	21:56:00	186.279	186.285	186.279	186.284	28	0	0
2026.07.24	21:57:00	186.284	186.287	186.276	186.280	33	0	0
2026.07.24	21:58:00	186.280	186.289	186.278	186.282	26	0	0
2026.07.24	21:59:00	186.282	186.290	186.282	186.286	54	0	0
2026.07.24	22:00:00	186.286	186.291	186.267	186.273	112	0	0
2026.07.24	22:01:00	186.273	186.281	186.273	186.276	51	0	0
2026.07.24	22:02:00	186.276	186.281	186.272	186.281	40	0	0
2026.07.24	22:03:00	186.281	186.281	186.265	186.266	54	0	0
2026.07.24	22:04:00	186.266	186.271	186.263	186.270	34	0	0
2026.07.24	22:05:00	186.270	186.271	186.268	186.271	9	0	1
2026.07.24	22:06:00	186.270	186.272	186.265	186.269	14	0	0
2026.07.24	22:07:00	186.269	186.273	186.266	186.271	42	0	1
2026.07.24	22:08:00	186.271	186.273	186.265	186.267	25	0	0
2026.07.24	22:09:00	186.267	186.276	186.264	186.275	59	0	0
2026.07.24	22:10:00	186.275	186.282	186.274	186.278	15	0	0
2026.07.24	22:11:00	186.278	186.284	186.278	186.284	21	0	0
2026.07.24	22:12:00	186.284	186.290	186.281	186.290	28	0	0
2026.07.24	22:13:00	186.289	186.290	186.279	186.280	32	0	0
2026.07.24	22:14:00	186.280	186.282	186.278	186.280	23	0	1
2026.07.24	22:15:00	186.280	186.287	186.278	186.286	40	0	0
2026.07.24	22:16:00	186.286	186.290	186.284	186.290	33	0	0
2026.07.24	22:17:00	186.290	186.293	186.286	186.286	18	0	1
2026.07.24	22:18:00	186.286	186.288	186.284	186.284	12	0	1
2026.07.24	22:19:00	186.284	186.286	186.280	186.284	28	0	0
2026.07.24	22:20:00	186.284	186.288	186.281	186.287	29	0	0
2026.07.24	22:21:00	186.287	186.290	186.285	186.286	37	0	0
2026.07.24	22:22:00	186.286	186.292	186.285	186.286	12	0	0
2026.07.24	22:23:00	186.286	186.286	186.283	186.284	9	0	1
2026.07.24	22:24:00	186.284	186.286	186.273	186.277	64	0	0
2026.07.24	22:25:00	186.277	186.281	186.270	186.275	53	0	0
2026.07.24	22:26:00	186.275	186.277	186.266	186.266	37	0	0
2026.07.24	22:27:00	186.266	186.270	186.262	186.263	29	0	0
2026.07.24	22:28:00	186.263	186.275	186.263	186.272	26	0	0
2026.07.24	22:29:00	186.272	186.277	186.270	186.276	14	0	1
2026.07.24	22:30:00	186.276	186.280	186.273	186.278	36	0	0
2026.07.24	22:31:00	186.279	186.280	186.271	186.277	45	0	0
2026.07.24	22:32:00	186.277	186.283	186.277	186.280	46	0	0
2026.07.24	22:33:00	186.280	186.284	186.277	186.281	72	0	0
2026.07.24	22:34:00	186.281	186.284	186.277	186.284	17	0	1
2026.07.24	22:35:00	186.284	186.292	186.277	186.278	83	0	0
2026.07.24	22:36:00	186.278	186.279	186.273	186.275	28	0	1
2026.07.24	22:37:00	186.275	186.308	186.273	186.303	89	0	0
2026.07.24	22:38:00	186.303	186.314	186.302	186.312	70	0	0
2026.07.24	22:39:00	186.312	186.312	186.294	186.297	70	0	0
2026.07.24	22:40:00	186.299	186.300	186.282	186.293	64	0	0
2026.07.24	22:41:00	186.293	186.301	186.293	186.297	35	0	0
2026.07.24	22:42:00	186.297	186.304	186.294	186.303	55	0	0
2026.07.24	22:43:00	186.303	186.310	186.299	186.308	57	0	0
2026.07.24	22:44:00	186.308	186.308	186.293	186.294	40	0	0
2026.07.24	22:45:00	186.294	186.297	186.292	186.295	63	0	1
2026.07.24	22:46:00	186.295	186.298	186.292	186.295	70	0	1
2026.07.24	22:47:00	186.295	186.299	186.290	186.290	47	0	0
2026.07.24	22:48:00	186.290	186.300	186.290	186.298	21	0	0
2026.07.24	22:49:00	186.298	186.303	186.291	186.303	30	0	0
2026.07.24	22:50:00	186.303	186.305	186.291	186.294	70	0	0
2026.07.24	22:51:00	186.294	186.297	186.293	186.296	40	0	1
2026.07.24	22:52:00	186.296	186.299	186.290	186.290	35	0	0
2026.07.24	22:53:00	186.290	186.295	186.289	186.293	49	0	0
2026.07.24	22:54:00	186.293	186.298	186.290	186.295	39	0	0
2026.07.24	22:55:00	186.295	186.295	186.287	186.287	56	0	0
2026.07.24	22:56:00	186.288	186.295	186.282	186.285	42	0	0
2026.07.24	22:57:00	186.285	186.297	186.283	186.297	35	0	1
2026.07.24	22:58:00	186.297	186.300	186.292	186.294	44	0	0
2026.07.24	22:59:00	186.294	186.307	186.293	186.301	151	0	0
2026.07.24	23:00:00	186.301	186.307	186.299	186.302	37	0	0
2026.07.24	23:01:00	186.302	186.302	186.294	186.296	44	0	1
2026.07.24	23:02:00	186.296	186.296	186.292	186.294	13	0	4
2026.07.24	23:03:00	186.294	186.296	186.291	186.295	25	0	3
2026.07.24	23:04:00	186.295	186.304	186.295	186.302	23	0	0
2026.07.24	23:05:00	186.302	186.304	186.299	186.303	27	0	2
2026.07.24	23:06:00	186.303	186.304	186.299	186.299	11	0	2
2026.07.24	23:07:00	186.299	186.301	186.298	186.298	6	0	4
2026.07.24	23:08:00	186.298	186.299	186.296	186.299	7	0	3
2026.07.24	23:09:00	186.299	186.304	186.298	186.304	19	0	0
2026.07.24	23:10:00	186.304	186.304	186.298	186.298	15	0	4
2026.07.24	23:11:00	186.298	186.299	186.295	186.299	9	0	3
2026.07.24	23:12:00	186.299	186.299	186.293	186.297	9	0	2
2026.07.24	23:13:00	186.297	186.298	186.296	186.297	17	0	2
2026.07.24	23:14:00	186.297	186.298	186.296	186.297	11	0	2
2026.07.24	23:15:00	186.297	186.298	186.289	186.291	16	0	3
2026.07.24	23:16:00	186.291	186.293	186.287	186.287	18	0	2
2026.07.24	23:17:00	186.287	186.288	186.284	186.285	17	0	4
2026.07.24	23:18:00	186.285	186.285	186.283	186.285	5	0	4
2026.07.24	23:19:00	186.285	186.285	186.282	186.282	6	0	4
2026.07.24	23:20:00	186.283	186.284	186.281	186.283	7	0	3
