<DATE>	<TIME>	<OPEN>	<HIGH>	<LOW>	<CLOSE>	<TICKVOL>	<VOL>	<SPREAD>
2025.12.29	00:00:00	184.144	184.392	183.958	184.242	2582	0	80
2025.12.29	01:00:00	184.242	184.384	184.220	184.257	3219	0	22
2025.12.29	02:00:00	184.256	184.259	183.792	184.136	7305	0	22
2025.12.29	03:00:00	184.137	184.260	184.069	184.254	6252	0	22
2025.12.29	04:00:00	184.253	184.413	184.207	184.258	5125	0	22
2025.12.29	05:00:00	184.253	184.259	184.114	184.145	4483	0	22
2025.12.29	06:00:00	184.153	184.214	183.953	184.013	4951	0	22
2025.12.29	07:00:00	184.011	184.015	183.752	183.809	5406	0	22
2025.12.29	08:00:00	183.804	183.914	183.723	183.869	5649	0	15
2025.12.29	09:00:00	183.858	183.949	183.792	183.858	6747	0	10
2025.12.29	10:00:00	183.857	184.245	183.822	184.218	6886	0	10
2025.12.29	11:00:00	184.210	184.259	183.979	184.134	7676	0	10
2025.12.29	12:00:00	184.134	184.191	183.969	183.987	6681	0	10
2025.12.29	13:00:00	183.996	184.115	183.860	184.068	6521	0	10
2025.12.29	14:00:00	184.077	184.114	183.862	183.927	6656	0	9
2025.12.29	15:00:00	183.932	184.007	183.851	183.927	7863	0	9
2025.12.29	16:00:00	183.942	184.045	183.783	184.022	8516	0	9
2025.12.29	17:00:00	184.024	184.154	183.516	183.559	9362	0	9
2025.12.29	18:00:00	183.547	183.654	183.455	183.572	8031	0	9
2025.12.29	19:00:00	183.565	183.618	183.471	183.603	5836	0	20
2025.12.29	20:00:00	183.601	183.729	183.578	183.717	4804	0	20
2025.12.29	21:00:00	183.718	183.776	183.610	183.652	4515	0	20
2025.12.29	22:00:00	183.652	183.753	183.607	183.728	5233	0	20
2025.12.29	23:00:00	183.715	183.774	183.647	183.647	2534	0	28
2025.12.30	00:00:00	183.564	183.779	183.405	183.641	1987	0	80
2025.12.30	01:00:00	183.667	183.816	183.645	183.663	2581	0	22
2025.12.30	02:00:00	183.662	184.094	183.595	183.986	4330	0	22
2025.12.30	03:00:00	183.986	184.071	183.944	183.973	3436	0	22
2025.12.30	04:00:00	183.967	184.088	183.896	184.045	3703	0	22
2025.12.30	05:00:00	184.046	184.072	183.959	184.003	2710	0	22
2025.12.30	06:00:00	184.003	184.037	183.804	183.837	2821	0	22
2025.12.30	07:00:00	183.841	183.878	183.727	183.762	3491	0	22
2025.12.30	08:00:00	183.759	183.879	183.701	183.817	3795	0	15
2025.12.30	09:00:00	183.817	183.825	183.542	183.641	3971	0	10
2025.12.30	10:00:00	183.621	183.659	183.455	183.585	4537	0	10
2025.12.30	11:00:00	183.588	183.711	183.482	183.529	4333	0	10
2025.12.30	12:00:00	183.532	183.587	183.416	183.524	4235	0	10
2025.12.30	13:00:00	183.524	183.582	183.438	183.478	3985	0	10
2025.12.30	14:00:00	183.476	183.591	183.417	183.463	4185	0	9
2025.12.30	15:00:00	183.465	183.823	183.407	183.780	5283	0	9
2025.12.30	16:00:00	183.781	183.893	183.627	183.855	5204	0	9
2025.12.30	17:00:00	183.855	183.983	183.831	183.880	5947	0	9
2025.12.30	18:00:00	183.861	183.896	183.771	183.866	4970	0	9
2025.12.30	19:00:00	183.858	183.967	183.808	183.810	3577	0	20
2025.12.30	20:00:00	183.808	183.876	183.791	183.797	3416	0	20
2025.12.30	21:00:00	183.791	183.897	183.785	183.868	2898	0	20
2025.12.30	22:00:00	183.864	183.872	183.777	183.785	2655	0	20
2025.12.30	23:00:00	183.766	183.790	183.714	183.785	1703	0	29
2025.12.31	00:00:00	183.536	183.708	183.536	183.662	834	0	80
2025.12.31	01:00:00	183.691	183.786	183.655	183.706	1731	0	22
2025.12.31	02:00:00	183.706	183.782	183.627	183.721	2449	0	22
2025.12.31	03:00:00	183.726	183.769	183.671	183.684	2903	0	22
2025.12.31	04:00:00	183.685	183.745	183.658	183.724	2607	0	22
2025.12.31	05:00:00	183.723	183.776	183.693	183.759	2037	0	22
2025.12.31	06:00:00	183.758	183.819	183.735	183.769	2350	0	22
2025.12.31	07:00:00	183.768	183.831	183.737	183.824	2538	0	22
2025.12.31	08:00:00	183.825	183.854	183.770	183.836	2872	0	15
2025.12.31	09:00:00	183.830	183.844	183.712	183.764	3221	0	10
2025.12.31	10:00:00	183.764	183.825	183.526	183.590	4181	0	10
2025.12.31	11:00:00	183.591	183.891	183.557	183.816	4020	0	10
2025.12.31	12:00:00	183.817	183.945	183.748	183.915	3915	0	10
2025.12.31	13:00:00	183.916	184.011	183.869	183.973	3227	0	10
2025.12.31	14:00:00	183.972	184.180	183.941	184.089	4462	0	9
2025.12.31	15:00:00	184.088	184.186	184.071	184.137	5190	0	9
2025.12.31	16:00:00	184.141	184.249	184.030	184.093	5486	0	9
2025.12.31	17:00:00	184.088	184.174	183.966	184.080	6432	0	9
2025.12.31	18:00:00	184.080	184.135	183.926	184.029	5596	0	9
2025.12.31	19:00:00	184.027	184.063	183.952	184.046	3818	0	20
2025.12.31	20:00:00	184.048	184.172	184.028	184.125	3721	0	20
2025.12.31	21:00:00	184.126	184.147	183.976	184.044	3055	0	20
2025.12.31	22:00:00	184.043	184.105	184.022	184.069	3152	0	20
2025.12.31	23:00:00	184.051	184.107	183.996	184.004	1928	0	20
2026.01.02	00:00:00	183.971	184.094	183.942	184.063	632	0	195
2026.01.02	01:00:00	184.083	184.281	184.023	184.147	2053	0	22
2026.01.02	02:00:00	184.146	184.202	184.005	184.046	2828	0	22
2026.01.02	03:00:00	184.046	184.241	184.021	184.201	2762	0	22
2026.01.02	04:00:00	184.202	184.249	184.131	184.230	2288	0	18
2026.01.02	05:00:00	184.244	184.368	184.227	184.364	2062	0	22
2026.01.02	06:00:00	184.365	184.419	184.325	184.339	2383	0	22
2026.01.02	07:00:00	184.340	184.426	184.316	184.397	2144	0	22
2026.01.02	08:00:00	184.394	184.420	184.287	184.329	3137	0	15
2026.01.02	09:00:00	184.328	184.368	183.999	184.064	4079	0	10
2026.01.02	10:00:00	184.061	184.245	183.984	183.997	4944	0	10
2026.01.02	11:00:00	184.001	184.076	183.888	183.930	4079	0	10
2026.01.02	12:00:00	183.931	183.938	183.714	183.840	3668	0	10
2026.01.02	13:00:00	183.825	183.960	183.790	183.942	3467	0	10
2026.01.02	14:00:00	183.942	184.107	183.892	183.995	3121	0	9
2026.01.02	15:00:00	183.987	184.008	183.834	183.923	4296	0	9
2026.01.02	16:00:00	183.923	184.002	183.809	183.955	4932	0	9
2026.01.02	17:00:00	183.971	184.042	183.814	183.993	5987	0	9
2026.01.02	18:00:00	183.993	184.047	183.915	183.957	5224	0	9
2026.01.02	19:00:00	183.953	183.964	183.861	183.903	3914	0	20
2026.01.02	20:00:00	183.902	183.955	183.834	183.864	3715	0	20
2026.01.02	21:00:00	183.862	183.902	183.823	183.870	3899	0	20
2026.01.02	22:00:00	183.870	183.895	183.783	183.807	4067	0	20
2026.01.02	23:00:00	183.809	183.850	183.689	183.689	2129	0	20
2026.01.05	00:00:00	183.634	183.806	183.580	183.606	1464	0	80
2026.01.05	01:00:00	183.637	183.778	183.497	183.754	3264	0	22
2026.01.05	02:00:00	183.758	184.063	183.698	183.925	4954	0	22
2026.01.05	03:00:00	183.921	183.942	183.674	183.712	5148	0	22
2026.01.05	04:00:00	183.711	183.778	183.584	183.683	4240	0	22
2026.01.05	05:00:00	183.682	183.726	183.465	183.558	3777	0	22
2026.01.05	06:00:00	183.560	183.738	183.560	183.727	3301	0	22
2026.01.05	07:00:00	183.727	183.739	183.571	183.659	3469	0	22
2026.01.05	08:00:00	183.659	183.710	183.519	183.571	4036	0	15
2026.01.05	09:00:00	183.569	183.603	183.439	183.452	4394	0	10
2026.01.05	10:00:00	183.454	183.500	183.180	183.224	5685	0	10
2026.01.05	11:00:00	183.222	183.346	183.135	183.320	4756	0	10
2026.01.05	12:00:00	183.319	183.348	182.986	183.058	4656	0	10
2026.01.05	13:00:00	183.073	183.073	182.900	182.962	4580	0	10
2026.01.05	14:00:00	182.962	182.962	182.802	182.823	4353	0	9
2026.01.05	15:00:00	182.828	183.120	182.823	183.076	5708	0	9
2026.01.05	16:00:00	183.077	183.200	182.975	183.160	5949	0	9
2026.01.05	17:00:00	183.134	183.321	183.014	183.260	6450	0	9
2026.01.05	18:00:00	183.257	183.281	183.103	183.134	5638	0	9
2026.01.05	19:00:00	183.136	183.179	183.062	183.132	4126	0	9
2026.01.05	20:00:00	183.131	183.232	183.083	183.130	3251	0	20
2026.01.05	21:00:00	183.127	183.234	183.037	183.202	3851	0	20
2026.01.05	22:00:00	183.197	183.307	183.146	183.300	3101	0	20
2026.01.05	23:00:00	183.300	183.349	183.222	183.222	1778	0	18
2026.01.06	00:00:00	183.106	183.398	183.012	183.393	836	0	80
2026.01.06	01:00:00	183.422	183.497	183.378	183.466	2224	0	22
2026.01.06	02:00:00	183.467	183.647	183.378	183.398	4229	0	22
2026.01.06	03:00:00	183.399	183.546	183.384	183.444	4082	0	22
2026.01.06	04:00:00	183.443	183.477	183.347	183.468	3713	0	22
2026.01.06	05:00:00	183.465	183.559	183.422	183.466	3125	0	22
2026.01.06	06:00:00	183.467	183.532	183.323	183.477	2994	0	22
2026.01.06	07:00:00	183.478	183.519	183.418	183.471	3274	0	22
2026.01.06	08:00:00	183.472	183.603	183.468	183.521	3574	0	15
2026.01.06	09:00:00	183.522	183.533	183.321	183.355	4526	0	10
2026.01.06	10:00:00	183.354	183.439	183.232	183.329	5251	0	10
2026.01.06	11:00:00	183.328	183.354	183.046	183.161	4722	0	10
2026.01.06	12:00:00	183.160	183.265	183.044	183.231	4127	0	10
2026.01.06	13:00:00	183.232	183.263	183.116	183.133	3830	0	10
2026.01.06	14:00:00	183.124	183.143	183.005	183.107	4507	0	9
2026.01.06	15:00:00	183.123	183.187	183.056	183.129	5837	0	9
2026.01.06	16:00:00	183.130	183.189	183.034	183.127	5642	0	9
2026.01.06	17:00:00	183.127	183.208	183.004	183.109	6425	0	9
2026.01.06	18:00:00	183.115	183.202	183.102	183.165	4769	0	9
2026.01.06	19:00:00	183.159	183.336	183.138	183.325	3683	0	20
2026.01.06	20:00:00	183.324	183.383	183.167	183.184	3545	0	20
2026.01.06	21:00:00	183.184	183.204	183.063	183.082	3778	0	20
2026.01.06	22:00:00	183.081	183.098	183.034	183.073	3049	0	20
2026.01.06	23:00:00	183.054	183.109	183.026	183.102	1955	0	28
2026.01.07	00:00:00	182.925	183.068	182.925	183.044	863	0	70
2026.01.07	01:00:00	183.074	183.168	183.055	183.083	1677	0	18
2026.01.07	02:00:00	183.085	183.243	183.021	183.131	4248	0	22
2026.01.07	03:00:00	183.131	183.354	183.040	183.279	3639	0	22
2026.01.07	04:00:00	183.279	183.357	183.196	183.199	2889	0	22
2026.01.07	05:00:00	183.198	183.241	183.084	183.139	2661	0	22
2026.01.07	06:00:00	183.139	183.205	182.990	182.994	3055	0	22
2026.01.07	07:00:00	182.996	183.005	182.836	182.848	3239	0	22
2026.01.07	08:00:00	182.847	182.937	182.767	182.879	3500	0	15
2026.01.07	09:00:00	182.873	182.907	182.701	182.809	4463	0	10
2026.01.07	10:00:00	182.807	182.933	182.709	182.917	4395	0	10
2026.01.07	11:00:00	182.904	182.964	182.758	182.816	3430	0	10
2026.01.07	12:00:00	182.818	182.993	182.791	182.960	3892	0	10
2026.01.07	13:00:00	182.959	183.040	182.925	182.945	3345	0	10
2026.01.07	14:00:00	182.944	182.959	182.823	182.915	3509	0	9
2026.01.07	15:00:00	182.918	182.934	182.747	182.864	5126	0	9
2026.01.07	16:00:00	182.865	183.042	182.854	182.950	5386	0	9
2026.01.07	17:00:00	182.932	183.183	182.892	183.165	6927	0	9
2026.01.07	18:00:00	183.166	183.234	183.092	183.211	4639	0	9
2026.01.07	19:00:00	183.209	183.209	183.008	183.039	3986	0	20
2026.01.07	20:00:00	183.040	183.144	183.024	183.068	3284	0	20
2026.01.07	21:00:00	183.066	183.119	183.023	183.096	3163	0	20
2026.01.07	22:00:00	183.096	183.153	183.081	183.102	2837	0	19
2026.01.07	23:00:00	183.077	183.083	183.003	183.009	1634	0	19
2026.01.08	00:00:00	182.933	183.028	182.897	182.959	604	0	49
2026.01.08	01:00:00	182.980	183.031	182.925	182.982	2051	0	22
2026.01.08	02:00:00	182.981	183.106	182.958	183.066	3321	0	22
2026.01.08	03:00:00	183.068	183.221	183.001	183.185	3479	0	22
2026.01.08	04:00:00	183.199	183.246	183.141	183.199	3125	0	22
2026.01.08	05:00:00	183.198	183.199	182.976	183.052	3156	0	22
2026.01.08	06:00:00	183.052	183.062	182.960	183.011	2361	0	22
2026.01.08	07:00:00	183.016	183.092	182.950	183.037	3137	0	22
2026.01.08	08:00:00	183.023	183.037	182.765	182.923	3827	0	15
2026.01.08	09:00:00	182.916	183.023	182.722	182.736	4369	0	10
2026.01.08	10:00:00	182.733	182.921	182.706	182.899	4498	0	10
2026.01.08	11:00:00	182.895	183.031	182.831	183.026	3768	0	10
2026.01.08	12:00:00	183.027	183.101	182.965	183.002	3595	0	10
2026.01.08	13:00:00	182.998	183.089	182.967	183.056	3403	0	10
2026.01.08	14:00:00	183.058	183.077	182.899	182.944	3241	0	9
2026.01.08	15:00:00	182.945	183.074	182.916	183.074	4652	0	9
2026.01.08	16:00:00	183.074	183.163	183.005	183.117	5789	0	9
2026.01.08	17:00:00	183.103	183.251	182.994	183.016	5704	0	9
2026.01.08	18:00:00	183.017	183.031	182.835	182.874	4536	0	9
2026.01.08	19:00:00	182.869	182.869	182.621	182.702	3874	0	20
2026.01.08	20:00:00	182.700	182.773	182.675	182.711	3173	0	20
2026.01.08	21:00:00	182.712	182.882	182.666	182.860	2875	0	20
2026.01.08	22:00:00	182.858	182.935	182.855	182.879	3118	0	20
2026.01.08	23:00:00	182.857	182.913	182.785	182.785	2585	0	28
2026.01.09	00:00:00	182.554	182.883	182.479	182.832	1605	0	60
2026.01.09	01:00:00	182.831	182.955	182.831	182.884	1753	0	22
2026.01.09	02:00:00	182.887	183.053	182.872	182.964	3296	0	22
2026.01.09	03:00:00	182.964	183.122	182.949	183.085	3594	0	22
2026.01.09	04:00:00	183.087	183.228	183.062	183.178	3366	0	22
2026.01.09	05:00:00	183.177	183.290	183.166	183.271	2562	0	22
2026.01.09	06:00:00	183.276	183.323	183.206	183.227	2747	0	22
2026.01.09	07:00:00	183.225	183.382	183.216	183.352	2918	0	22
2026.01.09	08:00:00	183.366	183.416	183.328	183.365	3282	0	15
2026.01.09	09:00:00	183.365	183.506	183.318	183.474	4005	0	10
2026.01.09	10:00:00	183.475	183.651	183.438	183.639	4308	0	10
2026.01.09	11:00:00	183.641	183.677	183.542	183.620	3498	0	10
2026.01.09	12:00:00	183.621	183.658	183.504	183.614	3085	0	10
2026.01.09	13:00:00	183.613	183.620	183.503	183.528	2921	0	10
2026.01.09	14:00:00	183.529	183.611	183.452	183.538	3412	0	9
2026.01.09	15:00:00	183.539	183.571	183.342	183.413	6984	0	9
2026.01.09	16:00:00	183.411	183.920	183.360	183.770	8190	0	9
2026.01.09	17:00:00	183.763	183.899	183.686	183.769	7313	0	9
2026.01.09	18:00:00	183.771	183.956	183.744	183.906	5354	0	9
2026.01.09	19:00:00	183.903	183.903	183.737	183.835	3971	0	20
2026.01.09	20:00:00	183.836	183.870	183.692	183.727	3626	0	20
2026.01.09	21:00:00	183.728	183.749	183.677	183.703	3324	0	20
2026.01.09	22:00:00	183.704	183.741	183.659	183.701	2990	0	20
2026.01.09	23:00:00	183.680	183.730	183.623	183.708	2073	0	60
2026.01.12	00:00:00	183.789	183.900	183.739	183.889	1008	0	80
2026.01.12	01:00:00	183.867	183.907	183.766	183.800	3054	0	22
2026.01.12	02:00:00	183.799	183.928	183.735	183.793	5383	0	22
2026.01.12	03:00:00	183.794	183.952	183.763	183.858	5452	0	22
2026.01.12	04:00:00	183.857	184.222	183.848	184.201	3972	0	22
2026.01.12	05:00:00	184.200	184.310	184.128	184.291	3052	0	22
2026.01.12	06:00:00	184.279	184.366	184.271	184.286	2444	0	22
2026.01.12	07:00:00	184.284	184.452	184.246	184.376	3159	0	22
2026.01.12	08:00:00	184.375	184.433	184.302	184.401	3341	0	15
2026.01.12	09:00:00	184.399	184.489	184.279	184.432	4646	0	10
2026.01.12	10:00:00	184.432	184.433	184.200	184.402	4651	0	10
2026.01.12	11:00:00	184.401	184.556	184.350	184.454	3949	0	10
2026.01.12	12:00:00	184.451	184.512	184.415	184.460	3181	0	10
2026.01.12	13:00:00	184.459	184.521	184.339	184.401	3354	0	10
2026.01.12	14:00:00	184.401	184.488	184.378	184.400	3533	0	9
2026.01.12	15:00:00	184.400	184.566	184.364	184.566	4584	0	9
2026.01.12	16:00:00	184.567	184.569	184.412	184.429	5212	0	9
2026.01.12	17:00:00	184.430	184.545	184.346	184.533	4722	0	9
2026.01.12	18:00:00	184.537	184.671	184.467	184.585	4148	0	9
2026.01.12	19:00:00	184.578	184.606	184.430	184.462	3625	0	20
2026.01.12	20:00:00	184.463	184.542	184.397	184.524	2616	0	20
2026.01.12	21:00:00	184.522	184.595	184.502	184.582	2382	0	20
2026.01.12	22:00:00	184.581	184.584	184.498	184.524	2416	0	20
2026.01.12	23:00:00	184.504	184.518	184.458	184.509	1733	0	24
2026.01.13	00:00:00	184.370	184.498	184.315	184.452	2259	0	80
2026.01.13	01:00:00	184.482	184.534	184.256	184.317	3155	0	22
2026.01.13	02:00:00	184.316	184.590	184.296	184.472	3920	0	22
2026.01.13	03:00:00	184.473	184.784	184.460	184.767	3776	0	22
2026.01.13	04:00:00	184.780	185.017	184.596	184.994	3463	0	22
2026.01.13	05:00:00	184.994	185.160	184.969	185.155	2958	0	22
2026.01.13	06:00:00	185.142	185.287	185.014	185.155	4007	0	22
2026.01.13	07:00:00	185.154	185.245	185.127	185.183	3387	0	22
2026.01.13	08:00:00	185.184	185.279	185.057	185.096	4146	0	15
2026.01.13	09:00:00	185.096	185.403	185.082	185.397	4299	0	10
2026.01.13	10:00:00	185.395	185.543	185.299	185.453	4743	0	10
2026.01.13	11:00:00	185.464	185.502	185.335	185.445	3932	0	10
2026.01.13	12:00:00	185.446	185.526	185.246	185.258	3824	0	10
2026.01.13	13:00:00	185.259	185.446	185.257	185.353	2807	0	10
2026.01.13	14:00:00	185.353	185.392	185.164	185.183	3531	0	9
2026.01.13	15:00:00	185.181	185.397	185.066	185.395	6460	0	9
2026.01.13	16:00:00	185.396	185.457	185.294	185.354	5772	0	9
2026.01.13	17:00:00	185.365	185.397	185.125	185.171	5514	0	9
2026.01.13	18:00:00	185.173	185.314	185.154	185.249	5064	0	9
2026.01.13	19:00:00	185.246	185.293	185.140	185.185	3894	0	20
2026.01.13	20:00:00	185.187	185.346	185.144	185.320	3240	0	20
2026.01.13	21:00:00	185.321	185.372	185.279	185.341	2709	0	20
2026.01.13	22:00:00	185.342	185.369	185.279	185.302	2467	0	20
2026.01.13	23:00:00	185.281	185.324	185.256	185.300	1502	0	27
2026.01.14	00:00:00	185.162	185.313	185.162	185.278	2132	0	80
2026.01.14	01:00:00	185.307	185.380	185.254	185.325	2214	0	22
2026.01.14	02:00:00	185.325	185.395	185.199	185.347	3631	0	22
2026.01.14	03:00:00	185.348	185.564	185.334	185.437	3390	0	22
2026.01.14	04:00:00	185.438	185.475	185.317	185.358	3173	0	22
2026.01.14	05:00:00	185.357	185.405	185.262	185.359	2624	0	22
2026.01.14	06:00:00	185.360	185.429	185.331	185.361	2258	0	22
2026.01.14	07:00:00	185.361	185.504	185.332	185.492	2877	0	22
2026.01.14	08:00:00	185.494	185.573	185.364	185.373	3292	0	15
2026.01.14	09:00:00	185.373	185.447	185.307	185.382	3406	0	10
2026.01.14	10:00:00	185.382	185.397	184.979	185.113	5539	0	10
2026.01.14	11:00:00	185.104	185.141	184.832	184.976	4422	0	10
2026.01.14	12:00:00	184.976	185.025	184.815	184.940	4618	0	10
2026.01.14	13:00:00	184.941	184.981	184.690	184.844	3772	0	10
2026.01.14	14:00:00	184.844	184.877	184.285	184.863	5633	0	9
2026.01.14	15:00:00	184.857	184.873	184.674	184.771	5007	0	9
2026.01.14	16:00:00	184.769	184.839	184.384	184.406	6860	0	9
2026.01.14	17:00:00	184.396	184.620	184.307	184.360	6203	0	9
2026.01.14	18:00:00	184.362	184.496	184.281	184.289	4542	0	9
2026.01.14	19:00:00	184.292	184.416	184.274	184.356	3730	0	10
2026.01.14	20:00:00	184.355	184.466	184.286	184.406	3268	0	20
2026.01.14	21:00:00	184.403	184.459	184.341	184.436	3081	0	20
2026.01.14	22:00:00	184.443	184.640	184.417	184.636	3770	0	20
2026.01.14	23:00:00	184.616	184.659	184.486	184.486	1892	0	30
2026.01.15	00:00:00	184.264	184.515	184.228	184.273	1172	0	80
2026.01.15	01:00:00	184.302	184.502	184.276	184.464	2205	0	22
2026.01.15	02:00:00	184.464	184.611	184.293	184.336	3805	0	22
2026.01.15	03:00:00	184.337	184.389	184.166	184.285	4243	0	22
2026.01.15	04:00:00	184.286	184.531	184.254	184.521	3260	0	22
2026.01.15	05:00:00	184.522	184.616	184.465	184.489	2822	0	22
2026.01.15	06:00:00	184.489	184.582	184.416	184.498	2435	0	22
2026.01.15	07:00:00	184.500	184.532	184.295	184.322	2819	0	22
2026.01.15	08:00:00	184.321	184.530	184.309	184.518	3617	0	15
2026.01.15	09:00:00	184.517	184.594	184.255	184.415	4189	0	10
2026.01.15	10:00:00	184.411	184.625	184.373	184.559	4428	0	10
2026.01.15	11:00:00	184.561	184.595	184.201	184.296	4617	0	10
2026.01.15	12:00:00	184.303	184.436	184.220	184.393	3648	0	10
2026.01.15	13:00:00	184.395	184.443	184.348	184.414	3084	0	10
2026.01.15	14:00:00	184.415	184.486	184.356	184.366	2913	0	9
2026.01.15	15:00:00	184.346	184.359	184.181	184.267	4581	0	9
2026.01.15	16:00:00	184.266	184.310	184.107	184.146	5639	0	9
2026.01.15	17:00:00	184.160	184.165	183.855	183.943	5380	0	9
2026.01.15	18:00:00	183.943	184.022	183.878	183.937	4296	0	9
2026.01.15	19:00:00	183.931	184.033	183.906	183.996	3117	0	20
2026.01.15	20:00:00	183.996	184.091	183.996	184.082	2781	0	20
2026.01.15	21:00:00	184.083	184.146	184.050	184.118	2904	0	20
2026.01.15	22:00:00	184.108	184.128	183.998	184.092	2742	0	20
2026.01.15	23:00:00	184.072	184.182	184.044	184.044	1601	0	23
2026.01.16	00:00:00	184.030	184.141	183.982	184.100	813	0	80
2026.01.16	01:00:00	184.129	184.189	184.065	184.100	1668	0	22
2026.01.16	02:00:00	184.101	184.159	183.995	184.098	3039	0	22
2026.01.16	03:00:00	184.096	184.123	183.897	184.081	3296	0	22
2026.01.16	04:00:00	184.083	184.114	183.449	183.768	4522	0	22
2026.01.16	05:00:00	183.769	183.791	183.577	183.595	3187	0	22
2026.01.16	06:00:00	183.594	183.797	183.573	183.771	2398	0	22
2026.01.16	07:00:00	183.774	183.825	183.694	183.808	2425	0	22
2026.01.16	08:00:00	183.807	183.911	183.743	183.860	2796	0	15
2026.01.16	09:00:00	183.861	183.932	183.588	183.674	4437	0	10
2026.01.16	10:00:00	183.673	183.736	183.487	183.673	4281	0	10
2026.01.16	11:00:00	183.671	183.689	183.546	183.643	3376	0	10
2026.01.16	12:00:00	183.645	183.689	183.549	183.621	3317	0	10
2026.01.16	13:00:00	183.622	183.728	183.596	183.695	3327	0	10
2026.01.16	14:00:00	183.695	183.810	183.695	183.763	3850	0	9
2026.01.16	15:00:00	183.763	183.763	183.497	183.601	4338	0	9
2026.01.16	16:00:00	183.601	183.667	183.403	183.452	4043	0	9
2026.01.16	17:00:00	183.452	183.585	183.197	183.253	6495	0	9
2026.01.16	18:00:00	183.255	183.423	183.243	183.283	5150	0	9
2026.01.16	19:00:00	183.277	183.424	183.277	183.374	3250	0	20
2026.01.16	20:00:00	183.374	183.445	183.318	183.418	2869	0	20
2026.01.16	21:00:00	183.416	183.438	183.327	183.349	2144	0	19
2026.01.16	22:00:00	183.348	183.380	183.300	183.360	2362	0	20
2026.01.16	23:00:00	183.340	183.415	183.308	183.316	1615	0	18
2026.01.19	00:00:00	182.856	182.927	182.793	182.868	2136	0	70
2026.01.19	01:00:00	182.896	183.207	182.758	183.127	5351	0	22
2026.01.19	02:00:00	183.133	183.357	183.059	183.171	5562	0	22
2026.01.19	03:00:00	183.170	183.345	182.996	183.264	4795	0	22
2026.01.19	04:00:00	183.268	183.484	183.254	183.397	3680	0	22
2026.01.19	05:00:00	183.399	183.558	183.367	183.513	3407	0	22
2026.01.19	06:00:00	183.513	183.642	183.482	183.585	2935	0	22
2026.01.19	07:00:00	183.583	183.716	183.525	183.584	3042	0	18
2026.01.19	08:00:00	183.583	183.673	183.492	183.495	3428	0	15
2026.01.19	09:00:00	183.494	183.838	183.488	183.772	4583	0	10
2026.01.19	10:00:00	183.776	183.815	183.622	183.709	4254	0	10
2026.01.19	11:00:00	183.709	183.795	183.487	183.569	4834	0	10
2026.01.19	12:00:00	183.568	183.678	183.475	183.526	3648	0	10
2026.01.19	13:00:00	183.527	183.813	183.513	183.764	3152	0	10
2026.01.19	14:00:00	183.764	183.774	183.637	183.716	3258	0	9
2026.01.19	15:00:00	183.716	183.748	183.668	183.696	3543	0	9
2026.01.19	16:00:00	183.699	183.826	183.632	183.787	3464	0	9
2026.01.19	17:00:00	183.790	184.007	183.747	183.973	4141	0	9
2026.01.19	18:00:00	183.970	184.139	183.941	184.037	3022	0	9
2026.01.19	19:00:00	184.031	184.057	183.980	184.030	2179	0	20
2026.01.19	20:00:00	184.029	184.083	184.026	184.049	1438	0	18
2026.01.19	21:00:00	184.051	184.133	184.038	184.056	1254	0	18
2026.01.19	22:00:00	184.057	184.133	184.048	184.127	1158	0	1
2026.01.19	23:00:00	184.107	184.138	184.071	184.136	861	0	18
2026.01.20	00:00:00	183.958	184.121	183.908	184.082	468	0	80
2026.01.20	01:00:00	184.111	184.192	184.073	184.094	1682	0	22
2026.01.20	02:00:00	184.094	184.178	183.800	183.841	4067	0	22
2026.01.20	03:00:00	183.845	184.141	183.758	183.896	4624	0	22
2026.01.20	04:00:00	183.896	184.067	183.857	184.002	3182	0	22
2026.01.20	05:00:00	184.004	184.169	183.937	184.125	3155	0	22
2026.01.20	06:00:00	184.126	184.353	184.090	184.351	3456	0	22
2026.01.20	07:00:00	184.352	184.432	184.303	184.398	3235	0	22
2026.01.20	08:00:00	184.395	184.896	184.380	184.846	4332	0	15
2026.01.20	09:00:00	184.852	185.210	184.827	185.107	5751	0	10
2026.01.20	10:00:00	185.105	185.135	184.800	184.905	7054	0	10
2026.01.20	11:00:00	184.906	184.999	184.685	184.961	6497	0	10
2026.01.20	12:00:00	184.957	185.154	184.935	185.131	5310	0	10
2026.01.20	13:00:00	185.130	185.186	185.068	185.107	4800	0	10
2026.01.20	14:00:00	185.107	185.253	185.066	185.111	5192	0	9
2026.01.20	15:00:00	185.115	185.396	185.047	185.190	6904	0	9
2026.01.20	16:00:00	185.190	185.270	184.951	185.210	7570	0	9
2026.01.20	17:00:00	185.215	185.345	185.186	185.190	6500	0	9
2026.01.20	18:00:00	185.191	185.434	185.191	185.341	5033	0	9
2026.01.20	19:00:00	185.335	185.407	185.243	185.290	4055	0	20
2026.01.20	20:00:00	185.291	185.407	185.280	185.339	3383	0	20
2026.01.20	21:00:00	185.341	185.412	185.321	185.388	3863	0	20
2026.01.20	22:00:00	185.373	185.437	185.337	185.395	3678	0	20
2026.01.20	23:00:00	185.375	185.444	185.354	185.433	1778	0	29
2026.01.21	00:00:00	185.274	185.416	185.266	185.375	1003	0	66
2026.01.21	01:00:00	185.404	185.507	185.326	185.454	2239	0	22
2026.01.21	02:00:00	185.474	185.536	185.318	185.368	4146	0	22
2026.01.21	03:00:00	185.360	185.436	185.203	185.269	4598	0	22
2026.01.21	04:00:00	185.268	185.389	185.160	185.176	3593	0	22
2026.01.21	05:00:00	185.176	185.260	185.140	185.259	3519	0	22
2026.01.21	06:00:00	185.260	185.304	185.075	185.188	2969	0	22
2026.01.21	07:00:00	185.186	185.410	185.168	185.359	3293	0	22
2026.01.21	08:00:00	185.360	185.440	185.299	185.390	3461	0	15
2026.01.21	09:00:00	185.386	185.407	184.987	185.046	4673	0	10
2026.01.21	10:00:00	185.044	185.082	184.813	184.876	4598	0	10
2026.01.21	11:00:00	184.875	184.979	184.834	184.910	4229	0	10
2026.01.21	12:00:00	184.909	185.067	184.902	184.987	3989	0	10
2026.01.21	13:00:00	185.000	185.092	184.947	184.988	4120	0	10
2026.01.21	14:00:00	184.986	185.187	184.900	185.158	4615	0	9
2026.01.21	15:00:00	185.158	185.386	185.111	185.357	5142	0	9
2026.01.21	16:00:00	185.354	185.441	185.141	185.376	7298	0	9
2026.01.21	17:00:00	185.372	185.399	185.106	185.148	6483	0	9
2026.01.21	18:00:00	185.148	185.232	185.008	185.098	5851	0	9
2026.01.21	19:00:00	185.092	185.160	185.002	185.071	5072	0	20
2026.01.21	20:00:00	185.057	185.099	185.017	185.049	3828	0	20
2026.01.21	21:00:00	185.050	185.189	184.996	185.170	5394	0	20
2026.01.21	22:00:00	185.173	185.202	185.026	185.088	4283	0	20
2026.01.21	23:00:00	185.068	185.089	184.908	184.908	2123	0	21
2026.01.22	00:00:00	184.854	185.001	184.836	184.976	1130	0	66
2026.01.22	01:00:00	185.006	185.027	184.826	184.967	2485	0	22
2026.01.22	02:00:00	184.968	185.053	184.792	184.926	4251	0	22
2026.01.22	03:00:00	184.926	185.118	184.876	185.092	4031	0	22
2026.01.22	04:00:00	185.093	185.199	185.048	185.163	3342	0	22
2026.01.22	05:00:00	185.162	185.365	185.122	185.322	3187	0	22
2026.01.22	06:00:00	185.323	185.558	185.318	185.467	2898	0	22
2026.01.22	07:00:00	185.466	185.558	185.392	185.508	3279	0	22
2026.01.22	08:00:00	185.496	185.674	185.496	185.592	3866	0	15
2026.01.22	09:00:00	185.588	185.755	185.587	185.625	4566	0	10
2026.01.22	10:00:00	185.623	185.697	185.522	185.574	4669	0	10
2026.01.22	11:00:00	185.576	185.604	185.455	185.546	4248	0	10
2026.01.22	12:00:00	185.544	185.591	185.478	185.530	3623	0	10
2026.01.22	13:00:00	185.515	185.649	185.466	185.581	4568	0	10
2026.01.22	14:00:00	185.580	185.893	185.530	185.882	4380	0	9
2026.01.22	15:00:00	185.886	185.983	185.811	185.888	5488	0	9
2026.01.22	16:00:00	185.904	186.015	185.789	185.876	5248	0	9
2026.01.22	17:00:00	185.881	185.940	185.700	185.850	5844	0	9
2026.01.22	18:00:00	185.851	185.999	185.824	185.889	5056	0	9
2026.01.22	19:00:00	185.872	185.964	185.754	185.942	4416	0	16
2026.01.22	20:00:00	185.942	185.986	185.900	185.960	3114	0	20
2026.01.22	21:00:00	185.958	186.103	185.931	186.021	3263	0	20
2026.01.22	22:00:00	186.021	186.149	185.990	186.133	2768	0	20
2026.01.22	23:00:00	186.112	186.232	186.073	186.215	2194	0	28
2026.01.23	00:00:00	185.995	186.188	185.993	186.169	1010	0	80
2026.01.23	01:00:00	186.209	186.329	186.166	186.267	2616	0	22
2026.01.23	02:00:00	186.267	186.321	186.164	186.233	3494	0	2
2026.01.23	03:00:00	186.233	186.420	186.208	186.379	3478	0	22
2026.01.23	04:00:00	186.380	186.405	186.165	186.273	2880	0	22
2026.01.23	05:00:00	186.270	186.455	186.190	186.289	3274	0	22
2026.01.23	06:00:00	186.274	186.362	186.231	186.288	2622	0	22
2026.01.23	07:00:00	186.293	186.408	186.235	186.383	2796	0	22
2026.01.23	08:00:00	186.382	186.639	186.253	186.548	4438	0	15
2026.01.23	09:00:00	186.549	186.877	184.781	185.888	7698	0	10
2026.01.23	10:00:00	185.898	186.001	185.560	185.655	6535	0	10
2026.01.23	11:00:00	185.658	185.668	185.370	185.426	5777	0	10
2026.01.23	12:00:00	185.421	185.660	185.392	185.620	4109	0	10
2026.01.23	13:00:00	185.639	185.820	185.575	185.599	4200	0	10
2026.01.23	14:00:00	185.601	185.815	185.564	185.718	3392	0	9
2026.01.23	15:00:00	185.719	185.793	185.642	185.715	3956	0	9
2026.01.23	16:00:00	185.716	185.945	185.706	185.892	4809	0	9
2026.01.23	17:00:00	185.869	185.991	185.806	185.916	4969	0	9
2026.01.23	18:00:00	185.916	185.945	185.288	185.457	6160	0	9
2026.01.23	19:00:00	185.451	185.511	184.183	184.418	7956	0	20
2026.01.23	20:00:00	184.419	184.533	183.944	184.138	6129	0	20
2026.01.23	21:00:00	184.138	184.275	183.784	184.135	5219	0	20
2026.01.23	22:00:00	184.136	184.235	184.060	184.180	4749	0	20
2026.01.23	23:00:00	184.160	184.266	184.051	184.128	2635	0	60
2026.01.26	00:00:00	183.500	184.016	183.120	183.738	3127	0	80
2026.01.26	01:00:00	183.760	184.092	183.616	183.993	5862	0	22
2026.01.26	02:00:00	183.994	184.074	183.464	183.644	6482	0	22
2026.01.26	03:00:00	183.647	183.699	183.055	183.098	6366	0	22
2026.01.26	04:00:00	183.112	183.168	182.709	182.749	6091	0	22
2026.01.26	05:00:00	182.748	183.047	182.679	182.928	4495	0	22
2026.01.26	06:00:00	182.921	182.938	182.538	182.653	4902	0	22
2026.01.26	07:00:00	182.654	182.848	182.584	182.848	4421	0	22
2026.01.26	08:00:00	182.848	183.006	182.695	182.801	5181	0	15
2026.01.26	09:00:00	182.805	182.907	182.319	182.601	6192	0	10
2026.01.26	10:00:00	182.605	182.782	181.919	182.452	7181	0	10
2026.01.26	11:00:00	182.451	182.658	182.097	182.314	6882	0	10
2026.01.26	12:00:00	182.315	182.496	182.026	182.122	5582	0	10
2026.01.26	13:00:00	182.121	182.315	181.777	182.272	5498	0	10
2026.01.26	14:00:00	182.267	182.612	182.254	182.529	5219	0	9
2026.01.26	15:00:00	182.532	182.754	182.481	182.642	5402	0	9
2026.01.26	16:00:00	182.640	182.721	182.501	182.635	5865	0	9
2026.01.26	17:00:00	182.636	182.956	182.490	182.946	5947	0	9
2026.01.26	18:00:00	182.960	183.106	182.843	182.908	5843	0	9
2026.01.26	19:00:00	182.891	183.060	182.864	182.894	4469	0	20
2026.01.26	20:00:00	182.904	183.175	182.888	183.129	4451	0	20
2026.01.26	21:00:00	183.124	183.164	182.959	182.991	5095	0	20
2026.01.26	22:00:00	182.987	183.106	182.822	183.058	4308	0	20
2026.01.26	23:00:00	183.057	183.208	183.049	183.185	2599	0	18
2026.01.27	00:00:00	182.963	183.171	182.902	183.152	1035	0	22
2026.01.27	01:00:00	183.140	183.333	183.084	183.310	2569	0	22
2026.01.27	02:00:00	183.310	183.375	183.072	183.235	4682	0	22
2026.01.27	03:00:00	183.232	183.349	183.193	183.328	4681	0	22
2026.01.27	04:00:00	183.341	183.455	183.270	183.451	4153	0	22
2026.01.27	05:00:00	183.456	183.589	183.328	183.425	3608	0	22
2026.01.27	06:00:00	183.427	183.580	183.387	183.551	3851	0	22
2026.01.27	07:00:00	183.552	183.603	183.387	183.498	3700	0	22
2026.01.27	08:00:00	183.497	183.596	183.369	183.446	4115	0	15
2026.01.27	09:00:00	183.441	183.693	183.391	183.560	5013	0	10
2026.01.27	10:00:00	183.565	183.603	183.401	183.479	5484	0	10
2026.01.27	11:00:00	183.476	183.554	182.087	182.790	6042	0	10
2026.01.27	12:00:00	182.787	183.130	182.521	182.790	6710	0	10
2026.01.27	13:00:00	182.783	182.906	182.575	182.871	4953	0	10
2026.01.27	14:00:00	182.872	182.973	182.730	182.864	6744	0	9
2026.01.27	15:00:00	182.849	182.959	182.545	182.714	7332	0	9
2026.01.27	16:00:00	182.715	183.136	182.663	182.973	7268	0	9
2026.01.27	17:00:00	182.995	183.292	182.907	183.124	7624	0	9
2026.01.27	18:00:00	183.127	183.436	183.117	183.306	6146	0	9
2026.01.27	19:00:00	183.305	183.387	182.733	183.000	5832	0	20
2026.01.27	20:00:00	183.017	183.052	182.861	182.979	4940	0	20
2026.01.27	21:00:00	182.978	183.038	182.874	182.901	3936	0	20
2026.01.27	22:00:00	182.897	183.769	182.822	183.301	6624	0	20
2026.01.27	23:00:00	183.281	183.416	183.171	183.215	5125	0	37
2026.01.28	00:00:00	183.190	183.469	183.064	183.418	1830	0	22
2026.01.28	01:00:00	183.421	183.467	183.180	183.323	3849	0	22
2026.01.28	02:00:00	183.336	183.458	183.152	183.385	5736	0	22
2026.01.28	03:00:00	183.388	183.563	183.312	183.462	5576	0	22
2026.01.28	04:00:00	183.482	183.530	183.324	183.344	4378	0	22
2026.01.28	05:00:00	183.343	183.390	183.142	183.203	3983	0	22
2026.01.28	06:00:00	183.204	183.288	183.027	183.073	3337	0	22
2026.01.28	07:00:00	183.074	183.165	182.747	183.122	4875	0	22
2026.01.28	08:00:00	183.122	183.238	183.066	183.104	4872	0	15
2026.01.28	09:00:00	183.104	183.195	182.949	183.031	5840	0	10
2026.01.28	10:00:00	183.028	183.119	182.798	182.862	6617	0	10
2026.01.28	11:00:00	182.863	183.069	182.836	183.060	5474	0	10
2026.01.28	12:00:00	183.046	183.066	182.734	182.923	5315	0	10
2026.01.28	13:00:00	182.911	182.946	182.616	182.642	4946	0	9
2026.01.28	14:00:00	182.642	182.782	182.568	182.782	5410	0	9
2026.01.28	15:00:00	182.777	182.831	182.592	182.763	5641	0	9
2026.01.28	16:00:00	182.768	182.921	182.688	182.825	6410	0	9
2026.01.28	17:00:00	182.825	183.527	182.732	183.279	9583	0	9
2026.01.28	18:00:00	183.278	183.578	183.267	183.401	6670	0	9
2026.01.28	19:00:00	183.399	183.486	183.246	183.329	4691	0	20
2026.01.28	20:00:00	183.327	183.530	183.288	183.391	4913	0	20
2026.01.28	21:00:00	183.371	183.520	183.133	183.274	7733	0	20
2026.01.28	22:00:00	183.269	183.293	183.142	183.220	6063	0	20
2026.01.28	23:00:00	183.202	183.398	183.141	183.355	3187	0	23
2026.01.29	00:00:00	183.289	183.422	183.256	183.404	987	0	80
2026.01.29	01:00:00	183.404	183.477	183.193	183.404	4384	0	22
2026.01.29	02:00:00	183.403	183.448	183.071	183.293	6040	0	22
2026.01.29	03:00:00	183.292	183.432	183.169	183.318	6007	0	22
2026.01.29	04:00:00	183.325	183.400	183.147	183.310	5086	0	22
2026.01.29	05:00:00	183.309	183.402	183.232	183.303	4657	0	22
2026.01.29	06:00:00	183.301	183.521	183.276	183.402	4209	0	22
2026.01.29	07:00:00	183.399	183.464	183.317	183.321	4092	0	22
2026.01.29	08:00:00	183.319	183.494	183.262	183.434	4909	0	15
2026.01.29	09:00:00	183.428	183.729	183.400	183.578	5698	0	10
2026.01.29	10:00:00	183.576	183.639	183.392	183.507	6197	0	10
2026.01.29	11:00:00	183.505	183.562	183.218	183.291	5467	0	10
2026.01.29	12:00:00	183.290	183.362	183.148	183.226	5418	0	10
2026.01.29	13:00:00	183.237	183.446	183.189	183.346	4970	0	10
2026.01.29	14:00:00	183.345	183.349	183.201	183.283	4740	0	9
2026.01.29	15:00:00	183.282	183.467	183.154	183.329	6297	0	9
2026.01.29	16:00:00	183.334	183.399	183.108	183.221	6998	0	9
2026.01.29	17:00:00	183.225	183.297	182.076	182.283	10143	0	9
2026.01.29	18:00:00	182.284	182.725	182.283	182.594	7990	0	9
2026.01.29	19:00:00	182.588	182.907	182.574	182.794	6533	0	20
2026.01.29	20:00:00	182.790	183.122	182.774	182.976	5400	0	20
2026.01.29	21:00:00	182.975	183.075	182.928	182.933	4802	0	20
2026.01.29	22:00:00	182.951	183.198	182.947	183.165	4206	0	20
2026.01.29	23:00:00	183.168	183.295	183.152	183.266	3205	0	29
2026.01.30	00:00:00	183.040	183.265	182.903	183.148	1008	0	22
2026.01.30	01:00:00	183.129	183.338	183.021	183.270	2761	0	22
2026.01.30	02:00:00	183.271	183.378	183.053	183.154	6031	0	22
2026.01.30	03:00:00	183.140	183.406	183.136	183.215	6955	0	22
2026.01.30	04:00:00	183.215	183.441	183.031	183.316	7326	0	22
2026.01.30	05:00:00	183.317	183.519	183.266	183.498	4946	0	22
2026.01.30	06:00:00	183.512	183.696	183.461	183.529	3940	0	22
2026.01.30	07:00:00	183.527	183.712	183.488	183.529	4920	0	22
2026.01.30	08:00:00	183.542	183.603	183.343	183.427	5713	0	15
2026.01.30	09:00:00	183.423	183.643	183.350	183.625	6508	0	10
2026.01.30	10:00:00	183.632	183.730	183.354	183.699	6687	0	10
2026.01.30	11:00:00	183.687	183.821	183.432	183.712	7318	0	10
2026.01.30	12:00:00	183.701	183.893	183.590	183.770	5902	0	10
2026.01.30	13:00:00	183.769	183.960	183.713	183.851	5956	0	10
2026.01.30	14:00:00	183.835	183.918	183.557	183.604	6301	0	9
2026.01.30	15:00:00	183.599	183.882	183.548	183.881	7150	0	9
2026.01.30	16:00:00	183.880	184.075	183.747	183.905	7026	0	9
2026.01.30	17:00:00	183.900	184.033	183.452	183.452	8417	0	9
2026.01.30	18:00:00	183.457	183.532	183.235	183.447	7433	0	9
2026.01.30	19:00:00	183.434	183.561	183.316	183.347	7061	0	20
2026.01.30	20:00:00	183.353	183.477	183.258	183.399	7734	0	20
2026.01.30	21:00:00	183.398	183.534	183.386	183.408	6497	0	19
2026.01.30	22:00:00	183.403	183.512	183.320	183.421	6078	0	20
2026.01.30	23:00:00	183.420	183.466	183.346	183.361	3594	0	20
2026.02.02	00:00:00	183.430	184.142	183.430	184.025	1505	0	80
2026.02.02	01:00:00	184.060	184.160	183.803	183.866	5896	0	22
2026.02.02	02:00:00	183.849	184.218	183.687	184.189	6719	0	22
2026.02.02	03:00:00	184.191	184.277	183.999	184.020	6635	0	22
2026.02.02	04:00:00	184.023	184.066	183.814	184.040	6133	0	22
2026.02.02	05:00:00	184.029	184.091	183.845	183.864	5052	0	22
2026.02.02	06:00:00	183.862	183.865	183.617	183.685	5477	0	22
2026.02.02	07:00:00	183.692	183.767	183.433	183.542	5576	0	22
2026.02.02	08:00:00	183.544	183.625	183.184	183.248	6885	0	15
2026.02.02	09:00:00	183.244	183.664	183.198	183.622	6224	0	10
2026.02.02	10:00:00	183.621	183.918	183.513	183.662	6378	0	10
2026.02.02	11:00:00	183.656	183.683	183.494	183.587	6063	0	10
2026.02.02	12:00:00	183.586	183.789	183.546	183.608	5494	0	10
2026.02.02	13:00:00	183.610	183.733	183.596	183.600	4783	0	10
2026.02.02	14:00:00	183.599	183.702	183.541	183.595	5267	0	9
2026.02.02	15:00:00	183.593	183.628	183.460	183.494	6459	0	9
2026.02.02	16:00:00	183.494	183.719	183.364	183.603	6996	0	9
2026.02.02	17:00:00	183.621	183.756	183.530	183.570	8046	0	9
2026.02.02	18:00:00	183.573	183.652	183.497	183.597	6434	0	9
2026.02.02	19:00:00	183.591	183.655	183.430	183.486	5377	0	20
2026.02.02	20:00:00	183.485	183.545	183.328	183.368	5145	0	20
2026.02.02	21:00:00	183.370	183.509	183.354	183.451	4508	0	20
2026.02.02	22:00:00	183.451	183.489	183.349	183.434	3938	0	20
2026.02.02	23:00:00	183.417	183.481	183.372	183.440	2715	0	28
2026.02.03	00:00:00	183.323	183.483	183.320	183.386	1754	0	22
2026.02.03	01:00:00	183.396	183.501	183.346	183.438	3075	0	22
2026.02.03	02:00:00	183.438	183.667	183.426	183.545	4788	0	22
2026.02.03	03:00:00	183.547	183.731	183.499	183.673	5053	0	22
2026.02.03	04:00:00	183.672	183.672	183.455	183.540	4421	0	22
2026.02.03	05:00:00	183.541	183.628	183.468	183.587	4333	0	22
2026.02.03	06:00:00	183.586	183.679	183.457	183.531	3961	0	22
2026.02.03	07:00:00	183.533	183.593	183.477	183.544	3658	0	22
2026.02.03	08:00:00	183.529	183.694	183.470	183.597	4315	0	15
2026.02.03	09:00:00	183.588	183.769	183.558	183.619	5479	0	10
2026.02.03	10:00:00	183.623	183.806	183.560	183.725	5902	0	10
2026.02.03	11:00:00	183.726	183.891	183.649	183.800	5635	0	10
2026.02.03	12:00:00	183.799	183.865	183.727	183.794	4508	0	10
2026.02.03	13:00:00	183.777	183.898	183.762	183.829	4568	0	9
2026.02.03	14:00:00	183.830	183.959	183.786	183.872	4505	0	9
2026.02.03	15:00:00	183.868	183.949	183.810	183.875	5257	0	9
2026.02.03	16:00:00	183.891	183.954	183.768	183.772	6126	0	9
2026.02.03	17:00:00	183.771	184.007	183.724	183.933	6638	0	9
2026.02.03	18:00:00	183.948	184.079	183.917	184.003	5647	0	9
2026.02.03	19:00:00	184.004	184.069	183.868	183.988	5535	0	20
2026.02.03	20:00:00	183.987	184.060	183.786	183.803	4731	0	20
2026.02.03	21:00:00	183.798	184.057	183.776	184.012	4495	0	20
2026.02.03	22:00:00	184.017	184.107	183.974	184.052	4124	0	20
2026.02.03	23:00:00	184.053	184.174	184.009	184.009	2421	0	29
2026.02.04	00:00:00	183.878	184.095	183.843	184.087	1526	0	22
2026.02.04	01:00:00	184.088	184.147	183.992	184.090	2366	0	22
2026.02.04	02:00:00	184.099	184.347	184.018	184.336	4287	0	22
2026.02.04	03:00:00	184.338	184.740	184.313	184.638	4979	0	22
2026.02.04	04:00:00	184.635	184.762	184.624	184.722	4150	0	22
2026.02.04	05:00:00	184.737	184.910	184.716	184.876	3780	0	22
2026.02.04	06:00:00	184.877	184.965	184.816	184.960	2997	0	22
2026.02.04	07:00:00	184.962	185.052	184.878	184.937	3354	0	22
2026.02.04	08:00:00	184.937	185.034	184.868	184.964	3884	0	15
2026.02.04	09:00:00	184.964	185.126	184.940	185.057	4562	0	10
2026.02.04	10:00:00	185.058	185.161	184.975	185.069	4947	0	10
2026.02.04	11:00:00	185.069	185.131	184.978	185.043	5030	0	10
2026.02.04	12:00:00	185.044	185.172	185.017	185.164	4532	0	10
2026.02.04	13:00:00	185.161	185.213	185.123	185.211	4317	0	9
2026.02.04	14:00:00	185.208	185.248	185.112	185.155	4189	0	9
2026.02.04	15:00:00	185.154	185.244	184.976	184.976	6173	0	9
2026.02.04	16:00:00	184.970	184.999	184.738	184.837	6903	0	9
2026.02.04	17:00:00	184.831	185.020	184.748	184.786	7377	0	9
2026.02.04	18:00:00	184.784	184.906	184.698	184.832	6444	0	9
2026.02.04	19:00:00	184.833	184.938	184.666	184.828	6128	0	20
2026.02.04	20:00:00	184.832	185.017	184.787	185.014	4815	0	20
2026.02.04	21:00:00	184.999	185.209	184.905	185.190	4670	0	20
2026.02.04	22:00:00	185.178	185.258	185.156	185.202	3748	0	20
2026.02.04	23:00:00	185.197	185.259	185.162	185.168	2488	0	35
2026.02.05	00:00:00	184.922	185.174	184.784	185.142	1301	0	22
2026.02.05	01:00:00	185.138	185.232	185.099	185.150	2575	0	22
2026.02.05	02:00:00	185.152	185.236	184.954	185.064	3613	0	22
2026.02.05	03:00:00	185.065	185.276	185.061	185.160	4092	0	22
2026.02.05	04:00:00	185.144	185.210	184.878	184.880	5507	0	22
2026.02.05	05:00:00	184.879	184.938	184.681	184.835	4799	0	22
2026.02.05	06:00:00	184.836	184.933	184.831	184.831	3170	0	22
2026.02.05	07:00:00	184.831	185.080	184.831	185.066	3255	0	22
2026.02.05	08:00:00	185.065	185.158	184.879	185.117	4312	0	15
2026.02.05	09:00:00	185.119	185.497	185.105	185.391	5017	0	10
2026.02.05	10:00:00	185.390	185.509	185.261	185.291	5720	0	10
2026.02.05	11:00:00	185.290	185.440	185.250	185.329	5344	0	10
2026.02.05	12:00:00	185.330	185.417	185.298	185.343	4017	0	10
2026.02.05	13:00:00	185.345	185.398	185.281	185.298	4400	0	9
2026.02.05	14:00:00	185.320	185.435	185.047	185.178	6971	0	9
2026.02.05	15:00:00	185.174	185.196	184.873	184.965	7313	0	9
2026.02.05	16:00:00	184.963	185.273	184.904	185.081	7668	0	9
2026.02.05	17:00:00	185.062	185.194	184.560	184.929	8006	0	9
2026.02.05	18:00:00	184.931	185.188	184.810	185.170	6346	0	9
2026.02.05	19:00:00	185.186	185.198	185.024	185.024	4447	0	16
2026.02.05	20:00:00	185.030	185.117	184.952	184.974	3581	0	19
2026.02.05	21:00:00	184.973	185.067	184.947	185.026	3333	0	14
2026.02.05	22:00:00	185.023	185.078	184.965	184.989	3543	0	20
2026.02.05	23:00:00	184.988	185.056	184.890	184.941	2737	0	37
2026.02.06	00:00:00	184.648	185.021	184.619	185.006	1100	0	22
2026.02.06	01:00:00	185.003	185.009	184.577	184.648	3237	0	22
2026.02.06	02:00:00	184.649	184.676	184.344	184.570	5979	0	22
2026.02.06	03:00:00	184.581	184.704	184.374	184.623	5473	0	22
2026.02.06	04:00:00	184.618	184.879	184.601	184.735	4378	0	22
2026.02.06	05:00:00	184.749	184.786	184.668	184.741	3535	0	22
2026.02.06	06:00:00	184.741	184.807	184.669	184.755	3398	0	22
2026.02.06	07:00:00	184.754	184.953	184.715	184.928	3565	0	22
2026.02.06	08:00:00	184.929	185.135	184.922	184.959	4317	0	15
2026.02.06	09:00:00	184.959	184.984	184.749	184.977	4211	0	10
2026.02.06	10:00:00	184.978	185.131	184.820	185.130	5023	0	10
2026.02.06	11:00:00	185.131	185.282	185.111	185.211	4366	0	10
2026.02.06	12:00:00	185.210	185.287	185.026	185.103	3585	0	10
2026.02.06	13:00:00	185.102	185.244	185.074	185.138	4309	0	9
2026.02.06	14:00:00	185.138	185.298	185.084	185.232	3849	0	9
2026.02.06	15:00:00	185.231	185.414	185.221	185.330	4999	0	9
2026.02.06	16:00:00	185.329	185.480	185.291	185.419	5650	0	9
2026.02.06	17:00:00	185.422	185.528	185.350	185.373	6079	0	9
2026.02.06	18:00:00	185.374	185.648	185.363	185.565	4964	0	9
2026.02.06	19:00:00	185.564	185.626	185.525	185.602	3881	0	20
2026.02.06	20:00:00	185.599	185.708	185.578	185.646	3374	0	20
2026.02.06	21:00:00	185.645	185.715	185.611	185.669	2820	0	20
2026.02.06	22:00:00	185.668	185.762	185.649	185.698	2859	0	20
2026.02.06	23:00:00	185.698	185.778	185.659	185.659	2645	0	60
2026.02.09	00:00:00	186.083	186.120	185.245	185.996	2793	0	79
2026.02.09	01:00:00	186.024	186.242	185.714	185.971	4603	0	22
2026.02.09	02:00:00	185.948	186.002	185.386	185.615	6163	0	22
2026.02.09	03:00:00	185.610	185.639	184.853	185.216	6173	0	22
2026.02.09	04:00:00	185.215	185.537	185.210	185.364	4475	0	22
2026.02.09	05:00:00	185.366	185.498	185.330	185.397	3562	0	22
2026.02.09	06:00:00	185.399	185.449	185.236	185.319	3400	0	22
2026.02.09	07:00:00	185.318	185.412	185.227	185.316	3490	0	22
2026.02.09	08:00:00	185.313	185.540	185.176	185.520	5826	0	15
2026.02.09	09:00:00	185.517	185.689	185.314	185.660	5847	0	10
2026.02.09	10:00:00	185.663	185.921	185.639	185.786	5629	0	10
2026.02.09	11:00:00	185.784	185.874	185.636	185.824	5128	0	10
2026.02.09	12:00:00	185.826	185.943	185.748	185.827	5530	0	10
2026.02.09	13:00:00	185.826	185.880	185.659	185.727	5450	0	10
2026.02.09	14:00:00	185.725	185.938	185.632	185.814	5041	0	9
2026.02.09	15:00:00	185.815	185.846	185.602	185.615	6877	0	9
2026.02.09	16:00:00	185.612	185.634	185.316	185.460	7074	0	9
2026.02.09	17:00:00	185.458	185.685	185.451	185.646	6244	0	9
2026.02.09	18:00:00	185.646	185.773	185.596	185.719	4673	0	9
2026.02.09	19:00:00	185.713	185.840	185.656	185.726	4111	0	20
2026.02.09	20:00:00	185.726	185.854	185.720	185.787	3875	0	20
2026.02.09	21:00:00	185.773	185.805	185.543	185.604	3512	0	20
2026.02.09	22:00:00	185.605	185.749	185.603	185.730	2835	0	20
2026.02.09	23:00:00	185.709	185.755	185.651	185.741	1962	0	29
2026.02.10	00:00:00	185.504	185.878	185.384	185.654	1646	0	80
2026.02.10	01:00:00	185.683	185.891	185.663	185.843	2626	0	22
2026.02.10	02:00:00	185.846	185.997	185.637	185.658	4266	0	22
2026.02.10	03:00:00	185.659	185.695	185.390	185.404	4623	0	22
2026.02.10	04:00:00	185.406	185.561	185.078	185.099	4274	0	22
2026.02.10	05:00:00	185.096	185.126	184.851	185.026	3973	0	22
2026.02.10	06:00:00	185.025	185.031	184.756	184.875	3311	0	22
2026.02.10	07:00:00	184.862	184.946	184.669	184.919	3442	0	22
2026.02.10	08:00:00	184.916	185.059	184.885	184.998	3962	0	15
2026.02.10	09:00:00	184.998	185.268	184.851	185.248	4395	0	10
2026.02.10	10:00:00	185.250	185.332	185.111	185.262	4782	0	10
2026.02.10	11:00:00	185.262	185.267	184.968	185.011	4770	0	10
2026.02.10	12:00:00	185.012	185.038	184.730	184.785	4243	0	10
2026.02.10	13:00:00	184.789	184.861	184.733	184.847	3558	0	10
2026.02.10	14:00:00	184.844	184.868	184.542	184.549	5120	0	9
2026.02.10	15:00:00	184.551	184.595	184.194	184.260	6205	0	9
2026.02.10	16:00:00	184.264	184.312	183.771	183.961	7289	0	9
2026.02.10	17:00:00	183.965	183.970	183.485	183.736	6950	0	9
2026.02.10	18:00:00	183.737	183.779	183.441	183.580	6025	0	9
2026.02.10	19:00:00	183.574	183.694	183.476	183.640	4487	0	20
2026.02.10	20:00:00	183.643	183.796	183.632	183.743	4045	0	20
2026.02.10	21:00:00	183.743	183.782	183.630	183.666	3724	0	20
2026.02.10	22:00:00	183.662	183.686	183.525	183.600	3044	0	20
2026.02.10	23:00:00	183.581	183.688	183.514	183.531	1871	0	27
2026.02.11	00:00:00	183.444	183.630	183.444	183.578	1093	0	80
2026.02.11	01:00:00	183.606	183.693	183.579	183.663	2064	0	22
2026.02.11	02:00:00	183.664	183.679	183.240	183.274	4129	0	22
2026.02.11	03:00:00	183.255	183.286	183.064	183.199	4102	0	22
2026.02.11	04:00:00	183.198	183.221	182.912	182.929	4125	0	22
2026.02.11	05:00:00	182.928	183.035	182.869	182.913	3289	0	22
2026.02.11	06:00:00	182.899	182.927	182.520	182.565	3150	0	22
2026.02.11	07:00:00	182.564	182.638	182.318	182.384	3847	0	22
2026.02.11	08:00:00	182.393	182.486	182.201	182.462	4872	0	15
2026.02.11	09:00:00	182.463	182.668	182.385	182.461	4583	0	10
2026.02.11	10:00:00	182.461	182.674	182.383	182.520	5126	0	10
2026.02.11	11:00:00	182.522	182.743	182.458	182.597	4769	0	10
2026.02.11	12:00:00	182.596	182.812	182.545	182.763	4287	0	10
2026.02.11	13:00:00	182.763	182.863	182.678	182.788	4316	0	10
2026.02.11	14:00:00	182.786	182.884	182.723	182.792	4952	0	9
2026.02.11	15:00:00	182.794	183.012	181.506	182.482	8720	0	9
2026.02.11	16:00:00	182.480	182.638	181.880	181.997	8303	0	9
2026.02.11	17:00:00	182.006	182.220	181.799	182.186	7342	0	9
2026.02.11	18:00:00	182.185	182.227	181.723	181.727	5949	0	9
2026.02.11	19:00:00	181.722	181.818	181.420	181.632	5773	0	20
2026.02.11	20:00:00	181.633	181.735	181.329	181.442	4996	0	20
2026.02.11	21:00:00	181.437	181.693	181.437	181.692	4266	0	20
2026.02.11	22:00:00	181.690	181.933	181.663	181.875	3880	0	20
2026.02.11	23:00:00	181.857	181.970	181.837	181.926	2303	0	20
2026.02.12	00:00:00	181.814	181.884	181.567	181.815	1606	0	80
2026.02.12	01:00:00	181.841	182.028	181.785	181.987	2414	0	22
2026.02.12	02:00:00	181.987	182.131	181.813	181.831	4534	0	22
2026.02.12	03:00:00	181.825	181.875	181.515	181.586	5074	0	22
2026.02.12	04:00:00	181.592	181.649	181.161	181.188	4540	0	22
2026.02.12	05:00:00	181.187	181.187	180.835	181.081	4632	0	22
2026.02.12	06:00:00	181.082	181.316	180.929	181.315	4022	0	22
2026.02.12	07:00:00	181.301	181.679	181.275	181.648	3993	0	22
2026.02.12	08:00:00	181.636	182.015	181.486	181.831	5662	0	15
2026.02.12	09:00:00	181.839	181.893	181.481	181.687	4989	0	10
2026.02.12	10:00:00	181.688	181.769	181.506	181.655	5220	0	10
2026.02.12	11:00:00	181.660	181.832	181.606	181.756	4775	0	10
2026.02.12	12:00:00	181.760	181.863	181.666	181.863	4259	0	10
2026.02.12	13:00:00	181.850	182.225	181.807	182.192	3883	0	9
2026.02.12	14:00:00	182.196	182.521	182.149	182.450	5069	0	9
2026.02.12	15:00:00	182.468	182.531	182.086	182.159	5647	0	9
2026.02.12	16:00:00	182.160	182.224	181.788	181.850	6270	0	9
2026.02.12	17:00:00	181.850	181.850	181.395	181.439	6610	0	9
2026.02.12	18:00:00	181.440	181.494	180.797	181.205	8784	0	9
2026.02.12	19:00:00	181.200	181.394	181.079	181.349	6503	0	20
2026.02.12	20:00:00	181.348	181.468	181.197	181.428	5518	0	20
2026.02.12	21:00:00	181.430	181.527	181.355	181.479	4308	0	20
2026.02.12	22:00:00	181.493	181.503	181.200	181.200	3850	0	20
2026.02.12	23:00:00	181.202	181.343	181.202	181.291	2058	0	20
2026.02.13	00:00:00	181.124	181.363	181.096	181.321	1277	0	22
2026.02.13	01:00:00	181.330	181.424	181.211	181.330	2593	0	22
2026.02.13	02:00:00	181.330	181.535	181.283	181.353	4877	0	22
2026.02.13	03:00:00	181.362	181.937	181.354	181.863	4780	0	22
2026.02.13	04:00:00	181.880	181.916	181.653	181.787	3335	0	22
2026.02.13	05:00:00	181.788	181.788	181.410	181.506	3109	0	22
2026.02.13	06:00:00	181.504	181.792	181.369	181.787	3234	0	22
2026.02.13	07:00:00	181.787	181.925	181.570	181.810	3916	0	22
2026.02.13	08:00:00	181.811	181.909	181.591	181.864	4566	0	15
2026.02.13	09:00:00	181.864	182.009	181.783	181.904	4661	0	10
2026.02.13	10:00:00	181.899	182.223	181.872	182.184	4934	0	10
2026.02.13	11:00:00	182.185	182.281	182.057	182.074	4425	0	10
2026.02.13	12:00:00	182.073	182.151	181.925	181.943	3886	0	10
2026.02.13	13:00:00	181.938	181.967	181.687	181.849	4504	0	9
2026.02.13	14:00:00	181.849	181.899	181.760	181.782	4488	0	9
2026.02.13	15:00:00	181.781	181.877	181.643	181.740	6866	0	9
2026.02.13	16:00:00	181.739	181.784	181.223	181.497	7430	0	9
2026.02.13	17:00:00	181.497	181.771	181.321	181.439	7260	0	9
2026.02.13	18:00:00	181.442	181.595	181.305	181.317	5584	0	9
2026.02.13	19:00:00	181.317	181.520	181.289	181.442	4627	0	20
2026.02.13	20:00:00	181.444	181.573	181.405	181.468	3560	0	20
2026.02.13	21:00:00	181.469	181.480	181.262	181.296	3595	0	20
2026.02.13	22:00:00	181.298	181.406	181.207	181.392	3620	0	20
2026.02.13	23:00:00	181.368	181.373	181.104	181.104	1927	0	60
2026.02.16	00:00:00	181.186	181.266	181.038	181.222	1064	0	80
2026.02.16	01:00:00	181.247	181.362	181.162	181.324	2552	0	22
2026.02.16	02:00:00	181.321	181.608	181.280	181.583	3772	0	22
2026.02.16	03:00:00	181.582	181.649	181.469	181.548	3412	0	22
2026.02.16	04:00:00	181.546	181.643	181.516	181.550	2955	0	22
2026.02.16	05:00:00	181.550	181.669	181.530	181.648	2353	0	22
2026.02.16	06:00:00	181.648	181.778	181.550	181.757	2411	0	22
2026.02.16	07:00:00	181.758	181.783	181.686	181.750	2133	0	22
2026.02.16	08:00:00	181.755	181.787	181.686	181.702	2495	0	15
2026.02.16	09:00:00	181.699	181.940	181.690	181.898	3323	0	10
2026.02.16	10:00:00	181.899	182.077	181.850	181.947	4613	0	10
2026.02.16	11:00:00	181.947	182.253	181.901	182.207	3501	0	10
2026.02.16	12:00:00	182.206	182.299	182.149	182.196	3276	0	10
2026.02.16	13:00:00	182.194	182.221	181.907	181.907	2663	0	10
2026.02.16	14:00:00	181.908	181.939	181.736	181.800	2670	0	9
2026.02.16	15:00:00	181.798	181.859	181.689	181.777	3258	0	9
2026.02.16	16:00:00	181.776	181.839	181.725	181.815	3349	0	9
2026.02.16	17:00:00	181.815	181.929	181.722	181.920	3135	0	9
2026.02.16	18:00:00	181.919	181.987	181.868	181.919	2692	0	9
2026.02.16	19:00:00	181.915	182.007	181.808	181.834	1983	0	18
2026.02.16	20:00:00	181.832	181.920	181.826	181.884	1229	0	18
2026.02.16	21:00:00	181.899	181.948	181.869	181.925	1084	0	1
2026.02.16	22:00:00	181.923	181.957	181.898	181.937	942	0	18
2026.02.16	23:00:00	181.932	181.961	181.887	181.936	903	0	1
2026.02.17	00:00:00	181.682	181.929	181.682	181.929	575	0	22
2026.02.17	01:00:00	181.953	182.163	181.914	181.954	2132	0	22
2026.02.17	02:00:00	181.952	181.985	181.402	181.423	4822	0	22
2026.02.17	03:00:00	181.427	181.655	181.339	181.373	4487	0	22
2026.02.17	04:00:00	181.382	181.511	181.279	181.344	3924	0	22
2026.02.17	05:00:00	181.342	181.391	181.188	181.371	3940	0	22
2026.02.17	06:00:00	181.373	181.406	181.146	181.271	3513	0	22
2026.02.17	07:00:00	181.277	181.299	181.007	181.104	3976	0	22
2026.02.17	08:00:00	181.117	181.188	181.019	181.155	3632	0	15
2026.02.17	09:00:00	181.150	181.163	180.928	181.142	4747	0	10
2026.02.17	10:00:00	181.144	181.246	180.842	180.846	5117	0	10
2026.02.17	11:00:00	180.848	181.198	180.812	181.124	4042	0	10
2026.02.17	12:00:00	181.125	181.311	181.054	181.189	4029	0	10
2026.02.17	13:00:00	181.188	181.286	181.113	181.174	3845	0	9
2026.02.17	14:00:00	181.172	181.245	181.027	181.027	4283	0	9
2026.02.17	15:00:00	181.020	181.320	181.000	181.205	5873	0	9
2026.02.17	16:00:00	181.189	181.534	181.189	181.432	6147	0	9
2026.02.17	17:00:00	181.429	181.729	181.405	181.636	6599	0	9
2026.02.17	18:00:00	181.640	181.793	181.629	181.667	5692	0	9
2026.02.17	19:00:00	181.667	181.727	181.611	181.699	4518	0	20
2026.02.17	20:00:00	181.700	181.745	181.626	181.684	4128	0	20
2026.02.17	21:00:00	181.689	181.732	181.535	181.567	3350	0	20
2026.02.17	22:00:00	181.565	181.659	181.508	181.645	2650	0	20
2026.02.17	23:00:00	181.648	181.698	181.579	181.690	1606	0	27
2026.02.18	00:00:00	181.625	181.657	181.440	181.657	1233	0	22
2026.02.18	01:00:00	181.656	181.728	181.454	181.462	2541	0	22
2026.02.18	02:00:00	181.474	181.675	181.398	181.519	4177	0	22
2026.02.18	03:00:00	181.516	181.778	181.498	181.770	3620	0	22
2026.02.18	04:00:00	181.774	182.008	181.754	181.818	3279	0	22
2026.02.18	05:00:00	181.818	181.916	181.754	181.871	2831	0	22
2026.02.18	06:00:00	181.868	181.891	181.799	181.874	2754	0	22
2026.02.18	07:00:00	181.876	181.939	181.761	181.765	2482	0	22
2026.02.18	08:00:00	181.766	181.820	181.674	181.713	3117	0	15
2026.02.18	09:00:00	181.712	181.898	181.681	181.874	4274	0	10
2026.02.18	10:00:00	181.873	181.941	181.768	181.859	4676	0	10
2026.02.18	11:00:00	181.873	181.984	181.847	181.951	3723	0	10
2026.02.18	12:00:00	181.950	182.068	181.921	181.982	3564	0	10
2026.02.18	13:00:00	181.995	181.997	181.820	181.913	2966	0	9
2026.02.18	14:00:00	181.913	182.074	181.853	181.967	3936	0	9
2026.02.18	15:00:00	181.965	182.112	181.892	182.012	4924	0	9
2026.02.18	16:00:00	182.010	182.519	182.003	182.394	6436	0	9
2026.02.18	17:00:00	182.394	182.545	182.341	182.396	5347	0	9
2026.02.18	18:00:00	182.395	182.465	182.322	182.387	4304	0	9
2026.02.18	19:00:00	182.401	182.484	182.337	182.430	3836	0	20
2026.02.18	20:00:00	182.428	182.504	182.409	182.421	4215	0	20
2026.02.18	21:00:00	182.413	182.510	182.011	182.361	5251	0	20
2026.02.18	22:00:00	182.363	182.443	182.333	182.393	3253	0	20
2026.02.18	23:00:00	182.392	182.498	182.334	182.334	1827	0	20
2026.02.19	00:00:00	182.388	182.426	182.314	182.426	767	0	22
2026.02.19	01:00:00	182.410	182.481	182.345	182.371	2268	0	22
2026.02.19	02:00:00	182.371	182.507	182.265	182.450	4216	0	22
2026.02.19	03:00:00	182.450	182.804	182.392	182.753	3919	0	22
2026.02.19	04:00:00	182.754	182.860	182.530	182.751	3672	0	22
2026.02.19	05:00:00	182.765	183.034	182.711	182.928	3596	0	22
2026.02.19	06:00:00	182.917	183.033	182.862	182.871	3243	0	22
2026.02.19	07:00:00	182.871	183.146	182.862	183.121	3471	0	22
2026.02.19	08:00:00	183.120	183.151	182.862	182.947	3793	0	15
2026.02.19	09:00:00	182.945	183.112	182.853	182.874	3968	0	10
2026.02.19	10:00:00	182.872	182.918	182.584	182.731	5051	0	10
2026.02.19	11:00:00	182.726	182.896	182.636	182.665	4254	0	10
2026.02.19	12:00:00	182.662	182.710	182.356	182.389	4551	0	10
2026.02.19	13:00:00	182.395	182.402	182.091	182.167	4724	0	9
2026.02.19	14:00:00	182.165	182.219	182.001	182.191	4493	0	9
2026.02.19	15:00:00	182.190	182.283	182.027	182.283	5629	0	9
2026.02.19	16:00:00	182.283	182.440	182.185	182.413	6398	0	9
2026.02.19	17:00:00	182.422	182.606	182.333	182.344	6794	0	9
2026.02.19	18:00:00	182.344	182.357	182.203	182.266	5234	0	9
2026.02.19	19:00:00	182.267	182.408	182.197	182.403	4671	0	20
2026.02.19	20:00:00	182.390	182.413	182.253	182.263	3891	0	18
2026.02.19	21:00:00	182.264	182.457	182.233	182.427	3741	0	20
2026.02.19	22:00:00	182.430	182.530	182.392	182.501	2810	0	20
2026.02.19	23:00:00	182.501	182.560	182.356	182.356	2289	0	25
2026.02.20	00:00:00	182.380	182.501	182.245	182.440	970	0	22
2026.02.20	01:00:00	182.442	182.679	182.411	182.647	2332	0	22
2026.02.20	02:00:00	182.644	182.676	182.357	182.570	3645	0	22
2026.02.20	03:00:00	182.569	182.643	182.386	182.423	4389	0	22
2026.02.20	04:00:00	182.422	182.487	182.299	182.437	3485	0	22
2026.02.20	05:00:00	182.436	182.478	182.346	182.394	2460	0	22
2026.02.20	06:00:00	182.394	182.449	182.348	182.427	2676	0	22
2026.02.20	07:00:00	182.430	182.582	182.374	182.550	3433	0	22
2026.02.20	08:00:00	182.551	182.621	182.367	182.401	3433	0	15
2026.02.20	09:00:00	182.403	182.752	182.215	182.723	4556	0	10
2026.02.20	10:00:00	182.718	182.987	182.540	182.964	5139	0	10
2026.02.20	11:00:00	182.963	183.040	182.813	182.853	4261	0	10
2026.02.20	12:00:00	182.851	182.868	182.507	182.544	3860	0	10
2026.02.20	13:00:00	182.541	182.702	182.476	182.669	3570	0	10
2026.02.20	14:00:00	182.671	182.752	182.618	182.666	3820	0	9
2026.02.20	15:00:00	182.669	182.943	182.595	182.922	5298	0	9
2026.02.20	16:00:00	182.921	182.961	182.746	182.897	5362	0	9
2026.02.20	17:00:00	182.896	183.100	182.506	182.545	9536	0	9
2026.02.20	18:00:00	182.543	182.653	182.463	182.573	6819	0	9
2026.02.20	19:00:00	182.576	182.698	182.557	182.583	6212	0	20
2026.02.20	20:00:00	182.582	182.731	182.581	182.706	5996	0	20
2026.02.20	21:00:00	182.709	182.818	182.626	182.761	4052	0	20
2026.02.20	22:00:00	182.763	182.784	182.635	182.728	3381	0	20
2026.02.20	23:00:00	182.729	182.752	182.652	182.672	2606	0	60
2026.02.23	00:00:00	182.600	182.764	182.530	182.694	1219	0	80
2026.02.23	01:00:00	182.691	182.754	182.552	182.625	4297	0	22
2026.02.23	02:00:00	182.626	182.639	182.232	182.251	5056	0	22
2026.02.23	03:00:00	182.250	182.402	182.161	182.377	5299	0	22
2026.02.23	04:00:00	182.375	182.478	182.241	182.382	4135	0	22
2026.02.23	05:00:00	182.398	182.499	182.359	182.377	3292	0	22
2026.02.23	06:00:00	182.378	182.545	182.296	182.490	2660	0	22
2026.02.23	07:00:00	182.491	182.558	182.470	182.541	2824	0	22
2026.02.23	08:00:00	182.537	182.665	182.430	182.654	3788	0	15
2026.02.23	09:00:00	182.653	182.788	182.626	182.654	4230	0	10
2026.02.23	10:00:00	182.652	182.789	182.627	182.733	4735	0	10
2026.02.23	11:00:00	182.738	182.815	182.640	182.695	3956	0	10
2026.02.23	12:00:00	182.692	182.751	182.602	182.621	3640	0	10
2026.02.23	13:00:00	182.620	182.641	182.500	182.595	3777	0	10
2026.02.23	14:00:00	182.600	182.646	182.421	182.489	4179	0	9
2026.02.23	15:00:00	182.490	182.534	182.333	182.384	5034	0	9
2026.02.23	16:00:00	182.399	182.630	182.362	182.458	5345	0	9
2026.02.23	17:00:00	182.443	182.459	182.066	182.146	5772	0	9
2026.02.23	18:00:00	182.142	182.202	182.008	182.138	5369	0	9
2026.02.23	19:00:00	182.134	182.175	181.979	182.161	4661	0	20
2026.02.23	20:00:00	182.146	182.430	182.136	182.274	3799	0	20
2026.02.23	21:00:00	182.273	182.357	182.247	182.317	3338	0	20
2026.02.23	22:00:00	182.318	182.416	182.293	182.373	2873	0	20
2026.02.23	23:00:00	182.353	182.418	182.237	182.260	1998	0	20
2026.02.24	00:00:00	182.193	182.263	182.114	182.216	1068	0	80
2026.02.24	01:00:00	182.256	182.414	182.195	182.390	2410	0	18
2026.02.24	02:00:00	182.392	182.564	182.350	182.556	4194	0	22
2026.02.24	03:00:00	182.554	182.678	182.496	182.586	4756	0	22
2026.02.24	04:00:00	182.587	182.704	182.469	182.544	3610	0	22
2026.02.24	05:00:00	182.543	182.667	182.498	182.651	2976	0	22
2026.02.24	06:00:00	182.650	182.781	182.610	182.717	3174	0	22
2026.02.24	07:00:00	182.718	182.839	182.666	182.772	3282	0	22
2026.02.24	08:00:00	182.770	182.803	182.550	182.568	3465	0	15
2026.02.24	09:00:00	182.567	183.916	182.512	183.861	6350	0	10
2026.02.24	10:00:00	183.862	184.189	183.738	183.770	5611	0	10
2026.02.24	11:00:00	183.772	183.804	183.576	183.707	4166	0	10
2026.02.24	12:00:00	183.708	183.757	183.620	183.730	3567	0	10
2026.02.24	13:00:00	183.729	183.731	183.417	183.640	3531	0	10
2026.02.24	14:00:00	183.633	183.719	183.516	183.652	3800	0	9
2026.02.24	15:00:00	183.653	183.772	183.495	183.718	4520	0	9
2026.02.24	16:00:00	183.717	183.805	183.563	183.631	5092	0	9
2026.02.24	17:00:00	183.634	183.708	183.484	183.552	5702	0	9
2026.02.24	18:00:00	183.553	183.606	183.399	183.486	4676	0	9
2026.02.24	19:00:00	183.479	183.570	183.437	183.552	3660	0	20
2026.02.24	20:00:00	183.554	183.566	183.454	183.468	3028	0	20
2026.02.24	21:00:00	183.469	183.522	183.449	183.474	2982	0	20
2026.02.24	22:00:00	183.474	183.552	183.458	183.551	3182	0	20
2026.02.24	23:00:00	183.531	183.583	183.477	183.534	1710	0	20
2026.02.25	00:00:00	183.328	183.524	183.328	183.424	969	0	80
2026.02.25	01:00:00	183.453	183.563	183.422	183.553	1743	0	22
2026.02.25	02:00:00	183.566	183.672	183.324	183.325	3922	0	22
2026.02.25	03:00:00	183.328	183.526	183.302	183.468	3874	0	22
2026.02.25	04:00:00	183.466	183.522	183.184	183.312	4556	0	22
2026.02.25	05:00:00	183.312	183.914	183.208	183.707	5163	0	22
2026.02.25	06:00:00	183.709	183.946	183.654	183.671	3362	0	22
2026.02.25	07:00:00	183.672	183.823	183.583	183.603	3580	0	22
2026.02.25	08:00:00	183.601	183.899	183.541	183.814	3903	0	15
2026.02.25	09:00:00	183.813	183.995	183.783	183.945	4264	0	10
2026.02.25	10:00:00	183.945	184.281	183.928	184.279	4656	0	10
2026.02.25	11:00:00	184.286	184.682	184.277	184.533	5325	0	10
2026.02.25	12:00:00	184.535	184.706	184.497	184.663	4000	0	10
2026.02.25	13:00:00	184.664	184.681	184.521	184.617	3518	0	10
2026.02.25	14:00:00	184.616	184.768	184.564	184.669	3997	0	9
2026.02.25	15:00:00	184.669	184.720	184.443	184.476	4251	0	9
2026.02.25	16:00:00	184.475	184.617	184.381	184.590	5382	0	9
2026.02.25	17:00:00	184.578	184.604	184.420	184.539	5949	0	9
2026.02.25	18:00:00	184.539	184.678	184.493	184.507	4738	0	9
2026.02.25	19:00:00	184.502	184.672	184.477	184.579	3898	0	20
2026.02.25	20:00:00	184.580	184.653	184.535	184.607	2864	0	20
2026.02.25	21:00:00	184.608	184.772	184.595	184.690	2870	0	20
2026.02.25	22:00:00	184.688	184.710	184.603	184.681	2852	0	20
2026.02.25	23:00:00	184.662	184.711	184.621	184.655	2094	0	33
2026.02.26	00:00:00	184.554	184.686	184.407	184.591	1209	0	80
2026.02.26	01:00:00	184.620	184.645	184.443	184.502	2357	0	22
2026.02.26	02:00:00	184.501	184.582	184.320	184.366	4075	0	22
2026.02.26	03:00:00	184.366	184.438	184.271	184.292	4787	0	22
2026.02.26	04:00:00	184.304	184.363	184.194	184.275	3821	0	22
2026.02.26	05:00:00	184.277	184.315	184.163	184.273	3046	0	22
2026.02.26	06:00:00	184.271	184.417	184.210	184.247	3071	0	22
2026.02.26	07:00:00	184.246	184.332	184.080	184.317	3832	0	22
2026.02.26	08:00:00	184.310	184.420	184.265	184.339	3708	0	15
2026.02.26	09:00:00	184.340	184.496	184.321	184.389	4291	0	10
2026.02.26	10:00:00	184.388	184.388	184.049	184.124	4513	0	10
2026.02.26	11:00:00	184.110	184.163	183.996	184.124	3978	0	10
2026.02.26	12:00:00	184.126	184.162	183.959	184.011	3319	0	10
2026.02.26	13:00:00	184.010	184.187	183.995	184.168	3098	0	10
2026.02.26	14:00:00	184.182	184.373	184.126	184.316	3493	0	9
2026.02.26	15:00:00	184.313	184.425	184.205	184.368	4806	0	9
2026.02.26	16:00:00	184.367	184.429	184.081	184.199	5488	0	9
2026.02.26	17:00:00	184.200	184.289	183.814	184.117	7205	0	9
2026.02.26	18:00:00	184.103	184.250	184.078	184.113	5016	0	9
2026.02.26	19:00:00	184.108	184.195	184.071	184.149	4978	0	20
2026.02.26	20:00:00	184.152	184.315	184.094	184.272	4482	0	20
2026.02.26	21:00:00	184.275	184.293	184.216	184.247	3073	0	20
2026.02.27	03:00:00	183.857	183.946	183.786	183.901	3236	0	22
2026.02.27	04:00:00	183.900	183.943	183.749	183.788	3232	0	22
2026.02.27	05:00:00	183.787	183.913	183.765	183.853	2906	0	22
2026.02.27	06:00:00	183.854	183.938	183.702	183.752	3174	0	22
2026.02.27	07:00:00	183.751	184.014	183.741	184.012	3112	0	22
2026.02.27	08:00:00	184.012	184.079	183.940	183.992	3604	0	15
2026.02.27	09:00:00	183.993	184.470	183.993	184.403	4400	0	10
2026.02.27	10:00:00	184.408	184.477	184.287	184.398	4590	0	10
2026.02.27	11:00:00	184.379	184.460	184.056	184.094	4105	0	10
2026.02.27	12:00:00	184.096	184.127	184.016	184.041	3321	0	10
2026.02.27	13:00:00	184.042	184.063	183.922	183.967	3101	0	10
2026.02.27	14:00:00	183.969	184.107	183.936	183.993	3454	0	9
2026.02.27	15:00:00	183.990	184.203	183.966	184.172	5707	0	9
2026.02.27	16:00:00	184.175	184.324	184.119	184.237	5858	0	9
2026.02.27	17:00:00	184.236	184.417	184.212	184.279	6228	0	9
2026.02.27	18:00:00	184.278	184.502	184.261	184.480	5219	0	9
2026.02.27	19:00:00	184.477	184.552	184.341	184.388	4748	0	20
2026.02.27	20:00:00	184.389	184.421	184.284	184.377	3509	0	20
2026.02.27	21:00:00	184.375	184.411	184.280	184.384	3272	0	20
2026.02.27	22:00:00	184.385	184.536	184.377	184.533	3382	0	20
2026.02.27	23:00:00	184.519	184.519	184.317	184.366	2620	0	60
2026.03.02	00:00:00	183.646	183.915	183.549	183.845	2123	0	78
2026.03.02	01:00:00	183.845	184.230	183.758	184.175	5960	0	22
2026.03.02	02:00:00	184.172	184.395	184.002	184.178	6070	0	22
2026.03.02	03:00:00	184.178	184.444	184.178	184.210	6624	0	22
2026.03.02	04:00:00	184.208	184.304	184.119	184.237	5197	0	22
2026.03.02	05:00:00	184.233	184.325	184.180	184.282	4341	0	22
2026.03.02	06:00:00	184.281	184.509	184.238	184.471	3908	0	22
2026.03.02	07:00:00	184.469	184.684	184.447	184.517	4629	0	22
2026.03.02	08:00:00	184.516	184.549	183.987	184.059	6115	0	15
2026.03.02	09:00:00	184.062	184.181	183.737	183.923	6559	0	10
2026.03.02	10:00:00	183.934	184.148	183.890	184.007	6810	0	10
2026.03.02	11:00:00	184.008	184.224	183.986	184.208	5564	0	10
2026.03.02	12:00:00	184.211	184.266	184.131	184.192	4571	0	10
2026.03.02	13:00:00	184.191	184.207	184.039	184.174	4404	0	10
2026.03.02	14:00:00	184.171	184.272	184.088	184.199	5510	0	9
2026.03.02	15:00:00	184.195	184.472	184.168	184.273	6496	0	9
2026.03.02	16:00:00	184.272	184.574	184.198	184.532	7277	0	9
2026.03.02	17:00:00	184.500	184.615	184.159	184.225	7153	0	9
2026.03.02	18:00:00	184.224	184.238	183.872	184.087	6590	0	9
2026.03.02	19:00:00	184.083	184.236	184.013	184.210	5502	0	20
2026.03.02	20:00:00	184.206	184.227	183.989	184.031	4133	0	20
2026.03.02	21:00:00	184.028	184.117	183.977	184.043	4491	0	20
2026.03.02	22:00:00	184.029	184.050	183.840	183.944	6022	0	20
2026.03.02	23:00:00	183.926	184.045	183.864	183.918	2622	0	23
2026.03.03	00:00:00	183.884	184.010	183.800	183.920	1337	0	60
2026.03.03	01:00:00	183.950	184.001	183.846	183.904	2785	0	22
2026.03.03	02:00:00	183.906	184.177	183.797	184.171	4659	0	22
2026.03.03	03:00:00	184.172	184.325	183.960	183.963	5289	0	22
2026.03.03	04:00:00	183.961	184.057	183.829	183.878	5143	0	22
2026.03.03	05:00:00	183.881	183.959	183.795	183.848	3780	0	22
2026.03.03	06:00:00	183.847	183.903	183.797	183.842	3857	0	22
2026.03.03	07:00:00	183.841	183.934	183.584	183.615	4847	0	22
2026.03.03	08:00:00	183.613	183.704	183.408	183.454	5197	0	15
2026.03.03	09:00:00	183.453	183.528	183.150	183.288	6229	0	10
2026.03.03	10:00:00	183.285	183.409	183.029	183.063	7140	0	10
2026.03.03	11:00:00	183.064	183.261	182.863	182.967	6773	0	10
2026.03.03	12:00:00	182.971	183.099	182.926	182.968	6095	0	10
2026.03.03	13:00:00	182.967	183.183	182.848	182.857	6991	0	10
2026.03.03	14:00:00	182.860	183.121	182.794	183.059	6579	0	9
2026.03.03	15:00:00	183.059	183.095	182.880	182.906	6231	0	9
2026.03.03	16:00:00	182.890	183.074	182.425	182.442	7668	0	9
2026.03.03	17:00:00	182.453	182.853	182.015	182.661	9193	0	9
2026.03.03	18:00:00	182.659	183.008	182.659	182.981	7727	0	9
2026.03.03	19:00:00	182.975	183.024	182.796	182.939	6991	0	20
2026.03.03	20:00:00	182.939	183.131	182.924	183.106	5873	0	20
2026.03.03	21:00:00	183.105	183.198	183.009	183.082	6159	0	20
2026.03.03	22:00:00	183.083	183.175	183.002	183.164	5497	0	20
2026.03.03	23:00:00	183.142	183.176	183.055	183.091	3131	0	29
2026.03.04	00:00:00	182.790	183.079	182.673	182.955	1649	0	80
2026.03.04	01:00:00	182.975	183.220	182.953	183.157	3152	0	22
2026.03.04	02:00:00	183.163	183.226	182.602	182.617	5993	0	22
2026.03.04	03:00:00	182.619	182.829	182.549	182.689	6303	0	22
2026.03.04	04:00:00	182.690	182.831	182.627	182.777	5344	0	22
2026.03.04	05:00:00	182.785	182.835	182.651	182.709	4512	0	22
2026.03.04	06:00:00	182.703	182.719	182.361	182.443	4777	0	22
2026.03.04	07:00:00	182.444	182.727	182.411	182.687	4758	0	22
2026.03.04	08:00:00	182.687	182.916	182.670	182.791	5158	0	15
2026.03.04	09:00:00	182.793	182.972	182.707	182.896	5366	0	10
2026.03.04	10:00:00	182.908	182.908	182.505	182.583	6221	0	10
2026.03.04	11:00:00	182.583	182.805	182.447	182.478	5920	0	10
2026.03.04	12:00:00	182.479	183.041	182.464	182.991	6843	0	10
2026.03.04	13:00:00	182.989	183.133	182.778	182.931	5059	0	10
2026.03.04	14:00:00	182.932	182.990	182.832	182.966	5318	0	9
2026.03.04	15:00:00	182.969	183.071	182.906	182.957	6173	0	9
2026.03.04	16:00:00	182.955	183.077	182.756	182.796	7204	0	9
2026.03.04	17:00:00	182.795	183.036	182.765	182.894	7089	0	9
2026.03.04	18:00:00	182.897	182.921	182.586	182.624	5623	0	9
2026.03.04	19:00:00	182.616	182.683	182.463	182.612	4364	0	20
2026.03.04	20:00:00	182.613	182.725	182.580	182.689	3655	0	20
2026.03.04	21:00:00	182.690	182.735	182.617	182.732	3356	0	20
2026.03.04	22:00:00	182.733	182.882	182.705	182.854	3069	0	20
2026.03.04	23:00:00	182.835	182.849	182.674	182.698	2351	0	25
2026.03.05	00:00:00	182.538	182.715	182.523	182.654	959	0	80
2026.03.05	01:00:00	182.683	182.769	182.632	182.633	2475	0	22
2026.03.05	02:00:00	182.633	182.637	182.278	182.324	4625	0	22
2026.03.05	03:00:00	182.325	182.448	182.155	182.270	6180	0	22
2026.03.05	04:00:00	182.271	182.473	182.214	182.465	5229	0	22
2026.03.05	05:00:00	182.448	182.492	182.206	182.301	5273	0	22
2026.03.05	06:00:00	182.303	182.422	182.300	182.388	4118	0	22
2026.03.05	07:00:00	182.393	182.480	182.225	182.254	5020	0	22
2026.03.05	08:00:00	182.256	182.345	182.145	182.261	6053	0	15
2026.03.05	09:00:00	182.262	182.521	182.184	182.501	5644	0	10
2026.03.05	10:00:00	182.499	182.504	182.110	182.413	6323	0	10
2026.03.05	11:00:00	182.430	182.728	182.399	182.658	8094	0	10
2026.03.05	12:00:00	182.654	182.751	182.546	182.623	5108	0	10
2026.03.05	13:00:00	182.642	182.707	182.575	182.693	4679	0	10
2026.03.05	14:00:00	182.709	182.982	182.667	182.948	4968	0	9
2026.03.05	15:00:00	182.954	183.095	182.861	182.955	6437	0	9
2026.03.05	16:00:00	182.964	183.024	182.736	182.809	6887	0	9
2026.03.05	17:00:00	182.818	182.825	182.472	182.561	7419	0	9
2026.03.05	18:00:00	182.557	182.577	182.352	182.524	7100	0	9
2026.03.05	19:00:00	182.513	182.801	182.478	182.713	6725	0	20
2026.03.05	20:00:00	182.712	182.873	182.552	182.746	6436	0	20
2026.03.05	21:00:00	182.747	182.759	182.598	182.622	5245	0	20
2026.03.05	22:00:00	182.621	182.850	182.609	182.833	6460	0	20
2026.03.05	23:00:00	182.815	182.890	182.747	182.786	3207	0	24
2026.03.06	00:00:00	182.708	182.939	182.700	182.830	1019	0	80
2026.03.06	01:00:00	182.859	182.947	182.790	182.881	2504	0	22
2026.03.06	02:00:00	182.883	182.950	182.727	182.829	4730	0	22
2026.03.06	03:00:00	182.830	182.977	182.788	182.914	5560	0	22
2026.03.06	04:00:00	182.914	183.031	182.896	182.944	3772	0	22
2026.03.06	05:00:00	182.945	183.005	182.929	182.991	2891	0	22
2026.03.06	06:00:00	183.006	183.129	182.977	183.107	3045	0	22
2026.03.06	07:00:00	183.107	183.243	183.090	183.199	4334	0	22
2026.03.06	08:00:00	183.200	183.267	183.116	183.154	4501	0	15
2026.03.06	09:00:00	183.156	183.183	182.961	182.973	4711	0	0
2026.03.06	10:00:00	182.973	182.997	182.795	182.930	8584	0	0
2026.03.06	11:00:00	182.930	182.951	182.687	182.711	10867	0	0
2026.03.06	12:00:00	182.711	182.844	182.706	182.800	8696	0	0
2026.03.06	13:00:00	182.799	182.824	182.626	182.636	10578	0	0
2026.03.06	14:00:00	182.635	182.722	182.504	182.572	10658	0	0
2026.03.06	15:00:00	182.572	182.637	182.374	182.425	22406	0	0
2026.03.06	16:00:00	182.424	182.676	182.388	182.455	24044	0	0
2026.03.06	17:00:00	182.454	182.763	182.372	182.481	23635	0	0
2026.03.06	18:00:00	182.481	182.950	182.476	182.949	17745	0	0
2026.03.06	19:00:00	182.949	183.084	182.842	182.986	15890	0	0
2026.03.06	20:00:00	182.986	183.173	182.985	183.041	13522	0	0
2026.03.06	21:00:00	183.041	183.175	183.032	183.157	9051	0	0
2026.03.06	22:00:00	183.153	183.304	183.150	183.264	13563	0	0
2026.03.06	23:00:00	183.264	183.385	183.208	183.313	7460	0	0
2026.03.09	00:00:00	182.531	182.824	182.475	182.631	10501	0	0
2026.03.09	01:00:00	182.631	182.664	182.399	182.553	13454	0	0
2026.03.09	02:00:00	182.553	182.761	182.464	182.718	13245	0	0
2026.03.09	03:00:00	182.718	182.759	182.564	182.643	13570	0	0
2026.03.09	04:00:00	182.643	182.955	182.643	182.907	13881	0	0
2026.03.09	05:00:00	182.907	183.043	182.832	182.951	12112	0	0
2026.03.09	06:00:00	182.951	183.102	182.889	182.937	8953	0	0
2026.03.09	07:00:00	182.937	183.255	182.931	183.200	13373	0	0
2026.03.09	08:00:00	183.200	183.325	183.078	183.125	12686	0	0
2026.03.09	09:00:00	183.126	183.257	182.987	183.236	13719	0	0
2026.03.09	10:00:00	183.236	183.253	182.656	182.979	18713	0	0
2026.03.09	11:00:00	182.980	183.193	182.872	183.057	18221	0	0
2026.03.09	12:00:00	183.057	183.273	183.005	183.189	18101	0	0
2026.03.09	13:00:00	183.189	183.239	183.135	183.210	17395	0	0
2026.03.09	14:00:00	183.213	183.278	183.075	183.204	18248	0	0
2026.03.09	15:00:00	183.205	183.402	183.118	183.276	25728	0	0
2026.03.09	16:00:00	183.274	183.346	183.050	183.301	29153	0	0
2026.03.09	17:00:00	183.301	183.377	183.130	183.247	20798	0	0
2026.03.09	18:00:00	183.247	183.364	183.198	183.246	17226	0	0
2026.03.09	19:00:00	183.246	183.443	183.220	183.340	12947	0	0
2026.03.09	20:00:00	183.340	183.411	183.292	183.373	12124	0	0
2026.03.09	21:00:00	183.374	183.478	183.175	183.256	28044	0	0
2026.03.09	22:00:00	183.256	183.473	183.217	183.356	10980	0	0
2026.03.09	23:00:00	183.356	183.512	183.340	183.472	1526	0	0
2026.03.10	00:00:00	183.468	183.636	183.437	183.532	11099	0	0
2026.03.10	01:00:00	183.532	183.540	183.365	183.399	10207	0	0
2026.03.10	02:00:00	183.399	183.481	183.175	183.221	17380	0	0
2026.03.10	03:00:00	183.221	183.284	183.057	183.163	16732	0	0
2026.03.10	04:00:00	183.163	183.283	183.124	183.273	12826	0	0
2026.03.10	05:00:00	183.273	183.374	183.250	183.303	11377	0	0
2026.03.10	06:00:00	183.303	183.331	183.197	183.208	8369	0	0
2026.03.10	07:00:00	183.208	183.251	183.120	183.184	11217	0	0
2026.03.10	08:00:00	183.185	183.328	183.155	183.268	11678	0	0
2026.03.10	09:00:00	183.268	183.447	183.224	183.420	17557	0	0
2026.03.10	10:00:00	183.420	183.698	183.351	183.655	18799	0	0
2026.03.10	11:00:00	183.655	183.742	183.628	183.697	14515	0	0
2026.03.10	12:00:00	183.698	183.765	183.469	183.633	15778	0	0
2026.03.10	13:00:00	183.633	183.765	183.624	183.656	16425	0	0
2026.03.10	14:00:00	183.652	183.705	183.501	183.604	18943	0	0
2026.03.10	15:00:00	183.604	183.698	183.551	183.605	21934	0	0
2026.03.10	16:00:00	183.605	183.708	183.560	183.686	21320	0	0
2026.03.10	17:00:00	183.686	183.722	183.567	183.569	16869	0	0
2026.03.10	18:00:00	183.569	183.634	183.506	183.599	13730	0	0
2026.03.10	19:00:00	183.599	183.667	183.514	183.531	19600	0	0
2026.03.10	20:00:00	183.531	183.641	183.451	183.514	29247	0	0
2026.03.10	21:00:00	183.514	183.636	183.489	183.548	18716	0	0
2026.03.10	22:00:00	183.547	183.566	183.459	183.467	7586	0	0
2026.03.10	23:00:00	183.466	183.589	183.446	183.518	1543	0	0
2026.03.11	00:00:00	183.518	183.580	183.507	183.554	3516	0	0
2026.03.11	01:00:00	183.554	183.624	183.532	183.586	4860	0	0
2026.03.11	02:00:00	183.586	183.865	183.537	183.793	12744	0	0
2026.03.11	03:00:00	183.793	184.055	183.792	184.027	13766	0	0
2026.03.11	04:00:00	184.027	184.080	183.990	184.032	9347	0	0
2026.03.11	05:00:00	184.033	184.058	183.967	183.992	7584	0	0
2026.03.11	06:00:00	183.992	184.078	183.922	183.936	6906	0	0
2026.03.11	07:00:00	183.938	184.024	183.888	184.003	7915	0	0
2026.03.11	08:00:00	184.003	184.009	183.727	183.807	10265	0	0
2026.03.11	09:00:00	183.807	183.998	183.738	183.812	16447	0	0
2026.03.11	10:00:00	183.812	183.949	183.784	183.948	16617	0	0
2026.03.11	11:00:00	183.949	183.981	183.631	183.707	17599	0	0
2026.03.11	12:00:00	183.707	183.848	183.679	183.729	12870	0	0
2026.03.11	13:00:00	183.729	183.907	183.660	183.776	13770	0	0
2026.03.11	14:00:00	183.776	183.817	183.637	183.712	22432	0	0
2026.03.11	15:00:00	183.712	183.765	183.594	183.707	20442	0	0
2026.03.11	16:00:00	183.707	183.891	183.688	183.793	27940	0	0
2026.03.11	17:00:00	183.793	183.825	183.706	183.711	18270	0	0
2026.03.11	18:00:00	183.711	183.816	183.678	183.789	15871	0	0
2026.03.11	19:00:00	183.789	183.942	183.769	183.810	15758	0	0
2026.03.11	20:00:00	183.810	183.925	183.794	183.905	10440	0	0
2026.03.11	21:00:00	183.905	183.974	183.880	183.956	8771	0	0
2026.03.11	22:00:00	183.956	183.961	183.797	183.799	5406	0	0
2026.03.11	23:00:00	183.800	183.878	183.757	183.834	1200	0	0
2026.03.12	00:00:00	183.834	183.903	183.630	183.634	6868	0	0
2026.03.12	01:00:00	183.634	183.747	183.589	183.630	9321	0	0
2026.03.12	02:00:00	183.630	183.729	183.545	183.557	12039	0	0
2026.03.12	03:00:00	183.557	183.587	183.472	183.495	12200	0	0
2026.03.12	04:00:00	183.495	183.560	183.444	183.534	9329	0	0
2026.03.12	05:00:00	183.534	183.537	183.434	183.492	7270	0	0
2026.03.12	06:00:00	183.492	183.561	183.483	183.523	6020	0	0
2026.03.12	07:00:00	183.523	183.623	183.476	183.612	10636	0	0
2026.03.12	08:00:00	183.612	183.688	183.484	183.500	10247	0	0
2026.03.12	09:00:00	183.500	183.614	183.371	183.435	12005	0	0
2026.03.12	10:00:00	183.435	183.526	183.343	183.472	13793	0	0
2026.03.12	11:00:00	183.472	183.595	183.445	183.516	11295	0	0
2026.03.12	12:00:00	183.519	183.553	183.372	183.445	11397	0	0
2026.03.12	13:00:00	183.445	183.470	183.339	183.391	11274	0	0
2026.03.12	14:00:00	183.391	183.437	183.241	183.353	14399	0	0
2026.03.12	15:00:00	183.353	183.466	183.221	183.265	22708	0	0
2026.03.12	16:00:00	183.265	183.447	183.235	183.390	21769	0	0
2026.03.12	17:00:00	183.389	183.478	183.322	183.444	23427	0	0
2026.03.12	18:00:00	183.444	183.532	183.397	183.442	19474	0	0
2026.03.12	19:00:00	183.442	183.615	183.439	183.562	15478	0	0
2026.03.12	20:00:00	183.562	183.617	183.486	183.509	13486	0	0
2026.03.12	21:00:00	183.509	183.604	183.487	183.520	11825	0	0
2026.03.12	22:00:00	183.520	183.552	183.352	183.365	7222	0	0
2026.03.12	23:00:00	183.364	183.491	183.298	183.384	979	0	0
2026.03.13	00:00:00	183.407	183.584	183.324	183.468	8107	0	0
2026.03.13	01:00:00	183.468	183.534	183.405	183.462	6887	0	0
2026.03.13	02:00:00	183.462	183.463	183.285	183.335	12341	0	0
2026.03.13	03:00:00	183.335	183.437	183.325	183.426	10960	0	0
2026.03.13	04:00:00	183.426	183.515	183.380	183.398	10998	0	0
2026.03.13	05:00:00	183.398	183.461	183.355	183.408	9519	0	0
2026.03.13	06:00:00	183.408	183.654	183.367	183.484	10149	0	0
2026.03.13	07:00:00	183.484	183.490	183.298	183.362	9237	0	0
2026.03.13	08:00:00	183.361	183.372	183.058	183.074	13257	0	0
2026.03.13	09:00:00	183.074	183.084	182.601	182.682	17145	0	0
2026.03.13	10:00:00	182.682	182.683	182.301	182.360	18958	0	0
2026.03.13	11:00:00	182.360	182.699	182.335	182.657	14575	0	0
2026.03.13	12:00:00	182.657	182.794	182.617	182.652	13253	0	0
2026.03.13	13:00:00	182.652	182.842	182.622	182.681	15222	0	0
2026.03.13	14:00:00	182.681	182.919	182.658	182.884	19225	0	0
2026.03.13	15:00:00	182.884	182.925	182.618	182.636	19315	0	0
2026.03.13	16:00:00	182.635	182.767	182.566	182.592	20982	0	0
2026.03.13	17:00:00	182.592	182.679	182.475	182.565	20782	0	0
2026.03.13	18:00:00	182.565	182.653	182.525	182.632	17755	0	0
2026.03.13	19:00:00	182.630	182.691	182.561	182.587	13121	0	0
2026.03.13	20:00:00	182.587	182.650	182.534	182.560	10618	0	0
2026.03.13	21:00:00	182.560	182.560	182.365	182.389	9579	0	0
2026.03.13	22:00:00	182.389	182.389	182.255	182.338	7573	0	0
2026.03.16	00:00:00	182.402	182.496	182.312	182.340	7801	0	0
2026.03.16	01:00:00	182.343	182.477	182.288	182.466	7998	0	0
2026.03.16	02:00:00	182.466	182.557	182.381	182.477	12793	0	0
2026.03.16	03:00:00	182.477	182.555	182.408	182.527	12364	0	0
2026.03.16	04:00:00	182.529	182.725	182.509	182.698	9799	0	0
2026.03.16	05:00:00	182.698	182.732	182.615	182.636	7127	0	0
2026.03.16	06:00:00	182.636	182.706	182.562	182.564	6899	0	0
2026.03.16	07:00:00	182.564	182.590	182.202	182.205	8958	0	0
2026.03.16	08:00:00	182.203	182.218	182.025	182.096	9833	0	0
2026.03.16	09:00:00	182.096	182.101	181.869	182.000	13035	0	0
2026.03.16	10:00:00	181.998	182.377	181.987	182.372	16030	0	0
2026.03.16	11:00:00	182.372	182.435	182.337	182.424	11408	0	0
2026.03.16	12:00:00	182.424	182.777	182.395	182.716	11940	0	0
2026.03.16	13:00:00	182.716	182.777	182.639	182.668	11493	0	0
2026.03.16	14:00:00	182.668	182.682	182.491	182.586	13901	0	0
2026.03.16	15:00:00	182.586	182.811	182.570	182.781	15097	0	0
2026.03.16	16:00:00	182.781	182.845	182.663	182.834	17218	0	0
2026.03.16	17:00:00	182.836	183.015	182.834	182.978	13892	0	0
2026.03.16	18:00:00	182.977	183.074	182.859	183.051	15029	0	0
2026.03.16	19:00:00	183.052	183.133	183.018	183.038	12803	0	0
2026.03.16	20:00:00	183.037	183.178	183.033	183.105	12492	0	0
2026.03.16	21:00:00	183.105	183.179	183.103	183.153	12164	0	0
2026.03.16	22:00:00	183.152	183.175	182.855	182.907	6591	0	0
2026.03.16	23:00:00	182.924	183.096	182.877	183.003	1986	0	5
2026.03.17	00:00:00	182.985	183.061	182.947	182.969	3597	0	0
2026.03.17	01:00:00	182.969	183.043	182.939	182.980	4044	0	0
2026.03.17	02:00:00	182.980	183.095	182.929	183.094	8625	0	0
2026.03.17	03:00:00	183.094	183.211	183.057	183.171	8630	0	0
2026.03.17	04:00:00	183.171	183.226	183.151	183.192	4895	0	0
2026.03.17	05:00:00	183.192	183.245	183.103	183.126	6569	0	0
2026.03.17	06:00:00	183.126	183.152	183.066	183.070	5029	0	0
2026.03.17	07:00:00	183.071	183.134	183.004	183.032	7137	0	0
2026.03.17	08:00:00	183.032	183.056	182.819	182.964	11354	0	0
2026.03.17	09:00:00	182.964	183.109	182.951	183.039	9180	0	0
2026.03.17	10:00:00	183.039	183.228	182.857	183.138	11842	0	0
2026.03.17	11:00:00	183.138	183.333	183.133	183.263	6240	0	0
2026.03.17	12:00:00	183.263	183.273	183.066	183.088	5705	0	0
2026.03.17	13:00:00	183.088	183.145	183.038	183.086	5395	0	0
2026.03.17	14:00:00	183.086	183.293	183.066	183.272	6849	0	0
2026.03.17	15:00:00	183.272	183.386	183.140	183.191	10519	0	0
2026.03.17	16:00:00	183.191	183.307	183.164	183.303	8402	0	0
2026.03.17	17:00:00	183.303	183.364	183.246	183.282	9592	0	0
2026.03.17	18:00:00	183.282	183.326	183.176	183.232	7277	0	0
2026.03.17	19:00:00	183.232	183.449	183.227	183.444	4388	0	0
2026.03.17	20:00:00	183.444	183.528	183.444	183.526	3757	0	0
2026.03.17	21:00:00	183.526	183.546	183.428	183.466	3070	0	0
2026.03.17	22:00:00	183.468	183.518	183.360	183.360	2538	0	2
2026.03.17	23:00:00	183.367	183.460	183.223	183.424	1949	0	61
2026.03.18	00:00:00	183.424	183.515	183.408	183.476	3262	0	0
2026.03.18	01:00:00	183.476	183.482	183.368	183.391	6828	0	0
2026.03.18	02:00:00	183.393	183.572	183.288	183.471	12419	0	0
2026.03.18	03:00:00	183.471	183.520	183.398	183.428	5280	0	0
2026.03.18	04:00:00	183.428	183.456	183.253	183.292	3557	0	1
2026.03.18	05:00:00	183.292	183.394	183.285	183.369	2761	0	2
2026.03.18	06:00:00	183.369	183.400	183.262	183.319	3226	0	0
2026.03.18	07:00:00	183.319	183.328	183.170	183.253	3717	0	0
2026.03.18	08:00:00	183.253	183.280	183.132	183.256	4731	0	0
2026.03.18	09:00:00	183.257	183.363	182.984	183.019	5194	0	0
2026.03.18	10:00:00	183.023	183.362	183.023	183.335	5636	0	0
2026.03.18	11:00:00	183.335	183.425	183.319	183.394	4314	0	0
2026.03.18	12:00:00	183.394	183.553	183.389	183.525	4020	0	0
2026.03.18	13:00:00	183.525	183.643	183.474	183.591	7563	0	0
2026.03.18	14:00:00	183.591	183.627	183.461	183.508	12514	0	0
2026.03.18	15:00:00	183.509	183.687	183.382	183.686	12327	0	0
2026.03.18	16:00:00	183.686	183.832	183.528	183.626	10829	0	0
2026.03.18	17:00:00	183.626	183.799	183.601	183.640	9381	0	0
2026.03.18	18:00:00	183.638	183.722	183.559	183.588	6586	0	0
2026.03.18	19:00:00	183.588	183.611	183.503	183.593	5796	0	0
2026.03.18	20:00:00	183.600	183.623	183.339	183.355	14210	0	0
2026.03.18	21:00:00	183.355	183.415	183.302	183.338	9354	0	0
2026.03.18	22:00:00	183.337	183.350	182.960	182.962	6543	0	2
2026.03.18	23:00:00	182.961	183.239	182.910	183.094	2102	0	68
2026.03.19	00:00:00	183.092	183.177	183.039	183.054	3918	0	0
2026.03.19	01:00:00	183.054	183.215	183.053	183.207	5300	0	2
2026.03.19	02:00:00	183.205	183.346	183.168	183.337	8599	0	0
2026.03.19	03:00:00	183.337	183.418	183.221	183.236	7165	0	0
2026.03.19	04:00:00	183.237	183.434	183.152	183.329	7770	0	0
2026.03.19	05:00:00	183.329	183.353	183.160	183.179	3874	0	1
2026.03.19	06:00:00	183.179	183.188	183.076	183.113	4114	0	0
2026.03.19	07:00:00	183.116	183.194	183.103	183.134	3577	0	0
2026.03.19	08:00:00	183.136	183.256	183.005	183.087	7123	0	0
2026.03.19	09:00:00	183.087	183.106	182.320	182.370	13139	0	0
2026.03.19	10:00:00	182.369	182.565	182.056	182.289	12590	0	0
2026.03.19	11:00:00	182.289	182.790	182.284	182.721	13822	0	0
2026.03.19	12:00:00	182.721	182.721	182.511	182.586	8028	0	0
2026.03.19	13:00:00	182.586	182.682	182.429	182.605	7155	0	0
2026.03.19	14:00:00	182.605	182.756	182.483	182.549	14011	0	0
2026.03.19	15:00:00	182.549	182.602	182.066	182.250	19115	0	0
2026.03.19	16:00:00	182.250	182.395	182.074	182.391	17184	0	0
2026.03.19	17:00:00	182.394	182.574	182.052	182.153	14194	0	0
2026.03.19	18:00:00	182.153	182.409	182.096	182.330	13785	0	0
2026.03.19	19:00:00	182.330	182.543	182.330	182.443	8697	0	0
2026.03.19	20:00:00	182.443	182.702	182.375	182.675	8449	0	0
2026.03.19	21:00:00	182.677	182.990	182.529	182.640	15980	0	0
2026.03.19	22:00:00	182.636	182.775	182.607	182.713	4425	0	0
2026.03.19	23:00:00	182.713	182.792	182.570	182.712	1308	0	61
2026.03.20	00:00:00	182.712	182.897	182.711	182.792	3416	0	0
2026.03.20	01:00:00	182.792	182.898	182.766	182.825	4427	0	0
2026.03.20	02:00:00	182.825	182.863	182.655	182.700	5640	0	1
2026.03.20	03:00:00	182.700	182.892	182.590	182.849	6733	0	2
2026.03.20	04:00:00	182.849	183.100	182.849	183.057	4857	0	0
2026.03.20	05:00:00	183.057	183.080	182.965	183.046	3926	0	3
2026.03.20	06:00:00	183.046	183.086	183.016	183.017	2704	0	0
2026.03.20	07:00:00	183.021	183.087	183.017	183.029	3025	0	0
2026.03.20	08:00:00	183.029	183.187	183.027	183.116	4057	0	0
2026.03.20	09:00:00	183.115	183.302	183.095	183.197	6902	0	0
2026.03.20	10:00:00	183.197	183.426	183.177	183.337	7011	0	0
2026.03.20	11:00:00	183.337	183.516	183.277	183.433	7749	0	0
2026.03.20	12:00:00	183.433	183.487	183.266	183.478	8682	0	0
2026.03.20	13:00:00	183.478	183.612	183.397	183.504	7222	0	0
2026.03.20	14:00:00	183.504	183.608	183.484	183.528	9745	0	0
2026.03.20	15:00:00	183.528	183.620	183.454	183.530	11240	0	0
2026.03.20	16:00:00	183.530	183.621	183.437	183.554	13272	0	0
2026.03.20	17:00:00	183.553	183.859	183.541	183.816	12847	0	0
2026.03.20	18:00:00	183.816	184.133	183.805	184.104	9292	0	0
2026.03.20	19:00:00	184.104	184.158	184.020	184.029	9772	0	0
2026.03.20	20:00:00	184.029	184.215	183.973	184.062	9338	0	0
2026.03.20	21:00:00	184.062	184.130	183.980	184.130	8371	0	0
2026.03.20	22:00:00	184.125	184.255	184.110	184.240	5824	0	0
2026.03.23	00:00:00	183.827	184.197	183.812	184.112	6159	0	0
2026.03.23	01:00:00	184.112	184.123	183.953	184.006	8215	0	0
2026.03.23	02:00:00	184.006	184.133	183.822	184.132	12840	0	0
2026.03.23	03:00:00	184.132	184.335	184.103	184.271	11420	0	0
2026.03.23	04:00:00	184.271	184.279	184.132	184.196	6598	0	0
2026.03.23	05:00:00	184.196	184.277	184.012	184.125	4981	0	0
2026.03.23	06:00:00	184.125	184.157	184.021	184.111	5396	0	0
2026.03.23	07:00:00	184.115	184.154	184.009	184.050	4384	0	0
2026.03.23	08:00:00	184.050	184.071	183.849	183.880	8448	0	0
2026.03.23	09:00:00	183.880	184.055	183.808	183.962	10056	0	0
2026.03.23	10:00:00	183.960	184.125	183.744	183.827	12736	0	0
2026.03.23	11:00:00	183.831	183.856	183.377	183.394	10427	0	0
2026.03.23	12:00:00	183.394	183.444	183.285	183.339	9079	0	0
2026.03.23	13:00:00	183.339	184.239	183.178	183.669	33759	0	0
2026.03.23	14:00:00	183.669	184.089	183.610	184.070	21728	0	0
2026.03.23	15:00:00	184.071	184.094	183.767	183.807	19383	0	0
2026.03.23	16:00:00	183.808	184.246	183.648	184.024	19109	0	0
2026.03.23	17:00:00	184.024	184.129	183.836	183.874	17485	0	0
2026.03.23	18:00:00	183.874	183.996	183.773	183.936	15055	0	0
2026.03.23	19:00:00	183.936	183.971	183.803	183.827	10485	0	0
2026.03.23	20:00:00	183.827	183.959	183.728	183.922	10601	0	0
2026.03.23	21:00:00	183.921	183.987	183.836	183.974	6790	0	0
2026.03.23	22:00:00	183.974	184.021	183.881	183.891	3387	0	3
2026.03.23	23:00:00	183.894	183.968	183.776	183.952	2046	0	42
2026.03.24	00:00:00	183.952	183.968	183.839	183.895	2869	0	5
2026.03.24	01:00:00	183.895	183.979	183.821	183.966	4761	0	0
2026.03.24	02:00:00	183.966	183.985	183.638	183.761	11691	0	0
2026.03.24	03:00:00	183.760	183.793	183.623	183.712	10489	0	0
2026.03.24	04:00:00	183.713	183.845	183.697	183.824	7862	0	0
2026.03.24	05:00:00	183.824	183.868	183.725	183.857	4786	0	2
2026.03.24	06:00:00	183.857	183.874	183.774	183.840	4532	0	0
2026.03.24	07:00:00	183.844	183.863	183.749	183.751	7078	0	0
2026.03.24	08:00:00	183.751	183.871	183.733	183.850	7738	0	0
2026.03.24	09:00:00	183.850	184.061	183.830	183.994	10534	0	0
2026.03.24	10:00:00	183.994	183.994	183.679	183.856	11294	0	0
2026.03.24	11:00:00	183.856	183.984	183.750	183.932	8483	0	0
2026.03.24	12:00:00	183.932	184.014	183.885	183.957	6644	0	0
2026.03.24	13:00:00	183.957	184.014	183.867	184.002	7961	0	0
2026.03.24	14:00:00	184.002	184.116	183.927	183.985	9295	0	0
2026.03.24	15:00:00	183.985	184.053	183.815	183.860	13592	0	0
2026.03.24	16:00:00	183.860	184.069	183.850	183.960	14122	0	0
2026.03.24	17:00:00	183.960	183.991	183.878	183.972	11618	0	0
2026.03.24	18:00:00	183.972	184.126	183.960	184.073	8188	0	0
2026.03.24	19:00:00	184.075	184.194	183.874	184.144	12880	0	0
2026.03.24	20:00:00	184.144	184.170	184.087	184.126	9526	0	0
2026.03.24	21:00:00	184.126	184.230	184.121	184.197	6432	0	0
2026.03.24	22:00:00	184.192	184.258	184.073	184.145	11738	0	0
2026.03.24	23:00:00	184.135	184.239	183.967	184.143	1122	0	16
2026.03.25	00:00:00	184.143	184.330	184.132	184.298	4122	0	4
2026.03.25	01:00:00	184.298	184.359	184.241	184.316	5096	0	3
2026.03.25	02:00:00	184.316	184.557	184.282	184.399	9763	0	0
2026.03.25	03:00:00	184.399	184.431	184.298	184.302	8770	0	0
2026.03.25	04:00:00	184.302	184.345	184.212	184.277	5497	0	3
2026.03.25	05:00:00	184.277	184.305	184.217	184.270	4103	0	3
2026.03.25	06:00:00	184.270	184.391	184.244	184.265	3975	0	0
2026.03.25	07:00:00	184.269	184.363	184.237	184.310	4233	0	0
2026.03.25	08:00:00	184.310	184.420	184.264	184.389	5375	0	0
2026.03.25	09:00:00	184.389	184.603	184.365	184.560	6538	0	0
2026.03.25	10:00:00	184.560	184.576	184.187	184.222	11056	0	0
2026.03.25	11:00:00	184.221	184.342	184.198	184.300	7544	0	0
2026.03.25	12:00:00	184.300	184.438	184.300	184.387	5988	0	0
2026.03.25	13:00:00	184.387	184.433	184.284	184.353	6330	0	0
2026.03.25	14:00:00	184.353	184.410	184.263	184.328	11240	0	0
2026.03.25	15:00:00	184.328	184.390	184.134	184.182	10313	0	0
2026.03.25	16:00:00	184.182	184.314	184.114	184.277	10868	0	0
2026.03.25	17:00:00	184.277	184.321	184.041	184.198	10614	0	0
2026.03.25	18:00:00	184.198	184.248	184.037	184.211	9342	0	0
2026.03.25	19:00:00	184.211	184.417	184.205	184.392	7532	0	0
2026.03.25	20:00:00	184.392	184.452	184.340	184.389	5848	0	0
2026.03.25	21:00:00	184.389	184.445	184.353	184.391	5500	0	0
2026.03.25	22:00:00	184.386	184.390	184.251	184.254	3246	0	4
2026.03.25	23:00:00	184.255	184.330	184.177	184.259	1558	0	32
2026.03.26	00:00:00	184.259	184.323	184.243	184.271	3347	0	4
2026.03.26	01:00:00	184.271	184.312	184.238	184.276	4448	0	3
2026.03.26	02:00:00	184.276	184.371	184.218	184.319	6417	0	0
2026.03.26	03:00:00	184.319	184.452	184.306	184.423	5736	0	0
2026.03.26	04:00:00	184.423	184.443	184.313	184.386	3903	0	2
2026.03.26	05:00:00	184.386	184.473	184.336	184.462	4212	0	0
2026.03.26	06:00:00	184.462	184.473	184.404	184.450	3315	0	0
2026.03.26	07:00:00	184.454	184.463	184.313	184.336	3935	0	0
2026.03.26	08:00:00	184.336	184.348	184.183	184.270	5276	0	0
2026.03.26	09:00:00	184.270	184.297	184.163	184.281	5654	0	0
2026.03.26	10:00:00	184.281	184.362	184.200	184.342	6610	0	0
2026.03.26	11:00:00	184.342	184.412	184.237	184.366	5699	0	0
2026.03.26	12:00:00	184.366	184.453	184.303	184.325	5362	0	0
2026.03.26	13:00:00	184.325	184.342	183.969	183.993	5126	0	0
2026.03.26	14:00:00	183.993	184.156	183.985	184.141	6924	0	0
2026.03.26	15:00:00	184.140	184.261	184.120	184.133	9821	0	0
2026.03.26	16:00:00	184.132	184.286	184.117	184.245	11231	0	0
2026.03.26	17:00:00	184.243	184.312	184.150	184.264	9690	0	0
2026.03.26	18:00:00	184.264	184.294	184.141	184.179	7182	0	0
2026.03.26	19:00:00	184.179	184.226	184.117	184.140	5739	0	0
2026.03.26	20:00:00	184.140	184.265	184.129	184.243	4635	0	0
2026.03.26	21:00:00	184.243	184.248	184.149	184.149	4686	0	0
2026.03.26	22:00:00	184.145	184.278	184.100	184.109	9625	0	0
2026.03.26	23:00:00	184.105	184.236	184.017	184.136	1289	0	71
2026.03.27	00:00:00	184.136	184.258	184.105	184.214	2176	0	6
2026.03.27	01:00:00	184.214	184.235	184.186	184.227	3532	0	2
2026.03.27	02:00:00	184.227	184.238	183.866	183.982	7248	0	0
2026.03.27	03:00:00	183.982	184.135	183.931	184.037	5778	0	0
2026.03.27	04:00:00	184.037	184.149	184.031	184.068	3818	0	2
2026.03.27	05:00:00	184.068	184.184	184.018	184.177	3183	0	3
2026.03.27	06:00:00	184.177	184.247	184.116	184.245	2822	0	5
2026.03.27	07:00:00	184.249	184.278	184.183	184.228	3805	0	0
2026.03.27	08:00:00	184.226	184.286	184.156	184.265	3889	0	0
2026.03.27	09:00:00	184.265	184.344	184.216	184.241	6738	0	0
2026.03.27	10:00:00	184.241	184.244	184.108	184.148	6836	0	0
2026.03.27	11:00:00	184.143	184.211	184.086	184.157	6125	0	0
2026.03.27	12:00:00	184.157	184.226	184.072	184.082	5353	0	0
2026.03.27	13:00:00	184.085	184.099	183.930	183.959	4856	0	0
2026.03.27	14:00:00	183.959	184.136	183.864	184.097	6585	0	0
2026.03.27	15:00:00	184.099	184.398	184.099	184.261	9327	0	0
2026.03.27	16:00:00	184.261	184.398	184.236	184.346	9467	0	0
2026.03.27	17:00:00	184.346	184.510	184.296	184.502	11479	0	0
2026.03.27	18:00:00	184.502	184.657	184.395	184.473	9411	0	0
2026.03.27	19:00:00	184.471	184.615	184.454	184.591	7367	0	0
2026.03.27	20:00:00	184.591	184.642	184.499	184.506	6019	0	0
2026.03.27	21:00:00	184.506	184.521	184.443	184.444	4308	0	0
2026.03.27	22:00:00	184.441	184.535	184.417	184.417	5071	0	4
2026.03.30	00:00:00	184.141	184.459	184.111	184.198	881	0	0
2026.03.30	01:00:00	184.198	184.507	184.183	184.287	4437	0	0
2026.03.30	02:00:00	184.287	184.363	184.120	184.132	5749	0	1
2026.03.30	03:00:00	184.134	184.151	183.966	183.970	11124	0	0
2026.03.30	04:00:00	183.970	184.071	183.950	183.997	6029	0	0
2026.03.30	05:00:00	183.997	184.056	183.889	183.998	5573	0	0
2026.03.30	06:00:00	183.998	184.031	183.924	184.007	4699	0	3
2026.03.30	07:00:00	184.007	184.022	183.891	183.977	4367	0	0
2026.03.30	08:00:00	183.981	183.996	183.827	183.944	4744	0	0
2026.03.30	09:00:00	183.944	184.023	183.813	183.980	5720	0	0
2026.03.30	10:00:00	183.978	183.978	183.539	183.711	6968	0	0
2026.03.30	11:00:00	183.710	183.725	183.471	183.578	6804	0	0
2026.03.30	12:00:00	183.578	183.606	183.341	183.448	6575	0	0
2026.03.30	13:00:00	183.448	183.450	183.331	183.377	4766	0	0
2026.03.30	14:00:00	183.377	183.388	183.191	183.202	7253	0	0
2026.03.30	15:00:00	183.202	183.202	182.983	183.002	7379	0	0
2026.03.30	16:00:00	183.002	183.079	182.833	182.884	8550	0	0
2026.03.30	17:00:00	182.884	182.978	182.796	182.904	9553	0	0
2026.03.30	18:00:00	182.904	182.929	182.611	182.669	7785	0	0
2026.03.30	19:00:00	182.669	182.738	182.593	182.723	5162	0	0
2026.03.30	20:00:00	182.723	182.879	182.715	182.828	5119	0	0
2026.03.30	21:00:00	182.828	182.980	182.788	182.947	4315	0	0
2026.03.30	22:00:00	182.947	183.014	182.905	183.005	3781	0	0
2026.03.30	23:00:00	183.004	183.095	182.968	183.055	3385	0	2
2026.03.31	00:00:00	183.023	183.147	182.891	183.062	1698	0	8
2026.03.31	01:00:00	183.062	183.149	183.058	183.127	3658	0	5
2026.03.31	02:00:00	183.127	183.133	183.044	183.123	3402	0	3
2026.03.31	03:00:00	183.123	183.463	183.039	183.457	10608	0	0
2026.03.31	04:00:00	183.457	183.573	183.306	183.325	9626	0	0
2026.03.31	05:00:00	183.325	183.344	183.141	183.157	5490	0	0
2026.03.31	06:00:00	183.157	183.209	183.134	183.198	3778	0	0
2026.03.31	07:00:00	183.198	183.223	183.066	183.069	3555	0	0
2026.03.31	08:00:00	183.073	183.101	182.828	182.988	4607	0	0
2026.03.31	09:00:00	182.988	183.266	182.934	183.241	8351	0	0
2026.03.31	10:00:00	183.241	183.264	183.078	183.153	8264	0	0
2026.03.31	11:00:00	183.151	183.184	182.976	182.992	6385	0	0
2026.03.31	12:00:00	182.992	183.114	182.885	183.088	5561	0	0
2026.03.31	13:00:00	183.088	183.163	183.037	183.040	4138	0	0
2026.03.31	14:00:00	183.040	183.198	183.016	183.190	9558	0	0
2026.03.31	15:00:00	183.190	183.427	183.185	183.321	10571	0	0
2026.03.31	16:00:00	183.321	183.501	183.251	183.462	9769	0	0
2026.03.31	17:00:00	183.462	183.651	183.233	183.279	13616	0	0
2026.03.31	18:00:00	183.279	183.361	183.073	183.216	12820	0	0
2026.03.31	19:00:00	183.217	183.614	183.208	183.442	12525	0	0
2026.03.31	20:00:00	183.442	183.553	183.416	183.424	11880	0	0
2026.03.31	21:00:00	183.424	183.468	183.318	183.418	6971	0	0
2026.03.31	22:00:00	183.418	183.494	183.387	183.456	5876	0	0
2026.03.31	23:00:00	183.456	183.483	183.343	183.361	4998	0	3
2026.04.01	00:00:00	183.200	183.441	183.187	183.259	2847	0	48
2026.04.01	01:00:00	183.259	183.442	183.259	183.403	3507	0	0
2026.04.01	02:00:00	183.403	183.487	183.344	183.482	3863	0	0
2026.04.01	03:00:00	183.482	183.781	183.363	183.724	7398	0	0
2026.04.01	04:00:00	183.724	183.791	183.455	183.488	8470	0	0
2026.04.01	05:00:00	183.488	183.582	183.468	183.559	4881	0	0
2026.04.01	06:00:00	183.560	183.594	183.376	183.592	4321	0	0
2026.04.01	07:00:00	183.592	183.699	183.564	183.574	3576	0	0
2026.04.01	08:00:00	183.574	183.757	183.488	183.492	5764	0	0
2026.04.01	09:00:00	183.492	183.589	183.350	183.438	13028	0	0
2026.04.01	10:00:00	183.438	183.853	183.351	183.837	13222	0	0
2026.04.01	11:00:00	183.837	183.992	183.770	183.835	10968	0	0
2026.04.01	12:00:00	183.835	184.010	183.643	183.970	10156	0	0
2026.04.01	13:00:00	183.969	184.014	183.792	183.815	8624	0	0
2026.04.01	14:00:00	183.815	183.882	183.737	183.738	7834	0	0
2026.04.01	15:00:00	183.738	183.992	183.654	183.907	14693	0	0
2026.04.01	16:00:00	183.906	184.228	183.869	184.130	15352	0	0
2026.04.01	17:00:00	184.140	184.244	184.024	184.139	18341	0	0
2026.04.01	18:00:00	184.139	184.195	184.037	184.168	9919	0	0
2026.04.01	19:00:00	184.168	184.187	184.092	184.163	7003	0	0
2026.04.01	20:00:00	184.163	184.164	183.934	183.947	6979	0	0
2026.04.01	21:00:00	183.947	183.978	183.806	183.869	8862	0	0
2026.04.01	22:00:00	183.869	184.059	183.861	184.002	5693	0	0
2026.04.01	23:00:00	184.002	184.033	183.931	183.983	3292	0	0
2026.04.02	00:00:00	183.938	183.955	183.672	183.895	2702	0	27
2026.04.02	01:00:00	183.895	183.964	183.785	183.810	2618	0	0
2026.04.02	02:00:00	183.810	183.921	183.779	183.912	3264	0	0
2026.04.02	03:00:00	183.912	184.033	183.833	183.952	7926	0	0
2026.04.02	04:00:00	183.952	184.056	183.780	183.981	17958	0	0
2026.04.02	05:00:00	183.980	184.102	183.907	184.047	9590	0	0
2026.04.02	06:00:00	184.047	184.070	183.863	183.876	5411	0	0
2026.04.02	07:00:00	183.875	183.900	183.780	183.801	5149	0	0
2026.04.02	08:00:00	183.801	183.860	183.697	183.733	6138	0	0
2026.04.02	09:00:00	183.733	183.844	183.495	183.812	8486	0	0
2026.04.02	10:00:00	183.812	184.155	183.805	184.002	9340	0	0
2026.04.02	11:00:00	184.002	184.079	183.939	184.008	5811	0	0
2026.04.02	12:00:00	184.008	184.059	183.890	183.890	4734	0	0
2026.04.02	13:00:00	183.890	183.898	183.769	183.803	5247	0	0
2026.04.02	14:00:00	183.803	183.959	183.771	183.910	5936	0	0
2026.04.02	15:00:00	183.910	184.001	183.902	183.936	7553	0	0
2026.04.02	16:00:00	183.936	184.000	183.820	183.856	10115	0	0
2026.04.02	17:00:00	183.856	184.166	183.782	184.052	14733	0	0
2026.04.02	18:00:00	184.052	184.091	183.912	183.933	10819	0	0
2026.04.02	19:00:00	183.933	184.102	183.882	184.035	7102	0	0
2026.04.02	20:00:00	184.035	184.204	184.022	184.104	5000	0	0
2026.04.02	21:00:00	184.104	184.198	184.098	184.127	4104	0	0
2026.04.02	22:00:00	184.127	184.165	184.061	184.136	5028	0	0
2026.04.02	23:00:00	184.131	184.135	184.056	184.089	2587	0	6
2026.04.03	00:00:00	183.983	184.085	183.976	184.059	1479	0	118
2026.04.03	01:00:00	184.059	184.158	184.046	184.080	2781	0	12
2026.04.03	02:00:00	184.080	184.099	184.055	184.060	2308	0	4
2026.04.03	03:00:00	184.060	184.168	183.993	184.128	3598	0	0
2026.04.03	04:00:00	184.128	184.171	184.092	184.133	2855	0	1
2026.04.03	05:00:00	184.133	184.186	184.120	184.177	3272	0	0
2026.04.03	06:00:00	184.177	184.191	184.070	184.077	1456	0	0
2026.04.03	07:00:00	184.077	184.109	184.006	184.088	2532	0	0
2026.04.03	08:00:00	184.092	184.194	184.031	184.189	3212	0	0
2026.04.03	09:00:00	184.189	184.207	184.132	184.198	1734	0	0
2026.04.03	10:00:00	184.197	184.229	184.174	184.192	1729	0	0
2026.04.03	11:00:00	184.192	184.246	184.178	184.221	2820	0	0
2026.04.03	12:00:00	184.221	184.245	184.168	184.208	1976	0	0
2026.04.03	13:00:00	184.208	184.274	184.199	184.238	2525	0	0
2026.04.03	14:00:00	184.238	184.246	184.133	184.184	4575	0	0
2026.04.03	15:00:00	184.184	184.208	183.951	184.041	6659	0	0
2026.04.03	16:00:00	184.041	184.087	183.903	183.986	3607	0	0
2026.04.03	17:00:00	183.986	184.016	183.857	183.860	2363	0	0
2026.04.03	18:00:00	183.860	183.947	183.854	183.929	4947	0	0
2026.04.03	19:00:00	183.930	183.935	183.869	183.871	3739	0	0
2026.04.03	20:00:00	183.871	183.931	183.865	183.890	2962	0	0
2026.04.03	21:00:00	183.890	183.910	183.799	183.820	2124	0	0
2026.04.03	22:00:00	183.820	183.841	183.795	183.802	1075	0	0
2026.04.03	23:00:00	183.797	183.938	183.583	183.907	4859	0	0
2026.04.06	00:00:00	183.801	184.050	183.721	183.850	618	0	0
2026.04.06	01:00:00	183.850	183.941	183.667	183.865	6388	0	0
2026.04.06	02:00:00	183.864	183.952	183.788	183.898	5435	0	0
2026.04.06	03:00:00	183.898	183.994	183.819	183.897	6114	0	0
2026.04.06	04:00:00	183.898	183.898	183.699	183.753	5405	0	2
2026.04.06	05:00:00	183.753	183.923	183.740	183.815	6364	0	0
2026.04.06	06:00:00	183.815	183.882	183.769	183.871	4478	0	2
2026.04.06	07:00:00	183.871	183.891	183.812	183.889	3161	0	2
2026.04.06	08:00:00	183.893	183.959	183.876	183.913	3274	0	0
2026.04.06	09:00:00	183.913	184.116	183.853	184.081	4365	0	0
2026.04.06	10:00:00	184.081	184.441	184.038	184.321	6876	0	0
2026.04.06	11:00:00	184.321	184.381	184.164	184.178	6319	0	0
2026.04.06	12:00:00	184.178	184.243	184.126	184.152	4518	0	0
2026.04.06	13:00:00	184.152	184.200	184.095	184.145	4184	0	0
2026.04.06	14:00:00	184.145	184.241	184.144	184.221	4043	0	0
2026.04.06	15:00:00	184.221	184.236	184.134	184.171	4448	0	0
2026.04.06	16:00:00	184.170	184.379	184.142	184.374	6502	0	0
2026.04.06	17:00:00	184.374	184.461	184.299	184.355	10379	0	0
2026.04.06	18:00:00	184.355	184.409	184.314	184.374	7507	0	0
2026.04.06	19:00:00	184.374	184.387	184.312	184.350	4561	0	0
2026.04.06	20:00:00	184.350	184.452	184.303	184.403	5306	0	0
2026.04.06	21:00:00	184.403	184.448	184.343	184.370	5630	0	0
2026.04.06	22:00:00	184.370	184.382	184.310	184.333	2725	0	0
2026.04.06	23:00:00	184.333	184.354	184.279	184.299	2513	0	3
2026.04.07	00:00:00	184.219	184.352	184.183	184.228	1326	0	60
2026.04.07	01:00:00	184.228	184.311	184.225	184.299	2880	0	7
2026.04.07	02:00:00	184.298	184.319	184.264	184.297	2367	0	3
2026.04.07	03:00:00	184.297	184.414	184.288	184.403	5706	0	1
2026.04.07	04:00:00	184.403	184.432	184.316	184.346	6142	0	1
2026.04.07	05:00:00	184.346	184.365	184.281	184.326	3369	0	2
2026.04.07	06:00:00	184.326	184.374	184.315	184.355	2464	0	3
2026.04.07	07:00:00	184.355	184.362	184.269	184.308	3023	0	4
2026.04.07	08:00:00	184.312	184.361	184.263	184.304	3836	0	0
2026.04.07	09:00:00	184.304	184.475	184.276	184.466	4985	0	0
2026.04.07	10:00:00	184.466	184.544	184.415	184.528	5076	0	0
2026.04.07	11:00:00	184.528	184.653	184.490	184.588	9909	0	0
2026.04.07	12:00:00	184.588	184.635	184.546	184.584	6271	0	0
2026.04.07	13:00:00	184.584	184.621	184.446	184.618	8937	0	0
2026.04.07	14:00:00	184.618	184.767	184.548	184.765	5145	0	0
2026.04.07	15:00:00	184.765	184.819	184.700	184.714	7028	0	0
2026.04.07	16:00:00	184.714	184.899	184.692	184.890	8109	0	0
2026.04.07	17:00:00	184.890	185.142	184.849	185.100	9474	0	0
2026.04.07	18:00:00	185.100	185.152	185.015	185.022	8751	0	0
2026.04.07	19:00:00	185.022	185.057	184.969	185.034	7255	0	0
2026.04.07	20:00:00	185.034	185.044	184.926	184.990	6139	0	0
2026.04.07	21:00:00	184.990	185.014	184.945	185.012	4814	0	0
2026.04.07	22:00:00	185.012	185.118	184.999	185.037	9126	0	0
2026.04.07	23:00:00	185.032	185.165	185.002	185.074	6870	0	1
2026.04.08	00:00:00	185.003	185.127	184.901	185.030	1976	0	99
2026.04.08	01:00:00	185.030	185.427	185.013	185.424	11634	0	0
2026.04.08	02:00:00	185.424	185.548	185.255	185.481	15914	0	0
2026.04.08	03:00:00	185.481	185.488	185.047	185.217	16120	0	0
2026.04.08	04:00:00	185.218	185.262	184.936	184.947	12116	0	0
2026.04.08	05:00:00	184.947	185.068	184.870	184.949	9061	0	0
2026.04.08	06:00:00	184.949	184.970	184.803	184.911	6498	0	0
2026.04.08	07:00:00	184.911	185.024	184.882	184.897	6635	0	0
2026.04.08	08:00:00	184.901	185.190	184.867	185.051	8853	0	0
2026.04.08	09:00:00	185.053	185.109	184.896	185.037	10926	0	0
2026.04.08	10:00:00	185.038	185.070	184.942	185.046	9763	0	0
2026.04.08	11:00:00	185.045	185.085	184.877	184.999	8884	0	0
2026.04.08	12:00:00	184.999	185.138	184.938	185.110	7261	0	0
2026.04.08	13:00:00	185.109	185.214	185.089	185.212	5387	0	0
2026.04.08	14:00:00	185.212	185.322	185.134	185.160	7781	0	0
2026.04.08	15:00:00	185.160	185.196	185.001	185.101	10805	0	0
2026.04.08	16:00:00	185.101	185.123	184.964	185.094	12691	0	0
2026.04.08	17:00:00	185.094	185.205	185.058	185.098	11895	0	0
2026.04.08	18:00:00	185.098	185.215	185.056	185.096	9393	0	0
2026.04.08	19:00:00	185.096	185.120	185.019	185.065	6580	0	0
2026.04.08	20:00:00	185.065	185.101	184.959	184.997	5943	0	0
2026.04.08	21:00:00	184.997	185.059	184.903	184.934	8664	0	0
2026.04.08	22:00:00	184.931	184.999	184.871	184.982	7510	0	0
2026.04.08	23:00:00	184.981	185.006	184.885	184.895	3390	0	3
2026.04.09	00:00:00	184.814	185.017	184.774	184.908	1249	0	35
2026.04.09	01:00:00	184.908	184.973	184.889	184.922	2490	0	0
2026.04.09	02:00:00	184.922	185.000	184.913	184.972	2810	0	7
2026.04.09	03:00:00	184.972	185.186	184.916	185.181	6627	0	0
2026.04.09	04:00:00	185.181	185.229	185.129	185.219	5184	0	0
2026.04.09	05:00:00	185.219	185.241	185.147	185.147	3517	0	2
2026.04.09	06:00:00	185.147	185.199	185.098	185.142	3704	0	2
2026.04.09	07:00:00	185.142	185.215	185.103	185.185	3250	0	3
2026.04.09	08:00:00	185.189	185.259	185.151	185.227	3407	0	0
2026.04.09	09:00:00	185.227	185.271	185.128	185.212	5438	0	0
2026.04.09	10:00:00	185.212	185.409	185.212	185.409	5898	0	0
2026.04.09	11:00:00	185.409	185.615	185.370	185.591	5332	0	0
2026.04.09	12:00:00	185.591	185.682	185.570	185.611	4721	0	0
2026.04.09	13:00:00	185.611	185.724	185.605	185.669	4103	0	0
2026.04.09	14:00:00	185.669	185.727	185.643	185.723	4916	0	0
2026.04.09	15:00:00	185.723	185.877	185.670	185.808	6449	0	0
2026.04.09	16:00:00	185.808	185.885	185.738	185.841	6978	0	0
2026.04.09	17:00:00	185.841	186.038	185.786	186.005	8380	0	0
2026.04.09	18:00:00	186.005	186.222	185.916	185.965	10773	0	0
2026.04.09	19:00:00	185.965	185.967	185.785	185.920	7462	0	0
2026.04.09	20:00:00	185.920	186.088	185.910	185.982	5221	0	0
2026.04.09	21:00:00	185.982	186.045	185.944	186.030	5732	0	0
2026.04.09	22:00:00	186.030	186.230	186.025	186.149	4412	0	0
2026.04.09	23:00:00	186.144	186.152	185.963	185.969	2696	0	4
2026.04.10	00:00:00	185.884	186.034	185.879	186.022	1552	0	56
2026.04.10	01:00:00	186.022	186.064	185.997	186.035	3011	0	8
2026.04.10	02:00:00	186.035	186.059	185.995	185.999	3005	0	0
2026.04.10	03:00:00	185.999	186.108	185.992	186.053	5020	0	0
2026.04.10	04:00:00	186.053	186.103	185.942	185.948	4123	0	4
2026.04.10	05:00:00	185.948	186.084	185.940	186.067	3746	0	3
2026.04.10	06:00:00	186.067	186.151	186.042	186.121	2605	0	1
2026.04.10	07:00:00	186.121	186.166	186.095	186.117	2504	0	0
2026.04.10	08:00:00	186.121	186.182	186.109	186.173	2573	0	0
2026.04.10	09:00:00	186.173	186.211	186.096	186.109	4075	0	0
2026.04.10	10:00:00	186.108	186.184	186.071	186.105	4328	0	0
2026.04.10	11:00:00	186.105	186.193	186.064	186.179	3670	0	0
2026.04.10	12:00:00	186.179	186.521	186.135	186.482	6289	0	0
2026.04.10	13:00:00	186.483	186.548	186.455	186.468	4114	0	0
2026.04.10	14:00:00	186.468	186.554	186.431	186.461	3487	0	0
2026.04.10	15:00:00	186.461	186.553	186.240	186.545	7044	0	0
2026.04.10	16:00:00	186.545	186.716	186.521	186.675	7136	0	0
2026.04.10	17:00:00	186.675	186.791	186.622	186.622	8312	0	0
2026.04.10	18:00:00	186.622	186.727	186.535	186.652	6731	0	0
2026.04.10	19:00:00	186.652	186.737	186.623	186.670	4244	0	0
2026.04.10	20:00:00	186.669	186.753	186.669	186.749	3014	0	0
2026.04.10	21:00:00	186.749	186.883	186.714	186.861	4238	0	0
2026.04.10	22:00:00	186.861	186.882	186.800	186.823	2498	0	0
2026.04.10	23:00:00	186.818	186.861	186.717	186.804	3090	0	0
2026.04.13	00:00:00	186.276	186.388	186.075	186.254	745	0	0
2026.04.13	01:00:00	186.254	186.583	186.238	186.531	6368	0	0
2026.04.13	02:00:00	186.532	186.566	186.348	186.422	4896	0	0
2026.04.13	03:00:00	186.422	186.779	186.397	186.656	7307	0	0
2026.04.13	04:00:00	186.656	186.684	186.576	186.613	6497	0	1
2026.04.13	05:00:00	186.613	186.700	186.596	186.677	3894	0	3
2026.04.13	06:00:00	186.677	186.695	186.631	186.637	3230	0	0
2026.04.13	07:00:00	186.637	186.723	186.621	186.654	3286	0	3
2026.04.13	08:00:00	186.658	186.684	186.616	186.629	3556	0	0
2026.04.13	09:00:00	186.629	186.666	186.481	186.590	6050	0	0
2026.04.13	10:00:00	186.590	186.786	186.590	186.695	5375	0	0
2026.04.13	11:00:00	186.695	186.708	186.582	186.640	4776	0	0
2026.04.13	12:00:00	186.638	186.724	186.618	186.672	4240	0	0
2026.04.13	13:00:00	186.672	186.750	186.600	186.732	3627	0	0
2026.04.13	14:00:00	186.732	186.850	186.704	186.728	5138	0	0
2026.04.13	15:00:00	186.728	186.877	186.709	186.875	6587	0	0
2026.04.13	16:00:00	186.875	186.954	186.756	186.763	7673	0	0
2026.04.13	17:00:00	186.763	186.985	186.732	186.862	8780	0	0
2026.04.13	18:00:00	186.862	187.083	186.851	187.056	6994	0	0
2026.04.13	19:00:00	187.056	187.106	187.011	187.047	8782	0	0
2026.04.13	20:00:00	187.047	187.090	186.992	187.046	5054	0	0
2026.04.13	21:00:00	187.046	187.459	187.001	187.441	6681	0	0
2026.04.13	22:00:00	187.440	187.455	187.290	187.441	4318	0	0
2026.04.13	23:00:00	187.436	187.510	187.436	187.484	2842	0	8
2026.04.14	00:00:00	187.454	187.454	187.307	187.324	1287	0	40
2026.04.14	01:00:00	187.324	187.525	187.324	187.442	2130	0	6
2026.04.14	02:00:00	187.442	187.443	187.316	187.346	2741	0	2
2026.04.14	03:00:00	187.346	187.416	187.253	187.277	5861	0	0
2026.04.14	04:00:00	187.276	187.342	187.155	187.230	5388	0	0
2026.04.14	05:00:00	187.230	187.274	187.122	187.161	3880	0	1
2026.04.14	06:00:00	187.161	187.213	187.119	187.201	3102	0	4
2026.04.14	07:00:00	187.201	187.226	187.122	187.124	2689	0	0
2026.04.14	08:00:00	187.127	187.236	187.085	187.208	3574	0	0
2026.04.14	09:00:00	187.208	187.478	187.175	187.459	5701	0	0
2026.04.14	10:00:00	187.460	187.541	187.376	187.382	7958	0	0
2026.04.14	11:00:00	187.382	187.468	187.329	187.425	5408	0	0
2026.04.14	12:00:00	187.425	187.522	187.256	187.410	5134	0	0
2026.04.14	13:00:00	187.410	187.467	187.302	187.359	5248	0	0
2026.04.14	14:00:00	187.359	187.400	187.304	187.347	5408	0	0
2026.04.14	15:00:00	187.348	187.395	187.265	187.357	7836	0	0
2026.04.14	16:00:00	187.357	187.466	187.309	187.443	7959	0	0
2026.04.14	17:00:00	187.445	187.461	187.188	187.459	8509	0	0
2026.04.14	18:00:00	187.459	187.474	187.258	187.365	7477	0	0
2026.04.14	19:00:00	187.365	187.387	187.314	187.335	3828	0	0
2026.04.14	20:00:00	187.335	187.378	187.227	187.239	2839	0	0
2026.04.14	21:00:00	187.239	187.308	187.192	187.291	3843	0	0
2026.04.14	22:00:00	187.291	187.368	187.281	187.331	2838	0	0
2026.04.14	23:00:00	187.326	187.371	187.266	187.266	2050	0	6
2026.04.15	00:00:00	187.241	187.271	187.187	187.231	4946	0	41
2026.04.15	01:00:00	187.231	187.348	187.231	187.347	1134	0	4
2026.04.15	02:00:00	187.347	187.403	187.346	187.356	3115	0	0
2026.04.15	03:00:00	187.357	187.369	187.221	187.307	5202	0	2
2026.04.15	04:00:00	187.307	187.449	187.306	187.365	5816	0	0
2026.04.15	05:00:00	187.365	187.413	187.292	187.399	3541	0	0
2026.04.15	06:00:00	187.399	187.449	187.341	187.398	2800	0	1
2026.04.15	07:00:00	187.398	187.440	187.379	187.417	1805	0	1
2026.04.15	08:00:00	187.417	187.497	187.379	187.448	3474	0	0
2026.04.15	09:00:00	187.448	187.465	187.345	187.397	4256	0	0
2026.04.15	10:00:00	187.397	187.415	187.262	187.311	4598	0	0
2026.04.15	11:00:00	187.311	187.327	187.103	187.187	5260	0	0
2026.04.15	12:00:00	187.187	187.267	187.106	187.206	6634	0	0
2026.04.15	13:00:00	187.206	187.284	187.151	187.225	6051	0	0
2026.04.15	14:00:00	187.225	187.399	187.184	187.383	4879	0	0
2026.04.15	15:00:00	187.383	187.596	187.383	187.555	5195	0	0
2026.04.15	16:00:00	187.555	187.593	187.434	187.461	6263	0	0
2026.04.15	17:00:00	187.461	187.581	187.431	187.553	7144	0	0
2026.04.15	18:00:00	187.555	187.639	187.508	187.618	6283	0	0
2026.04.15	19:00:00	187.618	187.638	187.335	187.496	5227	0	0
2026.04.15	20:00:00	187.496	187.665	187.490	187.660	3354	0	0
2026.04.15	21:00:00	187.660	187.699	187.616	187.652	4185	0	0
2026.04.15	22:00:00	187.652	187.673	187.582	187.593	2503	0	0
2026.04.15	23:00:00	187.588	187.599	187.508	187.539	2372	0	4
2026.04.16	00:00:00	187.562	187.598	187.414	187.494	914	0	27
2026.04.16	01:00:00	187.489	187.548	187.465	187.500	1629	0	2
2026.04.16	02:00:00	187.500	187.535	187.442	187.507	2282	0	0
2026.04.16	03:00:00	187.507	187.516	187.386	187.415	4785	0	3
2026.04.16	04:00:00	187.415	187.429	187.322	187.369	4680	0	0
2026.04.16	05:00:00	187.369	187.533	187.312	187.317	5089	0	1
2026.04.16	06:00:00	187.317	187.440	187.099	187.435	7332	0	0
2026.04.16	07:00:00	187.435	187.481	187.396	187.430	3701	0	0
2026.04.16	08:00:00	187.434	187.536	187.374	187.510	3473	0	0
2026.04.16	09:00:00	187.510	187.541	187.366	187.428	5480	0	0
2026.04.16	10:00:00	187.428	187.447	187.292	187.328	6093	0	0
2026.04.16	11:00:00	187.328	187.391	187.295	187.386	5973	0	0
2026.04.16	12:00:00	187.386	187.406	187.290	187.339	4720	0	0
2026.04.16	13:00:00	187.339	187.358	187.283	187.325	3746	0	0
2026.04.16	14:00:00	187.325	187.362	187.270	187.319	5463	0	0
2026.04.16	15:00:00	187.319	187.473	187.264	187.460	6196	0	0
2026.04.16	16:00:00	187.460	187.471	187.300	187.439	7194	0	0
2026.04.16	17:00:00	187.439	187.518	187.356	187.477	8914	0	0
2026.04.16	18:00:00	187.477	187.521	187.396	187.426	7616	0	0
2026.04.16	19:00:00	187.426	187.467	187.406	187.433	5659	0	0
2026.04.16	20:00:00	187.433	187.528	187.405	187.503	3539	0	0
2026.04.16	21:00:00	187.502	187.568	187.467	187.552	4110	0	0
2026.04.16	22:00:00	187.552	187.570	187.467	187.522	3245	0	0
2026.04.16	23:00:00	187.518	187.562	187.482	187.494	1985	0	6
2026.04.17	00:00:00	187.365	187.499	187.363	187.414	611	0	89
2026.04.17	01:00:00	187.414	187.545	187.411	187.515	1309	0	6
2026.04.17	02:00:00	187.515	187.584	187.496	187.555	2052	0	3
2026.04.17	03:00:00	187.556	187.713	187.518	187.673	4980	0	1
2026.04.17	04:00:00	187.673	187.739	187.607	187.662	4169	0	1
2026.04.17	05:00:00	187.662	187.736	187.655	187.696	2662	0	0
2026.04.17	06:00:00	187.696	187.829	187.682	187.812	2625	0	0
2026.04.17	07:00:00	187.812	187.903	187.797	187.894	2523	0	3
2026.04.17	08:00:00	187.894	187.952	187.873	187.878	3195	0	0
2026.04.17	09:00:00	187.878	187.918	187.672	187.699	4890	0	0
2026.04.17	10:00:00	187.699	187.761	187.634	187.668	5336	0	0
2026.04.17	11:00:00	187.668	187.739	187.578	187.691	4983	0	0
2026.04.17	12:00:00	187.691	187.765	187.522	187.564	4714	0	0
2026.04.17	13:00:00	187.564	187.734	187.545	187.729	4175	0	0
2026.04.17	14:00:00	187.729	187.825	187.705	187.728	4054	0	0
2026.04.17	15:00:00	187.728	187.749	187.455	187.489	10892	0	0
2026.04.17	16:00:00	187.489	187.548	187.136	187.196	16846	0	0
2026.04.17	17:00:00	187.196	187.227	186.315	186.480	13691	0	0
2026.04.17	18:00:00	186.480	186.683	186.450	186.572	11299	0	0
2026.04.17	19:00:00	186.572	186.593	186.428	186.471	5874	0	0
2026.04.17	20:00:00	186.471	186.610	186.460	186.563	6573	0	0
2026.04.17	21:00:00	186.563	186.643	186.546	186.640	5389	0	0
2026.04.17	22:00:00	186.638	186.668	186.586	186.613	4966	0	0
2026.04.17	23:00:00	186.613	186.676	186.504	186.616	4631	0	0
2026.04.20	00:00:00	186.261	186.472	186.252	186.406	1430	0	8
2026.04.20	01:00:00	186.406	186.684	186.406	186.674	3758	0	3
2026.04.20	02:00:00	186.674	186.869	186.635	186.828	6275	0	2
2026.04.20	03:00:00	186.829	187.047	186.780	186.899	7518	0	0
2026.04.20	04:00:00	186.899	186.919	186.764	186.764	5326	0	1
2026.04.20	05:00:00	186.764	186.832	186.738	186.790	3888	0	1
2026.04.20	06:00:00	186.790	186.859	186.746	186.846	3610	0	1
2026.04.20	07:00:00	186.846	186.898	186.811	186.846	3260	0	2
2026.04.20	08:00:00	186.850	186.925	186.786	186.817	3839	0	0
2026.04.20	09:00:00	186.817	186.979	186.753	186.911	6300	0	0
2026.04.20	10:00:00	186.911	186.983	186.800	186.937	7367	0	0
2026.04.20	11:00:00	186.937	187.076	186.911	186.980	5041	0	0
2026.04.20	12:00:00	186.980	187.026	186.851	186.980	5082	0	0
2026.04.20	13:00:00	186.980	187.079	186.914	187.049	3998	0	0
2026.04.20	14:00:00	187.049	187.091	186.884	186.906	4933	0	0
2026.04.20	15:00:00	186.906	186.975	186.842	186.922	5419	0	0
2026.04.20	16:00:00	186.922	186.955	186.755	186.793	8448	0	0
2026.04.20	17:00:00	186.791	186.923	186.763	186.846	8779	0	0
2026.04.20	18:00:00	186.845	187.012	186.830	186.978	8327	0	0
2026.04.20	19:00:00	186.979	187.042	186.942	186.986	4524	0	0
2026.04.20	20:00:00	186.986	187.077	186.980	187.077	3759	0	0
2026.04.20	21:00:00	187.077	187.212	187.045	187.193	5608	0	0
2026.04.20	22:00:00	187.193	187.237	187.146	187.212	3371	0	0
2026.04.20	23:00:00	187.207	187.287	187.176	187.178	3466	0	3
2026.04.21	00:00:00	187.028	187.158	187.015	187.035	2030	0	36
2026.04.21	01:00:00	187.035	187.205	187.030	187.197	2955	0	0
2026.04.21	02:00:00	187.197	187.210	187.161	187.189	2073	0	2
2026.04.21	03:00:00	187.189	187.333	187.179	187.288	5394	0	0
2026.04.21	04:00:00	187.288	187.318	187.241	187.249	6600	0	0
2026.04.21	05:00:00	187.249	187.291	187.190	187.232	3355	0	0
2026.04.21	06:00:00	187.232	187.235	187.163	187.213	3206	0	3
2026.04.21	07:00:00	187.213	187.223	187.167	187.176	2065	0	3
2026.04.21	08:00:00	187.180	187.204	187.141	187.164	2919	0	0
2026.04.21	09:00:00	187.164	187.187	186.999	187.001	4778	0	0
2026.04.21	10:00:00	186.996	187.157	186.993	187.075	5189	0	0
2026.04.21	11:00:00	187.075	187.307	187.057	187.273	6596	0	0
2026.04.21	12:00:00	187.274	187.304	187.131	187.212	4620	0	0
2026.04.21	13:00:00	187.213	187.254	187.174	187.227	3610	0	0
2026.04.21	14:00:00	187.227	187.311	187.147	187.153	4710	0	0
2026.04.21	15:00:00	187.153	187.235	187.094	187.184	6864	0	0
2026.04.21	16:00:00	187.184	187.234	187.140	187.183	6492	0	0
2026.04.21	17:00:00	187.183	187.333	187.182	187.306	8171	0	0
2026.04.21	18:00:00	187.306	187.350	187.189	187.315	8501	0	0
2026.04.21	19:00:00	187.315	187.364	187.227	187.240	5367	0	0
2026.04.21	20:00:00	187.240	187.267	187.059	187.094	9291	0	0
2026.04.21	21:00:00	187.094	187.137	187.050	187.116	6739	0	0
2026.04.21	22:00:00	187.116	187.176	187.031	187.153	9296	0	0
2026.04.21	23:00:00	187.153	187.288	187.124	187.145	6461	0	2
2026.04.22	00:00:00	187.095	187.247	186.988	187.090	1759	0	0
2026.04.22	01:00:00	187.090	187.174	187.090	187.130	3094	0	4
2026.04.22	02:00:00	187.130	187.211	187.116	187.175	2453	0	0
2026.04.22	03:00:00	187.177	187.194	186.990	187.066	6790	0	0
2026.04.22	04:00:00	187.066	187.076	187.011	187.038	4650	0	0
2026.04.22	05:00:00	187.038	187.115	187.038	187.090	3254	0	3
2026.04.22	06:00:00	187.090	187.150	187.079	187.104	2881	0	2
2026.04.22	07:00:00	187.104	187.114	187.033	187.060	2774	0	4
2026.04.22	08:00:00	187.064	187.158	187.050	187.105	5188	0	0
2026.04.22	09:00:00	187.105	187.128	186.966	186.968	4727	0	0
2026.04.22	10:00:00	186.968	187.205	186.958	187.172	5463	0	0
2026.04.22	11:00:00	187.172	187.311	187.126	187.307	5787	0	0
2026.04.22	12:00:00	187.307	187.325	187.177	187.191	4639	0	0
2026.04.22	13:00:00	187.192	187.223	187.109	187.117	4440	0	0
2026.04.22	14:00:00	187.117	187.119	186.854	186.877	5967	0	0
2026.04.22	15:00:00	186.877	186.915	186.764	186.895	5862	0	0
2026.04.22	16:00:00	186.895	186.913	186.730	186.887	8963	0	0
2026.04.22	17:00:00	186.887	186.894	186.764	186.785	8077	0	0
2026.04.22	18:00:00	186.786	186.910	186.754	186.824	6849	0	0
2026.04.22	19:00:00	186.827	186.848	186.785	186.827	4102	0	0
2026.04.22	20:00:00	186.827	186.836	186.713	186.713	4198	0	0
2026.04.22	21:00:00	186.713	186.772	186.700	186.737	3317	0	0
2026.04.22	22:00:00	186.737	186.763	186.709	186.761	2978	0	0
2026.04.22	23:00:00	186.756	186.768	186.659	186.659	3096	0	5
2026.04.23	00:00:00	186.556	186.695	186.514	186.669	486	0	57
2026.04.23	01:00:00	186.669	186.705	186.641	186.687	792	0	7
2026.04.23	02:00:00	186.687	186.707	186.643	186.688	2067	0	0
2026.04.23	03:00:00	186.688	186.750	186.562	186.599	10094	0	0
2026.04.23	04:00:00	186.598	186.675	186.577	186.618	6060	0	0
2026.04.23	05:00:00	186.618	186.698	186.611	186.612	4826	0	3
2026.04.23	06:00:00	186.612	186.641	186.568	186.595	4467	0	1
2026.04.23	07:00:00	186.595	186.699	186.593	186.668	3198	0	3
2026.04.23	08:00:00	186.671	186.778	186.665	186.769	3045	0	0
2026.04.23	09:00:00	186.767	186.910	186.748	186.858	4559	0	0
2026.04.23	10:00:00	186.858	186.967	186.712	186.770	6606	0	0
2026.04.23	11:00:00	186.770	186.883	186.770	186.868	5345	0	0
2026.04.23	12:00:00	186.868	186.877	186.729	186.787	5472	0	0
2026.04.23	13:00:00	186.787	186.826	186.558	186.586	6103	0	0
2026.04.23	14:00:00	186.586	186.611	186.515	186.529	6476	0	0
2026.04.23	15:00:00	186.530	186.588	186.433	186.493	9127	0	0
2026.04.23	16:00:00	186.493	186.634	186.456	186.560	7882	0	0
2026.04.23	17:00:00	186.560	186.752	186.515	186.667	8315	0	0
2026.04.23	18:00:00	186.667	186.694	186.586	186.602	6992	0	0
2026.04.23	19:00:00	186.602	186.637	186.525	186.600	4885	0	0
2026.04.23	20:00:00	186.600	186.663	186.520	186.571	12395	0	0
2026.04.23	21:00:00	186.571	186.601	186.544	186.595	7031	0	0
2026.04.23	22:00:00	186.595	186.641	186.576	186.632	4715	0	0
2026.04.23	23:00:00	186.627	186.649	186.583	186.613	3851	0	5
2026.04.24	00:00:00	186.325	186.590	186.325	186.532	2284	0	72
2026.04.24	01:00:00	186.532	186.649	186.510	186.627	878	0	0
2026.04.24	02:00:00	186.627	186.683	186.594	186.648	2401	0	0
2026.04.24	03:00:00	186.648	186.724	186.620	186.721	5323	0	0
2026.04.24	04:00:00	186.721	186.739	186.671	186.730	3945	0	4
2026.04.24	05:00:00	186.730	186.750	186.580	186.594	2884	0	3
2026.04.24	06:00:00	186.594	186.632	186.575	186.604	3193	0	5
2026.04.24	07:00:00	186.604	186.624	186.540	186.603	2725	0	5
2026.04.24	08:00:00	186.607	186.654	186.585	186.645	2493	0	0
2026.04.24	09:00:00	186.645	186.651	186.467	186.492	4782	0	0
2026.04.24	10:00:00	186.492	186.704	186.440	186.671	4495	0	0
2026.04.24	11:00:00	186.669	186.764	186.593	186.712	6408	0	0
2026.04.24	12:00:00	186.712	186.719	186.639	186.686	3707	0	0
2026.04.24	13:00:00	186.686	186.864	186.677	186.844	3817	0	0
2026.04.24	14:00:00	186.844	186.880	186.687	186.762	9929	0	0
2026.04.24	15:00:00	186.762	186.849	186.711	186.814	6531	0	0
2026.04.24	16:00:00	186.815	186.853	186.737	186.836	7579	0	0
2026.04.24	17:00:00	186.835	186.855	186.677	186.730	9545	0	0
2026.04.24	18:00:00	186.730	186.788	186.688	186.729	7780	0	0
2026.04.24	19:00:00	186.728	186.770	186.687	186.750	4924	0	0
2026.04.24	20:00:00	186.750	186.771	186.709	186.730	4148	0	0
2026.04.24	21:00:00	186.730	186.828	186.725	186.810	3316	0	0
2026.04.24	22:00:00	186.811	186.840	186.774	186.818	3064	0	0
2026.04.24	23:00:00	186.813	186.836	186.698	186.795	3422	0	0
2026.04.27	00:00:00	186.625	186.823	186.599	186.755	880	0	0
2026.04.27	01:00:00	186.755	186.846	186.754	186.802	1625	0	7
2026.04.27	02:00:00	186.802	186.837	186.769	186.806	2611	0	4
2026.04.27	03:00:00	186.806	186.869	186.768	186.852	4293	0	3
2026.04.27	04:00:00	186.852	186.890	186.753	186.808	6615	0	0
2026.04.27	05:00:00	186.808	186.841	186.760	186.810	3959	0	1
2026.04.27	06:00:00	186.809	186.831	186.750	186.772	3691	0	0
2026.04.27	07:00:00	186.772	186.772	186.695	186.737	3199	0	0
2026.04.27	08:00:00	186.740	186.896	186.729	186.881	4954	0	0
2026.04.27	09:00:00	186.881	186.908	186.773	186.821	5331	0	0
2026.04.27	10:00:00	186.821	187.014	186.762	187.005	5709	0	0
2026.04.27	11:00:00	187.005	187.029	186.894	186.985	6188	0	0
2026.04.27	12:00:00	186.985	187.005	186.904	186.974	4106	0	0
2026.04.27	13:00:00	186.974	187.003	186.885	186.948	4140	0	0
2026.04.27	14:00:00	186.948	186.962	186.861	186.925	3698	0	0
2026.04.27	15:00:00	186.925	187.082	186.911	187.015	6124	0	0
2026.04.27	16:00:00	187.015	187.109	186.941	186.980	7329	0	0
2026.04.27	17:00:00	186.980	186.996	186.804	186.868	6972	0	0
2026.04.27	18:00:00	186.868	186.918	186.837	186.876	5646	0	0
2026.04.27	19:00:00	186.876	186.965	186.857	186.906	3778	0	0
2026.04.27	20:00:00	186.906	186.931	186.851	186.862	4013	0	0
2026.04.27	21:00:00	186.862	186.903	186.848	186.880	2770	0	0
2026.04.27	22:00:00	186.880	186.903	186.853	186.861	2523	0	0
2026.04.27	23:00:00	186.858	186.888	186.824	186.845	2039	0	7
2026.04.28	00:00:00	186.749	186.815	186.697	186.749	1113	0	59
2026.04.28	01:00:00	186.749	186.863	186.743	186.830	1454	0	0
2026.04.28	02:00:00	186.830	186.877	186.767	186.790	1534	0	0
2026.04.28	03:00:00	186.790	186.854	186.739	186.842	3942	0	0
2026.04.28	04:00:00	186.842	186.877	186.787	186.845	4006	0	0
2026.04.28	05:00:00	186.845	186.860	186.730	186.737	3152	0	0
2026.04.28	06:00:00	186.737	186.800	186.246	186.297	7133	0	0
2026.04.28	07:00:00	186.297	186.312	186.203	186.289	3801	0	0
2026.04.28	08:00:00	186.293	186.350	186.263	186.329	4394	0	0
2026.04.28	09:00:00	186.329	186.345	186.070	186.213	10123	0	0
2026.04.28	10:00:00	186.214	186.610	186.166	186.571	10679	0	0
2026.04.28	11:00:00	186.571	186.820	186.571	186.590	10355	0	0
2026.04.28	12:00:00	186.590	186.638	186.465	186.545	7624	0	0
2026.04.28	13:00:00	186.545	186.649	186.511	186.633	8248	0	0
2026.04.28	14:00:00	186.633	186.778	186.608	186.612	9088	0	0
2026.04.28	15:00:00	186.612	186.676	186.445	186.490	11966	0	0
2026.04.28	16:00:00	186.490	186.679	186.458	186.553	10781	0	0
2026.04.28	17:00:00	186.555	186.858	186.529	186.856	12486	0	0
2026.04.28	18:00:00	186.858	186.918	186.809	186.849	10559	0	0
2026.04.28	19:00:00	186.852	186.887	186.778	186.823	7181	0	0
2026.04.28	20:00:00	186.823	186.883	186.800	186.852	4703	0	0
2026.04.28	21:00:00	186.852	186.948	186.842	186.913	4590	0	0
2026.04.28	22:00:00	186.911	186.934	186.867	186.925	5233	0	0
2026.04.28	23:00:00	186.920	186.939	186.886	186.905	1780	0	0
2026.04.29	00:00:00	186.733	186.889	186.678	186.808	743	0	80
2026.04.29	01:00:00	186.807	186.931	186.807	186.874	1120	0	1
2026.04.29	02:00:00	186.874	186.907	186.850	186.890	838	0	0
2026.04.29	03:00:00	186.890	186.925	186.827	186.848	2911	0	0
2026.04.29	04:00:00	186.848	186.901	186.820	186.865	5357	0	0
2026.04.29	05:00:00	186.865	186.904	186.801	186.807	2959	0	0
2026.04.29	06:00:00	186.807	186.839	186.767	186.773	2305	0	0
2026.04.29	07:00:00	186.773	186.823	186.768	186.789	2100	0	0
2026.04.29	08:00:00	186.790	186.824	186.723	186.801	4202	0	0
2026.04.29	09:00:00	186.801	186.835	186.680	186.725	6743	0	0
2026.04.29	10:00:00	186.725	186.873	186.700	186.836	7501	0	0
2026.04.29	11:00:00	186.835	186.886	186.699	186.880	7852	0	0
2026.04.29	12:00:00	186.880	186.965	186.834	186.896	5931	0	0
2026.04.29	13:00:00	186.896	186.994	186.852	186.992	5221	0	0
2026.04.29	14:00:00	186.993	187.042	186.952	186.965	6453	0	0
2026.04.29	15:00:00	186.965	187.087	186.948	187.085	9184	0	0
2026.04.29	16:00:00	187.085	187.168	186.986	187.165	11501	0	0
2026.04.29	17:00:00	187.165	187.273	187.077	187.263	11330	0	0
2026.04.29	18:00:00	187.264	187.415	187.231	187.320	10527	0	0
2026.04.29	19:00:00	187.320	187.326	187.217	187.245	9958	0	0
2026.04.29	20:00:00	187.246	187.264	187.163	187.173	8987	0	0
2026.04.29	21:00:00	187.173	187.216	187.006	187.094	13823	0	0
2026.04.29	22:00:00	187.094	187.226	187.049	187.198	10240	0	0
2026.04.29	23:00:00	187.194	187.247	187.149	187.226	4799	0	0
2026.04.30	00:00:00	187.080	187.292	187.080	187.211	3075	0	84
2026.04.30	01:00:00	187.211	187.299	187.211	187.239	2155	0	6
2026.04.30	02:00:00	187.239	187.256	187.162	187.200	3525	0	2
2026.04.30	03:00:00	187.200	187.283	187.100	187.231	8497	0	0
2026.04.30	04:00:00	187.231	187.242	187.064	187.072	7000	0	1
2026.04.30	05:00:00	187.073	187.148	187.041	187.086	5951	0	0
2026.04.30	06:00:00	187.086	187.184	187.084	187.165	6058	0	1
2026.04.30	07:00:00	187.165	187.217	187.073	187.205	7000	0	0
2026.04.30	08:00:00	187.205	187.330	187.177	187.321	4454	0	0
2026.04.30	09:00:00	187.321	187.463	187.286	187.458	6726	0	0
2026.04.30	10:00:00	187.458	187.559	186.711	187.053	7409	0	0
2026.04.30	11:00:00	187.053	187.226	186.233	186.414	14126	0	0
2026.04.30	12:00:00	186.415	186.472	186.072	186.361	12319	0	0
2026.04.30	13:00:00	186.361	186.368	183.873	184.135	21605	0	0
2026.04.30	14:00:00	184.135	184.344	182.294	183.053	24334	0	0
2026.04.30	15:00:00	183.053	183.685	182.981	183.387	15640	0	0
2026.04.30	16:00:00	183.385	183.534	182.759	183.465	16116	0	0
2026.04.30	17:00:00	183.465	183.878	183.315	183.765	16207	0	0
2026.04.30	18:00:00	183.763	183.923	183.730	183.758	12047	0	0
2026.04.30	19:00:00	183.758	183.803	183.586	183.614	7199	0	0
2026.04.30	20:00:00	183.614	183.758	183.496	183.497	6456	0	0
2026.04.30	21:00:00	183.496	183.645	183.420	183.592	6146	0	0
2026.04.30	22:00:00	183.593	183.761	183.537	183.724	6308	0	0
2026.04.30	23:00:00	183.720	183.768	183.684	183.743	4868	0	4
2026.05.01	00:00:00	183.601	183.757	183.498	183.679	1550	0	62
2026.05.01	01:00:00	183.680	183.882	183.680	183.807	1842	0	0
2026.05.01	02:00:00	183.807	184.204	183.797	184.156	5144	0	0
2026.05.01	03:00:00	184.153	184.500	184.136	184.242	10684	0	0
2026.05.01	04:00:00	184.243	184.471	184.190	184.437	8123	0	0
2026.05.01	05:00:00	184.436	184.579	184.366	184.520	5911	0	0
2026.05.01	06:00:00	184.520	184.584	184.279	184.421	5352	0	0
2026.05.01	07:00:00	184.421	184.470	184.315	184.421	4709	0	0
2026.05.01	08:00:00	184.425	184.454	184.344	184.399	3108	0	0
2026.05.01	09:00:00	184.399	184.413	182.641	183.058	10012	0	0
2026.05.01	10:00:00	183.058	183.901	182.927	183.818	12814	0	0
2026.05.01	11:00:00	183.818	183.893	183.566	183.781	6945	0	0
2026.05.01	12:00:00	183.781	183.969	183.654	183.716	5469	0	0
2026.05.01	13:00:00	183.716	183.949	183.708	183.940	4643	0	0
2026.05.01	14:00:00	183.940	184.041	183.906	184.029	5307	0	0
2026.05.01	15:00:00	184.029	184.180	184.001	184.144	8385	0	0
2026.05.01	16:00:00	184.144	184.227	183.795	184.100	9180	0	0
2026.05.01	17:00:00	184.100	184.457	184.060	184.348	12563	0	0
2026.05.01	18:00:00	184.348	184.451	184.297	184.300	8307	0	0
2026.05.01	19:00:00	184.300	184.324	184.194	184.249	7030	0	0
2026.05.01	20:00:00	184.249	184.252	184.135	184.157	4581	0	0
2026.05.01	21:00:00	184.157	184.231	184.025	184.163	6285	0	0
2026.05.01	22:00:00	184.163	184.185	184.078	184.097	3766	0	0
2026.05.01	23:00:00	184.094	184.137	183.968	184.066	6891	0	0
2026.05.04	00:00:00	184.053	184.179	184.012	184.017	1539	0	0
2026.05.04	01:00:00	184.017	184.077	183.920	184.032	2637	0	0
2026.05.04	02:00:00	184.032	184.035	183.939	183.993	3465	0	0
2026.05.04	03:00:00	183.995	184.062	183.979	184.027	5942	0	0
2026.05.04	04:00:00	184.026	184.175	183.702	184.147	8204	0	0
2026.05.04	05:00:00	184.147	184.350	184.137	184.285	5320	0	0
2026.05.04	06:00:00	184.285	184.402	182.796	183.362	11653	0	0
2026.05.04	07:00:00	183.361	183.907	183.292	183.848	7596	0	0
2026.05.04	08:00:00	183.848	183.963	183.655	183.934	5807	0	0
2026.05.04	09:00:00	183.932	184.079	183.892	184.074	7149	0	0
2026.05.04	10:00:00	184.072	184.109	183.803	183.864	7099	0	0
2026.05.04	11:00:00	183.864	184.007	183.806	183.951	6149	0	0
2026.05.04	12:00:00	183.951	184.024	183.899	183.944	5084	0	0
2026.05.04	13:00:00	183.944	183.999	183.754	183.923	11953	0	0
2026.05.04	14:00:00	183.924	183.933	183.801	183.804	6426	0	0
2026.05.04	15:00:00	183.806	184.038	183.785	184.015	6397	0	0
2026.05.04	16:00:00	184.015	184.019	183.867	183.967	9342	0	0
2026.05.04	17:00:00	183.967	184.028	183.840	183.929	8621	0	0
2026.05.04	18:00:00	183.929	184.001	183.828	183.901	11145	0	0
2026.05.04	19:00:00	183.901	183.956	183.738	183.744	9423	0	0
2026.05.04	20:00:00	183.745	183.905	183.744	183.871	5760	0	0
2026.05.04	21:00:00	183.871	183.903	183.156	183.352	6150	0	0
2026.05.04	22:00:00	183.352	183.815	183.352	183.741	7158	0	0
2026.05.04	23:00:00	183.737	183.867	183.717	183.858	4030	0	1
2026.05.05	00:00:00	183.646	183.777	183.646	183.668	968	0	50
2026.05.05	01:00:00	183.668	183.845	183.668	183.812	1205	0	0
2026.05.05	02:00:00	183.812	183.836	183.771	183.815	2047	0	0
2026.05.05	03:00:00	183.816	183.846	183.718	183.730	4143	0	0
2026.05.05	04:00:00	183.730	183.793	183.684	183.736	3885	0	1
2026.05.05	05:00:00	183.736	183.810	183.723	183.759	2655	0	3
2026.05.05	06:00:00	183.759	183.780	183.730	183.755	1830	0	2
2026.05.05	07:00:00	183.755	183.807	183.678	183.681	2667	0	1
2026.05.05	08:00:00	183.684	183.761	183.668	183.761	3835	0	0
2026.05.05	09:00:00	183.761	183.818	183.709	183.746	4949	0	0
2026.05.05	10:00:00	183.746	183.824	183.695	183.805	6228	0	0
2026.05.05	11:00:00	183.804	183.948	183.783	183.851	4956	0	0
2026.05.05	12:00:00	183.850	184.476	183.702	184.146	8596	0	0
2026.05.05	13:00:00	184.145	184.310	184.122	184.256	4608	0	0
2026.05.05	14:00:00	184.256	184.427	184.245	184.400	5323	0	0
2026.05.05	15:00:00	184.400	184.521	184.292	184.481	7654	0	0
2026.05.05	16:00:00	184.481	184.610	184.469	184.564	7225	0	0
2026.05.05	17:00:00	184.564	184.651	184.533	184.584	9667	0	0
2026.05.05	18:00:00	184.584	184.674	184.541	184.600	6830	0	0
2026.05.05	19:00:00	184.599	184.654	184.530	184.613	4084	0	0
2026.05.05	20:00:00	184.612	184.720	184.608	184.676	4003	0	0
2026.05.05	21:00:00	184.676	184.761	184.666	184.723	2604	0	0
2026.05.05	22:00:00	184.723	184.738	184.628	184.655	2578	0	0
2026.05.05	23:00:00	184.650	184.663	184.611	184.626	2939	0	7
2026.05.06	00:00:00	184.550	184.619	184.365	184.617	615	0	49
2026.05.06	01:00:00	184.617	184.690	184.513	184.629	2452	0	0
2026.05.06	02:00:00	184.629	184.798	184.565	184.713	6633	0	0
2026.05.06	03:00:00	184.715	184.733	184.627	184.702	7630	0	0
2026.05.06	04:00:00	184.702	184.849	184.692	184.837	6939	0	0
2026.05.06	05:00:00	184.837	184.927	184.820	184.914	5499	0	2
2026.05.06	06:00:00	184.914	185.038	184.852	184.875	4686	0	0
2026.05.06	07:00:00	184.875	184.934	182.041	183.011	19089	0	0
2026.05.06	08:00:00	183.011	183.466	182.819	183.412	9743	0	0
2026.05.06	09:00:00	183.412	183.566	183.381	183.498	7206	0	0
2026.05.06	10:00:00	183.498	183.614	182.762	182.901	9141	0	0
2026.05.06	11:00:00	182.901	183.578	182.854	183.471	11959	0	0
2026.05.06	12:00:00	183.471	183.680	183.431	183.607	9915	0	0
2026.05.06	13:00:00	183.607	183.725	183.481	183.621	10430	0	0
2026.05.06	14:00:00	183.621	183.854	183.558	183.713	11334	0	0
2026.05.06	15:00:00	183.713	183.763	183.563	183.688	10608	0	0
2026.05.06	16:00:00	183.688	183.716	183.417	183.463	10366	0	0
2026.05.06	17:00:00	183.463	183.746	183.439	183.711	9850	0	0
2026.05.06	18:00:00	183.711	183.876	183.679	183.859	8223	0	0
2026.05.06	19:00:00	183.859	183.906	183.675	183.715	5820	0	0
2026.05.06	20:00:00	183.715	183.871	183.695	183.846	5057	0	0
2026.05.06	21:00:00	183.846	183.851	183.721	183.762	4389	0	0
2026.05.06	22:00:00	183.764	183.832	183.741	183.757	4809	0	0
2026.05.06	23:00:00	183.752	183.783	183.650	183.689	4174	0	6
2026.05.07	00:00:00	183.597	183.712	183.499	183.576	398	0	63
2026.05.07	01:00:00	183.576	183.742	183.571	183.704	1602	0	0
2026.05.07	02:00:00	183.704	183.880	183.648	183.878	2854	0	0
2026.05.07	03:00:00	183.878	183.884	183.617	183.655	7464	0	0
2026.05.07	04:00:00	183.655	183.704	183.497	183.695	7446	0	0
2026.05.07	05:00:00	183.695	183.809	183.632	183.794	4617	0	0
2026.05.07	06:00:00	183.794	183.798	183.700	183.769	3650	0	2
2026.05.07	07:00:00	183.769	183.785	183.689	183.731	3329	0	0
2026.05.07	08:00:00	183.735	183.800	183.703	183.769	3537	0	0
2026.05.07	09:00:00	183.769	183.791	183.521	183.612	5954	0	0
2026.05.07	10:00:00	183.612	183.879	183.538	183.873	8552	0	0
2026.05.07	11:00:00	183.873	184.030	183.811	184.025	6160	0	0
2026.05.07	12:00:00	184.026	184.136	184.002	184.059	5675	0	0
2026.05.07	13:00:00	184.060	184.168	184.001	184.035	5127	0	0
2026.05.07	14:00:00	184.035	184.088	183.936	184.087	5009	0	0
2026.05.07	15:00:00	184.087	184.097	183.982	183.995	6074	0	0
2026.05.07	16:00:00	183.995	184.105	183.991	183.991	7338	0	0
2026.05.07	17:00:00	183.991	184.125	183.918	184.002	7075	0	0
2026.05.07	18:00:00	184.002	184.165	184.001	184.086	7431	0	0
2026.05.07	19:00:00	184.087	184.224	184.083	184.211	6391	0	0
2026.05.07	20:00:00	184.211	184.240	184.043	184.072	7916	0	0
2026.05.07	21:00:00	184.071	184.224	184.033	184.177	6914	0	0
2026.05.07	22:00:00	184.177	184.196	184.061	184.071	6738	0	0
2026.05.07	23:00:00	184.065	184.139	183.964	183.969	6408	0	3
2026.05.08	00:00:00	183.866	183.985	183.776	183.917	2204	0	30
2026.05.08	01:00:00	183.917	184.033	183.866	183.956	2641	0	0
2026.05.08	02:00:00	183.956	184.021	183.941	183.990	1572	0	2
2026.05.08	03:00:00	183.991	184.118	183.977	184.077	5901	0	0
2026.05.08	04:00:00	184.079	184.124	184.013	184.086	3917	0	4
2026.05.08	05:00:00	184.086	184.124	183.984	183.991	3903	0	2
2026.05.08	06:00:00	183.991	184.000	183.931	183.946	2842	0	2
2026.05.08	07:00:00	183.946	184.096	183.944	184.061	3246	0	5
2026.05.08	08:00:00	184.065	184.111	184.043	184.081	2881	0	0
2026.05.08	09:00:00	184.083	184.195	184.056	184.188	4447	0	0
2026.05.08	10:00:00	184.188	184.204	184.115	184.170	4755	0	0
2026.05.08	11:00:00	184.170	184.345	184.169	184.345	5657	0	0
2026.05.08	12:00:00	184.345	184.426	184.327	184.399	4311	0	0
2026.05.08	13:00:00	184.399	184.494	184.388	184.427	3321	0	0
2026.05.08	14:00:00	184.426	184.492	184.404	184.424	3298	0	0
2026.05.08	15:00:00	184.424	184.450	184.279	184.434	7636	0	0
2026.05.08	16:00:00	184.434	184.446	184.280	184.370	7427	0	0
2026.05.08	17:00:00	184.370	184.445	184.325	184.420	6613	0	0
2026.05.08	18:00:00	184.420	184.493	184.315	184.415	6290	0	0
2026.05.08	19:00:00	184.416	184.483	184.394	184.454	3375	0	0
2026.05.08	20:00:00	184.454	184.492	184.405	184.461	3140	0	0
2026.05.08	21:00:00	184.461	184.595	184.444	184.565	4051	0	0
2026.05.08	22:00:00	184.565	184.677	184.561	184.633	3234	0	0
2026.05.08	23:00:00	184.628	184.736	184.616	184.673	3660	0	0
2026.05.11	00:00:00	183.767	184.361	183.730	184.324	2618	0	44
2026.05.11	01:00:00	184.324	184.579	184.319	184.570	3448	0	5
2026.05.11	02:00:00	184.569	184.624	184.542	184.585	1547	0	6
2026.05.11	03:00:00	184.585	184.802	184.579	184.713	5461	0	0
2026.05.11	04:00:00	184.713	184.797	184.675	184.784	4894	0	2
2026.05.11	05:00:00	184.784	184.870	184.749	184.787	3010	0	2
2026.05.11	06:00:00	184.787	184.801	184.717	184.761	2399	0	5
2026.05.11	07:00:00	184.761	184.764	184.606	184.628	2153	0	3
2026.05.11	08:00:00	184.633	184.661	184.603	184.635	2238	0	1
2026.05.11	09:00:00	184.635	184.772	184.625	184.750	4128	0	0
2026.05.11	10:00:00	184.750	184.968	184.731	184.966	3975	0	0
2026.05.11	11:00:00	184.966	185.020	184.869	184.916	4379	0	0
2026.05.11	12:00:00	184.915	184.971	184.882	184.917	2851	0	1
2026.05.11	13:00:00	184.919	184.965	184.839	184.943	3451	0	0
2026.05.11	14:00:00	184.943	184.983	184.844	184.906	3577	0	0
2026.05.11	15:00:00	184.904	184.997	184.846	184.996	4464	0	0
2026.05.11	16:00:00	184.995	185.128	184.993	185.071	5350	0	0
2026.05.11	17:00:00	185.071	185.115	184.925	184.939	5737	0	0
2026.05.11	18:00:00	184.939	185.037	184.932	185.001	5164	0	0
2026.05.11	19:00:00	185.001	185.068	184.971	185.026	3533	0	0
2026.05.11	20:00:00	185.026	185.095	185.015	185.045	3615	0	0
2026.05.11	21:00:00	185.045	185.129	185.041	185.110	2549	0	0
2026.05.11	22:00:00	185.110	185.220	185.105	185.191	2549	0	0
2026.05.11	23:00:00	185.186	185.249	185.157	185.240	2719	0	6
2026.05.12	00:00:00	184.962	185.218	184.962	185.162	1439	0	40
2026.05.12	01:00:00	185.163	185.294	185.157	185.255	1171	0	6
2026.05.12	02:00:00	185.255	185.264	185.184	185.201	2042	0	5
2026.05.12	03:00:00	185.202	185.255	185.169	185.236	4760	0	0
2026.05.12	04:00:00	185.236	185.335	185.203	185.285	6777	0	0
2026.05.12	05:00:00	185.285	185.391	185.275	185.361	3686	0	0
2026.05.12	06:00:00	185.361	185.366	185.248	185.294	2828	0	1
2026.05.12	07:00:00	185.294	185.344	185.241	185.273	3056	0	3
2026.05.12	08:00:00	185.273	185.460	184.440	185.039	4922	0	0
2026.05.12	09:00:00	185.043	185.146	184.785	185.082	9095	0	0
2026.05.12	10:00:00	185.084	185.127	184.933	185.035	6679	0	0
2026.05.12	11:00:00	185.035	185.172	184.974	185.119	5910	0	0
2026.05.12	12:00:00	185.119	185.201	185.084	185.098	4698	0	0
2026.05.12	13:00:00	185.099	185.156	184.985	184.988	3289	0	0
2026.05.12	14:00:00	184.988	185.075	184.932	185.051	4399	0	0
2026.05.12	15:00:00	185.051	185.116	184.967	185.092	6912	0	0
2026.05.12	16:00:00	185.092	185.127	184.897	184.924	7696	0	0
2026.05.12	17:00:00	184.924	185.001	184.872	184.987	7093	0	0
2026.05.12	18:00:00	184.987	185.053	184.900	185.036	6144	0	0
2026.05.12	19:00:00	185.037	185.112	185.008	185.019	3939	0	0
2026.05.12	20:00:00	185.019	185.035	184.977	185.027	3198	0	0
2026.05.12	21:00:00	185.027	185.049	184.952	185.023	3631	0	0
2026.05.12	22:00:00	185.024	185.071	185.006	185.069	2443	0	0
2026.05.12	23:00:00	185.069	185.071	185.007	185.029	2283	0	0
2026.05.13	00:00:00	184.926	185.025	184.794	184.943	1029	0	36
2026.05.13	01:00:00	184.943	185.031	184.943	185.008	738	0	9
2026.05.13	02:00:00	185.008	185.047	184.965	185.022	964	0	0
2026.05.13	03:00:00	185.023	185.150	185.005	185.123	3659	0	0
2026.05.13	04:00:00	185.123	185.153	184.988	185.061	4346	0	0
2026.05.13	05:00:00	185.061	185.127	185.010	185.041	2431	0	2
2026.05.13	06:00:00	185.041	185.046	184.987	185.028	2423	0	4
2026.05.13	07:00:00	185.028	185.084	185.022	185.073	1779	0	0
2026.05.13	08:00:00	185.073	185.120	185.029	185.030	2278	0	0
2026.05.13	09:00:00	185.030	185.063	184.853	184.906	3591	0	0
2026.05.13	10:00:00	184.906	184.918	184.741	184.777	4421	0	0
2026.05.13	11:00:00	184.777	184.789	184.628	184.683	4297	0	0
2026.05.13	12:00:00	184.683	184.783	184.640	184.765	4148	0	0
2026.05.13	13:00:00	184.765	184.880	184.669	184.844	4207	0	0
2026.05.13	14:00:00	184.844	184.880	184.771	184.779	3000	0	0
2026.05.13	15:00:00	184.779	184.839	184.667	184.709	5864	0	0
2026.05.13	16:00:00	184.709	184.786	184.694	184.757	6048	0	0
2026.05.13	17:00:00	184.757	184.859	184.724	184.821	5883	0	0
2026.05.13	18:00:00	184.821	184.894	184.812	184.843	4719	0	0
2026.05.13	19:00:00	184.843	184.875	184.816	184.829	4218	0	0
2026.05.13	20:00:00	184.829	184.860	184.815	184.836	2502	0	1
2026.05.13	21:00:00	184.836	184.868	184.820	184.857	3115	0	1
2026.05.13	22:00:00	184.857	184.901	184.848	184.865	3057	0	0
2026.05.13	23:00:00	184.860	184.949	184.847	184.945	2429	0	8
2026.05.14	00:00:00	184.738	184.944	184.601	184.862	1329	0	23
2026.05.14	01:00:00	184.862	184.936	184.857	184.915	1172	0	1
2026.05.14	02:00:00	184.915	184.940	184.867	184.940	997	0	5
2026.05.14	03:00:00	184.941	184.980	184.890	184.956	3467	0	2
2026.05.14	04:00:00	184.955	185.007	184.936	184.974	3493	0	4
2026.05.14	05:00:00	184.974	185.013	184.958	184.959	2943	0	3
2026.05.14	06:00:00	184.959	185.045	184.958	185.018	3090	0	0
2026.05.14	07:00:00	185.018	185.019	184.555	184.930	4149	0	0
2026.05.14	08:00:00	184.934	184.995	184.890	184.915	2807	0	1
2026.05.14	09:00:00	184.915	185.016	184.843	184.968	4398	0	0
2026.05.14	10:00:00	184.968	185.013	184.865	184.880	4870	0	0
2026.05.14	11:00:00	184.880	184.935	184.855	184.919	4158	0	0
2026.05.14	12:00:00	184.919	184.952	184.841	184.875	3299	0	2
2026.05.14	13:00:00	184.875	184.924	184.855	184.919	3883	0	0
2026.05.14	14:00:00	184.919	184.922	184.788	184.825	3581	0	2
2026.05.14	15:00:00	184.825	184.872	184.767	184.785	4210	0	0
2026.05.14	16:00:00	184.785	184.860	184.043	184.593	9720	0	0
2026.05.14	17:00:00	184.592	184.749	184.536	184.706	8553	0	0
2026.05.14	18:00:00	184.708	184.727	184.587	184.604	6145	0	0
2026.05.14	19:00:00	184.604	184.701	184.589	184.683	4660	0	1
2026.05.14	20:00:00	184.683	184.763	184.678	184.737	3577	0	1
2026.05.14	21:00:00	184.737	184.743	184.679	184.720	2824	0	0
2026.05.14	22:00:00	184.720	184.840	184.708	184.817	4008	0	0
2026.05.14	23:00:00	184.812	184.838	184.760	184.812	2356	0	9
2026.05.15	00:00:00	184.677	184.798	184.645	184.729	974	0	63
2026.05.15	01:00:00	184.729	184.839	184.707	184.817	1188	0	8
2026.05.15	02:00:00	184.817	184.818	184.639	184.696	1710	0	3
2026.05.15	03:00:00	184.696	184.731	184.623	184.701	5705	0	2
2026.05.15	04:00:00	184.701	184.729	184.568	184.635	6301	0	0
2026.05.15	05:00:00	184.635	184.740	184.632	184.735	4127	0	0
2026.05.15	06:00:00	184.735	184.741	184.643	184.669	3250	0	4
2026.05.15	07:00:00	184.669	184.687	184.596	184.626	2544	0	3
2026.05.15	08:00:00	184.626	184.679	184.487	184.509	5327	0	0
2026.05.15	09:00:00	184.508	184.692	184.333	184.337	7610	0	0
2026.05.15	10:00:00	184.337	184.495	184.325	184.381	6047	0	0
2026.05.15	11:00:00	184.388	184.464	184.268	184.457	6238	0	0
2026.05.15	12:00:00	184.453	184.472	184.176	184.320	7134	0	0
2026.05.15	13:00:00	184.321	184.558	184.312	184.487	7606	0	0
2026.05.15	14:00:00	184.487	184.542	184.409	184.446	5168	0	2
2026.05.15	15:00:00	184.446	184.451	184.250	184.366	6054	0	0
2026.05.15	16:00:00	184.366	184.509	184.313	184.448	7958	0	0
2026.05.15	17:00:00	184.449	184.603	184.431	184.435	8169	0	0
2026.05.15	18:00:00	184.435	184.521	184.394	184.509	7161	0	0
2026.05.15	19:00:00	184.509	184.589	184.469	184.576	4781	0	0
2026.05.15	20:00:00	184.576	184.604	184.539	184.552	4551	0	2
2026.05.15	21:00:00	184.552	184.555	184.412	184.447	4175	0	1
2026.05.15	22:00:00	184.447	184.522	184.426	184.517	3140	0	0
2026.05.15	23:00:00	184.512	184.609	184.482	184.576	4048	0	0
2026.05.18	00:00:00	184.269	184.451	184.192	184.338	1391	0	62
2026.05.18	01:00:00	184.338	184.582	184.338	184.561	1402	0	6
2026.05.18	02:00:00	184.561	184.571	184.475	184.483	2169	0	0
2026.05.18	03:00:00	184.484	184.593	184.453	184.545	6033	0	4
2026.05.18	04:00:00	184.545	184.644	184.480	184.637	5994	0	4
2026.05.18	05:00:00	184.635	184.642	184.551	184.585	4041	0	2
2026.05.18	06:00:00	184.584	184.841	184.582	184.826	3509	0	0
2026.05.18	07:00:00	184.826	184.881	184.629	184.747	4305	0	0
2026.05.18	08:00:00	184.747	184.762	184.672	184.747	4151	0	1
2026.05.18	09:00:00	184.747	184.888	184.696	184.887	5043	0	0
2026.05.18	10:00:00	184.887	184.940	184.818	184.855	5854	0	0
2026.05.18	11:00:00	184.855	184.930	184.812	184.901	5257	0	0
2026.05.18	12:00:00	184.901	184.943	184.873	184.921	3781	0	2
2026.05.18	13:00:00	184.921	184.948	184.782	184.786	3323	0	0
2026.05.18	14:00:00	184.786	184.977	184.779	184.911	6492	0	0
2026.05.18	15:00:00	184.911	185.040	184.893	184.897	7052	0	0
2026.05.18	16:00:00	184.897	184.976	184.858	184.958	8008	0	0
2026.05.18	17:00:00	184.958	185.044	184.923	184.923	8172	0	0
2026.05.18	18:00:00	184.922	185.063	184.889	185.018	8018	0	0
2026.05.18	19:00:00	185.018	185.216	184.958	185.182	6418	0	0
2026.05.18	20:00:00	185.183	185.198	185.109	185.111	3419	0	0
2026.05.18	21:00:00	185.111	185.133	184.982	184.995	4335	0	1
2026.05.18	22:00:00	184.995	185.145	184.994	185.120	6696	0	0
2026.05.18	23:00:00	185.115	185.195	185.067	185.144	4018	0	10
2026.05.19	00:00:00	185.144	185.144	184.902	185.100	881	0	28
2026.05.19	01:00:00	185.100	185.167	185.089	185.155	1462	0	10
2026.05.19	02:00:00	185.155	185.175	185.114	185.156	2226	0	1
2026.05.19	03:00:00	185.157	185.209	185.098	185.159	4706	0	5
2026.05.19	04:00:00	185.159	185.166	185.106	185.154	4151	0	4
2026.05.19	05:00:00	185.154	185.155	185.072	185.083	3665	0	5
2026.05.19	06:00:00	185.083	185.098	185.041	185.042	2848	0	4
2026.05.19	07:00:00	185.044	185.050	184.982	185.012	2655	0	5
2026.05.19	08:00:00	185.016	185.144	184.962	185.119	2944	0	2
2026.05.19	09:00:00	185.120	185.187	185.079	185.108	4773	0	0
2026.05.19	10:00:00	185.108	185.166	184.997	185.046	5320	0	0
2026.05.19	11:00:00	185.044	185.052	184.920	184.973	5589	0	0
2026.05.19	12:00:00	184.974	184.982	184.816	184.866	5044	0	0
2026.05.19	13:00:00	184.866	184.944	184.812	184.902	5347	0	0
2026.05.19	14:00:00	184.902	184.926	184.857	184.857	4380	0	1
2026.05.19	15:00:00	184.858	184.939	184.379	184.784	7288	0	0
2026.05.19	16:00:00	184.784	184.871	184.551	184.716	10102	0	0
2026.05.19	17:00:00	184.716	184.783	184.426	184.448	10861	0	0
2026.05.19	18:00:00	184.448	184.640	184.360	184.607	6863	0	0
2026.05.19	19:00:00	184.605	184.610	184.206	184.346	7408	0	0
2026.05.19	20:00:00	184.346	184.463	184.338	184.450	4094	0	0
2026.05.19	21:00:00	184.450	184.618	184.449	184.543	4940	0	0
2026.05.19	22:00:00	184.543	184.607	184.542	184.605	3181	0	0
2026.05.19	23:00:00	184.601	184.641	184.574	184.610	3006	0	10
2026.05.20	00:00:00	184.471	184.634	184.449	184.603	666	0	54
2026.05.20	01:00:00	184.603	184.681	184.584	184.653	1193	0	12
2026.05.20	02:00:00	184.653	184.657	184.593	184.595	1573	0	4
2026.05.20	03:00:00	184.595	184.643	184.445	184.454	6379	0	0
2026.05.20	04:00:00	184.455	184.498	184.383	184.437	5806	0	0
2026.05.20	05:00:00	184.437	184.464	184.285	184.315	5279	0	3
2026.05.20	06:00:00	184.315	184.380	184.283	184.326	3974	0	4
2026.05.20	07:00:00	184.326	184.410	184.309	184.371	3249	0	3
2026.05.20	08:00:00	184.375	184.417	184.271	184.337	3529	0	1
2026.05.20	09:00:00	184.336	184.414	184.307	184.359	5325	0	0
2026.05.20	10:00:00	184.361	184.414	184.340	184.402	5325	0	1
2026.05.20	11:00:00	184.407	184.414	184.275	184.338	5533	0	0
2026.05.20	12:00:00	184.338	184.398	184.320	184.331	3662	0	0
2026.05.20	13:00:00	184.332	184.470	184.321	184.454	3672	0	1
2026.05.20	14:00:00	184.454	184.506	184.389	184.496	4399	0	0
2026.05.20	15:00:00	184.496	184.526	184.365	184.384	4260	0	0
2026.05.20	16:00:00	184.384	184.439	184.341	184.415	6098	0	0
2026.05.20	17:00:00	184.415	184.698	184.356	184.578	12632	0	0
2026.05.20	18:00:00	184.579	184.696	184.514	184.564	11385	0	0
2026.05.20	19:00:00	184.564	184.689	184.561	184.657	7143	0	0
2026.05.20	20:00:00	184.657	184.721	184.609	184.639	5705	0	0
2026.05.20	21:00:00	184.645	184.786	184.639	184.749	5352	0	0
2026.05.20	22:00:00	184.749	184.783	184.711	184.718	3850	0	2
2026.05.20	23:00:00	184.713	184.762	184.698	184.747	3509	0	8
2026.05.21	00:00:00	184.641	184.673	184.529	184.623	750	0	42
2026.05.21	01:00:00	184.622	184.711	184.612	184.689	1189	0	9
2026.05.21	02:00:00	184.689	184.719	184.666	184.701	1111	0	1
2026.05.21	03:00:00	184.701	184.754	184.689	184.735	4343	0	3
2026.05.21	04:00:00	184.735	184.808	184.674	184.718	4353	0	0
2026.05.21	05:00:00	184.718	184.744	184.623	184.689	3479	0	3
2026.05.21	06:00:00	184.689	184.729	184.653	184.702	2622	0	6
2026.05.21	07:00:00	184.702	184.798	184.695	184.786	2146	0	6
2026.05.21	08:00:00	184.790	184.826	184.759	184.799	2857	0	2
2026.05.21	09:00:00	184.800	184.888	184.767	184.835	4395	0	0
2026.05.21	10:00:00	184.835	184.842	184.406	184.594	9272	0	0
2026.05.21	11:00:00	184.594	184.940	184.531	184.793	7779	0	0
2026.05.21	12:00:00	184.794	184.886	184.753	184.848	4573	0	0
2026.05.21	13:00:00	184.848	184.908	184.568	184.704	7423	0	0
2026.05.21	14:00:00	184.704	184.752	184.562	184.607	5291	0	0
2026.05.21	15:00:00	184.607	184.698	184.534	184.584	7429	0	0
2026.05.21	16:00:00	184.584	184.635	184.396	184.588	9239	0	0
2026.05.21	17:00:00	184.586	184.637	184.450	184.517	8516	0	0
2026.05.21	18:00:00	184.517	184.563	184.394	184.451	8042	0	0
2026.05.21	19:00:00	184.451	184.554	184.404	184.532	5138	0	0
2026.05.21	20:00:00	184.532	184.753	184.504	184.702	9886	0	0
2026.05.21	21:00:00	184.702	184.774	184.651	184.713	6897	0	0
2026.05.21	22:00:00	184.713	184.744	184.654	184.688	4821	0	0
2026.05.21	23:00:00	184.684	184.720	184.654	184.687	3109	0	2
2026.05.22	00:00:00	184.595	184.715	184.564	184.659	1240	0	79
2026.05.22	01:00:00	184.660	184.762	184.657	184.722	903	0	0
2026.05.22	02:00:00	184.722	184.759	184.695	184.750	992	0	1
2026.05.22	03:00:00	184.750	184.797	184.707	184.775	3489	0	6
2026.05.22	04:00:00	184.775	184.806	184.708	184.713	2730	0	6
2026.05.22	05:00:00	184.713	184.727	184.642	184.664	2703	0	6
2026.05.22	06:00:00	184.664	184.676	184.626	184.674	1936	0	4
2026.05.22	07:00:00	184.674	184.765	184.653	184.761	1851	0	5
2026.05.22	08:00:00	184.764	184.807	184.706	184.742	2423	0	2
2026.05.22	09:00:00	184.742	184.784	184.650	184.722	4350	0	1
2026.05.22	10:00:00	184.720	184.739	184.629	184.726	3643	0	0
2026.05.22	11:00:00	184.723	184.760	184.637	184.670	5444	0	0
2026.05.22	12:00:00	184.670	184.686	184.544	184.627	4314	0	0
2026.05.22	13:00:00	184.627	184.669	184.513	184.544	3342	0	0
2026.05.22	14:00:00	184.544	184.623	184.493	184.546	3496	0	0
2026.05.22	15:00:00	184.546	184.648	184.522	184.601	6148	0	0
2026.05.22	16:00:00	184.599	184.735	184.586	184.609	7521	0	0
2026.05.22	17:00:00	184.608	184.626	184.449	184.524	8153	0	0
2026.05.22	18:00:00	184.525	184.759	184.512	184.715	5506	0	0
2026.05.22	19:00:00	184.716	184.824	184.686	184.822	4200	0	0
2026.05.22	20:00:00	184.822	184.858	184.754	184.804	5681	0	0
2026.05.22	21:00:00	184.804	184.822	184.765	184.785	3402	0	0
2026.05.22	22:00:00	184.779	184.794	184.705	184.729	2644	0	0
2026.05.22	23:00:00	184.724	184.735	184.621	184.719	3579	0	0
2026.05.25	00:00:00	184.710	184.860	184.710	184.776	949	0	50
2026.05.25	01:00:00	184.776	184.984	184.776	184.982	2497	0	3
2026.05.25	02:00:00	184.982	185.067	184.970	185.049	1896	0	5
2026.05.25	03:00:00	185.049	185.057	184.897	184.902	4051	0	0
2026.05.25	04:00:00	184.902	184.938	184.841	184.915	3959	0	3
2026.05.25	05:00:00	184.915	184.943	184.852	184.860	2108	0	3
2026.05.25	06:00:00	184.860	184.903	184.848	184.895	2479	0	6
2026.05.25	07:00:00	184.895	184.969	184.875	184.945	1961	0	0
2026.05.25	08:00:00	184.949	184.992	184.923	184.977	2113	0	2
2026.05.25	09:00:00	184.976	185.051	184.936	184.983	3170	0	1
2026.05.25	10:00:00	184.983	185.028	184.950	185.004	4136	0	0
2026.05.25	11:00:00	185.004	185.086	184.951	185.040	3394	0	0
2026.05.25	12:00:00	185.040	185.061	185.002	185.016	2262	0	2
2026.05.25	13:00:00	185.016	185.072	185.011	185.059	1842	0	2
2026.05.25	14:00:00	185.059	185.123	185.030	185.064	2769	0	0
2026.05.25	15:00:00	185.064	185.142	185.032	185.094	3744	0	0
2026.05.25	16:00:00	185.095	185.113	184.960	184.963	3329	0	2
2026.05.25	17:00:00	184.963	185.070	184.956	185.015	2938	0	2
2026.05.25	18:00:00	185.015	185.095	184.990	184.991	3080	0	0
2026.05.25	19:00:00	184.991	185.010	184.925	184.973	2290	0	0
2026.05.25	20:00:00	184.973	185.023	184.960	185.009	1173	0	2
2026.05.25	21:00:00	185.009	185.025	184.990	185.019	1000	0	2
2026.05.25	22:00:00	185.020	185.022	184.997	185.009	918	0	1
2026.05.25	23:00:00	185.005	185.039	185.005	185.035	1710	0	11
2026.05.26	00:00:00	184.907	184.953	184.832	184.925	2172	0	68
2026.05.26	01:00:00	184.925	185.028	184.925	185.001	949	0	9
2026.05.26	02:00:00	185.001	185.048	184.942	184.958	1253	0	5
2026.05.26	03:00:00	184.958	185.038	184.937	185.019	3857	0	0
2026.05.26	04:00:00	185.019	185.036	184.890	184.939	3601	0	5
2026.05.26	05:00:00	184.939	184.943	184.893	184.912	2187	0	7
2026.05.26	06:00:00	184.912	184.941	184.894	184.937	1647	0	4
2026.05.26	07:00:00	184.937	184.938	184.884	184.912	1762	0	0
2026.05.26	08:00:00	184.916	184.929	184.883	184.917	2314	0	1
2026.05.26	09:00:00	184.917	185.152	184.902	185.112	3828	0	0
2026.05.26	10:00:00	185.113	185.280	185.024	185.260	4825	0	0
2026.05.26	11:00:00	185.260	185.359	185.237	185.266	3959	0	0
2026.05.26	12:00:00	185.266	185.345	185.193	185.305	3705	0	0
2026.05.26	13:00:00	185.304	185.320	185.189	185.270	4006	0	0
2026.05.26	14:00:00	185.270	185.321	185.205	185.216	3813	0	0
2026.05.26	15:00:00	185.216	185.251	185.189	185.214	3832	0	1
2026.05.26	16:00:00	185.214	185.254	185.062	185.164	5778	0	0
2026.05.26	17:00:00	185.164	185.221	185.091	185.212	6177	0	0
2026.05.26	18:00:00	185.212	185.222	185.105	185.171	5889	0	0
2026.05.26	19:00:00	185.173	185.252	185.158	185.179	3274	0	0
2026.05.26	20:00:00	185.179	185.251	185.151	185.243	2759	0	0
2026.05.26	21:00:00	185.243	185.299	185.234	185.298	2520	0	0
2026.05.26	22:00:00	185.297	185.317	185.268	185.317	2137	0	0
2026.05.26	23:00:00	185.317	185.320	185.270	185.288	1996	0	3
2026.05.27	00:00:00	185.126	185.249	185.079	185.175	1216	0	62
2026.05.27	01:00:00	185.175	185.302	185.167	185.266	856	0	12
2026.05.27	02:00:00	185.266	185.322	185.266	185.307	1125	0	4
2026.05.27	03:00:00	185.307	185.417	185.271	185.370	4165	0	0
2026.05.27	04:00:00	185.370	185.380	185.283	185.325	3426	0	6
2026.05.27	05:00:00	185.325	185.369	185.279	185.311	3233	0	3
2026.05.27	06:00:00	185.310	185.342	185.274	185.292	2214	0	4
2026.05.27	07:00:00	185.292	185.384	185.286	185.376	1938	0	7
2026.05.27	08:00:00	185.380	185.500	185.375	185.476	2624	0	0
2026.05.27	09:00:00	185.476	185.588	185.453	185.576	3730	0	2
2026.05.27	10:00:00	185.576	185.624	185.497	185.501	4063	0	0
2026.05.27	11:00:00	185.503	185.706	185.464	185.613	4185	0	1
2026.05.27	12:00:00	185.613	185.618	185.523	185.567	3156	0	0
2026.05.27	13:00:00	185.566	185.567	185.454	185.509	3212	0	0
2026.05.27	14:00:00	185.509	185.575	185.480	185.544	4030	0	0
2026.05.27	15:00:00	185.544	185.786	185.507	185.624	9219	0	0
2026.05.27	16:00:00	185.623	185.673	185.499	185.545	8078	0	0
2026.05.27	17:00:00	185.546	185.749	185.421	185.438	9175	0	0
2026.05.27	18:00:00	185.438	185.539	185.408	185.471	6603	0	0
2026.05.27	19:00:00	185.471	185.539	185.433	185.531	4076	0	0
2026.05.27	20:00:00	185.531	185.549	185.433	185.486	3454	0	0
2026.05.27	21:00:00	185.486	185.514	185.433	185.495	2596	0	0
2026.05.27	22:00:00	185.496	185.553	185.493	185.527	2082	0	0
2026.05.27	23:00:00	185.522	185.530	185.442	185.447	2477	0	9
2026.05.28	00:00:00	185.349	185.443	185.346	185.443	1253	0	44
2026.05.28	01:00:00	185.443	185.496	185.405	185.436	1214	0	0
2026.05.28	02:00:00	185.436	185.475	185.355	185.379	1569	0	0
2026.05.28	03:00:00	185.379	185.452	185.370	185.415	3900	0	5
2026.05.28	04:00:00	185.415	185.422	185.269	185.279	3506	0	0
2026.05.28	05:00:00	185.280	185.310	185.259	185.287	2830	0	6
2026.05.28	06:00:00	185.287	185.295	184.948	184.948	4972	0	3
2026.05.28	07:00:00	184.947	184.999	184.892	184.975	4092	0	4
2026.05.28	08:00:00	184.979	185.107	184.915	185.075	3612	0	1
2026.05.28	09:00:00	185.075	185.193	185.069	185.171	3816	0	2
2026.05.28	10:00:00	185.171	185.266	185.164	185.181	4502	0	0
2026.05.28	11:00:00	185.181	185.239	185.150	185.220	3962	0	0
2026.05.28	12:00:00	185.220	185.243	185.128	185.131	3350	0	0
2026.05.28	13:00:00	185.131	185.141	185.039	185.039	3824	0	0
2026.05.28	14:00:00	185.039	185.328	185.024	185.247	4036	0	0
2026.05.28	15:00:00	185.247	185.453	185.220	185.449	6118	0	0
2026.05.28	16:00:00	185.449	185.531	185.400	185.454	5751	0	0
2026.05.28	17:00:00	185.455	185.657	185.422	185.460	11400	0	0
2026.05.28	18:00:00	185.462	185.612	185.462	185.545	6362	0	0
2026.05.28	19:00:00	185.545	185.622	185.498	185.537	5869	0	0
2026.05.28	20:00:00	185.537	185.545	185.492	185.521	2887	0	1
2026.05.28	21:00:00	185.520	185.540	185.486	185.503	3778	0	0
2026.05.28	22:00:00	185.503	185.528	185.473	185.489	3130	0	2
2026.05.28	23:00:00	185.483	185.517	185.445	185.501	2294	0	10
2026.05.29	00:00:00	185.516	185.516	185.378	185.506	1264	0	71
2026.05.29	01:00:00	185.506	185.573	185.492	185.543	1107	0	7
2026.05.29	02:00:00	185.543	185.589	185.514	185.589	1297	0	0
2026.05.29	03:00:00	185.589	185.645	185.549	185.551	4167	0	5
2026.05.29	04:00:00	185.551	185.642	185.500	185.514	4024	0	0
2026.05.29	05:00:00	185.514	185.557	185.485	185.515	2327	0	5
2026.05.29	06:00:00	185.515	185.521	185.413	185.447	3016	0	3
2026.05.29	07:00:00	185.447	185.495	185.389	185.410	2540	0	5
2026.05.29	08:00:00	185.414	185.494	185.402	185.473	2087	0	1
2026.05.29	09:00:00	185.470	185.576	185.470	185.539	4081	0	0
2026.05.29	10:00:00	185.539	185.559	185.394	185.415	4703	0	0
2026.05.29	11:00:00	185.415	185.415	185.186	185.232	5084	0	0
2026.05.29	12:00:00	185.233	185.451	185.208	185.449	4646	0	0
2026.05.29	13:00:00	185.449	185.494	185.400	185.461	3724	0	0
2026.05.29	14:00:00	185.461	185.506	185.394	185.491	4246	0	0
2026.05.29	15:00:00	185.491	185.526	185.436	185.520	4318	0	0
2026.05.29	16:00:00	185.521	185.601	185.479	185.545	5141	0	0
2026.05.29	17:00:00	185.545	185.839	185.491	185.752	9229	0	0
2026.05.29	18:00:00	185.752	185.984	185.715	185.952	9320	0	0
2026.05.29	19:00:00	185.952	185.956	185.778	185.819	4677	0	0
2026.05.29	20:00:00	185.819	185.830	185.736	185.762	3541	0	1
2026.05.29	21:00:00	185.762	185.812	185.742	185.770	3961	0	1
2026.05.29	22:00:00	185.770	185.835	185.755	185.773	3733	0	0
2026.05.29	23:00:00	185.769	185.774	185.665	185.727	3910	0	0
2026.06.01	00:00:00	185.673	185.786	185.673	185.770	971	0	23
2026.06.01	01:00:00	185.772	185.784	185.698	185.753	3174	0	0
2026.06.01	02:00:00	185.753	185.759	185.625	185.632	3336	0	5
2026.06.01	03:00:00	185.632	185.761	185.632	185.727	6226	0	3
2026.06.01	04:00:00	185.727	185.736	185.676	185.718	4053	0	0
2026.06.01	05:00:00	185.718	185.728	185.684	185.715	2217	0	6
2026.06.01	06:00:00	185.715	185.745	185.653	185.693	2399	0	5
2026.06.01	07:00:00	185.693	185.748	185.683	185.737	1754	0	5
2026.06.01	08:00:00	185.741	185.841	185.740	185.793	2226	0	2
2026.06.01	09:00:00	185.793	185.978	185.790	185.964	4642	0	0
2026.06.01	10:00:00	185.964	185.964	185.821	185.885	4506	0	0
2026.06.01	11:00:00	185.885	185.917	185.825	185.888	3633	0	1
2026.06.01	12:00:00	185.888	185.922	185.753	185.782	3576	0	2
2026.06.01	13:00:00	185.784	185.788	185.702	185.722	2596	0	0
2026.06.01	14:00:00	185.722	185.766	185.650	185.742	2649	0	0
2026.06.01	15:00:00	185.743	185.785	185.711	185.758	4670	0	0
2026.06.01	16:00:00	185.758	185.790	185.454	185.456	10465	0	0
2026.06.01	17:00:00	185.458	185.571	185.392	185.558	8515	0	0
2026.06.01	18:00:00	185.559	185.605	185.468	185.573	6772	0	0
2026.06.01	19:00:00	185.574	185.623	185.513	185.614	5583	0	0
2026.06.01	20:00:00	185.614	185.758	185.582	185.731	5274	0	0
2026.06.01	21:00:00	185.731	185.821	185.706	185.814	2900	0	0
2026.06.01	22:00:00	185.814	185.814	185.699	185.751	3242	0	0
2026.06.01	23:00:00	185.746	185.760	185.706	185.717	2747	0	7
2026.06.02	00:00:00	185.562	185.721	185.544	185.647	2074	0	64
2026.06.02	01:00:00	185.647	185.743	185.647	185.741	1199	0	3
2026.06.02	02:00:00	185.741	185.761	185.704	185.749	1440	0	4
2026.06.02	03:00:00	185.749	185.786	185.695	185.708	3593	0	0
2026.06.02	04:00:00	185.708	185.773	185.702	185.745	3620	0	1
2026.06.02	05:00:00	185.745	185.785	185.736	185.760	2217	0	5
2026.06.02	06:00:00	185.760	185.828	185.758	185.817	2222	0	8
2026.06.02	07:00:00	185.817	185.896	185.815	185.886	1743	0	6
2026.06.02	08:00:00	185.886	185.909	185.873	185.891	1678	0	2
2026.06.02	09:00:00	185.893	186.097	185.884	186.067	4492	0	1
2026.06.02	10:00:00	186.066	186.071	185.986	186.022	3990	0	1
2026.06.02	11:00:00	186.022	186.053	185.966	185.999	3953	0	0
2026.06.02	12:00:00	185.999	186.002	185.930	185.989	3146	0	0
2026.06.02	13:00:00	185.990	186.014	185.910	185.984	2883	0	0
2026.06.02	14:00:00	185.984	186.137	185.980	186.095	3022	0	2
2026.06.02	15:00:00	186.095	186.207	186.070	186.155	4477	0	0
2026.06.02	16:00:00	186.155	186.187	186.030	186.071	5788	0	0
2026.06.02	17:00:00	186.071	186.184	186.003	186.140	5838	0	0
2026.06.02	18:00:00	186.140	186.172	186.047	186.106	4768	0	0
2026.06.02	19:00:00	186.106	186.106	185.933	185.946	3139	0	0
2026.06.02	20:00:00	185.947	185.969	185.883	185.902	2716	0	0
2026.06.02	21:00:00	185.902	185.969	185.802	185.944	2895	0	0
2026.06.02	22:00:00	185.942	186.051	185.942	186.033	2006	0	0
2026.06.02	23:00:00	186.028	186.060	185.994	186.012	2314	0	9
2026.06.03	00:00:00	185.905	186.012	185.797	185.935	1262	0	73
2026.06.03	01:00:00	185.935	185.988	185.922	185.973	1164	0	8
2026.06.03	02:00:00	185.973	185.984	185.898	185.914	1983	0	6
2026.06.03	03:00:00	185.914	186.006	185.897	185.986	3150	0	6
2026.06.03	04:00:00	185.986	185.987	185.889	185.906	3436	0	0
2026.06.03	05:00:00	185.906	185.924	185.850	185.897	2300	0	5
2026.06.03	06:00:00	185.897	185.944	185.887	185.904	1989	0	5
2026.06.03	07:00:00	185.904	185.907	185.855	185.876	1503	0	0
2026.06.03	08:00:00	185.880	185.902	185.815	185.816	2339	0	2
2026.06.03	09:00:00	185.816	185.851	185.737	185.837	4543	0	0
2026.06.03	10:00:00	185.837	185.843	185.449	185.513	7308	0	0
2026.06.03	11:00:00	185.513	185.554	185.113	185.458	10585	0	0
2026.06.03	12:00:00	185.458	185.662	185.458	185.572	5691	0	0
2026.06.03	13:00:00	185.571	185.694	185.548	185.620	5308	0	0
2026.06.03	14:00:00	185.620	185.746	185.608	185.697	3493	0	2
2026.06.03	15:00:00	185.697	185.711	185.453	185.512	5591	0	0
2026.06.03	16:00:00	185.512	185.633	185.487	185.610	6971	0	0
2026.06.03	17:00:00	185.610	185.747	185.501	185.733	8651	0	0
2026.06.03	18:00:00	185.733	185.740	185.631	185.644	6512	0	0
2026.06.03	19:00:00	185.644	185.654	185.539	185.587	5446	0	0
2026.06.03	20:00:00	185.587	185.635	185.557	185.630	2777	0	0
2026.06.03	21:00:00	185.631	185.633	185.582	185.610	2944	0	2
2026.06.03	22:00:00	185.610	185.664	185.588	185.658	2672	0	1
2026.06.03	23:00:00	185.658	185.691	185.640	185.654	2459	0	2
2026.06.04	00:00:00	185.550	185.627	185.513	185.553	959	0	55
2026.06.04	01:00:00	185.553	185.637	185.545	185.596	1966	0	10
2026.06.04	02:00:00	185.596	185.696	185.578	185.680	3158	0	0
2026.06.04	03:00:00	185.680	185.695	185.597	185.598	4356	0	2
2026.06.04	04:00:00	185.598	185.623	185.569	185.616	4451	0	6
2026.06.04	05:00:00	185.616	185.654	185.585	185.638	2878	0	0
2026.06.04	06:00:00	185.638	185.660	185.591	185.660	2330	0	5
2026.06.04	07:00:00	185.660	185.673	185.346	185.601	3228	0	0
2026.06.04	08:00:00	185.603	185.637	185.587	185.625	2846	0	1
2026.06.04	09:00:00	185.625	185.682	185.592	185.658	4557	0	1
2026.06.04	10:00:00	185.658	185.666	185.480	185.554	4782	0	0
2026.06.04	11:00:00	185.554	185.679	185.550	185.667	4869	0	0
2026.06.04	12:00:00	185.667	185.883	185.666	185.846	5601	0	0
2026.06.04	13:00:00	185.846	185.997	185.841	185.943	4506	0	0
2026.06.04	14:00:00	185.943	186.090	185.937	186.000	6071	0	0
2026.06.04	15:00:00	186.000	186.098	185.990	186.038	5784	0	0
2026.06.04	16:00:00	186.038	186.104	186.002	186.081	5932	0	0
2026.06.04	17:00:00	186.081	186.113	186.022	186.072	5551	0	0
2026.06.04	18:00:00	186.071	186.107	185.958	186.020	5364	0	0
2026.06.04	19:00:00	186.020	186.035	185.929	185.940	3652	0	2
2026.06.04	20:00:00	185.940	185.960	185.899	185.925	2690	0	2
2026.06.04	21:00:00	185.925	185.936	185.840	185.874	2681	0	2
2026.06.04	22:00:00	185.874	185.882	185.793	185.816	2416	0	0
2026.06.04	23:00:00	185.816	185.825	185.770	185.796	2106	0	3
2026.06.05	00:00:00	185.652	185.845	185.649	185.730	1089	0	51
2026.06.05	01:00:00	185.730	185.813	185.730	185.789	858	0	7
2026.06.05	02:00:00	185.789	185.810	185.771	185.788	1220	0	5
2026.06.05	03:00:00	185.788	185.811	185.716	185.755	3968	0	5
2026.06.05	04:00:00	185.755	185.784	185.698	185.768	4708	0	6
2026.06.05	05:00:00	185.768	185.821	185.758	185.792	2646	0	7
2026.06.05	06:00:00	185.792	185.818	185.759	185.784	2354	0	6
2026.06.05	07:00:00	185.784	185.820	185.770	185.808	2278	0	4
2026.06.05	08:00:00	185.812	185.832	185.769	185.808	2289	0	0
2026.06.05	09:00:00	185.807	185.897	185.762	185.886	4306	0	0
2026.06.05	10:00:00	185.886	186.094	185.877	186.055	4074	0	0
2026.06.05	11:00:00	186.055	186.161	186.053	186.124	3459	0	2
2026.06.05	12:00:00	186.124	186.206	186.100	186.153	3946	0	2
2026.06.05	13:00:00	186.153	186.204	186.117	186.143	2553	0	2
2026.06.05	14:00:00	186.141	186.146	186.008	186.084	3916	0	0
2026.06.05	15:00:00	186.084	186.116	185.630	185.633	9847	0	0
2026.06.05	16:00:00	185.634	185.701	185.251	185.321	13119	0	0
2026.06.05	17:00:00	185.321	185.379	185.098	185.257	10458	0	0
2026.06.05	18:00:00	185.257	185.264	184.767	184.824	7973	0	0
2026.06.05	19:00:00	184.824	184.839	184.717	184.838	7172	0	0
2026.06.05	20:00:00	184.839	184.857	184.698	184.759	5114	0	0
2026.06.05	21:00:00	184.758	184.769	184.500	184.556	5959	0	0
2026.06.05	22:00:00	184.556	184.670	184.496	184.616	4558	0	0
2026.06.05	23:00:00	184.612	184.779	184.552	184.729	4733	0	3
2026.06.08	00:00:00	184.303	184.545	184.303	184.442	1229	0	66
2026.06.08	01:00:00	184.442	184.676	184.442	184.591	2928	0	9
2026.06.08	02:00:00	184.591	184.744	184.571	184.736	2941	0	0
2026.06.08	03:00:00	184.736	184.907	184.655	184.905	5053	0	1
2026.06.08	04:00:00	184.905	184.939	184.585	184.804	7334	0	1
2026.06.08	05:00:00	184.804	184.927	184.740	184.887	4101	0	1
2026.06.08	06:00:00	184.887	184.912	184.855	184.904	2380	0	2
2026.06.08	07:00:00	184.904	184.921	184.845	184.893	2647	0	0
2026.06.08	08:00:00	184.893	184.998	184.589	184.611	4567	0	0
2026.06.08	09:00:00	184.611	184.771	184.534	184.548	6610	0	0
2026.06.08	10:00:00	184.548	184.695	184.525	184.527	7112	0	0
2026.06.08	11:00:00	184.527	184.583	183.988	184.159	7488	0	0
2026.06.08	12:00:00	184.158	184.243	184.028	184.211	7903	0	0
2026.06.08	13:00:00	184.211	184.431	184.171	184.398	5955	0	0
2026.06.08	14:00:00	184.397	184.621	184.373	184.550	7029	0	0
2026.06.08	15:00:00	184.550	184.642	184.523	184.628	5834	0	0
2026.06.08	16:00:00	184.628	184.815	184.620	184.702	8003	0	0
2026.06.08	17:00:00	184.702	184.781	184.686	184.770	7556	0	0
2026.06.08	18:00:00	184.770	184.867	184.736	184.846	6362	0	0
2026.06.08	19:00:00	184.846	184.858	184.783	184.807	4511	0	1
2026.06.08	20:00:00	184.807	184.851	184.791	184.801	4284	0	0
2026.06.08	21:00:00	184.802	184.847	184.743	184.751	3271	0	0
2026.06.08	22:00:00	184.751	184.807	184.732	184.739	3516	0	0
2026.06.08	23:00:00	184.739	184.755	184.700	184.717	2771	0	3
2026.06.09	00:00:00	184.584	184.765	184.584	184.711	977	0	53
2026.06.09	01:00:00	184.712	184.748	184.670	184.737	1257	0	8
2026.06.09	02:00:00	184.737	184.751	184.651	184.654	1494	0	5
2026.06.09	03:00:00	184.654	184.783	184.602	184.770	4951	0	4
2026.06.09	04:00:00	184.770	184.853	184.756	184.852	4525	0	6
2026.06.09	05:00:00	184.852	184.866	184.830	184.853	2931	0	4
2026.06.09	06:00:00	184.853	184.899	184.819	184.898	2935	0	6
2026.06.09	07:00:00	184.898	184.986	184.878	184.947	2588	0	4
2026.06.09	08:00:00	184.950	184.955	184.842	184.892	3821	0	0
2026.06.09	09:00:00	184.892	184.975	184.831	184.896	5599	0	0
2026.06.09	10:00:00	184.896	184.933	184.821	184.856	5337	0	1
2026.06.09	11:00:00	184.856	185.043	184.822	185.015	4823	0	0
2026.06.09	12:00:00	185.015	185.215	185.013	185.204	3478	0	1
2026.06.09	13:00:00	185.203	185.291	185.192	185.242	3263	0	1
2026.06.09	14:00:00	185.242	185.372	185.241	185.347	3158	0	0
2026.06.09	15:00:00	185.350	185.415	185.313	185.397	4354	0	1
2026.06.09	16:00:00	185.399	185.465	185.259	185.294	6468	0	0
2026.06.09	17:00:00	185.294	185.380	185.172	185.288	9181	0	0
2026.06.09	18:00:00	185.289	185.361	185.075	185.146	8441	0	0
2026.06.09	19:00:00	185.146	185.179	184.969	185.118	10903	0	0
2026.06.09	20:00:00	185.118	185.193	185.088	185.180	6997	0	0
2026.06.09	21:00:00	185.180	185.259	185.168	185.211	4670	0	0
2026.06.09	22:00:00	185.213	185.219	185.094	185.140	3941	0	2
2026.06.09	23:00:00	185.136	185.169	185.097	185.108	2349	0	10
2026.06.10	00:00:00	185.069	185.069	184.975	184.985	788	0	25
2026.06.10	01:00:00	184.985	185.075	184.970	185.046	1335	0	8
2026.06.10	02:00:00	185.046	185.088	184.980	185.007	1644	0	5
2026.06.10	03:00:00	185.007	185.125	184.971	185.116	4822	0	2
2026.06.10	04:00:00	185.116	185.121	184.955	185.041	5222	0	0
2026.06.10	05:00:00	185.041	185.113	185.017	185.099	3122	0	7
2026.06.10	06:00:00	185.100	185.240	185.097	185.217	2948	0	4
2026.06.10	07:00:00	185.217	185.219	185.122	185.166	2917	0	6
2026.06.10	08:00:00	185.170	185.299	185.146	185.268	3401	0	0
2026.06.10	09:00:00	185.269	185.348	185.218	185.224	4956	0	0
2026.06.10	10:00:00	185.224	185.350	185.192	185.315	4434	0	0
2026.06.10	11:00:00	185.315	185.348	185.240	185.346	4890	0	0
2026.06.10	12:00:00	185.348	185.468	185.295	185.439	4772	0	0
2026.06.10	13:00:00	185.440	185.473	185.356	185.373	3732	0	0
2026.06.10	14:00:00	185.373	185.374	185.145	185.161	7885	0	0
2026.06.10	15:00:00	185.161	185.438	185.150	185.281	8809	0	0
2026.06.10	16:00:00	185.281	185.574	185.271	185.444	8281	0	0
2026.06.10	17:00:00	185.444	185.510	185.317	185.395	9138	0	0
2026.06.10	18:00:00	185.395	185.445	185.163	185.336	9396	0	0
2026.06.10	19:00:00	185.337	185.502	185.323	185.422	6454	0	0
2026.06.10	20:00:00	185.422	185.441	185.325	185.423	5825	0	0
2026.06.10	21:00:00	185.425	185.481	185.315	185.348	5120	0	0
2026.06.10	22:00:00	185.348	185.356	185.275	185.285	4089	0	0
2026.06.10	23:00:00	185.286	185.286	185.200	185.200	2777	0	2
2026.06.11	00:00:00	185.130	185.184	185.074	185.143	638	0	53
2026.06.11	01:00:00	185.143	185.184	185.057	185.106	2084	0	9
2026.06.11	02:00:00	185.106	185.208	185.048	185.175	4183	0	2
2026.06.11	03:00:00	185.175	185.289	185.164	185.274	5967	0	4
2026.06.11	04:00:00	185.273	185.435	185.273	185.425	5077	0	4
2026.06.11	05:00:00	185.426	185.428	185.327	185.359	3937	0	5
2026.06.11	06:00:00	185.359	185.379	185.313	185.315	3148	0	4
2026.06.11	07:00:00	185.315	185.385	185.289	185.352	2799	0	2
2026.06.11	08:00:00	185.356	185.407	185.331	185.388	3155	0	2
2026.06.11	09:00:00	185.386	185.401	185.298	185.311	4184	0	0
2026.06.11	10:00:00	185.311	185.474	185.297	185.308	5247	0	0
2026.06.11	11:00:00	185.308	185.311	185.108	185.133	4742	0	0
2026.06.11	12:00:00	185.133	185.216	185.104	185.156	3879	0	0
2026.06.11	13:00:00	185.156	185.166	185.004	185.110	4050	0	0
2026.06.11	14:00:00	185.109	185.260	185.107	185.229	4605	0	0
2026.06.11	15:00:00	185.229	185.300	184.937	185.249	9648	0	0
2026.06.11	16:00:00	185.251	185.270	184.922	185.036	8417	0	0
2026.06.11	17:00:00	185.036	185.046	184.820	184.893	7307	0	0
2026.06.11	18:00:00	184.893	184.938	184.796	184.816	6952	0	0
2026.06.11	19:00:00	184.816	184.844	184.737	184.753	4993	0	0
2026.06.11	20:00:00	184.753	185.213	184.658	184.960	11085	0	0
2026.06.11	21:00:00	184.960	185.040	184.938	185.016	9735	0	0
2026.06.11	22:00:00	185.016	185.124	184.914	185.019	8895	0	0
2026.06.11	23:00:00	185.015	185.233	185.015	185.206	4276	0	7
2026.06.12	00:00:00	185.028	185.214	185.028	185.125	1084	0	61
2026.06.12	01:00:00	185.125	185.375	185.125	185.373	2701	0	10
2026.06.12	02:00:00	185.373	185.384	185.274	185.363	2766	0	0
2026.06.12	03:00:00	185.364	185.382	185.261	185.307	5574	0	0
2026.06.12	04:00:00	185.308	185.322	185.161	185.316	4886	0	0
2026.06.12	05:00:00	185.316	185.421	185.306	185.399	3413	0	5
2026.06.12	06:00:00	185.399	185.446	185.376	185.419	3428	0	5
2026.06.12	07:00:00	185.419	185.470	185.403	185.438	2775	0	6
2026.06.12	08:00:00	185.441	185.464	185.316	185.320	3947	0	1
2026.06.12	09:00:00	185.320	185.556	185.320	185.539	5547	0	1
2026.06.12	10:00:00	185.538	185.546	185.330	185.396	6154	0	0
2026.06.12	11:00:00	185.396	185.469	185.294	185.339	8941	0	0
2026.06.12	12:00:00	185.339	185.453	185.282	185.419	6622	0	0
2026.06.12	13:00:00	185.419	185.435	185.285	185.296	5547	0	0
2026.06.12	14:00:00	185.296	185.406	185.293	185.344	4413	0	1
2026.06.12	15:00:00	185.344	185.369	185.253	185.311	5667	0	1
2026.06.12	16:00:00	185.310	185.502	185.297	185.438	8860	0	0
2026.06.12	17:00:00	185.439	185.503	185.397	185.453	9899	0	0
2026.06.12	18:00:00	185.453	185.547	185.428	185.454	8602	0	0
2026.06.12	19:00:00	185.454	185.479	185.370	185.461	6673	0	0
2026.06.12	20:00:00	185.461	185.474	185.403	185.424	3772	0	0
2026.06.12	21:00:00	185.424	185.492	185.414	185.470	3037	0	0
2026.06.12	22:00:00	185.470	185.478	185.358	185.380	3619	0	0
2026.06.12	23:00:00	185.379	185.394	185.293	185.331	3096	0	0
2026.06.15	00:00:00	185.303	185.484	185.251	185.462	1250	0	15
2026.06.15	01:00:00	185.462	185.692	185.416	185.667	5554	0	0
2026.06.15	02:00:00	185.667	185.667	185.565	185.599	3102	0	0
2026.06.15	03:00:00	185.599	185.756	185.588	185.708	6540	0	0
2026.06.15	04:00:00	185.708	185.853	185.675	185.810	4673	0	0
2026.06.15	05:00:00	185.810	185.838	185.724	185.757	2784	0	0
2026.06.15	06:00:00	185.758	185.764	185.698	185.735	2680	0	0
2026.06.15	07:00:00	185.735	185.865	185.733	185.859	2359	0	0
2026.06.15	08:00:00	185.859	185.960	185.848	185.930	3181	0	0
2026.06.15	09:00:00	185.930	185.950	185.792	185.852	5556	0	0
2026.06.15	10:00:00	185.852	185.858	185.769	185.828	6015	0	0
2026.06.15	11:00:00	185.828	185.885	185.723	185.761	5149	0	0
2026.06.15	12:00:00	185.786	185.903	185.776	185.854	1681	0	0
2026.06.15	13:00:00	185.854	185.955	185.820	185.916	4372	0	0
2026.06.15	14:00:00	185.916	186.012	185.892	185.960	5030	0	0
2026.06.15	15:00:00	185.960	186.057	185.877	186.008	5443	0	0
2026.06.15	16:00:00	186.008	186.022	185.915	185.953	6058	0	0
2026.06.15	17:00:00	185.953	185.955	185.798	185.883	6907	0	0
2026.06.15	18:00:00	185.883	185.885	185.756	185.807	5156	0	0
2026.06.15	19:00:00	185.807	185.936	185.796	185.910	4187	0	0
2026.06.15	20:00:00	185.910	185.926	185.867	185.906	2980	0	0
2026.06.15	21:00:00	185.906	185.950	185.842	185.872	3734	0	0
2026.06.15	22:00:00	185.873	185.883	185.802	185.813	3599	0	0
2026.06.15	23:00:00	185.813	185.844	185.788	185.825	2352	0	0
2026.06.16	00:00:00	185.804	185.892	185.710	185.815	705	0	40
2026.06.16	01:00:00	185.806	185.856	185.749	185.797	1552	0	0
2026.06.16	02:00:00	185.797	185.809	185.731	185.742	1128	0	0
2026.06.16	03:00:00	185.742	185.766	185.651	185.716	3967	0	0
2026.06.16	04:00:00	185.716	185.741	185.581	185.590	4927	0	0
2026.06.16	05:00:00	185.590	185.598	185.525	185.565	2332	0	0
2026.06.16	06:00:00	185.565	185.672	185.455	185.624	4410	0	0
2026.06.16	07:00:00	185.624	185.647	185.516	185.558	4530	0	0
2026.06.16	08:00:00	185.559	185.629	185.538	185.550	2878	0	0
2026.06.16	09:00:00	185.550	185.642	185.497	185.640	5914	0	0
2026.06.16	10:00:00	185.640	185.874	185.619	185.803	5825	0	0
2026.06.16	11:00:00	185.803	186.076	185.782	186.068	5067	0	0
2026.06.16	12:00:00	186.068	186.121	185.971	186.013	4777	0	0
2026.06.16	13:00:00	186.013	186.164	186.001	186.129	4642	0	0
2026.06.16	14:00:00	186.129	186.140	185.956	186.001	4226	0	0
2026.06.16	15:00:00	186.001	186.005	185.895	185.970	5795	0	0
2026.06.16	16:00:00	185.970	186.076	185.922	185.940	6861	0	0
2026.06.16	17:00:00	185.940	186.202	185.895	186.175	7941	0	0
2026.06.16	18:00:00	186.175	186.306	186.125	186.281	6541	0	0
2026.06.16	19:00:00	186.281	186.320	186.254	186.273	4229	0	0
2026.06.16	20:00:00	186.271	186.309	186.258	186.289	2617	0	0
2026.06.16	21:00:00	186.289	186.314	186.232	186.277	2203	0	0
2026.06.16	22:00:00	186.277	186.295	186.231	186.274	3077	0	0
2026.06.16	23:00:00	186.271	186.293	186.247	186.247	1484	0	0
2026.06.17	00:00:00	186.192	186.268	186.058	186.194	641	0	13
2026.06.17	01:00:00	186.194	186.313	186.194	186.264	2411	0	0
2026.06.17	02:00:00	186.264	186.299	186.249	186.251	1791	0	0
2026.06.17	03:00:00	186.251	186.316	186.221	186.242	3081	0	0
2026.06.17	04:00:00	186.242	186.266	186.160	186.201	2636	0	0
2026.06.17	05:00:00	186.201	186.214	186.134	186.134	1590	0	0
2026.06.17	06:00:00	186.134	186.174	186.117	186.138	1867	0	0
2026.06.17	07:00:00	186.138	186.146	186.090	186.106	2209	0	0
2026.06.17	08:00:00	186.106	186.177	186.103	186.174	1773	0	0
2026.06.17	09:00:00	186.174	186.198	185.987	186.021	3947	0	0
2026.06.17	10:00:00	186.021	186.144	185.940	185.955	4704	0	0
2026.06.17	11:00:00	185.955	185.955	185.768	185.873	5678	0	0
2026.06.17	12:00:00	185.873	185.908	185.841	185.877	3220	0	0
2026.06.17	13:00:00	185.877	185.904	185.776	185.829	3062	0	0
2026.06.17	14:00:00	185.829	185.839	185.717	185.825	4151	0	0
2026.06.17	15:00:00	185.825	185.931	185.811	185.922	4268	0	0
2026.06.17	16:00:00	185.921	185.950	185.781	185.781	5851	0	0
2026.06.17	17:00:00	185.781	185.827	185.691	185.801	7284	0	0
2026.06.17	18:00:00	185.801	185.823	185.706	185.739	5242	0	0
2026.06.17	19:00:00	185.739	185.742	185.668	185.697	2859	0	0
2026.06.17	20:00:00	185.697	185.792	185.677	185.756	3626	0	0
2026.06.17	21:00:00	185.756	185.760	185.136	185.191	20321	0	0
2026.06.17	22:00:00	185.191	185.213	184.544	184.748	21776	0	0
2026.06.17	23:00:00	184.745	184.879	184.650	184.763	5952	0	0
2026.06.18	00:00:00	184.736	184.768	184.625	184.685	651	0	42
2026.06.18	01:00:00	184.685	184.800	184.668	184.774	2863	0	0
2026.06.18	02:00:00	184.774	184.815	184.741	184.802	2372	0	0
2026.06.18	03:00:00	184.802	185.085	184.797	185.053	7581	0	0
2026.06.18	04:00:00	185.053	185.126	184.996	185.001	5350	0	0
2026.06.18	05:00:00	185.001	185.032	184.942	184.956	3801	0	0
2026.06.18	06:00:00	184.956	185.052	184.955	185.047	3332	0	0
2026.06.18	07:00:00	185.047	185.094	185.008	185.054	4523	0	0
2026.06.18	08:00:00	185.055	185.084	184.908	184.914	3254	0	0
2026.06.18	09:00:00	184.914	185.201	184.909	185.047	6743	0	0
2026.06.18	10:00:00	185.047	185.078	184.837	184.892	6826	0	0
2026.06.18	11:00:00	184.892	184.915	184.574	184.614	7749	0	0
2026.06.18	12:00:00	184.614	184.625	184.290	184.536	9150	0	0
2026.06.18	13:00:00	184.536	184.558	184.392	184.430	8137	0	0
2026.06.18	14:00:00	184.430	184.519	184.352	184.383	7513	0	0
2026.06.18	15:00:00	184.383	184.664	184.333	184.512	8776	0	0
2026.06.18	16:00:00	184.512	184.689	184.430	184.573	10432	0	0
2026.06.18	17:00:00	184.573	184.767	184.514	184.766	9346	0	0
2026.06.18	18:00:00	184.766	185.081	184.662	185.073	9428	0	0
2026.06.18	19:00:00	185.073	185.085	184.922	185.082	7762	0	0
2026.06.18	20:00:00	185.082	185.182	185.041	185.057	4520	0	0
2026.06.18	21:00:00	185.057	185.280	185.031	185.276	4814	0	0
2026.06.18	22:00:00	185.274	185.372	184.341	184.961	10464	0	0
2026.06.18	23:00:00	184.961	185.000	184.892	184.892	3761	0	0
2026.06.19	00:00:00	184.877	185.013	184.774	184.918	1081	0	15
2026.06.19	01:00:00	184.918	185.029	184.734	184.872	3196	0	0
2026.06.19	02:00:00	184.872	184.918	184.804	184.819	2703	0	0
2026.06.19	03:00:00	184.819	184.891	184.581	184.655	8912	0	0
2026.06.19	04:00:00	184.655	184.713	184.542	184.618	7615	0	0
2026.06.19	05:00:00	184.618	184.695	184.581	184.680	4725	0	0
2026.06.19	06:00:00	184.680	184.699	184.521	184.616	4985	0	0
2026.06.19	07:00:00	184.616	184.658	184.411	184.431	5523	0	0
2026.06.19	08:00:00	184.431	184.487	184.303	184.424	6570	0	0
2026.06.19	09:00:00	184.424	184.581	184.410	184.530	6453	0	0
2026.06.19	10:00:00	184.530	184.688	184.529	184.652	6196	0	0
2026.06.19	11:00:00	184.652	184.931	184.648	184.904	5241	0	0
2026.06.19	12:00:00	184.904	184.926	184.796	184.799	4271	0	0
2026.06.19	13:00:00	184.799	184.883	184.734	184.864	4274	0	0
2026.06.19	14:00:00	184.864	184.944	184.768	184.819	3925	0	0
2026.06.19	15:00:00	184.819	184.950	184.819	184.880	5565	0	0
2026.06.19	16:00:00	184.880	184.911	184.769	184.894	5632	0	0
2026.06.19	17:00:00	184.891	184.941	184.788	184.832	6373	0	0
2026.06.19	18:00:00	184.832	184.969	184.827	184.934	4387	0	0
2026.06.19	19:00:00	184.934	185.033	184.912	185.032	2074	0	0
2026.06.19	20:00:00	185.032	185.119	185.006	185.059	3481	0	0
2026.06.19	21:00:00	185.059	185.140	185.043	185.082	2623	0	0
2026.06.19	22:00:00	185.082	185.118	185.039	185.094	2042	0	0
2026.06.19	23:00:00	185.089	185.125	184.902	185.015	7233	0	0
2026.06.22	00:00:00	184.666	185.040	184.666	184.886	942	0	0
2026.06.22	01:00:00	184.885	185.079	184.846	185.059	2768	0	0
2026.06.22	02:00:00	185.059	185.106	185.009	185.046	3254	0	0
2026.06.22	03:00:00	185.046	185.194	185.030	185.179	6344	0	0
2026.06.22	04:00:00	185.179	185.273	185.116	185.181	5888	0	0
2026.06.22	05:00:00	185.181	185.242	185.134	185.209	3444	0	0
2026.06.22	06:00:00	185.209	185.241	185.090	185.118	4295	0	0
2026.06.22	07:00:00	185.118	185.216	185.086	185.206	4357	0	0
2026.06.22	08:00:00	185.208	185.293	185.180	185.217	3394	0	0
2026.06.22	09:00:00	185.217	185.317	185.150	185.290	6289	0	0
2026.06.22	10:00:00	185.290	185.331	185.108	185.126	6213	0	0
2026.06.22	11:00:00	185.126	185.251	185.065	185.244	6585	0	0
2026.06.22	12:00:00	185.244	185.379	185.238	185.325	5429	0	0
2026.06.22	13:00:00	185.325	185.383	185.264	185.282	4940	0	0
2026.06.22	14:00:00	185.282	185.290	185.184	185.201	5345	0	0
2026.06.22	15:00:00	185.202	185.394	185.189	185.310	6848	0	0
2026.06.22	16:00:00	185.310	185.317	185.024	185.027	10646	0	0
2026.06.22	17:00:00	185.028	185.048	184.383	184.637	17351	0	0
2026.06.22	18:00:00	184.637	184.727	184.471	184.634	9805	0	0
2026.06.22	19:00:00	184.634	184.737	184.585	184.673	4897	0	0
2026.06.22	20:00:00	184.673	184.676	184.575	184.581	3022	0	0
2026.06.22	21:00:00	184.581	184.625	184.392	184.411	3835	0	0
2026.06.22	22:00:00	184.411	184.680	184.411	184.632	4145	0	0
2026.06.22	23:00:00	184.632	184.701	184.617	184.649	2308	0	0
2026.06.23	00:00:00	184.649	184.649	184.484	184.587	1221	0	0
2026.06.23	01:00:00	184.587	184.706	184.587	184.641	2033	0	0
2026.06.23	02:00:00	184.641	184.651	184.595	184.628	1549	0	0
2026.06.23	03:00:00	184.628	184.680	184.516	184.636	6575	0	0
2026.06.23	04:00:00	184.636	184.676	184.549	184.643	4691	0	0
2026.06.23	05:00:00	184.643	184.678	184.615	184.618	3738	0	0
2026.06.23	06:00:00	184.618	184.658	184.515	184.650	3722	0	0
2026.06.23	07:00:00	184.650	184.678	184.557	184.575	3170	0	0
2026.06.23	08:00:00	184.575	184.685	184.557	184.654	4082	0	0
2026.06.23	09:00:00	184.654	184.844	184.623	184.648	6414	0	0
2026.06.23	10:00:00	184.648	184.737	184.250	184.262	11542	0	0
2026.06.23	11:00:00	184.262	184.278	184.073	184.171	8274	0	0
2026.06.23	12:00:00	184.171	184.222	184.051	184.158	5544	0	0
2026.06.23	13:00:00	184.158	184.197	183.973	184.064	5285	0	0
2026.06.23	14:00:00	184.064	184.131	183.972	183.982	5571	0	0
2026.06.23	15:00:00	183.982	184.066	183.844	183.995	7061	0	0
2026.06.23	16:00:00	183.995	184.098	183.923	183.972	8241	0	0
2026.06.23	17:00:00	183.972	183.993	183.794	183.868	8758	0	0
2026.06.23	18:00:00	183.868	183.928	183.780	183.890	6474	0	0
2026.06.23	19:00:00	183.890	183.913	183.849	183.891	3284	0	0
2026.06.23	20:00:00	183.891	183.916	183.823	183.846	3226	0	0
2026.06.23	21:00:00	183.846	183.886	183.788	183.846	3284	0	0
2026.06.23	22:00:00	183.846	183.896	183.823	183.860	3466	0	0
2026.06.23	23:00:00	183.857	183.905	183.855	183.870	1890	0	0
2026.06.24	00:00:00	183.848	183.895	183.692	183.843	1071	0	34
2026.06.24	01:00:00	183.843	183.906	183.837	183.879	1411	0	0
2026.06.24	02:00:00	183.879	183.930	183.843	183.889	1983	0	0
2026.06.24	03:00:00	183.889	183.893	183.772	183.867	6348	0	0
2026.06.24	04:00:00	183.867	183.870	183.723	183.810	5854	0	0
2026.06.24	05:00:00	183.809	183.822	183.636	183.640	4266	0	0
2026.06.24	06:00:00	183.640	183.668	183.570	183.640	5354	0	0
2026.06.24	07:00:00	183.640	183.645	183.532	183.578	3736	0	0
2026.06.24	08:00:00	183.579	183.726	183.577	183.720	3645	0	0
2026.06.24	09:00:00	183.720	183.856	183.661	183.695	6112	0	0
2026.06.24	10:00:00	183.695	183.706	183.553	183.572	6774	0	0
2026.06.24	11:00:00	183.574	183.651	183.394	183.635	7019	0	0
2026.06.24	12:00:00	183.635	183.648	183.494	183.513	5804	0	0
2026.06.24	13:00:00	183.513	183.524	183.335	183.354	5782	0	0
2026.06.24	14:00:00	183.354	183.463	183.299	183.323	5907	0	0
2026.06.24	15:00:00	183.323	183.396	183.170	183.253	7484	0	0
2026.06.24	16:00:00	183.253	183.538	183.172	183.496	10320	0	0
2026.06.24	17:00:00	183.494	183.579	183.362	183.502	9921	0	0
2026.06.24	18:00:00	183.502	183.774	183.489	183.564	8834	0	0
2026.06.24	19:00:00	183.564	183.823	183.546	183.750	5716	0	0
2026.06.24	20:00:00	183.750	183.769	183.630	183.653	5475	0	0
2026.06.24	21:00:00	183.653	183.799	183.653	183.683	4446	0	0
2026.06.24	22:00:00	183.682	183.773	183.676	183.725	3996	0	0
2026.06.24	23:00:00	183.725	183.826	183.713	183.769	3462	0	0
2026.06.25	00:00:00	183.766	183.801	183.663	183.711	543	0	30
2026.06.25	01:00:00	183.711	183.766	183.683	183.688	1535	0	0
2026.06.25	02:00:00	183.688	183.714	183.663	183.676	1539	0	0
2026.06.25	03:00:00	183.676	183.685	183.529	183.603	5843	0	0
2026.06.25	04:00:00	183.603	183.786	183.602	183.679	7715	0	0
2026.06.25	05:00:00	183.680	183.765	183.652	183.761	4304	0	0
2026.06.25	06:00:00	183.761	183.903	183.756	183.879	3809	0	0
2026.06.25	07:00:00	183.879	183.902	183.839	183.878	2768	0	0
2026.06.25	08:00:00	183.880	183.890	183.793	183.856	2762	0	0
2026.06.25	09:00:00	183.856	183.913	183.755	183.785	5155	0	0
2026.06.25	10:00:00	183.784	183.861	183.663	183.810	6494	0	0
2026.06.25	11:00:00	183.810	183.996	183.803	183.926	5532	0	0
2026.06.25	12:00:00	183.926	184.032	183.848	183.849	4691	0	0
2026.06.25	13:00:00	183.849	183.850	183.631	183.661	4644	0	0
2026.06.25	14:00:00	183.661	183.670	183.411	183.518	5957	0	0
2026.06.25	15:00:00	183.518	183.864	183.518	183.744	8581	0	0
2026.06.25	16:00:00	183.744	183.929	183.688	183.797	9859	0	0
2026.06.25	17:00:00	183.797	183.985	183.792	183.908	11766	0	0
2026.06.25	18:00:00	183.908	184.095	183.903	184.054	8762	0	0
2026.06.25	19:00:00	184.054	184.099	183.960	183.992	5304	0	0
2026.06.25	20:00:00	183.992	184.045	183.963	184.012	3799	0	0
2026.06.25	21:00:00	184.012	184.103	183.995	184.009	4432	0	0
2026.06.25	22:00:00	184.009	184.073	183.963	183.999	3752	0	0
2026.06.25	23:00:00	183.999	184.028	183.948	183.950	2118	0	0
2026.06.26	00:00:00	183.937	184.018	183.862	183.977	896	0	26
2026.06.26	01:00:00	183.974	183.998	183.894	183.944	2139	0	0
2026.06.26	02:00:00	183.944	183.948	183.818	183.834	2943	0	0
2026.06.26	03:00:00	183.835	183.961	183.820	183.917	5975	0	0
2026.06.26	04:00:00	183.917	183.968	183.754	183.803	6034	0	0
2026.06.26	05:00:00	183.803	183.851	183.720	183.764	5000	0	0
2026.06.26	06:00:00	183.764	183.829	183.722	183.821	5117	0	0
2026.06.26	07:00:00	183.821	183.893	183.716	183.885	5310	0	0
2026.06.26	08:00:00	183.885	183.896	183.806	183.810	3798	0	0
2026.06.26	09:00:00	183.810	184.021	183.801	183.958	5914	0	0
2026.06.26	10:00:00	183.958	184.081	183.895	184.039	6240	0	0
2026.06.26	11:00:00	184.039	184.340	183.976	184.233	7659	0	0
2026.06.26	12:00:00	184.233	184.373	184.122	184.343	6062	0	0
2026.06.26	13:00:00	184.343	184.356	184.258	184.323	5317	0	0
2026.06.26	14:00:00	184.323	184.354	184.210	184.271	5857	0	0
2026.06.26	15:00:00	184.271	184.830	184.255	184.729	7183	0	0
2026.06.26	16:00:00	184.729	184.775	184.548	184.664	10256	0	0
2026.06.26	17:00:00	184.664	184.705	184.260	184.276	9055	0	0
2026.06.26	18:00:00	184.276	184.398	184.253	184.354	7341	0	0
2026.06.26	19:00:00	184.354	184.356	184.142	184.236	5178	0	0
2026.06.26	20:00:00	184.236	184.270	184.160	184.201	3432	0	0
2026.06.26	21:00:00	184.201	184.252	184.151	184.153	2794	0	0
2026.06.26	22:00:00	184.153	184.215	184.074	184.190	3249	0	0
2026.06.26	23:00:00	184.190	184.259	184.075	184.138	3555	0	0
2026.06.29	00:00:00	184.121	184.259	184.052	184.159	1651	0	27
2026.06.29	01:00:00	184.159	184.235	184.144	184.206	2460	0	0
2026.06.29	02:00:00	184.206	184.233	184.159	184.205	2090	0	0
2026.06.29	03:00:00	184.205	184.224	184.125	184.206	6518	0	0
2026.06.29	04:00:00	184.206	184.263	184.163	184.202	5495	0	0
2026.06.29	05:00:00	184.202	184.294	184.162	184.237	4972	0	0
2026.06.29	06:00:00	184.237	184.270	184.174	184.177	2906	0	0
2026.06.29	07:00:00	184.177	184.221	184.145	184.184	3141	0	0
2026.06.29	08:00:00	184.187	184.369	184.185	184.364	2969	0	0
2026.06.29	09:00:00	184.364	184.675	184.330	184.641	5429	0	0
2026.06.29	10:00:00	184.641	184.661	184.484	184.521	5479	0	0
2026.06.29	11:00:00	184.521	184.584	184.384	184.447	5363	0	0
2026.06.29	12:00:00	184.448	184.611	184.418	184.602	5012	0	0
2026.06.29	13:00:00	184.602	184.635	184.534	184.592	3747	0	0
2026.06.29	14:00:00	184.592	184.668	184.486	184.640	4972	0	0
2026.06.29	15:00:00	184.640	184.652	184.559	184.602	5480	0	0
2026.06.29	16:00:00	184.602	184.799	184.582	184.793	6536	0	0
2026.06.29	17:00:00	184.793	184.978	184.659	184.953	10483	0	0
2026.06.29	18:00:00	184.953	185.010	184.870	184.988	6461	0	0
2026.06.29	19:00:00	184.988	185.089	184.982	185.034	4039	0	0
2026.06.29	20:00:00	185.034	185.063	184.969	185.040	3580	0	0
2026.06.29	21:00:00	185.040	185.098	185.034	185.062	3077	0	0
2026.06.29	22:00:00	185.062	185.065	184.997	185.029	2346	0	0
2026.06.29	23:00:00	185.029	185.053	184.967	184.967	1735	0	0
2026.06.30	00:00:00	184.967	184.994	184.880	184.957	939	0	2
2026.06.30	01:00:00	184.956	185.022	184.948	184.991	1529	0	0
2026.06.30	02:00:00	184.991	184.995	184.903	184.904	1185	0	0
2026.06.30	03:00:00	184.904	185.363	184.850	185.099	8434	0	0
2026.06.30	04:00:00	185.099	185.175	184.933	184.954	9181	0	0
2026.06.30	05:00:00	184.953	184.984	184.871	184.904	5464	0	0
2026.06.30	06:00:00	184.903	184.972	184.741	184.853	5358	0	0
2026.06.30	07:00:00	184.853	184.877	184.725	184.734	4188	0	0
2026.06.30	08:00:00	184.734	184.846	184.678	184.766	3987	0	0
2026.06.30	09:00:00	184.766	185.023	184.762	184.962	8123	0	0
2026.06.30	10:00:00	184.963	185.026	184.908	184.953	6104	0	0
2026.06.30	11:00:00	184.953	184.979	184.820	184.940	7654	0	0
2026.06.30	12:00:00	184.940	184.988	184.847	184.969	5735	0	0
2026.06.30	13:00:00	184.969	185.092	184.933	185.072	4377	0	0
2026.06.30	14:00:00	185.072	185.115	184.924	185.040	6110	0	0
2026.06.30	15:00:00	185.040	185.169	184.662	185.077	7869	0	0
2026.06.30	16:00:00	185.077	185.203	185.048	185.164	6819	0	0
2026.06.30	17:00:00	185.164	185.836	185.067	185.803	12789	0	0
2026.06.30	18:00:00	185.803	185.864	185.615	185.657	9257	0	0
2026.06.30	19:00:00	185.657	185.691	185.598	185.646	4445	0	0
2026.06.30	20:00:00	185.646	185.699	185.633	185.697	3367	0	0
2026.06.30	21:00:00	185.697	185.797	185.679	185.717	3594	0	0
2026.06.30	22:00:00	185.717	185.792	185.651	185.774	4395	0	0
2026.06.30	23:00:00	185.774	185.788	185.664	185.664	3503	0	0
2026.07.01	00:00:00	185.664	185.723	185.622	185.683	994	0	26
2026.07.01	01:00:00	185.683	185.743	185.677	185.692	1177	0	0
2026.07.01	02:00:00	185.692	185.693	185.588	185.615	1834	0	0
2026.07.01	03:00:00	185.615	185.713	185.593	185.618	5654	0	0
2026.07.01	04:00:00	185.618	185.629	185.449	185.529	6612	0	0
2026.07.01	05:00:00	185.529	185.681	185.524	185.624	4443	0	0
2026.07.01	06:00:00	185.624	185.704	185.616	185.657	4154	0	0
2026.07.01	07:00:00	185.657	185.663	185.453	185.648	5394	0	0
2026.07.01	08:00:00	185.648	185.698	185.530	185.584	3152	0	0
2026.07.01	09:00:00	185.584	185.664	185.472	185.502	4942	0	0
2026.07.01	10:00:00	185.502	185.517	185.327	185.479	5844	0	0
2026.07.01	11:00:00	185.479	185.513	185.323	185.381	4997	0	0
2026.07.01	12:00:00	185.381	185.439	185.254	185.321	5584	0	0
2026.07.01	13:00:00	185.321	185.463	185.287	185.433	3609	0	0
2026.07.01	14:00:00	185.433	185.446	185.233	185.241	4750	0	0
2026.07.01	15:00:00	185.241	185.284	185.002	185.010	7765	0	0
2026.07.01	16:00:00	185.009	185.224	184.883	185.074	15444	0	0
2026.07.01	17:00:00	185.074	185.159	184.939	185.057	11957	0	0
2026.07.01	18:00:00	185.057	185.065	184.867	184.889	8774	0	0
2026.07.01	19:00:00	184.889	184.994	184.853	184.914	6060	0	0
2026.07.01	20:00:00	184.914	185.013	184.883	184.978	4374	0	0
2026.07.01	21:00:00	184.978	184.995	184.922	184.948	4088	0	0
2026.07.01	22:00:00	184.949	184.994	184.929	184.987	3141	0	0
2026.07.01	23:00:00	184.986	185.016	184.953	184.975	2794	0	0
2026.07.02	00:00:00	184.975	184.975	184.913	184.928	449	0	24
2026.07.02	01:00:00	184.928	184.976	184.926	184.953	853	0	0
2026.07.02	02:00:00	184.953	184.992	184.909	184.942	1473	0	0
2026.07.02	03:00:00	184.942	185.014	184.903	184.942	6474	0	0
2026.07.02	04:00:00	184.942	185.030	184.925	184.990	4921	0	0
2026.07.02	05:00:00	184.990	185.088	184.970	184.988	3982	0	0
2026.07.02	06:00:00	184.988	185.014	184.878	184.918	2943	0	0
2026.07.02	07:00:00	184.918	184.963	184.876	184.959	4682	0	0
2026.07.02	08:00:00	184.959	184.966	184.794	184.830	3386	0	0
2026.07.02	09:00:00	184.830	184.837	183.755	184.394	11823	0	0
2026.07.02	10:00:00	184.394	184.508	184.092	184.160	14452	0	0
2026.07.02	11:00:00	184.160	184.212	183.766	183.893	15811	0	0
2026.07.02	12:00:00	183.893	184.146	183.878	183.927	10150	0	0
2026.07.02	13:00:00	183.927	184.212	183.922	184.120	7250	0	0
2026.07.02	14:00:00	184.120	184.207	184.071	184.148	5706	0	0
2026.07.02	15:00:00	184.148	184.426	183.939	184.399	18352	0	0
2026.07.02	16:00:00	184.399	184.443	184.188	184.194	13650	0	0
2026.07.02	17:00:00	184.194	184.346	184.155	184.295	11015	0	0
2026.07.02	18:00:00	184.295	184.299	184.040	184.200	9425	0	0
2026.07.02	19:00:00	184.200	184.236	184.116	184.129	7417	0	0
2026.07.02	20:00:00	184.130	184.184	184.098	184.116	5154	0	0
2026.07.02	21:00:00	184.116	184.181	184.103	184.129	4014	0	0
2026.07.02	22:00:00	184.129	184.197	184.119	184.182	3430	0	0
2026.07.02	23:00:00	184.182	184.241	184.167	184.174	1922	0	0
2026.07.03	00:00:00	184.174	184.215	184.099	184.171	349	0	0
2026.07.03	01:00:00	184.161	184.332	184.156	184.299	1904	0	0
2026.07.03	02:00:00	184.299	184.431	184.276	184.421	2924	0	0
2026.07.03	03:00:00	184.421	184.477	184.239	184.249	7297	0	0
2026.07.03	04:00:00	184.249	184.429	184.144	184.408	8506	0	0
2026.07.03	05:00:00	184.408	184.482	184.342	184.377	4747	0	0
2026.07.03	06:00:00	184.377	184.413	184.352	184.400	3713	0	0
2026.07.03	07:00:00	184.400	184.487	184.370	184.430	3187	0	0
2026.07.03	08:00:00	184.430	184.571	184.370	184.516	4650	0	0
2026.07.03	09:00:00	184.516	184.516	183.932	184.266	9653	0	0
2026.07.03	10:00:00	184.266	184.336	184.104	184.189	7882	0	0
2026.07.03	11:00:00	184.189	184.436	184.156	184.435	5290	0	0
2026.07.03	12:00:00	184.435	184.460	184.303	184.344	4367	0	0
2026.07.03	13:00:00	184.344	184.469	184.341	184.403	3651	0	0
2026.07.03	14:00:00	184.403	184.564	184.402	184.489	4668	0	0
2026.07.03	15:00:00	184.489	184.529	184.443	184.493	4330	0	0
2026.07.03	16:00:00	184.492	184.545	184.458	184.483	4477	0	0
2026.07.03	17:00:00	184.483	184.559	184.472	184.543	4759	0	0
2026.07.03	18:00:00	184.543	184.604	184.479	184.500	3633	0	0
2026.07.03	19:00:00	184.500	184.578	184.492	184.547	2033	0	0
2026.07.03	20:00:00	184.547	184.605	184.496	184.538	7086	0	0
2026.07.03	21:00:00	184.538	184.587	184.528	184.570	4585	0	0
2026.07.03	22:00:00	184.571	184.595	184.531	184.545	2875	0	0
2026.07.03	23:00:00	184.545	184.597	184.417	184.417	3591	0	0
2026.07.06	00:00:00	184.446	184.526	184.426	184.487	1547	0	35
2026.07.06	01:00:00	184.487	184.646	184.462	184.604	2195	0	0
2026.07.06	02:00:00	184.604	184.684	184.603	184.653	2012	0	0
2026.07.06	03:00:00	184.653	184.846	184.653	184.763	5888	0	0
2026.07.06	04:00:00	184.763	184.931	184.748	184.925	4967	0	0
2026.07.06	05:00:00	184.925	184.982	184.907	184.966	3451	0	0
2026.07.06	06:00:00	184.966	185.021	184.922	185.011	2798	0	0
2026.07.06	07:00:00	185.011	185.145	184.994	185.139	2586	0	0
2026.07.06	08:00:00	185.139	185.183	185.053	185.154	3430	0	0
2026.07.06	09:00:00	185.154	185.370	185.151	185.340	6075	0	0
2026.07.06	10:00:00	185.340	185.407	185.256	185.292	6397	0	0
2026.07.06	11:00:00	185.292	185.360	185.214	185.297	4635	0	0
2026.07.06	12:00:00	185.297	185.330	185.232	185.271	3627	0	0
2026.07.06	13:00:00	185.271	185.380	185.230	185.349	3755	0	0
2026.07.06	14:00:00	185.349	185.361	185.258	185.310	3578	0	0
2026.07.06	15:00:00	185.310	185.400	185.296	185.347	4223	0	0
2026.07.06	16:00:00	185.347	185.422	185.206	185.265	5266	0	0
2026.07.06	17:00:00	185.265	185.410	185.233	185.365	5695	0	0
2026.07.06	18:00:00	185.365	185.444	185.309	185.415	4376	0	0
2026.07.06	19:00:00	185.415	185.505	185.413	185.476	3124	0	0
2026.07.06	20:00:00	185.476	185.532	185.451	185.468	2815	0	0
2026.07.06	21:00:00	185.468	185.527	185.410	185.430	3162	0	0
2026.07.06	22:00:00	185.430	185.469	185.387	185.408	3072	0	0
2026.07.06	23:00:00	185.402	185.458	185.384	185.445	2051	0	0
2026.07.07	00:00:00	185.445	185.502	185.381	185.487	1778	0	10
2026.07.07	01:00:00	185.487	185.500	185.438	185.488	1671	0	0
2026.07.07	02:00:00	185.488	185.489	185.424	185.459	1707	0	0
2026.07.07	03:00:00	185.459	185.529	185.447	185.457	5066	0	0
2026.07.07	04:00:00	185.456	185.479	185.087	185.244	7582	0	0
2026.07.07	05:00:00	185.244	185.265	185.174	185.229	4332	0	0
2026.07.07	06:00:00	185.229	185.259	185.108	185.131	4425	0	0
2026.07.07	07:00:00	185.131	185.162	184.943	185.021	3950	0	0
2026.07.07	08:00:00	185.024	185.055	184.942	185.047	4444	0	0
2026.07.07	09:00:00	185.047	185.204	184.998	185.192	4236	0	0
2026.07.07	10:00:00	185.192	185.229	184.812	185.046	8203	0	0
2026.07.07	11:00:00	185.046	185.153	184.989	185.019	6735	0	0
2026.07.07	12:00:00	185.020	185.061	184.924	185.018	4734	0	0
2026.07.07	13:00:00	185.018	185.161	184.992	185.156	3769	0	0
2026.07.07	14:00:00	185.156	185.196	185.041	185.112	4917	0	0
2026.07.07	15:00:00	185.112	185.140	185.026	185.088	5639	0	0
2026.07.07	16:00:00	185.088	185.209	185.033	185.148	6519	0	0
2026.07.07	17:00:00	185.148	185.187	185.043	185.118	8853	0	0
2026.07.07	18:00:00	185.118	185.152	184.947	184.952	6004	0	0
2026.07.07	19:00:00	184.952	184.989	184.877	184.988	4178	0	0
2026.07.07	20:00:00	184.988	185.019	184.949	185.013	3162	0	0
2026.07.07	21:00:00	185.012	185.034	184.900	184.905	3977	0	0
2026.07.07	22:00:00	184.905	185.037	184.899	185.033	5355	0	0
2026.07.07	23:00:00	185.033	185.055	184.963	184.963	1833	0	0
2026.07.08	00:00:00	184.963	185.027	184.852	184.946	918	0	0
2026.07.08	01:00:00	184.946	185.031	184.906	184.999	1474	0	0
2026.07.08	02:00:00	184.999	185.122	184.980	185.113	2272	0	0
2026.07.08	03:00:00	185.115	185.262	185.068	185.207	7759	0	0
2026.07.08	04:00:00	185.207	185.233	185.141	185.175	5422	0	0
2026.07.08	05:00:00	185.175	185.320	185.160	185.257	4094	0	0
2026.07.08	06:00:00	185.257	185.311	185.238	185.305	3311	0	0
2026.07.08	07:00:00	185.304	185.372	185.275	185.334	2989	0	0
2026.07.08	08:00:00	185.335	185.384	185.258	185.338	3721	0	0
2026.07.08	09:00:00	185.338	185.357	185.151	185.279	6900	0	0
2026.07.08	10:00:00	185.279	185.417	185.244	185.353	6489	0	0
2026.07.08	11:00:00	185.353	185.468	185.188	185.406	10916	0	0
2026.07.08	12:00:00	185.404	185.411	185.170	185.280	9373	0	0
2026.07.08	13:00:00	185.280	185.388	185.221	185.363	4959	0	0
2026.07.08	14:00:00	185.362	185.390	185.186	185.265	6410	0	0
2026.07.08	15:00:00	185.265	185.339	185.204	185.212	6692	0	0
2026.07.08	16:00:00	185.212	185.499	185.206	185.457	7867	0	0
2026.07.08	17:00:00	185.457	185.505	185.394	185.495	8046	0	0
2026.07.08	18:00:00	185.496	185.558	185.338	185.367	7054	0	0
2026.07.08	19:00:00	185.367	185.526	185.347	185.521	5334	0	0
2026.07.08	20:00:00	185.521	185.669	185.507	185.599	4336	0	0
2026.07.08	21:00:00	185.599	185.678	185.578	185.637	4037	0	0
2026.07.08	22:00:00	185.637	185.709	185.637	185.671	3325	0	0
2026.07.08	23:00:00	185.671	185.683	185.602	185.602	2279	0	0
2026.07.09	00:00:00	185.560	185.669	185.506	185.581	450	0	36
2026.07.09	01:00:00	185.576	185.663	185.571	185.635	1291	0	0
2026.07.09	02:00:00	185.635	185.664	185.583	185.642	1384	0	0
2026.07.09	03:00:00	185.642	185.643	185.528	185.602	6197	0	0
2026.07.09	04:00:00	185.602	185.702	185.567	185.603	4822	0	0
2026.07.09	05:00:00	185.603	185.664	185.602	185.614	3323	0	0
2026.07.09	06:00:00	185.614	185.661	185.600	185.630	3110	0	0
2026.07.09	07:00:00	185.630	185.636	185.541	185.605	2429	0	0
2026.07.09	08:00:00	185.605	185.659	185.584	185.603	3370	0	0
2026.07.09	09:00:00	185.603	185.780	185.603	185.702	5695	0	0
2026.07.09	10:00:00	185.702	185.734	185.604	185.652	4908	0	0
2026.07.09	11:00:00	185.652	185.690	185.528	185.563	4695	0	0
2026.07.09	12:00:00	185.563	185.655	185.542	185.639	4077	0	0
2026.07.09	13:00:00	185.639	185.666	185.587	185.617	4014	0	0
2026.07.09	14:00:00	185.617	185.712	185.598	185.700	5280	0	0
2026.07.09	15:00:00	185.700	185.726	185.557	185.590	5390	0	0
2026.07.09	16:00:00	185.590	185.706	185.576	185.706	5787	0	0
2026.07.09	17:00:00	185.706	185.818	185.617	185.634	7144	0	0
2026.07.09	18:00:00	185.634	185.703	185.596	185.640	5897	0	0
2026.07.09	19:00:00	185.640	185.670	185.604	185.638	3624	0	0
2026.07.09	20:00:00	185.638	185.658	185.601	185.617	2539	0	0
2026.07.09	21:00:00	185.617	185.637	185.595	185.607	2697	0	0
2026.07.09	22:00:00	185.607	185.618	185.559	185.573	2499	0	0
2026.07.09	23:00:00	185.573	185.617	185.550	185.601	1538	0	0
2026.07.10	00:00:00	185.571	185.653	185.491	185.573	464	0	29
2026.07.10	01:00:00	185.564	185.652	185.550	185.629	1227	0	0
2026.07.10	02:00:00	185.629	185.648	185.610	185.636	1183	0	0
2026.07.10	03:00:00	185.635	185.676	185.227	185.393	8674	0	0
2026.07.10	04:00:00	185.393	185.416	185.020	185.141	14217	0	0
2026.07.10	05:00:00	185.141	185.163	184.829	184.995	14651	0	0
2026.07.10	06:00:00	184.995	185.035	184.833	184.928	7527	0	0
2026.07.10	07:00:00	184.928	185.037	184.919	184.948	4573	0	0
2026.07.10	08:00:00	184.952	184.970	184.762	184.847	5293	0	0
2026.07.10	09:00:00	184.847	184.907	184.733	184.885	7906	0	0
2026.07.10	10:00:00	184.885	185.079	184.869	184.935	7117	0	0
2026.07.10	11:00:00	184.935	184.945	184.734	184.818	7809	0	0
2026.07.10	12:00:00	184.818	184.994	184.797	184.925	5412	0	0
2026.07.10	13:00:00	184.925	185.008	184.854	184.954	5050	0	0
2026.07.10	14:00:00	184.954	185.031	184.884	185.010	5460	0	0
2026.07.10	15:00:00	185.010	185.035	184.841	184.922	6914	0	0
2026.07.10	16:00:00	184.922	184.930	184.735	184.752	6601	0	0
2026.07.10	17:00:00	184.752	184.876	184.700	184.846	8543	0	0
2026.07.10	18:00:00	184.846	184.878	184.466	184.513	9290	0	0
2026.07.10	19:00:00	184.513	184.655	184.497	184.599	7109	0	0
2026.07.10	20:00:00	184.599	184.620	184.519	184.564	4389	0	0
2026.07.10	21:00:00	184.564	184.603	184.553	184.590	3793	0	0
2026.07.10	22:00:00	184.590	184.636	184.573	184.636	2753	0	0
2026.07.10	23:00:00	184.633	184.662	184.537	184.539	3280	0	0
2026.07.13	00:00:00	184.324	184.524	184.309	184.460	1170	0	0
2026.07.13	01:00:00	184.447	184.666	184.428	184.627	5200	0	0
2026.07.13	02:00:00	184.627	184.682	184.608	184.621	4233	0	0
2026.07.13	03:00:00	184.621	184.722	184.571	184.711	9948	0	0
2026.07.13	04:00:00	184.711	184.746	184.542	184.613	8407	0	0
2026.07.13	05:00:00	184.613	184.710	184.595	184.673	5985	0	0
2026.07.13	06:00:00	184.673	184.742	184.655	184.741	5338	0	0
2026.07.13	07:00:00	184.741	184.760	184.686	184.736	4513	0	0
2026.07.13	08:00:00	184.737	185.053	184.715	184.964	5812	0	0
2026.07.13	09:00:00	184.964	185.106	184.938	184.971	7763	0	0
2026.07.13	10:00:00	184.971	185.279	184.670	185.202	11561	0	0
2026.07.13	11:00:00	185.202	185.469	185.188	185.355	7752	0	0
2026.07.13	12:00:00	185.355	185.377	185.122	185.187	6091	0	0
2026.07.13	13:00:00	185.187	185.351	185.182	185.334	5098	0	0
2026.07.13	14:00:00	185.334	185.339	185.230	185.264	5393	0	0
2026.07.13	15:00:00	185.263	185.338	185.206	185.309	5676	0	0
2026.07.13	16:00:00	185.309	185.318	185.157	185.172	6700	0	0
2026.07.13	17:00:00	185.172	185.225	185.079	185.177	9715	0	0
2026.07.13	18:00:00	185.177	185.196	185.015	185.074	6131	0	0
2026.07.13	19:00:00	185.074	185.097	184.912	185.012	7671	0	0
2026.07.13	20:00:00	185.012	185.036	184.957	184.986	4969	0	0
2026.07.13	21:00:00	184.986	185.010	184.881	184.887	4366	0	0
2026.07.13	22:00:00	184.887	184.934	184.881	184.926	4185	0	0
2026.07.13	23:00:00	184.926	184.927	184.857	184.867	1908	0	0
2026.07.14	00:00:00	184.867	184.986	184.831	184.891	650	0	44
2026.07.14	01:00:00	184.891	184.945	184.874	184.882	1374	0	0
2026.07.14	02:00:00	184.882	184.897	184.844	184.893	2123	0	0
2026.07.14	03:00:00	184.892	184.946	184.772	184.870	10455	0	0
2026.07.14	04:00:00	184.868	184.982	184.847	184.950	7176	0	0
2026.07.14	05:00:00	184.950	184.993	184.899	184.902	5475	0	0
2026.07.14	06:00:00	184.903	184.955	184.866	184.907	5546	0	0
2026.07.14	07:00:00	184.907	184.940	184.838	184.889	4685	0	0
2026.07.14	08:00:00	184.891	184.938	184.853	184.877	3539	0	0
2026.07.14	09:00:00	184.877	184.941	184.824	184.849	5468	0	0
2026.07.14	10:00:00	184.849	185.013	184.837	185.004	6259	0	0
2026.07.14	11:00:00	185.004	185.087	184.802	184.988	6332	0	0
2026.07.14	12:00:00	184.987	185.004	184.840	184.906	4980	0	0
2026.07.14	13:00:00	184.906	184.911	184.825	184.841	4393	0	0
2026.07.14	14:00:00	184.841	185.050	184.810	185.013	5641	0	0
2026.07.14	15:00:00	185.013	185.363	184.978	185.324	15289	0	0
2026.07.14	16:00:00	185.324	185.482	185.294	185.428	13313	0	0
2026.07.14	17:00:00	185.428	185.493	185.294	185.377	10906	0	0
2026.07.14	18:00:00	185.377	185.436	185.281	185.284	9260	0	0
2026.07.14	19:00:00	185.284	185.374	185.279	185.328	4534	0	0
2026.07.14	20:00:00	185.328	185.356	185.256	185.279	5228	0	0
2026.07.14	21:00:00	185.278	185.315	185.256	185.283	4619	0	0
2026.07.14	22:00:00	185.283	185.292	185.220	185.252	4344	0	0
2026.07.14	23:00:00	185.252	185.317	185.229	185.303	2476	0	0
2026.07.15	00:00:00	185.303	185.303	185.109	185.224	275	0	0
2026.07.15	01:00:00	185.224	185.301	185.216	185.286	1813	0	0
2026.07.15	02:00:00	185.286	185.296	185.250	185.296	1682	0	0
2026.07.15	03:00:00	185.295	185.380	185.276	185.330	6967	0	0
2026.07.15	04:00:00	185.329	185.375	185.232	185.362	7202	0	0
2026.07.15	05:00:00	185.362	185.463	185.336	185.452	4599	0	0
2026.07.15	06:00:00	185.452	185.475	185.418	185.457	4516	0	0
2026.07.15	07:00:00	185.457	185.573	185.443	185.521	3342	0	0
2026.07.15	08:00:00	185.522	185.624	185.483	185.567	3697	0	0
2026.07.15	09:00:00	185.567	185.598	185.379	185.387	5342	0	0
2026.07.15	10:00:00	185.387	185.449	185.335	185.366	5644	0	0
2026.07.15	11:00:00	185.366	185.462	185.366	185.417	5257	0	0
2026.07.15	12:00:00	185.417	185.436	185.342	185.373	4957	0	0
2026.07.15	13:00:00	185.373	185.402	185.281	185.311	4903	0	0
2026.07.15	14:00:00	185.311	185.404	185.246	185.265	5531	0	0
2026.07.15	15:00:00	185.266	185.411	185.211	185.331	7906	0	0
2026.07.15	16:00:00	185.331	185.447	185.326	185.405	7545	0	0
2026.07.15	17:00:00	185.405	185.538	185.385	185.442	8325	0	0
2026.07.15	18:00:00	185.442	185.524	185.349	185.400	7169	0	0
2026.07.15	19:00:00	185.400	185.554	185.364	185.551	5698	0	0
2026.07.15	20:00:00	185.551	185.881	185.548	185.851	6246	0	0
2026.07.15	21:00:00	185.852	185.912	185.783	185.813	5996	0	0
2026.07.15	22:00:00	185.813	186.003	185.795	185.975	6086	0	0
2026.07.15	23:00:00	185.975	185.975	185.903	185.904	2265	0	0
2026.07.16	00:00:00	185.904	185.911	185.653	185.853	332	0	18
2026.07.16	01:00:00	185.852	185.956	185.835	185.911	1723	0	0
2026.07.16	02:00:00	185.911	185.920	185.871	185.902	2146	0	0
2026.07.16	03:00:00	185.902	185.995	185.868	185.990	6540	0	0
2026.07.16	04:00:00	185.990	185.993	185.830	185.876	5647	0	0
2026.07.16	05:00:00	185.876	185.917	185.826	185.905	4313	0	0
2026.07.16	06:00:00	185.905	185.908	185.863	185.867	2612	0	0
2026.07.16	07:00:00	185.867	185.905	185.840	185.871	2464	0	0
2026.07.16	08:00:00	185.871	185.937	185.864	185.895	3169	0	0
2026.07.16	09:00:00	185.895	185.980	185.895	185.935	4927	0	0
2026.07.16	10:00:00	185.935	185.955	185.787	185.905	6386	0	0
2026.07.16	11:00:00	185.905	185.948	185.826	185.922	5637	0	0
2026.07.16	12:00:00	185.922	185.967	185.855	185.958	4588	0	0
2026.07.16	13:00:00	185.958	185.995	185.816	185.835	3666	0	0
2026.07.16	14:00:00	185.835	185.991	185.799	185.975	5571	0	0
2026.07.16	15:00:00	185.976	186.034	185.785	185.798	7508	0	0
2026.07.16	16:00:00	185.798	185.946	185.759	185.865	7668	0	0
2026.07.16	17:00:00	185.865	185.964	185.831	185.890	7802	0	0
2026.07.16	18:00:00	185.890	185.972	185.815	185.934	6209	0	0
2026.07.16	19:00:00	185.934	185.938	185.796	185.798	5142	0	0
2026.07.16	20:00:00	185.798	185.814	185.751	185.753	3557	0	0
2026.07.16	21:00:00	185.753	185.762	185.717	185.756	3283	0	0
2026.07.16	22:00:00	185.756	185.807	185.734	185.803	2756	0	0
2026.07.16	23:00:00	185.801	185.830	185.745	185.807	1699	0	0
2026.07.17	00:00:00	185.741	185.812	185.688	185.775	295	0	60
2026.07.17	01:00:00	185.775	185.812	185.754	185.799	1215	0	0
2026.07.17	02:00:00	185.799	185.858	185.785	185.851	1477	0	0
2026.07.17	03:00:00	185.851	185.926	185.792	185.923	5604	0	0
2026.07.17	04:00:00	185.923	185.955	185.824	185.853	4705	0	0
2026.07.17	05:00:00	185.853	185.861	185.688	185.709	4384	0	0
2026.07.17	06:00:00	185.709	185.784	185.706	185.774	3446	0	0
2026.07.17	07:00:00	185.774	185.788	185.723	185.748	2589	0	0
2026.07.17	08:00:00	185.750	185.827	185.743	185.791	3379	0	0
2026.07.17	09:00:00	185.791	185.959	185.672	185.796	6923	0	0
2026.07.17	10:00:00	185.796	185.812	185.632	185.742	6299	0	0
2026.07.17	11:00:00	185.741	185.827	185.682	185.801	6352	0	0
2026.07.17	12:00:00	185.801	185.862	185.747	185.756	5432	0	0
2026.07.17	13:00:00	185.755	185.764	185.531	185.532	5632	0	0
2026.07.17	14:00:00	185.532	185.633	185.483	185.589	5542	0	0
2026.07.17	15:00:00	185.589	185.665	185.547	185.626	5448	0	0
2026.07.17	16:00:00	185.626	185.732	185.574	185.681	8031	0	0
2026.07.17	17:00:00	185.681	185.820	185.644	185.797	6779	0	0
2026.07.17	18:00:00	185.797	185.841	185.754	185.831	5682	0	0
2026.07.17	19:00:00	185.831	185.913	185.792	185.806	4720	0	0
2026.07.17	20:00:00	185.802	185.812	185.755	185.756	3156	0	0
2026.07.17	21:00:00	185.756	185.796	185.738	185.771	2474	0	0
2026.07.17	22:00:00	185.771	185.842	185.746	185.793	3096	0	0
2026.07.17	23:00:00	185.794	185.819	185.728	185.788	2680	0	0
2026.07.20	00:00:00	185.558	185.663	185.530	185.604	366	0	5
2026.07.20	01:00:00	185.604	185.786	185.577	185.695	3783	0	0
2026.07.20	02:00:00	185.695	185.736	185.664	185.720	2670	0	0
2026.07.20	03:00:00	185.720	185.764	185.590	185.606	5694	0	0
2026.07.20	04:00:00	185.606	185.677	185.583	185.674	6216	0	0
2026.07.20	05:00:00	185.674	185.778	185.653	185.766	4150	0	0
2026.07.20	06:00:00	185.766	185.786	185.731	185.779	2956	0	0
2026.07.20	07:00:00	185.779	185.825	185.776	185.786	2677	0	0
2026.07.20	08:00:00	185.789	185.800	185.725	185.756	2661	0	0
2026.07.20	09:00:00	185.756	185.785	185.667	185.719	4465	0	0
2026.07.20	10:00:00	185.719	185.876	185.709	185.810	6676	0	0
2026.07.20	11:00:00	185.810	185.829	185.711	185.735	4716	0	0
2026.07.20	12:00:00	185.734	185.751	185.615	185.644	4144	0	0
2026.07.20	13:00:00	185.645	185.714	185.628	185.647	3249	0	0
2026.07.20	14:00:00	185.647	185.727	185.537	185.553	6091	0	0
2026.07.20	15:00:00	185.552	185.589	185.421	185.533	5909	0	0
2026.07.20	16:00:00	185.533	185.541	185.386	185.471	6435	0	0
2026.07.20	17:00:00	185.471	185.578	185.349	185.384	8877	0	0
2026.07.20	18:00:00	185.384	185.521	185.384	185.515	6214	0	0
2026.07.20	19:00:00	185.515	185.566	185.458	185.467	5121	0	0
2026.07.20	20:00:00	185.467	185.477	185.425	185.436	2977	0	0
2026.07.20	21:00:00	185.436	185.509	185.436	185.503	2898	0	0
2026.07.20	22:00:00	185.503	185.524	185.470	185.524	3780	0	0
2026.07.20	23:00:00	185.524	185.528	185.456	185.473	1698	0	0
2026.07.21	00:00:00	185.473	185.579	185.389	185.394	314	0	0
2026.07.21	01:00:00	185.390	185.465	185.389	185.462	1344	0	0
2026.07.21	02:00:00	185.462	185.494	185.449	185.493	1287	0	0
2026.07.21	03:00:00	185.493	185.526	185.453	185.505	5806	0	0
2026.07.21	04:00:00	185.505	185.516	185.416	185.494	4588	0	0
2026.07.21	05:00:00	185.494	185.533	185.415	185.422	3797	0	0
2026.07.21	06:00:00	185.422	185.463	185.405	185.436	3739	0	0
2026.07.21	07:00:00	185.436	185.532	185.431	185.527	2866	0	0
2026.07.21	08:00:00	185.527	185.585	185.505	185.547	2816	0	0
2026.07.21	09:00:00	185.547	185.676	185.535	185.629	4640	0	0
2026.07.21	10:00:00	185.629	185.776	185.629	185.738	5789	0	0
2026.07.21	11:00:00	185.738	185.840	185.716	185.806	5097	0	0
2026.07.21	12:00:00	185.806	185.895	185.785	185.813	4567	0	0
2026.07.21	13:00:00	185.813	185.920	185.769	185.772	6406	0	0
2026.07.21	14:00:00	185.772	185.895	185.767	185.828	5658	0	0
2026.07.21	15:00:00	185.828	185.882	185.747	185.784	7819	0	0
2026.07.21	16:00:00	185.785	185.872	185.710	185.855	8314	0	0
2026.07.21	17:00:00	185.855	186.031	185.826	185.931	9410	0	0
2026.07.21	18:00:00	185.932	185.971	185.860	185.957	7228	0	0
2026.07.21	19:00:00	185.957	185.989	185.931	185.959	3609	0	0
2026.07.21	20:00:00	185.959	185.988	185.936	185.967	3002	0	0
2026.07.21	21:00:00	185.967	186.123	185.932	186.082	7343	0	0
2026.07.21	22:00:00	186.082	186.111	186.055	186.081	4911	0	0
2026.07.21	23:00:00	186.081	186.119	185.981	185.981	2843	0	0
2026.07.22	00:00:00	185.929	186.015	185.929	185.989	245	0	34
2026.07.22	01:00:00	185.989	186.051	185.981	186.047	1438	0	0
2026.07.22	02:00:00	186.047	186.092	186.037	186.071	1401	0	0
2026.07.22	03:00:00	186.072	186.092	185.962	186.041	7270	0	0
2026.07.22	04:00:00	186.041	186.083	186.013	186.040	5104	0	0
2026.07.22	05:00:00	186.040	186.092	186.028	186.048	4151	0	0
2026.07.22	06:00:00	186.048	186.122	186.046	186.118	3814	0	0
2026.07.22	07:00:00	186.118	186.160	186.102	186.152	2768	0	0
2026.07.22	08:00:00	186.151	186.166	186.048	186.076	2904	0	0
2026.07.22	09:00:00	186.076	186.167	186.052	186.120	5207	0	0
2026.07.22	10:00:00	186.120	186.189	185.744	185.908	7686	0	0
2026.07.22	11:00:00	185.908	186.059	185.859	185.935	5669	0	0
2026.07.22	12:00:00	185.935	186.033	185.923	185.936	5134	0	0
2026.07.22	13:00:00	185.936	186.010	185.887	185.906	4223	0	0
2026.07.22	14:00:00	185.906	186.024	185.872	186.018	4948	0	0
2026.07.22	15:00:00	186.018	186.115	186.002	186.069	5442	0	0
2026.07.22	16:00:00	186.069	186.197	186.050	186.108	6976	0	0
2026.07.22	17:00:00	186.108	186.185	186.049	186.102	7199	0	0
2026.07.22	18:00:00	186.102	186.170	186.062	186.133	5142	0	0
2026.07.22	19:00:00	186.133	186.140	186.040	186.098	3961	0	0
2026.07.22	20:00:00	186.097	186.185	186.096	186.163	3461	0	0
2026.07.22	21:00:00	186.161	186.181	186.100	186.146	4645	0	0
2026.07.22	22:00:00	186.146	186.187	186.140	186.174	2781	0	0
2026.07.22	23:00:00	186.172	186.207	186.163	186.181	2383	0	0
2026.07.23	00:00:00	186.181	186.181	186.051	186.057	252	0	0
2026.07.23	01:00:00	186.057	186.123	186.043	186.082	1780	0	0
2026.07.23	02:00:00	186.082	186.127	186.074	186.106	1356	0	1
2026.07.23	03:00:00	186.106	186.189	186.105	186.167	4486	0	0
2026.07.23	04:00:00	186.167	186.209	186.103	186.157	6551	0	0
2026.07.23	05:00:00	186.156	186.355	186.156	186.347	3880	0	0
2026.07.23	06:00:00	186.347	186.373	186.298	186.343	4543	0	0
2026.07.23	07:00:00	186.343	186.461	186.334	186.432	4370	0	0
2026.07.23	08:00:00	186.433	186.475	186.384	186.433	3300	0	0
2026.07.23	09:00:00	186.433	186.485	186.323	186.360	4572	0	0
2026.07.23	10:00:00	186.360	186.665	186.347	186.585	7324	0	0
2026.07.23	11:00:00	186.584	186.615	186.367	186.379	7152	0	0
2026.07.23	12:00:00	186.379	186.470	186.375	186.455	4706	0	0
2026.07.23	13:00:00	186.455	186.459	186.302	186.321	4445	0	0
2026.07.23	14:00:00	186.321	186.340	186.059	186.294	8818	0	0
2026.07.23	15:00:00	186.294	186.350	186.125	186.342	8241	0	0
2026.07.23	16:00:00	186.342	186.516	186.209	186.466	10336	0	0
2026.07.23	17:00:00	186.467	186.491	186.310	186.404	9334	0	0
2026.07.23	18:00:00	186.404	186.432	186.225	186.290	9227	0	0
2026.07.23	19:00:00	186.290	186.376	186.290	186.368	5477	0	0
2026.07.23	20:00:00	186.368	186.375	186.298	186.310	5007	0	0
2026.07.23	21:00:00	186.310	186.349	186.291	186.347	4235	0	0
2026.07.23	22:00:00	186.347	186.411	186.333	186.390	3571	0	0
2026.07.23	23:00:00	186.390	186.452	186.385	186.398	1784	0	0
2026.07.24	00:00:00	186.372	186.410	186.278	186.313	369	0	50
2026.07.24	01:00:00	186.313	186.452	186.311	186.450	1266	0	0
2026.07.24	02:00:00	186.450	186.456	186.379	186.394	1605	0	0
2026.07.24	03:00:00	186.394	186.531	186.379	186.486	6630	0	0
2026.07.24	04:00:00	186.486	186.538	186.416	186.440	6284	0	0
2026.07.24	05:00:00	186.440	186.465	186.392	186.393	4137	0	0
2026.07.24	06:00:00	186.393	186.477	186.372	186.445	3930	0	0
2026.07.24	07:00:00	186.445	186.488	186.393	186.421	3461	0	0
2026.07.24	08:00:00	186.421	186.479	186.398	186.415	3089	0	0
2026.07.24	09:00:00	186.415	186.499	186.361	186.476	4890	0	0
2026.07.24	10:00:00	186.476	186.606	186.407	186.529	6832	0	0
2026.07.24	11:00:00	186.529	186.540	186.376	186.382	5958	0	0
2026.07.24	12:00:00	186.382	186.469	186.380	186.426	4276	0	0
2026.07.24	13:00:00	186.426	186.520	186.409	186.445	4005	0	0
2026.07.24	14:00:00	186.445	186.501	186.298	186.328	4807	0	0
2026.07.24	15:00:00	186.328	186.387	186.240	186.306	5470	0	0
2026.07.24	16:00:00	186.286	186.361	186.244	186.327	6517	0	0
2026.07.24	17:00:00	186.327	186.368	186.242	186.325	7572	0	0
2026.07.24	18:00:00	186.325	186.442	186.319	186.378	7206	0	0
2026.07.24	19:00:00	186.378	186.405	186.334	186.347	4338	0	0
2026.07.24	20:00:00	186.346	186.361	186.239	186.248	4440	0	0
2026.07.24	21:00:00	186.248	186.292	186.231	186.286	2519	0	0
2026.07.24	22:00:00	186.286	186.314	186.262	186.301	2599	0	0
2026.07.24	23:00:00	186.301	186.336	186.271	186.277	2025	0	0
