<DATE>	<TIME>	<OPEN>	<HIGH>	<LOW>	<CLOSE>	<TICKVOL>	<VOL>	<SPREAD>
2025.12.29	00:00:00	1.34731	1.35039	1.34731	1.34969	1133	0	16
2025.12.29	01:00:00	1.34989	1.35008	1.34872	1.34968	1982	0	4
2025.12.29	02:00:00	1.34968	1.35084	1.34965	1.35073	1709	0	4
2025.12.29	03:00:00	1.35074	1.35121	1.35052	1.35089	1765	0	4
2025.12.29	04:00:00	1.35088	1.35097	1.35016	1.35068	1437	0	4
2025.12.29	05:00:00	1.35067	1.35100	1.35024	1.35066	1174	0	4
2025.12.29	06:00:00	1.35065	1.35067	1.34935	1.34936	1004	0	4
2025.12.29	07:00:00	1.34935	1.34949	1.34839	1.34913	1475	0	4
2025.12.29	08:00:00	1.34914	1.34972	1.34871	1.34963	2381	0	3
2025.12.29	09:00:00	1.34963	1.34978	1.34816	1.34854	2847	0	2
2025.12.29	10:00:00	1.34838	1.34978	1.34769	1.34854	3009	0	2
2025.12.29	11:00:00	1.34854	1.35079	1.34732	1.34908	3326	0	2
2025.12.29	12:00:00	1.34905	1.35088	1.34884	1.34974	2687	0	2
2025.12.29	13:00:00	1.34973	1.35112	1.34887	1.34894	2618	0	2
2025.12.29	14:00:00	1.34895	1.34899	1.34688	1.34828	3071	0	2
2025.12.29	15:00:00	1.34827	1.34969	1.34791	1.34933	3456	0	2
2025.12.29	16:00:00	1.34931	1.35071	1.34857	1.35011	3831	0	2
2025.12.29	17:00:00	1.35011	1.35123	1.34862	1.35001	4615	0	2
2025.12.29	18:00:00	1.34999	1.35010	1.34850	1.34936	3844	0	2
2025.12.29	19:00:00	1.34933	1.34952	1.34810	1.34853	2857	0	2
2025.12.29	20:00:00	1.34854	1.34959	1.34841	1.34906	2283	0	4
2025.12.29	21:00:00	1.34906	1.35081	1.34885	1.35063	1827	0	4
2025.12.29	22:00:00	1.35062	1.35095	1.35014	1.35046	1941	0	4
2025.12.29	23:00:00	1.35039	1.35151	1.35026	1.35119	1341	0	4
2025.12.30	00:00:00	1.35057	1.35087	1.34986	1.35022	1082	0	6
2025.12.30	01:00:00	1.35042	1.35096	1.35020	1.35086	1455	0	4
2025.12.30	02:00:00	1.35087	1.35105	1.34995	1.35026	1194	0	4
2025.12.30	03:00:00	1.35025	1.35095	1.34977	1.35081	1623	0	4
2025.12.30	04:00:00	1.35082	1.35115	1.35001	1.35025	1623	0	4
2025.12.30	05:00:00	1.35025	1.35079	1.34993	1.35046	1221	0	4
2025.12.30	06:00:00	1.35046	1.35110	1.35036	1.35102	1091	0	4
2025.12.30	07:00:00	1.35103	1.35174	1.35100	1.35147	1772	0	4
2025.12.30	08:00:00	1.35147	1.35219	1.35112	1.35155	1985	0	3
2025.12.30	09:00:00	1.35155	1.35155	1.35006	1.35057	1982	0	2
2025.12.30	10:00:00	1.35058	1.35190	1.35049	1.35091	2464	0	2
2025.12.30	11:00:00	1.35092	1.35185	1.35072	1.35146	2266	0	2
2025.12.30	12:00:00	1.35146	1.35309	1.35139	1.35208	2074	0	2
2025.12.30	13:00:00	1.35210	1.35250	1.35031	1.35045	1859	0	2
2025.12.30	14:00:00	1.35047	1.35088	1.34929	1.34969	2327	0	2
2025.12.30	15:00:00	1.34968	1.34994	1.34866	1.34881	2930	0	2
2025.12.30	16:00:00	1.34880	1.34884	1.34711	1.34762	3360	0	2
2025.12.30	17:00:00	1.34760	1.34780	1.34495	1.34738	3542	0	2
2025.12.30	18:00:00	1.34738	1.34839	1.34626	1.34768	3057	0	2
2025.12.30	19:00:00	1.34769	1.34790	1.34648	1.34691	2160	0	4
2025.12.30	20:00:00	1.34690	1.34749	1.34649	1.34671	1697	0	4
2025.12.30	21:00:00	1.34672	1.34729	1.34618	1.34650	1729	0	4
2025.12.30	22:00:00	1.34648	1.34679	1.34607	1.34635	1523	0	4
2025.12.30	23:00:00	1.34627	1.34682	1.34624	1.34666	1202	0	3
2025.12.31	00:00:00	1.34646	1.34675	1.34582	1.34640	437	0	7
2025.12.31	01:00:00	1.34659	1.34672	1.34624	1.34662	964	0	4
2025.12.31	02:00:00	1.34662	1.34677	1.34580	1.34634	801	0	4
2025.12.31	03:00:00	1.34635	1.34664	1.34604	1.34606	1793	0	4
2025.12.31	04:00:00	1.34614	1.34642	1.34587	1.34613	1716	0	4
2025.12.31	05:00:00	1.34612	1.34657	1.34597	1.34637	1269	0	4
2025.12.31	06:00:00	1.34638	1.34644	1.34569	1.34582	1095	0	4
2025.12.31	07:00:00	1.34578	1.34632	1.34576	1.34604	1640	0	4
2025.12.31	08:00:00	1.34600	1.34612	1.34526	1.34580	1474	0	3
2025.12.31	09:00:00	1.34580	1.34600	1.34508	1.34565	2012	0	2
2025.12.31	10:00:00	1.34565	1.34657	1.34263	1.34296	2811	0	2
2025.12.31	11:00:00	1.34296	1.34449	1.34257	1.34371	2492	0	2
2025.12.31	12:00:00	1.34377	1.34396	1.34324	1.34379	2231	0	2
2025.12.31	13:00:00	1.34378	1.34571	1.34371	1.34556	2183	0	2
2025.12.31	14:00:00	1.34554	1.34691	1.34470	1.34667	2900	0	2
2025.12.31	15:00:00	1.34669	1.34764	1.34480	1.34544	3302	0	2
2025.12.31	16:00:00	1.34545	1.34555	1.34319	1.34342	3514	0	2
2025.12.31	17:00:00	1.34341	1.34539	1.34021	1.34502	4543	0	2
2025.12.31	18:00:00	1.34503	1.34604	1.34379	1.34463	3648	0	2
2025.12.31	19:00:00	1.34465	1.34553	1.34380	1.34519	2686	0	4
2025.12.31	20:00:00	1.34520	1.34584	1.34470	1.34533	2374	0	4
2025.12.31	21:00:00	1.34537	1.34610	1.34523	1.34599	1851	0	4
2025.12.31	22:00:00	1.34600	1.34814	1.34591	1.34797	1790	0	4
2025.12.31	23:00:00	1.34788	1.34830	1.34716	1.34716	1136	0	4
2026.01.02	00:00:00	1.34637	1.34657	1.34607	1.34643	195	0	18
2026.01.02	01:00:00	1.34645	1.34769	1.34645	1.34737	904	0	4
2026.01.02	02:00:00	1.34737	1.34828	1.34713	1.34814	1059	0	4
2026.01.02	03:00:00	1.34815	1.34878	1.34807	1.34869	1469	0	4
2026.01.02	04:00:00	1.34870	1.34913	1.34862	1.34880	1289	0	4
2026.01.02	05:00:00	1.34880	1.34901	1.34837	1.34866	1023	0	4
2026.01.02	06:00:00	1.34867	1.34879	1.34773	1.34785	1113	0	4
2026.01.02	07:00:00	1.34781	1.34811	1.34695	1.34707	1140	0	4
2026.01.02	08:00:00	1.34706	1.34718	1.34630	1.34677	1549	0	3
2026.01.02	09:00:00	1.34678	1.34711	1.34574	1.34644	2024	0	2
2026.01.02	10:00:00	1.34642	1.34689	1.34496	1.34534	3100	0	2
2026.01.02	11:00:00	1.34533	1.34644	1.34509	1.34549	2708	0	2
2026.01.02	12:00:00	1.34552	1.34587	1.34438	1.34499	2339	0	2
2026.01.02	13:00:00	1.34498	1.34527	1.34343	1.34410	2136	0	2
2026.01.02	14:00:00	1.34410	1.34496	1.34364	1.34452	2466	0	2
2026.01.02	15:00:00	1.34452	1.34596	1.34419	1.34579	2856	0	2
2026.01.02	16:00:00	1.34579	1.34677	1.34530	1.34644	3299	0	2
2026.01.02	17:00:00	1.34641	1.35019	1.34639	1.34964	3736	0	2
2026.01.02	18:00:00	1.34965	1.34989	1.34731	1.34774	3336	0	2
2026.01.02	19:00:00	1.34772	1.34780	1.34609	1.34627	2508	0	4
2026.01.02	20:00:00	1.34626	1.34640	1.34457	1.34513	2196	0	4
2026.01.02	21:00:00	1.34513	1.34572	1.34470	1.34542	2168	0	4
2026.01.02	22:00:00	1.34550	1.34572	1.34497	1.34562	1954	0	4
2026.01.02	23:00:00	1.34553	1.34663	1.34548	1.34564	1452	0	5
2026.01.05	00:00:00	1.34451	1.34583	1.34443	1.34464	650	0	19
2026.01.05	01:00:00	1.34521	1.34566	1.34368	1.34376	1366	0	4
2026.01.05	02:00:00	1.34377	1.34478	1.34377	1.34432	1961	0	4
2026.01.05	03:00:00	1.34430	1.34490	1.34381	1.34399	2545	0	4
2026.01.05	04:00:00	1.34400	1.34429	1.34252	1.34309	1932	0	4
2026.01.05	05:00:00	1.34310	1.34362	1.34135	1.34153	1903	0	4
2026.01.05	06:00:00	1.34152	1.34281	1.34138	1.34259	1791	0	4
2026.01.05	07:00:00	1.34258	1.34320	1.34225	1.34284	1672	0	4
2026.01.05	08:00:00	1.34283	1.34373	1.34201	1.34360	2144	0	3
2026.01.05	09:00:00	1.34360	1.34365	1.34202	1.34223	2505	0	2
2026.01.05	10:00:00	1.34224	1.34384	1.34176	1.34254	2907	0	2
2026.01.05	11:00:00	1.34255	1.34438	1.34218	1.34424	2641	0	2
2026.01.05	12:00:00	1.34424	1.34642	1.34403	1.34628	2609	0	2
2026.01.05	13:00:00	1.34627	1.34713	1.34577	1.34591	2360	0	2
2026.01.05	14:00:00	1.34591	1.34744	1.34527	1.34554	2796	0	2
2026.01.05	15:00:00	1.34555	1.34576	1.34248	1.34525	3741	0	2
2026.01.05	16:00:00	1.34529	1.34767	1.34505	1.34727	4199	0	2
2026.01.05	17:00:00	1.34744	1.35043	1.34727	1.35023	4233	0	2
2026.01.05	18:00:00	1.35024	1.35253	1.35024	1.35243	3308	0	2
2026.01.05	19:00:00	1.35245	1.35393	1.35240	1.35330	2958	0	4
2026.01.05	20:00:00	1.35329	1.35395	1.35285	1.35395	2248	0	4
2026.01.05	21:00:00	1.35399	1.35460	1.35350	1.35429	2479	0	4
2026.01.05	22:00:00	1.35428	1.35465	1.35416	1.35430	1853	0	4
2026.01.05	23:00:00	1.35423	1.35478	1.35385	1.35405	1377	0	4
2026.01.06	00:00:00	1.35391	1.35421	1.35371	1.35403	623	0	11
2026.01.06	01:00:00	1.35414	1.35414	1.35314	1.35321	1086	0	4
2026.01.06	02:00:00	1.35322	1.35359	1.35282	1.35355	1486	0	4
2026.01.06	03:00:00	1.35359	1.35464	1.35312	1.35463	2393	0	4
2026.01.06	04:00:00	1.35463	1.35579	1.35413	1.35560	1813	0	4
2026.01.06	05:00:00	1.35564	1.35624	1.35503	1.35587	1449	0	4
2026.01.06	06:00:00	1.35587	1.35619	1.35536	1.35558	1339	0	4
2026.01.06	07:00:00	1.35557	1.35580	1.35454	1.35494	1628	0	4
2026.01.06	08:00:00	1.35498	1.35581	1.35480	1.35549	2203	0	3
2026.01.06	09:00:00	1.35546	1.35679	1.35466	1.35508	2420	0	2
2026.01.06	10:00:00	1.35508	1.35669	1.35471	1.35542	3238	0	2
2026.01.06	11:00:00	1.35543	1.35551	1.35354	1.35354	3260	0	2
2026.01.06	12:00:00	1.35354	1.35401	1.35296	1.35325	2652	0	2
2026.01.06	13:00:00	1.35331	1.35350	1.35172	1.35207	2077	0	2
2026.01.06	14:00:00	1.35208	1.35293	1.35079	1.35119	2777	0	2
2026.01.06	15:00:00	1.35121	1.35242	1.35063	1.35241	3476	0	2
2026.01.06	16:00:00	1.35241	1.35347	1.35152	1.35249	3823	0	2
2026.01.06	17:00:00	1.35246	1.35274	1.34937	1.35077	4142	0	2
2026.01.06	18:00:00	1.35074	1.35095	1.34916	1.34943	3352	0	2
2026.01.06	19:00:00	1.34940	1.35115	1.34922	1.35096	2727	0	4
2026.01.06	20:00:00	1.35097	1.35121	1.34976	1.34981	2271	0	4
2026.01.06	21:00:00	1.34982	1.35008	1.34921	1.35000	1952	0	4
2026.01.06	22:00:00	1.34999	1.35064	1.34979	1.34981	1855	0	4
2026.01.06	23:00:00	1.34972	1.35019	1.34965	1.35007	1190	0	5
2026.01.07	00:00:00	1.34993	1.35016	1.34910	1.35001	787	0	9
2026.01.07	01:00:00	1.35013	1.35034	1.34989	1.34993	809	0	4
2026.01.07	02:00:00	1.34993	1.35051	1.34971	1.35023	1820	0	4
2026.01.07	03:00:00	1.35024	1.35099	1.35000	1.35057	2080	0	4
2026.01.07	04:00:00	1.35057	1.35133	1.35053	1.35097	1883	0	4
2026.01.07	05:00:00	1.35094	1.35168	1.35092	1.35142	1639	0	4
2026.01.07	06:00:00	1.35140	1.35161	1.35040	1.35045	1929	0	4
2026.01.07	07:00:00	1.35052	1.35098	1.35025	1.35085	1844	0	4
2026.01.07	08:00:00	1.35086	1.35172	1.35042	1.35130	2306	0	3
2026.01.07	09:00:00	1.35132	1.35164	1.34911	1.34928	2530	0	2
2026.01.07	10:00:00	1.34928	1.34971	1.34849	1.34959	2653	0	2
2026.01.07	11:00:00	1.34960	1.34980	1.34861	1.34947	2378	0	2
2026.01.07	12:00:00	1.34944	1.35042	1.34934	1.34974	2401	0	2
2026.01.07	13:00:00	1.34977	1.35058	1.34948	1.35000	2322	0	2
2026.01.07	14:00:00	1.35000	1.35028	1.34858	1.34917	2882	0	2
2026.01.07	15:00:00	1.34916	1.35006	1.34816	1.34949	3515	0	2
2026.01.07	16:00:00	1.34948	1.35009	1.34833	1.35009	3871	0	2
2026.01.07	17:00:00	1.35006	1.35006	1.34723	1.34809	4933	0	2
2026.01.07	18:00:00	1.34808	1.34858	1.34681	1.34714	3061	0	2
2026.01.07	19:00:00	1.34713	1.34799	1.34686	1.34729	2309	0	4
2026.01.07	20:00:00	1.34729	1.34738	1.34675	1.34690	2256	0	4
2026.01.07	21:00:00	1.34694	1.34709	1.34616	1.34643	2336	0	4
2026.01.07	22:00:00	1.34649	1.34683	1.34611	1.34624	2064	0	4
2026.01.07	23:00:00	1.34616	1.34623	1.34554	1.34558	1629	0	5
2026.01.08	00:00:00	1.34560	1.34617	1.34538	1.34585	768	0	20
2026.01.08	01:00:00	1.34597	1.34597	1.34558	1.34582	714	0	4
2026.01.08	02:00:00	1.34582	1.34607	1.34559	1.34582	1089	0	4
2026.01.08	03:00:00	1.34582	1.34609	1.34526	1.34556	1633	0	4
2026.01.08	04:00:00	1.34557	1.34595	1.34502	1.34563	1649	0	4
2026.01.08	05:00:00	1.34562	1.34656	1.34557	1.34636	1719	0	4
2026.01.08	06:00:00	1.34628	1.34635	1.34580	1.34601	1430	0	4
2026.01.08	07:00:00	1.34597	1.34611	1.34520	1.34578	1899	0	4
2026.01.08	08:00:00	1.34577	1.34619	1.34517	1.34602	2290	0	3
2026.01.08	09:00:00	1.34598	1.34610	1.34450	1.34453	2280	0	2
2026.01.08	10:00:00	1.34454	1.34467	1.34351	1.34381	2741	0	2
2026.01.08	11:00:00	1.34382	1.34460	1.34318	1.34377	2145	0	2
2026.01.08	12:00:00	1.34379	1.34476	1.34357	1.34473	2328	0	2
2026.01.08	13:00:00	1.34473	1.34507	1.34437	1.34440	2189	0	2
2026.01.08	14:00:00	1.34439	1.34473	1.34373	1.34385	2670	0	2
2026.01.08	15:00:00	1.34386	1.34477	1.34156	1.34235	3220	0	2
2026.01.08	16:00:00	1.34234	1.34362	1.34170	1.34361	3816	0	2
2026.01.08	17:00:00	1.34355	1.34465	1.34259	1.34413	3810	0	2
2026.01.08	18:00:00	1.34412	1.34445	1.34281	1.34300	3211	0	2
2026.01.08	19:00:00	1.34300	1.34371	1.34255	1.34358	2925	0	4
2026.01.08	20:00:00	1.34352	1.34381	1.34216	1.34223	2427	0	3
2026.01.08	21:00:00	1.34223	1.34314	1.34190	1.34314	2050	0	4
2026.01.08	22:00:00	1.34313	1.34382	1.34294	1.34362	1975	0	4
2026.01.08	23:00:00	1.34357	1.34448	1.34338	1.34391	1902	0	6
2026.01.09	00:00:00	1.34328	1.34413	1.34220	1.34351	1517	0	27
2026.01.09	01:00:00	1.34359	1.34409	1.34338	1.34358	1042	0	4
2026.01.09	02:00:00	1.34357	1.34370	1.34315	1.34321	1291	0	4
2026.01.09	03:00:00	1.34322	1.34358	1.34264	1.34279	1974	0	4
2026.01.09	04:00:00	1.34278	1.34337	1.34240	1.34323	1858	0	4
2026.01.09	05:00:00	1.34323	1.34374	1.34308	1.34366	1443	0	4
2026.01.09	06:00:00	1.34365	1.34381	1.34310	1.34354	1591	0	4
2026.01.09	07:00:00	1.34355	1.34382	1.34271	1.34305	1756	0	4
2026.01.09	08:00:00	1.34304	1.34327	1.34243	1.34276	2265	0	3
2026.01.09	09:00:00	1.34280	1.34289	1.34144	1.34285	2527	0	2
2026.01.09	10:00:00	1.34288	1.34345	1.34116	1.34153	3230	0	2
2026.01.09	11:00:00	1.34154	1.34209	1.34047	1.34098	2641	0	2
2026.01.09	12:00:00	1.34099	1.34126	1.34037	1.34084	2264	0	2
2026.01.09	13:00:00	1.34083	1.34144	1.34046	1.34134	2384	0	2
2026.01.09	14:00:00	1.34134	1.34195	1.34094	1.34194	2955	0	2
2026.01.09	15:00:00	1.34191	1.34504	1.33988	1.34350	5814	0	2
2026.01.09	16:00:00	1.34351	1.34437	1.34058	1.34129	5748	0	2
2026.01.09	17:00:00	1.34123	1.34185	1.33922	1.34178	5191	0	2
2026.01.09	18:00:00	1.34178	1.34230	1.34046	1.34103	3851	0	2
2026.01.09	19:00:00	1.34101	1.34112	1.33983	1.34027	2876	0	4
2026.01.09	20:00:00	1.34028	1.34141	1.33992	1.34060	2668	0	4
2026.01.09	21:00:00	1.34061	1.34113	1.34033	1.34065	2332	0	4
2026.01.09	22:00:00	1.34064	1.34100	1.34046	1.34066	1847	0	4
2026.01.09	23:00:00	1.34057	1.34084	1.33956	1.33991	1741	0	18
2026.01.12	00:00:00	1.33939	1.34048	1.33928	1.33930	722	0	6
2026.01.12	01:00:00	1.33933	1.33994	1.33919	1.33939	933	0	4
2026.01.12	02:00:00	1.33940	1.34355	1.33903	1.34344	2356	0	3
2026.01.12	03:00:00	1.34347	1.34410	1.34263	1.34276	2542	0	4
2026.01.12	04:00:00	1.34276	1.34338	1.34216	1.34231	1694	0	4
2026.01.12	05:00:00	1.34231	1.34283	1.34205	1.34206	1076	0	4
2026.01.12	06:00:00	1.34205	1.34241	1.34166	1.34221	928	0	4
2026.01.12	07:00:00	1.34222	1.34363	1.34216	1.34339	1552	0	4
2026.01.12	08:00:00	1.34338	1.34412	1.34290	1.34382	1656	0	3
2026.01.12	09:00:00	1.34384	1.34468	1.34336	1.34445	2231	0	2
2026.01.12	10:00:00	1.34444	1.34615	1.34424	1.34574	3518	0	2
2026.01.12	11:00:00	1.34573	1.34690	1.34501	1.34533	3150	0	2
2026.01.12	12:00:00	1.34532	1.34714	1.34476	1.34714	3163	0	2
2026.01.12	13:00:00	1.34711	1.34748	1.34544	1.34596	2714	0	2
2026.01.12	14:00:00	1.34596	1.34738	1.34571	1.34654	3451	0	2
2026.01.12	15:00:00	1.34655	1.34859	1.34611	1.34819	3945	0	2
2026.01.12	16:00:00	1.34817	1.34834	1.34631	1.34729	4813	0	2
2026.01.12	17:00:00	1.34730	1.34806	1.34678	1.34753	3909	0	2
2026.01.12	18:00:00	1.34754	1.34770	1.34633	1.34643	3296	0	2
2026.01.12	19:00:00	1.34639	1.34721	1.34551	1.34641	3289	0	4
2026.01.12	20:00:00	1.34640	1.34640	1.34569	1.34592	2081	0	4
2026.01.12	21:00:00	1.34591	1.34670	1.34567	1.34658	1707	0	4
2026.01.12	22:00:00	1.34658	1.34691	1.34614	1.34629	1699	0	4
2026.01.12	23:00:00	1.34621	1.34689	1.34604	1.34637	1321	0	5
2026.01.13	00:00:00	1.34622	1.34663	1.34553	1.34624	909	0	28
2026.01.13	01:00:00	1.34624	1.34693	1.34610	1.34658	1909	0	4
2026.01.13	02:00:00	1.34662	1.34769	1.34620	1.34756	1523	0	4
2026.01.13	03:00:00	1.34755	1.34773	1.34661	1.34701	2113	0	4
2026.01.13	04:00:00	1.34705	1.34767	1.34694	1.34726	1933	0	4
2026.01.13	05:00:00	1.34730	1.34789	1.34691	1.34705	1654	0	4
2026.01.13	06:00:00	1.34706	1.34771	1.34693	1.34732	1761	0	4
2026.01.13	07:00:00	1.34732	1.34771	1.34703	1.34721	1761	0	4
2026.01.13	08:00:00	1.34722	1.34728	1.34627	1.34727	2316	0	3
2026.01.13	09:00:00	1.34719	1.34736	1.34620	1.34671	2577	0	2
2026.01.13	10:00:00	1.34664	1.34780	1.34631	1.34767	3008	0	2
2026.01.13	11:00:00	1.34766	1.34855	1.34732	1.34809	2654	0	2
2026.01.13	12:00:00	1.34806	1.34832	1.34695	1.34717	2410	0	2
2026.01.13	13:00:00	1.34716	1.34740	1.34671	1.34725	2098	0	2
2026.01.13	14:00:00	1.34726	1.34734	1.34582	1.34612	2692	0	2
2026.01.13	15:00:00	1.34612	1.34949	1.34545	1.34753	5142	0	2
2026.01.13	16:00:00	1.34748	1.34775	1.34511	1.34585	4625	0	2
2026.01.13	17:00:00	1.34584	1.34602	1.34348	1.34417	4334	0	2
2026.01.13	18:00:00	1.34416	1.34451	1.34250	1.34341	3732	0	2
2026.01.13	19:00:00	1.34340	1.34377	1.34271	1.34335	2913	0	4
2026.01.13	20:00:00	1.34334	1.34404	1.34236	1.34392	2642	0	4
2026.01.13	21:00:00	1.34392	1.34401	1.34274	1.34346	2415	0	4
2026.01.13	22:00:00	1.34347	1.34365	1.34288	1.34303	1914	0	4
2026.01.13	23:00:00	1.34294	1.34308	1.34197	1.34212	1185	0	4
2026.01.14	00:00:00	1.34209	1.34267	1.34186	1.34213	557	0	10
2026.01.14	01:00:00	1.34225	1.34285	1.34218	1.34255	1013	0	3
2026.01.14	02:00:00	1.34255	1.34274	1.34206	1.34265	1342	0	4
2026.01.14	03:00:00	1.34265	1.34272	1.34192	1.34221	1740	0	4
2026.01.14	04:00:00	1.34221	1.34373	1.34207	1.34361	1806	0	4
2026.01.14	05:00:00	1.34362	1.34479	1.34359	1.34447	1514	0	4
2026.01.14	06:00:00	1.34447	1.34462	1.34390	1.34397	1314	0	4
2026.01.14	07:00:00	1.34401	1.34419	1.34350	1.34358	1630	0	4
2026.01.14	08:00:00	1.34358	1.34482	1.34341	1.34465	2089	0	3
2026.01.14	09:00:00	1.34464	1.34498	1.34372	1.34396	2436	0	2
2026.01.14	10:00:00	1.34397	1.34501	1.34368	1.34501	3415	0	2
2026.01.14	11:00:00	1.34500	1.34584	1.34464	1.34566	2611	0	2
2026.01.14	12:00:00	1.34565	1.34588	1.34503	1.34537	2942	0	2
2026.01.14	13:00:00	1.34538	1.34538	1.34448	1.34494	2851	0	2
2026.01.14	14:00:00	1.34488	1.34585	1.34420	1.34524	2973	0	2
2026.01.14	15:00:00	1.34523	1.34528	1.34386	1.34444	3368	0	2
2026.01.14	16:00:00	1.34444	1.34644	1.34432	1.34563	4199	0	2
2026.01.14	17:00:00	1.34563	1.34606	1.34436	1.34563	5634	0	2
2026.01.14	18:00:00	1.34561	1.34581	1.34403	1.34436	3481	0	2
2026.01.14	19:00:00	1.34435	1.34453	1.34302	1.34322	2660	0	4
2026.01.14	20:00:00	1.34321	1.34331	1.34267	1.34271	2238	0	4
2026.01.14	21:00:00	1.34272	1.34332	1.34242	1.34308	2292	0	4
2026.01.14	22:00:00	1.34312	1.34411	1.34293	1.34326	2623	0	4
2026.01.14	23:00:00	1.34318	1.34464	1.34317	1.34462	1871	0	5
2026.01.15	00:00:00	1.34372	1.34453	1.34279	1.34384	1096	0	17
2026.01.15	01:00:00	1.34379	1.34442	1.34370	1.34398	1211	0	4
2026.01.15	02:00:00	1.34398	1.34402	1.34303	1.34370	1526	0	4
2026.01.15	03:00:00	1.34371	1.34388	1.34271	1.34352	2440	0	4
2026.01.15	04:00:00	1.34352	1.34354	1.34291	1.34333	2064	0	4
2026.01.15	05:00:00	1.34334	1.34338	1.34254	1.34270	1983	0	4
2026.01.15	06:00:00	1.34270	1.34290	1.34230	1.34238	1636	0	4
2026.01.15	07:00:00	1.34237	1.34320	1.34226	1.34273	2105	0	4
2026.01.15	08:00:00	1.34272	1.34331	1.34231	1.34268	2680	0	3
2026.01.15	09:00:00	1.34270	1.34435	1.34234	1.34344	2748	0	2
2026.01.15	10:00:00	1.34343	1.34439	1.34269	1.34385	2556	0	2
2026.01.15	11:00:00	1.34385	1.34450	1.34351	1.34365	2578	0	2
2026.01.15	12:00:00	1.34370	1.34388	1.34158	1.34198	2322	0	2
2026.01.15	13:00:00	1.34198	1.34281	1.34167	1.34179	2382	0	2
2026.01.15	14:00:00	1.34178	1.34209	1.34056	1.34064	2112	0	2
2026.01.15	15:00:00	1.33998	1.33998	1.33691	1.33731	2918	0	2
2026.01.15	16:00:00	1.33733	1.33871	1.33627	1.33711	3807	0	2
2026.01.15	17:00:00	1.33708	1.33884	1.33690	1.33862	3688	0	2
2026.01.15	18:00:00	1.33863	1.33943	1.33794	1.33850	3083	0	2
2026.01.15	19:00:00	1.33849	1.33935	1.33809	1.33869	2565	0	4
2026.01.15	20:00:00	1.33870	1.33939	1.33870	1.33917	2211	0	4
2026.01.15	21:00:00	1.33915	1.33922	1.33832	1.33856	2436	0	4
2026.01.15	22:00:00	1.33855	1.33855	1.33743	1.33757	2076	0	4
2026.01.15	23:00:00	1.33747	1.33838	1.33743	1.33797	1941	0	3
2026.01.16	00:00:00	1.33765	1.33820	1.33707	1.33785	329	0	9
2026.01.16	01:00:00	1.33792	1.33828	1.33751	1.33808	1675	0	3
2026.01.16	02:00:00	1.33808	1.33826	1.33709	1.33766	1438	0	4
2026.01.16	03:00:00	1.33759	1.33833	1.33749	1.33795	1666	0	4
2026.01.16	04:00:00	1.33794	1.33881	1.33782	1.33836	1936	0	4
2026.01.16	05:00:00	1.33843	1.33911	1.33823	1.33910	1280	0	4
2026.01.16	06:00:00	1.33910	1.33913	1.33877	1.33890	1074	0	4
2026.01.16	07:00:00	1.33890	1.33899	1.33811	1.33828	1323	0	4
2026.01.16	08:00:00	1.33827	1.33840	1.33766	1.33801	1720	0	3
2026.01.16	09:00:00	1.33796	1.33921	1.33778	1.33908	2493	0	2
2026.01.16	10:00:00	1.33907	1.33983	1.33893	1.33927	2497	0	2
2026.01.16	11:00:00	1.33926	1.34054	1.33903	1.33972	2211	0	2
2026.01.16	12:00:00	1.33971	1.34132	1.33971	1.34060	2471	0	2
2026.01.16	13:00:00	1.34059	1.34122	1.34047	1.34076	2291	0	2
2026.01.16	14:00:00	1.34077	1.34100	1.33925	1.33999	3501	0	2
2026.01.16	15:00:00	1.33998	1.34083	1.33884	1.34039	3700	0	2
2026.01.16	16:00:00	1.34038	1.34050	1.33949	1.33979	3114	0	2
2026.01.16	17:00:00	1.33978	1.34041	1.33665	1.33777	5016	0	2
2026.01.16	18:00:00	1.33776	1.33904	1.33773	1.33819	3375	0	2
2026.01.16	19:00:00	1.33819	1.33870	1.33760	1.33789	2034	0	4
2026.01.16	20:00:00	1.33790	1.33872	1.33734	1.33801	1753	0	4
2026.01.16	21:00:00	1.33801	1.33845	1.33755	1.33816	1635	0	4
2026.01.16	22:00:00	1.33816	1.33864	1.33784	1.33804	1488	0	4
2026.01.16	23:00:00	1.33809	1.33818	1.33737	1.33755	1604	0	3
2026.01.19	00:00:00	1.33434	1.33571	1.33385	1.33554	659	0	28
2026.01.19	01:00:00	1.33549	1.34069	1.33516	1.34015	3039	0	4
2026.01.19	02:00:00	1.34015	1.34091	1.33820	1.34003	3332	0	4
2026.01.19	03:00:00	1.34003	1.34025	1.33909	1.33911	2796	0	4
2026.01.19	04:00:00	1.33912	1.33936	1.33808	1.33864	2133	0	4
2026.01.19	05:00:00	1.33860	1.33919	1.33853	1.33880	1975	0	4
2026.01.19	06:00:00	1.33881	1.33962	1.33878	1.33953	1758	0	4
2026.01.19	07:00:00	1.33954	1.34059	1.33928	1.33951	1924	0	4
2026.01.19	08:00:00	1.33950	1.34010	1.33938	1.33983	1666	0	3
2026.01.19	09:00:00	1.33981	1.34102	1.33841	1.33886	2737	0	2
2026.01.19	10:00:00	1.33886	1.34093	1.33871	1.34093	2330	0	2
2026.01.19	11:00:00	1.34092	1.34156	1.33902	1.34055	2603	0	2
2026.01.19	12:00:00	1.34057	1.34134	1.34050	1.34098	1717	0	2
2026.01.19	13:00:00	1.34098	1.34107	1.34018	1.34087	1507	0	2
2026.01.19	14:00:00	1.34087	1.34142	1.34045	1.34061	1809	0	2
2026.01.19	15:00:00	1.34055	1.34169	1.34055	1.34136	1901	0	2
2026.01.19	16:00:00	1.34134	1.34247	1.34101	1.34198	2046	0	2
2026.01.19	17:00:00	1.34195	1.34290	1.34184	1.34217	2535	0	2
2026.01.19	18:00:00	1.34218	1.34352	1.34203	1.34281	1812	0	2
2026.01.19	19:00:00	1.34281	1.34340	1.34260	1.34309	1463	0	4
2026.01.19	20:00:00	1.34308	1.34340	1.34259	1.34268	948	0	4
2026.01.19	21:00:00	1.34264	1.34296	1.34252	1.34257	549	0	4
2026.01.19	22:00:00	1.34257	1.34283	1.34245	1.34279	584	0	3
2026.01.19	23:00:00	1.34271	1.34284	1.34214	1.34247	580	0	3
2026.01.20	00:00:00	1.34213	1.34280	1.34081	1.34238	453	0	3
2026.01.20	01:00:00	1.34262	1.34266	1.34163	1.34191	759	0	4
2026.01.20	02:00:00	1.34192	1.34204	1.34099	1.34182	1208	0	4
2026.01.20	03:00:00	1.34181	1.34242	1.34158	1.34240	1764	0	4
2026.01.20	04:00:00	1.34241	1.34284	1.34193	1.34233	1149	0	4
2026.01.20	05:00:00	1.34232	1.34401	1.34227	1.34345	1416	0	4
2026.01.20	06:00:00	1.34344	1.34430	1.34344	1.34410	1295	0	4
2026.01.20	07:00:00	1.34403	1.34500	1.34400	1.34417	1524	0	4
2026.01.20	08:00:00	1.34410	1.34440	1.34311	1.34347	1998	0	3
2026.01.20	09:00:00	1.34342	1.34829	1.34253	1.34744	4122	0	2
2026.01.20	10:00:00	1.34745	1.34914	1.34744	1.34778	4338	0	2
2026.01.20	11:00:00	1.34786	1.34892	1.34693	1.34746	3694	0	2
2026.01.20	12:00:00	1.34743	1.34853	1.34648	1.34800	3160	0	2
2026.01.20	13:00:00	1.34803	1.34830	1.34591	1.34629	2939	0	2
2026.01.20	14:00:00	1.34628	1.34661	1.34394	1.34457	3451	0	2
2026.01.20	15:00:00	1.34459	1.34784	1.34406	1.34526	5031	0	2
2026.01.20	16:00:00	1.34526	1.34628	1.34403	1.34583	5185	0	2
2026.01.20	17:00:00	1.34586	1.34773	1.34521	1.34565	4109	0	2
2026.01.20	18:00:00	1.34564	1.34706	1.34532	1.34690	3697	0	2
2026.01.20	19:00:00	1.34688	1.34750	1.34556	1.34558	2897	0	4
2026.01.20	20:00:00	1.34557	1.34577	1.34419	1.34427	2127	0	4
2026.01.20	21:00:00	1.34428	1.34455	1.34265	1.34280	2692	0	4
2026.01.20	22:00:00	1.34279	1.34357	1.34248	1.34330	2476	0	4
2026.01.20	23:00:00	1.34321	1.34425	1.34307	1.34420	1951	0	5
2026.01.21	00:00:00	1.34407	1.34492	1.34274	1.34390	1251	0	26
2026.01.21	01:00:00	1.34404	1.34433	1.34387	1.34402	936	0	4
2026.01.21	02:00:00	1.34402	1.34428	1.34331	1.34428	1158	0	4
2026.01.21	03:00:00	1.34425	1.34568	1.34396	1.34523	2011	0	4
2026.01.21	04:00:00	1.34526	1.34540	1.34433	1.34440	1430	0	4
2026.01.21	05:00:00	1.34440	1.34463	1.34329	1.34406	1706	0	4
2026.01.21	06:00:00	1.34405	1.34405	1.34326	1.34375	1296	0	4
2026.01.21	07:00:00	1.34375	1.34405	1.34352	1.34373	1296	0	4
2026.01.21	08:00:00	1.34373	1.34428	1.34352	1.34362	1385	0	3
2026.01.21	09:00:00	1.34353	1.34492	1.34289	1.34424	2862	0	2
2026.01.21	10:00:00	1.34423	1.34479	1.34328	1.34389	2805	0	2
2026.01.21	11:00:00	1.34386	1.34388	1.34090	1.34099	2393	0	2
2026.01.21	12:00:00	1.34105	1.34148	1.34029	1.34070	2495	0	2
2026.01.21	13:00:00	1.34069	1.34219	1.34010	1.34093	2675	0	2
2026.01.21	14:00:00	1.34093	1.34261	1.34012	1.34249	3808	0	2
2026.01.21	15:00:00	1.34250	1.34445	1.34120	1.34415	3714	0	2
2026.01.21	16:00:00	1.34415	1.34565	1.34223	1.34512	5225	0	2
2026.01.21	17:00:00	1.34512	1.34595	1.34247	1.34275	4242	0	2
2026.01.21	18:00:00	1.34274	1.34410	1.34239	1.34276	4095	0	2
2026.01.21	19:00:00	1.34277	1.34385	1.34160	1.34278	3835	0	4
2026.01.21	20:00:00	1.34277	1.34281	1.34190	1.34215	2604	0	4
2026.01.21	21:00:00	1.34214	1.34309	1.34092	1.34251	3770	0	4
2026.01.21	22:00:00	1.34250	1.34260	1.34129	1.34244	2462	0	4
2026.01.21	23:00:00	1.34236	1.34317	1.34220	1.34290	1710	0	18
2026.01.22	00:00:00	1.34253	1.34326	1.34158	1.34275	1348	0	11
2026.01.22	01:00:00	1.34283	1.34307	1.34174	1.34174	1107	0	4
2026.01.22	02:00:00	1.34174	1.34305	1.34164	1.34289	1701	0	4
2026.01.22	03:00:00	1.34288	1.34317	1.34242	1.34299	1925	0	4
2026.01.22	04:00:00	1.34299	1.34349	1.34221	1.34252	1735	0	4
2026.01.22	05:00:00	1.34252	1.34331	1.34249	1.34327	1394	0	4
2026.01.22	06:00:00	1.34326	1.34396	1.34297	1.34318	1330	0	4
2026.01.22	07:00:00	1.34316	1.34316	1.34231	1.34283	1334	0	4
2026.01.22	08:00:00	1.34284	1.34299	1.34202	1.34252	1727	0	3
2026.01.22	09:00:00	1.34253	1.34375	1.34229	1.34310	2488	0	2
2026.01.22	10:00:00	1.34315	1.34330	1.34094	1.34181	2692	0	2
2026.01.22	11:00:00	1.34181	1.34466	1.34172	1.34442	2652	0	2
2026.01.22	12:00:00	1.34443	1.34507	1.34362	1.34479	2078	0	2
2026.01.22	13:00:00	1.34479	1.34528	1.34014	1.34208	4373	0	2
2026.01.22	14:00:00	1.34209	1.34421	1.34153	1.34250	3460	0	2
2026.01.22	15:00:00	1.34254	1.34381	1.34076	1.34232	4111	0	2
2026.01.22	16:00:00	1.34225	1.34527	1.34219	1.34466	3951	0	2
2026.01.22	17:00:00	1.34465	1.34849	1.34451	1.34771	3977	0	2
2026.01.22	18:00:00	1.34779	1.34992	1.34772	1.34896	3481	0	2
2026.01.22	19:00:00	1.34895	1.34956	1.34739	1.34917	2897	0	2
2026.01.22	20:00:00	1.34916	1.35025	1.34899	1.34986	2052	0	4
2026.01.22	21:00:00	1.34986	1.34988	1.34854	1.34903	2096	0	4
2026.01.22	22:00:00	1.34902	1.35038	1.34880	1.34967	1819	0	4
2026.01.22	23:00:00	1.34957	1.35062	1.34947	1.34995	1405	0	5
2026.01.23	00:00:00	1.34934	1.35018	1.34764	1.35011	1011	0	28
2026.01.23	01:00:00	1.35024	1.35082	1.34986	1.34994	751	0	3
2026.01.23	02:00:00	1.34993	1.35011	1.34947	1.34963	1234	0	4
2026.01.23	03:00:00	1.34964	1.35047	1.34956	1.34978	2017	0	4
2026.01.23	04:00:00	1.34977	1.34981	1.34909	1.34921	1552	0	4
2026.01.23	05:00:00	1.34920	1.34952	1.34883	1.34900	1552	0	4
2026.01.23	06:00:00	1.34897	1.34978	1.34891	1.34972	990	0	4
2026.01.23	07:00:00	1.34972	1.35008	1.34952	1.34978	1191	0	4
2026.01.23	08:00:00	1.34973	1.34997	1.34831	1.34841	2076	0	3
2026.01.23	09:00:00	1.34835	1.35123	1.34835	1.34924	3268	0	2
2026.01.23	10:00:00	1.34916	1.35025	1.34822	1.35009	3303	0	2
2026.01.23	11:00:00	1.35011	1.35349	1.34982	1.35300	3195	0	2
2026.01.23	12:00:00	1.35302	1.35370	1.35222	1.35263	2471	0	2
2026.01.23	13:00:00	1.35266	1.35324	1.35144	1.35181	3074	0	2
2026.01.23	14:00:00	1.35183	1.35323	1.35181	1.35285	2677	0	2
2026.01.23	15:00:00	1.35283	1.35349	1.35241	1.35250	2940	0	2
2026.01.23	16:00:00	1.35250	1.35382	1.35204	1.35358	3339	0	2
2026.01.23	17:00:00	1.35357	1.35677	1.35345	1.35640	3258	0	2
2026.01.23	18:00:00	1.35641	1.35980	1.35607	1.35886	3854	0	2
2026.01.23	19:00:00	1.35886	1.36230	1.35857	1.36081	4729	0	4
2026.01.23	20:00:00	1.36081	1.36089	1.35919	1.36051	3736	0	4
2026.01.23	21:00:00	1.36052	1.36295	1.36047	1.36231	2980	0	4
2026.01.23	22:00:00	1.36232	1.36385	1.36209	1.36362	2946	0	4
2026.01.23	23:00:00	1.36362	1.36450	1.36319	1.36423	3341	0	4
2026.01.26	00:00:00	1.36608	1.36812	1.36566	1.36762	736	0	28
2026.01.26	01:00:00	1.36783	1.36802	1.36542	1.36637	2547	0	4
2026.01.26	02:00:00	1.36641	1.36675	1.36436	1.36671	3183	0	4
2026.01.26	03:00:00	1.36675	1.36745	1.36581	1.36608	3179	0	4
2026.01.26	04:00:00	1.36607	1.36795	1.36586	1.36690	2702	0	4
2026.01.26	05:00:00	1.36695	1.36695	1.36544	1.36598	1831	0	4
2026.01.26	06:00:00	1.36598	1.36675	1.36529	1.36594	1729	0	4
2026.01.26	07:00:00	1.36593	1.36691	1.36582	1.36665	1724	0	4
2026.01.26	08:00:00	1.36665	1.36682	1.36556	1.36566	2306	0	3
2026.01.26	09:00:00	1.36567	1.36764	1.36446	1.36463	3610	0	2
2026.01.26	10:00:00	1.36462	1.36680	1.36426	1.36619	3977	0	2
2026.01.26	11:00:00	1.36629	1.36771	1.36580	1.36722	3539	0	2
2026.01.26	12:00:00	1.36727	1.36756	1.36663	1.36707	2786	0	2
2026.01.26	13:00:00	1.36707	1.36737	1.36648	1.36658	2732	0	2
2026.01.26	14:00:00	1.36657	1.36730	1.36478	1.36531	2871	0	2
2026.01.26	15:00:00	1.36530	1.36615	1.36428	1.36611	3365	0	2
2026.01.26	16:00:00	1.36611	1.36917	1.36580	1.36909	3646	0	2
2026.01.26	17:00:00	1.36915	1.37131	1.36882	1.37077	4278	0	2
2026.01.26	18:00:00	1.37073	1.37134	1.36928	1.36970	3800	0	2
2026.01.26	19:00:00	1.36971	1.37038	1.36855	1.36879	2974	0	4
2026.01.26	20:00:00	1.36882	1.37016	1.36845	1.36883	2825	0	4
2026.01.26	21:00:00	1.36882	1.36889	1.36749	1.36822	2873	0	4
2026.01.26	22:00:00	1.36827	1.36863	1.36788	1.36794	2225	0	4
2026.01.26	23:00:00	1.36795	1.36861	1.36732	1.36768	1866	0	11
2026.01.27	00:00:00	1.36767	1.36795	1.36683	1.36773	1040	0	5
2026.01.27	01:00:00	1.36754	1.36796	1.36738	1.36744	1254	0	4
2026.01.27	02:00:00	1.36743	1.36816	1.36721	1.36731	1848	0	4
2026.01.27	03:00:00	1.36730	1.36826	1.36698	1.36795	2102	0	4
2026.01.27	04:00:00	1.36799	1.37007	1.36771	1.36955	2108	0	4
2026.01.27	05:00:00	1.36951	1.36957	1.36820	1.36833	1805	0	4
2026.01.27	06:00:00	1.36832	1.36884	1.36718	1.36745	1636	0	4
2026.01.27	07:00:00	1.36743	1.36818	1.36711	1.36780	1849	0	4
2026.01.27	08:00:00	1.36791	1.36904	1.36771	1.36818	2114	0	3
2026.01.27	09:00:00	1.36813	1.36903	1.36698	1.36745	3137	0	2
2026.01.27	10:00:00	1.36747	1.36775	1.36634	1.36748	3457	0	2
2026.01.27	11:00:00	1.36745	1.37001	1.36679	1.36983	3299	0	2
2026.01.27	12:00:00	1.36980	1.37035	1.36829	1.37033	3494	0	2
2026.01.27	13:00:00	1.37035	1.37125	1.37003	1.37103	2509	0	2
2026.01.27	14:00:00	1.37100	1.37415	1.37078	1.37409	4399	0	2
2026.01.27	15:00:00	1.37414	1.37487	1.37254	1.37355	4809	0	2
2026.01.27	16:00:00	1.37355	1.37766	1.37310	1.37713	4977	0	2
2026.01.27	17:00:00	1.37729	1.37907	1.37472	1.37512	5617	0	2
2026.01.27	18:00:00	1.37511	1.37909	1.37510	1.37804	4291	0	2
2026.01.27	19:00:00	1.37806	1.37884	1.37614	1.37874	3855	0	4
2026.01.27	20:00:00	1.37873	1.37913	1.37755	1.37765	3378	0	4
2026.01.27	21:00:00	1.37764	1.37845	1.37740	1.37831	2636	0	4
2026.01.27	22:00:00	1.37830	1.38702	1.37758	1.38350	4672	0	4
2026.01.27	23:00:00	1.38355	1.38559	1.38281	1.38456	4182	0	18
2026.01.28	00:00:00	1.38464	1.38478	1.38205	1.38458	733	0	28
2026.01.28	01:00:00	1.38459	1.38478	1.38217	1.38270	1980	0	4
2026.01.28	02:00:00	1.38269	1.38314	1.38135	1.38170	3011	0	4
2026.01.28	03:00:00	1.38180	1.38192	1.37988	1.38000	2938	0	4
2026.01.28	04:00:00	1.38004	1.38075	1.37916	1.38039	2395	0	4
2026.01.28	05:00:00	1.38036	1.38105	1.37966	1.37996	2003	0	4
2026.01.28	06:00:00	1.37998	1.38032	1.37940	1.38021	1541	0	4
2026.01.28	07:00:00	1.38020	1.38055	1.37886	1.38045	2812	0	4
2026.01.28	08:00:00	1.38042	1.38159	1.38033	1.38064	2933	0	3
2026.01.28	09:00:00	1.38059	1.38311	1.37924	1.38018	4104	0	2
2026.01.28	10:00:00	1.38017	1.38114	1.37749	1.37864	4333	0	2
2026.01.28	11:00:00	1.37867	1.37926	1.37757	1.37869	3700	0	2
2026.01.28	12:00:00	1.37868	1.38001	1.37768	1.37931	3408	0	2
2026.01.28	13:00:00	1.37926	1.37926	1.37675	1.37695	3207	0	2
2026.01.28	14:00:00	1.37699	1.37942	1.37681	1.37933	3864	0	2
2026.01.28	15:00:00	1.37934	1.37943	1.37647	1.37700	4165	0	2
2026.01.28	16:00:00	1.37698	1.38015	1.37676	1.37866	4383	0	2
2026.01.28	17:00:00	1.37867	1.37996	1.37493	1.37894	7528	0	2
2026.01.28	18:00:00	1.37893	1.37943	1.37635	1.37846	4990	0	2
2026.01.28	19:00:00	1.37846	1.37908	1.37724	1.37897	3200	0	4
2026.01.28	20:00:00	1.37896	1.37925	1.37633	1.37758	3629	0	4
2026.01.28	21:00:00	1.37758	1.37967	1.37521	1.37927	6296	0	4
2026.01.28	22:00:00	1.37924	1.38026	1.37857	1.37992	3628	0	4
2026.01.28	23:00:00	1.37983	1.38103	1.37960	1.38056	2414	0	18
2026.01.29	00:00:00	1.38050	1.38065	1.37886	1.38022	3029	0	28
2026.01.29	01:00:00	1.38041	1.38300	1.37967	1.38266	2328	0	4
2026.01.29	02:00:00	1.38260	1.38352	1.38134	1.38204	2891	0	4
2026.01.29	03:00:00	1.38203	1.38205	1.37997	1.38029	3220	0	4
2026.01.29	04:00:00	1.38027	1.38158	1.37935	1.38127	2663	0	4
2026.01.29	05:00:00	1.38125	1.38333	1.38106	1.38323	2413	0	4
2026.01.29	06:00:00	1.38323	1.38403	1.38247	1.38390	2539	0	4
2026.01.29	07:00:00	1.38389	1.38441	1.38354	1.38380	2195	0	4
2026.01.29	08:00:00	1.38374	1.38404	1.38275	1.38373	3105	0	3
2026.01.29	09:00:00	1.38367	1.38482	1.38236	1.38313	3820	0	2
2026.01.29	10:00:00	1.38312	1.38463	1.38138	1.38210	4534	0	2
2026.01.29	11:00:00	1.38213	1.38245	1.38002	1.38036	3474	0	2
2026.01.29	12:00:00	1.38030	1.38070	1.37808	1.37824	3425	0	2
2026.01.29	13:00:00	1.37827	1.37985	1.37803	1.37939	3129	0	2
2026.01.29	14:00:00	1.37939	1.38144	1.37887	1.38136	3078	0	2
2026.01.29	15:00:00	1.38137	1.38188	1.37973	1.38063	4509	0	2
2026.01.29	16:00:00	1.38064	1.38342	1.38043	1.38266	4916	0	2
2026.01.29	17:00:00	1.38267	1.38275	1.37422	1.37634	8645	0	2
2026.01.29	18:00:00	1.37633	1.37989	1.37596	1.37922	6216	0	2
2026.01.29	19:00:00	1.37928	1.38076	1.37919	1.37975	4815	0	4
2026.01.29	20:00:00	1.37972	1.38049	1.37879	1.37981	3853	0	4
2026.01.29	21:00:00	1.37982	1.37999	1.37919	1.37935	2996	0	4
2026.01.29	22:00:00	1.37934	1.38086	1.37881	1.38046	2640	0	4
2026.01.29	23:00:00	1.38038	1.38133	1.37979	1.38080	2228	0	18
2026.01.30	00:00:00	1.38028	1.38093	1.37940	1.38080	688	0	28
2026.01.30	01:00:00	1.38080	1.38145	1.38044	1.38083	1310	0	4
2026.01.30	02:00:00	1.38082	1.38144	1.37735	1.37776	2963	0	4
2026.01.30	03:00:00	1.37771	1.37801	1.37580	1.37605	4357	0	4
2026.01.30	04:00:00	1.37605	1.37676	1.37313	1.37621	4956	0	4
2026.01.30	05:00:00	1.37626	1.37666	1.37476	1.37525	2844	0	4
2026.01.30	06:00:00	1.37524	1.37676	1.37480	1.37521	1949	0	4
2026.01.30	07:00:00	1.37532	1.37628	1.37458	1.37561	2254	0	4
2026.01.30	08:00:00	1.37560	1.37640	1.37398	1.37509	3822	0	3
2026.01.30	09:00:00	1.37507	1.37833	1.37462	1.37714	4174	0	2
2026.01.30	10:00:00	1.37707	1.37804	1.37586	1.37651	4124	0	2
2026.01.30	11:00:00	1.37652	1.37678	1.37251	1.37337	4735	0	2
2026.01.30	12:00:00	1.37335	1.37507	1.37323	1.37479	3792	0	2
2026.01.30	13:00:00	1.37483	1.37800	1.37446	1.37787	3425	0	2
2026.01.30	14:00:00	1.37787	1.37878	1.37573	1.37621	4095	0	2
2026.01.30	15:00:00	1.37620	1.37674	1.37351	1.37439	5046	0	2
2026.01.30	16:00:00	1.37442	1.37581	1.37359	1.37393	5383	0	2
2026.01.30	17:00:00	1.37393	1.37440	1.37096	1.37200	6565	0	2
2026.01.30	18:00:00	1.37200	1.37294	1.37127	1.37275	5411	0	2
2026.01.30	19:00:00	1.37267	1.37283	1.36997	1.37093	5166	0	4
2026.01.30	20:00:00	1.37091	1.37156	1.36804	1.37116	5490	0	4
2026.01.30	21:00:00	1.37113	1.37186	1.36896	1.36978	4274	0	4
2026.01.30	22:00:00	1.36979	1.36979	1.36826	1.36826	3777	0	4
2026.01.30	23:00:00	1.36821	1.36904	1.36780	1.36817	3476	0	5
2026.02.02	00:00:00	1.36799	1.36887	1.36754	1.36834	1293	0	40
2026.02.02	01:00:00	1.36827	1.36909	1.36617	1.36763	4135	0	4
2026.02.02	02:00:00	1.36765	1.37055	1.36765	1.37004	4299	0	4
2026.02.02	03:00:00	1.37002	1.37002	1.36766	1.36929	5075	0	4
2026.02.02	04:00:00	1.36929	1.37001	1.36812	1.36826	4014	0	4
2026.02.02	05:00:00	1.36827	1.36928	1.36782	1.36840	3410	0	4
2026.02.02	06:00:00	1.36842	1.36881	1.36767	1.36822	2876	0	4
2026.02.02	07:00:00	1.36820	1.36832	1.36606	1.36723	3339	0	4
2026.02.02	08:00:00	1.36724	1.36760	1.36614	1.36759	4798	0	3
2026.02.02	09:00:00	1.36759	1.36891	1.36732	1.36791	4414	0	2
2026.02.02	10:00:00	1.36792	1.37010	1.36785	1.36929	4487	0	2
2026.02.02	11:00:00	1.36926	1.37111	1.36819	1.37088	4086	0	2
2026.02.02	12:00:00	1.37087	1.37154	1.36959	1.37022	3720	0	2
2026.02.02	13:00:00	1.37022	1.37119	1.36950	1.37004	3486	0	2
2026.02.02	14:00:00	1.37005	1.37070	1.36852	1.36884	4026	0	2
2026.02.02	15:00:00	1.36884	1.36886	1.36490	1.36517	4808	0	2
2026.02.02	16:00:00	1.36518	1.36772	1.36308	1.36681	5124	0	2
2026.02.02	17:00:00	1.36653	1.36653	1.36264	1.36277	6450	0	2
2026.02.02	18:00:00	1.36277	1.36570	1.36228	1.36532	4908	0	2
2026.02.02	19:00:00	1.36538	1.36630	1.36500	1.36594	4047	0	4
2026.02.02	20:00:00	1.36594	1.36617	1.36476	1.36498	3465	0	4
2026.02.02	21:00:00	1.36494	1.36617	1.36432	1.36594	2684	0	4
2026.02.02	22:00:00	1.36594	1.36681	1.36535	1.36656	2649	0	4
2026.02.02	23:00:00	1.36646	1.36681	1.36630	1.36679	1706	0	4
2026.02.03	00:00:00	1.36628	1.36659	1.36533	1.36646	789	0	5
2026.02.03	01:00:00	1.36646	1.36732	1.36597	1.36728	1313	0	4
2026.02.03	02:00:00	1.36724	1.36807	1.36705	1.36796	1984	0	4
2026.02.03	03:00:00	1.36796	1.36864	1.36743	1.36859	2600	0	4
2026.02.03	04:00:00	1.36855	1.36866	1.36708	1.36727	2228	0	4
2026.02.03	05:00:00	1.36723	1.36888	1.36714	1.36851	2715	0	4
2026.02.03	06:00:00	1.36853	1.36944	1.36852	1.36869	2100	0	4
2026.02.03	07:00:00	1.36868	1.36924	1.36836	1.36900	2274	0	4
2026.02.03	08:00:00	1.36900	1.37012	1.36884	1.36919	2612	0	3
2026.02.03	09:00:00	1.36910	1.37067	1.36833	1.36971	3827	0	2
2026.02.03	10:00:00	1.36967	1.36999	1.36765	1.36854	3673	0	2
2026.02.03	11:00:00	1.36865	1.36914	1.36662	1.36666	4038	0	2
2026.02.03	12:00:00	1.36668	1.36738	1.36549	1.36557	2936	0	2
2026.02.03	13:00:00	1.36558	1.36623	1.36503	1.36520	2776	0	2
2026.02.03	14:00:00	1.36519	1.36829	1.36515	1.36814	3334	0	2
2026.02.03	15:00:00	1.36807	1.36899	1.36699	1.36704	3861	0	2
2026.02.03	16:00:00	1.36704	1.36849	1.36567	1.36683	4677	0	2
2026.02.03	17:00:00	1.36681	1.37046	1.36638	1.37029	5148	0	2
2026.02.03	18:00:00	1.37034	1.37066	1.36926	1.36989	4413	0	2
2026.02.03	19:00:00	1.36988	1.37075	1.36932	1.36954	3646	0	4
2026.02.03	20:00:00	1.36950	1.37021	1.36765	1.36765	3631	0	4
2026.02.03	21:00:00	1.36767	1.36917	1.36734	1.36885	3112	0	4
2026.02.03	22:00:00	1.36884	1.36997	1.36835	1.36956	2704	0	4
2026.02.03	23:00:00	1.36955	1.37017	1.36939	1.36973	1612	0	4
2026.02.04	00:00:00	1.36919	1.37014	1.36858	1.36937	1083	0	18
2026.02.04	01:00:00	1.36943	1.37016	1.36922	1.36968	1082	0	4
2026.02.04	02:00:00	1.36973	1.36976	1.36909	1.36936	1950	0	4
2026.02.04	03:00:00	1.36935	1.37103	1.36911	1.37063	2668	0	4
2026.02.04	04:00:00	1.37062	1.37128	1.36972	1.36999	2259	0	4
2026.02.04	05:00:00	1.36998	1.37053	1.36963	1.37044	2196	0	4
2026.02.04	06:00:00	1.37045	1.37171	1.37025	1.37154	1554	0	4
2026.02.04	07:00:00	1.37153	1.37198	1.37114	1.37150	1730	0	4
2026.02.04	08:00:00	1.37159	1.37220	1.37116	1.37116	2564	0	3
2026.02.04	09:00:00	1.37123	1.37192	1.37056	1.37160	2602	0	2
2026.02.04	10:00:00	1.37156	1.37331	1.37116	1.37298	3165	0	2
2026.02.04	11:00:00	1.37298	1.37334	1.37008	1.37083	2802	0	2
2026.02.04	12:00:00	1.37082	1.37163	1.36946	1.37163	2694	0	2
2026.02.04	13:00:00	1.37164	1.37164	1.37012	1.37084	2809	0	2
2026.02.04	14:00:00	1.37077	1.37246	1.37061	1.37195	2512	0	2
2026.02.04	15:00:00	1.37199	1.37292	1.37026	1.37136	4087	0	2
2026.02.04	16:00:00	1.37133	1.37176	1.36861	1.36867	4848	0	2
2026.02.04	17:00:00	1.36872	1.36952	1.36609	1.36643	5616	0	2
2026.02.04	18:00:00	1.36643	1.36645	1.36429	1.36577	4404	0	2
2026.02.04	19:00:00	1.36577	1.36726	1.36442	1.36464	4372	0	4
2026.02.04	20:00:00	1.36467	1.36555	1.36423	1.36500	3686	0	4
2026.02.04	21:00:00	1.36501	1.36629	1.36437	1.36624	3262	0	4
2026.02.04	22:00:00	1.36625	1.36639	1.36476	1.36496	2052	0	4
2026.02.04	23:00:00	1.36495	1.36559	1.36480	1.36519	1620	0	4
2026.02.05	00:00:00	1.36559	1.36622	1.36429	1.36493	1128	0	10
2026.02.05	01:00:00	1.36495	1.36506	1.36435	1.36463	1728	0	4
2026.02.05	02:00:00	1.36463	1.36524	1.36440	1.36523	1580	0	4
2026.02.05	03:00:00	1.36523	1.36539	1.36439	1.36477	2308	0	4
2026.02.05	04:00:00	1.36481	1.36483	1.36194	1.36213	3103	0	4
2026.02.05	05:00:00	1.36213	1.36303	1.36186	1.36245	2607	0	4
2026.02.05	06:00:00	1.36246	1.36292	1.36221	1.36248	1687	0	4
2026.02.05	07:00:00	1.36249	1.36267	1.36157	1.36197	1869	0	4
2026.02.05	08:00:00	1.36196	1.36204	1.36064	1.36175	2890	0	3
2026.02.05	09:00:00	1.36183	1.36294	1.36160	1.36217	3435	0	2
2026.02.05	10:00:00	1.36210	1.36328	1.35987	1.36025	3635	0	2
2026.02.05	11:00:00	1.36021	1.36041	1.35565	1.35653	3518	0	2
2026.02.05	12:00:00	1.35652	1.35973	1.35613	1.35880	2663	0	2
2026.02.05	13:00:00	1.35883	1.36158	1.35808	1.35946	2671	0	2
2026.02.05	14:00:00	1.35943	1.35962	1.35405	1.35812	6524	0	2
2026.02.05	15:00:00	1.35822	1.35947	1.35670	1.35836	5342	0	2
2026.02.05	16:00:00	1.35834	1.35890	1.35335	1.35478	5933	0	2
2026.02.05	17:00:00	1.35500	1.35568	1.35212	1.35277	6414	0	2
2026.02.05	18:00:00	1.35279	1.35557	1.35172	1.35500	4544	0	2
2026.02.05	19:00:00	1.35501	1.35575	1.35393	1.35517	3556	0	4
2026.02.05	20:00:00	1.35519	1.35569	1.35381	1.35430	2785	0	4
2026.02.05	21:00:00	1.35429	1.35523	1.35419	1.35474	2601	0	4
2026.02.05	22:00:00	1.35473	1.35521	1.35374	1.35375	2531	0	4
2026.02.05	23:00:00	1.35373	1.35391	1.35236	1.35299	1963	0	4
2026.02.06	00:00:00	1.35337	1.35375	1.35205	1.35326	1225	0	18
2026.02.06	01:00:00	1.35325	1.35339	1.35203	1.35206	1590	0	4
2026.02.06	02:00:00	1.35206	1.35310	1.35080	1.35288	2547	0	4
2026.02.06	03:00:00	1.35289	1.35426	1.35248	1.35395	3106	0	4
2026.02.06	04:00:00	1.35395	1.35502	1.35394	1.35460	2302	0	4
2026.02.06	05:00:00	1.35456	1.35492	1.35434	1.35466	1709	0	4
2026.02.06	06:00:00	1.35466	1.35600	1.35455	1.35589	1669	0	4
2026.02.06	07:00:00	1.35589	1.35695	1.35579	1.35694	1909	0	4
2026.02.06	08:00:00	1.35686	1.35785	1.35678	1.35719	2370	0	3
2026.02.06	09:00:00	1.35718	1.35788	1.35630	1.35650	2525	0	2
2026.02.06	10:00:00	1.35649	1.35724	1.35578	1.35690	3360	0	2
2026.02.06	11:00:00	1.35689	1.35821	1.35656	1.35771	3000	0	2
2026.02.06	12:00:00	1.35773	1.35841	1.35715	1.35762	2360	0	2
2026.02.06	13:00:00	1.35762	1.35923	1.35756	1.35845	2460	0	2
2026.02.06	14:00:00	1.35845	1.35951	1.35833	1.35893	2531	0	2
2026.02.06	15:00:00	1.35891	1.35965	1.35815	1.35890	3056	0	2
2026.02.06	16:00:00	1.35891	1.36099	1.35872	1.36085	3844	0	2
2026.02.06	17:00:00	1.36082	1.36156	1.35935	1.36146	3976	0	2
2026.02.06	18:00:00	1.36147	1.36162	1.36015	1.36023	3304	0	2
2026.02.06	19:00:00	1.36025	1.36235	1.36010	1.36176	2589	0	4
2026.02.06	20:00:00	1.36175	1.36229	1.36126	1.36136	1973	0	4
2026.02.06	21:00:00	1.36133	1.36204	1.36117	1.36163	1909	0	4
2026.02.06	22:00:00	1.36162	1.36200	1.36123	1.36184	1803	0	4
2026.02.06	23:00:00	1.36184	1.36215	1.36067	1.36093	1858	0	3
2026.02.09	00:00:00	1.35908	1.36029	1.35891	1.36000	444	0	40
2026.02.09	01:00:00	1.36002	1.36120	1.35876	1.36096	2533	0	4
2026.02.09	02:00:00	1.36097	1.36216	1.36053	1.36116	2845	0	4
2026.02.09	03:00:00	1.36121	1.36129	1.35978	1.36014	2615	0	4
2026.02.09	04:00:00	1.36013	1.36093	1.35906	1.36042	1730	0	4
2026.02.09	05:00:00	1.36040	1.36081	1.35984	1.35985	1219	0	4
2026.02.09	06:00:00	1.35989	1.36059	1.35985	1.36039	923	0	4
2026.02.09	07:00:00	1.36048	1.36173	1.36028	1.36142	1019	0	4
2026.02.09	08:00:00	1.36142	1.36291	1.36046	1.36162	3403	0	3
2026.02.09	09:00:00	1.36156	1.36163	1.35882	1.36038	3848	0	2
2026.02.09	10:00:00	1.36039	1.36108	1.35863	1.36019	3738	0	2
2026.02.09	11:00:00	1.36018	1.36124	1.35958	1.36010	2900	0	2
2026.02.09	12:00:00	1.36011	1.36144	1.35936	1.36094	3258	0	2
2026.02.09	13:00:00	1.36093	1.36452	1.35933	1.36369	3943	0	2
2026.02.09	14:00:00	1.36374	1.36623	1.36374	1.36599	3229	0	2
2026.02.09	15:00:00	1.36600	1.36701	1.36427	1.36506	4627	0	2
2026.02.09	16:00:00	1.36507	1.36529	1.36214	1.36443	5894	0	2
2026.02.09	17:00:00	1.36442	1.36873	1.36437	1.36773	4877	0	2
2026.02.09	18:00:00	1.36777	1.36912	1.36621	1.36662	3766	0	2
2026.02.09	19:00:00	1.36662	1.36762	1.36632	1.36719	2636	0	4
2026.02.09	20:00:00	1.36719	1.36915	1.36639	1.36892	2622	0	4
2026.02.09	21:00:00	1.36893	1.37003	1.36840	1.36970	2213	0	4
2026.02.09	22:00:00	1.36969	1.36992	1.36915	1.36943	2239	0	4
2026.02.09	23:00:00	1.36936	1.36991	1.36896	1.36937	1914	0	5
2026.02.10	00:00:00	1.36857	1.36957	1.36741	1.36939	1159	0	28
2026.02.10	01:00:00	1.36958	1.36971	1.36819	1.36823	1073	0	4
2026.02.10	02:00:00	1.36822	1.36843	1.36717	1.36802	1490	0	4
2026.02.10	03:00:00	1.36811	1.36898	1.36739	1.36848	2388	0	4
2026.02.10	04:00:00	1.36847	1.36934	1.36836	1.36934	1898	0	4
2026.02.10	05:00:00	1.36933	1.36963	1.36837	1.36856	1984	0	4
2026.02.10	06:00:00	1.36855	1.36867	1.36795	1.36811	1392	0	4
2026.02.10	07:00:00	1.36812	1.36843	1.36739	1.36785	1587	0	4
2026.02.10	08:00:00	1.36777	1.36819	1.36676	1.36714	2239	0	3
2026.02.10	09:00:00	1.36714	1.36800	1.36670	1.36723	2887	0	2
2026.02.10	10:00:00	1.36724	1.36793	1.36634	1.36702	3005	0	2
2026.02.10	11:00:00	1.36701	1.36844	1.36655	1.36679	2867	0	2
2026.02.10	12:00:00	1.36678	1.36734	1.36575	1.36652	2704	0	2
2026.02.10	13:00:00	1.36652	1.36655	1.36583	1.36629	1771	0	2
2026.02.10	14:00:00	1.36631	1.36928	1.36619	1.36854	3472	0	2
2026.02.10	15:00:00	1.36855	1.36917	1.36658	1.36817	4244	0	2
2026.02.10	16:00:00	1.36815	1.36969	1.36700	1.36769	4392	0	2
2026.02.10	17:00:00	1.36763	1.36809	1.36534	1.36741	4439	0	2
2026.02.10	18:00:00	1.36742	1.36743	1.36594	1.36641	3763	0	2
2026.02.10	19:00:00	1.36637	1.36664	1.36431	1.36531	3099	0	4
2026.02.10	20:00:00	1.36532	1.36552	1.36421	1.36443	2527	0	4
2026.02.10	21:00:00	1.36444	1.36570	1.36396	1.36562	2467	0	4
2026.02.10	22:00:00	1.36562	1.36573	1.36423	1.36435	2254	0	4
2026.02.10	23:00:00	1.36430	1.36443	1.36372	1.36407	1817	0	17
2026.02.11	00:00:00	1.36497	1.36497	1.36357	1.36393	1134	0	28
2026.02.11	01:00:00	1.36390	1.36390	1.36311	1.36327	1021	0	4
2026.02.11	02:00:00	1.36326	1.36442	1.36312	1.36391	2192	0	4
2026.02.11	03:00:00	1.36395	1.36493	1.36383	1.36444	2708	0	4
2026.02.11	04:00:00	1.36443	1.36611	1.36441	1.36573	1840	0	4
2026.02.11	05:00:00	1.36574	1.36681	1.36545	1.36647	1524	0	4
2026.02.11	06:00:00	1.36647	1.36701	1.36583	1.36590	1373	0	4
2026.02.11	07:00:00	1.36597	1.36703	1.36576	1.36700	1718	0	4
2026.02.11	08:00:00	1.36701	1.36780	1.36665	1.36706	2304	0	3
2026.02.11	09:00:00	1.36698	1.36748	1.36639	1.36744	2312	0	2
2026.02.11	10:00:00	1.36744	1.36934	1.36686	1.36923	2912	0	2
2026.02.11	11:00:00	1.36932	1.36991	1.36837	1.36952	2331	0	2
2026.02.11	12:00:00	1.36952	1.37124	1.36862	1.37068	2553	0	2
2026.02.11	13:00:00	1.37067	1.37069	1.36904	1.36908	2408	0	2
2026.02.11	14:00:00	1.36909	1.36925	1.36755	1.36803	3036	0	2
2026.02.11	15:00:00	1.36803	1.36906	1.36094	1.36414	6224	0	2
2026.02.11	16:00:00	1.36411	1.36701	1.36376	1.36559	5976	0	2
2026.02.11	17:00:00	1.36555	1.36669	1.36263	1.36333	5941	0	2
2026.02.11	18:00:00	1.36334	1.36570	1.36285	1.36522	4304	0	2
2026.02.11	19:00:00	1.36522	1.36676	1.36444	1.36574	3718	0	4
2026.02.11	20:00:00	1.36573	1.36593	1.36394	1.36398	3059	0	4
2026.02.11	21:00:00	1.36392	1.36415	1.36321	1.36327	2263	0	4
2026.02.11	22:00:00	1.36326	1.36346	1.36211	1.36218	1906	0	4
2026.02.11	23:00:00	1.36210	1.36281	1.36175	1.36279	1429	0	4
2026.02.12	00:00:00	1.36225	1.36297	1.36161	1.36268	825	0	28
2026.02.12	01:00:00	1.36280	1.36283	1.36193	1.36227	1077	0	3
2026.02.12	02:00:00	1.36227	1.36319	1.36150	1.36317	1730	0	4
2026.02.12	03:00:00	1.36317	1.36401	1.36262	1.36394	2331	0	4
2026.02.12	04:00:00	1.36393	1.36422	1.36302	1.36350	2017	0	4
2026.02.12	05:00:00	1.36349	1.36372	1.36263	1.36312	1890	0	4
2026.02.12	06:00:00	1.36311	1.36359	1.36197	1.36247	1747	0	4
2026.02.12	07:00:00	1.36255	1.36255	1.36172	1.36213	1664	0	4
2026.02.12	08:00:00	1.36214	1.36258	1.36042	1.36162	3075	0	3
2026.02.12	09:00:00	1.36156	1.36348	1.36112	1.36329	2947	0	2
2026.02.12	10:00:00	1.36337	1.36473	1.36265	1.36374	2860	0	2
2026.02.12	11:00:00	1.36378	1.36540	1.36367	1.36493	2529	0	2
2026.02.12	12:00:00	1.36492	1.36503	1.36365	1.36386	2175	0	2
2026.02.12	13:00:00	1.36386	1.36512	1.36350	1.36495	2133	0	2
2026.02.12	14:00:00	1.36496	1.36501	1.36222	1.36288	2750	0	2
2026.02.12	15:00:00	1.36295	1.36520	1.36284	1.36497	3261	0	2
2026.02.12	16:00:00	1.36504	1.36694	1.36419	1.36641	4187	0	2
2026.02.12	17:00:00	1.36641	1.36716	1.36492	1.36541	4275	0	2
2026.02.12	18:00:00	1.36542	1.36581	1.36158	1.36306	5987	0	2
2026.02.12	19:00:00	1.36301	1.36328	1.36182	1.36186	4675	0	4
2026.02.12	20:00:00	1.36195	1.36241	1.36043	1.36170	3624	0	4
2026.02.12	21:00:00	1.36168	1.36269	1.36147	1.36232	2805	0	4
2026.02.12	22:00:00	1.36241	1.36250	1.36143	1.36205	2302	0	4
2026.02.12	23:00:00	1.36206	1.36236	1.36157	1.36216	1644	0	4
2026.02.13	00:00:00	1.36143	1.36269	1.36086	1.36192	886	0	15
2026.02.13	01:00:00	1.36191	1.36226	1.36162	1.36174	1009	0	4
2026.02.13	02:00:00	1.36176	1.36221	1.36144	1.36214	1819	0	4
2026.02.13	03:00:00	1.36213	1.36225	1.36119	1.36164	2139	0	4
2026.02.13	04:00:00	1.36166	1.36237	1.36123	1.36196	1500	0	4
2026.02.13	05:00:00	1.36198	1.36227	1.36144	1.36153	1272	0	4
2026.02.13	06:00:00	1.36154	1.36170	1.36084	1.36115	1417	0	4
2026.02.13	07:00:00	1.36115	1.36151	1.35992	1.36035	1939	0	4
2026.02.13	08:00:00	1.36025	1.36064	1.35940	1.36003	2414	0	3
2026.02.13	09:00:00	1.36003	1.36168	1.35902	1.36144	2851	0	2
2026.02.13	10:00:00	1.36143	1.36289	1.36116	1.36232	2852	0	2
2026.02.13	11:00:00	1.36226	1.36299	1.36206	1.36223	2387	0	2
2026.02.13	12:00:00	1.36222	1.36276	1.36145	1.36183	2137	0	2
2026.02.13	13:00:00	1.36178	1.36194	1.36008	1.36024	2551	0	2
2026.02.13	14:00:00	1.36028	1.36095	1.35987	1.36082	2685	0	2
2026.02.13	15:00:00	1.36084	1.36459	1.36047	1.36323	4873	0	2
2026.02.13	16:00:00	1.36323	1.36394	1.36151	1.36260	4957	0	2
2026.02.13	17:00:00	1.36267	1.36474	1.36106	1.36127	5147	0	2
2026.02.13	18:00:00	1.36126	1.36436	1.36065	1.36431	3931	0	2
2026.02.13	19:00:00	1.36424	1.36594	1.36378	1.36483	3126	0	4
2026.02.13	20:00:00	1.36491	1.36543	1.36457	1.36523	2450	0	4
2026.02.13	21:00:00	1.36515	1.36554	1.36424	1.36426	2340	0	4
2026.02.13	22:00:00	1.36425	1.36567	1.36414	1.36561	2391	0	4
2026.02.13	23:00:00	1.36553	1.36575	1.36461	1.36461	1924	0	18
2026.02.16	00:00:00	1.36348	1.36491	1.36348	1.36449	1848	0	40
2026.02.16	01:00:00	1.36450	1.36496	1.36411	1.36474	1482	0	4
2026.02.16	02:00:00	1.36474	1.36481	1.36402	1.36408	1546	0	3
2026.02.16	03:00:00	1.36409	1.36440	1.36366	1.36437	1464	0	4
2026.02.16	04:00:00	1.36436	1.36458	1.36385	1.36420	1443	0	4
2026.02.16	05:00:00	1.36419	1.36452	1.36373	1.36415	835	0	4
2026.02.16	06:00:00	1.36420	1.36439	1.36353	1.36397	1066	0	4
2026.02.16	07:00:00	1.36396	1.36411	1.36350	1.36393	1079	0	4
2026.02.16	08:00:00	1.36392	1.36487	1.36377	1.36433	1342	0	3
2026.02.16	09:00:00	1.36431	1.36512	1.36353	1.36436	1745	0	2
2026.02.16	10:00:00	1.36436	1.36603	1.36403	1.36521	2790	0	2
2026.02.16	11:00:00	1.36522	1.36622	1.36406	1.36445	2373	0	2
2026.02.16	12:00:00	1.36441	1.36520	1.36407	1.36503	1916	0	2
2026.02.16	13:00:00	1.36502	1.36508	1.36427	1.36444	1794	0	2
2026.02.16	14:00:00	1.36440	1.36515	1.36394	1.36422	2172	0	2
2026.02.16	15:00:00	1.36423	1.36479	1.36284	1.36335	2202	0	2
2026.02.16	16:00:00	1.36334	1.36405	1.36299	1.36359	2482	0	2
2026.02.16	17:00:00	1.36359	1.36383	1.36278	1.36329	2489	0	2
2026.02.16	18:00:00	1.36329	1.36353	1.36255	1.36282	2054	0	2
2026.02.16	19:00:00	1.36281	1.36305	1.36256	1.36266	1206	0	4
2026.02.16	20:00:00	1.36266	1.36315	1.36261	1.36288	799	0	3
2026.02.16	21:00:00	1.36284	1.36333	1.36284	1.36318	736	0	4
2026.02.16	22:00:00	1.36317	1.36325	1.36294	1.36297	651	0	4
2026.02.16	23:00:00	1.36296	1.36301	1.36237	1.36278	864	0	4
2026.02.17	00:00:00	1.36306	1.36326	1.36199	1.36288	1221	0	28
2026.02.17	01:00:00	1.36293	1.36293	1.36223	1.36270	1097	0	4
2026.02.17	02:00:00	1.36271	1.36294	1.36184	1.36195	1939	0	4
2026.02.17	03:00:00	1.36197	1.36214	1.36132	1.36163	2201	0	4
2026.02.17	04:00:00	1.36163	1.36205	1.36115	1.36141	1878	0	4
2026.02.17	05:00:00	1.36141	1.36142	1.36055	1.36121	1808	0	4
2026.02.17	06:00:00	1.36122	1.36134	1.36064	1.36110	1503	0	4
2026.02.17	07:00:00	1.36110	1.36119	1.36030	1.36071	2121	0	4
2026.02.17	08:00:00	1.36074	1.36151	1.36070	1.36116	1720	0	3
2026.02.17	09:00:00	1.36116	1.36116	1.35520	1.35629	3458	0	2
2026.02.17	10:00:00	1.35632	1.35903	1.35609	1.35853	3031	0	2
2026.02.17	11:00:00	1.35863	1.35977	1.35837	1.35909	2490	0	2
2026.02.17	12:00:00	1.35904	1.36062	1.35891	1.35954	2599	0	2
2026.02.17	13:00:00	1.35954	1.35984	1.35597	1.35645	2877	0	2
2026.02.17	14:00:00	1.35644	1.35718	1.35466	1.35489	2720	0	2
2026.02.17	15:00:00	1.35480	1.35504	1.35241	1.35250	3564	0	2
2026.02.17	16:00:00	1.35248	1.35325	1.35175	1.35208	4686	0	2
2026.02.17	17:00:00	1.35209	1.35255	1.34954	1.35032	4813	0	2
2026.02.17	18:00:00	1.35032	1.35416	1.35024	1.35383	4075	0	2
2026.02.17	19:00:00	1.35382	1.35502	1.35341	1.35465	3441	0	4
2026.02.17	20:00:00	1.35470	1.35612	1.35406	1.35588	2941	0	4
2026.02.17	21:00:00	1.35590	1.35632	1.35553	1.35604	2047	0	4
2026.02.17	22:00:00	1.35605	1.35642	1.35572	1.35608	1849	0	4
2026.02.17	23:00:00	1.35608	1.35682	1.35586	1.35659	1179	0	4
2026.02.18	00:00:00	1.35510	1.35667	1.35378	1.35646	1461	0	18
2026.02.18	01:00:00	1.35661	1.35728	1.35620	1.35632	1231	0	4
2026.02.18	02:00:00	1.35633	1.35665	1.35603	1.35623	1922	0	4
2026.02.18	03:00:00	1.35613	1.35622	1.35535	1.35584	2076	0	4
2026.02.18	04:00:00	1.35588	1.35590	1.35512	1.35551	1738	0	4
2026.02.18	05:00:00	1.35551	1.35581	1.35522	1.35532	1570	0	4
2026.02.18	06:00:00	1.35528	1.35561	1.35498	1.35534	1370	0	4
2026.02.18	07:00:00	1.35534	1.35598	1.35532	1.35592	1396	0	4
2026.02.18	08:00:00	1.35592	1.35666	1.35531	1.35626	1950	0	3
2026.02.18	09:00:00	1.35619	1.35779	1.35535	1.35619	3267	0	2
2026.02.18	10:00:00	1.35618	1.35684	1.35567	1.35658	2843	0	2
2026.02.18	11:00:00	1.35658	1.35794	1.35649	1.35749	2271	0	2
2026.02.18	12:00:00	1.35748	1.35823	1.35655	1.35657	2358	0	2
2026.02.18	13:00:00	1.35660	1.35751	1.35654	1.35745	1841	0	2
2026.02.18	14:00:00	1.35752	1.35801	1.35695	1.35736	2687	0	2
2026.02.18	15:00:00	1.35735	1.35817	1.35517	1.35517	3226	0	2
2026.02.18	16:00:00	1.35514	1.35587	1.35328	1.35370	4297	0	2
2026.02.18	17:00:00	1.35371	1.35540	1.35351	1.35461	3573	0	2
2026.02.18	18:00:00	1.35460	1.35577	1.35335	1.35335	3068	0	2
2026.02.18	19:00:00	1.35336	1.35368	1.35121	1.35221	2757	0	4
2026.02.18	20:00:00	1.35221	1.35254	1.35055	1.35136	2777	0	4
2026.02.18	21:00:00	1.35132	1.35147	1.34966	1.35003	3185	0	4
2026.02.18	22:00:00	1.35003	1.35050	1.34945	1.34982	1989	0	4
2026.02.18	23:00:00	1.34982	1.35014	1.34903	1.34911	1390	0	3
2026.02.19	00:00:00	1.34960	1.34986	1.34899	1.34969	1135	0	18
2026.02.19	01:00:00	1.34969	1.34981	1.34938	1.34944	887	0	4
2026.02.19	02:00:00	1.34944	1.34980	1.34881	1.34900	1652	0	4
2026.02.19	03:00:00	1.34903	1.34999	1.34903	1.34966	1845	0	4
2026.02.19	04:00:00	1.34959	1.34972	1.34913	1.34946	1301	0	4
2026.02.19	05:00:00	1.34946	1.34971	1.34876	1.34903	1438	0	4
2026.02.19	06:00:00	1.34903	1.34927	1.34812	1.34839	1408	0	4
2026.02.19	07:00:00	1.34831	1.34878	1.34801	1.34872	1471	0	4
2026.02.19	08:00:00	1.34872	1.35027	1.34845	1.34993	1748	0	3
2026.02.19	09:00:00	1.34992	1.35122	1.34942	1.35098	2140	0	2
2026.02.19	10:00:00	1.35097	1.35163	1.35017	1.35055	2479	0	2
2026.02.19	11:00:00	1.35055	1.35169	1.34943	1.35039	2409	0	2
2026.02.19	12:00:00	1.35037	1.35073	1.34849	1.34888	2518	0	2
2026.02.19	13:00:00	1.34882	1.34921	1.34652	1.34652	2924	0	2
2026.02.19	14:00:00	1.34652	1.34743	1.34569	1.34634	2772	0	2
2026.02.19	15:00:00	1.34634	1.34695	1.34487	1.34665	3843	0	2
2026.02.19	16:00:00	1.34673	1.34678	1.34338	1.34452	4317	0	2
2026.02.19	17:00:00	1.34450	1.34741	1.34409	1.34543	4966	0	2
2026.02.19	18:00:00	1.34543	1.34581	1.34391	1.34444	3607	0	2
2026.02.19	19:00:00	1.34443	1.34563	1.34378	1.34521	3030	0	4
2026.02.19	20:00:00	1.34521	1.34663	1.34505	1.34604	2594	0	4
2026.02.19	21:00:00	1.34603	1.34662	1.34470	1.34514	2488	0	4
2026.02.19	22:00:00	1.34514	1.34606	1.34514	1.34573	1766	0	4
2026.02.19	23:00:00	1.34578	1.34730	1.34574	1.34636	2269	0	18
2026.02.20	00:00:00	1.34618	1.34693	1.34581	1.34667	1145	0	27
2026.02.20	01:00:00	1.34665	1.34713	1.34591	1.34604	1158	0	4
2026.02.20	02:00:00	1.34604	1.34642	1.34552	1.34605	1735	0	4
2026.02.20	03:00:00	1.34608	1.34631	1.34413	1.34462	2296	0	4
2026.02.20	04:00:00	1.34463	1.34479	1.34343	1.34410	2061	0	4
2026.02.20	05:00:00	1.34410	1.34466	1.34382	1.34427	1543	0	4
2026.02.20	06:00:00	1.34427	1.34475	1.34380	1.34389	1392	0	4
2026.02.20	07:00:00	1.34399	1.34481	1.34368	1.34457	1828	0	4
2026.02.20	08:00:00	1.34457	1.34573	1.34410	1.34566	1694	0	3
2026.02.20	09:00:00	1.34567	1.34673	1.34446	1.34448	2954	0	2
2026.02.20	10:00:00	1.34454	1.34555	1.34360	1.34524	3546	0	2
2026.02.20	11:00:00	1.34523	1.34793	1.34504	1.34675	3140	0	2
2026.02.20	12:00:00	1.34677	1.34829	1.34616	1.34755	2722	0	2
2026.02.20	13:00:00	1.34754	1.34774	1.34657	1.34707	2513	0	2
2026.02.20	14:00:00	1.34707	1.34834	1.34682	1.34757	3039	0	2
2026.02.20	15:00:00	1.34759	1.34968	1.34665	1.34873	4402	0	2
2026.02.20	16:00:00	1.34872	1.34889	1.34673	1.34768	4424	0	2
2026.02.20	17:00:00	1.34777	1.35146	1.34605	1.35016	8455	0	2
2026.02.20	18:00:00	1.35017	1.35143	1.34863	1.34986	4724	0	2
2026.02.20	19:00:00	1.34994	1.35007	1.34744	1.34889	4154	0	4
2026.02.20	20:00:00	1.34897	1.35063	1.34851	1.34937	4700	0	4
2026.02.20	21:00:00	1.34935	1.34994	1.34832	1.34851	2967	0	4
2026.02.20	22:00:00	1.34852	1.34909	1.34811	1.34889	2195	0	4
2026.02.20	23:00:00	1.34890	1.34960	1.34760	1.34782	1839	0	4
2026.02.23	00:00:00	1.34840	1.34990	1.34748	1.34930	980	0	40
2026.02.23	01:00:00	1.34925	1.35335	1.34873	1.35317	2785	0	4
2026.02.23	02:00:00	1.35321	1.35321	1.35193	1.35274	2506	0	4
2026.02.23	03:00:00	1.35271	1.35275	1.35152	1.35187	2788	0	4
2026.02.23	04:00:00	1.35186	1.35283	1.35165	1.35229	2084	0	4
2026.02.23	05:00:00	1.35232	1.35232	1.35100	1.35170	1465	0	4
2026.02.23	06:00:00	1.35172	1.35211	1.35118	1.35197	1207	0	4
2026.02.23	07:00:00	1.35197	1.35212	1.35120	1.35196	1176	0	4
2026.02.23	08:00:00	1.35201	1.35351	1.35169	1.35301	1803	0	3
2026.02.23	09:00:00	1.35300	1.35328	1.35213	1.35256	2504	0	2
2026.02.23	10:00:00	1.35256	1.35284	1.35098	1.35153	3068	0	2
2026.02.23	11:00:00	1.35152	1.35188	1.35053	1.35079	2271	0	2
2026.02.23	12:00:00	1.35078	1.35126	1.35021	1.35082	2226	0	2
2026.02.23	13:00:00	1.35081	1.35101	1.34867	1.34912	2283	0	2
2026.02.23	14:00:00	1.34912	1.34912	1.34756	1.34868	2873	0	2
2026.02.23	15:00:00	1.34869	1.35094	1.34826	1.35056	3382	0	2
2026.02.23	16:00:00	1.35056	1.35239	1.35019	1.35202	4001	0	2
2026.02.23	17:00:00	1.35201	1.35253	1.34918	1.34943	4240	0	2
2026.02.23	18:00:00	1.34944	1.35151	1.34872	1.35071	3914	0	2
2026.02.23	19:00:00	1.35071	1.35081	1.34841	1.34957	3314	0	4
2026.02.23	20:00:00	1.34956	1.35010	1.34932	1.34971	2559	0	4
2026.02.23	21:00:00	1.34970	1.34989	1.34850	1.34897	2297	0	4
2026.02.23	22:00:00	1.34894	1.34945	1.34874	1.34913	1733	0	4
2026.02.23	23:00:00	1.34904	1.34993	1.34880	1.34904	1343	0	4
2026.02.24	00:00:00	1.34911	1.34928	1.34815	1.34868	2435	0	28
2026.02.24	01:00:00	1.34879	1.34995	1.34879	1.34956	1152	0	4
2026.02.24	02:00:00	1.34955	1.34990	1.34924	1.34947	1810	0	4
2026.02.24	03:00:00	1.34948	1.34948	1.34774	1.34904	3206	0	4
2026.02.24	04:00:00	1.34900	1.34989	1.34869	1.34987	2200	0	4
2026.02.24	05:00:00	1.34988	1.35009	1.34874	1.34878	1414	0	4
2026.02.24	06:00:00	1.34877	1.34900	1.34786	1.34830	1291	0	4
2026.02.24	07:00:00	1.34829	1.34891	1.34795	1.34890	1636	0	4
2026.02.24	08:00:00	1.34891	1.34921	1.34844	1.34880	1729	0	3
2026.02.24	09:00:00	1.34879	1.34879	1.34730	1.34786	3665	0	2
2026.02.24	10:00:00	1.34786	1.34904	1.34697	1.34851	3401	0	2
2026.02.24	11:00:00	1.34849	1.35026	1.34844	1.35000	2311	0	2
2026.02.24	12:00:00	1.35000	1.35062	1.34915	1.34932	2055	0	2
2026.02.24	13:00:00	1.34933	1.34941	1.34842	1.34866	2092	0	2
2026.02.24	14:00:00	1.34864	1.34907	1.34778	1.34882	2823	0	2
2026.02.24	15:00:00	1.34881	1.34923	1.34763	1.34857	3330	0	2
2026.02.24	16:00:00	1.34856	1.34994	1.34795	1.34989	4178	0	2
2026.02.24	17:00:00	1.34985	1.35249	1.34910	1.35148	4279	0	2
2026.02.24	18:00:00	1.35147	1.35368	1.35130	1.35293	3130	0	2
2026.02.24	19:00:00	1.35291	1.35307	1.35139	1.35185	2351	0	4
2026.02.24	20:00:00	1.35184	1.35203	1.35058	1.35076	2129	0	4
2026.02.24	21:00:00	1.35068	1.35125	1.35000	1.35020	2110	0	4
2026.02.24	22:00:00	1.35021	1.35086	1.34966	1.34977	1902	0	4
2026.02.24	23:00:00	1.34969	1.34991	1.34866	1.34876	1586	0	6
2026.02.25	00:00:00	1.34901	1.34974	1.34849	1.34924	1177	0	28
2026.02.25	01:00:00	1.34922	1.34980	1.34913	1.34954	868	0	4
2026.02.25	02:00:00	1.34955	1.35050	1.34909	1.35031	1610	0	4
2026.02.25	03:00:00	1.35031	1.35068	1.35001	1.35023	2120	0	4
2026.02.25	04:00:00	1.35023	1.35215	1.35019	1.35192	2285	0	4
2026.02.25	05:00:00	1.35191	1.35216	1.35077	1.35125	2983	0	4
2026.02.25	06:00:00	1.35126	1.35192	1.35108	1.35160	1429	0	4
2026.02.25	07:00:00	1.35160	1.35253	1.35154	1.35218	1650	0	4
2026.02.25	08:00:00	1.35219	1.35270	1.35179	1.35251	1809	0	3
2026.02.25	09:00:00	1.35250	1.35300	1.35151	1.35267	2387	0	2
2026.02.25	10:00:00	1.35268	1.35341	1.35093	1.35163	2829	0	2
2026.02.25	11:00:00	1.35154	1.35219	1.35104	1.35180	2781	0	2
2026.02.25	12:00:00	1.35180	1.35215	1.35063	1.35111	2157	0	2
2026.02.25	13:00:00	1.35114	1.35126	1.34911	1.35048	2138	0	2
2026.02.25	14:00:00	1.35048	1.35241	1.35031	1.35230	2386	0	2
2026.02.25	15:00:00	1.35233	1.35357	1.35073	1.35082	2948	0	2
2026.02.25	16:00:00	1.35083	1.35237	1.35062	1.35215	3301	0	2
2026.02.25	17:00:00	1.35215	1.35374	1.35174	1.35334	3993	0	2
2026.02.25	18:00:00	1.35334	1.35519	1.35317	1.35501	3209	0	2
2026.02.25	19:00:00	1.35499	1.35654	1.35479	1.35560	2466	0	4
2026.02.25	20:00:00	1.35563	1.35601	1.35498	1.35527	1566	0	4
2026.02.25	21:00:00	1.35529	1.35560	1.35475	1.35508	1539	0	4
2026.02.25	22:00:00	1.35507	1.35561	1.35492	1.35539	1581	0	4
2026.02.25	23:00:00	1.35531	1.35602	1.35504	1.35576	1299	0	4
2026.02.26	00:00:00	1.35548	1.35583	1.35473	1.35556	1249	0	28
2026.02.26	01:00:00	1.35555	1.35603	1.35542	1.35578	1713	0	4
2026.02.26	02:00:00	1.35578	1.35638	1.35529	1.35635	1413	0	4
2026.02.26	03:00:00	1.35634	1.35739	1.35619	1.35729	2283	0	4
2026.02.26	04:00:00	1.35730	1.35754	1.35551	1.35641	1999	0	4
2026.02.26	05:00:00	1.35633	1.35658	1.35551	1.35557	1531	0	4
2026.02.26	06:00:00	1.35556	1.35587	1.35490	1.35580	1417	0	4
2026.02.26	07:00:00	1.35583	1.35627	1.35533	1.35601	1922	0	4
2026.02.26	08:00:00	1.35601	1.35627	1.35517	1.35550	1989	0	3
2026.02.26	09:00:00	1.35551	1.35570	1.35440	1.35467	2490	0	2
2026.02.26	10:00:00	1.35473	1.35475	1.35207	1.35236	2978	0	2
2026.02.26	11:00:00	1.35236	1.35337	1.35187	1.35277	2333	0	2
2026.02.26	12:00:00	1.35278	1.35359	1.35234	1.35350	1844	0	2
2026.02.26	13:00:00	1.35351	1.35446	1.35286	1.35292	1834	0	2
2026.02.26	14:00:00	1.35293	1.35501	1.35281	1.35482	2157	0	2
2026.02.26	15:00:00	1.35482	1.35569	1.35350	1.35363	3276	0	2
2026.02.26	16:00:00	1.35362	1.35542	1.35330	1.35460	4033	0	2
2026.02.26	17:00:00	1.35459	1.35474	1.34971	1.35147	5370	0	2
2026.02.26	18:00:00	1.35141	1.35157	1.34961	1.35023	3729	0	2
2026.02.26	19:00:00	1.35022	1.35035	1.34489	1.34512	3178	0	4
2026.02.26	20:00:00	1.34513	1.34690	1.34448	1.34648	3148	0	4
2026.02.26	21:00:00	1.34656	1.34860	1.34621	1.34852	1710	0	4
2026.02.27	03:00:00	1.34886	1.34906	1.34760	1.34770	1848	0	4
2026.02.27	04:00:00	1.34771	1.34885	1.34769	1.34873	1990	0	4
2026.02.27	05:00:00	1.34870	1.34958	1.34870	1.34915	1601	0	4
2026.02.27	06:00:00	1.34910	1.35014	1.34896	1.34955	1497	0	4
2026.02.27	07:00:00	1.34952	1.34967	1.34875	1.34892	1615	0	4
2026.02.27	08:00:00	1.34891	1.34916	1.34668	1.34691	2274	0	3
2026.02.27	09:00:00	1.34690	1.34962	1.34611	1.34878	2748	0	2
2026.02.27	10:00:00	1.34879	1.35078	1.34871	1.34959	3087	0	2
2026.02.27	11:00:00	1.34957	1.34980	1.34819	1.34841	2450	0	2
2026.02.27	12:00:00	1.34842	1.34868	1.34729	1.34753	2347	0	2
2026.02.27	13:00:00	1.34753	1.34816	1.34651	1.34662	2136	0	2
2026.02.27	14:00:00	1.34660	1.34789	1.34658	1.34708	2341	0	2
2026.02.27	15:00:00	1.34709	1.34739	1.34393	1.34447	4332	0	2
2026.02.27	16:00:00	1.34450	1.34769	1.34417	1.34503	4255	0	2
2026.02.27	17:00:00	1.34502	1.34729	1.34428	1.34439	5025	0	2
2026.02.27	18:00:00	1.34440	1.34687	1.34407	1.34546	3923	0	2
2026.02.27	19:00:00	1.34545	1.34689	1.34488	1.34601	3217	0	4
2026.02.27	20:00:00	1.34601	1.34740	1.34594	1.34724	2414	0	4
2026.02.27	21:00:00	1.34721	1.34832	1.34703	1.34807	1933	0	4
2026.02.27	22:00:00	1.34809	1.34903	1.34762	1.34776	2072	0	4
2026.02.27	23:00:00	1.34770	1.34863	1.34699	1.34845	1923	0	5
2026.03.02	00:00:00	1.34169	1.34185	1.34010	1.34140	1056	0	32
2026.03.02	01:00:00	1.34162	1.34361	1.34019	1.34052	3975	0	4
2026.03.02	02:00:00	1.34051	1.34338	1.34002	1.34319	3514	0	4
2026.03.02	03:00:00	1.34313	1.34533	1.34282	1.34500	4380	0	4
2026.03.02	04:00:00	1.34506	1.34515	1.34375	1.34443	2783	0	4
2026.03.02	05:00:00	1.34445	1.34560	1.34441	1.34478	2233	0	4
2026.03.02	06:00:00	1.34477	1.34512	1.34353	1.34387	1985	0	4
2026.03.02	07:00:00	1.34379	1.34380	1.34140	1.34145	2141	0	4
2026.03.02	08:00:00	1.34144	1.34153	1.33760	1.33819	4247	0	3
2026.03.02	09:00:00	1.33814	1.33861	1.33447	1.33615	4703	0	2
2026.03.02	10:00:00	1.33617	1.33713	1.33141	1.33498	5089	0	2
2026.03.02	11:00:00	1.33498	1.33800	1.33456	1.33722	4104	0	2
2026.03.02	12:00:00	1.33722	1.34091	1.33721	1.34058	3410	0	2
2026.03.02	13:00:00	1.34056	1.34260	1.33977	1.34123	3340	0	2
2026.03.02	14:00:00	1.34120	1.34190	1.33913	1.33954	4240	0	2
2026.03.02	15:00:00	1.33953	1.34060	1.33791	1.33823	4584	0	2
2026.03.02	16:00:00	1.33821	1.34258	1.33748	1.34129	6269	0	2
2026.03.02	17:00:00	1.34098	1.34135	1.33651	1.33717	6066	0	2
2026.03.02	18:00:00	1.33717	1.33943	1.33595	1.33903	4852	0	2
2026.03.02	19:00:00	1.33902	1.34178	1.33870	1.34158	3835	0	4
2026.03.02	20:00:00	1.34150	1.34162	1.33949	1.34055	2593	0	4
2026.03.02	21:00:00	1.34052	1.34316	1.34042	1.34286	2545	0	4
2026.03.02	22:00:00	1.34287	1.34299	1.33859	1.34008	4538	0	4
2026.03.02	23:00:00	1.34000	1.34096	1.34000	1.34044	1504	0	5
2026.03.03	00:00:00	1.33978	1.34044	1.33939	1.34014	651	0	26
2026.03.03	01:00:00	1.34024	1.34119	1.33999	1.34077	1141	0	4
2026.03.03	02:00:00	1.34076	1.34129	1.33975	1.34113	2260	0	4
2026.03.03	03:00:00	1.34112	1.34254	1.34054	1.34089	3615	0	4
2026.03.03	04:00:00	1.34086	1.34123	1.33915	1.34044	3384	0	4
2026.03.03	05:00:00	1.34043	1.34101	1.33954	1.33987	2507	0	4
2026.03.03	06:00:00	1.33987	1.34032	1.33819	1.33839	2262	0	4
2026.03.03	07:00:00	1.33838	1.33892	1.33609	1.33633	3259	0	4
2026.03.03	08:00:00	1.33636	1.33664	1.33534	1.33609	3745	0	3
2026.03.03	09:00:00	1.33610	1.33617	1.33338	1.33354	4199	0	2
2026.03.03	10:00:00	1.33352	1.33373	1.33001	1.33038	5078	0	2
2026.03.03	11:00:00	1.33039	1.33164	1.32808	1.32984	4722	0	2
2026.03.03	12:00:00	1.32981	1.33098	1.32831	1.32851	4637	0	2
2026.03.03	13:00:00	1.32850	1.33001	1.32625	1.32933	5149	0	2
2026.03.03	14:00:00	1.32933	1.33272	1.32868	1.33224	5326	0	2
2026.03.03	15:00:00	1.33223	1.33261	1.32971	1.33007	5370	0	2
2026.03.03	16:00:00	1.33008	1.33144	1.32823	1.32842	6452	0	2
2026.03.03	17:00:00	1.32847	1.33066	1.32528	1.33015	7734	0	2
2026.03.03	18:00:00	1.33019	1.33309	1.32970	1.33279	6414	0	2
2026.03.03	19:00:00	1.33279	1.33375	1.33079	1.33235	5384	0	4
2026.03.03	20:00:00	1.33234	1.33639	1.33222	1.33535	4540	0	4
2026.03.03	21:00:00	1.33536	1.33686	1.33336	1.33552	5017	0	4
2026.03.03	22:00:00	1.33560	1.33700	1.33551	1.33614	3898	0	4
2026.03.03	23:00:00	1.33605	1.33646	1.33540	1.33543	2286	0	4
2026.03.04	00:00:00	1.33573	1.33573	1.33432	1.33536	1681	0	28
2026.03.04	01:00:00	1.33537	1.33634	1.33459	1.33512	1807	0	4
2026.03.04	02:00:00	1.33515	1.33520	1.33268	1.33303	3183	0	4
2026.03.04	03:00:00	1.33305	1.33352	1.33033	1.33250	4402	0	4
2026.03.04	04:00:00	1.33249	1.33400	1.33218	1.33301	3752	0	4
2026.03.04	05:00:00	1.33301	1.33396	1.33225	1.33383	3301	0	4
2026.03.04	06:00:00	1.33383	1.33416	1.33108	1.33119	3073	0	4
2026.03.04	07:00:00	1.33119	1.33247	1.33108	1.33180	3354	0	4
2026.03.04	08:00:00	1.33177	1.33410	1.33049	1.33335	3531	0	3
2026.03.04	09:00:00	1.33336	1.33761	1.33326	1.33597	4393	0	2
2026.03.04	10:00:00	1.33597	1.33623	1.33331	1.33390	4958	0	2
2026.03.04	11:00:00	1.33388	1.33726	1.33326	1.33603	4389	0	2
2026.03.04	12:00:00	1.33609	1.33997	1.33603	1.33788	5743	0	2
2026.03.04	13:00:00	1.33786	1.34027	1.33719	1.33775	3834	0	2
2026.03.04	14:00:00	1.33778	1.33892	1.33481	1.33514	4287	0	2
2026.03.04	15:00:00	1.33514	1.33858	1.33511	1.33629	4987	0	2
2026.03.04	16:00:00	1.33628	1.33849	1.33574	1.33624	6177	0	2
2026.03.04	17:00:00	1.33597	1.33816	1.33540	1.33649	6160	0	2
2026.03.04	18:00:00	1.33649	1.33768	1.33548	1.33674	4811	0	2
2026.03.04	19:00:00	1.33669	1.33711	1.33462	1.33608	3865	0	4
2026.03.04	20:00:00	1.33609	1.33615	1.33468	1.33504	2719	0	4
2026.03.04	21:00:00	1.33505	1.33764	1.33499	1.33743	2560	0	4
2026.03.04	22:00:00	1.33744	1.33807	1.33705	1.33756	2219	0	4
2026.03.04	23:00:00	1.33747	1.33775	1.33693	1.33716	1898	0	5
2026.03.05	00:00:00	1.33708	1.33764	1.33605	1.33727	1805	0	28
2026.03.05	01:00:00	1.33697	1.33742	1.33659	1.33687	1242	0	4
2026.03.05	02:00:00	1.33686	1.33849	1.33643	1.33840	2240	0	4
2026.03.05	03:00:00	1.33841	1.33873	1.33652	1.33666	4066	0	4
2026.03.05	04:00:00	1.33667	1.33719	1.33589	1.33638	3122	0	4
2026.03.05	05:00:00	1.33640	1.33656	1.33377	1.33413	3153	0	4
2026.03.05	06:00:00	1.33409	1.33438	1.33281	1.33353	2880	0	4
2026.03.05	07:00:00	1.33348	1.33391	1.33129	1.33144	2968	0	4
2026.03.05	08:00:00	1.33143	1.33337	1.33061	1.33317	4081	0	3
2026.03.05	09:00:00	1.33316	1.33578	1.33304	1.33413	3867	0	2
2026.03.05	10:00:00	1.33414	1.33425	1.33153	1.33257	4624	0	2
2026.03.05	11:00:00	1.33256	1.33761	1.33221	1.33550	6805	0	2
2026.03.05	12:00:00	1.33550	1.33613	1.33322	1.33501	3755	0	2
2026.03.05	13:00:00	1.33501	1.33651	1.33455	1.33592	3282	0	2
2026.03.05	14:00:00	1.33593	1.33740	1.33530	1.33668	3643	0	2
2026.03.05	15:00:00	1.33667	1.33704	1.33372	1.33458	4544	0	2
2026.03.05	16:00:00	1.33457	1.33604	1.33325	1.33438	5305	0	2
2026.03.05	17:00:00	1.33441	1.33535	1.33093	1.33232	5751	0	2
2026.03.05	18:00:00	1.33230	1.33233	1.32971	1.33178	5465	0	2
2026.03.05	19:00:00	1.33187	1.33340	1.33136	1.33298	5177	0	4
2026.03.05	20:00:00	1.33299	1.33402	1.33175	1.33317	4801	0	4
2026.03.05	21:00:00	1.33316	1.33340	1.33177	1.33197	3604	0	4
2026.03.05	22:00:00	1.33198	1.33632	1.33185	1.33561	4983	0	4
2026.03.05	23:00:00	1.33552	1.33642	1.33525	1.33554	1986	0	5
2026.03.06	00:00:00	1.33531	1.33581	1.33317	1.33535	1365	0	22
2026.03.06	01:00:00	1.33531	1.33597	1.33479	1.33553	1552	0	4
2026.03.06	02:00:00	1.33552	1.33649	1.33549	1.33597	2353	0	4
2026.03.06	03:00:00	1.33598	1.33717	1.33545	1.33647	3570	0	4
2026.03.06	04:00:00	1.33646	1.33717	1.33634	1.33655	2559	0	4
2026.03.06	05:00:00	1.33653	1.33734	1.33638	1.33715	2013	0	4
2026.03.06	06:00:00	1.33714	1.33721	1.33619	1.33623	1681	0	4
2026.03.06	07:00:00	1.33622	1.33668	1.33550	1.33556	2500	0	4
2026.03.06	08:00:00	1.33555	1.33698	1.33522	1.33686	2787	0	3
2026.03.06	09:00:00	1.33685	1.33726	1.33605	1.33693	3710	0	0
2026.03.06	10:00:00	1.33694	1.33793	1.33616	1.33647	8473	0	0
2026.03.06	11:00:00	1.33647	1.33648	1.33178	1.33238	10380	0	0
2026.03.06	12:00:00	1.33238	1.33428	1.33203	1.33406	8532	0	0
2026.03.06	13:00:00	1.33406	1.33458	1.33177	1.33183	10948	0	0
2026.03.06	14:00:00	1.33183	1.33426	1.33114	1.33265	10157	0	0
2026.03.06	15:00:00	1.33265	1.33891	1.33257	1.33385	19742	0	0
2026.03.06	16:00:00	1.33385	1.33519	1.33253	1.33407	21672	0	0
2026.03.06	17:00:00	1.33407	1.33812	1.33404	1.33590	21877	0	0
2026.03.06	18:00:00	1.33590	1.34096	1.33589	1.33978	16036	0	0
2026.03.06	19:00:00	1.33977	1.34080	1.33844	1.33868	13638	0	0
2026.03.06	20:00:00	1.33868	1.34065	1.33779	1.33867	11255	0	0
2026.03.06	21:00:00	1.33867	1.33965	1.33821	1.33865	8338	0	0
2026.03.06	22:00:00	1.33865	1.33946	1.33784	1.33913	8581	0	0
2026.03.06	23:00:00	1.33913	1.34148	1.33900	1.34148	5901	0	0
2026.03.09	00:00:00	1.33384	1.33440	1.33170	1.33177	8438	0	0
2026.03.09	01:00:00	1.33177	1.33222	1.32996	1.33046	6980	0	0
2026.03.09	02:00:00	1.33046	1.33175	1.32963	1.32998	8670	0	0
2026.03.09	03:00:00	1.32998	1.33007	1.32828	1.32856	10307	0	0
2026.03.09	04:00:00	1.32857	1.33074	1.32845	1.33043	8676	0	0
2026.03.09	05:00:00	1.33043	1.33102	1.32902	1.32952	7737	0	0
2026.03.09	06:00:00	1.32952	1.33078	1.32934	1.32976	5372	0	0
2026.03.09	07:00:00	1.32976	1.33377	1.32959	1.33334	13041	0	0
2026.03.09	08:00:00	1.33334	1.33406	1.33119	1.33119	11856	0	0
2026.03.09	09:00:00	1.33119	1.33473	1.33061	1.33445	12679	0	0
2026.03.09	10:00:00	1.33445	1.33509	1.33024	1.33187	15927	0	0
2026.03.09	11:00:00	1.33187	1.33636	1.33138	1.33392	17085	0	0
2026.03.09	12:00:00	1.33392	1.33505	1.33264	1.33446	14868	0	0
2026.03.09	13:00:00	1.33446	1.33569	1.33390	1.33475	12786	0	0
2026.03.09	14:00:00	1.33476	1.33606	1.33454	1.33525	11290	0	0
2026.03.09	15:00:00	1.33527	1.33827	1.33504	1.33731	16310	0	0
2026.03.09	16:00:00	1.33734	1.33816	1.33461	1.33775	21107	0	0
2026.03.09	17:00:00	1.33775	1.34007	1.33765	1.33926	12548	0	0
2026.03.09	18:00:00	1.33926	1.34087	1.33868	1.33910	10759	0	0
2026.03.09	19:00:00	1.33910	1.33923	1.33820	1.33851	8757	0	0
2026.03.09	20:00:00	1.33850	1.33962	1.33836	1.33847	8086	0	0
2026.03.09	21:00:00	1.33847	1.34458	1.33836	1.34294	19133	0	0
2026.03.09	22:00:00	1.34294	1.34471	1.34243	1.34290	8287	0	0
2026.03.09	23:00:00	1.34288	1.34442	1.34225	1.34356	2193	0	0
2026.03.10	00:00:00	1.34356	1.34481	1.34273	1.34327	4235	0	0
2026.03.10	01:00:00	1.34327	1.34380	1.34203	1.34241	4054	0	0
2026.03.10	02:00:00	1.34241	1.34443	1.34182	1.34353	9565	0	0
2026.03.10	03:00:00	1.34353	1.34395	1.34216	1.34310	10338	0	0
2026.03.10	04:00:00	1.34310	1.34376	1.34194	1.34216	7607	0	0
2026.03.10	05:00:00	1.34216	1.34256	1.34137	1.34164	6556	0	0
2026.03.10	06:00:00	1.34164	1.34285	1.34140	1.34246	4682	0	0
2026.03.10	07:00:00	1.34247	1.34360	1.34245	1.34359	5751	0	0
2026.03.10	08:00:00	1.34359	1.34577	1.34359	1.34505	6492	0	0
2026.03.10	09:00:00	1.34505	1.34802	1.34471	1.34773	10932	0	0
2026.03.10	10:00:00	1.34773	1.34834	1.34525	1.34592	10966	0	0
2026.03.10	11:00:00	1.34592	1.34687	1.34559	1.34576	7900	0	0
2026.03.10	12:00:00	1.34576	1.34577	1.34385	1.34508	9392	0	0
2026.03.10	13:00:00	1.34508	1.34677	1.34431	1.34443	11123	0	0
2026.03.10	14:00:00	1.34443	1.34484	1.34303	1.34415	12339	0	0
2026.03.10	15:00:00	1.34415	1.34679	1.34406	1.34480	13803	0	0
2026.03.10	16:00:00	1.34480	1.34688	1.34376	1.34672	13923	0	0
2026.03.10	17:00:00	1.34672	1.34729	1.34532	1.34577	11746	0	0
2026.03.10	18:00:00	1.34577	1.34667	1.34466	1.34628	9647	0	0
2026.03.10	19:00:00	1.34628	1.34810	1.34557	1.34624	11744	0	0
2026.03.10	20:00:00	1.34624	1.34632	1.34263	1.34286	17403	0	0
2026.03.10	21:00:00	1.34286	1.34356	1.34121	1.34185	13450	0	0
2026.03.10	22:00:00	1.34185	1.34227	1.34126	1.34138	4911	0	0
2026.03.10	23:00:00	1.34137	1.34235	1.34114	1.34116	5948	0	0
2026.03.11	00:00:00	1.34162	1.34193	1.34102	1.34135	1623	0	0
2026.03.11	01:00:00	1.34135	1.34206	1.34128	1.34195	2148	0	0
2026.03.11	02:00:00	1.34195	1.34374	1.34146	1.34307	6108	0	0
2026.03.11	03:00:00	1.34307	1.34487	1.34263	1.34459	6331	0	0
2026.03.11	04:00:00	1.34459	1.34496	1.34363	1.34463	4402	0	0
2026.03.11	05:00:00	1.34463	1.34532	1.34431	1.34521	3972	0	0
2026.03.11	06:00:00	1.34518	1.34575	1.34483	1.34543	3643	0	0
2026.03.11	07:00:00	1.34543	1.34567	1.34460	1.34484	4463	0	0
2026.03.11	08:00:00	1.34484	1.34561	1.34430	1.34491	5546	0	0
2026.03.11	09:00:00	1.34488	1.34520	1.34291	1.34349	9938	0	0
2026.03.11	10:00:00	1.34349	1.34362	1.34101	1.34266	10741	0	0
2026.03.11	11:00:00	1.34266	1.34296	1.34019	1.34157	11400	0	0
2026.03.11	12:00:00	1.34158	1.34468	1.34127	1.34457	8513	0	0
2026.03.11	13:00:00	1.34457	1.34496	1.34234	1.34278	8904	0	0
2026.03.11	14:00:00	1.34278	1.34340	1.33945	1.33991	14363	0	0
2026.03.11	15:00:00	1.33991	1.34225	1.33977	1.34184	13977	0	0
2026.03.11	16:00:00	1.34184	1.34436	1.34156	1.34235	19433	0	0
2026.03.11	17:00:00	1.34235	1.34272	1.33934	1.33976	11907	0	0
2026.03.11	18:00:00	1.33976	1.34137	1.33944	1.34101	10662	0	0
2026.03.11	19:00:00	1.34101	1.34178	1.33986	1.34101	10392	0	0
2026.03.11	20:00:00	1.34101	1.34186	1.34013	1.34156	7661	0	0
2026.03.11	21:00:00	1.34155	1.34224	1.34106	1.34186	5142	0	0
2026.03.11	22:00:00	1.34186	1.34187	1.34067	1.34068	3405	0	0
2026.03.11	23:00:00	1.34075	1.34149	1.34075	1.34085	1057	0	0
2026.03.12	00:00:00	1.34085	1.34147	1.33886	1.33895	3926	0	0
2026.03.12	01:00:00	1.33895	1.33936	1.33761	1.33824	3945	0	0
2026.03.12	02:00:00	1.33824	1.33928	1.33698	1.33826	5708	0	0
2026.03.12	03:00:00	1.33826	1.33973	1.33813	1.33885	6076	0	0
2026.03.12	04:00:00	1.33885	1.33936	1.33655	1.33707	5689	0	0
2026.03.12	05:00:00	1.33707	1.33739	1.33663	1.33716	4227	0	0
2026.03.12	06:00:00	1.33716	1.33730	1.33612	1.33626	3552	0	0
2026.03.12	07:00:00	1.33626	1.33763	1.33616	1.33684	5401	0	0
2026.03.12	08:00:00	1.33684	1.33823	1.33643	1.33810	5862	0	0
2026.03.12	09:00:00	1.33811	1.33924	1.33773	1.33923	7055	0	0
2026.03.12	10:00:00	1.33924	1.33977	1.33703	1.33787	7859	0	0
2026.03.12	11:00:00	1.33787	1.33897	1.33734	1.33884	5011	0	0
2026.03.12	12:00:00	1.33884	1.33884	1.33878	1.33884	686	0	0
2026.03.12	14:00:00	1.33884	1.33884	1.33679	1.33782	7490	0	0
2026.03.12	15:00:00	1.33782	1.33917	1.33626	1.33687	15431	0	0
2026.03.12	16:00:00	1.33687	1.33747	1.33504	1.33567	15963	0	0
2026.03.12	17:00:00	1.33567	1.33611	1.33391	1.33480	16307	0	0
2026.03.12	18:00:00	1.33480	1.33656	1.33380	1.33481	14587	0	0
2026.03.12	19:00:00	1.33481	1.33615	1.33477	1.33564	10786	0	0
2026.03.12	20:00:00	1.33564	1.33595	1.33416	1.33426	8544	0	0
2026.03.12	21:00:00	1.33426	1.33496	1.33401	1.33479	8148	0	0
2026.03.12	22:00:00	1.33479	1.33519	1.33389	1.33389	6893	0	0
2026.03.12	23:00:00	1.33389	1.33484	1.33337	1.33394	3895	0	0
2026.03.13	00:00:00	1.33394	1.33515	1.33394	1.33500	1985	0	0
2026.03.13	01:00:00	1.33500	1.33547	1.33457	1.33515	2515	0	0
2026.03.13	02:00:00	1.33515	1.33649	1.33507	1.33633	4630	0	0
2026.03.13	03:00:00	1.33633	1.33697	1.33546	1.33562	4617	0	0
2026.03.13	04:00:00	1.33562	1.33621	1.33468	1.33520	3769	0	0
2026.03.13	05:00:00	1.33520	1.33537	1.33394	1.33465	3792	0	0
2026.03.13	06:00:00	1.33465	1.33465	1.33296	1.33316	3611	0	0
2026.03.13	07:00:00	1.33316	1.33376	1.33284	1.33323	3416	0	0
2026.03.13	08:00:00	1.33323	1.33341	1.33151	1.33155	6050	0	0
2026.03.13	09:00:00	1.33155	1.33158	1.32742	1.32798	10025	0	0
2026.03.13	10:00:00	1.32798	1.32807	1.32554	1.32606	10912	0	0
2026.03.13	11:00:00	1.32606	1.32801	1.32586	1.32623	9891	0	0
2026.03.13	12:00:00	1.32623	1.32750	1.32521	1.32599	8896	0	0
2026.03.13	13:00:00	1.32599	1.32674	1.32455	1.32549	10456	0	0
2026.03.13	14:00:00	1.32549	1.32856	1.32503	1.32714	13348	0	0
2026.03.13	15:00:00	1.32714	1.32894	1.32638	1.32812	13007	0	0
2026.03.13	16:00:00	1.32811	1.32840	1.32537	1.32551	15220	0	0
2026.03.13	17:00:00	1.32550	1.32612	1.32301	1.32383	14207	0	0
2026.03.13	18:00:00	1.32383	1.32478	1.32319	1.32437	13655	0	0
2026.03.13	19:00:00	1.32437	1.32529	1.32378	1.32462	10173	0	0
2026.03.13	20:00:00	1.32462	1.32494	1.32350	1.32433	8364	0	0
2026.03.13	21:00:00	1.32433	1.32443	1.32247	1.32270	6989	0	0
2026.03.13	22:00:00	1.32270	1.32285	1.32185	1.32203	5061	0	0
2026.03.16	00:00:00	1.32335	1.32411	1.32227	1.32388	5241	0	0
2026.03.16	01:00:00	1.32388	1.32481	1.32343	1.32463	4133	0	0
2026.03.16	02:00:00	1.32463	1.32641	1.32460	1.32631	5772	0	0
2026.03.16	03:00:00	1.32631	1.32659	1.32469	1.32591	6352	0	0
2026.03.16	04:00:00	1.32591	1.32601	1.32524	1.32536	5553	0	0
2026.03.16	05:00:00	1.32536	1.32649	1.32514	1.32613	3637	0	0
2026.03.16	06:00:00	1.32613	1.32624	1.32505	1.32509	2676	0	0
2026.03.16	07:00:00	1.32509	1.32552	1.32489	1.32503	3459	0	0
2026.03.16	08:00:00	1.32502	1.32563	1.32408	1.32502	4417	0	0
2026.03.16	09:00:00	1.32502	1.32535	1.32302	1.32435	7335	0	0
2026.03.16	10:00:00	1.32435	1.32545	1.32342	1.32519	10147	0	0
2026.03.16	11:00:00	1.32519	1.32562	1.32411	1.32473	8689	0	0
2026.03.16	12:00:00	1.32472	1.32731	1.32459	1.32722	8888	0	0
2026.03.16	13:00:00	1.32722	1.32838	1.32664	1.32796	7640	0	0
2026.03.16	14:00:00	1.32796	1.32898	1.32767	1.32776	8503	0	0
2026.03.16	15:00:00	1.32777	1.33099	1.32777	1.33078	9864	0	0
2026.03.16	16:00:00	1.33078	1.33136	1.32930	1.32971	10897	0	0
2026.03.16	17:00:00	1.32971	1.33174	1.32951	1.33021	9495	0	0
2026.03.16	18:00:00	1.33021	1.33092	1.32885	1.33031	11238	0	0
2026.03.16	19:00:00	1.33031	1.33174	1.32999	1.33021	9410	0	0
2026.03.16	20:00:00	1.33020	1.33372	1.33020	1.33321	8164	0	0
2026.03.16	21:00:00	1.33321	1.33398	1.33237	1.33261	7701	0	0
2026.03.16	22:00:00	1.33261	1.33282	1.33158	1.33158	4593	0	0
2026.03.16	23:00:00	1.33157	1.33200	1.33156	1.33173	1163	0	0
2026.03.17	00:00:00	1.33179	1.33200	1.33123	1.33134	1897	0	0
2026.03.17	01:00:00	1.33134	1.33149	1.33081	1.33125	1781	0	0
2026.03.17	02:00:00	1.33125	1.33125	1.32996	1.33025	5036	0	0
2026.03.17	03:00:00	1.33025	1.33082	1.32952	1.33065	6032	0	0
2026.03.17	04:00:00	1.33065	1.33096	1.33040	1.33057	3984	0	0
2026.03.17	05:00:00	1.33057	1.33146	1.33014	1.33021	4987	0	0
2026.03.17	06:00:00	1.33021	1.33154	1.33000	1.33113	3543	0	0
2026.03.17	07:00:00	1.33113	1.33147	1.32862	1.32869	4797	0	0
2026.03.17	08:00:00	1.32869	1.32903	1.32733	1.32903	6761	0	0
2026.03.17	09:00:00	1.32903	1.33149	1.32871	1.33051	7641	0	0
2026.03.17	10:00:00	1.33052	1.33312	1.32988	1.33287	9577	0	0
2026.03.17	11:00:00	1.33287	1.33383	1.33236	1.33350	5385	0	0
2026.03.17	12:00:00	1.33351	1.33380	1.33221	1.33237	4544	0	0
2026.03.17	13:00:00	1.33237	1.33396	1.33149	1.33169	4771	0	0
2026.03.17	14:00:00	1.33170	1.33352	1.33111	1.33319	5825	0	0
2026.03.17	15:00:00	1.33321	1.33598	1.33321	1.33465	8261	0	0
2026.03.17	16:00:00	1.33465	1.33571	1.33388	1.33479	7569	0	0
2026.03.17	17:00:00	1.33480	1.33565	1.33355	1.33427	8170	0	0
2026.03.17	18:00:00	1.33427	1.33487	1.33331	1.33471	6798	0	0
2026.03.17	19:00:00	1.33472	1.33589	1.33443	1.33588	4479	0	0
2026.03.17	20:00:00	1.33588	1.33643	1.33557	1.33560	3477	0	2
2026.03.17	21:00:00	1.33560	1.33642	1.33514	1.33535	2695	0	1
2026.03.17	22:00:00	1.33533	1.33581	1.33514	1.33517	1969	0	5
2026.03.17	23:00:00	1.33517	1.33599	1.33477	1.33551	1132	0	27
2026.03.18	00:00:00	1.33551	1.33617	1.33549	1.33591	3346	0	0
2026.03.18	01:00:00	1.33590	1.33601	1.33563	1.33574	2532	0	0
2026.03.18	02:00:00	1.33574	1.33630	1.33505	1.33514	7611	0	0
2026.03.18	03:00:00	1.33512	1.33616	1.33503	1.33531	2644	0	0
2026.03.18	04:00:00	1.33531	1.33570	1.33500	1.33526	2137	0	0
2026.03.18	05:00:00	1.33526	1.33589	1.33506	1.33584	1685	0	2
2026.03.18	06:00:00	1.33584	1.33649	1.33579	1.33635	1815	0	1
2026.03.18	07:00:00	1.33635	1.33721	1.33634	1.33718	2217	0	0
2026.03.18	08:00:00	1.33718	1.33744	1.33620	1.33644	2555	0	1
2026.03.18	09:00:00	1.33644	1.33686	1.33476	1.33548	3185	0	0
2026.03.18	10:00:00	1.33547	1.33611	1.33409	1.33499	4030	0	0
2026.03.18	11:00:00	1.33499	1.33601	1.33427	1.33597	3295	0	0
2026.03.18	12:00:00	1.33597	1.33630	1.33485	1.33552	2827	0	0
2026.03.18	13:00:00	1.33552	1.33710	1.33460	1.33594	6273	0	0
2026.03.18	14:00:00	1.33594	1.33629	1.33123	1.33144	10309	0	0
2026.03.18	15:00:00	1.33144	1.33265	1.33038	1.33255	11767	0	0
2026.03.18	16:00:00	1.33254	1.33359	1.33025	1.33258	9694	0	0
2026.03.18	17:00:00	1.33258	1.33370	1.33180	1.33221	7722	0	0
2026.03.18	18:00:00	1.33221	1.33363	1.33198	1.33352	5884	0	0
2026.03.18	19:00:00	1.33352	1.33441	1.33226	1.33417	5686	0	0
2026.03.18	20:00:00	1.33417	1.33504	1.32890	1.32891	11423	0	0
2026.03.18	21:00:00	1.32891	1.32951	1.32736	1.32768	7869	0	0
2026.03.18	22:00:00	1.32768	1.32789	1.32518	1.32530	5246	0	0
2026.03.18	23:00:00	1.32530	1.32694	1.32526	1.32660	1283	0	26
2026.03.19	00:00:00	1.32660	1.32684	1.32508	1.32588	1913	0	0
2026.03.19	01:00:00	1.32588	1.32672	1.32565	1.32639	2697	0	0
2026.03.19	02:00:00	1.32639	1.32853	1.32631	1.32853	3962	0	0
2026.03.19	03:00:00	1.32853	1.32926	1.32823	1.32832	3956	0	0
2026.03.19	04:00:00	1.32832	1.32980	1.32772	1.32870	4260	0	0
2026.03.19	05:00:00	1.32870	1.32912	1.32813	1.32814	1933	0	0
2026.03.19	06:00:00	1.32814	1.32814	1.32681	1.32723	2318	0	0
2026.03.19	07:00:00	1.32723	1.32735	1.32626	1.32636	2923	0	0
2026.03.19	08:00:00	1.32642	1.32769	1.32612	1.32672	4945	0	0
2026.03.19	09:00:00	1.32672	1.32737	1.32511	1.32630	8431	0	0
2026.03.19	10:00:00	1.32630	1.32691	1.32456	1.32530	8653	0	0
2026.03.19	11:00:00	1.32530	1.32914	1.32530	1.32850	11316	0	0
2026.03.19	12:00:00	1.32851	1.32887	1.32714	1.32789	6961	0	0
2026.03.19	13:00:00	1.32789	1.32932	1.32716	1.32921	6254	0	0
2026.03.19	14:00:00	1.32921	1.33100	1.32784	1.32988	13179	0	0
2026.03.19	15:00:00	1.32988	1.33583	1.32809	1.33500	17995	0	0
2026.03.19	16:00:00	1.33500	1.33743	1.33375	1.33644	17096	0	0
2026.03.19	17:00:00	1.33644	1.33896	1.33441	1.33587	12330	0	0
2026.03.19	18:00:00	1.33586	1.33765	1.33532	1.33691	12174	0	0
2026.03.19	19:00:00	1.33691	1.34099	1.33686	1.34031	7804	0	0
2026.03.19	20:00:00	1.34031	1.34197	1.33940	1.34191	6478	0	0
2026.03.19	21:00:00	1.34191	1.34671	1.34191	1.34303	16196	0	0
2026.03.19	22:00:00	1.34303	1.34356	1.34259	1.34271	2807	0	1
2026.03.19	23:00:00	1.34271	1.34358	1.34195	1.34241	1498	0	18
2026.03.20	00:00:00	1.34241	1.34419	1.34236	1.34254	1541	0	0
2026.03.20	01:00:00	1.34254	1.34303	1.34201	1.34239	2417	0	0
2026.03.20	02:00:00	1.34240	1.34278	1.34177	1.34237	3350	0	0
2026.03.20	03:00:00	1.34237	1.34288	1.34127	1.34156	4427	0	0
2026.03.20	04:00:00	1.34156	1.34178	1.34095	1.34114	3297	0	0
2026.03.20	05:00:00	1.34114	1.34115	1.34034	1.34035	2650	0	0
2026.03.20	06:00:00	1.34035	1.34064	1.34015	1.34024	1479	0	0
2026.03.20	07:00:00	1.34024	1.34094	1.33987	1.33998	1796	0	0
2026.03.20	08:00:00	1.33998	1.34119	1.33995	1.34026	2322	0	0
2026.03.20	09:00:00	1.34026	1.34308	1.33977	1.34265	5557	0	0
2026.03.20	10:00:00	1.34265	1.34365	1.34167	1.34168	6275	0	0
2026.03.20	11:00:00	1.34168	1.34178	1.33806	1.33819	6674	0	0
2026.03.20	12:00:00	1.33819	1.33835	1.33631	1.33788	6884	0	0
2026.03.20	13:00:00	1.33788	1.33993	1.33753	1.33940	5476	0	0
2026.03.20	14:00:00	1.33941	1.34094	1.33767	1.33809	8721	0	0
2026.03.20	15:00:00	1.33809	1.33822	1.33474	1.33508	10795	0	0
2026.03.20	16:00:00	1.33508	1.33514	1.33052	1.33078	14133	0	0
2026.03.20	17:00:00	1.33078	1.33499	1.32985	1.33014	13237	0	0
2026.03.20	18:00:00	1.33014	1.33323	1.33005	1.33227	9095	0	0
2026.03.20	19:00:00	1.33229	1.33430	1.33159	1.33364	10095	0	0
2026.03.20	20:00:00	1.33364	1.33532	1.33243	1.33259	8750	0	0
2026.03.20	21:00:00	1.33259	1.33449	1.33196	1.33336	6537	0	0
2026.03.20	22:00:00	1.33333	1.33449	1.33319	1.33407	5844	0	0
2026.03.23	00:00:00	1.33032	1.33268	1.33032	1.33234	3333	0	0
2026.03.23	01:00:00	1.33234	1.33354	1.33213	1.33340	4391	0	0
2026.03.23	02:00:00	1.33340	1.33390	1.33090	1.33196	6409	0	0
2026.03.23	03:00:00	1.33196	1.33430	1.33193	1.33324	8603	0	0
2026.03.23	04:00:00	1.33324	1.33397	1.33127	1.33190	5798	0	0
2026.03.23	05:00:00	1.33191	1.33235	1.33131	1.33144	3713	0	0
2026.03.23	06:00:00	1.33144	1.33244	1.33144	1.33238	2977	0	0
2026.03.23	07:00:00	1.33238	1.33268	1.33012	1.33012	4030	0	0
2026.03.23	08:00:00	1.33011	1.33018	1.32812	1.32895	7575	0	0
2026.03.23	09:00:00	1.32895	1.33068	1.32811	1.32892	8956	0	0
2026.03.23	10:00:00	1.32892	1.33309	1.32892	1.33085	11455	0	0
2026.03.23	11:00:00	1.33085	1.33122	1.32633	1.32693	9242	0	0
2026.03.23	12:00:00	1.32693	1.32801	1.32566	1.32622	9203	0	0
2026.03.23	13:00:00	1.32624	1.34338	1.32601	1.33565	33217	0	0
2026.03.23	14:00:00	1.33565	1.34310	1.33426	1.34293	24409	0	0
2026.03.23	15:00:00	1.34292	1.34342	1.33881	1.34149	20898	0	0
2026.03.23	16:00:00	1.34149	1.34790	1.34085	1.34425	20135	0	0
2026.03.23	17:00:00	1.34425	1.34608	1.33837	1.33844	18135	0	0
2026.03.23	18:00:00	1.33845	1.34151	1.33773	1.34005	15440	0	0
2026.03.23	19:00:00	1.34005	1.34300	1.33941	1.34237	11809	0	0
2026.03.23	20:00:00	1.34237	1.34579	1.34104	1.34541	11121	0	0
2026.03.23	21:00:00	1.34541	1.34549	1.34311	1.34311	6918	0	0
2026.03.23	22:00:00	1.34309	1.34332	1.34213	1.34310	3399	0	3
2026.03.23	23:00:00	1.34311	1.34336	1.34205	1.34294	1689	0	26
2026.03.24	00:00:00	1.34294	1.34361	1.34268	1.34322	2303	0	0
2026.03.24	01:00:00	1.34322	1.34346	1.34223	1.34254	3616	0	0
2026.03.24	02:00:00	1.34255	1.34265	1.33934	1.34007	8947	0	0
2026.03.24	03:00:00	1.34006	1.34034	1.33864	1.33941	7931	0	0
2026.03.24	04:00:00	1.33941	1.34085	1.33898	1.34007	6309	0	1
2026.03.24	05:00:00	1.34007	1.34071	1.33959	1.33982	4611	0	0
2026.03.24	06:00:00	1.33982	1.33993	1.33860	1.33939	3312	0	0
2026.03.24	07:00:00	1.33939	1.34014	1.33855	1.33986	5463	0	0
2026.03.24	08:00:00	1.33986	1.34147	1.33961	1.34117	6530	0	0
2026.03.24	09:00:00	1.34117	1.34453	1.34093	1.34304	11166	0	0
2026.03.24	10:00:00	1.34304	1.34304	1.33851	1.33897	10653	0	0
2026.03.24	11:00:00	1.33897	1.34043	1.33796	1.34023	7209	0	0
2026.03.24	12:00:00	1.34023	1.34074	1.33928	1.34052	5737	0	0
2026.03.24	13:00:00	1.34052	1.34149	1.33858	1.33964	6892	0	0
2026.03.24	14:00:00	1.33969	1.34044	1.33885	1.33925	9167	0	0
2026.03.24	15:00:00	1.33925	1.33936	1.33648	1.33768	13301	0	0
2026.03.24	16:00:00	1.33768	1.34249	1.33761	1.33986	13962	0	0
2026.03.24	17:00:00	1.33988	1.34068	1.33768	1.33809	12420	0	0
2026.03.24	18:00:00	1.33807	1.33940	1.33733	1.33828	7764	0	1
2026.03.24	19:00:00	1.33828	1.33844	1.33519	1.33776	12672	0	0
2026.03.24	20:00:00	1.33776	1.33951	1.33639	1.33831	9426	0	0
2026.03.24	21:00:00	1.33830	1.33925	1.33794	1.33823	5833	0	1
2026.03.24	22:00:00	1.33821	1.34316	1.33797	1.34047	8852	0	0
2026.03.24	23:00:00	1.34047	1.34146	1.34002	1.34128	2981	0	9
2026.03.25	00:00:00	1.34128	1.34189	1.34035	1.34178	2924	0	0
2026.03.25	01:00:00	1.34178	1.34220	1.34117	1.34148	2862	0	0
2026.03.25	02:00:00	1.34148	1.34360	1.34120	1.34285	6282	0	0
2026.03.25	03:00:00	1.34284	1.34326	1.34135	1.34144	5707	0	0
2026.03.25	04:00:00	1.34144	1.34173	1.33987	1.34026	3968	0	2
2026.03.25	05:00:00	1.34026	1.34071	1.33974	1.33985	3175	0	0
2026.03.25	06:00:00	1.33985	1.33998	1.33912	1.33916	2142	0	0
2026.03.25	07:00:00	1.33916	1.33917	1.33718	1.33748	3152	0	0
2026.03.25	08:00:00	1.33748	1.33881	1.33732	1.33819	4320	0	0
2026.03.25	09:00:00	1.33819	1.33956	1.33698	1.33906	5770	0	0
2026.03.25	10:00:00	1.33906	1.34240	1.33874	1.34072	8779	0	0
2026.03.25	11:00:00	1.34072	1.34116	1.33895	1.33962	5503	0	0
2026.03.25	12:00:00	1.33962	1.34110	1.33962	1.34097	4717	0	0
2026.03.25	13:00:00	1.34097	1.34214	1.34048	1.34149	5115	0	0
2026.03.25	14:00:00	1.34149	1.34269	1.33892	1.33935	9421	0	0
2026.03.25	15:00:00	1.33935	1.34007	1.33693	1.33717	8786	0	0
2026.03.25	16:00:00	1.33717	1.33888	1.33586	1.33846	10325	0	0
2026.03.25	17:00:00	1.33846	1.33914	1.33615	1.33710	9957	0	0
2026.03.25	18:00:00	1.33710	1.33835	1.33614	1.33783	8154	0	0
2026.03.25	19:00:00	1.33782	1.33923	1.33727	1.33842	6453	0	0
2026.03.25	20:00:00	1.33842	1.33856	1.33592	1.33662	5330	0	0
2026.03.25	21:00:00	1.33662	1.33665	1.33586	1.33661	4565	0	0
2026.03.25	22:00:00	1.33659	1.33660	1.33578	1.33590	2264	0	5
2026.03.25	23:00:00	1.33590	1.33694	1.33590	1.33622	1986	0	15
2026.03.26	00:00:00	1.33621	1.33664	1.33594	1.33614	1508	0	0
2026.03.26	01:00:00	1.33614	1.33634	1.33596	1.33627	1458	0	2
2026.03.26	02:00:00	1.33629	1.33665	1.33541	1.33588	2495	0	1
2026.03.26	03:00:00	1.33588	1.33669	1.33557	1.33619	3063	0	0
2026.03.26	04:00:00	1.33619	1.33632	1.33484	1.33513	2490	0	4
2026.03.26	05:00:00	1.33513	1.33663	1.33501	1.33646	2023	0	2
2026.03.26	06:00:00	1.33646	1.33677	1.33629	1.33649	1345	0	3
2026.03.26	07:00:00	1.33649	1.33661	1.33546	1.33548	2553	0	1
2026.03.26	08:00:00	1.33548	1.33671	1.33520	1.33646	4091	0	0
2026.03.26	09:00:00	1.33646	1.33661	1.33461	1.33496	4912	0	0
2026.03.26	10:00:00	1.33496	1.33542	1.33363	1.33526	5636	0	0
2026.03.26	11:00:00	1.33527	1.33590	1.33430	1.33537	5092	0	0
2026.03.26	12:00:00	1.33537	1.33614	1.33498	1.33532	4121	0	0
2026.03.26	13:00:00	1.33532	1.33561	1.33259	1.33260	4086	0	0
2026.03.26	14:00:00	1.33260	1.33368	1.33215	1.33302	7281	0	0
2026.03.26	15:00:00	1.33303	1.33652	1.33302	1.33552	9692	0	0
2026.03.26	16:00:00	1.33552	1.33779	1.33493	1.33609	11743	0	0
2026.03.26	17:00:00	1.33609	1.33675	1.33372	1.33504	9455	0	0
2026.03.26	18:00:00	1.33504	1.33525	1.33340	1.33368	6687	0	0
2026.03.26	19:00:00	1.33368	1.33456	1.33185	1.33185	5809	0	0
2026.03.26	20:00:00	1.33185	1.33284	1.33172	1.33283	4469	0	0
2026.03.26	21:00:00	1.33283	1.33293	1.33126	1.33130	4330	0	1
2026.03.26	22:00:00	1.33128	1.33681	1.33097	1.33227	7386	0	0
2026.03.26	23:00:00	1.33226	1.33354	1.33225	1.33329	2510	0	11
2026.03.27	00:00:00	1.33329	1.33401	1.33314	1.33373	1317	0	5
2026.03.27	01:00:00	1.33373	1.33394	1.33333	1.33344	1274	0	1
2026.03.27	02:00:00	1.33346	1.33396	1.33217	1.33336	4667	0	2
2026.03.27	03:00:00	1.33336	1.33434	1.33318	1.33424	4120	0	2
2026.03.27	04:00:00	1.33425	1.33466	1.33378	1.33416	2556	0	3
2026.03.27	05:00:00	1.33416	1.33437	1.33345	1.33403	3190	0	3
2026.03.27	06:00:00	1.33403	1.33445	1.33388	1.33426	2707	0	4
2026.03.27	07:00:00	1.33427	1.33472	1.33362	1.33394	3762	0	3
2026.03.27	08:00:00	1.33393	1.33454	1.33326	1.33350	3624	0	3
2026.03.27	09:00:00	1.33350	1.33351	1.33117	1.33130	4848	0	1
2026.03.27	10:00:00	1.33130	1.33207	1.33091	1.33138	6045	0	0
2026.03.27	11:00:00	1.33136	1.33166	1.33018	1.33064	5756	0	0
2026.03.27	12:00:00	1.33064	1.33177	1.33000	1.33016	5232	0	0
2026.03.27	13:00:00	1.33016	1.33048	1.32822	1.32829	5187	0	1
2026.03.27	14:00:00	1.32829	1.32861	1.32718	1.32817	6218	0	0
2026.03.27	15:00:00	1.32816	1.33062	1.32759	1.32973	8938	0	0
2026.03.27	16:00:00	1.32973	1.33184	1.32962	1.33111	9778	0	1
2026.03.27	17:00:00	1.33111	1.33324	1.32866	1.32908	10620	0	0
2026.03.27	18:00:00	1.32908	1.32976	1.32737	1.32764	8063	0	0
2026.03.27	19:00:00	1.32764	1.32882	1.32598	1.32671	6033	0	0
2026.03.27	20:00:00	1.32671	1.32760	1.32631	1.32700	5395	0	0
2026.03.27	21:00:00	1.32700	1.32730	1.32636	1.32716	5142	0	1
2026.03.27	22:00:00	1.32716	1.32760	1.32592	1.32592	4843	0	0
2026.03.30	00:00:00	1.32546	1.32649	1.32546	1.32597	935	0	36
2026.03.30	01:00:00	1.32597	1.32630	1.32358	1.32373	3860	0	0
2026.03.30	02:00:00	1.32373	1.32452	1.32333	1.32374	3034	0	0
2026.03.30	03:00:00	1.32374	1.32600	1.32322	1.32518	7348	0	1
2026.03.30	04:00:00	1.32518	1.32570	1.32471	1.32499	6021	0	2
2026.03.30	05:00:00	1.32499	1.32623	1.32451	1.32579	4995	0	4
2026.03.30	06:00:00	1.32579	1.32724	1.32573	1.32713	3397	0	3
2026.03.30	07:00:00	1.32713	1.32771	1.32678	1.32678	2320	0	3
2026.03.30	08:00:00	1.32678	1.32759	1.32672	1.32726	2924	0	0
2026.03.30	09:00:00	1.32726	1.32824	1.32654	1.32660	4332	0	0
2026.03.30	10:00:00	1.32660	1.32667	1.32413	1.32453	4776	0	0
2026.03.30	11:00:00	1.32453	1.32461	1.32324	1.32345	4573	0	0
2026.03.30	12:00:00	1.32345	1.32403	1.32237	1.32352	4329	0	0
2026.03.30	13:00:00	1.32354	1.32440	1.32279	1.32285	3904	0	0
2026.03.30	14:00:00	1.32285	1.32538	1.32281	1.32308	6177	0	0
2026.03.30	15:00:00	1.32309	1.32372	1.32202	1.32277	5799	0	0
2026.03.30	16:00:00	1.32277	1.32339	1.31804	1.31834	8739	0	0
2026.03.30	17:00:00	1.31834	1.32037	1.31747	1.31978	9607	0	0
2026.03.30	18:00:00	1.31978	1.31987	1.31735	1.31895	8156	0	1
2026.03.30	19:00:00	1.31895	1.31918	1.31815	1.31903	5672	0	0
2026.03.30	20:00:00	1.31903	1.31970	1.31816	1.31854	5954	0	0
2026.03.30	21:00:00	1.31854	1.31939	1.31835	1.31849	4037	0	1
2026.03.30	22:00:00	1.31848	1.31862	1.31740	1.31851	5125	0	2
2026.03.30	23:00:00	1.31851	1.31860	1.31776	1.31826	3580	0	5
2026.03.31	00:00:00	1.31775	1.31859	1.31730	1.31808	2135	0	27
2026.03.31	01:00:00	1.31808	1.31854	1.31785	1.31790	656	0	5
2026.03.31	02:00:00	1.31790	1.31790	1.31687	1.31718	1546	0	4
2026.03.31	03:00:00	1.31718	1.32028	1.31590	1.32003	6743	0	0
2026.03.31	04:00:00	1.32002	1.32242	1.31958	1.32096	6796	0	0
2026.03.31	05:00:00	1.32096	1.32128	1.32047	1.32090	3818	0	3
2026.03.31	06:00:00	1.32089	1.32124	1.31979	1.31997	2774	0	1
2026.03.31	07:00:00	1.31997	1.32041	1.31968	1.31968	2072	0	3
2026.03.31	08:00:00	1.31968	1.32120	1.31925	1.32017	3329	0	2
2026.03.31	09:00:00	1.32017	1.32088	1.31928	1.32051	5899	0	0
2026.03.31	10:00:00	1.32051	1.32090	1.31908	1.32048	6425	0	0
2026.03.31	11:00:00	1.32048	1.32194	1.31984	1.32115	5526	0	0
2026.03.31	12:00:00	1.32115	1.32196	1.32063	1.32137	3897	0	1
2026.03.31	13:00:00	1.32137	1.32169	1.31974	1.31989	3724	0	0
2026.03.31	14:00:00	1.31989	1.32350	1.31916	1.32344	7978	0	0
2026.03.31	15:00:00	1.32345	1.32485	1.32284	1.32366	9158	0	0
2026.03.31	16:00:00	1.32366	1.32629	1.32294	1.32605	8675	0	0
2026.03.31	17:00:00	1.32605	1.32640	1.31721	1.31875	12850	0	0
2026.03.31	18:00:00	1.31875	1.32178	1.31788	1.31842	12356	0	0
2026.03.31	19:00:00	1.31842	1.32343	1.31753	1.32155	13963	0	0
2026.03.31	20:00:00	1.32155	1.32477	1.32154	1.32304	12515	0	0
2026.03.31	21:00:00	1.32303	1.32471	1.32264	1.32276	6444	0	0
2026.03.31	22:00:00	1.32276	1.32391	1.32206	1.32354	5660	0	0
2026.03.31	23:00:00	1.32354	1.32407	1.32224	1.32224	4337	0	4
2026.04.01	00:00:00	1.32226	1.32289	1.32168	1.32197	895	0	25
2026.04.01	01:00:00	1.32197	1.32312	1.32197	1.32309	1727	0	3
2026.04.01	02:00:00	1.32309	1.32439	1.32288	1.32428	1929	0	0
2026.04.01	03:00:00	1.32428	1.32542	1.32390	1.32461	4105	0	2
2026.04.01	04:00:00	1.32461	1.32471	1.32193	1.32310	5649	0	0
2026.04.01	05:00:00	1.32310	1.32433	1.32294	1.32396	2974	0	0
2026.04.01	06:00:00	1.32395	1.32397	1.32315	1.32332	2505	0	2
2026.04.01	07:00:00	1.32332	1.32433	1.32322	1.32427	2812	0	1
2026.04.01	08:00:00	1.32427	1.32653	1.32413	1.32561	3455	0	0
2026.04.01	09:00:00	1.32561	1.32926	1.32547	1.32886	7830	0	0
2026.04.01	10:00:00	1.32885	1.32914	1.32627	1.32652	8499	0	0
2026.04.01	11:00:00	1.32652	1.33007	1.32612	1.32886	7361	0	0
2026.04.01	12:00:00	1.32886	1.32957	1.32771	1.32928	5976	0	0
2026.04.01	13:00:00	1.32928	1.33184	1.32928	1.33014	5815	0	0
2026.04.01	14:00:00	1.33014	1.33246	1.32987	1.33211	4957	0	0
2026.04.01	15:00:00	1.33211	1.33264	1.32939	1.33056	9200	0	0
2026.04.01	16:00:00	1.33055	1.33249	1.32929	1.33146	12483	0	0
2026.04.01	17:00:00	1.33146	1.33356	1.33032	1.33338	11831	0	0
2026.04.01	18:00:00	1.33338	1.33376	1.33171	1.33290	7655	0	0
2026.04.01	19:00:00	1.33291	1.33387	1.33136	1.33386	6148	0	0
2026.04.01	20:00:00	1.33386	1.33461	1.33148	1.33173	4885	0	0
2026.04.01	21:00:00	1.33173	1.33180	1.32943	1.33001	7701	0	1
2026.04.01	22:00:00	1.33002	1.33063	1.32925	1.32997	4813	0	0
2026.04.01	23:00:00	1.32997	1.33069	1.32994	1.33061	4298	0	5
2026.04.02	00:00:00	1.32985	1.33079	1.32898	1.33025	2194	0	34
2026.04.02	01:00:00	1.33035	1.33096	1.33035	1.33054	1653	0	5
2026.04.02	02:00:00	1.33056	1.33100	1.33002	1.33017	1849	0	2
2026.04.02	03:00:00	1.33019	1.33144	1.32973	1.33119	4643	0	1
2026.04.02	04:00:00	1.33119	1.33200	1.32473	1.32552	15526	0	0
2026.04.02	05:00:00	1.32552	1.32634	1.32419	1.32456	6030	0	1
2026.04.02	06:00:00	1.32456	1.32483	1.32307	1.32350	3838	0	1
2026.04.02	07:00:00	1.32350	1.32391	1.32293	1.32357	3574	0	0
2026.04.02	08:00:00	1.32357	1.32377	1.32140	1.32149	4212	0	0
2026.04.02	09:00:00	1.32150	1.32240	1.32012	1.32236	5805	0	0
2026.04.02	10:00:00	1.32236	1.32257	1.32013	1.32167	6349	0	0
2026.04.02	11:00:00	1.32167	1.32189	1.31958	1.32012	4901	0	1
2026.04.02	12:00:00	1.32012	1.32085	1.31944	1.32015	4060	0	0
2026.04.02	13:00:00	1.32015	1.32021	1.31853	1.31858	4426	0	0
2026.04.02	14:00:00	1.31860	1.32030	1.31813	1.32015	4909	0	0
2026.04.02	15:00:00	1.32015	1.32183	1.32002	1.32141	6901	0	0
2026.04.02	16:00:00	1.32141	1.32205	1.32016	1.32197	9756	0	0
2026.04.02	17:00:00	1.32197	1.32485	1.32090	1.32433	13373	0	0
2026.04.02	18:00:00	1.32433	1.32510	1.32262	1.32383	10525	0	0
2026.04.02	19:00:00	1.32383	1.32418	1.32263	1.32312	6764	0	0
2026.04.02	20:00:00	1.32312	1.32424	1.32215	1.32244	5448	0	0
2026.04.02	21:00:00	1.32244	1.32289	1.32211	1.32233	4691	0	0
2026.04.02	22:00:00	1.32233	1.32315	1.32218	1.32228	4613	0	2
2026.04.02	23:00:00	1.32227	1.32279	1.32202	1.32247	2098	0	7
2026.04.03	00:00:00	1.32203	1.32249	1.32090	1.32199	2005	0	30
2026.04.03	01:00:00	1.32199	1.32280	1.32199	1.32257	595	0	9
2026.04.03	02:00:00	1.32257	1.32312	1.32249	1.32295	944	0	5
2026.04.03	03:00:00	1.32297	1.32376	1.32290	1.32342	1615	0	1
2026.04.03	04:00:00	1.32342	1.32346	1.32261	1.32274	721	0	0
2026.04.03	05:00:00	1.32274	1.32319	1.32215	1.32271	709	0	2
2026.04.03	06:00:00	1.32271	1.32309	1.32257	1.32292	539	0	3
2026.04.03	07:00:00	1.32292	1.32295	1.32259	1.32265	679	0	5
2026.04.03	08:00:00	1.32265	1.32339	1.32218	1.32335	1062	0	4
2026.04.03	09:00:00	1.32335	1.32363	1.32291	1.32336	997	0	1
2026.04.03	10:00:00	1.32336	1.32425	1.32331	1.32385	1279	0	2
2026.04.03	11:00:00	1.32385	1.32403	1.32322	1.32380	1051	0	3
2026.04.03	12:00:00	1.32380	1.32388	1.32330	1.32347	1124	0	3
2026.04.03	13:00:00	1.32347	1.32378	1.32296	1.32332	778	0	1
2026.04.03	14:00:00	1.32332	1.32384	1.32326	1.32354	1176	0	1
2026.04.03	15:00:00	1.32354	1.32375	1.32025	1.32124	3951	0	0
2026.04.03	16:00:00	1.32123	1.32195	1.32079	1.32169	2133	0	0
2026.04.03	17:00:00	1.32169	1.32174	1.32022	1.32027	1802	0	1
2026.04.03	18:00:00	1.32027	1.32161	1.31959	1.32010	5222	0	0
2026.04.03	19:00:00	1.32010	1.32020	1.31948	1.31971	1930	0	1
2026.04.03	20:00:00	1.31971	1.32006	1.31950	1.31974	1783	0	0
2026.04.03	21:00:00	1.31974	1.31980	1.31889	1.31916	1775	0	5
2026.04.03	22:00:00	1.31916	1.31954	1.31906	1.31939	765	0	0
2026.04.03	23:00:00	1.31939	1.32088	1.31869	1.32035	4387	0	0
2026.04.06	00:00:00	1.31880	1.31921	1.31866	1.31902	277	0	18
2026.04.06	01:00:00	1.31902	1.31932	1.31763	1.31906	3576	0	0
2026.04.06	02:00:00	1.31906	1.31937	1.31849	1.31852	1833	0	4
2026.04.06	03:00:00	1.31852	1.31981	1.31852	1.31968	5203	0	2
2026.04.06	04:00:00	1.31968	1.32004	1.31904	1.31929	2677	0	3
2026.04.06	05:00:00	1.31927	1.32180	1.31926	1.32108	4740	0	1
2026.04.06	06:00:00	1.32108	1.32134	1.32043	1.32065	3319	0	0
2026.04.06	07:00:00	1.32065	1.32141	1.32065	1.32123	2253	0	3
2026.04.06	08:00:00	1.32123	1.32208	1.32115	1.32157	2151	0	4
2026.04.06	09:00:00	1.32159	1.32264	1.32111	1.32189	3728	0	0
2026.04.06	10:00:00	1.32189	1.32582	1.32092	1.32529	4029	0	0
2026.04.06	11:00:00	1.32529	1.32590	1.32461	1.32491	4329	0	0
2026.04.06	12:00:00	1.32491	1.32555	1.32424	1.32451	3805	0	0
2026.04.06	13:00:00	1.32451	1.32532	1.32347	1.32440	3432	0	0
2026.04.06	14:00:00	1.32440	1.32454	1.32323	1.32365	2973	0	0
2026.04.06	15:00:00	1.32364	1.32484	1.32340	1.32452	3793	0	2
2026.04.06	16:00:00	1.32452	1.32603	1.32417	1.32564	4507	0	0
2026.04.06	17:00:00	1.32564	1.32683	1.32372	1.32378	10421	0	0
2026.04.06	18:00:00	1.32378	1.32380	1.32235	1.32334	6004	0	0
2026.04.06	19:00:00	1.32335	1.32395	1.32312	1.32344	4471	0	0
2026.04.06	20:00:00	1.32345	1.32355	1.32177	1.32263	5193	0	0
2026.04.06	21:00:00	1.32263	1.32441	1.32242	1.32372	4762	0	0
2026.04.06	22:00:00	1.32372	1.32403	1.32332	1.32341	2405	0	2
2026.04.06	23:00:00	1.32341	1.32371	1.32323	1.32348	2136	0	6
2026.04.07	00:00:00	1.32367	1.32378	1.32245	1.32338	816	0	16
2026.04.07	01:00:00	1.32340	1.32418	1.32319	1.32336	1587	0	3
2026.04.07	02:00:00	1.32336	1.32347	1.32298	1.32332	1194	0	8
2026.04.07	03:00:00	1.32332	1.32388	1.32293	1.32308	4503	0	4
2026.04.07	04:00:00	1.32308	1.32351	1.32152	1.32192	4587	0	0
2026.04.07	05:00:00	1.32192	1.32208	1.32112	1.32172	2852	0	3
2026.04.07	06:00:00	1.32172	1.32255	1.32165	1.32248	1715	0	5
2026.04.07	07:00:00	1.32248	1.32341	1.32236	1.32325	2494	0	3
2026.04.07	08:00:00	1.32325	1.32336	1.32185	1.32305	3430	0	1
2026.04.07	09:00:00	1.32305	1.32480	1.32262	1.32461	4949	0	0
2026.04.07	10:00:00	1.32461	1.32476	1.32265	1.32336	4673	0	0
2026.04.07	11:00:00	1.32335	1.32850	1.32328	1.32829	8643	0	0
2026.04.07	12:00:00	1.32828	1.32839	1.32650	1.32653	5402	0	0
2026.04.07	13:00:00	1.32653	1.32683	1.32367	1.32427	8292	0	0
2026.04.07	14:00:00	1.32427	1.32486	1.32362	1.32457	5427	0	0
2026.04.07	15:00:00	1.32458	1.32651	1.32384	1.32503	6634	0	0
2026.04.07	16:00:00	1.32503	1.32569	1.32367	1.32413	8621	0	0
2026.04.07	17:00:00	1.32413	1.32672	1.32357	1.32463	9390	0	0
2026.04.07	18:00:00	1.32463	1.32556	1.32384	1.32392	9355	0	0
2026.04.07	19:00:00	1.32392	1.32589	1.32390	1.32500	7730	0	0
2026.04.07	20:00:00	1.32500	1.32665	1.32471	1.32625	5570	0	0
2026.04.07	21:00:00	1.32626	1.32700	1.32543	1.32586	4937	0	1
2026.04.07	22:00:00	1.32586	1.32938	1.32555	1.32871	9718	0	0
2026.04.07	23:00:00	1.32869	1.33007	1.32849	1.32915	4558	0	0
2026.04.08	00:00:00	1.32845	1.33009	1.32764	1.32988	928	0	25
2026.04.08	01:00:00	1.32988	1.33744	1.32873	1.33723	8616	0	0
2026.04.08	02:00:00	1.33723	1.34084	1.33666	1.34007	11653	0	0
2026.04.08	03:00:00	1.34007	1.34101	1.33791	1.33876	11916	0	0
2026.04.08	04:00:00	1.33876	1.34154	1.33859	1.34041	8492	0	0
2026.04.08	05:00:00	1.34041	1.34128	1.33936	1.34004	5509	0	0
2026.04.08	06:00:00	1.34004	1.34041	1.33918	1.33984	4463	0	3
2026.04.08	07:00:00	1.33984	1.34174	1.33984	1.34157	4448	0	1
2026.04.08	08:00:00	1.34157	1.34457	1.34085	1.34331	6132	0	0
2026.04.08	09:00:00	1.34331	1.34440	1.34191	1.34297	8806	0	0
2026.04.08	10:00:00	1.34299	1.34339	1.34102	1.34239	8791	0	0
2026.04.08	11:00:00	1.34238	1.34323	1.34063	1.34277	7483	0	0
2026.04.08	12:00:00	1.34277	1.34405	1.34200	1.34246	5704	0	0
2026.04.08	13:00:00	1.34246	1.34449	1.34234	1.34407	4739	0	0
2026.04.08	14:00:00	1.34407	1.34699	1.34370	1.34659	7280	0	0
2026.04.08	15:00:00	1.34659	1.34841	1.34519	1.34730	9273	0	0
2026.04.08	16:00:00	1.34730	1.34819	1.34399	1.34475	10907	0	0
2026.04.08	17:00:00	1.34474	1.34597	1.34352	1.34484	11916	0	0
2026.04.08	18:00:00	1.34484	1.34485	1.34282	1.34384	9003	0	0
2026.04.08	19:00:00	1.34384	1.34385	1.34197	1.34243	6847	0	0
2026.04.08	20:00:00	1.34243	1.34278	1.34095	1.34193	6341	0	0
2026.04.08	21:00:00	1.34193	1.34248	1.33853	1.33860	8088	0	0
2026.04.08	22:00:00	1.33860	1.34083	1.33808	1.34066	6125	0	0
2026.04.08	23:00:00	1.34064	1.34087	1.33922	1.33936	3096	0	6
2026.04.09	00:00:00	1.33910	1.34010	1.33880	1.33989	1248	0	9
2026.04.09	01:00:00	1.33989	1.34030	1.33935	1.33978	1152	0	5
2026.04.09	02:00:00	1.33978	1.33989	1.33907	1.33922	1729	0	1
2026.04.09	03:00:00	1.33922	1.33960	1.33851	1.33906	4351	0	2
2026.04.09	04:00:00	1.33907	1.33931	1.33811	1.33912	4276	0	1
2026.04.09	05:00:00	1.33912	1.34020	1.33875	1.33954	2603	0	0
2026.04.09	06:00:00	1.33954	1.33983	1.33896	1.33946	2668	0	0
2026.04.09	07:00:00	1.33947	1.34062	1.33943	1.33989	2539	0	2
2026.04.09	08:00:00	1.33989	1.34005	1.33892	1.33907	3120	0	2
2026.04.09	09:00:00	1.33907	1.33962	1.33825	1.33947	4246	0	0
2026.04.09	10:00:00	1.33947	1.34010	1.33806	1.33930	5507	0	2
2026.04.09	11:00:00	1.33930	1.34073	1.33836	1.34033	4548	0	1
2026.04.09	12:00:00	1.34033	1.34140	1.33991	1.34031	3953	0	0
2026.04.09	13:00:00	1.34031	1.34097	1.33970	1.33971	3835	0	0
2026.04.09	14:00:00	1.33971	1.34300	1.33954	1.34287	4627	0	0
2026.04.09	15:00:00	1.34287	1.34300	1.34071	1.34159	5255	0	0
2026.04.09	16:00:00	1.34159	1.34295	1.34131	1.34207	7101	0	1
2026.04.09	17:00:00	1.34207	1.34283	1.34038	1.34145	8910	0	0
2026.04.09	18:00:00	1.34145	1.34445	1.34034	1.34418	11045	0	0
2026.04.09	19:00:00	1.34417	1.34556	1.34379	1.34444	6631	0	1
2026.04.09	20:00:00	1.34444	1.34583	1.34444	1.34511	5624	0	0
2026.04.09	21:00:00	1.34510	1.34519	1.34295	1.34327	6998	0	0
2026.04.09	22:00:00	1.34327	1.34450	1.34305	1.34354	4379	0	3
2026.04.09	23:00:00	1.34353	1.34366	1.34301	1.34337	2532	0	0
2026.04.10	00:00:00	1.34324	1.34336	1.34276	1.34282	2309	0	34
2026.04.10	01:00:00	1.34282	1.34364	1.34242	1.34268	1668	0	0
2026.04.10	02:00:00	1.34268	1.34340	1.34264	1.34290	1150	0	3
2026.04.10	03:00:00	1.34290	1.34293	1.34206	1.34250	3048	0	2
2026.04.10	04:00:00	1.34250	1.34318	1.34207	1.34286	2876	0	2
2026.04.10	05:00:00	1.34286	1.34294	1.34200	1.34242	2439	0	0
2026.04.10	06:00:00	1.34242	1.34265	1.34225	1.34245	1770	0	4
2026.04.10	07:00:00	1.34245	1.34267	1.34206	1.34211	1410	0	3
2026.04.10	08:00:00	1.34211	1.34225	1.34145	1.34188	1982	0	4
2026.04.10	09:00:00	1.34190	1.34245	1.34129	1.34169	3434	0	0
2026.04.10	10:00:00	1.34167	1.34285	1.34104	1.34119	3616	0	1
2026.04.10	11:00:00	1.34119	1.34259	1.34111	1.34206	3651	0	1
2026.04.10	12:00:00	1.34206	1.34398	1.34171	1.34377	5342	0	0
2026.04.10	13:00:00	1.34377	1.34441	1.34345	1.34367	3346	0	1
2026.04.10	14:00:00	1.34367	1.34453	1.34353	1.34440	3329	0	3
2026.04.10	15:00:00	1.34442	1.34676	1.34434	1.34581	6373	0	0
2026.04.10	16:00:00	1.34581	1.34769	1.34557	1.34620	7578	0	0
2026.04.10	17:00:00	1.34620	1.34790	1.34513	1.34608	8682	0	0
2026.04.10	18:00:00	1.34608	1.34775	1.34571	1.34578	6957	0	0
2026.04.10	19:00:00	1.34578	1.34611	1.34476	1.34560	5295	0	0
2026.04.10	20:00:00	1.34560	1.34639	1.34539	1.34576	4421	0	2
2026.04.10	21:00:00	1.34576	1.34718	1.34531	1.34690	4973	0	0
2026.04.10	22:00:00	1.34690	1.34712	1.34662	1.34680	3138	0	3
2026.04.10	23:00:00	1.34678	1.34696	1.34530	1.34630	2932	0	0
2026.04.13	00:00:00	1.33853	1.34077	1.33836	1.34037	2487	0	0
2026.04.13	01:00:00	1.34035	1.34038	1.33866	1.33945	3950	0	4
2026.04.13	02:00:00	1.33945	1.33959	1.33805	1.33937	2048	0	5
2026.04.13	03:00:00	1.33937	1.34023	1.33857	1.34023	4332	0	2
2026.04.13	04:00:00	1.34023	1.34093	1.33980	1.34025	3663	0	0
2026.04.13	05:00:00	1.34025	1.34056	1.33998	1.34039	1897	0	2
2026.04.13	06:00:00	1.34039	1.34053	1.33997	1.34042	2161	0	3
2026.04.13	07:00:00	1.34042	1.34071	1.34025	1.34047	1645	0	1
2026.04.13	08:00:00	1.34047	1.34070	1.34014	1.34054	2696	0	3
2026.04.13	09:00:00	1.34054	1.34146	1.34017	1.34116	4333	0	0
2026.04.13	10:00:00	1.34116	1.34338	1.34111	1.34316	4458	0	0
2026.04.13	11:00:00	1.34316	1.34340	1.34226	1.34277	4768	0	0
2026.04.13	12:00:00	1.34277	1.34338	1.34237	1.34289	3449	0	2
2026.04.13	13:00:00	1.34289	1.34356	1.34223	1.34347	3100	0	2
2026.04.13	14:00:00	1.34347	1.34426	1.34182	1.34185	4601	0	0
2026.04.13	15:00:00	1.34185	1.34389	1.34156	1.34358	5986	0	0
2026.04.13	16:00:00	1.34358	1.34656	1.34342	1.34523	7695	0	1
2026.04.13	17:00:00	1.34523	1.34651	1.34443	1.34606	8276	0	0
2026.04.13	18:00:00	1.34606	1.34617	1.34487	1.34578	6646	0	0
2026.04.13	19:00:00	1.34578	1.34824	1.34520	1.34735	8447	0	0
2026.04.13	20:00:00	1.34735	1.34912	1.34735	1.34884	4541	0	0
2026.04.13	21:00:00	1.34884	1.35083	1.34848	1.35073	4714	0	0
2026.04.13	22:00:00	1.35074	1.35078	1.35001	1.35046	3669	0	0
2026.04.13	23:00:00	1.35046	1.35080	1.35034	1.35063	3209	0	5
2026.04.14	00:00:00	1.35037	1.35037	1.34930	1.34969	982	0	39
2026.04.14	01:00:00	1.34986	1.35114	1.34986	1.35104	972	0	0
2026.04.14	02:00:00	1.35104	1.35158	1.35095	1.35151	1166	0	4
2026.04.14	03:00:00	1.35153	1.35165	1.35081	1.35145	3020	0	4
2026.04.14	04:00:00	1.35145	1.35155	1.35045	1.35054	2851	0	4
2026.04.14	05:00:00	1.35053	1.35086	1.35032	1.35085	2106	0	2
2026.04.14	06:00:00	1.35085	1.35171	1.35060	1.35165	1707	0	3
2026.04.14	07:00:00	1.35165	1.35215	1.35143	1.35189	1265	0	4
2026.04.14	08:00:00	1.35189	1.35216	1.35107	1.35163	2238	0	2
2026.04.14	09:00:00	1.35165	1.35272	1.35108	1.35223	4591	0	0
2026.04.14	10:00:00	1.35223	1.35390	1.35214	1.35318	5908	0	0
2026.04.14	11:00:00	1.35318	1.35387	1.35263	1.35375	5033	0	0
2026.04.14	12:00:00	1.35375	1.35497	1.35337	1.35425	3686	0	0
2026.04.14	13:00:00	1.35424	1.35625	1.35398	1.35594	4354	0	0
2026.04.14	14:00:00	1.35594	1.35786	1.35580	1.35717	4176	0	0
2026.04.14	15:00:00	1.35719	1.35891	1.35669	1.35866	6472	0	0
2026.04.14	16:00:00	1.35866	1.35878	1.35687	1.35826	7755	0	0
2026.04.14	17:00:00	1.35826	1.35886	1.35741	1.35869	7742	0	2
2026.04.14	18:00:00	1.35869	1.35871	1.35610	1.35611	7449	0	0
2026.04.14	19:00:00	1.35611	1.35679	1.35578	1.35672	4118	0	0
2026.04.14	20:00:00	1.35672	1.35727	1.35639	1.35701	3506	0	3
2026.04.14	21:00:00	1.35701	1.35720	1.35604	1.35632	4116	0	3
2026.04.14	22:00:00	1.35631	1.35665	1.35611	1.35627	2937	0	1
2026.04.14	23:00:00	1.35625	1.35688	1.35617	1.35656	1807	0	5
2026.04.15	00:00:00	1.35643	1.35666	1.35559	1.35638	1331	0	12
2026.04.15	01:00:00	1.35638	1.35706	1.35633	1.35677	1578	0	7
2026.04.15	02:00:00	1.35675	1.35788	1.35662	1.35743	2114	0	5
2026.04.15	03:00:00	1.35745	1.35751	1.35652	1.35731	3990	0	1
2026.04.15	04:00:00	1.35731	1.35772	1.35672	1.35692	3917	0	1
2026.04.15	05:00:00	1.35692	1.35698	1.35569	1.35595	2740	0	2
2026.04.15	06:00:00	1.35595	1.35671	1.35572	1.35653	1880	0	2
2026.04.15	07:00:00	1.35653	1.35676	1.35642	1.35673	1642	0	5
2026.04.15	08:00:00	1.35673	1.35783	1.35637	1.35650	3201	0	0
2026.04.15	09:00:00	1.35650	1.35734	1.35565	1.35592	3880	0	0
2026.04.15	10:00:00	1.35592	1.35693	1.35552	1.35597	4552	0	0
2026.04.15	11:00:00	1.35597	1.35674	1.35563	1.35640	3934	0	2
2026.04.15	12:00:00	1.35640	1.35696	1.35486	1.35568	5523	0	0
2026.04.15	13:00:00	1.35568	1.35609	1.35432	1.35472	5649	0	0
2026.04.15	14:00:00	1.35472	1.35558	1.35432	1.35542	4662	0	0
2026.04.15	15:00:00	1.35542	1.35576	1.35451	1.35548	4860	0	2
2026.04.15	16:00:00	1.35548	1.35663	1.35526	1.35572	7043	0	2
2026.04.15	17:00:00	1.35572	1.35769	1.35527	1.35681	7642	0	1
2026.04.15	18:00:00	1.35681	1.35787	1.35650	1.35669	6753	0	0
2026.04.15	19:00:00	1.35669	1.35743	1.35658	1.35732	5903	0	3
2026.04.15	20:00:00	1.35732	1.35745	1.35641	1.35696	3531	0	2
2026.04.15	21:00:00	1.35696	1.35762	1.35675	1.35740	5224	0	2
2026.04.15	22:00:00	1.35740	1.35763	1.35682	1.35703	3318	0	3
2026.04.15	23:00:00	1.35703	1.35703	1.35588	1.35602	2691	0	6
2026.04.16	00:00:00	1.35566	1.35623	1.35538	1.35572	2289	0	30
2026.04.16	01:00:00	1.35572	1.35679	1.35572	1.35673	725	0	2
2026.04.16	02:00:00	1.35673	1.35734	1.35673	1.35724	922	0	2
2026.04.16	03:00:00	1.35724	1.35747	1.35683	1.35735	2540	0	3
2026.04.16	04:00:00	1.35735	1.35755	1.35608	1.35685	3572	0	2
2026.04.16	05:00:00	1.35685	1.35861	1.35682	1.35861	2833	0	2
2026.04.16	06:00:00	1.35861	1.35945	1.35800	1.35814	2592	0	2
2026.04.16	07:00:00	1.35814	1.35823	1.35756	1.35763	1550	0	4
2026.04.16	08:00:00	1.35763	1.35768	1.35652	1.35709	2416	0	1
2026.04.16	09:00:00	1.35709	1.35821	1.35633	1.35758	4775	0	0
2026.04.16	10:00:00	1.35758	1.35804	1.35569	1.35584	4843	0	0
2026.04.16	11:00:00	1.35584	1.35614	1.35471	1.35502	4494	0	0
2026.04.16	12:00:00	1.35502	1.35522	1.35362	1.35383	4040	0	0
2026.04.16	13:00:00	1.35383	1.35444	1.35312	1.35435	2957	0	2
2026.04.16	14:00:00	1.35435	1.35533	1.35431	1.35463	4031	0	0
2026.04.16	15:00:00	1.35463	1.35494	1.35368	1.35465	4868	0	1
2026.04.16	16:00:00	1.35465	1.35547	1.35352	1.35414	6446	0	1
2026.04.16	17:00:00	1.35415	1.35483	1.35162	1.35218	8802	0	0
2026.04.16	18:00:00	1.35218	1.35379	1.35176	1.35379	6843	0	1
2026.04.16	19:00:00	1.35379	1.35443	1.35206	1.35284	6429	0	0
2026.04.16	20:00:00	1.35284	1.35298	1.35213	1.35247	4799	0	1
2026.04.16	21:00:00	1.35247	1.35333	1.35238	1.35311	5233	0	4
2026.04.16	22:00:00	1.35311	1.35349	1.35272	1.35293	2911	0	1
2026.04.16	23:00:00	1.35291	1.35312	1.35229	1.35262	1539	0	7
2026.04.17	00:00:00	1.35175	1.35304	1.35172	1.35212	2024	0	33
2026.04.17	01:00:00	1.35233	1.35360	1.35230	1.35312	771	0	8
2026.04.17	02:00:00	1.35312	1.35327	1.35244	1.35252	1373	0	7
2026.04.17	03:00:00	1.35252	1.35262	1.35186	1.35203	3200	0	0
2026.04.17	04:00:00	1.35203	1.35216	1.35144	1.35160	3049	0	3
2026.04.17	05:00:00	1.35160	1.35195	1.35138	1.35189	1917	0	1
2026.04.17	06:00:00	1.35189	1.35272	1.35154	1.35251	1818	0	4
2026.04.17	07:00:00	1.35251	1.35257	1.35212	1.35222	1902	0	3
2026.04.17	08:00:00	1.35222	1.35225	1.35162	1.35188	2353	0	2
2026.04.17	09:00:00	1.35188	1.35188	1.35042	1.35049	4207	0	0
2026.04.17	10:00:00	1.35049	1.35258	1.35049	1.35249	4601	0	0
2026.04.17	11:00:00	1.35249	1.35340	1.35165	1.35306	3839	0	2
2026.04.17	12:00:00	1.35306	1.35395	1.35267	1.35311	3804	0	1
2026.04.17	13:00:00	1.35311	1.35364	1.35195	1.35228	2767	0	0
2026.04.17	14:00:00	1.35228	1.35356	1.35189	1.35289	3894	0	3
2026.04.17	15:00:00	1.35289	1.35857	1.35284	1.35831	9454	0	0
2026.04.17	16:00:00	1.35830	1.35990	1.35596	1.35735	14703	0	0
2026.04.17	17:00:00	1.35735	1.35886	1.35680	1.35693	11189	0	0
2026.04.17	18:00:00	1.35693	1.35693	1.35488	1.35543	9531	0	0
2026.04.17	19:00:00	1.35543	1.35592	1.35441	1.35534	5743	0	0
2026.04.17	20:00:00	1.35534	1.35534	1.35401	1.35514	6963	0	0
2026.04.17	21:00:00	1.35514	1.35546	1.35320	1.35348	5579	0	3
2026.04.17	22:00:00	1.35348	1.35391	1.35164	1.35189	4983	0	0
2026.04.17	23:00:00	1.35187	1.35221	1.35125	1.35157	3592	0	0
2026.04.20	00:00:00	1.34796	1.34888	1.34795	1.34819	617	0	21
2026.04.20	01:00:00	1.34819	1.34885	1.34747	1.34873	3128	0	2
2026.04.20	02:00:00	1.34873	1.34916	1.34777	1.34820	3132	0	6
2026.04.20	03:00:00	1.34822	1.34960	1.34780	1.34952	4473	0	3
2026.04.20	04:00:00	1.34952	1.35006	1.34890	1.34981	3533	0	4
2026.04.20	05:00:00	1.34981	1.35057	1.34967	1.35017	2287	0	3
2026.04.20	06:00:00	1.35017	1.35084	1.35001	1.35057	2385	0	4
2026.04.20	07:00:00	1.35057	1.35075	1.35004	1.35049	2102	0	4
2026.04.20	08:00:00	1.35049	1.35054	1.34859	1.34914	3484	0	2
2026.04.20	09:00:00	1.34911	1.35058	1.34815	1.35057	6378	0	0
2026.04.20	10:00:00	1.35057	1.35186	1.34953	1.35025	6451	0	1
2026.04.20	11:00:00	1.35025	1.35057	1.34926	1.34971	5885	0	0
2026.04.20	12:00:00	1.34971	1.35187	1.34965	1.35184	5316	0	0
2026.04.20	13:00:00	1.35184	1.35195	1.35108	1.35169	4398	0	0
2026.04.20	14:00:00	1.35173	1.35278	1.35145	1.35189	5796	0	1
2026.04.20	15:00:00	1.35189	1.35194	1.35054	1.35160	6286	0	2
2026.04.20	16:00:00	1.35160	1.35364	1.35118	1.35327	9284	0	0
2026.04.20	17:00:00	1.35327	1.35327	1.35069	1.35234	9331	0	0
2026.04.20	18:00:00	1.35234	1.35440	1.35178	1.35398	9275	0	0
2026.04.20	19:00:00	1.35398	1.35441	1.35351	1.35380	5752	0	0
2026.04.20	20:00:00	1.35379	1.35439	1.35312	1.35348	4547	0	0
2026.04.20	21:00:00	1.35348	1.35423	1.35310	1.35319	5566	0	0
2026.04.20	22:00:00	1.35319	1.35414	1.35318	1.35322	2902	0	1
2026.04.20	23:00:00	1.35320	1.35383	1.35298	1.35328	2790	0	5
2026.04.21	00:00:00	1.35222	1.35346	1.35222	1.35305	1011	0	26
2026.04.21	01:00:00	1.35305	1.35384	1.35305	1.35384	781	0	8
2026.04.21	02:00:00	1.35384	1.35388	1.35300	1.35303	1286	0	7
2026.04.21	03:00:00	1.35303	1.35315	1.35218	1.35240	3897	0	0
2026.04.21	04:00:00	1.35240	1.35290	1.35225	1.35244	3461	0	3
2026.04.21	05:00:00	1.35243	1.35265	1.35200	1.35213	2889	0	5
2026.04.21	06:00:00	1.35213	1.35220	1.35152	1.35177	2250	0	3
2026.04.21	07:00:00	1.35177	1.35186	1.35145	1.35149	2188	0	4
2026.04.21	08:00:00	1.35149	1.35255	1.35144	1.35180	3627	0	3
2026.04.21	09:00:00	1.35180	1.35305	1.35164	1.35195	3741	0	0
2026.04.21	10:00:00	1.35194	1.35225	1.35063	1.35069	6048	0	0
2026.04.21	11:00:00	1.35069	1.35098	1.34822	1.35034	7754	0	0
2026.04.21	12:00:00	1.35034	1.35084	1.34954	1.35026	3819	0	0
2026.04.21	13:00:00	1.35026	1.35115	1.34995	1.35106	3965	0	3
2026.04.21	14:00:00	1.35105	1.35234	1.35063	1.35183	5359	0	0
2026.04.21	15:00:00	1.35183	1.35220	1.35063	1.35145	6722	0	0
2026.04.21	16:00:00	1.35146	1.35290	1.35137	1.35250	7557	0	1
2026.04.21	17:00:00	1.35250	1.35395	1.35079	1.35089	9023	0	0
2026.04.21	18:00:00	1.35090	1.35205	1.34988	1.35103	9337	0	0
2026.04.21	19:00:00	1.35103	1.35151	1.34970	1.34976	6714	0	0
2026.04.21	20:00:00	1.34976	1.35255	1.34757	1.35048	10074	0	0
2026.04.21	21:00:00	1.35048	1.35080	1.34836	1.35034	7185	0	0
2026.04.21	22:00:00	1.35034	1.35151	1.34745	1.34818	8486	0	0
2026.04.21	23:00:00	1.34818	1.35136	1.34767	1.35063	5502	0	0
2026.04.22	00:00:00	1.35006	1.35019	1.34935	1.34964	2282	0	53
2026.04.22	01:00:00	1.34964	1.35048	1.34953	1.35021	1770	0	5
2026.04.22	02:00:00	1.35021	1.35098	1.35014	1.35086	1448	0	4
2026.04.22	03:00:00	1.35086	1.35201	1.35082	1.35095	4605	0	1
2026.04.22	04:00:00	1.35095	1.35147	1.35029	1.35107	3792	0	1
2026.04.22	05:00:00	1.35108	1.35143	1.35051	1.35057	2741	0	5
2026.04.22	06:00:00	1.35056	1.35125	1.35031	1.35065	2408	0	1
2026.04.22	07:00:00	1.35065	1.35108	1.35056	1.35071	2500	0	3
2026.04.22	08:00:00	1.35071	1.35341	1.35065	1.35244	3860	0	0
2026.04.22	09:00:00	1.35244	1.35257	1.35146	1.35168	4567	0	3
2026.04.22	10:00:00	1.35168	1.35271	1.35099	1.35263	4852	0	0
2026.04.22	11:00:00	1.35263	1.35318	1.35209	1.35283	5392	0	2
2026.04.22	12:00:00	1.35283	1.35351	1.35191	1.35201	4774	0	0
2026.04.22	13:00:00	1.35201	1.35234	1.35138	1.35212	3722	0	1
2026.04.22	14:00:00	1.35212	1.35214	1.34992	1.35026	5720	0	0
2026.04.22	15:00:00	1.35026	1.35082	1.34922	1.34940	5724	0	0
2026.04.22	16:00:00	1.34940	1.35238	1.34917	1.35179	8459	0	0
2026.04.22	17:00:00	1.35179	1.35242	1.34988	1.34989	8803	0	0
2026.04.22	18:00:00	1.34989	1.35092	1.34941	1.35033	7063	0	0
2026.04.22	19:00:00	1.35033	1.35066	1.34954	1.35043	5497	0	0
2026.04.22	20:00:00	1.35043	1.35163	1.35031	1.35107	4923	0	0
2026.04.22	21:00:00	1.35107	1.35123	1.35037	1.35052	3676	0	2
2026.04.22	22:00:00	1.35052	1.35095	1.35007	1.35033	4284	0	3
2026.04.22	23:00:00	1.35031	1.35044	1.34982	1.35023	3087	0	0
2026.04.23	00:00:00	1.34962	1.35067	1.34958	1.35014	1204	0	16
2026.04.23	01:00:00	1.35014	1.35048	1.35002	1.35014	624	0	6
2026.04.23	02:00:00	1.35014	1.35021	1.34989	1.34993	1395	0	7
2026.04.23	03:00:00	1.34995	1.35098	1.34787	1.35085	7668	0	0
2026.04.23	04:00:00	1.35084	1.35102	1.34985	1.34993	4105	0	3
2026.04.23	05:00:00	1.34993	1.35003	1.34848	1.34866	4438	0	3
2026.04.23	06:00:00	1.34866	1.34909	1.34822	1.34852	3936	0	0
2026.04.23	07:00:00	1.34852	1.34904	1.34830	1.34901	2422	0	4
2026.04.23	08:00:00	1.34901	1.34933	1.34874	1.34932	2646	0	2
2026.04.23	09:00:00	1.34932	1.34968	1.34871	1.34913	4005	0	0
2026.04.23	10:00:00	1.34914	1.34995	1.34811	1.34889	5264	0	0
2026.04.23	11:00:00	1.34889	1.35074	1.34849	1.35043	5980	0	0
2026.04.23	12:00:00	1.35043	1.35075	1.34913	1.34998	5795	0	0
2026.04.23	13:00:00	1.34998	1.35036	1.34840	1.34843	5206	0	0
2026.04.23	14:00:00	1.34843	1.35130	1.34833	1.35054	5726	0	0
2026.04.23	15:00:00	1.35052	1.35104	1.34849	1.34873	8012	0	0
2026.04.23	16:00:00	1.34873	1.35024	1.34781	1.34977	7629	0	0
2026.04.23	17:00:00	1.34977	1.35180	1.34913	1.35102	7986	0	0
2026.04.23	18:00:00	1.35101	1.35118	1.34900	1.34930	6991	0	2
2026.04.23	19:00:00	1.34930	1.34935	1.34863	1.34915	5031	0	2
2026.04.23	20:00:00	1.34915	1.34932	1.34475	1.34775	13691	0	0
2026.04.23	21:00:00	1.34775	1.34857	1.34710	1.34733	8784	0	0
2026.04.23	22:00:00	1.34733	1.34743	1.34611	1.34673	4894	0	0
2026.04.23	23:00:00	1.34673	1.34673	1.34610	1.34661	3251	0	6
2026.04.24	00:00:00	1.34643	1.34692	1.34571	1.34636	1369	0	44
2026.04.24	01:00:00	1.34660	1.34683	1.34648	1.34676	830	0	7
2026.04.24	02:00:00	1.34676	1.34676	1.34630	1.34654	1833	0	6
2026.04.24	03:00:00	1.34654	1.34712	1.34634	1.34677	3976	0	1
2026.04.24	04:00:00	1.34677	1.34724	1.34640	1.34723	3543	0	3
2026.04.24	05:00:00	1.34723	1.34729	1.34586	1.34602	3193	0	5
2026.04.24	06:00:00	1.34602	1.34614	1.34531	1.34598	2501	0	3
2026.04.24	07:00:00	1.34598	1.34645	1.34573	1.34627	2368	0	3
2026.04.24	08:00:00	1.34627	1.34671	1.34598	1.34655	2571	0	4
2026.04.24	09:00:00	1.34655	1.34691	1.34598	1.34639	3625	0	0
2026.04.24	10:00:00	1.34637	1.34796	1.34600	1.34764	3577	0	3
2026.04.24	11:00:00	1.34765	1.34841	1.34708	1.34763	5453	0	0
2026.04.24	12:00:00	1.34763	1.34842	1.34740	1.34824	4576	0	0
2026.04.24	13:00:00	1.34824	1.34926	1.34781	1.34920	3919	0	1
2026.04.24	14:00:00	1.34920	1.35045	1.34860	1.34948	9451	0	0
2026.04.24	15:00:00	1.34949	1.35023	1.34843	1.35013	7589	0	0
2026.04.24	16:00:00	1.35013	1.35025	1.34861	1.34965	8182	0	0
2026.04.24	17:00:00	1.34965	1.35143	1.34902	1.35003	9199	0	0
2026.04.24	18:00:00	1.35003	1.35195	1.34919	1.35151	8991	0	0
2026.04.24	19:00:00	1.35151	1.35213	1.35081	1.35207	6033	0	2
2026.04.24	20:00:00	1.35206	1.35262	1.35172	1.35193	5601	0	0
2026.04.24	21:00:00	1.35193	1.35287	1.35178	1.35280	3734	0	2
2026.04.24	22:00:00	1.35281	1.35336	1.35269	1.35324	3940	0	0
2026.04.24	23:00:00	1.35323	1.35375	1.35252	1.35328	3676	0	0
2026.04.27	00:00:00	1.35095	1.35128	1.34993	1.35065	1684	0	0
2026.04.27	01:00:00	1.35065	1.35218	1.35065	1.35145	1321	0	3
2026.04.27	02:00:00	1.35145	1.35178	1.35128	1.35129	1658	0	6
2026.04.27	03:00:00	1.35131	1.35228	1.35117	1.35213	3292	0	2
2026.04.27	04:00:00	1.35213	1.35370	1.35213	1.35340	4868	0	1
2026.04.27	05:00:00	1.35340	1.35401	1.35294	1.35383	2425	0	1
2026.04.27	06:00:00	1.35382	1.35484	1.35381	1.35441	2102	0	1
2026.04.27	07:00:00	1.35442	1.35461	1.35391	1.35406	2026	0	4
2026.04.27	08:00:00	1.35406	1.35409	1.35330	1.35331	2573	0	4
2026.04.27	09:00:00	1.35331	1.35391	1.35242	1.35356	4295	0	2
2026.04.27	10:00:00	1.35355	1.35466	1.35338	1.35445	4698	0	0
2026.04.27	11:00:00	1.35447	1.35574	1.35418	1.35539	5188	0	0
2026.04.27	12:00:00	1.35539	1.35563	1.35474	1.35503	3624	0	0
2026.04.27	13:00:00	1.35503	1.35632	1.35482	1.35600	3766	0	0
2026.04.27	14:00:00	1.35600	1.35618	1.35538	1.35580	4310	0	1
2026.04.27	15:00:00	1.35580	1.35758	1.35480	1.35480	6020	0	0
2026.04.27	16:00:00	1.35483	1.35592	1.35370	1.35445	8032	0	0
2026.04.27	17:00:00	1.35446	1.35640	1.35415	1.35551	7408	0	0
2026.04.27	18:00:00	1.35551	1.35557	1.35459	1.35514	6073	0	0
2026.04.27	19:00:00	1.35514	1.35554	1.35412	1.35431	4060	0	0
2026.04.27	20:00:00	1.35431	1.35445	1.35309	1.35384	4403	0	0
2026.04.27	21:00:00	1.35384	1.35394	1.35303	1.35323	3429	0	3
2026.04.27	22:00:00	1.35323	1.35375	1.35312	1.35312	2975	0	4
2026.04.27	23:00:00	1.35313	1.35343	1.35309	1.35329	1992	0	7
2026.04.28	00:00:00	1.35292	1.35387	1.35292	1.35322	584	0	31
2026.04.28	01:00:00	1.35336	1.35371	1.35321	1.35359	1212	0	7
2026.04.28	02:00:00	1.35359	1.35374	1.35347	1.35372	1729	0	7
2026.04.28	03:00:00	1.35372	1.35411	1.35310	1.35321	3325	0	1
2026.04.28	04:00:00	1.35320	1.35321	1.35226	1.35228	3595	0	4
2026.04.28	05:00:00	1.35229	1.35249	1.35206	1.35218	3064	0	4
2026.04.28	06:00:00	1.35218	1.35359	1.35211	1.35317	2739	0	0
2026.04.28	07:00:00	1.35317	1.35342	1.35282	1.35301	2108	0	2
2026.04.28	08:00:00	1.35301	1.35310	1.35172	1.35175	3100	0	3
2026.04.28	09:00:00	1.35175	1.35201	1.35028	1.35042	5115	0	0
2026.04.28	10:00:00	1.35042	1.35134	1.35020	1.35091	5411	0	0
2026.04.28	11:00:00	1.35089	1.35149	1.35019	1.35050	5928	0	0
2026.04.28	12:00:00	1.35050	1.35053	1.34863	1.34905	5024	0	0
2026.04.28	13:00:00	1.34905	1.34951	1.34826	1.34841	4960	0	0
2026.04.28	14:00:00	1.34839	1.34911	1.34628	1.34682	7029	0	0
2026.04.28	15:00:00	1.34682	1.34953	1.34634	1.34923	7975	0	0
2026.04.28	16:00:00	1.34923	1.35011	1.34810	1.34951	8472	0	0
2026.04.28	17:00:00	1.34951	1.35062	1.34855	1.34974	10068	0	0
2026.04.28	18:00:00	1.34974	1.35123	1.34959	1.35111	7544	0	0
2026.04.28	19:00:00	1.35112	1.35165	1.35066	1.35143	5539	0	1
2026.04.28	20:00:00	1.35143	1.35206	1.35078	1.35175	4905	0	2
2026.04.28	21:00:00	1.35175	1.35204	1.35140	1.35168	3972	0	2
2026.04.28	22:00:00	1.35168	1.35207	1.35120	1.35163	4068	0	0
2026.04.28	23:00:00	1.35162	1.35220	1.35154	1.35173	2232	0	4
2026.04.29	00:00:00	1.35148	1.35176	1.35082	1.35113	997	0	44
2026.04.29	01:00:00	1.35143	1.35226	1.35139	1.35209	759	0	0
2026.04.29	02:00:00	1.35209	1.35239	1.35207	1.35234	988	0	9
2026.04.29	03:00:00	1.35236	1.35277	1.35212	1.35244	2111	0	3
2026.04.29	04:00:00	1.35244	1.35253	1.35126	1.35170	4941	0	1
2026.04.29	05:00:00	1.35171	1.35232	1.35099	1.35120	3207	0	4
2026.04.29	06:00:00	1.35120	1.35168	1.35101	1.35111	1721	0	2
2026.04.29	07:00:00	1.35111	1.35150	1.35105	1.35130	1677	0	3
2026.04.29	08:00:00	1.35130	1.35131	1.35028	1.35044	2842	0	2
2026.04.29	09:00:00	1.35044	1.35073	1.34945	1.35000	3700	0	2
2026.04.29	10:00:00	1.35000	1.35079	1.34987	1.35048	4284	0	0
2026.04.29	11:00:00	1.35049	1.35059	1.34947	1.34993	4365	0	1
2026.04.29	12:00:00	1.34993	1.35063	1.34959	1.35033	4304	0	0
2026.04.29	13:00:00	1.35033	1.35119	1.35005	1.35115	3748	0	3
2026.04.29	14:00:00	1.35115	1.35122	1.35016	1.35049	4818	0	0
2026.04.29	15:00:00	1.35049	1.35136	1.34985	1.35001	5757	0	0
2026.04.29	16:00:00	1.35001	1.35070	1.34732	1.34779	8606	0	0
2026.04.29	17:00:00	1.34779	1.35027	1.34711	1.35016	8684	0	0
2026.04.29	18:00:00	1.35016	1.35021	1.34808	1.34889	8583	0	0
2026.04.29	19:00:00	1.34889	1.34989	1.34793	1.34809	6548	0	0
2026.04.29	20:00:00	1.34809	1.34911	1.34745	1.34867	6201	0	0
2026.04.29	21:00:00	1.34867	1.34931	1.34574	1.34720	9981	0	0
2026.04.29	22:00:00	1.34720	1.34832	1.34667	1.34762	6295	0	0
2026.04.29	23:00:00	1.34760	1.34788	1.34696	1.34755	3841	0	5
2026.04.30	00:00:00	1.34718	1.34791	1.34644	1.34729	2818	0	39
2026.04.30	01:00:00	1.34729	1.34822	1.34715	1.34800	2457	0	0
2026.04.30	02:00:00	1.34800	1.34890	1.34772	1.34880	1779	0	5
2026.04.30	03:00:00	1.34880	1.34953	1.34841	1.34843	4556	0	1
2026.04.30	04:00:00	1.34843	1.34863	1.34780	1.34814	4364	0	2
2026.04.30	05:00:00	1.34814	1.34841	1.34678	1.34746	4501	0	0
2026.04.30	06:00:00	1.34746	1.34791	1.34729	1.34753	3442	0	3
2026.04.30	07:00:00	1.34753	1.34757	1.34549	1.34605	4631	0	0
2026.04.30	08:00:00	1.34605	1.34684	1.34588	1.34592	4582	0	3
2026.04.30	09:00:00	1.34592	1.34779	1.34537	1.34731	6614	0	0
2026.04.30	10:00:00	1.34731	1.34923	1.34728	1.34859	6947	0	0
2026.04.30	11:00:00	1.34859	1.35002	1.34811	1.34846	8306	0	0
2026.04.30	12:00:00	1.34846	1.35051	1.34788	1.35023	8038	0	0
2026.04.30	13:00:00	1.35023	1.35285	1.34923	1.35285	10818	0	0
2026.04.30	14:00:00	1.35285	1.35350	1.35135	1.35168	12237	0	0
2026.04.30	15:00:00	1.35168	1.35191	1.34983	1.35124	9793	0	0
2026.04.30	16:00:00	1.35125	1.35205	1.35045	1.35156	10807	0	0
2026.04.30	17:00:00	1.35155	1.35910	1.35129	1.35823	13898	0	0
2026.04.30	18:00:00	1.35823	1.35934	1.35712	1.35781	10353	0	0
2026.04.30	19:00:00	1.35781	1.35883	1.35729	1.35776	6170	0	1
2026.04.30	20:00:00	1.35776	1.35869	1.35759	1.35811	6327	0	0
2026.04.30	21:00:00	1.35810	1.36071	1.35810	1.36014	4815	0	0
2026.04.30	22:00:00	1.36014	1.36121	1.36004	1.36035	5399	0	1
2026.04.30	23:00:00	1.36035	1.36090	1.36002	1.36025	4035	0	5
2026.05.01	00:00:00	1.36012	1.36056	1.35991	1.36024	559	0	20
2026.05.01	01:00:00	1.36020	1.36085	1.36020	1.36034	792	0	4
2026.05.01	02:00:00	1.36034	1.36064	1.36016	1.36017	1820	0	3
2026.05.01	03:00:00	1.36017	1.36059	1.35992	1.36035	4203	0	3
2026.05.01	04:00:00	1.36035	1.36070	1.35991	1.36062	3803	0	3
2026.05.01	05:00:00	1.36062	1.36090	1.36005	1.36061	2729	0	3
2026.05.01	06:00:00	1.36061	1.36117	1.36008	1.36022	2261	0	0
2026.05.01	07:00:00	1.36022	1.36044	1.35954	1.35969	2179	0	0
2026.05.01	08:00:00	1.35969	1.35977	1.35882	1.35888	2322	0	4
2026.05.01	09:00:00	1.35889	1.36224	1.35865	1.36106	5974	0	0
2026.05.01	10:00:00	1.36106	1.36144	1.35987	1.36046	7213	0	0
2026.05.01	11:00:00	1.36047	1.36117	1.36005	1.36079	3756	0	0
2026.05.01	12:00:00	1.36079	1.36095	1.35914	1.35928	3340	0	2
2026.05.01	13:00:00	1.35928	1.36098	1.35916	1.36059	3262	0	2
2026.05.01	14:00:00	1.36059	1.36226	1.36056	1.36200	4766	0	1
2026.05.01	15:00:00	1.36200	1.36429	1.36154	1.36294	6747	0	0
2026.05.01	16:00:00	1.36294	1.36396	1.36161	1.36371	7817	0	0
2026.05.01	17:00:00	1.36371	1.36575	1.36172	1.36230	9196	0	0
2026.05.01	18:00:00	1.36229	1.36301	1.36140	1.36188	8514	0	0
2026.05.01	19:00:00	1.36188	1.36229	1.35984	1.35987	6755	0	0
2026.05.01	20:00:00	1.35987	1.36015	1.35884	1.35934	5667	0	0
2026.05.01	21:00:00	1.35933	1.35946	1.35749	1.35822	4715	0	0
2026.05.01	22:00:00	1.35822	1.35831	1.35727	1.35730	2995	0	3
2026.05.01	23:00:00	1.35728	1.35755	1.35683	1.35690	4283	0	6
2026.05.04	00:00:00	1.35782	1.36018	1.35770	1.36011	816	0	20
2026.05.04	01:00:00	1.36013	1.36023	1.35838	1.35891	1344	0	5
2026.05.04	02:00:00	1.35891	1.35899	1.35794	1.35807	1805	0	6
2026.05.04	03:00:00	1.35807	1.35871	1.35747	1.35865	3795	0	0
2026.05.04	04:00:00	1.35865	1.35876	1.35762	1.35842	3384	0	1
2026.05.04	05:00:00	1.35842	1.35897	1.35795	1.35849	3042	0	3
2026.05.04	06:00:00	1.35849	1.36011	1.35824	1.35973	4519	0	0
2026.05.04	07:00:00	1.35975	1.35987	1.35856	1.35877	2633	0	2
2026.05.04	08:00:00	1.35877	1.35932	1.35850	1.35920	3497	0	2
2026.05.04	09:00:00	1.35920	1.35983	1.35756	1.35806	4430	0	0
2026.05.04	10:00:00	1.35806	1.35806	1.35628	1.35661	4455	0	0
2026.05.04	11:00:00	1.35660	1.35670	1.35590	1.35604	4509	0	0
2026.05.04	12:00:00	1.35604	1.35661	1.35564	1.35588	3830	0	2
2026.05.04	13:00:00	1.35588	1.35593	1.35230	1.35453	10308	0	0
2026.05.04	14:00:00	1.35453	1.35508	1.35337	1.35408	5976	0	0
2026.05.04	15:00:00	1.35409	1.35632	1.35386	1.35568	6692	0	0
2026.05.04	16:00:00	1.35569	1.35670	1.35481	1.35596	8738	0	0
2026.05.04	17:00:00	1.35596	1.35691	1.35499	1.35533	7292	0	0
2026.05.04	18:00:00	1.35533	1.35589	1.35246	1.35324	10934	0	0
2026.05.04	19:00:00	1.35323	1.35362	1.35119	1.35187	9404	0	0
2026.05.04	20:00:00	1.35187	1.35398	1.35184	1.35326	5125	0	0
2026.05.04	21:00:00	1.35326	1.35371	1.35255	1.35368	3952	0	0
2026.05.04	22:00:00	1.35367	1.35419	1.35316	1.35367	4904	0	0
2026.05.04	23:00:00	1.35365	1.35366	1.35263	1.35301	2498	0	6
2026.05.05	00:00:00	1.35272	1.35330	1.35145	1.35264	1174	0	20
2026.05.05	01:00:00	1.35278	1.35318	1.35262	1.35278	1508	0	7
2026.05.05	02:00:00	1.35278	1.35318	1.35275	1.35307	1498	0	2
2026.05.05	03:00:00	1.35309	1.35344	1.35227	1.35244	2554	0	1
2026.05.05	04:00:00	1.35244	1.35269	1.35176	1.35255	3013	0	0
2026.05.05	05:00:00	1.35255	1.35317	1.35247	1.35255	2070	0	0
2026.05.05	06:00:00	1.35255	1.35270	1.35207	1.35209	1804	0	2
2026.05.05	07:00:00	1.35209	1.35277	1.35144	1.35154	1965	0	3
2026.05.05	08:00:00	1.35154	1.35249	1.35134	1.35189	3033	0	3
2026.05.05	09:00:00	1.35189	1.35359	1.35145	1.35309	4818	0	0
2026.05.05	10:00:00	1.35308	1.35478	1.35308	1.35377	5070	0	1
2026.05.05	11:00:00	1.35377	1.35503	1.35373	1.35418	4973	0	0
2026.05.05	12:00:00	1.35418	1.35467	1.35319	1.35417	5544	0	0
2026.05.05	13:00:00	1.35417	1.35505	1.35379	1.35455	4025	0	1
2026.05.05	14:00:00	1.35455	1.35469	1.35305	1.35405	5596	0	0
2026.05.05	15:00:00	1.35405	1.35493	1.35315	1.35436	6615	0	0
2026.05.05	16:00:00	1.35435	1.35591	1.35433	1.35537	7098	0	1
2026.05.05	17:00:00	1.35520	1.35676	1.35493	1.35641	9772	0	0
2026.05.05	18:00:00	1.35641	1.35782	1.35613	1.35737	7086	0	0
2026.05.05	19:00:00	1.35737	1.35759	1.35546	1.35558	5120	0	2
2026.05.05	20:00:00	1.35558	1.35588	1.35472	1.35504	4296	0	2
2026.05.05	21:00:00	1.35504	1.35531	1.35457	1.35487	3672	0	0
2026.05.05	22:00:00	1.35487	1.35507	1.35405	1.35427	3651	0	3
2026.05.05	23:00:00	1.35427	1.35440	1.35368	1.35382	2597	0	5
2026.05.06	00:00:00	1.35530	1.35545	1.35317	1.35391	1018	0	20
2026.05.06	01:00:00	1.35391	1.35606	1.35383	1.35570	2194	0	0
2026.05.06	02:00:00	1.35570	1.35794	1.35564	1.35673	3387	0	1
2026.05.06	03:00:00	1.35676	1.35772	1.35647	1.35744	4892	0	2
2026.05.06	04:00:00	1.35744	1.35800	1.35725	1.35737	4108	0	1
2026.05.06	05:00:00	1.35737	1.35778	1.35656	1.35681	2869	0	0
2026.05.06	06:00:00	1.35681	1.35717	1.35635	1.35647	2963	0	2
2026.05.06	07:00:00	1.35647	1.35954	1.35630	1.35893	7616	0	0
2026.05.06	08:00:00	1.35893	1.35912	1.35828	1.35861	4061	0	2
2026.05.06	09:00:00	1.35861	1.35900	1.35809	1.35887	5588	0	0
2026.05.06	10:00:00	1.35887	1.35990	1.35834	1.35985	6723	0	0
2026.05.06	11:00:00	1.35985	1.36343	1.35918	1.36255	8333	0	0
2026.05.06	12:00:00	1.36255	1.36288	1.36136	1.36256	7556	0	0
2026.05.06	13:00:00	1.36256	1.36432	1.36134	1.36368	7510	0	0
2026.05.06	14:00:00	1.36368	1.36417	1.36199	1.36231	9193	0	0
2026.05.06	15:00:00	1.36231	1.36237	1.36076	1.36115	8715	0	0
2026.05.06	16:00:00	1.36115	1.36171	1.36004	1.36074	9871	0	0
2026.05.06	17:00:00	1.36075	1.36192	1.35985	1.36036	9451	0	0
2026.05.06	18:00:00	1.36036	1.36042	1.35937	1.35954	7723	0	0
2026.05.06	19:00:00	1.35954	1.35960	1.35783	1.35834	5868	0	0
2026.05.06	20:00:00	1.35833	1.35992	1.35813	1.35921	5308	0	0
2026.05.06	21:00:00	1.35921	1.35971	1.35887	1.35938	4261	0	1
2026.05.06	22:00:00	1.35939	1.35989	1.35918	1.35928	4254	0	0
2026.05.06	23:00:00	1.35926	1.35952	1.35892	1.35920	2298	0	6
2026.05.07	00:00:00	1.35862	1.35942	1.35843	1.35911	1552	0	17
2026.05.07	01:00:00	1.35911	1.35946	1.35892	1.35942	1183	0	3
2026.05.07	02:00:00	1.35942	1.35960	1.35902	1.35908	1133	0	6
2026.05.07	03:00:00	1.35908	1.35990	1.35896	1.35918	5100	0	0
2026.05.07	04:00:00	1.35918	1.36080	1.35903	1.36047	4493	0	2
2026.05.07	05:00:00	1.36046	1.36081	1.36006	1.36034	3436	0	0
2026.05.07	06:00:00	1.36034	1.36034	1.35927	1.35927	2518	0	3
2026.05.07	07:00:00	1.35927	1.36009	1.35909	1.35974	2456	0	4
2026.05.07	08:00:00	1.35974	1.35998	1.35937	1.35944	2581	0	0
2026.05.07	09:00:00	1.35944	1.36080	1.35907	1.36000	5931	0	0
2026.05.07	10:00:00	1.35999	1.36241	1.35996	1.36207	7577	0	0
2026.05.07	11:00:00	1.36207	1.36239	1.36145	1.36218	5538	0	0
2026.05.07	12:00:00	1.36218	1.36236	1.36172	1.36187	4505	0	1
2026.05.07	13:00:00	1.36187	1.36301	1.36167	1.36196	5208	0	1
2026.05.07	14:00:00	1.36196	1.36241	1.36092	1.36175	5463	0	0
2026.05.07	15:00:00	1.36178	1.36285	1.36168	1.36231	6555	0	0
2026.05.07	16:00:00	1.36232	1.36286	1.36153	1.36187	8208	0	2
2026.05.07	17:00:00	1.36187	1.36307	1.36135	1.36299	7852	0	0
2026.05.07	18:00:00	1.36299	1.36321	1.36067	1.36077	8450	0	0
2026.05.07	19:00:00	1.36077	1.36096	1.35903	1.35939	7912	0	1
2026.05.07	20:00:00	1.35939	1.35948	1.35686	1.35829	8492	0	0
2026.05.07	21:00:00	1.35829	1.35845	1.35698	1.35801	6611	0	0
2026.05.07	22:00:00	1.35801	1.35843	1.35615	1.35619	6296	0	0
2026.05.07	23:00:00	1.35617	1.35753	1.35479	1.35497	5143	0	0
2026.05.08	00:00:00	1.35454	1.35660	1.35448	1.35508	973	0	0
2026.05.08	01:00:00	1.35508	1.35536	1.35465	1.35468	2895	0	0
2026.05.08	02:00:00	1.35468	1.35557	1.35467	1.35550	1628	0	4
2026.05.08	03:00:00	1.35552	1.35608	1.35484	1.35506	3970	0	1
2026.05.08	04:00:00	1.35506	1.35592	1.35506	1.35582	3566	0	0
2026.05.08	05:00:00	1.35582	1.35606	1.35494	1.35556	3912	0	2
2026.05.08	06:00:00	1.35556	1.35600	1.35527	1.35543	2812	0	3
2026.05.08	07:00:00	1.35543	1.35682	1.35495	1.35649	2669	0	0
2026.05.08	08:00:00	1.35649	1.35768	1.35647	1.35740	2868	0	0
2026.05.08	09:00:00	1.35740	1.35900	1.35725	1.35855	4321	0	0
2026.05.08	10:00:00	1.35855	1.35889	1.35775	1.35815	4197	0	2
2026.05.08	11:00:00	1.35814	1.36150	1.35783	1.36133	5086	0	0
2026.05.08	12:00:00	1.36133	1.36224	1.36120	1.36147	4408	0	2
2026.05.08	13:00:00	1.36147	1.36186	1.36018	1.36027	3844	0	0
2026.05.08	14:00:00	1.36027	1.36132	1.36001	1.36127	5166	0	0
2026.05.08	15:00:00	1.36127	1.36239	1.36010	1.36135	7710	0	0
2026.05.08	16:00:00	1.36135	1.36305	1.36059	1.36255	7972	0	1
2026.05.08	17:00:00	1.36255	1.36274	1.36097	1.36249	8568	0	1
2026.05.08	18:00:00	1.36249	1.36291	1.36168	1.36235	6882	0	0
2026.05.08	19:00:00	1.36235	1.36306	1.36156	1.36167	4406	0	0
2026.05.08	20:00:00	1.36167	1.36233	1.36159	1.36194	3641	0	0
2026.05.08	21:00:00	1.36194	1.36306	1.36176	1.36217	3700	0	0
2026.05.08	22:00:00	1.36217	1.36286	1.36214	1.36280	3726	0	1
2026.05.08	23:00:00	1.36278	1.36363	1.36269	1.36340	3066	0	0
2026.05.11	00:00:00	1.35483	1.35871	1.35483	1.35674	2879	0	0
2026.05.11	01:00:00	1.35666	1.35895	1.35659	1.35891	3209	0	0
2026.05.11	02:00:00	1.35892	1.35965	1.35890	1.35936	1925	0	0
2026.05.11	03:00:00	1.35936	1.36008	1.35906	1.35988	3868	0	3
2026.05.11	04:00:00	1.35987	1.36006	1.35897	1.35928	4268	0	0
2026.05.11	05:00:00	1.35929	1.35979	1.35899	1.35902	2608	0	1
2026.05.11	06:00:00	1.35902	1.35936	1.35880	1.35892	3046	0	3
2026.05.11	07:00:00	1.35892	1.35900	1.35788	1.35807	1902	0	2
2026.05.11	08:00:00	1.35807	1.35885	1.35797	1.35836	2653	0	0
2026.05.11	09:00:00	1.35836	1.35987	1.35803	1.35987	4695	0	0
2026.05.11	10:00:00	1.35987	1.36029	1.35960	1.35994	4007	0	0
2026.05.11	11:00:00	1.35994	1.36142	1.35981	1.36074	4739	0	0
2026.05.11	12:00:00	1.36075	1.36121	1.35988	1.35989	3819	0	0
2026.05.11	13:00:00	1.35989	1.36042	1.35854	1.35883	5145	0	0
2026.05.11	14:00:00	1.35883	1.36143	1.35880	1.36068	5334	0	0
2026.05.11	15:00:00	1.36068	1.36155	1.35993	1.36110	6046	0	1
2026.05.11	16:00:00	1.36110	1.36293	1.36107	1.36233	6396	0	2
2026.05.11	17:00:00	1.36233	1.36393	1.36169	1.36390	7438	0	0
2026.05.11	18:00:00	1.36390	1.36530	1.36370	1.36494	6444	0	0
2026.05.11	19:00:00	1.36494	1.36497	1.36374	1.36409	5622	0	0
2026.05.11	20:00:00	1.36409	1.36450	1.36356	1.36425	4541	0	0
2026.05.11	21:00:00	1.36425	1.36440	1.36271	1.36285	3973	0	0
2026.05.11	22:00:00	1.36286	1.36295	1.36165	1.36178	4178	0	0
2026.05.11	23:00:00	1.36178	1.36196	1.36068	1.36094	2769	0	0
2026.05.12	00:00:00	1.36072	1.36100	1.36044	1.36048	393	0	15
2026.05.12	01:00:00	1.36057	1.36094	1.36056	1.36073	1421	0	5
2026.05.12	02:00:00	1.36073	1.36097	1.36026	1.36037	1146	0	3
2026.05.12	03:00:00	1.36039	1.36046	1.35927	1.35935	3274	0	1
2026.05.12	04:00:00	1.35935	1.35954	1.35796	1.35868	4992	0	1
2026.05.12	05:00:00	1.35868	1.35925	1.35852	1.35905	2804	0	1
2026.05.12	06:00:00	1.35906	1.35916	1.35812	1.35827	2260	0	4
2026.05.12	07:00:00	1.35827	1.35865	1.35795	1.35842	2532	0	2
2026.05.12	08:00:00	1.35842	1.35859	1.35684	1.35738	3974	0	0
2026.05.12	09:00:00	1.35738	1.35798	1.35443	1.35451	5765	0	0
2026.05.12	10:00:00	1.35451	1.35500	1.35144	1.35180	6663	0	0
2026.05.12	11:00:00	1.35180	1.35360	1.35019	1.35299	7665	0	0
2026.05.12	12:00:00	1.35299	1.35483	1.35221	1.35390	6840	0	0
2026.05.12	13:00:00	1.35390	1.35528	1.35324	1.35328	5086	0	0
2026.05.12	14:00:00	1.35328	1.35448	1.35224	1.35321	6354	0	0
2026.05.12	15:00:00	1.35321	1.35429	1.35131	1.35370	8166	0	0
2026.05.12	16:00:00	1.35370	1.35427	1.35071	1.35103	9854	0	0
2026.05.12	17:00:00	1.35103	1.35371	1.35103	1.35239	10344	0	0
2026.05.12	18:00:00	1.35240	1.35285	1.35001	1.35263	9016	0	0
2026.05.12	19:00:00	1.35263	1.35304	1.35148	1.35177	6149	0	0
2026.05.12	20:00:00	1.35177	1.35282	1.35171	1.35229	5436	0	2
2026.05.12	21:00:00	1.35229	1.35329	1.35161	1.35316	5480	0	0
2026.05.12	22:00:00	1.35316	1.35439	1.35316	1.35395	4302	0	1
2026.05.12	23:00:00	1.35395	1.35410	1.35357	1.35396	3052	0	5
2026.05.13	00:00:00	1.35341	1.35383	1.35269	1.35354	1117	0	33
2026.05.13	01:00:00	1.35354	1.35417	1.35354	1.35395	919	0	2
2026.05.13	02:00:00	1.35395	1.35420	1.35343	1.35347	1264	0	6
2026.05.13	03:00:00	1.35349	1.35387	1.35301	1.35364	4163	0	1
2026.05.13	04:00:00	1.35365	1.35454	1.35282	1.35410	4535	0	0
2026.05.13	05:00:00	1.35410	1.35461	1.35365	1.35379	2875	0	2
2026.05.13	06:00:00	1.35379	1.35400	1.35306	1.35374	2987	0	1
2026.05.13	07:00:00	1.35375	1.35380	1.35317	1.35338	2047	0	3
2026.05.13	08:00:00	1.35338	1.35491	1.35334	1.35484	3228	0	2
2026.05.13	09:00:00	1.35484	1.35512	1.35232	1.35279	4608	0	0
2026.05.13	10:00:00	1.35279	1.35371	1.35198	1.35203	5401	0	0
2026.05.13	11:00:00	1.35203	1.35335	1.35185	1.35238	4638	0	0
2026.05.13	12:00:00	1.35238	1.35243	1.35065	1.35177	4653	0	0
2026.05.13	13:00:00	1.35176	1.35217	1.34941	1.35069	7245	0	0
2026.05.13	14:00:00	1.35069	1.35100	1.34991	1.35035	4506	0	0
2026.05.13	15:00:00	1.35035	1.35101	1.34841	1.34900	6982	0	0
2026.05.13	16:00:00	1.34900	1.35174	1.34900	1.35138	7493	0	0
2026.05.13	17:00:00	1.35137	1.35203	1.35045	1.35133	7171	0	0
2026.05.13	18:00:00	1.35133	1.35291	1.35123	1.35188	6167	0	0
2026.05.13	19:00:00	1.35188	1.35276	1.35120	1.35149	5171	0	2
2026.05.13	20:00:00	1.35149	1.35190	1.35106	1.35120	4491	0	2
2026.05.13	21:00:00	1.35120	1.35200	1.35112	1.35180	4796	0	2
2026.05.13	22:00:00	1.35180	1.35241	1.35179	1.35225	4020	0	2
2026.05.13	23:00:00	1.35223	1.35262	1.35199	1.35232	2400	0	6
2026.05.14	00:00:00	1.35213	1.35243	1.35154	1.35195	1180	0	13
2026.05.14	01:00:00	1.35195	1.35316	1.35192	1.35270	1123	0	4
2026.05.14	02:00:00	1.35271	1.35290	1.35239	1.35264	1380	0	0
2026.05.14	03:00:00	1.35264	1.35324	1.35247	1.35293	2975	0	4
2026.05.14	04:00:00	1.35293	1.35310	1.35206	1.35219	2951	0	3
2026.05.14	05:00:00	1.35219	1.35262	1.35214	1.35231	2553	0	5
2026.05.14	06:00:00	1.35231	1.35296	1.35223	1.35263	2227	0	3
2026.05.14	07:00:00	1.35263	1.35323	1.35248	1.35280	2346	0	5
2026.05.14	08:00:00	1.35279	1.35291	1.35144	1.35155	3220	0	1
2026.05.14	09:00:00	1.35155	1.35322	1.35146	1.35270	4020	0	0
2026.05.14	10:00:00	1.35270	1.35270	1.35045	1.35055	4615	0	0
2026.05.14	11:00:00	1.35055	1.35203	1.35031	1.35195	4721	0	0
2026.05.14	12:00:00	1.35195	1.35204	1.35095	1.35112	4175	0	0
2026.05.14	13:00:00	1.35112	1.35204	1.35089	1.35114	4161	0	0
2026.05.14	14:00:00	1.35114	1.35172	1.34951	1.34998	4610	0	0
2026.05.14	15:00:00	1.34998	1.35181	1.34963	1.35074	5038	0	0
2026.05.14	16:00:00	1.35074	1.35101	1.34889	1.34997	6868	0	0
2026.05.14	17:00:00	1.34996	1.35125	1.34831	1.34837	6201	0	0
2026.05.14	18:00:00	1.34837	1.34871	1.34726	1.34774	5691	0	0
2026.05.14	19:00:00	1.34774	1.34785	1.34318	1.34428	7339	0	0
2026.05.14	20:00:00	1.34428	1.34459	1.34098	1.34103	5434	0	0
2026.05.14	21:00:00	1.34103	1.34103	1.33947	1.34053	4580	0	0
2026.05.14	22:00:00	1.34053	1.34083	1.33960	1.33997	4159	0	0
2026.05.14	23:00:00	1.33997	1.34023	1.33950	1.34002	2672	0	6
2026.05.15	00:00:00	1.33990	1.34042	1.33949	1.34018	1137	0	15
2026.05.15	01:00:00	1.34018	1.34036	1.33970	1.33986	1320	0	6
2026.05.15	02:00:00	1.33986	1.33988	1.33844	1.33902	1917	0	3
2026.05.15	03:00:00	1.33904	1.33920	1.33741	1.33802	4510	0	0
2026.05.15	04:00:00	1.33802	1.33817	1.33642	1.33665	4909	0	0
2026.05.15	05:00:00	1.33665	1.33805	1.33634	1.33751	3570	0	3
2026.05.15	06:00:00	1.33751	1.33774	1.33728	1.33758	2790	0	0
2026.05.15	07:00:00	1.33758	1.33758	1.33628	1.33631	2589	0	5
2026.05.15	08:00:00	1.33632	1.33633	1.33403	1.33422	5386	0	0
2026.05.15	09:00:00	1.33422	1.33592	1.33346	1.33504	7213	0	0
2026.05.15	10:00:00	1.33504	1.33753	1.33453	1.33639	6543	0	0
2026.05.15	11:00:00	1.33645	1.33662	1.33414	1.33455	6874	0	0
2026.05.15	12:00:00	1.33455	1.33515	1.33278	1.33477	6214	0	0
2026.05.15	13:00:00	1.33477	1.33930	1.33477	1.33820	6776	0	0
2026.05.15	14:00:00	1.33819	1.33839	1.33585	1.33595	5964	0	0
2026.05.15	15:00:00	1.33595	1.33624	1.33403	1.33532	7087	0	0
2026.05.15	16:00:00	1.33532	1.33630	1.33370	1.33407	9572	0	0
2026.05.15	17:00:00	1.33407	1.33621	1.33350	1.33440	10406	0	0
2026.05.15	18:00:00	1.33440	1.33459	1.33160	1.33303	8786	0	0
2026.05.15	19:00:00	1.33303	1.33354	1.33200	1.33305	6889	0	0
2026.05.15	20:00:00	1.33305	1.33383	1.33244	1.33280	5576	0	0
2026.05.15	21:00:00	1.33280	1.33296	1.33176	1.33216	5311	0	1
2026.05.15	22:00:00	1.33216	1.33245	1.33158	1.33184	3594	0	1
2026.05.15	23:00:00	1.33184	1.33264	1.33147	1.33250	2559	0	0
2026.05.18	00:00:00	1.33195	1.33246	1.33185	1.33204	1133	0	18
2026.05.18	01:00:00	1.33204	1.33226	1.33109	1.33161	1832	0	0
2026.05.18	02:00:00	1.33161	1.33212	1.33074	1.33089	2403	0	4
2026.05.18	03:00:00	1.33091	1.33186	1.33045	1.33085	5289	0	3
2026.05.18	04:00:00	1.33084	1.33135	1.33020	1.33113	5216	0	4
2026.05.18	05:00:00	1.33113	1.33162	1.33052	1.33082	3745	0	2
2026.05.18	06:00:00	1.33082	1.33152	1.33072	1.33129	3863	0	3
2026.05.18	07:00:00	1.33129	1.33193	1.33120	1.33152	3359	0	5
2026.05.18	08:00:00	1.33152	1.33253	1.33129	1.33230	3558	0	3
2026.05.18	09:00:00	1.33230	1.33582	1.33216	1.33555	5193	0	1
2026.05.18	10:00:00	1.33554	1.33582	1.33427	1.33523	5434	0	0
2026.05.18	11:00:00	1.33523	1.33839	1.33500	1.33768	4641	0	0
2026.05.18	12:00:00	1.33768	1.33777	1.33602	1.33621	3984	0	0
2026.05.18	13:00:00	1.33621	1.33672	1.33462	1.33470	4005	0	2
2026.05.18	14:00:00	1.33470	1.33814	1.33468	1.33760	6780	0	0
2026.05.18	15:00:00	1.33760	1.34027	1.33749	1.33950	7240	0	0
2026.05.18	16:00:00	1.33950	1.34015	1.33798	1.33909	7566	0	0
2026.05.18	17:00:00	1.33909	1.34000	1.33809	1.33935	8559	0	0
2026.05.18	18:00:00	1.33935	1.34274	1.33816	1.34179	8515	0	0
2026.05.18	19:00:00	1.34177	1.34492	1.34150	1.34291	7014	0	0
2026.05.18	20:00:00	1.34291	1.34346	1.34218	1.34218	4562	0	1
2026.05.18	21:00:00	1.34218	1.34229	1.34012	1.34020	4960	0	1
2026.05.18	22:00:00	1.34020	1.34343	1.34002	1.34294	6908	0	0
2026.05.18	23:00:00	1.34292	1.34387	1.34290	1.34327	3791	0	5
2026.05.19	00:00:00	1.34293	1.34326	1.34135	1.34261	1083	0	37
2026.05.19	01:00:00	1.34261	1.34370	1.34261	1.34339	1434	0	0
2026.05.19	02:00:00	1.34339	1.34363	1.34308	1.34309	1391	0	5
2026.05.19	03:00:00	1.34309	1.34343	1.34186	1.34191	4207	0	3
2026.05.19	04:00:00	1.34191	1.34249	1.34128	1.34169	4534	0	3
2026.05.19	05:00:00	1.34169	1.34181	1.34087	1.34158	3850	0	3
2026.05.19	06:00:00	1.34158	1.34189	1.34124	1.34130	2957	0	5
2026.05.19	07:00:00	1.34131	1.34152	1.34057	1.34058	2747	0	5
2026.05.19	08:00:00	1.34058	1.34179	1.33998	1.34176	3835	0	3
2026.05.19	09:00:00	1.34176	1.34177	1.33968	1.33995	4859	0	0
2026.05.19	10:00:00	1.33992	1.34064	1.33900	1.34019	4814	0	0
2026.05.19	11:00:00	1.34019	1.34022	1.33888	1.33926	4615	0	3
2026.05.19	12:00:00	1.33926	1.34078	1.33869	1.34070	4186	0	1
2026.05.19	13:00:00	1.34070	1.34156	1.33930	1.34070	4638	0	0
2026.05.19	14:00:00	1.34070	1.34093	1.34022	1.34030	4619	0	1
2026.05.19	15:00:00	1.34030	1.34195	1.34020	1.34070	5468	0	0
2026.05.19	16:00:00	1.34070	1.34074	1.33858	1.34018	9041	0	0
2026.05.19	17:00:00	1.34018	1.34023	1.33781	1.33925	10231	0	0
2026.05.19	18:00:00	1.33924	1.34011	1.33887	1.33986	6656	0	0
2026.05.19	19:00:00	1.33986	1.34022	1.33877	1.33989	5824	0	2
2026.05.19	20:00:00	1.33989	1.34118	1.33989	1.34083	3842	0	1
2026.05.19	21:00:00	1.34083	1.34113	1.33966	1.33970	3923	0	0
2026.05.19	22:00:00	1.33970	1.34037	1.33962	1.33999	3378	0	3
2026.05.19	23:00:00	1.33997	1.34026	1.33926	1.33939	2116	0	2
2026.05.20	00:00:00	1.33928	1.34009	1.33913	1.33996	2691	0	11
2026.05.20	01:00:00	1.33996	1.33997	1.33949	1.33972	1511	0	5
2026.05.20	02:00:00	1.33972	1.34040	1.33951	1.33952	1822	0	5
2026.05.20	03:00:00	1.33952	1.34017	1.33869	1.33889	6168	0	3
2026.05.20	04:00:00	1.33889	1.33919	1.33778	1.33864	5726	0	4
2026.05.20	05:00:00	1.33864	1.33962	1.33832	1.33903	4610	0	4
2026.05.20	06:00:00	1.33903	1.34030	1.33872	1.33994	3529	0	4
2026.05.20	07:00:00	1.33994	1.34061	1.33893	1.33903	3544	0	4
2026.05.20	08:00:00	1.33903	1.33977	1.33878	1.33920	3867	0	0
2026.05.20	09:00:00	1.33910	1.34065	1.33754	1.33865	5671	0	0
2026.05.20	10:00:00	1.33863	1.33975	1.33823	1.33855	4585	0	0
2026.05.20	11:00:00	1.33855	1.33926	1.33748	1.33817	5285	0	0
2026.05.20	12:00:00	1.33817	1.33923	1.33801	1.33824	3719	0	0
2026.05.20	13:00:00	1.33823	1.33987	1.33809	1.33966	3849	0	1
2026.05.20	14:00:00	1.33966	1.34077	1.33942	1.33995	4362	0	2
2026.05.20	15:00:00	1.33995	1.34059	1.33958	1.33973	4655	0	1
2026.05.20	16:00:00	1.33972	1.34062	1.33908	1.33926	6175	0	0
2026.05.20	17:00:00	1.33926	1.34404	1.33829	1.34325	12337	0	0
2026.05.20	18:00:00	1.34325	1.34634	1.34209	1.34409	11285	0	0
2026.05.20	19:00:00	1.34409	1.34537	1.34349	1.34416	7279	0	0
2026.05.20	20:00:00	1.34416	1.34463	1.34348	1.34353	5768	0	0
2026.05.20	21:00:00	1.34353	1.34490	1.34323	1.34422	4801	0	1
2026.05.20	22:00:00	1.34422	1.34507	1.34369	1.34373	3735	0	0
2026.05.20	23:00:00	1.34371	1.34402	1.34331	1.34345	3345	0	3
2026.05.21	00:00:00	1.34318	1.34381	1.34318	1.34363	537	0	14
2026.05.21	01:00:00	1.34363	1.34381	1.34333	1.34360	1043	0	3
2026.05.21	02:00:00	1.34360	1.34380	1.34319	1.34336	1170	0	7
2026.05.21	03:00:00	1.34338	1.34393	1.34280	1.34369	3273	0	5
2026.05.21	04:00:00	1.34369	1.34453	1.34308	1.34340	3931	0	0
2026.05.21	05:00:00	1.34340	1.34372	1.34189	1.34255	3128	0	4
2026.05.21	06:00:00	1.34255	1.34311	1.34253	1.34267	1982	0	4
2026.05.21	07:00:00	1.34266	1.34330	1.34255	1.34313	2377	0	3
2026.05.21	08:00:00	1.34313	1.34332	1.34260	1.34327	3108	0	0
2026.05.21	09:00:00	1.34327	1.34395	1.34274	1.34341	4309	0	0
2026.05.21	10:00:00	1.34341	1.34393	1.34154	1.34293	6910	0	0
2026.05.21	11:00:00	1.34293	1.34547	1.34274	1.34352	6651	0	0
2026.05.21	12:00:00	1.34352	1.34462	1.34324	1.34418	4436	0	2
2026.05.21	13:00:00	1.34418	1.34457	1.34148	1.34242	6668	0	0
2026.05.21	14:00:00	1.34242	1.34390	1.34185	1.34214	4832	0	0
2026.05.21	15:00:00	1.34214	1.34295	1.34115	1.34135	6768	0	0
2026.05.21	16:00:00	1.34135	1.34204	1.33920	1.34060	8026	0	0
2026.05.21	17:00:00	1.34061	1.34128	1.33958	1.34111	8371	0	0
2026.05.21	18:00:00	1.34111	1.34120	1.33953	1.34051	7223	0	0
2026.05.21	19:00:00	1.34051	1.34102	1.34008	1.34079	5091	0	2
2026.05.21	20:00:00	1.34079	1.34490	1.34052	1.34427	9305	0	0
2026.05.21	21:00:00	1.34427	1.34481	1.34204	1.34259	6845	0	0
2026.05.21	22:00:00	1.34259	1.34408	1.34251	1.34356	4763	0	0
2026.05.21	23:00:00	1.34354	1.34403	1.34273	1.34297	2639	0	4
2026.05.22	00:00:00	1.34190	1.34334	1.34190	1.34283	3742	0	9
2026.05.22	01:00:00	1.34317	1.34340	1.34286	1.34322	688	0	9
2026.05.22	02:00:00	1.34322	1.34334	1.34304	1.34317	1230	0	5
2026.05.22	03:00:00	1.34317	1.34323	1.34243	1.34253	3740	0	5
2026.05.22	04:00:00	1.34251	1.34305	1.34235	1.34250	3236	0	4
2026.05.22	05:00:00	1.34250	1.34302	1.34243	1.34269	2706	0	5
2026.05.22	06:00:00	1.34269	1.34282	1.34229	1.34259	2029	0	5
2026.05.22	07:00:00	1.34259	1.34317	1.34252	1.34302	2148	0	5
2026.05.22	08:00:00	1.34302	1.34322	1.34195	1.34226	2262	0	3
2026.05.22	09:00:00	1.34226	1.34282	1.34167	1.34243	3677	0	0
2026.05.22	10:00:00	1.34243	1.34257	1.34130	1.34249	3266	0	3
2026.05.22	11:00:00	1.34249	1.34384	1.34229	1.34257	4304	0	0
2026.05.22	12:00:00	1.34257	1.34279	1.34165	1.34270	3268	0	3
2026.05.22	13:00:00	1.34270	1.34322	1.34202	1.34228	3053	0	4
2026.05.22	14:00:00	1.34228	1.34253	1.34186	1.34207	3558	0	0
2026.05.22	15:00:00	1.34207	1.34370	1.34164	1.34364	5108	0	0
2026.05.22	16:00:00	1.34364	1.34628	1.34329	1.34375	6915	0	0
2026.05.22	17:00:00	1.34375	1.34379	1.34177	1.34338	7815	0	0
2026.05.22	18:00:00	1.34338	1.34433	1.34289	1.34367	5754	0	1
2026.05.22	19:00:00	1.34367	1.34464	1.34331	1.34441	4595	0	0
2026.05.22	20:00:00	1.34440	1.34532	1.34423	1.34491	5143	0	0
2026.05.22	21:00:00	1.34491	1.34510	1.34436	1.34478	3090	0	0
2026.05.22	22:00:00	1.34478	1.34479	1.34379	1.34399	3272	0	0
2026.05.22	23:00:00	1.34397	1.34418	1.34248	1.34324	2946	0	0
2026.05.25	00:00:00	1.34482	1.34565	1.34460	1.34529	1024	0	28
2026.05.25	01:00:00	1.34533	1.34854	1.34530	1.34836	1764	0	0
2026.05.25	02:00:00	1.34836	1.34878	1.34802	1.34808	1506	0	5
2026.05.25	03:00:00	1.34807	1.34880	1.34767	1.34788	3083	0	3
2026.05.25	04:00:00	1.34788	1.34902	1.34772	1.34797	3173	0	3
2026.05.25	05:00:00	1.34797	1.34832	1.34751	1.34765	2120	0	4
2026.05.25	06:00:00	1.34765	1.34791	1.34740	1.34749	2642	0	5
2026.05.25	07:00:00	1.34749	1.34851	1.34743	1.34829	1783	0	3
2026.05.25	08:00:00	1.34829	1.34887	1.34809	1.34821	2319	0	3
2026.05.25	09:00:00	1.34820	1.34870	1.34782	1.34858	2826	0	3
2026.05.25	10:00:00	1.34859	1.34862	1.34703	1.34844	3878	0	0
2026.05.25	11:00:00	1.34845	1.34936	1.34783	1.34933	2894	0	4
2026.05.25	12:00:00	1.34933	1.34956	1.34912	1.34924	1661	0	1
2026.05.25	13:00:00	1.34924	1.34945	1.34892	1.34910	1946	0	5
2026.05.25	14:00:00	1.34910	1.35058	1.34872	1.34980	2508	0	0
2026.05.25	15:00:00	1.34980	1.35063	1.34967	1.35005	3199	0	0
2026.05.25	16:00:00	1.35005	1.35038	1.34937	1.34937	3393	0	2
2026.05.25	17:00:00	1.34937	1.35018	1.34925	1.35005	2893	0	4
2026.05.25	18:00:00	1.35005	1.35052	1.34956	1.35014	3030	0	0
2026.05.25	19:00:00	1.35014	1.35047	1.34989	1.35036	1781	0	3
2026.05.25	20:00:00	1.35036	1.35072	1.35030	1.35054	840	0	5
2026.05.25	21:00:00	1.35054	1.35069	1.35044	1.35066	808	0	4
2026.05.25	22:00:00	1.35066	1.35088	1.35053	1.35077	608	0	3
2026.05.25	23:00:00	1.35075	1.35080	1.35052	1.35062	1140	0	7
2026.05.26	00:00:00	1.34935	1.35046	1.34884	1.35000	1066	0	29
2026.05.26	01:00:00	1.35001	1.35048	1.35001	1.35027	768	0	7
2026.05.26	02:00:00	1.35027	1.35047	1.34951	1.34953	1588	0	5
2026.05.26	03:00:00	1.34953	1.34965	1.34879	1.34942	3301	0	4
2026.05.26	04:00:00	1.34941	1.34948	1.34822	1.34868	3310	0	3
2026.05.26	05:00:00	1.34867	1.34901	1.34828	1.34869	1773	0	5
2026.05.26	06:00:00	1.34869	1.34919	1.34864	1.34883	1572	0	6
2026.05.26	07:00:00	1.34883	1.34887	1.34802	1.34805	1451	0	5
2026.05.26	08:00:00	1.34805	1.34813	1.34740	1.34748	2137	0	3
2026.05.26	09:00:00	1.34748	1.34849	1.34735	1.34775	3746	0	0
2026.05.26	10:00:00	1.34775	1.34780	1.34645	1.34745	5485	0	0
2026.05.26	11:00:00	1.34745	1.34807	1.34714	1.34746	3928	0	3
2026.05.26	12:00:00	1.34746	1.34845	1.34721	1.34835	3726	0	0
2026.05.26	13:00:00	1.34835	1.34891	1.34775	1.34845	3870	0	0
2026.05.26	14:00:00	1.34845	1.34892	1.34682	1.34690	4362	0	0
2026.05.26	15:00:00	1.34690	1.34747	1.34656	1.34668	4485	0	0
2026.05.26	16:00:00	1.34668	1.34700	1.34564	1.34633	6881	0	2
2026.05.26	17:00:00	1.34633	1.34687	1.34493	1.34493	6854	0	0
2026.05.26	18:00:00	1.34493	1.34500	1.34344	1.34355	6378	0	0
2026.05.26	19:00:00	1.34356	1.34486	1.34344	1.34409	4248	0	0
2026.05.26	20:00:00	1.34409	1.34480	1.34382	1.34409	3522	0	0
2026.05.26	21:00:00	1.34409	1.34459	1.34390	1.34446	3098	0	3
2026.05.26	22:00:00	1.34446	1.34497	1.34423	1.34484	2494	0	1
2026.05.26	23:00:00	1.34484	1.34533	1.34448	1.34466	2093	0	6
2026.05.27	00:00:00	1.34438	1.34487	1.34345	1.34478	700	0	12
2026.05.27	01:00:00	1.34478	1.34503	1.34475	1.34500	1418	0	7
2026.05.27	02:00:00	1.34500	1.34587	1.34494	1.34543	1135	0	4
2026.05.27	03:00:00	1.34543	1.34577	1.34539	1.34553	3023	0	5
2026.05.27	04:00:00	1.34553	1.34553	1.34457	1.34469	3231	0	5
2026.05.27	05:00:00	1.34468	1.34538	1.34468	1.34522	2700	0	2
2026.05.27	06:00:00	1.34522	1.34583	1.34521	1.34545	1763	0	1
2026.05.27	07:00:00	1.34545	1.34562	1.34525	1.34539	1694	0	6
2026.05.27	08:00:00	1.34539	1.34566	1.34487	1.34493	2160	0	2
2026.05.27	09:00:00	1.34493	1.34558	1.34441	1.34522	3664	0	0
2026.05.27	10:00:00	1.34525	1.34562	1.34417	1.34428	3580	0	3
2026.05.27	11:00:00	1.34428	1.34517	1.34412	1.34462	3525	0	2
2026.05.27	12:00:00	1.34462	1.34519	1.34448	1.34450	3192	0	3
2026.05.27	13:00:00	1.34450	1.34460	1.34357	1.34406	3351	0	0
2026.05.27	14:00:00	1.34406	1.34425	1.34301	1.34344	3829	0	0
2026.05.27	15:00:00	1.34344	1.34564	1.34312	1.34397	8163	0	0
2026.05.27	16:00:00	1.34398	1.34486	1.34392	1.34465	7229	0	1
2026.05.27	17:00:00	1.34465	1.34577	1.34169	1.34184	9096	0	0
2026.05.27	18:00:00	1.34184	1.34315	1.34161	1.34290	6718	0	0
2026.05.27	19:00:00	1.34290	1.34316	1.34200	1.34306	4029	0	0
2026.05.27	20:00:00	1.34306	1.34316	1.34170	1.34265	4145	0	0
2026.05.27	21:00:00	1.34265	1.34308	1.34220	1.34296	3343	0	1
2026.05.27	22:00:00	1.34295	1.34328	1.34282	1.34302	2681	0	4
2026.05.27	23:00:00	1.34300	1.34324	1.34254	1.34270	1437	0	8
2026.05.28	00:00:00	1.34232	1.34285	1.34117	1.34247	814	0	15
2026.05.28	01:00:00	1.34247	1.34304	1.34242	1.34274	961	0	9
2026.05.28	02:00:00	1.34274	1.34286	1.34138	1.34156	1533	0	3
2026.05.28	03:00:00	1.34158	1.34198	1.34093	1.34131	3416	0	3
2026.05.28	04:00:00	1.34131	1.34138	1.33971	1.33981	3016	0	1
2026.05.28	05:00:00	1.33981	1.34065	1.33981	1.34013	2632	0	3
2026.05.28	06:00:00	1.34013	1.34032	1.33683	1.33684	4540	0	0
2026.05.28	07:00:00	1.33684	1.33780	1.33673	1.33774	4119	0	1
2026.05.28	08:00:00	1.33774	1.33958	1.33751	1.33919	2823	0	4
2026.05.28	09:00:00	1.33918	1.34076	1.33904	1.34037	3945	0	3
2026.05.28	10:00:00	1.34037	1.34112	1.33992	1.34023	5262	0	2
2026.05.28	11:00:00	1.34023	1.34067	1.33948	1.34015	3704	0	2
2026.05.28	12:00:00	1.34015	1.34095	1.33945	1.33956	3617	0	3
2026.05.28	13:00:00	1.33955	1.33979	1.33863	1.33889	4504	0	0
2026.05.28	14:00:00	1.33889	1.34100	1.33885	1.34063	3502	0	0
2026.05.28	15:00:00	1.34063	1.34248	1.34028	1.34206	5545	0	0
2026.05.28	16:00:00	1.34206	1.34278	1.34122	1.34123	6490	0	0
2026.05.28	17:00:00	1.34123	1.34507	1.34071	1.34325	10500	0	0
2026.05.28	18:00:00	1.34327	1.34418	1.34318	1.34354	6332	0	0
2026.05.28	19:00:00	1.34354	1.34482	1.34320	1.34463	5368	0	0
2026.05.28	20:00:00	1.34463	1.34479	1.34403	1.34453	3936	0	2
2026.05.28	21:00:00	1.34454	1.34478	1.34362	1.34401	4313	0	0
2026.05.28	22:00:00	1.34401	1.34439	1.34374	1.34393	3236	0	4
2026.05.28	23:00:00	1.34388	1.34437	1.34380	1.34436	2044	0	7
2026.05.29	00:00:00	1.34370	1.34456	1.34365	1.34410	187	0	13
2026.05.29	01:00:00	1.34414	1.34453	1.34408	1.34411	884	0	5
2026.05.29	02:00:00	1.34412	1.34452	1.34410	1.34436	971	0	5
2026.05.29	03:00:00	1.34436	1.34484	1.34392	1.34406	2547	0	5
2026.05.29	04:00:00	1.34406	1.34504	1.34379	1.34396	3222	0	4
2026.05.29	05:00:00	1.34396	1.34436	1.34378	1.34379	2432	0	5
2026.05.29	06:00:00	1.34379	1.34386	1.34301	1.34321	2123	0	4
2026.05.29	07:00:00	1.34321	1.34382	1.34318	1.34380	1597	0	4
2026.05.29	08:00:00	1.34380	1.34417	1.34358	1.34386	1547	0	4
2026.05.29	09:00:00	1.34386	1.34444	1.34353	1.34417	3657	0	3
2026.05.29	10:00:00	1.34417	1.34417	1.34174	1.34256	4317	0	0
2026.05.29	11:00:00	1.34253	1.34257	1.34082	1.34112	4253	0	0
2026.05.29	12:00:00	1.34112	1.34191	1.34091	1.34174	4082	0	0
2026.05.29	13:00:00	1.34173	1.34181	1.34097	1.34177	3568	0	3
2026.05.29	14:00:00	1.34177	1.34294	1.34152	1.34288	4246	0	0
2026.05.29	15:00:00	1.34288	1.34341	1.34211	1.34339	4631	0	0
2026.05.29	16:00:00	1.34339	1.34470	1.34306	1.34387	5369	0	0
2026.05.29	17:00:00	1.34387	1.34806	1.34293	1.34772	9499	0	0
2026.05.29	18:00:00	1.34773	1.34851	1.34697	1.34744	9124	0	0
2026.05.29	19:00:00	1.34744	1.34754	1.34636	1.34670	5261	0	0
2026.05.29	20:00:00	1.34671	1.34697	1.34553	1.34556	3661	0	0
2026.05.29	21:00:00	1.34556	1.34646	1.34549	1.34603	3886	0	2
2026.05.29	22:00:00	1.34602	1.34707	1.34602	1.34674	3815	0	2
2026.05.29	23:00:00	1.34672	1.34677	1.34478	1.34540	5029	0	0
2026.06.01	00:00:00	1.34490	1.34631	1.34479	1.34525	4237	0	43
2026.06.01	01:00:00	1.34525	1.34553	1.34455	1.34485	2820	0	0
2026.06.01	02:00:00	1.34485	1.34588	1.34473	1.34505	3218	0	0
2026.06.01	03:00:00	1.34505	1.34544	1.34453	1.34511	4292	0	3
2026.06.01	04:00:00	1.34511	1.34536	1.34483	1.34535	3112	0	4
2026.06.01	05:00:00	1.34535	1.34561	1.34525	1.34556	1932	0	2
2026.06.01	06:00:00	1.34556	1.34593	1.34492	1.34497	2333	0	0
2026.06.01	07:00:00	1.34497	1.34577	1.34493	1.34569	1223	0	5
2026.06.01	08:00:00	1.34569	1.34656	1.34562	1.34629	1862	0	3
2026.06.01	09:00:00	1.34629	1.34757	1.34577	1.34723	3699	0	0
2026.06.01	10:00:00	1.34723	1.34723	1.34552	1.34604	4109	0	0
2026.06.01	11:00:00	1.34604	1.34733	1.34602	1.34705	3520	0	0
2026.06.01	12:00:00	1.34705	1.34747	1.34569	1.34594	3728	0	1
2026.06.01	13:00:00	1.34595	1.34654	1.34552	1.34628	3236	0	1
2026.06.01	14:00:00	1.34628	1.34660	1.34597	1.34652	3348	0	2
2026.06.01	15:00:00	1.34652	1.34685	1.34621	1.34635	4456	0	2
2026.06.01	16:00:00	1.34634	1.34637	1.34102	1.34140	10536	0	0
2026.06.01	17:00:00	1.34139	1.34370	1.34065	1.34368	7998	0	0
2026.06.01	18:00:00	1.34368	1.34558	1.34328	1.34490	6392	0	0
2026.06.01	19:00:00	1.34491	1.34628	1.34403	1.34602	4969	0	0
2026.06.01	20:00:00	1.34602	1.34696	1.34535	1.34645	4979	0	0
2026.06.01	21:00:00	1.34645	1.34657	1.34569	1.34569	2261	0	3
2026.06.01	22:00:00	1.34569	1.34609	1.34532	1.34588	2538	0	0
2026.06.01	23:00:00	1.34586	1.34605	1.34538	1.34546	1881	0	8
2026.06.02	00:00:00	1.34500	1.34605	1.34482	1.34548	3778	0	16
2026.06.02	01:00:00	1.34548	1.34597	1.34543	1.34577	1679	0	6
2026.06.02	02:00:00	1.34576	1.34602	1.34564	1.34593	1136	0	3
2026.06.02	03:00:00	1.34596	1.34619	1.34521	1.34535	2492	0	3
2026.06.02	04:00:00	1.34535	1.34613	1.34506	1.34517	3821	0	0
2026.06.02	05:00:00	1.34516	1.34565	1.34507	1.34534	2047	0	4
2026.06.02	06:00:00	1.34534	1.34584	1.34532	1.34579	1714	0	4
2026.06.02	07:00:00	1.34579	1.34644	1.34568	1.34636	1497	0	0
2026.06.02	08:00:00	1.34636	1.34667	1.34607	1.34608	2166	0	3
2026.06.02	09:00:00	1.34608	1.34813	1.34608	1.34779	4597	0	1
2026.06.02	10:00:00	1.34779	1.34786	1.34676	1.34716	4574	0	2
2026.06.02	11:00:00	1.34716	1.34755	1.34605	1.34632	3880	0	0
2026.06.02	12:00:00	1.34632	1.34704	1.34605	1.34700	3021	0	0
2026.06.02	13:00:00	1.34700	1.34741	1.34663	1.34676	2702	0	2
2026.06.02	14:00:00	1.34676	1.34768	1.34651	1.34736	3351	0	1
2026.06.02	15:00:00	1.34736	1.34771	1.34704	1.34718	4019	0	1
2026.06.02	16:00:00	1.34718	1.34773	1.34668	1.34699	5642	0	3
2026.06.02	17:00:00	1.34699	1.34804	1.34633	1.34721	5558	0	0
2026.06.02	18:00:00	1.34721	1.34799	1.34711	1.34790	4837	0	0
2026.06.02	19:00:00	1.34790	1.34797	1.34643	1.34659	3636	0	0
2026.06.02	20:00:00	1.34658	1.34675	1.34572	1.34590	3204	0	0
2026.06.02	21:00:00	1.34590	1.34703	1.34529	1.34686	3058	0	2
2026.06.02	22:00:00	1.34686	1.34719	1.34674	1.34686	2038	0	2
2026.06.02	23:00:00	1.34684	1.34713	1.34632	1.34643	1377	0	6
2026.06.03	00:00:00	1.34634	1.34672	1.34585	1.34609	1473	0	15
2026.06.03	01:00:00	1.34611	1.34675	1.34611	1.34615	992	0	0
2026.06.03	02:00:00	1.34614	1.34621	1.34499	1.34523	1918	0	5
2026.06.03	03:00:00	1.34523	1.34668	1.34515	1.34656	2171	0	2
2026.06.03	04:00:00	1.34656	1.34716	1.34617	1.34671	2638	0	5
2026.06.03	05:00:00	1.34671	1.34706	1.34607	1.34628	1943	0	2
2026.06.03	06:00:00	1.34628	1.34645	1.34606	1.34627	1558	0	5
2026.06.03	07:00:00	1.34627	1.34635	1.34584	1.34601	1355	0	3
2026.06.03	08:00:00	1.34601	1.34635	1.34494	1.34494	2013	0	4
2026.06.03	09:00:00	1.34494	1.34534	1.34364	1.34499	4368	0	0
2026.06.03	10:00:00	1.34499	1.34624	1.34425	1.34560	4662	0	0
2026.06.03	11:00:00	1.34560	1.34578	1.34402	1.34424	4385	0	0
2026.06.03	12:00:00	1.34424	1.34508	1.34421	1.34478	3645	0	1
2026.06.03	13:00:00	1.34477	1.34598	1.34454	1.34496	4277	0	0
2026.06.03	14:00:00	1.34496	1.34557	1.34482	1.34498	3211	0	2
2026.06.03	15:00:00	1.34498	1.34507	1.34272	1.34319	5478	0	0
2026.06.03	16:00:00	1.34319	1.34361	1.34214	1.34246	7239	0	0
2026.06.03	17:00:00	1.34246	1.34369	1.34209	1.34368	7513	0	0
2026.06.03	18:00:00	1.34366	1.34394	1.34258	1.34342	6289	0	1
2026.06.03	19:00:00	1.34342	1.34349	1.34155	1.34224	5290	0	0
2026.06.03	20:00:00	1.34225	1.34282	1.34149	1.34158	3117	0	0
2026.06.03	21:00:00	1.34158	1.34179	1.34116	1.34163	2544	0	1
2026.06.03	22:00:00	1.34164	1.34205	1.34155	1.34193	2277	0	2
2026.06.03	23:00:00	1.34193	1.34206	1.34156	1.34167	1753	0	4
2026.06.04	00:00:00	1.34156	1.34179	1.34116	1.34126	1327	0	11
2026.06.04	01:00:00	1.34126	1.34282	1.34113	1.34224	1388	0	3
2026.06.04	02:00:00	1.34224	1.34278	1.34169	1.34262	1395	0	6
2026.06.04	03:00:00	1.34262	1.34317	1.34223	1.34254	3706	0	2
2026.06.04	04:00:00	1.34254	1.34276	1.34223	1.34271	3469	0	3
2026.06.04	05:00:00	1.34271	1.34275	1.34213	1.34260	2313	0	5
2026.06.04	06:00:00	1.34260	1.34260	1.34170	1.34229	1612	0	0
2026.06.04	07:00:00	1.34229	1.34312	1.34225	1.34308	1599	0	2
2026.06.04	08:00:00	1.34308	1.34318	1.34202	1.34278	2296	0	3
2026.06.04	09:00:00	1.34278	1.34347	1.34241	1.34277	3889	0	1
2026.06.04	10:00:00	1.34277	1.34290	1.34112	1.34217	4467	0	0
2026.06.04	11:00:00	1.34217	1.34353	1.34215	1.34297	3748	0	0
2026.06.04	12:00:00	1.34297	1.34420	1.34296	1.34366	4326	0	3
2026.06.04	13:00:00	1.34365	1.34436	1.34336	1.34428	3649	0	0
2026.06.04	14:00:00	1.34428	1.34622	1.34425	1.34585	5352	0	0
2026.06.04	15:00:00	1.34585	1.34623	1.34519	1.34557	4865	0	0
2026.06.04	16:00:00	1.34557	1.34571	1.34481	1.34509	6013	0	0
2026.06.04	17:00:00	1.34509	1.34541	1.34348	1.34433	5984	0	0
2026.06.04	18:00:00	1.34433	1.34437	1.34297	1.34390	4975	0	0
2026.06.04	19:00:00	1.34390	1.34417	1.34341	1.34349	3876	0	3
2026.06.04	20:00:00	1.34349	1.34360	1.34260	1.34266	2708	0	2
2026.06.04	21:00:00	1.34266	1.34290	1.34232	1.34246	2466	0	0
2026.06.04	22:00:00	1.34245	1.34258	1.34214	1.34235	1886	0	4
2026.06.04	23:00:00	1.34233	1.34245	1.34201	1.34237	1364	0	8
2026.06.05	00:00:00	1.34216	1.34279	1.34172	1.34192	5287	0	27
2026.06.05	01:00:00	1.34192	1.34256	1.34188	1.34232	556	0	7
2026.06.05	02:00:00	1.34232	1.34244	1.34214	1.34223	785	0	5
2026.06.05	03:00:00	1.34225	1.34237	1.34182	1.34234	3114	0	4
2026.06.05	04:00:00	1.34233	1.34249	1.34157	1.34237	3548	0	3
2026.06.05	05:00:00	1.34237	1.34281	1.34227	1.34238	2426	0	5
2026.06.05	06:00:00	1.34238	1.34278	1.34228	1.34265	2095	0	5
2026.06.05	07:00:00	1.34265	1.34314	1.34256	1.34291	1837	0	6
2026.06.05	08:00:00	1.34291	1.34314	1.34246	1.34254	1910	0	0
2026.06.05	09:00:00	1.34254	1.34357	1.34237	1.34350	3674	0	4
2026.06.05	10:00:00	1.34350	1.34481	1.34335	1.34450	3859	0	1
2026.06.05	11:00:00	1.34451	1.34577	1.34442	1.34551	3710	0	0
2026.06.05	12:00:00	1.34551	1.34696	1.34525	1.34643	3797	0	1
2026.06.05	13:00:00	1.34643	1.34829	1.34634	1.34741	3300	0	3
2026.06.05	14:00:00	1.34741	1.34750	1.34659	1.34679	3639	0	0
2026.06.05	15:00:00	1.34679	1.34687	1.34039	1.34042	8157	0	0
2026.06.05	16:00:00	1.34042	1.34219	1.33942	1.33983	11570	0	0
2026.06.05	17:00:00	1.33983	1.34082	1.33794	1.33861	9882	0	0
2026.06.05	18:00:00	1.33861	1.33876	1.33566	1.33581	7158	0	0
2026.06.05	19:00:00	1.33581	1.33591	1.33404	1.33556	6776	0	1
2026.06.05	20:00:00	1.33556	1.33566	1.33368	1.33413	5276	0	0
2026.06.05	21:00:00	1.33413	1.33438	1.33336	1.33364	6123	0	0
2026.06.05	22:00:00	1.33364	1.33403	1.33299	1.33376	5389	0	0
2026.06.05	23:00:00	1.33374	1.33407	1.33301	1.33407	3704	0	4
2026.06.08	00:00:00	1.33186	1.33281	1.33180	1.33181	931	0	16
2026.06.08	01:00:00	1.33181	1.33295	1.33164	1.33232	3436	0	4
2026.06.08	02:00:00	1.33232	1.33359	1.33232	1.33345	2010	0	0
2026.06.08	03:00:00	1.33345	1.33489	1.33339	1.33489	2943	0	1
2026.06.08	04:00:00	1.33489	1.33502	1.33183	1.33364	6918	0	0
2026.06.08	05:00:00	1.33364	1.33427	1.33273	1.33391	4249	0	0
2026.06.08	06:00:00	1.33391	1.33420	1.33342	1.33409	2420	0	4
2026.06.08	07:00:00	1.33409	1.33455	1.33376	1.33394	2124	0	3
2026.06.08	08:00:00	1.33394	1.33485	1.33251	1.33277	5007	0	2
2026.06.08	09:00:00	1.33277	1.33308	1.33198	1.33225	5722	0	0
2026.06.08	10:00:00	1.33225	1.33467	1.33206	1.33273	5634	0	0
2026.06.08	11:00:00	1.33273	1.33357	1.33197	1.33210	6426	0	0
2026.06.08	12:00:00	1.33210	1.33272	1.33056	1.33267	5754	0	0
2026.06.08	13:00:00	1.33267	1.33484	1.33229	1.33410	5304	0	0
2026.06.08	14:00:00	1.33410	1.33694	1.33402	1.33594	6675	0	0
2026.06.08	15:00:00	1.33594	1.33674	1.33451	1.33503	6111	0	0
2026.06.08	16:00:00	1.33503	1.33649	1.33480	1.33513	9057	0	0
2026.06.08	17:00:00	1.33511	1.33578	1.33366	1.33430	9003	0	0
2026.06.08	18:00:00	1.33431	1.33507	1.33351	1.33464	6973	0	0
2026.06.08	19:00:00	1.33464	1.33477	1.33421	1.33429	4861	0	2
2026.06.08	20:00:00	1.33429	1.33466	1.33396	1.33447	5027	0	0
2026.06.08	21:00:00	1.33448	1.33521	1.33375	1.33386	4251	0	0
2026.06.08	22:00:00	1.33386	1.33435	1.33381	1.33408	4056	0	2
2026.06.08	23:00:00	1.33405	1.33428	1.33368	1.33384	2151	0	4
2026.06.09	00:00:00	1.33370	1.33447	1.33342	1.33397	1810	0	13
2026.06.09	01:00:00	1.33397	1.33410	1.33378	1.33403	1158	0	6
2026.06.09	02:00:00	1.33403	1.33409	1.33325	1.33333	1071	0	0
2026.06.09	03:00:00	1.33333	1.33364	1.33307	1.33360	3714	0	2
2026.06.09	04:00:00	1.33361	1.33511	1.33353	1.33510	4136	0	3
2026.06.09	05:00:00	1.33510	1.33527	1.33473	1.33485	2500	0	3
2026.06.09	06:00:00	1.33485	1.33520	1.33452	1.33489	2334	0	2
2026.06.09	07:00:00	1.33489	1.33628	1.33473	1.33601	1791	0	1
2026.06.09	08:00:00	1.33601	1.33646	1.33556	1.33612	3325	0	1
2026.06.09	09:00:00	1.33614	1.33743	1.33583	1.33628	3961	0	0
2026.06.09	10:00:00	1.33628	1.33746	1.33580	1.33671	5026	0	0
2026.06.09	11:00:00	1.33671	1.33825	1.33644	1.33797	4543	0	0
2026.06.09	12:00:00	1.33798	1.33913	1.33788	1.33874	3197	0	0
2026.06.09	13:00:00	1.33874	1.33979	1.33847	1.33952	3502	0	2
2026.06.09	14:00:00	1.33952	1.34059	1.33942	1.34023	3360	0	2
2026.06.09	15:00:00	1.34023	1.34074	1.33982	1.34034	3828	0	1
2026.06.09	16:00:00	1.34036	1.34107	1.33945	1.33976	6558	0	1
2026.06.09	17:00:00	1.33976	1.34072	1.33882	1.33966	9664	0	0
2026.06.09	18:00:00	1.33965	1.34042	1.33723	1.33866	9019	0	0
2026.06.09	19:00:00	1.33866	1.33887	1.33582	1.33713	10955	0	0
2026.06.09	20:00:00	1.33713	1.33888	1.33706	1.33827	8108	0	0
2026.06.09	21:00:00	1.33827	1.33905	1.33804	1.33875	5686	0	3
2026.06.09	22:00:00	1.33875	1.33886	1.33783	1.33792	5007	0	0
2026.06.09	23:00:00	1.33792	1.33825	1.33770	1.33788	2267	0	6
2026.06.10	00:00:00	1.33710	1.33779	1.33641	1.33695	3527	0	23
2026.06.10	01:00:00	1.33695	1.33763	1.33690	1.33713	1186	0	7
2026.06.10	02:00:00	1.33712	1.33749	1.33679	1.33712	1652	0	3
2026.06.10	03:00:00	1.33712	1.33803	1.33681	1.33785	4956	0	0
2026.06.10	04:00:00	1.33785	1.33798	1.33721	1.33744	5185	0	2
2026.06.10	05:00:00	1.33744	1.33834	1.33727	1.33790	3054	0	5
2026.06.10	06:00:00	1.33790	1.33906	1.33786	1.33883	2651	0	4
2026.06.10	07:00:00	1.33884	1.33889	1.33793	1.33819	2921	0	2
2026.06.10	08:00:00	1.33819	1.33942	1.33796	1.33911	3693	0	2
2026.06.10	09:00:00	1.33911	1.33968	1.33823	1.33830	4142	0	0
2026.06.10	10:00:00	1.33830	1.33932	1.33797	1.33904	4287	0	2
2026.06.10	11:00:00	1.33903	1.33922	1.33819	1.33859	4647	0	0
2026.06.10	12:00:00	1.33859	1.33994	1.33807	1.33969	4290	0	0
2026.06.10	13:00:00	1.33969	1.33989	1.33895	1.33902	3766	0	1
2026.06.10	14:00:00	1.33902	1.33934	1.33757	1.33781	7835	0	0
2026.06.10	15:00:00	1.33781	1.34084	1.33769	1.33889	8466	0	0
2026.06.10	16:00:00	1.33889	1.34230	1.33881	1.34093	9470	0	1
2026.06.10	17:00:00	1.34093	1.34170	1.33954	1.34013	10629	0	0
2026.06.10	18:00:00	1.34013	1.34049	1.33710	1.33895	9972	0	0
2026.06.10	19:00:00	1.33895	1.33973	1.33865	1.33891	7082	0	1
2026.06.10	20:00:00	1.33891	1.33946	1.33791	1.33913	6245	0	0
2026.06.10	21:00:00	1.33913	1.33962	1.33787	1.33791	6277	0	0
2026.06.10	22:00:00	1.33790	1.33795	1.33714	1.33717	5088	0	0
2026.06.10	23:00:00	1.33717	1.33721	1.33667	1.33674	2175	0	6
2026.06.11	00:00:00	1.33666	1.33719	1.33633	1.33645	5796	0	6
2026.06.11	01:00:00	1.33645	1.33688	1.33549	1.33553	2507	0	7
2026.06.11	02:00:00	1.33553	1.33643	1.33492	1.33611	3760	0	0
2026.06.11	03:00:00	1.33613	1.33708	1.33613	1.33704	5632	0	2
2026.06.11	04:00:00	1.33704	1.33917	1.33696	1.33855	4209	0	3
2026.06.11	05:00:00	1.33855	1.33860	1.33763	1.33788	3341	0	5
2026.06.11	06:00:00	1.33788	1.33803	1.33748	1.33782	3217	0	4
2026.06.11	07:00:00	1.33782	1.33862	1.33760	1.33832	2363	0	4
2026.06.11	08:00:00	1.33832	1.33868	1.33795	1.33806	2755	0	2
2026.06.11	09:00:00	1.33806	1.33816	1.33749	1.33770	3764	0	2
2026.06.11	10:00:00	1.33770	1.33914	1.33763	1.33821	4321	0	1
2026.06.11	11:00:00	1.33821	1.33833	1.33608	1.33633	3864	0	1
2026.06.11	12:00:00	1.33633	1.33692	1.33580	1.33652	3291	0	0
2026.06.11	13:00:00	1.33652	1.33654	1.33521	1.33591	3354	0	2
2026.06.11	14:00:00	1.33591	1.33679	1.33590	1.33648	4335	0	0
2026.06.11	15:00:00	1.33648	1.33675	1.33401	1.33610	8619	0	0
2026.06.11	16:00:00	1.33609	1.33622	1.33388	1.33529	8949	0	0
2026.06.11	17:00:00	1.33529	1.33548	1.33249	1.33273	7964	0	0
2026.06.11	18:00:00	1.33273	1.33445	1.33242	1.33351	8075	0	1
2026.06.11	19:00:00	1.33353	1.33371	1.33275	1.33330	5221	0	1
2026.06.11	20:00:00	1.33330	1.34042	1.33261	1.33884	11847	0	0
2026.06.11	21:00:00	1.33884	1.34074	1.33782	1.33972	9886	0	0
2026.06.11	22:00:00	1.33971	1.34332	1.33970	1.34162	7962	0	0
2026.06.11	23:00:00	1.34162	1.34224	1.34129	1.34155	3677	0	0
2026.06.12	00:00:00	1.34144	1.34208	1.33916	1.34082	2387	0	38
2026.06.12	01:00:00	1.34082	1.34254	1.34082	1.34231	1676	0	3
2026.06.12	02:00:00	1.34231	1.34260	1.34128	1.34137	2550	0	4
2026.06.12	03:00:00	1.34139	1.34155	1.34055	1.34083	4976	0	1
2026.06.12	04:00:00	1.34083	1.34085	1.33995	1.34027	5357	0	1
2026.06.12	05:00:00	1.34028	1.34123	1.34021	1.34066	3822	0	5
2026.06.12	06:00:00	1.34066	1.34172	1.34045	1.34142	3867	0	0
2026.06.12	07:00:00	1.34142	1.34177	1.34095	1.34110	3322	0	3
2026.06.12	08:00:00	1.34110	1.34138	1.33943	1.33962	4686	0	2
2026.06.12	09:00:00	1.33962	1.34106	1.33961	1.34060	5035	0	0
2026.06.12	10:00:00	1.34060	1.34064	1.33832	1.33973	6535	0	0
2026.06.12	11:00:00	1.33973	1.34191	1.33946	1.34130	7497	0	0
2026.06.12	12:00:00	1.34130	1.34256	1.34087	1.34201	5795	0	1
2026.06.12	13:00:00	1.34201	1.34233	1.34044	1.34105	5390	0	1
2026.06.12	14:00:00	1.34105	1.34178	1.34080	1.34088	4839	0	3
2026.06.12	15:00:00	1.34088	1.34091	1.33893	1.33932	5855	0	0
2026.06.12	16:00:00	1.33932	1.34139	1.33901	1.34000	17867	0	0
2026.06.12	17:00:00	1.34000	1.34173	1.33952	1.34137	38904	0	0
2026.06.12	18:00:00	1.34136	1.34242	1.34081	1.34131	35625	0	0
2026.06.12	19:00:00	1.34131	1.34191	1.34074	1.34154	27795	0	0
2026.06.12	20:00:00	1.34154	1.34220	1.34144	1.34167	21895	0	0
2026.06.12	21:00:00	1.34165	1.34214	1.34120	1.34159	21895	0	0
2026.06.12	22:00:00	1.34159	1.34202	1.34083	1.34110	19617	0	0
2026.06.12	23:00:00	1.34110	1.34113	1.34014	1.34076	7900	0	0
2026.06.15	00:00:00	1.33957	1.34316	1.33957	1.34255	1847	0	0
2026.06.15	01:00:00	1.34255	1.34547	1.34249	1.34522	12643	0	0
2026.06.15	02:00:00	1.34522	1.34545	1.34451	1.34497	7990	0	0
2026.06.15	03:00:00	1.34497	1.34612	1.34438	1.34440	13991	0	0
2026.06.15	04:00:00	1.34440	1.34443	1.34368	1.34378	12674	0	0
2026.06.15	05:00:00	1.34378	1.34409	1.34328	1.34392	9598	0	0
2026.06.15	06:00:00	1.34392	1.34464	1.34381	1.34428	9919	0	0
2026.06.15	07:00:00	1.34428	1.34511	1.34405	1.34502	8658	0	0
2026.06.15	08:00:00	1.34502	1.34604	1.34502	1.34552	11515	0	0
2026.06.15	09:00:00	1.34552	1.34562	1.34350	1.34418	15669	0	0
2026.06.15	10:00:00	1.34418	1.34449	1.34282	1.34328	18368	0	0
2026.06.15	11:00:00	1.34328	1.34361	1.34184	1.34220	15752	0	0
2026.06.15	12:00:00	1.34228	1.34337	1.34226	1.34269	5740	0	0
2026.06.15	13:00:00	1.34269	1.34343	1.34223	1.34249	11937	0	0
2026.06.15	14:00:00	1.34249	1.34314	1.34194	1.34234	15668	0	0
2026.06.15	15:00:00	1.34234	1.34317	1.34170	1.34299	17808	0	0
2026.06.15	16:00:00	1.34299	1.34398	1.34272	1.34341	19672	0	0
2026.06.15	17:00:00	1.34341	1.34446	1.34277	1.34403	23231	0	0
2026.06.15	18:00:00	1.34402	1.34403	1.34240	1.34252	17272	0	0
2026.06.15	19:00:00	1.34252	1.34335	1.34240	1.34294	13890	0	0
2026.06.15	20:00:00	1.34294	1.34300	1.34254	1.34282	12351	0	0
2026.06.15	21:00:00	1.34282	1.34316	1.34187	1.34194	14412	0	0
2026.06.15	22:00:00	1.34195	1.34211	1.34078	1.34086	14699	0	0
2026.06.15	23:00:00	1.34085	1.34133	1.34062	1.34128	7578	0	0
2026.06.16	00:00:00	1.34128	1.34192	1.34044	1.34108	9497	0	0
2026.06.16	01:00:00	1.34108	1.34147	1.34074	1.34114	3003	0	0
2026.06.16	02:00:00	1.34114	1.34170	1.34114	1.34155	3711	0	0
2026.06.16	03:00:00	1.34155	1.34157	1.34092	1.34137	8303	0	0
2026.06.16	04:00:00	1.34137	1.34181	1.34049	1.34065	10198	0	0
2026.06.16	05:00:00	1.34065	1.34068	1.33973	1.34044	8541	0	0
2026.06.16	06:00:00	1.34044	1.34065	1.34000	1.34033	9163	0	0
2026.06.16	07:00:00	1.34033	1.34046	1.33909	1.33972	10028	0	0
2026.06.16	08:00:00	1.33972	1.34014	1.33923	1.33926	9613	0	0
2026.06.16	09:00:00	1.33925	1.34067	1.33905	1.34058	15163	0	0
2026.06.16	10:00:00	1.34058	1.34165	1.34027	1.34163	18073	0	0
2026.06.16	11:00:00	1.34163	1.34243	1.34131	1.34243	14836	0	0
2026.06.16	12:00:00	1.34243	1.34274	1.34148	1.34154	12727	0	0
2026.06.16	13:00:00	1.34153	1.34317	1.34145	1.34309	13151	0	0
2026.06.16	14:00:00	1.34309	1.34309	1.34113	1.34155	14429	0	0
2026.06.16	15:00:00	1.34155	1.34175	1.34076	1.34158	17348	0	0
2026.06.16	16:00:00	1.34158	1.34192	1.34065	1.34106	22676	0	0
2026.06.16	17:00:00	1.34106	1.34280	1.34031	1.34275	26877	0	0
2026.06.16	18:00:00	1.34275	1.34433	1.34188	1.34373	26799	0	0
2026.06.16	19:00:00	1.34373	1.34401	1.34288	1.34293	17551	0	0
2026.06.16	20:00:00	1.34293	1.34296	1.34247	1.34290	14906	0	0
2026.06.16	21:00:00	1.34292	1.34331	1.34233	1.34284	11921	0	0
2026.06.16	22:00:00	1.34285	1.34326	1.34219	1.34238	14283	0	0
2026.06.16	23:00:00	1.34238	1.34271	1.34216	1.34258	4786	0	0
2026.06.17	00:00:00	1.34256	1.34338	1.34207	1.34292	3518	0	0
2026.06.17	01:00:00	1.34292	1.34292	1.34260	1.34281	2947	0	0
2026.06.17	02:00:00	1.34281	1.34311	1.34247	1.34253	5275	0	0
2026.06.17	03:00:00	1.34253	1.34324	1.34239	1.34308	24956	0	0
2026.06.17	04:00:00	1.34308	1.34337	1.34264	1.34268	8677	0	0
2026.06.17	05:00:00	1.34268	1.34316	1.34253	1.34257	6007	0	0
2026.06.17	06:00:00	1.34257	1.34289	1.34247	1.34271	5096	0	0
2026.06.17	07:00:00	1.34271	1.34331	1.34267	1.34310	5377	0	0
2026.06.17	08:00:00	1.34310	1.34341	1.34271	1.34291	7343	0	0
2026.06.17	09:00:00	1.34291	1.34375	1.34084	1.34147	15558	0	0
2026.06.17	10:00:00	1.34147	1.34213	1.34114	1.34207	19948	0	0
2026.06.17	11:00:00	1.34207	1.34212	1.34082	1.34172	18420	0	0
2026.06.17	12:00:00	1.34172	1.34199	1.34126	1.34174	11544	0	0
2026.06.17	13:00:00	1.34174	1.34180	1.34092	1.34122	16059	0	0
2026.06.17	14:00:00	1.34122	1.34138	1.33994	1.34048	20304	0	0
2026.06.17	15:00:00	1.34049	1.34164	1.34037	1.34152	13718	0	0
2026.06.17	16:00:00	1.34151	1.34186	1.34058	1.34060	18599	0	0
2026.06.17	17:00:00	1.34060	1.34081	1.33848	1.33937	23694	0	0
2026.06.17	18:00:00	1.33937	1.33987	1.33877	1.33963	16258	0	0
2026.06.17	19:00:00	1.33963	1.33981	1.33894	1.33965	12135	0	0
2026.06.17	20:00:00	1.33965	1.34036	1.33940	1.34014	14429	0	0
2026.06.17	21:00:00	1.34014	1.34014	1.33347	1.33372	52934	0	0
2026.06.17	22:00:00	1.33371	1.33403	1.32621	1.32851	47665	0	0
2026.06.17	23:00:00	1.32851	1.32995	1.32772	1.32926	16407	0	0
2026.06.18	00:00:00	1.32880	1.33022	1.32778	1.32861	4471	0	0
2026.06.18	01:00:00	1.32861	1.32968	1.32857	1.32957	6448	0	0
2026.06.18	02:00:00	1.32957	1.33027	1.32956	1.33008	6514	0	0
2026.06.18	03:00:00	1.33008	1.33181	1.33006	1.33066	18543	0	0
2026.06.18	04:00:00	1.33065	1.33190	1.33061	1.33102	14306	0	0
2026.06.18	05:00:00	1.33102	1.33158	1.33066	1.33121	10790	0	0
2026.06.18	06:00:00	1.33121	1.33184	1.33120	1.33169	10198	0	0
2026.06.18	07:00:00	1.33170	1.33199	1.33122	1.33143	11891	0	0
2026.06.18	08:00:00	1.33143	1.33156	1.32993	1.32994	11196	0	0
2026.06.18	09:00:00	1.32994	1.33251	1.32992	1.33125	21002	0	0
2026.06.18	10:00:00	1.33125	1.33168	1.32892	1.32969	19209	0	0
2026.06.18	11:00:00	1.32969	1.32973	1.32412	1.32453	22340	0	0
2026.06.18	12:00:00	1.32453	1.32501	1.32336	1.32400	18001	0	0
2026.06.18	13:00:00	1.32400	1.32405	1.32251	1.32279	17480	0	0
2026.06.18	14:00:00	1.32280	1.32345	1.32051	1.32108	20378	0	0
2026.06.18	15:00:00	1.32109	1.32486	1.32095	1.32333	21344	0	0
2026.06.18	16:00:00	1.32333	1.32497	1.32241	1.32384	27424	0	0
2026.06.18	17:00:00	1.32383	1.32530	1.32307	1.32521	27910	0	0
2026.06.18	18:00:00	1.32521	1.32536	1.32255	1.32258	28073	0	0
2026.06.18	19:00:00	1.32258	1.32295	1.32110	1.32213	22655	0	0
2026.06.18	20:00:00	1.32213	1.32303	1.32084	1.32086	22983	0	0
2026.06.18	21:00:00	1.32086	1.32116	1.32026	1.32030	15055	0	0
2026.06.18	22:00:00	1.32030	1.32093	1.31928	1.31999	19270	0	0
2026.06.18	23:00:00	1.31997	1.32076	1.31972	1.32043	8452	0	0
2026.06.19	00:00:00	1.31981	1.32142	1.31978	1.32072	1259	0	0
2026.06.19	01:00:00	1.32072	1.32084	1.32029	1.32054	4356	0	0
2026.06.19	02:00:00	1.32054	1.32065	1.32004	1.32017	3879	0	0
2026.06.19	03:00:00	1.32017	1.32115	1.32011	1.32091	11646	0	0
2026.06.19	04:00:00	1.32091	1.32109	1.31945	1.31955	9657	0	0
2026.06.19	05:00:00	1.31953	1.32058	1.31935	1.32014	7982	0	0
2026.06.19	06:00:00	1.32013	1.32020	1.31860	1.31872	11886	0	0
2026.06.19	07:00:00	1.31872	1.31882	1.31682	1.31699	11142	0	0
2026.06.19	08:00:00	1.31699	1.31997	1.31631	1.31931	13778	0	0
2026.06.19	09:00:00	1.31932	1.31998	1.31842	1.31984	14927	0	0
2026.06.19	10:00:00	1.31984	1.32083	1.31911	1.31955	15499	0	0
2026.06.19	11:00:00	1.31954	1.32330	1.31953	1.32327	15471	0	0
2026.06.19	12:00:00	1.32327	1.32408	1.32272	1.32343	15852	0	0
2026.06.19	13:00:00	1.32343	1.32358	1.32230	1.32348	18353	0	0
2026.06.19	14:00:00	1.32349	1.32406	1.32266	1.32294	15582	0	0
2026.06.19	15:00:00	1.32294	1.32400	1.32249	1.32353	17779	0	0
2026.06.19	16:00:00	1.32353	1.32366	1.32164	1.32205	17061	0	0
2026.06.19	17:00:00	1.32205	1.32360	1.32137	1.32302	18235	0	0
2026.06.19	18:00:00	1.32302	1.32357	1.32178	1.32202	13087	0	0
2026.06.19	19:00:00	1.32202	1.32294	1.32179	1.32285	6694	0	0
2026.06.19	20:00:00	1.32285	1.32384	1.32284	1.32313	8261	0	0
2026.06.19	21:00:00	1.32313	1.32373	1.32303	1.32335	6270	0	0
2026.06.19	22:00:00	1.32335	1.32363	1.32295	1.32335	6706	0	0
2026.06.19	23:00:00	1.32335	1.32372	1.32202	1.32352	7934	0	0
2026.06.22	00:00:00	1.31810	1.32068	1.31808	1.31972	490	0	0
2026.06.22	01:00:00	1.31972	1.32120	1.31949	1.32082	4623	0	0
2026.06.22	02:00:00	1.32082	1.32105	1.32011	1.32075	5520	0	0
2026.06.22	03:00:00	1.32074	1.32224	1.32073	1.32221	9884	0	0
2026.06.22	04:00:00	1.32221	1.32339	1.32194	1.32198	14063	0	0
2026.06.22	05:00:00	1.32198	1.32280	1.32172	1.32250	8324	0	0
2026.06.22	06:00:00	1.32250	1.32272	1.32095	1.32125	8506	0	0
2026.06.22	07:00:00	1.32125	1.32133	1.32038	1.32073	8879	0	0
2026.06.22	08:00:00	1.32073	1.32210	1.32072	1.32090	11038	0	0
2026.06.22	09:00:00	1.32090	1.32167	1.32011	1.32103	16182	0	0
2026.06.22	10:00:00	1.32103	1.32190	1.31897	1.31942	17581	0	0
2026.06.22	11:00:00	1.31942	1.32118	1.31836	1.32057	19180	0	0
2026.06.22	12:00:00	1.32056	1.32351	1.32053	1.32284	15961	0	0
2026.06.22	13:00:00	1.32284	1.32480	1.32278	1.32371	15847	0	0
2026.06.22	14:00:00	1.32371	1.32441	1.32318	1.32356	16508	0	0
2026.06.22	15:00:00	1.32356	1.32733	1.32347	1.32613	19497	0	0
2026.06.22	16:00:00	1.32616	1.32655	1.32379	1.32390	27049	0	0
2026.06.22	17:00:00	1.32390	1.32653	1.32378	1.32624	31981	0	0
2026.06.22	18:00:00	1.32624	1.32676	1.32458	1.32472	23994	0	0
2026.06.22	19:00:00	1.32472	1.32487	1.32397	1.32446	18146	0	0
2026.06.22	20:00:00	1.32446	1.32464	1.32403	1.32442	13509	0	0
2026.06.22	21:00:00	1.32442	1.32462	1.32406	1.32436	11263	0	0
2026.06.22	22:00:00	1.32436	1.32499	1.32416	1.32479	12839	0	0
2026.06.22	23:00:00	1.32479	1.32520	1.32471	1.32483	5544	0	0
2026.06.23	00:00:00	1.32483	1.32580	1.32434	1.32493	1825	0	0
2026.06.23	01:00:00	1.32493	1.32518	1.32460	1.32482	3626	0	0
2026.06.23	02:00:00	1.32482	1.32498	1.32460	1.32469	4023	0	0
2026.06.23	03:00:00	1.32468	1.32481	1.32392	1.32453	12698	0	0
2026.06.23	04:00:00	1.32453	1.32465	1.32389	1.32432	13938	0	0
2026.06.23	05:00:00	1.32432	1.32493	1.32412	1.32416	11620	0	0
2026.06.23	06:00:00	1.32416	1.32495	1.32342	1.32489	11564	0	0
2026.06.23	07:00:00	1.32489	1.32498	1.32350	1.32369	8773	0	0
2026.06.23	08:00:00	1.32369	1.32429	1.32332	1.32426	11642	0	0
2026.06.23	09:00:00	1.32426	1.32464	1.32287	1.32345	19472	0	0
2026.06.23	10:00:00	1.32345	1.32498	1.32206	1.32263	22003	0	0
2026.06.23	11:00:00	1.32263	1.32358	1.32125	1.32205	19307	0	0
2026.06.23	12:00:00	1.32205	1.32309	1.32156	1.32301	15723	0	0
2026.06.23	13:00:00	1.32301	1.32316	1.32104	1.32198	16119	0	0
2026.06.23	14:00:00	1.32198	1.32269	1.32068	1.32078	18093	0	0
2026.06.23	15:00:00	1.32078	1.32205	1.32069	1.32117	20200	0	0
2026.06.23	16:00:00	1.32117	1.32222	1.32049	1.32134	26234	0	0
2026.06.23	17:00:00	1.32134	1.32152	1.31950	1.32008	27097	0	0
2026.06.23	18:00:00	1.32008	1.32024	1.31850	1.31899	22054	0	0
2026.06.23	19:00:00	1.31899	1.31973	1.31858	1.31869	14481	0	0
2026.06.23	20:00:00	1.31869	1.31915	1.31830	1.31874	11819	0	0
2026.06.23	21:00:00	1.31874	1.31888	1.31822	1.31886	9470	0	0
2026.06.23	22:00:00	1.31886	1.32008	1.31880	1.31954	12310	0	0
2026.06.23	23:00:00	1.31954	1.32039	1.31946	1.32030	5412	0	0
2026.06.24	00:00:00	1.32025	1.32043	1.31869	1.32008	1023	0	0
2026.06.24	01:00:00	1.32008	1.32018	1.31985	1.32004	3418	0	0
2026.06.24	02:00:00	1.32004	1.32040	1.31971	1.31996	6100	0	0
2026.06.24	03:00:00	1.31997	1.32033	1.31936	1.31992	15335	0	0
2026.06.24	04:00:00	1.31991	1.32021	1.31908	1.32011	14512	0	0
2026.06.24	05:00:00	1.32009	1.32048	1.31905	1.31906	11030	0	0
2026.06.24	06:00:00	1.31907	1.32017	1.31871	1.31989	12838	0	0
2026.06.24	07:00:00	1.31989	1.31993	1.31910	1.31931	10152	0	0
2026.06.24	08:00:00	1.31931	1.31985	1.31923	1.31952	11868	0	0
2026.06.24	09:00:00	1.31953	1.32092	1.31841	1.31866	17609	0	0
2026.06.24	10:00:00	1.31866	1.31988	1.31799	1.31866	22149	0	0
2026.06.24	11:00:00	1.31866	1.31978	1.31714	1.31930	21445	0	0
2026.06.24	12:00:00	1.31929	1.31958	1.31745	1.31755	17470	0	0
2026.06.24	13:00:00	1.31755	1.31759	1.31549	1.31557	15765	0	0
2026.06.24	14:00:00	1.31557	1.31736	1.31483	1.31629	18935	0	0
2026.06.24	15:00:00	1.31629	1.31689	1.31419	1.31503	22722	0	0
2026.06.24	16:00:00	1.31503	1.31669	1.31436	1.31620	29388	0	0
2026.06.24	17:00:00	1.31618	1.31671	1.31401	1.31471	25669	0	0
2026.06.24	18:00:00	1.31472	1.31718	1.31454	1.31582	23499	0	0
2026.06.24	19:00:00	1.31582	1.31791	1.31558	1.31707	19267	0	0
2026.06.24	20:00:00	1.31707	1.31724	1.31536	1.31560	21465	0	0
2026.06.24	21:00:00	1.31559	1.31700	1.31553	1.31620	19729	0	0
2026.06.24	22:00:00	1.31620	1.31652	1.31559	1.31606	19229	0	0
2026.06.24	23:00:00	1.31606	1.31703	1.31592	1.31673	10592	0	0
2026.06.25	00:00:00	1.31660	1.31718	1.31590	1.31637	3667	0	0
2026.06.25	01:00:00	1.31637	1.31673	1.31636	1.31654	4908	0	0
2026.06.25	02:00:00	1.31654	1.31670	1.31634	1.31643	6549	0	0
2026.06.25	03:00:00	1.31643	1.31659	1.31582	1.31632	14299	0	0
2026.06.25	04:00:00	1.31632	1.31830	1.31626	1.31710	18414	0	0
2026.06.25	05:00:00	1.31711	1.31802	1.31689	1.31778	16324	0	0
2026.06.25	06:00:00	1.31778	1.31836	1.31774	1.31824	13563	0	0
2026.06.25	07:00:00	1.31824	1.31856	1.31797	1.31822	12350	0	0
2026.06.25	08:00:00	1.31822	1.31853	1.31754	1.31761	11996	0	0
2026.06.25	09:00:00	1.31761	1.31792	1.31676	1.31734	17185	0	0
2026.06.25	10:00:00	1.31734	1.31856	1.31706	1.31850	17094	0	0
2026.06.25	11:00:00	1.31849	1.31969	1.31808	1.31905	16941	0	0
2026.06.25	12:00:00	1.31905	1.31976	1.31831	1.31852	14622	0	0
2026.06.25	13:00:00	1.31852	1.31854	1.31644	1.31690	14421	0	0
2026.06.25	14:00:00	1.31690	1.31693	1.31513	1.31553	14636	0	0
2026.06.25	15:00:00	1.31551	1.31868	1.31539	1.31764	26663	0	0
2026.06.25	16:00:00	1.31764	1.31990	1.31735	1.31892	31512	0	0
2026.06.25	17:00:00	1.31892	1.32188	1.31888	1.32014	33003	0	0
2026.06.25	18:00:00	1.32013	1.32174	1.31978	1.32152	32518	0	0
2026.06.25	19:00:00	1.32152	1.32193	1.32035	1.32056	22401	0	0
2026.06.25	20:00:00	1.32056	1.32066	1.31985	1.32020	17364	0	0
2026.06.25	21:00:00	1.32020	1.32060	1.31944	1.31980	19439	0	0
2026.06.25	22:00:00	1.31980	1.32057	1.31940	1.32001	19469	0	0
2026.06.25	23:00:00	1.32001	1.32015	1.31898	1.31901	10036	0	0
2026.06.26	00:00:00	1.31900	1.32050	1.31878	1.31942	6278	0	0
2026.06.26	01:00:00	1.31942	1.31955	1.31903	1.31929	5199	0	0
2026.06.26	02:00:00	1.31929	1.31939	1.31846	1.31875	7672	0	0
2026.06.26	03:00:00	1.31875	1.31942	1.31870	1.31930	17348	0	0
2026.06.26	04:00:00	1.31930	1.31999	1.31871	1.31910	17357	0	0
2026.06.26	05:00:00	1.31910	1.31930	1.31802	1.31834	15159	0	0
2026.06.26	06:00:00	1.31834	1.31984	1.31826	1.31979	14338	0	0
2026.06.26	07:00:00	1.31979	1.32020	1.31951	1.32014	14653	0	0
2026.06.26	08:00:00	1.32014	1.32078	1.31988	1.32050	15467	0	0
2026.06.26	09:00:00	1.32050	1.32073	1.31939	1.31970	20247	0	0
2026.06.26	10:00:00	1.31970	1.32120	1.31908	1.32047	18736	0	0
2026.06.26	11:00:00	1.32048	1.32224	1.31990	1.32164	20384	0	0
2026.06.26	12:00:00	1.32164	1.32287	1.32079	1.32191	18341	0	0
2026.06.26	13:00:00	1.32191	1.32236	1.32152	1.32219	15768	0	0
2026.06.26	14:00:00	1.32219	1.32247	1.32106	1.32167	20895	0	0
2026.06.26	15:00:00	1.32167	1.32218	1.32000	1.32108	23621	0	0
2026.06.26	16:00:00	1.32109	1.32259	1.32019	1.32249	31205	0	0
2026.06.26	17:00:00	1.32249	1.32320	1.31973	1.31976	23971	0	0
2026.06.26	18:00:00	1.31976	1.32227	1.31974	1.32210	20599	0	0
2026.06.26	19:00:00	1.32210	1.32214	1.32043	1.32060	16937	0	0
2026.06.26	20:00:00	1.32060	1.32098	1.31984	1.32001	13234	0	0
2026.06.26	21:00:00	1.32001	1.32062	1.31988	1.31998	12675	0	0
2026.06.26	22:00:00	1.31999	1.32031	1.31954	1.31988	12041	0	0
2026.06.26	23:00:00	1.31988	1.32040	1.31920	1.31954	12399	0	0
2026.06.29	00:00:00	1.31985	1.32062	1.31941	1.31996	433	0	1
2026.06.29	01:00:00	1.31996	1.32010	1.31908	1.31950	6141	0	0
2026.06.29	02:00:00	1.31950	1.31985	1.31922	1.31966	5925	0	0
2026.06.29	03:00:00	1.31965	1.32016	1.31938	1.31989	16066	0	0
2026.06.29	04:00:00	1.31989	1.32052	1.31960	1.31984	14326	0	0
2026.06.29	05:00:00	1.31984	1.32101	1.31979	1.32027	10681	0	0
2026.06.29	06:00:00	1.32027	1.32065	1.31982	1.31983	7631	0	0
2026.06.29	07:00:00	1.31983	1.32008	1.31964	1.31992	8741	0	0
2026.06.29	08:00:00	1.31992	1.32124	1.31987	1.32102	9690	0	0
2026.06.29	09:00:00	1.32102	1.32281	1.32089	1.32256	14522	0	0
2026.06.29	10:00:00	1.32256	1.32282	1.32117	1.32131	15759	0	0
2026.06.29	11:00:00	1.32132	1.32171	1.32031	1.32072	13361	0	0
2026.06.29	12:00:00	1.32072	1.32189	1.32062	1.32181	14170	0	0
2026.06.29	13:00:00	1.32181	1.32268	1.32098	1.32228	13562	0	0
2026.06.29	14:00:00	1.32228	1.32349	1.32227	1.32315	14876	0	0
2026.06.29	15:00:00	1.32315	1.32403	1.32280	1.32336	19049	0	0
2026.06.29	16:00:00	1.32336	1.32471	1.32334	1.32368	23242	0	0
2026.06.29	17:00:00	1.32368	1.32481	1.32277	1.32447	29881	0	0
2026.06.29	18:00:00	1.32447	1.32538	1.32425	1.32534	22184	0	0
2026.06.29	19:00:00	1.32534	1.32590	1.32514	1.32544	13973	0	0
2026.06.29	20:00:00	1.32544	1.32580	1.32507	1.32572	12564	0	0
2026.06.29	21:00:00	1.32572	1.32603	1.32557	1.32576	10802	0	0
2026.06.29	22:00:00	1.32576	1.32625	1.32547	1.32609	9938	0	0
2026.06.29	23:00:00	1.32609	1.32624	1.32579	1.32581	4179	0	0
2026.06.30	00:00:00	1.32558	1.32576	1.32410	1.32550	950	0	0
2026.06.30	01:00:00	1.32550	1.32620	1.32550	1.32606	2709	0	0
2026.06.30	02:00:00	1.32606	1.32614	1.32528	1.32534	2655	0	0
2026.06.30	03:00:00	1.32534	1.32545	1.32395	1.32452	18291	0	0
2026.06.30	04:00:00	1.32452	1.32479	1.32337	1.32361	23047	0	0
2026.06.30	05:00:00	1.32361	1.32399	1.32335	1.32367	12881	0	0
2026.06.30	06:00:00	1.32367	1.32392	1.32315	1.32334	13168	0	0
2026.06.30	07:00:00	1.32334	1.32363	1.32287	1.32288	10927	0	0
2026.06.30	08:00:00	1.32290	1.32329	1.32256	1.32266	12287	0	0
2026.06.30	09:00:00	1.32266	1.32451	1.32225	1.32418	19960	0	0
2026.06.30	10:00:00	1.32417	1.32473	1.32335	1.32344	15416	0	0
2026.06.30	11:00:00	1.32343	1.32359	1.32215	1.32303	19959	0	0
2026.06.30	12:00:00	1.32302	1.32382	1.32289	1.32362	14072	0	0
2026.06.30	13:00:00	1.32362	1.32400	1.32314	1.32359	13325	0	0
2026.06.30	14:00:00	1.32359	1.32366	1.32148	1.32265	17591	0	0
2026.06.30	15:00:00	1.32266	1.32275	1.32123	1.32153	18735	0	0
2026.06.30	16:00:00	1.32153	1.32318	1.32134	1.32217	20263	0	0
2026.06.30	17:00:00	1.32217	1.32758	1.32146	1.32728	31704	0	0
2026.06.30	18:00:00	1.32727	1.32768	1.32555	1.32573	24056	0	0
2026.06.30	19:00:00	1.32573	1.32588	1.32483	1.32509	16048	0	0
2026.06.30	20:00:00	1.32509	1.32581	1.32501	1.32558	11742	0	0
2026.06.30	21:00:00	1.32558	1.32634	1.32538	1.32547	14395	0	0
2026.06.30	22:00:00	1.32547	1.32652	1.32516	1.32641	15814	0	0
2026.06.30	23:00:00	1.32641	1.32660	1.32588	1.32599	8288	0	0
2026.07.01	00:00:00	1.32598	1.32646	1.32505	1.32608	781	0	0
2026.07.01	01:00:00	1.32606	1.32632	1.32566	1.32576	1968	0	0
2026.07.01	02:00:00	1.32576	1.32580	1.32490	1.32500	3702	0	0
2026.07.01	03:00:00	1.32500	1.32520	1.32440	1.32456	13000	0	0
2026.07.01	04:00:00	1.32458	1.32461	1.32350	1.32377	16486	0	0
2026.07.01	05:00:00	1.32377	1.32410	1.32340	1.32363	13334	0	0
2026.07.01	06:00:00	1.32363	1.32398	1.32317	1.32354	11476	0	0
2026.07.01	07:00:00	1.32354	1.32439	1.32324	1.32415	12462	0	0
2026.07.01	08:00:00	1.32415	1.32453	1.32394	1.32416	13153	0	0
2026.07.01	09:00:00	1.32415	1.32451	1.32353	1.32430	18894	0	0
2026.07.01	10:00:00	1.32429	1.32458	1.32288	1.32442	16494	0	0
2026.07.01	11:00:00	1.32442	1.32531	1.32393	1.32468	15618	0	0
2026.07.01	12:00:00	1.32467	1.32572	1.32430	1.32467	16884	0	0
2026.07.01	13:00:00	1.32467	1.32568	1.32448	1.32526	13512	0	0
2026.07.01	14:00:00	1.32526	1.32537	1.32413	1.32424	19401	0	0
2026.07.01	15:00:00	1.32423	1.32486	1.32339	1.32373	22875	0	0
2026.07.01	16:00:00	1.32373	1.32807	1.32190	1.32642	39828	0	0
2026.07.01	17:00:00	1.32642	1.32921	1.32629	1.32778	35127	0	0
2026.07.01	18:00:00	1.32778	1.32819	1.32665	1.32776	29347	0	0
2026.07.01	19:00:00	1.32776	1.32921	1.32776	1.32813	22328	0	0
2026.07.01	20:00:00	1.32813	1.32858	1.32772	1.32778	16312	0	0
2026.07.01	21:00:00	1.32778	1.32799	1.32714	1.32783	12202	0	0
2026.07.01	22:00:00	1.32782	1.32825	1.32772	1.32784	15772	0	0
2026.07.01	23:00:00	1.32782	1.32804	1.32688	1.32740	7136	0	0
2026.07.02	00:00:00	1.32731	1.32807	1.32650	1.32696	2336	0	0
2026.07.02	01:00:00	1.32696	1.32802	1.32696	1.32800	2633	0	0
2026.07.02	02:00:00	1.32800	1.32800	1.32772	1.32785	3457	0	0
2026.07.02	03:00:00	1.32784	1.32837	1.32746	1.32781	15655	0	0
2026.07.02	04:00:00	1.32781	1.32911	1.32771	1.32846	14527	0	0
2026.07.02	05:00:00	1.32844	1.32950	1.32840	1.32856	13861	0	0
2026.07.02	06:00:00	1.32856	1.32873	1.32800	1.32866	10611	0	0
2026.07.02	07:00:00	1.32866	1.32923	1.32853	1.32892	12454	0	0
2026.07.02	08:00:00	1.32893	1.32930	1.32862	1.32914	13533	0	0
2026.07.02	09:00:00	1.32914	1.33259	1.32912	1.33054	26454	0	0
2026.07.02	10:00:00	1.33054	1.33383	1.32980	1.33367	24154	0	0
2026.07.02	11:00:00	1.33367	1.33632	1.33354	1.33572	29861	0	0
2026.07.02	12:00:00	1.33572	1.33587	1.33382	1.33406	22672	0	0
2026.07.02	13:00:00	1.33406	1.33449	1.33258	1.33330	14764	0	0
2026.07.02	14:00:00	1.33330	1.33334	1.33083	1.33102	17216	0	0
2026.07.02	15:00:00	1.33102	1.33830	1.32971	1.33646	43790	0	0
2026.07.02	16:00:00	1.33646	1.33809	1.33528	1.33759	45505	0	0
2026.07.02	17:00:00	1.33757	1.33848	1.33568	1.33756	40554	0	0
2026.07.02	18:00:00	1.33759	1.33786	1.33601	1.33620	39009	0	0
2026.07.02	19:00:00	1.33620	1.33625	1.33490	1.33531	33001	0	0
2026.07.02	20:00:00	1.33530	1.33540	1.33379	1.33405	28130	0	0
2026.07.02	21:00:00	1.33405	1.33515	1.33399	1.33478	22195	0	0
2026.07.02	22:00:00	1.33478	1.33497	1.33420	1.33455	21122	0	0
2026.07.02	23:00:00	1.33455	1.33510	1.33433	1.33460	7238	0	0
2026.07.03	00:00:00	1.33446	1.33488	1.33374	1.33476	1199	0	0
2026.07.03	01:00:00	1.33476	1.33499	1.33426	1.33446	2936	0	0
2026.07.03	02:00:00	1.33446	1.33473	1.33375	1.33382	4759	0	0
2026.07.03	03:00:00	1.33382	1.33482	1.33346	1.33479	17006	0	0
2026.07.03	04:00:00	1.33479	1.33640	1.33466	1.33559	17527	0	0
2026.07.03	05:00:00	1.33559	1.33665	1.33545	1.33613	13293	0	0
2026.07.03	06:00:00	1.33613	1.33624	1.33570	1.33613	10579	0	0
2026.07.03	07:00:00	1.33613	1.33659	1.33584	1.33652	8624	0	0
2026.07.03	08:00:00	1.33652	1.33776	1.33642	1.33656	13344	0	0
2026.07.03	09:00:00	1.33656	1.33813	1.33647	1.33681	20269	0	0
2026.07.03	10:00:00	1.33681	1.33764	1.33625	1.33720	16661	0	0
2026.07.03	11:00:00	1.33720	1.33738	1.33571	1.33602	14986	0	0
2026.07.03	12:00:00	1.33602	1.33621	1.33499	1.33510	13929	0	0
2026.07.03	13:00:00	1.33509	1.33607	1.33490	1.33555	10897	0	0
2026.07.03	14:00:00	1.33555	1.33641	1.33535	1.33582	13287	0	0
2026.07.03	15:00:00	1.33582	1.33617	1.33541	1.33559	12812	0	0
2026.07.03	16:00:00	1.33559	1.33562	1.33459	1.33496	14156	0	0
2026.07.03	17:00:00	1.33496	1.33588	1.33469	1.33563	14335	0	0
2026.07.03	18:00:00	1.33562	1.33574	1.33505	1.33554	9976	0	0
2026.07.03	19:00:00	1.33554	1.33564	1.33512	1.33549	5276	0	0
2026.07.03	20:00:00	1.33549	1.33583	1.33544	1.33563	6882	0	0
2026.07.03	21:00:00	1.33563	1.33576	1.33556	1.33560	8648	0	0
2026.07.03	22:00:00	1.33560	1.33576	1.33525	1.33534	14301	0	0
2026.07.03	23:00:00	1.33534	1.33541	1.33462	1.33464	20322	0	0
2026.07.06	00:00:00	1.33386	1.33589	1.33386	1.33530	1262	0	0
2026.07.06	01:00:00	1.33530	1.33549	1.33477	1.33488	5801	0	0
2026.07.06	02:00:00	1.33488	1.33538	1.33461	1.33525	6760	0	0
2026.07.06	03:00:00	1.33524	1.33567	1.33464	1.33529	19675	0	0
2026.07.06	04:00:00	1.33529	1.33543	1.33392	1.33396	16572	0	0
2026.07.06	05:00:00	1.33396	1.33475	1.33392	1.33463	13829	0	0
2026.07.06	06:00:00	1.33463	1.33485	1.33396	1.33424	12269	0	0
2026.07.06	07:00:00	1.33424	1.33454	1.33411	1.33429	9003	0	0
2026.07.06	08:00:00	1.33429	1.33443	1.33347	1.33362	14238	0	0
2026.07.06	09:00:00	1.33363	1.33409	1.33303	1.33344	19835	0	0
2026.07.06	10:00:00	1.33345	1.33497	1.33285	1.33490	18733	0	0
2026.07.06	11:00:00	1.33490	1.33504	1.33304	1.33378	16604	0	0
2026.07.06	12:00:00	1.33377	1.33415	1.33312	1.33353	17865	0	0
2026.07.06	13:00:00	1.33353	1.33474	1.33320	1.33408	16021	0	0
2026.07.06	14:00:00	1.33408	1.33459	1.33360	1.33443	17420	0	0
2026.07.06	15:00:00	1.33443	1.33517	1.33373	1.33423	17502	0	0
2026.07.06	16:00:00	1.33423	1.33566	1.33411	1.33461	21256	0	0
2026.07.06	17:00:00	1.33462	1.33595	1.33432	1.33562	22884	0	0
2026.07.06	18:00:00	1.33562	1.33685	1.33516	1.33678	22074	0	0
2026.07.06	19:00:00	1.33677	1.33768	1.33653	1.33758	16669	0	0
2026.07.06	20:00:00	1.33758	1.33843	1.33749	1.33819	14282	0	0
2026.07.06	21:00:00	1.33819	1.33972	1.33809	1.33944	12685	0	0
2026.07.06	22:00:00	1.33945	1.33971	1.33895	1.33920	11627	0	0
2026.07.06	23:00:00	1.33919	1.33931	1.33883	1.33897	5491	0	0
2026.07.07	00:00:00	1.33888	1.33930	1.33782	1.33903	2541	0	0
2026.07.07	01:00:00	1.33903	1.33967	1.33891	1.33966	2332	0	0
2026.07.07	02:00:00	1.33966	1.34015	1.33937	1.33942	3903	0	0
2026.07.07	03:00:00	1.33942	1.33958	1.33878	1.33880	16697	0	0
2026.07.07	04:00:00	1.33880	1.34020	1.33878	1.33970	20895	0	0
2026.07.07	05:00:00	1.33970	1.33999	1.33911	1.33913	12537	0	0
2026.07.07	06:00:00	1.33913	1.33971	1.33892	1.33900	13744	0	0
2026.07.07	07:00:00	1.33899	1.33935	1.33887	1.33892	10019	0	0
2026.07.07	08:00:00	1.33891	1.33903	1.33794	1.33845	16095	0	0
2026.07.07	09:00:00	1.33843	1.33869	1.33750	1.33806	17332	0	0
2026.07.07	10:00:00	1.33806	1.33859	1.33750	1.33775	19293	0	0
2026.07.07	11:00:00	1.33775	1.33940	1.33771	1.33914	20060	0	0
2026.07.07	12:00:00	1.33916	1.33925	1.33801	1.33802	15256	0	0
2026.07.07	13:00:00	1.33802	1.33865	1.33693	1.33851	14687	0	0
2026.07.07	14:00:00	1.33851	1.33943	1.33824	1.33881	17815	0	0
2026.07.07	15:00:00	1.33881	1.33925	1.33809	1.33856	20587	0	0
2026.07.07	16:00:00	1.33854	1.33870	1.33695	1.33707	25702	0	0
2026.07.07	17:00:00	1.33707	1.33859	1.33607	1.33794	26060	0	0
2026.07.07	18:00:00	1.33794	1.33809	1.33697	1.33706	23998	0	0
2026.07.07	19:00:00	1.33706	1.33753	1.33650	1.33713	15471	0	0
2026.07.07	20:00:00	1.33713	1.33761	1.33681	1.33744	12878	0	0
2026.07.07	21:00:00	1.33744	1.33763	1.33602	1.33633	18411	0	0
2026.07.07	22:00:00	1.33634	1.33648	1.33488	1.33614	21180	0	0
2026.07.07	23:00:00	1.33614	1.33628	1.33556	1.33586	5710	0	0
2026.07.08	00:00:00	1.33583	1.33612	1.33451	1.33564	1852	0	0
2026.07.08	01:00:00	1.33564	1.33564	1.33492	1.33529	2643	0	0
2026.07.08	02:00:00	1.33529	1.33548	1.33450	1.33466	4852	0	0
2026.07.08	03:00:00	1.33466	1.33555	1.33430	1.33526	21551	0	0
2026.07.08	04:00:00	1.33526	1.33549	1.33422	1.33494	22047	0	0
2026.07.08	05:00:00	1.33493	1.33550	1.33478	1.33526	20207	0	0
2026.07.08	06:00:00	1.33526	1.33591	1.33526	1.33548	17632	0	0
2026.07.08	07:00:00	1.33548	1.33551	1.33507	1.33537	14943	0	0
2026.07.08	08:00:00	1.33537	1.33589	1.33517	1.33564	17720	0	0
2026.07.08	09:00:00	1.33564	1.33661	1.33551	1.33655	28434	0	0
2026.07.08	10:00:00	1.33655	1.33701	1.33552	1.33654	21963	0	0
2026.07.08	11:00:00	1.33654	1.33704	1.33374	1.33397	38080	0	0
2026.07.08	12:00:00	1.33396	1.33488	1.33221	1.33419	33870	0	0
2026.07.08	13:00:00	1.33419	1.33573	1.33405	1.33459	22549	0	0
2026.07.08	14:00:00	1.33458	1.33477	1.33296	1.33356	26622	0	0
2026.07.08	15:00:00	1.33356	1.33568	1.33346	1.33410	27903	0	0
2026.07.08	16:00:00	1.33409	1.33779	1.33405	1.33711	34953	0	0
2026.07.08	17:00:00	1.33711	1.33757	1.33639	1.33719	32534	0	0
2026.07.08	18:00:00	1.33719	1.33755	1.33568	1.33604	33894	0	0
2026.07.08	19:00:00	1.33605	1.33861	1.33601	1.33847	28529	0	0
2026.07.08	20:00:00	1.33848	1.34105	1.33847	1.33954	25592	0	0
2026.07.08	21:00:00	1.33954	1.34062	1.33927	1.33996	22201	0	0
2026.07.08	22:00:00	1.33996	1.34074	1.33972	1.34023	21720	0	0
2026.07.08	23:00:00	1.34023	1.34041	1.33852	1.33890	11410	0	0
2026.07.09	00:00:00	1.33863	1.33975	1.33820	1.33931	2700	0	0
2026.07.09	01:00:00	1.33931	1.33931	1.33878	1.33913	2609	0	0
2026.07.09	02:00:00	1.33913	1.33947	1.33893	1.33937	4874	0	0
2026.07.09	03:00:00	1.33937	1.34041	1.33936	1.33979	14447	0	0
2026.07.09	04:00:00	1.33979	1.33994	1.33867	1.33968	14436	0	0
2026.07.09	05:00:00	1.33968	1.34005	1.33939	1.33941	13113	0	0
2026.07.09	06:00:00	1.33941	1.34008	1.33902	1.33958	12307	0	0
2026.07.09	07:00:00	1.33958	1.34000	1.33936	1.33989	9977	0	0
2026.07.09	08:00:00	1.33989	1.34077	1.33986	1.34042	14383	0	0
2026.07.09	09:00:00	1.34042	1.34310	1.34042	1.34255	21872	0	0
2026.07.09	10:00:00	1.34255	1.34276	1.34113	1.34148	16340	0	0
2026.07.09	11:00:00	1.34148	1.34219	1.34104	1.34125	19197	0	0
2026.07.09	12:00:00	1.34125	1.34158	1.34067	1.34128	15028	0	0
2026.07.09	13:00:00	1.34128	1.34131	1.33936	1.33957	13694	0	0
2026.07.09	14:00:00	1.33957	1.33960	1.33843	1.33885	14800	0	0
2026.07.09	15:00:00	1.33885	1.33984	1.33807	1.33843	20186	0	0
2026.07.09	16:00:00	1.33843	1.34027	1.33843	1.34016	19327	0	0
2026.07.09	17:00:00	1.34016	1.34111	1.33875	1.33912	24723	0	0
2026.07.09	18:00:00	1.33912	1.34090	1.33869	1.34071	22375	0	0
2026.07.09	19:00:00	1.34071	1.34121	1.34024	1.34097	15473	0	0
2026.07.09	20:00:00	1.34097	1.34166	1.34079	1.34161	13495	0	0
2026.07.09	21:00:00	1.34161	1.34194	1.34106	1.34157	12099	0	0
2026.07.09	22:00:00	1.34157	1.34175	1.34046	1.34076	12102	0	0
2026.07.09	23:00:00	1.34076	1.34113	1.34068	1.34082	5341	0	0
2026.07.10	00:00:00	1.34068	1.34116	1.33989	1.34051	5426	0	0
2026.07.10	01:00:00	1.34051	1.34131	1.34051	1.34124	3622	0	0
2026.07.10	02:00:00	1.34124	1.34137	1.34109	1.34136	2938	0	0
2026.07.10	03:00:00	1.34136	1.34252	1.34085	1.34225	15650	0	0
2026.07.10	04:00:00	1.34224	1.34389	1.34197	1.34351	23322	0	0
2026.07.10	05:00:00	1.34351	1.34519	1.34338	1.34483	18789	0	0
2026.07.10	06:00:00	1.34484	1.34500	1.34374	1.34395	14092	0	0
2026.07.10	07:00:00	1.34395	1.34395	1.34276	1.34305	10659	0	0
2026.07.10	08:00:00	1.34305	1.34334	1.34217	1.34272	14989	0	0
2026.07.10	09:00:00	1.34271	1.34361	1.34241	1.34266	20834	0	0
2026.07.10	10:00:00	1.34266	1.34310	1.34205	1.34215	20234	0	0
2026.07.10	11:00:00	1.34215	1.34267	1.34085	1.34098	22346	0	0
2026.07.10	12:00:00	1.34098	1.34164	1.34090	1.34099	19200	0	0
2026.07.10	13:00:00	1.34099	1.34368	1.34099	1.34328	18584	0	0
2026.07.10	14:00:00	1.34331	1.34376	1.34175	1.34260	19483	0	0
2026.07.10	15:00:00	1.34261	1.34371	1.34141	1.34211	26137	0	0
2026.07.10	16:00:00	1.34211	1.34215	1.34042	1.34060	27921	0	0
2026.07.10	17:00:00	1.34060	1.34140	1.33921	1.34096	29829	0	0
2026.07.10	18:00:00	1.34097	1.34222	1.34077	1.34207	26085	0	0
2026.07.10	19:00:00	1.34207	1.34233	1.34109	1.34110	21251	0	0
2026.07.10	20:00:00	1.34109	1.34130	1.33993	1.34000	18867	0	0
2026.07.10	21:00:00	1.34002	1.34008	1.33926	1.33985	17750	0	0
2026.07.10	22:00:00	1.33985	1.33997	1.33948	1.33985	14073	0	0
2026.07.10	23:00:00	1.33985	1.34030	1.33941	1.34000	11310	0	0
2026.07.13	00:00:00	1.33850	1.33906	1.33850	1.33879	516	0	0
2026.07.13	01:00:00	1.33878	1.33879	1.33691	1.33753	11228	0	0
2026.07.13	02:00:00	1.33753	1.33866	1.33724	1.33864	9232	0	0
2026.07.13	03:00:00	1.33864	1.33875	1.33753	1.33762	29534	0	0
2026.07.13	04:00:00	1.33762	1.33838	1.33666	1.33835	30856	0	0
2026.07.13	05:00:00	1.33836	1.33847	1.33762	1.33768	21429	0	0
2026.07.13	06:00:00	1.33768	1.33796	1.33711	1.33784	20134	0	0
2026.07.13	07:00:00	1.33784	1.33851	1.33750	1.33839	15747	0	0
2026.07.13	08:00:00	1.33840	1.33878	1.33773	1.33797	23287	0	0
2026.07.13	09:00:00	1.33797	1.33925	1.33743	1.33785	25374	0	0
2026.07.13	10:00:00	1.33784	1.33957	1.33776	1.33932	26907	0	0
2026.07.13	11:00:00	1.33932	1.34117	1.33926	1.33943	25736	0	0
2026.07.13	12:00:00	1.33943	1.33960	1.33850	1.33913	18810	0	0
2026.07.13	13:00:00	1.33913	1.33991	1.33816	1.33988	20273	0	0
2026.07.13	14:00:00	1.33988	1.34026	1.33854	1.33935	23377	0	0
2026.07.13	15:00:00	1.33935	1.33993	1.33833	1.33992	27302	0	0
2026.07.13	16:00:00	1.33990	1.34023	1.33836	1.33851	27909	0	0
2026.07.13	17:00:00	1.33852	1.33875	1.33635	1.33789	33861	0	0
2026.07.13	18:00:00	1.33789	1.33822	1.33703	1.33803	30413	0	0
2026.07.13	19:00:00	1.33803	1.33845	1.33576	1.33630	33101	0	0
2026.07.13	20:00:00	1.33630	1.33666	1.33568	1.33583	24753	0	0
2026.07.13	21:00:00	1.33583	1.33613	1.33547	1.33603	23208	0	0
2026.07.13	22:00:00	1.33603	1.33612	1.33515	1.33534	20870	0	0
2026.07.13	23:00:00	1.33534	1.33549	1.33424	1.33456	7369	0	0
2026.07.14	00:00:00	1.33461	1.33635	1.33448	1.33479	1882	0	0
2026.07.14	01:00:00	1.33479	1.33530	1.33460	1.33483	4477	0	0
2026.07.14	02:00:00	1.33483	1.33515	1.33462	1.33500	7413	0	0
2026.07.14	03:00:00	1.33500	1.33576	1.33423	1.33515	32380	0	0
2026.07.14	04:00:00	1.33515	1.33579	1.33506	1.33547	26168	0	0
2026.07.14	05:00:00	1.33547	1.33603	1.33543	1.33566	18268	0	0
2026.07.14	06:00:00	1.33566	1.33642	1.33545	1.33604	21839	0	0
2026.07.14	07:00:00	1.33604	1.33627	1.33563	1.33591	18096	0	0
2026.07.14	08:00:00	1.33590	1.33700	1.33587	1.33630	17840	0	0
2026.07.14	09:00:00	1.33630	1.33650	1.33525	1.33563	23344	0	0
2026.07.14	10:00:00	1.33563	1.33647	1.33513	1.33574	25804	0	0
2026.07.14	11:00:00	1.33574	1.33767	1.33540	1.33748	24974	0	0
2026.07.14	12:00:00	1.33748	1.33838	1.33737	1.33796	20550	0	0
2026.07.14	13:00:00	1.33796	1.33826	1.33699	1.33726	19293	0	0
2026.07.14	14:00:00	1.33727	1.33874	1.33661	1.33843	22243	0	0
2026.07.14	15:00:00	1.33843	1.34439	1.33802	1.34092	38041	0	0
2026.07.14	16:00:00	1.34092	1.34192	1.33981	1.34157	38486	0	0
2026.07.14	17:00:00	1.34157	1.34233	1.33964	1.34050	34383	0	0
2026.07.14	18:00:00	1.34051	1.34141	1.33797	1.33826	34378	0	0
2026.07.14	19:00:00	1.33827	1.33923	1.33756	1.33889	26547	0	0
2026.07.14	20:00:00	1.33888	1.33911	1.33680	1.33770	22209	0	0
2026.07.14	21:00:00	1.33771	1.33844	1.33709	1.33818	20106	0	0
2026.07.14	22:00:00	1.33818	1.33915	1.33811	1.33876	20276	0	0
2026.07.14	23:00:00	1.33875	1.33924	1.33861	1.33906	7772	0	0
2026.07.15	00:00:00	1.33897	1.33932	1.33812	1.33872	1781	0	0
2026.07.15	01:00:00	1.33872	1.33946	1.33861	1.33908	6271	0	0
2026.07.15	02:00:00	1.33908	1.33969	1.33904	1.33966	6735	0	0
2026.07.15	03:00:00	1.33966	1.34041	1.33944	1.34031	17517	0	0
2026.07.15	04:00:00	1.34031	1.34057	1.33989	1.34025	17470	0	0
2026.07.15	05:00:00	1.34025	1.34094	1.33998	1.34059	14832	0	0
2026.07.15	06:00:00	1.34060	1.34094	1.33984	1.34036	15036	0	0
2026.07.15	07:00:00	1.34036	1.34056	1.34021	1.34025	10561	0	0
2026.07.15	08:00:00	1.34025	1.34146	1.34003	1.34104	13676	0	0
2026.07.15	09:00:00	1.34103	1.34201	1.34102	1.34151	19886	0	0
2026.07.15	10:00:00	1.34151	1.34202	1.34011	1.34021	18880	0	0
2026.07.15	11:00:00	1.34021	1.34073	1.33909	1.33960	17593	0	0
2026.07.15	12:00:00	1.33960	1.33991	1.33887	1.33902	15524	0	0
2026.07.15	13:00:00	1.33902	1.33999	1.33807	1.33996	17071	0	0
2026.07.15	14:00:00	1.33996	1.34154	1.33959	1.34101	17825	0	0
2026.07.15	15:00:00	1.34101	1.34304	1.34027	1.34285	23656	0	0
2026.07.15	16:00:00	1.34285	1.34496	1.34218	1.34412	24664	0	0
2026.07.15	17:00:00	1.34412	1.34826	1.34380	1.34785	29811	0	0
2026.07.15	18:00:00	1.34785	1.34979	1.34713	1.34954	27879	0	0
2026.07.15	19:00:00	1.34954	1.35284	1.34939	1.35264	25971	0	0
2026.07.15	20:00:00	1.35263	1.35491	1.35259	1.35475	23700	0	0
2026.07.15	21:00:00	1.35475	1.35582	1.35358	1.35364	20371	0	0
2026.07.15	22:00:00	1.35363	1.35447	1.35276	1.35350	22137	0	0
2026.07.15	23:00:00	1.35350	1.35397	1.35335	1.35383	8687	0	0
2026.07.16	00:00:00	1.35383	1.35397	1.35299	1.35361	2312	0	0
2026.07.16	01:00:00	1.35364	1.35422	1.35364	1.35379	3869	0	0
2026.07.16	02:00:00	1.35379	1.35437	1.35370	1.35388	5631	0	0
2026.07.16	03:00:00	1.35388	1.35444	1.35273	1.35338	20574	0	0
2026.07.16	04:00:00	1.35338	1.35352	1.35257	1.35272	19512	0	0
2026.07.16	05:00:00	1.35272	1.35274	1.35197	1.35270	14558	0	0
2026.07.16	06:00:00	1.35270	1.35381	1.35258	1.35332	13005	0	0
2026.07.16	07:00:00	1.35332	1.35352	1.35306	1.35324	13019	0	0
2026.07.16	08:00:00	1.35325	1.35412	1.35271	1.35295	15908	0	0
2026.07.16	09:00:00	1.35295	1.35423	1.35282	1.35403	21963	0	0
2026.07.16	10:00:00	1.35402	1.35426	1.35304	1.35330	19992	0	0
2026.07.16	11:00:00	1.35330	1.35343	1.35188	1.35209	18644	0	0
2026.07.16	12:00:00	1.35209	1.35214	1.35057	1.35075	15657	0	0
2026.07.16	13:00:00	1.35075	1.35096	1.35026	1.35037	16209	0	0
2026.07.16	14:00:00	1.35038	1.35072	1.34933	1.35069	21227	0	0
2026.07.16	15:00:00	1.35069	1.35153	1.34973	1.34976	25217	0	0
2026.07.16	16:00:00	1.34975	1.35174	1.34965	1.35081	29917	0	0
2026.07.16	17:00:00	1.35081	1.35138	1.34870	1.34880	31969	0	0
2026.07.16	18:00:00	1.34880	1.34914	1.34801	1.34830	22879	0	0
2026.07.16	19:00:00	1.34830	1.34836	1.34652	1.34660	20608	0	0
2026.07.16	20:00:00	1.34659	1.34719	1.34596	1.34695	17914	0	0
2026.07.16	21:00:00	1.34697	1.34713	1.34648	1.34704	19305	0	0
2026.07.16	22:00:00	1.34703	1.34757	1.34668	1.34746	16673	0	0
2026.07.16	23:00:00	1.34746	1.34806	1.34735	1.34786	7116	0	0
2026.07.17	00:00:00	1.34764	1.34840	1.34690	1.34771	784	0	0
2026.07.17	01:00:00	1.34771	1.34775	1.34729	1.34738	3519	0	0
2026.07.17	02:00:00	1.34738	1.34784	1.34733	1.34779	6039	0	0
2026.07.17	03:00:00	1.34779	1.34788	1.34696	1.34773	18867	0	0
2026.07.17	04:00:00	1.34773	1.34800	1.34638	1.34662	20042	0	0
2026.07.17	05:00:00	1.34661	1.34693	1.34630	1.34637	18374	0	0
2026.07.17	06:00:00	1.34637	1.34692	1.34621	1.34653	17174	0	0
2026.07.17	07:00:00	1.34653	1.34657	1.34570	1.34590	12463	0	0
2026.07.17	08:00:00	1.34590	1.34663	1.34575	1.34630	14381	0	0
2026.07.17	09:00:00	1.34630	1.34760	1.34592	1.34743	24268	0	0
2026.07.17	10:00:00	1.34743	1.34808	1.34571	1.34572	19066	0	0
2026.07.17	11:00:00	1.34572	1.34624	1.34419	1.34431	24442	0	0
2026.07.17	12:00:00	1.34431	1.34448	1.34356	1.34431	19497	0	0
2026.07.17	13:00:00	1.34430	1.34432	1.34261	1.34318	19490	0	0
2026.07.17	14:00:00	1.34318	1.34468	1.34276	1.34384	19936	0	0
2026.07.17	15:00:00	1.34384	1.34404	1.34282	1.34317	21860	0	0
2026.07.17	16:00:00	1.34317	1.34514	1.34281	1.34506	29782	0	0
2026.07.17	17:00:00	1.34507	1.34548	1.34427	1.34451	28779	0	0
2026.07.17	18:00:00	1.34452	1.34550	1.34423	1.34448	29440	0	0
2026.07.17	19:00:00	1.34448	1.34559	1.34375	1.34558	25398	0	0
2026.07.17	20:00:00	1.34559	1.34601	1.34511	1.34534	20120	0	0
2026.07.17	21:00:00	1.34534	1.34568	1.34513	1.34541	17174	0	0
2026.07.17	22:00:00	1.34541	1.34599	1.34510	1.34585	19335	0	0
2026.07.17	23:00:00	1.34585	1.34600	1.34503	1.34513	8087	0	0
2026.07.20	00:00:00	1.34426	1.34593	1.34389	1.34442	5044	0	0
2026.07.20	01:00:00	1.34442	1.34477	1.34383	1.34439	7675	0	0
2026.07.20	02:00:00	1.34439	1.34455	1.34412	1.34452	7120	0	0
2026.07.20	03:00:00	1.34452	1.34522	1.34432	1.34507	17150	0	0
2026.07.20	04:00:00	1.34508	1.34545	1.34486	1.34541	20998	0	0
2026.07.20	05:00:00	1.34541	1.34633	1.34530	1.34590	14640	0	0
2026.07.20	06:00:00	1.34590	1.34619	1.34577	1.34608	11818	0	0
2026.07.20	07:00:00	1.34608	1.34680	1.34606	1.34664	7126	0	0
2026.07.20	08:00:00	1.34664	1.34679	1.34635	1.34664	10316	0	0
2026.07.20	09:00:00	1.34664	1.34691	1.34577	1.34585	18723	0	0
2026.07.20	10:00:00	1.34585	1.34813	1.34576	1.34764	21487	0	0
2026.07.20	11:00:00	1.34764	1.34770	1.34660	1.34698	13341	0	0
2026.07.20	12:00:00	1.34697	1.34698	1.34575	1.34631	12448	0	0
2026.07.20	13:00:00	1.34631	1.34737	1.34590	1.34680	14506	0	0
2026.07.20	14:00:00	1.34681	1.34785	1.34613	1.34625	22584	0	0
2026.07.20	15:00:00	1.34625	1.34647	1.34485	1.34547	18956	0	0
2026.07.20	16:00:00	1.34547	1.34590	1.34449	1.34523	19313	0	0
2026.07.20	17:00:00	1.34523	1.34570	1.34337	1.34393	20361	0	0
2026.07.20	18:00:00	1.34393	1.34394	1.34137	1.34180	21089	0	0
2026.07.20	19:00:00	1.34180	1.34238	1.34122	1.34203	15847	0	0
2026.07.20	20:00:00	1.34203	1.34328	1.34187	1.34313	14062	0	0
2026.07.20	21:00:00	1.34313	1.34396	1.34311	1.34362	15343	0	0
2026.07.20	22:00:00	1.34362	1.34394	1.34319	1.34352	15712	0	0
2026.07.20	23:00:00	1.34352	1.34371	1.34289	1.34303	4485	0	0
2026.07.21	00:00:00	1.34289	1.34355	1.34214	1.34252	680	0	0
2026.07.21	01:00:00	1.34252	1.34272	1.34223	1.34264	3589	0	0
2026.07.21	02:00:00	1.34264	1.34318	1.34260	1.34312	4163	0	0
2026.07.21	03:00:00	1.34312	1.34351	1.34269	1.34314	15927	0	0
2026.07.21	04:00:00	1.34313	1.34372	1.34298	1.34352	17463	0	0
2026.07.21	05:00:00	1.34352	1.34385	1.34304	1.34314	14704	0	0
2026.07.21	06:00:00	1.34314	1.34397	1.34294	1.34366	12546	0	0
2026.07.21	07:00:00	1.34366	1.34409	1.34359	1.34404	11100	0	0
2026.07.21	08:00:00	1.34404	1.34466	1.34388	1.34425	12962	0	0
2026.07.21	09:00:00	1.34423	1.34531	1.34414	1.34477	17780	0	0
2026.07.21	10:00:00	1.34477	1.34557	1.34366	1.34404	17637	0	0
2026.07.21	11:00:00	1.34405	1.34486	1.34275	1.34288	15472	0	0
2026.07.21	12:00:00	1.34288	1.34338	1.34248	1.34272	8868	0	0
2026.07.21	13:00:00	1.34272	1.34340	1.34139	1.34167	11805	0	0
2026.07.21	14:00:00	1.34168	1.34209	1.34016	1.34055	11414	0	0
2026.07.21	15:00:00	1.34055	1.34071	1.33819	1.33890	23310	0	0
2026.07.21	16:00:00	1.33890	1.33953	1.33596	1.33817	27844	0	0
2026.07.21	17:00:00	1.33816	1.33994	1.33659	1.33717	23826	0	0
2026.07.21	18:00:00	1.33716	1.33818	1.33680	1.33729	16346	0	0
2026.07.21	19:00:00	1.33729	1.33842	1.33691	1.33824	12191	0	0
2026.07.21	20:00:00	1.33824	1.33875	1.33801	1.33846	9807	0	0
2026.07.21	21:00:00	1.33845	1.33849	1.33749	1.33811	12420	0	0
2026.07.21	22:00:00	1.33811	1.33847	1.33790	1.33804	12646	0	0
2026.07.21	23:00:00	1.33804	1.33808	1.33737	1.33744	5679	0	0
2026.07.22	00:00:00	1.33734	1.33848	1.33661	1.33776	4546	0	0
2026.07.22	01:00:00	1.33776	1.33779	1.33739	1.33741	3025	0	0
2026.07.22	02:00:00	1.33741	1.33789	1.33734	1.33785	4121	0	0
2026.07.22	03:00:00	1.33785	1.33873	1.33777	1.33852	15911	0	0
2026.07.22	04:00:00	1.33852	1.33881	1.33794	1.33835	15366	0	0
2026.07.22	05:00:00	1.33835	1.33901	1.33805	1.33852	12923	0	0
2026.07.22	06:00:00	1.33852	1.33873	1.33814	1.33831	11693	0	0
2026.07.22	07:00:00	1.33831	1.33854	1.33805	1.33838	8071	0	0
2026.07.22	08:00:00	1.33838	1.33868	1.33793	1.33806	12663	0	0
2026.07.22	09:00:00	1.33806	1.33912	1.33692	1.33796	18974	0	0
2026.07.22	10:00:00	1.33796	1.33952	1.33754	1.33825	19680	0	0
2026.07.22	11:00:00	1.33825	1.33839	1.33715	1.33738	17927	0	0
2026.07.22	12:00:00	1.33738	1.33750	1.33664	1.33692	16511	0	0
2026.07.22	13:00:00	1.33692	1.33746	1.33658	1.33687	14992	0	0
2026.07.22	14:00:00	1.33687	1.33730	1.33635	1.33672	16859	0	0
2026.07.22	15:00:00	1.33672	1.33729	1.33548	1.33590	16395	0	0
2026.07.22	16:00:00	1.33590	1.33894	1.33590	1.33869	19133	0	0
2026.07.22	17:00:00	1.33869	1.33911	1.33720	1.33742	21693	0	0
2026.07.22	18:00:00	1.33742	1.33805	1.33713	1.33761	19254	0	0
2026.07.22	19:00:00	1.33760	1.33765	1.33654	1.33730	14017	0	0
2026.07.22	20:00:00	1.33730	1.33744	1.33686	1.33715	12147	0	0
2026.07.22	21:00:00	1.33715	1.33757	1.33686	1.33737	11678	0	0
2026.07.22	22:00:00	1.33737	1.33747	1.33703	1.33735	9294	0	0
2026.07.22	23:00:00	1.33735	1.33772	1.33728	1.33744	6864	0	0
2026.07.23	00:00:00	1.33744	1.33791	1.33672	1.33731	1476	0	0
2026.07.23	01:00:00	1.33731	1.33759	1.33674	1.33701	3625	0	0
2026.07.23	02:00:00	1.33701	1.33760	1.33701	1.33750	4988	0	0
2026.07.23	03:00:00	1.33750	1.33819	1.33731	1.33812	15117	0	0
2026.07.23	04:00:00	1.33812	1.33863	1.33800	1.33816	20974	0	0
2026.07.23	05:00:00	1.33816	1.33903	1.33813	1.33897	15081	0	0
2026.07.23	06:00:00	1.33897	1.33917	1.33833	1.33885	15857	0	0
2026.07.23	07:00:00	1.33885	1.33934	1.33844	1.33869	14268	0	0
2026.07.23	08:00:00	1.33869	1.33881	1.33820	1.33859	13633	0	0
2026.07.23	09:00:00	1.33859	1.33912	1.33753	1.33770	18253	0	0
2026.07.23	10:00:00	1.33770	1.33803	1.33669	1.33735	20256	0	0
2026.07.23	11:00:00	1.33735	1.33767	1.33609	1.33687	17471	0	0
2026.07.23	12:00:00	1.33686	1.33776	1.33661	1.33722	13871	0	0
2026.07.23	13:00:00	1.33722	1.33734	1.33610	1.33675	16402	0	0
2026.07.23	14:00:00	1.33674	1.33693	1.33399	1.33555	21404	0	0
2026.07.23	15:00:00	1.33554	1.33561	1.33349	1.33425	23300	0	0
2026.07.23	16:00:00	1.33425	1.33449	1.33269	1.33284	30448	0	0
2026.07.23	17:00:00	1.33285	1.33317	1.33124	1.33197	30083	0	0
2026.07.23	18:00:00	1.33197	1.33244	1.32987	1.33103	32031	0	0
2026.07.23	19:00:00	1.33103	1.33257	1.33099	1.33239	20387	0	0
2026.07.23	20:00:00	1.33239	1.33248	1.33133	1.33138	20509	0	0
2026.07.23	21:00:00	1.33138	1.33189	1.33131	1.33164	18262	0	0
2026.07.23	22:00:00	1.33164	1.33198	1.33115	1.33171	13247	0	0
2026.07.23	23:00:00	1.33171	1.33195	1.33137	1.33137	4280	0	0
2026.07.24	00:00:00	1.33115	1.33237	1.33027	1.33172	975	0	0
2026.07.24	01:00:00	1.33172	1.33181	1.33131	1.33161	2761	0	0
2026.07.24	02:00:00	1.33161	1.33166	1.33110	1.33121	5766	0	0
2026.07.24	03:00:00	1.33120	1.33248	1.33112	1.33248	16726	0	0
2026.07.24	04:00:00	1.33248	1.33268	1.33195	1.33206	13983	0	0
2026.07.24	05:00:00	1.33207	1.33227	1.33140	1.33141	14170	0	0
2026.07.24	06:00:00	1.33141	1.33154	1.33112	1.33142	10559	0	0
2026.07.24	07:00:00	1.33142	1.33151	1.33064	1.33103	7937	0	0
2026.07.24	08:00:00	1.33103	1.33168	1.33085	1.33088	11270	0	0
2026.07.24	09:00:00	1.33088	1.33260	1.33082	1.33258	16887	0	0
2026.07.24	10:00:00	1.33259	1.33444	1.33226	1.33357	14446	0	0
2026.07.24	11:00:00	1.33356	1.33372	1.33200	1.33212	15809	0	0
2026.07.24	12:00:00	1.33212	1.33224	1.33128	1.33192	12829	0	0
2026.07.24	13:00:00	1.33192	1.33287	1.33131	1.33221	13771	0	0
2026.07.24	14:00:00	1.33222	1.33280	1.33141	1.33231	14089	0	0
2026.07.24	15:00:00	1.33231	1.33255	1.33058	1.33104	16400	0	0
2026.07.24	16:00:00	1.33103	1.33269	1.33058	1.33255	21601	0	0
2026.07.24	17:00:00	1.33255	1.33344	1.33197	1.33265	22852	0	0
2026.07.24	18:00:00	1.33265	1.33489	1.33243	1.33421	22787	0	0
2026.07.24	19:00:00	1.33421	1.33455	1.33312	1.33325	11827	0	0
2026.07.24	20:00:00	1.33325	1.33330	1.33216	1.33249	12194	0	0
2026.07.24	21:00:00	1.33249	1.33295	1.33238	1.33256	11552	0	0
2026.07.24	22:00:00	1.33256	1.33276	1.33213	1.33216	11902	0	0
2026.07.24	23:00:00	1.33216	1.33283	1.33167	1.33240	6084	0	0
